78032.9845537999936 0 88541.9887043000053 0 66340.9667759000004 0 55452.3941911000002 0 103363.250964999999 0 82791.1743261999945 0 69659.2140476000059 0 110973.566642000005 0 143274.752788999991 0 133268.994176000007 0 92128.750767599995 0 86418.2181651999999 0 119275.728170999995 0 72123.9052670999954 0 100402.963764999993 0 91646.7593459000054 0 102317.264259999996 0 78585.3753413999948 0 63718.6954497999977 0 106977.677385000003 0 77907.9794311000005 0 112681.616059000007 0 74978.112387000001 0 106754.015171000006 0 90672.242614200004 0
61873.9187113000007 0 80494.3243790999986 0 66340.9667759000004 0 55452.3941911000002 0 78913.8470895000064 0 82791.1743261999945 0 69659.2140476000059 0 110973.566642000005 0 127238.118973000004 0 89577.4757860999962 0 92128.750767599995 0 86418.2181651999999 0 119275.728170999995 0 72123.9052670999954 0 64574.8222794999965 0 53366.6127543999974 0 80380.5093549000012 0 78585.3753413999948 0 63718.6954497999977 0 106977.677385000003 0 77907.9794311000005 0 107586.705413999996 0 74978.112387000001 0 59880.2853749999995 0 90672.242614200004 0
61873.9187113000007 0 80494.3243790999986 0 66340.9667759000004 0 55452.3941911000002 0 69438.5095926999929 0 77863.339518599998 0 69659.2140476000059 0 93395.8413945000066 0 76438.5079892999929 0 85098.8618903000024 0 92128.750767599995 0 82095.4220861999929 0 77954.683981299997 0 67840.2663827000069 0 64574.8222794999965 0 53366.6127543999974 0 63369.0829557000034 0 54982.9372932999977 0 63718.6954497999977 0 90332.1848562999949 0 57830.1490370000029 0 36413.3581145999997 0 74978.112387000001 0 35794.2110499999981 0 56251.9356943000021 0
61873.9187113000007 0 66994.635500999997 0 66340.9667759000004 0 55452.3941911000002 0 64180.4725477999964 0 69964.8167594999977 0 69659.2140476000059 0 74482.368409799994 0 75957.3520895999973 0 85098.8618903000024 0 62712.8662983000031 0 82095.4220861999929 0 71679.3189258000057 0 67840.2663827000069 0 54290.7746745999975 0 53366.6127543999974 0 63369.0829557000034 0 54982.9372932999977 0 63718.6954497999977 0 79910.6925246000028 0 57830.1490370000029 0 36413.3581145999997 0 74978.112387000001 0 35794.2110499999981 0 56251.9356943000021 0
60305.5628137000022 0 66994.635500999997 0 62034.9824137000032 0 55452.3941911000002 0 64180.4725477999964 0 69964.8167594999977 0 69659.2140476000059 0 74482.368409799994 0 75957.3520895999973 0 73736.6389520999946 0 62712.8662983000031 0 55097.0991447999986 0 71679.3189258000057 0 67840.2663827000069 0 54290.7746745999975 0 53366.6127543999974 0 63369.0829557000034 0 54982.9372932999977 0 63718.6954497999977 0 79910.6925246000028 0 57830.1490370000029 0 36413.3581145999997 0 74978.112387000001 0 35794.2110499999981 0 56251.9356943000021 0
60305.5628137000022 0 66994.635500999997 0 62034.9824137000032 0 55452.3941911000002 0 64180.4725477999964 0 69964.8167594999977 0 60365.2496275000012 0 74482.368409799994 0 53305.1350758999979 0 73736.6389520999946 0 62712.8662983000031 0 55097.0991447999986 0 69434.3726790999935 0 64080.4383218000003 0 54290.7746745999975 0 44820.0551248999982 0 63369.0829557000034 0 54982.9372932999977 0 63718.6954497999977 0 65061.6893234000017 0 57830.1490370000029 0 36413.3581145999997 0 66211.1844263999956 0 35794.2110499999981 0 56251.9356943000021 0
60305.5628137000022 0 38277.3451246999975 0 53895.4362607000003 0 54063.483381500002 0 34282.6201084999993 0 69964.8167594999977 0 40237.5115466999996 0 52238.4748544999966 0 53305.1350758999979 0 49197.2455315999978 0 62712.8662983000031 0 55097.0991447999986 0 47428.4896154000016 0 64080.4383218000003 0 48070.8599860000031 0 44820.0551248999982 0 63369.0829557000034 0 54982.9372932999977 0 61702.7498149000021 0 65061.6893234000017 0 57830.1490370000029 0 36413.3581145999997 0 48804.6556188999966 0 35794.2110499999981 0 56251.9356943000021 0
60305.5628137000022 0 38277.3451246999975 0 53895.4362607000003 0 54063.483381500002 0 34282.6201084999993 0 63933.6020993999991 0 40237.5115466999996 0 52238.4748544999966 0 53305.1350758999979 0 41698.449076500001 0 62712.8662983000031 0 55097.0991447999986 0 47428.4896154000016 0 64080.4383218000003 0 48070.8599860000031 0 44820.0551248999982 0 63369.0829557000034 0 54982.9372932999977 0 56410.4092660000024 0 62881.2550258999981 0 57830.1490370000029 0 36413.3581145999997 0 48804.6556188999966 0 35525.1358708999978 0 51257.3508599999986 0
60305.5628137000022 0 38277.3451246999975 0 53895.4362607000003 0 54063.483381500002 0 34282.6201084999993 0 63933.6020993999991 0 40237.5115466999996 0 49050.4812257000012 0 53305.1350758999979 0 41698.449076500001 0 62712.8662983000031 0 55097.0991447999986 0 47428.4896154000016 0 63002.0303500000009 0 48070.8599860000031 0 44129.9105234000017 0 42226.1027718999976 0 54982.9372932999977 0 56410.4092660000024 0 62881.2550258999981 0 47260.3011664000005 0 36413.3581145999997 0 48804.6556188999966 0 35525.1358708999978 0 48035.7104296999969 0
55246.3638053999966 0 38277.3451246999975 0 53895.4362607000003 0 46489.8836334000007 0 34282.6201084999993 0 48326.3982225 0 40237.5115466999996 0 49050.4812257000012 0 53305.1350758999979 0 41698.449076500001 0 45140.3962259999971 0 50103.4848351999972 0 43239.6782400000011 0 44963.8908693999983 0 48070.8599860000031 0 44129.9105234000017 0 42226.1027718999976 0 54982.9372932999977 0 56410.4092660000024 0 62881.2550258999981 0 47260.3011664000005 0 36413.3581145999997 0 45720.7609233999974 0 35525.1358708999978 0 48035.7104296999969 0
55246.3638053999966 0 38277.3451246999975 0 53895.4362607000003 0 46246.0469556000025 0 34282.6201084999993 0 48326.3982225 0 40237.5115466999996 0 49050.4812257000012 0 53305.1350758999979 0 41698.449076500001 0 45140.3962259999971 0 41326.8562218000006 0 43239.6782400000011 0 44963.8908693999983 0 44030.1018626000005 0 44129.9105234000017 0 42226.1027718999976 0 53050.6682402000006 0 53318.9415041000029 0 62398.2625880999985 0 42493.6100991999992 0 36413.3581145999997 0 41742.3382060000004 0 35525.1358708999978 0 45296.7298089999967 0
45718.2131340999986 0 38277.3451246999975 0 52309.4952795999998 0 42529.4451330000011 0 34282.6201084999993 0 36818.3515990000014 0 32983.9173316000015 0 49050.4812257000012 0 53305.1350758999979 0 41698.449076500001 0 45140.3962259999971 0 41326.8562218000006 0 43239.6782400000011 0 44963.8908693999983 0 40146.2257634999987 0 44129.9105234000017 0 42226.1027718999976 0 53050.6682402000006 0 53318.9415041000029 0 42600.6477289000031 0 42493.6100991999992 0 36413.3581145999997 0 41742.3382060000004 0 35525.1358708999978 0 45296.7298089999967 0
45718.2131340999986 0 36271.0977424000012 0 49664.3188567000034 0 42529.4451330000011 0 33520.5371260000029 0 36818.3515990000014 0 31871.1537687999989 0 49050.4812257000012 0 47547.4207079999978 0 40882.4050168999966 0 45140.3962259999971 0 41326.8562218000006 0 43239.6782400000011 0 44963.8908693999983 0 40146.2257634999987 0 44129.9105234000017 0 42226.1027718999976 0 53050.6682402000006 0 53318.9415041000029 0 42600.6477289000031 0 42493.6100991999992 0 36413.3581145999997 0 41742.3382060000004 0 35525.1358708999978 0 40117.7859016000002 0
36400.5268377000029 0 36271.0977424000012 0 49664.3188567000034 0 42529.4451330000011 0 33520.5371260000029 0 36818.3515990000014 0 31871.1537687999989 0 49050.4812257000012 0 47547.4207079999978 0 31910.7613416999993 0 45140.3962259999971 0 41326.8562218000006 0 42435.9483601999964 0 44963.8908693999983 0 40146.2257634999987 0 44129.9105234000017 0 42226.1027718999976 0 36003.0187045999992 0 51762.4092680999966 0 38764.9238772000026 0 35246.4491886999967 0 36413.3581145999997 0 37237.5610062999986 0 35525.1358708999978 0 40117.7859016000002 0
36194.100302699997 0 33339.6200352000014 0 48092.2434309000018 0 42529.4451330000011 0 33520.5371260000029 0 36818.3515990000014 0 31871.1537687999989 0 46314.9251485999994 0 45358.5067793999988 0 31910.7613416999993 0 45140.3962259999971 0 41326.8562218000006 0 42435.9483601999964 0 43240.9786950999987 0 40146.2257634999987 0 43443.8572583999994 0 42226.1027718999976 0 26312.8822556000014 0 33116.1310267000008 0 38299.0464786000011 0 35246.4491886999967 0 36413.3581145999997 0 37237.5610062999986 0 35525.1358708999978 0 40117.7859016000002 0
36194.100302699997 0 33339.6200352000014 0 42618.6219859999983 0 42529.4451330000011 0 33520.5371260000029 0 36818.3515990000014 0 31871.1537687999989 0 46314.9251485999994 0 42808.4865302000035 0 31910.7613416999993 0 37265.6791503999993 0 41326.8562218000006 0 23442.6127589999996 0 36248.0260901000001 0 40146.2257634999987 0 37250.7720438999968 0 37814.871805499999 0 26312.8822556000014 0 33116.1310267000008 0 38299.0464786000011 0 35246.4491886999967 0 36413.3581145999997 0 32705.4558443999995 0 35525.1358708999978 0 40117.7859016000002 0
36194.100302699997 0 33339.6200352000014 0 41867.6506283999988 0 30446.7237960999992 0 33520.5371260000029 0 34964.439186399999 0 31871.1537687999989 0 41230.0690051999991 0 42808.4865302000035 0 31910.7613416999993 0 33144.3873787999983 0 41326.8562218000006 0 23442.6127589999996 0 35377.1418331000023 0 40146.2257634999987 0 32404.6368158000005 0 34504.3389701999986 0 26312.8822556000014 0 33116.1310267000008 0 37928.1897075000015 0 35246.4491886999967 0 36413.3581145999997 0 32705.4558443999995 0 35525.1358708999978 0 40117.7859016000002 0
36194.100302699997 0 29412.5133601999987 0 41867.6506283999988 0 30446.7237960999992 0 27166.2443396000017 0 34964.439186399999 0 31871.1537687999989 0 37794.1691216000036 0 42808.4865302000035 0 31910.7613416999993 0 33144.3873787999983 0 33035.7171387999988 0 23442.6127589999996 0 34377.5272811000032 0 28473.2496026000008 0 32404.6368158000005 0 25001.254256799999 0 26312.8822556000014 0 33116.1310267000008 0 37928.1897075000015 0 31866.679325000001 0 36413.3581145999997 0 32705.4558443999995 0 35525.1358708999978 0 40117.7859016000002 0
25696.9667450999987 0 25613.5892654999989 0 41867.6506283999988 0 30446.7237960999992 0 27166.2443396000017 0 34964.439186399999 0 27930.3631086999994 0 37794.1691216000036 0 23745.1551691999994 0 31910.7613416999993 0 29394.9503129000004 0 33035.7171387999988 0 23442.6127589999996 0 33129.8140045999971 0 28473.2496026000008 0 28011.0119062000012 0 25001.254256799999 0 26312.8822556000014 0 33116.1310267000008 0 24174.8355126999995 0 31866.679325000001 0 36413.3581145999997 0 30538.6258146 0 31673.6949642 0 28506.9594149000004 0
25696.9667450999987 0 25613.5892654999989 0 37827.2607353999992 0 30446.7237960999992 0 27166.2443396000017 0 28940.3460874999982 0 27185.2113936999995 0 37275.1784400999968 0 23745.1551691999994 0 31910.7613416999993 0 29394.9503129000004 0 28716.2460656000003 0 23442.6127589999996 0 33129.8140045999971 0 28473.2496026000008 0 28011.0119062000012 0 25001.254256799999 0 26312.8822556000014 0 32353.0858665000014 0 24174.8355126999995 0 31866.679325000001 0 33510.4695589999974 0 30538.6258146 0 31673.6949642 0 28506.9594149000004 0
25696.9667450999987 0 25613.5892654999989 0 32547.8648004999995 0 30446.7237960999992 0 27166.2443396000017 0 28940.3460874999982 0 27185.2113936999995 0 28336.1730319999988 0 23745.1551691999994 0 31910.7613416999993 0 29394.9503129000004 0 28716.2460656000003 0 23442.6127589999996 0 33101.8158303000018 0 28473.2496026000008 0 26519.8361250000016 0 25001.254256799999 0 26312.8822556000014 0 32023.0361453000005 0 24174.8355126999995 0 31866.679325000001 0 32200.2051188000005 0 30538.6258146 0 22988.3188187999986 0 28506.9594149000004 0
25696.9667450999987 0 25613.5892654999989 0 32547.8648004999995 0 30446.7237960999992 0 27166.2443396000017 0 28940.3460874999982 0 26133.9061159999983 0 28336.1730319999988 0 23745.1551691999994 0 25656.3555849000004 0 29394.9503129000004 0 18092.5480564999998 0 23442.6127589999996 0 33101.8158303000018 0 27723.0021161000004 0 26519.8361250000016 0 24488.4851221999998 0 26312.8822556000014 0 32023.0361453000005 0 24174.8355126999995 0 31866.679325000001 0 32200.2051188000005 0 26911.8465991000012 0 22988.3188187999986 0 28506.9594149000004 0
25696.9667450999987 0 25613.5892654999989 0 32547.8648004999995 0 29479.7734832999995 0 27166.2443396000017 0 28940.3460874999982 0 26133.9061159999983 0 26327.4781332999992 0 23745.1551691999994 0 25656.3555849000004 0 29394.9503129000004 0 18092.5480564999998 0 23442.6127589999996 0 33101.8158303000018 0 27636.6350020999998 0 26519.8361250000016 0 24488.4851221999998 0 26312.8822556000014 0 32023.0361453000005 0 24174.8355126999995 0 31866.679325000001 0 27451.8181245000014 0 26911.8465991000012 0 19097.1528289999987 0 28506.9594149000004 0
23001.3436294999992 0 25613.5892654999989 0 32547.8648004999995 0 19164.1124399 0 27166.2443396000017 0 26260.6172468000004 0 26133.9061159999983 0 26327.4781332999992 0 23745.1551691999994 0 25187.7067385000009 0 29394.9503129000004 0 18092.5480564999998 0 23442.6127589999996 0 26641.8466020999986 0 27636.6350020999998 0 22020.1917924000008 0 24488.4851221999998 0 23108.5797482000016 0 32023.0361453000005 0 24174.8355126999995 0 25022.4944714000012 0 27451.8181245000014 0 26911.8465991000012 0 19097.1528289999987 0 28506.9594149000004 0
23001.3436294999992 0 24550.8384544 0 31906.7961617000001 0 19164.1124399 0 27166.2443396000017 0 26260.6172468000004 0 26133.9061159999983 0 22831.4253317000002 0 23745.1551691999994 0 25187.7067385000009 0 22025.0477406999998 0 18092.5480564999998 0 23278.5441949999986 0 21444.8986629999999 0 25959.2301778000001 0 22020.1917924000008 0 24488.4851221999998 0 23108.5797482000016 0 28943.2359020000004 0 24174.8355126999995 0 25022.4944714000012 0 19252.0560365999991 0 26911.8465991000012 0 19097.1528289999987 0 27743.8159326999994 0
22064.1771565000017 0 16282.3521736000002 0 30230.8850536999998 0 19164.1124399 0 22931.3352793000013 0 26260.6172468000004 0 26133.9061159999983 0 22831.4253317000002 0 23745.1551691999994 0 25187.7067385000009 0 22025.0477406999998 0 18092.5480564999998 0 23278.5441949999986 0 21444.8986629999999 0 25959.2301778000001 0 22020.1917924000008 0 24488.4851221999998 0 23108.5797482000016 0 28943.2359020000004 0 24174.8355126999995 0 25022.4944714000012 0 19252.0560365999991 0 26532.6667229999985 0 19097.1528289999987 0 27743.8159326999994 0
22064.1771565000017 0 16282.3521736000002 0 30230.8850536999998 0 19164.1124399 0 22931.3352793000013 0 26260.6172468000004 0 26133.9061159999983 0 22831.4253317000002 0 23745.1551691999994 0 25187.7067385000009 0 22025.0477406999998 0 18092.5480564999998 0 23278.5441949999986 0 21444.8986629999999 0 25959.2301778000001 0 22020.1917924000008 0 24488.4851221999998 0 23108.5797482000016 0 28943.2359020000004 0 21908.9537076999986 0 25022.4944714000012 0 19252.0560365999991 0 24127.5273937999991 0 19097.1528289999987 0 25370.7509841999999 0
22064.1771565000017 0 16282.3521736000002 0 26373.0516915000007 0 19164.1124399 0 22931.3352793000013 0 24153.6987264000018 0 24299.3115856000004 0 22831.4253317000002 0 23745.1551691999994 0 25187.7067385000009 0 22025.0477406999998 0 18092.5480564999998 0 23278.5441949999986 0 21444.8986629999999 0 25959.2301778000001 0 22020.1917924000008 0 24488.4851221999998 0 23108.5797482000016 0 25778.7418585000014 0 21908.9537076999986 0 25022.4944714000012 0 19252.0560365999991 0 24127.5273937999991 0 19097.1528289999987 0 23334.5234993999984 0
22064.1771565000017 0 16282.3521736000002 0 18509.8189510000011 0 19164.1124399 0 22931.3352793000013 0 24153.6987264000018 0 24299.3115856000004 0 22831.4253317000002 0 23745.1551691999994 0 25187.7067385000009 0 22025.0477406999998 0 18092.5480564999998 0 23278.5441949999986 0 21444.8986629999999 0 25959.2301778000001 0 21872.9093513000007 0 24488.4851221999998 0 23108.5797482000016 0 13083.8890797999993 0 21908.9537076999986 0 23661.2690703000007 0 16388.8154136000012 0 24127.5273937999991 0 19097.1528289999987 0 23334.5234993999984 0
22064.1771565000017 0 16282.3521736000002 0 18509.8189510000011 0 19164.1124399 0 22931.3352793000013 0 22829.3615463999995 0 23087.2888036000004 0 22831.4253317000002 0 22587.2074644999993 0 23879.8928044999993 0 22025.0477406999998 0 18092.5480564999998 0 21849.1417293000013 0 21444.8986629999999 0 22121.2302419000007 0 21872.9093513000007 0 24488.4851221999998 0 22335.1474879000016 0 13083.8890797999993 0 21908.9537076999986 0 23661.2690703000007 0 16388.8154136000012 0 24127.5273937999991 0 19097.1528289999987 0 20826.4147809999995 0
22064.1771565000017 0 16282.3521736000002 0 18509.8189510000011 0 19164.1124399 0 22931.3352793000013 0 22829.3615463999995 0 19356.7039349000006 0 18520.8867052999994 0 22587.2074644999993 0 23879.8928044999993 0 22025.0477406999998 0 18092.5480564999998 0 17406.2064723000003 0 21444.8986629999999 0 22121.2302419000007 0 20707.3147481999986 0 21478.7343313999991 0 22335.1474879000016 0 13083.8890797999993 0 21908.9537076999986 0 21225.7728242000012 0 16388.8154136000012 0 23475.9455125999993 0 19097.1528289999987 0 20826.4147809999995 0
22064.1771565000017 0 16282.3521736000002 0 18060.9574671000009 0 19164.1124399 0 22931.3352793000013 0 18891.6137429000009 0 19356.7039349000006 0 18520.8867052999994 0 22587.2074644999993 0 23879.8928044999993 0 22025.0477406999998 0 18092.5480564999998 0 17406.2064723000003 0 21242.3444311999992 0 22121.2302419000007 0 17896.279385400001 0 21478.7343313999991 0 22335.1474879000016 0 13083.8890797999993 0 21908.9537076999986 0 21225.7728242000012 0 16388.8154136000012 0 22575.4927136000006 0 19097.1528289999987 0 20826.4147809999995 0
18289.8110070000002 0 16282.3521736000002 0 18060.9574671000009 0 19164.1124399 0 22931.3352793000013 0 18891.6137429000009 0 15959.6776200999993 0 18520.8867052999994 0 21813.2348233999983 0 20398.0843152999987 0 22025.0477406999998 0 18092.5480564999998 0 17406.2064723000003 0 21242.3444311999992 0 19016.2274671999985 0 17896.279385400001 0 21478.7343313999991 0 20662.3702207999995 0 13083.8890797999993 0 21908.9537076999986 0 20764.9471626999984 0 16388.8154136000012 0 21962.3283244999984 0 19097.1528289999987 0 20038.5417420999984 0
18289.8110070000002 0 16282.3521736000002 0 18060.9574671000009 0 19164.1124399 0 22931.3352793000013 0 17075.1225448000005 0 15959.6776200999993 0 18520.8867052999994 0 15734.1263166999997 0 20398.0843152999987 0 20498.3858561000015 0 18092.5480564999998 0 17406.2064723000003 0 16683.6095772000008 0 19016.2274671999985 0 17896.279385400001 0 18327.2127607000002 0 20662.3702207999995 0 13083.8890797999993 0 15645.5390848000006 0 20764.9471626999984 0 16388.8154136000012 0 19525.5349180000012 0 19097.1528289999987 0 20038.5417420999984 0
18289.8110070000002 0 16282.3521736000002 0 18060.9574671000009 0 17306.935250999999 0 17711.7265098999997 0 17075.1225448000005 0 15959.6776200999993 0 18520.8867052999994 0 15734.1263166999997 0 20398.0843152999987 0 20149.2146199999988 0 18092.5480564999998 0 17406.2064723000003 0 16683.6095772000008 0 14171.3936704999996 0 17896.279385400001 0 15488.3070122000008 0 16571.9908082000002 0 13083.8890797999993 0 15402.7788581999994 0 19505.0053799000016 0 16388.8154136000012 0 19525.5349180000012 0 13606.2148063999994 0 20038.5417420999984 0
18289.8110070000002 0 16282.3521736000002 0 18060.9574671000009 0 17306.935250999999 0 17711.7265098999997 0 17075.1225448000005 0 15959.6776200999993 0 17017.1193738000002 0 15734.1263166999997 0 20398.0843152999987 0 20149.2146199999988 0 18092.5480564999998 0 17406.2064723000003 0 16683.6095772000008 0 14171.3936704999996 0 17896.279385400001 0 15488.3070122000008 0 16571.9908082000002 0 13083.8890797999993 0 15402.7788581999994 0 19505.0053799000016 0 16388.8154136000012 0 19525.5349180000012 0 13606.2148063999994 0 18220.4132038999996 0
15336.8946833000009 0 14047.1156236000006 0 18060.9574671000009 0 17306.935250999999 0 17267.6111523 0 15862.5244029000005 0 15959.6776200999993 0 17017.1193738000002 0 15734.1263166999997 0 19113.5806415000006 0 19319.6438689999995 0 17967.6426471000013 0 17406.2064723000003 0 16683.6095772000008 0 14171.3936704999996 0 15376.3713430000007 0 15488.3070122000008 0 16367.5725581000006 0 13083.8890797999993 0 15402.7788581999994 0 19505.0053799000016 0 16388.8154136000012 0 19525.5349180000012 0 13133.2439888999997 0 14645.0175772999992 0
15336.8946833000009 0 14047.1156236000006 0 18060.9574671000009 0 17306.935250999999 0 15954.2235937000005 0 15862.5244029000005 0 15959.6776200999993 0 14804.7572655000004 0 15734.1263166999997 0 19113.5806415000006 0 17439.2092120999987 0 16595.2656841999997 0 17406.2064723000003 0 16683.6095772000008 0 14171.3936704999996 0 15376.3713430000007 0 15488.3070122000008 0 16367.5725581000006 0 13083.8890797999993 0 15402.7788581999994 0 17444.8516982000001 0 13706.6217675999997 0 19525.5349180000012 0 13133.2439888999997 0 13553.7738783999994 0
12112.2348155 0 14047.1156236000006 0 18060.9574671000009 0 16945.9452124999989 0 15954.2235937000005 0 15862.5244029000005 0 15959.6776200999993 0 14804.7572655000004 0 15734.1263166999997 0 16016.9387886999993 0 17383.1097779000011 0 16595.2656841999997 0 16440.5843617999999 0 16683.6095772000008 0 14171.3936704999996 0 15376.3713430000007 0 11784.8163612000008 0 14448.8980002999997 0 11516.0178655 0 12306.0685794000001 0 17444.8516982000001 0 13706.6217675999997 0 17872.9238077000009 0 13133.2439888999997 0 13553.7738783999994 0
12112.2348155 0 14047.1156236000006 0 18060.9574671000009 0 16945.9452124999989 0 14167.1460583999997 0 15862.5244029000005 0 15959.6776200999993 0 14804.7572655000004 0 14935.1065718999998 0 16016.9387886999993 0 17383.1097779000011 0 16527.0062287000001 0 16440.5843617999999 0 15420.7730850999997 0 14171.3936704999996 0 15376.3713430000007 0 11784.8163612000008 0 14448.8980002999997 0 11516.0178655 0 12306.0685794000001 0 17082.9115057999988 0 13706.6217675999997 0 17774.4352835999998 0 13133.2439888999997 0 13553.7738783999994 0
12112.2348155 0 13420.6796570999995 0 17539.5165080000006 0 14633.9312979000006 0 14167.1460583999997 0 15862.5244029000005 0 15682.0906883999996 0 10409.8069931999999 0 14935.1065718999998 0 16016.9387886999993 0 17383.1097779000011 0 12733.0130284999996 0 16440.5843617999999 0 15420.7730850999997 0 14171.3936704999996 0 12655.3833952999994 0 11784.8163612000008 0 14448.8980002999997 0 11516.0178655 0 12306.0685794000001 0 17082.9115057999988 0 13706.6217675999997 0 17724.5047952999994 0 13133.2439888999997 0 13553.7738783999994 0
12112.2348155 0 13420.6796570999995 0 17539.5165080000006 0 14633.9312979000006 0 13859.3307648000009 0 15862.5244029000005 0 13443.2888284000001 0 10409.8069931999999 0 14935.1065718999998 0 16016.9387886999993 0 12590.1411649999991 0 12733.0130284999996 0 16440.5843617999999 0 12807.7953013000006 0 13347.2370723999993 0 12655.3833952999994 0 11784.8163612000008 0 13527.6572544999999 0 11516.0178655 0 12096.6993791000004 0 16884.6666369000013 0 13706.6217675999997 0 17724.5047952999994 0 9936.79392308000024 0 13553.7738783999994 0
11506.8521786000001 0 13420.6796570999995 0 12791.7286901000007 0 14633.9312979000006 0 11285.9926639000005 0 15862.5244029000005 0 11414.3789674 0 10409.8069931999999 0 14935.1065718999998 0 16016.9387886999993 0 11925.2371590000002 0 12733.0130284999996 0 14817.2666537000005 0 9768.64238723000017 0 12128.2221970999999 0 12137.6222648000003 0 11784.8163612000008 0 13527.6572544999999 0 11516.0178655 0 9177.33667077000064 0 16884.6666369000013 0 13706.6217675999997 0 10692.0463701000008 0 9936.79392308000024 0 12961.3991643000008 0
11506.8521786000001 0 13417.7181316999995 0 11659.3961223999995 0 14633.9312979000006 0 11285.9926639000005 0 12849.5483421000008 0 11184.0250596999995 0 10409.8069931999999 0 13345.1544701999992 0 15327.7648761 0 11925.2371590000002 0 12733.0130284999996 0 14817.2666537000005 0 9768.64238723000017 0 11911.4326744000009 0 12137.6222648000003 0 11784.8163612000008 0 12822.1980514999996 0 9668.05738939000003 0 9177.33667077000064 0 16080.0326803999997 0 11742.7554426000006 0 10692.0463701000008 0 9936.79392308000024 0 12887.2690118999999 0
7733.64947422000023 0 11034.7060989000001 0 11659.3961223999995 0 14633.9312979000006 0 11285.9926639000005 0 12849.5483421000008 0 11184.0250596999995 0 10409.8069931999999 0 13345.1544701999992 0 15327.7648761 0 11925.2371590000002 0 12733.0130284999996 0 13780.8846924999998 0 9768.64238723000017 0 9837.04909668000073 0 11862.5574089000002 0 11784.8163612000008 0 12822.1980514999996 0 9668.05738939000003 0 9177.33667077000064 0 15261.5111766000009 0 9155.27027733000068 0 9483.24334181999984 0 9936.79392308000024 0 12331.0343869000008 0
7733.64947422000023 0 11034.7060989000001 0 11659.3961223999995 0 12719.1032264999994 0 11285.9926639000005 0 9470.41858241999944 0 11184.0250596999995 0 10409.8069931999999 0 12441.1097540999999 0 15327.7648761 0 11925.2371590000002 0 12733.0130284999996 0 10210.9374026999994 0 9768.64238723000017 0 9837.04909668000073 0 11862.5574089000002 0 10490.9886394000005 0 12822.1980514999996 0 9668.05738939000003 0 9177.33667077000064 0 10072.8741210999997 0 9155.27027733000068 0 9483.24334181999984 0 9936.79392308000024 0 12331.0343869000008 0
7733.64947422000023 0 11034.7060989000001 0 11659.3961223999995 0 12719.1032264999994 0 11285.9926639000005 0 9470.41858241999944 0 11184.0250596999995 0 10409.8069931999999 0 12441.1097540999999 0 15103.5659727000002 0 11925.2371590000002 0 10995.2276846000004 0 10045.7839640999991 0 9768.64238723000017 0 9837.04909668000073 0 11862.5574089000002 0 10490.9886394000005 0 9386.40611039999931 0 9668.05738939000003 0 9177.33667077000064 0 10072.8741210999997 0 9155.27027733000068 0 8251.26344102999974 0 9936.79392308000024 0 10447.2406401000007 0
7733.64947422000023 0 11034.7060989000001 0 10855.9015025999997 0 10882.1673238000003 0 11279.1856494000003 0 9470.41858241999944 0 5975.95547594999971 0 10409.8069931999999 0 10444.8879627000006 0 13067.8398097999998 0 11925.2371590000002 0 10995.2276846000004 0 10045.7839640999991 0 7912.27520452000044 0 9837.04909668000073 0 11862.5574089000002 0 8399.57428878999963 0 9386.40611039999931 0 9668.05738939000003 0 9177.33667077000064 0 10072.8741210999997 0 9155.27027733000068 0 8251.26344102999974 0 9936.79392308000024 0 10447.2406401000007 0
7733.64947422000023 0 11034.7060989000001 0 10855.9015025999997 0 10882.1673238000003 0 11279.1856494000003 0 9470.41858241999944 0 5975.95547594999971 0 10409.8069931999999 0 10444.8879627000006 0 11913.4808458999996 0 11131.4690320000009 0 10995.2276846000004 0 10045.7839640999991 0 7912.27520452000044 0 9837.04909668000073 0 11862.5574089000002 0 8399.57428878999963 0 9386.40611039999931 0 9668.05738939000003 0 9177.33667077000064 0 10072.8741210999997 0 9155.27027733000068 0 8251.26344102999974 0 9936.79392308000024 0 10447.2406401000007 0
7733.64947422000023 0 11034.7060989000001 0 10380.7417891000005 0 9853.87218476999988 0 11279.1856494000003 0 9470.41858241999944 0 5975.95547594999971 0 10409.8069931999999 0 10444.8879627000006 0 11913.4808458999996 0 11131.4690320000009 0 10995.2276846000004 0 9288.70333141000083 0 7912.27520452000044 0 9837.04909668000073 0 10695.9177545000002 0 7912.28342412999973 0 9386.40611039999931 0 7757.78631850999955 0 7857.04422932000034 0 10072.8741210999997 0 9155.27027733000068 0 8251.26344102999974 0 9936.79392308000024 0 9614.55538324000008 0
7733.64947422000023 0 10880.6436128999994 0 10380.7417891000005 0 9853.87218476999988 0 11279.1856494000003 0 9470.41858241999944 0 5975.95547594999971 0 8543.66097839000031 0 9835.2243330500005 0 11913.4808458999996 0 10112.2579827999998 0 9964.54213460999927 0 9288.70333141000083 0 7912.27520452000044 0 9225.52633165999941 0 10695.9177545000002 0 7912.28342412999973 0 9386.40611039999931 0 7757.78631850999955 0 7657.79877805999968 0 10072.8741210999997 0 9155.27027733000068 0 8251.26344102999974 0 9936.79392308000024 0 9614.55538324000008 0
7733.64947422000023 0 10880.6436128999994 0 10380.7417891000005 0 9853.87218476999988 0 11279.1856494000003 0 9470.41858241999944 0 5975.95547594999971 0 8543.66097839000031 0 8169.37251137000021 0 11913.4808458999996 0 7924.99858770999981 0 9673.59557264999967 0 9288.70333141000083 0 7912.27520452000044 0 9225.52633165999941 0 8603.63618963999943 0 7912.28342412999973 0 9386.40611039999931 0 7757.78631850999955 0 7657.79877805999968 0 10072.8741210999997 0 6271.58481539999957 0 8251.26344102999974 0 9936.79392308000024 0 9527.69566798000051 0
7733.64947422000023 0 10880.6436128999994 0 10380.7417891000005 0 9853.87218476999988 0 9823.22797637000076 0 9470.41858241999944 0 5975.95547594999971 0 8543.66097839000031 0 8169.37251137000021 0 7908.9588207300003 0 5646.8170582900002 0 9673.59557264999967 0 9288.70333141000083 0 7912.27520452000044 0 9225.52633165999941 0 8603.63618963999943 0 7912.28342412999973 0 9386.40611039999931 0 7757.78631850999955 0 7657.79877805999968 0 10072.8741210999997 0 6271.58481539999957 0 8251.26344102999974 0 9936.79392308000024 0 6517.19353062000027 0
7733.64947422000023 0 8650.63051357999939 0 8970.47043619999931 0 9853.87218476999988 0 9823.22797637000076 0 9470.41858241999944 0 5975.95547594999971 0 6084.4430683999999 0 8121.41921137000008 0 7908.9588207300003 0 5646.8170582900002 0 9673.59557264999967 0 8883.78054843000064 0 7581.71743391000018 0 9225.52633165999941 0 8603.63618963999943 0 7076.0053421599996 0 8226.85569337000015 0 7757.78631850999955 0 6647.32740396000008 0 10072.8741210999997 0 6271.58481539999957 0 8251.26344102999974 0 9936.79392308000024 0 6517.19353062000027 0
7733.64947422000023 0 8589.92491888999939 0 8970.47043619999931 0 8961.2408642900009 0 9488.55296156000077 0 9470.41858241999944 0 5975.95547594999971 0 6084.4430683999999 0 8086.1912496799996 0 7908.9588207300003 0 5646.8170582900002 0 7026.59826840000005 0 8309.39647741000044 0 6159.00176541000019 0 8364.30962304000059 0 3542.25967782999987 0 7076.0053421599996 0 8226.85569337000015 0 7757.78631850999955 0 6210.82687335999981 0 10072.8741210999997 0 6271.58481539999957 0 7916.03409645000011 0 9924.79683302999911 0 6517.19353062000027 0
7733.64947422000023 0 8589.92491888999939 0 8630.91942055000072 0 8961.2408642900009 0 8521.38872735000041 0 9470.41858241999944 0 5975.95547594999971 0 6084.4430683999999 0 8086.1912496799996 0 7908.9588207300003 0 5646.8170582900002 0 7026.59826840000005 0 8309.39647741000044 0 5486.8191514199998 0 8364.30962304000059 0 3542.25967782999987 0 6945.51319521999994 0 8226.85569337000015 0 7757.78631850999955 0 6210.82687335999981 0 10072.8741210999997 0 5215.66223146999982 0 7916.03409645000011 0 9823.08855288999985 0 6517.19353062000027 0
7733.64947422000023 0 7489.91854260000036 0 8488.92586121000022 0 8961.2408642900009 0 8521.38872735000041 0 9470.41858241999944 0 5975.95547594999971 0 6084.4430683999999 0 8086.1912496799996 0 4238.93943691999993 0 5646.8170582900002 0 7026.59826840000005 0 7483.96238642000026 0 5486.8191514199998 0 8364.30962304000059 0 3542.25967782999987 0 6140.70180562000041 0 8226.85569337000015 0 7757.78631850999955 0 6210.82687335999981 0 8867.76549582000007 0 5215.66223146999982 0 7916.03409645000011 0 9823.08855288999985 0 6517.19353062000027 0
7733.64947422000023 0 7489.91854260000036 0 8488.92586121000022 0 8917.29585335000047 0 8521.38872735000041 0 9470.41858241999944 0 5975.95547594999971 0 6084.4430683999999 0 6374.2292958500002 0 4238.93943691999993 0 5646.8170582900002 0 6966.90353223999955 0 6318.83038408999982 0 5486.8191514199998 0 8364.30962304000059 0 3542.25967782999987 0 5946.05195086000003 0 8226.85569337000015 0 6864.7314848799997 0 6084.2790061300002 0 8867.76549582000007 0 5215.66223146999982 0 7351.13492357999985 0 8191.25029128000006 0 5979.4550333799998 0
7573.17431990000023 0 7489.91854260000036 0 8488.92586121000022 0 7091.15074707999975 0 7751.97567051999977 0 9470.41858241999944 0 5975.95547594999971 0 6084.4430683999999 0 4932.88809092999963 0 4238.93943691999993 0 5646.8170582900002 0 6966.90353223999955 0 5571.37398159999975 0 5486.8191514199998 0 8364.30962304000059 0 3542.25967782999987 0 4783.72796440000002 0 8226.85569337000015 0 6864.7314848799997 0 4703.61532194000029 0 8388.86748248000004 0 5215.66223146999982 0 7351.13492357999985 0 8191.25029128000006 0 5979.4550333799998 0
7307.58093068000017 0 7291.12901218000025 0 8488.92586121000022 0 7091.15074707999975 0 7751.97567051999977 0 7664.06567037999957 0 5975.95547594999971 0 6084.4430683999999 0 4932.88809092999963 0 4238.93943691999993 0 5646.8170582900002 0 6966.90353223999955 0 5571.37398159999975 0 5486.8191514199998 0 8364.30962304000059 0 3542.25967782999987 0 4783.72796440000002 0 7616.74769363999985 0 6864.7314848799997 0 4703.61532194000029 0 6029.34396337999988 0 5215.66223146999982 0 7351.13492357999985 0 8191.25029128000006 0 5979.4550333799998 0
7307.58093068000017 0 7291.12901218000025 0 7682.66932469000039 0 7091.15074707999975 0 7751.97567051999977 0 7664.06567037999957 0 5975.95547594999971 0 6017.60109533000013 0 4932.88809092999963 0 4238.93943691999993 0 5646.8170582900002 0 6966.90353223999955 0 5571.37398159999975 0 5486.8191514199998 0 8364.30962304000059 0 3542.25967782999987 0 4783.72796440000002 0 7596.9932122299997 0 5930.79994143000022 0 4703.61532194000029 0 6029.34396337999988 0 4635.86367494000024 0 7351.13492357999985 0 8191.25029128000006 0 5979.4550333799998 0
7307.58093068000017 0 7291.12901218000025 0 6182.03433865999978 0 7091.15074707999975 0 7751.97567051999977 0 7664.06567037999957 0 5975.95547594999971 0 5564.89004998000019 0 4932.88809092999963 0 4238.93943691999993 0 5646.8170582900002 0 5901.50320757999998 0 5571.37398159999975 0 5486.8191514199998 0 4842.36979269000039 0 3542.25967782999987 0 3854.47455748999982 0 7358.53570576000038 0 5930.79994143000022 0 4703.61532194000029 0 6029.34396337999988 0 4635.86367494000024 0 7351.13492357999985 0 8191.25029128000006 0 5979.4550333799998 0
5618.71339394999995 0 6312.31080036000003 0 6182.03433865999978 0 6180.03806016999988 0 7751.97567051999977 0 7664.06567037999957 0 5975.95547594999971 0 5564.89004998000019 0 4909.57551010000043 0 4238.93943691999993 0 5646.8170582900002 0 5901.50320757999998 0 4522.68018828999993 0 5486.8191514199998 0 4842.36979269000039 0 3491.73617009999998 0 3854.47455748999982 0 7358.53570576000038 0 5930.79994143000022 0 3829.36083726000015 0 6029.34396337999988 0 4635.86367494000024 0 7351.13492357999985 0 8191.25029128000006 0 5979.4550333799998 0
5618.71339394999995 0 6312.31080036000003 0 6182.03433865999978 0 6180.03806016999988 0 6150.98286011999971 0 7664.06567037999957 0 5975.95547594999971 0 5564.89004998000019 0 4909.57551010000043 0 4238.93943691999993 0 5643.44320978999986 0 5901.50320757999998 0 4522.68018828999993 0 4655.99447753000004 0 4842.36979269000039 0 3491.73617009999998 0 3854.47455748999982 0 6500.63620770000034 0 4753.16210228999989 0 3829.36083726000015 0 6029.34396337999988 0 4635.86367494000024 0 7351.13492357999985 0 7710.57937803999994 0 5979.4550333799998 0
5618.71339394999995 0 6312.31080036000003 0 6182.03433865999978 0 6009.33740930000022 0 5725.53456826000001 0 7664.06567037999957 0 5483.47302513999966 0 5564.89004998000019 0 4909.57551010000043 0 4238.93943691999993 0 4306.15930664999996 0 5901.50320757999998 0 4522.68018828999993 0 4655.99447753000004 0 4842.36979269000039 0 3491.73617009999998 0 3807.85574003000011 0 6500.63620770000034 0 4753.16210228999989 0 3829.36083726000015 0 6029.34396337999988 0 4635.86367494000024 0 6248.91778717000034 0 7480.71673347999968 0 5979.4550333799998 0
5618.71339394999995 0 6312.31080036000003 0 6182.03433865999978 0 4654.05539680000038 0 5725.53456826000001 0 5696.95560069000021 0 5483.47302513999966 0 5214.41331197999989 0 3697.32180909999988 0 4238.93943691999993 0 4306.15930664999996 0 5466.91745454000011 0 4115.17780625999967 0 4655.99447753000004 0 3943.85260632000018 0 3491.73617009999998 0 3807.85574003000011 0 6500.63620770000034 0 4753.16210228999989 0 3829.36083726000015 0 6029.34396337999988 0 4635.86367494000024 0 6248.91778717000034 0 7480.71673347999968 0 5003.05596166000032 0
5618.71339394999995 0 5736.40895056000045 0 6182.03433865999978 0 3756.93203059000007 0 5725.53456826000001 0 5696.95560069000021 0 5483.47302513999966 0 5214.41331197999989 0 2997.00673469000003 0 4238.93943691999993 0 4306.15930664999996 0 4318.86717629000032 0 4115.17780625999967 0 4655.99447753000004 0 3943.85260632000018 0 2148.93753047000018 0 3807.85574003000011 0 6500.63620770000034 0 4753.16210228999989 0 3829.36083726000015 0 6029.34396337999988 0 4566.52035603999957 0 4699.23439366999992 0 5563.60234516000037 0 4214.34099644999969 0
5281.9941604100004 0 5736.40895056000045 0 6182.03433865999978 0 3756.93203059000007 0 4885.74144799999976 0 5696.95560069000021 0 4392.30669083999965 0 5214.41331197999989 0 2997.00673469000003 0 4238.93943691999993 0 4306.15930664999996 0 4318.86717629000032 0 4115.17780625999967 0 3722.84305055000004 0 3943.85260632000018 0 2148.93753047000018 0 3807.85574003000011 0 5452.60966542000006 0 4753.16210228999989 0 3829.36083726000015 0 6029.34396337999988 0 4234.13412375999997 0 4699.23439366999992 0 5563.60234516000037 0 4214.34099644999969 0
5281.9941604100004 0 5736.40895056000045 0 6182.03433865999978 0 3756.93203059000007 0 4885.74144799999976 0 5696.95560069000021 0 4196.09635866000008 0 5214.41331197999989 0 2997.00673469000003 0 4238.93943691999993 0 3833.5249571899999 0 4318.86717629000032 0 4115.17780625999967 0 3635.82415566000009 0 3943.85260632000018 0 2148.93753047000018 0 3807.85574003000011 0 5452.60966542000006 0 4753.16210228999989 0 3829.36083726000015 0 6029.34396337999988 0 3870.72711948000006 0 4699.23439366999992 0 5563.60234516000037 0 4214.34099644999969 0
5281.9941604100004 0 3951.22825219000015 0 6182.03433865999978 0 3253.00069304999988 0 4885.74144799999976 0 5696.95560069000021 0 4196.09635866000008 0 3333.11335238999982 0 2997.00673469000003 0 3922.58862508999982 0 3833.5249571899999 0 4318.86717629000032 0 4115.17780625999967 0 3635.82415566000009 0 3943.85260632000018 0 2148.93753047000018 0 3807.85574003000011 0 5452.60966542000006 0 4753.16210228999989 0 3829.36083726000015 0 6029.34396337999988 0 3870.72711948000006 0 4699.23439366999992 0 5563.60234516000037 0 4214.34099644999969 0
5281.9941604100004 0 3951.22825219000015 0 5022.20404018000045 0 3253.00069304999988 0 4885.74144799999976 0 5067.29737205000038 0 4143.94625601000007 0 3333.11335238999982 0 2997.00673469000003 0 3922.58862508999982 0 3302.28834460999997 0 4318.86717629000032 0 3461.21841320000021 0 3355.00875376000022 0 3943.85260632000018 0 2148.93753047000018 0 3324.04398657000002 0 4793.77914592999969 0 4594.54408959000011 0 3411.22582107000017 0 5483.69366769000044 0 3855.89735587999985 0 4610.10761101000026 0 4364.93473443000039 0 4080.29032817000007 0
5281.9941604100004 0 3951.22825219000015 0 5022.20404018000045 0 3253.00069304999988 0 2964.13027796000006 0 5067.29737205000038 0 4143.94625601000007 0 3333.11335238999982 0 2997.00673469000003 0 3922.58862508999982 0 3302.28834460999997 0 4318.86717629000032 0 3461.21841320000021 0 2502.88624927000001 0 3943.85260632000018 0 2148.93753047000018 0 3058.48866077999992 0 4793.77914592999969 0 4085.81900632999987 0 3411.22582107000017 0 5483.69366769000044 0 3209.71860374000016 0 4610.10761101000026 0 4364.93473443000039 0 4080.29032817000007 0
4043.45790713999986 0 2997.79707612999982 0 5022.20404018000045 0 3253.00069304999988 0 2964.13027796000006 0 4536.34011422999993 0 4143.94625601000007 0 3333.11335238999982 0 2997.00673469000003 0 3922.58862508999982 0 3302.28834460999997 0 4318.86717629000032 0 2919.99519547999989 0 2122.40952113999992 0 3943.85260632000018 0 2148.93753047000018 0 2868.13588743999981 0 4356.93750335000004 0 4085.81900632999987 0 3411.22582107000017 0 4569.60710554999969 0 3209.71860374000016 0 3826.87468837000006 0 4364.93473443000039 0 4080.29032817000007 0
4043.45790713999986 0 2997.79707612999982 0 5022.20404018000045 0 2989.64215874999991 0 2964.13027796000006 0 4536.34011422999993 0 4143.94625601000007 0 3333.11335238999982 0 2771.97145606999993 0 3816.57283744000006 0 3302.28834460999997 0 4092.46993238000005 0 2919.99519547999989 0 2122.40952113999992 0 2617.91085092000003 0 2148.93753047000018 0 2833.21032194000009 0 4356.93750335000004 0 4085.81900632999987 0 3411.22582107000017 0 4569.60710554999969 0 3209.71860374000016 0 3826.87468837000006 0 4364.93473443000039 0 4080.29032817000007 0
4043.45790713999986 0 2997.79707612999982 0 4846.37963099999979 0 2989.64215874999991 0 2964.13027796000006 0 4536.34011422999993 0 3633.83448087999977 0 3333.11335238999982 0 2771.97145606999993 0 3503.73180485000012 0 3302.28834460999997 0 4092.46993238000005 0 2084.84403814999996 0 2122.40952113999992 0 2617.91085092000003 0 2148.93753047000018 0 2306.58133207999981 0 4356.93750335000004 0 4085.81900632999987 0 3411.22582107000017 0 4569.60710554999969 0 3209.71860374000016 0 3823.92579698000009 0 4364.93473443000039 0 4080.29032817000007 0
4043.45790713999986 0 2997.79707612999982 0 4846.37963099999979 0 2989.64215874999991 0 2964.13027796000006 0 4536.34011422999993 0 2781.1147939399998 0 3333.11335238999982 0 2771.97145606999993 0 3503.73180485000012 0 3161.47357526999986 0 4092.46993238000005 0 2084.84403814999996 0 2122.40952113999992 0 2617.91085092000003 0 2148.93753047000018 0 2306.58133207999981 0 4257.97005881000041 0 3902.23888393000016 0 3411.22582107000017 0 4569.60710554999969 0 2758.30912501000012 0 3823.92579698000009 0 4364.93473443000039 0 4080.29032817000007 0
4043.45790713999986 0 2380.64736098999992 0 4017.04787355000008 0 2989.64215874999991 0 2964.13027796000006 0 4536.34011422999993 0 2781.1147939399998 0 3333.11335238999982 0 2462.67728584999986 0 3249.41966452999986 0 2830.96975286999987 0 4092.46993238000005 0 2084.84403814999996 0 2122.40952113999992 0 2617.91085092000003 0 2148.93753047000018 0 1898.46809004000011 0 3465.57653343999982 0 3902.23888393000016 0 2344.87603824000007 0 4569.60710554999969 0 2758.30912501000012 0 3416.26728353999988 0 4364.93473443000039 0 3447.20708814 0
3549.8846621900002 0 2380.64736098999992 0 3531.76203806000012 0 2501.86091815000009 0 2964.13027796000006 0 4536.34011422999993 0 2781.1147939399998 0 2161.53924211999993 0 2462.67728584999986 0 3249.41966452999986 0 2830.96975286999987 0 4092.46993238000005 0 2084.84403814999996 0 2122.40952113999992 0 2456.73149096999987 0 1933.82740186000001 0 1742.54112600000008 0 3465.57653343999982 0 3902.23888393000016 0 2344.87603824000007 0 3944.75516802999982 0 2758.30912501000012 0 2384.90391603999979 0 4364.93473443000039 0 3447.20708814 0
3549.8846621900002 0 2380.64736098999992 0 3079.01091799000005 0 2260.84829102000003 0 2964.13027796000006 0 4536.34011422999993 0 2672.17590246999998 0 2161.53924211999993 0 2462.67728584999986 0 3249.41966452999986 0 2830.96975286999987 0 3667.98092317999999 0 2084.84403814999996 0 2122.40952113999992 0 2456.73149096999987 0 1933.82740186000001 0 1742.54112600000008 0 3313.38427963999993 0 3557.00984516000017 0 2344.87603824000007 0 3944.75516802999982 0 2758.30912501000012 0 2384.90391603999979 0 3877.39406418999988 0 3447.20708814 0
3549.8846621900002 0 2380.64736098999992 0 3079.01091799000005 0 1996.79102349000004 0 2964.13027796000006 0 4536.34011422999993 0 2464.3945549099999 0 2161.53924211999993 0 2462.67728584999986 0 2203.29109862999985 0 2830.96975286999987 0 3667.98092317999999 0 2084.84403814999996 0 2028.94185401000004 0 2456.73149096999987 0 1933.82740186000001 0 1742.54112600000008 0 2205.31346961000008 0 3557.00984516000017 0 2344.87603824000007 0 3944.75516802999982 0 2294.98748755999986 0 2384.90391603999979 0 3877.39406418999988 0 3067.68144569000015 0
3549.8846621900002 0 2380.64736098999992 0 3079.01091799000005 0 1996.79102349000004 0 2964.13027796000006 0 3046.27814885999987 0 2142.17027019999978 0 2161.53924211999993 0 2282.44685569000012 0 2203.29109862999985 0 2830.96975286999987 0 3424.00705352000023 0 1888.44174621000002 0 1731.74395071999993 0 2456.73149096999987 0 1793.0779673699999 0 1742.54112600000008 0 2205.31346961000008 0 3557.00984516000017 0 2344.87603824000007 0 3944.75516802999982 0 2294.98748755999986 0 2384.90391603999979 0 3877.39406418999988 0 3067.68144569000015 0
3549.8846621900002 0 2380.64736098999992 0 3079.01091799000005 0 1791.80059712999991 0 2964.13027796000006 0 3046.27814885999987 0 2142.17027019999978 0 2161.53924211999993 0 2282.44685569000012 0 2203.29109862999985 0 2830.96975286999987 0 3021.35715006999999 0 1888.44174621000002 0 1731.74395071999993 0 2456.73149096999987 0 1793.0779673699999 0 1742.54112600000008 0 2205.31346961000008 0 3557.00984516000017 0 2344.87603824000007 0 3944.75516802999982 0 2294.98748755999986 0 2384.90391603999979 0 3877.39406418999988 0 3067.68144569000015 0
2952.06275288999996 0 2380.64736098999992 0 3079.01091799000005 0 1791.80059712999991 0 2382.4614340600001 0 3046.27814885999987 0 1636.48957625999992 0 2050.5727249900001 0 1878.2700795400001 0 2203.29109862999985 0 2830.96975286999987 0 2597.25945490000004 0 1888.44174621000002 0 1115.29155098999991 0 2456.73149096999987 0 1793.0779673699999 0 1742.54112600000008 0 2205.31346961000008 0 2977.32711484999982 0 2344.87603824000007 0 3799.86816236999994 0 2112.98861008999984 0 2384.90391603999979 0 3877.39406418999988 0 3067.68144569000015 0
2952.06275288999996 0 2380.64736098999992 0 3079.01091799000005 0 1791.80059712999991 0 2382.4614340600001 0 3046.27814885999987 0 1636.48957625999992 0 2050.5727249900001 0 1878.2700795400001 0 2203.29109862999985 0 2152.2997452300001 0 2597.25945490000004 0 1888.44174621000002 0 1115.29155098999991 0 2456.73149096999987 0 1793.0779673699999 0 1742.54112600000008 0 2205.31346961000008 0 2977.32711484999982 0 2344.87603824000007 0 3533.77921483 0 1815.25643584999989 0 2384.90391603999979 0 3877.39406418999988 0 3067.68144569000015 0
2845.22776457999998 0 2380.64736098999992 0 2803.60579721000022 0 1194.87533581999992 0 2382.4614340600001 0 3046.27814885999987 0 1636.48957625999992 0 2050.5727249900001 0 1878.2700795400001 0 2203.29109862999985 0 2152.2997452300001 0 2597.25945490000004 0 1888.44174621000002 0 1115.29155098999991 0 1861.36550639999996 0 1671.27489168000011 0 1165.17704258999993 0 2205.31346961000008 0 2941.36750454999992 0 2344.87603824000007 0 3533.77921483 0 1815.25643584999989 0 2273.12846398000011 0 2517.54234047999989 0 2507.19698946000017 0
2693.52122594999992 0 2380.64736098999992 0 2390.82889346999991 0 1194.87533581999992 0 2382.4614340600001 0 3046.27814885999987 0 1636.48957625999992 0 2050.5727249900001 0 1214.81023097000002 0 2203.29109862999985 0 2152.2997452300001 0 2597.25945490000004 0 1607.71077158999992 0 1115.29155098999991 0 1745.53314288999991 0 1671.27489168000011 0 1165.17704258999993 0 2205.31346961000008 0 2941.36750454999992 0 1662.98151222000001 0 3533.77921483 0 1815.25643584999989 0 1942.8015751800001 0 2517.54234047999989 0 2507.19698946000017 0
2693.52122594999992 0 2043.68921438999996 0 2390.82889346999991 0 1194.87533581999992 0 2382.4614340600001 0 2978.97133540000004 0 1636.48957625999992 0 2050.5727249900001 0 1214.81023097000002 0 2069.55819737000002 0 1491.94156468999995 0 2597.25945490000004 0 1607.71077158999992 0 1115.29155098999991 0 1745.53314288999991 0 1671.27489168000011 0 1165.17704258999993 0 1566.57257776000006 0 2933.47648672000014 0 1662.98151222000001 0 3193.64849718999994 0 1336.32892057999993 0 1942.8015751800001 0 2517.54234047999989 0 2468.86037075000013 0
1934.31852206999997 0 2043.68921438999996 0 2390.82889346999991 0 1194.87533581999992 0 2382.4614340600001 0 2978.97133540000004 0 1636.48957625999992 0 2050.5727249900001 0 1214.81023097000002 0 1993.48953142999994 0 1491.94156468999995 0 2597.25945490000004 0 1607.71077158999992 0 1115.29155098999991 0 1745.53314288999991 0 1671.27489168000011 0 1165.17704258999993 0 1566.57257776000006 0 2933.47648672000014 0 1662.98151222000001 0 3193.64849718999994 0 1196.21967840999991 0 1942.8015751800001 0 2517.54234047999989 0 2468.86037075000013 0
1934.31852206999997 0 1495.30916312999989 0 1841.2431292199999 0 1194.87533581999992 0 2382.4614340600001 0 2978.97133540000004 0 1636.48957625999992 0 2050.5727249900001 0 1214.81023097000002 0 1993.48953142999994 0 1491.94156468999995 0 2573.3463436699999 0 1607.71077158999992 0 1115.29155098999991 0 1745.53314288999991 0 1331.10888038000007 0 1165.17704258999993 0 1566.57257776000006 0 2198.60283827000012 0 1662.98151222000001 0 3193.64849718999994 0 1196.21967840999991 0 1525.81974102999993 0 2517.54234047999989 0 2246.78136420999999 0
1934.31852206999997 0 1495.30916312999989 0 1841.2431292199999 0 1194.87533581999992 0 2382.4614340600001 0 2978.97133540000004 0 1636.48957625999992 0 1316.04421187999992 0 1168.98840947000008 0 1993.48953142999994 0 1491.94156468999995 0 2573.3463436699999 0 1607.71077158999992 0 1115.29155098999991 0 1567.69841371999996 0 1331.10888038000007 0 1165.17704258999993 0 1566.57257776000006 0 2198.60283827000012 0 1536.16767550000009 0 2207.79071255000008 0 1196.21967840999991 0 1525.81974102999993 0 2517.54234047999989 0 1983.71376153999995 0
1934.31852206999997 0 1495.30916312999989 0 1841.2431292199999 0 1194.87533581999992 0 2290.20213292000017 0 2978.97133540000004 0 1636.48957625999992 0 1316.04421187999992 0 1168.98840947000008 0 1540.01033376000009 0 1491.94156468999995 0 2573.3463436699999 0 1607.71077158999992 0 1115.29155098999991 0 1567.69841371999996 0 1331.10888038000007 0 1165.17704258999993 0 1566.57257776000006 0 2198.60283827000012 0 1536.16767550000009 0 2207.79071255000008 0 1196.21967840999991 0 1456.58601350999993 0 2517.54234047999989 0 1983.71376153999995 0
1934.31852206999997 0 1495.30916312999989 0 1841.2431292199999 0 1194.87533581999992 0 1985.00448331999996 0 2469.57954688000018 0 1617.06169281999996 0 1316.04421187999992 0 1168.98840947000008 0 1522.53242595999996 0 1491.94156468999995 0 2573.3463436699999 0 1364.59300772999995 0 1115.29155098999991 0 1202.70802972000001 0 1297.13150936000011 0 1165.17704258999993 0 1566.57257776000006 0 2198.60283827000012 0 1363.27135694999993 0 2201.42709620999995 0 1196.21967840999991 0 1456.58601350999993 0 2517.54234047999989 0 1983.71376153999995 0
1934.31852206999997 0 1495.30916312999989 0 1841.2431292199999 0 1099.99418949999995 0 1985.00448331999996 0 2469.57954688000018 0 1617.06169281999996 0 1316.04421187999992 0 1030.05672828000002 0 1371.22301573000004 0 1491.94156468999995 0 2357.65791209999998 0 1211.22839483000007 0 1115.29155098999991 0 1202.70802972000001 0 945.316566573000046 0 1154.25769844999991 0 1566.57257776000006 0 2040.70040799999992 0 1327.30162358999996 0 2201.42709620999995 0 1196.21967840999991 0 1456.58601350999993 0 2517.54234047999989 0 1983.71376153999995 0
1934.31852206999997 0 1448.56621474999997 0 1273.25552992999997 0 1099.99418949999995 0 1750.02876936999996 0 2469.57954688000018 0 1617.06169281999996 0 1316.04421187999992 0 1030.05672828000002 0 1371.22301573000004 0 1042.24032938000005 0 2031.52746148999995 0 1204.85365400000001 0 1115.29155098999991 0 1178.44519743000001 0 945.316566573000046 0 1128.88272314000005 0 1315.43899158999989 0 2040.70040799999992 0 837.579850363999981 0 2017.16061891999993 0 1196.21967840999991 0 1456.58601350999993 0 2517.54234047999989 0 1610.82230705999996 0
1477.86404388000005 0 1448.56621474999997 0 1273.25552992999997 0 1099.99418949999995 0 1750.02876936999996 0 2469.57954688000018 0 1520.42545717000007 0 1316.04421187999992 0 1030.05672828000002 0 536.328158819999999 0 1042.24032938000005 0 2031.52746148999995 0 1204.85365400000001 0 1115.29155098999991 0 1178.44519743000001 0 945.316566573000046 0 1109.05983229000003 0 1315.43899158999989 0 2040.70040799999992 0 837.579850363999981 0 2017.16061891999993 0 1075.27880617999995 0 1456.58601350999993 0 2457.42589631999999 0 1610.82230705999996 0
1477.86404388000005 0 1447.85035311000001 0 1273.25552992999997 0 981.901537825999981 0 1750.02876936999996 0 2469.57954688000018 0 1431.17654844999993 0 1316.04421187999992 0 1030.05672828000002 0 536.328158819999999 0 1042.24032938000005 0 1537.5906491400001 0 1161.91971839999997 0 1033.95757965000007 0 1178.44519743000001 0 885.05108841699996 0 862.397663706999992 0 1265.05910610000001 0 1873.02652680000006 0 837.579850363999981 0 1483.48639813 0 1037.18355758000007 0 1456.58601350999993 0 2457.42589631999999 0 1602.85387313000001 0
1477.86404388000005 0 1447.85035311000001 0 1273.25552992999997 0 806.573396817999992 0 1750.02876936999996 0 2469.57954688000018 0 1431.17654844999993 0 1316.04421187999992 0 1030.05672828000002 0 536.328158819999999 0 1042.24032938000005 0 1537.5906491400001 0 803.913147212000013 0 1033.95757965000007 0 1178.44519743000001 0 863.213418538000042 0 801.316139238000005 0 1265.05910610000001 0 1821.71239953999998 0 837.579850363999981 0 1483.48639813 0 1037.18355758000007 0 1266.30585818999998 0 2457.42589631999999 0 1416.05295896000007 0
1477.86404388000005 0 1160.48812229000009 0 1230.47130644999993 0 806.573396817999992 0 1393.69091836000007 0 2469.57954688000018 0 1133.56804177999993 0 1316.04421187999992 0 1030.05672828000002 0 536.328158819999999 0 1042.24032938000005 0 1537.5906491400001 0 780.270061755000029 0 1033.95757965000007 0 799.539207877999957 0 817.772657506999963 0 392.036017699000013 0 1265.05910610000001 0 1755.99136227000008 0 837.579850363999981 0 1483.48639813 0 1037.18355758000007 0 1266.30585818999998 0 2457.42589631999999 0 1416.05295896000007 0
1163.99785872999996 0 1160.48812229000009 0 1230.47130644999993 0 806.573396817999992 0 1090.5391993799999 0 2002.58509142000003 0 1073.84312896000006 0 1316.04421187999992 0 1030.05672828000002 0 536.328158819999999 0 1042.24032938000005 0 1537.5906491400001 0 780.270061755000029 0 676.336261108000031 0 799.539207877999957 0 817.772657506999963 0 392.036017699000013 0 1227.26732751999998 0 1755.99136227000008 0 837.579850363999981 0 1018.19322206000004 0 1009.38524096000003 0 1266.30585818999998 0 2457.42589631999999 0 1416.05295896000007 0
1163.99785872999996 0 1030.87307785999997 0 1230.47130644999993 0 806.573396817999992 0 1090.5391993799999 0 2002.58509142000003 0 1073.84312896000006 0 1316.04421187999992 0 717.171230605000005 0 536.328158819999999 0 1042.24032938000005 0 1467.7464431599999 0 780.270061755000029 0 676.336261108000031 0 799.539207877999957 0 505.504314180999984 0 392.036017699000013 0 1041.85261803999992 0 1414.74528465999992 0 837.579850363999981 0 1018.19322206000004 0 877.44262129699996 0 899.745394532999967 0 2457.42589631999999 0 1416.05295896000007 0
1163.99785872999996 0 1030.87307785999997 0 1230.47130644999993 0 806.573396817999992 0 1090.5391993799999 0 2002.58509142000003 0 1073.84312896000006 0 1016.54049076000001 0 717.171230605000005 0 536.328158819999999 0 1042.24032938000005 0 997.409509393000008 0 643.249748425000007 0 676.336261108000031 0 799.539207877999957 0 505.504314180999984 0 392.036017699000013 0 1041.85261803999992 0 1306.61355041999991 0 837.579850363999981 0 1018.19322206000004 0 877.44262129699996 0 899.745394532999967 0 2457.42589631999999 0 1416.05295896000007 0
1163.99785872999996 0 1030.87307785999997 0 1212.03603068999996 0 806.573396817999992 0 1090.5391993799999 0 1754.13016969 0 892.753095966000046 0 1016.54049076000001 0 717.171230605000005 0 536.328158819999999 0 1042.24032938000005 0 997.409509393000008 0 536.679086668999958 0 676.336261108000031 0 799.539207877999957 0 505.504314180999984 0 392.036017699000013 0 1030.30527114999995 0 1306.61355041999991 0 837.579850363999981 0 1018.19322206000004 0 850.993133954999962 0 899.745394532999967 0 1858.68296602999999 0 1416.05295896000007 0
1163.99785872999996 0 1030.87307785999997 0 1212.03603068999996 0 806.573396817999992 0 1090.5391993799999 0 1374.83979715999999 0 803.461476594000032 0 1016.54049076000001 0 710.075758908000012 0 536.328158819999999 0 956.763607140999966 0 997.409509393000008 0 536.679086668999958 0 676.336261108000031 0 799.539207877999957 0 505.504314180999984 0 392.036017699000013 0 1030.30527114999995 0 1306.61355041999991 0 837.579850363999981 0 1018.19322206000004 0 611.492406411000047 0 899.745394532999967 0 1858.68296602999999 0 1416.05295896000007 0
1163.99785872999996 0 976.318643648000034 0 742.041054817000031 0 806.573396817999992 0 1059.33284146999995 0 1374.83979715999999 0 803.461476594000032 0 1016.54049076000001 0 710.075758908000012 0 536.328158819999999 0 956.763607140999966 0 997.409509393000008 0 536.679086668999958 0 676.336261108000031 0 656.661703992999946 0 505.504314180999984 0 392.036017699000013 0 1019.50713716999996 0 1306.61355041999991 0 828.083695650999971 0 1018.19322206000004 0 611.492406411000047 0 899.745394532999967 0 1858.68296602999999 0 731.971786177000013 0
1163.99785872999996 0 976.318643648000034 0 742.041054817000031 0 687.777943982000011 0 1059.33284146999995 0 1374.83979715999999 0 803.461476594000032 0 1016.54049076000001 0 710.075758908000012 0 536.328158819999999 0 956.763607140999966 0 997.409509393000008 0 349.972277984000016 0 676.336261108000031 0 656.661703992999946 0 505.504314180999984 0 392.036017699000013 0 999.600934753000047 0 1127.03769484999998 0 532.827963393000005 0 1018.19322206000004 0 611.492406411000047 0 856.90334385999995 0 1433.43960455000001 0 731.971786177000013 0
954.927162058000022 0 976.318643648000034 0 742.041054817000031 0 674.524660292000021 0 1059.33284146999995 0 1222.46692865 0 803.461476594000032 0 1016.54049076000001 0 710.075758908000012 0 536.328158819999999 0 956.763607140999966 0 997.409509393000008 0 349.972277984000016 0 513.171229192000055 0 656.661703992999946 0 505.504314180999984 0 392.036017699000013 0 996.57708245799995 0 1127.03769484999998 0 532.827963393000005 0 1018.19322206000004 0 457.497897113000022 0 856.90334385999995 0 1433.43960455000001 0 731.971786177000013 0
954.927162058000022 0 976.318643648000034 0 742.041054817000031 0 674.524660292000021 0 1036.08524439999997 0 875.183336539000038 0 748.722916990000044 0 1016.54049076000001 0 710.075758908000012 0 536.328158819999999 0 704.128722429000049 0 997.409509393000008 0 349.972277984000016 0 513.171229192000055 0 656.661703992999946 0 505.504314180999984 0 392.036017699000013 0 852.812344705999976 0 1127.03769484999998 0 532.827963393000005 0 1018.19322206000004 0 457.497897113000022 0 856.90334385999995 0 1433.43960455000001 0 731.971786177000013 0
954.927162058000022 0 657.630404152999972 0 742.041054817000031 0 631.466791402000013 0 812.665392334999979 0 875.183336539000038 0 748.722916990000044 0 597.72776594000004 0 710.075758908000012 0 536.328158819999999 0 704.128722429000049 0 997.409509393000008 0 349.972277984000016 0 513.171229192000055 0 371.750089213000024 0 505.504314180999984 0 392.036017699000013 0 740.96057387899998 0 1086.91737160999992 0 532.827963393000005 0 906.116632320000008 0 457.497897113000022 0 737.096623525000041 0 1433.43960455000001 0 731.971786177000013 0
954.927162058000022 0 537.745765644000016 0 742.041054817000031 0 495.678320104000022 0 812.665392334999979 0 875.183336539000038 0 648.164482303999989 0 597.72776594000004 0 615.543854299000031 0 536.328158819999999 0 704.128722429000049 0 997.409509393000008 0 349.972277984000016 0 513.171229192000055 0 371.750089213000024 0 476.189713207000011 0 392.036017699000013 0 740.96057387899998 0 1086.91737160999992 0 474.042225207000001 0 906.116632320000008 0 457.497897113000022 0 737.096623525000041 0 1433.43960455000001 0 731.971786177000013 0
915.293026998999949 0 537.745765644000016 0 742.041054817000031 0 495.678320104000022 0 727.585793057000046 0 875.183336539000038 0 613.887894634999952 0 597.72776594000004 0 615.543854299000031 0 536.328158819999999 0 633.737517203000039 0 997.409509393000008 0 309.619887747000007 0 509.345172306999984 0 371.750089213000024 0 476.189713207000011 0 392.036017699000013 0 648.061655730999973 0 1086.91737160999992 0 474.042225207000001 0 783.932372549999968 0 457.497897113000022 0 737.096623525000041 0 1433.43960455000001 0 731.971786177000013 0
915.293026998999949 0 537.745765644000016 0 742.041054817000031 0 416.471693415999994 0 727.585793057000046 0 875.183336539000038 0 613.887894634999952 0 597.72776594000004 0 615.543854299000031 0 449.511470996000014 0 633.737517203000039 0 997.409509393000008 0 309.619887747000007 0 497.821974372 0 371.750089213000024 0 476.189713207000011 0 392.036017699000013 0 575.767584027999987 0 1086.91737160999992 0 474.042225207000001 0 783.932372549999968 0 457.497897113000022 0 498.140252264000026 0 1433.43960455000001 0 731.971786177000013 0
915.293026998999949 0 463.545475391000025 0 742.041054817000031 0 416.471693415999994 0 727.585793057000046 0 875.183336539000038 0 613.887894634999952 0 536.312310768999964 0 552.587031410000009 0 449.511470996000014 0 633.737517203000039 0 912.318108619999975 0 309.619887747000007 0 497.821974372 0 316.357947955999975 0 476.189713207000011 0 317.152913237000007 0 575.767584027999987 0 959.709507174000009 0 464.477504743999987 0 783.932372549999968 0 457.497897113000022 0 498.140252264000026 0 1409.2030987600001 0 731.971786177000013 0
915.293026998999949 0 393.18444929399999 0 742.041054817000031 0 352.496397958999978 0 727.585793057000046 0 795.254400805000046 0 510.395853816999988 0 536.312310768999964 0 493.673722404999978 0 449.511470996000014 0 585.634784823000018 0 821.48495935699998 0 309.619887747000007 0 497.821974372 0 316.357947955999975 0 476.189713207000011 0 243.704365730999996 0 565.222929638999972 0 959.709507174000009 0 464.477504743999987 0 783.932372549999968 0 457.497897113000022 0 491.038246596000022 0 1409.2030987600001 0 636.964750812000034 0
915.293026998999949 0 393.18444929399999 0 742.041054817000031 0 352.496397958999978 0 710.008285471000022 0 795.254400805000046 0 399.501942913999983 0 536.312310768999964 0 493.673722404999978 0 319.251503979000006 0 585.634784823000018 0 772.624850394999953 0 309.619887747000007 0 497.821974372 0 316.357947955999975 0 476.189713207000011 0 243.704365730999996 0 565.222929638999972 0 959.709507174000009 0 464.477504743999987 0 783.932372549999968 0 405.186300981999977 0 491.038246596000022 0 1218.60282542999994 0 636.964750812000034 0
894.429477926999994 0 393.18444929399999 0 742.041054817000031 0 352.496397958999978 0 710.008285471000022 0 795.254400805000046 0 399.501942913999983 0 536.312310768999964 0 493.673722404999978 0 319.251503979000006 0 585.634784823000018 0 772.624850394999953 0 309.619887747000007 0 413.388552133000019 0 316.357947955999975 0 476.189713207000011 0 243.704365730999996 0 554.321837006999999 0 959.709507174000009 0 464.477504743999987 0 783.932372549999968 0 405.186300981999977 0 428.208600869999998 0 1217.54478322999989 0 597.840466547000005 0
894.429477926999994 0 393.18444929399999 0 608.125470296000003 0 352.496397958999978 0 710.008285471000022 0 795.254400805000046 0 399.501942913999983 0 536.312310768999964 0 493.673722404999978 0 319.251503979000006 0 563.515015231000007 0 772.624850394999953 0 309.619887747000007 0 413.388552133000019 0 316.357947955999975 0 410.807616311999993 0 243.704365730999996 0 554.321837006999999 0 959.709507174000009 0 402.129229737999992 0 783.932372549999968 0 405.186300981999977 0 428.208600869999998 0 1049.50380395999991 0 476.039879793000011 0
605.246489619000045 0 393.18444929399999 0 562.178072904000032 0 338.098995089000027 0 656.647758909999993 0 795.254400805000046 0 399.501942913999983 0 511.737157613000022 0 493.673722404999978 0 319.251503979000006 0 561.259357122999972 0 772.624850394999953 0 309.619887747000007 0 313.660957433000021 0 316.357947955999975 0 337.133474334000027 0 243.704365730999996 0 444.346698547000017 0 892.510958559999949 0 402.129229737999992 0 727.896241249000013 0 405.186300981999977 0 428.208600869999998 0 1049.50380395999991 0 476.039879793000011 0
605.246489619000045 0 393.18444929399999 0 562.178072904000032 0 338.098995089000027 0 623.393746232000012 0 795.254400805000046 0 399.501942913999983 0 511.737157613000022 0 493.673722404999978 0 303.731739188000006 0 457.017324863999988 0 772.624850394999953 0 309.619887747000007 0 274.395034221999992 0 316.357947955999975 0 337.133474334000027 0 243.704365730999996 0 335.856962581999994 0 892.510958559999949 0 402.129229737999992 0 727.896241249000013 0 391.562171465000006 0 428.208600869999998 0 1049.50380395999991 0 476.039879793000011 0
605.246489619000045 0 393.18444929399999 0 562.178072904000032 0 338.098995089000027 0 499.164900382999974 0 795.254400805000046 0 399.501942913999983 0 511.737157613000022 0 424.748161956999979 0 303.731739188000006 0 354.152312843000004 0 749.648004379999975 0 309.619887747000007 0 274.395034221999992 0 292.870745397000007 0 337.133474334000027 0 243.704365730999996 0 335.856962581999994 0 808.006694005999975 0 397.253101436000009 0 727.896241249000013 0 377.998670183000002 0 391.57668953000001 0 1049.50380395999991 0 324.466129247000026 0
605.246489619000045 0 313.697904199999982 0 508.321794257000022 0 338.098995089000027 0 499.164900382999974 0 795.254400805000046 0 399.501942913999983 0 413.712335766000024 0 424.748161956999979 0 303.731739188000006 0 354.152312843000004 0 749.648004379999975 0 309.619887747000007 0 274.395034221999992 0 292.870745397000007 0 264.009460403999981 0 193.590231267000007 0 335.856962581999994 0 603.560354942000004 0 321.459211112999981 0 605.394311739000045 0 377.998670183000002 0 321.519645933999982 0 970.49222394100002 0 324.466129247000026 0
546.903936714999986 0 313.697904199999982 0 422.250689437000005 0 338.098995089000027 0 477.266147593000028 0 624.38811191800005 0 359.239327546000027 0 413.712335766000024 0 424.748161956999979 0 303.731739188000006 0 324.098801637999998 0 749.648004379999975 0 309.619887747000007 0 274.395034221999992 0 292.870745397000007 0 264.009460403999981 0 193.590231267000007 0 288.69163183400002 0 603.560354942000004 0 321.459211112999981 0 605.394311739000045 0 370.05407259399999 0 321.519645933999982 0 970.49222394100002 0 324.466129247000026 0
535.016478512000049 0 313.697904199999982 0 422.250689437000005 0 338.098995089000027 0 399.847263909999981 0 569.255389502999947 0 359.239327546000027 0 413.712335766000024 0 424.748161956999979 0 192.186391780000008 0 297.077065206999976 0 749.648004379999975 0 247.769945191999994 0 274.395034221999992 0 292.870745397000007 0 264.009460403999981 0 193.590231267000007 0 275.241269864999992 0 603.560354942000004 0 321.459211112999981 0 605.394311739000045 0 196.896043205000012 0 321.519645933999982 0 970.49222394100002 0 324.466129247000026 0
535.016478512000049 0 313.697904199999982 0 421.717969890999996 0 289.497242926000013 0 399.847263909999981 0 569.255389502999947 0 309.32745331000001 0 306.946314073999986 0 342.891426131999992 0 192.186391780000008 0 297.077065206999976 0 544.663580088999993 0 230.408156353999999 0 274.395034221999992 0 292.870745397000007 0 264.009460403999981 0 193.590231267000007 0 275.241269864999992 0 603.560354942000004 0 313.201351735000003 0 605.394311739000045 0 196.896043205000012 0 321.519645933999982 0 970.49222394100002 0 288.825480783999978 0
535.016478512000049 0 313.697904199999982 0 421.717969890999996 0 211.175180540000014 0 399.847263909999981 0 569.255389502999947 0 309.32745331000001 0 306.946314073999986 0 342.891426131999992 0 192.186391780000008 0 297.077065206999976 0 485.699358221000011 0 216.525034134999999 0 274.395034221999992 0 292.870745397000007 0 264.009460403999981 0 193.590231267000007 0 275.241269864999992 0 603.560354942000004 0 313.201351735000003 0 605.394311739000045 0 196.896043205000012 0 287.691983328999981 0 970.49222394100002 0 288.825480783999978 0
535.016478512000049 0 313.697904199999982 0 421.717969890999996 0 211.175180540000014 0 289.126119088999985 0 569.255389502999947 0 309.32745331000001 0 287.632632469999976 0 342.891426131999992 0 183.492897438 0 297.077065206999976 0 485.699358221000011 0 216.525034134999999 0 182.752507430999998 0 292.870745397000007 0 264.009460403999981 0 193.590231267000007 0 275.241269864999992 0 603.560354942000004 0 313.201351735000003 0 605.394311739000045 0 196.896043205000012 0 287.691983328999981 0 970.49222394100002 0 288.825480783999978 0
535.016478512000049 0 264.582740566999973 0 421.717969890999996 0 211.175180540000014 0 289.126119088999985 0 480.829345632000013 0 309.32745331000001 0 287.632632469999976 0 342.891426131999992 0 183.492897438 0 297.077065206999976 0 485.699358221000011 0 216.525034134999999 0 182.752507430999998 0 227.342246703000001 0 264.009460403999981 0 193.590231267000007 0 275.241269864999992 0 603.560354942000004 0 271.599464235000028 0 605.394311739000045 0 196.896043205000012 0 287.691983328999981 0 970.49222394100002 0 288.825480783999978 0
535.016478512000049 0 196.580350044999989 0 411.402240294000023 0 211.175180540000014 0 289.126119088999985 0 480.829345632000013 0 309.32745331000001 0 287.632632469999976 0 290.502571443000022 0 183.492897438 0 297.077065206999976 0 452.734882495000022 0 216.525034134999999 0 182.752507430999998 0 212.822876261999994 0 219.455521110999996 0 192.168325801999998 0 275.241269864999992 0 336.952032583000005 0 271.599464235000028 0 605.394311739000045 0 196.896043205000012 0 287.691983328999981 0 943.762470982999957 0 288.825480783999978 0
518.666300853000052 0 196.580350044999989 0 411.402240294000023 0 211.175180540000014 0 289.126119088999985 0 480.829345632000013 0 309.32745331000001 0 287.632632469999976 0 290.502571443000022 0 183.492897438 0 297.077065206999976 0 452.734882495000022 0 204.753633640000004 0 182.752507430999998 0 186.017012270000009 0 219.455521110999996 0 190.682388621999991 0 275.241269864999992 0 336.952032583000005 0 223.029083117999988 0 492.533919103000017 0 196.896043205000012 0 286.914058849000014 0 929.714539388000048 0 288.825480783999978 0
499.11222700899998 0 196.580350044999989 0 411.402240294000023 0 211.175180540000014 0 289.126119088999985 0 293.157886734999977 0 309.32745331000001 0 287.632632469999976 0 245.650029456999988 0 154.95257503900001 0 297.077065206999976 0 452.734882495000022 0 204.753633640000004 0 182.752507430999998 0 186.017012270000009 0 219.455521110999996 0 190.682388621999991 0 242.694000491999986 0 336.952032583000005 0 223.029083117999988 0 458.310400881000021 0 114.882845044999996 0 220.989394835000013 0 856.873845752999955 0 288.825480783999978 0
462.094824340000002 0 196.580350044999989 0 302.540988958000014 0 211.175180540000014 0 289.126119088999985 0 293.157886734999977 0 208.540442267999993 0 287.632632469999976 0 233.593113356999993 0 154.95257503900001 0 287.461721436000005 0 398.907201327999985 0 204.753633640000004 0 182.752507430999998 0 186.017012270000009 0 195.426275172000004 0 190.682388621999991 0 239.459011430000004 0 336.952032583000005 0 176.145574277999998 0 451.335079312000005 0 114.882845044999996 0 220.989394835000013 0 856.873845752999955 0 288.825480783999978 0
462.094824340000002 0 196.580350044999989 0 275.499399842999992 0 211.175180540000014 0 289.126119088999985 0 293.157886734999977 0 208.540442267999993 0 281.440697032000003 0 233.593113356999993 0 154.95257503900001 0 287.461721436000005 0 376.703315750999991 0 204.753633640000004 0 182.752507430999998 0 186.017012270000009 0 195.426275172000004 0 157.589627557999989 0 239.459011430000004 0 336.952032583000005 0 176.145574277999998 0 451.335079312000005 0 114.882845044999996 0 220.989394835000013 0 856.873845752999955 0 246.347838939000013 0
462.094824340000002 0 196.580350044999989 0 248.252633497000005 0 211.175180540000014 0 262.381931517999988 0 293.157886734999977 0 208.540442267999993 0 281.440697032000003 0 233.593113356999993 0 154.95257503900001 0 274.03808436700001 0 376.703315750999991 0 204.753633640000004 0 145.557233652999997 0 186.017012270000009 0 195.426275172000004 0 129.797775825000002 0 214.155022551000002 0 336.952032583000005 0 176.145574277999998 0 443.196764980000012 0 114.882845044999996 0 220.989394835000013 0 760.838492042999974 0 218.727672804999997 0
375.723222809999982 0 196.580350044999989 0 248.252633497000005 0 211.175180540000014 0 259.140992019999999 0 293.157886734999977 0 188.850747076999994 0 281.440697032000003 0 233.593113356999993 0 154.95257503900001 0 192.07028251700001 0 338.465259826000022 0 204.753633640000004 0 145.557233652999997 0 186.017012270000009 0 195.426275172000004 0 129.797775825000002 0 191.057559440000006 0 336.952032583000005 0 176.145574277999998 0 373.386832439999978 0 114.882845044999996 0 220.989394835000013 0 633.891543619000004 0 218.727672804999997 0
309.509366655999997 0 196.580350044999989 0 248.252633497000005 0 211.175180540000014 0 236.453819771000013 0 293.157886734999977 0 188.850747076999994 0 228.197299982999994 0 233.593113356999993 0 154.95257503900001 0 144.234588543000001 0 338.465259826000022 0 199.010917433999992 0 145.557233652999997 0 186.017012270000009 0 179.390862805000012 0 106.660396160999994 0 191.057559440000006 0 336.952032583000005 0 168.976139106000005 0 373.386832439999978 0 114.882845044999996 0 200.110469203000008 0 633.891543619000004 0 218.727672804999997 0
309.509366655999997 0 130.772688224999996 0 242.360587406000008 0 192.931445074999999 0 236.453819771000013 0 293.157886734999977 0 123.886753143000007 0 223.513727837999994 0 209.600621859 0 154.95257503900001 0 144.234588543000001 0 338.465259826000022 0 162.758000685000013 0 145.557233652999997 0 186.017012270000009 0 141.330709831999997 0 106.660396160999994 0 191.057559440000006 0 336.952032583000005 0 168.976139106000005 0 373.386832439999978 0 114.882845044999996 0 183.18950577199999 0 633.891543619000004 0 218.727672804999997 0
309.509366655999997 0 78.7106448640000025 0 242.360587406000008 0 171.64042234499999 0 209.749292112999996 0 293.157886734999977 0 123.886753143000007 0 223.513727837999994 0 209.600621859 0 154.95257503900001 0 144.234588543000001 0 289.725367548000008 0 150.812010611999995 0 145.557233652999997 0 186.017012270000009 0 133.362028634000012 0 106.660396160999994 0 150.31744804600001 0 336.952032583000005 0 168.976139106000005 0 326.087297173000024 0 114.076110661000001 0 183.18950577199999 0 633.891543619000004 0 218.727672804999997 0
309.509366655999997 0 78.7106448640000025 0 242.360587406000008 0 171.64042234499999 0 209.749292112999996 0 293.157886734999977 0 123.886753143000007 0 223.513727837999994 0 171.445919836000002 0 124.414534083000007 0 144.234588543000001 0 289.725367548000008 0 150.812010611999995 0 145.557233652999997 0 186.017012270000009 0 133.362028634000012 0 106.660396160999994 0 144.53963833200001 0 336.952032583000005 0 168.976139106000005 0 167.106800614000008 0 114.076110661000001 0 183.18950577199999 0 370.849665704000017 0 218.727672804999997 0
309.509366655999997 0 78.7106448640000025 0 218.296080515 0 136.71464161099999 0 209.749292112999996 0 235.777449945000001 0 123.886753143000007 0 117.079194088999998 0 171.445919836000002 0 124.414534083000007 0 144.234588543000001 0 289.725367548000008 0 150.812010611999995 0 127.514328375000005 0 139.056849037000006 0 125.852582358000006 0 75.5771794271999937 0 144.53963833200001 0 287.640570670999978 0 115.849516715999997 0 167.106800614000008 0 114.076110661000001 0 182.480541092999999 0 370.849665704000017 0 208.620149795000003 0
309.509366655999997 0 78.7106448640000025 0 183.147504039000012 0 136.71464161099999 0 209.749292112999996 0 235.777449945000001 0 123.886753143000007 0 117.079194088999998 0 171.445919836000002 0 124.414534083000007 0 144.234588543000001 0 289.725367548000008 0 110.736118976 0 120.951081227000003 0 130.502172290999994 0 125.852582358000006 0 75.5771794271999937 0 144.53963833200001 0 287.640570670999978 0 115.849516715999997 0 167.106800614000008 0 114.076110661000001 0 172.635232467999998 0 370.849665704000017 0 203.794792153999992 0
250.373594961999999 0 78.7106448640000025 0 183.147504039000012 0 136.71464161099999 0 209.749292112999996 0 235.777449945000001 0 123.886753143000007 0 117.079194088999998 0 171.445919836000002 0 100.488098726999993 0 144.234588543000001 0 289.725367548000008 0 110.736118976 0 85.3454635597999953 0 130.502172290999994 0 125.852582358000006 0 75.5771794271999937 0 73.5603257411000016 0 287.640570670999978 0 115.849516715999997 0 167.106800614000008 0 114.076110661000001 0 172.635232467999998 0 259.591745646999982 0 178.150635267000013 0
250.373594961999999 0 78.7106448640000025 0 183.147504039000012 0 136.71464161099999 0 209.749292112999996 0 235.777449945000001 0 123.886753143000007 0 117.079194088999998 0 171.445919836000002 0 100.488098726999993 0 144.234588543000001 0 289.725367548000008 0 110.736118976 0 85.3454635597999953 0 130.502172290999994 0 125.852582358000006 0 75.5771794271999937 0 73.5603257411000016 0 287.640570670999978 0 115.849516715999997 0 167.106800614000008 0 114.076110661000001 0 165.448717488999989 0 259.591745646999982 0 169.502810871000008 0
250.373594961999999 0 78.7106448640000025 0 183.147504039000012 0 136.71464161099999 0 185.454674431000001 0 235.777449945000001 0 123.886753143000007 0 117.079194088999998 0 171.445919836000002 0 100.488098726999993 0 144.234588543000001 0 263.899701038999979 0 110.736118976 0 85.3454635597999953 0 123.684235870999998 0 117.377259412000001 0 69.1533465265000018 0 73.5603257411000016 0 153.232187318000001 0 115.849516715999997 0 167.106800614000008 0 114.076110661000001 0 136.716245724000004 0 259.591745646999982 0 117.494674771000007 0
250.373594961999999 0 78.7106448640000025 0 183.147504039000012 0 136.71464161099999 0 185.454674431000001 0 235.777449945000001 0 123.886753143000007 0 117.079194088999998 0 170.342373841000011 0 100.488098726999993 0 144.234588543000001 0 236.67576175100001 0 96.1501678098999975 0 85.3454635597999953 0 120.658919581999996 0 117.377259412000001 0 67.4625777334999981 0 73.5603257411000016 0 153.232187318000001 0 115.849516715999997 0 167.106800614000008 0 114.076110661000001 0 136.716245724000004 0 259.591745646999982 0 110.680641008999999 0
206.181676455999991 0 78.7106448640000025 0 183.147504039000012 0 136.71464161099999 0 167.297130355000007 0 177.256817391999988 0 123.886753143000007 0 117.079194088999998 0 156.655173743000006 0 80.554900871000001 0 123.151812700999997 0 236.67576175100001 0 96.1501678098999975 0 85.3454635597999953 0 120.658919581999996 0 117.377259412000001 0 67.4625777334999981 0 73.5603257411000016 0 153.232187318000001 0 115.849516715999997 0 167.106800614000008 0 114.076110661000001 0 136.716245724000004 0 259.591745646999982 0 110.680641008999999 0
206.181676455999991 0 78.7106448640000025 0 143.997042899000007 0 124.258793105999999 0 167.297130355000007 0 177.256817391999988 0 96.7694602050000015 0 117.079194088999998 0 156.655173743000006 0 80.554900871000001 0 123.151812700999997 0 236.67576175100001 0 96.1501678098999975 0 85.3454635597999953 0 98.1487666039000004 0 89.4675045606000054 0 67.4625777334999981 0 73.5603257411000016 0 153.232187318000001 0 102.279446511000003 0 120.229142839000005 0 114.076110661000001 0 110.053225694999995 0 259.591745646999982 0 110.680641008999999 0
206.181676455999991 0 78.7106448640000025 0 143.997042899000007 0 118.547029331000005 0 167.297130355000007 0 177.256817391999988 0 96.7694602050000015 0 117.079194088999998 0 156.655173743000006 0 80.554900871000001 0 123.151812700999997 0 235.689369203000012 0 96.1501678098999975 0 85.3454635597999953 0 88.4092394436000006 0 86.939770558099994 0 67.4625777334999981 0 73.5603257411000016 0 126.227432699000005 0 102.279446511000003 0 120.229142839000005 0 114.076110661000001 0 108.969734439999996 0 259.591745646999982 0 86.7841152369000071 0
160.456657363000005 0 78.7106448640000025 0 143.997042899000007 0 100.814682105000003 0 167.297130355000007 0 140.308336198000006 0 96.7694602050000015 0 117.079194088999998 0 103.367798089000004 0 80.554900871000001 0 123.151812700999997 0 195.190774403999995 0 96.1501678098999975 0 85.3454635597999953 0 78.6865055863000009 0 86.939770558099994 0 64.1749660729999931 0 73.5603257411000016 0 126.227432699000005 0 102.279446511000003 0 120.229142839000005 0 85.1537274180000026 0 84.0488677743000068 0 259.591745646999982 0 86.7841152369000071 0
160.456657363000005 0 78.7106448640000025 0 143.997042899000007 0 100.814682105000003 0 167.297130355000007 0 140.308336198000006 0 96.7694602050000015 0 117.079194088999998 0 103.367798089000004 0 80.554900871000001 0 100.285461519999998 0 195.190774403999995 0 96.1501678098999975 0 85.3454635597999953 0 78.6865055863000009 0 86.939770558099994 0 64.1749660729999931 0 73.5603257411000016 0 126.227432699000005 0 102.279446511000003 0 120.229142839000005 0 83.0854464629999967 0 84.0488677743000068 0 259.591745646999982 0 86.7841152369000071 0
160.456657363000005 0 78.7106448640000025 0 143.997042899000007 0 96.7838699919000049 0 167.297130355000007 0 140.308336198000006 0 96.7694602050000015 0 117.079194088999998 0 103.367798089000004 0 80.554900871000001 0 100.285461519999998 0 195.190774403999995 0 92.1108047405000008 0 81.954730802499995 0 74.6754015827000046 0 58.6153190754999969 0 50.4388934101000004 0 73.5603257411000016 0 126.227432699000005 0 101.677433160000007 0 120.229142839000005 0 83.0854464629999967 0 84.0488677743000068 0 259.591745646999982 0 86.7841152369000071 0
160.456657363000005 0 67.4262335045000043 0 143.997042899000007 0 66.9704749869000011 0 166.190544009000007 0 140.308336198000006 0 96.7694602050000015 0 117.079194088999998 0 103.367798089000004 0 80.554900871000001 0 100.285461519999998 0 186.132802751000014 0 88.3234502514000042 0 81.954730802499995 0 74.6754015827000046 0 58.3461778396999975 0 43.6692158277000004 0 73.5603257411000016 0 126.227432699000005 0 92.608107096699996 0 120.229142839000005 0 83.0854464629999967 0 84.0488677743000068 0 259.591745646999982 0 84.5884411142999966 0
160.456657363000005 0 67.4262335045000043 0 143.997042899000007 0 66.9704749869000011 0 108.179138897000001 0 140.308336198000006 0 96.568023949199997 0 117.079194088999998 0 103.367798089000004 0 77.2052156615999934 0 94.6690869900999985 0 186.132802751000014 0 88.3234502514000042 0 81.954730802499995 0 74.6754015827000046 0 58.3461778396999975 0 43.6692158277000004 0 73.5603257411000016 0 126.227432699000005 0 92.608107096699996 0 107.515727463999994 0 83.0854464629999967 0 84.0488677743000068 0 259.591745646999982 0 84.5884411142999966 0
135.547940283000003 0 67.4262335045000043 0 143.997042899000007 0 66.9704749869000011 0 108.179138897000001 0 140.308336198000006 0 96.568023949199997 0 89.4374448489000002 0 103.367798089000004 0 77.2052156615999934 0 83.1714552062999957 0 186.132802751000014 0 75.9550358330999984 0 80.9858518945000014 0 74.6754015827000046 0 58.3461778396999975 0 43.6692158277000004 0 73.5603257411000016 0 126.227432699000005 0 92.608107096699996 0 107.515727463999994 0 72.7241916021999941 0 84.0488677743000068 0 220.390888987000011 0 84.5884411142999966 0
135.547940283000003 0 66.0480050400000067 0 133.343002146999993 0 66.9704749869000011 0 108.179138897000001 0 140.308336198000006 0 96.568023949199997 0 89.4374448489000002 0 103.367798089000004 0 77.2052156615999934 0 83.1714552062999957 0 186.132802751000014 0 67.3563246318999944 0 73.8319217787000071 0 69.5591703711999969 0 38.8277366477000001 0 43.6692158277000004 0 73.5603257411000016 0 126.227432699000005 0 79.877934311900006 0 95.9180998986000048 0 72.7241916021999941 0 69.1339323753000059 0 220.390888987000011 0 84.5884411142999966 0
135.547940283000003 0 58.3037457973999977 0 99.1320945937000033 0 66.9704749869000011 0 108.179138897000001 0 140.308336198000006 0 82.4407497669999998 0 89.4374448489000002 0 102.009031347999993 0 77.2052156615999934 0 83.1714552062999957 0 186.132802751000014 0 67.3563246318999944 0 69.3345486362999992 0 69.5591703711999969 0 38.8277366477000001 0 43.6692158277000004 0 73.5603257411000016 0 126.227432699000005 0 79.877934311900006 0 95.9180998986000048 0 72.7241916021999941 0 59.0477108366999985 0 220.390888987000011 0 84.5884411142999966 0
121.457781373000003 0 58.3037457973999977 0 99.1320945937000033 0 66.9704749869000011 0 108.179138897000001 0 140.308336198000006 0 66.6500892682999933 0 89.4374448489000002 0 102.009031347999993 0 77.2052156615999934 0 65.1336150531000015 0 186.132802751000014 0 67.3563246318999944 0 32.2722259941999994 0 69.5591703711999969 0 38.8277366477000001 0 39.4148904661999993 0 59.6581159768999996 0 126.227432699000005 0 79.877934311900006 0 95.9180998986000048 0 72.7241916021999941 0 59.0477108366999985 0 194.453454859999994 0 84.5884411142999966 0
121.457781373000003 0 50.433913632600003 0 95.994962456500005 0 66.9704749869000011 0 108.179138897000001 0 140.308336198000006 0 66.6500892682999933 0 89.4374448489000002 0 88.3311372534000014 0 56.1021561952999974 0 65.1336150531000015 0 166.763329642000002 0 55.9892150701999967 0 32.2722259941999994 0 69.5591703711999969 0 38.8277366477000001 0 39.4148904661999993 0 59.6581159768999996 0 126.227432699000005 0 74.6275450905000071 0 93.388744521199996 0 72.7241916021999941 0 59.0477108366999985 0 194.453454859999994 0 84.5884411142999966 0
121.457781373000003 0 38.8806284369999986 0 95.994962456500005 0 66.9704749869000011 0 108.179138897000001 0 140.308336198000006 0 66.284473420300003 0 89.4374448489000002 0 76.6336319860999993 0 56.1021561952999974 0 65.1336150531000015 0 161.266080093999989 0 51.1134296657999982 0 32.2722259941999994 0 52.0501007582000028 0 38.8277366477000001 0 38.0906758042000035 0 59.6581159768999996 0 118.249379524000005 0 62.1444280446999997 0 93.388744521199996 0 72.7241916021999941 0 59.0477108366999985 0 194.453454859999994 0 84.5884411142999966 0
121.457781373000003 0 38.8806284369999986 0 95.994962456500005 0 66.9704749869000011 0 89.251978022800003 0 140.308336198000006 0 66.284473420300003 0 89.4374448489000002 0 76.6336319860999993 0 56.1021561952999974 0 61.0328852450999975 0 138.434542859999993 0 51.1134296657999982 0 32.2722259941999994 0 52.0501007582000028 0 38.8277366477000001 0 37.3421704164000019 0 59.6581159768999996 0 118.249379524000005 0 62.1444280446999997 0 83.1890079989999975 0 50.9872999628000017 0 59.0477108366999985 0 194.453454859999994 0 84.5884411142999966 0
93.0941831266000008 0 38.8806284369999986 0 95.994962456500005 0 66.9704749869000011 0 89.251978022800003 0 102.588846583999995 0 66.284473420300003 0 89.4374448489000002 0 76.6336319860999993 0 56.1021561952999974 0 61.0328852450999975 0 131.435336795000012 0 51.1134296657999982 0 32.2722259941999994 0 52.0501007582000028 0 38.8277366477000001 0 37.3421704164000019 0 59.6581159768999996 0 118.249379524000005 0 62.1444280446999997 0 83.1890079989999975 0 47.4796115035999975 0 59.0477108366999985 0 179.163170734999994 0 84.5884411142999966 0
93.0941831266000008 0 27.3696034827999988 0 82.1023987084000026 0 66.9704749869000011 0 89.251978022800003 0 102.588846583999995 0 66.284473420300003 0 70.8791869220000024 0 66.642260195700004 0 56.1021561952999974 0 61.0328852450999975 0 131.435336795000012 0 49.0874182760000011 0 32.2722259941999994 0 52.0501007582000028 0 34.9551969572000019 0 37.1018210475999979 0 59.6581159768999996 0 97.3845398466000063 0 26.2708078707000006 0 83.1890079989999975 0 47.4796115035999975 0 59.0477108366999985 0 133.377002376000007 0 70.2602180637999965 0
93.0941831266000008 0 27.3696034827999988 0 82.1023987084000026 0 66.9704749869000011 0 89.251978022800003 0 102.588846583999995 0 66.284473420300003 0 70.8791869220000024 0 66.642260195700004 0 56.1021561952999974 0 61.0328852450999975 0 131.435336795000012 0 46.9488000097000011 0 32.2722259941999994 0 52.0501007582000028 0 34.9551969572000019 0 34.3629273709000032 0 59.6581159768999996 0 97.3845398466000063 0 26.2708078707000006 0 74.286408747400003 0 47.4796115035999975 0 55.7230141568999997 0 133.377002376000007 0 61.2095614416999965 0
71.1018724673999998 0 27.3696034827999988 0 58.628591302300002 0 55.1179636712999965 0 89.251978022800003 0 102.588846583999995 0 46.0320268752999979 0 70.8791869220000024 0 66.642260195700004 0 48.0478249824000017 0 55.1470952346000018 0 131.435336795000012 0 46.9488000097000011 0 32.2722259941999994 0 52.0501007582000028 0 34.9551969572000019 0 34.3629273709000032 0 46.4860070499000031 0 80.8638126339999985 0 26.2708078707000006 0 70.083274184800004 0 47.4796115035999975 0 50.406552535400003 0 133.377002376000007 0 61.2095614416999965 0
60.4525737271999972 0 27.3696034827999988 0 58.628591302300002 0 55.1179636712999965 0 60.3829863728999996 0 56.8176805927000004 0 46.0320268752999979 0 70.8791869220000024 0 66.642260195700004 0 44.5618202129999972 0 55.1470952346000018 0 131.435336795000012 0 46.9488000097000011 0 32.2722259941999994 0 52.0501007582000028 0 34.9551969572000019 0 32.2965532579000012 0 46.4860070499000031 0 80.8638126339999985 0 26.2708078707000006 0 70.083274184800004 0 47.4796115035999975 0 50.406552535400003 0 133.377002376000007 0 61.2095614416999965 0
60.4525737271999972 0 27.3696034827999988 0 45.7249300086999995 0 47.3057896605999986 0 60.3829863728999996 0 56.8176805927000004 0 46.0320268752999979 0 70.8791869220000024 0 63.7790859305999973 0 41.3251006529999998 0 55.1470952346000018 0 131.435336795000012 0 31.5171539600999999 0 32.2722259941999994 0 29.4416964738000004 0 34.9551969572000019 0 31.5104283000999992 0 46.4860070499000031 0 59.1347961079000015 0 26.2708078707000006 0 55.2563750658000004 0 47.4796115035999975 0 46.8516257634000013 0 133.377002376000007 0 53.7444322476999972 0
60.4525737271999972 0 27.3696034827999988 0 45.7249300086999995 0 47.3057896605999986 0 60.3829863728999996 0 56.8176805927000004 0 46.0320268752999979 0 61.7548191679000027 0 60.1593763019999983 0 41.3251006529999998 0 52.4983201487999978 0 115.517164328000007 0 30.2694561725 0 32.2722259941999994 0 29.4416964738000004 0 20.7610260476000015 0 22.9369696709000017 0 46.4860070499000031 0 59.1347961079000015 0 26.2708078707000006 0 55.2563750658000004 0 47.4796115035999975 0 41.5147598755999994 0 133.377002376000007 0 48.9005256519999989 0
60.4525737271999972 0 27.3696034827999988 0 45.7249300086999995 0 44.1832544088000034 0 60.3829863728999996 0 56.8176805927000004 0 46.0320268752999979 0 61.7548191679000027 0 60.1593763019999983 0 41.3251006529999998 0 45.3762760528000015 0 115.517164328000007 0 30.2694561725 0 32.2722259941999994 0 29.4416964738000004 0 20.7610260476000015 0 22.9369696709000017 0 35.5550538512000003 0 59.1347961079000015 0 26.2708078707000006 0 55.2563750658000004 0 47.4796115035999975 0 41.5147598755999994 0 133.377002376000007 0 48.9005256519999989 0
60.4525737271999972 0 27.3696034827999988 0 45.7249300086999995 0 44.1832544088000034 0 60.3829863728999996 0 56.8176805927000004 0 44.5045194893000016 0 46.9277441185000015 0 49.1067614840000033 0 41.3251006529999998 0 40.6656394533999972 0 43.5787166938999988 0 30.2694561725 0 32.2722259941999994 0 29.4416964738000004 0 20.7610260476000015 0 22.9369696709000017 0 35.5550538512000003 0 59.1347961079000015 0 26.2708078707000006 0 55.2563750658000004 0 47.4796115035999975 0 41.5147598755999994 0 114.384348145000004 0 43.9118396702999974 0
60.4525737271999972 0 24.8701839786999983 0 45.7249300086999995 0 44.1832544088000034 0 60.3829863728999996 0 56.8176805927000004 0 44.5045194893000016 0 46.9277441185000015 0 49.1067614840000033 0 41.3251006529999998 0 40.6656394533999972 0 43.5787166938999988 0 30.2694561725 0 32.2722259941999994 0 29.0138485169000013 0 20.7610260476000015 0 22.9369696709000017 0 35.5550538512000003 0 56.5043158233999989 0 26.2708078707000006 0 51.0232942055000009 0 47.4796115035999975 0 34.7225402138000021 0 114.384348145000004 0 40.6304716683999985 0
60.4525737271999972 0 24.8701839786999983 0 45.7249300086999995 0 44.1832544088000034 0 53.3106190191000024 0 56.8176805927000004 0 42.3643215864999974 0 46.9277441185000015 0 49.1067614840000033 0 34.082200027399999 0 39.4169504914000015 0 43.5787166938999988 0 30.2694561725 0 28.8171712548999999 0 29.0138485169000013 0 20.7610260476000015 0 22.9369696709000017 0 35.5550538512000003 0 56.5043158233999989 0 26.2708078707000006 0 48.7396966589000016 0 47.4796115035999975 0 34.7225402138000021 0 102.276203761000005 0 40.6304716683999985 0
60.4525737271999972 0 24.8701839786999983 0 45.7249300086999995 0 44.1832544088000034 0 53.0454132071999993 0 51.0932782343000014 0 41.9537497520000002 0 46.9277441185000015 0 49.1067614840000033 0 33.379340669100003 0 34.9840018407000031 0 43.5787166938999988 0 30.2694561725 0 28.8171712548999999 0 29.0138485169000013 0 20.7610260476000015 0 16.3945740206999986 0 35.5550538512000003 0 56.5043158233999989 0 26.2708078707000006 0 48.7396966589000016 0 36.4084056848000017 0 34.7225402138000021 0 93.3785146161000057 0 40.6304716683999985 0
60.4525737271999972 0 21.7309356194000003 0 45.7249300086999995 0 34.7929051123999997 0 53.0454132071999993 0 51.0932782343000014 0 41.9537497520000002 0 40.7246482171999986 0 33.4824614500999971 0 29.5751270147999996 0 34.9840018407000031 0 43.5787166938999988 0 30.2694561725 0 28.8171712548999999 0 29.0138485169000013 0 20.7610260476000015 0 16.3945740206999986 0 35.5550538512000003 0 56.5043158233999989 0 26.2708078707000006 0 48.7396966589000016 0 36.4084056848000017 0 34.7225402138000021 0 93.3785146161000057 0 39.4276270311999966 0
60.4525737271999972 0 18.9104712982000009 0 40.1232238483000003 0 34.7929051123999997 0 37.2829542225000026 0 51.0932782343000014 0 29.2120572150000015 0 40.7246482171999986 0 33.4824614500999971 0 29.5751270147999996 0 34.9840018407000031 0 43.5787166938999988 0 21.1907761388000004 0 28.8171712548999999 0 29.0138485169000013 0 20.7610260476000015 0 16.3945740206999986 0 35.5550538512000003 0 56.5043158233999989 0 26.2708078707000006 0 48.7396966589000016 0 36.4084056848000017 0 30.1941803540000002 0 93.3785146161000057 0 39.4276270311999966 0
55.0231431548000032 0 18.9104712982000009 0 40.1232238483000003 0 34.7929051123999997 0 37.2829542225000026 0 44.7351412590999971 0 29.2120572150000015 0 40.7246482171999986 0 33.4824614500999971 0 22.2267433174999987 0 31.7217116122 0 43.5787166938999988 0 21.1907761388000004 0 24.4542488839999983 0 29.0138485169000013 0 20.7610260476000015 0 16.3945740206999986 0 35.5550538512000003 0 56.5043158233999989 0 26.2708078707000006 0 48.7396966589000016 0 36.4084056848000017 0 30.1941803540000002 0 82.1847548371000016 0 39.4276270311999966 0
55.0231431548000032 0 18.9104712982000009 0 40.1232238483000003 0 31.5444885040999985 0 37.2829542225000026 0 44.7351412590999971 0 29.2120572150000015 0 40.7246482171999986 0 33.4824614500999971 0 22.2267433174999987 0 31.7217116122 0 43.5787166938999988 0 21.1907761388000004 0 19.7885750167999994 0 29.0138485169000013 0 18.867977701200001 0 16.3945740206999986 0 28.1839638165000004 0 56.5043158233999989 0 26.2708078707000006 0 37.5089555035999993 0 32.0313657167000017 0 30.1941803540000002 0 40.8619738913000035 0 39.4276270311999966 0
54.7330191069999969 0 15.3340793986000001 0 27.7969433232000007 0 29.8844187284 0 37.2829542225000026 0 44.7351412590999971 0 29.2120572150000015 0 38.5571314068000035 0 28.0068211580999993 0 22.2267433174999987 0 31.7217116122 0 43.5787166938999988 0 21.1907761388000004 0 19.7885750167999994 0 21.1944562929 0 18.867977701200001 0 15.2163602673000007 0 28.1839638165000004 0 56.5043158233999989 0 26.2708078707000006 0 37.5089555035999993 0 32.0313657167000017 0 26.4437290406999992 0 40.8619738913000035 0 28.3114828470999988 0
54.7330191069999969 0 13.3500157392999999 0 27.7969433232000007 0 20.6129807225999997 0 32.8961798871999989 0 44.7351412590999971 0 28.0428386676000017 0 33.1443728674000013 0 26.0602700515999999 0 22.2267433174999987 0 31.7217116122 0 43.5787166938999988 0 21.1907761388000004 0 19.7885750167999994 0 21.1944562929 0 18.867977701200001 0 15.2163602673000007 0 28.1839638165000004 0 42.4629348312000019 0 26.2708078707000006 0 37.5089555035999993 0 32.0313657167000017 0 21.2433036275999996 0 40.8619738913000035 0 28.3114828470999988 0
41.8390446868000012 0 13.3500157392999999 0 27.7969433232000007 0 20.6129807225999997 0 32.8961798871999989 0 44.7351412590999971 0 28.0428386676000017 0 33.1443728674000013 0 26.0602700515999999 0 21.6612131105000003 0 31.2208444181000004 0 43.5787166938999988 0 21.1907761388000004 0 19.7885750167999994 0 21.1944562929 0 18.867977701200001 0 15.2163602673000007 0 28.1839638165000004 0 42.4629348312000019 0 26.2708078707000006 0 37.5089555035999993 0 32.0313657167000017 0 21.2433036275999996 0 40.8619738913000035 0 28.3114828470999988 0
36.1496647718999995 0 13.3500157392999999 0 27.7969433232000007 0 20.6129807225999997 0 30.5124237819000008 0 44.7351412590999971 0 14.9150537236999998 0 33.1443728674000013 0 18.8672524919000004 0 21.4188361653999984 0 29.649644630800001 0 43.5787166938999988 0 21.1907761388000004 0 19.7885750167999994 0 21.1944562929 0 18.867977701200001 0 15.2163602673000007 0 28.1839638165000004 0 42.4629348312000019 0 25.7797947998999994 0 37.5089555035999993 0 32.0313657167000017 0 21.2433036275999996 0 40.8619738913000035 0 26.8435334137000012 0
32.8937579802000002 0 13.3500157392999999 0 27.7969433232000007 0 20.6129807225999997 0 30.5124237819000008 0 44.7351412590999971 0 14.9150537236999998 0 31.2835015001000016 0 18.8672524919000004 0 21.4188361653999984 0 29.649644630800001 0 41.9629154371000013 0 21.1907761388000004 0 19.7885750167999994 0 21.1944562929 0 18.1312568023000011 0 10.1893624465000006 0 28.1839638165000004 0 42.4629348312000019 0 16.5428848090000002 0 37.5089555035999993 0 28.9977989479000016 0 21.2433036275999996 0 40.8619738913000035 0 20.9864859300000006 0
32.8937579802000002 0 13.3500157392999999 0 27.7969433232000007 0 20.6129807225999997 0 30.5124237819000008 0 44.7351412590999971 0 14.9150537236999998 0 31.2835015001000016 0 18.8672524919000004 0 19.1976818428999998 0 26.2803110645999993 0 41.9629154371000013 0 16.5678535855 0 18.3647011639999995 0 21.1944562929 0 18.1312568023000011 0 10.1893624465000006 0 24.5370364284999987 0 42.4629348312000019 0 16.5428848090000002 0 27.8705297811999984 0 28.9977989479000016 0 19.5419010122000003 0 40.8619738913000035 0 20.9864859300000006 0
32.8937579802000002 0 13.3500157392999999 0 27.7969433232000007 0 20.6129807225999997 0 30.5124237819000008 0 37.3733447436000006 0 14.9150537236999998 0 31.2835015001000016 0 18.8672524919000004 0 19.1976818428999998 0 22.1650802581000015 0 41.9629154371000013 0 16.5678535855 0 18.3647011639999995 0 21.1944562929 0 18.1312568023000011 0 10.1893624465000006 0 21.0245612526000016 0 42.4629348312000019 0 16.5428848090000002 0 27.8705297811999984 0 26.4243566130999987 0 19.4952876034000013 0 40.8619738913000035 0 20.9864859300000006 0
32.8937579802000002 0 13.3500157392999999 0 22.9049530455999992 0 20.6129807225999997 0 18.5093636108000013 0 34.4776137554000002 0 14.9150537236999998 0 29.9168314506999984 0 18.8672524919000004 0 16.3538063670999989 0 22.1650802581000015 0 40.0732270572000004 0 16.5678535855 0 13.3218772242999997 0 21.0020836304000014 0 12.1660184954999995 0 10.1893624465000006 0 21.0245612526000016 0 42.4629348312000019 0 16.5428848090000002 0 27.8705297811999984 0 26.4243566130999987 0 18.9819996073999988 0 40.8619738913000035 0 16.0068511047000008 0
32.8937579802000002 0 13.3500157392999999 0 20.2709418648999993 0 16.503786398199999 0 18.5093636108000013 0 33.7395428604000003 0 14.9150537236999998 0 22.9051818653999995 0 18.2003931723000001 0 16.3538063670999989 0 22.1650802581000015 0 34.2133465383000015 0 16.5678535855 0 13.3218772242999997 0 20.075022605600001 0 12.1660184954999995 0 9.62706293279999947 0 20.8170257985000013 0 42.4629348312000019 0 15.0976570340999992 0 27.8705297811999984 0 26.4243566130999987 0 18.5112069677999997 0 40.8619738913000035 0 16.0068511047000008 0
28.983582221399999 0 13.3500157392999999 0 20.2709418648999993 0 16.503786398199999 0 18.5093636108000013 0 33.7395428604000003 0 14.9150537236999998 0 22.9051818653999995 0 18.2003931723000001 0 14.9645308138999997 0 20.0320471150999992 0 34.2133465383000015 0 16.5678535855 0 13.3218772242999997 0 20.075022605600001 0 12.1660184954999995 0 9.62706293279999947 0 16.5825301184999994 0 42.4629348312000019 0 14.0863021287999999 0 27.8705297811999984 0 25.1867521387999993 0 18.5112069677999997 0 40.8619738913000035 0 16.0068511047000008 0
28.983582221399999 0 13.3500157392999999 0 20.2709418648999993 0 16.503786398199999 0 18.5093636108000013 0 33.7395428604000003 0 14.9150537236999998 0 22.9051818653999995 0 18.2003931723000001 0 14.9645308138999997 0 16.0574123029000013 0 34.2133465383000015 0 16.5678535855 0 13.3218772242999997 0 20.075022605600001 0 11.9794749696 0 9.62706293279999947 0 16.5825301184999994 0 42.2055215930000003 0 14.0863021287999999 0 27.8705297811999984 0 24.5955156443000007 0 16.4141917066000005 0 40.8619738913000035 0 16.0068511047000008 0
28.983582221399999 0 8.64017209440999956 0 16.2078299604000016 0 16.503786398199999 0 18.5093636108000013 0 33.7395428604000003 0 14.9150537236999998 0 15.6884928046999992 0 18.2003931723000001 0 14.9645308138999997 0 16.0574123029000013 0 27.343390019600001 0 14.7086003302999995 0 13.3218772242999997 0 12.0888140051999997 0 11.9794749696 0 9.58606421936000075 0 16.5825301184999994 0 42.2055215930000003 0 12.3245777285999996 0 27.8705297811999984 0 24.5955156443000007 0 11.6065680812000007 0 40.8619738913000035 0 16.0068511047000008 0
28.983582221399999 0 8.64017209440999956 0 16.2078299604000016 0 16.503786398199999 0 18.5093636108000013 0 33.7395428604000003 0 14.9150537236999998 0 15.6884928046999992 0 15.9678916047000001 0 14.9645308138999997 0 16.0574123029000013 0 27.343390019600001 0 14.7086003302999995 0 13.3218772242999997 0 12.0888140051999997 0 11.7751387581000007 0 9.58606421936000075 0 16.5825301184999994 0 38.0195894490000015 0 11.6314073625999992 0 27.8705297811999984 0 24.5955156443000007 0 11.6065680812000007 0 40.8619738913000035 0 16.0068511047000008 0
22.4229233466000011 0 8.64017209440999956 0 16.2078299604000016 0 16.503786398199999 0 18.5093636108000013 0 30.5189311005999997 0 14.9150537236999998 0 15.6884928046999992 0 15.9678916047000001 0 12.7639450551000007 0 13.9691972378999996 0 27.343390019600001 0 14.7086003302999995 0 13.3218772242999997 0 12.0888140051999997 0 11.7751387581000007 0 9.58606421936000075 0 16.5825301184999994 0 38.0195894490000015 0 11.6314073625999992 0 23.4995896920999989 0 24.5955156443000007 0 11.6065680812000007 0 40.8619738913000035 0 16.0068511047000008 0
15.8155040734999996 0 8.64017209440999956 0 16.2078299604000016 0 15.3121978563999992 0 18.5093636108000013 0 21.4135722774999984 0 14.9150537236999998 0 15.6884928046999992 0 14.8113035614000008 0 12.7639450551000007 0 13.9691972378999996 0 27.343390019600001 0 12.5707064696999993 0 13.3218772242999997 0 12.0888140051999997 0 11.7751387581000007 0 9.58606421936000075 0 15.5105115235 0 30.4394401282999993 0 11.6314073625999992 0 23.4995896920999989 0 20.3221084414999993 0 11.6065680812000007 0 40.8619738913000035 0 16.0068511047000008 0
15.8155040734999996 0 8.64017209440999956 0 10.3574338293999997 0 15.3121978563999992 0 18.5093636108000013 0 21.4135722774999984 0 14.9150537236999998 0 15.6884928046999992 0 12.5840448396000006 0 12.7639450551000007 0 13.9691972378999996 0 27.343390019600001 0 10.3386205969000002 0 13.3218772242999997 0 12.0888140051999997 0 8.02284577636000051 0 9.58606421936000075 0 15.5105115235 0 30.0338773241000005 0 11.0299475237000006 0 23.4995896920999989 0 20.3221084414999993 0 9.60615578988000074 0 40.8619738913000035 0 15.3972124207000007 0
15.8155040734999996 0 8.64017209440999956 0 10.3574338293999997 0 14.4364600677000006 0 18.5093636108000013 0 21.4135722774999984 0 14.9150537236999998 0 15.6884928046999992 0 12.5840448396000006 0 12.7133045770000006 0 13.3970181993999997 0 27.343390019600001 0 10.3386205969000002 0 11.1240728879000006 0 12.0888140051999997 0 8.02284577636000051 0 9.31230347544000026 0 10.5036345959999995 0 30.0338773241000005 0 11.0299475237000006 0 22.8937226793000015 0 20.3221084414999993 0 9.60615578988000074 0 40.8619738913000035 0 14.3359892105999993 0
15.8155040734999996 0 8.64017209440999956 0 10.3574338293999997 0 14.4364600677000006 0 17.4588403891000006 0 17.6858546957000016 0 11.4329862877000004 0 15.6884928046999992 0 12.5840448396000006 0 11.1423530173999996 0 12.5907621999000003 0 27.343390019600001 0 10.3386205969000002 0 10.0022764882999997 0 12.0888140051999997 0 8.02284577636000051 0 9.31230347544000026 0 10.5036345959999995 0 30.0338773241000005 0 11.0299475237000006 0 16.4595966438000012 0 14.6341154037999992 0 9.60615578988000074 0 40.7456868686000035 0 14.3359892105999993 0
15.8155040734999996 0 8.64017209440999956 0 10.3574338293999997 0 8.98237648547999967 0 17.4588403891000006 0 17.6858546957000016 0 11.4329862877000004 0 15.6884928046999992 0 9.31774869074999934 0 11.1423530173999996 0 12.5907621999000003 0 24.6380077433000011 0 9.35490788178999999 0 10.0022764882999997 0 9.81750331375000052 0 8.02284577636000051 0 8.3821864411 0 10.5036345959999995 0 19.9892761768999989 0 10.6096532525999994 0 16.4595966438000012 0 14.6341154037999992 0 9.60615578988000074 0 40.7456868686000035 0 8.59997801361999947 0
15.8155040734999996 0 7.36418789886000003 0 10.3574338293999997 0 8.98237648547999967 0 17.4588403891000006 0 17.6858546957000016 0 11.4329862877000004 0 15.6884928046999992 0 9.12973083269999997 0 11.1423530173999996 0 12.5907621999000003 0 24.6380077433000011 0 9.35490788178999999 0 10.0022764882999997 0 9.81750331375000052 0 7.48138647448999983 0 7.89014569545000022 0 10.5036345959999995 0 19.9892761768999989 0 10.0817523048000002 0 16.4595966438000012 0 14.6341154037999992 0 9.60615578988000074 0 40.7456868686000035 0 8.59997801361999947 0
15.8155040734999996 0 7.36418789886000003 0 10.3574338293999997 0 8.98237648547999967 0 16.5523680519000003 0 17.6858546957000016 0 11.4329862877000004 0 15.6884928046999992 0 9.12973083269999997 0 9.41938476201000086 0 12.0548923282999993 0 24.6380077433000011 0 9.35490788178999999 0 7.60031634258000022 0 9.81750331375000052 0 7.48138647448999983 0 7.89014569545000022 0 9.85697033812999912 0 19.9892761768999989 0 10.0817523048000002 0 16.4595966438000012 0 9.40092822523999949 0 9.60615578988000074 0 40.7456868686000035 0 8.59997801361999947 0
15.8155040734999996 0 7.36418789886000003 0 10.3574338293999997 0 8.98237648547999967 0 15.7783871965000007 0 17.6858546957000016 0 11.3926554482999993 0 15.6884928046999992 0 6.60927038160000002 0 9.24464064914999994 0 6.7685614275799999 0 24.6380077433000011 0 9.35490788178999999 0 7.60031634258000022 0 6.80803564616999957 0 7.48138647448999983 0 7.89014569545000022 0 9.85697033812999912 0 19.6500948734000005 0 9.7344076948799998 0 16.4595966438000012 0 9.40092822523999949 0 9.60615578988000074 0 37.4058883240999975 0 8.59997801361999947 0
15.8155040734999996 0 6.54301959182000026 0 9.33830503837000059 0 8.98237648547999967 0 15.7783871965000007 0 17.6858546957000016 0 11.3926554482999993 0 15.6884928046999992 0 6.49457567377 0 9.24464064914999994 0 6.7685614275799999 0 16.6747476506999988 0 7.91235748860999966 0 7.60031634258000022 0 6.80803564616999957 0 7.48138647448999983 0 5.95664328741000038 0 9.85697033812999912 0 19.6500948734000005 0 9.7344076948799998 0 16.4595966438000012 0 9.40092822523999949 0 9.60615578988000074 0 37.4058883240999975 0 8.59997801361999947 0
13.8104896305999993 0 6.19351993595000039 0 9.33830503837000059 0 8.98237648547999967 0 15.7783871965000007 0 10.6827964332000001 0 11.3926554482999993 0 13.1783711312000005 0 6.49457567377 0 8.33606369544000003 0 6.7685614275799999 0 16.6747476506999988 0 7.58082629944999997 0 7.60031634258000022 0 6.80803564616999957 0 7.48138647448999983 0 5.95664328741000038 0 8.64152514405000005 0 19.6500948734000005 0 9.38572307387000038 0 11.9550771158 0 9.40092822523999949 0 7.37227225645999962 0 36.8609480382000001 0 8.59997801361999947 0
13.8104896305999993 0 6.19351993595000039 0 9.33830503837000059 0 8.98237648547999967 0 7.81554097047999985 0 10.6827964332000001 0 9.67968358621999947 0 13.1783711312000005 0 6.49457567377 0 8.33606369544000003 0 6.7685614275799999 0 16.6747476506999988 0 7.58082629944999997 0 7.59238143799000031 0 6.80803564616999957 0 7.48138647448999983 0 5.95664328741000038 0 8.64152514405000005 0 19.6500948734000005 0 9.38572307387000038 0 11.9550771158 0 9.40092822523999949 0 7.37227225645999962 0 31.9965005956000006 0 8.59997801361999947 0
13.8104896305999993 0 5.75008553122999988 0 9.33830503837000059 0 6.64309086552999961 0 7.81554097047999985 0 10.6827964332000001 0 9.67968358621999947 0 13.1783711312000005 0 6.49457567377 0 8.33606369544000003 0 6.7685614275799999 0 14.0430959899999994 0 7.58082629944999997 0 7.59238143799000031 0 5.62082244153999966 0 7.48138647448999983 0 5.95664328741000038 0 8.64152514405000005 0 19.6500948734000005 0 8.38621834972999913 0 10.0924050659999995 0 8.54306948960000057 0 7.37227225645999962 0 31.9965005956000006 0 7.46610259321999958 0
13.8104896305999993 0 5.75008553122999988 0 9.33830503837000059 0 6.32670459794000006 0 7.81554097047999985 0 10.6827964332000001 0 9.67968358621999947 0 11.3378644614000006 0 6.49457567377 0 8.33606369544000003 0 6.7685614275799999 0 14.0430959899999994 0 6.83717762085000036 0 7.59238143799000031 0 5.62082244153999966 0 7.44552418573000008 0 5.95664328741000038 0 8.64152514405000005 0 19.6500948734000005 0 5.64713301234000031 0 10.0924050659999995 0 8.54306948960000057 0 7.37227225645999962 0 31.9965005956000006 0 7.46610259321999958 0
13.8104896305999993 0 5.75008553122999988 0 9.33830503837000059 0 6.32670459794000006 0 7.81554097047999985 0 10.6827964332000001 0 5.38955581562999964 0 11.3378644614000006 0 6.49457567377 0 5.61363452477000013 0 6.73271846809999985 0 14.0430959899999994 0 6.48351736399999989 0 7.59238143799000031 0 5.62082244153999966 0 7.44552418573000008 0 5.95664328741000038 0 5.98160914062999982 0 19.6500948734000005 0 5.64713301234000031 0 10.0924050659999995 0 6.88571375200000002 0 7.37227225645999962 0 31.9965005956000006 0 7.46610259321999958 0
13.8104896305999993 0 5.75008553122999988 0 9.33830503837000059 0 5.08589745819999983 0 7.81554097047999985 0 10.6827964332000001 0 5.38955581562999964 0 11.3378644614000006 0 6.49457567377 0 5.61363452477000013 0 6.43373615718000025 0 14.0430959899999994 0 6.48351736399999989 0 6.37304651935999988 0 5.62082244153999966 0 7.44552418573000008 0 5.95664328741000038 0 5.98160914062999982 0 19.6500948734000005 0 5.64713301234000031 0 7.45250017046999957 0 6.88571375200000002 0 7.37227225645999962 0 31.9965005956000006 0 7.46610259321999958 0
13.8104896305999993 0 5.75008553122999988 0 9.33830503837000059 0 5.08589745819999983 0 7.81554097047999985 0 10.6827964332000001 0 5.38955581562999964 0 8.03747336154999914 0 6.37563931499999992 0 5.61363452477000013 0 6.43373615718000025 0 11.9989835559000007 0 6.48351736399999989 0 6.37304651935999988 0 5.40575196138000003 0 5.59722024443999988 0 5.13757104222000027 0 5.98160914062999982 0 19.6500948734000005 0 5.3621802005000001 0 7.45250017046999957 0 6.88571375200000002 0 7.37227225645999962 0 27.1520445403999986 0 7.37022759134999994 0
13.8104896305999993 0 4.74781534782999959 0 7.79330465245999982 0 5.08589745819999983 0 7.81554097047999985 0 10.6827964332000001 0 5.38955581562999964 0 8.03747336154999914 0 5.61800300787999962 0 5.61363452477000013 0 6.43373615718000025 0 11.9989835559000007 0 5.3893975275199999 0 6.37304651935999988 0 5.40575196138000003 0 5.59722024443999988 0 4.14787965683999982 0 5.98160914062999982 0 17.9079340217000009 0 5.3621802005000001 0 7.45250017046999957 0 6.88571375200000002 0 7.37227225645999962 0 27.1520445403999986 0 7.04580574512000002 0
12.8314062307000007 0 4.74781534782999959 0 7.79330465245999982 0 5.08589745819999983 0 7.81554097047999985 0 10.6827964332000001 0 5.38955581562999964 0 8.03747336154999914 0 5.61800300787999962 0 3.35463763482999999 0 6.31830114838999979 0 11.9989835559000007 0 5.3893975275199999 0 6.03292634212999968 0 5.40575196138000003 0 5.59722024443999988 0 4.14787965683999982 0 5.98160914062999982 0 17.9079340217000009 0 5.3621802005000001 0 7.45250017046999957 0 6.22349043266000024 0 7.37227225645999962 0 27.1520445403999986 0 7.04580574512000002 0
10.5340237545999997 0 4.74781534782999959 0 7.79330465245999982 0 5.08589745819999983 0 6.10998222642999966 0 10.6827964332000001 0 5.38955581562999964 0 8.03747336154999914 0 4.91202039117000044 0 3.35463763482999999 0 6.31830114838999979 0 11.9989835559000007 0 4.05506674641999965 0 5.54977420692999956 0 5.40575196138000003 0 5.59722024443999988 0 3.38920189459000021 0 5.98160914062999982 0 12.7873044837999998 0 5.04368122020999987 0 7.45250017046999957 0 6.22349043266000024 0 7.37227225645999962 0 27.1520445403999986 0 7.04580574512000002 0
9.43921540913000001 0 3.75517802496000019 0 7.04618032495999991 0 3.91631717603000018 0 6.10998222642999966 0 10.6827964332000001 0 5.38955581562999964 0 7.44671758622000013 0 4.86300318663000031 0 3.35463763482999999 0 4.78251868126000002 0 11.9989835559000007 0 4.05506674641999965 0 5.0265598793299997 0 4.13898467756999988 0 4.85366918954999971 0 3.38920189459000021 0 5.98160914062999982 0 11.6999724565999994 0 4.34410686251000033 0 7.45250017046999957 0 6.22349043266000024 0 3.84079464829000017 0 27.1520445403999986 0 7.04580574512000002 0
9.43921540913000001 0 3.75517802496000019 0 7.04618032495999991 0 3.91631717603000018 0 6.10998222642999966 0 10.5264012389000001 0 5.38955581562999964 0 7.44671758622000013 0 4.82515510202000009 0 3.35463763482999999 0 3.4604246569599999 0 11.9989835559000007 0 4.05506674641999965 0 4.56954080134999963 0 4.13898467756999988 0 3.5804752927800001 0 2.86509964936999983 0 4.87946352666000038 0 11.6999724565999994 0 4.34410686251000033 0 7.45250017046999957 0 5.83894980815999975 0 3.84079464829000017 0 26.9723373510999984 0 7.04580574512000002 0
8.70026706450999932 0 3.75517802496000019 0 7.04618032495999991 0 3.91631717603000018 0 6.10998222642999966 0 9.84025928738999944 0 4.66811699639000022 0 7.44671758622000013 0 4.82515510202000009 0 3.35463763482999999 0 3.4604246569599999 0 11.9989835559000007 0 4.05506674641999965 0 4.56954080134999963 0 4.13898467756999988 0 3.5804752927800001 0 2.86509964936999983 0 4.71774399383000009 0 11.6999724565999994 0 4.34410686251000033 0 7.45250017046999957 0 5.40979403384999991 0 3.84079464829000017 0 26.9723373510999984 0 7.04580574512000002 0
8.70026706450999932 0 3.62170310067000001 0 6.50665949381999997 0 3.91631717603000018 0 6.10998222642999966 0 9.84025928738999944 0 4.66811699639000022 0 7.44671758622000013 0 3.35460424754000019 0 3.35463763482999999 0 3.4604246569599999 0 7.23085146262999956 0 4.05506674641999965 0 4.56954080134999963 0 4.13898467756999988 0 3.5804752927800001 0 2.86509964936999983 0 4.36715064484999971 0 11.6999724565999994 0 4.34410686251000033 0 7.45250017046999957 0 5.40979403384999991 0 3.84079464829000017 0 26.9723373510999984 0 7.04580574512000002 0
8.70026706450999932 0 3.62170310067000001 0 4.69060136093999969 0 3.91631717603000018 0 6.10998222642999966 0 9.84025928738999944 0 4.66811699639000022 0 7.44671758622000013 0 3.35460424754000019 0 3.35463763482999999 0 3.4604246569599999 0 7.23085146262999956 0 4.05506674641999965 0 4.56954080134999963 0 3.10615986618000006 0 3.5804752927800001 0 2.86509964936999983 0 4.36715064484999971 0 11.6999724565999994 0 4.34410686251000033 0 7.45250017046999957 0 5.40979403384999991 0 3.84079464829000017 0 26.9723373510999984 0 7.04580574512000002 0
4.17921499660999984 0 3.62170310067000001 0 4.69060136093999969 0 3.91631717603000018 0 6.10998222642999966 0 8.86975646876000035 0 3.73338311473000006 0 7.44671758622000013 0 3.35460424754000019 0 3.35463763482999999 0 3.4604246569599999 0 7.23085146262999956 0 2.5752650839200002 0 4.14055966822999988 0 3.10615986618000006 0 3.5804752927800001 0 2.86509964936999983 0 4.14335906320000014 0 11.6999724565999994 0 4.34410686251000033 0 5.83754894454999995 0 5.0507351679400001 0 3.84079464829000017 0 21.1827151295999982 0 6.19592816227000043 0
4.17921499660999984 0 3.62170310067000001 0 4.69060136093999969 0 3.91631717603000018 0 6.10998222642999966 0 8.86975646876000035 0 3.73338311473000006 0 7.44671758622000013 0 3.35460424754000019 0 2.58399674704000004 0 3.4604246569599999 0 7.23085146262999956 0 2.5752650839200002 0 4.14055966822999988 0 3.10615986618000006 0 3.5804752927800001 0 2.86509964936999983 0 4.14335906320000014 0 11.6999724565999994 0 3.71924416520000012 0 5.83754894454999995 0 3.53393117189999995 0 3.84079464829000017 0 21.1827151295999982 0 5.81974465179999978 0
4.17921499660999984 0 3.62170310067000001 0 4.69060136093999969 0 3.91631717603000018 0 6.10998222642999966 0 7.98363255406999972 0 3.73338311473000006 0 7.44671758622000013 0 3.13174870835999997 0 2.58399674704000004 0 3.4604246569599999 0 7.23085146262999956 0 2.5752650839200002 0 4.14055966822999988 0 3.10615986618000006 0 3.5271906100699999 0 2.51290567699 0 4.14335906320000014 0 9.24814056207000057 0 3.71924416520000012 0 5.83754894454999995 0 3.53393117189999995 0 3.84079464829000017 0 21.1827151295999982 0 5.81974465179999978 0
4.17921499660999984 0 3.62170310067000001 0 4.69060136093999969 0 3.91631717603000018 0 5.32990167937999981 0 7.98363255406999972 0 3.73338311473000006 0 7.44671758622000013 0 3.13174870835999997 0 2.58399674704000004 0 3.4604246569599999 0 7.12084528979000009 0 2.5752650839200002 0 2.86341155613999998 0 3.10615986618000006 0 3.5271906100699999 0 2.51290567699 0 3.73873615775000001 0 8.26597945462999917 0 3.71924416520000012 0 5.75417297088000002 0 3.53393117189999995 0 3.84079464829000017 0 19.1826287851999986 0 5.81974465179999978 0
4.17921499660999984 0 3.41505682867000004 0 4.69060136093999969 0 3.91631717603000018 0 4.25582185465999974 0 7.98363255406999972 0 3.39682501416000004 0 7.44671758622000013 0 3.13174870835999997 0 2.58399674704000004 0 3.18483263248000004 0 7.12084528979000009 0 2.5752650839200002 0 2.49154153758999986 0 3.10615986618000006 0 3.5271906100699999 0 2.51290567699 0 3.2740250231200001 0 8.26597945462999917 0 3.71924416520000012 0 5.75417297088000002 0 3.53393117189999995 0 3.84079464829000017 0 14.1370519394999992 0 5.81974465179999978 0
4.17921499660999984 0 3.41505682867000004 0 4.69060136093999969 0 2.69297777110999981 0 4.25582185465999974 0 7.98363255406999972 0 3.39682501416000004 0 7.44671758622000013 0 2.37909206797999984 0 2.58399674704000004 0 3.18483263248000004 0 6.62213135762999983 0 2.5752650839200002 0 2.49154153758999986 0 3.10615986618000006 0 2.92458916320999984 0 2.51290567699 0 3.2740250231200001 0 8.26597945462999917 0 2.49423760464999988 0 5.75417297088000002 0 3.53393117189999995 0 3.84079464829000017 0 14.1370519394999992 0 5.81974465179999978 0
4.17921499660999984 0 3.15032353711999979 0 4.23787984743000035 0 2.69297777110999981 0 4.25582185465999974 0 7.98363255406999972 0 3.39682501416000004 0 6.62713304582999996 0 2.37909206797999984 0 2.58399674704000004 0 3.18483263248000004 0 6.04609120817000001 0 2.5752650839200002 0 2.49154153758999986 0 1.82136410289000006 0 2.88492325686000006 0 2.51290567699 0 3.2740250231200001 0 6.91510689251999988 0 2.49423760464999988 0 5.75417297088000002 0 3.53393117189999995 0 3.21188288360999996 0 14.1370519394999992 0 5.44571723054999968 0
3.47081746597000018 0 3.15032353711999979 0 4.23787984743000035 0 2.69297777110999981 0 3.8515463899000002 0 7.93992517345999982 0 2.43652951679999985 0 5.7175760606599999 0 2.37909206797999984 0 2.58399674704000004 0 2.81845329640999998 0 6.04609120817000001 0 2.5752650839200002 0 2.49154153758999986 0 1.82136410289000006 0 2.88492325686000006 0 2.51290567699 0 3.10825590420999998 0 6.91510689251999988 0 2.49423760464999988 0 4.66502178760999975 0 2.76457190971999989 0 3.21188288360999996 0 11.4969282652999993 0 5.44571723054999968 0
3.47081746597000018 0 2.12325997203000005 0 4.23787984743000035 0 2.69297777110999981 0 3.14523154138999983 0 6.98698782898000026 0 2.43652951679999985 0 5.7175760606599999 0 2.37909206797999984 0 2.31702138674000002 0 2.72569528485000001 0 6.04609120817000001 0 2.5752650839200002 0 2.49154153758999986 0 1.82136410289000006 0 2.88492325686000006 0 2.40000231951999998 0 3.10825590420999998 0 6.91510689251999988 0 2.49423760464999988 0 4.66502178760999975 0 2.44276022762 0 3.21188288360999996 0 11.4969282652999993 0 4.22617115254000009 0
3.47081746597000018 0 2.12325997203000005 0 3.15496866296 0 2.14548892306999983 0 3.14523154138999983 0 6.98698782898000026 0 2.43652951679999985 0 5.33318039351000017 0 1.60795546229000008 0 2.31702138674000002 0 2.72569528485000001 0 4.89163549761000027 0 2.5752650839200002 0 2.49154153758999986 0 1.82136410289000006 0 1.94959788611000007 0 2.40000231951999998 0 3.10825590420999998 0 6.33373636367999993 0 2.49423760464999988 0 4.01025149166000006 0 2.44276022762 0 3.21188288360999996 0 11.4969282652999993 0 4.22617115254000009 0
3.47081746597000018 0 2.12325997203000005 0 3.15496866296 0 2.14548892306999983 0 3.14523154138999983 0 6.97548536804000019 0 2.43652951679999985 0 5.33318039351000017 0 1.60795546229000008 0 2.30341701164000012 0 2.72569528485000001 0 4.87271353678000008 0 2.5752650839200002 0 2.12104083187999981 0 1.82136410289000006 0 1.94959788611000007 0 2.40000231951999998 0 3.10825590420999998 0 5.59998597966999956 0 2.49423760464999988 0 3.4350230743700001 0 2.44276022762 0 3.21188288360999996 0 11.4969282652999993 0 4.22617115254000009 0
3.39126099387000002 0 2.12325997203000005 0 3.15496866296 0 2.14548892306999983 0 3.02990426911000021 0 6.90584288361000009 0 2.43652951679999985 0 5.33318039351000017 0 1.60795546229000008 0 2.30341701164000012 0 2.54960241378000019 0 4.87271353678000008 0 2.5752650839200002 0 2.12104083187999981 0 1.82136410289000006 0 1.94959788611000007 0 2.01684095364000004 0 3.06775301550000012 0 5.59998597966999956 0 2.49423760464999988 0 3.4350230743700001 0 2.44276022762 0 2.62680734059000009 0 11.4969282652999993 0 3.9105251269700001 0
3.39126099387000002 0 1.7678984095100001 0 3.15496866296 0 2.14548892306999983 0 3.02990426911000021 0 6.90584288361000009 0 2.43652951679999985 0 4.94287514140000006 0 1.49940522886999994 0 1.81735260601000004 0 2.54960241378000019 0 4.60288835645000027 0 2.45431559436000013 0 2.12104083187999981 0 1.82136410289000006 0 1.94959788611000007 0 2.01684095364000004 0 2.59946575636999988 0 4.52475674148000007 0 1.92598532342999995 0 3.4350230743700001 0 2.44276022762 0 2.57717146713999989 0 11.4969282652999993 0 3.90451345480000001 0
3.39126099387000002 0 1.7678984095100001 0 3.14072343900999984 0 2.14548892306999983 0 3.02990426911000021 0 6.90584288361000009 0 2.43652951679999985 0 4.94287514140000006 0 1.40020578124999995 0 1.81735260601000004 0 2.54960241378000019 0 4.45315372214999972 0 2.04652478211000011 0 2.12104083187999981 0 1.82136410289000006 0 1.81490302578000007 0 1.51199830452000006 0 2.59946575636999988 0 4.07531721695000027 0 1.42506813237000007 0 3.4350230743700001 0 2.44276022762 0 2.38264784883000003 0 11.4969282652999993 0 3.58698514804000013 0
2.41101867440000017 0 1.7678984095100001 0 3.14072343900999984 0 1.97788540977000005 0 2.90689275240000011 0 4.89524331881000041 0 2.43652951679999985 0 4.38949334616000009 0 1.34074784964000004 0 1.7085586345499999 0 2.16621715411999993 0 4.45315372214999972 0 2.04652478211000011 0 2.12104083187999981 0 1.82136410289000006 0 1.81490302578000007 0 1.51199830452000006 0 2.59946575636999988 0 4.07531721695000027 0 1.42506813237000007 0 3.01539566053999986 0 2.44276022762 0 2.38264784883000003 0 9.80673501158999983 0 3.58698514804000013 0
2.41101867440000017 0 1.7678984095100001 0 3.14072343900999984 0 1.97788540977000005 0 2.90689275240000011 0 4.89524331881000041 0 2.43652951679999985 0 4.38949334616000009 0 1.34074784964000004 0 1.7085586345499999 0 2.10577903241000008 0 4.45315372214999972 0 1.55814341508999998 0 2.12104083187999981 0 1.82136410289000006 0 1.81490302578000007 0 1.51199830452000006 0 1.99871871622999997 0 4.07531721695000027 0 1.42506813237000007 0 2.20290848943999995 0 2.44276022762 0 2.38264784883000003 0 9.71825640954000036 0 3.58698514804000013 0
2.41101867440000017 0 1.72940955350000003 0 3.14072343900999984 0 1.88971611418000007 0 2.90689275240000011 0 4.89524331881000041 0 2.43652951679999985 0 3.93555288744000009 0 1.28271132284 0 1.7085586345499999 0 2.09712115027000001 0 4.45315372214999972 0 1.55814341508999998 0 2.12104083187999981 0 1.72468555883000008 0 1.56375446646000005 0 1.50750932713999997 0 1.99871871622999997 0 4.07531721695000027 0 1.42506813237000007 0 2.20290848943999995 0 2.17566632249000014 0 2.38264784883000003 0 9.71825640954000036 0 2.57209150577000001 0
2.41101867440000017 0 1.72940955350000003 0 1.75454817748000003 0 1.88971611418000007 0 2.90689275240000011 0 4.07443228516000033 0 2.37197455500999999 0 3.79092681800999998 0 1.16936515494999993 0 1.7085586345499999 0 2.09712115027000001 0 3.82752749990999996 0 1.55814341508999998 0 2.12104083187999981 0 1.72468555883000008 0 1.56375446646000005 0 1.49861434912999991 0 1.65950642624000011 0 3.77543346020999993 0 1.42506813237000007 0 2.20290848943999995 0 1.79478233877999993 0 1.67725462328000008 0 9.71825640954000036 0 2.54565219563999978 0
2.12947241813000021 0 1.72940955350000003 0 1.75454817748000003 0 1.88971611418000007 0 2.72758898673999983 0 2.84537949082000008 0 2.37197455500999999 0 3.79092681800999998 0 1.16936515494999993 0 1.38961401479000002 0 2.09712115027000001 0 3.82752749990999996 0 1.55814341508999998 0 1.66167632472999993 0 1.72468555883000008 0 1.56375446646000005 0 1.49861434912999991 0 1.51390471305000007 0 3.77543346020999993 0 1.42506813237000007 0 2.20290848943999995 0 1.79478233877999993 0 1.67725462328000008 0 9.24156290792000057 0 2.54565219563999978 0
1.96858612428000002 0 1.72940955350000003 0 1.75454817748000003 0 1.65324285179999997 0 2.72758898673999983 0 2.84537949082000008 0 2.37197455500999999 0 3.79092681800999998 0 1.09470945893999994 0 1.26106238167999996 0 2.09712115027000001 0 3.62501337711000016 0 1.55814341508999998 0 1.57670637550999992 0 1.40582054163000003 0 1.56375446646000005 0 0.87577746363300002 0 1.51390471305000007 0 3.77543346020999993 0 1.42506813237000007 0 2.20290848943999995 0 1.79478233877999993 0 1.67725462328000008 0 7.72877640340000038 0 2.14704440910999983 0
1.96858612428000002 0 1.72940955350000003 0 1.75454817748000003 0 1.65324285179999997 0 2.38092681545000007 0 2.84537949082000008 0 2.37197455500999999 0 2.96634452050999986 0 1.06142688633000004 0 0.820067158632999949 0 1.66007800557999996 0 3.30036107433000003 0 1.55814341508999998 0 1.57670637550999992 0 1.40582054163000003 0 1.3298219789800001 0 0.87577746363300002 0 1.51390471305000007 0 3.01794028635 0 1.34658485418000007 0 2.20290848943999995 0 1.79478233877999993 0 1.67725462328000008 0 7.72877640340000038 0 2.02211160754999986 0
1.96858612428000002 0 1.72940955350000003 0 1.75454817748000003 0 1.65324285179999997 0 2.27920155736999996 0 2.84537949082000008 0 2.37197455500999999 0 2.96634452050999986 0 1.06142688633000004 0 0.820067158632999949 0 1.66007800557999996 0 2.7639800160300001 0 1.55814341508999998 0 1.57670637550999992 0 1.40582054163000003 0 1.3298219789800001 0 0.87577746363300002 0 1.29552065712999998 0 3.01794028635 0 1.00769528510000006 0 2.20290848943999995 0 1.41756309410999992 0 1.67725462328000008 0 7.72877640340000038 0 2.02211160754999986 0
1.96858612428000002 0 1.72940955350000003 0 1.75454817748000003 0 1.65324285179999997 0 1.84902329051999992 0 2.84537949082000008 0 2.09902378794000022 0 2.96634452050999986 0 1.06142688633000004 0 0.820067158632999949 0 1.66007800557999996 0 2.7639800160300001 0 1.55814341508999998 0 1.57670637550999992 0 1.40582054163000003 0 1.3298219789800001 0 0.87577746363300002 0 1.17717768813000001 0 3.01794028635 0 1.00769528510000006 0 1.72302084791999999 0 1.41756309410999992 0 1.67725462328000008 0 6.17141533006000031 0 2.02211160754999986 0
1.96858612428000002 0 0.837086612609999947 0 1.29062996638000005 0 1.27859398476000008 0 1.84902329051999992 0 2.84537949082000008 0 2.09902378794000022 0 2.21262200424 0 0.789085440929000015 0 0.820067158632999949 0 1.66007800557999996 0 1.76704849718000001 0 1.31114955413000001 0 1.57670637550999992 0 1.34438329639999998 0 0.78989370193999997 0 0.87577746363300002 0 1.17717768813000001 0 3.01794028635 0 0.984819059197999946 0 1.72302084791999999 0 1.41756309410999992 0 1.67725462328000008 0 6.17141533006000031 0 1.9017551423700001 0
1.64112209751000004 0 0.837086612609999947 0 1.1412965663700001 0 1.27859398476000008 0 1.84902329051999992 0 2.84537949082000008 0 2.09902378794000022 0 1.55883191922999997 0 0.65961351002799995 0 0.820067158632999949 0 1.66007800557999996 0 1.76704849718000001 0 1.23774673878000008 0 1.57670637550999992 0 1.21472189493000005 0 0.78989370193999997 0 0.87577746363300002 0 1.17717768813000001 0 3.01794028635 0 0.984819059197999946 0 1.72302084791999999 0 1.41756309410999992 0 1.67725462328000008 0 4.71427517546000008 0 1.57535276355999998 0
1.64112209751000004 0 0.837086612609999947 0 1.1412965663700001 0 1.27859398476000008 0 1.84902329051999992 0 2.52742010507000003 0 1.90359216672999998 0 1.55883191922999997 0 0.65961351002799995 0 0.820067158632999949 0 0.638082134051000005 0 1.76704849718000001 0 1.23774673878000008 0 1.20377052257999995 0 1.21472189493000005 0 0.78989370193999997 0 0.87577746363300002 0 1.12343917377000002 0 3.01794028635 0 0.984819059197999946 0 1.72302084791999999 0 1.34933557432999995 0 1.67725462328000008 0 4.71427517546000008 0 1.57535276355999998 0
1.57121055452999991 0 0.837086612609999947 0 1.1412965663700001 0 1.2032586540400001 0 1.84902329051999992 0 2.52742010507000003 0 1.46824783741000009 0 1.55883191922999997 0 0.65961351002799995 0 0.820067158632999949 0 0.638082134051000005 0 1.76704849718000001 0 0.915979873869000039 0 1.20377052257999995 0 1.21472189493000005 0 0.78989370193999997 0 0.87577746363300002 0 1.12343917377000002 0 3.01794028635 0 0.984819059197999946 0 1.72302084791999999 0 1.08110684611999996 0 1.33346374658000011 0 4.71427517546000008 0 1.45964597096000004 0
1.57121055452999991 0 0.837086612609999947 0 1.1412965663700001 0 1.2032586540400001 0 1.84902329051999992 0 2.52742010507000003 0 1.46824783741000009 0 1.55883191922999997 0 0.65961351002799995 0 0.820067158632999949 0 0.638082134051000005 0 1.46006434905000004 0 0.641151126320000042 0 1.20377052257999995 0 1.03138130713999998 0 0.769357351519999955 0 0.87577746363300002 0 1.12343917377000002 0 2.8983291779 0 0.984819059197999946 0 1.72302084791999999 0 0.987684693162000027 0 1.33346374658000011 0 4.71427517546000008 0 1.45964597096000004 0
1.57121055452999991 0 0.837086612609999947 0 1.1412965663700001 0 1.2032586540400001 0 1.72506454227999995 0 2.14666728167000009 0 1.46824783741000009 0 1.55883191922999997 0 0.65961351002799995 0 0.820067158632999949 0 0.638082134051000005 0 1.46006434905000004 0 0.641151126320000042 0 0.881801081509000051 0 0.999441488767000008 0 0.759217427515999965 0 0.87577746363300002 0 0.923074349696999974 0 2.85274906166999997 0 0.817885568722000023 0 1.72302084791999999 0 0.987684693162000027 0 1.33346374658000011 0 4.71427517546000008 0 1.45964597096000004 0
1.5677362397700001 0 0.837086612609999947 0 1.1412965663700001 0 1.2032586540400001 0 1.72506454227999995 0 2.14666728167000009 0 1.46824783741000009 0 1.55883191922999997 0 0.65961351002799995 0 0.783052183658999978 0 0.638082134051000005 0 1.46006434905000004 0 0.641151126320000042 0 0.768808067221000035 0 0.999441488767000008 0 0.759217427515999965 0 0.87577746363300002 0 0.923074349696999974 0 2.85274906166999997 0 0.817885568722000023 0 1.72302084791999999 0 0.842296149420999951 0 1.33346374658000011 0 3.85753946399999981 0 1.19382661288999992 0
1.5677362397700001 0 0.837086612609999947 0 1.1412965663700001 0 1.15358125991999994 0 1.72506454227999995 0 2.14666728167000009 0 1.46824783741000009 0 1.55883191922999997 0 0.653923677110999968 0 0.783052183658999978 0 0.638082134051000005 0 1.46006434905000004 0 0.641151126320000042 0 0.768808067221000035 0 0.775377809363000048 0 0.571617434670000035 0 0.701906638236999947 0 0.923074349696999974 0 1.69215924715999999 0 0.817885568722000023 0 1.72302084791999999 0 0.842296149420999951 0 1.20718428333999994 0 3.85753946399999981 0 1.19382661288999992 0
1.21732538048999994 0 0.837086612609999947 0 1.02646177344999989 0 0.99064126002499997 0 1.72506454227999995 0 2.14666728167000009 0 1.46824783741000009 0 1.55883191922999997 0 0.569862043481000002 0 0.783052183658999978 0 0.638082134051000005 0 1.46006434905000004 0 0.609326338367000009 0 0.768808067221000035 0 0.688980439631999952 0 0.571617434670000035 0 0.701906638236999947 0 0.923074349696999974 0 1.69215924715999999 0 0.817885568722000023 0 1.72302084791999999 0 0.842296149420999951 0 1.16907558245000009 0 3.85753946399999981 0 1.19382661288999992 0
1.21732538048999994 0 0.837086612609999947 0 1.02646177344999989 0 0.99064126002499997 0 0.949385562112999959 0 1.85619359912000004 0 1.46824783741000009 0 1.55883191922999997 0 0.569862043481000002 0 0.513882371031999963 0 0.638082134051000005 0 1.46006434905000004 0 0.609326338367000009 0 0.670175475706000001 0 0.591106982891000055 0 0.571617434670000035 0 0.701906638236999947 0 0.918510122132999984 0 1.69215924715999999 0 0.752560579223999992 0 1.16754928298000005 0 0.841994367480999983 0 1.16907558245000009 0 3.58039643009999997 0 1.19382661288999992 0
1.21732538048999994 0 0.834860458431999963 0 1.02646177344999989 0 0.99064126002499997 0 0.949385562112999959 0 1.70272343218 0 0.887601040225999949 0 1.31342074495999994 0 0.569862043481000002 0 0.513882371031999963 0 0.638082134051000005 0 1.46006434905000004 0 0.609326338367000009 0 0.670175475706000001 0 0.591106982891000055 0 0.571617434670000035 0 0.604334588486999946 0 0.918510122132999984 0 1.69215924715999999 0 0.575450384166000029 0 1.16754928298000005 0 0.841994367480999983 0 1.16907558245000009 0 3.44238697779000002 0 1.06773196692000005 0
1.21732538048999994 0 0.834860458431999963 0 1.02646177344999989 0 0.786573516011999985 0 0.949385562112999959 0 1.70272343218 0 0.887601040225999949 0 1.31342074495999994 0 0.569862043481000002 0 0.513882371031999963 0 0.638082134051000005 0 1.46006434905000004 0 0.508182177212999964 0 0.670175475706000001 0 0.591106982891000055 0 0.571617434670000035 0 0.58294904897199995 0 0.918510122132999984 0 1.69215924715999999 0 0.575450384166000029 0 1.16754928298000005 0 0.841994367480999983 0 0.782036064523000007 0 3.44238697779000002 0 1.06773196692000005 0
1.21732538048999994 0 0.834860458431999963 0 1.02646177344999989 0 0.786573516011999985 0 0.949385562112999959 0 1.70272343218 0 0.887601040225999949 0 1.31342074495999994 0 0.413862440413000021 0 0.513882371031999963 0 0.638082134051000005 0 1.46006434905000004 0 0.508182177212999964 0 0.670175475706000001 0 0.591106982891000055 0 0.571617434670000035 0 0.58294904897199995 0 0.918510122132999984 0 1.69215924715999999 0 0.575450384166000029 0 1.16754928298000005 0 0.709980190566000036 0 0.782036064523000007 0 3.44238697779000002 0 1.06773196692000005 0
1.11600616127000007 0 0.834860458431999963 0 1.02646177344999989 0 0.786573516011999985 0 0.911217206879999964 0 1.60630059190999996 0 0.887601040225999949 0 1.31342074495999994 0 0.413862440413000021 0 0.513882371031999963 0 0.638082134051000005 0 1.46006434905000004 0 0.508182177212999964 0 0.670175475706000001 0 0.591106982891000055 0 0.571617434670000035 0 0.58294904897199995 0 0.872493536478999965 0 1.69215924715999999 0 0.575450384166000029 0 0.962699853208 0 0.487707471459999986 0 0.782036064523000007 0 3.44238697779000002 0 1.06773196692000005 0
1.11600616127000007 0 0.834860458431999963 0 0.721167586990000054 0 0.683643704103999994 0 0.911217206879999964 0 1.60630059190999996 0 0.887601040225999949 0 1.31342074495999994 0 0.413862440413000021 0 0.513882371031999963 0 0.638082134051000005 0 1.46006434905000004 0 0.508182177212999964 0 0.670175475706000001 0 0.591106982891000055 0 0.379513701681000015 0 0.467859989146999999 0 0.685583636981 0 1.44239503306999994 0 0.575450384166000029 0 0.931440383030999963 0 0.487707471459999986 0 0.782036064523000007 0 2.71292809441000005 0 0.813514114449000014 0
1.11600616127000007 0 0.344642859746000008 0 0.721167586990000054 0 0.683643704103999994 0 0.867247678190000038 0 1.60630059190999996 0 0.887601040225999949 0 1.31342074495999994 0 0.413862440413000021 0 0.513882371031999963 0 0.638082134051000005 0 1.39399745655999996 0 0.508182177212999964 0 0.670175475706000001 0 0.555340593013999961 0 0.379513701681000015 0 0.467859989146999999 0 0.685583636981 0 1.44239503306999994 0 0.575450384166000029 0 0.833214591298000018 0 0.487707471459999986 0 0.773153214482000029 0 2.71292809441000005 0 0.813514114449000014 0
1.11600616127000007 0 0.344642859746000008 0 0.721167586990000054 0 0.683643704103999994 0 0.867247678190000038 0 1.07457192910999999 0 0.887601040225999949 0 1.31342074495999994 0 0.413862440413000021 0 0.479759214616999996 0 0.638082134051000005 0 1.39399745655999996 0 0.508182177212999964 0 0.565213749567999968 0 0.555340593013999961 0 0.379513701681000015 0 0.467859989146999999 0 0.566713405588999963 0 1.44239503306999994 0 0.513234731905999997 0 0.833214591298000018 0 0.487707471459999986 0 0.773153214482000029 0 2.71292809441000005 0 0.813514114449000014 0
0.877774002632000006 0 0.344642859746000008 0 0.605142018493999956 0 0.683643704103999994 0 0.867247678190000038 0 0.969089528928000044 0 0.887601040225999949 0 1.10811773188999996 0 0.413862440413000021 0 0.366517801142999977 0 0.638082134051000005 0 1.19761647251000003 0 0.508182177212999964 0 0.565213749567999968 0 0.555340593013999961 0 0.379513701681000015 0 0.422788469847000026 0 0.408885769781999975 0 1.44239503306999994 0 0.513234731905999997 0 0.833214591298000018 0 0.487707471459999986 0 0.773153214482000029 0 2.71292809441000005 0 0.813514114449000014 0
0.877774002632000006 0 0.344642859746000008 0 0.605142018493999956 0 0.594649394102999995 0 0.867247678190000038 0 0.82543300160699995 0 0.887601040225999949 0 1.10811773188999996 0 0.374986187104000002 0 0.366517801142999977 0 0.638082134051000005 0 1.19761647251000003 0 0.508182177212999964 0 0.565213749567999968 0 0.461169561361999991 0 0.379513701681000015 0 0.422788469847000026 0 0.408885769781999975 0 1.40782597893000005 0 0.513234731905999997 0 0.833214591298000018 0 0.487707471459999986 0 0.773153214482000029 0 2.71292809441000005 0 0.813514114449000014 0
0.877774002632000006 0 0.344642859746000008 0 0.577900098886000024 0 0.594649394102999995 0 0.687046243539000012 0 0.82543300160699995 0 0.887601040225999949 0 1.10811773188999996 0 0.374986187104000002 0 0.358831280771000016 0 0.638082134051000005 0 1.19761647251000003 0 0.508182177212999964 0 0.465213029039000026 0 0.461169561361999991 0 0.353893340742000018 0 0.414259525352000002 0 0.408885769781999975 0 1.40782597893000005 0 0.513234731905999997 0 0.731351970078999991 0 0.487707471459999986 0 0.773153214482000029 0 1.97207231497999991 0 0.813514114449000014 0
0.860287847964000041 0 0.344642859746000008 0 0.577900098886000024 0 0.594649394102999995 0 0.687046243539000012 0 0.818675507276000025 0 0.887601040225999949 0 1.10811773188999996 0 0.374986187104000002 0 0.358831280771000016 0 0.573742954722999965 0 0.712430610926999996 0 0.508182177212999964 0 0.465213029039000026 0 0.461169561361999991 0 0.275639563578999991 0 0.414259525352000002 0 0.408885769781999975 0 1.40782597893000005 0 0.513234731905999997 0 0.666453051490999981 0 0.409962498343000026 0 0.773153214482000029 0 1.97207231497999991 0 0.813514114449000014 0
0.795840412150999987 0 0.344642859746000008 0 0.577900098886000024 0 0.594649394102999995 0 0.687046243539000012 0 0.818675507276000025 0 0.887601040225999949 0 1.10811773188999996 0 0.373549589524000025 0 0.358831280771000016 0 0.573742954722999965 0 0.712430610926999996 0 0.422282748943999975 0 0.465213029039000026 0 0.405243131643999999 0 0.275639563578999991 0 0.348927525266999994 0 0.408885769781999975 0 1.40782597893000005 0 0.470714196774000004 0 0.666453051490999981 0 0.409962498343000026 0 0.528666297933000018 0 1.97207231497999991 0 0.813514114449000014 0
0.795840412150999987 0 0.344642859746000008 0 0.577900098886000024 0 0.518245177792999945 0 0.687046243539000012 0 0.818675507276000025 0 0.82902730354700005 0 0.935717115417999956 0 0.258441468055000012 0 0.358831280771000016 0 0.418895286074999984 0 0.712430610926999996 0 0.406263270619000028 0 0.465213029039000026 0 0.379903347539000014 0 0.275639563578999991 0 0.323884380814000006 0 0.408885769781999975 0 1.18312173611999993 0 0.464258222321000003 0 0.666453051490999981 0 0.409962498343000026 0 0.479449388508000007 0 1.97207231497999991 0 0.719498145922999988 0
0.775931414800000052 0 0.344642859746000008 0 0.548424720248000042 0 0.518245177792999945 0 0.541307257784999996 0 0.818675507276000025 0 0.82902730354700005 0 0.935717115417999956 0 0.258441468055000012 0 0.358831280771000016 0 0.327396756695999991 0 0.694305400240999959 0 0.406263270619000028 0 0.331869746987000003 0 0.34275320333699999 0 0.275639563578999991 0 0.323884380814000006 0 0.408885769781999975 0 1.18312173611999993 0 0.40555849876900002 0 0.666453051490999981 0 0.305764434146000019 0 0.479449388508000007 0 1.91284892199000001 0 0.719498145922999988 0
0.618953915004999966 0 0.344642859746000008 0 0.516917606278999964 0 0.518245177792999945 0 0.541307257784999996 0 0.818675507276000025 0 0.82902730354700005 0 0.911388291946000018 0 0.258441468055000012 0 0.358831280771000016 0 0.327396756695999991 0 0.694305400240999959 0 0.38893565334300001 0 0.331869746987000003 0 0.34275320333699999 0 0.275639563578999991 0 0.323884380814000006 0 0.388745182119999977 0 1.18312173611999993 0 0.326411076089999974 0 0.614992065136999999 0 0.305764434146000019 0 0.479449388508000007 0 1.91284892199000001 0 0.719498145922999988 0
0.618953915004999966 0 0.344642859746000008 0 0.503840156962999997 0 0.411354977788999987 0 0.541307257784999996 0 0.818675507276000025 0 0.82902730354700005 0 0.91044698843899996 0 0.242026156330999997 0 0.358831280771000016 0 0.327396756695999991 0 0.694305400240999959 0 0.38893565334300001 0 0.331869746987000003 0 0.34275320333699999 0 0.275639563578999991 0 0.323884380814000006 0 0.388745182119999977 0 1.18312173611999993 0 0.326411076089999974 0 0.614992065136999999 0 0.305764434146000019 0 0.399747493570999979 0 1.91284892199000001 0 0.644573037547000016 0
0.527004632577000032 0 0.344642859746000008 0 0.503840156962999997 0 0.410185053861999993 0 0.489990042484000021 0 0.545601933428000008 0 0.797079671023000036 0 0.732174141683999968 0 0.242026156330999997 0 0.316674420502000009 0 0.327396756695999991 0 0.694305400240999959 0 0.38893565334300001 0 0.331869746987000003 0 0.34275320333699999 0 0.275639563578999991 0 0.323884380814000006 0 0.388745182119999977 0 1.18312173611999993 0 0.326411076089999974 0 0.60157187911300003 0 0.305764434146000019 0 0.399747493570999979 0 1.33965194015 0 0.644573037547000016 0
0.520694769226999976 0 0.344642859746000008 0 0.503840156962999997 0 0.410185053861999993 0 0.489990042484000021 0 0.545601933428000008 0 0.758794246234000047 0 0.732174141683999968 0 0.242026156330999997 0 0.306323282011999987 0 0.313806250868000014 0 0.694305400240999959 0 0.38893565334300001 0 0.331869746987000003 0 0.34275320333699999 0 0.275639563578999991 0 0.323884380814000006 0 0.388745182119999977 0 1.18312173611999993 0 0.326411076089999974 0 0.575831071409000028 0 0.305764434146000019 0 0.399747493570999979 0 1.33965194015 0 0.631156777308000017 0
0.520694769226999976 0 0.344642859746000008 0 0.503840156962999997 0 0.286901492046000017 0 0.489990042484000021 0 0.545601933428000008 0 0.758794246234000047 0 0.726288862811000024 0 0.193350264085000001 0 0.306323282011999987 0 0.313806250868000014 0 0.694305400240999959 0 0.333870687606000027 0 0.331869746987000003 0 0.34275320333699999 0 0.198421120948999996 0 0.323884380814000006 0 0.388745182119999977 0 1.06556663868000001 0 0.230878475154000007 0 0.575831071409000028 0 0.305764434146000019 0 0.343905976183000006 0 1.33965194015 0 0.631156777308000017 0
0.520694769226999976 0 0.344642859746000008 0 0.401670956989999994 0 0.251482142469000025 0 0.489990042484000021 0 0.545601933428000008 0 0.551462505855000007 0 0.726288862811000024 0 0.193350264085000001 0 0.235493377336999987 0 0.313806250868000014 0 0.66754406818800005 0 0.333870687606000027 0 0.277696889775000011 0 0.34275320333699999 0 0.198421120948999996 0 0.218217559855999998 0 0.312861490098999995 0 1.06556663868000001 0 0.230878475154000007 0 0.550425651284000006 0 0.305764434146000019 0 0.343905976183000006 0 1.16697081466999997 0 0.631156777308000017 0
0.491358916593999995 0 0.344642859746000008 0 0.401670956989999994 0 0.251482142469000025 0 0.39114023429 0 0.516394263046000002 0 0.551462505855000007 0 0.726288862811000024 0 0.193350264085000001 0 0.235493377336999987 0 0.311092311655000009 0 0.66754406818800005 0 0.333870687606000027 0 0.277696889775000011 0 0.305812249854000018 0 0.198421120948999996 0 0.218217559855999998 0 0.312861490098999995 0 0.896331077709000001 0 0.230878475154000007 0 0.444898183090999988 0 0.293005255917999974 0 0.343905976183000006 0 1.15578078439000009 0 0.533555487833999975 0
0.394294621208999996 0 0.344642859746000008 0 0.401670956989999994 0 0.251482142469000025 0 0.39114023429 0 0.516394263046000002 0 0.531507643403000052 0 0.627964946835000037 0 0.172669882304999994 0 0.235493377336999987 0 0.311092311655000009 0 0.539707364617999952 0 0.272187522439000018 0 0.277696889775000011 0 0.229008578810000002 0 0.198421120948999996 0 0.193884634821999996 0 0.298193693274000027 0 0.853699643607999992 0 0.230878475154000007 0 0.354245445355999999 0 0.279470817255999981 0 0.343905976183000006 0 0.993479570572999959 0 0.533555487833999975 0
0.394294621208999996 0 0.300131339644999995 0 0.323471500003000012 0 0.22913054116699999 0 0.39114023429 0 0.516394263046000002 0 0.531507643403000052 0 0.399964666467000018 0 0.172669882304999994 0 0.235493377336999987 0 0.311092311655000009 0 0.539707364617999952 0 0.228069726105000009 0 0.193604942959999998 0 0.229008578810000002 0 0.198421120948999996 0 0.193884634821999996 0 0.298193693274000027 0 0.853699643607999992 0 0.230878475154000007 0 0.354245445355999999 0 0.279470817255999981 0 0.343905976183000006 0 0.993479570572999959 0 0.533555487833999975 0
0.394294621208999996 0 0.270919879658999996 0 0.307885372075999975 0 0.22913054116699999 0 0.372559000661000006 0 0.213228078926999992 0 0.531507643403000052 0 0.399964666467000018 0 0.172669882304999994 0 0.197640056916000006 0 0.298275224865000022 0 0.539707364617999952 0 0.228069726105000009 0 0.193604942959999998 0 0.229008578810000002 0 0.160315638974000002 0 0.193884634821999996 0 0.27059240549800001 0 0.853699643607999992 0 0.230878475154000007 0 0.324386236162999997 0 0.279470817255999981 0 0.343905976183000006 0 0.993479570572999959 0 0.496098683546999986 0
0.394294621208999996 0 0.270919879658999996 0 0.307885372075999975 0 0.22913054116699999 0 0.342145544986000028 0 0.213228078926999992 0 0.400318139577000021 0 0.399964666467000018 0 0.172669882304999994 0 0.131893587755999991 0 0.298275224865000022 0 0.539707364617999952 0 0.228069726105000009 0 0.193604942959999998 0 0.229008578810000002 0 0.160315638974000002 0 0.193884634821999996 0 0.27059240549800001 0 0.853699643607999992 0 0.230878475154000007 0 0.324386236162999997 0 0.186202428125000014 0 0.343905976183000006 0 0.978839490428000003 0 0.496098683546999986 0
0.394294621208999996 0 0.220632348351999991 0 0.289512510336999984 0 0.22913054116699999 0 0.342145544986000028 0 0.213228078926999992 0 0.400318139577000021 0 0.399964666467000018 0 0.148907599099000004 0 0.131893587755999991 0 0.298275224865000022 0 0.539707364617999952 0 0.175090499368000002 0 0.193604942959999998 0 0.229008578810000002 0 0.154085120583000001 0 0.193884634821999996 0 0.27059240549800001 0 0.829879224698000018 0 0.18588186693 0 0.300431364989000027 0 0.186202428125000014 0 0.283855598990000013 0 0.978839490428000003 0 0.496098683546999986 0
0.26545594533700001 0 0.206564512089000007 0 0.283823035624999997 0 0.22913054116699999 0 0.30045558995299998 0 0.213228078926999992 0 0.400318139577000021 0 0.399964666467000018 0 0.127054754870999986 0 0.131893587755999991 0 0.298275224865000022 0 0.539707364617999952 0 0.14378154881800001 0 0.187312883083999987 0 0.229008578810000002 0 0.154085120583000001 0 0.193884634821999996 0 0.236533121497999987 0 0.829879224698000018 0 0.169445780477000013 0 0.300431364989000027 0 0.186202428125000014 0 0.283855598990000013 0 0.899816641016000007 0 0.452895017279000001 0
0.26545594533700001 0 0.206564512089000007 0 0.283823035624999997 0 0.22913054116699999 0 0.30045558995299998 0 0.213228078926999992 0 0.260753282287999988 0 0.399964666467000018 0 0.127054754870999986 0 0.131893587755999991 0 0.242956747156999997 0 0.539707364617999952 0 0.14378154881800001 0 0.187312883083999987 0 0.229008578810000002 0 0.154085120583000001 0 0.193884634821999996 0 0.236533121497999987 0 0.829879224698000018 0 0.169445780477000013 0 0.274516881669000012 0 0.186202428125000014 0 0.283855598990000013 0 0.880106856795999981 0 0.418402955731000004 0
0.26545594533700001 0 0.139307586691999996 0 0.246721275411000002 0 0.165821033907999987 0 0.212278320263000003 0 0.213228078926999992 0 0.260753282287999988 0 0.372493982773999976 0 0.127054754870999986 0 0.131893587755999991 0 0.242956747156999997 0 0.539707364617999952 0 0.14378154881800001 0 0.187312883083999987 0 0.22224673527399999 0 0.154085120583000001 0 0.16315623923 0 0.236533121497999987 0 0.829879224698000018 0 0.169445780477000013 0 0.274516881669000012 0 0.186202428125000014 0 0.283855598990000013 0 0.809451961023999966 0 0.418402955731000004 0
0.26545594533700001 0 0.139307586691999996 0 0.246721275411000002 0 0.165821033907999987 0 0.212278320263000003 0 0.213228078926999992 0 0.260753282287999988 0 0.372493982773999976 0 0.127054754870999986 0 0.131893587755999991 0 0.242956747156999997 0 0.494568261505999973 0 0.14378154881800001 0 0.187312883083999987 0 0.22224673527399999 0 0.154085120583000001 0 0.16315623923 0 0.236533121497999987 0 0.829879224698000018 0 0.169445780477000013 0 0.274516881669000012 0 0.186202428125000014 0 0.253117336942999982 0 0.809451961023999966 0 0.404117909705999978 0
0.240814961018000012 0 0.139307586691999996 0 0.246721275411000002 0 0.165821033907999987 0 0.212278320263000003 0 0.213228078926999992 0 0.260753282287999988 0 0.372493982773999976 0 0.127054754870999986 0 0.124626195911999998 0 0.21836826518300001 0 0.494568261505999973 0 0.14378154881800001 0 0.187312883083999987 0 0.22224673527399999 0 0.154085120583000001 0 0.16315623923 0 0.218256643370000003 0 0.829879224698000018 0 0.169445780477000013 0 0.274516881669000012 0 0.186202428125000014 0 0.253117336942999982 0 0.699727325438999959 0 0.404117909705999978 0
0.197219353318000001 0 0.139307586691999996 0 0.24278702976899999 0 0.165821033907999987 0 0.212278320263000003 0 0.213228078926999992 0 0.260753282287999988 0 0.372493982773999976 0 0.127054754870999986 0 0.106101941869000002 0 0.204139217187999988 0 0.485280926434000004 0 0.14378154881800001 0 0.187312883083999987 0 0.22224673527399999 0 0.154085120583000001 0 0.16315623923 0 0.134359224677999989 0 0.829879224698000018 0 0.169445780477000013 0 0.274516881669000012 0 0.186202428125000014 0 0.253117336942999982 0 0.506034215588999969 0 0.404117909705999978 0
0.197219353318000001 0 0.139307586691999996 0 0.21838771875900001 0 0.165821033907999987 0 0.212278320263000003 0 0.213228078926999992 0 0.260753282287999988 0 0.198682065747999986 0 0.0927016887335000012 0 0.106101941869000002 0 0.204139217187999988 0 0.485280926434000004 0 0.14378154881800001 0 0.187312883083999987 0 0.196288698371999998 0 0.154085120583000001 0 0.13933552936400001 0 0.134359224677999989 0 0.538179472420999949 0 0.156068497404000001 0 0.274516881669000012 0 0.186202428125000014 0 0.199257474628000003 0 0.506034215588999969 0 0.389960750718999993 0
0.189341473511000002 0 0.139307586691999996 0 0.21838771875900001 0 0.165821033907999987 0 0.181616693579999988 0 0.213228078926999992 0 0.260753282287999988 0 0.198682065747999986 0 0.0927016887335000012 0 0.106101941869000002 0 0.203880133808999997 0 0.320379416462000022 0 0.14378154881800001 0 0.158221764717000002 0 0.171412616885000008 0 0.154085120583000001 0 0.122465897296999998 0 0.134359224677999989 0 0.438542535750000018 0 0.142772280145000013 0 0.232611078731000009 0 0.144102416913999998 0 0.167386199237999994 0 0.506034215588999969 0 0.353979102383999988 0
0.189341473511000002 0 0.139307586691999996 0 0.21838771875900001 0 0.165821033907999987 0 0.180599802429000006 0 0.213228078926999992 0 0.260753282287999988 0 0.198682065747999986 0 0.0927016887335000012 0 0.106101941869000002 0 0.181687900909 0 0.320379416462000022 0 0.14378154881800001 0 0.103527384649000007 0 0.171412616885000008 0 0.150120245408000008 0 0.122465897296999998 0 0.134359224677999989 0 0.438542535750000018 0 0.142772280145000013 0 0.196285096882999999 0 0.144102416913999998 0 0.167386199237999994 0 0.506034215588999969 0 0.353979102383999988 0
0.189341473511000002 0 0.139307586691999996 0 0.175972675881999996 0 0.165821033907999987 0 0.180599802429000006 0 0.213228078926999992 0 0.251893835072000027 0 0.198682065747999986 0 0.0927016887335000012 0 0.106101941869000002 0 0.181687900909 0 0.320379416462000022 0 0.14378154881800001 0 0.103527384649000007 0 0.118725523208000006 0 0.125856127924 0 0.121760316270999994 0 0.134359224677999989 0 0.438542535750000018 0 0.128398766962000005 0 0.159875922638999995 0 0.144102416913999998 0 0.167386199237999994 0 0.506034215588999969 0 0.353979102383999988 0
0.189341473511000002 0 0.108238830607 0 0.175972675881999996 0 0.126430388041000014 0 0.180599802429000006 0 0.213228078926999992 0 0.251893835072000027 0 0.198682065747999986 0 0.0927016887335000012 0 0.106101941869000002 0 0.181687900909 0 0.320379416462000022 0 0.116594370121000004 0 0.103527384649000007 0 0.118725523208000006 0 0.106044695783000006 0 0.0544338178525999999 0 0.134359224677999989 0 0.431751210983999989 0 0.128398766962000005 0 0.159875922638999995 0 0.144102416913999998 0 0.145075027501999992 0 0.506034215588999969 0 0.310472275597000025 0
0.145745800149999993 0 0.108238830607 0 0.175972675881999996 0 0.126430388041000014 0 0.157381456850999996 0 0.185630730466999988 0 0.199109672251999992 0 0.198682065747999986 0 0.0875084049861000052 0 0.106101941869000002 0 0.181687900909 0 0.304420556135999998 0 0.116594370121000004 0 0.103527384649000007 0 0.118725523208000006 0 0.106044695783000006 0 0.0544338178525999999 0 0.119806498858999994 0 0.431751210983999989 0 0.111198633914000006 0 0.157353814640000006 0 0.136698466514 0 0.145075027501999992 0 0.506034215588999969 0 0.294943496384000026 0
0.145745800149999993 0 0.108238830607 0 0.175972675881999996 0 0.126430388041000014 0 0.140140645772 0 0.185630730466999988 0 0.199109672251999992 0 0.198682065747999986 0 0.0875084049861000052 0 0.106101941869000002 0 0.16493894738199999 0 0.304420556135999998 0 0.116594370121000004 0 0.0938535975015000051 0 0.118725523208000006 0 0.106044695783000006 0 0.0544338178525999999 0 0.0940768079894999942 0 0.431751210983999989 0 0.111198633914000006 0 0.154090710128999997 0 0.136698466514 0 0.145075027501999992 0 0.474080594909999986 0 0.277887756810999975 0
0.145745800149999993 0 0.108238830607 0 0.175972675881999996 0 0.126430388041000014 0 0.140140645772 0 0.185630730466999988 0 0.199109672251999992 0 0.144657232625999999 0 0.050420580185000001 0 0.106101941869000002 0 0.16493894738199999 0 0.304420556135999998 0 0.116594370121000004 0 0.0938535975015000051 0 0.11039463176 0 0.106044695783000006 0 0.0544338178525999999 0 0.0940768079894999942 0 0.428830820685000003 0 0.111198633914000006 0 0.154090710128999997 0 0.136698466514 0 0.126988068504999996 0 0.474080594909999986 0 0.215933851437000002 0
0.145745800149999993 0 0.108238830607 0 0.175972675881999996 0 0.115785442079999995 0 0.132291287798000007 0 0.185630730466999988 0 0.160959226043000003 0 0.144657232625999999 0 0.050420580185000001 0 0.096180482895699998 0 0.163729223296999987 0 0.304420556135999998 0 0.116594370121000004 0 0.0938535975015000051 0 0.11039463176 0 0.105102632336999999 0 0.0544338178525999999 0 0.0940768079894999942 0 0.428830820685000003 0 0.104302800272999999 0 0.154090710128999997 0 0.136698466514 0 0.126988068504999996 0 0.406688040879000012 0 0.215933851437000002 0
0.129488273638000001 0 0.108238830607 0 0.175972675881999996 0 0.115785442079999995 0 0.132291287798000007 0 0.135936302694000005 0 0.113724320574000004 0 0.144657232625999999 0 0.050420580185000001 0 0.0890220817519000035 0 0.135291041892000002 0 0.304420556135999998 0 0.116594370121000004 0 0.0900322381430000013 0 0.11039463176 0 0.105102632336999999 0 0.0544338178525999999 0 0.0940768079894999942 0 0.428830820685000003 0 0.104302800272999999 0 0.154090710128999997 0 0.121429299645000002 0 0.126988068504999996 0 0.240646374314999995 0 0.215933851437000002 0
0.129488273638000001 0 0.108238830607 0 0.175758941421999992 0 0.109870979063999993 0 0.132291287798000007 0 0.135508907858999994 0 0.113724320574000004 0 0.144657232625999999 0 0.0485106010746000002 0 0.0890220817519000035 0 0.125178493759000004 0 0.304420556135999998 0 0.116594370121000004 0 0.0900322381430000013 0 0.0919275316217000038 0 0.105102632336999999 0 0.0544338178525999999 0 0.0940768079894999942 0 0.349998945266000006 0 0.0866960349289000037 0 0.154090710128999997 0 0.121429299645000002 0 0.126988068504999996 0 0.240646374314999995 0 0.184408467953000005 0
0.125139775115999996 0 0.0777349661144999954 0 0.175758941421999992 0 0.109870979063999993 0 0.132291287798000007 0 0.135508907858999994 0 0.113724320574000004 0 0.144657232625999999 0 0.0485106010746000002 0 0.0890220817519000035 0 0.125178493759000004 0 0.304420556135999998 0 0.116594370121000004 0 0.0900322381430000013 0 0.0919275316217000038 0 0.101172419473 0 0.0544338178525999999 0 0.0940768079894999942 0 0.293951574631000023 0 0.0605030187883999968 0 0.142400247780999994 0 0.121429299645000002 0 0.105172610508999995 0 0.240646374314999995 0 0.184408467953000005 0
0.125139775115999996 0 0.0777349661144999954 0 0.175758941421999992 0 0.109870979063999993 0 0.12613551829700001 0 0.135508907858999994 0 0.113724320574000004 0 0.144657232625999999 0 0.0485106010746000002 0 0.0765653020450999949 0 0.125178493759000004 0 0.304420556135999998 0 0.116594370121000004 0 0.0900322381430000013 0 0.0919275316217000038 0 0.101172419473 0 0.0544338178525999999 0 0.0689765035535999937 0 0.293951574631000023 0 0.0605030187883999968 0 0.132607937785999996 0 0.121429299645000002 0 0.105172610508999995 0 0.240646374314999995 0 0.184408467953000005 0
0.0941719547960999936 0 0.0777349661144999954 0 0.136884188422000008 0 0.109870979063999993 0 0.12613551829700001 0 0.114783569449000006 0 0.113724320574000004 0 0.144657232625999999 0 0.0485106010746000002 0 0.0765653020450999949 0 0.125178493759000004 0 0.292726724388999993 0 0.116594370121000004 0 0.0896835679858000029 0 0.0919275316217000038 0 0.101172419473 0 0.0544338178525999999 0 0.0689765035535999937 0 0.293951574631000023 0 0.0605030187883999968 0 0.0828985514503000065 0 0.0736487276769000054 0 0.102551806430999995 0 0.240646374314999995 0 0.184408467953000005 0
0.0941719547960999936 0 0.0777349661144999954 0 0.118393630710000003 0 0.109870979063999993 0 0.12613551829700001 0 0.114783569449000006 0 0.113724320574000004 0 0.144657232625999999 0 0.0485106010746000002 0 0.0765653020450999949 0 0.125178493759000004 0 0.222559523916000007 0 0.0996253524282000036 0 0.0896835679858000029 0 0.0867719925299999945 0 0.0913321306806000044 0 0.0544338178525999999 0 0.0689765035535999937 0 0.285170586153000005 0 0.0605030187883999968 0 0.0828985514503000065 0 0.0736487276769000054 0 0.101162837217999999 0 0.240646374314999995 0 0.184408467953000005 0
0.0941719547960999936 0 0.0777349661144999954 0 0.118393630710000003 0 0.0959989532114000066 0 0.119437335722999999 0 0.114783569449000006 0 0.113724320574000004 0 0.144657232625999999 0 0.0299171415125999984 0 0.0761794546587000049 0 0.114018429350999997 0 0.199338277085999993 0 0.0996253524282000036 0 0.0797243899826999974 0 0.0638173110915000036 0 0.0841930089350999972 0 0.0544338178525999999 0 0.0689765035535999937 0 0.208570847795999992 0 0.0605030187883999968 0 0.0754384023123000069 0 0.0736487276769000054 0 0.101162837217999999 0 0.183822457505999987 0 0.167524755672000009 0
0.0941719547960999936 0 0.0777349661144999954 0 0.118393630710000003 0 0.0959989532114000066 0 0.106396196235000004 0 0.114783569449000006 0 0.113724320574000004 0 0.144657232625999999 0 0.0299171415125999984 0 0.0761794546587000049 0 0.114018429350999997 0 0.199338277085999993 0 0.0996253524282000036 0 0.049231101402800001 0 0.0638173110915000036 0 0.0780875664839000005 0 0.0544338178525999999 0 0.0689765035535999937 0 0.208570847795999992 0 0.0605030187883999968 0 0.0754384023123000069 0 0.0736487276769000054 0 0.101162837217999999 0 0.183822457505999987 0 0.167524755672000009 0
0.0941719547960999936 0 0.0777349661144999954 0 0.118393630710000003 0 0.0959989532114000066 0 0.106396196235000004 0 0.114783569449000006 0 0.113724320574000004 0 0.0998963460917000057 0 0.0299171415125999984 0 0.0761794546587000049 0 0.114018429350999997 0 0.199338277085999993 0 0.0786003131071000005 0 0.049231101402800001 0 0.0638173110915000036 0 0.0751485103035000046 0 0.0394032908633000015 0 0.0689765035535999937 0 0.20301881693099999 0 0.0605030187883999968 0 0.0754384023123000069 0 0.0736487276769000054 0 0.101162837217999999 0 0.183822457505999987 0 0.136202957404999991 0
0.0941719547960999936 0 0.0777349661144999954 0 0.0896190369312999946 0 0.0573151122097000018 0 0.106396196235000004 0 0.114783569449000006 0 0.113724320574000004 0 0.0998963460917000057 0 0.0299171415125999984 0 0.0761794546587000049 0 0.114018429350999997 0 0.199338277085999993 0 0.0786003131071000005 0 0.049231101402800001 0 0.0593403968187999967 0 0.0713886126721000047 0 0.0394032908633000015 0 0.0620484343694000032 0 0.20301881693099999 0 0.0605030187883999968 0 0.0754384023123000069 0 0.0736487276769000054 0 0.101162837217999999 0 0.183822457505999987 0 0.136202957404999991 0
0.0933738482392000024 0 0.0777349661144999954 0 0.0896190369312999946 0 0.0573151122097000018 0 0.090857824381500002 0 0.0861791474928000067 0 0.0938332181365000018 0 0.0998963460917000057 0 0.0299171415125999984 0 0.0489072505175999969 0 0.066132475367300006 0 0.199338277085999993 0 0.0786003131071000005 0 0.049231101402800001 0 0.0593403968187999967 0 0.0713886126721000047 0 0.0394032908633000015 0 0.0620484343694000032 0 0.20301881693099999 0 0.0605030187883999968 0 0.0754384023123000069 0 0.0736487276769000054 0 0.101162837217999999 0 0.178241069090999987 0 0.136202957404999991 0
0.081966728590600002 0 0.0777349661144999954 0 0.0896190369312999946 0 0.0573151122097000018 0 0.090857824381500002 0 0.0861791474928000067 0 0.0784994735944000016 0 0.0998963460917000057 0 0.0299171415125999984 0 0.0489072505175999969 0 0.066132475367300006 0 0.166532713780000008 0 0.0704641844229999953 0 0.049231101402800001 0 0.0556901060351999988 0 0.0700975581271000014 0 0.0394032908633000015 0 0.0589084636287999994 0 0.192044466555999993 0 0.0605030187883999968 0 0.0754384023123000069 0 0.0736487276769000054 0 0.0850261823076000067 0 0.178241069090999987 0 0.114992163349000004 0
0.081966728590600002 0 0.0632695274115999962 0 0.0896190369312999946 0 0.0573151122097000018 0 0.0614236877104999968 0 0.0861791474928000067 0 0.0784994735944000016 0 0.0775606837067999988 0 0.0299171415125999984 0 0.0489072505175999969 0 0.066132475367300006 0 0.166532713780000008 0 0.0689699369546000057 0 0.049231101402800001 0 0.0335661002600000022 0 0.0623219955163000008 0 0.0394032908633000015 0 0.0419713312064999983 0 0.18501501562799999 0 0.0437645678181999981 0 0.0754384023123000069 0 0.0736487276769000054 0 0.0850261823076000067 0 0.178241069090999987 0 0.101626360752999995 0
0.0764769359907999935 0 0.0632695274115999962 0 0.0896190369312999946 0 0.0573151122097000018 0 0.0614236877104999968 0 0.0861791474928000067 0 0.0748916907154 0 0.0775606837067999988 0 0.0299171415125999984 0 0.0489072505175999969 0 0.066132475367300006 0 0.166532713780000008 0 0.0689699369546000057 0 0.049231101402800001 0 0.0335661002600000022 0 0.0623219955163000008 0 0.0394032908633000015 0 0.0339630900509999972 0 0.18501501562799999 0 0.0376551703689999989 0 0.0754384023123000069 0 0.0717722520120000068 0 0.0850261823076000067 0 0.162863089359000013 0 0.101626360752999995 0
0.0728425167666000017 0 0.0525598631262999966 0 0.0896190369312999946 0 0.0573151122097000018 0 0.0614236877104999968 0 0.0861791474928000067 0 0.0597255357317000024 0 0.0775606837067999988 0 0.0299171415125999984 0 0.0489072505175999969 0 0.066132475367300006 0 0.166532713780000008 0 0.0689699369546000057 0 0.0400991669234999973 0 0.0335661002600000022 0 0.0623219955163000008 0 0.0318541029146000021 0 0.0339630900509999972 0 0.18501501562799999 0 0.0376551703689999989 0 0.0754384023123000069 0 0.0630095429901999932 0 0.0695407434989000067 0 0.162863089359000013 0 0.101626360752999995 0
0.0728425167666000017 0 0.0525598631262999966 0 0.0659137155846999945 0 0.0560100980680000027 0 0.0614236877104999968 0 0.0861791474928000067 0 0.0597255357317000024 0 0.0766607446377999963 0 0.0299171415125999984 0 0.0489072505175999969 0 0.066132475367300006 0 0.166532713780000008 0 0.056771760728799997 0 0.0400991669234999973 0 0.0335661002600000022 0 0.0389606572747000016 0 0.0318541029146000021 0 0.0339630900509999972 0 0.18501501562799999 0 0.0376551703689999989 0 0.0754384023123000069 0 0.0630095429901999932 0 0.0695407434989000067 0 0.162863089359000013 0 0.101626360752999995 0
0.0728425167666000017 0 0.0525598631262999966 0 0.0659137155846999945 0 0.0560100980680000027 0 0.0614236877104999968 0 0.0861791474928000067 0 0.0597255357317000024 0 0.0763015846679000048 0 0.0299171415125999984 0 0.0456121589656000026 0 0.0658963937863999982 0 0.157527366386000012 0 0.056771760728799997 0 0.0400991669234999973 0 0.0335661002600000022 0 0.0389606572747000016 0 0.0318541029146000021 0 0.0339630900509999972 0 0.124355225222000002 0 0.0376551703689999989 0 0.0654693288325000067 0 0.0559086363017000029 0 0.0695407434989000067 0 0.162863089359000013 0 0.0944228610841000016 0
0.0651059319263000008 0 0.0525598631262999966 0 0.0659137155846999945 0 0.0560100980680000027 0 0.0614236877104999968 0 0.0811657170494999997 0 0.0582101900023999988 0 0.0763015846679000048 0 0.0299171415125999984 0 0.0450315162769999999 0 0.0626933773799999983 0 0.157527366386000012 0 0.056771760728799997 0 0.0365667331695999978 0 0.0335661002600000022 0 0.0389606572747000016 0 0.0318541029146000021 0 0.0339630900509999972 0 0.124355225222000002 0 0.0376551703689999989 0 0.0588241396101999992 0 0.0504370463016000012 0 0.066882138578900005 0 0.158407146402999993 0 0.0944228610841000016 0
0.0642916810584999998 0 0.0414253717367000021 0 0.0525382952985000012 0 0.0465453923505999984 0 0.0594663002108000022 0 0.0811657170494999997 0 0.0582101900023999988 0 0.0555641834067000032 0 0.0265516101502000015 0 0.0450315162769999999 0 0.0626933773799999983 0 0.135307406373000011 0 0.0307972839289000003 0 0.0365667331695999978 0 0.0335661002600000022 0 0.0389606572747000016 0 0.0318541029146000021 0 0.0339630900509999972 0 0.124355225222000002 0 0.0376551703689999989 0 0.0588241396101999992 0 0.0504370463016000012 0 0.0604938107878000009 0 0.158407146402999993 0 0.0944228610841000016 0
0.0642916810584999998 0 0.0281820144702999986 0 0.0525382952985000012 0 0.0465453923505999984 0 0.0594663002108000022 0 0.0811657170494999997 0 0.0582101900023999988 0 0.0555641834067000032 0 0.0204074908240000005 0 0.0450315162769999999 0 0.0626933773799999983 0 0.121645386999999994 0 0.0307972839289000003 0 0.0365667331695999978 0 0.0335661002600000022 0 0.030433196029399999 0 0.0318541029146000021 0 0.0339630900509999972 0 0.124355225222000002 0 0.0376551703689999989 0 0.0588241396101999992 0 0.0504370463016000012 0 0.0513264117076999982 0 0.158407146402999993 0 0.0789876636955999939 0
0.0602898475508000034 0 0.0281820144702999986 0 0.0525382952985000012 0 0.0465453923505999984 0 0.0594663002108000022 0 0.0811657170494999997 0 0.0511444045132000008 0 0.0555641834067000032 0 0.0204074908240000005 0 0.0380167066814999996 0 0.0502009125823999966 0 0.121645386999999994 0 0.0307972839289000003 0 0.0365667331695999978 0 0.0335661002600000022 0 0.030433196029399999 0 0.0318541029146000021 0 0.033289290504099997 0 0.124355225222000002 0 0.0376551703689999989 0 0.0573145644984000002 0 0.0427328252167000003 0 0.0513264117076999982 0 0.158407146402999993 0 0.0789876636955999939 0
0.0602898475508000034 0 0.0281820144702999986 0 0.0525382952985000012 0 0.0465453923505999984 0 0.0594663002108000022 0 0.0760542868494999968 0 0.0511444045132000008 0 0.0555641834067000032 0 0.0141317397955999999 0 0.0270830025922999991 0 0.0502009125823999966 0 0.121645386999999994 0 0.0307972839289000003 0 0.0365667331695999978 0 0.0335661002600000022 0 0.030433196029399999 0 0.0269625582736000013 0 0.0299815307170000003 0 0.124355225222000002 0 0.0376551703689999989 0 0.0561779667924000026 0 0.0427328252167000003 0 0.0505871184471999996 0 0.158407146402999993 0 0.0789876636955999939 0
0.0602898475508000034 0 0.0281820144702999986 0 0.0525382952985000012 0 0.0364136091838000026 0 0.0594663002108000022 0 0.0760542868494999968 0 0.0463308020870999981 0 0.0555641834067000032 0 0.0141317397955999999 0 0.0270830025922999991 0 0.0502009125823999966 0 0.121645386999999994 0 0.0307972839289000003 0 0.0365667331695999978 0 0.0284969730419999991 0 0.0275319658387000003 0 0.0188769187622000005 0 0.0299815307170000003 0 0.124355225222000002 0 0.0233072460645999992 0 0.0561779667924000026 0 0.0427328252167000003 0 0.0490781593969999985 0 0.158407146402999993 0 0.0658530991074000038 0
0.0381110947314000012 0 0.0281820144702999986 0 0.0511839902241999975 0 0.0364136091838000026 0 0.055094513292199998 0 0.0760542868494999968 0 0.0330669472162000017 0 0.0555641834067000032 0 0.0141317397955999999 0 0.0235282758063000003 0 0.0502009125823999966 0 0.121645386999999994 0 0.0307972839289000003 0 0.0276966950472000012 0 0.0284969730419999991 0 0.0275319658387000003 0 0.0188769187622000005 0 0.0231624725051999998 0 0.124355225222000002 0 0.0233072460645999992 0 0.0520597803026000006 0 0.035949849490300001 0 0.0490781593969999985 0 0.136037545356999995 0 0.0658530991074000038 0
0.0381110947314000012 0 0.0281820144702999986 0 0.0511839902241999975 0 0.0364136091838000026 0 0.0511424906801000029 0 0.0507682617035999997 0 0.0330669472162000017 0 0.0555641834067000032 0 0.0141317397955999999 0 0.0224642229960000002 0 0.0502009125823999966 0 0.121645386999999994 0 0.0307972839289000003 0 0.0276966950472000012 0 0.0284969730419999991 0 0.0275319658387000003 0 0.0188769187622000005 0 0.0231624725051999998 0 0.124355225222000002 0 0.0233072460645999992 0 0.0520597803026000006 0 0.0224344649393000001 0 0.0490781593969999985 0 0.132381720741999998 0 0.0658530991074000038 0
0.0381110947314000012 0 0.0181679087752000014 0 0.0511839902241999975 0 0.0284588885524999988 0 0.0511424906801000029 0 0.0507682617035999997 0 0.0330669472162000017 0 0.0457071239501999974 0 0.0141317397955999999 0 0.0224642229960000002 0 0.0502009125823999966 0 0.105885788884000007 0 0.0307972839289000003 0 0.0276966950472000012 0 0.0284969730419999991 0 0.0275319658387000003 0 0.0182762259379000008 0 0.0231624725051999998 0 0.0776275912530000056 0 0.0233072460645999992 0 0.0520597803026000006 0 0.0224344649393000001 0 0.0327203837337000022 0 0.132381720741999998 0 0.0629434420711000031 0
0.0286872149419000015 0 0.0181679087752000014 0 0.0453253326939999993 0 0.0284588885524999988 0 0.0511424906801000029 0 0.0507682617035999997 0 0.0330669472162000017 0 0.0457071239501999974 0 0.0141317397955999999 0 0.0224642229960000002 0 0.0475295868521000003 0 0.105885788884000007 0 0.0307972839289000003 0 0.0276966950472000012 0 0.0251074054172999994 0 0.0250155406157000007 0 0.0182762259379000008 0 0.0231624725051999998 0 0.0776275912530000056 0 0.0219310984543 0 0.0520597803026000006 0 0.0224344649393000001 0 0.0327203837337000022 0 0.106842288300000005 0 0.0599534619652000028 0
0.0286872149419000015 0 0.0181679087752000014 0 0.0453253326939999993 0 0.0284588885524999988 0 0.0488696900202999981 0 0.0507682617035999997 0 0.0330669472162000017 0 0.0457071239501999974 0 0.0141317397955999999 0 0.0205102206351999994 0 0.0475295868521000003 0 0.105885788884000007 0 0.0307972839289000003 0 0.0253988460580999997 0 0.0251074054172999994 0 0.0248442368286999997 0 0.0182762259379000008 0 0.0231624725051999998 0 0.0776275912530000056 0 0.0219310984543 0 0.0499055172286999998 0 0.0224344649393000001 0 0.0327203837337000022 0 0.084926173692899995 0 0.0599534619652000028 0
0.0286872149419000015 0 0.0181679087752000014 0 0.0453253326939999993 0 0.0284588885524999988 0 0.0488696900202999981 0 0.0437589730568000018 0 0.0330669472162000017 0 0.0393669145428000022 0 0.0141317397955999999 0 0.0205102206351999994 0 0.0406106445701999996 0 0.105885788884000007 0 0.0297999956867000017 0 0.0253988460580999997 0 0.0219960700487999983 0 0.0248442368286999997 0 0.017856061630399999 0 0.0230094913334999984 0 0.0776275912530000056 0 0.0216650788443999986 0 0.0359759481224000005 0 0.0224344649393000001 0 0.0327203837337000022 0 0.084926173692899995 0 0.0532200440245999967 0
0.0286872149419000015 0 0.0181679087752000014 0 0.0453253326939999993 0 0.0284588885524999988 0 0.043394688111099998 0 0.0437589730568000018 0 0.0330669472162000017 0 0.0379763408202000025 0 0.0141317397955999999 0 0.0205102206351999994 0 0.0406106445701999996 0 0.0933706503739999971 0 0.0297999956867000017 0 0.0253988460580999997 0 0.0207236967931999985 0 0.0223743719707000001 0 0.0151653785261000006 0 0.0230094913334999984 0 0.0678021814419999952 0 0.0216650788443999986 0 0.0359759481224000005 0 0.0224344649393000001 0 0.0327203837337000022 0 0.084926173692899995 0 0.0532200440245999967 0
0.0286872149419000015 0 0.0181679087752000014 0 0.0453253326939999993 0 0.0284588885524999988 0 0.043394688111099998 0 0.0334759477752999968 0 0.0330669472162000017 0 0.0379763408202000025 0 0.0141317397955999999 0 0.0164818376274999991 0 0.0378526488533000027 0 0.0933706503739999971 0 0.0297999956867000017 0 0.0253988460580999997 0 0.0207236967931999985 0 0.0223743719707000001 0 0.0151653785261000006 0 0.0209350014142999988 0 0.0678021814419999952 0 0.0216650788443999986 0 0.0296068895160000005 0 0.0202423465644000003 0 0.0327203837337000022 0 0.084926173692899995 0 0.0532200440245999967 0
0.0286872149419000015 0 0.0181679087752000014 0 0.0453253326939999993 0 0.0268350249326999996 0 0.0333277496063000001 0 0.0334759477752999968 0 0.0330669472162000017 0 0.0379763408202000025 0 0.0141317397955999999 0 0.0164818376274999991 0 0.0378526488533000027 0 0.0907571639536999958 0 0.0297999956867000017 0 0.0194323029187999999 0 0.0204946557695999988 0 0.0223743719707000001 0 0.0151653785261000006 0 0.0175981946600000001 0 0.0678021814419999952 0 0.0216650788443999986 0 0.0296068895160000005 0 0.0202423465644000003 0 0.0193957494701000009 0 0.084926173692899995 0 0.0439739133913999991 0
0.0286872149419000015 0 0.0181679087752000014 0 0.0453253326939999993 0 0.0199860082777000014 0 0.0333277496063000001 0 0.0334759477752999968 0 0.0330669472162000017 0 0.0269263946795000007 0 0.0122662368054 0 0.0164818376274999991 0 0.0378526488533000027 0 0.0868223991254999938 0 0.0291283654922999992 0 0.0194323029187999999 0 0.0175068424289000005 0 0.0109683634851000002 0 0.0138173640842999997 0 0.0175981946600000001 0 0.0608882234209000006 0 0.0208395288056999993 0 0.0296068895160000005 0 0.0202423465644000003 0 0.0193957494701000009 0 0.084926173692899995 0 0.0439739133913999991 0
0.027470500197400001 0 0.0181679087752000014 0 0.0453253326939999993 0 0.0192104934349000001 0 0.0333277496063000001 0 0.0334759477752999968 0 0.0269139915079000015 0 0.0267054438950999999 0 0.00944921761262999989 0 0.0164818376274999991 0 0.0327685155221000002 0 0.0868223991254999938 0 0.0291283654922999992 0 0.0127951789391 0 0.0175068424289000005 0 0.0109683634851000002 0 0.0138173640842999997 0 0.0168416242477999988 0 0.0608882234209000006 0 0.0208395288056999993 0 0.0216332467150999984 0 0.0202423465644000003 0 0.0193957494701000009 0 0.0806742129895999943 0 0.0439739133913999991 0
0.027470500197400001 0 0.0181679087752000014 0 0.0453253326939999993 0 0.0192104934349000001 0 0.0277191181673000012 0 0.0308490715407000009 0 0.0269139915079000015 0 0.0267054438950999999 0 0.00944921761262999989 0 0.0164818376274999991 0 0.0327685155221000002 0 0.0732798125688000068 0 0.0291283654922999992 0 0.0127951789391 0 0.0175068424289000005 0 0.0109683634851000002 0 0.0138173640842999997 0 0.0168416242477999988 0 0.0608882234209000006 0 0.0208395288056999993 0 0.0216332467150999984 0 0.0202423465644000003 0 0.0193957494701000009 0 0.0739834439724999932 0 0.0310558816293000015 0
0.0198816512993000016 0 0.0170838325813000014 0 0.0302700991587999992 0 0.0192104934349000001 0 0.0277191181673000012 0 0.0308490715407000009 0 0.0205802805727000014 0 0.0245782193076999993 0 0.00885250279675999993 0 0.0164818376274999991 0 0.0327685155221000002 0 0.0732798125688000068 0 0.0257560577944999994 0 0.0127951789391 0 0.0137729868277999996 0 0.0109683634851000002 0 0.0138173640842999997 0 0.0168416242477999988 0 0.0471484059783999973 0 0.0167793281922999984 0 0.0216332467150999984 0 0.0202407155641999986 0 0.0193957494701000009 0 0.0653387517765999931 0 0.0290441112771000001 0
0.0198816512993000016 0 0.0135145354447000002 0 0.0302700991587999992 0 0.0192104934349000001 0 0.0277191181673000012 0 0.0308490715407000009 0 0.0205802805727000014 0 0.0245782193076999993 0 0.00885250279675999993 0 0.0164818376274999991 0 0.0327685155221000002 0 0.0690362799921999948 0 0.0257560577944999994 0 0.0127951789391 0 0.0137729868277999996 0 0.0109683634851000002 0 0.0124988084857999993 0 0.0168416242477999988 0 0.0449700671461000026 0 0.0167793281922999984 0 0.0216332467150999984 0 0.0202407155641999986 0 0.0193957494701000009 0 0.0653387517765999931 0 0.0290441112771000001 0
0.0160067349075000004 0 0.0135145354447000002 0 0.0302700991587999992 0 0.0192104934349000001 0 0.0277191181673000012 0 0.0287387409304999987 0 0.0187621914155999998 0 0.0245782193076999993 0 0.00885250279675999993 0 0.0154330295783000008 0 0.0327685155221000002 0 0.0690362799921999948 0 0.0257560577944999994 0 0.0127951789391 0 0.0137729868277999996 0 0.0109683634851000002 0 0.0124988084857999993 0 0.0137935984593999996 0 0.0449700671461000026 0 0.0167793281922999984 0 0.0216332467150999984 0 0.0129454981287 0 0.0193957494701000009 0 0.0564251509011999969 0 0.0290441112771000001 0
0.0160067349075000004 0 0.0131681883036000001 0 0.0302700991587999992 0 0.0192104934349000001 0 0.0277191181673000012 0 0.0287387409304999987 0 0.0144754604628000005 0 0.0245782193076999993 0 0.00885250279675999993 0 0.0154330295783000008 0 0.0247407538874000014 0 0.0690362799921999948 0 0.0249722650436999989 0 0.0127951789391 0 0.0137729868277999996 0 0.0109683634851000002 0 0.0107944456206999998 0 0.0137935984593999996 0 0.0394728719076000018 0 0.0167793281922999984 0 0.0180675287256999995 0 0.0129454981287 0 0.0193957494701000009 0 0.0564251509011999969 0 0.0290441112771000001 0
0.0160067349075000004 0 0.00997612681605999918 0 0.0302700991587999992 0 0.0177282959213999995 0 0.0277191181673000012 0 0.0287387409304999987 0 0.0144754604628000005 0 0.0229465689836000006 0 0.00885250279675999993 0 0.0154330295783000008 0 0.0247407538874000014 0 0.0635770308890000052 0 0.0219730629073000006 0 0.0127951789391 0 0.0126551955739999996 0 0.0109683634851000002 0 0.00812063136918000049 0 0.0137935984593999996 0 0.0380877905168999983 0 0.0156385937674000004 0 0.0180675287256999995 0 0.0129454981287 0 0.0193957494701000009 0 0.0564251509011999969 0 0.0203102981223000009 0
0.0139781997939999996 0 0.00997612681605999918 0 0.0302700991587999992 0 0.0156447378764999999 0 0.0208409582334000004 0 0.0287387409304999987 0 0.0144754604628000005 0 0.0229465689836000006 0 0.00885250279675999993 0 0.0126620817102999998 0 0.0223329388573999983 0 0.0569160982300000035 0 0.0219730629073000006 0 0.0127951789391 0 0.0126551955739999996 0 0.0109683634851000002 0 0.00812063136918000049 0 0.0111024901449999994 0 0.0380877905168999983 0 0.0145869231052999995 0 0.0180675287256999995 0 0.0129454981287 0 0.0192504893233000005 0 0.0448605931722999979 0 0.0203102981223000009 0
0.0139781997939999996 0 0.00997612681605999918 0 0.0302700991587999992 0 0.0134259273937000004 0 0.0208409582334000004 0 0.0283742593536999987 0 0.0144754604628000005 0 0.0180247300894000005 0 0.00885250279675999993 0 0.0126620817102999998 0 0.0223329388573999983 0 0.0569160982300000035 0 0.0219730629073000006 0 0.0115146568800999997 0 0.0126551955739999996 0 0.0103026292330000002 0 0.00812063136918000049 0 0.0107527711758000008 0 0.0380877905168999983 0 0.0145869231052999995 0 0.0180675287256999995 0 0.0129454981287 0 0.0192504893233000005 0 0.0448605931722999979 0 0.0203102981223000009 0
0.0129668756577999995 0 0.00997612681605999918 0 0.0302700991587999992 0 0.0118696971686000005 0 0.0208409582334000004 0 0.0283742593536999987 0 0.0144754604628000005 0 0.0165991870186000014 0 0.00885250279675999993 0 0.0126620817102999998 0 0.0223329388573999983 0 0.0569160982300000035 0 0.0151664865995999997 0 0.0115146568800999997 0 0.0126551955739999996 0 0.0103026292330000002 0 0.00812063136918000049 0 0.0107527711758000008 0 0.0290154347409000007 0 0.0145869231052999995 0 0.0180675287256999995 0 0.0129454981287 0 0.0181686415482999984 0 0.0448605931722999979 0 0.0203102981223000009 0
0.0129668756577999995 0 0.00664935125793999961 0 0.0282473980216999994 0 0.00842716710105999994 0 0.0208409582334000004 0 0.0215761311249999983 0 0.0144754604628000005 0 0.0165991870186000014 0 0.00885250279675999993 0 0.0126620817102999998 0 0.0223329388573999983 0 0.0569160982300000035 0 0.0151664865995999997 0 0.0115146568800999997 0 0.0126551955739999996 0 0.0103026292330000002 0 0.00745031211660000022 0 0.0107527711758000008 0 0.0223077096097000008 0 0.0145869231052999995 0 0.0180675287256999995 0 0.0129454981287 0 0.0181686415482999984 0 0.0448605931722999979 0 0.0203102981223000009 0
0.0129668756577999995 0 0.00664935125793999961 0 0.0251600240043000009 0 0.00842716710105999994 0 0.0208409582334000004 0 0.0215761311249999983 0 0.0144754604628000005 0 0.0165991870186000014 0 0.00885250279675999993 0 0.0115004065287999998 0 0.0159305820067000004 0 0.0569160982300000035 0 0.0151664865995999997 0 0.0110597954111000003 0 0.0126551955739999996 0 0.0103026292330000002 0 0.00745031211660000022 0 0.0107527711758000008 0 0.0223077096097000008 0 0.0145869231052999995 0 0.0180675287256999995 0 0.0112200428750000008 0 0.0181686415482999984 0 0.0448605931722999979 0 0.0203102981223000009 0
0.0129668756577999995 0 0.00664935125793999961 0 0.0241519293474000002 0 0.00842716710105999994 0 0.0208409582334000004 0 0.0215761311249999983 0 0.0144754604628000005 0 0.0165991870186000014 0 0.00810106151645999945 0 0.0115004065287999998 0 0.0159305820067000004 0 0.0569160982300000035 0 0.0144218221817999995 0 0.0110597954111000003 0 0.0112751846578000008 0 0.00830306618701999975 0 0.00745031211660000022 0 0.0107527711758000008 0 0.0223077096097000008 0 0.00884426454843999926 0 0.0180675287256999995 0 0.0100533279348000004 0 0.0181686415482999984 0 0.037997040766200002 0 0.0202697061898000006 0
0.0117657012016000005 0 0.00664935125793999961 0 0.0241519293474000002 0 0.00842716710105999994 0 0.0208409582334000004 0 0.0215761311249999983 0 0.0144754604628000005 0 0.0161896080013999993 0 0.0064536382685500002 0 0.0115004065287999998 0 0.0159305820067000004 0 0.0500887212124999995 0 0.0144218221817999995 0 0.0110597954111000003 0 0.00814799543237999975 0 0.00830306618701999975 0 0.00579979992478000042 0 0.0089194099047399996 0 0.0223077096097000008 0 0.00884426454843999926 0 0.0180675287256999995 0 0.0100533279348000004 0 0.0126867973187999999 0 0.037997040766200002 0 0.0202697061898000006 0
0.0117657012016000005 0 0.00664935125793999961 0 0.0241519293474000002 0 0.00842716710105999994 0 0.0201336772285999992 0 0.0215761311249999983 0 0.0143676673808999997 0 0.0161896080013999993 0 0.0064536382685500002 0 0.0115004065287999998 0 0.0105140030307000008 0 0.0461838182259000016 0 0.0144218221817999995 0 0.00670991830340000005 0 0.00814799543237999975 0 0.00830306618701999975 0 0.00579979992478000042 0 0.0089194099047399996 0 0.0223077096097000008 0 0.00884426454843999926 0 0.0125653122830000005 0 0.0100533279348000004 0 0.0126867973187999999 0 0.0324148169691000007 0 0.0162164547197999991 0
0.0117657012016000005 0 0.00664935125793999961 0 0.020848216240600001 0 0.00842716710105999994 0 0.0201336772285999992 0 0.0210800472466999983 0 0.0143676673808999997 0 0.0146915156339000007 0 0.00601867766093000002 0 0.00953948915370999954 0 0.0105140030307000008 0 0.0415576368252000006 0 0.00941961018880000008 0 0.00670991830340000005 0 0.00814799543237999975 0 0.00543999614373000002 0 0.00570442010044000004 0 0.00884998920767000007 0 0.0223077096097000008 0 0.00884426454843999926 0 0.0114147955465999998 0 0.0100533279348000004 0 0.0126867973187999999 0 0.0324148169691000007 0 0.0162164547197999991 0
0.00781921465401999929 0 0.00629989021741000042 0 0.020848216240600001 0 0.00654161726582000013 0 0.0201336772285999992 0 0.0210800472466999983 0 0.0143676673808999997 0 0.0146915156339000007 0 0.00570685140419999962 0 0.00953948915370999954 0 0.0105140030307000008 0 0.0388606919127000017 0 0.00941961018880000008 0 0.00670991830340000005 0 0.00655634004218999967 0 0.00543999614373000002 0 0.00474753757240000025 0 0.00884711278580000045 0 0.0223077096097000008 0 0.00884426454843999926 0 0.0114147955465999998 0 0.00800357611217999976 0 0.0126867973187999999 0 0.0324148169691000007 0 0.0135840549998999995 0
0.00781921465401999929 0 0.00629989021741000042 0 0.020848216240600001 0 0.00654161726582000013 0 0.0156087749208999992 0 0.0143840296394999994 0 0.0105927559917000005 0 0.0146915156339000007 0 0.00570685140419999962 0 0.00953948915370999954 0 0.0105140030307000008 0 0.0388606919127000017 0 0.00941961018880000008 0 0.00670991830340000005 0 0.00655634004218999967 0 0.00543999614373000002 0 0.00474753757240000025 0 0.00743468724513000022 0 0.0223077096097000008 0 0.00788699341759999985 0 0.0114147955465999998 0 0.00800357611217999976 0 0.0126867973187999999 0 0.0313843033502999996 0 0.0135840549998999995 0
0.00781921465401999929 0 0.00629989021741000042 0 0.0193229214098999992 0 0.00654161726582000013 0 0.0156087749208999992 0 0.0143840296394999994 0 0.0105927559917000005 0 0.0137946971859000001 0 0.00570685140419999962 0 0.00953948915370999954 0 0.00989283928499000084 0 0.0388606919127000017 0 0.00941961018880000008 0 0.00670991830340000005 0 0.00655634004218999967 0 0.00543999614373000002 0 0.00474753757240000025 0 0.0067009931372000002 0 0.0213144220895000007 0 0.00788699341759999985 0 0.0114147955465999998 0 0.00800357611217999976 0 0.0126867973187999999 0 0.0292390923116000005 0 0.0135840549998999995 0
0.00781921465401999929 0 0.00537773390374000036 0 0.0174418261503999986 0 0.00654161726582000013 0 0.0156087749208999992 0 0.0143840296394999994 0 0.0105927559917000005 0 0.0110205579031999994 0 0.00570685140419999962 0 0.00903373169694999915 0 0.00989283928499000084 0 0.0276666059111000014 0 0.00941961018880000008 0 0.00670991830340000005 0 0.00643969613981000034 0 0.00543999614373000002 0 0.00474753757240000025 0 0.00494161461525999962 0 0.0213144220895000007 0 0.00788699341759999985 0 0.0114147955465999998 0 0.00800357611217999976 0 0.0122991365638000002 0 0.0292390923116000005 0 0.0135840549998999995 0
0.0069466420415099997 0 0.00419883170258000035 0 0.0171712847281999988 0 0.00654161726582000013 0 0.0156087749208999992 0 0.0139105948827 0 0.0105927559917000005 0 0.0110205579031999994 0 0.00567736266544000001 0 0.00903373169694999915 0 0.00989283928499000084 0 0.0237060394761000014 0 0.0083539865096300004 0 0.00670991830340000005 0 0.00514472756056000031 0 0.00543999614373000002 0 0.00373981052782000004 0 0.00454025042724000034 0 0.0197427693161000006 0 0.00760614127059000035 0 0.0103087747420999992 0 0.00800357611217999976 0 0.0122991365638000002 0 0.026269325025500001 0 0.0135840549998999995 0
0.00584273731393999962 0 0.00419883170258000035 0 0.0132468726872999997 0 0.00445023001053999976 0 0.0153945583348999993 0 0.0139105948827 0 0.0105927559917000005 0 0.0110205579031999994 0 0.00543505473078999962 0 0.00903373169694999915 0 0.00989283928499000084 0 0.0237060394761000014 0 0.0083539865096300004 0 0.00670991830340000005 0 0.00514472756056000031 0 0.00543999614373000002 0 0.00373981052782000004 0 0.00454025042724000034 0 0.0197427693161000006 0 0.00760614127059000035 0 0.00703765020098000033 0 0.00800357611217999976 0 0.0122991365638000002 0 0.025240902150100001 0 0.0121555994878999995 0
0.00584273731393999962 0 0.00419883170258000035 0 0.0132468726872999997 0 0.00445023001053999976 0 0.0131335176408000007 0 0.0139105948827 0 0.0105927559917000005 0 0.00925266073101000015 0 0.00348885668644999996 0 0.0082523494839500007 0 0.00989283928499000084 0 0.0237060394761000014 0 0.0083539865096300004 0 0.00670991830340000005 0 0.00514472756056000031 0 0.00432442480737999999 0 0.00373981052782000004 0 0.00454025042724000034 0 0.0183926109878000017 0 0.00461001472252000038 0 0.00703765020098000033 0 0.00800357611217999976 0 0.00619340096695000005 0 0.025240902150100001 0 0.00872760379877999919 0
0.00584273731393999962 0 0.00419883170258000035 0 0.0132468726872999997 0 0.00391559163067000011 0 0.00989889587380999962 0 0.0139105948827 0 0.0105927559917000005 0 0.00925266073101000015 0 0.00348885668644999996 0 0.00812032007140999976 0 0.00989283928499000084 0 0.0206025975522000013 0 0.0083539865096300004 0 0.00670991830340000005 0 0.00514472756056000031 0 0.00432442480737999999 0 0.0033736904328700002 0 0.00454025042724000034 0 0.0183926109878000017 0 0.00457116930366999966 0 0.00703765020098000033 0 0.00800357611217999976 0 0.00619340096695000005 0 0.0245977855196999988 0 0.00872760379877999919 0
0.00584273731393999962 0 0.00419883170258000035 0 0.0132468726872999997 0 0.00391559163067000011 0 0.00989889587380999962 0 0.0134217550669999998 0 0.00814459100053999997 0 0.00925266073101000015 0 0.00348885668644999996 0 0.00812032007140999976 0 0.00989283928499000084 0 0.0206025975522000013 0 0.0083539865096300004 0 0.00578898828683999979 0 0.00514472756056000031 0 0.00432442480737999999 0 0.0033736904328700002 0 0.00323857363764000006 0 0.0183926109878000017 0 0.00457116930366999966 0 0.00505597515368000003 0 0.00800357611217999976 0 0.00619340096695000005 0 0.0202550944336000009 0 0.00872760379877999919 0
0.00584273731393999962 0 0.00419883170258000035 0 0.0119808298951999993 0 0.00391559163067000011 0 0.00989889587380999962 0 0.0115690838131999995 0 0.00814459100053999997 0 0.00914915194491999935 0 0.00333886969764999979 0 0.00643438320194000043 0 0.00930786212750999917 0 0.0166187756459999988 0 0.00779935361305999966 0 0.00578898828683999979 0 0.00514472756056000031 0 0.00432442480737999999 0 0.0033736904328700002 0 0.00323857363764000006 0 0.0183926109878000017 0 0.00457116930366999966 0 0.00505597515368000003 0 0.00800357611217999976 0 0.00619340096695000005 0 0.0164295699603000007 0 0.00858414407096000018 0
0.00584273731393999962 0 0.00418546889241000041 0 0.0116833065214000005 0 0.00391559163067000011 0 0.00989889587380999962 0 0.0115690838131999995 0 0.00814459100053999997 0 0.00833280095079000013 0 0.0027422701839200001 0 0.00643438320194000043 0 0.00930786212750999917 0 0.0166187756459999988 0 0.0064446895009199999 0 0.00578898828683999979 0 0.00478041972832999977 0 0.0031924913275000002 0 0.00276317888215 0 0.00323857363764000006 0 0.0162213321996000012 0 0.00272113188443000005 0 0.00505597515368000003 0 0.00800357611217999976 0 0.00619340096695000005 0 0.0153974247757000006 0 0.00858414407096000018 0
0.00584273731393999962 0 0.00409314142961999996 0 0.0116833065214000005 0 0.00391559163067000011 0 0.00767611883525000024 0 0.0108290132803000004 0 0.00648178758407999978 0 0.00833280095079000013 0 0.0027422701839200001 0 0.00643438320194000043 0 0.0088010227243399998 0 0.0166187756459999988 0 0.0064446895009199999 0 0.00578898828683999979 0 0.00478041972832999977 0 0.0031924913275000002 0 0.00276317888215 0 0.00323857363764000006 0 0.0162213321996000012 0 0.00272113188443000005 0 0.00505597515368000003 0 0.00800357611217999976 0 0.00619340096695000005 0 0.0153974247757000006 0 0.00858414407096000018 0
0.00584273731393999962 0 0.00409314142961999996 0 0.0116833065214000005 0 0.00294921392068999994 0 0.00767611883525000024 0 0.0104402015836999994 0 0.00648178758407999978 0 0.00803043434773000053 0 0.0027422701839200001 0 0.00643438320194000043 0 0.0088010227243399998 0 0.0166187756459999988 0 0.0064446895009199999 0 0.00535979280720999974 0 0.00294495449634999979 0 0.0031924913275000002 0 0.00276317888215 0 0.00289212882423999992 0 0.0141510628610999993 0 0.00272113188443000005 0 0.00505597515368000003 0 0.00800357611217999976 0 0.00619340096695000005 0 0.0152930253765999995 0 0.00787616882634999994 0
0.00584273731393999962 0 0.00319442705894000013 0 0.0116707376761999992 0 0.00294921392068999994 0 0.00767611883525000024 0 0.0104402015836999994 0 0.00648178758407999978 0 0.00803043434773000053 0 0.00216502788801000009 0 0.00643438320194000043 0 0.0088010227243399998 0 0.0166187756459999988 0 0.00632281881833999995 0 0.00535979280720999974 0 0.00294495449634999979 0 0.0031924913275000002 0 0.00212323418102000009 0 0.00289212882423999992 0 0.0117570150652000008 0 0.00272113188443000005 0 0.00505597515368000003 0 0.00611512496462999957 0 0.00619340096695000005 0 0.0152930253765999995 0 0.00787616882634999994 0
0.00516698091745000036 0 0.00319442705894000013 0 0.00758544177183000014 0 0.00294921392068999994 0 0.00767611883525000024 0 0.00956509372596000065 0 0.00648178758407999978 0 0.00803043434773000053 0 0.00216502788801000009 0 0.00643438320194000043 0 0.00760054012128000018 0 0.0166187756459999988 0 0.00567971957282000037 0 0.00448279000661000026 0 0.00294495449634999979 0 0.0031924913275000002 0 0.00212323418102000009 0 0.00242695336259000005 0 0.0117570150652000008 0 0.00272113188443000005 0 0.00505597515368000003 0 0.00611512496462999957 0 0.00488724770579999999 0 0.00920471586120000067 0 0.00629207453752999961 0
0.00516698091745000036 0 0.00319442705894000013 0 0.00758544177183000014 0 0.00294921392068999994 0 0.00647781955653999996 0 0.00956509372596000065 0 0.00546493708703999978 0 0.00803043434773000053 0 0.00216502788801000009 0 0.00581376321405000038 0 0.00584957815318000018 0 0.0166187756459999988 0 0.00567971957282000037 0 0.00448279000661000026 0 0.00294495449634999979 0 0.0031924913275000002 0 0.00212323418102000009 0 0.00242695336259000005 0 0.0117570150652000008 0 0.00272113188443000005 0 0.00505597515368000003 0 0.00474572538792999987 0 0.00488724770579999999 0 0.00920471586120000067 0 0.00629207453752999961 0
0.00450735640673999988 0 0.00312790043659000013 0 0.00758544177183000014 0 0.00247707933567000013 0 0.00647781955653999996 0 0.00956509372596000065 0 0.00546493708703999978 0 0.00697708955908999968 0 0.00206699423624000017 0 0.00581376321405000038 0 0.00584957815318000018 0 0.0119205943742000005 0 0.00505421605084000001 0 0.00448279000661000026 0 0.00294495449634999979 0 0.0031924913275000002 0 0.00212323418102000009 0 0.00242695336259000005 0 0.0117570150652000008 0 0.00272113188443000005 0 0.00505597515368000003 0 0.00474572538792999987 0 0.00488724770579999999 0 0.00920471586120000067 0 0.00629207453752999961 0
0.00450735640673999988 0 0.00312790043659000013 0 0.00758544177183000014 0 0.00247707933567000013 0 0.00647781955653999996 0 0.00840463784457000027 0 0.00546493708703999978 0 0.00697708955908999968 0 0.00161979013032999991 0 0.00581376321405000038 0 0.00584957815318000018 0 0.0108438077035 0 0.00439767317533999984 0 0.00448279000661000026 0 0.00294495449634999979 0 0.0031924913275000002 0 0.00212323418102000009 0 0.00242695336259000005 0 0.0117570150652000008 0 0.00246604944777 0 0.00505597515368000003 0 0.00474572538792999987 0 0.00488724770579999999 0 0.00920471586120000067 0 0.00625940088235000039 0
0.00450735640673999988 0 0.00312790043659000013 0 0.00758544177183000014 0 0.00247707933567000013 0 0.00647781955653999996 0 0.00669212587280999978 0 0.00489215249766000032 0 0.00697708955908999968 0 0.00161979013032999991 0 0.00475217262069000008 0 0.00584957815318000018 0 0.0108438077035 0 0.00439767317533999984 0 0.00287227288941999982 0 0.00294495449634999979 0 0.0031924913275000002 0 0.00208882164745000012 0 0.0024153555834800001 0 0.0117570150652000008 0 0.00246604944777 0 0.00505597515368000003 0 0.00461842143889999984 0 0.00488724770579999999 0 0.00920471586120000067 0 0.00625940088235000039 0
0.00450735640673999988 0 0.00257635171908000013 0 0.00758544177183000014 0 0.00247707933567000013 0 0.00589447614874000041 0 0.0053659895485600002 0 0.00457020033457000013 0 0.00697708955908999968 0 0.00159460261379000003 0 0.00475217262069000008 0 0.00558549151190000041 0 0.0108438077035 0 0.0042531173124200003 0 0.00287227288941999982 0 0.00244152769553999992 0 0.00297602095055000005 0 0.00142438624324999993 0 0.00193904830883000006 0 0.0105605398952999998 0 0.00246604944777 0 0.00505597515368000003 0 0.00461842143889999984 0 0.00488724770579999999 0 0.00920471586120000067 0 0.00577274054626999988 0
0.00450735640673999988 0 0.00257635171908000013 0 0.00758544177183000014 0 0.00247707933567000013 0 0.00589447614874000041 0 0.0053659895485600002 0 0.00457020033457000013 0 0.00690539397385999971 0 0.00159460261379000003 0 0.00431499204600999976 0 0.00558549151190000041 0 0.00940454433034999988 0 0.00418319718166000002 0 0.00287227288941999982 0 0.00244152769553999992 0 0.00291135007475000008 0 0.00142438624324999993 0 0.00193904830883000006 0 0.00774787869946000005 0 0.00246604944777 0 0.00505597515368000003 0 0.00461842143889999984 0 0.00488724770579999999 0 0.00920471586120000067 0 0.0054709309482 0
0.00406291079119000011 0 0.00256373862171000019 0 0.00758544177183000014 0 0.00247707933567000013 0 0.00589447614874000041 0 0.0053659895485600002 0 0.00457020033457000013 0 0.00690539397385999971 0 0.00159460261379000003 0 0.00431499204600999976 0 0.00477566025066999966 0 0.00940454433034999988 0 0.00418319718166000002 0 0.00287227288941999982 0 0.00244152769553999992 0 0.00291135007475000008 0 0.00142438624324999993 0 0.00145560920190000004 0 0.00774787869946000005 0 0.00246604944777 0 0.00505597515368000003 0 0.00461842143889999984 0 0.00488724770579999999 0 0.00740366323298000031 0 0.0054709309482 0
0.00406291079119000011 0 0.00256373862171000019 0 0.00564411587548000002 0 0.00227975773797000009 0 0.00589447614874000041 0 0.0053659895485600002 0 0.00457020033457000013 0 0.00446108453703000004 0 0.00133810791031999999 0 0.00431499204600999976 0 0.00477566025066999966 0 0.0082634782940200005 0 0.00418319718166000002 0 0.00287227288941999982 0 0.00244152769553999992 0 0.00245481397833000005 0 0.00142438624324999993 0 0.00145560920190000004 0 0.00774787869946000005 0 0.00245976280775000002 0 0.00484327126651000039 0 0.00451808736058000038 0 0.00488724770579999999 0 0.00740366323298000031 0 0.00453183681791000017 0
0.00387256453536999985 0 0.00206538890696000019 0 0.00564411587548000002 0 0.00227975773797000009 0 0.00530650732395999969 0 0.0053659895485600002 0 0.00457020033457000013 0 0.00446108453703000004 0 0.00111151853862000009 0 0.00431499204600999976 0 0.00477566025066999966 0 0.0082634782940200005 0 0.00235163297633999993 0 0.00287227288941999982 0 0.0021899839295600001 0 0.00219152850421999983 0 0.00142438624324999993 0 0.00145560920190000004 0 0.00774787869946000005 0 0.00200666471042000019 0 0.00484327126651000039 0 0.00425891868745000013 0 0.00488724770579999999 0 0.00740366323298000031 0 0.00453183681791000017 0
0.00378450380642000005 0 0.00194580897407000005 0 0.00442523896359000007 0 0.00227975773797000009 0 0.00530650732395999969 0 0.0053659895485600002 0 0.00457020033457000013 0 0.00446108453703000004 0 0.00111151853862000009 0 0.0031455568233799999 0 0.00428803172964999958 0 0.00674025630657000031 0 0.00235163297633999993 0 0.00287227288941999982 0 0.0021899839295600001 0 0.00219152850421999983 0 0.00142438624324999993 0 0.00145560920190000004 0 0.00771884876263000032 0 0.00200666471042000019 0 0.00455715423338000011 0 0.00291035796094000002 0 0.00375830983633000009 0 0.0063702249936700003 0 0.00453183681791000017 0
0.00339300847482999985 0 0.00194580897407000005 0 0.00442523896359000007 0 0.00182070795666999991 0 0.00530650732395999969 0 0.0053659895485600002 0 0.00446957293238000024 0 0.00446108453703000004 0 0.00111151853862000009 0 0.0031455568233799999 0 0.00289652507928999997 0 0.00674025630657000031 0 0.00235163297633999993 0 0.00258067843671999989 0 0.0021899839295600001 0 0.00219152850421999983 0 0.00142438624324999993 0 0.00145560920190000004 0 0.00771884876263000032 0 0.00172335135369999998 0 0.00391551378498999989 0 0.00291035796094000002 0 0.00375830983633000009 0 0.0063702249936700003 0 0.00453183681791000017 0
0.00339300847482999985 0 0.00194580897407000005 0 0.00333611279955000001 0 0.00182070795666999991 0 0.00530650732395999969 0 0.00423089290749999961 0 0.00446957293238000024 0 0.00446108453703000004 0 0.00097526048402800001 0 0.0031455568233799999 0 0.00289652507928999997 0 0.00673456622691000033 0 0.00235163297633999993 0 0.00258067843671999989 0 0.0021899839295600001 0 0.00215615603707999988 0 0.00142438624324999993 0 0.00145560920190000004 0 0.00771884876263000032 0 0.00132187181858000008 0 0.00391551378498999989 0 0.00291035796094000002 0 0.00339299752144000015 0 0.0063702249936700003 0 0.00358985187817999988 0
0.00339300847482999985 0 0.00181568615530000002 0 0.00333611279955000001 0 0.00182070795666999991 0 0.0052154615458900001 0 0.00423089290749999961 0 0.00219073286550000015 0 0.00446108453703000004 0 0.00097526048402800001 0 0.0031455568233799999 0 0.00289652507928999997 0 0.00646970785605999969 0 0.00235163297633999993 0 0.00258067843671999989 0 0.0021899839295600001 0 0.00187356322682000003 0 0.00142093295109999994 0 0.00145560920190000004 0 0.00771884876263000032 0 0.00132187181858000008 0 0.00391551378498999989 0 0.00278775779964000013 0 0.00339299752144000015 0 0.0063702249936700003 0 0.00358985187817999988 0
0.00327812665407000011 0 0.00181568615530000002 0 0.00333611279955000001 0 0.00182070795666999991 0 0.00324666556093000007 0 0.00403451364206999959 0 0.00219073286550000015 0 0.00446108453703000004 0 0.00097526048402800001 0 0.0031455568233799999 0 0.00289652507928999997 0 0.00646970785605999969 0 0.00232741401487000007 0 0.00258067843671999989 0 0.0021899839295600001 0 0.00187356322682000003 0 0.00142093295109999994 0 0.0013562438267599999 0 0.00771884876263000032 0 0.00132187181858000008 0 0.00269929923255000015 0 0.00278775779964000013 0 0.00339299752144000015 0 0.00545915473498000039 0 0.00358985187817999988 0
0.00264058917794000002 0 0.0014892946019199999 0 0.00333611279955000001 0 0.00182070795666999991 0 0.00324666556093000007 0 0.00403451364206999959 0 0.00219073286550000015 0 0.00302089844912999984 0 0.000926928321947999984 0 0.0031455568233799999 0 0.00289652507928999997 0 0.00637501316520999988 0 0.0021098603386300002 0 0.00258067843671999989 0 0.0021899839295600001 0 0.00143507905449999991 0 0.00114690562107000005 0 0.0013562438267599999 0 0.00624826248588000038 0 0.00132187181858000008 0 0.00269929923255000015 0 0.00221255456445000002 0 0.00334093092251000002 0 0.00545915473498000039 0 0.00358985187817999988 0
0.00264058917794000002 0 0.00135096661314000003 0 0.00333611279955000001 0 0.00182070795666999991 0 0.00324666556093000007 0 0.00403451364206999959 0 0.00219073286550000015 0 0.00302089844912999984 0 0.000758536924598999986 0 0.00292930556500999983 0 0.00289652507928999997 0 0.00545523437454000035 0 0.0021098603386300002 0 0.00258067843671999989 0 0.0021899839295600001 0 0.00109241756738000001 0 0.00114690562107000005 0 0.0013562438267599999 0 0.00450621939431999994 0 0.00132187181858000008 0 0.00269929923255000015 0 0.00221255456445000002 0 0.00334093092251000002 0 0.00545915473498000039 0 0.00283085166839000014 0
0.00264058917794000002 0 0.00135096661314000003 0 0.00333611279955000001 0 0.00182070795666999991 0 0.00246388409455000016 0 0.00361660923426000008 0 0.00219073286550000015 0 0.00302089844912999984 0 0.000758536924598999986 0 0.00244479843856999996 0 0.00289652507928999997 0 0.00545523437454000035 0 0.0021098603386300002 0 0.00214947612676999987 0 0.0021899839295600001 0 0.00109241756738000001 0 0.00114690562107000005 0 0.00134339021323999996 0 0.00450621939431999994 0 0.00132187181858000008 0 0.00269929923255000015 0 0.00221255456445000002 0 0.00334093092251000002 0 0.00512664845359999972 0 0.00283085166839000014 0
0.00264058917794000002 0 0.00135096661314000003 0 0.00333611279955000001 0 0.00180597841413000001 0 0.00246388409455000016 0 0.00361660923426000008 0 0.00219073286550000015 0 0.00302089844912999984 0 0.000758536924598999986 0 0.00244479843856999996 0 0.00289652507928999997 0 0.00545523437454000035 0 0.0021098603386300002 0 0.00192622943011999995 0 0.00194298781098999995 0 0.00109241756738000001 0 0.000816515997758999958 0 0.00116422653122000004 0 0.00450621939431999994 0 0.00106263089887000009 0 0.00182638901504999997 0 0.00221255456445000002 0 0.00334093092251000002 0 0.00512664845359999972 0 0.00271246065866000011 0
0.00264058917794000002 0 0.00135096661314000003 0 0.00333611279955000001 0 0.00180597841413000001 0 0.00246388409455000016 0 0.00361660923426000008 0 0.00219073286550000015 0 0.00302089844912999984 0 0.000657285952261000054 0 0.00244479843856999996 0 0.00289652507928999997 0 0.00460161490029999988 0 0.0021098603386300002 0 0.00192622943011999995 0 0.00152650948414999993 0 0.0010261992827699999 0 0.000816515997758999958 0 0.00116422653122000004 0 0.00450621939431999994 0 0.00106263089887000009 0 0.00182638901504999997 0 0.00221255456445000002 0 0.00331750926418000009 0 0.00512664845359999972 0 0.00271246065866000011 0
0.0021862260463899998 0 0.00135096661314000003 0 0.00333611279955000001 0 0.00180597841413000001 0 0.00246388409455000016 0 0.00351043309288 0 0.00219073286550000015 0 0.00302089844912999984 0 0.000657285952261000054 0 0.00145373615887000002 0 0.00237670618773999989 0 0.00460161490029999988 0 0.0021098603386300002 0 0.00164776643416 0 0.00152650948414999993 0 0.0010261992827699999 0 0.000816515997758999958 0 0.000900158793071999968 0 0.00450621939431999994 0 0.00106263089887000009 0 0.00182638901504999997 0 0.00218657987258000014 0 0.00275116012594000007 0 0.0047942455405100004 0 0.00271246065866000011 0
0.00141632580366000006 0 0.00119850840718000004 0 0.00333611279955000001 0 0.00160721947575999998 0 0.00214153146401999984 0 0.00218831792607999997 0 0.00197446782264000011 0 0.00277850258829999983 0 0.000651855058352999962 0 0.00145373615887000002 0 0.00237670618773999989 0 0.00460161490029999988 0 0.0021098603386300002 0 0.00164776643416 0 0.00150505597904000005 0 0.0010261992827699999 0 0.000816515997758999958 0 0.000900158793071999968 0 0.00437333068886000022 0 0.00106263089887000009 0 0.00182638901504999997 0 0.00197120589616000012 0 0.00271588084325999997 0 0.00456417848064000035 0 0.0024936965470799999 0
0.00141632580366000006 0 0.00119850840718000004 0 0.0030759523672800001 0 0.00147091492630000006 0 0.00214153146401999984 0 0.00218831792607999997 0 0.00197446782264000011 0 0.00277850258829999983 0 0.000428362083950000003 0 0.00145373615887000002 0 0.00206106514594999986 0 0.00436164954130000004 0 0.00201508062111999987 0 0.00164776643416 0 0.00124684589251000005 0 0.0010261992827699999 0 0.000816515997758999958 0 0.000900158793071999968 0 0.00437333068886000022 0 0.00106263089887000009 0 0.00182638901504999997 0 0.00197120589616000012 0 0.00255123532126999997 0 0.00456417848064000035 0 0.0024936965470799999 0
0.00141632580366000006 0 0.00119850840718000004 0 0.0025703499217500001 0 0.00135734356550999994 0 0.00214153146401999984 0 0.00218831792607999997 0 0.00197446782264000011 0 0.00277850258829999983 0 0.000394321357268000009 0 0.00145373615887000002 0 0.00206106514594999986 0 0.00293810524684999996 0 0.00201508062111999987 0 0.0016235855596700001 0 0.00124684589251000005 0 0.000879796032385999987 0 0.000816515997758999958 0 0.000900158793071999968 0 0.00437333068886000022 0 0.00106263089887000009 0 0.00182638901504999997 0 0.00157701553357 0 0.00255123532126999997 0 0.00456417848064000035 0 0.00232414650001999982 0
0.00141632580366000006 0 0.00119850840718000004 0 0.0025703499217500001 0 0.00135734356550999994 0 0.00148951441653999992 0 0.00218831792607999997 0 0.0013885339184700001 0 0.00277850258829999983 0 0.000394321357268000009 0 0.00145373615887000002 0 0.00206106514594999986 0 0.00293810524684999996 0 0.00201508062111999987 0 0.0016235855596700001 0 0.00124684589251000005 0 0.000879796032385999987 0 0.000816515997758999958 0 0.000900158793071999968 0 0.00437333068886000022 0 0.00106263089887000009 0 0.0011852258919100001 0 0.0014297298147400001 0 0.00255123532126999997 0 0.00400250498389000033 0 0.00232414650001999982 0
0.00141632580366000006 0 0.00108152585344999997 0 0.0025703499217500001 0 0.00116423539808999999 0 0.00148951441653999992 0 0.00218831792607999997 0 0.0013885339184700001 0 0.0023852439278600002 0 0.000394321357268000009 0 0.00130795125351000001 0 0.00206106514594999986 0 0.00222828499872999982 0 0.00185077540761000004 0 0.00158359106697999997 0 0.00119333758040000002 0 0.000828732646586999972 0 0.000672400119450999954 0 0.000900158793071999968 0 0.00319207008142999987 0 0.00106263089887000009 0 0.0011852258919100001 0 0.0014297298147400001 0 0.00236745265818000001 0 0.00366609953294000021 0 0.00184171299871000002 0
0.00141632580366000006 0 0.00104366251781000006 0 0.00223647088553999979 0 0.00116423539808999999 0 0.00148951441653999992 0 0.00218831792607999997 0 0.0013885339184700001 0 0.0023852439278600002 0 0.000394321357268000009 0 0.00130795125351000001 0 0.00206106514594999986 0 0.00168406953048000005 0 0.00185077540761000004 0 0.00158359106697999997 0 0.000851984976458000035 0 0.000828732646586999972 0 0.000672400119450999954 0 0.000900158793071999968 0 0.00319207008142999987 0 0.00100228302837000001 0 0.0011852258919100001 0 0.0014297298147400001 0 0.00236745265818000001 0 0.00366609953294000021 0 0.00159686124158999994 0
0.00141632580366000006 0 0.00104366251781000006 0 0.00223647088553999979 0 0.00116423539808999999 0 0.00148951441653999992 0 0.00218831792607999997 0 0.0013885339184700001 0 0.0023852439278600002 0 0.000394321357268000009 0 0.00107852273522000006 0 0.00171301209537999999 0 0.00168406953048000005 0 0.00165663610698999994 0 0.0014138507626399999 0 0.000851984976458000035 0 0.000828732646586999972 0 0.000672400119450999954 0 0.000775977015650000028 0 0.00319207008142999987 0 0.00100228302837000001 0 0.0011852258919100001 0 0.00100977829604000004 0 0.00236745265818000001 0 0.00359687897662000012 0 0.00159686124158999994 0
0.00141632580366000006 0 0.00104366251781000006 0 0.00168407125307999997 0 0.000971064538936999952 0 0.00148951441653999992 0 0.00218831792607999997 0 0.00110330013592000007 0 0.0023852439278600002 0 0.000258383623720999974 0 0.00107852273522000006 0 0.00171301209537999999 0 0.00168406953048000005 0 0.00165663610698999994 0 0.0014138507626399999 0 0.000851984976458000035 0 0.000688882705568999963 0 0.000672400119450999954 0 0.000775977015650000028 0 0.00319207008142999987 0 0.000766843957649000047 0 0.0011852258919100001 0 0.00100977829604000004 0 0.00167595660976000002 0 0.00359687897662000012 0 0.00159686124158999994 0
0.00141632580366000006 0 0.000798908847980999955 0 0.00165764227418000007 0 0.000828435621999999987 0 0.00148951441653999992 0 0.00218831792607999997 0 0.00110330013592000007 0 0.00216662233815000018 0 0.000258383623720999974 0 0.00107852273522000006 0 0.00171301209537999999 0 0.00168406953048000005 0 0.00165663610698999994 0 0.0014138507626399999 0 0.000851984976458000035 0 0.000688882705568999963 0 0.000672400119450999954 0 0.000775977015650000028 0 0.00263034668264000007 0 0.000766843957649000047 0 0.0011852258919100001 0 0.00100977829604000004 0 0.00167595660976000002 0 0.00294937683357999981 0 0.00159686124158999994 0
0.00137858045593000004 0 0.000798908847980999955 0 0.00165764227418000007 0 0.000828435621999999987 0 0.00148951441653999992 0 0.00161816661496999993 0 0.00110330013592000007 0 0.00216662233815000018 0 0.000258383623720999974 0 0.000880918325230000006 0 0.0011481367704399999 0 0.00168406953048000005 0 0.00165663610698999994 0 0.0013658088246099999 0 0.000851984976458000035 0 0.000688882705568999963 0 0.000672400119450999954 0 0.00061864078232900003 0 0.00263034668264000007 0 0.000766843957649000047 0 0.0011852258919100001 0 0.00100647699247999995 0 0.00167595660976000002 0 0.00294937683357999981 0 0.00159686124158999994 0
0.00137858045593000004 0 0.000798908847980999955 0 0.00156041560888999994 0 0.000828435621999999987 0 0.00129800206312000004 0 0.00161816661496999993 0 0.00110330013592000007 0 0.00137070081350000009 0 0.000258383623720999974 0 0.000880918325230000006 0 0.0011481367704399999 0 0.00168406953048000005 0 0.00143982538394000006 0 0.00119008634414000006 0 0.000851984976458000035 0 0.000688882705568999963 0 0.000381987323435000001 0 0.00061864078232900003 0 0.00263034668264000007 0 0.000766843957649000047 0 0.0011852258919100001 0 0.00100647699247999995 0 0.00167595660976000002 0 0.00294937683357999981 0 0.00148415680776999991 0
0.00137858045593000004 0 0.000798908847980999955 0 0.00156041560888999994 0 0.000811697792021000004 0 0.00129800206312000004 0 0.00161816661496999993 0 0.00110330013592000007 0 0.00137070081350000009 0 0.000258383623720999974 0 0.000880918325230000006 0 0.0011481367704399999 0 0.00168406953048000005 0 0.00143982538394000006 0 0.00119008634414000006 0 0.000851984976458000035 0 0.000644185530297000024 0 0.000381987323435000001 0 0.00061864078232900003 0 0.00263034668264000007 0 0.000760721855765999957 0 0.0011852258919100001 0 0.00100647699247999995 0 0.00165885386671000006 0 0.00294937683357999981 0 0.000943589240078000009 0
0.00137858045593000004 0 0.000798908847980999955 0 0.00156041560888999994 0 0.000757414137918999988 0 0.00129800206312000004 0 0.00126847712465000002 0 0.00077873936731899995 0 0.00137070081350000009 0 0.000258383623720999974 0 0.000880918325230000006 0 0.00093855774604900005 0 0.00168406953048000005 0 0.00127491634890999992 0 0.0010087316041499999 0 0.000576674092417000053 0 0.000644185530297000024 0 0.000381987323435000001 0 0.000586170305327000018 0 0.00263034668264000007 0 0.000574561112384000018 0 0.0011852258919100001 0 0.00100647699247999995 0 0.00160079762757000003 0 0.00238712404312000021 0 0.000943589240078000009 0
0.00137858045593000004 0 0.000798908847980999955 0 0.00156041560888999994 0 0.000685388734273000033 0 0.00124073859195 0 0.00126847712465000002 0 0.000686445156192000026 0 0.00137070081350000009 0 0.000258383623720999974 0 0.000766143938098000051 0 0.00093855774604900005 0 0.00152036089431000008 0 0.00127491634890999992 0 0.0010087316041499999 0 0.000576674092417000053 0 0.000644185530297000024 0 0.000381987323435000001 0 0.000482453426661999985 0 0.00263034668264000007 0 0.000574561112384000018 0 0.0011852258919100001 0 0.00100647699247999995 0 0.00135346388054999995 0 0.00238712404312000021 0 0.000774617896527999964 0
0.00137858045593000004 0 0.000712116043091000003 0 0.00132781636676000008 0 0.000559925067127999953 0 0.00124073859195 0 0.00126847712465000002 0 0.000686445156192000026 0 0.00137070081350000009 0 0.000256227052347999997 0 0.000766143938098000051 0 0.00093855774604900005 0 0.00124353263377999994 0 0.00118394870605999995 0 0.0010087316041499999 0 0.00052999783639300004 0 0.000644185530297000024 0 0.000381987323435000001 0 0.000482453426661999985 0 0.00250964389000999993 0 0.000574561112384000018 0 0.0011852258919100001 0 0.00100647699247999995 0 0.00131431557380000006 0 0.00238712404312000021 0 0.000774617896527999964 0
0.00137858045593000004 0 0.00068494607800400004 0 0.00130014016997000007 0 0.000559925067127999953 0 0.00124073859195 0 0.00126847712465000002 0 0.000686445156192000026 0 0.00119160436133999999 0 0.000256227052347999997 0 0.000766143938098000051 0 0.000873756689347000002 0 0.00124353263377999994 0 0.00118394870605999995 0 0.000787576947489999988 0 0.00052999783639300004 0 0.000592199851191999981 0 0.000381987323435000001 0 0.000455586871452999997 0 0.00250964389000999993 0 0.000457810618175999982 0 0.00105177634844000009 0 0.000824808690305000019 0 0.00131431557380000006 0 0.00206059847268999985 0 0.000774617896527999964 0
0.000953335796142999975 0 0.000626009794245999986 0 0.00130014016997000007 0 0.000559925067127999953 0 0.00111632002638000004 0 0.00122029892331999997 0 0.000686445156192000026 0 0.00119160436133999999 0 0.000256227052347999997 0 0.000665026067589000029 0 0.000873756689347000002 0 0.00124353263377999994 0 0.00085166840683500002 0 0.000787576947489999988 0 0.00052999783639300004 0 0.000451984049801000022 0 0.000381987323435000001 0 0.000455586871452999997 0 0.00250964389000999993 0 0.000457810618175999982 0 0.00105177634844000009 0 0.000780524866457999963 0 0.00131431557380000006 0 0.00206059847268999985 0 0.000774617896527999964 0
0.000953335796142999975 0 0.00042806729148799999 0 0.00130014016997000007 0 0.00054946737406799998 0 0.00105963945424000002 0 0.00122029892331999997 0 0.000686445156192000026 0 0.00119160436133999999 0 0.000215298816296000003 0 0.000665026067589000029 0 0.000873756689347000002 0 0.00124353263377999994 0 0.00085166840683500002 0 0.000787576947489999988 0 0.000488189844371999984 0 0.000451984049801000022 0 0.000381987323435000001 0 0.000455586871452999997 0 0.00200625480693999991 0 0.000457810618175999982 0 0.00105177634844000009 0 0.000780524866457999963 0 0.000993513051788000008 0 0.00206059847268999985 0 0.000774617896527999964 0
0.000953335796142999975 0 0.00042806729148799999 0 0.00130014016997000007 0 0.00054946737406799998 0 0.000907529563127999978 0 0.00122029892331999997 0 0.000455264473277999999 0 0.00119160436133999999 0 0.000215298816296000003 0 0.000665026067589000029 0 0.000671894839565000015 0 0.000625773677422000046 0 0.000782839437292000046 0 0.000784381927021000013 0 0.000488189844371999984 0 0.000451984049801000022 0 0.000374204589463000001 0 0.000455586871452999997 0 0.00200625480693999991 0 0.000386025317723 0 0.00058361297306399999 0 0.000633209932800000031 0 0.000875231034668999953 0 0.00176909421921999993 0 0.000774617896527999964 0
0.000923133652393 0 0.00042806729148799999 0 0.00130014016997000007 0 0.00054946737406799998 0 0.00068685818503699998 0 0.00109289561220000009 0 0.000455264473277999999 0 0.00119160436133999999 0 0.000215298816296000003 0 0.000446276367618999973 0 0.000671894839565000015 0 0.000625773677422000046 0 0.000782839437292000046 0 0.00069690482208999995 0 0.000488189844371999984 0 0.000451984049801000022 0 0.000374204589463000001 0 0.000352806056483999982 0 0.00200625480693999991 0 0.000386025317723 0 0.00058361297306399999 0 0.000633209932800000031 0 0.000875231034668999953 0 0.00151595395943000008 0 0.000774617896527999964 0
0.000801140082751000053 0 0.000417671479992999983 0 0.00121431861897000008 0 0.000460518886360999989 0 0.00068685818503699998 0 0.000914652453416999974 0 0.000455264473277999999 0 0.00119160436133999999 0 0.000131975303350999996 0 0.000446276367618999973 0 0.000671894839565000015 0 0.000625773677422000046 0 0.000782839437292000046 0 0.00069690482208999995 0 0.000488189844371999984 0 0.000309859226442999987 0 0.000374204589463000001 0 0.000352806056483999982 0 0.00200625480693999991 0 0.000386025317723 0 0.00058361297306399999 0 0.000633209932800000031 0 0.000646257167239999968 0 0.00151595395943000008 0 0.000556927809638000011 0
0.000801140082751000053 0 0.000417671479992999983 0 0.00114299733142999996 0 0.000460518886360999989 0 0.00068685818503699998 0 0.000914652453416999974 0 0.000455264473277999999 0 0.00119160436133999999 0 0.000131703720911 0 0.000348351128859000021 0 0.000671894839565000015 0 0.000625773677422000046 0 0.000778438940629000041 0 0.000573504708933000049 0 0.000459261749423999996 0 0.000309859226442999987 0 0.000335158901861000002 0 0.000352806056483999982 0 0.00183314663483000011 0 0.000386025317723 0 0.00058361297306399999 0 0.000633209932800000031 0 0.000646257167239999968 0 0.00151595395943000008 0 0.000556927809638000011 0
0.000801140082751000053 0 0.000417671479992999983 0 0.00114299733142999996 0 0.000460518886360999989 0 0.00068685818503699998 0 0.000878541352750000044 0 0.000455264473277999999 0 0.00119160436133999999 0 0.000131703720911 0 0.000348351128859000021 0 0.000526784086160999969 0 0.000625773677422000046 0 0.000778438940629000041 0 0.000553078133522999981 0 0.000459261749423999996 0 0.000309859226442999987 0 0.000335158901861000002 0 0.000352806056483999982 0 0.00166928861602999991 0 0.000386025317723 0 0.00058361297306399999 0 0.000633209932800000031 0 0.000646257167239999968 0 0.00129622607470000002 0 0.000556927809638000011 0
0.000801140082751000053 0 0.000343457332043000003 0 0.000969955975830000022 0 0.000460518886360999989 0 0.00068685818503699998 0 0.000752454554255000026 0 0.000327987939909999999 0 0.00107864561685999997 0 0.000131703720911 0 0.000348351128859000021 0 0.000526784086160999969 0 0.000625773677422000046 0 0.000778438940629000041 0 0.000553078133522999981 0 0.000383956318549999985 0 0.000309859226442999987 0 0.000335158901861000002 0 0.000352806056483999982 0 0.00166928861602999991 0 0.000386025317723 0 0.00058361297306399999 0 0.000633209932800000031 0 0.000646257167239999968 0 0.00129622607470000002 0 0.000556927809638000011 0
0.000801140082751000053 0 0.000343457332043000003 0 0.000969955975830000022 0 0.000460518886360999989 0 0.00068685818503699998 0 0.000752454554255000026 0 0.000327987939909999999 0 0.00107864561685999997 0 0.000129133496606 0 0.000348351128859000021 0 0.000526784086160999969 0 0.000625773677422000046 0 0.000475263696439000023 0 0.000553078133522999981 0 0.000383956318549999985 0 0.000302934842268000012 0 0.000277572844435000025 0 0.000352806056483999982 0 0.00114490952468999994 0 0.000386025317723 0 0.00058361297306399999 0 0.000633209932800000031 0 0.000646257167239999968 0 0.00129622607470000002 0 0.000556927809638000011 0
0.000625358844462999973 0 0.000343457332043000003 0 0.000762384489831000045 0 0.00043967522475800002 0 0.000544151722019000023 0 0.000752454554255000026 0 0.000327987939909999999 0 0.00107864561685999997 0 0.000129133496606 0 0.000348351128859000021 0 0.000526784086160999969 0 0.000625773677422000046 0 0.000475263696439000023 0 0.000553078133522999981 0 0.000383956318549999985 0 0.000302934842268000012 0 0.000277572844435000025 0 0.000352806056483999982 0 0.00114490952468999994 0 0.000386025317723 0 0.00058361297306399999 0 0.000425032947243000013 0 0.000646257167239999968 0 0.00129622607470000002 0 0.000556927809638000011 0
0.000625358844462999973 0 0.000343457332043000003 0 0.000762384489831000045 0 0.00043967522475800002 0 0.000544151722019000023 0 0.000752454554255000026 0 0.000327987939909999999 0 0.00107864561685999997 0 0.000129133496606 0 0.000348351128859000021 0 0.000526784086160999969 0 0.000585888245497000019 0 0.000475263696439000023 0 0.000502671053360999971 0 0.000302038268905000017 0 0.000302934842268000012 0 0.000277572844435000025 0 0.000352806056483999982 0 0.00114490952468999994 0 0.000386025317723 0 0.00058361297306399999 0 0.000425032947243000013 0 0.000646257167239999968 0 0.00117008592509000001 0 0.000484729124481999998 0
0.000625358844462999973 0 0.000215380508704 0 0.000762384489831000045 0 0.000388548345561999975 0 0.000544151722019000023 0 0.000752454554255000026 0 0.000327987939909999999 0 0.00093331764255200002 0 0.000115830630236000005 0 0.000348351128859000021 0 0.000526784086160999969 0 0.000585888245497000019 0 0.000475263696439000023 0 0.000502671053360999971 0 0.000280052583297999997 0 0.000302934842268000012 0 0.000256381523932999982 0 0.000352806056483999982 0 0.00114490952468999994 0 0.000305781225399000007 0 0.00058361297306399999 0 0.000425032947243000013 0 0.000646257167239999968 0 0.00117008592509000001 0 0.000484729124481999998 0
0.000625358844462999973 0 0.000215380508704 0 0.000628138378543999947 0 0.000351318977074999996 0 0.000544151722019000023 0 0.000599958353412999973 0 0.000327987939909999999 0 0.00093331764255200002 0 0.000115830630236000005 0 0.000348351128859000021 0 0.000446676880613000018 0 0.000585888245497000019 0 0.000475263696439000023 0 0.000496954516069000006 0 0.000280052583297999997 0 0.000302934842268000012 0 0.000256381523932999982 0 0.000352806056483999982 0 0.00105739740917000003 0 0.000305781225399000007 0 0.000518774760676999963 0 0.000353713982896999976 0 0.000646257167239999968 0 0.00117008592509000001 0 0.000484729124481999998 0
0.000523635666416999977 0 0.000215380508704 0 0.000628138378543999947 0 0.000351318977074999996 0 0.000544151722019000023 0 0.000403225110155999993 0 0.000327987939909999999 0 0.00093331764255200002 0 0.000115830630236000005 0 0.000348351128859000021 0 0.000437256331189000015 0 0.000585888245497000019 0 0.000475263696439000023 0 0.00049229567100600002 0 0.000280052583297999997 0 0.000302934842268000012 0 0.000256381523932999982 0 0.000345294024555999979 0 0.00105739740917000003 0 0.000305781225399000007 0 0.000366866863751000012 0 0.000353713982896999976 0 0.000646257167239999968 0 0.000976013614209000034 0 0.000484729124481999998 0
0.000523635666416999977 0 0.000215380508704 0 0.000581953591346999976 0 0.000304654819826999975 0 0.000544151722019000023 0 0.000403225110155999993 0 0.000327987939909999999 0 0.000788416058868999961 0 9.18886495889000026E-05 0 0.000348351128859000021 0 0.000437256331189000015 0 0.000585888245497000019 0 0.000439998905423999974 0 0.00049229567100600002 0 0.000280052583297999997 0 0.000248166486699000026 0 0.000221586907878000008 0 0.000345294024555999979 0 0.00105739740917000003 0 0.000235442406833 0 0.000366866863751000012 0 0.000353713982896999976 0 0.000646257167239999968 0 0.000976013614209000034 0 0.000445518358937000022 0
0.000523635666416999977 0 0.000215380508704 0 0.000581953591346999976 0 0.000304654819826999975 0 0.000471513473907999984 0 0.000403225110155999993 0 0.000327987939909999999 0 0.000788416058868999961 0 9.18886495889000026E-05 0 0.000348351128859000021 0 0.00035878253814600002 0 0.000561842279743000037 0 0.000439998905423999974 0 0.000382344666247999977 0 0.000280052583297999997 0 0.000231968032818000012 0 0.000205067764870000012 0 0.00027701922420700001 0 0.00105739740917000003 0 0.000235442406833 0 0.000366866863751000012 0 0.000328979176042000011 0 0.000560043943511999952 0 0.000976013614209000034 0 0.000445518358937000022 0
0.000523635666416999977 0 0.000215380508704 0 0.000581953591346999976 0 0.000304654819826999975 0 0.000434184017451000011 0 0.000403225110155999993 0 0.000286208103544999975 0 0.000788416058868999961 0 9.18886495889000026E-05 0 0.000279037772397999989 0 0.00030227007766999998 0 0.000561842279743000037 0 0.000439998905423999974 0 0.000297658338016999985 0 0.000280052583297999997 0 0.000231968032818000012 0 0.000205067764870000012 0 0.000273512128725000012 0 0.0010488561180000001 0 0.000235442406833 0 0.000366866863751000012 0 0.000260292015736999995 0 0.000560043943511999952 0 0.000807249786129999973 0 0.000445518358937000022 0
0.000523635666416999977 0 0.000215380508704 0 0.00054767110821700004 0 0.000177890103416000013 0 0.000434184017451000011 0 0.000403225110155999993 0 0.000286208103544999975 0 0.000702309314408999948 0 7.76174979712000002E-05 0 0.000279037772397999989 0 0.00030227007766999998 0 0.000561842279743000037 0 0.000394454352823000011 0 0.000297658338016999985 0 0.000192533760446999988 0 0.000212733458889000012 0 0.000124536783237999999 0 0.000273512128725000012 0 0.00103067882123999998 0 0.000235442406833 0 0.000366866863751000012 0 0.000260292015736999995 0 0.000524642505685999987 0 0.000807249786129999973 0 0.000255303041173999992 0
0.000523635666416999977 0 0.000184776935376000011 0 0.00054767110821700004 0 0.000177890103416000013 0 0.000434184017451000011 0 0.000403225110155999993 0 0.000286208103544999975 0 0.00063150307159300003 0 7.76174979712000002E-05 0 0.000279037772397999989 0 0.00030227007766999998 0 0.000561842279743000037 0 0.000394454352823000011 0 0.000297658338016999985 0 0.000192533760446999988 0 0.000212733458889000012 0 0.000114964156073000002 0 0.000159503380329999991 0 0.00103067882123999998 0 0.000235442406833 0 0.000366866863751000012 0 0.000260292015736999995 0 0.000524642505685999987 0 0.000807249786129999973 0 0.000255303041173999992 0
0.000481847360255000022 0 0.000184776935376000011 0 0.00054767110821700004 0 0.000146351790979000013 0 0.000434184017451000011 0 0.000403225110155999993 0 0.000286208103544999975 0 0.00063150307159300003 0 7.70498227007999957E-05 0 0.000279037772397999989 0 0.000282234686308999996 0 0.000561842279743000037 0 0.000394454352823000011 0 0.000297658338016999985 0 0.000192533760446999988 0 0.000193286408272000008 0 0.000114964156073000002 0 0.000159503380329999991 0 0.00103067882123999998 0 0.000209298660910999987 0 0.000366866863751000012 0 0.000208819648638000009 0 0.000468689144019000011 0 0.000620879378943999948 0 0.000255303041173999992 0
0.000437706340048000012 0 0.000184776935376000011 0 0.000474796301963 0 0.000146351790979000013 0 0.000434184017451000011 0 0.000403225110155999993 0 0.000286208103544999975 0 0.00052976485189800001 0 7.53201520925000023E-05 0 0.000279037772397999989 0 0.000282234686308999996 0 0.000518559152552999997 0 0.000216618774226000007 0 0.000264835545604000017 0 0.000192533760446999988 0 0.00015885362217999999 0 0.000114964156073000002 0 0.000159503380329999991 0 0.00103067882123999998 0 0.000205789023567 0 0.000366866863751000012 0 0.000208819648638000009 0 0.000468689144019000011 0 0.00057547241790999995 0 0.0002371709164 0
0.000437706340048000012 0 0.000173414612400000004 0 0.000474796301963 0 0.000146351790979000013 0 0.000434184017451000011 0 0.000403225110155999993 0 0.000286208103544999975 0 0.00052976485189800001 0 7.53201520925000023E-05 0 0.000279037772397999989 0 0.000282234686308999996 0 0.000518559152552999997 0 0.000216618774226000007 0 0.000264835545604000017 0 0.000186664093552999996 0 0.00015885362217999999 0 0.000114964156073000002 0 0.000159503380329999991 0 0.000827702451711000023 0 0.000187167196821999988 0 0.000366866863751000012 0 0.000208819648638000009 0 0.000394735712564 0 0.00057547241790999995 0 0.0002371709164 0
0.000389499533237999999 0 0.000173414612400000004 0 0.000474796301963 0 0.000146351790979000013 0 0.000364815842679999994 0 0.00027632288146999998 0 0.000282366323611999977 0 0.00052976485189800001 0 7.53201520925000023E-05 0 0.000271093295873000011 0 0.000157857572156000004 0 0.000518559152552999997 0 0.000216618774226000007 0 0.000264835545604000017 0 0.000186664093552999996 0 0.00015885362217999999 0 0.000114964156073000002 0 0.000159503380329999991 0 0.000827702451711000023 0 0.000187167196821999988 0 0.000344387914761000002 0 0.000208819648638000009 0 0.000394735712564 0 0.00057547241790999995 0 0.0002371709164 0
0.000389499533237999999 0 0.000173414612400000004 0 0.000474796301963 0 0.000146351790979000013 0 0.000350280968104999988 0 0.00027632288146999998 0 0.000142251875553000006 0 0.00052976485189800001 0 7.53201520925000023E-05 0 0.000253683183379999977 0 0.000157857572156000004 0 0.000503483893277999954 0 0.000216618774226000007 0 0.000264835545604000017 0 0.000140153943113000007 0 0.00015885362217999999 0 0.000114964156073000002 0 0.000159503380329999991 0 0.000540941268653999949 0 0.000187167196821999988 0 0.000330580758108000011 0 0.000208819648638000009 0 0.000394735712564 0 0.00057547241790999995 0 0.000184869740673000005 0
0.000389499533237999999 0 0.000154197772687999997 0 0.000243003175974999998 0 0.000146351790979000013 0 0.000350280968104999988 0 0.00027632288146999998 0 0.000142251875553000006 0 0.00050060980154200004 0 6.29579738715999948E-05 0 0.000253683183379999977 0 0.000157857572156000004 0 0.000437090984024999997 0 0.000216618774226000007 0 0.000204206073009999999 0 0.000140153943113000007 0 0.000118285603995999994 0 0.000114964156073000002 0 0.000159503380329999991 0 0.000540941268653999949 0 0.000187167196821999988 0 0.000330580758108000011 0 0.000208819648638000009 0 0.000394735712564 0 0.00057547241790999995 0 0.000154154088089000004 0
0.000384700409985000024 0 0.000154197772687999997 0 0.000243003175974999998 0 0.000146351790979000013 0 0.000350280968104999988 0 0.00027632288146999998 0 0.000142251875553000006 0 0.00050060980154200004 0 6.29579738715999948E-05 0 0.000217953161472999988 0 0.000157857572156000004 0 0.000437090984024999997 0 0.000216618774226000007 0 0.000190672668117999991 0 0.000140153943113000007 0 0.000118285603995999994 0 0.000114964156073000002 0 0.000142856063283000004 0 0.000540941268653999949 0 0.000187167196821999988 0 0.000291849834820000025 0 0.000155546333743999997 0 0.000394735712564 0 0.00057547241790999995 0 0.000154154088089000004 0
0.000328410265702999975 0 0.000154197772687999997 0 0.000243003175974999998 0 0.000146351790979000013 0 0.000350280968104999988 0 0.00027632288146999998 0 0.000142251875553000006 0 0.00050060980154200004 0 5.73944072469999978E-05 0 0.000217953161472999988 0 0.000157857572156000004 0 0.000437090984024999997 0 0.000211314924111000006 0 0.000190672668117999991 0 0.000140153943113000007 0 0.000118285603995999994 0 0.000104137851036999995 0 0.000142856063283000004 0 0.000540941268653999949 0 0.000164062714392000013 0 0.000218672049333000002 0 0.000155546333743999997 0 0.000301646899586000016 0 0.000543783317843000015 0 0.000154154088089000004 0
0.000328410265702999975 0 0.000154197772687999997 0 0.000243003175974999998 0 0.000131107569702999989 0 0.000350280968104999988 0 0.00027632288146999998 0 0.000142251875553000006 0 0.00050060980154200004 0 5.26517493933999971E-05 0 0.000217953161472999988 0 0.000157857572156000004 0 0.000305500005222000023 0 0.000211314924111000006 0 0.000190672668117999991 0 0.000117707396424999994 0 0.000114483781719000005 0 5.00965176928999987E-05 0 0.000142856063283000004 0 0.000540941268653999949 0 0.000138285801440999999 0 0.000218672049333000002 0 0.000155546333743999997 0 0.000301646899586000016 0 0.000543783317843000015 0 0.00013066787216000001 0
0.000328410265702999975 0 0.000154197772687999997 0 0.000243003175974999998 0 0.000115639146311 0 0.00020117362232300001 0 0.000245925548466999981 0 0.000142251875553000006 0 0.000404258215191000006 0 5.26517493933999971E-05 0 0.000217953161472999988 0 0.000157857572156000004 0 0.000305500005222000023 0 0.000211314924111000006 0 0.000164675732686999997 0 0.000117707396424999994 0 0.000114483781719000005 0 5.00965176928999987E-05 0 0.000127832169266000012 0 0.000540941268653999949 0 0.000138285801440999999 0 0.000218672049333000002 0 0.000155546333743999997 0 0.000301646899586000016 0 0.000543783317843000015 0 0.00013066787216000001 0
0.000278846624465000021 0 0.000133130277600999988 0 0.000243003175974999998 0 0.000115639146311 0 0.000170042408519999996 0 0.000245925548466999981 0 0.000142251875553000006 0 0.000404258215191000006 0 5.26517493933999971E-05 0 0.000217953161472999988 0 0.000157857572156000004 0 0.000305500005222000023 0 0.000211314924111000006 0 0.000164675732686999997 0 0.000117707396424999994 0 0.000114483781719000005 0 5.00965176928999987E-05 0 0.000127832169266000012 0 0.000540941268653999949 0 0.000138285801440999999 0 0.000214221094119999996 0 0.000155546333743999997 0 0.000301646899586000016 0 0.000530409313870000001 0 0.00013066787216000001 0
0.000278846624465000021 0 0.000107584921999999994 0 0.000222259305439999994 0 9.73464964480999951E-05 0 0.000170042408519999996 0 0.000245925548466999981 0 0.000142251875553000006 0 0.000346403573654000018 0 5.26517493933999971E-05 0 0.000217953161472999988 0 0.000157857572156000004 0 0.000305500005222000023 0 0.000206553312897000003 0 0.000164675732686999997 0 0.000117707396424999994 0 0.000100093373678000007 0 5.00965176928999987E-05 0 0.000127832169266000012 0 0.000540941268653999949 0 0.00012610941465 0 0.000214221094119999996 0 0.000155546333743999997 0 0.000243381250476999987 0 0.000530409313870000001 0 0.00013066787216000001 0
0.000210334323335999992 0 0.000107584921999999994 0 0.000222259305439999994 0 9.73464964480999951E-05 0 0.000170042408519999996 0 0.000210601102719999998 0 0.000142251875553000006 0 0.000293883901641000026 0 4.70899617594000008E-05 0 0.000176671681680999994 0 0.000154027256407999997 0 0.000305500005222000023 0 0.000200602165646999997 0 0.000163341619215999988 0 0.000107403482430000003 0 8.50921746900000053E-05 0 5.00965176928999987E-05 0 7.74141646444999933E-05 0 0.000540941268653999949 0 0.00012610941465 0 0.000214221094119999996 0 0.000130001546769999994 0 0.000243381250476999987 0 0.000433342795244999978 0 0.00013066787216000001 0
0.000178178185333999992 0 0.000107584921999999994 0 0.000222259305439999994 0 9.73464964480999951E-05 0 0.000170042408519999996 0 0.000159277716997000007 0 0.000116669886362999996 0 0.000293883901641000026 0 4.70899617594000008E-05 0 0.000172146054991999996 0 0.000144878134310999989 0 0.000305500005222000023 0 0.000200602165646999997 0 0.000163341619215999988 0 0.000107403482430000003 0 8.50921746900000053E-05 0 5.00965176928999987E-05 0 7.74141646444999933E-05 0 0.000522976341656000016 0 0.00012610941465 0 0.000199208347629000002 0 0.000111249197597000006 0 0.000243381250476999987 0 0.000217121091642000002 0 0.000130094393225999998 0
0.000178178185333999992 0 0.000107584921999999994 0 0.000162326264253000006 0 6.76420687552000067E-05 0 0.000170042408519999996 0 0.000159277716997000007 0 0.000116669886362999996 0 0.000293883901641000026 0 3.3655748930300001E-05 0 0.000172146054991999996 0 0.000144878134310999989 0 0.000269678092713000013 0 0.000125582569449000003 0 0.000163341619215999988 0 9.03927403686999932E-05 0 7.66484631414000026E-05 0 4.64549650612999972E-05 0 7.74141646444999933E-05 0 0.000508915184465999959 0 0.000110560082502999995 0 0.000199208347629000002 0 0.000111249197597000006 0 0.000243381250476999987 0 0.000217121091642000002 0 0.000115851243731999995 0
0.000178178185333999992 0 6.72494879348000058E-05 0 0.000162326264253000006 0 6.76420687552000067E-05 0 0.000170042408519999996 0 0.000159277716997000007 0 0.000116669886362999996 0 0.000293883901641000026 0 3.3655748930300001E-05 0 0.000172146054991999996 0 0.000127846010479000001 0 0.000269678092713000013 0 0.000125582569449000003 0 0.000121905136302999994 0 7.89916710718000068E-05 0 7.66484631414000026E-05 0 4.64549650612999972E-05 0 7.74141646444999933E-05 0 0.000508915184465999959 0 0.000107916920084999998 0 0.000199208347629000002 0 0.000111249197597000006 0 0.000243381250476999987 0 0.000217121091642000002 0 0.000115851243731999995 0
0.000178178185333999992 0 6.72494879348000058E-05 0 0.000162326264253000006 0 5.5859245820999998E-05 0 0.000161842871727000006 0 0.000159277716997000007 0 0.000107107750075999999 0 0.000293883901641000026 0 3.3655748930300001E-05 0 0.000172146054991999996 0 0.000107403633447000001 0 0.000269678092713000013 0 0.000125582569449000003 0 0.000121905136302999994 0 7.89916710718000068E-05 0 7.66484631414000026E-05 0 4.64549650612999972E-05 0 7.74141646444999933E-05 0 0.000508915184465999959 0 0.000107916920084999998 0 0.000168490364689000008 0 0.000104173886753000002 0 0.000243381250476999987 0 0.000217121091642000002 0 0.000115851243731999995 0
0.000178178185333999992 0 6.72494879348000058E-05 0 0.000162326264253000006 0 5.5859245820999998E-05 0 0.000161842871727000006 0 0.000159277716997000007 0 0.000107107750075999999 0 0.000293883901641000026 0 2.48870353815000004E-05 0 0.000168928662754000002 0 0.000107403633447000001 0 0.000201452356607000001 0 0.000125582569449000003 0 0.000121905136302999994 0 5.4622263758499999E-05 0 6.89193388693999973E-05 0 3.2682235547499999E-05 0 7.74141646444999933E-05 0 0.000420552826267000005 0 0.000101702498666999996 0 0.000161783367807999992 0 0.000104173886753000002 0 0.000243381250476999987 0 0.000217121091642000002 0 0.000115851243731999995 0
0.000144569456302000001 0 6.72494879348000058E-05 0 0.000162326264253000006 0 4.85649893141999972E-05 0 0.000161842871727000006 0 0.000159277716997000007 0 9.80562412300999936E-05 0 0.000293883901641000026 0 2.48870353815000004E-05 0 0.000168928662754000002 0 9.57656509211999993E-05 0 0.000201452356607000001 0 0.000125582569449000003 0 0.000114358368947000005 0 5.4622263758499999E-05 0 6.51902934036000041E-05 0 3.2682235547499999E-05 0 7.74141646444999933E-05 0 0.000420552826267000005 0 0.000101702498666999996 0 0.000161783367807999992 0 0.000104173886753000002 0 0.000203620518653000002 0 0.000217121091642000002 0 0.000115851243731999995 0
0.000144569456302000001 0 6.42758274657999985E-05 0 0.000162326264253000006 0 4.85649893141999972E-05 0 0.000128846339723000009 0 0.000143005166851999994 0 9.19488244678000018E-05 0 0.000293883901641000026 0 2.48870353815000004E-05 0 0.000147691897161999998 0 9.57656509211999993E-05 0 0.000201452356607000001 0 0.000125582569449000003 0 0.000114358368947000005 0 5.4622263758499999E-05 0 6.51902934036000041E-05 0 3.2682235547499999E-05 0 7.4378566470100006E-05 0 0.000420552826267000005 0 9.88387157671000003E-05 0 0.000138548423712999991 0 0.000104173886753000002 0 0.000203620518653000002 0 0.000207815545521000011 0 0.000115851243731999995 0
0.000144569456302000001 0 6.42758274657999985E-05 0 0.000162326264253000006 0 4.85649893141999972E-05 0 0.000128846339723000009 0 0.000143005166851999994 0 9.19488244678000018E-05 0 0.000273879783298999974 0 2.34203508089999992E-05 0 9.46157860863999946E-05 0 9.57656509211999993E-05 0 9.94987982147000006E-05 0 0.000125582569449000003 0 0.000104588091292999997 0 5.4622263758499999E-05 0 6.51902934036000041E-05 0 3.2682235547499999E-05 0 6.69230983260999979E-05 0 0.000420552826267000005 0 9.88387157671000003E-05 0 0.000138548423712999991 0 9.56275101525999984E-05 0 0.000203620518653000002 0 0.000207815545521000011 0 0.000102351071423999998 0
0.000144569456302000001 0 5.5869725795600002E-05 0 0.000162326264253000006 0 4.85649893141999972E-05 0 0.000128846339723000009 0 0.000143005166851999994 0 9.19488244678000018E-05 0 0.000272922113156000019 0 2.34203508089999992E-05 0 9.46157860863999946E-05 0 9.57656509211999993E-05 0 9.94987982147000006E-05 0 0.000125582569449000003 0 0.000104588091292999997 0 5.4622263758499999E-05 0 6.04225890370999988E-05 0 2.31889587241999997E-05 0 6.69230983260999979E-05 0 0.000420552826267000005 0 9.88387157671000003E-05 0 0.000138548423712999991 0 9.56275101525999984E-05 0 0.000203620518653000002 0 0.000207815545521000011 0 8.13433180292000041E-05 0
0.000135784514517999996 0 5.5869725795600002E-05 0 0.000162326264253000006 0 4.85649893141999972E-05 0 9.06118533756000065E-05 0 0.000117856090905000003 0 9.19488244678000018E-05 0 0.000272922113156000019 0 2.34203508089999992E-05 0 7.94165197125999955E-05 0 9.57656509211999993E-05 0 9.94987982147000006E-05 0 0.000125582569449000003 0 8.94014035390999968E-05 0 5.4622263758499999E-05 0 6.04225890370999988E-05 0 2.31889587241999997E-05 0 6.57714777308000055E-05 0 0.000420552826267000005 0 9.88387157671000003E-05 0 7.90737694288999951E-05 0 8.00549511037000052E-05 0 0.000203620518653000002 0 0.000207815545521000011 0 8.13433180292000041E-05 0
0.000118894460180999999 0 5.5869725795600002E-05 0 0.000102942653374999996 0 4.85649893141999972E-05 0 9.06118533756000065E-05 0 0.000117856090905000003 0 9.19488244678000018E-05 0 0.000224602366710999988 0 2.34203508089999992E-05 0 7.94165197125999955E-05 0 9.09671014919999967E-05 0 9.94987982147000006E-05 0 0.000119015630523999994 0 8.94014035390999968E-05 0 5.38175872634000016E-05 0 6.04225890370999988E-05 0 2.31889587241999997E-05 0 6.57714777308000055E-05 0 0.000310649886606999975 0 6.56609544691999974E-05 0 7.90737694288999951E-05 0 8.00549511037000052E-05 0 0.000203620518653000002 0 0.000207815545521000011 0 8.13433180292000041E-05 0
0.000118894460180999999 0 5.5869725795600002E-05 0 0.000102942653374999996 0 3.05100814839000015E-05 0 9.06118533756000065E-05 0 0.000117856090905000003 0 9.19488244678000018E-05 0 0.000174413604563000002 0 1.77512886005000009E-05 0 7.94165197125999955E-05 0 8.24927144072999961E-05 0 9.94987982147000006E-05 0 8.1320828001299998E-05 0 8.94014035390999968E-05 0 3.83053151157999969E-05 0 6.04225890370999988E-05 0 2.31889587241999997E-05 0 6.57714777308000055E-05 0 0.000310649886606999975 0 6.56609544691999974E-05 0 7.90737694288999951E-05 0 8.00549511037000052E-05 0 0.00015386832555899999 0 0.000207815545521000011 0 7.72789338163000034E-05 0
0.000118894460180999999 0 5.5869725795600002E-05 0 0.000102942653374999996 0 3.05100814839000015E-05 0 9.06118533756000065E-05 0 0.000117856090905000003 0 8.69287610567000062E-05 0 0.000174413604563000002 0 1.77512886005000009E-05 0 7.94165197125999955E-05 0 7.59846009698000028E-05 0 9.94987982147000006E-05 0 8.1320828001299998E-05 0 6.98801312742999988E-05 0 3.83053151157999969E-05 0 5.17596107690999993E-05 0 2.31889587241999997E-05 0 6.57714777308000055E-05 0 0.000310649886606999975 0 6.56609544691999974E-05 0 7.29550133008999952E-05 0 8.00549511037000052E-05 0 0.00015386832555899999 0 0.000134649158864000003 0 7.72789338163000034E-05 0
0.000118894460180999999 0 4.84904879387999991E-05 0 0.000102942653374999996 0 3.05100814839000015E-05 0 9.03019329853999985E-05 0 0.000117856090905000003 0 6.9272573557800006E-05 0 0.000161794732734000011 0 1.77512886005000009E-05 0 7.94165197125999955E-05 0 7.42958781940000025E-05 0 9.94987982147000006E-05 0 8.1320828001299998E-05 0 6.07967974146000006E-05 0 3.83053151157999969E-05 0 5.17596107690999993E-05 0 2.2050203889100001E-05 0 6.52863596424999964E-05 0 0.000310649886606999975 0 6.56609544691999974E-05 0 7.29550133008999952E-05 0 7.56338475636999955E-05 0 0.000118112449580000002 0 0.000134649158864000003 0 6.96247353302999964E-05 0
0.000118894460180999999 0 3.6220141707900001E-05 0 7.14013235813999996E-05 0 3.05100814839000015E-05 0 9.03019329853999985E-05 0 0.000107577485059999996 0 6.9272573557800006E-05 0 0.000161794732734000011 0 1.59764027892000013E-05 0 7.94165197125999955E-05 0 7.42958781940000025E-05 0 9.94987982147000006E-05 0 7.78959562931000039E-05 0 6.07967974146000006E-05 0 3.7803365076599997E-05 0 5.17596107690999993E-05 0 2.2050203889100001E-05 0 6.52863596424999964E-05 0 0.000289523338327999974 0 5.37761876914999982E-05 0 7.29550133008999952E-05 0 7.56338475636999955E-05 0 0.000118112449580000002 0 0.000134649158864000003 0 5.88579465304000005E-05 0
7.40609935886000055E-05 0 3.6220141707900001E-05 0 7.14013235813999996E-05 0 3.05100814839000015E-05 0 7.2327725693500003E-05 0 0.000107577485059999996 0 6.43725701913000048E-05 0 0.000161794732734000011 0 1.59764027892000013E-05 0 7.94165197125999955E-05 0 5.28806375998999966E-05 0 9.94987982147000006E-05 0 7.78959562931000039E-05 0 6.07967974146000006E-05 0 3.7803365076599997E-05 0 5.17596107690999993E-05 0 2.2050203889100001E-05 0 4.51246947251000019E-05 0 0.000289523338327999974 0 5.37761876914999982E-05 0 7.29550133008999952E-05 0 7.56338475636999955E-05 0 0.000118112449580000002 0 0.000133962488575000013 0 5.32977200591000004E-05 0
7.14882970647000049E-05 0 3.6220141707900001E-05 0 7.14013235813999996E-05 0 3.05100814839000015E-05 0 7.2327725693500003E-05 0 0.000107577485059999996 0 6.43725701913000048E-05 0 0.000161794732734000011 0 1.59764027892000013E-05 0 7.94165197125999955E-05 0 5.28806375998999966E-05 0 9.94987982147000006E-05 0 7.66615629163000024E-05 0 6.07967974146000006E-05 0 3.7803365076599997E-05 0 4.99478773274999972E-05 0 2.2050203889100001E-05 0 4.51246947251000019E-05 0 0.000289523338327999974 0 5.37761876914999982E-05 0 7.29550133008999952E-05 0 7.56338475636999955E-05 0 0.000118112449580000002 0 0.000133962488575000013 0 5.32977200591000004E-05 0
7.14882970647000049E-05 0 3.6220141707900001E-05 0 7.14013235813999996E-05 0 3.05100814839000015E-05 0 7.2327725693500003E-05 0 9.52749003582999967E-05 0 6.43725701913000048E-05 0 0.000122786126576000007 0 1.29338139282E-05 0 7.94165197125999955E-05 0 5.28806375998999966E-05 0 9.94987982147000006E-05 0 6.6739107227100001E-05 0 6.07967974146000006E-05 0 3.7803365076599997E-05 0 4.33055999585000011E-05 0 2.2050203889100001E-05 0 4.51246947251000019E-05 0 0.000241948814753000006 0 4.51835289832000007E-05 0 7.29550133008999952E-05 0 7.39219969881000001E-05 0 0.000118112449580000002 0 0.000133962488575000013 0 5.32977200591000004E-05 0
7.14882970647000049E-05 0 3.6220141707900001E-05 0 6.33365146561999995E-05 0 3.04860908240999998E-05 0 6.3033198843400002E-05 0 8.28155301804000019E-05 0 5.99674189429000011E-05 0 0.000122786126576000007 0 1.04410722143000005E-05 0 7.46381231024000042E-05 0 3.20712903305000029E-05 0 9.94987982147000006E-05 0 6.6739107227100001E-05 0 4.33612733615000015E-05 0 3.1848729083999998E-05 0 4.33055999585000011E-05 0 1.5438377249299999E-05 0 4.51246947251000019E-05 0 0.000241948814753000006 0 4.51835289832000007E-05 0 7.29550133008999952E-05 0 5.79780217720999983E-05 0 0.000118112449580000002 0 0.000133962488575000013 0 4.60341063687999986E-05 0
7.14882970647000049E-05 0 3.6220141707900001E-05 0 6.33365146561999995E-05 0 3.04860908240999998E-05 0 6.2173502867699998E-05 0 8.28155301804000019E-05 0 5.19858557950999986E-05 0 0.000105888588196000004 0 1.04410722143000005E-05 0 6.15419433953000024E-05 0 3.20712903305000029E-05 0 7.54714438028999978E-05 0 6.6739107227100001E-05 0 4.33612733615000015E-05 0 3.1848729083999998E-05 0 4.33055999585000011E-05 0 1.5438377249299999E-05 0 3.74459601732000003E-05 0 0.000241948814753000006 0 4.51835289832000007E-05 0 5.67524896668000019E-05 0 5.79780217720999983E-05 0 0.000118112449580000002 0 0.000133962488575000013 0 4.60341063687999986E-05 0
7.14882970647000049E-05 0 3.6220141707900001E-05 0 6.33365146561999995E-05 0 2.31391035915999993E-05 0 6.2173502867699998E-05 0 8.28155301804000019E-05 0 5.19858557950999986E-05 0 9.98630048719999957E-05 0 1.00019357938000002E-05 0 6.15419433953000024E-05 0 3.20712903305000029E-05 0 7.54714438028999978E-05 0 6.6739107227100001E-05 0 3.97084915777000004E-05 0 1.99401341738999997E-05 0 4.06594945212999996E-05 0 1.27299582791000008E-05 0 3.74459601732000003E-05 0 0.000151482600544999998 0 4.51063006804000032E-05 0 5.67524896668000019E-05 0 5.38794838571999971E-05 0 0.000118112449580000002 0 0.000133962488575000013 0 4.60341063687999986E-05 0
7.14882970647000049E-05 0 3.6220141707900001E-05 0 6.33365146561999995E-05 0 2.31391035915999993E-05 0 6.2173502867699998E-05 0 6.67979317082999935E-05 0 4.18865646128000003E-05 0 9.98630048719999957E-05 0 9.30310155740000068E-06 0 6.00674781252000012E-05 0 3.20712903305000029E-05 0 6.59899771464999934E-05 0 5.99116935433999996E-05 0 3.97084915777000004E-05 0 1.99401341738999997E-05 0 2.74786628617000014E-05 0 1.27299582791000008E-05 0 3.74459601732000003E-05 0 0.000151482600544999998 0 4.51063006804000032E-05 0 5.67524896668000019E-05 0 5.37396656021000017E-05 0 0.000118112449580000002 0 9.12541760411999999E-05 0 4.58120725089000016E-05 0
6.71969989587000062E-05 0 3.6220141707900001E-05 0 6.33365146561999995E-05 0 2.31391035915999993E-05 0 5.09454226307000027E-05 0 6.67979317082999935E-05 0 3.90714503469999998E-05 0 9.98630048719999957E-05 0 9.30310155740000068E-06 0 6.00674781252000012E-05 0 3.20712903305000029E-05 0 6.59899771464999934E-05 0 5.99116935433999996E-05 0 3.97084915777000004E-05 0 1.99401341738999997E-05 0 2.74786628617000014E-05 0 1.27299582791000008E-05 0 2.5260165958200001E-05 0 0.000151482600544999998 0 4.51063006804000032E-05 0 4.76130446856000007E-05 0 5.37396656021000017E-05 0 8.42072305106000032E-05 0 9.12541760411999999E-05 0 4.58120725089000016E-05 0
6.71969989587000062E-05 0 3.01613765013000004E-05 0 5.26466278836999996E-05 0 2.31391035915999993E-05 0 5.09454226307000027E-05 0 6.67979317082999935E-05 0 3.90714503469999998E-05 0 9.92265249018999961E-05 0 9.30310155740000068E-06 0 6.00674781252000012E-05 0 3.20712903305000029E-05 0 6.47985308495999942E-05 0 5.13032294814999985E-05 0 3.97084915777000004E-05 0 1.99401341738999997E-05 0 2.74786628617000014E-05 0 1.27299582791000008E-05 0 2.5260165958200001E-05 0 0.000151482600544999998 0 3.01171942121000016E-05 0 4.76130446856000007E-05 0 5.01808660953000017E-05 0 8.42072305106000032E-05 0 9.12541760411999999E-05 0 4.58120725089000016E-05 0
5.96172677528000023E-05 0 2.93382663114000014E-05 0 5.26466278836999996E-05 0 2.31391035915999993E-05 0 5.09454226307000027E-05 0 6.40838778549999988E-05 0 2.78407807968999993E-05 0 9.3934494359100001E-05 0 7.07626164672000036E-06 0 4.69225002035999984E-05 0 3.20712903305000029E-05 0 5.36872575292999984E-05 0 4.93880564623000001E-05 0 3.97084915777000004E-05 0 1.99401341738999997E-05 0 2.74786628617000014E-05 0 9.27160236411000077E-06 0 2.5260165958200001E-05 0 0.000151482600544999998 0 3.01171942121000016E-05 0 4.76130446856000007E-05 0 5.01808660953000017E-05 0 8.42072305106000032E-05 0 9.12541760411999999E-05 0 4.06818499465000006E-05 0
5.36977438215000032E-05 0 2.69171969043000006E-05 0 5.26466278836999996E-05 0 2.31391035915999993E-05 0 5.09454226307000027E-05 0 6.40838778549999988E-05 0 2.78407807968999993E-05 0 9.3934494359100001E-05 0 7.07626164672000036E-06 0 4.69225002035999984E-05 0 3.01572705491999996E-05 0 5.36872575292999984E-05 0 4.93880564623000001E-05 0 3.02801090564000001E-05 0 1.99401341738999997E-05 0 2.07084306948000001E-05 0 9.27160236411000077E-06 0 2.5260165958200001E-05 0 0.000151482600544999998 0 3.01171942121000016E-05 0 4.30678930172000024E-05 0 4.01187690711000012E-05 0 8.42072305106000032E-05 0 9.12541760411999999E-05 0 4.06818499465000006E-05 0
5.36977438215000032E-05 0 2.69171969043000006E-05 0 4.03908706121000019E-05 0 2.31391035915999993E-05 0 5.09454226307000027E-05 0 6.40838778549999988E-05 0 2.78407807968999993E-05 0 9.0889872545000001E-05 0 7.07626164672000036E-06 0 4.69225002035999984E-05 0 3.01572705491999996E-05 0 5.28838022842000001E-05 0 4.93880564623000001E-05 0 3.02801090564000001E-05 0 1.76722880101999986E-05 0 2.07084306948000001E-05 0 9.27160236411000077E-06 0 2.5260165958200001E-05 0 0.000151482600544999998 0 3.01171942121000016E-05 0 4.30678930172000024E-05 0 4.01187690711000012E-05 0 7.72050811846999982E-05 0 9.12541760411999999E-05 0 3.70346307946000034E-05 0
5.36977438215000032E-05 0 2.4959538952999999E-05 0 4.03908706121000019E-05 0 2.10838032847999999E-05 0 5.09454226307000027E-05 0 6.40838778549999988E-05 0 2.78407807968999993E-05 0 7.0835863718000003E-05 0 7.07626164672000036E-06 0 4.69225002035999984E-05 0 3.01572705491999996E-05 0 3.76770679280000019E-05 0 4.93880564623000001E-05 0 3.02801090564000001E-05 0 1.76722880101999986E-05 0 2.07084306948000001E-05 0 9.27160236411000077E-06 0 2.5260165958200001E-05 0 0.000146071355403000003 0 2.54552117223000002E-05 0 3.91218050691999989E-05 0 4.01187690711000012E-05 0 7.72050811846999982E-05 0 7.67951854858999947E-05 0 3.70346307946000034E-05 0
4.8163037560999998E-05 0 2.33219108711000011E-05 0 4.03908706121000019E-05 0 2.10838032847999999E-05 0 3.85557399882999985E-05 0 6.12141702630000019E-05 0 2.78407807968999993E-05 0 7.0835863718000003E-05 0 5.59630005061000017E-06 0 3.95098014448999984E-05 0 2.82197443738000007E-05 0 3.76770679280000019E-05 0 4.3880424656599998E-05 0 3.02801090564000001E-05 0 1.76722880101999986E-05 0 2.07084306948000001E-05 0 9.27160236411000077E-06 0 2.15595200735000005E-05 0 0.000146071355403000003 0 2.54552117223000002E-05 0 3.49321152223000005E-05 0 4.01187690711000012E-05 0 7.72050811846999982E-05 0 5.82135514159000012E-05 0 3.59212813640999982E-05 0
4.8163037560999998E-05 0 2.33219108711000011E-05 0 4.03908706121000019E-05 0 1.57049544000000002E-05 0 3.85557399882999985E-05 0 6.12141702630000019E-05 0 2.78407807968999993E-05 0 7.0835863718000003E-05 0 5.59630005061000017E-06 0 3.20174119935999975E-05 0 2.82197443738000007E-05 0 3.76770679280000019E-05 0 3.87385602031000009E-05 0 1.48472195200000004E-05 0 1.54893389119999998E-05 0 2.07084306948000001E-05 0 9.27160236411000077E-06 0 2.15595200735000005E-05 0 0.000137027724862000001 0 2.10142537275999984E-05 0 3.49321152223000005E-05 0 4.01187690711000012E-05 0 6.59273431849999975E-05 0 5.82135514159000012E-05 0 2.65206679075000016E-05 0
4.8163037560999998E-05 0 2.19078110030000016E-05 0 4.03908706121000019E-05 0 1.57049544000000002E-05 0 3.85557399882999985E-05 0 6.12141702630000019E-05 0 2.78013136242999991E-05 0 6.20293647655000029E-05 0 5.59630005061000017E-06 0 3.20174119935999975E-05 0 2.82197443738000007E-05 0 3.26233586307999999E-05 0 3.87385602031000009E-05 0 1.48472195200000004E-05 0 1.54893389119999998E-05 0 2.07084306948000001E-05 0 9.27160236411000077E-06 0 2.15595200735000005E-05 0 0.000136734200649999988 0 2.10142537275999984E-05 0 3.41044977472000011E-05 0 4.01187690711000012E-05 0 6.59273431849999975E-05 0 5.82135514159000012E-05 0 2.65206679075000016E-05 0
2.8839901542499999E-05 0 2.19078110030000016E-05 0 4.03908706121000019E-05 0 1.57049544000000002E-05 0 2.36736909016000017E-05 0 5.27203768067000016E-05 0 2.78013136242999991E-05 0 6.20293647655000029E-05 0 5.59630005061000017E-06 0 3.20174119935999975E-05 0 2.42664508512999998E-05 0 3.26233586307999999E-05 0 3.87385602031000009E-05 0 1.48472195200000004E-05 0 1.54893389119999998E-05 0 1.83729662863999986E-05 0 9.27160236411000077E-06 0 1.88766017705000011E-05 0 0.000136734200649999988 0 2.10142537275999984E-05 0 2.48106947125000016E-05 0 4.01187690711000012E-05 0 6.59273431849999975E-05 0 5.82135514159000012E-05 0 2.65206679075000016E-05 0
2.8839901542499999E-05 0 1.81000540989000012E-05 0 2.94287303376999984E-05 0 1.57049544000000002E-05 0 2.36736909016000017E-05 0 5.27203768067000016E-05 0 1.97281143830000011E-05 0 6.20293647655000029E-05 0 5.59630005061000017E-06 0 3.20174119935999975E-05 0 2.42664508512999998E-05 0 2.34077605332000002E-05 0 3.87385602031000009E-05 0 1.48472195200000004E-05 0 1.54893389119999998E-05 0 1.83729662863999986E-05 0 9.27160236411000077E-06 0 1.88766017705000011E-05 0 0.000119338596431999995 0 2.04170077567000008E-05 0 2.48106947125000016E-05 0 3.66798941096000032E-05 0 6.59273431849999975E-05 0 5.82135514159000012E-05 0 2.58078199313999995E-05 0
2.8839901542499999E-05 0 1.81000540989000012E-05 0 2.94287303376999984E-05 0 1.21045139481E-05 0 2.36736909016000017E-05 0 4.04445254897999973E-05 0 1.97281143830000011E-05 0 6.20293647655000029E-05 0 5.59630005061000017E-06 0 3.20174119935999975E-05 0 1.97600513974000017E-05 0 2.34077605332000002E-05 0 3.87385602031000009E-05 0 1.48472195200000004E-05 0 1.54893389119999998E-05 0 1.83729662863999986E-05 0 9.27160236411000077E-06 0 1.88766017705000011E-05 0 0.000110057995779999995 0 1.51479917596000008E-05 0 2.48106947125000016E-05 0 3.66798941096000032E-05 0 6.37685555070999991E-05 0 5.82135514159000012E-05 0 2.58078199313999995E-05 0
2.8839901542499999E-05 0 1.66890457227999992E-05 0 2.94287303376999984E-05 0 1.21045139481E-05 0 2.09162648081999999E-05 0 4.04445254897999973E-05 0 1.97281143830000011E-05 0 6.20293647655000029E-05 0 5.59630005061000017E-06 0 3.20174119935999975E-05 0 1.35224993537000001E-05 0 2.34077605332000002E-05 0 3.87385602031000009E-05 0 1.48472195200000004E-05 0 1.43208850997999996E-05 0 1.83729662863999986E-05 0 9.27160236411000077E-06 0 1.55042993551000001E-05 0 0.000110057995779999995 0 1.51479917596000008E-05 0 2.48106947125000016E-05 0 3.37683181561000025E-05 0 6.37685555070999991E-05 0 4.47331522559999968E-05 0 2.58078199313999995E-05 0
2.8839901542499999E-05 0 1.66890457227999992E-05 0 2.94287303376999984E-05 0 1.21045139481E-05 0 2.09162648081999999E-05 0 4.04445254897999973E-05 0 1.97281143830000011E-05 0 6.20293647655000029E-05 0 5.59630005061000017E-06 0 3.20174119935999975E-05 0 1.35224993537000001E-05 0 2.34077605332000002E-05 0 3.39189107863999966E-05 0 1.48472195200000004E-05 0 1.38883608148000008E-05 0 1.83729662863999986E-05 0 8.46698028834999916E-06 0 1.55042993551000001E-05 0 0.000102312811022999998 0 1.51479917596000008E-05 0 2.48106947125000016E-05 0 3.07041471343999967E-05 0 6.12835046457E-05 0 4.47331522559999968E-05 0 2.34614416870000014E-05 0
2.8839901542499999E-05 0 1.34890742817999993E-05 0 2.90548731751000008E-05 0 1.21045139481E-05 0 2.09162648081999999E-05 0 4.04445254897999973E-05 0 1.97281143830000011E-05 0 5.26012112215999979E-05 0 5.59630005061000017E-06 0 2.89940214476000001E-05 0 1.35224993537000001E-05 0 2.34077605332000002E-05 0 3.30865647510999989E-05 0 1.48472195200000004E-05 0 1.10983432565999995E-05 0 1.83729662863999986E-05 0 7.59915464641999963E-06 0 1.55042993551000001E-05 0 8.7647800066499999E-05 0 1.48041084980999994E-05 0 2.48106947125000016E-05 0 2.91951572684999985E-05 0 4.43802273541999995E-05 0 4.47331522559999968E-05 0 1.84768732443000013E-05 0
2.68621112616000017E-05 0 1.34890742817999993E-05 0 2.90548731751000008E-05 0 1.17931867678000006E-05 0 2.09162648081999999E-05 0 4.04445254897999973E-05 0 1.97281143830000011E-05 0 3.71737616881999986E-05 0 5.59630005061000017E-06 0 2.41550602195999992E-05 0 1.35224993537000001E-05 0 2.34077605332000002E-05 0 2.46760259782999985E-05 0 1.48472195200000004E-05 0 1.10983432565999995E-05 0 1.83729662863999986E-05 0 7.52935617846000022E-06 0 1.30428346539000006E-05 0 8.7647800066499999E-05 0 1.48041084980999994E-05 0 2.48106947125000016E-05 0 2.86031954493000012E-05 0 4.43802273541999995E-05 0 2.6729778351299999E-05 0 1.84768732443000013E-05 0
2.68621112616000017E-05 0 1.34890742817999993E-05 0 2.7341781415499999E-05 0 1.14493358799000005E-05 0 2.08312681648000015E-05 0 4.04445254897999973E-05 0 1.93817641591000005E-05 0 3.71737616881999986E-05 0 5.13365122066999983E-06 0 2.41550602195999992E-05 0 1.35224993537000001E-05 0 2.34077605332000002E-05 0 2.46760259782999985E-05 0 8.34271038258999947E-06 0 7.96529349235000026E-06 0 1.30572502928999996E-05 0 5.20687766775999994E-06 0 1.22512367852999992E-05 0 7.32257403160999992E-05 0 1.48041084980999994E-05 0 2.27156028097999999E-05 0 2.86031954493000012E-05 0 4.43802273541999995E-05 0 2.6729778351299999E-05 0 1.72107408369999983E-05 0
2.38700373889000003E-05 0 1.34890742817999993E-05 0 1.16884876425999999E-05 0 1.00788120814999994E-05 0 2.08312681648000015E-05 0 3.51807116007000014E-05 0 1.93817641591000005E-05 0 3.71737616881999986E-05 0 5.01620537425999988E-06 0 2.41550602195999992E-05 0 1.35224993537000001E-05 0 2.34077605332000002E-05 0 2.46760259782999985E-05 0 8.34271038258999947E-06 0 7.96529349235000026E-06 0 1.18879129596999993E-05 0 5.20687766775999994E-06 0 1.22512367852999992E-05 0 7.32257403160999992E-05 0 1.48041084980999994E-05 0 2.27156028097999999E-05 0 2.86031954493000012E-05 0 3.72337548019999968E-05 0 2.6729778351299999E-05 0 1.72107408369999983E-05 0
2.38700373889000003E-05 0 1.34890742817999993E-05 0 1.16884876425999999E-05 0 1.00788120814999994E-05 0 1.37793570693999992E-05 0 3.51807116007000014E-05 0 1.62870556215999993E-05 0 3.71737616881999986E-05 0 4.29487494023000025E-06 0 2.07549415125000009E-05 0 1.27990984924999993E-05 0 2.34077605332000002E-05 0 2.46760259782999985E-05 0 8.34271038258999947E-06 0 7.6121426821099999E-06 0 1.18879129596999993E-05 0 5.20687766775999994E-06 0 1.22512367852999992E-05 0 7.32257403160999992E-05 0 1.48041084980999994E-05 0 1.91876903318999995E-05 0 2.86031954493000012E-05 0 3.72337548019999968E-05 0 2.6729778351299999E-05 0 1.72107408369999983E-05 0
2.38700373889000003E-05 0 1.22029883509000006E-05 0 1.16884876425999999E-05 0 1.00788120814999994E-05 0 1.37793570693999992E-05 0 3.51807116007000014E-05 0 1.62870556215999993E-05 0 3.71737616881999986E-05 0 3.26158500737999991E-06 0 1.50887743341000004E-05 0 1.27990984924999993E-05 0 2.34077605332000002E-05 0 2.32238047975999998E-05 0 8.34271038258999947E-06 0 7.6121426821099999E-06 0 1.18879129596999993E-05 0 5.20687766775999994E-06 0 1.22512367852999992E-05 0 7.32257403160999992E-05 0 1.12270138443000005E-05 0 1.91876903318999995E-05 0 2.86031954493000012E-05 0 3.72337548019999968E-05 0 2.6729778351299999E-05 0 1.72107408369999983E-05 0
2.11345568730000015E-05 0 1.12563021383999995E-05 0 1.16884876425999999E-05 0 5.95495162929999994E-06 0 1.12744002239000001E-05 0 3.51807116007000014E-05 0 1.62870556215999993E-05 0 3.13029842281000006E-05 0 3.06119249793000005E-06 0 1.50887743341000004E-05 0 8.67676462090000011E-06 0 2.34077605332000002E-05 0 2.30462712182000009E-05 0 8.34271038258999947E-06 0 7.6121426821099999E-06 0 1.17470928219999993E-05 0 3.04106088246000005E-06 0 9.61908502759000074E-06 0 7.32257403160999992E-05 0 1.12270138443000005E-05 0 1.91876903318999995E-05 0 2.48166744267000008E-05 0 3.72337548019999968E-05 0 2.6729778351299999E-05 0 1.72107408369999983E-05 0
1.32254859262999994E-05 0 1.12563021383999995E-05 0 1.16884876425999999E-05 0 5.95495162929999994E-06 0 1.12744002239000001E-05 0 3.51807116007000014E-05 0 1.62870556215999993E-05 0 3.13029842281000006E-05 0 3.06119249793000005E-06 0 1.50887743341000004E-05 0 8.67676462090000011E-06 0 2.10251582407999998E-05 0 2.30462712182000009E-05 0 8.34271038258999947E-06 0 7.6121426821099999E-06 0 1.17470928219999993E-05 0 3.04106088246000005E-06 0 9.58366015213000062E-06 0 7.32257403160999992E-05 0 1.12270138443000005E-05 0 1.55652804158000002E-05 0 2.48166744267000008E-05 0 3.04273069022999995E-05 0 2.6729778351299999E-05 0 1.72107408369999983E-05 0
1.32254859262999994E-05 0 8.65950596688999922E-06 0 1.16884876425999999E-05 0 5.95495162929999994E-06 0 1.12744002239000001E-05 0 3.21628336889999978E-05 0 1.32378428927999996E-05 0 2.69772489605999987E-05 0 3.06119249793000005E-06 0 1.50887743341000004E-05 0 8.67676462090000011E-06 0 2.06649329080000005E-05 0 2.30462712182000009E-05 0 8.34271038258999947E-06 0 7.41759802655999992E-06 0 1.01338813949999992E-05 0 3.04106088246000005E-06 0 9.58366015213000062E-06 0 6.40163152916000029E-05 0 1.12270138443000005E-05 0 1.55652804158000002E-05 0 2.44699532934999987E-05 0 2.83528184440000002E-05 0 2.6729778351299999E-05 0 1.70747608481000005E-05 0
1.32254859262999994E-05 0 8.65950596688999922E-06 0 1.12826735131000002E-05 0 5.95495162929999994E-06 0 1.12744002239000001E-05 0 2.35546728289000014E-05 0 1.32378428927999996E-05 0 2.69772489605999987E-05 0 3.06119249793000005E-06 0 1.50887743341000004E-05 0 8.67676462090000011E-06 0 1.42987198995999995E-05 0 1.91877712279999989E-05 0 8.34271038258999947E-06 0 6.81560956368000025E-06 0 1.01338813949999992E-05 0 3.04106088246000005E-06 0 9.58366015213000062E-06 0 6.40163152916000029E-05 0 1.10439360863999995E-05 0 1.55652804158000002E-05 0 2.24535160582000013E-05 0 2.83528184440000002E-05 0 2.6729778351299999E-05 0 1.57355176988999987E-05 0
1.32254859262999994E-05 0 6.87253064484999972E-06 0 1.12826735131000002E-05 0 5.54028741043999972E-06 0 1.12744002239000001E-05 0 2.35546728289000014E-05 0 1.09052436947000004E-05 0 2.69772489605999987E-05 0 3.06119249793000005E-06 0 1.50887743341000004E-05 0 8.67676462090000011E-06 0 1.42987198995999995E-05 0 1.91877712279999989E-05 0 8.34271038258999947E-06 0 5.20618412201000009E-06 0 1.01338813949999992E-05 0 3.04106088246000005E-06 0 9.58366015213000062E-06 0 6.40163152916000029E-05 0 1.10439360863999995E-05 0 1.38444345521999997E-05 0 2.24535160582000013E-05 0 2.47210746844000007E-05 0 2.6729778351299999E-05 0 1.57355176988999987E-05 0
1.32254859262999994E-05 0 6.87253064484999972E-06 0 1.12826735131000002E-05 0 5.54028741043999972E-06 0 8.38891499822000054E-06 0 2.35546728289000014E-05 0 1.09052436947000004E-05 0 2.21823351965000006E-05 0 2.58953169602999993E-06 0 1.50887743341000004E-05 0 8.67676462090000011E-06 0 1.42987198995999995E-05 0 1.91877712279999989E-05 0 8.34271038258999947E-06 0 5.20618412201000009E-06 0 1.01338813949999992E-05 0 3.04106088246000005E-06 0 8.87912301524000042E-06 0 6.1754014545499996E-05 0 1.10439360863999995E-05 0 1.22209771067999999E-05 0 1.98903039909999997E-05 0 2.15013851196000013E-05 0 2.61783071197000014E-05 0 1.46732969878000005E-05 0
1.32254859262999994E-05 0 6.87253064484999972E-06 0 1.05040355960999995E-05 0 3.83060858830000005E-06 0 8.38891499822000054E-06 0 2.35546728289000014E-05 0 1.09052436947000004E-05 0 2.21823351965000006E-05 0 2.3928652392999998E-06 0 1.50887743341000004E-05 0 8.67676462090000011E-06 0 1.42987198995999995E-05 0 1.91877712279999989E-05 0 8.34271038258999947E-06 0 5.20618412201000009E-06 0 9.07134414949999998E-06 0 3.04106088246000005E-06 0 8.87912301524000042E-06 0 5.96602508424999982E-05 0 1.10439360863999995E-05 0 1.22209771067999999E-05 0 1.16177741159999997E-05 0 2.15013851196000013E-05 0 2.61783071197000014E-05 0 9.66238717745999944E-06 0
1.32254859262999994E-05 0 6.87253064484999972E-06 0 1.05040355960999995E-05 0 3.83060858830000005E-06 0 8.38891499822000054E-06 0 2.35546728289000014E-05 0 1.09052436947000004E-05 0 1.43148283654000003E-05 0 2.02674822931000002E-06 0 1.41504995233999998E-05 0 7.16407592648999995E-06 0 1.30960294737E-05 0 1.91877712279999989E-05 0 8.34271038258999947E-06 0 5.20618412201000009E-06 0 8.29787959915000022E-06 0 3.04106088246000005E-06 0 5.94324759131000015E-06 0 4.78011934353000028E-05 0 1.08317250731000005E-05 0 1.12760177622999996E-05 0 1.16177741159999997E-05 0 2.05797979749000017E-05 0 1.91717554294000003E-05 0 9.66238717745999944E-06 0
8.23113709170999978E-06 0 6.87253064484999972E-06 0 1.05040355960999995E-05 0 3.83060858830000005E-06 0 8.38891499822000054E-06 0 2.35546728289000014E-05 0 1.03141573396999997E-05 0 1.43148283654000003E-05 0 2.02674822931000002E-06 0 1.41504995233999998E-05 0 7.16407592648999995E-06 0 1.30960294737E-05 0 1.91877712279999989E-05 0 8.34271038258999947E-06 0 5.20618412201000009E-06 0 8.29787959915000022E-06 0 3.04106088246000005E-06 0 5.94324759131000015E-06 0 4.78011934353000028E-05 0 7.76251461016999958E-06 0 1.05857624299999998E-05 0 1.16177741159999997E-05 0 2.05797979749000017E-05 0 1.81736197243999985E-05 0 9.66238717745999944E-06 0
8.23113709170999978E-06 0 5.65541630624999982E-06 0 1.05040355960999995E-05 0 3.83060858830000005E-06 0 8.38891499822000054E-06 0 2.35546728289000014E-05 0 1.03141573396999997E-05 0 1.43148283654000003E-05 0 2.02674822931000002E-06 0 1.24881663915999999E-05 0 7.16407592648999995E-06 0 1.27349073503999999E-05 0 1.91877712279999989E-05 0 8.34271038258999947E-06 0 5.20618412201000009E-06 0 5.33519043489999961E-06 0 3.04106088246000005E-06 0 5.94324759131000015E-06 0 3.12447437326999997E-05 0 7.76251461016999958E-06 0 1.05857624299999998E-05 0 1.16177741159999997E-05 0 1.96177694704000003E-05 0 1.81736197243999985E-05 0 9.66238717745999944E-06 0
8.23113709170999978E-06 0 5.65541630624999982E-06 0 1.05040355960999995E-05 0 3.83060858830000005E-06 0 8.38891499822000054E-06 0 2.35546728289000014E-05 0 1.03141573396999997E-05 0 1.43148283654000003E-05 0 2.02674822931000002E-06 0 1.19072070453999996E-05 0 7.16407592648999995E-06 0 1.27349073503999999E-05 0 1.45403495933999996E-05 0 8.34271038258999947E-06 0 5.20618412201000009E-06 0 5.33519043489999961E-06 0 3.04106088246000005E-06 0 5.94324759131000015E-06 0 3.12447437326999997E-05 0 7.76251461016999958E-06 0 8.14868088456000071E-06 0 1.16177741159999997E-05 0 1.96177694704000003E-05 0 1.81736197243999985E-05 0 9.66238717745999944E-06 0
8.23113709170999978E-06 0 5.65541630624999982E-06 0 1.05040355960999995E-05 0 3.83060858830000005E-06 0 8.38891499822000054E-06 0 2.35546728289000014E-05 0 1.02473857516E-05 0 1.43148283654000003E-05 0 2.02674822931000002E-06 0 1.19072070453999996E-05 0 7.16407592648999995E-06 0 1.27349073503999999E-05 0 1.10347113364999993E-05 0 4.64069106404000036E-06 0 5.16569846374999979E-06 0 5.33519043489999961E-06 0 2.43583660647E-06 0 4.63301011277000016E-06 0 3.12447437326999997E-05 0 7.76251461016999958E-06 0 8.14868088456000071E-06 0 1.16177741159999997E-05 0 1.96177694704000003E-05 0 1.81736197243999985E-05 0 8.74277860784999965E-06 0
8.23113709170999978E-06 0 4.80617982946000012E-06 0 9.7261282638500006E-06 0 3.83060858830000005E-06 0 8.38891499822000054E-06 0 2.35546728289000014E-05 0 1.02473857516E-05 0 1.43148283654000003E-05 0 1.41703079773999991E-06 0 1.19072070453999996E-05 0 7.16407592648999995E-06 0 1.10228545619000002E-05 0 1.10347113364999993E-05 0 4.64069106404000036E-06 0 4.44249692499999999E-06 0 5.33519043489999961E-06 0 2.43583660647E-06 0 4.63301011277000016E-06 0 2.71223671000000011E-05 0 7.7072832438299993E-06 0 8.14868088456000071E-06 0 1.16177741159999997E-05 0 1.73244618910000015E-05 0 1.81736197243999985E-05 0 8.74277860784999965E-06 0
8.23113709170999978E-06 0 4.80617982946000012E-06 0 9.7261282638500006E-06 0 3.83060858830000005E-06 0 8.38109798528000018E-06 0 2.35546728289000014E-05 0 9.92601112939999982E-06 0 1.43148283654000003E-05 0 1.36324192163999994E-06 0 1.03276217717000002E-05 0 7.16407592648999995E-06 0 1.10228545619000002E-05 0 1.10347113364999993E-05 0 4.64069106404000036E-06 0 4.36238501837999975E-06 0 5.33519043489999961E-06 0 2.43583660647E-06 0 3.74110644818999981E-06 0 2.71223671000000011E-05 0 7.66592485562000081E-06 0 7.16251835876999988E-06 0 1.16177741159999997E-05 0 1.73244618910000015E-05 0 1.81736197243999985E-05 0 8.74277860784999965E-06 0
8.23113709170999978E-06 0 4.80617982946000012E-06 0 9.7261282638500006E-06 0 3.83060858830000005E-06 0 7.84739922486999958E-06 0 2.00364470021E-05 0 9.14455272713999995E-06 0 1.43148283654000003E-05 0 1.36324192163999994E-06 0 1.03276217717000002E-05 0 7.16407592648999995E-06 0 1.10228545619000002E-05 0 1.10347113364999993E-05 0 4.64069106404000036E-06 0 4.36238501837999975E-06 0 5.33519043489999961E-06 0 2.43583660647E-06 0 3.74110644818999981E-06 0 2.71223671000000011E-05 0 7.66592485562000081E-06 0 5.9767729065599996E-06 0 1.16177741159999997E-05 0 1.73244618910000015E-05 0 1.81332734723999995E-05 0 7.91642048528999932E-06 0
8.23113709170999978E-06 0 4.80617982946000012E-06 0 9.61794248495999942E-06 0 2.42019456257999999E-06 0 7.84739922486999958E-06 0 2.00364470021E-05 0 9.14455272713999995E-06 0 1.07509412770999994E-05 0 1.36324192163999994E-06 0 1.03276217717000002E-05 0 6.74917198432000028E-06 0 1.04142919801999994E-05 0 1.10347113364999993E-05 0 4.64069106404000036E-06 0 3.90931647219000011E-06 0 4.81996051817000009E-06 0 2.35918479277000006E-06 0 3.74110644818999981E-06 0 2.71223671000000011E-05 0 3.51360594242999995E-06 0 5.9767729065599996E-06 0 1.16177741159999997E-05 0 1.73244618910000015E-05 0 1.81332734723999995E-05 0 6.71844476090000011E-06 0
6.88203915314999976E-06 0 3.43474859309000011E-06 0 7.4631802591599999E-06 0 1.80755829867999994E-06 0 7.82442357754999996E-06 0 2.00364470021E-05 0 6.76213427020999983E-06 0 1.07509412770999994E-05 0 1.36324192163999994E-06 0 7.6898671842900006E-06 0 6.74917198432000028E-06 0 7.01074981828000002E-06 0 1.10347113364999993E-05 0 4.64069106404000036E-06 0 3.90931647219000011E-06 0 4.04828899858999991E-06 0 2.35918479277000006E-06 0 3.49632626128000004E-06 0 2.71223671000000011E-05 0 3.51360594242999995E-06 0 5.9767729065599996E-06 0 1.16177741159999997E-05 0 1.54505353130999992E-05 0 1.62268108513000003E-05 0 5.32734420227000006E-06 0
6.38380940341999969E-06 0 3.43474859309000011E-06 0 7.4631802591599999E-06 0 1.80755829867999994E-06 0 6.05163955238000028E-06 0 1.93907147537999991E-05 0 5.47087409307000001E-06 0 1.07509412770999994E-05 0 1.36324192163999994E-06 0 7.6898671842900006E-06 0 6.28393397075999975E-06 0 7.01074981828000002E-06 0 1.02921914655000003E-05 0 4.64069106404000036E-06 0 3.90931647219000011E-06 0 3.11722580546000019E-06 0 2.35918479277000006E-06 0 3.49632626128000004E-06 0 2.71223671000000011E-05 0 3.51360594242999995E-06 0 4.3399958108800001E-06 0 1.16177741159999997E-05 0 1.54505353130999992E-05 0 1.32487520161000004E-05 0 5.32734420227000006E-06 0
6.38380940341999969E-06 0 3.43474859309000011E-06 0 7.4631802591599999E-06 0 1.80755829867999994E-06 0 5.79190897907999976E-06 0 1.93907147537999991E-05 0 5.47087409307000001E-06 0 1.06531042043999996E-05 0 1.14406695634000005E-06 0 6.69574864963000011E-06 0 6.28393397075999975E-06 0 7.01074981828000002E-06 0 8.73055152760000079E-06 0 4.64069106404000036E-06 0 3.06132975797999983E-06 0 3.11722580546000019E-06 0 2.35918479277000006E-06 0 3.49632626128000004E-06 0 2.70040716535999991E-05 0 3.51360594242999995E-06 0 4.3399958108800001E-06 0 1.16177741159999997E-05 0 1.07744534660000003E-05 0 1.32487520161000004E-05 0 4.94992248908000012E-06 0
6.38380940341999969E-06 0 3.43474859309000011E-06 0 6.86064458108000041E-06 0 1.80755829867999994E-06 0 5.79190897907999976E-06 0 9.12802618556999993E-06 0 5.35107471522000005E-06 0 9.36271210543000001E-06 0 1.09587072250000001E-06 0 6.69574864963000011E-06 0 5.54869153693000038E-06 0 7.01074981828000002E-06 0 8.73055152760000079E-06 0 4.64069106404000036E-06 0 3.06132975797999983E-06 0 3.11722580546000019E-06 0 2.00718008365999991E-06 0 2.87468205443999984E-06 0 2.69042511402000008E-05 0 3.51360594242999995E-06 0 4.3399958108800001E-06 0 1.16177741159999997E-05 0 1.07744534660000003E-05 0 1.04386985848999992E-05 0 4.94992248908000012E-06 0
6.38380940341999969E-06 0 2.82008103444000008E-06 0 6.86064458108000041E-06 0 1.80755829867999994E-06 0 4.92716571533000007E-06 0 9.12802618556999993E-06 0 3.68954866551000005E-06 0 9.36271210543000001E-06 0 1.09587072250000001E-06 0 6.69574864963000011E-06 0 5.20011081088999999E-06 0 7.01074981828000002E-06 0 8.73055152760000079E-06 0 4.64069106404000036E-06 0 2.74965313680000012E-06 0 3.11722580546000019E-06 0 2.00718008365999991E-06 0 2.33538325722000013E-06 0 2.69042511402000008E-05 0 3.51360594242999995E-06 0 4.3399958108800001E-06 0 1.00971138236000002E-05 0 1.07744534660000003E-05 0 1.04386985848999992E-05 0 4.94992248908000012E-06 0
6.38380940341999969E-06 0 2.82008103444000008E-06 0 6.83094304157999974E-06 0 1.80755829867999994E-06 0 4.92716571533000007E-06 0 9.12802618556999993E-06 0 3.68954866551000005E-06 0 7.74911311985000085E-06 0 9.22591429211999959E-07 0 6.69574864963000011E-06 0 4.7346847145699998E-06 0 7.01074981828000002E-06 0 8.70113617184000049E-06 0 4.64069106404000036E-06 0 1.4872468915100001E-06 0 2.61109267788999984E-06 0 1.97928392576999982E-06 0 2.33538325722000013E-06 0 1.59137980250999998E-05 0 3.51360594242999995E-06 0 4.3399958108800001E-06 0 8.04748059743999916E-06 0 1.07744534660000003E-05 0 1.04386985848999992E-05 0 4.30254473243999968E-06 0
6.38380940341999969E-06 0 2.82008103444000008E-06 0 6.83094304157999974E-06 0 1.80755829867999994E-06 0 4.92716571533000007E-06 0 9.12802618556999993E-06 0 3.68954866551000005E-06 0 7.74911311985000085E-06 0 6.80104624417000038E-07 0 6.69574864963000011E-06 0 4.7346847145699998E-06 0 7.01074981828000002E-06 0 8.3507473638600005E-06 0 3.74409197172000009E-06 0 1.4872468915100001E-06 0 2.61109267788999984E-06 0 1.97928392576999982E-06 0 2.33538325722000013E-06 0 1.59137980250999998E-05 0 3.51360594242999995E-06 0 4.3399958108800001E-06 0 8.04748059743999916E-06 0 1.07744534660000003E-05 0 8.18167583600999919E-06 0 4.30254473243999968E-06 0
6.38380940341999969E-06 0 2.82008103444000008E-06 0 6.83094304157999974E-06 0 1.80755829867999994E-06 0 4.92716571533000007E-06 0 9.12802618556999993E-06 0 3.13344803416999984E-06 0 7.74911311985000085E-06 0 6.80104624417000038E-07 0 5.61101896512000023E-06 0 4.7346847145699998E-06 0 7.01074981828000002E-06 0 8.3507473638600005E-06 0 3.74409197172000009E-06 0 1.4872468915100001E-06 0 2.61109267788999984E-06 0 1.97928392576999982E-06 0 2.33538325722000013E-06 0 1.59137980250999998E-05 0 3.51360594242999995E-06 0 4.3399958108800001E-06 0 8.04748059743999916E-06 0 1.07744534660000003E-05 0 7.06517187319000014E-06 0 4.30254473243999968E-06 0
6.38380940341999969E-06 0 2.5129909607999999E-06 0 5.11797740194000035E-06 0 1.80755829867999994E-06 0 4.92716571533000007E-06 0 9.12802618556999993E-06 0 3.13344803416999984E-06 0 7.74911311985000085E-06 0 6.80104624417000038E-07 0 5.61101896512000023E-06 0 4.7346847145699998E-06 0 6.90231138648000042E-06 0 7.65414783541000047E-06 0 3.59318800753999999E-06 0 1.4872468915100001E-06 0 2.37417097551000015E-06 0 1.97928392576999982E-06 0 2.33538325722000013E-06 0 1.59137980250999998E-05 0 3.51360594242999995E-06 0 3.22511687800999993E-06 0 8.04748059743999916E-06 0 8.83044099975999983E-06 0 7.06517187319000014E-06 0 4.26419411210000029E-06 0
6.38380940341999969E-06 0 2.5129909607999999E-06 0 5.04672588527000031E-06 0 1.80755829867999994E-06 0 4.30669620128000016E-06 0 9.12802618556999993E-06 0 3.12059375019999995E-06 0 7.74911311985000085E-06 0 6.80104624417000038E-07 0 5.23213336492000035E-06 0 4.7346847145699998E-06 0 5.42191610365999981E-06 0 7.65414783541000047E-06 0 3.59318800753999999E-06 0 1.4872468915100001E-06 0 2.37417097551000015E-06 0 1.97928392576999982E-06 0 2.33538325722000013E-06 0 1.54372494586999989E-05 0 3.51360594242999995E-06 0 3.22511687800999993E-06 0 8.04748059743999916E-06 0 8.83044099975999983E-06 0 6.17922883555000025E-06 0 3.3156561196800002E-06 0
2.95173052356000008E-06 0 2.5129909607999999E-06 0 5.04672588527000031E-06 0 1.80755829867999994E-06 0 3.58433975860000018E-06 0 9.12802618556999993E-06 0 2.46167715350999991E-06 0 7.74911311985000085E-06 0 6.80104624417000038E-07 0 4.66479947664000031E-06 0 3.94793771677000033E-06 0 5.42191610365999981E-06 0 6.40635406412999965E-06 0 3.59318800753999999E-06 0 1.4872468915100001E-06 0 2.37417097551000015E-06 0 1.97928392576999982E-06 0 2.33538325722000013E-06 0 1.54372494586999989E-05 0 3.51360594242999995E-06 0 3.06617608623000019E-06 0 8.04748059743999916E-06 0 8.83044099975999983E-06 0 4.47306897095000027E-06 0 3.3156561196800002E-06 0
2.95173052356000008E-06 0 2.5129909607999999E-06 0 3.36522941812999984E-06 0 1.80755829867999994E-06 0 3.58433975860000018E-06 0 9.12802618556999993E-06 0 2.46167715350999991E-06 0 7.74911311985000085E-06 0 6.06356689790999962E-07 0 4.66479947664000031E-06 0 3.60750690552000002E-06 0 5.14526930832000031E-06 0 6.30066800885999983E-06 0 2.43646993429999988E-06 0 1.4872468915100001E-06 0 2.00460550845000014E-06 0 1.64045194476000006E-06 0 2.33538325722000013E-06 0 1.39699029729999995E-05 0 3.51360594242999995E-06 0 3.06617608623000019E-06 0 6.90930885486999961E-06 0 7.05603766902000017E-06 0 4.47306897095000027E-06 0 3.19369376709999982E-06 0
2.95173052356000008E-06 0 2.5129909607999999E-06 0 3.36522941812999984E-06 0 1.80755829867999994E-06 0 3.58433975860000018E-06 0 9.12802618556999993E-06 0 2.46167715350999991E-06 0 5.23330634693000012E-06 0 6.06356689790999962E-07 0 4.3975216911700002E-06 0 3.60750690552000002E-06 0 5.14526930832000031E-06 0 6.17087095401000002E-06 0 2.43646993429999988E-06 0 1.42606453341999999E-06 0 1.80603567854E-06 0 1.64045194476000006E-06 0 2.33538325722000013E-06 0 1.04131276177999998E-05 0 3.30977420299000011E-06 0 2.92641796588000021E-06 0 6.90930885486999961E-06 0 5.58194341859999963E-06 0 4.47306897095000027E-06 0 3.00637561550000003E-06 0
2.95173052356000008E-06 0 2.5129909607999999E-06 0 3.36522941812999984E-06 0 1.43612967309999993E-06 0 2.41878200635000014E-06 0 8.3164664345600005E-06 0 2.46167715350999991E-06 0 5.23330634693000012E-06 0 6.06356689790999962E-07 0 4.02094786563999967E-06 0 3.26706692221999997E-06 0 5.14526930832000031E-06 0 6.17087095401000002E-06 0 2.43646993429999988E-06 0 1.42606453341999999E-06 0 1.80603567854E-06 0 1.64045194476000006E-06 0 2.27961333267999999E-06 0 1.04131276177999998E-05 0 3.30977420299000011E-06 0 2.25894726645000004E-06 0 6.90930885486999961E-06 0 5.58194341859999963E-06 0 4.47306897095000027E-06 0 3.00637561550000003E-06 0
2.95173052356000008E-06 0 2.5129909607999999E-06 0 3.36522941812999984E-06 0 1.43612967309999993E-06 0 2.41878200635000014E-06 0 8.3164664345600005E-06 0 2.46167715350999991E-06 0 5.23330634693000012E-06 0 5.88717627591999971E-07 0 4.02094786563999967E-06 0 2.46794086980999986E-06 0 4.09712039773999964E-06 0 4.27175580453000005E-06 0 2.43646993429999988E-06 0 1.03889620799000006E-06 0 1.76497690877000009E-06 0 1.15366694475000004E-06 0 2.27961333267999999E-06 0 1.04131276177999998E-05 0 2.58227810135999991E-06 0 2.25894726645000004E-06 0 5.20272628373000001E-06 0 5.58194341859999963E-06 0 4.47306897095000027E-06 0 2.48442032650999994E-06 0
2.95173052356000008E-06 0 2.07271419270999985E-06 0 3.30633956226999996E-06 0 1.43612967309999993E-06 0 2.41878200635000014E-06 0 8.3164664345600005E-06 0 2.46167715350999991E-06 0 5.23330634693000012E-06 0 5.88717627591999971E-07 0 3.49247688204000009E-06 0 2.46794086980999986E-06 0 3.31700696470999998E-06 0 4.27175580453000005E-06 0 2.43646993429999988E-06 0 1.03889620799000006E-06 0 1.76497690877000009E-06 0 1.09369473896000001E-06 0 1.24297825844000006E-06 0 1.04131276177999998E-05 0 2.58227810135999991E-06 0 2.25894726645000004E-06 0 5.20272628373000001E-06 0 5.58194341859999963E-06 0 4.47306897095000027E-06 0 2.48442032650999994E-06 0
2.64575822447000017E-06 0 2.07271419270999985E-06 0 3.30633956226999996E-06 0 1.3852209547799999E-06 0 2.41878200635000014E-06 0 8.06022813315999925E-06 0 2.46167715350999991E-06 0 5.23330634693000012E-06 0 4.68689020285999975E-07 0 3.48593102387999983E-06 0 2.46794086980999986E-06 0 3.31700696470999998E-06 0 4.27175580453000005E-06 0 2.11262379442000004E-06 0 1.03889620799000006E-06 0 1.76497690877000009E-06 0 1.09369473896000001E-06 0 1.24297825844000006E-06 0 1.04131276177999998E-05 0 2.58227810135999991E-06 0 2.11419076989999992E-06 0 5.20272628373000001E-06 0 5.58194341859999963E-06 0 4.45463607665000004E-06 0 2.48442032650999994E-06 0
2.64575822447000017E-06 0 2.07271419270999985E-06 0 3.30633956226999996E-06 0 9.59012476914999921E-07 0 2.41878200635000014E-06 0 6.28005028821000012E-06 0 2.46167715350999991E-06 0 5.23330634693000012E-06 0 4.46216736601999974E-07 0 3.48593102387999983E-06 0 2.46794086980999986E-06 0 3.31700696470999998E-06 0 3.14834434827000015E-06 0 2.11262379442000004E-06 0 1.03889620799000006E-06 0 1.76497690877000009E-06 0 1.09369473896000001E-06 0 1.24297825844000006E-06 0 9.98214141276999994E-06 0 2.58227810135999991E-06 0 2.11419076989999992E-06 0 5.20272628373000001E-06 0 5.58194341859999963E-06 0 4.45463607665000004E-06 0 1.95451954809000007E-06 0
2.13401847009999997E-06 0 1.93221731892E-06 0 2.79157302448000008E-06 0 9.59012476914999921E-07 0 2.41878200635000014E-06 0 6.28005028821000012E-06 0 1.57372744346000007E-06 0 5.23330634693000012E-06 0 3.83507170812999986E-07 0 3.23385034960999995E-06 0 2.46794086980999986E-06 0 2.85251996852000011E-06 0 3.14834434827000015E-06 0 2.11262379442000004E-06 0 1.03889620799000006E-06 0 1.76497690877000009E-06 0 1.09369473896000001E-06 0 1.24297825844000006E-06 0 9.98214141276999994E-06 0 1.98441708328000012E-06 0 1.87558774340000008E-06 0 4.12027225824000014E-06 0 4.75238219824999968E-06 0 4.45463607665000004E-06 0 1.95451954809000007E-06 0
2.13401847009999997E-06 0 1.93221731892E-06 0 2.79157302448000008E-06 0 9.59012476914999921E-07 0 2.41878200635000014E-06 0 6.28005028821000012E-06 0 1.57372744346000007E-06 0 5.23330634693000012E-06 0 3.83507170812999986E-07 0 2.71304856908000015E-06 0 2.46794086980999986E-06 0 2.85251996852000011E-06 0 2.55178502273000005E-06 0 2.03628477644999995E-06 0 1.03889620799000006E-06 0 1.55218385707E-06 0 1.09369473896000001E-06 0 1.24297825844000006E-06 0 9.98214141276999994E-06 0 1.98441708328000012E-06 0 1.87558774340000008E-06 0 4.12027225824000014E-06 0 4.75238219824999968E-06 0 3.65950704524999998E-06 0 1.95451954809000007E-06 0
2.13401847009999997E-06 0 1.89878673701999992E-06 0 2.76505449130999986E-06 0 9.59012476914999921E-07 0 2.05315745843999988E-06 0 6.28005028821000012E-06 0 1.30566116072000001E-06 0 4.55882931974999985E-06 0 3.83507170812999986E-07 0 2.09803601670999981E-06 0 2.35998399753000009E-06 0 2.85251996852000011E-06 0 2.55178502273000005E-06 0 2.03628477644999995E-06 0 6.95241282737000048E-07 0 1.44971191178E-06 0 8.91434907187999963E-07 0 1.24297825844000006E-06 0 9.98214141276999994E-06 0 1.98441708328000012E-06 0 1.87558774340000008E-06 0 4.07913253092000027E-06 0 3.72978911711000001E-06 0 3.65950704524999998E-06 0 1.56264046121000001E-06 0
2.13401847009999997E-06 0 1.89878673701999992E-06 0 2.76505449130999986E-06 0 9.59012476914999921E-07 0 2.05315745843999988E-06 0 6.28005028821000012E-06 0 1.11785743131000006E-06 0 4.55882931974999985E-06 0 3.83507170812999986E-07 0 2.09803601670999981E-06 0 2.02073877451000005E-06 0 2.85251996852000011E-06 0 2.55178502273000005E-06 0 2.03202271715000013E-06 0 6.95241282737000048E-07 0 1.08456171998000008E-06 0 6.74999448499000032E-07 0 1.24297825844000006E-06 0 7.80505176786000026E-06 0 1.98441708328000012E-06 0 1.87558774340000008E-06 0 3.77777695200999996E-06 0 3.66259464956000001E-06 0 3.65950704524999998E-06 0 1.56264046121000001E-06 0
2.13401847009999997E-06 0 1.89878673701999992E-06 0 2.76505449130999986E-06 0 9.59012476914999921E-07 0 1.99710792884999997E-06 0 5.4635307817400002E-06 0 1.04318143713E-06 0 4.55882931974999985E-06 0 3.83507170812999986E-07 0 2.09803601670999981E-06 0 2.02073877451000005E-06 0 2.85251996852000011E-06 0 2.55178502273000005E-06 0 2.03202271715000013E-06 0 6.95241282737000048E-07 0 1.08456171998000008E-06 0 6.17026458513000028E-07 0 1.24297825844000006E-06 0 7.80505176786000026E-06 0 1.54340890233000003E-06 0 1.87558774340000008E-06 0 3.66188842975000013E-06 0 3.66259464956000001E-06 0 3.0394014334800001E-06 0 1.56264046121000001E-06 0
2.13401847009999997E-06 0 1.49633266009000008E-06 0 2.50786591805999999E-06 0 9.59012476914999921E-07 0 1.99710792884999997E-06 0 5.4635307817400002E-06 0 1.04318143713E-06 0 3.79265503723999998E-06 0 2.94131609389000001E-07 0 2.09803601670999981E-06 0 1.98357910879000007E-06 0 2.56547185490000005E-06 0 2.55178502273000005E-06 0 1.49677863072000002E-06 0 6.95241282737000048E-07 0 1.08456171998000008E-06 0 6.17026458513000028E-07 0 1.24297825844000006E-06 0 7.80505176786000026E-06 0 1.54340890233000003E-06 0 1.35879635416E-06 0 3.31389111545000002E-06 0 3.66259464956000001E-06 0 3.0394014334800001E-06 0 1.56264046121000001E-06 0
2.13401847009999997E-06 0 1.49633266009000008E-06 0 2.28389327705999992E-06 0 5.64089970377999955E-07 0 1.99710792884999997E-06 0 4.60531002254999958E-06 0 1.04318143713E-06 0 3.79265503723999998E-06 0 2.94131609389000001E-07 0 2.09803601670999981E-06 0 1.98357910879000007E-06 0 2.56547185490000005E-06 0 2.55178502273000005E-06 0 1.49677863072000002E-06 0 5.71559996502000008E-07 0 1.08456171998000008E-06 0 5.80106941292999965E-07 0 1.10985866012999999E-06 0 7.48964032983000029E-06 0 1.54340890233000003E-06 0 1.35879635416E-06 0 3.31389111545000002E-06 0 3.66259464956000001E-06 0 3.0394014334800001E-06 0 1.56264046121000001E-06 0
2.04310997756999987E-06 0 1.49633266009000008E-06 0 2.28389327705999992E-06 0 5.64089970377999955E-07 0 1.99710792884999997E-06 0 4.60531002254999958E-06 0 1.0112670034900001E-06 0 3.79265503723999998E-06 0 2.67440748752999986E-07 0 1.52453676667000003E-06 0 1.37980298053000007E-06 0 2.56547185490000005E-06 0 2.55178502273000005E-06 0 1.49677863072000002E-06 0 5.71559996502000008E-07 0 1.08456171998000008E-06 0 5.80106941292999965E-07 0 1.0763140897399999E-06 0 7.48964032983000029E-06 0 1.54340890233000003E-06 0 1.35879635416E-06 0 3.05126791238000013E-06 0 3.66259464956000001E-06 0 2.66168753172000008E-06 0 1.56264046121000001E-06 0
1.62512865533E-06 0 9.7545317776500003E-07 0 1.87898799449000008E-06 0 5.64089970377999955E-07 0 1.99710792884999997E-06 0 4.60531002254999958E-06 0 1.0112670034900001E-06 0 3.79265503723999998E-06 0 2.4263688906299998E-07 0 1.52453676667000003E-06 0 1.37980298053000007E-06 0 2.12426253648999986E-06 0 2.35101287021000013E-06 0 1.49677863072000002E-06 0 5.71559996502000008E-07 0 6.84696334308000052E-07 0 5.65598738828000021E-07 0 1.0763140897399999E-06 0 4.45140010372999958E-06 0 1.54340890233000003E-06 0 1.35879635416E-06 0 2.77968438086000009E-06 0 3.01526281559000001E-06 0 2.66168753172000008E-06 0 1.26404670766000004E-06 0
1.62512865533E-06 0 9.7545317776500003E-07 0 1.79748307637000005E-06 0 5.64089970377999955E-07 0 1.3006145832300001E-06 0 3.77165339521000007E-06 0 9.30308246266999992E-07 0 3.4172202529900001E-06 0 2.4263688906299998E-07 0 1.52453676667000003E-06 0 1.22489783731999995E-06 0 1.73417608489999995E-06 0 2.35101287021000013E-06 0 1.28499629716999993E-06 0 5.71559996502000008E-07 0 6.84696334308000052E-07 0 5.65598738828000021E-07 0 8.95661691322000006E-07 0 4.45140010372999958E-06 0 1.54340890233000003E-06 0 1.13147572268999993E-06 0 2.77968438086000009E-06 0 3.01526281559000001E-06 0 2.66168753172000008E-06 0 1.26404670766000004E-06 0
1.62512865533E-06 0 9.7545317776500003E-07 0 1.79748307637000005E-06 0 5.64089970377999955E-07 0 1.3006145832300001E-06 0 3.60208079000000019E-06 0 8.62648936747000014E-07 0 3.4172202529900001E-06 0 2.4263688906299998E-07 0 1.27523498614000009E-06 0 1.22489783731999995E-06 0 1.73417608489999995E-06 0 2.35101287021000013E-06 0 1.11869832170000002E-06 0 5.71559996502000008E-07 0 6.84696334308000052E-07 0 4.17482077466000014E-07 0 8.95661691322000006E-07 0 4.45140010372999958E-06 0 1.54340890233000003E-06 0 1.13147572268999993E-06 0 2.77968438086000009E-06 0 3.01526281559000001E-06 0 2.07478594567999992E-06 0 1.26404670766000004E-06 0
1.32301383782999994E-06 0 9.09994409828000028E-07 0 1.17133161141999993E-06 0 5.64089970377999955E-07 0 1.3006145832300001E-06 0 3.60208079000000019E-06 0 8.62648936747000014E-07 0 3.28262526364999993E-06 0 1.96931937586999989E-07 0 8.57361956047999978E-07 0 1.22489783731999995E-06 0 1.73417608489999995E-06 0 2.35101287021000013E-06 0 1.11869832170000002E-06 0 5.07717015752000001E-07 0 6.84696334308000052E-07 0 4.17482077466000014E-07 0 8.95661691322000006E-07 0 2.84454008717999988E-06 0 1.32087432873000007E-06 0 1.13147572268999993E-06 0 1.81394851831000001E-06 0 1.89592099499999996E-06 0 2.07478594567999992E-06 0 1.1536968419799999E-06 0
1.32301383782999994E-06 0 6.92109468498999971E-07 0 1.17133161141999993E-06 0 5.64089970377999955E-07 0 1.3006145832300001E-06 0 3.60208079000000019E-06 0 8.62648936747000014E-07 0 2.60818580125E-06 0 1.96931937586999989E-07 0 8.57361956047999978E-07 0 1.22489783731999995E-06 0 1.73417608489999995E-06 0 2.35101287021000013E-06 0 9.63368150106000075E-07 0 4.24502519429000008E-07 0 6.84696334308000052E-07 0 3.7153128462499998E-07 0 8.95661691322000006E-07 0 2.84454008717999988E-06 0 1.2182748724999999E-06 0 1.13147572268999993E-06 0 1.81394851831000001E-06 0 1.89592099499999996E-06 0 2.07478594567999992E-06 0 1.11759378782000001E-06 0
1.32301383782999994E-06 0 6.92109468498999971E-07 0 1.17133161141999993E-06 0 5.64089970377999955E-07 0 1.08843642421000003E-06 0 3.16572482357999985E-06 0 8.62648936747000014E-07 0 2.60818580125E-06 0 1.96931937586999989E-07 0 8.57361956047999978E-07 0 1.22489783731999995E-06 0 1.73417608489999995E-06 0 2.35101287021000013E-06 0 8.68351424930999953E-07 0 4.24502519429000008E-07 0 6.84696334308000052E-07 0 3.7153128462499998E-07 0 6.9451577850900003E-07 0 2.84454008717999988E-06 0 1.2182748724999999E-06 0 1.13147572268999993E-06 0 1.81394851831000001E-06 0 1.89592099499999996E-06 0 2.07478594567999992E-06 0 1.11759378782000001E-06 0
1.32301383782999994E-06 0 6.92109468498999971E-07 0 1.17133161141999993E-06 0 5.64089970377999955E-07 0 1.08843642421000003E-06 0 3.16572482357999985E-06 0 8.62648936747000014E-07 0 2.60818580125E-06 0 1.33443125065000001E-07 0 8.57361956047999978E-07 0 1.22489783731999995E-06 0 1.73417608489999995E-06 0 2.35101287021000013E-06 0 8.68351424930999953E-07 0 4.24502519429000008E-07 0 6.84696334308000052E-07 0 2.55110096182999976E-07 0 5.96517718041999948E-07 0 2.84454008717999988E-06 0 1.08633492050999993E-06 0 1.13147572268999993E-06 0 1.07439047930999999E-06 0 1.89592099499999996E-06 0 2.07478594567999992E-06 0 6.67401901403000033E-07 0
1.32301383782999994E-06 0 6.92109468498999971E-07 0 1.17133161141999993E-06 0 4.83260066011999997E-07 0 1.08843642421000003E-06 0 2.99414117405999992E-06 0 8.62648936747000014E-07 0 2.60818580125E-06 0 1.33443125065000001E-07 0 8.57361956047999978E-07 0 1.22489783731999995E-06 0 1.67597361234E-06 0 2.15504666856999981E-06 0 8.68351424930999953E-07 0 4.24502519429000008E-07 0 6.84696334308000052E-07 0 2.55110096182999976E-07 0 5.96517718041999948E-07 0 2.84454008717999988E-06 0 7.45618660532999967E-07 0 1.13147572268999993E-06 0 1.07439047930999999E-06 0 1.89592099499999996E-06 0 2.07478594567999992E-06 0 6.67401901403000033E-07 0
1.00389253923999998E-06 0 6.92109468498999971E-07 0 1.17133161141999993E-06 0 4.83260066011999997E-07 0 1.08843642421000003E-06 0 2.99414117405999992E-06 0 7.21335886210000039E-07 0 2.60818580125E-06 0 1.33443125065000001E-07 0 8.11124851650999977E-07 0 1.22489783731999995E-06 0 1.67597361234E-06 0 2.15504666856999981E-06 0 8.08480410921999971E-07 0 4.24502519429000008E-07 0 6.84696334308000052E-07 0 2.55110096182999976E-07 0 5.14835795378999985E-07 0 2.84454008717999988E-06 0 7.45618660532999967E-07 0 1.13147572268999993E-06 0 1.07439047930999999E-06 0 1.89592099499999996E-06 0 2.03796782946999983E-06 0 6.67401901403000033E-07 0
1.00389253923999998E-06 0 6.92109468498999971E-07 0 1.17133161141999993E-06 0 4.70772672994000024E-07 0 1.08843642421000003E-06 0 2.99414117405999992E-06 0 5.20334621416999967E-07 0 2.60818580125E-06 0 1.33443125065000001E-07 0 8.11124851650999977E-07 0 1.19693604272000004E-06 0 1.34794877883999999E-06 0 1.78924304818000005E-06 0 8.08480410921999971E-07 0 3.42970862813000021E-07 0 6.63456737842000045E-07 0 2.55110096182999976E-07 0 4.86712179613000032E-07 0 2.84454008717999988E-06 0 7.45618660532999967E-07 0 1.13147572268999993E-06 0 1.07439047930999999E-06 0 1.89592099499999996E-06 0 2.03796782946999983E-06 0 6.67401901403000033E-07 0
1.00389253923999998E-06 0 6.92109468498999971E-07 0 1.17133161141999993E-06 0 4.70772672994000024E-07 0 1.08843642421000003E-06 0 2.34230897939999994E-06 0 5.20334621416999967E-07 0 1.81918942201999998E-06 0 1.33443125065000001E-07 0 8.11124851650999977E-07 0 1.19693604272000004E-06 0 1.18105395013999997E-06 0 1.28100206602999997E-06 0 8.07510642198000048E-07 0 3.42970862813000021E-07 0 5.55209316000000013E-07 0 2.55110096182999976E-07 0 4.73154601701000006E-07 0 2.84454008717999988E-06 0 7.45618660532999967E-07 0 9.6540533867499991E-07 0 1.07439047930999999E-06 0 1.89592099499999996E-06 0 1.86844442497999994E-06 0 5.72964410034999957E-07 0
9.3381372375699999E-07 0 6.92109468498999971E-07 0 1.17133161141999993E-06 0 4.70772672994000024E-07 0 1.06333706813999998E-06 0 1.54136477074000004E-06 0 5.20334621416999967E-07 0 1.81918942201999998E-06 0 1.33443125065000001E-07 0 7.85961555790999978E-07 0 1.19693604272000004E-06 0 1.18105395013999997E-06 0 1.28100206602999997E-06 0 6.1321610132000002E-07 0 3.42970862813000021E-07 0 5.55209316000000013E-07 0 2.55110096182999976E-07 0 4.52553823841000018E-07 0 2.84454008717999988E-06 0 7.45618660532999967E-07 0 9.6540533867499991E-07 0 1.07439047930999999E-06 0 1.87447176561999993E-06 0 1.81369074044999999E-06 0 5.57557587959999991E-07 0
9.3381372375699999E-07 0 6.92109468498999971E-07 0 3.66492019713999977E-07 0 4.70772672994000024E-07 0 1.06333706813999998E-06 0 1.54136477074000004E-06 0 5.20334621416999967E-07 0 1.81918942201999998E-06 0 1.33443125065000001E-07 0 7.85961555790999978E-07 0 1.19693604272000004E-06 0 1.18105395013999997E-06 0 1.28100206602999997E-06 0 6.1321610132000002E-07 0 3.26489336445000016E-07 0 5.37875110798000002E-07 0 2.30979989995000002E-07 0 4.31707269338999988E-07 0 2.21403409336999988E-06 0 6.15194299299000006E-07 0 9.64938787080999912E-07 0 1.07439047930999999E-06 0 1.75794309541000003E-06 0 1.4398024264500001E-06 0 4.63899745403999981E-07 0
8.62510727262000051E-07 0 6.74439692498000042E-07 0 3.66492019713999977E-07 0 3.74628746108E-07 0 9.99889421387000042E-07 0 1.54136477074000004E-06 0 5.20334621416999967E-07 0 1.81918942201999998E-06 0 1.33443125065000001E-07 0 7.85961555790999978E-07 0 9.71633808502999897E-07 0 1.10104675710000009E-06 0 1.28100206602999997E-06 0 6.1321610132000002E-07 0 3.26489336445000016E-07 0 5.37875110798000002E-07 0 1.65350303915000005E-07 0 4.31707269338999988E-07 0 2.21403409336999988E-06 0 6.15194299299000006E-07 0 7.99005273512999957E-07 0 1.07439047930999999E-06 0 1.25096243677000003E-06 0 1.4398024264500001E-06 0 4.63899745403999981E-07 0
7.03985034771999994E-07 0 6.74439692498000042E-07 0 3.66492019713999977E-07 0 3.74628746108E-07 0 9.45435238229000027E-07 0 1.54136477074000004E-06 0 4.17825840848000021E-07 0 1.81918942201999998E-06 0 1.03974577566999994E-07 0 7.08783437572000024E-07 0 9.71633808502999897E-07 0 1.10104675710000009E-06 0 1.28100206602999997E-06 0 6.1321610132000002E-07 0 3.26489336445000016E-07 0 3.95769860580999987E-07 0 1.65350303915000005E-07 0 2.64114909417000005E-07 0 2.21403409336999988E-06 0 6.15194299299000006E-07 0 7.99005273512999957E-07 0 1.07439047930999999E-06 0 1.25096243677000003E-06 0 1.4398024264500001E-06 0 4.63899745403999981E-07 0
7.03985034771999994E-07 0 5.87902357133000045E-07 0 3.66492019713999977E-07 0 3.74628746108E-07 0 9.45435238229000027E-07 0 1.54136477074000004E-06 0 4.17825840848000021E-07 0 1.46208639706000005E-06 0 1.03974577566999994E-07 0 7.08783437572000024E-07 0 9.10806114856999957E-07 0 7.41261211348E-07 0 9.00837177166000023E-07 0 6.1321610132000002E-07 0 3.15993826159999992E-07 0 3.95769860580999987E-07 0 1.65350303915000005E-07 0 2.64114909417000005E-07 0 1.78334305394000004E-06 0 6.15194299299000006E-07 0 7.40347994879999957E-07 0 1.07439047930999999E-06 0 1.25096243677000003E-06 0 1.01065448658000007E-06 0 4.63899745403999981E-07 0
7.03985034771999994E-07 0 5.87902357133000045E-07 0 3.66492019713999977E-07 0 2.97293302098000016E-07 0 7.84514249235999985E-07 0 1.54136477074000004E-06 0 4.17825840848000021E-07 0 1.46208639706000005E-06 0 9.00862863856999948E-08 0 7.08783437572000024E-07 0 9.10806114856999957E-07 0 7.41261211348E-07 0 9.00837177166000023E-07 0 6.1321610132000002E-07 0 2.56319327725000013E-07 0 3.95769860580999987E-07 0 1.65350303915000005E-07 0 2.64114909417000005E-07 0 1.78334305394000004E-06 0 6.15194299299000006E-07 0 6.29586673794000019E-07 0 1.07439047930999999E-06 0 1.25096243677000003E-06 0 1.01065448658000007E-06 0 4.63899745403999981E-07 0
6.2164804914399997E-07 0 5.87902357133000045E-07 0 3.66492019713999977E-07 0 2.92555498615000019E-07 0 6.68979448339000011E-07 0 1.27382778802999999E-06 0 3.92621336888999996E-07 0 1.46208639706000005E-06 0 9.00862863856999948E-08 0 4.36209623653999984E-07 0 9.10806114856999957E-07 0 7.41261211348E-07 0 9.00837177166000023E-07 0 3.64008040790999996E-07 0 2.56319327725000013E-07 0 3.95769860580999987E-07 0 1.65350303915000005E-07 0 2.17391721391000003E-07 0 1.78334305394000004E-06 0 6.15194299299000006E-07 0 6.29586673794000019E-07 0 1.05684236351000005E-06 0 1.25096243677000003E-06 0 1.01065448658000007E-06 0 4.63899745403999981E-07 0
6.2164804914399997E-07 0 3.75033850522000022E-07 0 3.66492019713999977E-07 0 2.3895341223199999E-07 0 6.68979448339000011E-07 0 1.27382778802999999E-06 0 3.92621336888999996E-07 0 1.37627922042000008E-06 0 9.00862863856999948E-08 0 4.36209623653999984E-07 0 6.51880593452999962E-07 0 6.84032324226000015E-07 0 6.05151717397000025E-07 0 3.64008040790999996E-07 0 2.56319327725000013E-07 0 3.20088954193000024E-07 0 1.65350303915000005E-07 0 2.17391721391000003E-07 0 1.78334305394000004E-06 0 6.12856464308999983E-07 0 6.29586673794000019E-07 0 1.05684236351000005E-06 0 1.25096243677000003E-06 0 1.01065448658000007E-06 0 3.13095095562999996E-07 0
5.77045589115000005E-07 0 3.75033850522000022E-07 0 3.66492019713999977E-07 0 2.3895341223199999E-07 0 6.68979448339000011E-07 0 1.27382778802999999E-06 0 3.64790685657000016E-07 0 1.37627922042000008E-06 0 9.00862863856999948E-08 0 4.36209623653999984E-07 0 6.51880593452999962E-07 0 6.84032324226000015E-07 0 6.05151717397000025E-07 0 3.64008040790999996E-07 0 2.56319327725000013E-07 0 3.00028500157000024E-07 0 1.53684994938999994E-07 0 2.17391721391000003E-07 0 1.78334305394000004E-06 0 6.12856464308999983E-07 0 6.29586673794000019E-07 0 9.70070674048000047E-07 0 1.25096243677000003E-06 0 1.01065448658000007E-06 0 3.13095095562999996E-07 0
4.6904468047200001E-07 0 3.75033850522000022E-07 0 3.66492019713999977E-07 0 2.3895341223199999E-07 0 6.68979448339000011E-07 0 1.27382778802999999E-06 0 3.43849584704000024E-07 0 1.37627922042000008E-06 0 9.00862863856999948E-08 0 4.36209623653999984E-07 0 6.51880593452999962E-07 0 6.84032324226000015E-07 0 6.05151717397000025E-07 0 3.64008040790999996E-07 0 2.56319327725000013E-07 0 3.00028500157000024E-07 0 1.53684994938999994E-07 0 1.66143565328000002E-07 0 1.78334305394000004E-06 0 6.12856464308999983E-07 0 5.37451424551999952E-07 0 9.70070674048000047E-07 0 1.25096243677000003E-06 0 1.01065448658000007E-06 0 3.13095095562999996E-07 0
4.6904468047200001E-07 0 3.75033850522000022E-07 0 3.66492019713999977E-07 0 2.3895341223199999E-07 0 6.06530895624999972E-07 0 1.27382778802999999E-06 0 3.43849584704000024E-07 0 9.60429872424000014E-07 0 9.00862863856999948E-08 0 4.36209623653999984E-07 0 6.06654644290000001E-07 0 5.8807640591299997E-07 0 5.57785871351999971E-07 0 3.64008040790999996E-07 0 2.56319327725000013E-07 0 2.74256447090000001E-07 0 1.24153695166000002E-07 0 1.66143565328000002E-07 0 1.78334305394000004E-06 0 3.61167699764000017E-07 0 4.56932196885999985E-07 0 9.08941697530000003E-07 0 1.13362651155000006E-06 0 1.01065448658000007E-06 0 2.9271705942599999E-07 0
4.6904468047200001E-07 0 3.36705430529999998E-07 0 3.66492019713999977E-07 0 1.81817365791999992E-07 0 6.06530895624999972E-07 0 1.27382778802999999E-06 0 2.95201725152999992E-07 0 9.60429872424000014E-07 0 8.20304947928000011E-08 0 4.36209623653999984E-07 0 4.73580457895999975E-07 0 5.8807640591299997E-07 0 5.57785871351999971E-07 0 3.64008040790999996E-07 0 1.78536033677999997E-07 0 2.07360059461000012E-07 0 1.24153695166000002E-07 0 1.66143565328000002E-07 0 1.78334305394000004E-06 0 3.61167699764000017E-07 0 4.56932196885999985E-07 0 9.08941697530000003E-07 0 5.79019663880999975E-07 0 1.01065448658000007E-06 0 2.72736803894000013E-07 0
3.06159115549999988E-07 0 3.36705430529999998E-07 0 3.66492019713999977E-07 0 1.81817365791999992E-07 0 5.87465034028999964E-07 0 1.09579587771999995E-06 0 2.95201725152999992E-07 0 9.60429872424000014E-07 0 8.20304947928000011E-08 0 3.60427827888000024E-07 0 4.73580457895999975E-07 0 5.8807640591299997E-07 0 5.57785871351999971E-07 0 3.64008040790999996E-07 0 1.78536033677999997E-07 0 2.07360059461000012E-07 0 1.24153695166000002E-07 0 1.66143565328000002E-07 0 1.78334305394000004E-06 0 3.61167699764000017E-07 0 4.56932196885999985E-07 0 7.51139885345999983E-07 0 5.79019663880999975E-07 0 9.67627555234999935E-07 0 2.72736803894000013E-07 0
3.06159115549999988E-07 0 2.80472889646000021E-07 0 3.66492019713999977E-07 0 1.81817365791999992E-07 0 5.87465034028999964E-07 0 1.09579587771999995E-06 0 2.08941189839999995E-07 0 8.30620223455999999E-07 0 8.20304947928000011E-08 0 3.5901333579200001E-07 0 4.60904593317000005E-07 0 5.0910847170300002E-07 0 5.57785871351999971E-07 0 3.50795061711999982E-07 0 1.25525102605999988E-07 0 2.07360059461000012E-07 0 9.47685966079000052E-08 0 1.66143565328000002E-07 0 1.78334305394000004E-06 0 3.31795797776000017E-07 0 4.29006755106000015E-07 0 7.28211764557999974E-07 0 5.79019663880999975E-07 0 8.20131034766999998E-07 0 2.38098279742999989E-07 0
3.06159115549999988E-07 0 2.80472889646000021E-07 0 3.66492019713999977E-07 0 1.81817365791999992E-07 0 5.51762587674999999E-07 0 1.09579587771999995E-06 0 2.08941189839999995E-07 0 8.30620223455999999E-07 0 8.20304947928000011E-08 0 3.5901333579200001E-07 0 4.60904593317000005E-07 0 5.0910847170300002E-07 0 5.57785871351999971E-07 0 3.50795061711999982E-07 0 1.25525102605999988E-07 0 1.90790094756999989E-07 0 8.8310054870900005E-08 0 1.66143565328000002E-07 0 1.64074889181999992E-06 0 3.10599565514000026E-07 0 3.79108718552000009E-07 0 6.73101013752000014E-07 0 5.79019663880999975E-07 0 8.20131034766999998E-07 0 2.38098279742999989E-07 0
3.06159115549999988E-07 0 2.80472889646000021E-07 0 3.66492019713999977E-07 0 1.81817365791999992E-07 0 4.26623528394E-07 0 9.48480669680999956E-07 0 1.92938270978999996E-07 0 8.30620223455999999E-07 0 8.20304947928000011E-08 0 3.5901333579200001E-07 0 4.60904593317000005E-07 0 5.01623820743999967E-07 0 5.10324475577999997E-07 0 3.49669543264000017E-07 0 1.25525102605999988E-07 0 1.90790094756999989E-07 0 8.8310054870900005E-08 0 1.66143565328000002E-07 0 1.63469275989000005E-06 0 3.10599565514000026E-07 0 3.79108718552000009E-07 0 6.73101013752000014E-07 0 5.79019663880999975E-07 0 8.18533938584999972E-07 0 2.38098279742999989E-07 0
3.06159115549999988E-07 0 2.48488900669999994E-07 0 3.66492019713999977E-07 0 1.81817365791999992E-07 0 4.26623528394E-07 0 9.48480669680999956E-07 0 1.92938270978999996E-07 0 6.84214361605000007E-07 0 7.75499489261999945E-08 0 3.5901333579200001E-07 0 3.62880240126000017E-07 0 5.01623820743999967E-07 0 5.10324475577999997E-07 0 3.47078134650000023E-07 0 1.25525102605999988E-07 0 1.49292899127000007E-07 0 8.8310054870900005E-08 0 1.66143565328000002E-07 0 1.11880531171000004E-06 0 3.10599565514000026E-07 0 3.79108718552000009E-07 0 6.73101013752000014E-07 0 5.79019663880999975E-07 0 6.9724705979699998E-07 0 2.06351000816000009E-07 0
3.06159115549999988E-07 0 2.48488900669999994E-07 0 3.66492019713999977E-07 0 1.62433694333000004E-07 0 4.00018030300999992E-07 0 8.69768066202000005E-07 0 1.92938270978999996E-07 0 6.84214361605000007E-07 0 6.9506571254900001E-08 0 3.5901333579200001E-07 0 3.62880240126000017E-07 0 5.01623820743999967E-07 0 5.10324475577999997E-07 0 2.95368544727000004E-07 0 1.25525102605999988E-07 0 1.49292899127000007E-07 0 8.8310054870900005E-08 0 1.66143565328000002E-07 0 1.11880531171000004E-06 0 3.10599565514000026E-07 0 2.51929772908999998E-07 0 6.73101013752000014E-07 0 5.79019663880999975E-07 0 6.87443448078000016E-07 0 2.04184090373999992E-07 0
2.45575969289000013E-07 0 2.48488900669999994E-07 0 3.66492019713999977E-07 0 1.62433694333000004E-07 0 4.00018030300999992E-07 0 8.69768066202000005E-07 0 1.92938270978999996E-07 0 6.84214361605000007E-07 0 6.9506571254900001E-08 0 3.56187115550999993E-07 0 3.62880240126000017E-07 0 5.01623820743999967E-07 0 2.72375773168000012E-07 0 2.70744450688999995E-07 0 1.25525102605999988E-07 0 1.49292899127000007E-07 0 8.8310054870900005E-08 0 1.33567948765999997E-07 0 1.11880531171000004E-06 0 3.10599565514000026E-07 0 2.51929772908999998E-07 0 6.73101013752000014E-07 0 5.79019663880999975E-07 0 6.87443448078000016E-07 0 2.04184090373999992E-07 0
2.45575969289000013E-07 0 1.96459913626999995E-07 0 3.66492019713999977E-07 0 1.13456195187999995E-07 0 3.88970651251000003E-07 0 8.48852204076000013E-07 0 1.92938270978999996E-07 0 6.84214361605000007E-07 0 5.71939278257000013E-08 0 3.56187115550999993E-07 0 2.05637095784999991E-07 0 3.51420046878999985E-07 0 2.72375773168000012E-07 0 2.70744450688999995E-07 0 1.14511103719000002E-07 0 1.48447978231E-07 0 8.65230149716999954E-08 0 1.33567948765999997E-07 0 8.76167358010000006E-07 0 2.89779871940000001E-07 0 2.51929772908999998E-07 0 5.57322344235999999E-07 0 5.79019663880999975E-07 0 5.41249149271999951E-07 0 1.71870651621000004E-07 0
2.45575969289000013E-07 0 1.96459913626999995E-07 0 3.66492019713999977E-07 0 1.13456195187999995E-07 0 3.18288856238000012E-07 0 8.48852204076000013E-07 0 1.92938270978999996E-07 0 6.20395693037999979E-07 0 5.71939278257000013E-08 0 3.24651687359999978E-07 0 2.05637095784999991E-07 0 3.51420046878999985E-07 0 2.72375773168000012E-07 0 2.65064313390000009E-07 0 1.14511103719000002E-07 0 1.48447978231E-07 0 7.5643373875900003E-08 0 1.07344179459999995E-07 0 8.76167358010000006E-07 0 2.39387236309000009E-07 0 2.51929772908999998E-07 0 5.57322344235999999E-07 0 5.79019663880999975E-07 0 5.41249149271999951E-07 0 1.71870651621000004E-07 0
2.45575969289000013E-07 0 1.96459913626999995E-07 0 3.66492019713999977E-07 0 1.13456195187999995E-07 0 3.18288856238000012E-07 0 7.16402899837000018E-07 0 1.92938270978999996E-07 0 6.04939781820000012E-07 0 5.71939278257000013E-08 0 3.24651687359999978E-07 0 2.05637095784999991E-07 0 3.51420046878999985E-07 0 2.72375773168000012E-07 0 2.09422594837999994E-07 0 1.14511103719000002E-07 0 1.48447978231E-07 0 7.5643373875900003E-08 0 1.07344179459999995E-07 0 8.76167358010000006E-07 0 2.39387236309000009E-07 0 2.51929772908999998E-07 0 4.66875631141000006E-07 0 3.8150500769E-07 0 5.24706169799000003E-07 0 1.71870651621000004E-07 0
2.45575969289000013E-07 0 1.61226319406000001E-07 0 3.08915939765000005E-07 0 1.01377227003000003E-07 0 3.12761766442000006E-07 0 7.11562325098999957E-07 0 1.92938270978999996E-07 0 4.27965993491000022E-07 0 5.49203006498999993E-08 0 3.24651687359999978E-07 0 2.05637095784999991E-07 0 3.51420046878999985E-07 0 2.72375773168000012E-07 0 2.09422594837999994E-07 0 5.98011706975000025E-08 0 1.09118051136999993E-07 0 7.5643373875900003E-08 0 1.07344179459999995E-07 0 8.76167358010000006E-07 0 1.70141395100000013E-07 0 2.51929772908999998E-07 0 3.77462872196000018E-07 0 3.8150500769E-07 0 4.82506412050000042E-07 0 1.70844944085999997E-07 0
2.45575969289000013E-07 0 1.61226319406000001E-07 0 3.08915939765000005E-07 0 1.01377227003000003E-07 0 2.37057249588000008E-07 0 7.11562325098999957E-07 0 1.69837098188999996E-07 0 4.27965993491000022E-07 0 5.49203006498999993E-08 0 2.89618201689999981E-07 0 2.05637095784999991E-07 0 3.51420046878999985E-07 0 2.72375773168000012E-07 0 2.09422594837999994E-07 0 5.98011706975000025E-08 0 1.09118051136999993E-07 0 6.88568476329999968E-08 0 1.07344179459999995E-07 0 7.79579267133999962E-07 0 1.70141395100000013E-07 0 2.51929772908999998E-07 0 3.77462872196000018E-07 0 3.8150500769E-07 0 4.82506412050000042E-07 0 1.70844944085999997E-07 0
1.81017476304000011E-07 0 1.61226319406000001E-07 0 3.00972009041999979E-07 0 1.01377227003000003E-07 0 2.37057249588000008E-07 0 7.11562325098999957E-07 0 1.51607603397000007E-07 0 4.27965993491000022E-07 0 5.49203006498999993E-08 0 2.85452946315999985E-07 0 2.05637095784999991E-07 0 3.24138828443000005E-07 0 2.72375773168000012E-07 0 1.80457222055999992E-07 0 5.98011706975000025E-08 0 1.09118051136999993E-07 0 5.25052357512000017E-08 0 9.21433136474999937E-08 0 7.79579267133999962E-07 0 1.70141395100000013E-07 0 2.51929772908999998E-07 0 3.77462872196000018E-07 0 3.8150500769E-07 0 3.25189186795000005E-07 0 1.70844944085999997E-07 0
1.81017476304000011E-07 0 1.50740853874999999E-07 0 2.75687157536000026E-07 0 9.3191348912200005E-08 0 2.36843673260999999E-07 0 7.11562325098999957E-07 0 1.45231374524000011E-07 0 3.88925730686000018E-07 0 5.07973689995000024E-08 0 2.85452946315999985E-07 0 2.05637095784999991E-07 0 3.24138828443000005E-07 0 2.72375773168000012E-07 0 1.80457222055999992E-07 0 5.98011706975000025E-08 0 9.03337135338000025E-08 0 5.25052357512000017E-08 0 9.21433136474999937E-08 0 7.79579267133999962E-07 0 1.61486409279999998E-07 0 2.51929772908999998E-07 0 3.77462872196000018E-07 0 3.8150500769E-07 0 3.25189186795000005E-07 0 1.00330653826000006E-07 0
1.81017476304000011E-07 0 1.50740853874999999E-07 0 2.75687157536000026E-07 0 9.3191348912200005E-08 0 2.27367439958000012E-07 0 6.23406270731999961E-07 0 1.11404416343000006E-07 0 3.88925730686000018E-07 0 5.07973689995000024E-08 0 2.42990756432000008E-07 0 2.05637095784999991E-07 0 3.23382011157000009E-07 0 2.52709201433000018E-07 0 1.23503096150000001E-07 0 5.98011706975000025E-08 0 9.03337135338000025E-08 0 5.25052357512000017E-08 0 9.21433136474999937E-08 0 4.67890412834999999E-07 0 1.61486409279999998E-07 0 2.09770335841000011E-07 0 3.77462872196000018E-07 0 3.8150500769E-07 0 3.25189186795000005E-07 0 1.00330653826000006E-07 0
1.81017476304000011E-07 0 1.50740853874999999E-07 0 2.5398710031800002E-07 0 9.3191348912200005E-08 0 2.27367439958000012E-07 0 6.23406270731999961E-07 0 1.11404416343000006E-07 0 3.33713424689999995E-07 0 4.61112545762000023E-08 0 2.42372707922999989E-07 0 2.05637095784999991E-07 0 2.87024114409999978E-07 0 2.52709201433000018E-07 0 1.23503096150000001E-07 0 5.98011706975000025E-08 0 9.03337135338000025E-08 0 5.25052357512000017E-08 0 9.21433136474999937E-08 0 4.67890412834999999E-07 0 1.61486409279999998E-07 0 2.09770335841000011E-07 0 3.77462872196000018E-07 0 3.8150500769E-07 0 3.25189186795000005E-07 0 1.00330653826000006E-07 0
1.81017476304000011E-07 0 1.32374412431999989E-07 0 1.84768827939000012E-07 0 4.65771925505000027E-08 0 2.27367439958000012E-07 0 6.23406270731999961E-07 0 1.11404416343000006E-07 0 3.33713424689999995E-07 0 4.61112545762000023E-08 0 2.42372707922999989E-07 0 2.05637095784999991E-07 0 2.41632945607000026E-07 0 2.52709201433000018E-07 0 1.23503096150000001E-07 0 5.98011706975000025E-08 0 8.29334453848999952E-08 0 5.25052357512000017E-08 0 9.21433136474999937E-08 0 4.67890412834999999E-07 0 1.61486409279999998E-07 0 1.91158542354000007E-07 0 3.11831949166000018E-07 0 3.8150500769E-07 0 2.50282214707000004E-07 0 1.00330653826000006E-07 0
1.81017476304000011E-07 0 1.32374412431999989E-07 0 1.84768827939000012E-07 0 4.65771925505000027E-08 0 2.27367439958000012E-07 0 5.88471016191999983E-07 0 1.11404416343000006E-07 0 3.33713424689999995E-07 0 4.01656512504000007E-08 0 1.49647633228999999E-07 0 2.05637095784999991E-07 0 2.41632945607000026E-07 0 2.35595607187000011E-07 0 1.23503096150000001E-07 0 5.98011706975000025E-08 0 7.50756471371000051E-08 0 5.25052357512000017E-08 0 9.21433136474999937E-08 0 4.67890412834999999E-07 0 1.27236949405000006E-07 0 1.91158542354000007E-07 0 3.11831949166000018E-07 0 3.8150500769E-07 0 2.50282214707000004E-07 0 8.20592152198000002E-08 0
1.79513315917999993E-07 0 1.32374412431999989E-07 0 1.84768827939000012E-07 0 4.65771925505000027E-08 0 2.27367439958000012E-07 0 5.88471016191999983E-07 0 1.11404416343000006E-07 0 2.89495125591999998E-07 0 4.01656512504000007E-08 0 1.49647633228999999E-07 0 1.61720980046000006E-07 0 2.04889474244999993E-07 0 2.22099917084999995E-07 0 1.07425223593999998E-07 0 5.11205464209000013E-08 0 6.96628162749000042E-08 0 5.25052357512000017E-08 0 9.18695549168999949E-08 0 3.95691881006999998E-07 0 1.27236949405000006E-07 0 1.91158542354000007E-07 0 3.11831949166000018E-07 0 3.8150500769E-07 0 2.50282214707000004E-07 0 8.20592152198000002E-08 0
1.79513315917999993E-07 0 1.06733546863999999E-07 0 1.63738638672999988E-07 0 4.65771925505000027E-08 0 2.27367439958000012E-07 0 5.76237952416000022E-07 0 1.11404416343000006E-07 0 2.89495125591999998E-07 0 3.89346644067000006E-08 0 1.49647633228999999E-07 0 1.61720980046000006E-07 0 1.63475485134999991E-07 0 1.82615616949E-07 0 1.07425223593999998E-07 0 5.11205464209000013E-08 0 6.46948715349000024E-08 0 4.62229590712999975E-08 0 9.18695549168999949E-08 0 3.95691881006999998E-07 0 1.27236949405000006E-07 0 1.75482790163999994E-07 0 2.67322706798999995E-07 0 3.60387505852999992E-07 0 2.50282214707000004E-07 0 8.20592152198000002E-08 0
1.36177000893999987E-07 0 8.13106101147999973E-08 0 1.63738638672999988E-07 0 4.65771925505000027E-08 0 2.17120366750000008E-07 0 4.58639907764000018E-07 0 1.11404416343000006E-07 0 2.89495125591999998E-07 0 3.39429527364999977E-08 0 1.46385272611999996E-07 0 1.61720980046000006E-07 0 1.63475485134999991E-07 0 1.82615616949E-07 0 1.07425223593999998E-07 0 5.11205464209000013E-08 0 6.34272942087999979E-08 0 4.62229590712999975E-08 0 6.67785350793999943E-08 0 3.95691881006999998E-07 0 1.27236949405000006E-07 0 1.75482790163999994E-07 0 2.41072650702000001E-07 0 3.16758068367999994E-07 0 2.50282214707000004E-07 0 8.20592152198000002E-08 0
1.15781871609999994E-07 0 8.13106101147999973E-08 0 1.63738638672999988E-07 0 4.65771925505000027E-08 0 2.17120366750000008E-07 0 4.58639907764000018E-07 0 9.21482487638999973E-08 0 1.95223504407999997E-07 0 3.39429527364999977E-08 0 1.30900329800000003E-07 0 1.61720980046000006E-07 0 1.13627943352999997E-07 0 1.72565855964000006E-07 0 7.07665178058000013E-08 0 5.11205464209000013E-08 0 5.95796420906000005E-08 0 4.36032819862000009E-08 0 6.67785350793999943E-08 0 3.95191084690999997E-07 0 1.03815130770000001E-07 0 1.69895555544000004E-07 0 2.41072650702000001E-07 0 3.16758068367999994E-07 0 2.49777195583000012E-07 0 8.20592152198000002E-08 0
1.15781871609999994E-07 0 7.42634683470000021E-08 0 1.63738638672999988E-07 0 4.65771925505000027E-08 0 2.01915007757000006E-07 0 4.58639907764000018E-07 0 9.21482487638999973E-08 0 1.95223504407999997E-07 0 3.39429527364999977E-08 0 1.30900329800000003E-07 0 1.61720980046000006E-07 0 1.13627943352999997E-07 0 1.59224316203000001E-07 0 7.07665178058000013E-08 0 5.11205464209000013E-08 0 5.10283984541999972E-08 0 3.88556540646999991E-08 0 6.67785350793999943E-08 0 3.95191084690999997E-07 0 1.03815130770000001E-07 0 1.42075298991999992E-07 0 2.36372071088999989E-07 0 1.98319062053999995E-07 0 1.80943013029000001E-07 0 6.18135165921000032E-08 0
1.09722078422999995E-07 0 7.42634683470000021E-08 0 1.63738638672999988E-07 0 4.65771925505000027E-08 0 2.01915007757000006E-07 0 4.58639907764000018E-07 0 9.16483012538999998E-08 0 1.95223504407999997E-07 0 3.25342162521000021E-08 0 8.02919637299000036E-08 0 1.61720980046000006E-07 0 1.13627943352999997E-07 0 1.59224316203000001E-07 0 7.07665178058000013E-08 0 5.11205464209000013E-08 0 5.10283984541999972E-08 0 3.88556540646999991E-08 0 5.88764042940999974E-08 0 3.95191084690999997E-07 0 1.03815130770000001E-07 0 1.42075298991999992E-07 0 2.36372071088999989E-07 0 1.98319062053999995E-07 0 1.80943013029000001E-07 0 6.18135165921000032E-08 0
1.09722078422999995E-07 0 7.42634683470000021E-08 0 1.40723801295000005E-07 0 4.02937300508999998E-08 0 1.74269188753000012E-07 0 4.58639907764000018E-07 0 9.16483012538999998E-08 0 1.27997952350000013E-07 0 3.25342162521000021E-08 0 8.02919637299000036E-08 0 1.61720980046000006E-07 0 1.13627943352999997E-07 0 1.40837998400000006E-07 0 7.07665178058000013E-08 0 5.01693956456999995E-08 0 5.10283984541999972E-08 0 2.60009777502000001E-08 0 5.84677041118000006E-08 0 3.1945427402699998E-07 0 7.56432997830000065E-08 0 1.14936930892999999E-07 0 2.17391640880000009E-07 0 1.98319062053999995E-07 0 1.80943013029000001E-07 0 3.63163873991000012E-08 0
8.71307100274000018E-08 0 7.42634683470000021E-08 0 1.16545247803000004E-07 0 4.02937300508999998E-08 0 1.74269188753000012E-07 0 4.04032371462999985E-07 0 9.16483012538999998E-08 0 1.27997952350000013E-07 0 3.16885248630999981E-08 0 8.02919637299000036E-08 0 1.50101411055000004E-07 0 1.13627943352999997E-07 0 1.04392443101000002E-07 0 7.07665178058000013E-08 0 5.01693956456999995E-08 0 2.95098889211000012E-08 0 2.60009777502000001E-08 0 5.84677041118000006E-08 0 3.1945427402699998E-07 0 7.56432997830000065E-08 0 1.11451555555999995E-07 0 2.1240024708699999E-07 0 1.98319062053999995E-07 0 1.80943013029000001E-07 0 3.63163873991000012E-08 0
6.21382434092999967E-08 0 7.42634683470000021E-08 0 1.16545247803000004E-07 0 4.02937300508999998E-08 0 1.74269188753000012E-07 0 3.81072169714999983E-07 0 7.45701599534000027E-08 0 1.27997952350000013E-07 0 1.86104577856999989E-08 0 8.02919637299000036E-08 0 1.50101411055000004E-07 0 1.13627943352999997E-07 0 1.04392443101000002E-07 0 6.38101207408000062E-08 0 5.01693956456999995E-08 0 2.95098889211000012E-08 0 2.60009777502000001E-08 0 5.84677041118000006E-08 0 3.1945427402699998E-07 0 7.56432997830000065E-08 0 1.11451555555999995E-07 0 2.1240024708699999E-07 0 1.98319062053999995E-07 0 1.80943013029000001E-07 0 3.63163873991000012E-08 0
6.21382434092999967E-08 0 7.09091667817999984E-08 0 1.16545247803000004E-07 0 4.02937300508999998E-08 0 1.74269188753000012E-07 0 2.55023221946000013E-07 0 7.12859579187000046E-08 0 1.27997952350000013E-07 0 1.86104577856999989E-08 0 8.02919637299000036E-08 0 1.50101411055000004E-07 0 9.18219762622999968E-08 0 1.04392443101000002E-07 0 6.38101207408000062E-08 0 2.75060872879E-08 0 2.95098889211000012E-08 0 2.60009777502000001E-08 0 4.1643357179399999E-08 0 3.1945427402699998E-07 0 6.92661359970000045E-08 0 1.02562409965999999E-07 0 1.90097182074000011E-07 0 1.98319062053999995E-07 0 1.48948765031999992E-07 0 3.63163873991000012E-08 0
6.21382434092999967E-08 0 6.6236754957200005E-08 0 8.58371328102000028E-08 0 3.94915453589999967E-08 0 1.68314911797000012E-07 0 2.55023221946000013E-07 0 7.12859579187000046E-08 0 1.27997952350000013E-07 0 1.86104577856999989E-08 0 8.02919637299000036E-08 0 1.50101411055000004E-07 0 9.18219762622999968E-08 0 1.04392443101000002E-07 0 6.38101207408000062E-08 0 2.75060872879E-08 0 2.95098889211000012E-08 0 1.62833011750999985E-08 0 4.1643357179399999E-08 0 3.04173433122000024E-07 0 6.83767473970000009E-08 0 1.02562409965999999E-07 0 1.56638472744999988E-07 0 1.98319062053999995E-07 0 1.48948765031999992E-07 0 3.63163873991000012E-08 0
6.21382434092999967E-08 0 6.6236754957200005E-08 0 8.58371328102000028E-08 0 3.94915453589999967E-08 0 1.13515916730000002E-07 0 2.52475569024999981E-07 0 5.89590253859000019E-08 0 1.27997952350000013E-07 0 1.86104577856999989E-08 0 7.32294590990000041E-08 0 1.37663971528000008E-07 0 9.18219762622999968E-08 0 1.04392443101000002E-07 0 5.91170785064000017E-08 0 2.75060872879E-08 0 2.95098889211000012E-08 0 1.62833011750999985E-08 0 4.1643357179399999E-08 0 3.04173433122000024E-07 0 6.83767473970000009E-08 0 1.02562409965999999E-07 0 1.56638472744999988E-07 0 1.98319062053999995E-07 0 1.48948765031999992E-07 0 3.63163873991000012E-08 0
4.44238459971000025E-08 0 6.5947329313600003E-08 0 7.06949508652999963E-08 0 3.94915453589999967E-08 0 1.13515916730000002E-07 0 2.52475569024999981E-07 0 4.04828216381000005E-08 0 1.27997952350000013E-07 0 1.86104577856999989E-08 0 7.32294590990000041E-08 0 1.37663971528000008E-07 0 9.18219762622999968E-08 0 1.04392443101000002E-07 0 5.91170785064000017E-08 0 2.75060872879E-08 0 2.95098889211000012E-08 0 1.62833011750999985E-08 0 4.1643357179399999E-08 0 2.76268994818999997E-07 0 6.83767473970000009E-08 0 8.88347217690000053E-08 0 1.47451513659999995E-07 0 1.98319062053999995E-07 0 1.48948765031999992E-07 0 3.59761598970999978E-08 0
4.44238459971000025E-08 0 4.95226965688999995E-08 0 6.7578312536099995E-08 0 3.82656185380999977E-08 0 1.13515916730000002E-07 0 2.3652590980299999E-07 0 4.04828216381000005E-08 0 1.27997952350000013E-07 0 1.77493968182000015E-08 0 6.20278971205999967E-08 0 1.37663971528000008E-07 0 9.18219762622999968E-08 0 1.04392443101000002E-07 0 5.91170785064000017E-08 0 2.69324336785000011E-08 0 2.95098889211000012E-08 0 1.62833011750999985E-08 0 4.1643357179399999E-08 0 2.20163037166999996E-07 0 6.41786410793999982E-08 0 6.07303234238000003E-08 0 1.4148550984600001E-07 0 1.59251507819000009E-07 0 1.48948765031999992E-07 0 3.59761598970999978E-08 0
4.44238459971000025E-08 0 4.95226965688999995E-08 0 6.7578312536099995E-08 0 3.82656185380999977E-08 0 1.13515916730000002E-07 0 2.3652590980299999E-07 0 4.04828216381000005E-08 0 1.27997952350000013E-07 0 1.77493968182000015E-08 0 5.34166956491999981E-08 0 1.19659285224000008E-07 0 9.18219762622999968E-08 0 1.04392443101000002E-07 0 5.42921157223000014E-08 0 2.69324336785000011E-08 0 2.95098889211000012E-08 0 1.62833011750999985E-08 0 2.93785128985000004E-08 0 2.01667826488999989E-07 0 6.41786410793999982E-08 0 6.07303234238000003E-08 0 1.4148550984600001E-07 0 1.59251507819000009E-07 0 1.48948765031999992E-07 0 3.59761598970999978E-08 0
4.44238459971000025E-08 0 4.80108216920999983E-08 0 5.86050469360999993E-08 0 3.65249827299999985E-08 0 1.13515916730000002E-07 0 2.3652590980299999E-07 0 4.04828216381000005E-08 0 1.27997952350000013E-07 0 1.42357602589999994E-08 0 5.34166956491999981E-08 0 1.19659285224000008E-07 0 8.38347149536000061E-08 0 6.85550438540999991E-08 0 5.42921157223000014E-08 0 2.34056245426999986E-08 0 2.95098889211000012E-08 0 1.62833011750999985E-08 0 2.93785128985000004E-08 0 1.96494309220999997E-07 0 4.6961417904600003E-08 0 5.27553701233999986E-08 0 1.4148550984600001E-07 0 1.59251507819000009E-07 0 1.12962092298E-07 0 3.3021943003E-08 0
4.44238459971000025E-08 0 4.80108216920999983E-08 0 5.86050469360999993E-08 0 3.45390788085000032E-08 0 9.97917812705999985E-08 0 1.98244026468999999E-07 0 4.04828216381000005E-08 0 9.85477070174000016E-08 0 1.42357602589999994E-08 0 5.34166956491999981E-08 0 1.19659285224000008E-07 0 7.6310592911500006E-08 0 6.85550438540999991E-08 0 4.80729453942999998E-08 0 2.34056245426999986E-08 0 2.95098889211000012E-08 0 1.62833011750999985E-08 0 2.93785128985000004E-08 0 1.96494309220999997E-07 0 4.6961417904600003E-08 0 5.27553701233999986E-08 0 1.4148550984600001E-07 0 1.59251507819000009E-07 0 8.50219633731000039E-08 0 3.3021943003E-08 0
4.44238459971000025E-08 0 4.80108216920999983E-08 0 5.86050469360999993E-08 0 3.08612080438999981E-08 0 9.75354940886000018E-08 0 1.6549942575500001E-07 0 3.61033830416000003E-08 0 9.85477070174000016E-08 0 1.40851663127000002E-08 0 5.34166956491999981E-08 0 1.15536808353000004E-07 0 7.6310592911500006E-08 0 6.85550438540999991E-08 0 4.35051274781000003E-08 0 2.34056245426999986E-08 0 2.95098889211000012E-08 0 1.62833011750999985E-08 0 2.93785128985000004E-08 0 1.96494309220999997E-07 0 4.6961417904600003E-08 0 5.27553701233999986E-08 0 1.4148550984600001E-07 0 1.59251507819000009E-07 0 8.50219633731000039E-08 0 3.3021943003E-08 0
4.44238459971000025E-08 0 3.95193921923999975E-08 0 5.86050469360999993E-08 0 2.83574745689000003E-08 0 9.75354940886000018E-08 0 1.6549942575500001E-07 0 3.61033830416000003E-08 0 9.85477070174000016E-08 0 1.40851663127000002E-08 0 5.34166956491999981E-08 0 1.15536808353000004E-07 0 6.46496764091000018E-08 0 6.18456310539999997E-08 0 4.35051274781000003E-08 0 2.28993471258999996E-08 0 2.02530048365000006E-08 0 1.30481848830000006E-08 0 2.93785128985000004E-08 0 1.84910475155999999E-07 0 4.65284712012999998E-08 0 5.27553701233999986E-08 0 1.27552588779999996E-07 0 1.38424817797000003E-07 0 8.50219633731000039E-08 0 2.14556626785000013E-08 0
4.44238459971000025E-08 0 3.95193921923999975E-08 0 5.86050469360999993E-08 0 2.07633681684000002E-08 0 9.75354940886000018E-08 0 1.6549942575500001E-07 0 3.26057509091000018E-08 0 8.14364544189999959E-08 0 1.40851663127000002E-08 0 5.34166956491999981E-08 0 5.96951120530999947E-08 0 6.46496764091000018E-08 0 6.18456310539999997E-08 0 3.31586323424999968E-08 0 2.0791322128199999E-08 0 2.02530048365000006E-08 0 1.30481848830000006E-08 0 2.46274335564999996E-08 0 1.84910475155999999E-07 0 3.63024711366000019E-08 0 5.27553701233999986E-08 0 1.27552588779999996E-07 0 9.13032697047999987E-08 0 8.50219633731000039E-08 0 2.14556626785000013E-08 0
4.22700846608000029E-08 0 2.48874291980000006E-08 0 5.86050469360999993E-08 0 2.07633681684000002E-08 0 9.75354940886000018E-08 0 1.6549942575500001E-07 0 2.86998889091000008E-08 0 8.14364544189999959E-08 0 1.40851663127000002E-08 0 5.17383069786000022E-08 0 5.96951120530999947E-08 0 6.46496764091000018E-08 0 6.18456310539999997E-08 0 2.30356089192000016E-08 0 2.0791322128199999E-08 0 2.02530048365000006E-08 0 1.30481848830000006E-08 0 2.35018564511999999E-08 0 1.84910475155999999E-07 0 3.63024711366000019E-08 0 5.27553701233999986E-08 0 1.06999219581999995E-07 0 9.13032697047999987E-08 0 6.92431114106000011E-08 0 2.14556626785000013E-08 0
4.22700846608000029E-08 0 2.48874291980000006E-08 0 5.27494367849000015E-08 0 2.07633681684000002E-08 0 9.75354940886000018E-08 0 1.6549942575500001E-07 0 2.86998889091000008E-08 0 5.07053815709999996E-08 0 1.40851663127000002E-08 0 5.17383069786000022E-08 0 5.96951120530999947E-08 0 6.46496764091000018E-08 0 6.18456310539999997E-08 0 2.30356089192000016E-08 0 1.98288511484000009E-08 0 1.19684361563999999E-08 0 1.30481848830000006E-08 0 2.35018564511999999E-08 0 1.84910475155999999E-07 0 3.63024711366000019E-08 0 3.18887869127999997E-08 0 8.2635238914800005E-08 0 9.13032697047999987E-08 0 6.92431114106000011E-08 0 2.14556626785000013E-08 0
3.89581021849000032E-08 0 2.48874291980000006E-08 0 5.27494367849000015E-08 0 2.07633681684000002E-08 0 9.75354940886000018E-08 0 1.6549942575500001E-07 0 2.10120733374000003E-08 0 5.07053815709999996E-08 0 1.40851663127000002E-08 0 5.17383069786000022E-08 0 5.96951120530999947E-08 0 5.93179927406000013E-08 0 6.09538781533000051E-08 0 2.30356089192000016E-08 0 1.98288511484000009E-08 0 1.19684361563999999E-08 0 1.30481848830000006E-08 0 2.07010165465999989E-08 0 1.73190727916000005E-07 0 2.70985664063000002E-08 0 3.18887869127999997E-08 0 8.2635238914800005E-08 0 9.13032697047999987E-08 0 6.92431114106000011E-08 0 2.14556626785000013E-08 0
3.75654884440000027E-08 0 2.48874291980000006E-08 0 4.80060261128999974E-08 0 2.07633681684000002E-08 0 6.76287278384999955E-08 0 1.59421450772999991E-07 0 2.10120733374000003E-08 0 4.45454315346000019E-08 0 1.38845501537999995E-08 0 4.33159910044999975E-08 0 5.96951120530999947E-08 0 4.85115042157999987E-08 0 6.09538781533000051E-08 0 2.30356089192000016E-08 0 1.98288511484000009E-08 0 1.19684361563999999E-08 0 1.30481848830000006E-08 0 2.07010165465999989E-08 0 1.4965413102200001E-07 0 2.70985664063000002E-08 0 3.18887869127999997E-08 0 8.2635238914800005E-08 0 9.13032697047999987E-08 0 6.92431114106000011E-08 0 2.14556626785000013E-08 0
3.75654884440000027E-08 0 2.48874291980000006E-08 0 4.80060261128999974E-08 0 2.07633681684000002E-08 0 6.76287278384999955E-08 0 1.59421450772999991E-07 0 2.10120733374000003E-08 0 4.45454315346000019E-08 0 9.19743089168999925E-09 0 3.70342814991999986E-08 0 5.96951120530999947E-08 0 4.54806254701000018E-08 0 6.09538781533000051E-08 0 2.30356089192000016E-08 0 1.59083105163000016E-08 0 1.19684361563999999E-08 0 1.30481848830000006E-08 0 2.07010165465999989E-08 0 1.39204559787999988E-07 0 2.11131162006999991E-08 0 3.18887869127999997E-08 0 6.72741108779000052E-08 0 9.13032697047999987E-08 0 6.92431114106000011E-08 0 1.72903958764000012E-08 0
3.51172517287999989E-08 0 2.48874291980000006E-08 0 4.80060261128999974E-08 0 2.07633681684000002E-08 0 4.72570242325000011E-08 0 1.1711501803E-07 0 1.86088569103000005E-08 0 4.45454315346000019E-08 0 9.19743089168999925E-09 0 3.59622144657000016E-08 0 5.96951120530999947E-08 0 4.54806254701000018E-08 0 6.09538781533000051E-08 0 2.30356089192000016E-08 0 1.46011324365999995E-08 0 1.19684361563999999E-08 0 1.17700872357000004E-08 0 1.86943081153000016E-08 0 1.39204559787999988E-07 0 2.11131162006999991E-08 0 3.18887869127999997E-08 0 6.72741108779000052E-08 0 9.13032697047999987E-08 0 6.7683651979399994E-08 0 1.72903958764000012E-08 0
2.50043489647E-08 0 2.19741370399999988E-08 0 4.09441215591E-08 0 1.64145350902000016E-08 0 4.72570242325000011E-08 0 1.1711501803E-07 0 1.82971148375999995E-08 0 4.45454315346000019E-08 0 9.19743089168999925E-09 0 3.59622144657000016E-08 0 4.40956657567999988E-08 0 3.5956472460599999E-08 0 4.95122926294999978E-08 0 2.30356089192000016E-08 0 1.39893874237999994E-08 0 1.19684361563999999E-08 0 8.49298714315999923E-09 0 1.61225534277000004E-08 0 1.28569817117999992E-07 0 2.11131162006999991E-08 0 3.18887869127999997E-08 0 6.72741108779000052E-08 0 8.06528326273000015E-08 0 5.48489095247000031E-08 0 1.72903958764000012E-08 0
2.50043489647E-08 0 2.17196399704999994E-08 0 4.09441215591E-08 0 1.64145350902000016E-08 0 4.72570242325000011E-08 0 1.1711501803E-07 0 1.82971148375999995E-08 0 4.45454315346000019E-08 0 9.19743089168999925E-09 0 3.59622144657000016E-08 0 4.40956657567999988E-08 0 3.0569094381700003E-08 0 4.02588485178999996E-08 0 2.29615258045999995E-08 0 8.8352709213900003E-09 0 1.19684361563999999E-08 0 8.49298714315999923E-09 0 1.61225534277000004E-08 0 1.02481445469000001E-07 0 1.64549942675000015E-08 0 3.18887869127999997E-08 0 4.32960581525000017E-08 0 7.59006071012000055E-08 0 5.48489095247000031E-08 0 1.72903958764000012E-08 0
2.50043489647E-08 0 2.17196399704999994E-08 0 4.02876375271999999E-08 0 1.64145350902000016E-08 0 4.38668518270999993E-08 0 9.29237047028999983E-08 0 1.82971148375999995E-08 0 4.45454315346000019E-08 0 9.19743089168999925E-09 0 3.59622144657000016E-08 0 4.40956657567999988E-08 0 3.0569094381700003E-08 0 4.02588485178999996E-08 0 1.63872599983000015E-08 0 8.8352709213900003E-09 0 1.19684361563999999E-08 0 8.49298714315999923E-09 0 1.58025343376999986E-08 0 1.02481445469000001E-07 0 1.64549942675000015E-08 0 3.18887869127999997E-08 0 4.32960581525000017E-08 0 7.59006071012000055E-08 0 5.48489095247000031E-08 0 1.67401743981000016E-08 0
2.50043489647E-08 0 1.86618429605999993E-08 0 4.02876375271999999E-08 0 1.64145350902000016E-08 0 4.38668518270999993E-08 0 9.29237047028999983E-08 0 1.63093145939000013E-08 0 4.45454315346000019E-08 0 8.32818497877000056E-09 0 3.59622144657000016E-08 0 4.40956657567999988E-08 0 3.0569094381700003E-08 0 4.02588485178999996E-08 0 1.63872599983000015E-08 0 8.67427696445000014E-09 0 1.19410151754999996E-08 0 8.49298714315999923E-09 0 1.58025343376999986E-08 0 1.02481445469000001E-07 0 1.64549942675000015E-08 0 2.99273705599999969E-08 0 4.32960581525000017E-08 0 7.59006071012000055E-08 0 5.02642216540999981E-08 0 1.48531535745000004E-08 0
2.50043489647E-08 0 1.86618429605999993E-08 0 3.78935240126999973E-08 0 1.52119112183999997E-08 0 4.38668518270999993E-08 0 9.29237047028999983E-08 0 1.63093145939000013E-08 0 3.35862969922999998E-08 0 8.32818497877000056E-09 0 3.59622144657000016E-08 0 4.40956657567999988E-08 0 3.0569094381700003E-08 0 4.02588485178999996E-08 0 1.63872599983000015E-08 0 8.67427696445000014E-09 0 1.13366138705999995E-08 0 7.1930632780500004E-09 0 1.58025343376999986E-08 0 5.97074425997999997E-08 0 1.64549942675000015E-08 0 2.49752214265999991E-08 0 4.32960581525000017E-08 0 7.59006071012000055E-08 0 4.18965055202000028E-08 0 9.97368136679999921E-09 0
2.10594969416999992E-08 0 1.86618429605999993E-08 0 3.78935240126999973E-08 0 1.52119112183999997E-08 0 3.45395663402999972E-08 0 7.69537471376999997E-08 0 1.63093145939000013E-08 0 3.35862969922999998E-08 0 6.19988959603999985E-09 0 3.00441084400999979E-08 0 4.40956657567999988E-08 0 3.0569094381700003E-08 0 4.02588485178999996E-08 0 1.63872599983000015E-08 0 8.67427696445000014E-09 0 1.13366138705999995E-08 0 7.1930632780500004E-09 0 1.31665619884000003E-08 0 5.97074425997999997E-08 0 1.51126780093999988E-08 0 2.49752214265999991E-08 0 4.32960581525000017E-08 0 7.59006071012000055E-08 0 4.18965055202000028E-08 0 9.97368136679999921E-09 0
2.10594969416999992E-08 0 1.33755255259000005E-08 0 3.78935240126999973E-08 0 1.23407820163999999E-08 0 3.12127016845999969E-08 0 7.69537471376999997E-08 0 1.63093145939000013E-08 0 3.04075711896000028E-08 0 6.19988959603999985E-09 0 2.55178692045000001E-08 0 4.40956657567999988E-08 0 3.0569094381700003E-08 0 4.02588485178999996E-08 0 1.63872599983000015E-08 0 8.67427696445000014E-09 0 1.01265124491000006E-08 0 7.1930632780500004E-09 0 1.16439419067999999E-08 0 5.97074425997999997E-08 0 1.51126780093999988E-08 0 1.78894793167999997E-08 0 4.32960581525000017E-08 0 7.01347295865999972E-08 0 4.18965055202000028E-08 0 9.97368136679999921E-09 0
2.10594969416999992E-08 0 1.33755255259000005E-08 0 3.38569002263999999E-08 0 1.23407820163999999E-08 0 3.12127016845999969E-08 0 7.69537471376999997E-08 0 1.63093145939000013E-08 0 3.04075711896000028E-08 0 6.19988959603999985E-09 0 2.55178692045000001E-08 0 4.40956657567999988E-08 0 3.0569094381700003E-08 0 3.75559626232999973E-08 0 1.63872599983000015E-08 0 7.54297911363999992E-09 0 1.00407221109999995E-08 0 3.13016230376999991E-09 0 1.16439419067999999E-08 0 5.97074425997999997E-08 0 1.51126780093999988E-08 0 1.78894793167999997E-08 0 4.32960581525000017E-08 0 7.01347295865999972E-08 0 4.18965055202000028E-08 0 9.97368136679999921E-09 0
1.5022776168800001E-08 0 1.33755255259000005E-08 0 2.74321271910000016E-08 0 1.16548129211000001E-08 0 2.64890435322999988E-08 0 7.69537471376999997E-08 0 1.63093145939000013E-08 0 3.04075711896000028E-08 0 4.62431792518999984E-09 0 2.35582201765999991E-08 0 4.40956657567999988E-08 0 3.0569094381700003E-08 0 3.75559626232999973E-08 0 1.63872599983000015E-08 0 7.54297911363999992E-09 0 1.00407221109999995E-08 0 3.13016230376999991E-09 0 1.11365364316000003E-08 0 4.58570227250999989E-08 0 1.51126780093999988E-08 0 1.78894793167999997E-08 0 3.8982239086399999E-08 0 7.01347295865999972E-08 0 4.18965055202000028E-08 0 9.97368136679999921E-09 0
1.5022776168800001E-08 0 1.33755255259000005E-08 0 2.74321271910000016E-08 0 1.01633063693999999E-08 0 2.64890435322999988E-08 0 7.69537471376999997E-08 0 1.63093145939000013E-08 0 3.04075711896000028E-08 0 4.62431792518999984E-09 0 1.66275730806999999E-08 0 4.40956657567999988E-08 0 2.88940015727000001E-08 0 3.04942637190999987E-08 0 1.63872599983000015E-08 0 7.54297911363999992E-09 0 9.29632535595000078E-09 0 3.13016230376999991E-09 0 1.01760673256000004E-08 0 4.58570227250999989E-08 0 1.46888656661999992E-08 0 1.24923512704E-08 0 3.83444475949000009E-08 0 6.82900671283999936E-08 0 3.70787438423999995E-08 0 9.97368136679999921E-09 0
1.5022776168800001E-08 0 1.33755255259000005E-08 0 2.74321271910000016E-08 0 1.01633063693999999E-08 0 2.48874214468000015E-08 0 7.69537471376999997E-08 0 1.63093145939000013E-08 0 2.81031418018000004E-08 0 4.62431792518999984E-09 0 1.66275730806999999E-08 0 3.32082935342999982E-08 0 2.59093211616999995E-08 0 3.04942637190999987E-08 0 1.59533114106999988E-08 0 7.54297911363999992E-09 0 9.29632535595000078E-09 0 3.13016230376999991E-09 0 8.13927257447999927E-09 0 4.58570227250999989E-08 0 1.22446814354000008E-08 0 1.24923512704E-08 0 3.83444475949000009E-08 0 5.87169209785000012E-08 0 3.70787438423999995E-08 0 9.97368136679999921E-09 0
1.25494560693000008E-08 0 1.33755255259000005E-08 0 2.74321271910000016E-08 0 1.01633063693999999E-08 0 1.99437036963000009E-08 0 7.15156236668000051E-08 0 1.30782300722999996E-08 0 2.81031418018000004E-08 0 4.62431792518999984E-09 0 1.66275730806999999E-08 0 3.32082935342999982E-08 0 2.59093211616999995E-08 0 3.04942637190999987E-08 0 1.44093926792000005E-08 0 7.54297911363999992E-09 0 9.29632535595000078E-09 0 3.13016230376999991E-09 0 7.41578283289000011E-09 0 4.4506491617699997E-08 0 1.22446814354000008E-08 0 1.24923512704E-08 0 3.83444475949000009E-08 0 5.87169209785000012E-08 0 3.70787438423999995E-08 0 9.97368136679999921E-09 0
1.25494560693000008E-08 0 6.24745151093000027E-09 0 2.48290028497999996E-08 0 9.92548329104999981E-09 0 1.99437036963000009E-08 0 6.89904502824999955E-08 0 1.30782300722999996E-08 0 2.09592751424000003E-08 0 4.62431792518999984E-09 0 1.66275730806999999E-08 0 3.32082935342999982E-08 0 2.57518272415000011E-08 0 2.16828832742999985E-08 0 1.44093926792000005E-08 0 7.41978939226000017E-09 0 7.37799545416999961E-09 0 3.13016230376999991E-09 0 7.41578283289000011E-09 0 4.4506491617699997E-08 0 1.22446814354000008E-08 0 1.24923512704E-08 0 3.53261898603000033E-08 0 4.73381972429999982E-08 0 2.74002479810999985E-08 0 9.86929314983000003E-09 0
1.25494560693000008E-08 0 6.24745151093000027E-09 0 2.34810976100999993E-08 0 8.56677027955000029E-09 0 1.66658732057000001E-08 0 6.15808445253999959E-08 0 7.94067928736000041E-09 0 2.09592751424000003E-08 0 4.62431792518999984E-09 0 1.66275730806999999E-08 0 3.32082935342999982E-08 0 2.57518272415000011E-08 0 2.16828832742999985E-08 0 1.25345890449999992E-08 0 6.99023479493000038E-09 0 7.37799545416999961E-09 0 3.02750244504000015E-09 0 7.41578283289000011E-09 0 4.4506491617699997E-08 0 1.22446814354000008E-08 0 1.24923512704E-08 0 3.53261898603000033E-08 0 3.89360605824000002E-08 0 2.74002479810999985E-08 0 9.86929314983000003E-09 0
1.18729305090000005E-08 0 6.24745151093000027E-09 0 2.17800818351999994E-08 0 8.24592700832999968E-09 0 1.66658732057000001E-08 0 5.27350610895999971E-08 0 7.94067928736000041E-09 0 2.09592751424000003E-08 0 4.43597375831000025E-09 0 1.52083606251000003E-08 0 1.73590520174999986E-08 0 2.16803018891000011E-08 0 2.16828832742999985E-08 0 8.31109359414999921E-09 0 6.84969768437000018E-09 0 7.37799545416999961E-09 0 3.02750244504000015E-09 0 6.60938478463999972E-09 0 3.24443922031000001E-08 0 1.22446814354000008E-08 0 1.24923512704E-08 0 3.24144609858999981E-08 0 3.89360605824000002E-08 0 2.74002479810999985E-08 0 8.64954103389999956E-09 0
1.18729305090000005E-08 0 6.24745151093000027E-09 0 2.00308159079999996E-08 0 6.72576620826999962E-09 0 1.66658732057000001E-08 0 5.27350610895999971E-08 0 7.94067928736000041E-09 0 2.09592751424000003E-08 0 4.43597375831000025E-09 0 1.52083606251000003E-08 0 1.73590520174999986E-08 0 2.07692726405999995E-08 0 9.43652312637999965E-09 0 8.31109359414999921E-09 0 5.14026427858999975E-09 0 4.64103505272000023E-09 0 3.02750244504000015E-09 0 6.60938478463999972E-09 0 3.24443922031000001E-08 0 1.15860553611000001E-08 0 1.24923512704E-08 0 3.24144609858999981E-08 0 3.89360605824000002E-08 0 2.34079441436999987E-08 0 7.76706920206999952E-09 0
8.91560610653000073E-09 0 6.24745151093000027E-09 0 2.00308159079999996E-08 0 6.72576620826999962E-09 0 1.66658732057000001E-08 0 5.08919475605999976E-08 0 7.94067928736000041E-09 0 1.87352734706000008E-08 0 3.83438720023000002E-09 0 1.19251120223999999E-08 0 1.73590520174999986E-08 0 2.07692726405999995E-08 0 9.43652312637999965E-09 0 8.31109359414999921E-09 0 5.14026427858999975E-09 0 4.64103505272000023E-09 0 3.02750244504000015E-09 0 6.60938478463999972E-09 0 3.24443922031000001E-08 0 1.12794335216000007E-08 0 1.24923512704E-08 0 3.24144609858999981E-08 0 3.89360605824000002E-08 0 2.34079441436999987E-08 0 4.59870833811000002E-09 0
8.91560610653000073E-09 0 6.24745151093000027E-09 0 2.00308159079999996E-08 0 6.72576620826999962E-09 0 1.66658732057000001E-08 0 4.69011837214999973E-08 0 7.94067928736000041E-09 0 1.87352734706000008E-08 0 3.83438720023000002E-09 0 1.19251120223999999E-08 0 1.73590520174999986E-08 0 2.07692726405999995E-08 0 9.43652312637999965E-09 0 8.31109359414999921E-09 0 3.06100841300999993E-09 0 4.64103505272000023E-09 0 3.02750244504000015E-09 0 6.60938478463999972E-09 0 3.24443922031000001E-08 0 1.12794335216000007E-08 0 1.24923512704E-08 0 3.24144609858999981E-08 0 3.89360605824000002E-08 0 2.34079441436999987E-08 0 4.59870833811000002E-09 0
8.91560610653000073E-09 0 6.24745151093000027E-09 0 1.98705791867999986E-08 0 3.3774655391000001E-09 0 1.66658732057000001E-08 0 4.69011837214999973E-08 0 7.94067928736000041E-09 0 1.87352734706000008E-08 0 3.83438720023000002E-09 0 1.19251120223999999E-08 0 1.73590520174999986E-08 0 1.20920450149000005E-08 0 9.43652312637999965E-09 0 8.31109359414999921E-09 0 3.06100841300999993E-09 0 4.64103505272000023E-09 0 2.83854663160000012E-09 0 6.42661965739999971E-09 0 3.24443922031000001E-08 0 7.16094235904999967E-09 0 9.74102856263000009E-09 0 2.36736831496000001E-08 0 2.73502359550000007E-08 0 1.46702656152999994E-08 0 4.59870833811000002E-09 0
8.91560610653000073E-09 0 6.24745151093000027E-09 0 1.28610230327000006E-08 0 3.3774655391000001E-09 0 1.66658732057000001E-08 0 4.69011837214999973E-08 0 7.75158734604000071E-09 0 1.50784590793000006E-08 0 3.34188893570000018E-09 0 6.48013306934999968E-09 0 1.73590520174999986E-08 0 1.20920450149000005E-08 0 9.43652312637999965E-09 0 8.31109359414999921E-09 0 3.06100841300999993E-09 0 4.64103505272000023E-09 0 2.36948174010999999E-09 0 5.49490069459999987E-09 0 3.24443922031000001E-08 0 7.16094235904999967E-09 0 9.74102856263000009E-09 0 2.36736831496000001E-08 0 2.73502359550000007E-08 0 1.46702656152999994E-08 0 4.59870833811000002E-09 0
8.91560610653000073E-09 0 6.24745151093000027E-09 0 1.28610230327000006E-08 0 3.3774655391000001E-09 0 1.50458065856999985E-08 0 4.46001480950999987E-08 0 7.63743822079000006E-09 0 1.41658659112999997E-08 0 3.10142100349000005E-09 0 6.48013306934999968E-09 0 1.68816794833000016E-08 0 1.20920450149000005E-08 0 9.43652312637999965E-09 0 8.31109359414999921E-09 0 3.06100841300999993E-09 0 4.64103505272000023E-09 0 2.36948174010999999E-09 0 4.60978864327999964E-09 0 3.24443922031000001E-08 0 7.16094235904999967E-09 0 9.74102856263000009E-09 0 2.36736831496000001E-08 0 2.73502359550000007E-08 0 1.46702656152999994E-08 0 4.59870833811000002E-09 0
8.91560610653000073E-09 0 6.24745151093000027E-09 0 1.28610230327000006E-08 0 3.3774655391000001E-09 0 1.50458065856999985E-08 0 4.46001480950999987E-08 0 7.63743822079000006E-09 0 1.34998920375000002E-08 0 3.10142100349000005E-09 0 6.48013306934999968E-09 0 1.68816794833000016E-08 0 1.01123793787E-08 0 9.43652312637999965E-09 0 8.31109359414999921E-09 0 3.06100841300999993E-09 0 4.64103505272000023E-09 0 2.36948174010999999E-09 0 4.60978864327999964E-09 0 2.39738996057999998E-08 0 7.16094235904999967E-09 0 9.14943259469000041E-09 0 2.36736831496000001E-08 0 2.73502359550000007E-08 0 1.46702656152999994E-08 0 4.59870833811000002E-09 0
7.21106717857999998E-09 0 6.24745151093000027E-09 0 1.28610230327000006E-08 0 3.3774655391000001E-09 0 1.36562927510999995E-08 0 3.85231780547999983E-08 0 7.63743822079000006E-09 0 1.29919661187999994E-08 0 2.5570933938199998E-09 0 6.48013306934999968E-09 0 1.68816794833000016E-08 0 1.01123793787E-08 0 9.43652312637999965E-09 0 7.29140371125999961E-09 0 3.06100841300999993E-09 0 4.64103505272000023E-09 0 2.36948174010999999E-09 0 4.60978864327999964E-09 0 2.39738996057999998E-08 0 7.16094235904999967E-09 0 9.14943259469000041E-09 0 2.27247755975000001E-08 0 2.73502359550000007E-08 0 1.46702656152999994E-08 0 4.59870833811000002E-09 0
7.21106717857999998E-09 0 6.24745151093000027E-09 0 1.28610230327000006E-08 0 3.3774655391000001E-09 0 1.36562927510999995E-08 0 3.85231780547999983E-08 0 7.63743822079000006E-09 0 1.29919661187999994E-08 0 2.5570933938199998E-09 0 6.48013306934999968E-09 0 1.45322970042000007E-08 0 1.01123793787E-08 0 9.43652312637999965E-09 0 6.22514286069000035E-09 0 2.96905259640000017E-09 0 4.64103505272000023E-09 0 2.36948174010999999E-09 0 4.4738277003499997E-09 0 2.39738996057999998E-08 0 7.16094235904999967E-09 0 9.14943259469000041E-09 0 1.91934892989999989E-08 0 2.73502359550000007E-08 0 1.46702656152999994E-08 0 3.59909237698999985E-09 0
7.21106717857999998E-09 0 6.24745151093000027E-09 0 1.28610230327000006E-08 0 3.3774655391000001E-09 0 1.36562927510999995E-08 0 3.54305184233999999E-08 0 6.47883190298999967E-09 0 1.29919661187999994E-08 0 2.30758036427999995E-09 0 6.48013306934999968E-09 0 1.45322970042000007E-08 0 9.58787006519999995E-09 0 9.43652312637999965E-09 0 5.9692167276999998E-09 0 2.84931909207999995E-09 0 3.8571128319999996E-09 0 2.36948174010999999E-09 0 4.23396986098999975E-09 0 2.39738996057999998E-08 0 7.16094235904999967E-09 0 8.54057034370999921E-09 0 1.91934892989999989E-08 0 2.16129539403000011E-08 0 1.46702656152999994E-08 0 3.59909237698999985E-09 0
7.21106717857999998E-09 0 6.24745151093000027E-09 0 1.28610230327000006E-08 0 3.3774655391000001E-09 0 5.87066464529000041E-09 0 3.29281866799000012E-08 0 6.25751070104000017E-09 0 1.29919661187999994E-08 0 1.99949369827999996E-09 0 6.48013306934999968E-09 0 1.45322970042000007E-08 0 9.58787006519999995E-09 0 9.43652312637999965E-09 0 5.9692167276999998E-09 0 2.84931909207999995E-09 0 3.8571128319999996E-09 0 2.36948174010999999E-09 0 2.3442744046800001E-09 0 2.39738996057999998E-08 0 7.16094235904999967E-09 0 8.54057034370999921E-09 0 1.38898929923000003E-08 0 2.16129539403000011E-08 0 1.46702656152999994E-08 0 3.38113715480000015E-09 0
7.21106717857999998E-09 0 5.57839762131000039E-09 0 1.28610230327000006E-08 0 3.3774655391000001E-09 0 5.87066464529000041E-09 0 3.29281866799000012E-08 0 6.25751070104000017E-09 0 1.11677378639999999E-08 0 1.99949369827999996E-09 0 6.48013306934999968E-09 0 1.45322970042000007E-08 0 9.58787006519999995E-09 0 9.43652312637999965E-09 0 5.9692167276999998E-09 0 2.64066161651999992E-09 0 3.8571128319999996E-09 0 2.36948174010999999E-09 0 2.3442744046800001E-09 0 2.35035551934999986E-08 0 6.91454058144000036E-09 0 6.03754807403000036E-09 0 1.38898929923000003E-08 0 1.92289116230999993E-08 0 1.43518633396000008E-08 0 3.38113715480000015E-09 0
5.50883969379000037E-09 0 3.87114411777999994E-09 0 1.28610230327000006E-08 0 3.3774655391000001E-09 0 5.87066464529000041E-09 0 3.28770637455999982E-08 0 4.66843760850999994E-09 0 1.11677378639999999E-08 0 1.99949369827999996E-09 0 6.48013306934999968E-09 0 1.05467636798000005E-08 0 9.58787006519999995E-09 0 8.61672574794000075E-09 0 5.9692167276999998E-09 0 2.64066161651999992E-09 0 3.8571128319999996E-09 0 1.98746665930999982E-09 0 2.3442744046800001E-09 0 1.74700843589999995E-08 0 4.47388354810000021E-09 0 5.09998105666999974E-09 0 1.38898929923000003E-08 0 1.92289116230999993E-08 0 1.15443368004000002E-08 0 3.38113715480000015E-09 0
5.50883969379000037E-09 0 3.87114411777999994E-09 0 1.25886852253000006E-08 0 3.3774655391000001E-09 0 5.87066464529000041E-09 0 1.83596188586999999E-08 0 3.81056477113999972E-09 0 1.11677378639999999E-08 0 1.99949369827999996E-09 0 4.27644079738999993E-09 0 1.05467636798000005E-08 0 9.58787006519999995E-09 0 8.61672574794000075E-09 0 4.62092905132999992E-09 0 2.64066161651999992E-09 0 3.8571128319999996E-09 0 1.98746665930999982E-09 0 2.3442744046800001E-09 0 1.74700843589999995E-08 0 4.47388354810000021E-09 0 5.09998105666999974E-09 0 1.38898929923000003E-08 0 1.92289116230999993E-08 0 1.15443368004000002E-08 0 3.38113715480000015E-09 0
5.50883969379000037E-09 0 3.87114411777999994E-09 0 1.06738908934000005E-08 0 3.3774655391000001E-09 0 5.87066464529000041E-09 0 1.83596188586999999E-08 0 3.81056477113999972E-09 0 1.11677378639999999E-08 0 1.99949369827999996E-09 0 4.27644079738999993E-09 0 1.05467636798000005E-08 0 8.15724647733999991E-09 0 8.61672574794000075E-09 0 4.62092905132999992E-09 0 2.06760386096000018E-09 0 2.64908149472000004E-09 0 1.53644027856000007E-09 0 2.3442744046800001E-09 0 1.43487221266999996E-08 0 4.47388354810000021E-09 0 4.39843297036999983E-09 0 1.20180695656999992E-08 0 1.54131316445999997E-08 0 1.15443368004000002E-08 0 3.09474374877999996E-09 0
4.68424723009000025E-09 0 3.87114411777999994E-09 0 1.06738908934000005E-08 0 3.3774655391000001E-09 0 5.87066464529000041E-09 0 1.83596188586999999E-08 0 3.81056477113999972E-09 0 1.11677378639999999E-08 0 1.70491053590000008E-09 0 4.27644079738999993E-09 0 1.05467636798000005E-08 0 7.53005798253000061E-09 0 8.61672574794000075E-09 0 4.62092905132999992E-09 0 2.06760386096000018E-09 0 2.64908149472000004E-09 0 1.53644027856000007E-09 0 2.14859064409999999E-09 0 1.43487221266999996E-08 0 4.47388354810000021E-09 0 4.39843297036999983E-09 0 1.20180695656999992E-08 0 1.51200494202999998E-08 0 1.15443368004000002E-08 0 2.53660887837000004E-09 0
3.67073043475999993E-09 0 3.87114411777999994E-09 0 9.28348445258000037E-09 0 3.3774655391000001E-09 0 5.87066464529000041E-09 0 1.83596188586999999E-08 0 3.81056477113999972E-09 0 1.08323206615000004E-08 0 1.14632232487000003E-09 0 4.27644079738999993E-09 0 1.05467636798000005E-08 0 7.53005798253000061E-09 0 8.61672574794000075E-09 0 2.61829632502E-09 0 2.04813379101999989E-09 0 2.64908149472000004E-09 0 1.48556062829000002E-09 0 2.14859064409999999E-09 0 1.43487221266999996E-08 0 3.06416979713999999E-09 0 4.39843297036999983E-09 0 1.20180695656999992E-08 0 1.51200494202999998E-08 0 1.15443368004000002E-08 0 2.38306291667E-09 0
3.67073043475999993E-09 0 3.87114411777999994E-09 0 9.28348445258000037E-09 0 3.3774655391000001E-09 0 5.87066464529000041E-09 0 1.83596188586999999E-08 0 3.81056477113999972E-09 0 7.67923752152000038E-09 0 1.14632232487000003E-09 0 4.27644079738999993E-09 0 1.05467636798000005E-08 0 6.3989910508499996E-09 0 6.51318048806000003E-09 0 2.61829632502E-09 0 1.45745494330000009E-09 0 2.64908149472000004E-09 0 1.2815713275199999E-09 0 2.14859064409999999E-09 0 1.43487221266999996E-08 0 3.06416979713999999E-09 0 4.39843297036999983E-09 0 1.20180695656999992E-08 0 1.21937787426000005E-08 0 1.15422774795999998E-08 0 2.38306291667E-09 0
3.0396814264199999E-09 0 3.87114411777999994E-09 0 9.28348445258000037E-09 0 3.3774655391000001E-09 0 5.87066464529000041E-09 0 1.46736926458999999E-08 0 3.81056477113999972E-09 0 7.37194530361000036E-09 0 1.14632232487000003E-09 0 4.27644079738999993E-09 0 9.73262026013000029E-09 0 6.3989910508499996E-09 0 6.25675644117000032E-09 0 2.61829632502E-09 0 1.42488634062000006E-09 0 2.64199955197999994E-09 0 1.2815713275199999E-09 0 1.7777732964399999E-09 0 1.43487221266999996E-08 0 3.06416979713999999E-09 0 4.39843297036999983E-09 0 1.20180695656999992E-08 0 1.17430838567999995E-08 0 1.15422774795999998E-08 0 2.06010281566000015E-09 0
2.76900219351000019E-09 0 3.52222122648999986E-09 0 7.65174531724000022E-09 0 2.92102123291000011E-09 0 5.87066464529000041E-09 0 1.46736926458999999E-08 0 3.52124515568E-09 0 5.9857079457000002E-09 0 1.14632232487000003E-09 0 4.06090937765000006E-09 0 8.42466246610000035E-09 0 6.3989910508499996E-09 0 6.25675644117000032E-09 0 2.61829632502E-09 0 1.36484892769999999E-09 0 2.64199955197999994E-09 0 1.07882398514999997E-09 0 1.48115809039E-09 0 1.43487221266999996E-08 0 3.06416979713999999E-09 0 4.39843297036999983E-09 0 1.20180695656999992E-08 0 1.17430838567999995E-08 0 1.13912785333000005E-08 0 1.89274716094000005E-09 0
2.76900219351000019E-09 0 3.52222122648999986E-09 0 6.71210415771999982E-09 0 2.92102123291000011E-09 0 5.87066464529000041E-09 0 1.46736926458999999E-08 0 3.52124515568E-09 0 5.94169552211000019E-09 0 1.14632232487000003E-09 0 3.11824786832999998E-09 0 8.42466246610000035E-09 0 5.98873301487000003E-09 0 6.25675644117000032E-09 0 2.61829632502E-09 0 1.02009213502000003E-09 0 2.64199955197999994E-09 0 9.75692115672999916E-10 0 1.48115809039E-09 0 1.43487221266999996E-08 0 2.63727882547000015E-09 0 4.12876907739999973E-09 0 9.42508257744999925E-09 0 1.01303206707000005E-08 0 1.04363753633999997E-08 0 1.89274716094000005E-09 0
2.47180074482000012E-09 0 3.52222122648999986E-09 0 6.71210415771999982E-09 0 2.59064638059999995E-09 0 4.41986959968999983E-09 0 1.46736926458999999E-08 0 2.66446638832000016E-09 0 5.94169552211000019E-09 0 1.14632232487000003E-09 0 3.11824786832999998E-09 0 8.42466246610000035E-09 0 5.98873301487000003E-09 0 6.25675644117000032E-09 0 2.44211926216999982E-09 0 1.02009213502000003E-09 0 2.64199955197999994E-09 0 9.75692115672999916E-10 0 1.48115809039E-09 0 1.43487221266999996E-08 0 2.63727882547000015E-09 0 4.12876907739999973E-09 0 9.42508257744999925E-09 0 1.01303206707000005E-08 0 1.04363753633999997E-08 0 1.89274716094000005E-09 0
2.15143860200000002E-09 0 3.52222122648999986E-09 0 6.71210415771999982E-09 0 2.59064638059999995E-09 0 4.41986959968999983E-09 0 9.78269418516000008E-09 0 2.66446638832000016E-09 0 5.7778279395800003E-09 0 1.14632232487000003E-09 0 3.11824786832999998E-09 0 8.42466246610000035E-09 0 5.98873301487000003E-09 0 6.25675644117000032E-09 0 2.44211926216999982E-09 0 1.02009213502000003E-09 0 2.45933542940000001E-09 0 5.87436298102999972E-10 0 1.0471630423299999E-09 0 1.12343241483999992E-08 0 2.63727882547000015E-09 0 4.12876907739999973E-09 0 9.42508257744999925E-09 0 1.01303206707000005E-08 0 8.80520285930999992E-09 0 1.89274716094000005E-09 0
1.37443856228999995E-09 0 3.51261564775999994E-09 0 6.71210415771999982E-09 0 2.21295460941999993E-09 0 4.41986959968999983E-09 0 9.78269418516000008E-09 0 2.52983037373000009E-09 0 5.23031537498999976E-09 0 1.14632232487000003E-09 0 3.11824786832999998E-09 0 8.42466246610000035E-09 0 5.98873301487000003E-09 0 5.85113873238000009E-09 0 2.44211926216999982E-09 0 8.39630532491999994E-10 0 2.45933542940000001E-09 0 5.87436298102999972E-10 0 1.0471630423299999E-09 0 1.06391702356000005E-08 0 2.63727882547000015E-09 0 3.55958838030000014E-09 0 9.42508257744999925E-09 0 1.01303206707000005E-08 0 8.80520285930999992E-09 0 1.59842004194000005E-09 0
1.37443856228999995E-09 0 3.51261564775999994E-09 0 6.71210415771999982E-09 0 2.21295460941999993E-09 0 4.41986959968999983E-09 0 9.78269418516000008E-09 0 2.19613712219000019E-09 0 5.23031537498999976E-09 0 1.14632232487000003E-09 0 1.57948688405999999E-09 0 6.10410563870999978E-09 0 4.98107167098E-09 0 5.85113873238000009E-09 0 2.44211926216999982E-09 0 8.39630532491999994E-10 0 2.1146321715399999E-09 0 5.87436298102999972E-10 0 9.91362926221999998E-10 0 1.06391702356000005E-08 0 2.63727882547000015E-09 0 3.55958838030000014E-09 0 9.42508257744999925E-09 0 1.01211574978999992E-08 0 8.80520285930999992E-09 0 1.59842004194000005E-09 0
1.37443856228999995E-09 0 2.77258982131E-09 0 5.44263253368000014E-09 0 2.21295460941999993E-09 0 4.41986959968999983E-09 0 9.78269418516000008E-09 0 2.12282303555999992E-09 0 4.32441960531000004E-09 0 1.01177877955000003E-09 0 1.57948688405999999E-09 0 6.10410563870999978E-09 0 4.73579972853000034E-09 0 5.71647140644000002E-09 0 2.44211926216999982E-09 0 6.51217252521000011E-10 0 2.05908932025000008E-09 0 5.75861105912999955E-10 0 9.91362926221999998E-10 0 1.06391702356000005E-08 0 2.33685585298999989E-09 0 3.55172300791000016E-09 0 9.42508257744999925E-09 0 1.01211574978999992E-08 0 6.17544948532999987E-09 0 1.59842004194000005E-09 0
1.37443856228999995E-09 0 2.54652100499000005E-09 0 5.44263253368000014E-09 0 2.21295460941999993E-09 0 4.12317678947999973E-09 0 9.78269418516000008E-09 0 2.01599845280999994E-09 0 4.32441960531000004E-09 0 1.01177877955000003E-09 0 1.57948688405999999E-09 0 3.90513635615999964E-09 0 4.73579972853000034E-09 0 5.59883424505999994E-09 0 2.44211926216999982E-09 0 6.51217252521000011E-10 0 2.05908932025000008E-09 0 5.75861105912999955E-10 0 9.91362926221999998E-10 0 1.06391702356000005E-08 0 2.33685585298999989E-09 0 2.3357750926200001E-09 0 9.42508257744999925E-09 0 7.44120180414999994E-09 0 6.17544948532999987E-09 0 1.59842004194000005E-09 0
1.37443856228999995E-09 0 2.54652100499000005E-09 0 5.44263253368000014E-09 0 2.21295460941999993E-09 0 3.17365959034999998E-09 0 7.02262627018000019E-09 0 1.96551476547999988E-09 0 4.32441960531000004E-09 0 8.28817959861E-10 0 1.57948688405999999E-09 0 3.90513635615999964E-09 0 4.73579972853000034E-09 0 5.59883424505999994E-09 0 2.11939379878000003E-09 0 6.51217252521000011E-10 0 2.05908932025000008E-09 0 5.75861105912999955E-10 0 9.91362926221999998E-10 0 1.06391702356000005E-08 0 1.66264431471000004E-09 0 2.3357750926200001E-09 0 2.60275050122999988E-09 0 7.44120180414999994E-09 0 6.17544948532999987E-09 0 1.44235014044E-09 0
1.37443856228999995E-09 0 2.54652100499000005E-09 0 5.11820411892000003E-09 0 2.16036014977000018E-09 0 3.17365959034999998E-09 0 7.02262627018000019E-09 0 1.96551476547999988E-09 0 3.45447066919999997E-09 0 8.28817959861E-10 0 1.57948688405999999E-09 0 3.90513635615999964E-09 0 4.73579972853000034E-09 0 4.3757897560600002E-09 0 2.11939379878000003E-09 0 6.51217252521000011E-10 0 2.05908932025000008E-09 0 4.32309939754000023E-10 0 9.91362926221999998E-10 0 9.72685746893999922E-09 0 1.60668804396999991E-09 0 1.72866489564000008E-09 0 2.60275050122999988E-09 0 7.0112296809299998E-09 0 6.17544948532999987E-09 0 1.44235014044E-09 0
1.37443856228999995E-09 0 2.42019419383000004E-09 0 3.94173563693000032E-09 0 2.16036014977000018E-09 0 2.30722869576000009E-09 0 7.02262627018000019E-09 0 1.73060780692000007E-09 0 3.45447066919999997E-09 0 8.28817959861E-10 0 1.57948688405999999E-09 0 3.90513635615999964E-09 0 4.41258722283999971E-09 0 4.3757897560600002E-09 0 2.04855910253000007E-09 0 5.97521283092000029E-10 0 2.05908932025000008E-09 0 4.32309939754000023E-10 0 8.71200029096999991E-10 0 9.72685746893999922E-09 0 1.60668804396999991E-09 0 1.72866489564000008E-09 0 2.60275050122999988E-09 0 6.53721446818000027E-09 0 4.80384865724000015E-09 0 9.05983042658000044E-10 0
1.29169346862999996E-09 0 1.88206748574000008E-09 0 3.4216661930900002E-09 0 1.99768145951000009E-09 0 2.16287428780000013E-09 0 7.02262627018000019E-09 0 1.71983375878000005E-09 0 3.45447066919999997E-09 0 8.28817959861E-10 0 1.57948688405999999E-09 0 3.90513635615999964E-09 0 4.09056622482999981E-09 0 4.19704821955000013E-09 0 1.68307250046999992E-09 0 5.97521283092000029E-10 0 2.05908932025000008E-09 0 4.32309939754000023E-10 0 7.04335908641E-10 0 9.72685746893999922E-09 0 1.60668804396999991E-09 0 1.72866489564000008E-09 0 2.60275050122999988E-09 0 6.53721446818000027E-09 0 4.80384865724000015E-09 0 9.05983042658000044E-10 0
1.29169346862999996E-09 0 1.88206748574000008E-09 0 3.4216661930900002E-09 0 1.50129634355000008E-09 0 2.16287428780000013E-09 0 7.02262627018000019E-09 0 1.71983375878000005E-09 0 3.41835596400000015E-09 0 7.60078402229000011E-10 0 1.57948688405999999E-09 0 3.90513635615999964E-09 0 3.87992586646999998E-09 0 3.77630373675000033E-09 0 1.68307250046999992E-09 0 5.18803278847999973E-10 0 2.03142357474000008E-09 0 4.32309939754000023E-10 0 7.04335908641E-10 0 9.72685746893999922E-09 0 1.44729764508000006E-09 0 1.72866489564000008E-09 0 2.60275050122999988E-09 0 5.18021409688999974E-09 0 4.52271699099999964E-09 0 9.05983042658000044E-10 0
1.18887297008999999E-09 0 1.88206748574000008E-09 0 3.4216661930900002E-09 0 1.50129634355000008E-09 0 2.16287428780000013E-09 0 6.76753153092999967E-09 0 1.56330176955000009E-09 0 2.21269203473000019E-09 0 7.60078402229000011E-10 0 1.57948688405999999E-09 0 3.27681998581000017E-09 0 3.87992586646999998E-09 0 3.17082233640000006E-09 0 1.40238874839000002E-09 0 5.18803278847999973E-10 0 1.65850914859999995E-09 0 4.32309939754000023E-10 0 7.04335908641E-10 0 9.72685746893999922E-09 0 1.44729764508000006E-09 0 1.72866489564000008E-09 0 2.60275050122999988E-09 0 5.18021409688999974E-09 0 4.52271699099999964E-09 0 9.05983042658000044E-10 0
1.0566764505000001E-09 0 1.79412345160000002E-09 0 2.68613875412000011E-09 0 1.47409915128000001E-09 0 2.16287428780000013E-09 0 6.76753153092999967E-09 0 1.56330176955000009E-09 0 2.21269203473000019E-09 0 7.60078402229000011E-10 0 1.57948688405999999E-09 0 3.27681998581000017E-09 0 3.87992586646999998E-09 0 3.17082233640000006E-09 0 1.27010477565000004E-09 0 4.0982566845400002E-10 0 1.37556016544000008E-09 0 4.32309939754000023E-10 0 7.04335908641E-10 0 9.36900635507000066E-09 0 1.25413954336999998E-09 0 1.68974138668999996E-09 0 2.60275050122999988E-09 0 5.18021409688999974E-09 0 4.52271699099999964E-09 0 9.05983042658000044E-10 0
1.0566764505000001E-09 0 9.22021263631999952E-10 0 2.68613875412000011E-09 0 1.47409915128000001E-09 0 2.16287428780000013E-09 0 6.74045747481000005E-09 0 1.56330176955000009E-09 0 2.21269203473000019E-09 0 7.60078402229000011E-10 0 1.57948688405999999E-09 0 3.27681998581000017E-09 0 2.97255080946000008E-09 0 2.28588471989000018E-09 0 1.27010477565000004E-09 0 3.43427997357000009E-10 0 1.37556016544000008E-09 0 4.32309939754000023E-10 0 7.04335908641E-10 0 7.44707909733999975E-09 0 1.25413954336999998E-09 0 1.68974138668999996E-09 0 2.60275050122999988E-09 0 4.7057385035899997E-09 0 4.03693520763000004E-09 0 9.05983042658000044E-10 0
7.84493721126999953E-10 0 9.22021263631999952E-10 0 2.68613875412000011E-09 0 1.24326535925000009E-09 0 2.16287428780000013E-09 0 4.69277231470999977E-09 0 1.36280244310999996E-09 0 2.21269203473000019E-09 0 7.60078402229000011E-10 0 1.57948688405999999E-09 0 2.91287946801999999E-09 0 2.10044309816E-09 0 2.28588471989000018E-09 0 1.26011033579999992E-09 0 3.43427997357000009E-10 0 1.37556016544000008E-09 0 4.32309939754000023E-10 0 5.76847792253999968E-10 0 7.44707909733999975E-09 0 1.25413954336999998E-09 0 1.68974138668999996E-09 0 2.60275050122999988E-09 0 4.7057385035899997E-09 0 4.03693520763000004E-09 0 9.05983042658000044E-10 0
6.30079205664999999E-10 0 9.22021263631999952E-10 0 2.68613875412000011E-09 0 1.24326535925000009E-09 0 2.16287428780000013E-09 0 4.69277231470999977E-09 0 1.22213484171999992E-09 0 1.79151363921999994E-09 0 7.35440163194000032E-10 0 1.57948688405999999E-09 0 2.91287946801999999E-09 0 2.10044309816E-09 0 2.28588471989000018E-09 0 1.26011033579999992E-09 0 3.02114316567999996E-10 0 1.19285968733999996E-09 0 4.32309939754000023E-10 0 4.71998975895999979E-10 0 7.44707909733999975E-09 0 1.25413954336999998E-09 0 1.09377297932999991E-09 0 2.60275050122999988E-09 0 4.7057385035899997E-09 0 3.8239164888199996E-09 0 7.84727031560999978E-10 0
6.30079205664999999E-10 0 9.22021263631999952E-10 0 2.68613875412000011E-09 0 1.24326535925000009E-09 0 2.16287428780000013E-09 0 4.69277231470999977E-09 0 6.65065244300999992E-10 0 1.79151363921999994E-09 0 4.87566162144999951E-10 0 1.57948688405999999E-09 0 2.91287946801999999E-09 0 2.10044309816E-09 0 2.21253082243000015E-09 0 1.26011033579999992E-09 0 3.02114316567999996E-10 0 1.17543142735000004E-09 0 4.32309939754000023E-10 0 4.71998975895999979E-10 0 7.44707909733999975E-09 0 1.00208602767000002E-09 0 1.09377297932999991E-09 0 2.60275050122999988E-09 0 4.7057385035899997E-09 0 3.40139022333000015E-09 0 6.37640169222000046E-10 0
6.30079205664999999E-10 0 9.22021263631999952E-10 0 2.68613875412000011E-09 0 1.24326535925000009E-09 0 2.13492114414999989E-09 0 3.65022904460000017E-09 0 6.65065244300999992E-10 0 1.79151363921999994E-09 0 4.87566162144999951E-10 0 1.57948688405999999E-09 0 2.91287946801999999E-09 0 2.10044309816E-09 0 2.21253082243000015E-09 0 6.73320434534999986E-10 0 3.02114316567999996E-10 0 1.17543142735000004E-09 0 4.32309939754000023E-10 0 4.71998975895999979E-10 0 6.29097679146000035E-09 0 1.00208602767000002E-09 0 1.09377297932999991E-09 0 2.60275050122999988E-09 0 4.7057385035899997E-09 0 3.40139022333000015E-09 0 3.55253245044999989E-10 0
6.30079205664999999E-10 0 9.22021263631999952E-10 0 2.68613875412000011E-09 0 1.24326535925000009E-09 0 1.46602375745999993E-09 0 3.65022904460000017E-09 0 6.65065244300999992E-10 0 1.79151363921999994E-09 0 4.87566162144999951E-10 0 1.57948688405999999E-09 0 2.91287946801999999E-09 0 2.10044309816E-09 0 2.21253082243000015E-09 0 6.73320434534999986E-10 0 3.02114316567999996E-10 0 9.30571680569000029E-10 0 4.32309939754000023E-10 0 4.71998975895999979E-10 0 5.9185885104499996E-09 0 9.49347097770000003E-10 0 1.09377297932999991E-09 0 2.60275050122999988E-09 0 3.55195499871000011E-09 0 3.40139022333000015E-09 0 3.55253245044999989E-10 0
6.30079205664999999E-10 0 9.22021263631999952E-10 0 2.68613875412000011E-09 0 1.04860399784999992E-09 0 1.46602375745999993E-09 0 3.65022904460000017E-09 0 6.65065244300999992E-10 0 1.79151363921999994E-09 0 4.87566162144999951E-10 0 1.32624510899000004E-09 0 2.00214875235999982E-09 0 1.80478055606000004E-09 0 2.18587888231000017E-09 0 6.73320434534999986E-10 0 3.02114316567999996E-10 0 9.30571680569000029E-10 0 3.09406107608000009E-10 0 4.71998975895999979E-10 0 5.9185885104499996E-09 0 8.70869702642999966E-10 0 1.09377297932999991E-09 0 2.60275050122999988E-09 0 3.55195499871000011E-09 0 3.2998521012000002E-09 0 3.55253245044999989E-10 0
6.30079205664999999E-10 0 7.3348949508100005E-10 0 2.68613875412000011E-09 0 1.04860399784999992E-09 0 1.46602375745999993E-09 0 3.45676639006999984E-09 0 6.65065244300999992E-10 0 1.71172922502999998E-09 0 4.87566162144999951E-10 0 1.15660120238999992E-09 0 1.61757839702999996E-09 0 1.80478055606000004E-09 0 1.84104026727000004E-09 0 6.73320434534999986E-10 0 3.02114316567999996E-10 0 9.30571680569000029E-10 0 3.09406107608000009E-10 0 3.8330026728899999E-10 0 5.52490285977000009E-09 0 8.70869702642999966E-10 0 1.02916828335000007E-09 0 2.60275050122999988E-09 0 3.55195499871000011E-09 0 3.2998521012000002E-09 0 3.55253245044999989E-10 0
6.30079205664999999E-10 0 7.3348949508100005E-10 0 2.08611965318999982E-09 0 9.11430706509000013E-10 0 1.46602375745999993E-09 0 3.45676639006999984E-09 0 6.65065244300999992E-10 0 1.65951916832999999E-09 0 4.54660143093000015E-10 0 1.15660120238999992E-09 0 1.61757839702999996E-09 0 1.60232236632999992E-09 0 1.77919016164999994E-09 0 6.73320434534999986E-10 0 2.11322547258999999E-10 0 5.66296245276E-10 0 3.09406107608000009E-10 0 3.8330026728899999E-10 0 5.52490285977000009E-09 0 8.70869702642999966E-10 0 1.02916828335000007E-09 0 2.60275050122999988E-09 0 3.10355920031000014E-09 0 2.65005954562000019E-09 0 3.55253245044999989E-10 0
6.25826161452999982E-10 0 7.25369638737000047E-10 0 2.08611965318999982E-09 0 9.11430706509000013E-10 0 1.46602375745999993E-09 0 3.45676639006999984E-09 0 5.84014642780999958E-10 0 1.65951916832999999E-09 0 4.54660143093000015E-10 0 9.9756266473699999E-10 0 1.61757839702999996E-09 0 1.60232236632999992E-09 0 1.77919016164999994E-09 0 6.73320434534999986E-10 0 2.11322547258999999E-10 0 5.66296245276E-10 0 3.09406107608000009E-10 0 2.79246648145999985E-10 0 3.51488129592999983E-09 0 8.70869702642999966E-10 0 1.02916828335000007E-09 0 2.60275050122999988E-09 0 3.10355920031000014E-09 0 2.65005954562000019E-09 0 3.55253245044999989E-10 0
4.30691045745000002E-10 0 7.25369638737000047E-10 0 2.00972046805999986E-09 0 9.11430706509000013E-10 0 1.46602375745999993E-09 0 3.45676639006999984E-09 0 5.84014642780999958E-10 0 1.24560027810999996E-09 0 4.53741165987999977E-10 0 9.9756266473699999E-10 0 1.61757839702999996E-09 0 1.60232236632999992E-09 0 1.77919016164999994E-09 0 6.73320434534999986E-10 0 2.11322547258999999E-10 0 5.66296245276E-10 0 2.31318313805000008E-10 0 2.79246648145999985E-10 0 3.51488129592999983E-09 0 5.67264600467999953E-10 0 8.17291270124999966E-10 0 2.60275050122999988E-09 0 3.10355920031000014E-09 0 1.92143157552999999E-09 0 3.55253245044999989E-10 0
4.30691045745000002E-10 0 7.25369638737000047E-10 0 2.00263421316999979E-09 0 4.94585137621999986E-10 0 1.46602375745999993E-09 0 3.45676639006999984E-09 0 5.84014642780999958E-10 0 1.19104524887000001E-09 0 3.5385277278499998E-10 0 9.9756266473699999E-10 0 1.61757839702999996E-09 0 1.15236640213999991E-09 0 1.77919016164999994E-09 0 6.73320434534999986E-10 0 2.11322547258999999E-10 0 5.66296245276E-10 0 2.31318313805000008E-10 0 2.79246648145999985E-10 0 3.51488129592999983E-09 0 4.99431985308000032E-10 0 7.26672052104000027E-10 0 2.60275050122999988E-09 0 2.40790485111999989E-09 0 1.92143157552999999E-09 0 3.55253245044999989E-10 0
4.17836100333999995E-10 0 7.25369638737000047E-10 0 2.00263421316999979E-09 0 4.94585137621999986E-10 0 1.32463666468000003E-09 0 3.25006240051000005E-09 0 4.72857496538000039E-10 0 1.19104524887000001E-09 0 3.5385277278499998E-10 0 9.70129362244000052E-10 0 1.61757839702999996E-09 0 1.15236640213999991E-09 0 1.47637171569999997E-09 0 6.73320434534999986E-10 0 2.11322547258999999E-10 0 5.66296245276E-10 0 2.31318313805000008E-10 0 2.19369775525E-10 0 3.51488129592999983E-09 0 4.99431985308000032E-10 0 7.26672052104000027E-10 0 2.60275050122999988E-09 0 2.40790485111999989E-09 0 1.92143157552999999E-09 0 3.55253245044999989E-10 0
3.34674892091E-10 0 7.25369638737000047E-10 0 2.00263421316999979E-09 0 4.94585137621999986E-10 0 1.32463666468000003E-09 0 3.16325467932000002E-09 0 4.72857496538000039E-10 0 1.19104524887000001E-09 0 3.5385277278499998E-10 0 7.80150088396999998E-10 0 1.61757839702999996E-09 0 1.15236640213999991E-09 0 1.35942919239000007E-09 0 6.24606078376999972E-10 0 2.11322547258999999E-10 0 5.66296245276E-10 0 2.31318313805000008E-10 0 2.19369775525E-10 0 3.51488129592999983E-09 0 4.99431985308000032E-10 0 7.26672052104000027E-10 0 2.60275050122999988E-09 0 2.21451307446999993E-09 0 1.92143157552999999E-09 0 3.55253245044999989E-10 0
2.18845272971999992E-10 0 7.25369638737000047E-10 0 1.65912282309000008E-09 0 4.94585137621999986E-10 0 1.32463666468000003E-09 0 3.16325467932000002E-09 0 4.03235342065000015E-10 0 1.09262016751000006E-09 0 3.5385277278499998E-10 0 7.80150088396999998E-10 0 1.18324691890000008E-09 0 1.15236640213999991E-09 0 1.08548781234999996E-09 0 5.8001200921700004E-10 0 2.11322547258999999E-10 0 5.66296245276E-10 0 2.31318313805000008E-10 0 1.8816259136200001E-10 0 2.91937772569999994E-09 0 4.68961314236999987E-10 0 7.19325694337000046E-10 0 2.60275050122999988E-09 0 2.09087801963000003E-09 0 1.78862905280999992E-09 0 3.16909447737999988E-10 0
2.18845272971999992E-10 0 7.25369638737000047E-10 0 1.48146350741999998E-09 0 4.94585137621999986E-10 0 9.24446992210000032E-10 0 3.07984783714000004E-09 0 4.03235342065000015E-10 0 9.22764307491999958E-10 0 3.5385277278499998E-10 0 7.80150088396999998E-10 0 1.18324691890000008E-09 0 1.15236640213999991E-09 0 1.08548781234999996E-09 0 5.28196640620999972E-10 0 2.11322547258999999E-10 0 5.66296245276E-10 0 1.51561026348000004E-10 0 1.8816259136200001E-10 0 2.91937772569999994E-09 0 4.68961314236999987E-10 0 6.39452956847999999E-10 0 2.54046090371000018E-09 0 2.09087801963000003E-09 0 1.78862905280999992E-09 0 3.16909447737999988E-10 0
2.18845272971999992E-10 0 5.62156390253000012E-10 0 1.48146350741999998E-09 0 4.94585137621999986E-10 0 9.24446992210000032E-10 0 2.3340490906099999E-09 0 4.03235342065000015E-10 0 9.22764307491999958E-10 0 3.5385277278499998E-10 0 7.80150088396999998E-10 0 1.18324691890000008E-09 0 1.15236640213999991E-09 0 1.08548781234999996E-09 0 5.28196640620999972E-10 0 1.83794822153000003E-10 0 4.00781111610000012E-10 0 1.51561026348000004E-10 0 1.8816259136200001E-10 0 2.91937772569999994E-09 0 4.68961314236999987E-10 0 6.39452956847999999E-10 0 2.54046090371000018E-09 0 2.08292713328999984E-09 0 1.09642436369999998E-09 0 3.16909447737999988E-10 0
2.18845272971999992E-10 0 5.62156390253000012E-10 0 1.48146350741999998E-09 0 4.94585137621999986E-10 0 7.28303848082999981E-10 0 2.17023901714999999E-09 0 3.32267513341999982E-10 0 9.22764307491999958E-10 0 3.5385277278499998E-10 0 7.80150088396999998E-10 0 1.09944170592999991E-09 0 1.0765026403500001E-09 0 1.08548781234999996E-09 0 5.00629246106999998E-10 0 1.30401569963000003E-10 0 4.00781111610000012E-10 0 1.51561026348000004E-10 0 1.8816259136200001E-10 0 2.91937772569999994E-09 0 4.04160388604000014E-10 0 6.39452956847999999E-10 0 2.54046090371000018E-09 0 1.62060762735999997E-09 0 1.09642436369999998E-09 0 3.16909447737999988E-10 0
2.18845272971999992E-10 0 5.62156390253000012E-10 0 1.22582411250000008E-09 0 4.94585137621999986E-10 0 7.28303848082999981E-10 0 1.9560272643000001E-09 0 3.32267513341999982E-10 0 8.7448382602299995E-10 0 3.5385277278499998E-10 0 4.87613656313999958E-10 0 8.64609918488000002E-10 0 1.0765026403500001E-09 0 1.08548781234999996E-09 0 3.66921816391999987E-10 0 1.30401569963000003E-10 0 4.00781111610000012E-10 0 1.51561026348000004E-10 0 1.8816259136200001E-10 0 2.8417093013399998E-09 0 4.04160388604000014E-10 0 5.86155308897000008E-10 0 2.54046090371000018E-09 0 1.62060762735999997E-09 0 1.09642436369999998E-09 0 3.16909447737999988E-10 0
2.18845272971999992E-10 0 5.5575126119899995E-10 0 8.82936289295000033E-10 0 4.79411149147000037E-10 0 7.28303848082999981E-10 0 1.9560272643000001E-09 0 3.32267513341999982E-10 0 8.7448382602299995E-10 0 3.5385277278499998E-10 0 4.87613656313999958E-10 0 8.64609918488000002E-10 0 1.0765026403500001E-09 0 9.14208406822000045E-10 0 3.66921816391999987E-10 0 1.30401569963000003E-10 0 4.00781111610000012E-10 0 1.51561026348000004E-10 0 1.45713419782999988E-10 0 2.8417093013399998E-09 0 3.44860767121000001E-10 0 5.09022529101999974E-10 0 2.22584646044999997E-09 0 1.37357553835999999E-09 0 1.08000562366000001E-09 0 2.57230292055000002E-10 0
2.18845272971999992E-10 0 5.5575126119899995E-10 0 8.82936289295000033E-10 0 4.79411149147000037E-10 0 3.68697841049999984E-10 0 1.6874205857200001E-09 0 3.32267513341999982E-10 0 8.7448382602299995E-10 0 2.38362572483000017E-10 0 4.87613656313999958E-10 0 8.5473558466100005E-10 0 1.0765026403500001E-09 0 9.14208406822000045E-10 0 3.66921816391999987E-10 0 1.30401569963000003E-10 0 4.00781111610000012E-10 0 1.51561026348000004E-10 0 1.45713419782999988E-10 0 2.58606119976999998E-09 0 3.44860767121000001E-10 0 5.09022529101999974E-10 0 1.98090187874000019E-09 0 1.37357553835999999E-09 0 1.08000562366000001E-09 0 2.4218047327799999E-10 0
2.18845272971999992E-10 0 5.5575126119899995E-10 0 8.82936289295000033E-10 0 4.79411149147000037E-10 0 3.68697841049999984E-10 0 1.6874205857200001E-09 0 3.32267513341999982E-10 0 8.7448382602299995E-10 0 2.38362572483000017E-10 0 4.87613656313999958E-10 0 6.57066369454000047E-10 0 7.69783021254999991E-10 0 8.19577809467000011E-10 0 3.66921816391999987E-10 0 1.30401569963000003E-10 0 3.06331629077000014E-10 0 1.51561026348000004E-10 0 1.45713419782999988E-10 0 2.58606119976999998E-09 0 1.69662603156999988E-10 0 5.09022529101999974E-10 0 1.98090187874000019E-09 0 1.37357553835999999E-09 0 1.08000562366000001E-09 0 2.4218047327799999E-10 0
2.18845272971999992E-10 0 5.5575126119899995E-10 0 8.82936289295000033E-10 0 3.84031083009999996E-10 0 3.68697841049999984E-10 0 1.6874205857200001E-09 0 3.19265452427000001E-10 0 6.33629842868000024E-10 0 2.38362572483000017E-10 0 4.48304196451000026E-10 0 6.57066369454000047E-10 0 7.69783021254999991E-10 0 7.17756322156999961E-10 0 3.66921816391999987E-10 0 1.30401569963000003E-10 0 3.06331629077000014E-10 0 1.51561026348000004E-10 0 1.45713419782999988E-10 0 2.58606119976999998E-09 0 1.69662603156999988E-10 0 4.37149548178000022E-10 0 1.98090187874000019E-09 0 1.37104149223000001E-09 0 1.01423026041999997E-09 0 2.4218047327799999E-10 0
1.76432178787000013E-10 0 5.00468432766000012E-10 0 8.82936289295000033E-10 0 3.84031083009999996E-10 0 3.68697841049999984E-10 0 1.12570754397000003E-09 0 3.00242483162000021E-10 0 6.33629842868000024E-10 0 2.28933790586999993E-10 0 4.48304196451000026E-10 0 6.57066369454000047E-10 0 7.69783021254999991E-10 0 7.17756322156999961E-10 0 3.18698549549999993E-10 0 1.30401569963000003E-10 0 3.06331629077000014E-10 0 1.51561026348000004E-10 0 1.45713419782999988E-10 0 2.58606119976999998E-09 0 1.69662603156999988E-10 0 4.37149548178000022E-10 0 1.91736838332000001E-09 0 1.37104149223000001E-09 0 1.01423026041999997E-09 0 2.4218047327799999E-10 0
1.76432178787000013E-10 0 3.33734698162999977E-10 0 8.82936289295000033E-10 0 3.80475889054000017E-10 0 3.68697841049999984E-10 0 1.12570754397000003E-09 0 2.87342070619000015E-10 0 6.33629842868000024E-10 0 2.28933790586999993E-10 0 4.48304196451000026E-10 0 6.57066369454000047E-10 0 7.69783021254999991E-10 0 7.17756322156999961E-10 0 2.91740157526999998E-10 0 1.30401569963000003E-10 0 3.06331629077000014E-10 0 1.51561026348000004E-10 0 1.45713419782999988E-10 0 2.41380691004000002E-09 0 1.69662603156999988E-10 0 3.47445196278000016E-10 0 1.58179768309000004E-09 0 9.53772055903000049E-10 0 9.41726892236999967E-10 0 2.4218047327799999E-10 0
1.62115965834999998E-10 0 2.53700176835000014E-10 0 7.75783225732000018E-10 0 2.97314912647999977E-10 0 3.68697841049999984E-10 0 8.65584124827000029E-10 0 2.87342070619000015E-10 0 6.33629842868000024E-10 0 2.28933790586999993E-10 0 4.48304196451000026E-10 0 6.2896043581200003E-10 0 7.69783021254999991E-10 0 4.27884078486000006E-10 0 2.91740157526999998E-10 0 1.30401569963000003E-10 0 2.79411465095999978E-10 0 1.51561026348000004E-10 0 1.45713419782999988E-10 0 2.41380691004000002E-09 0 1.69662603156999988E-10 0 3.47445196278000016E-10 0 1.55587290647999997E-09 0 9.53772055903000049E-10 0 6.28651666858000032E-10 0 1.71460644926000008E-10 0
1.30203616711999997E-10 0 2.53700176835000014E-10 0 7.75783225732000018E-10 0 2.97314912647999977E-10 0 3.68697841049999984E-10 0 8.65584124827000029E-10 0 2.70849843710999987E-10 0 6.33629842868000024E-10 0 2.16264277716000008E-10 0 3.70206149985999988E-10 0 4.51885193683999979E-10 0 7.69783021254999991E-10 0 4.27884078486000006E-10 0 2.46249700895000024E-10 0 1.16113008644999994E-10 0 2.79411465095999978E-10 0 1.44722091163999999E-10 0 1.21330613678000005E-10 0 2.41380691004000002E-09 0 1.69662603156999988E-10 0 3.47445196278000016E-10 0 1.55587290647999997E-09 0 9.53772055903000049E-10 0 6.28651666858000032E-10 0 1.71460644926000008E-10 0
1.30203616711999997E-10 0 2.53700176835000014E-10 0 7.75783225732000018E-10 0 2.97314912647999977E-10 0 2.35674351634999993E-10 0 8.65584124827000029E-10 0 2.30927462820000006E-10 0 5.72843680755999977E-10 0 2.16264277716000008E-10 0 3.70206149985999988E-10 0 4.51885193683999979E-10 0 7.69783021254999991E-10 0 4.27884078486000006E-10 0 2.46249700895000024E-10 0 1.16113008644999994E-10 0 2.36690524002999981E-10 0 1.21814074722E-10 0 1.21330613678000005E-10 0 1.76379359549000003E-09 0 1.69662603156999988E-10 0 2.93599784229999977E-10 0 1.55587290647999997E-09 0 9.53772055903000049E-10 0 6.28651666858000032E-10 0 1.71460644926000008E-10 0
1.30203616711999997E-10 0 2.53700176835000014E-10 0 7.75783225732000018E-10 0 2.97314912647999977E-10 0 2.35674351634999993E-10 0 8.65584124827000029E-10 0 2.30927462820000006E-10 0 4.76490727078999975E-10 0 1.93699143294999997E-10 0 3.4192100904599998E-10 0 4.51885193683999979E-10 0 7.69783021254999991E-10 0 4.27884078486000006E-10 0 2.19520037692999998E-10 0 1.16113008644999994E-10 0 2.36690524002999981E-10 0 8.72826841377000002E-11 0 1.21330613678000005E-10 0 1.76379359549000003E-09 0 1.69662603156999988E-10 0 2.93599784229999977E-10 0 1.27761515770000004E-09 0 9.53772055903000049E-10 0 5.29733014809000046E-10 0 1.71460644926000008E-10 0
1.30203616711999997E-10 0 2.53700176835000014E-10 0 6.03528352840000013E-10 0 2.31317193572000005E-10 0 2.35674351634999993E-10 0 8.65584124827000029E-10 0 2.23238971821E-10 0 4.42282851651000003E-10 0 1.93214707608999997E-10 0 3.4192100904599998E-10 0 4.51885193683999979E-10 0 7.69783021254999991E-10 0 4.27884078486000006E-10 0 2.19520037692999998E-10 0 9.9379006452700005E-11 0 2.36690524002999981E-10 0 8.72826841377000002E-11 0 1.21330613678000005E-10 0 1.76379359549000003E-09 0 1.69662603156999988E-10 0 2.19004416864000008E-10 0 1.27761515770000004E-09 0 9.53772055903000049E-10 0 5.29733014809000046E-10 0 1.71460644926000008E-10 0
1.30203616711999997E-10 0 2.53700176835000014E-10 0 6.03528352840000013E-10 0 2.31317193572000005E-10 0 2.35674351634999993E-10 0 8.65584124827000029E-10 0 2.23238971821E-10 0 3.85960665698000017E-10 0 1.93214707608999997E-10 0 3.4192100904599998E-10 0 4.51885193683999979E-10 0 7.69783021254999991E-10 0 4.27884078486000006E-10 0 2.19520037692999998E-10 0 9.54050145556000025E-11 0 2.05432499008000009E-10 0 8.72826841377000002E-11 0 1.21330613678000005E-10 0 1.76379359549000003E-09 0 1.51439224331000006E-10 0 2.19004416864000008E-10 0 1.27761515770000004E-09 0 8.2127831128300004E-10 0 5.29733014809000046E-10 0 1.71460644926000008E-10 0
1.14416161579000002E-10 0 2.53700176835000014E-10 0 6.03528352840000013E-10 0 2.31317193572000005E-10 0 2.35674351634999993E-10 0 8.65584124827000029E-10 0 1.6181548829899999E-10 0 3.85960665698000017E-10 0 1.89159670570000001E-10 0 2.97392212635999997E-10 0 4.17810604758000024E-10 0 5.23763121264000012E-10 0 4.00511141211000024E-10 0 2.02370345319000013E-10 0 9.54050145556000025E-11 0 2.05432499008000009E-10 0 6.91525873681000018E-11 0 8.7842377056099996E-11 0 1.52652062105999999E-09 0 1.51439224331000006E-10 0 2.19004416864000008E-10 0 1.12983814191000003E-09 0 8.2127831128300004E-10 0 5.29733014809000046E-10 0 1.71460644926000008E-10 0
7.69477783329000007E-11 0 2.53700176835000014E-10 0 6.03528352840000013E-10 0 2.30792342043000008E-10 0 2.35674351634999993E-10 0 8.65584124827000029E-10 0 1.6181548829899999E-10 0 3.43465384471999987E-10 0 1.59563186030000012E-10 0 2.97392212635999997E-10 0 3.33641367937999982E-10 0 5.23763121264000012E-10 0 4.00511141211000024E-10 0 2.02370345319000013E-10 0 9.54050145556000025E-11 0 1.70909726516999998E-10 0 6.91525873681000018E-11 0 8.7842377056099996E-11 0 1.52652062105999999E-09 0 1.51439224331000006E-10 0 2.19004416864000008E-10 0 1.12983814191000003E-09 0 8.2127831128300004E-10 0 5.29733014809000046E-10 0 1.71460644926000008E-10 0
7.69477783329000007E-11 0 2.52298358144999998E-10 0 4.79985683825999952E-10 0 2.17307091750999997E-10 0 1.83378396922000012E-10 0 8.65584124827000029E-10 0 1.6181548829899999E-10 0 3.43465384471999987E-10 0 1.59034068494999989E-10 0 2.91318140310999975E-10 0 3.33641367937999982E-10 0 5.23763121264000012E-10 0 2.6507392145499998E-10 0 2.02370345319000013E-10 0 9.54050145556000025E-11 0 1.57068748912000005E-10 0 6.91525873681000018E-11 0 8.7842377056099996E-11 0 1.52652062105999999E-09 0 1.51439224331000006E-10 0 2.19004416864000008E-10 0 1.06700275089E-09 0 7.73677210040000014E-10 0 5.29733014809000046E-10 0 1.71460644926000008E-10 0
7.69477783329000007E-11 0 2.52298358144999998E-10 0 4.79985683825999952E-10 0 2.17307091750999997E-10 0 1.83378396922000012E-10 0 6.52681587870000011E-10 0 1.55319043292999997E-10 0 3.43465384471999987E-10 0 9.74510605329999942E-11 0 1.90879901608000012E-10 0 3.33641367937999982E-10 0 5.23763121264000012E-10 0 2.6507392145499998E-10 0 1.41832013522000011E-10 0 9.54050145556000025E-11 0 1.57068748912000005E-10 0 6.91525873681000018E-11 0 8.7842377056099996E-11 0 1.52652062105999999E-09 0 1.51439224331000006E-10 0 1.23218504137999994E-10 0 7.30618363607999953E-10 0 7.34510751904999961E-10 0 5.29733014809000046E-10 0 1.45821442425999992E-10 0
7.69477783329000007E-11 0 1.93727474904999996E-10 0 4.79985683825999952E-10 0 2.02409065863999997E-10 0 1.83378396922000012E-10 0 5.92411001656999965E-10 0 1.36646301500999999E-10 0 3.43465384471999987E-10 0 9.74510605329999942E-11 0 1.90879901608000012E-10 0 3.33641367937999982E-10 0 3.59410268363999978E-10 0 2.6507392145499998E-10 0 1.41832013522000011E-10 0 6.6045242208300002E-11 0 1.54529853780999992E-10 0 6.91525873681000018E-11 0 8.7842377056099996E-11 0 1.52652062105999999E-09 0 1.20407934712999997E-10 0 1.23218504137999994E-10 0 7.30618363607999953E-10 0 6.77077535948000043E-10 0 5.29733014809000046E-10 0 1.45821442425999992E-10 0
5.94208581765000035E-11 0 1.93727474904999996E-10 0 4.79985683825999952E-10 0 1.85068058944999996E-10 0 1.83378396922000012E-10 0 4.9897565408500005E-10 0 1.36646301500999999E-10 0 3.43465384471999987E-10 0 9.74510605329999942E-11 0 1.90879901608000012E-10 0 3.33641367937999982E-10 0 3.59410268363999978E-10 0 2.6507392145499998E-10 0 1.22760109875999988E-10 0 6.6045242208300002E-11 0 1.46101964995000012E-10 0 6.91525873681000018E-11 0 7.22273961788000023E-11 0 1.29530208369000001E-09 0 9.51647552642999957E-11 0 1.23218504137999994E-10 0 7.30618363607999953E-10 0 5.38100342326000034E-10 0 4.33462714280999999E-10 0 1.45821442425999992E-10 0
5.76531515608999991E-11 0 1.93727474904999996E-10 0 4.79985683825999952E-10 0 1.40134537492999994E-10 0 1.83378396922000012E-10 0 4.9897565408500005E-10 0 1.17092948258999997E-10 0 3.36047644216999979E-10 0 9.74510605329999942E-11 0 1.90879901608000012E-10 0 3.33641367937999982E-10 0 3.59410268363999978E-10 0 2.6507392145499998E-10 0 1.22760109875999988E-10 0 6.6045242208300002E-11 0 1.34334712697999993E-10 0 6.91525873681000018E-11 0 7.22273961788000023E-11 0 1.29530208369000001E-09 0 9.51647552642999957E-11 0 1.23218504137999994E-10 0 6.87469042839000049E-10 0 5.38100342326000034E-10 0 4.33462714280999999E-10 0 1.09392343596000005E-10 0
5.76531515608999991E-11 0 1.35934223647E-10 0 3.37199441644999992E-10 0 1.40134537492999994E-10 0 1.83378396922000012E-10 0 4.9897565408500005E-10 0 1.17092948258999997E-10 0 2.21627217201000007E-10 0 9.74510605329999942E-11 0 1.90879901608000012E-10 0 3.33641367937999982E-10 0 3.59410268363999978E-10 0 2.6507392145499998E-10 0 1.22760109875999988E-10 0 4.75211056144999975E-11 0 1.24958582180000004E-10 0 6.87016970838999956E-11 0 7.22273961788000023E-11 0 1.29530208369000001E-09 0 8.85056815000000047E-11 0 1.20989961824999994E-10 0 6.87469042839000049E-10 0 4.84176821576000003E-10 0 4.33462714280999999E-10 0 1.09392343596000005E-10 0
5.76531515608999991E-11 0 1.35934223647E-10 0 3.37199441644999992E-10 0 1.40134537492999994E-10 0 1.83378396922000012E-10 0 4.21669739581999976E-10 0 1.17092948258999997E-10 0 2.21627217201000007E-10 0 9.65720704889999959E-11 0 1.90879901608000012E-10 0 1.29879622515999993E-10 0 3.59410268363999978E-10 0 2.6507392145499998E-10 0 1.22760109875999988E-10 0 4.75211056144999975E-11 0 1.24958582180000004E-10 0 6.87016970838999956E-11 0 7.22273961788000023E-11 0 1.29530208369000001E-09 0 8.85056815000000047E-11 0 1.20989961824999994E-10 0 5.70244272909999975E-10 0 4.84176821576000003E-10 0 4.03525357973000021E-10 0 1.09392343596000005E-10 0
5.76531515608999991E-11 0 1.35934223647E-10 0 3.37199441644999992E-10 0 1.24867138689000007E-10 0 1.83378396922000012E-10 0 4.21669739581999976E-10 0 8.56052225178000031E-11 0 2.21627217201000007E-10 0 8.43514265211999971E-11 0 1.60185097817999992E-10 0 1.29879622515999993E-10 0 3.59410268363999978E-10 0 2.6507392145499998E-10 0 1.22760109875999988E-10 0 4.75211056144999975E-11 0 1.24958582180000004E-10 0 6.87016970838999956E-11 0 7.22273961788000023E-11 0 9.68960553329000061E-10 0 8.85056815000000047E-11 0 1.20989961824999994E-10 0 3.72964832423999981E-10 0 4.84176821576000003E-10 0 3.80885264652000014E-10 0 8.98689673257000014E-11 0
5.3401942427399997E-11 0 1.00257561742999998E-10 0 3.02118089231999981E-10 0 1.24867138689000007E-10 0 1.83378396922000012E-10 0 4.21669739581999976E-10 0 8.56052225178000031E-11 0 2.12821149027999992E-10 0 8.43514265211999971E-11 0 1.60185097817999992E-10 0 1.29879622515999993E-10 0 3.59410268363999978E-10 0 2.44257776214E-10 0 1.22760109875999988E-10 0 4.75211056144999975E-11 0 1.18507798069999999E-10 0 6.43561880660999974E-11 0 7.22273961788000023E-11 0 8.72758513132000042E-10 0 8.54600473235000005E-11 0 1.20989961824999994E-10 0 3.72964832423999981E-10 0 3.81477098250000014E-10 0 3.80885264652000014E-10 0 8.98689673257000014E-11 0
5.33195923078000001E-11 0 1.00257561742999998E-10 0 3.02118089231999981E-10 0 1.01771667866000005E-10 0 1.83378396922000012E-10 0 3.9626911381800001E-10 0 8.56052225178000031E-11 0 2.12821149027999992E-10 0 8.43514265211999971E-11 0 1.60185097817999992E-10 0 1.29879622515999993E-10 0 3.41558930903999994E-10 0 2.44257776214E-10 0 1.05386105178000005E-10 0 4.75211056144999975E-11 0 1.18507798069999999E-10 0 6.05498540275000008E-11 0 7.22273961788000023E-11 0 7.88907995247000039E-10 0 7.56227170147999973E-11 0 1.20989961824999994E-10 0 3.72964832423999981E-10 0 3.81477098250000014E-10 0 3.80885264652000014E-10 0 8.98689673257000014E-11 0
3.0949160202999997E-11 0 1.00257561742999998E-10 0 2.80934143835000003E-10 0 1.01771667866000005E-10 0 1.83378396922000012E-10 0 3.9626911381800001E-10 0 8.56052225178000031E-11 0 1.47658210418000004E-10 0 8.43514265211999971E-11 0 1.60185097817999992E-10 0 1.29879622515999993E-10 0 3.41558930903999994E-10 0 2.44257776214E-10 0 1.05386105178000005E-10 0 4.75211056144999975E-11 0 1.09105802646000004E-10 0 4.08762382664000028E-11 0 5.12015639537999979E-11 0 6.54811907136000003E-10 0 7.56227170147999973E-11 0 1.20989961824999994E-10 0 3.72964832423999981E-10 0 1.82177320403999989E-10 0 3.80885264652000014E-10 0 8.98689673257000014E-11 0
3.0949160202999997E-11 0 9.8818372836800004E-11 0 2.80934143835000003E-10 0 8.96474069666000021E-11 0 1.83378396922000012E-10 0 3.78574126987000006E-10 0 7.93664055256000015E-11 0 1.2594830008500001E-10 0 7.80145308374000041E-11 0 1.60185097817999992E-10 0 1.29879622515999993E-10 0 3.41558930903999994E-10 0 2.44257776214E-10 0 9.58753191433999939E-11 0 4.75211056144999975E-11 0 1.09102152608999995E-10 0 4.08762382664000028E-11 0 5.12015639537999979E-11 0 6.54811907136000003E-10 0 6.26725583251000027E-11 0 1.20989961824999994E-10 0 3.72964832423999981E-10 0 1.82177320403999989E-10 0 3.49101586858000005E-10 0 8.8610703549899994E-11 0
3.0949160202999997E-11 0 9.8818372836800004E-11 0 2.80934143835000003E-10 0 8.96474069666000021E-11 0 1.35112128795999987E-10 0 3.49470131242E-10 0 6.72499973111999953E-11 0 1.2594830008500001E-10 0 6.62484386016000007E-11 0 1.39529045044999989E-10 0 1.29879622515999993E-10 0 2.79646862084000007E-10 0 2.44257776214E-10 0 9.43234429021000022E-11 0 4.75211056144999975E-11 0 1.09102152608999995E-10 0 4.08762382664000028E-11 0 4.24502707413000009E-11 0 6.54811907136000003E-10 0 6.26725583251000027E-11 0 8.44833655588999993E-11 0 3.72964832423999981E-10 0 1.82177320403999989E-10 0 3.49101586858000005E-10 0 7.07816217582000038E-11 0
3.0949160202999997E-11 0 9.8818372836800004E-11 0 2.57081807829000018E-10 0 8.96474069666000021E-11 0 1.1791220256599999E-10 0 3.49470131242E-10 0 6.72499973111999953E-11 0 1.02331050680999997E-10 0 6.62484386016000007E-11 0 1.38420399273000004E-10 0 1.29879622515999993E-10 0 2.79646862084000007E-10 0 2.40071521567999979E-10 0 9.43234429021000022E-11 0 4.75211056144999975E-11 0 6.6638909603799996E-11 0 4.08762382664000028E-11 0 4.24502707413000009E-11 0 5.54695068431000007E-10 0 6.21141855560000064E-11 0 8.44833655588999993E-11 0 2.99993361523000023E-10 0 1.82177320403999989E-10 0 2.27082513650000001E-10 0 7.07816217582000038E-11 0
3.0949160202999997E-11 0 9.8818372836800004E-11 0 2.57081807829000018E-10 0 8.96474069666000021E-11 0 1.1791220256599999E-10 0 3.12290171511000016E-10 0 6.72499973111999953E-11 0 1.02331050680999997E-10 0 5.01583178356999999E-11 0 1.38420399273000004E-10 0 1.29879622515999993E-10 0 2.79646862084000007E-10 0 2.40071521567999979E-10 0 9.43234429021000022E-11 0 3.20758742788000011E-11 0 4.40240744905000019E-11 0 4.08762382664000028E-11 0 4.06615541171999999E-11 0 5.38217655221000042E-10 0 6.21141855560000064E-11 0 8.44833655588999993E-11 0 2.99993361523000023E-10 0 1.82177320403999989E-10 0 2.27082513650000001E-10 0 7.07816217582000038E-11 0
3.0949160202999997E-11 0 9.8818372836800004E-11 0 2.57081807829000018E-10 0 8.96474069666000021E-11 0 9.74064371882999966E-11 0 3.12290171511000016E-10 0 6.72499973111999953E-11 0 1.02331050680999997E-10 0 4.3526207669600003E-11 0 1.36785365291E-10 0 1.29879622515999993E-10 0 2.54399239931000001E-10 0 1.5206785611600001E-10 0 8.10958176072999972E-11 0 3.20758742788000011E-11 0 4.40240744905000019E-11 0 3.46785865517999999E-11 0 3.72607310536000026E-11 0 5.3681605387999995E-10 0 5.68174614442999991E-11 0 8.44833655588999993E-11 0 2.99993361523000023E-10 0 1.82177320403999989E-10 0 2.27082513650000001E-10 0 5.48149461165000025E-11 0
3.0949160202999997E-11 0 9.8818372836800004E-11 0 2.27352736775999999E-10 0 8.96474069666000021E-11 0 9.74064371882999966E-11 0 3.12290171511000016E-10 0 6.72499973111999953E-11 0 8.08324778994000026E-11 0 4.3526207669600003E-11 0 1.36785365291E-10 0 1.29879622515999993E-10 0 2.54399239931000001E-10 0 1.35677211305999999E-10 0 8.10958176072999972E-11 0 3.20758742788000011E-11 0 4.40240744905000019E-11 0 3.46785865517999999E-11 0 3.72607310536000026E-11 0 5.3681605387999995E-10 0 5.68174614442999991E-11 0 8.44833655588999993E-11 0 2.99993361523000023E-10 0 1.82177320403999989E-10 0 2.27082513650000001E-10 0 5.48149461165000025E-11 0
3.0949160202999997E-11 0 9.8818372836800004E-11 0 2.27352736775999999E-10 0 8.96474069666000021E-11 0 9.74064371882999966E-11 0 3.12290171511000016E-10 0 4.30893368024000016E-11 0 8.08324778994000026E-11 0 2.94890373824000004E-11 0 8.27616765331999945E-11 0 1.29879622515999993E-10 0 1.66096484152999992E-10 0 1.35677211305999999E-10 0 7.42180388778000028E-11 0 3.20758742788000011E-11 0 4.40240744905000019E-11 0 3.46785865517999999E-11 0 3.72607310536000026E-11 0 5.3681605387999995E-10 0 5.68174614442999991E-11 0 6.92122268752000029E-11 0 2.99993361523000023E-10 0 1.82177320403999989E-10 0 2.27082513650000001E-10 0 5.48149461165000025E-11 0
3.0949160202999997E-11 0 6.41066720560000017E-11 0 1.79706408422000006E-10 0 6.5760204729299997E-11 0 9.74064371882999966E-11 0 2.82979357677999984E-10 0 4.30893368024000016E-11 0 8.08324778994000026E-11 0 2.94890373824000004E-11 0 8.27616765331999945E-11 0 1.29879622515999993E-10 0 1.66096484152999992E-10 0 1.35677211305999999E-10 0 6.05488143411999963E-11 0 3.20758742788000011E-11 0 4.40240744905000019E-11 0 3.46785865517999999E-11 0 3.72607310536000026E-11 0 3.92830205979000009E-10 0 4.2181087103299999E-11 0 5.50462946396999971E-11 0 2.99993361523000023E-10 0 1.82177320403999989E-10 0 2.27082513650000001E-10 0 5.48149461165000025E-11 0
3.0949160202999997E-11 0 6.41066720560000017E-11 0 1.79706408422000006E-10 0 6.10058410935999981E-11 0 9.74064371882999966E-11 0 2.82979357677999984E-10 0 4.30893368024000016E-11 0 7.64773508848999952E-11 0 2.87397177124000005E-11 0 8.27616765331999945E-11 0 1.29879622515999993E-10 0 1.66096484152999992E-10 0 1.35677211305999999E-10 0 6.05488143411999963E-11 0 3.20758742788000011E-11 0 4.40240744905000019E-11 0 3.46785865517999999E-11 0 3.72607310536000026E-11 0 3.86643478705000013E-10 0 4.2181087103299999E-11 0 5.50462946396999971E-11 0 2.45466355182999987E-10 0 1.66482041907999996E-10 0 2.27082513650000001E-10 0 5.48149461165000025E-11 0
2.78223127801999986E-11 0 6.41066720560000017E-11 0 1.79706408422000006E-10 0 6.10058410935999981E-11 0 9.74064371882999966E-11 0 2.41424667386000024E-10 0 4.30893368024000016E-11 0 7.64773508848999952E-11 0 2.87397177124000005E-11 0 8.27616765331999945E-11 0 1.2638542737E-10 0 1.66096484152999992E-10 0 1.35677211305999999E-10 0 6.05488143411999963E-11 0 3.20758742788000011E-11 0 4.40240744905000019E-11 0 3.46785865517999999E-11 0 3.46613967823999988E-11 0 3.86643478705000013E-10 0 3.70333475058000003E-11 0 5.50462946396999971E-11 0 2.28309298937999996E-10 0 1.42043238469999995E-10 0 2.00515543842999991E-10 0 4.98465828292999969E-11 0
2.78223127801999986E-11 0 6.41066720560000017E-11 0 1.79706408422000006E-10 0 5.16836886430000013E-11 0 9.74064371882999966E-11 0 2.32693051867000011E-10 0 4.30893368024000016E-11 0 7.64773508848999952E-11 0 2.87397177124000005E-11 0 8.27616765331999945E-11 0 1.2638542737E-10 0 1.38699793043000002E-10 0 1.01963520853999998E-10 0 6.05488143411999963E-11 0 3.20758742788000011E-11 0 4.25645099623000015E-11 0 3.45285470290999981E-11 0 3.46613967823999988E-11 0 2.28801148895999989E-10 0 2.64237629965000003E-11 0 5.50462946396999971E-11 0 2.28309298937999996E-10 0 1.42043238469999995E-10 0 2.00515543842999991E-10 0 4.98465828292999969E-11 0
2.78223127801999986E-11 0 5.49665857096000016E-11 0 1.79706408422000006E-10 0 5.16836886430000013E-11 0 9.38276235474999957E-11 0 2.32693051867000011E-10 0 4.30893368024000016E-11 0 7.64773508848999952E-11 0 2.56588632461000016E-11 0 8.27616765331999945E-11 0 8.02062692778999976E-11 0 1.38699793043000002E-10 0 1.01963520853999998E-10 0 3.06370439703999977E-11 0 3.20758742788000011E-11 0 4.25645099623000015E-11 0 2.93136595312000017E-11 0 3.46613967823999988E-11 0 2.28801148895999989E-10 0 2.63440455875999993E-11 0 5.50462946396999971E-11 0 1.92459265391999996E-10 0 1.42043238469999995E-10 0 1.52168383252000011E-10 0 3.81505143990000017E-11 0
2.55184757056000015E-11 0 5.49665857096000016E-11 0 1.25877039087E-10 0 5.16836886430000013E-11 0 7.32351056656000004E-11 0 2.02683448917000011E-10 0 4.30893368024000016E-11 0 7.64773508848999952E-11 0 2.56588632461000016E-11 0 8.27616765331999945E-11 0 8.02062692778999976E-11 0 1.38699793043000002E-10 0 1.01360520065999994E-10 0 3.06370439703999977E-11 0 2.57460295309999994E-11 0 4.25645099623000015E-11 0 2.68498493149000011E-11 0 3.46613967823999988E-11 0 2.28801148895999989E-10 0 2.63440455875999993E-11 0 5.50462946396999971E-11 0 1.92459265391999996E-10 0 1.42043238469999995E-10 0 1.52168383252000011E-10 0 3.54314773740999997E-11 0
2.55184757056000015E-11 0 5.49665857096000016E-11 0 1.25877039087E-10 0 5.16836886430000013E-11 0 7.32351056656000004E-11 0 2.02683448917000011E-10 0 4.30893368024000016E-11 0 5.62599010795999999E-11 0 2.56588632461000016E-11 0 8.22588930554000043E-11 0 8.02062692778999976E-11 0 1.38699793043000002E-10 0 7.72765853505000034E-11 0 3.06370439703999977E-11 0 2.57460295309999994E-11 0 4.25645099623000015E-11 0 2.68498493149000011E-11 0 3.46613967823999988E-11 0 2.28801148895999989E-10 0 2.06268682929999994E-11 0 5.50462946396999971E-11 0 1.92459265391999996E-10 0 1.40815737546000001E-10 0 1.52168383252000011E-10 0 3.54314773740999997E-11 0
2.39378996740999986E-11 0 5.49665857096000016E-11 0 1.25877039087E-10 0 5.16836886430000013E-11 0 6.50558186789000049E-11 0 2.02683448917000011E-10 0 3.73153007351999972E-11 0 5.62599010795999999E-11 0 2.13935069729000009E-11 0 8.22588930554000043E-11 0 8.02062692778999976E-11 0 1.38699793043000002E-10 0 7.72765853505000034E-11 0 3.06370439703999977E-11 0 2.57460295309999994E-11 0 4.25645099623000015E-11 0 2.46730729233000013E-11 0 2.72994801272000015E-11 0 2.28801148895999989E-10 0 2.06268682929999994E-11 0 5.50462946396999971E-11 0 1.56296567730000004E-10 0 1.40815737546000001E-10 0 1.52168383252000011E-10 0 3.09680943514000008E-11 0
2.39378996740999986E-11 0 5.49665857096000016E-11 0 1.25877039087E-10 0 4.56580247492999977E-11 0 6.50558186789000049E-11 0 1.80790948276000012E-10 0 3.73153007351999972E-11 0 5.62599010795999999E-11 0 2.13935069729000009E-11 0 8.22588930554000043E-11 0 8.02062692778999976E-11 0 1.38699793043000002E-10 0 5.61274421884000014E-11 0 3.06370439703999977E-11 0 2.57264087981999994E-11 0 3.64509330396000017E-11 0 2.01618536408999989E-11 0 2.3330572259699999E-11 0 2.28801148895999989E-10 0 2.06268682929999994E-11 0 5.05339270772000016E-11 0 1.48677431263000002E-10 0 1.07587546285000006E-10 0 1.47399715531000012E-10 0 3.09680943514000008E-11 0
2.11144242646999996E-11 0 5.4272894556199999E-11 0 1.08322256500999998E-10 0 4.56580247492999977E-11 0 6.50558186789000049E-11 0 1.43359096129999994E-10 0 3.73153007351999972E-11 0 5.62599010795999999E-11 0 2.13935069729000009E-11 0 6.9733986441199994E-11 0 8.02062692778999976E-11 0 1.04883561507999995E-10 0 5.61274421884000014E-11 0 3.06370439703999977E-11 0 2.57264087981999994E-11 0 3.64509330396000017E-11 0 2.01618536408999989E-11 0 2.3330572259699999E-11 0 2.28801148895999989E-10 0 2.06268682929999994E-11 0 5.05339270772000016E-11 0 1.45493272126999994E-10 0 1.06603928475000006E-10 0 1.47399715531000012E-10 0 3.09680943514000008E-11 0
2.11144242646999996E-11 0 5.4272894556199999E-11 0 1.08322256500999998E-10 0 2.7650411872999999E-11 0 5.67787852248999975E-11 0 1.43359096129999994E-10 0 3.50028624079999997E-11 0 4.78018461124999997E-11 0 2.13935069729000009E-11 0 6.9733986441199994E-11 0 7.35764161031000033E-11 0 1.04883561507999995E-10 0 5.61274421884000014E-11 0 3.06370439703999977E-11 0 2.40776670401000002E-11 0 3.64509330396000017E-11 0 1.64216917118999987E-11 0 2.3330572259699999E-11 0 2.28801148895999989E-10 0 2.06268682929999994E-11 0 4.76504187257000017E-11 0 1.45493272126999994E-10 0 1.05308158588E-10 0 1.36474838284999997E-10 0 3.09680943514000008E-11 0
2.00256687779000006E-11 0 4.66262280586999983E-11 0 9.15541610757000035E-11 0 2.7650411872999999E-11 0 5.67787852248999975E-11 0 1.43359096129999994E-10 0 2.8588062554700001E-11 0 4.78018461124999997E-11 0 2.13935069729000009E-11 0 6.9733986441199994E-11 0 7.35764161031000033E-11 0 1.04883561507999995E-10 0 5.61274421884000014E-11 0 3.06370439703999977E-11 0 2.29322104693000009E-11 0 3.09110640227999993E-11 0 1.64216917118999987E-11 0 2.3330572259699999E-11 0 2.19473115764000002E-10 0 1.87247471451000015E-11 0 4.76504187257000017E-11 0 1.45493272126999994E-10 0 1.05308158588E-10 0 1.36474838284999997E-10 0 3.09680943514000008E-11 0
9.26351665606999974E-12 0 4.66262280586999983E-11 0 9.15541610757000035E-11 0 2.7650411872999999E-11 0 2.40070150334000009E-11 0 1.43359096129999994E-10 0 2.10883226682999989E-11 0 4.78018461124999997E-11 0 1.46130031141999998E-11 0 5.43768128322000014E-11 0 5.43186087043000025E-11 0 9.14904929013999991E-11 0 5.61274421884000014E-11 0 3.06370439703999977E-11 0 2.29322104693000009E-11 0 3.09110640227999993E-11 0 1.64216917118999987E-11 0 1.51735331791999991E-11 0 2.02086423846000012E-10 0 1.87247471451000015E-11 0 4.76504187257000017E-11 0 1.08223249877000005E-10 0 1.05130584924999997E-10 0 1.01650615944999998E-10 0 2.26363413564999998E-11 0
9.26351665606999974E-12 0 4.4716287177700003E-11 0 7.8704062193499998E-11 0 2.7650411872999999E-11 0 2.40070150334000009E-11 0 1.36554502487000011E-10 0 2.10883226682999989E-11 0 4.78018461124999997E-11 0 1.34411289403000002E-11 0 5.43768128322000014E-11 0 5.43186087043000025E-11 0 9.14904929013999991E-11 0 5.61274421884000014E-11 0 2.56854557898000014E-11 0 1.86437648631000013E-11 0 3.09110640227999993E-11 0 1.64216917118999987E-11 0 1.51735331791999991E-11 0 2.02086423846000012E-10 0 1.73760972254000007E-11 0 4.2199293530299997E-11 0 9.8208054141300004E-11 0 1.05130584924999997E-10 0 1.01650615944999998E-10 0 2.12153466409000013E-11 0
9.26351665606999974E-12 0 3.38062848637000012E-11 0 7.60741186842000019E-11 0 2.7650411872999999E-11 0 2.40070150334000009E-11 0 1.12839884903000006E-10 0 1.89556905298000009E-11 0 4.58863654956000017E-11 0 1.34411289403000002E-11 0 5.43768128322000014E-11 0 4.46952841026000029E-11 0 9.14904929013999991E-11 0 5.61274421884000014E-11 0 1.65652645217999999E-11 0 1.86437648631000013E-11 0 1.84052414435999991E-11 0 1.49792711079000002E-11 0 1.51735331791999991E-11 0 2.02086423846000012E-10 0 1.63828047612999992E-11 0 3.69341084280999994E-11 0 9.69676653676999981E-11 0 1.02913073802999997E-10 0 1.01650615944999998E-10 0 2.12153466409000013E-11 0
9.26351665606999974E-12 0 3.38062848637000012E-11 0 7.60741186842000019E-11 0 2.7650411872999999E-11 0 2.40070150334000009E-11 0 1.12839884903000006E-10 0 1.89556905298000009E-11 0 4.58863654956000017E-11 0 9.42709698224999932E-12 0 4.60599120994000014E-11 0 4.46952841026000029E-11 0 6.3442693091500005E-11 0 5.61274421884000014E-11 0 1.40686893221E-11 0 1.65860450987999992E-11 0 1.84052414435999991E-11 0 1.49792711079000002E-11 0 1.51735331791999991E-11 0 1.74755596127000002E-10 0 1.63828047612999992E-11 0 3.63973177095999974E-11 0 7.5618865917500002E-11 0 9.72945370251000035E-11 0 6.64625394602000026E-11 0 2.12153466409000013E-11 0
9.26351665606999974E-12 0 3.38062848637000012E-11 0 7.53830179097999993E-11 0 2.7650411872999999E-11 0 2.40070150334000009E-11 0 9.20200842063000008E-11 0 1.89556905298000009E-11 0 3.91153381972000003E-11 0 9.42709698224999932E-12 0 4.60599120994000014E-11 0 4.46952841026000029E-11 0 6.3442693091500005E-11 0 5.61274421884000014E-11 0 1.40686893221E-11 0 1.65860450987999992E-11 0 1.84052414435999991E-11 0 1.49792711079000002E-11 0 1.51735331791999991E-11 0 1.74755596127000002E-10 0 1.46014383656999994E-11 0 3.15312841277999972E-11 0 7.5618865917500002E-11 0 7.58718042643999978E-11 0 6.64625394602000026E-11 0 2.12153466409000013E-11 0
9.06413477664000068E-12 0 3.38062848637000012E-11 0 7.53830179097999993E-11 0 2.58958412514000007E-11 0 2.40070150334000009E-11 0 9.08709738225000028E-11 0 1.89556905298000009E-11 0 3.91153381972000003E-11 0 9.42709698224999932E-12 0 4.50347952005999975E-11 0 4.46952841026000029E-11 0 3.62735694697000028E-11 0 4.4731361398000001E-11 0 1.40686893221E-11 0 1.45254107850999997E-11 0 1.84052414435999991E-11 0 1.41072948003999993E-11 0 1.51735331791999991E-11 0 1.32967667826000004E-10 0 1.14527963597999998E-11 0 2.49017172404000006E-11 0 7.5618865917500002E-11 0 7.58718042643999978E-11 0 6.64625394602000026E-11 0 1.92598714285999991E-11 0
9.06413477664000068E-12 0 3.38062848637000012E-11 0 6.14624035388999987E-11 0 2.58958412514000007E-11 0 2.40070150334000009E-11 0 9.08709738225000028E-11 0 1.89556905298000009E-11 0 3.65581747625000002E-11 0 9.42709698224999932E-12 0 4.46166885448999983E-11 0 4.46952841026000029E-11 0 3.62735694697000028E-11 0 4.4731361398000001E-11 0 1.40686893221E-11 0 1.45254107850999997E-11 0 1.84052414435999991E-11 0 1.34418659639E-11 0 1.29883336273000003E-11 0 1.32967667826000004E-10 0 1.02278481621999996E-11 0 2.49017172404000006E-11 0 6.08444149722999986E-11 0 4.73058413850000032E-11 0 6.23243593096000033E-11 0 1.60108507200999991E-11 0
9.06413477664000068E-12 0 3.38062848637000012E-11 0 6.02256035722999995E-11 0 1.94753945268E-11 0 2.40070150334000009E-11 0 9.08709738225000028E-11 0 1.89556905298000009E-11 0 3.65581747625000002E-11 0 9.42709698224999932E-12 0 4.46166885448999983E-11 0 4.46952841026000029E-11 0 3.62735694697000028E-11 0 4.4731361398000001E-11 0 1.40686893221E-11 0 1.41949552724000001E-11 0 1.84052414435999991E-11 0 1.08159440804999998E-11 0 1.29883336273000003E-11 0 1.32967667826000004E-10 0 1.02278481621999996E-11 0 1.91859615380999992E-11 0 6.08444149722999986E-11 0 4.73058413850000032E-11 0 6.23243593096000033E-11 0 1.60108507200999991E-11 0
9.06413477664000068E-12 0 3.38062848637000012E-11 0 6.02256035722999995E-11 0 1.94753945268E-11 0 2.40070150334000009E-11 0 8.10045391563999962E-11 0 1.89556905298000009E-11 0 3.65581747625000002E-11 0 9.42709698224999932E-12 0 3.83017468319999988E-11 0 4.46952841026000029E-11 0 3.62735694697000028E-11 0 4.12809935232999978E-11 0 1.40686893221E-11 0 1.15146315007000006E-11 0 1.84052414435999991E-11 0 1.08159440804999998E-11 0 1.29883336273000003E-11 0 1.32967667826000004E-10 0 1.01127708757000004E-11 0 1.91859615380999992E-11 0 4.66879926150000031E-11 0 4.73058413850000032E-11 0 5.28573116223999973E-11 0 1.56105238906000005E-11 0
8.34760718185000038E-12 0 2.46990554788000009E-11 0 3.86508028915999988E-11 0 1.94753945268E-11 0 2.09940655409000014E-11 0 7.40013976819999993E-11 0 1.89556905298000009E-11 0 3.63266269404999972E-11 0 9.42709698224999932E-12 0 3.24068331458999987E-11 0 4.46952841026000029E-11 0 3.62735694697000028E-11 0 4.12809935232999978E-11 0 1.40686893221E-11 0 8.73731327949999938E-12 0 1.43025814531000006E-11 0 1.08159440804999998E-11 0 1.29883336273000003E-11 0 1.32967667826000004E-10 0 1.01127708757000004E-11 0 1.87866377767000007E-11 0 4.66879926150000031E-11 0 4.73058413850000032E-11 0 5.28573116223999973E-11 0 1.26749905251999994E-11 0
7.67495252159000081E-12 0 2.46990554788000009E-11 0 2.96160619432999986E-11 0 1.94753945268E-11 0 2.09940655409000014E-11 0 7.40013976819999993E-11 0 1.89556905298000009E-11 0 3.59020292156000013E-11 0 9.31396117922000033E-12 0 3.13878682753000006E-11 0 4.46952841026000029E-11 0 3.62735694697000028E-11 0 4.12809935232999978E-11 0 1.11926349292000004E-11 0 8.73731327949999938E-12 0 1.43025814531000006E-11 0 9.99883875008000016E-12 0 1.02221652765999999E-11 0 1.29566219643000002E-10 0 1.01127708757000004E-11 0 1.87866377767000007E-11 0 4.66879926150000031E-11 0 4.73058413850000032E-11 0 5.28573116223999973E-11 0 1.26749905251999994E-11 0
7.67495252159000081E-12 0 2.46990554788000009E-11 0 2.96160619432999986E-11 0 1.94753945268E-11 0 1.77468426486999999E-11 0 7.40013976819999993E-11 0 1.42636864968999999E-11 0 3.59020292156000013E-11 0 9.31396117922000033E-12 0 3.13878682753000006E-11 0 2.4157316554699999E-11 0 3.62735694697000028E-11 0 4.12809935232999978E-11 0 1.10337129312999997E-11 0 8.73731327949999938E-12 0 1.43025814531000006E-11 0 9.99883875008000016E-12 0 7.66291756222000061E-12 0 1.29566219643000002E-10 0 1.01127708757000004E-11 0 1.87866377767000007E-11 0 4.66879926150000031E-11 0 4.73058413850000032E-11 0 4.99749069862000023E-11 0 1.26749905251999994E-11 0
7.67495252159000081E-12 0 2.46990554788000009E-11 0 2.96160619432999986E-11 0 1.69652970055000013E-11 0 1.69766621651999992E-11 0 7.40013976819999993E-11 0 1.42636864968999999E-11 0 3.39591757847000028E-11 0 9.31396117922000033E-12 0 3.13878682753000006E-11 0 2.4157316554699999E-11 0 3.58629791876000007E-11 0 4.12809935232999978E-11 0 1.10337129312999997E-11 0 8.73731327949999938E-12 0 1.36189970223999992E-11 0 9.20750989271999974E-12 0 7.66291756222000061E-12 0 1.29566219643000002E-10 0 8.22839700264999976E-12 0 1.87866377767000007E-11 0 4.66879926150000031E-11 0 3.02566129675999982E-11 0 4.99749069862000023E-11 0 1.05454837052000004E-11 0
6.42625340535999986E-12 0 2.37126536723999993E-11 0 2.42096484618000015E-11 0 1.44309563363000005E-11 0 1.69766621651999992E-11 0 5.10209963893000007E-11 0 1.42636864968999999E-11 0 3.39591757847000028E-11 0 9.31396117922000033E-12 0 2.47143848801999998E-11 0 2.4157316554699999E-11 0 3.58629791876000007E-11 0 4.12809935232999978E-11 0 9.33199825868999926E-12 0 8.73731327949999938E-12 0 1.36189970223999992E-11 0 9.20750989271999974E-12 0 7.66291756222000061E-12 0 1.29566219643000002E-10 0 5.70807528559999981E-12 0 1.74575086730999993E-11 0 4.66879926150000031E-11 0 3.02566129675999982E-11 0 4.72820620170999996E-11 0 1.05454837052000004E-11 0
6.31137513257999972E-12 0 2.37126536723999993E-11 0 2.42096484618000015E-11 0 1.44309563363000005E-11 0 1.69766621651999992E-11 0 5.10209963893000007E-11 0 1.36716451970999996E-11 0 2.89778019585000004E-11 0 9.31396117922000033E-12 0 2.47143848801999998E-11 0 2.4157316554699999E-11 0 3.21326641311000003E-11 0 3.31647832862999991E-11 0 7.81259915620999985E-12 0 8.73731327949999938E-12 0 9.28176455958999924E-12 0 9.20750989271999974E-12 0 6.0443868455500002E-12 0 1.25005099002000004E-10 0 5.70807528559999981E-12 0 1.74575086730999993E-11 0 4.66879926150000031E-11 0 3.02566129675999982E-11 0 4.72820620170999996E-11 0 1.03752189738999993E-11 0
6.31137513257999972E-12 0 2.37126536723999993E-11 0 2.42096484618000015E-11 0 1.30746225296E-11 0 1.69766621651999992E-11 0 5.10209963893000007E-11 0 1.36593107775999998E-11 0 2.28922148648999998E-11 0 7.77786229111999949E-12 0 2.47143848801999998E-11 0 2.4157316554699999E-11 0 3.21326641311000003E-11 0 3.31647832862999991E-11 0 7.81259915620999985E-12 0 7.04114163563000006E-12 0 9.28176455958999924E-12 0 6.93405495815999978E-12 0 6.0443868455500002E-12 0 1.22647445629000005E-10 0 5.70807528559999981E-12 0 1.74575086730999993E-11 0 4.66879926150000031E-11 0 3.02566129675999982E-11 0 4.66654906515999984E-11 0 1.00398533123000006E-11 0
3.86163830951999978E-12 0 2.37126536723999993E-11 0 2.42096484618000015E-11 0 9.85068208154000069E-12 0 1.58271191931000015E-11 0 3.66136167615000002E-11 0 6.33033692324000008E-12 0 2.28922148648999998E-11 0 7.77786229111999949E-12 0 2.47143848801999998E-11 0 2.4157316554699999E-11 0 2.06898248663000002E-11 0 3.31647832862999991E-11 0 5.77727327775000027E-12 0 6.49029898765000014E-12 0 9.28176455958999924E-12 0 6.93405495815999978E-12 0 6.0443868455500002E-12 0 9.9646479328200002E-11 0 5.70807528559999981E-12 0 1.70860629591999994E-11 0 4.66879926150000031E-11 0 3.02566129675999982E-11 0 3.67942505006000009E-11 0 8.4069779725600008E-12 0
3.86163830951999978E-12 0 2.3552567920099999E-11 0 2.42096484618000015E-11 0 9.85068208154000069E-12 0 1.58271191931000015E-11 0 3.66136167615000002E-11 0 6.33033692324000008E-12 0 1.95526919331E-11 0 7.77786229111999949E-12 0 2.47143848801999998E-11 0 2.4157316554699999E-11 0 2.06898248663000002E-11 0 3.31647832862999991E-11 0 5.77727327775000027E-12 0 6.49029898765000014E-12 0 6.30870017541999981E-12 0 6.93405495815999978E-12 0 6.0443868455500002E-12 0 9.9646479328200002E-11 0 5.70807528559999981E-12 0 1.70860629591999994E-11 0 4.66879926150000031E-11 0 2.89074504466000003E-11 0 3.67942505006000009E-11 0 5.3942078967500004E-12 0
3.86163830951999978E-12 0 1.39375971293000005E-11 0 2.42096484618000015E-11 0 9.85068208154000069E-12 0 9.05334186464000039E-12 0 3.66136167615000002E-11 0 6.33033692324000008E-12 0 1.75369924511000005E-11 0 7.77786229111999949E-12 0 1.85458611298999992E-11 0 2.4157316554699999E-11 0 2.06898248663000002E-11 0 2.90881278130000011E-11 0 5.77727327775000027E-12 0 5.88689235640999979E-12 0 6.30870017541999981E-12 0 6.93405495815999978E-12 0 6.0443868455500002E-12 0 9.29931092458000003E-11 0 4.97726525606999991E-12 0 1.40871927599999995E-11 0 4.3922637491099998E-11 0 2.63444115952999987E-11 0 2.56667193640000011E-11 0 5.3942078967500004E-12 0
3.86163830951999978E-12 0 1.39375971293000005E-11 0 2.42096484618000015E-11 0 9.85068208154000069E-12 0 8.86574061451999979E-12 0 3.66136167615000002E-11 0 6.33033692324000008E-12 0 1.75369924511000005E-11 0 6.07033124466999989E-12 0 1.85458611298999992E-11 0 1.72877142475999998E-11 0 2.06898248663000002E-11 0 2.72729711107000006E-11 0 4.99334773913000002E-12 0 5.88689235640999979E-12 0 6.30870017541999981E-12 0 6.38382988965999982E-12 0 5.94430335358999975E-12 0 9.29931092458000003E-11 0 4.97726525606999991E-12 0 1.40871927599999995E-11 0 4.3922637491099998E-11 0 2.24805627491999997E-11 0 2.56667193640000011E-11 0 5.3942078967500004E-12 0
3.86163830951999978E-12 0 1.39375971293000005E-11 0 2.42096484618000015E-11 0 8.5864117507200003E-12 0 8.86574061451999979E-12 0 3.66136167615000002E-11 0 6.33033692324000008E-12 0 1.47209393493000013E-11 0 6.07033124466999989E-12 0 1.85458611298999992E-11 0 1.72877142475999998E-11 0 2.06898248663000002E-11 0 2.72729711107000006E-11 0 4.99334773913000002E-12 0 5.61354614672000011E-12 0 6.30870017541999981E-12 0 5.71501302000999987E-12 0 3.45321270339000014E-12 0 9.29931092458000003E-11 0 4.1122181418100001E-12 0 8.9134550223999999E-12 0 4.3922637491099998E-11 0 1.98508300360999994E-11 0 2.56667193640000011E-11 0 5.3942078967500004E-12 0
3.86163830951999978E-12 0 1.35320902590000002E-11 0 2.39967662763999996E-11 0 8.5864117507200003E-12 0 8.86574061451999979E-12 0 3.43655394377000007E-11 0 5.89100934714999967E-12 0 1.47209393493000013E-11 0 6.07033124466999989E-12 0 1.85458611298999992E-11 0 1.72877142475999998E-11 0 1.91046457158999984E-11 0 2.56931022206000007E-11 0 4.1859465735200002E-12 0 5.61354614672000011E-12 0 6.30870017541999981E-12 0 5.71501302000999987E-12 0 3.45321270339000014E-12 0 9.29931092458000003E-11 0 4.1122181418100001E-12 0 8.9134550223999999E-12 0 3.38394231045000009E-11 0 1.82133067834000008E-11 0 2.56667193640000011E-11 0 5.37041150911999986E-12 0
3.84293098612000003E-12 0 1.35320902590000002E-11 0 2.33023662999000005E-11 0 8.5864117507200003E-12 0 8.8367974797400008E-12 0 3.43655394377000007E-11 0 5.21580234600000032E-12 0 1.25024110559999994E-11 0 4.25724024982000005E-12 0 1.73143454920999993E-11 0 1.72877142475999998E-11 0 1.91046457158999984E-11 0 2.22468134209000007E-11 0 4.1859465735200002E-12 0 5.61354614672000011E-12 0 6.29277478206999992E-12 0 5.71501302000999987E-12 0 3.45321270339000014E-12 0 9.29931092458000003E-11 0 3.77802009717E-12 0 8.9134550223999999E-12 0 2.75022925008999989E-11 0 1.57494649192000012E-11 0 2.56588097355000001E-11 0 5.37041150911999986E-12 0
2.35496615567999987E-12 0 1.35320902590000002E-11 0 2.23427454857999994E-11 0 8.06321390732999936E-12 0 8.8367974797400008E-12 0 3.12041827618000016E-11 0 5.21580234600000032E-12 0 1.25024110559999994E-11 0 4.25724024982000005E-12 0 1.73143454920999993E-11 0 1.72877142475999998E-11 0 1.90180340198000012E-11 0 1.87741419167000012E-11 0 4.1859465735200002E-12 0 4.44566921942999995E-12 0 4.39163253602E-12 0 5.69579879003999997E-12 0 3.45321270339000014E-12 0 9.29931092458000003E-11 0 3.77802009717E-12 0 8.9134550223999999E-12 0 2.75022925008999989E-11 0 1.57494649192000012E-11 0 2.36016623044999994E-11 0 4.4521929314999997E-12 0
2.35496615567999987E-12 0 1.35320902590000002E-11 0 1.87982365157E-11 0 5.81779435443999986E-12 0 7.94276529239000037E-12 0 2.52144511255999993E-11 0 5.21580234600000032E-12 0 1.25024110559999994E-11 0 4.24596205270999978E-12 0 1.26044453504999994E-11 0 1.72877142475999998E-11 0 1.83262353236000002E-11 0 1.79109519259999988E-11 0 4.10848046156000025E-12 0 4.32174041528000011E-12 0 4.39163253602E-12 0 5.69579879003999997E-12 0 3.45321270339000014E-12 0 8.5767309344600001E-11 0 3.77802009717E-12 0 8.9134550223999999E-12 0 2.43689285110999988E-11 0 1.57494649192000012E-11 0 1.47837968022000006E-11 0 4.4521929314999997E-12 0
2.35496615567999987E-12 0 1.35320902590000002E-11 0 1.67139604817999988E-11 0 5.81779435443999986E-12 0 7.94276529239000037E-12 0 2.52144511255999993E-11 0 5.21580234600000032E-12 0 1.25024110559999994E-11 0 4.24596205270999978E-12 0 1.26044453504999994E-11 0 1.72877142475999998E-11 0 1.83262353236000002E-11 0 1.79109519259999988E-11 0 4.10848046156000025E-12 0 4.32174041528000011E-12 0 4.39163253602E-12 0 5.3461048207000001E-12 0 3.45321270339000014E-12 0 8.5767309344600001E-11 0 3.69943542119999974E-12 0 6.60812942664999965E-12 0 2.43689285110999988E-11 0 1.40036577587999998E-11 0 1.47837968022000006E-11 0 4.4521929314999997E-12 0
2.35496615567999987E-12 0 1.35320902590000002E-11 0 1.67139604817999988E-11 0 5.81779435443999986E-12 0 7.32287214053999972E-12 0 2.52144511255999993E-11 0 4.77644392472000021E-12 0 1.05198843303999997E-11 0 4.07868670552999964E-12 0 1.26044453504999994E-11 0 1.37528108708999993E-11 0 1.83262353236000002E-11 0 1.12477134669999994E-11 0 3.54385834772999997E-12 0 4.32174041528000011E-12 0 3.36069855344000019E-12 0 4.48970632796000015E-12 0 3.17656133527999982E-12 0 5.99225210202999941E-11 0 3.69943542119999974E-12 0 6.60812942664999965E-12 0 2.43689285110999988E-11 0 1.40036577587999998E-11 0 1.47837968022000006E-11 0 4.4521929314999997E-12 0
2.35496615567999987E-12 0 1.09918782035000007E-11 0 1.36674921050999994E-11 0 5.81779435443999986E-12 0 7.32287214053999972E-12 0 2.48873747491000008E-11 0 4.16370328015999991E-12 0 1.05198843303999997E-11 0 4.07868670552999964E-12 0 1.09509118688000007E-11 0 1.37528108708999993E-11 0 1.83262353236000002E-11 0 1.12477134669999994E-11 0 2.41554670646000013E-12 0 4.32174041528000011E-12 0 3.14385224768999986E-12 0 4.48970632796000015E-12 0 3.17656133527999982E-12 0 5.99225210202999941E-11 0 3.00915947329000015E-12 0 5.39599339563999991E-12 0 2.0890361591499999E-11 0 1.40036577587999998E-11 0 1.47837968022000006E-11 0 4.4521929314999997E-12 0
2.35496615567999987E-12 0 8.5846042162900002E-12 0 1.27968883061000005E-11 0 5.54430432525000018E-12 0 6.69032078529999983E-12 0 2.48873747491000008E-11 0 4.16370328015999991E-12 0 1.05198843303999997E-11 0 4.07868670552999964E-12 0 1.04616759496E-11 0 1.37528108708999993E-11 0 1.37836153670000006E-11 0 1.12477134669999994E-11 0 2.41554670646000013E-12 0 4.32174041528000011E-12 0 3.14385224768999986E-12 0 4.48970632796000015E-12 0 3.17656133527999982E-12 0 5.99225210202999941E-11 0 2.8569872752799998E-12 0 5.3905167675599996E-12 0 2.0890361591499999E-11 0 1.40036577587999998E-11 0 1.47837968022000006E-11 0 3.9808045685900001E-12 0
2.35496615567999987E-12 0 8.5846042162900002E-12 0 1.27968883061000005E-11 0 5.54430432525000018E-12 0 6.00316412905000027E-12 0 2.36252817237000011E-11 0 4.16370328015999991E-12 0 1.05198843303999997E-11 0 2.68801395848999988E-12 0 1.04616759496E-11 0 9.74649084661999996E-12 0 1.37836153670000006E-11 0 1.12477134669999994E-11 0 2.41554670646000013E-12 0 3.7588650395600001E-12 0 3.14385224768999986E-12 0 3.12051678251000012E-12 0 3.17656133527999982E-12 0 5.99225210202999941E-11 0 2.8569872752799998E-12 0 5.3905167675599996E-12 0 1.60259875127000002E-11 0 1.06179806746999995E-11 0 1.40503875681999995E-11 0 3.46784442898999982E-12 0
2.35496615567999987E-12 0 8.5846042162900002E-12 0 1.10278798838999993E-11 0 5.13256153006000009E-12 0 5.77043756982999961E-12 0 1.87622959468999991E-11 0 4.00914741465000019E-12 0 1.05198843303999997E-11 0 2.68801395848999988E-12 0 1.04616759496E-11 0 9.74649084661999996E-12 0 1.37836153670000006E-11 0 1.12477134669999994E-11 0 2.41554670646000013E-12 0 2.3466004530900002E-12 0 2.76633099443000018E-12 0 3.12051678251000012E-12 0 3.17656133527999982E-12 0 5.23684081195999973E-11 0 2.8569872752799998E-12 0 3.97818213535000001E-12 0 1.60259875127000002E-11 0 1.06179806746999995E-11 0 1.40503875681999995E-11 0 3.2285995542999998E-12 0
2.35496615567999987E-12 0 7.13879693894999963E-12 0 1.10278798838999993E-11 0 5.13256153006000009E-12 0 4.09907637359000023E-12 0 1.87622959468999991E-11 0 4.00914741465000019E-12 0 1.05198843303999997E-11 0 2.38409242793000013E-12 0 1.04616759496E-11 0 9.74649084661999996E-12 0 1.34094773313999998E-11 0 8.98366494214000072E-12 0 2.41554670646000013E-12 0 2.3466004530900002E-12 0 2.76633099443000018E-12 0 3.12051678251000012E-12 0 3.17656133527999982E-12 0 4.99254294219000014E-11 0 2.01613845661000012E-12 0 3.97818213535000001E-12 0 1.60259875127000002E-11 0 1.06179806746999995E-11 0 1.34750844097000006E-11 0 3.2285995542999998E-12 0
2.35496615567999987E-12 0 7.13879693894999963E-12 0 1.03067309532999993E-11 0 5.13256153006000009E-12 0 4.09907637359000023E-12 0 1.53696744712000014E-11 0 4.00914741465000019E-12 0 9.32019712859000078E-12 0 1.85846290172999998E-12 0 1.04616759496E-11 0 8.76652964650999979E-12 0 1.34094773313999998E-11 0 8.98366494214000072E-12 0 2.33184816710000001E-12 0 2.3466004530900002E-12 0 2.76633099443000018E-12 0 3.12051678251000012E-12 0 3.17656133527999982E-12 0 4.99254294219000014E-11 0 2.01613845661000012E-12 0 3.97818213535000001E-12 0 1.60259875127000002E-11 0 1.06179806746999995E-11 0 1.34750844097000006E-11 0 3.2285995542999998E-12 0
1.88366552304000001E-12 0 7.13879693894999963E-12 0 6.86129875073000016E-12 0 3.97814159863999993E-12 0 4.09907637359000023E-12 0 1.53696744712000014E-11 0 4.00914741465000019E-12 0 7.34621638031999929E-12 0 1.85846290172999998E-12 0 1.04616759496E-11 0 8.76652964650999979E-12 0 1.34094773313999998E-11 0 8.98366494214000072E-12 0 2.33184816710000001E-12 0 2.3466004530900002E-12 0 2.76633099443000018E-12 0 2.99853653864000017E-12 0 2.79261656077000012E-12 0 4.99254294219000014E-11 0 2.01613845661000012E-12 0 3.56154262003000009E-12 0 1.59531131990000011E-11 0 1.06179806746999995E-11 0 1.23144723647000002E-11 0 3.2285995542999998E-12 0
1.88366552304000001E-12 0 7.13879693894999963E-12 0 6.86129875073000016E-12 0 3.97814159863999993E-12 0 4.09907637359000023E-12 0 1.02864813709999997E-11 0 2.51763057970999991E-12 0 7.34621638031999929E-12 0 1.79529915430000001E-12 0 5.66055472707000015E-12 0 8.76652964650999979E-12 0 1.06132525023999996E-11 0 8.26832167334999986E-12 0 2.33184816710000001E-12 0 2.30918558590000011E-12 0 2.76633099443000018E-12 0 2.99853653864000017E-12 0 2.79261656077000012E-12 0 4.35669477481999986E-11 0 2.01613845661000012E-12 0 3.01471207480000018E-12 0 1.04415493246000001E-11 0 7.9564220167800002E-12 0 1.23144723647000002E-11 0 3.2285995542999998E-12 0
1.88366552304000001E-12 0 7.13879693894999963E-12 0 6.86129875073000016E-12 0 3.92253930954999966E-12 0 4.09907637359000023E-12 0 1.02864813709999997E-11 0 1.56782287316000006E-12 0 7.34621638031999929E-12 0 1.79529915430000001E-12 0 5.66055472707000015E-12 0 8.76652964650999979E-12 0 1.03306819302999999E-11 0 6.97770161209999978E-12 0 2.20141691965999981E-12 0 2.30918558590000011E-12 0 2.40228834711999996E-12 0 2.99853653864000017E-12 0 2.79261656077000012E-12 0 4.01376424506000008E-11 0 2.01613845661000012E-12 0 3.01471207480000018E-12 0 1.04415493246000001E-11 0 7.9564220167800002E-12 0 1.23144723647000002E-11 0 2.5134652955699998E-12 0
1.63590278142000007E-12 0 5.0092751819800003E-12 0 6.20757122189999997E-12 0 3.92253930954999966E-12 0 4.09907637359000023E-12 0 1.02864813709999997E-11 0 1.56782287316000006E-12 0 7.34621638031999929E-12 0 1.79529915430000001E-12 0 5.66055472707000015E-12 0 8.76652964650999979E-12 0 1.03306819302999999E-11 0 6.97770161209999978E-12 0 2.14019623415000006E-12 0 1.92854145707999982E-12 0 2.40228834711999996E-12 0 2.76027367056999991E-12 0 2.79261656077000012E-12 0 4.01376424506000008E-11 0 1.88963535994000016E-12 0 3.01471207480000018E-12 0 1.04415493246000001E-11 0 7.9564220167800002E-12 0 1.07362110021000001E-11 0 2.5134652955699998E-12 0
1.63590278142000007E-12 0 3.94310576126000025E-12 0 6.20757122189999997E-12 0 3.92253930954999966E-12 0 2.98499802367000018E-12 0 1.02864813709999997E-11 0 1.56782287316000006E-12 0 7.34621638031999929E-12 0 1.65284221879000004E-12 0 5.66055472707000015E-12 0 8.76652964650999979E-12 0 9.85357778525999938E-12 0 6.97770161209999978E-12 0 1.49442409313000001E-12 0 1.92854145707999982E-12 0 2.40228834711999996E-12 0 2.54321483657999986E-12 0 2.14718978690000016E-12 0 3.04288774660000011E-11 0 1.5769176101100001E-12 0 3.01471207480000018E-12 0 1.04415493246000001E-11 0 7.9564220167800002E-12 0 8.78354831831000061E-12 0 2.5134652955699998E-12 0
1.63590278142000007E-12 0 3.94310576126000025E-12 0 6.09448692583999995E-12 0 2.84801786544000002E-12 0 2.98499802367000018E-12 0 1.02864813709999997E-11 0 1.56782287316000006E-12 0 6.33527995521000033E-12 0 1.38897327875000004E-12 0 5.66055472707000015E-12 0 8.76652964650999979E-12 0 9.85357778525999938E-12 0 6.97770161209999978E-12 0 1.49442409313000001E-12 0 1.92854145707999982E-12 0 2.12095918574999987E-12 0 2.46394739173000003E-12 0 2.14718978690000016E-12 0 3.04288774660000011E-11 0 1.5769176101100001E-12 0 3.01471207480000018E-12 0 1.04415493246000001E-11 0 7.9564220167800002E-12 0 8.78354831831000061E-12 0 2.5134652955699998E-12 0
1.4906683330700001E-12 0 3.75394492665000002E-12 0 6.09448692583999995E-12 0 2.84801786544000002E-12 0 2.98499802367000018E-12 0 1.02864813709999997E-11 0 1.56782287316000006E-12 0 6.33527995521000033E-12 0 1.16298173668000002E-12 0 5.66055472707000015E-12 0 8.76652964650999979E-12 0 7.65409455257999971E-12 0 6.97770161209999978E-12 0 1.49442409313000001E-12 0 1.92854145707999982E-12 0 2.02102929570000006E-12 0 1.67542325769999996E-12 0 2.01098488080000019E-12 0 3.04288774660000011E-11 0 1.5769176101100001E-12 0 3.01471207480000018E-12 0 1.04415493246000001E-11 0 7.9564220167800002E-12 0 7.76770668019999936E-12 0 2.5134652955699998E-12 0
1.4906683330700001E-12 0 3.58301231211999999E-12 0 6.09448692583999995E-12 0 2.84801786544000002E-12 0 2.98499802367000018E-12 0 1.00060537537999994E-11 0 1.56782287316000006E-12 0 6.33527995521000033E-12 0 1.16298173668000002E-12 0 5.66055472707000015E-12 0 8.76652964650999979E-12 0 4.95805283761000036E-12 0 5.93723437259000024E-12 0 1.49442409313000001E-12 0 1.55063908158999993E-12 0 1.78393547169000001E-12 0 1.67542325769999996E-12 0 1.60176850396999993E-12 0 3.04288774660000011E-11 0 1.39993900043000005E-12 0 3.01471207480000018E-12 0 9.20943265865999959E-12 0 7.9564220167800002E-12 0 7.76770668019999936E-12 0 2.29077134198000001E-12 0
1.21899995674999991E-12 0 3.58301231211999999E-12 0 6.09448692583999995E-12 0 2.59049714831000002E-12 0 2.98499802367000018E-12 0 1.00060537537999994E-11 0 1.56782287316000006E-12 0 6.33527995521000033E-12 0 1.16298173668000002E-12 0 5.66055472707000015E-12 0 8.76652964650999979E-12 0 4.95805283761000036E-12 0 5.93723437259000024E-12 0 1.49442409313000001E-12 0 1.55063908158999993E-12 0 1.34751133954E-12 0 1.67542325769999996E-12 0 1.60176850396999993E-12 0 2.24302459634000013E-11 0 1.32870466807000003E-12 0 3.01471207480000018E-12 0 8.15322110426000004E-12 0 7.9564220167800002E-12 0 7.76770668019999936E-12 0 2.29077134198000001E-12 0
9.90235292690999939E-13 0 3.40137532142000019E-12 0 6.09448692583999995E-12 0 2.59049714831000002E-12 0 2.98499802367000018E-12 0 9.08906109560000042E-12 0 1.56782287316000006E-12 0 6.22080315843000009E-12 0 1.16298173668000002E-12 0 5.66055472707000015E-12 0 8.76652964650999979E-12 0 4.42276822952000035E-12 0 5.93723437259000024E-12 0 1.38566554873999991E-12 0 1.55063908158999993E-12 0 1.34751133954E-12 0 1.60915676284999992E-12 0 1.60176850396999993E-12 0 2.24302459634000013E-11 0 1.32870466807000003E-12 0 3.01471207480000018E-12 0 8.15322110426000004E-12 0 6.81791051838000033E-12 0 7.29905272364000041E-12 0 2.29077134198000001E-12 0
9.90235292690999939E-13 0 3.40137532142000019E-12 0 5.83690112082000003E-12 0 2.59049714831000002E-12 0 1.81796071034999993E-12 0 9.08906109560000042E-12 0 1.56782287316000006E-12 0 6.22080315843000009E-12 0 7.90024211915999995E-13 0 5.66055472707000015E-12 0 7.15884765139000007E-12 0 4.42276822952000035E-12 0 4.67705088058999999E-12 0 1.38566554873999991E-12 0 1.17251907154999991E-12 0 1.34751133954E-12 0 1.60915676284999992E-12 0 1.24752439318000009E-12 0 2.24302459634000013E-11 0 1.24346807207999998E-12 0 2.47972142503000011E-12 0 8.15322110426000004E-12 0 6.81791051838000033E-12 0 7.29905272364000041E-12 0 2.29077134198000001E-12 0
9.90235292690999939E-13 0 3.40137532142000019E-12 0 4.87918520311000037E-12 0 2.59049714831000002E-12 0 1.81796071034999993E-12 0 8.7040045978299994E-12 0 1.56782287316000006E-12 0 6.1041542280600004E-12 0 7.90024211915999995E-13 0 5.66055472707000015E-12 0 7.15884765139000007E-12 0 4.42276822952000035E-12 0 4.67705088058999999E-12 0 1.38566554873999991E-12 0 1.17251907154999991E-12 0 1.34751133954E-12 0 1.60915676284999992E-12 0 1.24752439318000009E-12 0 2.24302459634000013E-11 0 1.24346807207999998E-12 0 2.47972142503000011E-12 0 8.15322110426000004E-12 0 4.49923369773000003E-12 0 6.70642956655000015E-12 0 2.19520984375E-12 0
9.90235292690999939E-13 0 3.2843090591199999E-12 0 4.87918520311000037E-12 0 2.59049714831000002E-12 0 1.81796071034999993E-12 0 8.7040045978299994E-12 0 1.56782287316000006E-12 0 2.84227372162000016E-12 0 7.90024211915999995E-13 0 5.66055472707000015E-12 0 6.80230846333000006E-12 0 4.42276822952000035E-12 0 4.67705088058999999E-12 0 1.38566554873999991E-12 0 9.9153334906600003E-13 0 1.34751133954E-12 0 1.49665276995999991E-12 0 1.24752439318000009E-12 0 2.0259200284099999E-11 0 1.24346807207999998E-12 0 2.15409511317000002E-12 0 6.62483547824999998E-12 0 4.49923369773000003E-12 0 5.79308901305000013E-12 0 1.79545074443000003E-12 0
9.90235292690999939E-13 0 3.2843090591199999E-12 0 3.41705694661000003E-12 0 1.76829815874000004E-12 0 1.81796071034999993E-12 0 8.7040045978299994E-12 0 1.56782287316000006E-12 0 2.84227372162000016E-12 0 7.90024211915999995E-13 0 5.66055472707000015E-12 0 6.80230846333000006E-12 0 4.42276822952000035E-12 0 4.67705088058999999E-12 0 1.21073338327000006E-12 0 9.9153334906600003E-13 0 1.20871778627999994E-12 0 1.49665276995999991E-12 0 1.13777831847000003E-12 0 2.0259200284099999E-11 0 1.03949770884999997E-12 0 2.15409511317000002E-12 0 6.62483547824999998E-12 0 4.49923369773000003E-12 0 5.79308901305000013E-12 0 1.79545074443000003E-12 0
5.04725882821000015E-13 0 2.57788558798999981E-12 0 3.41705694661000003E-12 0 1.76829815874000004E-12 0 1.81796071034999993E-12 0 8.7040045978299994E-12 0 1.56782287316000006E-12 0 2.84227372162000016E-12 0 7.11947440866999955E-13 0 3.56836196988999996E-12 0 5.39999942280999983E-12 0 4.42276822952000035E-12 0 4.16276795157999986E-12 0 1.14154418879999995E-12 0 9.9153334906600003E-13 0 1.20871778627999994E-12 0 1.41338598879999996E-12 0 9.58428119842000094E-13 0 2.0259200284099999E-11 0 1.03949770884999997E-12 0 2.15409511317000002E-12 0 5.87949001617999975E-12 0 4.49923369773000003E-12 0 4.14309345168000003E-12 0 1.79545074443000003E-12 0
5.03580830132999955E-13 0 2.57788558798999981E-12 0 3.41705694661000003E-12 0 1.65567211818000002E-12 0 1.81796071034999993E-12 0 8.7040045978299994E-12 0 1.19353263462000002E-12 0 2.84227372162000016E-12 0 7.09564012427999998E-13 0 3.56836196988999996E-12 0 5.39999942280999983E-12 0 4.42276822952000035E-12 0 4.16276795157999986E-12 0 1.00942305866999999E-12 0 9.9153334906600003E-13 0 1.20871778627999994E-12 0 1.26202655841000007E-12 0 9.58428119842000094E-13 0 1.19831657552000003E-11 0 1.03949770884999997E-12 0 2.15409511317000002E-12 0 4.6152745978399998E-12 0 4.49923369773000003E-12 0 3.71939374110000039E-12 0 1.79545074443000003E-12 0
5.03580830132999955E-13 0 2.36859569367000013E-12 0 3.41705694661000003E-12 0 1.65567211818000002E-12 0 1.78305908295999998E-12 0 7.28046724027000007E-12 0 1.07624128216999993E-12 0 2.84227372162000016E-12 0 7.09564012427999998E-13 0 3.56836196988999996E-12 0 4.18746056768999969E-12 0 4.42276822952000035E-12 0 3.92244041371000028E-12 0 8.51361038086000022E-13 0 9.9153334906600003E-13 0 1.20871778627999994E-12 0 1.26202655841000007E-12 0 9.58428119842000094E-13 0 1.19831657552000003E-11 0 7.39958900945000011E-13 0 2.13892700868999999E-12 0 4.6152745978399998E-12 0 3.16707418133999986E-12 0 3.71939374110000039E-12 0 1.79404810102000006E-12 0
5.03580830132999955E-13 0 2.36859569367000013E-12 0 3.41705694661000003E-12 0 1.65567211818000002E-12 0 1.78305908295999998E-12 0 5.84998998252000011E-12 0 1.07624128216999993E-12 0 2.73468777599000015E-12 0 4.98433830443999955E-13 0 2.95366040972999992E-12 0 4.18746056768999969E-12 0 3.39170199204999997E-12 0 3.90510072018E-12 0 8.51361038086000022E-13 0 8.43145720915000001E-13 0 9.42150925220999908E-13 0 1.21845388447E-12 0 9.58428119842000094E-13 0 1.19831657552000003E-11 0 7.39958900945000011E-13 0 2.13892700868999999E-12 0 4.6152745978399998E-12 0 3.16707418133999986E-12 0 3.64455762246000038E-12 0 1.79404810102000006E-12 0
5.03580830132999955E-13 0 2.36859569367000013E-12 0 3.41705694661000003E-12 0 1.59785101205999997E-12 0 1.73407636889999994E-12 0 5.84998998252000011E-12 0 1.07624128216999993E-12 0 2.73468777599000015E-12 0 4.98433830443999955E-13 0 2.95366040972999992E-12 0 4.18746056768999969E-12 0 3.39170199204999997E-12 0 3.90510072018E-12 0 8.51361038086000022E-13 0 4.55391321223000022E-13 0 9.42150925220999908E-13 0 1.18721919114000001E-12 0 9.58428119842000094E-13 0 8.68207143828000062E-12 0 6.59634832844000011E-13 0 1.60511229801000007E-12 0 4.6152745978399998E-12 0 3.16707418133999986E-12 0 3.64455762246000038E-12 0 1.64026462235999993E-12 0
5.03580830132999955E-13 0 1.56556408909999993E-12 0 3.33485243487000011E-12 0 1.59785101205999997E-12 0 1.2848358706899999E-12 0 5.26739036658000016E-12 0 1.07624128216999993E-12 0 2.73468777599000015E-12 0 4.98433830443999955E-13 0 2.95366040972999992E-12 0 4.18746056768999969E-12 0 2.85689569169999988E-12 0 3.27110421363999996E-12 0 6.48263698660000044E-13 0 4.55391321223000022E-13 0 9.42150925220999908E-13 0 9.25075492922000038E-13 0 9.58428119842000094E-13 0 8.68207143828000062E-12 0 6.59634832844000011E-13 0 1.60511229801000007E-12 0 3.54371289254999994E-12 0 3.16707418133999986E-12 0 3.27778976289000008E-12 0 1.43794672986E-12 0
4.48597643373999994E-13 0 1.56556408909999993E-12 0 2.74867816212999996E-12 0 1.57459214706000006E-12 0 1.2848358706899999E-12 0 4.73860184521000011E-12 0 1.07624128216999993E-12 0 2.73468777599000015E-12 0 4.98433830443999955E-13 0 2.95366040972999992E-12 0 4.18746056768999969E-12 0 2.85689569169999988E-12 0 2.39131971877999983E-12 0 6.41719211888999957E-13 0 4.55391321223000022E-13 0 9.42150925220999908E-13 0 9.25075492922000038E-13 0 7.94977229666000047E-13 0 8.68207143828000062E-12 0 6.59634832844000011E-13 0 1.31709888438000001E-12 0 3.54371289254999994E-12 0 3.16707418133999986E-12 0 3.27778976289000008E-12 0 1.43794672986E-12 0
4.48597643373999994E-13 0 1.56556408909999993E-12 0 2.74867816212999996E-12 0 1.2367247632999999E-12 0 1.14796587563000007E-12 0 3.76024530210000031E-12 0 1.0687715209500001E-12 0 2.38912246080000008E-12 0 4.98433830443999955E-13 0 2.95366040972999992E-12 0 3.22396462967999986E-12 0 2.6951159949999998E-12 0 2.39131971877999983E-12 0 5.57685230859000038E-13 0 4.55391321223000022E-13 0 9.42150925220999908E-13 0 8.49223036987999967E-13 0 7.94977229666000047E-13 0 8.68207143828000062E-12 0 6.59634832844000011E-13 0 1.31709888438000001E-12 0 2.69341260202999999E-12 0 3.16707418133999986E-12 0 3.27778976289000008E-12 0 1.43794672986E-12 0
4.48597643373999994E-13 0 1.56556408909999993E-12 0 2.74867816212999996E-12 0 1.2367247632999999E-12 0 1.14796587563000007E-12 0 3.76024530210000031E-12 0 8.94327746659000038E-13 0 2.38912246080000008E-12 0 4.18193518045000002E-13 0 2.90675891315999986E-12 0 3.22396462967999986E-12 0 2.25255888683999995E-12 0 2.39131971877999983E-12 0 5.16415427297999951E-13 0 4.55391321223000022E-13 0 6.81291888055999967E-13 0 8.49223036987999967E-13 0 7.94977229666000047E-13 0 8.68207143828000062E-12 0 6.59634832844000011E-13 0 9.59790607576000046E-13 0 2.69341260202999999E-12 0 2.83752500311999993E-12 0 2.54964645707000005E-12 0 1.42809648930999996E-12 0
4.22885212045000016E-13 0 1.56556408909999993E-12 0 2.16473950308999986E-12 0 9.84141799532999912E-13 0 1.06279044506999993E-12 0 3.76024530210000031E-12 0 8.94327746659000038E-13 0 2.38912246080000008E-12 0 4.18193518045000002E-13 0 2.81703597517999981E-12 0 3.22396462967999986E-12 0 2.25255888683999995E-12 0 2.39131971877999983E-12 0 5.16415427297999951E-13 0 4.55391321223000022E-13 0 6.81291888055999967E-13 0 8.49223036987999967E-13 0 7.94977229666000047E-13 0 8.68207143828000062E-12 0 6.59634832844000011E-13 0 9.54131071081999968E-13 0 2.69341260202999999E-12 0 2.83752500311999993E-12 0 2.54964645707000005E-12 0 1.42809648930999996E-12 0
4.22885212045000016E-13 0 1.54797208531999994E-12 0 2.15534371703999988E-12 0 9.84141799532999912E-13 0 1.0439434271399999E-12 0 2.63160461386000009E-12 0 8.94327746659000038E-13 0 2.38912246080000008E-12 0 4.13061943079999981E-13 0 2.66174148852000011E-12 0 2.79184609773999982E-12 0 2.25255888683999995E-12 0 2.13175127151999988E-12 0 4.46494839796999998E-13 0 4.55391321223000022E-13 0 6.81291888055999967E-13 0 6.00286262673000022E-13 0 5.35729166882E-13 0 8.68207143828000062E-12 0 6.59634832844000011E-13 0 9.54131071081999968E-13 0 2.69341260202999999E-12 0 2.83752500311999993E-12 0 2.54964645707000005E-12 0 1.11524503973999993E-12 0
4.22885212045000016E-13 0 1.09535763614999998E-12 0 2.15534371703999988E-12 0 9.57954915096999955E-13 0 7.13623277408000023E-13 0 2.63160461386000009E-12 0 8.94327746659000038E-13 0 2.38912246080000008E-12 0 4.13061943079999981E-13 0 2.66174148852000011E-12 0 2.79184609773999982E-12 0 2.25255888683999995E-12 0 2.13175127151999988E-12 0 4.46494839796999998E-13 0 4.55391321223000022E-13 0 6.81291888055999967E-13 0 5.85877084845000002E-13 0 5.35729166882E-13 0 8.68207143828000062E-12 0 6.59634832844000011E-13 0 9.54131071081999968E-13 0 1.78402616845999992E-12 0 2.83752500311999993E-12 0 2.54964645707000005E-12 0 1.11524503973999993E-12 0
4.22885212045000016E-13 0 1.09535763614999998E-12 0 1.97978204336000013E-12 0 9.57954915096999955E-13 0 7.13623277408000023E-13 0 2.63160461386000009E-12 0 8.94327746659000038E-13 0 2.38912246080000008E-12 0 4.13061943079999981E-13 0 2.66174148852000011E-12 0 2.79184609773999982E-12 0 2.25255888683999995E-12 0 2.13175127151999988E-12 0 3.26883628005999982E-13 0 4.29087903515000001E-13 0 6.81291888055999967E-13 0 5.82980443370999979E-13 0 5.23287420562000028E-13 0 8.68207143828000062E-12 0 6.32873879899999969E-13 0 9.54131071081999968E-13 0 1.78402616845999992E-12 0 1.97506890537000015E-12 0 2.04054185732999997E-12 0 8.25846706743999973E-13 0
4.22885212045000016E-13 0 1.09535763614999998E-12 0 1.97978204336000013E-12 0 9.57954915096999955E-13 0 7.13623277408000023E-13 0 2.40174413418999981E-12 0 8.94327746659000038E-13 0 2.38912246080000008E-12 0 4.13061943079999981E-13 0 2.66174148852000011E-12 0 1.99630498788999984E-12 0 1.63421165070000008E-12 0 2.13175127151999988E-12 0 3.26883628005999982E-13 0 4.29087903515000001E-13 0 6.68472749345000031E-13 0 3.92287922514999999E-13 0 5.23287420562000028E-13 0 8.68207143828000062E-12 0 6.32873879899999969E-13 0 6.84935252828999995E-13 0 1.78402616845999992E-12 0 1.95836655720000007E-12 0 2.04054185732999997E-12 0 8.25846706743999973E-13 0
4.22885212045000016E-13 0 1.09535763614999998E-12 0 1.40883078612000002E-12 0 7.69619235000999997E-13 0 7.13623277408000023E-13 0 2.40174413418999981E-12 0 8.94327746659000038E-13 0 2.38912246080000008E-12 0 3.63777917163000025E-13 0 2.2951261287999998E-12 0 1.99630498788999984E-12 0 1.63421165070000008E-12 0 2.13175127151999988E-12 0 3.26883628005999982E-13 0 4.29087903515000001E-13 0 5.33529455051000025E-13 0 3.92287922514999999E-13 0 5.23287420562000028E-13 0 8.68207143828000062E-12 0 3.80717195584999985E-13 0 6.84935252828999995E-13 0 1.78402616845999992E-12 0 1.95836655720000007E-12 0 2.04054185732999997E-12 0 8.25846706743999973E-13 0
4.22885212045000016E-13 0 9.13588744027999964E-13 0 1.40883078612000002E-12 0 7.69619235000999997E-13 0 7.13623277408000023E-13 0 2.40174413418999981E-12 0 8.2589077579800005E-13 0 2.38912246080000008E-12 0 3.03218075966999979E-13 0 2.21532826285999989E-12 0 1.99630498788999984E-12 0 1.63421165070000008E-12 0 1.63657703482999991E-12 0 3.26883628005999982E-13 0 4.10018296466000011E-13 0 5.33529455051000025E-13 0 3.92287922514999999E-13 0 4.0045641385899998E-13 0 8.68207143828000062E-12 0 3.80717195584999985E-13 0 6.84935252828999995E-13 0 1.78402616845999992E-12 0 1.95836655720000007E-12 0 1.80716883337999997E-12 0 8.25846706743999973E-13 0
4.22885212045000016E-13 0 9.13588744027999964E-13 0 1.40883078612000002E-12 0 5.22060127803999974E-13 0 6.81101406840000001E-13 0 2.23603439643000018E-12 0 8.00850879187999958E-13 0 2.15051992708000014E-12 0 3.03218075966999979E-13 0 1.8625970848400001E-12 0 1.99630498788999984E-12 0 1.63421165070000008E-12 0 1.63657703482999991E-12 0 3.26883628005999982E-13 0 3.13293782197000009E-13 0 3.70102851417000009E-13 0 3.92287922514999999E-13 0 4.0045641385899998E-13 0 8.22688639930999994E-12 0 3.80717195584999985E-13 0 5.91007595991000045E-13 0 1.78402616845999992E-12 0 1.35309969722999991E-12 0 1.64757963219000001E-12 0 8.25846706743999973E-13 0
4.22885212045000016E-13 0 7.4488299696200004E-13 0 1.12914400028000009E-12 0 5.22060127803999974E-13 0 6.81101406840000001E-13 0 2.12454537001999994E-12 0 7.06526168717999994E-13 0 1.48347218882999999E-12 0 3.03218075966999979E-13 0 1.8625970848400001E-12 0 1.99630498788999984E-12 0 1.48707270738E-12 0 1.63657703482999991E-12 0 3.08681211313000008E-13 0 3.13293782197000009E-13 0 3.6035322438400002E-13 0 3.92287922514999999E-13 0 4.0045641385899998E-13 0 8.22688639930999994E-12 0 3.80717195584999985E-13 0 5.91007595991000045E-13 0 1.6279246219200001E-12 0 1.35309969722999991E-12 0 1.48325152709000009E-12 0 8.25846706743999973E-13 0
4.22885212045000016E-13 0 7.4488299696200004E-13 0 1.12914400028000009E-12 0 5.22060127803999974E-13 0 6.81101406840000001E-13 0 1.55285810128000002E-12 0 4.93653969220999984E-13 0 1.48347218882999999E-12 0 2.95395282230999993E-13 0 1.39400201290000006E-12 0 1.93215380644999997E-12 0 1.48707270738E-12 0 1.63657703482999991E-12 0 3.08681211313000008E-13 0 3.13293782197000009E-13 0 3.6035322438400002E-13 0 3.84452136356999986E-13 0 3.0491840160100001E-13 0 8.22463376356999933E-12 0 3.80717195584999985E-13 0 5.91007595991000045E-13 0 1.6279246219200001E-12 0 1.35309969722999991E-12 0 1.33235514213999998E-12 0 5.46916045529000031E-13 0
3.37240970976000017E-13 0 7.4488299696200004E-13 0 1.08394343368000005E-12 0 4.15076900220000015E-13 0 6.05029355105999953E-13 0 1.55285810128000002E-12 0 4.93653969220999984E-13 0 1.48347218882999999E-12 0 2.33588099723999992E-13 0 1.39400201290000006E-12 0 1.8947721219099998E-12 0 8.48187167262999996E-13 0 1.24474963925000006E-12 0 2.12474843250000012E-13 0 2.74017827287999986E-13 0 3.54136952740999982E-13 0 3.84452136356999986E-13 0 3.0491840160100001E-13 0 8.22463376356999933E-12 0 3.79221991074999998E-13 0 4.96467805286999956E-13 0 1.6279246219200001E-12 0 1.35309969722999991E-12 0 1.33235514213999998E-12 0 5.46916045529000031E-13 0
3.37240970976000017E-13 0 7.4488299696200004E-13 0 1.08394343368000005E-12 0 4.15076900220000015E-13 0 6.05029355105999953E-13 0 1.55285810128000002E-12 0 3.66469727987999975E-13 0 1.48347218882999999E-12 0 2.33588099723999992E-13 0 1.39400201290000006E-12 0 1.8947721219099998E-12 0 8.48187167262999996E-13 0 1.24474963925000006E-12 0 2.12474843250000012E-13 0 2.74017827287999986E-13 0 3.54136952740999982E-13 0 3.75314729020999976E-13 0 3.0491840160100001E-13 0 7.41443702561000042E-12 0 3.79221991074999998E-13 0 4.96467805286999956E-13 0 1.6279246219200001E-12 0 1.27593276540999996E-12 0 1.22153503072E-12 0 3.71746056454999985E-13 0
3.2686774584200001E-13 0 7.4488299696200004E-13 0 9.51141472542999908E-13 0 4.09340091973000014E-13 0 5.11084466129999956E-13 0 1.55285810128000002E-12 0 3.66469727987999975E-13 0 1.48347218882999999E-12 0 2.20109631765000001E-13 0 1.39400201290000006E-12 0 1.87247589002999992E-12 0 8.48187167262999996E-13 0 1.14953292770000004E-12 0 2.12474843250000012E-13 0 2.44069073321000021E-13 0 3.04663744783999976E-13 0 3.05816797455999992E-13 0 3.0491840160100001E-13 0 7.41443702561000042E-12 0 3.72869737842000011E-13 0 4.96467805286999956E-13 0 1.6279246219200001E-12 0 1.27593276540999996E-12 0 8.72117821421000001E-13 0 3.71746056454999985E-13 0
3.13629906494999996E-13 0 7.4488299696200004E-13 0 9.51141472542999908E-13 0 3.94632565785999995E-13 0 5.06076318671999954E-13 0 1.55285810128000002E-12 0 3.28348337912000022E-13 0 1.04930291054999991E-12 0 1.64076005070000008E-13 0 1.30692707637000001E-12 0 1.56200958233999997E-12 0 8.48187167262999996E-13 0 9.4624535254700005E-13 0 2.12474843250000012E-13 0 2.44069073321000021E-13 0 3.04663744783999976E-13 0 3.05816797455999992E-13 0 3.0491840160100001E-13 0 5.86320734661999997E-12 0 3.25344963366999981E-13 0 4.96467805286999956E-13 0 1.12605267288999995E-12 0 5.51917892107999966E-13 0 8.72117821421000001E-13 0 3.71746056454999985E-13 0
3.13629906494999996E-13 0 6.32676163278999959E-13 0 9.43693905529000039E-13 0 3.94632565785999995E-13 0 5.06076318671999954E-13 0 1.55285810128000002E-12 0 2.52282311379000011E-13 0 1.04930291054999991E-12 0 1.64076005070000008E-13 0 1.30692707637000001E-12 0 1.56200958233999997E-12 0 8.48187167262999996E-13 0 9.4624535254700005E-13 0 2.12474843250000012E-13 0 2.02788335465999994E-13 0 3.04663744783999976E-13 0 3.05816797455999992E-13 0 3.0491840160100001E-13 0 5.86320734661999997E-12 0 3.25344963366999981E-13 0 4.96467805286999956E-13 0 1.12605267288999995E-12 0 5.51917892107999966E-13 0 8.72117821421000001E-13 0 3.71746056454999985E-13 0
2.38809255232000012E-13 0 6.32676163278999959E-13 0 8.14073012855999983E-13 0 3.27507564713999994E-13 0 5.06076318671999954E-13 0 1.55285810128000002E-12 0 2.52282311379000011E-13 0 9.85327808793999981E-13 0 1.64076005070000008E-13 0 1.26562912924000002E-12 0 1.56200958233999997E-12 0 8.48187167262999996E-13 0 9.4624535254700005E-13 0 2.12474843250000012E-13 0 1.9123452235699999E-13 0 3.04663744783999976E-13 0 2.79388671639000004E-13 0 3.0491840160100001E-13 0 5.47743139953999995E-12 0 2.84955642709000004E-13 0 4.76571102763999972E-13 0 1.12605267288999995E-12 0 5.51917892107999966E-13 0 8.72117821421000001E-13 0 3.71746056454999985E-13 0
2.09930153826000009E-13 0 5.17852184194999974E-13 0 8.14073012855999983E-13 0 3.27507564713999994E-13 0 4.05521665567999991E-13 0 1.19387184897000009E-12 0 2.52282311379000011E-13 0 9.85327808793999981E-13 0 1.64076005070000008E-13 0 1.12876123698999997E-12 0 1.33209930898999999E-12 0 8.48187167262999996E-13 0 9.4624535254700005E-13 0 1.88043419769000009E-13 0 1.57376202154000009E-13 0 2.97672432686000006E-13 0 2.79388671639000004E-13 0 3.0491840160100001E-13 0 4.93863742147000005E-12 0 2.61837730256999993E-13 0 4.20324857691000019E-13 0 1.12605267288999995E-12 0 5.51917892107999966E-13 0 7.59899438182000016E-13 0 3.15871561438999995E-13 0
2.09930153826000009E-13 0 5.17852184194999974E-13 0 6.46577382310000007E-13 0 3.27507564713999994E-13 0 4.05521665567999991E-13 0 1.18706599011000001E-12 0 2.02231030499000003E-13 0 9.85327808793999981E-13 0 1.14362141084999994E-13 0 1.12876123698999997E-12 0 1.26945740939999994E-12 0 8.48187167262999996E-13 0 9.4624535254700005E-13 0 1.88043419769000009E-13 0 1.57376202154000009E-13 0 2.97672432686000006E-13 0 2.79388671639000004E-13 0 2.95393880237999991E-13 0 4.32476755507000016E-12 0 2.59453100629000015E-13 0 2.90609916351999985E-13 0 1.12605267288999995E-12 0 5.51917892107999966E-13 0 7.59899438182000016E-13 0 3.15871561438999995E-13 0
1.92402456321000003E-13 0 5.17852184194999974E-13 0 6.33229483339000029E-13 0 2.75742388203999979E-13 0 4.05521665567999991E-13 0 1.18706599011000001E-12 0 2.02231030499000003E-13 0 7.21576937446E-13 0 1.14362141084999994E-13 0 1.12876123698999997E-12 0 1.26945740939999994E-12 0 8.48187167262999996E-13 0 9.42345987832999998E-13 0 1.88043419769000009E-13 0 1.57376202154000009E-13 0 2.72693774677999984E-13 0 2.65398650395999984E-13 0 2.17776184531000009E-13 0 4.32476755507000016E-12 0 1.50884709664999987E-13 0 2.90609916351999985E-13 0 1.12605267288999995E-12 0 5.51917892107999966E-13 0 7.59899438182000016E-13 0 3.15871561438999995E-13 0
1.52428147839999993E-13 0 4.62787238311000013E-13 0 6.33229483339000029E-13 0 2.75742388203999979E-13 0 4.05521665567999991E-13 0 9.56775344118999926E-13 0 2.02231030499000003E-13 0 7.21576937446E-13 0 1.01083799148E-13 0 1.12876123698999997E-12 0 1.17329823241000009E-12 0 8.48187167262999996E-13 0 7.80814800913999969E-13 0 1.88043419769000009E-13 0 1.57376202154000009E-13 0 2.58156108473999989E-13 0 2.65398650395999984E-13 0 2.17776184531000009E-13 0 3.69327387343000018E-12 0 1.50884709664999987E-13 0 2.90376636259000019E-13 0 1.12605267288999995E-12 0 5.51917892107999966E-13 0 7.59899438182000016E-13 0 3.15871561438999995E-13 0
1.52428147839999993E-13 0 4.62787238311000013E-13 0 6.04127811877999984E-13 0 2.75742388203999979E-13 0 3.77192230666999991E-13 0 9.56775344118999926E-13 0 2.02231030499000003E-13 0 7.21576937446E-13 0 1.01083799148E-13 0 8.09227143831000029E-13 0 1.17329823241000009E-12 0 8.48187167262999996E-13 0 7.18032242750999983E-13 0 1.88043419769000009E-13 0 1.57376202154000009E-13 0 2.58156108473999989E-13 0 2.52734482361999977E-13 0 2.17776184531000009E-13 0 3.69327387343000018E-12 0 1.50884709664999987E-13 0 2.90376636259000019E-13 0 9.14106497024999921E-13 0 5.51917892107999966E-13 0 7.59899438182000016E-13 0 3.15871561438999995E-13 0
1.52428147839999993E-13 0 4.40028162504999983E-13 0 6.04127811877999984E-13 0 2.75742388203999979E-13 0 3.60267067407999989E-13 0 9.56775344118999926E-13 0 1.96157467772000009E-13 0 7.21576937446E-13 0 1.01083799148E-13 0 8.09227143831000029E-13 0 9.64822073389000032E-13 0 8.48187167262999996E-13 0 7.18032242750999983E-13 0 1.41364967923000011E-13 0 1.07644572563E-13 0 2.00156356328000011E-13 0 2.43894790561000003E-13 0 1.56489069515000011E-13 0 3.65797505035000009E-12 0 1.50884709664999987E-13 0 2.90376636259000019E-13 0 9.14106497024999921E-13 0 5.25615929124999976E-13 0 5.28421387334999962E-13 0 2.68403630365000021E-13 0
1.4360807874899999E-13 0 3.97128463065000019E-13 0 6.04127811877999984E-13 0 2.30598415385999976E-13 0 3.22583192641000003E-13 0 9.56775344118999926E-13 0 1.96157467772000009E-13 0 7.21576937446E-13 0 1.01083799148E-13 0 8.09227143831000029E-13 0 9.64822073389000032E-13 0 8.10511367926000003E-13 0 6.81815303452999965E-13 0 7.89013218445000022E-14 0 1.07644572563E-13 0 1.88628291471000004E-13 0 2.24953044381999997E-13 0 1.56489069515000011E-13 0 3.08380791107999985E-12 0 1.5051723248099999E-13 0 2.90376636259000019E-13 0 9.14106497024999921E-13 0 5.25615929124999976E-13 0 5.28421387334999962E-13 0 2.68403630365000021E-13 0
1.4360807874899999E-13 0 2.94875719082999977E-13 0 3.81182323923000015E-13 0 1.89222114460000002E-13 0 2.98056696244999985E-13 0 9.32333082785999968E-13 0 1.96157467772000009E-13 0 7.21576937446E-13 0 1.01083799148E-13 0 8.09227143831000029E-13 0 9.64822073389000032E-13 0 8.10511367926000003E-13 0 6.81815303452999965E-13 0 7.89013218445000022E-14 0 9.7687522802899994E-14 0 1.88628291471000004E-13 0 1.79370517406999997E-13 0 1.56489069515000011E-13 0 3.04820093497999993E-12 0 1.5051723248099999E-13 0 2.88435585877000005E-13 0 9.14106497024999921E-13 0 3.32834551351000013E-13 0 5.28421387334999962E-13 0 2.1210476959500001E-13 0
1.10057404549999996E-13 0 2.76409644076000015E-13 0 3.81182323923000015E-13 0 1.89222114460000002E-13 0 2.98056696244999985E-13 0 7.00517033358000049E-13 0 1.73122141964000002E-13 0 5.20433315346000048E-13 0 9.44528719801999996E-14 0 8.09227143831000029E-13 0 7.80047540893999991E-13 0 8.10511367926000003E-13 0 4.61481838048999953E-13 0 7.89013218445000022E-14 0 9.7687522802899994E-14 0 1.88628291471000004E-13 0 1.79370517406999997E-13 0 1.31906359634000008E-13 0 3.04820093497999993E-12 0 1.5051723248099999E-13 0 2.88435585877000005E-13 0 9.14106497024999921E-13 0 3.32834551351000013E-13 0 5.28421387334999962E-13 0 2.1210476959500001E-13 0
7.84961653302999953E-14 0 2.76409644076000015E-13 0 3.81182323923000015E-13 0 1.89222114460000002E-13 0 2.41458433835000015E-13 0 7.00517033358000049E-13 0 1.73122141964000002E-13 0 4.84564480184999982E-13 0 9.44528719801999996E-14 0 5.74887583798999976E-13 0 7.80047540893999991E-13 0 7.4143629637399997E-13 0 4.61481838048999953E-13 0 7.89013218445000022E-14 0 9.7687522802899994E-14 0 1.27670019348999994E-13 0 1.79370517406999997E-13 0 1.31906359634000008E-13 0 3.04820093497999993E-12 0 1.10306041467999998E-13 0 2.79710451972999976E-13 0 9.14106497024999921E-13 0 3.32834551351000013E-13 0 5.28421387334999962E-13 0 2.1210476959500001E-13 0
7.84961653302999953E-14 0 2.76409644076000015E-13 0 3.44690953224000012E-13 0 1.02936149126000001E-13 0 2.41458433835000015E-13 0 4.98303628658000049E-13 0 1.69385193193000007E-13 0 4.84564480184999982E-13 0 9.44528719801999996E-14 0 5.74887583798999976E-13 0 7.80047540893999991E-13 0 4.94562873956999977E-13 0 4.61481838048999953E-13 0 7.89013218445000022E-14 0 9.7687522802899994E-14 0 1.27670019348999994E-13 0 1.79370517406999997E-13 0 1.14464760764999996E-13 0 2.05091628091000007E-12 0 1.10306041467999998E-13 0 2.69807810800999989E-13 0 9.14106497024999921E-13 0 3.32834551351000013E-13 0 5.28421387334999962E-13 0 2.1210476959500001E-13 0
7.84961653302999953E-14 0 2.76409644076000015E-13 0 3.44690953224000012E-13 0 1.02936149126000001E-13 0 2.41458433835000015E-13 0 4.98303628658000049E-13 0 1.37554738306999999E-13 0 4.84564480184999982E-13 0 9.44528719801999996E-14 0 5.74887583798999976E-13 0 7.80047540893999991E-13 0 4.94562873956999977E-13 0 4.61481838048999953E-13 0 7.89013218445000022E-14 0 9.7687522802899994E-14 0 1.27670019348999994E-13 0 1.79370517406999997E-13 0 1.14464760764999996E-13 0 2.05091628091000007E-12 0 1.10306041467999998E-13 0 2.20071198478999991E-13 0 8.30883004262000047E-13 0 3.31615126323999978E-13 0 5.23569813452000019E-13 0 2.1210476959500001E-13 0
7.84961653302999953E-14 0 2.76409644076000015E-13 0 3.14716577244999977E-13 0 1.02936149126000001E-13 0 1.94323161532999996E-13 0 4.98303628658000049E-13 0 1.37554738306999999E-13 0 4.17408403924999997E-13 0 9.24483021325999982E-14 0 5.44858080036000032E-13 0 7.80047540893999991E-13 0 4.94562873956999977E-13 0 4.61481838048999953E-13 0 7.89013218445000022E-14 0 9.7687522802899994E-14 0 1.27670019348999994E-13 0 1.44991658096999991E-13 0 1.13056940657999996E-13 0 2.05091628091000007E-12 0 1.10306041467999998E-13 0 2.20071198478999991E-13 0 8.24768610461999975E-13 0 3.31615126323999978E-13 0 4.89880785902999973E-13 0 1.27680921241000007E-13 0
7.84961653302999953E-14 0 1.87315764708999993E-13 0 3.14716577244999977E-13 0 7.27450027394000047E-14 0 1.94323161532999996E-13 0 4.98303628658000049E-13 0 9.15343290727999962E-14 0 4.17408403924999997E-13 0 9.24483021325999982E-14 0 5.44858080036000032E-13 0 7.32223785673999958E-13 0 4.94562873956999977E-13 0 4.61481838048999953E-13 0 7.89013218445000022E-14 0 9.7687522802899994E-14 0 1.27670019348999994E-13 0 1.44991658096999991E-13 0 8.91998489077000018E-14 0 2.01382234062999987E-12 0 1.10306041467999998E-13 0 1.39741547193000007E-13 0 7.55315461720000048E-13 0 3.31615126323999978E-13 0 4.29424367322E-13 0 1.27680921241000007E-13 0
7.84961653302999953E-14 0 1.87315764708999993E-13 0 2.43576206477999976E-13 0 7.27450027394000047E-14 0 1.54384133744999988E-13 0 4.98303628658000049E-13 0 9.15343290727999962E-14 0 4.17408403924999997E-13 0 9.24483021325999982E-14 0 4.73830282160999971E-13 0 7.32223785673999958E-13 0 4.94562873956999977E-13 0 4.60112500385000043E-13 0 7.89013218445000022E-14 0 5.02609271807999986E-14 0 1.24158300504000002E-13 0 1.38483742171000005E-13 0 8.91998489077000018E-14 0 2.01382234062999987E-12 0 8.74584646165999992E-14 0 1.39741547193000007E-13 0 7.55315461720000048E-13 0 3.31615126323999978E-13 0 4.29424367322E-13 0 1.27680921241000007E-13 0
7.84961653302999953E-14 0 1.87315764708999993E-13 0 2.43576206477999976E-13 0 7.27450027394000047E-14 0 1.54384133744999988E-13 0 4.98303628658000049E-13 0 9.15343290727999962E-14 0 4.17408403924999997E-13 0 8.50845818960999985E-14 0 4.73830282160999971E-13 0 5.26252573890999979E-13 0 4.94562873956999977E-13 0 3.49359348761999981E-13 0 7.89013218445000022E-14 0 4.56035518876000001E-14 0 1.21037649111999993E-13 0 1.29735713522000008E-13 0 6.68862065209999988E-14 0 2.01382234062999987E-12 0 8.74584646165999992E-14 0 1.39741547193000007E-13 0 6.32071854587000042E-13 0 3.31615126323999978E-13 0 3.82529197156000007E-13 0 4.05837606607000009E-14 0
7.25962373506999959E-14 0 1.87315764708999993E-13 0 2.43576206477999976E-13 0 7.27450027394000047E-14 0 1.54384133744999988E-13 0 4.98303628658000049E-13 0 5.59300200769000015E-14 0 4.17408403924999997E-13 0 5.84935272405E-14 0 4.73830282160999971E-13 0 5.26252573890999979E-13 0 4.94562873956999977E-13 0 3.49359348761999981E-13 0 6.94431883598000006E-14 0 4.56035518876000001E-14 0 1.02475513525999996E-13 0 1.17896872740000012E-13 0 6.68862065209999988E-14 0 2.01382234062999987E-12 0 8.25915165932999989E-14 0 1.39741547193000007E-13 0 6.32071854587000042E-13 0 3.25007139533999977E-13 0 3.82529197156000007E-13 0 4.05837606607000009E-14 0
7.25962373506999959E-14 0 1.73338279384000005E-13 0 2.43576206477999976E-13 0 7.27450027394000047E-14 0 1.53951293759000012E-13 0 4.98303628658000049E-13 0 5.59300200769000015E-14 0 2.93131489666999982E-13 0 5.84935272405E-14 0 4.19377807389000008E-13 0 4.11131257455000006E-13 0 4.56287696086000004E-13 0 3.49359348761999981E-13 0 6.94431883598000006E-14 0 4.56035518876000001E-14 0 1.02475513525999996E-13 0 1.16898729482000003E-13 0 6.68862065209999988E-14 0 1.56185246483999991E-12 0 8.25915165932999989E-14 0 1.39741547193000007E-13 0 6.32071854587000042E-13 0 3.25007139533999977E-13 0 3.09809906438999982E-13 0 4.05837606607000009E-14 0
7.25962373506999959E-14 0 1.60315461773999998E-13 0 2.43576206477999976E-13 0 7.27450027394000047E-14 0 1.53951293759000012E-13 0 3.74989428385999993E-13 0 5.59300200769000015E-14 0 2.93131489666999982E-13 0 5.84935272405E-14 0 4.19377807389000008E-13 0 4.11131257455000006E-13 0 4.56287696086000004E-13 0 2.97112340424999977E-13 0 6.94431883598000006E-14 0 4.56035518876000001E-14 0 9.66017326619999962E-14 0 1.16898729482000003E-13 0 6.68862065209999988E-14 0 1.56185246483999991E-12 0 8.25915165932999989E-14 0 1.39741547193000007E-13 0 5.4724965527500005E-13 0 2.5651735829799998E-13 0 3.09809906438999982E-13 0 4.05837606607000009E-14 0
7.25962373506999959E-14 0 1.60315461773999998E-13 0 1.93920436230999999E-13 0 7.27450027394000047E-14 0 1.13978694066999994E-13 0 3.74989428385999993E-13 0 5.59300200769000015E-14 0 2.20019521474999995E-13 0 3.70606188992000013E-14 0 3.4353036488700001E-13 0 4.11131257455000006E-13 0 4.56287696086000004E-13 0 2.97112340424999977E-13 0 6.94431883598000006E-14 0 4.56035518876000001E-14 0 7.76894766196999972E-14 0 1.14340780244000011E-13 0 6.68862065209999988E-14 0 1.56185246483999991E-12 0 5.78203020966000024E-14 0 1.39741547193000007E-13 0 4.32311642387000011E-13 0 2.5651735829799998E-13 0 3.09809906438999982E-13 0 4.05837606607000009E-14 0
6.58562272341000025E-14 0 1.34450019407999997E-13 0 1.93920436230999999E-13 0 7.1826010237700004E-14 0 1.13978694066999994E-13 0 3.74989428385999993E-13 0 5.59300200769000015E-14 0 2.11486103502999995E-13 0 3.70606188992000013E-14 0 3.4353036488700001E-13 0 4.11131257455000006E-13 0 4.56287696086000004E-13 0 2.81663004064999991E-13 0 6.75411233621999957E-14 0 4.56035518876000001E-14 0 7.54997650077999962E-14 0 1.14340780244000011E-13 0 6.68862065209999988E-14 0 1.06487485800000001E-12 0 5.78203020966000024E-14 0 1.39741547193000007E-13 0 4.32311642387000011E-13 0 2.5651735829799998E-13 0 2.68027057181999994E-13 0 4.05837606607000009E-14 0
5.65330692354999993E-14 0 1.34450019407999997E-13 0 1.93920436230999999E-13 0 7.1826010237700004E-14 0 1.13978694066999994E-13 0 3.74989428385999993E-13 0 5.59300200769000015E-14 0 2.11486103502999995E-13 0 3.70606188992000013E-14 0 3.4353036488700001E-13 0 4.11131257455000006E-13 0 4.56287696086000004E-13 0 2.81663004064999991E-13 0 5.95017647748999952E-14 0 4.56035518876000001E-14 0 7.15901158563000047E-14 0 1.07818772471999999E-13 0 6.68862065209999988E-14 0 8.48045479874000018E-13 0 5.78203020966000024E-14 0 9.01653980823999966E-14 0 4.32311642387000011E-13 0 2.5651735829799998E-13 0 2.68027057181999994E-13 0 4.05837606607000009E-14 0
4.44008088624000004E-14 0 1.34450019407999997E-13 0 1.88765492296999988E-13 0 7.1826010237700004E-14 0 1.13978694066999994E-13 0 3.28995207983999999E-13 0 5.59300200769000015E-14 0 2.11486103502999995E-13 0 3.70606188992000013E-14 0 2.77632031112999989E-13 0 4.11131257455000006E-13 0 4.56287696086000004E-13 0 2.81663004064999991E-13 0 4.70398443433999972E-14 0 4.56035518876000001E-14 0 5.82812125252000021E-14 0 7.79485238377999987E-14 0 6.68862065209999988E-14 0 8.48045479874000018E-13 0 5.78203020966000024E-14 0 9.01653980823999966E-14 0 3.92537316999999983E-13 0 2.52041323182000005E-13 0 2.1759941733699999E-13 0 4.05837606607000009E-14 0
4.44008088624000004E-14 0 1.25017854198999997E-13 0 1.4580593459499999E-13 0 6.93121060340000025E-14 0 1.02559233978E-13 0 3.28995207983999999E-13 0 5.59300200769000015E-14 0 2.11486103502999995E-13 0 3.70606188992000013E-14 0 2.77632031112999989E-13 0 3.58449334898000009E-13 0 4.55898354166E-13 0 2.40411793328000015E-13 0 4.70398443433999972E-14 0 4.56035518876000001E-14 0 5.82812125252000021E-14 0 5.95270885867999969E-14 0 6.12523446428000003E-14 0 8.48045479874000018E-13 0 5.78203020966000024E-14 0 9.01653980823999966E-14 0 3.54271635044999987E-13 0 1.87389588699000001E-13 0 1.89055762513000005E-13 0 4.05837606607000009E-14 0
4.17016250502999983E-14 0 1.25017854198999997E-13 0 1.4580593459499999E-13 0 4.1983407452199999E-14 0 1.02559233978E-13 0 3.28995207983999999E-13 0 5.59300200769000015E-14 0 2.11486103502999995E-13 0 3.70606188992000013E-14 0 1.96714792503000001E-13 0 3.58449334898000009E-13 0 4.54423797945999991E-13 0 2.24599458546999995E-13 0 4.70398443433999972E-14 0 4.56035518876000001E-14 0 4.42420389834000015E-14 0 5.95270885867999969E-14 0 6.12523446428000003E-14 0 8.48045479874000018E-13 0 5.78203020966000024E-14 0 9.01653980823999966E-14 0 3.54271635044999987E-13 0 1.87389588699000001E-13 0 1.89055762513000005E-13 0 4.05837606607000009E-14 0
4.17016250502999983E-14 0 7.94268832022000021E-14 0 1.4580593459499999E-13 0 4.1983407452199999E-14 0 9.84343183792000055E-14 0 3.25566270150000018E-13 0 5.31341416229999991E-14 0 2.11486103502999995E-13 0 3.70606188992000013E-14 0 1.96714792503000001E-13 0 3.13096581304999982E-13 0 3.74817351467000017E-13 0 2.05545865495999991E-13 0 2.77255150458999998E-14 0 4.56035518876000001E-14 0 4.42420389834000015E-14 0 5.95270885867999969E-14 0 6.12523446428000003E-14 0 8.48045479874000018E-13 0 5.36217145020999984E-14 0 9.01653980823999966E-14 0 2.93069078132999989E-13 0 1.87389588699000001E-13 0 1.69185328544000012E-13 0 4.05837606607000009E-14 0
3.92596278674999993E-14 0 7.94268832022000021E-14 0 1.4580593459499999E-13 0 4.1983407452199999E-14 0 7.56043689489000046E-14 0 2.26550581666999989E-13 0 5.31341416229999991E-14 0 2.11486103502999995E-13 0 3.70606188992000013E-14 0 1.96714792503000001E-13 0 3.13096581304999982E-13 0 1.45198731265999994E-13 0 2.05545865495999991E-13 0 2.77255150458999998E-14 0 3.36467731608000005E-14 0 3.29262715739999971E-14 0 5.65307848910000002E-14 0 6.12523446428000003E-14 0 8.29297576163000012E-13 0 5.36217145020999984E-14 0 7.23974321328999974E-14 0 2.93069078132999989E-13 0 1.87389588699000001E-13 0 1.69185328544000012E-13 0 4.05837606607000009E-14 0
3.48657431670999977E-14 0 7.80841715498999995E-14 0 1.42416110932000001E-13 0 4.1983407452199999E-14 0 7.56043689489000046E-14 0 2.26550581666999989E-13 0 2.59436035063999993E-14 0 2.11486103502999995E-13 0 3.70606188992000013E-14 0 1.96714792503000001E-13 0 3.13096581304999982E-13 0 1.45198731265999994E-13 0 1.70875553744E-13 0 2.77255150458999998E-14 0 3.36467731608000005E-14 0 3.09746388038999995E-14 0 4.2148273266099997E-14 0 6.12523446428000003E-14 0 5.63518980435999977E-13 0 4.89508585104999997E-14 0 7.23974321328999974E-14 0 2.43946385770999982E-13 0 1.5458495587200001E-13 0 1.50196058488000005E-13 0 4.05837606607000009E-14 0
3.48657431670999977E-14 0 7.80841715498999995E-14 0 1.42416110932000001E-13 0 4.1983407452199999E-14 0 6.90820053613000043E-14 0 2.21573221096000008E-13 0 2.59436035063999993E-14 0 1.70127738387000008E-13 0 3.70606188992000013E-14 0 1.96714792503000001E-13 0 2.60130696190000013E-13 0 1.45198731265999994E-13 0 1.6160569599400001E-13 0 2.77255150458999998E-14 0 3.36467731608000005E-14 0 3.09746388038999995E-14 0 4.2148273266099997E-14 0 6.12523446428000003E-14 0 5.63518980435999977E-13 0 4.89508585104999997E-14 0 7.23974321328999974E-14 0 2.43946385770999982E-13 0 1.5458495587200001E-13 0 1.50196058488000005E-13 0 4.05837606607000009E-14 0
2.50211649242000016E-14 0 7.80841715498999995E-14 0 1.17741023043999996E-13 0 4.1983407452199999E-14 0 6.41953022807999938E-14 0 2.21573221096000008E-13 0 2.59436035063999993E-14 0 1.70127738387000008E-13 0 2.56896389273999989E-14 0 1.96714792503000001E-13 0 2.60130696190000013E-13 0 1.45198731265999994E-13 0 1.6160569599400001E-13 0 2.77255150458999998E-14 0 3.30086669257000026E-14 0 3.09746388038999995E-14 0 4.2148273266099997E-14 0 5.17057281136999995E-14 0 5.63518980435999977E-13 0 3.97903283523999982E-14 0 7.23974321328999974E-14 0 2.43946385770999982E-13 0 1.5458495587200001E-13 0 1.50196058488000005E-13 0 4.05837606607000009E-14 0
2.50211649242000016E-14 0 6.66503597031000027E-14 0 1.09274454827999997E-13 0 4.1983407452199999E-14 0 5.13215142294999975E-14 0 2.21573221096000008E-13 0 2.59436035063999993E-14 0 1.70127738387000008E-13 0 2.56896389273999989E-14 0 1.71729552005000011E-13 0 2.30752500853999996E-13 0 1.45198731265999994E-13 0 1.6160569599400001E-13 0 2.77255150458999998E-14 0 3.14927548886000002E-14 0 3.09746388038999995E-14 0 4.2148273266099997E-14 0 4.69641992037999974E-14 0 5.63518980435999977E-13 0 3.97903283523999982E-14 0 7.23974321328999974E-14 0 2.20933456304999988E-13 0 1.53793976672999993E-13 0 1.17486220657000002E-13 0 4.05837606607000009E-14 0
2.50211649242000016E-14 0 6.65229394342999982E-14 0 1.00015645261000002E-13 0 3.63403714749999998E-14 0 5.13215142294999975E-14 0 1.88627077300000006E-13 0 2.59436035063999993E-14 0 1.61797992226000001E-13 0 2.56896389273999989E-14 0 1.13786780978E-13 0 2.30752500853999996E-13 0 1.45198731265999994E-13 0 1.09584652718999996E-13 0 2.34173369439000015E-14 0 3.0992655346000001E-14 0 3.02845436852999973E-14 0 4.2148273266099997E-14 0 3.53257637076999972E-14 0 5.63518980435999977E-13 0 3.97903283523999982E-14 0 4.97027356470999993E-14 0 2.20933456304999988E-13 0 1.34247211436999999E-13 0 1.17486220657000002E-13 0 4.05837606607000009E-14 0
2.50211649242000016E-14 0 6.65229394342999982E-14 0 1.00015645261000002E-13 0 3.1372310333599997E-14 0 5.13215142294999975E-14 0 1.88627077300000006E-13 0 2.59436035063999993E-14 0 1.61797992226000001E-13 0 2.56896389273999989E-14 0 1.13786780978E-13 0 2.11221354260999999E-13 0 1.45198731265999994E-13 0 1.09584652718999996E-13 0 2.34173369439000015E-14 0 1.8789700446100001E-14 0 3.02845436852999973E-14 0 4.2148273266099997E-14 0 3.53257637076999972E-14 0 5.63518980435999977E-13 0 3.77802441430999973E-14 0 4.97027356470999993E-14 0 2.03634501328000012E-13 0 1.34247211436999999E-13 0 9.30910375460999996E-14 0 4.05837606607000009E-14 0
2.50211649242000016E-14 0 6.65229394342999982E-14 0 1.00015645261000002E-13 0 3.1372310333599997E-14 0 5.13215142294999975E-14 0 1.88627077300000006E-13 0 2.59436035063999993E-14 0 1.44563871992999991E-13 0 2.56896389273999989E-14 0 1.12569337594999997E-13 0 1.92951412256000004E-13 0 1.45198731265999994E-13 0 1.09584652718999996E-13 0 2.34173369439000015E-14 0 1.8789700446100001E-14 0 3.02845436852999973E-14 0 4.2148273266099997E-14 0 3.53257637076999972E-14 0 5.63518980435999977E-13 0 3.61465080790999981E-14 0 4.97027356470999993E-14 0 2.03634501328000012E-13 0 1.34247211436999999E-13 0 9.30910375460999996E-14 0 3.77543391055999988E-14 0
2.50211649242000016E-14 0 6.65229394342999982E-14 0 8.5145982300799996E-14 0 3.1372310333599997E-14 0 5.09454560780999978E-14 0 1.84114790072999995E-13 0 2.59436035063999993E-14 0 1.44563871992999991E-13 0 2.46787831350000009E-14 0 1.12569337594999997E-13 0 1.92951412256000004E-13 0 1.45198731265999994E-13 0 1.09584652718999996E-13 0 2.34173369439000015E-14 0 1.83598081753000014E-14 0 3.02845436852999973E-14 0 3.89515129661999983E-14 0 3.53257637076999972E-14 0 5.63518980435999977E-13 0 3.30709626887000014E-14 0 4.97027356470999993E-14 0 1.86218048485999999E-13 0 9.36763870224000006E-14 0 9.30910375460999996E-14 0 3.77543391055999988E-14 0
2.48278197982000005E-14 0 4.40150432017999984E-14 0 8.5145982300799996E-14 0 3.1372310333599997E-14 0 4.44475758603000009E-14 0 1.60886831120000012E-13 0 2.28105153409000002E-14 0 1.39267090110000004E-13 0 2.34861862078999985E-14 0 1.12569337594999997E-13 0 1.66458468970000007E-13 0 1.45198731265999994E-13 0 1.09584652718999996E-13 0 2.14378136728999999E-14 0 1.83598081753000014E-14 0 2.67314171229000015E-14 0 3.89515129661999983E-14 0 2.96629324747000023E-14 0 5.63518980435999977E-13 0 2.53658172240999994E-14 0 4.97027356470999993E-14 0 1.31179798149999996E-13 0 9.36763870224000006E-14 0 9.30910375460999996E-14 0 3.77543391055999988E-14 0
2.16982140080000006E-14 0 4.40150432017999984E-14 0 8.5145982300799996E-14 0 3.08643021001000014E-14 0 4.05375987668E-14 0 1.49551410840000009E-13 0 2.28105153409000002E-14 0 1.39267090110000004E-13 0 1.27627952112000001E-14 0 1.12569337594999997E-13 0 1.66458468970000007E-13 0 1.45198731265999994E-13 0 1.09584652718999996E-13 0 2.14378136728999999E-14 0 1.83598081753000014E-14 0 1.68505262492999999E-14 0 2.48015542581000002E-14 0 2.44966886483999987E-14 0 5.01474046427000007E-13 0 2.53658172240999994E-14 0 4.10584636302000026E-14 0 1.31179798149999996E-13 0 9.36763870224000006E-14 0 9.30910375460999996E-14 0 3.37001096494000004E-14 0
1.96605096809000001E-14 0 4.16598785400999983E-14 0 8.5145982300799996E-14 0 3.08643021001000014E-14 0 4.05375987668E-14 0 1.24445856966999989E-13 0 2.28105153409000002E-14 0 1.39267090110000004E-13 0 1.27627952112000001E-14 0 1.12569337594999997E-13 0 1.66458468970000007E-13 0 1.45198731265999994E-13 0 1.08117939550000004E-13 0 1.45556866167999986E-14 0 1.61604580108000015E-14 0 1.68505262492999999E-14 0 2.48015542581000002E-14 0 2.44966886483999987E-14 0 4.22209965450000011E-13 0 2.53658172240999994E-14 0 4.10584636302000026E-14 0 1.31179798149999996E-13 0 8.41610567441999967E-14 0 6.19334068922999947E-14 0 3.37001096494000004E-14 0
1.93415283662000007E-14 0 4.16598785400999983E-14 0 7.44126933193000055E-14 0 2.88290338554999989E-14 0 4.05375987668E-14 0 1.24445856966999989E-13 0 1.98303948173000012E-14 0 1.19291626475999995E-13 0 1.27627952112000001E-14 0 1.12569337594999997E-13 0 1.66458468970000007E-13 0 1.45198731265999994E-13 0 1.0064764576E-13 0 1.45556866167999986E-14 0 1.15404121738000003E-14 0 1.68505262492999999E-14 0 2.48015542581000002E-14 0 2.44966886483999987E-14 0 4.22209965450000011E-13 0 1.76701935326000006E-14 0 3.70439443137999972E-14 0 1.24794724029999988E-13 0 8.41610567441999967E-14 0 6.19334068922999947E-14 0 2.59877922352000005E-14 0
1.93415283662000007E-14 0 4.16598785400999983E-14 0 6.34702173851999962E-14 0 2.13226226164000006E-14 0 2.1695190083E-14 0 1.09532497311000006E-13 0 1.98303948173000012E-14 0 1.19291626475999995E-13 0 1.27627952112000001E-14 0 1.12569337594999997E-13 0 1.4260982657299999E-13 0 1.45198731265999994E-13 0 9.83570087760000041E-14 0 1.45556866167999986E-14 0 1.15404121738000003E-14 0 1.68505262492999999E-14 0 2.21022733222999992E-14 0 2.13466772886000012E-14 0 4.22209965450000011E-13 0 1.76701935326000006E-14 0 3.70439443137999972E-14 0 1.13114014243999998E-13 0 8.41610567441999967E-14 0 6.19334068922999947E-14 0 2.59877922352000005E-14 0
1.72808703583999986E-14 0 3.80244639064999988E-14 0 6.34702173851999962E-14 0 1.80486170591000004E-14 0 2.1695190083E-14 0 7.0296762954600004E-14 0 1.61281571884999986E-14 0 9.46395000491999953E-14 0 1.27627952112000001E-14 0 1.01349858224999998E-13 0 9.10721201017999948E-14 0 1.13984796233000007E-13 0 8.94358080466000009E-14 0 1.22589147563999995E-14 0 1.15404121738000003E-14 0 1.68505262492999999E-14 0 2.21022733222999992E-14 0 2.13466772886000012E-14 0 3.66544429083000007E-13 0 1.76701935326000006E-14 0 3.70439443137999972E-14 0 1.13114014243999998E-13 0 6.32627889008000056E-14 0 5.06389275499999983E-14 0 2.50745737589999997E-14 0
1.66362829885999999E-14 0 3.80244639064999988E-14 0 4.59878864329999987E-14 0 1.57523572428999986E-14 0 2.1695190083E-14 0 7.0296762954600004E-14 0 1.61281571884999986E-14 0 8.69051829694999948E-14 0 1.24056611067999995E-14 0 8.93794518745999988E-14 0 9.10721201017999948E-14 0 1.13984796233000007E-13 0 8.16609362352000002E-14 0 1.22589147563999995E-14 0 1.15404121738000003E-14 0 1.61455581657999996E-14 0 1.88174740293000005E-14 0 2.13466772886000012E-14 0 3.66544429083000007E-13 0 1.76701935326000006E-14 0 3.39936604618000001E-14 0 1.03075547912999997E-13 0 6.32627889008000056E-14 0 5.06389275499999983E-14 0 2.22487577659000006E-14 0
1.66362829885999999E-14 0 3.0610437169999997E-14 0 4.59878864329999987E-14 0 1.57523572428999986E-14 0 2.1695190083E-14 0 7.0296762954600004E-14 0 1.54918788987999988E-14 0 8.52952010547999956E-14 0 1.24056611067999995E-14 0 8.93794518745999988E-14 0 9.10721201017999948E-14 0 9.45920111992000019E-14 0 7.34332640551000048E-14 0 9.47752340612000066E-15 0 1.15404121738000003E-14 0 1.59222444214999998E-14 0 1.88174740293000005E-14 0 2.12894775916999994E-14 0 3.52033043032000014E-13 0 1.76701935326000006E-14 0 3.39936604618000001E-14 0 1.03075547912999997E-13 0 6.32627889008000056E-14 0 5.06389275499999983E-14 0 2.22487577659000006E-14 0
1.66362829885999999E-14 0 2.69158204270000002E-14 0 4.59878864329999987E-14 0 1.25369647813000002E-14 0 2.1695190083E-14 0 6.56942865495000028E-14 0 1.29318802740999994E-14 0 8.52952010547999956E-14 0 1.24056611067999995E-14 0 6.96445822222999955E-14 0 9.10721201017999948E-14 0 9.33971456609999959E-14 0 6.59174129512999972E-14 0 9.47752340612000066E-15 0 1.10481746967999997E-14 0 1.47540912047999998E-14 0 1.88174740293000005E-14 0 2.11147404666000012E-14 0 3.30366970475999996E-13 0 1.76701935326000006E-14 0 2.19827703458E-14 0 1.03075547912999997E-13 0 6.32627889008000056E-14 0 5.06389275499999983E-14 0 2.22487577659000006E-14 0
1.40604075218999996E-14 0 2.69158204270000002E-14 0 4.59878864329999987E-14 0 1.06222069041999996E-14 0 2.1695190083E-14 0 6.56942865495000028E-14 0 1.07263815200000003E-14 0 8.52952010547999956E-14 0 1.23789377451999995E-14 0 6.87634275680000057E-14 0 9.10721201017999948E-14 0 9.33971456609999959E-14 0 6.59174129512999972E-14 0 9.47752340612000066E-15 0 8.85398934290000045E-15 0 1.47540912047999998E-14 0 1.88174740293000005E-14 0 1.85045403939999995E-14 0 2.74314052612999976E-13 0 1.49648373274000013E-14 0 2.19827703458E-14 0 1.03075547912999997E-13 0 4.83485085296000024E-14 0 5.06389275499999983E-14 0 2.22487577659000006E-14 0
9.87137359316999993E-15 0 2.69158204270000002E-14 0 3.17649898407999991E-14 0 1.06222069041999996E-14 0 2.1695190083E-14 0 6.56942865495000028E-14 0 1.07263815200000003E-14 0 8.14145564757000048E-14 0 1.23789377451999995E-14 0 6.82581559075999979E-14 0 8.58340354079999942E-14 0 8.79235567933999946E-14 0 5.38664138097000014E-14 0 9.06251218466999997E-15 0 8.85398934290000045E-15 0 1.28169349632000005E-14 0 1.88174740293000005E-14 0 1.85045403939999995E-14 0 2.36592080360000002E-13 0 1.29955903749000002E-14 0 2.19827703458E-14 0 9.97052971535999965E-14 0 4.83485085296000024E-14 0 5.06389275499999983E-14 0 2.22487577659000006E-14 0
7.70940113678000073E-15 0 2.69158204270000002E-14 0 3.17649898407999991E-14 0 1.06222069041999996E-14 0 2.00890734712000001E-14 0 6.56942865495000028E-14 0 1.07263815200000003E-14 0 7.87906147991000053E-14 0 1.23789377451999995E-14 0 5.08205993076000004E-14 0 8.58340354079999942E-14 0 8.79235567933999946E-14 0 5.38664138097000014E-14 0 9.06251218466999997E-15 0 8.2704795202799994E-15 0 1.00469526575000004E-14 0 1.68480250752000002E-14 0 1.30231216738000004E-14 0 2.36592080360000002E-13 0 1.29955903749000002E-14 0 1.21111681589000008E-14 0 6.64011041648000007E-14 0 4.83485085296000024E-14 0 3.10318536280000014E-14 0 2.07323204177999986E-14 0
7.70940113678000073E-15 0 1.6719923867600001E-14 0 3.17649898407999991E-14 0 1.06222069041999996E-14 0 2.00890734712000001E-14 0 6.56942865495000028E-14 0 1.07263815200000003E-14 0 6.93760207702000033E-14 0 1.12427721461999993E-14 0 5.08205993076000004E-14 0 8.58340354079999942E-14 0 7.23018567252999955E-14 0 5.38664138097000014E-14 0 6.41753408201000026E-15 0 8.2704795202799994E-15 0 1.00469526575000004E-14 0 1.68480250752000002E-14 0 1.30231216738000004E-14 0 1.94520111302000011E-13 0 1.29955903749000002E-14 0 7.57284312815000012E-15 0 5.64278509336000009E-14 0 4.83485085296000024E-14 0 3.02553086299000001E-14 0 2.07323204177999986E-14 0
7.70940113678000073E-15 0 1.6719923867600001E-14 0 3.17649898407999991E-14 0 1.06222069041999996E-14 0 1.84122858452999991E-14 0 6.56942865495000028E-14 0 1.07263815200000003E-14 0 6.93760207702000033E-14 0 1.03879798518999996E-14 0 4.95229083195000012E-14 0 8.58340354079999942E-14 0 6.87555095657000022E-14 0 4.99929598493999977E-14 0 6.41753408201000026E-15 0 5.28044122209000024E-15 0 1.00469526575000004E-14 0 1.58062334209999986E-14 0 1.30231216738000004E-14 0 1.4858647840699999E-13 0 1.29955903749000002E-14 0 7.57284312815000012E-15 0 5.64278509336000009E-14 0 3.8938530998600001E-14 0 3.02553086299000001E-14 0 1.86265056656999995E-14 0
7.3907576673999995E-15 0 1.6719923867600001E-14 0 3.17649898407999991E-14 0 1.06222069041999996E-14 0 1.44772438116999994E-14 0 5.92396138626999982E-14 0 1.07263815200000003E-14 0 6.45107714227999997E-14 0 1.03879798518999996E-14 0 4.95229083195000012E-14 0 7.24312668738999968E-14 0 6.36270050305999956E-14 0 4.93001881388000002E-14 0 6.41753408201000026E-15 0 5.28044122209000024E-15 0 1.00469526575000004E-14 0 1.56632389231999988E-14 0 1.30231216738000004E-14 0 1.4858647840699999E-13 0 1.04470987485000006E-14 0 7.57284312815000012E-15 0 5.64278509336000009E-14 0 3.87243847948000031E-14 0 3.02553086299000001E-14 0 1.86265056656999995E-14 0
5.60016001489000031E-15 0 1.56528436846000001E-14 0 3.17649898407999991E-14 0 1.06222069041999996E-14 0 1.44772438116999994E-14 0 4.56139147665999981E-14 0 1.07263815200000003E-14 0 6.05041449787999999E-14 0 7.95611486056000026E-15 0 4.95229083195000012E-14 0 7.24312668738999968E-14 0 6.0146499514999998E-14 0 4.93001881388000002E-14 0 5.62740197702999976E-15 0 5.06327819310000015E-15 0 9.04029867976000015E-15 0 1.56632389231999988E-14 0 1.30231216738000004E-14 0 1.26952644345000007E-13 0 1.04470987485000006E-14 0 7.57284312815000012E-15 0 4.29638581348999988E-14 0 3.87243847948000031E-14 0 3.02553086299000001E-14 0 1.46424007719999988E-14 0
5.60016001489000031E-15 0 1.39562661124000002E-14 0 3.17649898407999991E-14 0 1.06222069041999996E-14 0 1.44772438116999994E-14 0 4.56139147665999981E-14 0 7.44863861363999959E-15 0 5.7651477530000003E-14 0 7.92291902610000022E-15 0 4.50129020030999996E-14 0 6.24463183502000016E-14 0 5.75086318382000019E-14 0 4.93001881388000002E-14 0 5.62740197702999976E-15 0 4.5520699634199998E-15 0 8.75194197275000029E-15 0 1.56632389231999988E-14 0 1.30231216738000004E-14 0 1.26952644345000007E-13 0 1.04470987485000006E-14 0 7.57284312815000012E-15 0 4.29638581348999988E-14 0 3.43736544550999979E-14 0 2.80939428186999984E-14 0 1.46424007719999988E-14 0
5.60016001489000031E-15 0 1.39562661124000002E-14 0 2.86173565977999978E-14 0 1.06222069041999996E-14 0 1.44772438116999994E-14 0 4.56139147665999981E-14 0 7.41155702724000034E-15 0 4.58826476094000025E-14 0 4.88721960833999983E-15 0 3.97811124734000019E-14 0 5.47441240072000008E-14 0 4.93776476898999969E-14 0 4.93001881388000002E-14 0 5.62740197702999976E-15 0 4.5520699634199998E-15 0 6.83491369590000016E-15 0 1.49735338487999985E-14 0 1.29918133568999993E-14 0 1.26952644345000007E-13 0 1.04470987485000006E-14 0 7.57284312815000012E-15 0 4.29638581348999988E-14 0 2.92817203042000016E-14 0 2.80939428186999984E-14 0 1.46424007719999988E-14 0
5.49871822636000001E-15 0 1.39562661124000002E-14 0 2.06906962605000012E-14 0 8.79149225148999968E-15 0 1.44772438116999994E-14 0 3.45859934122000017E-14 0 7.41155702724000034E-15 0 4.58826476094000025E-14 0 4.88721960833999983E-15 0 3.56996262202999972E-14 0 4.2275837222300002E-14 0 4.93776476898999969E-14 0 4.93001881388000002E-14 0 5.62740197702999976E-15 0 3.6863137178499997E-15 0 5.46849948050000027E-15 0 8.40127685962000066E-15 0 1.20891884222000003E-14 0 1.09054810247000003E-13 0 1.04470987485000006E-14 0 7.57284312815000012E-15 0 4.29638581348999988E-14 0 2.92817203042000016E-14 0 2.80939428186999984E-14 0 1.20417690051000002E-14 0
5.49871822636000001E-15 0 1.39562661124000002E-14 0 2.06906962605000012E-14 0 7.80562253152000042E-15 0 1.08228788061999993E-14 0 3.45859934122000017E-14 0 7.41155702724000034E-15 0 4.54943816614000013E-14 0 4.88721960833999983E-15 0 3.56996262202999972E-14 0 4.2275837222300002E-14 0 3.59481774607999972E-14 0 4.19106598835000016E-14 0 4.07761076384999963E-15 0 3.6863137178499997E-15 0 5.46849948050000027E-15 0 8.40127685962000066E-15 0 1.12750619367999994E-14 0 9.65962779821000024E-14 0 9.22395257253000064E-15 0 7.57284312815000012E-15 0 4.29638581348999988E-14 0 2.92817203042000016E-14 0 2.80939428186999984E-14 0 1.20417690051000002E-14 0
5.45131101151000011E-15 0 1.35331393167000005E-14 0 2.06906962605000012E-14 0 7.80562253152000042E-15 0 1.08228788061999993E-14 0 3.45859934122000017E-14 0 6.40047915876999977E-15 0 3.82516613914000011E-14 0 4.88721960833999983E-15 0 3.51286470435000006E-14 0 4.2275837222300002E-14 0 3.59481774607999972E-14 0 4.19106598835000016E-14 0 4.06949058398999977E-15 0 3.40965348125000006E-15 0 5.46849948050000027E-15 0 8.40127685962000066E-15 0 1.12750619367999994E-14 0 9.65962779821000024E-14 0 8.32749433879000014E-15 0 7.57284312815000012E-15 0 4.29638581348999988E-14 0 2.42633855130000002E-14 0 2.78978355151000013E-14 0 1.04699502303999994E-14 0
5.19092273610000012E-15 0 1.18863840029999999E-14 0 2.06906962605000012E-14 0 6.39538032816000022E-15 0 1.01513644045000004E-14 0 3.45859934122000017E-14 0 6.40047915876999977E-15 0 3.57269881559999979E-14 0 4.88721960833999983E-15 0 2.80043924082999987E-14 0 3.76065874600000024E-14 0 3.10014158925999999E-14 0 3.0728352408300002E-14 0 4.06949058398999977E-15 0 3.40965348125000006E-15 0 5.46849948050000027E-15 0 8.40127685962000066E-15 0 6.99957989521999995E-15 0 9.65962779821000024E-14 0 8.30347167196999996E-15 0 7.57284312815000012E-15 0 3.43567331454999977E-14 0 2.42633855130000002E-14 0 2.43069881017000005E-14 0 9.06803733813999951E-15 0
4.54869053065000015E-15 0 1.17441532816E-14 0 2.06906962605000012E-14 0 6.39538032816000022E-15 0 1.01513644045000004E-14 0 3.45859934122000017E-14 0 6.40047915876999977E-15 0 2.89027658220000015E-14 0 4.88721960833999983E-15 0 2.59886662877999997E-14 0 3.06336414287000017E-14 0 3.10014158925999999E-14 0 3.0728352408300002E-14 0 4.06949058398999977E-15 0 3.30825866658000012E-15 0 3.57044510998000036E-15 0 8.40127685962000066E-15 0 6.74201511472000007E-15 0 8.77488675168999979E-14 0 5.40546172293999995E-15 0 7.57284312815000012E-15 0 3.07105177237000013E-14 0 1.98307352489000006E-14 0 2.43069881017000005E-14 0 9.06803733813999951E-15 0
4.54869053065000015E-15 0 1.11403635203999994E-14 0 1.87820487848000011E-14 0 6.39538032816000022E-15 0 1.01513644045000004E-14 0 3.18462485104000028E-14 0 6.40047915876999977E-15 0 2.89027658220000015E-14 0 4.04983163840999984E-15 0 2.47904043419000006E-14 0 3.06336414287000017E-14 0 2.9136111464899999E-14 0 3.0728352408300002E-14 0 3.74944890497999963E-15 0 3.30825866658000012E-15 0 3.57044510998000036E-15 0 8.40127685962000066E-15 0 6.74201511472000007E-15 0 8.77488675168999979E-14 0 5.40546172293999995E-15 0 7.57284312815000012E-15 0 3.07105177237000013E-14 0 1.98307352489000006E-14 0 2.43069881017000005E-14 0 7.50354820651999982E-15 0
4.34512648231999999E-15 0 1.11403635203999994E-14 0 1.87820487848000011E-14 0 6.39538032816000022E-15 0 1.01513644045000004E-14 0 3.18462485104000028E-14 0 5.24197777931999997E-15 0 2.89027658220000015E-14 0 3.77141179009000031E-15 0 2.47904043419000006E-14 0 3.05120502897999977E-14 0 2.90566532904999985E-14 0 3.0728352408300002E-14 0 2.15675620790000006E-15 0 3.30825866658000012E-15 0 3.57044510998000036E-15 0 7.48115109900999957E-15 0 6.74201511472000007E-15 0 8.44688860534000052E-14 0 5.40546172293999995E-15 0 7.57284312815000012E-15 0 2.73680222294000008E-14 0 1.42968849477999999E-14 0 2.06370077366000001E-14 0 7.50354820651999982E-15 0
3.57544225181999989E-15 0 8.44746949420000045E-15 0 1.49685777066000004E-14 0 5.24950689773000004E-15 0 1.01513644045000004E-14 0 3.18462485104000028E-14 0 4.47085725988E-15 0 2.89027658220000015E-14 0 3.77141179009000031E-15 0 1.50493126137999985E-14 0 3.05120502897999977E-14 0 2.90566532904999985E-14 0 2.88854383626999977E-14 0 2.15675620790000006E-15 0 2.83838820411999991E-15 0 3.57044510998000036E-15 0 7.48115109900999957E-15 0 6.74201511472000007E-15 0 8.44688860534000052E-14 0 5.40546172293999995E-15 0 7.57284312815000012E-15 0 2.73680222294000008E-14 0 1.42968849477999999E-14 0 1.83057992115999996E-14 0 6.67309822408999987E-15 0
3.57544225181999989E-15 0 8.44746949420000045E-15 0 1.49685777066000004E-14 0 5.24950689773000004E-15 0 9.04546515765999945E-15 0 2.19054764638000015E-14 0 4.47085725988E-15 0 2.89027658220000015E-14 0 3.77141179009000031E-15 0 1.50493126137999985E-14 0 2.71341908494999993E-14 0 1.95045858529999986E-14 0 2.88854383626999977E-14 0 2.15675620790000006E-15 0 2.83838820411999991E-15 0 3.57044510998000036E-15 0 6.52324301336999971E-15 0 6.74201511472000007E-15 0 8.44688860534000052E-14 0 5.40546172293999995E-15 0 7.57284312815000012E-15 0 2.07578940394000005E-14 0 1.42968849477999999E-14 0 1.83057992115999996E-14 0 6.67309822408999987E-15 0
3.02432573230000005E-15 0 8.44746949420000045E-15 0 1.45849658074999988E-14 0 2.35235345435000013E-15 0 9.04546515765999945E-15 0 2.19054764638000015E-14 0 4.47085725988E-15 0 2.89027658220000015E-14 0 3.77141179009000031E-15 0 1.50493126137999985E-14 0 2.71341908494999993E-14 0 1.95045858529999986E-14 0 2.88854383626999977E-14 0 2.15675620790000006E-15 0 2.13717681765999986E-15 0 3.57044510998000036E-15 0 6.52324301336999971E-15 0 6.74201511472000007E-15 0 8.44688860534000052E-14 0 4.02161080203000036E-15 0 7.57284312815000012E-15 0 2.07578940394000005E-14 0 1.42968849477999999E-14 0 1.79888469108000014E-14 0 6.37285329550999976E-15 0
2.25471403937999987E-15 0 8.44746949420000045E-15 0 1.15172859540000003E-14 0 2.35235345435000013E-15 0 9.04546515765999945E-15 0 2.12222855999999988E-14 0 4.47085725988E-15 0 2.53300096922000014E-14 0 3.77141179009000031E-15 0 1.50493126137999985E-14 0 1.97109777724999991E-14 0 1.82549264447999986E-14 0 2.72573434295999993E-14 0 2.15675620790000006E-15 0 2.13717681765999986E-15 0 3.57044510998000036E-15 0 6.52324301336999971E-15 0 5.16465593440000002E-15 0 6.90113262853999945E-14 0 4.02161080203000036E-15 0 6.77595191277000031E-15 0 2.07578940394000005E-14 0 1.42968849477999999E-14 0 1.71767196730000014E-14 0 6.37285329550999976E-15 0
2.25471403937999987E-15 0 6.98293836328000015E-15 0 1.15172859540000003E-14 0 2.35235345435000013E-15 0 8.97494515034999994E-15 0 2.12222855999999988E-14 0 4.19088342820000021E-15 0 2.10471503484000003E-14 0 3.01701886765999999E-15 0 1.38871499281999993E-14 0 1.53232281311999985E-14 0 1.82549264447999986E-14 0 2.06122957748999985E-14 0 2.15675620790000006E-15 0 1.85775315109999996E-15 0 3.57044510998000036E-15 0 6.52324301336999971E-15 0 4.01212298287000028E-15 0 6.90113262853999945E-14 0 4.02161080203000036E-15 0 6.77595191277000031E-15 0 2.07578940394000005E-14 0 1.11696302335000007E-14 0 1.69544416209999995E-14 0 6.37285329550999976E-15 0
2.02797313804000006E-15 0 6.51292794226E-15 0 1.05878707734999996E-14 0 2.35235345435000013E-15 0 8.97494515034999994E-15 0 2.12222855999999988E-14 0 4.19088342820000021E-15 0 2.10471503484000003E-14 0 3.01701886765999999E-15 0 1.01524936158000008E-14 0 1.53232281311999985E-14 0 1.82549264447999986E-14 0 2.01082204042000003E-14 0 2.15675620790000006E-15 0 1.63183919437999995E-15 0 2.02097618544000004E-15 0 6.52324301336999971E-15 0 4.01212298287000028E-15 0 5.12083197977000002E-14 0 4.02161080203000036E-15 0 4.73657920729000039E-15 0 2.07578940394000005E-14 0 1.11696302335000007E-14 0 1.28973491263000007E-14 0 6.37285329550999976E-15 0
2.02797313804000006E-15 0 6.51292794226E-15 0 1.05878707734999996E-14 0 2.35235345435000013E-15 0 8.28206494003999941E-15 0 2.12222855999999988E-14 0 3.05226124267000011E-15 0 2.10471503484000003E-14 0 3.01701886765999999E-15 0 1.01524936158000008E-14 0 1.53232281311999985E-14 0 1.51614736164000001E-14 0 2.01082204042000003E-14 0 2.09713815799000009E-15 0 1.63183919437999995E-15 0 2.02097618544000004E-15 0 5.5141223113099999E-15 0 4.01212298287000028E-15 0 4.74319471886999991E-14 0 3.57862077038000023E-15 0 4.73657920729000039E-15 0 1.09671952580999998E-14 0 1.11696302335000007E-14 0 1.22935529988000004E-14 0 5.47524608543000008E-15 0
2.02797313804000006E-15 0 5.59956866691999972E-15 0 1.05878707734999996E-14 0 2.35235345435000013E-15 0 8.28206494003999941E-15 0 1.51048706936999994E-14 0 3.05226124267000011E-15 0 2.10471503484000003E-14 0 3.01701886765999999E-15 0 1.01524936158000008E-14 0 1.53232281311999985E-14 0 1.51614736164000001E-14 0 1.53634213335000004E-14 0 2.07587240327999993E-15 0 1.63183919437999995E-15 0 2.02097618544000004E-15 0 4.91787783210999994E-15 0 4.01212298287000028E-15 0 4.74319471886999991E-14 0 3.57862077038000023E-15 0 4.73657920729000039E-15 0 1.09671952580999998E-14 0 1.11696302335000007E-14 0 1.21208230188999996E-14 0 5.47524608543000008E-15 0
2.02797313804000006E-15 0 5.59956866691999972E-15 0 7.33829823276000073E-15 0 2.35235345435000013E-15 0 8.28206494003999941E-15 0 1.51048706936999994E-14 0 1.88556851509999982E-15 0 1.77958194198999999E-14 0 3.00399504392000012E-15 0 1.01524936158000008E-14 0 1.53232281311999985E-14 0 1.50907957986999988E-14 0 1.53634213335000004E-14 0 2.07587240327999993E-15 0 1.63183919437999995E-15 0 2.02097618544000004E-15 0 4.42206012448999974E-15 0 4.01212298287000028E-15 0 3.50725003995999972E-14 0 3.57862077038000023E-15 0 4.73657920729000039E-15 0 1.09671952580999998E-14 0 1.11696302335000007E-14 0 1.16432564043999999E-14 0 5.47524608543000008E-15 0
2.02797313804000006E-15 0 5.4750091855199997E-15 0 6.47435519122999965E-15 0 2.35235345435000013E-15 0 7.56384631038000052E-15 0 1.51048706936999994E-14 0 1.88556851509999982E-15 0 1.77958194198999999E-14 0 2.00437542042999987E-15 0 8.92209171210000007E-15 0 1.53232281311999985E-14 0 1.16582168520000007E-14 0 1.53634213335000004E-14 0 1.87260206084000012E-15 0 1.10832594118999998E-15 0 1.81481567590000013E-15 0 4.42206012448999974E-15 0 4.01212298287000028E-15 0 3.50725003995999972E-14 0 3.19885634119000017E-15 0 4.5561843544299997E-15 0 1.09671952580999998E-14 0 1.11696302335000007E-14 0 1.14428851738000007E-14 0 5.00083372675999973E-15 0
1.29216363851999992E-15 0 5.29487395610999994E-15 0 6.47435519122999965E-15 0 2.35235345435000013E-15 0 5.75829603301999979E-15 0 1.51048706936999994E-14 0 1.88556851509999982E-15 0 1.58748532796E-14 0 2.00437542042999987E-15 0 8.92209171210000007E-15 0 1.53232281311999985E-14 0 1.16582168520000007E-14 0 1.53634213335000004E-14 0 1.87260206084000012E-15 0 1.10832594118999998E-15 0 1.6408915686300001E-15 0 3.51351668794999994E-15 0 4.01212298287000028E-15 0 3.25190625646000008E-14 0 3.19885634119000017E-15 0 3.99410519519999972E-15 0 1.09671952580999998E-14 0 8.66697041162000044E-15 0 1.06774389523999993E-14 0 5.00083372675999973E-15 0
1.29216363851999992E-15 0 3.75867765670999978E-15 0 6.0302320131300003E-15 0 2.35235345435000013E-15 0 5.75829603301999979E-15 0 1.51048706936999994E-14 0 1.88556851509999982E-15 0 1.51826744834999986E-14 0 2.00437542042999987E-15 0 8.07612198727999933E-15 0 1.53232281311999985E-14 0 1.16582168520000007E-14 0 1.53634213335000004E-14 0 1.03739176988000002E-15 0 1.10832594118999998E-15 0 1.6408915686300001E-15 0 3.32565929701000005E-15 0 4.01212298287000028E-15 0 3.25190625646000008E-14 0 2.61007161142000005E-15 0 3.56030192238E-15 0 1.09671952580999998E-14 0 8.66697041162000044E-15 0 1.06774389523999993E-14 0 5.00083372675999973E-15 0
1.29216363851999992E-15 0 3.61781379912000004E-15 0 4.20996394660999999E-15 0 2.35235345435000013E-15 0 5.75829603301999979E-15 0 1.51048706936999994E-14 0 1.88556851509999982E-15 0 1.51826744834999986E-14 0 2.00437542042999987E-15 0 6.95331031832000012E-15 0 1.53232281311999985E-14 0 1.16582168520000007E-14 0 1.53634213335000004E-14 0 1.03739176988000002E-15 0 1.10832594118999998E-15 0 1.53997465256999997E-15 0 3.32565929701000005E-15 0 4.01212298287000028E-15 0 3.25190625646000008E-14 0 2.44456438445999989E-15 0 3.56030192238E-15 0 1.08494647814999994E-14 0 8.66697041162000044E-15 0 6.66171224615000017E-15 0 5.00083372675999973E-15 0
1.29216363851999992E-15 0 3.61781379912000004E-15 0 4.20996394660999999E-15 0 2.35235345435000013E-15 0 3.93949701061000007E-15 0 1.51048706936999994E-14 0 1.74940434E-15 0 9.8373037205100002E-15 0 1.71384640395999999E-15 0 6.95331031832000012E-15 0 1.53232281311999985E-14 0 1.08218884410999994E-14 0 1.43092346049E-14 0 1.03739176988000002E-15 0 1.10832594118999998E-15 0 1.53397955088999999E-15 0 2.85099274108999998E-15 0 3.40035334974000004E-15 0 3.25190625646000008E-14 0 1.79647144952000015E-15 0 3.56030192238E-15 0 1.08494647814999994E-14 0 8.66697041162000044E-15 0 6.66171224615000017E-15 0 4.82132453324999964E-15 0
1.29216363851999992E-15 0 3.60601559551999993E-15 0 4.20996394660999999E-15 0 2.27850768935999995E-15 0 3.93949701061000007E-15 0 1.51048706936999994E-14 0 1.74940434E-15 0 9.8373037205100002E-15 0 1.71384640395999999E-15 0 6.95331031832000012E-15 0 1.53232281311999985E-14 0 9.70208434014999961E-15 0 1.41056838564999995E-14 0 1.03739176988000002E-15 0 8.49763815851000002E-16 0 1.31490491161000006E-15 0 2.85099274108999998E-15 0 3.40035334974000004E-15 0 3.25190625646000008E-14 0 1.79647144952000015E-15 0 2.84300486424000012E-15 0 1.08494647814999994E-14 0 6.34843402693999964E-15 0 6.66171224615000017E-15 0 4.82132453324999964E-15 0
1.29216363851999992E-15 0 3.60601559551999993E-15 0 4.20996394660999999E-15 0 2.27278866526000012E-15 0 3.93949701061000007E-15 0 1.49787745897000003E-14 0 1.57722035995999997E-15 0 9.8373037205100002E-15 0 1.71384640395999999E-15 0 6.95331031832000012E-15 0 1.46322674964999996E-14 0 9.56561257119999941E-15 0 1.28233528499999999E-14 0 1.03739176988000002E-15 0 8.49763815851000002E-16 0 1.29193396256999992E-15 0 2.13635723690999986E-15 0 3.29484650656000017E-15 0 3.06355158335000027E-14 0 1.79647144952000015E-15 0 2.84300486424000012E-15 0 7.76921781873999986E-15 0 6.34843402693999964E-15 0 6.66171224615000017E-15 0 3.51076920570999986E-15 0
1.15321353404000007E-15 0 3.2591650457699998E-15 0 4.20996394660999999E-15 0 1.82826660888999998E-15 0 3.93949701061000007E-15 0 1.37127462005999998E-14 0 1.40661441118000002E-15 0 9.8373037205100002E-15 0 1.24694222024999998E-15 0 6.59469736607999962E-15 0 8.70706506900999988E-15 0 8.83012666179000071E-15 0 9.68500982761000074E-15 0 1.03739176988000002E-15 0 7.53884505062000042E-16 0 1.27230417116000007E-15 0 2.13635723690999986E-15 0 3.29484650656000017E-15 0 3.03401739963000027E-14 0 1.79647144952000015E-15 0 2.84300486424000012E-15 0 7.76921781873999986E-15 0 6.34843402693999964E-15 0 6.66171224615000017E-15 0 3.51076920570999986E-15 0
9.18672963456999957E-16 0 2.4130462394200002E-15 0 4.20996394660999999E-15 0 1.82826660888999998E-15 0 3.38208579704999988E-15 0 1.12156013537999998E-14 0 1.40661441118000002E-15 0 9.8373037205100002E-15 0 1.24694222024999998E-15 0 6.28462381197000031E-15 0 8.70706506900999988E-15 0 8.83012666179000071E-15 0 9.68500982761000074E-15 0 1.03739176988000002E-15 0 7.22750859198000028E-16 0 8.75688870202999985E-16 0 1.71111317834999992E-15 0 2.98995542437000011E-15 0 2.15766435022000002E-14 0 1.65541356826E-15 0 2.84300486424000012E-15 0 7.76921781873999986E-15 0 6.34390500475000001E-15 0 6.66171224615000017E-15 0 3.51076920570999986E-15 0
9.18672963456999957E-16 0 2.4130462394200002E-15 0 4.20996394660999999E-15 0 1.52680038029000007E-15 0 2.66942491905999985E-15 0 8.59199150066999923E-15 0 1.18881816761999994E-15 0 6.54362490589000029E-15 0 1.01982322403999995E-15 0 6.28462381197000031E-15 0 7.99619413611999978E-15 0 8.1142723847699993E-15 0 9.68500982761000074E-15 0 8.14063297717000012E-16 0 7.22750859198000028E-16 0 8.75688870202999985E-16 0 1.71111317834999992E-15 0 2.75946785506999981E-15 0 2.15766435022000002E-14 0 1.63652496553000005E-15 0 2.72511361754999994E-15 0 7.76921781873999986E-15 0 5.91677917023999991E-15 0 6.66171224615000017E-15 0 2.77436225981000006E-15 0
8.69648434146000016E-16 0 2.4130462394200002E-15 0 4.20996394660999999E-15 0 1.52680038029000007E-15 0 2.66942491905999985E-15 0 8.59199150066999923E-15 0 1.18881816761999994E-15 0 6.54362490589000029E-15 0 1.01982322403999995E-15 0 5.32795207853999965E-15 0 7.99619413611999978E-15 0 8.1142723847699993E-15 0 8.02681187647000012E-15 0 8.14063297717000012E-16 0 7.22750859198000028E-16 0 7.84349894394000045E-16 0 1.71111317834999992E-15 0 1.82475579982000015E-15 0 2.15766435022000002E-14 0 1.62948772476999991E-15 0 2.6751103579899999E-15 0 7.76921781873999986E-15 0 4.63757968604000027E-15 0 6.43487800491999976E-15 0 2.77436225981000006E-15 0
5.44192149808000013E-16 0 2.4130462394200002E-15 0 4.20996394660999999E-15 0 1.33195612909999999E-15 0 2.66942491905999985E-15 0 6.35973372064000031E-15 0 7.82416556481999979E-16 0 5.30070742716000033E-15 0 1.01982322403999995E-15 0 5.32795207853999965E-15 0 6.27272319016999964E-15 0 8.1142723847699993E-15 0 8.02681187647000012E-15 0 8.14063297717000012E-16 0 7.22750859198000028E-16 0 7.84349894394000045E-16 0 1.71111317834999992E-15 0 1.82475579982000015E-15 0 2.15766435022000002E-14 0 1.62948772476999991E-15 0 2.19180130131000017E-15 0 5.07381175999999998E-15 0 4.63757968604000027E-15 0 6.43487800491999976E-15 0 2.77436225981000006E-15 0
5.44192149808000013E-16 0 2.4130462394200002E-15 0 4.05509985725000011E-15 0 1.33195612909999999E-15 0 2.66942491905999985E-15 0 6.35973372064000031E-15 0 7.82416556481999979E-16 0 5.30070742716000033E-15 0 1.01982322403999995E-15 0 5.32795207853999965E-15 0 6.27272319016999964E-15 0 8.1142723847699993E-15 0 7.53973620617000025E-15 0 8.14063297717000012E-16 0 7.08310114601999996E-16 0 3.77048977139000013E-16 0 1.71111317834999992E-15 0 1.82475579982000015E-15 0 2.15766435022000002E-14 0 1.58738235744999996E-15 0 1.58339639706999992E-15 0 4.8671078518900002E-15 0 4.63757968604000027E-15 0 4.78972312429000022E-15 0 2.77436225981000006E-15 0
5.44192149808000013E-16 0 1.38409961340999998E-15 0 3.30097716205000018E-15 0 1.32159127470999995E-15 0 2.66942491905999985E-15 0 6.35973372064000031E-15 0 6.69998456327000045E-16 0 5.30070742716000033E-15 0 9.86756786642999924E-16 0 3.78422468299000029E-15 0 6.27272319016999964E-15 0 5.15927705516999975E-15 0 6.49817764329000026E-15 0 7.55453709608000029E-16 0 6.01084878418000006E-16 0 3.77048977139000013E-16 0 1.71111317834999992E-15 0 1.82475579982000015E-15 0 2.15766435022000002E-14 0 1.14655882869000008E-15 0 1.58339639706999992E-15 0 4.46699911429999991E-15 0 4.63757968604000027E-15 0 4.21109212246999999E-15 0 1.93302932247999991E-15 0
5.44192149808000013E-16 0 1.38409961340999998E-15 0 3.30097716205000018E-15 0 8.73198439861000001E-16 0 2.25298689148999981E-15 0 6.35973372064000031E-15 0 6.69998456327000045E-16 0 5.30070742716000033E-15 0 9.00222645917999979E-16 0 3.78422468299000029E-15 0 5.25610619053999977E-15 0 5.15927705516999975E-15 0 6.49817764329000026E-15 0 7.11664854810000016E-16 0 6.01084878418000006E-16 0 3.77048977139000013E-16 0 1.71111317834999992E-15 0 1.82475579982000015E-15 0 1.71854981101999999E-14 0 1.14655882869000008E-15 0 1.58339639706999992E-15 0 4.46699911429999991E-15 0 4.63757968604000027E-15 0 4.21109212246999999E-15 0 1.93302932247999991E-15 0
5.44192149808000013E-16 0 1.38409961340999998E-15 0 2.87657679846000002E-15 0 8.73198439861000001E-16 0 2.03827863981E-15 0 6.24855188714000036E-15 0 6.69998456327000045E-16 0 5.30070742716000033E-15 0 9.00222645917999979E-16 0 3.78422468299000029E-15 0 5.25610619053999977E-15 0 5.15927705516999975E-15 0 5.27663660807999963E-15 0 7.11664854810000016E-16 0 4.01458377403999982E-16 0 3.77048977139000013E-16 0 1.5294283987E-15 0 1.82475579982000015E-15 0 1.71854981101999999E-14 0 1.14655882869000008E-15 0 1.58339639706999992E-15 0 4.46699911429999991E-15 0 4.63757968604000027E-15 0 2.96496484806000001E-15 0 1.93302932247999991E-15 0
5.44192149808000013E-16 0 1.38409961340999998E-15 0 2.87657679846000002E-15 0 8.73198439861000001E-16 0 2.03827863981E-15 0 4.70713419977999977E-15 0 6.20377722038000013E-16 0 4.28586133678999989E-15 0 5.94408864601000008E-16 0 3.78422468299000029E-15 0 5.21298415819000026E-15 0 5.15927705516999975E-15 0 5.27663660807999963E-15 0 7.11664854810000016E-16 0 4.01458377403999982E-16 0 3.77048977139000013E-16 0 1.5294283987E-15 0 1.82475579982000015E-15 0 1.71854981101999999E-14 0 1.14655882869000008E-15 0 1.58339639706999992E-15 0 4.20657873816999972E-15 0 4.35620133493999985E-15 0 2.96496484806000001E-15 0 1.87332435438000014E-15 0
5.44192149808000013E-16 0 1.34036811247000008E-15 0 2.44332128587000018E-15 0 8.73198439861000001E-16 0 1.98345633216000012E-15 0 4.70713419977999977E-15 0 6.20377722038000013E-16 0 4.28586133678999989E-15 0 5.94408864601000008E-16 0 3.78422468299000029E-15 0 5.21298415819000026E-15 0 5.15927705516999975E-15 0 5.27663660807999963E-15 0 7.11664854810000016E-16 0 4.01458377403999982E-16 0 3.77048977139000013E-16 0 1.5294283987E-15 0 1.76940513874999998E-15 0 1.60150388956999991E-14 0 9.82144330287000051E-16 0 1.07903732867E-15 0 4.20657873816999972E-15 0 2.82050976914999981E-15 0 2.96496484806000001E-15 0 1.87332435438000014E-15 0
5.44192149808000013E-16 0 1.34036811247000008E-15 0 2.25006185920000016E-15 0 8.73198439861000001E-16 0 1.42165805621000008E-15 0 4.70713419977999977E-15 0 4.53562522830999979E-16 0 4.28586133678999989E-15 0 5.00581773439999966E-16 0 3.78422468299000029E-15 0 3.82839847772999982E-15 0 4.37436500806000036E-15 0 5.27663660807999963E-15 0 4.3105381224400002E-16 0 4.01458377403999982E-16 0 3.77048977139000013E-16 0 1.5294283987E-15 0 1.70995389378999998E-15 0 1.60150388956999991E-14 0 9.82144330287000051E-16 0 1.07903732867E-15 0 3.6562691548E-15 0 2.82050976914999981E-15 0 2.96496484806000001E-15 0 1.87332435438000014E-15 0
5.44192149808000013E-16 0 1.34036811247000008E-15 0 2.10312524363999984E-15 0 8.73198439861000001E-16 0 1.42165805621000008E-15 0 4.70713419977999977E-15 0 4.53562522830999979E-16 0 4.28586133678999989E-15 0 5.00581773439999966E-16 0 3.44652609966000009E-15 0 3.82839847772999982E-15 0 4.31457525915000006E-15 0 4.02566541171999981E-15 0 3.83636821041000018E-16 0 2.52823925527000024E-16 0 2.72758311834000016E-16 0 1.06965173320000008E-15 0 1.65970029899999996E-15 0 1.60150388956999991E-14 0 8.68716589769999977E-16 0 1.06518112727999998E-15 0 3.6562691548E-15 0 2.82050976914999981E-15 0 2.1365299794399999E-15 0 1.67376836585000007E-15 0
5.44192149808000013E-16 0 1.34036811247000008E-15 0 2.10312524363999984E-15 0 8.73198439861000001E-16 0 1.42165805621000008E-15 0 4.70713419977999977E-15 0 4.53562522830999979E-16 0 3.00135861874999998E-15 0 5.00581773439999966E-16 0 2.35296295288999995E-15 0 3.82839847772999982E-15 0 2.37424557110000015E-15 0 4.02566541171999981E-15 0 3.83636821041000018E-16 0 2.52823925527000024E-16 0 2.72758311834000016E-16 0 1.06965173320000008E-15 0 1.21847840249999992E-15 0 1.37084496321999995E-14 0 8.68716589769999977E-16 0 8.97578175994000058E-16 0 2.0020760491899999E-15 0 2.82050976914999981E-15 0 2.1365299794399999E-15 0 1.16274383150000002E-15 0
3.78203354404000006E-16 0 1.17259598152999996E-15 0 2.10312524363999984E-15 0 8.73198439861000001E-16 0 1.42165805621000008E-15 0 4.48725230798999984E-15 0 4.53562522830999979E-16 0 3.00135861874999998E-15 0 5.00581773439999966E-16 0 2.35296295288999995E-15 0 3.71630815312999987E-15 0 2.37424557110000015E-15 0 4.02566541171999981E-15 0 3.83636821041000018E-16 0 2.52823925527000024E-16 0 2.72758311834000016E-16 0 7.55138441332999965E-16 0 1.02657804713999994E-15 0 1.37084496321999995E-14 0 8.68716589769999977E-16 0 8.97578175994000058E-16 0 2.0020760491899999E-15 0 2.82050976914999981E-15 0 2.1365299794399999E-15 0 1.16274383150000002E-15 0
3.78203354404000006E-16 0 1.02070128380999994E-15 0 1.50119392326999996E-15 0 8.73198439861000001E-16 0 1.42165805621000008E-15 0 2.99730338614000005E-15 0 4.45722988208000027E-16 0 3.00135861874999998E-15 0 4.34118969457000001E-16 0 2.35296295288999995E-15 0 2.36945519291999993E-15 0 2.37424557110000015E-15 0 4.02566541171999981E-15 0 3.83636821041000018E-16 0 1.47484922205E-16 0 2.72758311834000016E-16 0 7.55138441332999965E-16 0 1.02657804713999994E-15 0 1.12802730688000006E-14 0 7.9277697347799996E-16 0 8.82868860605999984E-16 0 2.0020760491899999E-15 0 2.50634029468000012E-15 0 2.1365299794399999E-15 0 1.16274383150000002E-15 0
3.78203354404000006E-16 0 1.02070128380999994E-15 0 1.50119392326999996E-15 0 8.73198439861000001E-16 0 1.42165805621000008E-15 0 2.99730338614000005E-15 0 4.45722988208000027E-16 0 2.84930380264000001E-15 0 4.34118969457000001E-16 0 2.35296295288999995E-15 0 2.36945519291999993E-15 0 2.19496413002000011E-15 0 3.62593075739999965E-15 0 3.83636821041000018E-16 0 1.47484922205E-16 0 2.72758311834000016E-16 0 7.55138441332999965E-16 0 1.02657804713999994E-15 0 1.12802730688000006E-14 0 6.82627439477999969E-16 0 8.82868860605999984E-16 0 2.0020760491899999E-15 0 2.15549795420999997E-15 0 2.1365299794399999E-15 0 1.16274383150000002E-15 0
3.78203354404000006E-16 0 9.84249555257000086E-16 0 1.49834576810000006E-15 0 7.94559761770000031E-16 0 1.42165805621000008E-15 0 2.99730338614000005E-15 0 4.45722988208000027E-16 0 2.84930380264000001E-15 0 4.34118969457000001E-16 0 2.3217912314200001E-15 0 2.36945519291999993E-15 0 2.19496413002000011E-15 0 2.64402306715999992E-15 0 3.73660181055999982E-16 0 1.47484922205E-16 0 2.72758311834000016E-16 0 7.55138441332999965E-16 0 1.02657804713999994E-15 0 9.57780334308999946E-15 0 6.18743841664999972E-16 0 6.82419965514000033E-16 0 2.0020760491899999E-15 0 2.15549795420999997E-15 0 1.7748558691E-15 0 1.15469774637999996E-15 0
3.78203354404000006E-16 0 9.84249555257000086E-16 0 1.49834576810000006E-15 0 5.74130424826999989E-16 0 1.42165805621000008E-15 0 2.99730338614000005E-15 0 2.5080457035E-16 0 2.37503673447000008E-15 0 4.26782676841999992E-16 0 2.3217912314200001E-15 0 2.23157086329999995E-15 0 2.19496413002000011E-15 0 2.64402306715999992E-15 0 3.36859258762000005E-16 0 1.47484922205E-16 0 2.72758311834000016E-16 0 7.55138441332999965E-16 0 1.02657804713999994E-15 0 9.57780334308999946E-15 0 6.18743841664999972E-16 0 6.82419965514000033E-16 0 2.0020760491899999E-15 0 2.15549795420999997E-15 0 1.42281165706000005E-15 0 9.59592810273999955E-16 0
2.99909747586999991E-16 0 9.84249555257000086E-16 0 9.7375972498100001E-16 0 5.74130424826999989E-16 0 1.42165805621000008E-15 0 2.99730338614000005E-15 0 2.5080457035E-16 0 2.37503673447000008E-15 0 3.45151298555999984E-16 0 2.01669133941000008E-15 0 2.23157086329999995E-15 0 2.19496413002000011E-15 0 2.64402306715999992E-15 0 2.87614817913000015E-16 0 1.4398617822200001E-16 0 2.72758311834000016E-16 0 7.55138441332999965E-16 0 1.02657804713999994E-15 0 9.57780334308999946E-15 0 5.35388099230000025E-16 0 6.82419965514000033E-16 0 2.0020760491899999E-15 0 2.02637628508999984E-15 0 1.42281165706000005E-15 0 9.59592810273999955E-16 0
2.99909747586999991E-16 0 8.54750308198999964E-16 0 9.7375972498100001E-16 0 5.74130424826999989E-16 0 1.30177527775999996E-15 0 2.99730338614000005E-15 0 2.5080457035E-16 0 1.77321386398000006E-15 0 3.0681050559800001E-16 0 2.01669133941000008E-15 0 1.73701999315000006E-15 0 1.33882340384000006E-15 0 2.64402306715999992E-15 0 2.87614817913000015E-16 0 1.4398617822200001E-16 0 2.5728693784300002E-16 0 7.55138441332999965E-16 0 7.40838585829000004E-16 0 9.03626608830000033E-15 0 4.89924178561999969E-16 0 4.60046266413999974E-16 0 2.0020760491899999E-15 0 1.77335122195999995E-15 0 1.42281165706000005E-15 0 8.86281922029999952E-16 0
2.99909747586999991E-16 0 6.77990742298E-16 0 9.7375972498100001E-16 0 5.74130424826999989E-16 0 1.30177527775999996E-15 0 2.36632222021000006E-15 0 2.5080457035E-16 0 1.56687807228999999E-15 0 3.0681050559800001E-16 0 1.89219022728000015E-15 0 1.73701999315000006E-15 0 1.33882340384000006E-15 0 2.64402306715999992E-15 0 2.87614817913000015E-16 0 1.10983595648999995E-16 0 1.93000227841000005E-16 0 6.62762581247000035E-16 0 7.40838585829000004E-16 0 9.03626608830000033E-15 0 4.89924178561999969E-16 0 4.60046266413999974E-16 0 2.0020760491899999E-15 0 1.77335122195999995E-15 0 1.42281165706000005E-15 0 8.86281922029999952E-16 0
2.99909747586999991E-16 0 6.77990742298E-16 0 9.7375972498100001E-16 0 4.41691111908999985E-16 0 1.27564678331999993E-15 0 1.88332516171999984E-15 0 2.5080457035E-16 0 1.34215402152000006E-15 0 2.46634319008999984E-16 0 1.89219022728000015E-15 0 1.73701999315000006E-15 0 1.33882340384000006E-15 0 2.21751283174999986E-15 0 2.41077104227000024E-16 0 1.10983595648999995E-16 0 1.93000227841000005E-16 0 6.62762581247000035E-16 0 7.40838585829000004E-16 0 9.03626608830000033E-15 0 3.92513726792999991E-16 0 3.6905073591100001E-16 0 2.0020760491899999E-15 0 1.77335122195999995E-15 0 1.36832940305999993E-15 0 8.81715973310000004E-16 0
2.75306303437000016E-16 0 6.17163695078999962E-16 0 7.90698645022000007E-16 0 4.41691111908999985E-16 0 1.18369754098000006E-15 0 1.88332516171999984E-15 0 2.5080457035E-16 0 1.34215402152000006E-15 0 2.46634319008999984E-16 0 1.39786751778000009E-15 0 1.52133989443000008E-15 0 1.33882340384000006E-15 0 1.77258920384999997E-15 0 2.41077104227000024E-16 0 1.10983595648999995E-16 0 1.93000227841000005E-16 0 6.62762581247000035E-16 0 7.40838585829000004E-16 0 9.03626608830000033E-15 0 3.92513726792999991E-16 0 3.6905073591100001E-16 0 1.91358773718000016E-15 0 1.77335122195999995E-15 0 1.33029180144999994E-15 0 7.81150961929000001E-16 0
2.72739144376000006E-16 0 5.74406124155999992E-16 0 7.48811439455000032E-16 0 4.18809659963000015E-16 0 7.19839756799999959E-16 0 1.88332516171999984E-15 0 2.5080457035E-16 0 1.34215402152000006E-15 0 2.46634319008999984E-16 0 1.39786751778000009E-15 0 1.52133989443000008E-15 0 1.33882340384000006E-15 0 1.77258920384999997E-15 0 2.41077104227000024E-16 0 1.10983595648999995E-16 0 1.38646486869000009E-16 0 4.90029413927999959E-16 0 7.40838585829000004E-16 0 8.86888682160000024E-15 0 3.92513726792999991E-16 0 3.14501859713000021E-16 0 1.91358773718000016E-15 0 1.77335122195999995E-15 0 1.01566790839999995E-15 0 6.85273148437000025E-16 0
2.72739144376000006E-16 0 5.74406124155999992E-16 0 7.48811439455000032E-16 0 3.01352491486000017E-16 0 7.19839756799999959E-16 0 1.88332516171999984E-15 0 2.28569781043999994E-16 0 1.30372576456999997E-15 0 2.24341781559000009E-16 0 1.39786751778000009E-15 0 1.52133989443000008E-15 0 1.33882340384000006E-15 0 1.77258920384999997E-15 0 1.86676404696999995E-16 0 1.10983595648999995E-16 0 1.38646486869000009E-16 0 4.90029413927999959E-16 0 7.40838585829000004E-16 0 7.13087387503000032E-15 0 3.38189735780000003E-16 0 3.14501859713000021E-16 0 1.42755211986999997E-15 0 1.77335122195999995E-15 0 1.01566790839999995E-15 0 6.85273148437000025E-16 0
2.39883730614999989E-16 0 5.30511969759999972E-16 0 6.89633771788999999E-16 0 3.01352491486000017E-16 0 7.14589149452999999E-16 0 1.88332516171999984E-15 0 2.28569781043999994E-16 0 1.30372576456999997E-15 0 1.82333054109000011E-16 0 1.03126822880999999E-15 0 1.52133989443000008E-15 0 1.33882340384000006E-15 0 1.65066950817000003E-15 0 1.50090514080000012E-16 0 9.98183449352999977E-17 0 1.38646486869000009E-16 0 4.51757354665999992E-16 0 3.7260190510800002E-16 0 6.31380300479999972E-15 0 2.30289073086999989E-16 0 3.14501859713000021E-16 0 1.42755211986999997E-15 0 1.34146174722999992E-15 0 1.01566790839999995E-15 0 6.85273148437000025E-16 0
2.39883730614999989E-16 0 5.30511969759999972E-16 0 5.97903208912999989E-16 0 3.01352491486000017E-16 0 6.4915382331199998E-16 0 1.38596173278000009E-15 0 2.28088902361000021E-16 0 1.1501728947600001E-15 0 1.82333054109000011E-16 0 1.03126822880999999E-15 0 1.13087936755000004E-15 0 1.14760719383E-15 0 1.35758833206999995E-15 0 1.50090514080000012E-16 0 9.98183449352999977E-17 0 1.23860221226000006E-16 0 4.51757354665999992E-16 0 3.7260190510800002E-16 0 5.27164541095999996E-15 0 2.30289073086999989E-16 0 3.14501859713000021E-16 0 1.37785739451999998E-15 0 1.13485252030000009E-15 0 1.01566790839999995E-15 0 6.53524112582999967E-16 0
2.3504054110499999E-16 0 4.84538738950000015E-16 0 5.97903208912999989E-16 0 3.01352491486000017E-16 0 6.4915382331199998E-16 0 1.38596173278000009E-15 0 2.09380091304999994E-16 0 1.04466012907999992E-15 0 1.63353183258000002E-16 0 1.03126822880999999E-15 0 1.13087936755000004E-15 0 9.87249872447999908E-16 0 1.35758833206999995E-15 0 1.50090514080000012E-16 0 9.98183449352999977E-17 0 1.05993108681999998E-16 0 4.51757354665999992E-16 0 3.7260190510800002E-16 0 5.27164541095999996E-15 0 2.30289073086999989E-16 0 2.58617328651000015E-16 0 1.13514721333000003E-15 0 9.20620923665999912E-16 0 4.42271009077000005E-16 0 6.53524112582999967E-16 0
1.84103275686000001E-16 0 2.93657539605000012E-16 0 5.31058541819000008E-16 0 2.56252510034000018E-16 0 6.4915382331199998E-16 0 1.38596173278000009E-15 0 2.09380091304999994E-16 0 9.90682888464000086E-16 0 1.38790047148000008E-16 0 1.03126822880999999E-15 0 1.13087936755000004E-15 0 9.87249872447999908E-16 0 9.39692811890000069E-16 0 1.50090514080000012E-16 0 9.98183449352999977E-17 0 1.05993108681999998E-16 0 4.50211776033999973E-16 0 3.7260190510800002E-16 0 5.27164541095999996E-15 0 2.30289073086999989E-16 0 2.58617328651000015E-16 0 1.13514721333000003E-15 0 9.20620923665999912E-16 0 4.42271009077000005E-16 0 6.53524112582999967E-16 0
1.84103275686000001E-16 0 2.93657539605000012E-16 0 5.31058541819000008E-16 0 2.56252510034000018E-16 0 6.4915382331199998E-16 0 1.38596173278000009E-15 0 2.09380091304999994E-16 0 8.48998653354000046E-16 0 1.38790047148000008E-16 0 1.03126822880999999E-15 0 8.94314459351999988E-16 0 9.87249872447999908E-16 0 9.39692811890000069E-16 0 1.50090514080000012E-16 0 9.83602491720999973E-17 0 1.05993108681999998E-16 0 4.50211776033999973E-16 0 3.7260190510800002E-16 0 5.24543365329999987E-15 0 2.30289073086999989E-16 0 2.58617328651000015E-16 0 1.0713183715E-15 0 7.9334902019299999E-16 0 4.42271009077000005E-16 0 4.94276591988000025E-16 0
1.7736584056200001E-16 0 2.93657539605000012E-16 0 4.38451935271000002E-16 0 2.18891997010999993E-16 0 5.46141634870999979E-16 0 1.26045937105999998E-15 0 2.09273643511000001E-16 0 8.30222902952000022E-16 0 1.14400622616000006E-16 0 7.35383682206999959E-16 0 8.94314459351999988E-16 0 9.87249872447999908E-16 0 9.39692811890000069E-16 0 1.50090514080000012E-16 0 9.83602491720999973E-17 0 8.08381967536000036E-17 0 4.00273014601000015E-16 0 3.7260190510800002E-16 0 4.86029397088999999E-15 0 2.30289073086999989E-16 0 2.07601446931E-16 0 1.0713183715E-15 0 7.9334902019299999E-16 0 4.42271009077000005E-16 0 4.94276591988000025E-16 0
1.7736584056200001E-16 0 2.93657539605000012E-16 0 4.38451935271000002E-16 0 2.18891997010999993E-16 0 5.46141634870999979E-16 0 1.26045937105999998E-15 0 1.49467075235000012E-16 0 8.30222902952000022E-16 0 1.14400622616000006E-16 0 7.35383682206999959E-16 0 7.67283033592999978E-16 0 8.08081753519000019E-16 0 9.39692811890000069E-16 0 1.31463414177000002E-16 0 9.83602491720999973E-17 0 7.47724375422000008E-17 0 3.17627389742000007E-16 0 3.7260190510800002E-16 0 4.86029397088999999E-15 0 2.30289073086999989E-16 0 2.07601446931E-16 0 8.62801365886000043E-16 0 7.9334902019299999E-16 0 4.42271009077000005E-16 0 4.94276591988000025E-16 0
1.7736584056200001E-16 0 2.93657539605000012E-16 0 3.91195415286999986E-16 0 2.18891997010999993E-16 0 4.35205432617000013E-16 0 1.16901694275000005E-15 0 1.49467075235000012E-16 0 8.30222902952000022E-16 0 1.14400622616000006E-16 0 7.35383682206999959E-16 0 7.67283033592999978E-16 0 8.08081753519000019E-16 0 8.53048477245000027E-16 0 1.20690602274999993E-16 0 7.8372514028000002E-17 0 7.47724375422000008E-17 0 2.80137481995999984E-16 0 3.7260190510800002E-16 0 2.46610055059999999E-15 0 2.30289073086999989E-16 0 1.41407175235999997E-16 0 8.62801365886000043E-16 0 5.1857112251600003E-16 0 4.42271009077000005E-16 0 4.94276591988000025E-16 0
1.7736584056200001E-16 0 2.93657539605000012E-16 0 3.88975971020999988E-16 0 2.18891997010999993E-16 0 3.17526169687999994E-16 0 1.16901694275000005E-15 0 1.49467075235000012E-16 0 6.99036028379000038E-16 0 1.14400622616000006E-16 0 7.35383682206999959E-16 0 7.67283033592999978E-16 0 8.08081753519000019E-16 0 8.53048477245000027E-16 0 1.20690602274999993E-16 0 7.8372514028000002E-17 0 7.47724375422000008E-17 0 2.80137481995999984E-16 0 3.7260190510800002E-16 0 2.46610055059999999E-15 0 2.30289073086999989E-16 0 9.39227316151999952E-17 0 8.62801365886000043E-16 0 5.1857112251600003E-16 0 4.42271009077000005E-16 0 4.62268240455999998E-16 0
1.7712186965699999E-16 0 2.93657539605000012E-16 0 3.79460317228999999E-16 0 2.16393287761000006E-16 0 2.52658284573999985E-16 0 1.16901694275000005E-15 0 1.33276269161000007E-16 0 5.14943706043999984E-16 0 1.14400622616000006E-16 0 6.28585028371999974E-16 0 7.67283033592999978E-16 0 7.21337867118000015E-16 0 4.18891963861000007E-16 0 1.17648010588999999E-16 0 7.00008296374000006E-17 0 5.76554496759E-17 0 2.53282825975999991E-16 0 3.7260190510800002E-16 0 2.46610055059999999E-15 0 2.22396119306999976E-16 0 9.39227316151999952E-17 0 8.33674071570999979E-16 0 5.1857112251600003E-16 0 4.42271009077000005E-16 0 4.62268240455999998E-16 0
1.61498656084000006E-16 0 2.90419888460000003E-16 0 3.79460317228999999E-16 0 2.08542117747999992E-16 0 2.52658284573999985E-16 0 1.16901694275000005E-15 0 1.04023984924999996E-16 0 5.14943706043999984E-16 0 1.11315622918999996E-16 0 5.48286280550999976E-16 0 7.67283033592999978E-16 0 7.15078883720999974E-16 0 4.18891963861000007E-16 0 1.15703933140000011E-16 0 5.71214884537000056E-17 0 5.76554496759E-17 0 1.57259876554999992E-16 0 3.7260190510800002E-16 0 2.46610055059999999E-15 0 2.06143421680000002E-16 0 9.39227316151999952E-17 0 8.27606329333999962E-16 0 5.1857112251600003E-16 0 4.42271009077000005E-16 0 4.62268240455999998E-16 0
9.51984882666000023E-17 0 2.71586665493999983E-16 0 2.77800455008999981E-16 0 1.42486531352999998E-16 0 2.52658284573999985E-16 0 9.21938593708000064E-16 0 1.04023984924999996E-16 0 5.14943706043999984E-16 0 9.30828000250000026E-17 0 5.48286280550999976E-16 0 7.67283033592999978E-16 0 7.15078883720999974E-16 0 3.50030706594999996E-16 0 1.1381123373700001E-16 0 4.47848883301000007E-17 0 5.76554496759E-17 0 1.57259876554999992E-16 0 3.17028327116000016E-16 0 2.46610055059999999E-15 0 2.06143421680000002E-16 0 9.39227316151999952E-17 0 5.4726642695500003E-16 0 5.1857112251600003E-16 0 3.94699084203000024E-16 0 3.40751684927999982E-16 0
7.55999427375999953E-17 0 2.68751869657999992E-16 0 1.82760694738E-16 0 1.42486531352999998E-16 0 2.52658284573999985E-16 0 9.21938593708000064E-16 0 1.04023984924999996E-16 0 5.14943706043999984E-16 0 9.30828000250000026E-17 0 4.13147000923999992E-16 0 5.34575449274000001E-16 0 7.15078883720999974E-16 0 3.50030706594999996E-16 0 1.09986769204999998E-16 0 4.47848883301000007E-17 0 3.9251199188399997E-17 0 1.57259876554999992E-16 0 2.6745841060899998E-16 0 2.46610055059999999E-15 0 1.77766879061000003E-16 0 9.39227316151999952E-17 0 5.4726642695500003E-16 0 5.1857112251600003E-16 0 3.94699084203000024E-16 0 3.26374513632999988E-16 0
5.29372294657000004E-17 0 2.68751869657999992E-16 0 1.82760694738E-16 0 1.42486531352999998E-16 0 2.52658284573999985E-16 0 6.86826309337999992E-16 0 7.84162868350999979E-17 0 4.52153319597999988E-16 0 9.30828000250000026E-17 0 4.13147000923999992E-16 0 5.34575449274000001E-16 0 6.17416724175999957E-16 0 3.50030706594999996E-16 0 1.09986769204999998E-16 0 4.47848883301000007E-17 0 3.9251199188399997E-17 0 1.57259876554999992E-16 0 2.6745841060899998E-16 0 2.46610055059999999E-15 0 1.77766879061000003E-16 0 9.39227316151999952E-17 0 4.83406361140999997E-16 0 5.1857112251600003E-16 0 3.94699084203000024E-16 0 2.62931490636999997E-16 0
5.29372294657000004E-17 0 2.42300189422999995E-16 0 1.82760694738E-16 0 1.36131050431999991E-16 0 2.52658284573999985E-16 0 6.86826309337999992E-16 0 7.84162868350999979E-17 0 3.88218269923999998E-16 0 9.10755112850999962E-17 0 3.64215246528000004E-16 0 5.02316095502999958E-16 0 5.82950001920999994E-16 0 3.50030706594999996E-16 0 1.09986769204999998E-16 0 4.1031913583200001E-17 0 3.9251199188399997E-17 0 1.57259876554999992E-16 0 2.6745841060899998E-16 0 1.83689722177999998E-15 0 1.59198762123E-16 0 9.39227316151999952E-17 0 4.83406361140999997E-16 0 5.1857112251600003E-16 0 3.86129241773000002E-16 0 2.62931490636999997E-16 0
5.29372294657000004E-17 0 2.42300189422999995E-16 0 1.82760694738E-16 0 1.36131050431999991E-16 0 2.52658284573999985E-16 0 6.86826309337999992E-16 0 7.84162868350999979E-17 0 3.88218269923999998E-16 0 8.03189161745999987E-17 0 3.64215246528000004E-16 0 3.95587772589000019E-16 0 4.80751445157999973E-16 0 3.50030706594999996E-16 0 1.04974207326999995E-16 0 4.1031913583200001E-17 0 3.9251199188399997E-17 0 1.45735739869999993E-16 0 2.58882697973999978E-16 0 1.83689722177999998E-15 0 1.56803542522000006E-16 0 9.39227316151999952E-17 0 4.83406361140999997E-16 0 5.1857112251600003E-16 0 3.86129241773000002E-16 0 2.62931490636999997E-16 0
5.29372294657000004E-17 0 2.21336242475999991E-16 0 1.82760694738E-16 0 9.32008966098000034E-17 0 2.03739894563000002E-16 0 6.86826309337999992E-16 0 7.84162868350999979E-17 0 3.78231614511999984E-16 0 8.03189161745999987E-17 0 3.64215246528000004E-16 0 3.95587772589000019E-16 0 4.80751445157999973E-16 0 3.50030706594999996E-16 0 9.35787422771999943E-17 0 2.86790358285000005E-17 0 3.9251199188399997E-17 0 1.30349032438000009E-16 0 2.58882697973999978E-16 0 1.83689722177999998E-15 0 1.18606595196000001E-16 0 8.68536580935999989E-17 0 4.83406361140999997E-16 0 4.69882913980000012E-16 0 3.16276951400999998E-16 0 2.23245832629999978E-16 0
5.29372294657000004E-17 0 2.21336242475999991E-16 0 1.82760694738E-16 0 9.32008966098000034E-17 0 1.58652992961999991E-16 0 6.86826309337999992E-16 0 7.84162868350999979E-17 0 3.78231614511999984E-16 0 8.03189161745999987E-17 0 3.64215246528000004E-16 0 3.22107010484999985E-16 0 4.7621454423399996E-16 0 3.50030706594999996E-16 0 9.35787422771999943E-17 0 2.86790358285000005E-17 0 3.9251199188399997E-17 0 1.30349032438000009E-16 0 2.42176117553999976E-16 0 1.83689722177999998E-15 0 1.18606595196000001E-16 0 7.86079286274999964E-17 0 4.83406361140999997E-16 0 4.69882913980000012E-16 0 3.16276951400999998E-16 0 2.05773832709000009E-16 0
4.96404847683999999E-17 0 2.07519280548000001E-16 0 1.78494242710999996E-16 0 9.32008966098000034E-17 0 1.58652992961999991E-16 0 6.86826309337999992E-16 0 4.61230201263999992E-17 0 2.88793680247000024E-16 0 8.03189161745999987E-17 0 3.58567875325999988E-16 0 3.22107010484999985E-16 0 4.7621454423399996E-16 0 3.50030706594999996E-16 0 9.35787422771999943E-17 0 2.86790358285000005E-17 0 3.9251199188399997E-17 0 9.53009892071000009E-17 0 2.17926111807000001E-16 0 1.83689722177999998E-15 0 1.18606595196000001E-16 0 7.86079286274999964E-17 0 4.72842370814999984E-16 0 4.69882913980000012E-16 0 3.16276951400999998E-16 0 2.05773832709000009E-16 0
4.96404847683999999E-17 0 1.97990727356000005E-16 0 1.29251494647999991E-16 0 9.32008966098000034E-17 0 1.58652992961999991E-16 0 5.93109660445000036E-16 0 4.61230201263999992E-17 0 2.88793680247000024E-16 0 6.78528025854999954E-17 0 3.58567875325999988E-16 0 3.22107010484999985E-16 0 4.11806408919000024E-16 0 3.3935872222899999E-16 0 8.21052258330000039E-17 0 2.86790358285000005E-17 0 3.64581739290999978E-17 0 9.53009892071000009E-17 0 1.99955023373000004E-16 0 1.75877621910000008E-15 0 1.16704071389999993E-16 0 7.86079286274999964E-17 0 3.64934677436000002E-16 0 4.69882913980000012E-16 0 2.22358982793000013E-16 0 1.86687341408000007E-16 0
4.96404847683999999E-17 0 1.17103491428999991E-16 0 1.29251494647999991E-16 0 9.32008966098000034E-17 0 1.36399392918000008E-16 0 4.45121807832999973E-16 0 4.61230201263999992E-17 0 2.33092716729999981E-16 0 6.69719694151000032E-17 0 2.77684127478999985E-16 0 2.78243697853000006E-16 0 4.11806408919000024E-16 0 3.3935872222899999E-16 0 7.05420356934999964E-17 0 2.36937171923999992E-17 0 3.57443976736000029E-17 0 9.53009892071000009E-17 0 1.49981336422000007E-16 0 1.60463935108999997E-15 0 1.14786020807999991E-16 0 7.45790893043000051E-17 0 2.98842563040999993E-16 0 4.69882913980000012E-16 0 2.22358982793000013E-16 0 1.86687341408000007E-16 0
4.96404847683999999E-17 0 1.17103491428999991E-16 0 9.43178310043999958E-17 0 6.23648962265000039E-17 0 1.24404514393999997E-16 0 4.45121807832999973E-16 0 4.61230201263999992E-17 0 2.33092716729999981E-16 0 4.82203811190999989E-17 0 2.50815376271999995E-16 0 2.78243697853000006E-16 0 4.11806408919000024E-16 0 3.23770186711000008E-16 0 6.98645355986000052E-17 0 2.33354688667999996E-17 0 3.15917667679999991E-17 0 9.53009892071000009E-17 0 1.49981336422000007E-16 0 1.60463935108999997E-15 0 1.14786020807999991E-16 0 5.00274773289000024E-17 0 2.98842563040999993E-16 0 4.69882913980000012E-16 0 2.15769717004999993E-16 0 1.86687341408000007E-16 0
4.96404847683999999E-17 0 1.17103491428999991E-16 0 9.43178310043999958E-17 0 6.23648962265000039E-17 0 1.24404514393999997E-16 0 3.76423206253999994E-16 0 4.61230201263999992E-17 0 2.33092716729999981E-16 0 4.82203811190999989E-17 0 2.50815376271999995E-16 0 2.78243697853000006E-16 0 3.00561153868999999E-16 0 3.15050347077999991E-16 0 6.03174609463000028E-17 0 2.33354688667999996E-17 0 3.15917667679999991E-17 0 9.53009892071000009E-17 0 9.37802292394000001E-17 0 1.60463935108999997E-15 0 8.8432244002299995E-17 0 4.27056071844000021E-17 0 2.93464485011999976E-16 0 3.57953617012000012E-16 0 2.15769717004999993E-16 0 1.79149984771000005E-16 0
4.96404847683999999E-17 0 1.17103491428999991E-16 0 9.43178310043999958E-17 0 6.23648962265000039E-17 0 9.41823430790999987E-17 0 3.76423206253999994E-16 0 4.61230201263999992E-17 0 2.33092716729999981E-16 0 4.82203811190999989E-17 0 2.32029390932999999E-16 0 2.78243697853000006E-16 0 2.71150364678000006E-16 0 1.73617924536000006E-16 0 6.03174609463000028E-17 0 2.33354688667999996E-17 0 3.15917667679999991E-17 0 9.05714850980999953E-17 0 9.37802292394000001E-17 0 1.33427320227000001E-15 0 8.8432244002299995E-17 0 4.0412585226800003E-17 0 2.93464485011999976E-16 0 3.52609389957000016E-16 0 1.9621645335299999E-16 0 1.79149984771000005E-16 0
3.09463237727000013E-17 0 1.17103491428999991E-16 0 9.43178310043999958E-17 0 6.23648962265000039E-17 0 9.41823430790999987E-17 0 2.88141915035000018E-16 0 4.61230201263999992E-17 0 1.89223109953999995E-16 0 4.75796264442999975E-17 0 2.32029390932999999E-16 0 1.86679038579000011E-16 0 2.71150364678000006E-16 0 1.73617924536000006E-16 0 6.03174609463000028E-17 0 2.27090519649999988E-17 0 3.15917667679999991E-17 0 9.05714850980999953E-17 0 9.37802292394000001E-17 0 1.33427320227000001E-15 0 6.83338705187999939E-17 0 4.0412585226800003E-17 0 2.6803190212800001E-16 0 3.52609389957000016E-16 0 1.53650682559000009E-16 0 1.32551776070999996E-16 0
3.09463237727000013E-17 0 1.15455072759000002E-16 0 9.43178310043999958E-17 0 5.9197198229300001E-17 0 9.41823430790999987E-17 0 2.45503000519000018E-16 0 3.77141567850999976E-17 0 1.48660841793999989E-16 0 4.05723132571999992E-17 0 1.3069803165299999E-16 0 1.82732556728000007E-16 0 2.58797888648999989E-16 0 1.43829319312000002E-16 0 5.71186809481000054E-17 0 2.27090519649999988E-17 0 2.48333828820000008E-17 0 9.05714850980999953E-17 0 9.37802292394000001E-17 0 1.29122719238000005E-15 0 6.83338705187999939E-17 0 4.0412585226800003E-17 0 2.38955352497999982E-16 0 2.79738025990000021E-16 0 1.53650682559000009E-16 0 1.14332361482999998E-16 0
3.09463237727000013E-17 0 9.76113135738999992E-17 0 9.43178310043999958E-17 0 5.9197198229300001E-17 0 7.99116140793999951E-17 0 2.43674835616000024E-16 0 3.77141567850999976E-17 0 1.48660841793999989E-16 0 4.05723132571999992E-17 0 1.3069803165299999E-16 0 1.82732556728000007E-16 0 2.58797888648999989E-16 0 1.43829319312000002E-16 0 5.51516150146000024E-17 0 2.27090519649999988E-17 0 2.48333828820000008E-17 0 8.55441042078000005E-17 0 9.37802292394000001E-17 0 1.29122719238000005E-15 0 6.83338705187999939E-17 0 4.0412585226800003E-17 0 1.70017730875999999E-16 0 2.79738025990000021E-16 0 1.53650682559000009E-16 0 8.3129578923400005E-17 0
3.09463237727000013E-17 0 9.76113135738999992E-17 0 7.60363794500999996E-17 0 5.9197198229300001E-17 0 7.99116140793999951E-17 0 2.43674835616000024E-16 0 3.77141567850999976E-17 0 1.48660841793999989E-16 0 4.05723132571999992E-17 0 1.3069803165299999E-16 0 1.82732556728000007E-16 0 2.47338622218000019E-16 0 1.43829319312000002E-16 0 5.51516150146000024E-17 0 1.96544158280999987E-17 0 2.48333828820000008E-17 0 8.20334514838000003E-17 0 7.41053316829999948E-17 0 1.26018614644000008E-15 0 6.83338705187999939E-17 0 4.0412585226800003E-17 0 1.70017730875999999E-16 0 2.50012709660000012E-16 0 1.53650682559000009E-16 0 8.3129578923400005E-17 0
2.7966926875699997E-17 0 9.76113135738999992E-17 0 7.30827935388999946E-17 0 5.3847992821699998E-17 0 7.62718972413000016E-17 0 2.33126200847999981E-16 0 3.77141567850999976E-17 0 1.48660841793999989E-16 0 3.34941006106000016E-17 0 1.3069803165299999E-16 0 1.82732556728000007E-16 0 2.42615815205999982E-16 0 1.09856922628999994E-16 0 3.80240100745999983E-17 0 1.34686091022999995E-17 0 2.48333828820000008E-17 0 6.21885740481000011E-17 0 7.27309136310999963E-17 0 1.07207234064999995E-15 0 5.95660889276000039E-17 0 2.8929948341999999E-17 0 1.70017730875999999E-16 0 2.50012709660000012E-16 0 1.16224483908999993E-16 0 8.3129578923400005E-17 0
2.38237912548999998E-17 0 9.76113135738999992E-17 0 7.30827935388999946E-17 0 5.03307797066000028E-17 0 7.57909511096999996E-17 0 2.28799902583000008E-16 0 2.97826410204999994E-17 0 1.35691749522999992E-16 0 3.34941006106000016E-17 0 1.3069803165299999E-16 0 1.82732556728000007E-16 0 1.45419726078000002E-16 0 1.09856922628999994E-16 0 3.6672995499000002E-17 0 1.34686091022999995E-17 0 1.97245957446000013E-17 0 6.21885740481000011E-17 0 7.27309136310999963E-17 0 1.07207234064999995E-15 0 5.84121270795999955E-17 0 2.8929948341999999E-17 0 1.44223897433999995E-16 0 2.50012709660000012E-16 0 1.16224483908999993E-16 0 6.75252673365999979E-17 0
2.38237912548999998E-17 0 9.51343728454000049E-17 0 7.30827935388999946E-17 0 4.13016980404000019E-17 0 6.25519217117999997E-17 0 2.28799902583000008E-16 0 2.97826410204999994E-17 0 1.35691749522999992E-16 0 2.81007388198000024E-17 0 1.3069803165299999E-16 0 1.37353755744000005E-16 0 1.45419726078000002E-16 0 1.09856922628999994E-16 0 3.6672995499000002E-17 0 1.34686091022999995E-17 0 1.97245957446000013E-17 0 5.68614959970999973E-17 0 7.27309136310999963E-17 0 5.70986535980999977E-16 0 4.12779075522000015E-17 0 2.54559830835000006E-17 0 1.44223897433999995E-16 0 1.89115604413000004E-16 0 1.16224483908999993E-16 0 6.75252673365999979E-17 0
2.38237912548999998E-17 0 7.29442174108999977E-17 0 7.09962797732999996E-17 0 4.13016980404000019E-17 0 6.25519217117999997E-17 0 1.6655583322799999E-16 0 2.97826410204999994E-17 0 7.18509641934000021E-17 0 2.81007388198000024E-17 0 1.3069803165299999E-16 0 1.37353755744000005E-16 0 1.45419726078000002E-16 0 1.09856922628999994E-16 0 3.54679636432000016E-17 0 1.34686091022999995E-17 0 1.97245957446000013E-17 0 5.68614959970999973E-17 0 6.25597230152000041E-17 0 5.70986535980999977E-16 0 4.12779075522000015E-17 0 2.54559830835000006E-17 0 1.19375401675999994E-16 0 1.89115604413000004E-16 0 1.16224483908999993E-16 0 5.8887550997099998E-17 0
1.93718440640999996E-17 0 6.7378241682199997E-17 0 5.95097610962000031E-17 0 4.13016980404000019E-17 0 4.44759426083000028E-17 0 1.6655583322799999E-16 0 2.30202730564999991E-17 0 7.18509641934000021E-17 0 2.70856755525999997E-17 0 9.01461490200999946E-17 0 1.37353755744000005E-16 0 1.00272417054999998E-16 0 1.09856922628999994E-16 0 3.54679636432000016E-17 0 1.32545503939000007E-17 0 1.73355193818000006E-17 0 5.02546179526999999E-17 0 6.25597230152000041E-17 0 5.70986535980999977E-16 0 4.12779075522000015E-17 0 2.54559830835000006E-17 0 1.19375401675999994E-16 0 1.1926946496100001E-16 0 1.16224483908999993E-16 0 5.8887550997099998E-17 0
1.93718440640999996E-17 0 5.52061014809000005E-17 0 5.95097610962000031E-17 0 4.13016980404000019E-17 0 4.44759426083000028E-17 0 1.53966927983999989E-16 0 2.30202730564999991E-17 0 7.18509641934000021E-17 0 2.34633233070000002E-17 0 8.94111957236999977E-17 0 1.37353755744000005E-16 0 1.00272417054999998E-16 0 1.09856922628999994E-16 0 3.38054886025000019E-17 0 1.32545503939000007E-17 0 1.73355193818000006E-17 0 3.8060364474200003E-17 0 6.25597230152000041E-17 0 5.70986535980999977E-16 0 4.12779075522000015E-17 0 2.54559830835000006E-17 0 1.19375401675999994E-16 0 1.1926946496100001E-16 0 1.16224483908999993E-16 0 4.74231234874000009E-17 0
1.93718440640999996E-17 0 5.52061014809000005E-17 0 5.20520055455000022E-17 0 3.54279366186000024E-17 0 4.44759426083000028E-17 0 1.53966927983999989E-16 0 2.30202730564999991E-17 0 7.18509641934000021E-17 0 2.34633233070000002E-17 0 8.94111957236999977E-17 0 1.30071637667999997E-16 0 1.00272417054999998E-16 0 1.09856922628999994E-16 0 3.37966585931000028E-17 0 1.32545503939000007E-17 0 1.73355193818000006E-17 0 3.8060364474200003E-17 0 6.25597230152000041E-17 0 5.70986535980999977E-16 0 4.12779075522000015E-17 0 2.54559830835000006E-17 0 1.1594846008699999E-16 0 1.1926946496100001E-16 0 1.16224483908999993E-16 0 4.74231234874000009E-17 0
1.8859219804200001E-17 0 4.46925148080999972E-17 0 5.20520055455000022E-17 0 3.54279366186000024E-17 0 4.44759426083000028E-17 0 1.30068399553000008E-16 0 2.30202730564999991E-17 0 7.18509641934000021E-17 0 2.34633233070000002E-17 0 8.94111957236999977E-17 0 1.09348722437000003E-16 0 9.90217634230000047E-17 0 9.37400023470000037E-17 0 1.77043142959000014E-17 0 1.08438758113999998E-17 0 1.72465946509E-17 0 3.8060364474200003E-17 0 5.32710306920999972E-17 0 5.70986535980999977E-16 0 4.03682907594999983E-17 0 1.63380576733000013E-17 0 1.04507668749999997E-16 0 1.1926946496100001E-16 0 1.05903876124999995E-16 0 4.74231234874000009E-17 0
1.8859219804200001E-17 0 4.46925148080999972E-17 0 4.97628203763999991E-17 0 3.54279366186000024E-17 0 3.90509140238000029E-17 0 1.07705585969999994E-16 0 2.30202730564999991E-17 0 7.18509641934000021E-17 0 2.29472949832000011E-17 0 8.94111957236999977E-17 0 1.09348722437000003E-16 0 9.90217634230000047E-17 0 9.37400023470000037E-17 0 1.77043142959000014E-17 0 1.08438758113999998E-17 0 1.72465946509E-17 0 2.50171465858999996E-17 0 5.32710306920999972E-17 0 5.35485749343999962E-16 0 3.4428526810799997E-17 0 1.61482777286999993E-17 0 1.04507668749999997E-16 0 1.1926946496100001E-16 0 1.05903876124999995E-16 0 4.49068851967000006E-17 0
1.8859219804200001E-17 0 4.46925148080999972E-17 0 4.87017683157999971E-17 0 2.64391070174000015E-17 0 3.90509140238000029E-17 0 9.75665503012000046E-17 0 1.30362402770999998E-17 0 7.18509641934000021E-17 0 2.29472949832000011E-17 0 8.94111957236999977E-17 0 9.89960716749999947E-17 0 9.90217634230000047E-17 0 9.37400023470000037E-17 0 1.77043142959000014E-17 0 1.08438758113999998E-17 0 1.21779077298000003E-17 0 2.50171465858999996E-17 0 4.39291957803999989E-17 0 5.35485749343999962E-16 0 3.4428526810799997E-17 0 1.46681990296999991E-17 0 8.11449922986000012E-17 0 1.1926946496100001E-16 0 8.44792598363000018E-17 0 4.49068851967000006E-17 0
1.50942988827000014E-17 0 4.46925148080999972E-17 0 3.78076268622999992E-17 0 2.53823621804000012E-17 0 3.8096625971700001E-17 0 9.75665503012000046E-17 0 1.30362402770999998E-17 0 7.18509641934000021E-17 0 2.05735976482000012E-17 0 8.94111957236999977E-17 0 9.89960716749999947E-17 0 9.90217634230000047E-17 0 9.14018116423999966E-17 0 1.77043142959000014E-17 0 8.22212354339000029E-18 0 1.21779077298000003E-17 0 2.50171465858999996E-17 0 2.61820811858999999E-17 0 5.35485749343999962E-16 0 3.4428526810799997E-17 0 1.46681990296999991E-17 0 8.11449922986000012E-17 0 1.1926946496100001E-16 0 6.38264363709000034E-17 0 4.49068851967000006E-17 0
1.50942988827000014E-17 0 3.56297895487999982E-17 0 3.17986495064999975E-17 0 1.42397829275999987E-17 0 3.8096625971700001E-17 0 6.70238824981999979E-17 0 1.30362402770999998E-17 0 7.18509641934000021E-17 0 1.85619935184000015E-17 0 7.05138177814999988E-17 0 9.89960716749999947E-17 0 7.01871184718999943E-17 0 9.14018116423999966E-17 0 1.77043142959000014E-17 0 8.22212354339000029E-18 0 1.21779077298000003E-17 0 2.50171465858999996E-17 0 2.61820811858999999E-17 0 3.96699168653999985E-16 0 3.4428526810799997E-17 0 1.46681990296999991E-17 0 8.11449922986000012E-17 0 1.1926946496100001E-16 0 6.38264363709000034E-17 0 4.47274431830999998E-17 0
1.49939508516000009E-17 0 3.56297895487999982E-17 0 3.17986495064999975E-17 0 1.42397829275999987E-17 0 3.8096625971700001E-17 0 6.21921372503999999E-17 0 1.30362402770999998E-17 0 7.18509641934000021E-17 0 1.85619935184000015E-17 0 6.28641081324999962E-17 0 8.03594479363999991E-17 0 6.46515451649000011E-17 0 9.05671896164000022E-17 0 1.77043142959000014E-17 0 8.05130094912000076E-18 0 1.21779077298000003E-17 0 2.50171465858999996E-17 0 2.61820811858999999E-17 0 3.70418568531999988E-16 0 2.65092066420999999E-17 0 1.46681990296999991E-17 0 8.11449922986000012E-17 0 1.1926946496100001E-16 0 5.93657100623000061E-17 0 3.15975190913000001E-17 0
1.40858461852000012E-17 0 3.56297895487999982E-17 0 2.92617353989999991E-17 0 1.42397829275999987E-17 0 2.34045883365000013E-17 0 6.21921372503999999E-17 0 1.30362402770999998E-17 0 7.18509641934000021E-17 0 1.85249388090999998E-17 0 6.28641081324999962E-17 0 8.02526111396999972E-17 0 5.29316552612000014E-17 0 9.05671896164000022E-17 0 1.77043142959000014E-17 0 8.05130094912000076E-18 0 1.08864643844000004E-17 0 2.50171465858999996E-17 0 2.61820811858999999E-17 0 3.26837178438999987E-16 0 2.65092066420999999E-17 0 1.01940796490999992E-17 0 8.11449922986000012E-17 0 8.79150342405000055E-17 0 5.93657100623000061E-17 0 3.15975190913000001E-17 0
1.09946707355999995E-17 0 3.56297895487999982E-17 0 2.92617353989999991E-17 0 1.42397829275999987E-17 0 2.34045883365000013E-17 0 6.21921372503999999E-17 0 1.30362402770999998E-17 0 7.18509641934000021E-17 0 1.85249388090999998E-17 0 6.28641081324999962E-17 0 8.02526111396999972E-17 0 5.29316552612000014E-17 0 9.05671896164000022E-17 0 1.65535397367000001E-17 0 7.25392451248000057E-18 0 6.67036855925000015E-18 0 2.50171465858999996E-17 0 2.61820811858999999E-17 0 3.26837178438999987E-16 0 2.25863595111999998E-17 0 1.01940796490999992E-17 0 5.23907302894999995E-17 0 8.79150342405000055E-17 0 5.32562702090000023E-17 0 2.54903115937999994E-17 0
8.21510310345000076E-18 0 3.56297895487999982E-17 0 2.67708063102999989E-17 0 1.24627906259999996E-17 0 2.34045883365000013E-17 0 6.21921372503999999E-17 0 1.30362402770999998E-17 0 6.68936064585999977E-17 0 1.46095728019000005E-17 0 5.54962348733999986E-17 0 8.02526111396999972E-17 0 5.29316552612000014E-17 0 8.20332838309000023E-17 0 1.65535397367000001E-17 0 6.57775582643000002E-18 0 6.67036855925000015E-18 0 2.26480231860999985E-17 0 2.25339470156999992E-17 0 3.2547529467699999E-16 0 2.25863595111999998E-17 0 1.01940796490999992E-17 0 5.23907302894999995E-17 0 8.79150342405000055E-17 0 3.64070636838000021E-17 0 2.54903115937999994E-17 0
8.21510310345000076E-18 0 3.56297895487999982E-17 0 2.31999886102999986E-17 0 1.24627906259999996E-17 0 2.34045883365000013E-17 0 6.21921372503999999E-17 0 1.20836554430999999E-17 0 5.57098297767999943E-17 0 1.46095728019000005E-17 0 5.54962348733999986E-17 0 8.02526111396999972E-17 0 5.29316552612000014E-17 0 5.40524479912999969E-17 0 1.50678054875999991E-17 0 5.8592812934600001E-18 0 6.67036855925000015E-18 0 2.26480231860999985E-17 0 2.25339470156999992E-17 0 3.2547529467699999E-16 0 1.67636442039999994E-17 0 1.01940796490999992E-17 0 4.68218375399999974E-17 0 7.91619873476999997E-17 0 3.64070636838000021E-17 0 2.54903115937999994E-17 0
8.08292342721000049E-18 0 3.56297895487999982E-17 0 2.31999886102999986E-17 0 1.24627906259999996E-17 0 2.34045883365000013E-17 0 6.12170670185999965E-17 0 1.20836554430999999E-17 0 5.10986825035000009E-17 0 1.46095728019000005E-17 0 5.54962348733999986E-17 0 6.90303584946000021E-17 0 5.29316552612000014E-17 0 5.40524479912999969E-17 0 1.44925720960000003E-17 0 5.27648033817000001E-18 0 6.67036855925000015E-18 0 2.26480231860999985E-17 0 2.25339470156999992E-17 0 2.97202198570000012E-16 0 1.32906422255000007E-17 0 9.44117565130000015E-18 0 4.68218375399999974E-17 0 7.91619873476999997E-17 0 3.64070636838000021E-17 0 2.54903115937999994E-17 0
8.08292342721000049E-18 0 2.72972896291000008E-17 0 2.20829088843000005E-17 0 1.24627906259999996E-17 0 2.34045883365000013E-17 0 5.29773463472999994E-17 0 1.20836554430999999E-17 0 5.10986825035000009E-17 0 1.24497361390000004E-17 0 4.41063771176999994E-17 0 6.61446919083999953E-17 0 5.27567231480000019E-17 0 5.40524479912999969E-17 0 1.31608406016999999E-17 0 5.12808853609999981E-18 0 6.67036855925000015E-18 0 2.26480231860999985E-17 0 2.25339470156999992E-17 0 2.56002617763999984E-16 0 1.32906422255000007E-17 0 9.44117565130000015E-18 0 4.68218375399999974E-17 0 6.31456944018999959E-17 0 3.64070636838000021E-17 0 2.54903115937999994E-17 0
7.41490570565999937E-18 0 2.72972896291000008E-17 0 1.38034708775000003E-17 0 1.24627906259999996E-17 0 1.98785934643999993E-17 0 4.80095769211000008E-17 0 1.20836554430999999E-17 0 5.10986825035000009E-17 0 1.24497361390000004E-17 0 3.67284737330000028E-17 0 5.86486212715000004E-17 0 3.24804802178000027E-17 0 5.40524479912999969E-17 0 1.31608406016999999E-17 0 5.12808853609999981E-18 0 6.67036855925000015E-18 0 2.26480231860999985E-17 0 1.93835045833999991E-17 0 2.56002617763999984E-16 0 1.32906422255000007E-17 0 8.39636731570999995E-18 0 4.68218375399999974E-17 0 5.66284370549999942E-17 0 3.11498856107999988E-17 0 2.54903115937999994E-17 0
7.41490570565999937E-18 0 2.72972896291000008E-17 0 1.38034708775000003E-17 0 1.23129297217999998E-17 0 1.80586095866999992E-17 0 4.80095769211000008E-17 0 1.20836554430999999E-17 0 2.38994228889000014E-17 0 1.24497361390000004E-17 0 3.67284737330000028E-17 0 5.75426469562000029E-17 0 2.74080128332000014E-17 0 5.40524479912999969E-17 0 1.31608406016999999E-17 0 3.58870460100000038E-18 0 6.67036855925000015E-18 0 1.55693102956999996E-17 0 1.75078629217999999E-17 0 2.34241318964999992E-16 0 9.21184831458999932E-18 0 7.1299256159300002E-18 0 3.23538760173000011E-17 0 5.66284370549999942E-17 0 2.84657798475999976E-17 0 2.49881517783000007E-17 0
6.14553910816000033E-18 0 2.22700565786999998E-17 0 1.38034708775000003E-17 0 1.01111432931999993E-17 0 1.19036153200000002E-17 0 3.93001031148000026E-17 0 1.01007368772000006E-17 0 2.38994228889000014E-17 0 1.24497361390000004E-17 0 2.92419421422999989E-17 0 4.40948262868000026E-17 0 2.74080128332000014E-17 0 4.74562886340000019E-17 0 1.09514085168000008E-17 0 3.58870460100000038E-18 0 6.67036855925000015E-18 0 1.44821951464999989E-17 0 1.75078629217999999E-17 0 2.34241318964999992E-16 0 9.21184831458999932E-18 0 7.1299256159300002E-18 0 3.23538760173000011E-17 0 3.67870656529000016E-17 0 2.84657798475999976E-17 0 2.49881517783000007E-17 0
6.14553910816000033E-18 0 2.22700565786999998E-17 0 1.38034708775000003E-17 0 9.64826939697999967E-18 0 1.19036153200000002E-17 0 3.71064909680999983E-17 0 9.03722314659000019E-18 0 2.38994228889000014E-17 0 1.24497361390000004E-17 0 2.30688627527999985E-17 0 4.09701524892000015E-17 0 2.74080128332000014E-17 0 4.68274727872999987E-17 0 9.79827105088999939E-18 0 3.58870460100000038E-18 0 6.58153627630999995E-18 0 1.44821951464999989E-17 0 1.45172309474000001E-17 0 1.96268714010999997E-16 0 9.21184831458999932E-18 0 7.1299256159300002E-18 0 3.23538760173000011E-17 0 3.67870656529000016E-17 0 2.23334907096999992E-17 0 2.49881517783000007E-17 0
5.21999961772999998E-18 0 2.22700565786999998E-17 0 1.38034708775000003E-17 0 9.64826939697999967E-18 0 1.19036153200000002E-17 0 2.74210408773000008E-17 0 9.03722314659000019E-18 0 2.38994228889000014E-17 0 1.09694262792000002E-17 0 2.30688627527999985E-17 0 4.09701524892000015E-17 0 2.74080128332000014E-17 0 4.12418627284999983E-17 0 7.56589453286000054E-18 0 3.43510654422000001E-18 0 5.67837870136999979E-18 0 1.44821951464999989E-17 0 1.45172309474000001E-17 0 1.62616350006000011E-16 0 9.21184831458999932E-18 0 7.01634129547000004E-18 0 2.9837425125899997E-17 0 3.67870656529000016E-17 0 2.23334907096999992E-17 0 2.49881517783000007E-17 0
4.8593258838899997E-18 0 1.89363495112000002E-17 0 1.29908048592999993E-17 0 9.64826939697999967E-18 0 1.18902318899999996E-17 0 2.74210408773000008E-17 0 7.12080679892000038E-18 0 2.38994228889000014E-17 0 1.07042169566999994E-17 0 2.30688627527999985E-17 0 4.04604872628999976E-17 0 2.74080128332000014E-17 0 4.12418627284999983E-17 0 6.9391166090799997E-18 0 3.43510654422000001E-18 0 5.2527449506899998E-18 0 1.44821951464999989E-17 0 1.33894537746999993E-17 0 1.62616350006000011E-16 0 9.21184831458999932E-18 0 6.10183267009000033E-18 0 2.9837425125899997E-17 0 3.67870656529000016E-17 0 2.23334907096999992E-17 0 2.19205874152000005E-17 0
3.81409211855000032E-18 0 1.89363495112000002E-17 0 1.29908048592999993E-17 0 9.48490079414000042E-18 0 1.18902318899999996E-17 0 2.6921553465099999E-17 0 7.12080679892000038E-18 0 2.38994228889000014E-17 0 7.03779586272000019E-18 0 2.30688627527999985E-17 0 4.04604872628999976E-17 0 2.74080128332000014E-17 0 4.03135836223000017E-17 0 6.9391166090799997E-18 0 2.67390205541999989E-18 0 4.89699030660000031E-18 0 1.44821951464999989E-17 0 1.33894537746999993E-17 0 1.62616350006000011E-16 0 9.21184831458999932E-18 0 6.10183267009000033E-18 0 2.17308176611999988E-17 0 3.67870656529000016E-17 0 1.84770408044999988E-17 0 2.19205874152000005E-17 0
3.81409211855000032E-18 0 1.89363495112000002E-17 0 8.91658221360999955E-18 0 8.35915508606000064E-18 0 1.18902318899999996E-17 0 2.6921553465099999E-17 0 7.12080679892000038E-18 0 2.38994228889000014E-17 0 7.03779586272000019E-18 0 2.30688627527999985E-17 0 3.44754561973999996E-17 0 2.74080128332000014E-17 0 3.60824043272000003E-17 0 6.9391166090799997E-18 0 2.67390205541999989E-18 0 3.33499241128999984E-18 0 1.44821951464999989E-17 0 1.33894537746999993E-17 0 1.59202984217999999E-16 0 9.21184831458999932E-18 0 4.80983182825999989E-18 0 2.12410832753999987E-17 0 3.27297623265000005E-17 0 1.84770408044999988E-17 0 2.19205874152000005E-17 0
3.81409211855000032E-18 0 1.81083819853000002E-17 0 8.91658221360999955E-18 0 8.35915508606000064E-18 0 1.18902318899999996E-17 0 2.6921553465099999E-17 0 5.9404538186799999E-18 0 2.38994228889000014E-17 0 7.03779586272000019E-18 0 2.29992054999999997E-17 0 3.44754561973999996E-17 0 2.74080128332000014E-17 0 3.60824043272000003E-17 0 6.9391166090799997E-18 0 2.59051479119000001E-18 0 3.26568677887999995E-18 0 1.10017849644000007E-17 0 1.19009419606000007E-17 0 1.59202984217999999E-16 0 4.85150022996999985E-18 0 3.33076238254000004E-18 0 2.12410832753999987E-17 0 3.27297623265000005E-17 0 1.83963651015999986E-17 0 1.70117977441000013E-17 0
3.81409211855000032E-18 0 1.44726425864999999E-17 0 8.91658221360999955E-18 0 7.35925529793999982E-18 0 1.04756015983999994E-17 0 2.6921553465099999E-17 0 5.9404538186799999E-18 0 2.38994228889000014E-17 0 5.38611320684000033E-18 0 2.03502287115000002E-17 0 2.15113808457999994E-17 0 2.00251094964E-17 0 3.34909271213000031E-17 0 6.9391166090799997E-18 0 1.93267443802999992E-18 0 3.24671192740000013E-18 0 1.10017849644000007E-17 0 1.09261920166999994E-17 0 1.08516981685000004E-16 0 4.85150022996999985E-18 0 3.33076238254000004E-18 0 2.12410832753999987E-17 0 3.27297623265000005E-17 0 1.83963651015999986E-17 0 1.63524769186999985E-17 0
3.81409211855000032E-18 0 1.44726425864999999E-17 0 6.00086461622999981E-18 0 7.35925529793999982E-18 0 7.93970275294000064E-18 0 2.6921553465099999E-17 0 5.9404538186799999E-18 0 2.06803013982000001E-17 0 5.38611320684000033E-18 0 2.03502287115000002E-17 0 2.15113808457999994E-17 0 2.00251094964E-17 0 3.34909271213000031E-17 0 6.82934543564000003E-18 0 1.93267443802999992E-18 0 3.04841795277000009E-18 0 1.10017849644000007E-17 0 9.19679796380999955E-18 0 1.08516981685000004E-16 0 3.76091223197999983E-18 0 3.10423605229000002E-18 0 2.07335245352999996E-17 0 3.0002657339400002E-17 0 1.83963651015999986E-17 0 1.63524769186999985E-17 0
3.81409211855000032E-18 0 1.08431837634999994E-17 0 5.41810749537999979E-18 0 6.32173890801999969E-18 0 7.93970275294000064E-18 0 1.56690420880000007E-17 0 5.9404538186799999E-18 0 2.06803013982000001E-17 0 5.38611320684000033E-18 0 1.87725845432999993E-17 0 2.15113808457999994E-17 0 1.67464912134999986E-17 0 1.34865818131000004E-17 0 6.82934543564000003E-18 0 1.93267443802999992E-18 0 2.98978249468E-18 0 1.10017849644000007E-17 0 9.19679796380999955E-18 0 1.02415158891000004E-16 0 3.76091223197999983E-18 0 3.10423605229000002E-18 0 2.07335245352999996E-17 0 3.0002657339400002E-17 0 1.83963651015999986E-17 0 1.32215984876999997E-17 0
3.81409211855000032E-18 0 1.08431837634999994E-17 0 5.41810749537999979E-18 0 6.32173890801999969E-18 0 7.65245039307999945E-18 0 1.56690420880000007E-17 0 5.19972122791999991E-18 0 1.89766200824999986E-17 0 4.9338408994100001E-18 0 1.81356163877000014E-17 0 1.8581338608599999E-17 0 1.67464912134999986E-17 0 1.34865818131000004E-17 0 6.82934543564000003E-18 0 1.78835330683999987E-18 0 2.98978249468E-18 0 9.3403659835299999E-18 0 9.19679796380999955E-18 0 8.69487591223999977E-17 0 3.76091223197999983E-18 0 3.01690209342999999E-18 0 2.07335245352999996E-17 0 3.0002657339400002E-17 0 1.63436546725000002E-17 0 1.32215984876999997E-17 0
3.81409211855000032E-18 0 1.08431837634999994E-17 0 5.41810749537999979E-18 0 6.23239783951000004E-18 0 7.65245039307999945E-18 0 1.56690420880000007E-17 0 5.19972122791999991E-18 0 1.05437941787000006E-17 0 4.9338408994100001E-18 0 1.17299478149E-17 0 1.69763951886999992E-17 0 1.61619914657999996E-17 0 1.34865818131000004E-17 0 6.00830993567999995E-18 0 1.78835330683999987E-18 0 2.98978249468E-18 0 9.3403659835299999E-18 0 9.19679796380999955E-18 0 8.69487591223999977E-17 0 3.76091223197999983E-18 0 3.01690209342999999E-18 0 2.05375361231000014E-17 0 2.74178250182999991E-17 0 1.63436546725000002E-17 0 1.08163484704999997E-17 0
3.06882059071000019E-18 0 1.08431837634999994E-17 0 5.32753213582999969E-18 0 4.90007260646000025E-18 0 7.35815268170000011E-18 0 1.56690420880000007E-17 0 5.19972122791999991E-18 0 1.05437941787000006E-17 0 4.9338408994100001E-18 0 1.17299478149E-17 0 1.69763951886999992E-17 0 1.61619914657999996E-17 0 1.34865818131000004E-17 0 4.93662839634999982E-18 0 1.54173869063999991E-18 0 2.98978249468E-18 0 9.3403659835299999E-18 0 8.63446971920000015E-18 0 6.61918567346999986E-17 0 3.59315602565999991E-18 0 3.01690209342999999E-18 0 2.02771765075000012E-17 0 2.74178250182999991E-17 0 1.37320449820000001E-17 0 1.08163484704999997E-17 0
3.06882059071000019E-18 0 8.94946429580000012E-18 0 5.32753213582999969E-18 0 4.90007260646000025E-18 0 7.35815268170000011E-18 0 1.28782552139000003E-17 0 5.15639228646999962E-18 0 1.05437941787000006E-17 0 2.95699025680000015E-18 0 1.04991859523999999E-17 0 1.65424162873999996E-17 0 1.44279043333999988E-17 0 1.34865818131000004E-17 0 4.93662839634999982E-18 0 1.11537401065999993E-18 0 2.77089932123999997E-18 0 8.93279501632000071E-18 0 7.26700567551999944E-18 0 6.61918567346999986E-17 0 3.05955083121000007E-18 0 3.01690209342999999E-18 0 1.76997985706000007E-17 0 2.74178250182999991E-17 0 1.11397100602999998E-17 0 8.97551829180000032E-18 0
2.43643607746999982E-18 0 8.94946429580000012E-18 0 4.78190832878999988E-18 0 4.34983124965000028E-18 0 6.25682674202000031E-18 0 1.28782552139000003E-17 0 5.15639228646999962E-18 0 1.05437941787000006E-17 0 2.95699025680000015E-18 0 1.04578299302999997E-17 0 1.40968406245000001E-17 0 1.44279043333999988E-17 0 1.34865818131000004E-17 0 4.93662839634999982E-18 0 1.11537401065999993E-18 0 2.4535335299300001E-18 0 6.83528281042999986E-18 0 7.26700567551999944E-18 0 6.61918567346999986E-17 0 3.05955083121000007E-18 0 2.75047187125000002E-18 0 1.47165558570999985E-17 0 2.47544688676999989E-17 0 6.98131621661000015E-18 0 8.97551829180000032E-18 0
2.43643607746999982E-18 0 8.92568976542999932E-18 0 4.78190832878999988E-18 0 3.02778980016000009E-18 0 6.25682674202000031E-18 0 1.03335346894999993E-17 0 3.72298234981999987E-18 0 1.05437941787000006E-17 0 2.95699025680000015E-18 0 1.04578299302999997E-17 0 1.40968406245000001E-17 0 1.44279043333999988E-17 0 1.34865818131000004E-17 0 4.76590561757000027E-18 0 8.13443363990000033E-19 0 2.45044025799000009E-18 0 6.83528281042999986E-18 0 7.26700567551999944E-18 0 6.61918567346999986E-17 0 1.90611095429000011E-18 0 2.75047187125000002E-18 0 1.47165558570999985E-17 0 2.32857082536000009E-17 0 6.98131621661000015E-18 0 8.97551829180000032E-18 0
2.0161833810000001E-18 0 8.72474136471999985E-18 0 3.82733318198000005E-18 0 3.02778980016000009E-18 0 5.36896670215000027E-18 0 1.03335346894999993E-17 0 3.72298234981999987E-18 0 1.05437941787000006E-17 0 2.95699025680000015E-18 0 9.53477221741000009E-18 0 9.15739443132999936E-18 0 9.51458058235999946E-18 0 1.34865818131000004E-17 0 2.61654573971000004E-18 0 8.13443363990000033E-19 0 2.45044025799000009E-18 0 6.41325078614000007E-18 0 6.48653402410000002E-18 0 6.61918567346999986E-17 0 1.90611095429000011E-18 0 2.75047187125000002E-18 0 1.46653528914999991E-17 0 1.88529608319000014E-17 0 6.98131621661000015E-18 0 6.96101328423999939E-18 0
1.72627656620999993E-18 0 8.63118230816000028E-18 0 3.82733318198000005E-18 0 3.02778980016000009E-18 0 5.36896670215000027E-18 0 1.03335346894999993E-17 0 3.72298234981999987E-18 0 1.05437941787000006E-17 0 2.95699025680000015E-18 0 9.53477221741000009E-18 0 9.15739443132999936E-18 0 9.51458058235999946E-18 0 1.34865818131000004E-17 0 2.61654573971000004E-18 0 7.41867324302999984E-19 0 2.00979350906000007E-18 0 6.29551597159000036E-18 0 6.29510000398000021E-18 0 6.31593669756999956E-17 0 1.90611095429000011E-18 0 2.66829621168999992E-18 0 1.46653528914999991E-17 0 1.56072725962000009E-17 0 6.98131621661000015E-18 0 6.96101328423999939E-18 0
1.72627656620999993E-18 0 8.6150937738000006E-18 0 3.82733318198000005E-18 0 2.80276816166999983E-18 0 4.17591988710000037E-18 0 1.03335346894999993E-17 0 3.33394891434999998E-18 0 1.05437941787000006E-17 0 2.31638328832000002E-18 0 9.53477221741000009E-18 0 9.15739443132999936E-18 0 7.87717279137999978E-18 0 1.34865818131000004E-17 0 2.61654573971000004E-18 0 7.41867324302999984E-19 0 2.00979350906000007E-18 0 6.29551597159000036E-18 0 5.45274433997999998E-18 0 4.02768319007999996E-17 0 1.90611095429000011E-18 0 2.66829621168999992E-18 0 1.41056414588999991E-17 0 1.56072725962000009E-17 0 6.98131621661000015E-18 0 6.96101328423999939E-18 0
1.72627656620999993E-18 0 7.08160470504000027E-18 0 3.82733318198000005E-18 0 2.80276816166999983E-18 0 3.21448044530999985E-18 0 9.27109713322000071E-18 0 3.33394891434999998E-18 0 1.05437941787000006E-17 0 2.31638328832000002E-18 0 9.07562892423999978E-18 0 9.15739443132999936E-18 0 7.87717279137999978E-18 0 1.34865818131000004E-17 0 2.61654573971000004E-18 0 7.41867324302999984E-19 0 1.62791011855000003E-18 0 6.29551597159000036E-18 0 5.45274433997999998E-18 0 4.02768319007999996E-17 0 1.90611095429000011E-18 0 1.95206369859000007E-18 0 1.25981256010000001E-17 0 1.56072725962000009E-17 0 5.97704916782000005E-18 0 6.57741283427999985E-18 0
1.66762534165000007E-18 0 7.08160470504000027E-18 0 3.26612709999000003E-18 0 2.70310794089000009E-18 0 3.21448044530999985E-18 0 9.27109713322000071E-18 0 3.33394891434999998E-18 0 9.40041780753000021E-18 0 2.31638328832000002E-18 0 8.87004872593000053E-18 0 9.15739443132999936E-18 0 7.51018407912999994E-18 0 1.34865818131000004E-17 0 2.46680382195000014E-18 0 7.41867324302999984E-19 0 1.62791011855000003E-18 0 4.86634291036000033E-18 0 4.43920345622000015E-18 0 4.02768319007999996E-17 0 1.8342824498600001E-18 0 1.95206369859000007E-18 0 1.08017595082000006E-17 0 1.56072725962000009E-17 0 5.97704916782000005E-18 0 5.63948793407999979E-18 0
1.66762534165000007E-18 0 5.89095241273000033E-18 0 2.56071747330999994E-18 0 2.52490023025999982E-18 0 3.21448044530999985E-18 0 7.38187372586000051E-18 0 3.22942949075999997E-18 0 3.56955229365000009E-18 0 2.26779156094999999E-18 0 5.76033430395000001E-18 0 9.15739443132999936E-18 0 6.78545465532999989E-18 0 1.17689974888999998E-17 0 2.46680382195000014E-18 0 7.41867324302999984E-19 0 1.62791011855000003E-18 0 4.86634291036000033E-18 0 4.43920345622000015E-18 0 4.02768319007999996E-17 0 1.82259928278999982E-18 0 1.67969939602999994E-18 0 8.07291846188999931E-18 0 1.56072725962000009E-17 0 5.97704916782000005E-18 0 5.63948793407999979E-18 0
1.44104540951999996E-18 0 5.8764479491299997E-18 0 2.56071747330999994E-18 0 1.98307362837000015E-18 0 2.9646889659599999E-18 0 7.38187372586000051E-18 0 2.05005338981000011E-18 0 3.56955229365000009E-18 0 2.26779156094999999E-18 0 5.76033430395000001E-18 0 7.89503609606000007E-18 0 4.97716739533999991E-18 0 1.17689974888999998E-17 0 2.18009814480999986E-18 0 4.99537954228999959E-19 0 1.62791011855000003E-18 0 4.86634291036000033E-18 0 4.27748228963999968E-18 0 3.09012674905000011E-17 0 1.36294546845E-18 0 1.67969939602999994E-18 0 8.07291846188999931E-18 0 1.43402219826000012E-17 0 5.97704916782000005E-18 0 5.63948793407999979E-18 0
1.44104540951999996E-18 0 4.9760126141200001E-18 0 2.56071747330999994E-18 0 1.98307362837000015E-18 0 2.9646889659599999E-18 0 7.38187372586000051E-18 0 2.05005338981000011E-18 0 3.56955229365000009E-18 0 2.26779156094999999E-18 0 5.76033430395000001E-18 0 7.89503609606000007E-18 0 4.97716739533999991E-18 0 1.17689974888999998E-17 0 2.18009814480999986E-18 0 4.99537954228999959E-19 0 1.62791011855000003E-18 0 4.86634291036000033E-18 0 4.27748228963999968E-18 0 3.09012674905000011E-17 0 1.32265255902000006E-18 0 1.32597853171999994E-18 0 8.07291846188999931E-18 0 1.43402219826000012E-17 0 5.31854693327999972E-18 0 5.63948793407999979E-18 0
1.27274637141000001E-18 0 4.9760126141200001E-18 0 2.02948453451999982E-18 0 1.98307362837000015E-18 0 2.9646889659599999E-18 0 7.38187372586000051E-18 0 2.05005338981000011E-18 0 3.56955229365000009E-18 0 2.26779156094999999E-18 0 5.17433185791000018E-18 0 7.89503609606000007E-18 0 4.97716739533999991E-18 0 1.15423152942999999E-17 0 2.18009814480999986E-18 0 4.99537954228999959E-19 0 1.19253957834000001E-18 0 4.55468754439999996E-18 0 2.7479811612699999E-18 0 3.09012674905000011E-17 0 1.32265255902000006E-18 0 1.07642531503999997E-18 0 8.07291846188999931E-18 0 1.43402219826000012E-17 0 5.02225644502999996E-18 0 5.49302297724999982E-18 0
9.6342512380999993E-19 0 3.64077299012000019E-18 0 1.98465567473999987E-18 0 1.89602329047999982E-18 0 2.70447356188000005E-18 0 6.33589922142000034E-18 0 2.05005338981000011E-18 0 3.56955229365000009E-18 0 2.26779156094999999E-18 0 5.17433185791000018E-18 0 6.97850953763000049E-18 0 4.26224844910000016E-18 0 7.07521204658000028E-18 0 1.50386046487999991E-18 0 4.99537954228999959E-19 0 1.19253957834000001E-18 0 4.55468754439999996E-18 0 2.7479811612699999E-18 0 2.50025305018999998E-17 0 1.32265255902000006E-18 0 9.27300939476999918E-19 0 5.93210460754999971E-18 0 1.37644707869999995E-17 0 4.37573874319000002E-18 0 4.48117926238000037E-18 0
9.6342512380999993E-19 0 3.64077299012000019E-18 0 1.98465567473999987E-18 0 1.89602329047999982E-18 0 2.09576502439000011E-18 0 6.33589922142000034E-18 0 2.05005338981000011E-18 0 3.56955229365000009E-18 0 2.18311827242E-18 0 5.17433185791000018E-18 0 6.97850953763000049E-18 0 4.26224844910000016E-18 0 7.07521204658000028E-18 0 1.50386046487999991E-18 0 4.5133466478199998E-19 0 1.19253957834000001E-18 0 3.38739254939000001E-18 0 2.7479811612699999E-18 0 2.50025305018999998E-17 0 1.32265255902000006E-18 0 9.27300939476999918E-19 0 5.93210460754999971E-18 0 1.15299706299999993E-17 0 4.24779135260000033E-18 0 3.58244270368000031E-18 0
9.6342512380999993E-19 0 3.64077299012000019E-18 0 1.64029427906000002E-18 0 1.89602329047999982E-18 0 2.00590776476999981E-18 0 5.91278625702000002E-18 0 2.05005338981000011E-18 0 3.56955229365000009E-18 0 1.59188133199E-18 0 4.74657893664000026E-18 0 4.85874632751000005E-18 0 4.26224844910000016E-18 0 7.07521204658000028E-18 0 9.80221124122999953E-19 0 4.5133466478199998E-19 0 1.19253957834000001E-18 0 3.38739254939000001E-18 0 2.7479811612699999E-18 0 2.50025305018999998E-17 0 1.32265255902000006E-18 0 9.27300939476999918E-19 0 5.93210460754999971E-18 0 9.65418466939999972E-18 0 3.88219290858000014E-18 0 3.58244270368000031E-18 0
9.6342512380999993E-19 0 3.59471345471999974E-18 0 1.64029427906000002E-18 0 1.89602329047999982E-18 0 2.00590776476999981E-18 0 4.3546495758800001E-18 0 2.05005338981000011E-18 0 3.56955229365000009E-18 0 1.59188133199E-18 0 4.74657893664000026E-18 0 4.85874632751000005E-18 0 4.24151569791999982E-18 0 5.40183682354999981E-18 0 9.80221124122999953E-19 0 3.74332329850000022E-19 0 1.00950371351000007E-18 0 3.38739254939000001E-18 0 2.7479811612699999E-18 0 2.50025305018999998E-17 0 1.04325696031999994E-18 0 9.27300939476999918E-19 0 5.93210460754999971E-18 0 6.9423267236500005E-18 0 3.4675425525299999E-18 0 3.58244270368000031E-18 0
5.89403347970000024E-19 0 3.59471345471999974E-18 0 1.58750828322999993E-18 0 1.65819775117000004E-18 0 1.41563897604999998E-18 0 4.3546495758800001E-18 0 1.17586813285999994E-18 0 3.56955229365000009E-18 0 1.59188133199E-18 0 4.74657893664000026E-18 0 4.29098860457999968E-18 0 3.09147820638999991E-18 0 5.40183682354999981E-18 0 9.80221124122999953E-19 0 3.74332329850000022E-19 0 1.00950371351000007E-18 0 2.94451178626000003E-18 0 2.10037652749000019E-18 0 2.50025305018999998E-17 0 8.75234243926000031E-19 0 9.11752500629999914E-19 0 5.93210460754999971E-18 0 6.9423267236500005E-18 0 2.33456826517999992E-18 0 3.58244270368000031E-18 0
5.89403347970000024E-19 0 3.59471345471999974E-18 0 1.58750828322999993E-18 0 1.65819775117000004E-18 0 1.41563897604999998E-18 0 4.32321133085999975E-18 0 1.17586813285999994E-18 0 3.56955229365000009E-18 0 1.26827272216999995E-18 0 3.88801348732000002E-18 0 4.01540284746000006E-18 0 2.87473964205999984E-18 0 5.40183682354999981E-18 0 9.80221124122999953E-19 0 3.74332329850000022E-19 0 9.65327708252999904E-19 0 2.94451178626000003E-18 0 2.10037652749000019E-18 0 2.50025305018999998E-17 0 8.75234243926000031E-19 0 9.11752500629999914E-19 0 3.77679448740000026E-18 0 5.87393667935000036E-18 0 2.33456826517999992E-18 0 3.24611740569999989E-18 0
5.89403347970000024E-19 0 3.59471345471999974E-18 0 1.58750828322999993E-18 0 1.29791946993000006E-18 0 1.09931678669999997E-18 0 4.32321133085999975E-18 0 9.84266113645999916E-19 0 3.56955229365000009E-18 0 1.26827272216999995E-18 0 3.88801348732000002E-18 0 4.01540284746000006E-18 0 2.87473964205999984E-18 0 5.40183682354999981E-18 0 9.80221124122999953E-19 0 3.67965573836999998E-19 0 9.65327708252999904E-19 0 2.93301258727999982E-18 0 1.62885242590999999E-18 0 2.50025305018999998E-17 0 8.75234243926000031E-19 0 7.26262068298000033E-19 0 3.77679448740000026E-18 0 5.87393667935000036E-18 0 2.33456826517999992E-18 0 3.24611740569999989E-18 0
4.93973656649000045E-19 0 3.34182109956999992E-18 0 1.58750828322999993E-18 0 1.29791946993000006E-18 0 1.09931678669999997E-18 0 3.27839453298000013E-18 0 9.84266113645999916E-19 0 3.56955229365000009E-18 0 1.22180561285000003E-18 0 3.88801348732000002E-18 0 4.01540284746000006E-18 0 2.87473964205999984E-18 0 5.40183682354999981E-18 0 9.80221124122999953E-19 0 3.47855265506000012E-19 0 9.65327708252999904E-19 0 2.93301258727999982E-18 0 1.62885242590999999E-18 0 2.50025305018999998E-17 0 6.5231538066099999E-19 0 7.26262068298000033E-19 0 3.77679448740000026E-18 0 5.87393667935000036E-18 0 2.33456826517999992E-18 0 2.45613019139000001E-18 0
4.93973656649000045E-19 0 3.27548250237000017E-18 0 1.58750828322999993E-18 0 1.29791946993000006E-18 0 1.09931678669999997E-18 0 2.99685719145999991E-18 0 8.61565149907999955E-19 0 3.49140972858999997E-18 0 1.10069520270999994E-18 0 2.44575332930000004E-18 0 3.68784336272999965E-18 0 2.02464156503999983E-18 0 5.40183682354999981E-18 0 9.80221124122999953E-19 0 3.47855265506000012E-19 0 8.30535573431999952E-19 0 1.67408171560000005E-18 0 1.33686178475000001E-18 0 2.50025305018999998E-17 0 6.5231538066099999E-19 0 6.98273390311999973E-19 0 3.77679448740000026E-18 0 5.87393667935000036E-18 0 2.33456826517999992E-18 0 2.45613019139000001E-18 0
4.93973656649000045E-19 0 2.70507120629999988E-18 0 1.18808360813999997E-18 0 1.15726088676000002E-18 0 9.74875037449999916E-19 0 2.69611740318000014E-18 0 8.61565149907999955E-19 0 3.29531968083000003E-18 0 9.77200518578000026E-19 0 2.44575332930000004E-18 0 3.52549940323999971E-18 0 2.02464156503999983E-18 0 5.40183682354999981E-18 0 9.80221124122999953E-19 0 2.14078960866999995E-19 0 8.30535573431999952E-19 0 1.67408171560000005E-18 0 1.33686178475000001E-18 0 1.42107085805999994E-17 0 5.97781962701000038E-19 0 6.98273390311999973E-19 0 3.12360696973999993E-18 0 5.87393667935000036E-18 0 2.31620721848000016E-18 0 1.33806940955000006E-18 0
4.10750320453000018E-19 0 2.29546777001999997E-18 0 1.18808360813999997E-18 0 8.3674384693499997E-19 0 9.7275657973000008E-19 0 1.95108468458000018E-18 0 8.11663202738999981E-19 0 3.15637326788999982E-18 0 8.87527172281999934E-19 0 2.44575332930000004E-18 0 2.93786123375999983E-18 0 2.02464156503999983E-18 0 5.38162072173000024E-18 0 9.80221124122999953E-19 0 2.14078960866999995E-19 0 7.2672892619900004E-19 0 1.67408171560000005E-18 0 9.62217884305999996E-19 0 1.42107085805999994E-17 0 5.97781962701000038E-19 0 6.09726206236999995E-19 0 2.80593086545999999E-18 0 5.27309052637000007E-18 0 2.19994496226000001E-18 0 1.33806940955000006E-18 0
4.10750320453000018E-19 0 1.76145730031999992E-18 0 1.18808360813999997E-18 0 8.3674384693499997E-19 0 8.30746341631000002E-19 0 1.95108468458000018E-18 0 8.11663202738999981E-19 0 3.15189932824999991E-18 0 8.87527172281999934E-19 0 2.29580463476999994E-18 0 2.45421245880000018E-18 0 2.02464156503999983E-18 0 3.71691429498000007E-18 0 9.80221124122999953E-19 0 2.14078960866999995E-19 0 5.76451795830999972E-19 0 1.67408171560000005E-18 0 9.62217884305999996E-19 0 1.42107085805999994E-17 0 5.97781962701000038E-19 0 4.38692064661999987E-19 0 2.74804582214000006E-18 0 5.27309052637000007E-18 0 2.19994496226000001E-18 0 1.33806940955000006E-18 0
3.51688529226000007E-19 0 1.76145730031999992E-18 0 1.18808360813999997E-18 0 8.30547972117999999E-19 0 7.52949949543999968E-19 0 1.95108468458000018E-18 0 7.38396060449000023E-19 0 3.15189932824999991E-18 0 8.87527172281999934E-19 0 2.29580463476999994E-18 0 2.45421245880000018E-18 0 1.64876973640000003E-18 0 3.71691429498000007E-18 0 7.52991136841999979E-19 0 2.14078960866999995E-19 0 5.76451795830999972E-19 0 1.67408171560000005E-18 0 9.3724089106700006E-19 0 1.42107085805999994E-17 0 5.97781962701000038E-19 0 4.38692064661999987E-19 0 2.74804582214000006E-18 0 5.27309052637000007E-18 0 2.19994496226000001E-18 0 1.33806940955000006E-18 0
2.90056282044000023E-19 0 1.71570550415000006E-18 0 9.83259038486999947E-19 0 8.30547972117999999E-19 0 7.52949949543999968E-19 0 1.74171391415999992E-18 0 7.38396060449000023E-19 0 2.50260985677000001E-18 0 8.5230504114399996E-19 0 2.29580463476999994E-18 0 2.45421245880000018E-18 0 1.58330262857E-18 0 3.71691429498000007E-18 0 7.52991136841999979E-19 0 2.01268846898000007E-19 0 5.76451795830999972E-19 0 1.63708377649000002E-18 0 8.52322109037999959E-19 0 1.20616035517000005E-17 0 5.97781962701000038E-19 0 4.37152092028000045E-19 0 2.74804582214000006E-18 0 5.27309052637000007E-18 0 1.52016695379999991E-18 0 1.22184529885000007E-18 0
2.90056282044000023E-19 0 1.71570550415000006E-18 0 8.60857418463000015E-19 0 6.06380810474000019E-19 0 6.6920483148900002E-19 0 1.62665377586000007E-18 0 6.4375673419199997E-19 0 2.50260985677000001E-18 0 7.99669424823000018E-19 0 1.63322376462000005E-18 0 2.45421245880000018E-18 0 1.58330262857E-18 0 3.71691429498000007E-18 0 7.21643276075000032E-19 0 1.69306808851999996E-19 0 5.76451795830999972E-19 0 1.63242899606000009E-18 0 8.52322109037999959E-19 0 1.00631636438999995E-17 0 4.91285894455999964E-19 0 4.13570241448999979E-19 0 2.74804582214000006E-18 0 3.46949855055000022E-18 0 1.52016695379999991E-18 0 1.22184529885000007E-18 0
2.90056282044000023E-19 0 1.71570550415000006E-18 0 8.60857418463000015E-19 0 6.06380810474000019E-19 0 5.34166778595000037E-19 0 1.33875649024000007E-18 0 6.4375673419199997E-19 0 2.50260985677000001E-18 0 7.99669424823000018E-19 0 1.63322376462000005E-18 0 2.0191048330699999E-18 0 1.08007511521E-18 0 3.71691429498000007E-18 0 7.21643276075000032E-19 0 1.69306808851999996E-19 0 5.76451795830999972E-19 0 1.14450080717000009E-18 0 5.38570176433000047E-19 0 1.00631636438999995E-17 0 4.91285894455999964E-19 0 3.95591037948000013E-19 0 1.95927603437999982E-18 0 3.46949855055000022E-18 0 1.52016695379999991E-18 0 1.22184529885000007E-18 0
2.90056282044000023E-19 0 1.59084886044999992E-18 0 8.60857418463000015E-19 0 6.06380810474000019E-19 0 5.34166778595000037E-19 0 1.33875649024000007E-18 0 6.21663397618999973E-19 0 2.50260985677000001E-18 0 5.84340317755000008E-19 0 1.63322376462000005E-18 0 2.0191048330699999E-18 0 1.08007511521E-18 0 3.71691429498000007E-18 0 6.66276994555999952E-19 0 1.64130029066E-19 0 5.48052951854000032E-19 0 1.14450080717000009E-18 0 5.38570176433000047E-19 0 9.14824531917000067E-18 0 4.60531143079000014E-19 0 3.95591037948000013E-19 0 1.95927603437999982E-18 0 3.46949855055000022E-18 0 1.52016695379999991E-18 0 1.10960296740000005E-18 0
2.35377054517000008E-19 0 1.59084886044999992E-18 0 5.18649113431999986E-19 0 6.03470883577999981E-19 0 5.28575304303000008E-19 0 1.33875649024000007E-18 0 4.31883486966999996E-19 0 2.50260985677000001E-18 0 4.94640770103999984E-19 0 1.62613046661999993E-18 0 2.0191048330699999E-18 0 9.37089682088999994E-19 0 3.71691429498000007E-18 0 6.14473891585000047E-19 0 1.17315927281000008E-19 0 5.48052951854000032E-19 0 1.14450080717000009E-18 0 4.52859614841999981E-19 0 9.14824531917000067E-18 0 4.14713603763000015E-19 0 3.61673301390000018E-19 0 1.95927603437999982E-18 0 3.46949855055000022E-18 0 1.34737444482999992E-18 0 9.52613586788999986E-19 0
2.35377054517000008E-19 0 1.35200228675999997E-18 0 5.18649113431999986E-19 0 4.18431275041999995E-19 0 5.28575304303000008E-19 0 1.25527317829000008E-18 0 4.31883486966999996E-19 0 2.34862262065000016E-18 0 3.70641399019999992E-19 0 1.62613046661999993E-18 0 2.0191048330699999E-18 0 9.37089682088999994E-19 0 3.71691429498000007E-18 0 5.53702986597999968E-19 0 1.17315927281000008E-19 0 3.73322198476999998E-19 0 1.14450080717000009E-18 0 4.52859614841999981E-19 0 9.14824531917000067E-18 0 4.05070471196000013E-19 0 3.59430775744999977E-19 0 1.38988623558999994E-18 0 3.46949855055000022E-18 0 1.34737444482999992E-18 0 9.52613586788999986E-19 0
2.18802490413000021E-19 0 1.12171907491E-18 0 5.03743557669000005E-19 0 4.18431275041999995E-19 0 2.89717734096999978E-19 0 1.17491525477000007E-18 0 4.31883486966999996E-19 0 1.71160482057999995E-18 0 3.70641399019999992E-19 0 1.62613046661999993E-18 0 1.34069036785999992E-18 0 7.6522898862099997E-19 0 3.34856432760000012E-18 0 4.75664371706000029E-19 0 1.17315927281000008E-19 0 3.73322198476999998E-19 0 1.08650495631999998E-18 0 4.52859614841999981E-19 0 9.14824531917000067E-18 0 3.95666315153999997E-19 0 2.47135561646999984E-19 0 1.38988623558999994E-18 0 3.46949855055000022E-18 0 1.26702637705E-18 0 9.52613586788999986E-19 0
2.18802490413000021E-19 0 1.12171907491E-18 0 5.03743557669000005E-19 0 4.18431275041999995E-19 0 2.89717734096999978E-19 0 9.82607923262000082E-19 0 4.31883486966999996E-19 0 1.71160482057999995E-18 0 3.70641399019999992E-19 0 1.49804302032000001E-18 0 1.34069036785999992E-18 0 7.6522898862099997E-19 0 3.18719107293000006E-18 0 4.75664371706000029E-19 0 1.17315927281000008E-19 0 2.83740167567000012E-19 0 1.08650495631999998E-18 0 4.52859614841999981E-19 0 9.14824531917000067E-18 0 3.95666315153999997E-19 0 2.47135561646999984E-19 0 1.38988623558999994E-18 0 3.10227561646999985E-18 0 1.26702637705E-18 0 7.91587179603999985E-19 0
2.18802490413000021E-19 0 1.12171907491E-18 0 4.8051519099400002E-19 0 4.18431275041999995E-19 0 2.89717734096999978E-19 0 9.82607923262000082E-19 0 2.72371003900999984E-19 0 1.71160482057999995E-18 0 3.59606962701000003E-19 0 1.41097912679999996E-18 0 1.28300394078E-18 0 7.6522898862099997E-19 0 2.91574482042999998E-18 0 3.70178055161000012E-19 0 1.17315927281000008E-19 0 2.83740167567000012E-19 0 9.34995802139999949E-19 0 4.2773565122400002E-19 0 8.21451071560000022E-18 0 3.17984513619999979E-19 0 2.41625942865999991E-19 0 1.38988623558999994E-18 0 2.80525345686999989E-18 0 1.26702637705E-18 0 7.91587179603999985E-19 0
2.18802490413000021E-19 0 1.12171907491E-18 0 4.8051519099400002E-19 0 4.15386432141000019E-19 0 2.89717734096999978E-19 0 5.04488862474000021E-19 0 2.72371003900999984E-19 0 1.33934535021000009E-18 0 2.33145660128999987E-19 0 1.41097912679999996E-18 0 1.28300394078E-18 0 7.6522898862099997E-19 0 2.33496865661999987E-18 0 3.70178055161000012E-19 0 9.32274253266000059E-20 0 2.70068157209000017E-19 0 6.51489364832999979E-19 0 4.2773565122400002E-19 0 7.82404795144000046E-18 0 3.17984513619999979E-19 0 2.41625942865999991E-19 0 1.37252639664000004E-18 0 2.65532805256999988E-18 0 1.26306683976000009E-18 0 7.91587179603999985E-19 0
1.71523811994999998E-19 0 9.53586900553999946E-19 0 4.34695915690999984E-19 0 4.15386432141000019E-19 0 2.89717734096999978E-19 0 5.04488862474000021E-19 0 2.72371003900999984E-19 0 1.33934535021000009E-18 0 2.33145660128999987E-19 0 1.24184964542000008E-18 0 1.23601698103000007E-18 0 6.96323197783999972E-19 0 2.33496865661999987E-18 0 3.46834820226000001E-19 0 9.32274253266000059E-20 0 2.70068157209000017E-19 0 6.51489364832999979E-19 0 3.54295638928999994E-19 0 6.4557912295000003E-18 0 2.75257179742000001E-19 0 2.41625942865999991E-19 0 1.37252639664000004E-18 0 2.43633495330999982E-18 0 1.23558741180999993E-18 0 7.24784170540000046E-19 0
1.14190532945999993E-19 0 9.53586900553999946E-19 0 4.34695915690999984E-19 0 2.5808635958600001E-19 0 2.89717734096999978E-19 0 5.04488862474000021E-19 0 2.72371003900999984E-19 0 1.33934535021000009E-18 0 2.33145660128999987E-19 0 1.17365873233999998E-18 0 1.23601698103000007E-18 0 6.30765852464000046E-19 0 1.91445204094000015E-18 0 3.46834820226000001E-19 0 8.31960545281999964E-20 0 2.70068157209000017E-19 0 6.26390843887999994E-19 0 3.54295638928999994E-19 0 6.4557912295000003E-18 0 2.75257179742000001E-19 0 1.92721973224999993E-19 0 1.21574150392000003E-18 0 2.3626125041300001E-18 0 1.11094557746E-18 0 7.24784170540000046E-19 0
1.14190532945999993E-19 0 9.53586900553999946E-19 0 3.57079757685999996E-19 0 2.5808635958600001E-19 0 2.72509962666000008E-19 0 3.24459957693000004E-19 0 2.72371003900999984E-19 0 7.33990953489000004E-19 0 2.33145660128999987E-19 0 1.10138076214999996E-18 0 7.98374485667999968E-19 0 6.30765852464000046E-19 0 1.91445204094000015E-18 0 2.52122822933000001E-19 0 8.11105559618999968E-20 0 2.70068157209000017E-19 0 5.86890191626000038E-19 0 2.51575408182999977E-19 0 5.94956687795000015E-18 0 2.5988891426399998E-19 0 1.80473987214999996E-19 0 1.21574150392000003E-18 0 2.11085177513000012E-18 0 6.06358291497000022E-19 0 7.24784170540000046E-19 0
1.14190532945999993E-19 0 9.38100056508000062E-19 0 3.57079757685999996E-19 0 2.5808635958600001E-19 0 2.72509962666000008E-19 0 3.24459957693000004E-19 0 1.96445041196999996E-19 0 7.33990953489000004E-19 0 1.78767402236999997E-19 0 9.32121745742000011E-19 0 7.98374485667999968E-19 0 6.30765852464000046E-19 0 1.91445204094000015E-18 0 2.52122822933000001E-19 0 5.92668203969999984E-20 0 2.09547790538999995E-19 0 5.86890191626000038E-19 0 2.51575408182999977E-19 0 5.94956687795000015E-18 0 2.35184466758999992E-19 0 1.55941234804E-19 0 7.69215524041000004E-19 0 1.73454709807000008E-18 0 6.06358291497000022E-19 0 7.24784170540000046E-19 0
1.1370923822200001E-19 0 9.38100056508000062E-19 0 3.03271732759000005E-19 0 2.5808635958600001E-19 0 2.72509962666000008E-19 0 3.24459957693000004E-19 0 1.96445041196999996E-19 0 7.33990953489000004E-19 0 1.78767402236999997E-19 0 9.32121745742000011E-19 0 7.98374485667999968E-19 0 6.30765852464000046E-19 0 1.46804019628000005E-18 0 2.00140178757000011E-19 0 5.92668203969999984E-20 0 1.7702677154099999E-19 0 5.70337528398000011E-19 0 2.51575408182999977E-19 0 4.73761868921000022E-18 0 2.2936661567600001E-19 0 1.55941234804E-19 0 7.69215524041000004E-19 0 1.73454709807000008E-18 0 6.06358291497000022E-19 0 5.99446265881000033E-19 0
1.1370923822200001E-19 0 7.98183899897999957E-19 0 3.03271732759000005E-19 0 2.5808635958600001E-19 0 2.24983535514999986E-19 0 3.24459957693000004E-19 0 1.96445041196999996E-19 0 6.69780019898999993E-19 0 1.77714109843000012E-19 0 8.67148778004999974E-19 0 6.24800199068000031E-19 0 4.53183773630000008E-19 0 1.46804019628000005E-18 0 2.00140178757000011E-19 0 5.92668203969999984E-20 0 1.29033289988000009E-19 0 5.2259830458800002E-19 0 2.51575408182999977E-19 0 4.66837566395999998E-18 0 2.2936661567600001E-19 0 1.42724364571999991E-19 0 7.69215524041000004E-19 0 1.73454709807000008E-18 0 6.06358291497000022E-19 0 5.99446265881000033E-19 0
1.1370923822200001E-19 0 7.98183899897999957E-19 0 2.46765441705000021E-19 0 2.5808635958600001E-19 0 2.24983535514999986E-19 0 3.24459957693000004E-19 0 1.86743473884000009E-19 0 5.59716770728999988E-19 0 1.77714109843000012E-19 0 8.23217571871000003E-19 0 6.24800199068000031E-19 0 4.53183773630000008E-19 0 1.41335078546999998E-18 0 2.00140178757000011E-19 0 5.92668203969999984E-20 0 1.02046176329999996E-19 0 4.82371356650000013E-19 0 2.51575408182999977E-19 0 4.02682092536000008E-18 0 1.39958086566999989E-19 0 1.40040142882E-19 0 7.69215524041000004E-19 0 1.73454709807000008E-18 0 4.65084935643999965E-19 0 5.69870669840000011E-19 0
1.1370923822200001E-19 0 7.86037436024999991E-19 0 2.46765441705000021E-19 0 2.5808635958600001E-19 0 2.24983535514999986E-19 0 3.24459957693000004E-19 0 1.86743473884000009E-19 0 5.59716770728999988E-19 0 1.59914700866999995E-19 0 8.23217571871000003E-19 0 6.07710537907000023E-19 0 4.53183773630000008E-19 0 1.41335078546999998E-18 0 2.00140178757000011E-19 0 3.92843643153000001E-20 0 1.02046176329999996E-19 0 4.82371356650000013E-19 0 1.85675007144999991E-19 0 4.02682092536000008E-18 0 1.39958086566999989E-19 0 1.40040142882E-19 0 4.98215023202000027E-19 0 1.67232785600000008E-18 0 4.65084935643999965E-19 0 5.69870669840000011E-19 0
9.10992510650999942E-20 0 5.18189279485000038E-19 0 2.04872932987999994E-19 0 2.5808635958600001E-19 0 2.24983535514999986E-19 0 3.09900037479999983E-19 0 1.37852391525999997E-19 0 5.59716770728999988E-19 0 1.59914700866999995E-19 0 4.81038556118000041E-19 0 4.8915371538200004E-19 0 4.53183773630000008E-19 0 8.09029132022999958E-19 0 2.00140178757000011E-19 0 3.92843643153000001E-20 0 9.22143169265000012E-20 0 4.82371356650000013E-19 0 1.85675007144999991E-19 0 3.07153347228000018E-18 0 1.39958086566999989E-19 0 1.40040142882E-19 0 4.98215023202000027E-19 0 1.46921988059000008E-18 0 4.65084935643999965E-19 0 4.58858282914000025E-19 0
9.10992510650999942E-20 0 5.18189279485000038E-19 0 2.04872932987999994E-19 0 2.3090172286000002E-19 0 2.24983535514999986E-19 0 2.53127906092999999E-19 0 1.37852391525999997E-19 0 5.59716770728999988E-19 0 1.59914700866999995E-19 0 4.81038556118000041E-19 0 4.8915371538200004E-19 0 4.53183773630000008E-19 0 8.09029132022999958E-19 0 2.00140178757000011E-19 0 3.92843643153000001E-20 0 9.22143169265000012E-20 0 3.33860643079999983E-19 0 1.85675007144999991E-19 0 3.07153347228000018E-18 0 1.39958086566999989E-19 0 1.40040142882E-19 0 4.98215023202000027E-19 0 1.09366077442000004E-18 0 4.65084935643999965E-19 0 4.58858282914000025E-19 0
6.04869454710000058E-20 0 4.17226475904000018E-19 0 1.83519400937999995E-19 0 2.3090172286000002E-19 0 2.24983535514999986E-19 0 2.53127906092999999E-19 0 1.3477541722500001E-19 0 5.59716770728999988E-19 0 1.59914700866999995E-19 0 4.81038556118000041E-19 0 4.8915371538200004E-19 0 4.53183773630000008E-19 0 8.09029132022999958E-19 0 2.00140178757000011E-19 0 3.92843643153000001E-20 0 9.22143169265000012E-20 0 3.26996568701000002E-19 0 1.29438287940999998E-19 0 2.37296777343000008E-18 0 1.39958086566999989E-19 0 1.06768877854000002E-19 0 4.98215023202000027E-19 0 1.09366077442000004E-18 0 4.55197930546000009E-19 0 4.58858282914000025E-19 0
6.04869454710000058E-20 0 4.17226475904000018E-19 0 1.43509340205999998E-19 0 1.43376941646000005E-19 0 1.71924552085999996E-19 0 2.48230096759000001E-19 0 1.34722838994000009E-19 0 4.08533458663999989E-19 0 1.59914700866999995E-19 0 4.81038556118000041E-19 0 4.8915371538200004E-19 0 3.54586725638000005E-19 0 8.09029132022999958E-19 0 2.00140178757000011E-19 0 3.92843643153000001E-20 0 8.8553546084900004E-20 0 2.80101673073999997E-19 0 1.29438287940999998E-19 0 2.37296777343000008E-18 0 8.64104988926000011E-20 0 1.06768877854000002E-19 0 4.35768671010000036E-19 0 1.09366077442000004E-18 0 4.09051455744999987E-19 0 4.23948594442999984E-19 0
6.04869454710000058E-20 0 4.17226475904000018E-19 0 1.43509340205999998E-19 0 1.43376941646000005E-19 0 1.71924552085999996E-19 0 2.34911948890000002E-19 0 1.34722838994000009E-19 0 4.08533458663999989E-19 0 1.59914700866999995E-19 0 4.81038556118000041E-19 0 4.70834531308999972E-19 0 3.31734858877999996E-19 0 8.09029132022999958E-19 0 1.11319435070000006E-19 0 3.60383193658000011E-20 0 8.8553546084900004E-20 0 2.80101673073999997E-19 0 1.29438287940999998E-19 0 2.37296777343000008E-18 0 8.64104988926000011E-20 0 1.06768877854000002E-19 0 4.35768671010000036E-19 0 1.09366077442000004E-18 0 3.12179752516999991E-19 0 4.10448426310000011E-19 0
3.76405033936000027E-20 0 3.73184341153999983E-19 0 1.3624926713799999E-19 0 1.43376941646000005E-19 0 1.71924552085999996E-19 0 2.34911948890000002E-19 0 1.34722838994000009E-19 0 4.08533458663999989E-19 0 1.59914700866999995E-19 0 4.0263391060999998E-19 0 3.18887664704000022E-19 0 3.31734858877999996E-19 0 8.09029132022999958E-19 0 1.11319435070000006E-19 0 3.19989799757999986E-20 0 8.39310713284000025E-20 0 2.64879809733999989E-19 0 1.29438287940999998E-19 0 2.37296777343000008E-18 0 8.64104988926000011E-20 0 9.15003054712999946E-20 0 3.74883227962E-19 0 1.09366077442000004E-18 0 3.12179752516999991E-19 0 3.35260941139000009E-19 0
3.76405033936000027E-20 0 2.87264793361999999E-19 0 9.50421425687000052E-20 0 1.43376941646000005E-19 0 1.50519225455999999E-19 0 1.01662714377000001E-19 0 1.30008208956999992E-19 0 4.08533458663999989E-19 0 1.45298373541999997E-19 0 4.0263391060999998E-19 0 3.18887664704000022E-19 0 2.97307954355000014E-19 0 8.09029132022999958E-19 0 1.11319435070000006E-19 0 2.81435748894999983E-20 0 8.39310713284000025E-20 0 2.64879809733999989E-19 0 1.19116127532000002E-19 0 2.37296777343000008E-18 0 8.64104988926000011E-20 0 9.15003054712999946E-20 0 3.74883227962E-19 0 9.35461758249999928E-19 0 3.12179752516999991E-19 0 2.55118357562999994E-19 0
3.76405033936000027E-20 0 2.87264793361999999E-19 0 9.50421425687000052E-20 0 1.43376941646000005E-19 0 1.50519225455999999E-19 0 1.01662714377000001E-19 0 1.30008208956999992E-19 0 4.08533458663999989E-19 0 1.42118092119000011E-19 0 4.0263391060999998E-19 0 3.18887664704000022E-19 0 2.97307954355000014E-19 0 7.36577375476000003E-19 0 1.11319435070000006E-19 0 2.81435748894999983E-20 0 5.9658209348399994E-20 0 2.64879809733999989E-19 0 8.67325444562000044E-20 0 1.86588951577000005E-18 0 8.64104988926000011E-20 0 9.15003054712999946E-20 0 3.11150553995999989E-19 0 9.35461758249999928E-19 0 3.12179752516999991E-19 0 2.55118357562999994E-19 0
3.76405033936000027E-20 0 2.87264793361999999E-19 0 9.50421425687000052E-20 0 1.23894604382999988E-19 0 1.50519225455999999E-19 0 1.01662714377000001E-19 0 1.30008208956999992E-19 0 4.08533458663999989E-19 0 1.18158244764000011E-19 0 4.0263391060999998E-19 0 3.18887664704000022E-19 0 2.62466007071000018E-19 0 7.36577375476000003E-19 0 1.11319435070000006E-19 0 2.62271131110000001E-20 0 5.9658209348399994E-20 0 2.64879809733999989E-19 0 8.67325444562000044E-20 0 1.86588951577000005E-18 0 8.61488565710000014E-20 0 7.06251263911000018E-20 0 3.11150553995999989E-19 0 9.35461758249999928E-19 0 3.12179752516999991E-19 0 2.55118357562999994E-19 0
3.76405033936000027E-20 0 2.31960437596000005E-19 0 7.84645690904000034E-20 0 1.23894604382999988E-19 0 1.50519225455999999E-19 0 1.01662714377000001E-19 0 9.13876143715999985E-20 0 3.40206050313000017E-19 0 1.05850875552999998E-19 0 3.85045794310000018E-19 0 2.65444577626000001E-19 0 2.62466007071000018E-19 0 7.36577375476000003E-19 0 1.09707904067000007E-19 0 2.61100411984999987E-20 0 5.9658209348399994E-20 0 2.45930063713000018E-19 0 8.67325444562000044E-20 0 1.86588951577000005E-18 0 8.61488565710000014E-20 0 7.06251263911000018E-20 0 3.11150553995999989E-19 0 9.27631242439999986E-19 0 3.12179752516999991E-19 0 2.55118357562999994E-19 0
3.76405033936000027E-20 0 2.31960437596000005E-19 0 7.84645690904000034E-20 0 1.23894604382999988E-19 0 1.50519225455999999E-19 0 1.01662714377000001E-19 0 9.13876143715999985E-20 0 3.40206050313000017E-19 0 1.05850875552999998E-19 0 3.52434536228999982E-19 0 2.65444577626000001E-19 0 2.62466007071000018E-19 0 7.36577375476000003E-19 0 1.09707904067000007E-19 0 2.51289650613999989E-20 0 4.27578903505000022E-20 0 2.05577118313999994E-19 0 7.8947261484600003E-20 0 1.58508119988999997E-18 0 8.20150200758000052E-20 0 4.3013429591300003E-20 0 2.4583872181500002E-19 0 6.00823763942000011E-19 0 3.12179752516999991E-19 0 2.45629789395999978E-19 0
3.76405033936000027E-20 0 2.31960437596000005E-19 0 5.18524123409999971E-20 0 1.23894604382999988E-19 0 1.3708113046700001E-19 0 1.01662714377000001E-19 0 7.88711846729000041E-20 0 3.40206050313000017E-19 0 8.40741522427999956E-20 0 3.14823523911000002E-19 0 2.65444577626000001E-19 0 2.41436883094000022E-19 0 6.18417586210000012E-19 0 1.09707904067000007E-19 0 1.55357613807000012E-20 0 4.27578903505000022E-20 0 1.93411464183000004E-19 0 7.49819577518000012E-20 0 1.58508119988999997E-18 0 8.20150200758000052E-20 0 4.3013429591300003E-20 0 2.4583872181500002E-19 0 6.00823763942000011E-19 0 3.11697999964999988E-19 0 2.45629789395999978E-19 0
3.76405033936000027E-20 0 2.31960437596000005E-19 0 5.18524123409999971E-20 0 1.23894604382999988E-19 0 9.14720045973000047E-20 0 1.01662714377000001E-19 0 7.88711846729000041E-20 0 2.1549050475699999E-19 0 8.40741522427999956E-20 0 2.6665215287499998E-19 0 2.4640181861799999E-19 0 2.3402093845300002E-19 0 6.18417586210000012E-19 0 9.3726265416199994E-20 0 1.55357613807000012E-20 0 4.27578903505000022E-20 0 1.93411464183000004E-19 0 7.49819577518000012E-20 0 1.39311130816999997E-18 0 8.20150200758000052E-20 0 4.3013429591300003E-20 0 2.24353377157999999E-19 0 6.00823763942000011E-19 0 1.74358247506000001E-19 0 1.90091785603999991E-19 0
3.00505513066000008E-20 0 2.31960437596000005E-19 0 5.18524123409999971E-20 0 9.20534284689E-20 0 9.14720045973000047E-20 0 1.01662714377000001E-19 0 7.88711846729000041E-20 0 2.1549050475699999E-19 0 8.40741522427999956E-20 0 2.6665215287499998E-19 0 2.25656488171999983E-19 0 1.83512086288000002E-19 0 6.05007573690999994E-19 0 9.3726265416199994E-20 0 1.55357613807000012E-20 0 4.27578903505000022E-20 0 1.78059661710999989E-19 0 7.17989293149000046E-20 0 1.39311130816999997E-18 0 4.93495985510000012E-20 0 4.3013429591300003E-20 0 2.11731175030999993E-19 0 6.00823763942000011E-19 0 1.74358247506000001E-19 0 1.84889867989000012E-19 0
3.00505513066000008E-20 0 1.08170274908999998E-19 0 5.18524123409999971E-20 0 9.20534284689E-20 0 9.14720045973000047E-20 0 1.01662714377000001E-19 0 7.79014968437999943E-20 0 2.1549050475699999E-19 0 8.40741522427999956E-20 0 1.9177684536300001E-19 0 2.25656488171999983E-19 0 1.68830383279999998E-19 0 6.05007573690999994E-19 0 8.67622828526000004E-20 0 1.55357613807000012E-20 0 4.27578903505000022E-20 0 1.78059661710999989E-19 0 7.17989293149000046E-20 0 1.39311130816999997E-18 0 4.93495985510000012E-20 0 4.3013429591300003E-20 0 1.15552220610000002E-19 0 6.00823763942000011E-19 0 1.74358247506000001E-19 0 1.84889867989000012E-19 0
2.88590555520000022E-20 0 1.08170274908999998E-19 0 5.18524123409999971E-20 0 9.08219359960000036E-20 0 9.14720045973000047E-20 0 1.01662714377000001E-19 0 7.05063408586000041E-20 0 2.1549050475699999E-19 0 8.40741522427999956E-20 0 1.9177684536300001E-19 0 1.58232857384999995E-19 0 1.52805062691000011E-19 0 6.05007573690999994E-19 0 8.67622828526000004E-20 0 1.55357613807000012E-20 0 3.60857823245000017E-20 0 1.56129922094000009E-19 0 4.73065194931999984E-20 0 1.39270847267000003E-18 0 4.93495985510000012E-20 0 4.12551576449999971E-20 0 1.15552220610000002E-19 0 5.08855939650000032E-19 0 1.74358247506000001E-19 0 1.65117256748000006E-19 0
2.88590555520000022E-20 0 1.08170274908999998E-19 0 5.18524123409999971E-20 0 9.08219359960000036E-20 0 6.40999318983000038E-20 0 1.01662714377000001E-19 0 7.05063408586000041E-20 0 2.1549050475699999E-19 0 7.73992196718999948E-20 0 1.81912981482000001E-19 0 1.40800667738000009E-19 0 1.52805062691000011E-19 0 5.58630621610000002E-19 0 7.89509140667999957E-20 0 9.72292458429000073E-21 0 2.54143128615000006E-20 0 1.56129922094000009E-19 0 4.73065194931999984E-20 0 1.39270847267000003E-18 0 4.93495985510000012E-20 0 4.12551576449999971E-20 0 1.15552220610000002E-19 0 5.08855939650000032E-19 0 1.74358247506000001E-19 0 1.65117256748000006E-19 0
2.67419500933999986E-20 0 1.08170274908999998E-19 0 4.98048950104000024E-20 0 7.37960677778000057E-20 0 6.40999318983000038E-20 0 8.81792297907000032E-20 0 4.96087805708999988E-20 0 2.1549050475699999E-19 0 5.45430065924999965E-20 0 1.81912981482000001E-19 0 1.40800667738000009E-19 0 1.46747543076999997E-19 0 5.42464467811999958E-19 0 6.79317448954999952E-20 0 9.72292458429000073E-21 0 2.54143128615000006E-20 0 1.35170514494000008E-19 0 4.73065194931999984E-20 0 1.24771378244999993E-18 0 4.93495985510000012E-20 0 3.87522005891000021E-20 0 9.38285900941000045E-20 0 5.08855939650000032E-19 0 1.49421941013999997E-19 0 1.21134412719999997E-19 0
2.49975953496999998E-20 0 1.08170274908999998E-19 0 4.13150672132000018E-20 0 7.37960677778000057E-20 0 6.40999318983000038E-20 0 7.74385232126000009E-20 0 4.96087805708999988E-20 0 1.86360252566999996E-19 0 4.55014755892999993E-20 0 1.4885624466999999E-19 0 1.40800667738000009E-19 0 1.46747543076999997E-19 0 5.30035445973000047E-19 0 6.79317448954999952E-20 0 9.72292458429000073E-21 0 2.54143128615000006E-20 0 1.15263101580000004E-19 0 4.73065194931999984E-20 0 1.14841335533000005E-18 0 2.83317001855999992E-20 0 1.69649307109000007E-20 0 9.38285900941000045E-20 0 5.0094225475799996E-19 0 1.41612726644999994E-19 0 1.21134412719999997E-19 0
1.89216216242999989E-20 0 1.08170274908999998E-19 0 4.13150672132000018E-20 0 5.40216244309999997E-20 0 6.40999318983000038E-20 0 7.74385232126000009E-20 0 4.96087805708999988E-20 0 1.86360252566999996E-19 0 4.55014755892999993E-20 0 1.4885624466999999E-19 0 1.33899118367999988E-19 0 1.16949604723000002E-19 0 4.81187686240999981E-19 0 6.79317448954999952E-20 0 9.72292458429000073E-21 0 2.54143128615000006E-20 0 8.87982780357000035E-20 0 4.73065194931999984E-20 0 1.13879674086999997E-18 0 2.83317001855999992E-20 0 1.69649307109000007E-20 0 9.38285900941000045E-20 0 3.74552046309999995E-19 0 1.41612726644999994E-19 0 1.21134412719999997E-19 0
1.89216216242999989E-20 0 1.08170274908999998E-19 0 3.5459404992400003E-20 0 5.40216244309999997E-20 0 6.40999318983000038E-20 0 6.20457153480000045E-20 0 4.96087805708999988E-20 0 1.85514784184000005E-19 0 4.55014755892999993E-20 0 1.4885624466999999E-19 0 1.33899118367999988E-19 0 1.08278133082999997E-19 0 3.38947069791999986E-19 0 4.68967403946000009E-20 0 7.63179027293999979E-21 0 2.48905025213999992E-20 0 8.87982780357000035E-20 0 4.19108824747000029E-20 0 9.70605580791999917E-19 0 2.83317001855999992E-20 0 1.69649307109000007E-20 0 9.22422650112000011E-20 0 3.74552046309999995E-19 0 1.41612726644999994E-19 0 1.14713553380999989E-19 0
1.89216216242999989E-20 0 1.08170274908999998E-19 0 3.5459404992400003E-20 0 5.40216244309999997E-20 0 6.40999318983000038E-20 0 5.98633931729999958E-20 0 4.96087805708999988E-20 0 1.60708961093999993E-19 0 4.19277800337999983E-20 0 1.40952740854999994E-19 0 1.31155458693999991E-19 0 9.67231650173999988E-20 0 2.80617945916999998E-19 0 4.68967403946000009E-20 0 7.63179027293999979E-21 0 2.48905025213999992E-20 0 8.87982780357000035E-20 0 4.19108824747000029E-20 0 7.00482014100999975E-19 0 2.66601079866000009E-20 0 1.69649307109000007E-20 0 9.22422650112000011E-20 0 3.74552046309999995E-19 0 1.3848117173200001E-19 0 1.14380522024000002E-19 0
1.89216216242999989E-20 0 1.08170274908999998E-19 0 3.19473817159999982E-20 0 5.40216244309999997E-20 0 5.27199009517000016E-20 0 4.63685686392000001E-20 0 3.63066561472000003E-20 0 1.48659275732999998E-19 0 4.19277800337999983E-20 0 1.40952740854999994E-19 0 1.28319398186000008E-19 0 9.67231650173999988E-20 0 2.80617945916999998E-19 0 4.68967403946000009E-20 0 5.64077891102000007E-21 0 2.48905025213999992E-20 0 8.54046789317999941E-20 0 4.19108824747000029E-20 0 6.08107361059999968E-19 0 2.66601079866000009E-20 0 1.69649307109000007E-20 0 7.17262134676999942E-20 0 3.74552046309999995E-19 0 1.27923342165999995E-19 0 1.12783014430999989E-19 0
1.70532583505000004E-20 0 1.08170274908999998E-19 0 2.69135874535999989E-20 0 5.15051523205999979E-20 0 5.27199009517000016E-20 0 4.63685686392000001E-20 0 3.63066561472000003E-20 0 1.48659275732999998E-19 0 3.03059936125999999E-20 0 1.14479997525999997E-19 0 7.74220459510000007E-20 0 8.5820786009700001E-20 0 2.80617945916999998E-19 0 4.03956000876999978E-20 0 5.64077891102000007E-21 0 2.46769873180999991E-20 0 7.11456049569000037E-20 0 3.50676232318000028E-20 0 6.08107361059999968E-19 0 2.37077111476000001E-20 0 1.69649307109000007E-20 0 7.17262134676999942E-20 0 3.74552046309999995E-19 0 1.17083927371999997E-19 0 9.46189480313999961E-20 0
1.70532583505000004E-20 0 8.27236824893999953E-20 0 2.69135874535999989E-20 0 5.15051523205999979E-20 0 5.27199009517000016E-20 0 4.63685686392000001E-20 0 3.63066561472000003E-20 0 1.30946910113000005E-19 0 3.03059936125999999E-20 0 1.14479997525999997E-19 0 7.74220459510000007E-20 0 8.5820786009700001E-20 0 2.80617945916999998E-19 0 4.03956000876999978E-20 0 5.64077891102000007E-21 0 2.46769873180999991E-20 0 7.11456049569000037E-20 0 3.50676232318000028E-20 0 6.08107361059999968E-19 0 1.92434810931999986E-20 0 1.69649307109000007E-20 0 7.17262134676999942E-20 0 2.44637677882000013E-19 0 8.88405748721999965E-20 0 7.52729650097000003E-20 0
1.43579310055999987E-20 0 8.27236824893999953E-20 0 2.63740417984000013E-20 0 5.15051523205999979E-20 0 4.01728513204999985E-20 0 4.63685686392000001E-20 0 2.78023975418000016E-20 0 1.26370875901999995E-19 0 3.03059936125999999E-20 0 8.49042848247000028E-20 0 7.74220459510000007E-20 0 8.5820786009700001E-20 0 2.80617945916999998E-19 0 4.03956000876999978E-20 0 5.64077891102000007E-21 0 1.82470401437000013E-20 0 6.48964514761999977E-20 0 3.50676232318000028E-20 0 6.08107361059999968E-19 0 1.92434810931999986E-20 0 1.69649307109000007E-20 0 7.17262134676999942E-20 0 2.44637677882000013E-19 0 8.88405748721999965E-20 0 7.52729650097000003E-20 0
1.43579310055999987E-20 0 8.27236824893999953E-20 0 2.63740417984000013E-20 0 4.11719626994999973E-20 0 3.88928264739999996E-20 0 4.63685686392000001E-20 0 2.3370817744200001E-20 0 8.89067825438000041E-20 0 3.03059936125999999E-20 0 8.49042848247000028E-20 0 7.74220459510000007E-20 0 7.07667948451000022E-20 0 2.80617945916999998E-19 0 3.97875527131000023E-20 0 5.64077891102000007E-21 0 1.82470401437000013E-20 0 6.23345954424999984E-20 0 3.01578594371000029E-20 0 6.04660521782999979E-19 0 1.92434810931999986E-20 0 1.69649307109000007E-20 0 5.78134085528000048E-20 0 2.44637677882000013E-19 0 6.93111499329000051E-20 0 7.02598304603000058E-20 0
1.15554117083999995E-20 0 8.27236824893999953E-20 0 2.22152058194999996E-20 0 4.11719626994999973E-20 0 3.88928264739999996E-20 0 4.37561997096999994E-20 0 2.28528094006999989E-20 0 8.89067825438000041E-20 0 3.03059936125999999E-20 0 8.49042848247000028E-20 0 7.74220459510000007E-20 0 6.10924488951999955E-20 0 2.35022581099000008E-19 0 3.2019231490799997E-20 0 5.64077891102000007E-21 0 1.82470401437000013E-20 0 5.40048587468000004E-20 0 3.01578594371000029E-20 0 6.04660521782999979E-19 0 1.92434810931999986E-20 0 1.69649307109000007E-20 0 4.30324256871999976E-20 0 1.96227781989999995E-19 0 5.02647624389000008E-20 0 7.02598304603000058E-20 0
1.15554117083999995E-20 0 8.27236824893999953E-20 0 1.86656493588E-20 0 4.02854394598999994E-20 0 2.5761409369800001E-20 0 4.37561997096999994E-20 0 2.16478638298000006E-20 0 8.21849535284000014E-20 0 2.71780816595999999E-20 0 8.49042848247000028E-20 0 7.74220459510000007E-20 0 6.10924488951999955E-20 0 2.35022581099000008E-19 0 2.81753915265999976E-20 0 4.26816157729E-21 0 1.82470401437000013E-20 0 5.26523609835999987E-20 0 2.60021044836000008E-20 0 5.22413091498000025E-19 0 1.92434810931999986E-20 0 1.69649307109000007E-20 0 4.30324256871999976E-20 0 1.96227781989999995E-19 0 5.02647624389000008E-20 0 7.02598304603000058E-20 0
8.79070614035000009E-21 0 8.07738870848000022E-20 0 1.86656493588E-20 0 3.74917229454999972E-20 0 2.5761409369800001E-20 0 3.77572381077999975E-20 0 1.40891674983999993E-20 0 8.21849535284000014E-20 0 2.46668821301000004E-20 0 8.49042848247000028E-20 0 6.94722454952999961E-20 0 4.77045344884999971E-20 0 2.19120993283999998E-19 0 2.81753915265999976E-20 0 2.16151115358999988E-21 0 1.82470401437000013E-20 0 3.78157736380000024E-20 0 1.93028245913000009E-20 0 4.47765540949000015E-19 0 1.43104884914999992E-20 0 1.69649307109000007E-20 0 3.56347809962999995E-20 0 1.8827150375599999E-19 0 5.02647624389000008E-20 0 4.64866379737999996E-20 0
8.79070614035000009E-21 0 6.95027093191999979E-20 0 1.82221515446000007E-20 0 3.74917229454999972E-20 0 2.33954409478999989E-20 0 3.77572381077999975E-20 0 1.40891674983999993E-20 0 8.21849535284000014E-20 0 2.22877983796000003E-20 0 6.67945672974999988E-20 0 6.94722454952999961E-20 0 4.77045344884999971E-20 0 1.66007397177999989E-19 0 2.0235882744100001E-20 0 2.16151115358999988E-21 0 1.57770156542999999E-20 0 3.78157736380000024E-20 0 1.93028245913000009E-20 0 4.47765540949000015E-19 0 1.43104884914999992E-20 0 1.69649307109000007E-20 0 3.56347809962999995E-20 0 1.8827150375599999E-19 0 5.02647624389000008E-20 0 4.64866379737999996E-20 0
7.36265152698000011E-21 0 6.95027093191999979E-20 0 1.81166137268000004E-20 0 3.57514504549999995E-20 0 2.33954409478999989E-20 0 2.7220619833899998E-20 0 1.40891674983999993E-20 0 8.21849535284000014E-20 0 2.03061074073999999E-20 0 6.67945672974999988E-20 0 4.59797177643999995E-20 0 4.63539369142000016E-20 0 1.66007397177999989E-19 0 2.0235882744100001E-20 0 2.16151115358999988E-21 0 1.57770156542999999E-20 0 3.78157736380000024E-20 0 1.93028245913000009E-20 0 2.79591219547000021E-19 0 1.43104884914999992E-20 0 1.57120413114000006E-20 0 3.27354995547999986E-20 0 1.46801144979999994E-19 0 4.94124834513999996E-20 0 4.05166784834999988E-20 0
7.36265152698000011E-21 0 6.12671589184000014E-20 0 1.80294931153000014E-20 0 3.27593765580000001E-20 0 2.33954409478999989E-20 0 2.7220619833899998E-20 0 1.24945638034000003E-20 0 5.7020746098400005E-20 0 1.70524961936999988E-20 0 6.32268553644999973E-20 0 4.59797177643999995E-20 0 4.63539369142000016E-20 0 1.66007397177999989E-19 0 2.0235882744100001E-20 0 2.16151115358999988E-21 0 1.42545320125000012E-20 0 3.15824261760999973E-20 0 1.78622996147E-20 0 2.79591219547000021E-19 0 1.28799806912999998E-20 0 1.57120413114000006E-20 0 3.27354995547999986E-20 0 1.46801144979999994E-19 0 4.94124834513999996E-20 0 4.05166784834999988E-20 0
7.36265152698000011E-21 0 5.3122740172199998E-20 0 1.39963862123000007E-20 0 2.73031417774999981E-20 0 2.33954409478999989E-20 0 2.7220619833899998E-20 0 1.21334841732000007E-20 0 3.90717186142999974E-20 0 1.70524961936999988E-20 0 5.23298703016999986E-20 0 4.59797177643999995E-20 0 3.70621140994999991E-20 0 1.65236609080999991E-19 0 2.0235882744100001E-20 0 2.16151115358999988E-21 0 1.42545320125000012E-20 0 3.15824261760999973E-20 0 1.78622996147E-20 0 2.79591219547000021E-19 0 9.2756718601199999E-21 0 1.29551435349000005E-20 0 3.27354995547999986E-20 0 1.18804700821000004E-19 0 4.06497985345000019E-20 0 4.05166784834999988E-20 0
5.41491222608000025E-21 0 5.3122740172199998E-20 0 1.35510522269999994E-20 0 2.00094949986E-20 0 2.33954409478999989E-20 0 2.7220619833899998E-20 0 1.21334841732000007E-20 0 3.90717186142999974E-20 0 1.70524961936999988E-20 0 2.53272011574000003E-20 0 4.59576193594999984E-20 0 3.60935066536000016E-20 0 1.65236609080999991E-19 0 2.0235882744100001E-20 0 2.16151115358999988E-21 0 1.34384101961999999E-20 0 3.15824261760999973E-20 0 1.78622996147E-20 0 2.79591219547000021E-19 0 9.2756718601199999E-21 0 1.28961930770000006E-20 0 3.27354995547999986E-20 0 6.15633826049000027E-20 0 4.06497985345000019E-20 0 4.05166784834999988E-20 0
4.43696688608000034E-21 0 4.29985541664E-20 0 1.21567389003000006E-20 0 2.00094949986E-20 0 2.33954409478999989E-20 0 2.7220619833899998E-20 0 1.21334841732000007E-20 0 3.90717186142999974E-20 0 1.47983168279000009E-20 0 2.53272011574000003E-20 0 4.59576193594999984E-20 0 3.59398255646000026E-20 0 1.62808241131999989E-19 0 1.86979012545000006E-20 0 2.16151115358999988E-21 0 1.29404624785999994E-20 0 3.15824261760999973E-20 0 1.52730874677000007E-20 0 2.60391541632000023E-19 0 9.2756718601199999E-21 0 1.08008630145999996E-20 0 3.27354995547999986E-20 0 6.15633826049000027E-20 0 4.06497985345000019E-20 0 3.11736588717000023E-20 0
4.32285568279999998E-21 0 3.46183946856000009E-20 0 9.99309347777999989E-21 0 2.00094949986E-20 0 2.2911365287100001E-20 0 1.73043183862000001E-20 0 9.81450431360000041E-21 0 3.90717186142999974E-20 0 1.43571480829999992E-20 0 2.53272011574000003E-20 0 4.59576193594999984E-20 0 3.08206739268999972E-20 0 1.62808241131999989E-19 0 1.15964844624999997E-20 0 2.16151115358999988E-21 0 1.10367067319000001E-20 0 1.98640008522000008E-20 0 1.52730874677000007E-20 0 2.14992949903999996E-19 0 6.30569126244999966E-21 0 1.03613990263999995E-20 0 3.27354995547999986E-20 0 6.15633826049000027E-20 0 3.52797195754000021E-20 0 3.11736588717000023E-20 0
4.32285568279999998E-21 0 2.9347534459000002E-20 0 9.99309347777999989E-21 0 2.00094949986E-20 0 2.2911365287100001E-20 0 1.73043183862000001E-20 0 9.42417171018999945E-21 0 3.90717186142999974E-20 0 1.43571480829999992E-20 0 2.53272011574000003E-20 0 3.80802693569999992E-20 0 3.08206739268999972E-20 0 1.47241615086000008E-19 0 1.15964844624999997E-20 0 2.16151115358999988E-21 0 1.10367067319000001E-20 0 1.98640008522000008E-20 0 1.52730874677000007E-20 0 2.14992949903999996E-19 0 6.30569126244999966E-21 0 1.03613990263999995E-20 0 2.30915415303999992E-20 0 6.15633826049000027E-20 0 2.79470108440999993E-20 0 2.91548106320000027E-20 0
4.32285568279999998E-21 0 2.9347534459000002E-20 0 9.74452130797999974E-21 0 2.00094949986E-20 0 1.57054535104000005E-20 0 1.73043183862000001E-20 0 9.26104896339999946E-21 0 3.90717186142999974E-20 0 1.38550137421999992E-20 0 2.53272011574000003E-20 0 3.80802693569999992E-20 0 3.08206739268999972E-20 0 9.87068568959999953E-20 0 1.15964844624999997E-20 0 1.96723202148000002E-21 0 8.80050344101000006E-21 0 1.98640008522000008E-20 0 1.52730874677000007E-20 0 2.14992949903999996E-19 0 6.30569126244999966E-21 0 7.08244523350000036E-21 0 2.30915415303999992E-20 0 6.15633826049000027E-20 0 2.79470108440999993E-20 0 2.91548106320000027E-20 0
3.96504811621000037E-21 0 2.7633671951E-20 0 9.09195247344000018E-21 0 1.39195446675999992E-20 0 1.57054535104000005E-20 0 1.73043183862000001E-20 0 8.78152548329000042E-21 0 3.90717186142999974E-20 0 1.32643486191999998E-20 0 2.53272011574000003E-20 0 3.80802693569999992E-20 0 2.39883643739000005E-20 0 9.87068568959999953E-20 0 1.15964844624999997E-20 0 1.96723202148000002E-21 0 8.80050344101000006E-21 0 1.98640008522000008E-20 0 1.51352502077999989E-20 0 2.14209881699999988E-19 0 6.30569126244999966E-21 0 7.08244523350000036E-21 0 1.91537377924999986E-20 0 6.15633826049000027E-20 0 2.79470108440999993E-20 0 2.91548106320000027E-20 0
3.96504811621000037E-21 0 2.7633671951E-20 0 9.09195247344000018E-21 0 1.39195446675999992E-20 0 1.49776483101000006E-20 0 1.10526584666999997E-20 0 8.09604562840000017E-21 0 3.85711473099000012E-20 0 1.00876804792000002E-20 0 1.22233054980000007E-20 0 3.27510293033000025E-20 0 1.96285400262999993E-20 0 6.62116514905999943E-20 0 1.15634150231000002E-20 0 1.50295716420000003E-21 0 8.36899993809000021E-21 0 1.98640008522000008E-20 0 1.21264238841E-20 0 2.14209881699999988E-19 0 6.30569126244999966E-21 0 7.07669266151000047E-21 0 1.91537377924999986E-20 0 5.87930943956999995E-20 0 2.43212335570000011E-20 0 2.53784362658000011E-20 0
3.96504811621000037E-21 0 2.7633671951E-20 0 9.0299274064600006E-21 0 1.39195446675999992E-20 0 1.30844959471000003E-20 0 1.10526584666999997E-20 0 5.49625764677999964E-21 0 2.88039953316999999E-20 0 1.00876804792000002E-20 0 1.22233054980000007E-20 0 3.27510293033000025E-20 0 1.96285400262999993E-20 0 6.62116514905999943E-20 0 1.08891502230999996E-20 0 1.36825588770000006E-21 0 8.36899993809000021E-21 0 1.50639250128999985E-20 0 1.16005233995999994E-20 0 1.67787994162000005E-19 0 6.30569126244999966E-21 0 7.07669266151000047E-21 0 1.91537377924999986E-20 0 5.87930943956999995E-20 0 2.43212335570000011E-20 0 2.53784362658000011E-20 0
3.96504811621000037E-21 0 2.50206216939000001E-20 0 7.04986022461000064E-21 0 1.34206747944000001E-20 0 1.30844959471000003E-20 0 1.10526584666999997E-20 0 5.49625764677999964E-21 0 2.48146384720000006E-20 0 1.00876804792000002E-20 0 1.22233054980000007E-20 0 3.02379471475000008E-20 0 1.96285400262999993E-20 0 4.83329156120000011E-20 0 1.08891502230999996E-20 0 1.36825588770000006E-21 0 5.76057363637999989E-21 0 1.50639250128999985E-20 0 6.26810862346000021E-21 0 1.67787994162000005E-19 0 6.17784485377000017E-21 0 5.7352046490600003E-21 0 1.59365377908999987E-20 0 5.14166731198000003E-20 0 1.33832001107000006E-20 0 2.38578844370999994E-20 0
3.19194274552000011E-21 0 2.50206216939000001E-20 0 5.17829907421000027E-21 0 1.34206747944000001E-20 0 8.89945181880999956E-21 0 1.10526584666999997E-20 0 5.49625764677999964E-21 0 2.48146384720000006E-20 0 7.2345261589900005E-21 0 1.22233054980000007E-20 0 2.31050394734000015E-20 0 1.94330994671999996E-20 0 4.83329156120000011E-20 0 9.35811261088999925E-21 0 1.36825588770000006E-21 0 5.76057363637999989E-21 0 1.50639250128999985E-20 0 6.26810862346000021E-21 0 1.67787994162000005E-19 0 5.6310099069599997E-21 0 5.7352046490600003E-21 0 1.59365377908999987E-20 0 5.14166731198000003E-20 0 1.33832001107000006E-20 0 2.33868545066999997E-20 0
3.19194274552000011E-21 0 1.55083497501000001E-20 0 5.17829907421000027E-21 0 1.0860261544E-20 0 8.89945181880999956E-21 0 1.10526584666999997E-20 0 4.86801734837000022E-21 0 2.48146384720000006E-20 0 7.2345261589900005E-21 0 1.22233054980000007E-20 0 1.40945179152999988E-20 0 1.4332942733599999E-20 0 4.83329156120000011E-20 0 9.32007436746000049E-21 0 1.36825588770000006E-21 0 5.76057363637999989E-21 0 1.50639250128999985E-20 0 6.26810862346000021E-21 0 1.32974823736999995E-19 0 4.99805948918999992E-21 0 4.27825943933000016E-21 0 1.59365377908999987E-20 0 5.14166731198000003E-20 0 1.33832001107000006E-20 0 2.0896583281400001E-20 0
3.19194274552000011E-21 0 1.29280158338E-20 0 5.17829907421000027E-21 0 1.0860261544E-20 0 8.89945181880999956E-21 0 1.10526584666999997E-20 0 4.86801734837000022E-21 0 2.48146384720000006E-20 0 7.2345261589900005E-21 0 1.22233054980000007E-20 0 1.40945179152999988E-20 0 1.4332942733599999E-20 0 4.83329156120000011E-20 0 7.89520573248000069E-21 0 1.36825588770000006E-21 0 5.76057363637999989E-21 0 1.42229696342E-20 0 6.26810862346000021E-21 0 1.32974823736999995E-19 0 4.99805948918999992E-21 0 4.27825943933000016E-21 0 1.59365377908999987E-20 0 3.83977762957999992E-20 0 1.33832001107000006E-20 0 1.53848089924000007E-20 0
3.19194274552000011E-21 0 1.29280158338E-20 0 4.69493934853000037E-21 0 1.0860261544E-20 0 7.44593420596999994E-21 0 1.02949583324000002E-20 0 4.86801734837000022E-21 0 2.48146384720000006E-20 0 7.2345261589900005E-21 0 1.22233054980000007E-20 0 1.40945179152999988E-20 0 1.32613381157000001E-20 0 4.83329156120000011E-20 0 7.76622448571999955E-21 0 1.07582854551000003E-21 0 5.76057363637999989E-21 0 1.42229696342E-20 0 6.26810862346000021E-21 0 9.62112078407000026E-20 0 4.75445696096999993E-21 0 4.27825943933000016E-21 0 1.41519390193999987E-20 0 3.83977762957999992E-20 0 1.33832001107000006E-20 0 1.53848089924000007E-20 0
1.79238573145999982E-21 0 1.29280158338E-20 0 4.60234563768999979E-21 0 1.0860261544E-20 0 7.44593420596999994E-21 0 1.02949583324000002E-20 0 3.06998300052999983E-21 0 2.48146384720000006E-20 0 7.2345261589900005E-21 0 1.22233054980000007E-20 0 1.40945179152999988E-20 0 1.32613381157000001E-20 0 4.83329156120000011E-20 0 7.76622448571999955E-21 0 1.07582854551000003E-21 0 5.09192929654000018E-21 0 1.41319956975000006E-20 0 6.26810862346000021E-21 0 9.62112078407000026E-20 0 4.40283156648000001E-21 0 4.27222251391999966E-21 0 1.41519390193999987E-20 0 3.45726215481000011E-20 0 1.33832001107000006E-20 0 1.52458198264999994E-20 0
1.79238573145999982E-21 0 1.29280158338E-20 0 3.30721011615000012E-21 0 1.0860261544E-20 0 7.44593420596999994E-21 0 1.02949583324000002E-20 0 3.06998300052999983E-21 0 2.48146384720000006E-20 0 6.97576467490999961E-21 0 1.22233054980000007E-20 0 1.40945179152999988E-20 0 1.32613381157000001E-20 0 4.83329156120000011E-20 0 7.03548673222000022E-21 0 7.48487816877000027E-22 0 3.44832831699000018E-21 0 1.29535182494999994E-20 0 5.76124021043000009E-21 0 9.62112078407000026E-20 0 4.11307410737999981E-21 0 3.6817742511000003E-21 0 1.37751259326999993E-20 0 3.45726215481000011E-20 0 1.33832001107000006E-20 0 1.50329749473999992E-20 0
1.79238573145999982E-21 0 1.29280158338E-20 0 3.30721011615000012E-21 0 6.52808627143999963E-21 0 7.44593420596999994E-21 0 9.14422364598000038E-21 0 3.06998300052999983E-21 0 1.56520279126000012E-20 0 6.43001438348999988E-21 0 1.18539617684000007E-20 0 1.40945179152999988E-20 0 1.32613381157000001E-20 0 4.83329156120000011E-20 0 7.03548673222000022E-21 0 7.48487816877000027E-22 0 3.44832831699000018E-21 0 8.46799594057999928E-21 0 5.65620984553000038E-21 0 9.62112078407000026E-20 0 4.02568801141000012E-21 0 3.62197462830000027E-21 0 1.14003747083000001E-20 0 2.43264039541000003E-20 0 1.25396209514999994E-20 0 1.50329749473999992E-20 0
1.79238573145999982E-21 0 1.08743927455999996E-20 0 3.30721011615000012E-21 0 6.52808627143999963E-21 0 7.44593420596999994E-21 0 7.83788023566000007E-21 0 3.06998300052999983E-21 0 1.56520279126000012E-20 0 4.43568813406999976E-21 0 1.18539617684000007E-20 0 1.40945179152999988E-20 0 1.08154548140999993E-20 0 4.83329156120000011E-20 0 6.45939685043999986E-21 0 7.48487816877000027E-22 0 3.44832831699000018E-21 0 8.46799594057999928E-21 0 5.65620984553000038E-21 0 8.81457601314999943E-20 0 3.74848872036999996E-21 0 3.03378469313000005E-21 0 1.14003747083000001E-20 0 2.43264039541000003E-20 0 1.21073906625000002E-20 0 1.47674930563000009E-20 0
1.79238573145999982E-21 0 1.08743927455999996E-20 0 3.30721011615000012E-21 0 6.52808627143999963E-21 0 6.49071677921000029E-21 0 7.09030021177000024E-21 0 2.08794624310999999E-21 0 1.56520279126000012E-20 0 4.43568813406999976E-21 0 1.18539617684000007E-20 0 1.08657313559000004E-20 0 1.08154548140999993E-20 0 4.07835617511999986E-20 0 6.45939685043999986E-21 0 7.48487816877000027E-22 0 2.80487841064000004E-21 0 7.89212738187000037E-21 0 4.63080933689000001E-21 0 8.81457601314999943E-20 0 2.92398847074000013E-21 0 3.03378469313000005E-21 0 1.07288483638999994E-20 0 2.05284006715000014E-20 0 1.21073906625000002E-20 0 1.47674930563000009E-20 0
1.47379529836000007E-21 0 1.08743927455999996E-20 0 3.20262986288999991E-21 0 6.04615405611999972E-21 0 6.43227837927999974E-21 0 5.26173082363000033E-21 0 2.08794624310999999E-21 0 1.56520279126000012E-20 0 4.43568813406999976E-21 0 1.18539617684000007E-20 0 1.08657313559000004E-20 0 1.08154548140999993E-20 0 4.07835617511999986E-20 0 5.0831379436499999E-21 0 5.65934718669999955E-22 0 2.80487841064000004E-21 0 7.67275757467999972E-21 0 4.63080933689000001E-21 0 8.81457601314999943E-20 0 2.92398847074000013E-21 0 2.75963599329999998E-21 0 1.07288483638999994E-20 0 2.05284006715000014E-20 0 1.00609629501000003E-20 0 1.19653918591999998E-20 0
1.47379529836000007E-21 0 1.06181504106000003E-20 0 2.16096824114000001E-21 0 3.99309092824000035E-21 0 6.34806886972999992E-21 0 5.26173082363000033E-21 0 2.08794624310999999E-21 0 1.47623608860999987E-20 0 3.56280912057999995E-21 0 1.18539617684000007E-20 0 9.41240259474000004E-21 0 1.08154548140999993E-20 0 3.54568690085999977E-20 0 5.0831379436499999E-21 0 5.65934718669999955E-22 0 2.19399758951999989E-21 0 7.67275757467999972E-21 0 4.63080933689000001E-21 0 8.81457601314999943E-20 0 2.92398847074000013E-21 0 2.23157214086000017E-21 0 9.81629951167999941E-21 0 2.05284006715000014E-20 0 1.00609629501000003E-20 0 1.07777470068999993E-20 0
1.47379529836000007E-21 0 9.92254698631999951E-21 0 2.16096824114000001E-21 0 3.99309092824000035E-21 0 5.99833659833000011E-21 0 5.26173082363000033E-21 0 1.48399663240999994E-21 0 1.47623608860999987E-20 0 3.56280912057999995E-21 0 8.98626006313000039E-21 0 8.11608345186000034E-21 0 8.20448880724999966E-21 0 3.34152002937000006E-20 0 3.86750896201000027E-21 0 5.49693762580999989E-22 0 2.19399758951999989E-21 0 5.85622138899000008E-21 0 4.63080933689000001E-21 0 7.54862338171999943E-20 0 2.92398847074000013E-21 0 1.8510295564799999E-21 0 9.81629951167999941E-21 0 2.05284006715000014E-20 0 1.00609629501000003E-20 0 9.88744014257000003E-21 0
1.44618391811000004E-21 0 8.93319089367000029E-21 0 2.16096824114000001E-21 0 3.99309092824000035E-21 0 5.99833659833000011E-21 0 4.88714909466000007E-21 0 1.48399663240999994E-21 0 1.16372195726999999E-20 0 3.56280912057999995E-21 0 8.26861679171999942E-21 0 7.7352138866600006E-21 0 8.20448880724999966E-21 0 3.34152002937000006E-20 0 3.86750896201000027E-21 0 5.49693762580999989E-22 0 2.19399758951999989E-21 0 5.85622138899000008E-21 0 3.5461239855900003E-21 0 6.7138383540100003E-20 0 2.41802840364999996E-21 0 1.49045999661999994E-21 0 6.09293969889000037E-21 0 1.80495015901999985E-20 0 7.31025480139999983E-21 0 9.01034163990000062E-21 0
1.37053075105000001E-21 0 8.93319089367000029E-21 0 2.16096824114000001E-21 0 3.99309092824000035E-21 0 5.31272438714000024E-21 0 4.88714909466000007E-21 0 1.48399663240999994E-21 0 1.16372195726999999E-20 0 3.26013951997000014E-21 0 8.10225896880000058E-21 0 7.7352138866600006E-21 0 8.05565616738999964E-21 0 2.42087421774999992E-20 0 3.86750896201000027E-21 0 4.29421680729999959E-22 0 2.19399758951999989E-21 0 5.63586003660000029E-21 0 3.5461239855900003E-21 0 6.7138383540100003E-20 0 2.41802840364999996E-21 0 9.6342441273500009E-22 0 6.09293969889000037E-21 0 1.33234975206999995E-20 0 7.31025480139999983E-21 0 5.60022507073000027E-21 0
1.07024596108000002E-21 0 7.87216698348000049E-21 0 2.16096824114000001E-21 0 3.99309092824000035E-21 0 4.84296023424000007E-21 0 4.73414852951000003E-21 0 1.48399663240999994E-21 0 1.16372195726999999E-20 0 3.26013951997000014E-21 0 8.10225896880000058E-21 0 7.7352138866600006E-21 0 8.05565616738999964E-21 0 2.04658201073000008E-20 0 2.91523816309000007E-21 0 3.62401079204999988E-22 0 2.19399758951999989E-21 0 2.88021948365999996E-21 0 3.5461239855900003E-21 0 6.7138383540100003E-20 0 2.18387671134000003E-21 0 9.6342441273500009E-22 0 5.63131479055999993E-21 0 1.33234975206999995E-20 0 7.31025480139999983E-21 0 5.60022507073000027E-21 0
1.07024596108000002E-21 0 7.87216698348000049E-21 0 1.37001648221000007E-21 0 3.53555162302999976E-21 0 4.6590015497099997E-21 0 4.73414852951000003E-21 0 1.48399663240999994E-21 0 1.16372195726999999E-20 0 2.79847066401E-21 0 8.10225896880000058E-21 0 6.75251643299000009E-21 0 6.07580207852000026E-21 0 2.04658201073000008E-20 0 2.91523816309000007E-21 0 2.88796892651000015E-22 0 1.74602138183999999E-21 0 2.88021948365999996E-21 0 2.93274497849999986E-21 0 5.13066759463000023E-20 0 2.18387671134000003E-21 0 9.6342441273500009E-22 0 5.63131479055999993E-21 0 1.33234975206999995E-20 0 7.31025480139999983E-21 0 4.73964333773999976E-21 0
1.07024596108000002E-21 0 7.87216698348000049E-21 0 1.37001648221000007E-21 0 3.53555162302999976E-21 0 4.22732507195000016E-21 0 4.73414852951000003E-21 0 1.24061524952000006E-21 0 1.01008778254999998E-20 0 2.79847066401E-21 0 8.10225896880000058E-21 0 6.75251643299000009E-21 0 6.07580207852000026E-21 0 1.86551748021000003E-20 0 2.91523816309000007E-21 0 2.88796892651000015E-22 0 1.74602138183999999E-21 0 2.88021948365999996E-21 0 2.93274497849999986E-21 0 4.85496383311000023E-20 0 1.94994394343999996E-21 0 9.6342441273500009E-22 0 3.87152776018999992E-21 0 1.21370198124999997E-20 0 5.67505084184999994E-21 0 4.73964333773999976E-21 0
1.03685471550000008E-21 0 6.28421391215000008E-21 0 1.37001648221000007E-21 0 3.53555162302999976E-21 0 2.44388538982999983E-21 0 4.56455744284999987E-21 0 1.11809895452000007E-21 0 7.62360857735999957E-21 0 2.79847066401E-21 0 8.10225896880000058E-21 0 6.13746155381999986E-21 0 6.07580207852000026E-21 0 1.86551748021000003E-20 0 2.91523816309000007E-21 0 2.83836742268000014E-22 0 1.74602138183999999E-21 0 2.88021948365999996E-21 0 2.19002431802000014E-21 0 3.02637654610000011E-20 0 1.56358371548999995E-21 0 9.6342441273500009E-22 0 3.87152776018999992E-21 0 1.21370198124999997E-20 0 5.2823200855100002E-21 0 4.73964333773999976E-21 0
7.71514330153000036E-22 0 6.28421391215000008E-21 0 1.37001648221000007E-21 0 3.48355475634999967E-21 0 2.44388538982999983E-21 0 4.56455744284999987E-21 0 1.11809895452000007E-21 0 7.41233631580000056E-21 0 2.09971340314999995E-21 0 7.35425348310000024E-21 0 5.95895303480999975E-21 0 5.48969463963000007E-21 0 1.17105715680000003E-20 0 2.91523816309000007E-21 0 2.40214137789999994E-22 0 1.74602138183999999E-21 0 2.88021948365999996E-21 0 2.19002431802000014E-21 0 3.02637654610000011E-20 0 1.50812763979999998E-21 0 5.8090793723399998E-22 0 2.42701999215999997E-21 0 1.12180759952000003E-20 0 5.2823200855100002E-21 0 4.73964333773999976E-21 0
7.71514330153000036E-22 0 6.28421391215000008E-21 0 1.37001648221000007E-21 0 3.48355475634999967E-21 0 2.44388538982999983E-21 0 4.20010362654000001E-21 0 1.11809895452000007E-21 0 7.41233631580000056E-21 0 2.09971340314999995E-21 0 6.50382208272999984E-21 0 5.10170092345999978E-21 0 5.48969463963000007E-21 0 1.17105715680000003E-20 0 2.23891484378000006E-21 0 2.40214137789999994E-22 0 1.50119786693000001E-21 0 2.10385261027000014E-21 0 2.19002431802000014E-21 0 3.02637654610000011E-20 0 1.19468795658E-21 0 5.8024240241799999E-22 0 2.42701999215999997E-21 0 1.12180759952000003E-20 0 5.2823200855100002E-21 0 4.73964333773999976E-21 0
7.34401720065999989E-22 0 4.87633778707999982E-21 0 1.26130178460000006E-21 0 2.73778945445999999E-21 0 2.03134711314000004E-21 0 3.82181799333000009E-21 0 1.02702221181000007E-21 0 5.84380688762000022E-21 0 2.08714765674000018E-21 0 5.60490867873000012E-21 0 5.10170092345999978E-21 0 3.61850219782000016E-21 0 1.17105715680000003E-20 0 2.23891484378000006E-21 0 2.40214137789999994E-22 0 1.30508986626000004E-21 0 2.10385261027000014E-21 0 2.19002431802000014E-21 0 3.02637654610000011E-20 0 8.74874065558000047E-22 0 5.8024240241799999E-22 0 2.42701999215999997E-21 0 8.9854786286599999E-21 0 5.2823200855100002E-21 0 4.60105440520999963E-21 0
4.39169568966999965E-22 0 4.87633778707999982E-21 0 1.19804117814999993E-21 0 2.73778945445999999E-21 0 2.03134711314000004E-21 0 2.77616189917000015E-21 0 9.42786157804999947E-22 0 5.84380688762000022E-21 0 1.78238288656999989E-21 0 5.60490867873000012E-21 0 4.31478236123999994E-21 0 3.61850219782000016E-21 0 1.17105715680000003E-20 0 2.23891484378000006E-21 0 2.34054458655000014E-22 0 1.30508986626000004E-21 0 2.10385261027000014E-21 0 2.19002431802000014E-21 0 3.02637654610000011E-20 0 8.74874065558000047E-22 0 5.8024240241799999E-22 0 2.42701999215999997E-21 0 8.9854786286599999E-21 0 5.2823200855100002E-21 0 4.60105440520999963E-21 0
4.39169568966999965E-22 0 4.87633778707999982E-21 0 1.19804117814999993E-21 0 2.73778945445999999E-21 0 2.03134711314000004E-21 0 2.57471360158000015E-21 0 7.58070679751999988E-22 0 4.66118427053999978E-21 0 1.48669002712999992E-21 0 5.60490867873000012E-21 0 3.38504347691999983E-21 0 3.61850219782000016E-21 0 1.17105715680000003E-20 0 2.09472828365000018E-21 0 2.34054458655000014E-22 0 1.18805888703000005E-21 0 2.10385261027000014E-21 0 2.07720429340000011E-21 0 2.45481785500999992E-20 0 8.74874065558000047E-22 0 5.8024240241799999E-22 0 2.42701999215999997E-21 0 8.9854786286599999E-21 0 4.22237496359999992E-21 0 4.60105440520999963E-21 0
4.39169568966999965E-22 0 4.63309149082000033E-21 0 1.04787610548E-21 0 2.43698597488999999E-21 0 2.03134711314000004E-21 0 2.57471360158000015E-21 0 6.79607400236000043E-22 0 4.66118427053999978E-21 0 1.48669002712999992E-21 0 5.03458869634000029E-21 0 3.38504347691999983E-21 0 3.61850219782000016E-21 0 1.17105715680000003E-20 0 1.62745826619999993E-21 0 1.87828305582999998E-22 0 1.18805888703000005E-21 0 1.97599583336000007E-21 0 1.8345077668999999E-21 0 2.45481785500999992E-20 0 8.74874065558000047E-22 0 5.8024240241799999E-22 0 2.42701999215999997E-21 0 7.76372033937000001E-21 0 4.22237496359999992E-21 0 4.15255425155000008E-21 0
4.39169568966999965E-22 0 4.63309149082000033E-21 0 8.68823079881000004E-22 0 2.43698597488999999E-21 0 1.45170902139999996E-21 0 2.2653938107899999E-21 0 6.63237403981000027E-22 0 4.66118427053999978E-21 0 1.35858220358000003E-21 0 4.2801910461999998E-21 0 3.38504347691999983E-21 0 3.39463956801999985E-21 0 1.17105715680000003E-20 0 1.62745826619999993E-21 0 1.87828305582999998E-22 0 7.62497774337999964E-22 0 1.97599583336000007E-21 0 1.8345077668999999E-21 0 2.45481785500999992E-20 0 8.74874065558000047E-22 0 5.8024240241799999E-22 0 2.42701999215999997E-21 0 7.76372033937000001E-21 0 2.60920876767000015E-21 0 4.15255425155000008E-21 0
4.39169568966999965E-22 0 3.43883031493999982E-21 0 8.68823079881000004E-22 0 2.16891795161000004E-21 0 1.45170902139999996E-21 0 2.23794151120000011E-21 0 6.63237403981000027E-22 0 4.54361506339999965E-21 0 1.35858220358000003E-21 0 4.2801910461999998E-21 0 3.29225853398000019E-21 0 2.57424469742000015E-21 0 1.17105715680000003E-20 0 1.62745826619999993E-21 0 1.87828305582999998E-22 0 7.62497774337999964E-22 0 1.97599583336000007E-21 0 1.27277946065000004E-21 0 2.45481785500999992E-20 0 8.74874065558000047E-22 0 2.84662847565000023E-22 0 2.04887263769000016E-21 0 7.76372033937000001E-21 0 2.60920876767000015E-21 0 3.28401604024999991E-21 0
4.39169568966999965E-22 0 3.43883031493999982E-21 0 8.54296214002999983E-22 0 1.56259634967000005E-21 0 1.45170902139999996E-21 0 1.97829584726000011E-21 0 4.61719458005999993E-22 0 4.54361506339999965E-21 0 1.35858220358000003E-21 0 3.00034582602000001E-21 0 3.29225853398000019E-21 0 2.57424469742000015E-21 0 6.29152572843000015E-21 0 9.38085518193000093E-22 0 1.34268781383000008E-22 0 7.62497774337999964E-22 0 1.97599583336000007E-21 0 1.27277946065000004E-21 0 2.18084018548999995E-20 0 8.60121160203000012E-22 0 2.84662847565000023E-22 0 2.04887263769000016E-21 0 6.26282813776000015E-21 0 2.60920876767000015E-21 0 3.28401604024999991E-21 0
4.15425845827000015E-22 0 3.15093829639000006E-21 0 4.57035384078999967E-22 0 1.56259634967000005E-21 0 1.40890562346000008E-21 0 1.93274185371999989E-21 0 4.55237907413000029E-22 0 4.25310690345999964E-21 0 1.13002557363999995E-21 0 3.00034582602000001E-21 0 2.97594536741000008E-21 0 2.57424469742000015E-21 0 6.29152572843000015E-21 0 9.38085518193000093E-22 0 1.34268781383000008E-22 0 6.63428974180000018E-22 0 1.43190514602000007E-21 0 1.23930372082999996E-21 0 1.45802051019999993E-20 0 6.60071774452000002E-22 0 2.84662847565000023E-22 0 1.73339707046999986E-21 0 6.15619485755999966E-21 0 2.60920876767000015E-21 0 3.28401604024999991E-21 0
4.15425845827000015E-22 0 3.15093829639000006E-21 0 4.57035384078999967E-22 0 1.56259634967000005E-21 0 1.33846952092000009E-21 0 1.19230028136999991E-21 0 4.55237907413000029E-22 0 3.05964728632999998E-21 0 1.13002557363999995E-21 0 3.00034582602000001E-21 0 2.97594536741000008E-21 0 2.29647963285000004E-21 0 6.29152572843000015E-21 0 9.38085518193000093E-22 0 1.34268781383000008E-22 0 6.63428974180000018E-22 0 1.43190514602000007E-21 0 1.23930372082999996E-21 0 1.45802051019999993E-20 0 6.60071774452000002E-22 0 2.84662847565000023E-22 0 1.73339707046999986E-21 0 6.15619485755999966E-21 0 2.40638448819000018E-21 0 3.28401604024999991E-21 0
4.15425845827000015E-22 0 2.75454027214000004E-21 0 4.57035384078999967E-22 0 1.56259634967000005E-21 0 1.30132788022000006E-21 0 1.19230028136999991E-21 0 3.95714484513000003E-22 0 3.05964728632999998E-21 0 8.45321847171999988E-22 0 3.00034582602000001E-21 0 2.18741672882999984E-21 0 1.98898786057999994E-21 0 6.29152572843000015E-21 0 9.38085518193000093E-22 0 1.34268781383000008E-22 0 4.99915956999000033E-22 0 9.46656049968999968E-22 0 1.23930372082999996E-21 0 1.45802051019999993E-20 0 6.60071774452000002E-22 0 2.81902734277000017E-22 0 1.73339707046999986E-21 0 4.33902913584000024E-21 0 2.30754426236999987E-21 0 1.82073610517000007E-21 0
3.94029154976000007E-22 0 2.75454027214000004E-21 0 4.57035384078999967E-22 0 1.56259634967000005E-21 0 1.30132788022000006E-21 0 1.19230028136999991E-21 0 3.95714484513000003E-22 0 2.96099762280000014E-21 0 8.45321847171999988E-22 0 2.61903246750999993E-21 0 2.18741672882999984E-21 0 1.98898786057999994E-21 0 6.29152572843000015E-21 0 9.38085518193000093E-22 0 1.25202813021999999E-22 0 4.99915956999000033E-22 0 9.46656049968999968E-22 0 1.08575644502999994E-21 0 1.45802051019999993E-20 0 6.60071774452000002E-22 0 2.54143135146999994E-22 0 1.24947492021000002E-21 0 4.33902913584000024E-21 0 2.27447350777000009E-21 0 1.82073610517000007E-21 0
2.70866642702000004E-22 0 2.75454027214000004E-21 0 4.57035384078999967E-22 0 1.06905779268999997E-21 0 1.11774070630999995E-21 0 1.19230028136999991E-21 0 3.95714484513000003E-22 0 2.43885704598000014E-21 0 8.45321847171999988E-22 0 2.53462058423000004E-21 0 2.04952192878000001E-21 0 1.98898786057999994E-21 0 6.29152572843000015E-21 0 9.38085518193000093E-22 0 8.00561069285999966E-23 0 4.94547037753999968E-22 0 9.46656049968999968E-22 0 1.08575644502999994E-21 0 1.45802051019999993E-20 0 5.06211430883999974E-22 0 2.05776547403000009E-22 0 1.24947492021000002E-21 0 4.33902913584000024E-21 0 2.23446742289000019E-21 0 1.82073610517000007E-21 0
2.70866642702000004E-22 0 2.42923260340999986E-21 0 4.57035384078999967E-22 0 1.06905779268999997E-21 0 1.11774070630999995E-21 0 9.80373823109000029E-22 0 3.23963937884999979E-22 0 2.18054564937E-21 0 8.45321847171999988E-22 0 2.39179492263999992E-21 0 1.95242202809000006E-21 0 1.63658423139000003E-21 0 6.29152572843000015E-21 0 9.38085518193000093E-22 0 8.00561069285999966E-23 0 4.94547037753999968E-22 0 9.46656049968999968E-22 0 9.93827352428000048E-22 0 1.45802051019999993E-20 0 4.23477422843000007E-22 0 2.05776547403000009E-22 0 1.22333365809000001E-21 0 4.33902913584000024E-21 0 9.55300730725999939E-22 0 1.82073610517000007E-21 0
2.70866642702000004E-22 0 2.30172972233000013E-21 0 4.57035384078999967E-22 0 7.91112417042999972E-22 0 4.01461074318999977E-22 0 8.66457138595000054E-22 0 3.23963937884999979E-22 0 2.18054564937E-21 0 8.14186657500000005E-22 0 2.39179492263999992E-21 0 1.92721279575999984E-21 0 1.63658423139000003E-21 0 6.29152572843000015E-21 0 9.38085518193000093E-22 0 8.00561069285999966E-23 0 4.94547037753999968E-22 0 9.46656049968999968E-22 0 9.93827352428000048E-22 0 1.33236495357999995E-20 0 4.23477422843000007E-22 0 2.05776547403000009E-22 0 1.22333365809000001E-21 0 4.33902913584000024E-21 0 9.55300730725999939E-22 0 1.27457865086999991E-21 0
1.84778760634999993E-22 0 1.30724555649000002E-21 0 4.57035384078999967E-22 0 7.91112417042999972E-22 0 4.01461074318999977E-22 0 8.66457138595000054E-22 0 2.56425375369000017E-22 0 1.94461999417000008E-21 0 6.33022893822999987E-22 0 2.14555064567999995E-21 0 1.92667424194999994E-21 0 1.51871118457999994E-21 0 5.15344720290000023E-21 0 8.90419440301999995E-22 0 7.56669931230999952E-23 0 4.94547037753999968E-22 0 9.46656049968999968E-22 0 7.30517932215000016E-22 0 1.33236495357999995E-20 0 3.15425206077999997E-22 0 2.05776547403000009E-22 0 1.10885479721000009E-21 0 4.03676015370999983E-21 0 9.55300730725999939E-22 0 1.27457865086999991E-21 0
1.84778760634999993E-22 0 1.30724555649000002E-21 0 4.57035384078999967E-22 0 7.91112417042999972E-22 0 4.01461074318999977E-22 0 7.88524982769999965E-22 0 2.16320063233999982E-22 0 1.58131006023E-21 0 5.80301836419000021E-22 0 1.46244588190999996E-21 0 1.36974250437000002E-21 0 1.51871118457999994E-21 0 5.15344720290000023E-21 0 4.64617067370000031E-22 0 7.56669931230999952E-23 0 4.89600918397000033E-22 0 6.19378114964999974E-22 0 6.96480740949999956E-22 0 1.01967691357999995E-20 0 3.15425206077999997E-22 0 2.0213325601399999E-22 0 1.10885479721000009E-21 0 2.98302314653999992E-21 0 9.55300730725999939E-22 0 1.27457865086999991E-21 0
1.84778760634999993E-22 0 1.30724555649000002E-21 0 3.94045774303000003E-22 0 7.87615685768000016E-22 0 4.01461074318999977E-22 0 7.88524982769999965E-22 0 2.16320063233999982E-22 0 1.58131006023E-21 0 5.80301836419000021E-22 0 1.46244588190999996E-21 0 1.36974250437000002E-21 0 1.15217520786000008E-21 0 4.06908304003000037E-21 0 4.64617067370000031E-22 0 7.39721420960000058E-23 0 3.45315496734000013E-22 0 6.19378114964999974E-22 0 6.91619313650000012E-22 0 1.01967691357999995E-20 0 3.15425206077999997E-22 0 2.0213325601399999E-22 0 9.20608063532999934E-22 0 2.98302314653999992E-21 0 9.55300730725999939E-22 0 1.27457865086999991E-21 0
1.43456651359999995E-22 0 1.30724555649000002E-21 0 3.94045774303000003E-22 0 7.02821798287999975E-22 0 4.01461074318999977E-22 0 7.88524982769999965E-22 0 2.16320063233999982E-22 0 1.36592599485999992E-21 0 4.1580107226200001E-22 0 1.46244588190999996E-21 0 1.30471358883000004E-21 0 1.15217520786000008E-21 0 4.06908304003000037E-21 0 4.64617067370000031E-22 0 7.39721420960000058E-23 0 3.45315496734000013E-22 0 6.19378114964999974E-22 0 6.91619313650000012E-22 0 1.01967691357999995E-20 0 3.15425206077999997E-22 0 1.75903839126000002E-22 0 9.20608063532999934E-22 0 2.72644202462000011E-21 0 9.55300730725999939E-22 0 1.27457865086999991E-21 0
1.43456651359999995E-22 0 1.07977008255000006E-21 0 3.07181683290999983E-22 0 6.08729161735000036E-22 0 4.01461074318999977E-22 0 5.12034651253999977E-22 0 2.16320063233999982E-22 0 1.36592599485999992E-21 0 3.95900212063999987E-22 0 1.31275258559000005E-21 0 1.29893547502999997E-21 0 1.14652853316999997E-21 0 4.06908304003000037E-21 0 4.64617067370000031E-22 0 5.5941213466399998E-23 0 3.45315496734000013E-22 0 6.19378114964999974E-22 0 6.68966259982999955E-22 0 1.01967691357999995E-20 0 2.50232757507000021E-22 0 1.75903839126000002E-22 0 9.20608063532999934E-22 0 2.72644202462000011E-21 0 9.55300730725999939E-22 0 1.25236094844999993E-21 0
1.43456651359999995E-22 0 1.07977008255000006E-21 0 3.07181683290999983E-22 0 6.08729161735000036E-22 0 4.01461074318999977E-22 0 5.12034651253999977E-22 0 2.02159793307000007E-22 0 1.36592599485999992E-21 0 3.95900212063999987E-22 0 1.31275258559000005E-21 0 1.11906059659000003E-21 0 1.14652853316999997E-21 0 3.92394688000999995E-21 0 4.64617067370000031E-22 0 5.37728305740000057E-23 0 3.42904240270999996E-22 0 6.19378114964999974E-22 0 6.68966259982999955E-22 0 9.6975058301700001E-21 0 2.50232757507000021E-22 0 1.61603287937999997E-22 0 6.65478619344000044E-22 0 2.72644202462000011E-21 0 9.55300730725999939E-22 0 1.02165764033999991E-21 0
1.39862487972999997E-22 0 1.07977008255000006E-21 0 3.07181683290999983E-22 0 6.08729161735000036E-22 0 4.01461074318999977E-22 0 5.12034651253999977E-22 0 1.60000353541000007E-22 0 1.30850574235999997E-21 0 3.95900212063999987E-22 0 1.31275258559000005E-21 0 1.10886240268000002E-21 0 1.14652853316999997E-21 0 2.94810564769E-21 0 4.64617067370000031E-22 0 5.37728305740000057E-23 0 3.42904240270999996E-22 0 6.05183798171000007E-22 0 6.49103253817999957E-22 0 9.6975058301700001E-21 0 2.50232757507000021E-22 0 1.27730744009999992E-22 0 5.75942291339000033E-22 0 2.38683837389000009E-21 0 9.55300730725999939E-22 0 1.02165764033999991E-21 0
1.03671062812000004E-22 0 1.07977008255000006E-21 0 3.07181683290999983E-22 0 6.08729161735000036E-22 0 4.01461074318999977E-22 0 5.12034651253999977E-22 0 1.29800307296000006E-22 0 8.42635068858999982E-22 0 3.57189824128999997E-22 0 1.01049840860999998E-21 0 1.07574338824999991E-21 0 1.14652853316999997E-21 0 2.84014680252000011E-21 0 4.37594907740000004E-22 0 5.14955075683999987E-23 0 3.42904240270999996E-22 0 6.05183798171000007E-22 0 5.3269699431099999E-22 0 8.15006465807000016E-21 0 2.50232757507000021E-22 0 1.18616930544999991E-22 0 5.75942291339000033E-22 0 1.99492451216000012E-21 0 8.86989531165999922E-22 0 1.02165764033999991E-21 0
1.03671062812000004E-22 0 1.07977008255000006E-21 0 2.55751098840000002E-22 0 4.97858937699000044E-22 0 4.01461074318999977E-22 0 4.61151512962999988E-22 0 1.29800307296000006E-22 0 8.42635068858999982E-22 0 2.38318747313999983E-22 0 1.01049840860999998E-21 0 1.07574338824999991E-21 0 8.96014833303000051E-22 0 2.31365716343999982E-21 0 4.37594907740000004E-22 0 5.14955075683999987E-23 0 3.42904240270999996E-22 0 5.26036744436999997E-22 0 3.6668859807999999E-22 0 6.26777465919000012E-21 0 2.50232757507000021E-22 0 1.16361411643000003E-22 0 5.75942291339000033E-22 0 1.94337255929000016E-21 0 8.86989531165999922E-22 0 1.02165764033999991E-21 0
1.01750166195000003E-22 0 8.74940174061000024E-22 0 2.27690099462999989E-22 0 4.97858937699000044E-22 0 3.57565108816999991E-22 0 4.32095261979000032E-22 0 1.29800307296000006E-22 0 8.42635068858999982E-22 0 2.38318747313999983E-22 0 8.33010016964000006E-22 0 1.04130575528000002E-21 0 6.47093110408E-22 0 2.31365716343999982E-21 0 4.15036859315000015E-22 0 4.37600497349000008E-23 0 3.21497692171000014E-22 0 4.44618099585999971E-22 0 3.6668859807999999E-22 0 6.26777465919000012E-21 0 2.50232757507000021E-22 0 7.81442022039000002E-23 0 5.75942291339000033E-22 0 1.94337255929000016E-21 0 8.86989531165999922E-22 0 1.02165764033999991E-21 0
1.01750166195000003E-22 0 8.74940174061000024E-22 0 2.05041385442999998E-22 0 4.97858937699000044E-22 0 3.57565108816999991E-22 0 4.31230058072999965E-22 0 1.21490030988E-22 0 7.01911133153999992E-22 0 1.73125875506000009E-22 0 8.33010016964000006E-22 0 1.02933481727000003E-21 0 6.47093110408E-22 0 2.31365716343999982E-21 0 2.99711626085999989E-22 0 2.75760965255000021E-23 0 2.6327556367099998E-22 0 4.44618099585999971E-22 0 3.6668859807999999E-22 0 6.21514012527999974E-21 0 2.50232757507000021E-22 0 7.81442022039000002E-23 0 5.75942291339000033E-22 0 1.64854317540999996E-21 0 8.66788311870000034E-22 0 8.79091932352999975E-22 0
1.01750166195000003E-22 0 6.37307930953000007E-22 0 1.79153947633000009E-22 0 4.30707070791999971E-22 0 3.57565108816999991E-22 0 3.62370465424000009E-22 0 1.02836861201999997E-22 0 6.20361369427000004E-22 0 1.73125875506000009E-22 0 7.09289678205000037E-22 0 8.64949298373000011E-22 0 4.49776508389000003E-22 0 2.22669212202000004E-21 0 2.99711626085999989E-22 0 2.75760965255000021E-23 0 2.62049407300000017E-22 0 4.44618099585999971E-22 0 3.6668859807999999E-22 0 5.97790054094000027E-21 0 2.50232757507000021E-22 0 6.17602983313000056E-23 0 4.36549340291999995E-22 0 1.64854317540999996E-21 0 8.06028431752999973E-22 0 8.50275424579999967E-22 0
8.46697228563000045E-23 0 6.37307930953000007E-22 0 1.75546439382000006E-22 0 4.30707070791999971E-22 0 3.48029888457E-22 0 3.35887576001999997E-22 0 1.02836861201999997E-22 0 6.20361369427000004E-22 0 1.73125875506000009E-22 0 7.09289678205000037E-22 0 6.96240622684999994E-22 0 4.49776508389000003E-22 0 1.41347549941999991E-21 0 2.99711626085999989E-22 0 2.75760965255000021E-23 0 2.15195474960000019E-22 0 4.44618099585999971E-22 0 2.47381201312000001E-22 0 5.75606975022000006E-21 0 1.86446576264999993E-22 0 6.17602983313000056E-23 0 4.36549340291999995E-22 0 1.64854317540999996E-21 0 6.50912976219000017E-22 0 7.57814349556999993E-22 0
7.1165373022999995E-23 0 6.37083714300000039E-22 0 1.75546439382000006E-22 0 4.30707070791999971E-22 0 3.48029888457E-22 0 3.35887576001999997E-22 0 8.15229364415999981E-23 0 5.09310816311000022E-22 0 1.73125875506000009E-22 0 7.09289678205000037E-22 0 6.96240622684999994E-22 0 4.49776508389000003E-22 0 1.22697388226000008E-21 0 2.92806293584000006E-22 0 2.75760965255000021E-23 0 2.1275913169699998E-22 0 4.31650607156000041E-22 0 2.47381201312000001E-22 0 4.2980348223200003E-21 0 1.86446576264999993E-22 0 6.17602983313000056E-23 0 3.40670642149000005E-22 0 1.61781110381999996E-21 0 6.50912976219000017E-22 0 7.57814349556999993E-22 0
7.1165373022999995E-23 0 4.8806738792099999E-22 0 1.48712392472000003E-22 0 3.19554588417000017E-22 0 3.17154036180000022E-22 0 3.35887576001999997E-22 0 8.15229364415999981E-23 0 5.09310816311000022E-22 0 1.73125875506000009E-22 0 7.09289678205000037E-22 0 5.43289547707999981E-22 0 4.49776508389000003E-22 0 1.22697388226000008E-21 0 2.92806293584000006E-22 0 2.75760965255000021E-23 0 1.65180321407999992E-22 0 3.38364657607999999E-22 0 2.47381201312000001E-22 0 4.2980348223200003E-21 0 1.86446576264999993E-22 0 4.99696586749000015E-23 0 2.85178750961000005E-22 0 1.49478260544000009E-21 0 4.69180626117000007E-22 0 5.21939252923000031E-22 0
6.49415126204999972E-23 0 4.8806738792099999E-22 0 1.06380652368999989E-22 0 3.19554588417000017E-22 0 2.79318931561999978E-22 0 3.35887576001999997E-22 0 8.15229364415999981E-23 0 5.09310816311000022E-22 0 1.73125875506000009E-22 0 6.55380649131999981E-22 0 3.47896116579999978E-22 0 4.49776508389000003E-22 0 1.13525075973999999E-21 0 2.5409897274099998E-22 0 1.90947789521999991E-23 0 1.65180321407999992E-22 0 2.88335272498999978E-22 0 2.47381201312000001E-22 0 4.2980348223200003E-21 0 1.34334056480000002E-22 0 4.23182896914999977E-23 0 2.85178750961000005E-22 0 8.31361004868999958E-22 0 4.69180626117000007E-22 0 5.08864161098000022E-22 0
6.49415126204999972E-23 0 4.8806738792099999E-22 0 1.06380652368999989E-22 0 2.88064601565000017E-22 0 1.66416746282000006E-22 0 2.60827176473999986E-22 0 8.15229364415999981E-23 0 4.48948417812999989E-22 0 1.70509568614999991E-22 0 6.55380649131999981E-22 0 3.47896116579999978E-22 0 3.88053614230000002E-22 0 1.13525075973999999E-21 0 2.33230227852000019E-22 0 1.90947789521999991E-23 0 1.42866586644999997E-22 0 2.6369867942299999E-22 0 2.26878293551999991E-22 0 3.92283420061000007E-21 0 1.34334056480000002E-22 0 4.23182896914999977E-23 0 2.6280715632E-22 0 8.31361004868999958E-22 0 4.69180626117000007E-22 0 5.08864161098000022E-22 0
6.27889751826999983E-23 0 4.8806738792099999E-22 0 1.06380652368999989E-22 0 2.88064601565000017E-22 0 1.66416746282000006E-22 0 2.49567179548999989E-22 0 5.3499897618400004E-23 0 3.02750914375999978E-22 0 9.44736000526999978E-23 0 6.00021687120000022E-22 0 3.47896116579999978E-22 0 2.52946854553E-22 0 1.13525075973999999E-21 0 1.75024571260000009E-22 0 1.90947789521999991E-23 0 1.42866586644999997E-22 0 1.72141482261000007E-22 0 2.26868238188999995E-22 0 3.92283420061000007E-21 0 1.25503874082999996E-22 0 3.59281672883000021E-23 0 2.26023293168000012E-22 0 8.31361004868999958E-22 0 4.69180626117000007E-22 0 5.08864161098000022E-22 0
4.32729635383999988E-23 0 3.97807904136000018E-22 0 1.06380652368999989E-22 0 2.73290634609999999E-22 0 1.66416746282000006E-22 0 2.49567179548999989E-22 0 5.3499897618400004E-23 0 3.02750914375999978E-22 0 9.44736000526999978E-23 0 6.00021687120000022E-22 0 3.47896116579999978E-22 0 2.52946854553E-22 0 9.88533634565999913E-22 0 1.75024571260000009E-22 0 1.90947789521999991E-23 0 1.38283606524E-22 0 1.16908429883000009E-22 0 2.10802669643000006E-22 0 2.14335563745000017E-21 0 1.04073338647000002E-22 0 3.59281672883000021E-23 0 2.26023293168000012E-22 0 8.31361004868999958E-22 0 2.22363384092000015E-22 0 3.99040805021000019E-22 0
4.32729635383999988E-23 0 3.97807904136000018E-22 0 1.06380652368999989E-22 0 2.47238949906999992E-22 0 1.66416746282000006E-22 0 2.49567179548999989E-22 0 3.51071433406999978E-23 0 2.5768775788400002E-22 0 9.44736000526999978E-23 0 4.75419058801999979E-22 0 3.47896116579999978E-22 0 2.52946854553E-22 0 9.88533634565999913E-22 0 1.62183478061999995E-22 0 1.90947789521999991E-23 0 1.38283606524E-22 0 1.16908429883000009E-22 0 2.04335587154000012E-22 0 2.14335563745000017E-21 0 1.04073338647000002E-22 0 3.59281672883000021E-23 0 1.53783206246000001E-22 0 8.31361004868999958E-22 0 2.22363384092000015E-22 0 3.99040805021000019E-22 0
3.47033893287000007E-23 0 3.97807904136000018E-22 0 8.21444958369000003E-23 0 1.8840429494899999E-22 0 1.66416746282000006E-22 0 2.26479766705000022E-22 0 3.51071433406999978E-23 0 2.5768775788400002E-22 0 9.44736000526999978E-23 0 4.75419058801999979E-22 0 3.47896116579999978E-22 0 2.0197883847599999E-22 0 9.88533634565999913E-22 0 1.62183478061999995E-22 0 1.90947789521999991E-23 0 8.68877194420000041E-23 0 1.16908429883000009E-22 0 2.04135224274000012E-22 0 2.14335563745000017E-21 0 9.48370451828999959E-23 0 3.59281672883000021E-23 0 1.53783206246000001E-22 0 8.31361004868999958E-22 0 2.22363384092000015E-22 0 3.21130737546999988E-22 0
3.47033893287000007E-23 0 3.09586586404000015E-22 0 8.21444958369000003E-23 0 1.8840429494899999E-22 0 1.66416746282000006E-22 0 2.21396958436000017E-22 0 3.51071433406999978E-23 0 2.5768775788400002E-22 0 8.11206217186000031E-23 0 4.75419058801999979E-22 0 3.47896116579999978E-22 0 2.0197883847599999E-22 0 7.57219449222999972E-22 0 1.2436164175200001E-22 0 9.78166952925999931E-24 0 8.68877194420000041E-23 0 1.16908429883000009E-22 0 1.68959927739000004E-22 0 2.14335563745000017E-21 0 8.48322177997000047E-23 0 3.59281672883000021E-23 0 1.53127215352999989E-22 0 8.06671634225000001E-22 0 2.22363384092000015E-22 0 3.21130737546999988E-22 0
3.47033893287000007E-23 0 3.09586586404000015E-22 0 6.60393872041999973E-23 0 1.36531379720999991E-22 0 1.66416746282000006E-22 0 1.95368390575000006E-22 0 3.51071433406999978E-23 0 2.5768775788400002E-22 0 8.11206217186000031E-23 0 4.75419058801999979E-22 0 2.51965985543999986E-22 0 2.0197883847599999E-22 0 7.57219449222999972E-22 0 1.2436164175200001E-22 0 9.78166952925999931E-24 0 8.21446732197000031E-23 0 1.16908429883000009E-22 0 1.04479199891E-22 0 2.08858471792999981E-21 0 7.30477763837000036E-23 0 3.44272083369000016E-23 0 1.40596502670000011E-22 0 8.06671634225000001E-22 0 2.22363384092000015E-22 0 3.18157079132000006E-22 0
2.59008861010999987E-23 0 3.09586586404000015E-22 0 6.09806544769000042E-23 0 1.36531379720999991E-22 0 1.66416746282000006E-22 0 1.52516553392999999E-22 0 3.51071433406999978E-23 0 2.28123847187000007E-22 0 8.11206217186000031E-23 0 4.75419058801999979E-22 0 2.51965985543999986E-22 0 1.7696269063400001E-22 0 7.57219449222999972E-22 0 1.2436164175200001E-22 0 9.78166952925999931E-24 0 8.21446732197000031E-23 0 1.16908429883000009E-22 0 1.04479199891E-22 0 1.80698022539000019E-21 0 7.30477763837000036E-23 0 2.74205315280000017E-23 0 1.40596502670000011E-22 0 6.73894864371999985E-22 0 2.22363384092000015E-22 0 2.05781269721000005E-22 0
2.59008861010999987E-23 0 3.09586586404000015E-22 0 6.09806544769000042E-23 0 1.36531379720999991E-22 0 1.61960410101000005E-22 0 1.51444208505000001E-22 0 3.51071433406999978E-23 0 2.28123847187000007E-22 0 6.99705867785000041E-23 0 4.39124109365999993E-22 0 2.51965985543999986E-22 0 1.7696269063400001E-22 0 7.57219449222999972E-22 0 1.2436164175200001E-22 0 9.78166952925999931E-24 0 5.26909148312999971E-23 0 1.16908429883000009E-22 0 1.04479199891E-22 0 1.78211783361000001E-21 0 7.30477763837000036E-23 0 2.44792191215000003E-23 0 1.40596502670000011E-22 0 5.91427172592000046E-22 0 2.22363384092000015E-22 0 1.84430433123999991E-22 0
2.59008861010999987E-23 0 3.09586586404000015E-22 0 6.09806544769000042E-23 0 1.16136319761000005E-22 0 9.11814925908999949E-23 0 1.46596938435999992E-22 0 3.51071433406999978E-23 0 2.28123847187000007E-22 0 6.97035552913999984E-23 0 3.48454438272000004E-22 0 1.56161065174000009E-22 0 1.7696269063400001E-22 0 5.29442787080000017E-22 0 1.2436164175200001E-22 0 9.78166952925999931E-24 0 5.26909148312999971E-23 0 1.16908429883000009E-22 0 1.04479199891E-22 0 1.7717684917900001E-21 0 7.07043161549000036E-23 0 2.44792191215000003E-23 0 1.40596502670000011E-22 0 5.91427172592000046E-22 0 2.22363384092000015E-22 0 1.84430433123999991E-22 0
2.57052591598999994E-23 0 2.69313747724999993E-22 0 6.09806544769000042E-23 0 1.16136319761000005E-22 0 9.11814925908999949E-23 0 1.12380620931999996E-22 0 3.30100975713999986E-23 0 2.28123847187000007E-22 0 6.97035552913999984E-23 0 2.74078468615000015E-22 0 1.56161065174000009E-22 0 1.70851105155000003E-22 0 5.29442787080000017E-22 0 8.83269365060000047E-23 0 9.78166952925999931E-24 0 5.26909148312999971E-23 0 1.16908429883000009E-22 0 1.04479199891E-22 0 1.7717684917900001E-21 0 6.16595290050999942E-23 0 2.42303136981000013E-23 0 1.40596502670000011E-22 0 4.5320939595600001E-22 0 2.22363384092000015E-22 0 1.78334745917000004E-22 0
2.57052591598999994E-23 0 2.25509465720999986E-22 0 6.09806544769000042E-23 0 9.65590489256999989E-23 0 9.11814925908999949E-23 0 1.12380620931999996E-22 0 3.30100975713999986E-23 0 2.28123847187000007E-22 0 6.97035552913999984E-23 0 2.3811299206400001E-22 0 1.56161065174000009E-22 0 1.70851105155000003E-22 0 4.64574461782000014E-22 0 8.83269365060000047E-23 0 8.35219791732999965E-24 0 5.26909148312999971E-23 0 1.15820779539999993E-22 0 8.54860362812999987E-23 0 1.7717684917900001E-21 0 6.01109117124000053E-23 0 2.12793362048000008E-23 0 1.29540473080000001E-22 0 4.5320939595600001E-22 0 1.5124312412600001E-22 0 1.78334745917000004E-22 0
2.55218395331E-23 0 2.25509465720999986E-22 0 5.06264107330000024E-23 0 9.65590489256999989E-23 0 9.11814925908999949E-23 0 1.12380620931999996E-22 0 3.30100975713999986E-23 0 1.48031321915000009E-22 0 5.82158749416000052E-23 0 2.3811299206400001E-22 0 1.56161065174000009E-22 0 1.02316058979000005E-22 0 4.64574461782000014E-22 0 8.83269365060000047E-23 0 8.04597118581999973E-24 0 5.26909148312999971E-23 0 9.71323488431000033E-23 0 8.54860362812999987E-23 0 1.69565986444999991E-21 0 5.73410672463000026E-23 0 1.64961606898999995E-23 0 9.82620939127000023E-23 0 3.55122415039000019E-22 0 1.5124312412600001E-22 0 1.54213232666999989E-22 0
2.40534910068999989E-23 0 2.10374398930999993E-22 0 5.06264107330000024E-23 0 9.65590489256999989E-23 0 7.65216521891999987E-23 0 9.88192131096000012E-23 0 2.94202828785999974E-23 0 1.48031321915000009E-22 0 5.82158749416000052E-23 0 2.3811299206400001E-22 0 1.56161065174000009E-22 0 1.02316058979000005E-22 0 3.85328506227000001E-22 0 8.83269365060000047E-23 0 8.04597118581999973E-24 0 4.44636905389000003E-23 0 9.71323488431000033E-23 0 8.54860362812999987E-23 0 1.07288087747999998E-21 0 5.65285231589999957E-23 0 1.44085624297999993E-23 0 9.82620939127000023E-23 0 3.55122415039000019E-22 0 1.5124312412600001E-22 0 1.32797625214999989E-22 0
2.25117440148000001E-23 0 2.05268828622999995E-22 0 4.59432289954000005E-23 0 8.29703088604999979E-23 0 7.65216521891999987E-23 0 9.68090061102000057E-23 0 2.87126825845999972E-23 0 1.48031321915000009E-22 0 5.66982982655000004E-23 0 2.19474450435000022E-22 0 1.56161065174000009E-22 0 9.82847041453999987E-23 0 3.85328506227000001E-22 0 8.03482855880999997E-23 0 6.02017247388999982E-24 0 4.44636905389000003E-23 0 6.0503661903599996E-23 0 5.83362917484000012E-23 0 1.07123617167000006E-21 0 5.52852829205999952E-23 0 1.44085624297999993E-23 0 8.17014260820999999E-23 0 2.90459941712000003E-22 0 1.49957273096999999E-22 0 1.32797625214999989E-22 0
1.98231009458999996E-23 0 1.6954664334499999E-22 0 4.59432289954000005E-23 0 8.29703088604999979E-23 0 7.65216521891999987E-23 0 8.86210595474000013E-23 0 2.87126825845999972E-23 0 1.33603714596000007E-22 0 5.05559854099000019E-23 0 1.8118707864700001E-22 0 1.56161065174000009E-22 0 9.82847041453999987E-23 0 3.85328506227000001E-22 0 8.03482855880999997E-23 0 6.02017247388999982E-24 0 4.44636905389000003E-23 0 6.0503661903599996E-23 0 5.83362917484000012E-23 0 8.85561260532999954E-22 0 5.15768539188999979E-23 0 1.30249542540999998E-23 0 7.67630199604000001E-23 0 2.90459941712000003E-22 0 1.45628097189999989E-22 0 1.23445895640000007E-22 0
1.98231009458999996E-23 0 1.6954664334499999E-22 0 3.21418766675000005E-23 0 8.00928459189000042E-23 0 7.31185134424999989E-23 0 8.86210595474000013E-23 0 2.11136746259000002E-23 0 1.33603714596000007E-22 0 4.19570271915000022E-23 0 1.8118707864700001E-22 0 1.38216288303000009E-22 0 9.82847041453999987E-23 0 3.85328506227000001E-22 0 4.3572392100799999E-23 0 4.80992933810000036E-24 0 2.95218976911999986E-23 0 6.0503661903599996E-23 0 5.23480084343E-23 0 8.85561260532999954E-22 0 3.76766029250000019E-23 0 1.30249542540999998E-23 0 6.67509000019000007E-23 0 2.83734383312999995E-22 0 1.16510429058000004E-22 0 1.09903803766999997E-22 0
1.53601097249999994E-23 0 1.58275635488000008E-22 0 3.21418766675000005E-23 0 6.45067644731000003E-23 0 7.31185134424999989E-23 0 8.86210595474000013E-23 0 1.20724685101E-23 0 1.33603714596000007E-22 0 4.0528070828999998E-23 0 1.8118707864700001E-22 0 1.24248008225000005E-22 0 9.82847041453999987E-23 0 2.71497473160999986E-22 0 4.3572392100799999E-23 0 4.80992933810000036E-24 0 2.95218976911999986E-23 0 6.0503661903599996E-23 0 5.23480084343E-23 0 8.85561260532999954E-22 0 3.76766029250000019E-23 0 1.30249542540999998E-23 0 6.67509000019000007E-23 0 2.49428859199000002E-22 0 1.06727269666000007E-22 0 1.03265632248999995E-22 0
1.53601097249999994E-23 0 1.51349326829999999E-22 0 3.21418766675000005E-23 0 5.50373711537999944E-23 0 7.03116651876000036E-23 0 6.57336424051000056E-23 0 1.20724685101E-23 0 1.33603714596000007E-22 0 3.33828479569999972E-23 0 1.51381569398999988E-22 0 1.24248008225000005E-22 0 9.82847041453999987E-23 0 2.71497473160999986E-22 0 4.3572392100799999E-23 0 4.80992933810000036E-24 0 2.95218976911999986E-23 0 4.45183438084999998E-23 0 5.05138867259999972E-23 0 8.8347081368300006E-22 0 3.33098677228999977E-23 0 1.14886231247999994E-23 0 6.67509000019000007E-23 0 2.49428859199000002E-22 0 6.42789192570000024E-23 0 1.03265632248999995E-22 0
1.18073200216000007E-23 0 1.46273953390000004E-22 0 3.21418766675000005E-23 0 5.50373711537999944E-23 0 6.48327765264000028E-23 0 6.54471941544000008E-23 0 1.20724685101E-23 0 1.02401531664000005E-22 0 3.33828479569999972E-23 0 1.51381569398999988E-22 0 1.1942940367199999E-22 0 7.54274758224000015E-23 0 2.40405345335E-22 0 4.3572392100799999E-23 0 4.80992933810000036E-24 0 2.87493272936999994E-23 0 4.45183438084999998E-23 0 4.54205236582999976E-23 0 7.27347333590000042E-22 0 3.10329292006999971E-23 0 1.14886231247999994E-23 0 5.51685896728000057E-23 0 2.44426009773000009E-22 0 6.42789192570000024E-23 0 5.43817714736000012E-23 0
1.18073200216000007E-23 0 1.03508882673000001E-22 0 2.39323357769000009E-23 0 5.50373711537999944E-23 0 6.07356519922000013E-23 0 5.06173862629000001E-23 0 1.20724685101E-23 0 1.02401531664000005E-22 0 3.26189395727000027E-23 0 1.39785014276000008E-22 0 1.07290142075E-22 0 7.50108447038999956E-23 0 2.40216450828999981E-22 0 4.3572392100799999E-23 0 4.80992933810000036E-24 0 2.63076516882000012E-23 0 3.52745348916000015E-23 0 2.86441104560000001E-23 0 7.27347333590000042E-22 0 1.5334375110099999E-23 0 8.52703733825000011E-24 0 5.29824190025000016E-23 0 2.31926086147000008E-22 0 6.42789192570000024E-23 0 5.43817714736000012E-23 0
1.17725286426000005E-23 0 1.03508882673000001E-22 0 2.39323357769000009E-23 0 4.2821637910500001E-23 0 5.28683095329999976E-23 0 5.06173862629000001E-23 0 1.20724685101E-23 0 1.02401531664000005E-22 0 3.03439840371999999E-23 0 1.39785014276000008E-22 0 1.06440530362999996E-22 0 5.75947923386999973E-23 0 1.34762911183000002E-22 0 4.3572392100799999E-23 0 4.80992933810000036E-24 0 2.63076516882000012E-23 0 3.38459101465000026E-23 0 2.86441104560000001E-23 0 7.08134230481999969E-22 0 1.5334375110099999E-23 0 8.52703733825000011E-24 0 5.29824190025000016E-23 0 2.17391195137000002E-22 0 6.42789192570000024E-23 0 5.43817714736000012E-23 0
8.26985020655000047E-24 0 1.03508882673000001E-22 0 1.90006701758000002E-23 0 4.2821637910500001E-23 0 5.28683095329999976E-23 0 5.06173862629000001E-23 0 1.20724685101E-23 0 9.98577719722999955E-23 0 3.03439840371999999E-23 0 9.71254898084000058E-23 0 9.72123184340000058E-23 0 5.42266834533999962E-23 0 1.34762911183000002E-22 0 4.3572392100799999E-23 0 3.62876209919000007E-24 0 1.9083175954599999E-23 0 3.38459101465000026E-23 0 2.86441104560000001E-23 0 5.82685309089999964E-22 0 1.5334375110099999E-23 0 8.4425809529599999E-24 0 3.89697449512000012E-23 0 1.73224084706999991E-22 0 6.42789192570000024E-23 0 5.43817714736000012E-23 0
7.99727154809000014E-24 0 1.03508882673000001E-22 0 1.90006701758000002E-23 0 4.2821637910500001E-23 0 4.21094684847999993E-23 0 5.06173862629000001E-23 0 1.20724685101E-23 0 9.98577719722999955E-23 0 2.80695621045999974E-23 0 9.71254898084000058E-23 0 9.72123184340000058E-23 0 5.42266834533999962E-23 0 1.34762911183000002E-22 0 3.99826395308999979E-23 0 3.62876209919000007E-24 0 1.9083175954599999E-23 0 3.37809372080999977E-23 0 2.86441104560000001E-23 0 4.77654377479000036E-22 0 1.51012439836000011E-23 0 8.4425809529599999E-24 0 3.10467953046999974E-23 0 1.09978896238000003E-22 0 5.42671091236000043E-23 0 4.01278517150999999E-23 0
7.99727154809000014E-24 0 8.57415392566000043E-23 0 1.57687448015000001E-23 0 3.19162545600000018E-23 0 2.58775874887000002E-23 0 4.98666241223000013E-23 0 1.20724685101E-23 0 9.14152754643999997E-23 0 2.17608298335999986E-23 0 9.71254898084000058E-23 0 9.72123184340000058E-23 0 5.10022173629999984E-23 0 1.34762911183000002E-22 0 3.99826395308999979E-23 0 3.62876209919000007E-24 0 1.46851221856999993E-23 0 2.55391095718999987E-23 0 2.76936180772999971E-23 0 4.77654377479000036E-22 0 1.51012439836000011E-23 0 8.12943670018000009E-24 0 2.52038156210000014E-23 0 1.09978896238000003E-22 0 5.42671091236000043E-23 0 4.01278517150999999E-23 0
7.99727154809000014E-24 0 8.57415392566000043E-23 0 9.8504848242499999E-24 0 3.19162545600000018E-23 0 2.58775874887000002E-23 0 3.94306041357000028E-23 0 8.4465348347500005E-24 0 7.71477896155999961E-23 0 1.96504119104999988E-23 0 9.71254898084000058E-23 0 6.80903946935999985E-23 0 4.46393301852999983E-23 0 1.34762911183000002E-22 0 3.99442952208999985E-23 0 3.62876209919000007E-24 0 1.46851221856999993E-23 0 2.00209239895999989E-23 0 2.76936180772999971E-23 0 4.77654377479000036E-22 0 1.51012439836000011E-23 0 7.38076521357000005E-24 0 2.52038156210000014E-23 0 1.09978896238000003E-22 0 5.42671091236000043E-23 0 4.01278517150999999E-23 0
7.58212263755000054E-24 0 6.85513147682999992E-23 0 9.8504848242499999E-24 0 3.08378818627999973E-23 0 2.58775874887000002E-23 0 3.14825631533999992E-23 0 8.4465348347500005E-24 0 7.17356251763000013E-23 0 1.96504119104999988E-23 0 9.44644403052000041E-23 0 6.80903946935999985E-23 0 4.46393301852999983E-23 0 1.04400018175000005E-22 0 2.95120041921999984E-23 0 3.43175004155000024E-24 0 1.46851221856999993E-23 0 2.00209239895999989E-23 0 2.73688562699000029E-23 0 4.77654377479000036E-22 0 1.51012439836000011E-23 0 6.84776689328999957E-24 0 2.52038156210000014E-23 0 1.09978896238000003E-22 0 5.42671091236000043E-23 0 4.01278517150999999E-23 0
7.35104925468000006E-24 0 6.85513147682999992E-23 0 9.8504848242499999E-24 0 2.47633119937000012E-23 0 2.58775874887000002E-23 0 3.14825631533999992E-23 0 8.4465348347500005E-24 0 6.8027049458699995E-23 0 1.72171629912000006E-23 0 8.37119163441999942E-23 0 5.09780736833000014E-23 0 4.2030422908800002E-23 0 1.04400018175000005E-22 0 2.59315707688999995E-23 0 2.37483420073000004E-24 0 1.46851221856999993E-23 0 2.00209239895999989E-23 0 2.73688562699000029E-23 0 4.7622750362299996E-22 0 1.51012439836000011E-23 0 5.13585939913000013E-24 0 2.52038156210000014E-23 0 1.09978896238000003E-22 0 5.30709069107000053E-23 0 4.01278517150999999E-23 0
6.03067424631999995E-24 0 6.74179083610000028E-23 0 9.8504848242499999E-24 0 2.47633119937000012E-23 0 2.31654678700000006E-23 0 3.14825631533999992E-23 0 8.4465348347500005E-24 0 6.16740427022000014E-23 0 1.67963875919000005E-23 0 7.35814208550000012E-23 0 5.09780736833000014E-23 0 3.27790932631999985E-23 0 1.04400018175000005E-22 0 2.59315707688999995E-23 0 2.37483420073000004E-24 0 1.46851221856999993E-23 0 2.00209239895999989E-23 0 2.01981306587999996E-23 0 4.12981236891000006E-22 0 1.51012439836000011E-23 0 5.13585939913000013E-24 0 2.52038156210000014E-23 0 1.01754684838999999E-22 0 4.80652831222000026E-23 0 4.01278517150999999E-23 0
4.20824476321999972E-24 0 6.74179083610000028E-23 0 9.8504848242499999E-24 0 2.47633119937000012E-23 0 1.90616773255999994E-23 0 2.26267332613999987E-23 0 6.88759491500000009E-24 0 5.36090925213999973E-23 0 1.09980541567000004E-23 0 6.35366492657000035E-23 0 5.09780736833000014E-23 0 3.27790932631999985E-23 0 1.04400018175000005E-22 0 1.97653255620999986E-23 0 2.31751951166000001E-24 0 1.46851221856999993E-23 0 2.00209239895999989E-23 0 2.01981306587999996E-23 0 3.4171841821E-22 0 1.10289659055000005E-23 0 4.57852045515000007E-24 0 2.15454916742999989E-23 0 1.01754684838999999E-22 0 4.28901185928999979E-23 0 3.57434708777999999E-23 0
4.20824476321999972E-24 0 3.49017113269000004E-23 0 6.97357740100999928E-24 0 2.47633119937000012E-23 0 1.90616773255999994E-23 0 2.26267332613999987E-23 0 6.88759491500000009E-24 0 3.37928803034000026E-23 0 1.09980541567000004E-23 0 6.35366492657000035E-23 0 5.09780736833000014E-23 0 2.77515521207000019E-23 0 8.13284646270000037E-23 0 1.97653255620999986E-23 0 1.50616053994000001E-24 0 1.46851221856999993E-23 0 2.00209239895999989E-23 0 2.01981306587999996E-23 0 3.4171841821E-22 0 1.10289659055000005E-23 0 4.57852045515000007E-24 0 1.69999243549999996E-23 0 1.01754684838999999E-22 0 4.21221382442000028E-23 0 3.38326206012999991E-23 0
4.20824476321999972E-24 0 3.49017113269000004E-23 0 6.97357740100999928E-24 0 2.47633119937000012E-23 0 1.90616773255999994E-23 0 2.26267332613999987E-23 0 5.70763353625999971E-24 0 3.37928803034000026E-23 0 1.09980541567000004E-23 0 5.94659695184000026E-23 0 5.09780736833000014E-23 0 2.77515521207000019E-23 0 8.13284646270000037E-23 0 1.97653255620999986E-23 0 1.50616053994000001E-24 0 8.53805581457000037E-24 0 1.91456937730000008E-23 0 2.01981306587999996E-23 0 3.33247875440999977E-22 0 1.10289659055000005E-23 0 4.5685670026799998E-24 0 1.55125283139000009E-23 0 4.87779260616999992E-23 0 3.6715433314000001E-23 0 2.93579743671999982E-23 0
3.99706610723999971E-24 0 3.49017113269000004E-23 0 6.97357740100999928E-24 0 2.09667028503999995E-23 0 1.90616773255999994E-23 0 2.26267332613999987E-23 0 5.70763353625999971E-24 0 3.37928803034000026E-23 0 1.09980541567000004E-23 0 5.94659695184000026E-23 0 3.57011017008999998E-23 0 2.52385591877E-23 0 8.12065501184000011E-23 0 1.75323886534999993E-23 0 1.41479744324000007E-24 0 8.53805581457000037E-24 0 1.91456937730000008E-23 0 2.01981306587999996E-23 0 2.07178129391999995E-22 0 1.10289659055000005E-23 0 4.32137712987999968E-24 0 1.38952241625999997E-23 0 4.87779260616999992E-23 0 2.90715574491999993E-23 0 2.49283801027999991E-23 0
3.90214845260999993E-24 0 3.49017113269000004E-23 0 6.97357740100999928E-24 0 2.09667028503999995E-23 0 1.90616773255999994E-23 0 1.88955007191000006E-23 0 5.70763353625999971E-24 0 2.93860617475000025E-23 0 8.64035562955999948E-24 0 5.83139590961999956E-23 0 3.57011017008999998E-23 0 2.52385591877E-23 0 8.12065501184000011E-23 0 1.75323886534999993E-23 0 1.41479744324000007E-24 0 7.37541269371999949E-24 0 1.43504284224000003E-23 0 1.82385152691000002E-23 0 2.07178129391999995E-22 0 7.47637504435000065E-24 0 3.94128502539999979E-24 0 1.38952241625999997E-23 0 4.87779260616999992E-23 0 2.90715574491999993E-23 0 2.49283801027999991E-23 0
3.28829884138000004E-24 0 3.49017113269000004E-23 0 6.97357740100999928E-24 0 1.14288158818000001E-23 0 1.90616773255999994E-23 0 1.88955007191000006E-23 0 5.70763353625999971E-24 0 2.93860617475000025E-23 0 8.64035562955999948E-24 0 4.06609023836999977E-23 0 2.98658457174000017E-23 0 2.52385591877E-23 0 8.12065501184000011E-23 0 1.75323886534999993E-23 0 1.40699909713000005E-24 0 7.37541269371999949E-24 0 1.31636566472E-23 0 1.68834171058000014E-23 0 2.07178129391999995E-22 0 6.80980015190999968E-24 0 2.57231375706999998E-24 0 1.38952241625999997E-23 0 4.87779260616999992E-23 0 2.90715574491999993E-23 0 2.49283801027999991E-23 0
3.28829884138000004E-24 0 3.49017113269000004E-23 0 6.07148774018999977E-24 0 1.14288158818000001E-23 0 1.90616773255999994E-23 0 1.20440435838000007E-23 0 5.58263241216000033E-24 0 2.78867022362000013E-23 0 8.0302626355899993E-24 0 4.06609023836999977E-23 0 2.98658457174000017E-23 0 1.83089923981999986E-23 0 6.95364198121000028E-23 0 1.37996678634000008E-23 0 1.40699909713000005E-24 0 7.37541269371999949E-24 0 1.28414057470999997E-23 0 1.45614485543000014E-23 0 2.07178129391999995E-22 0 6.41638157364999973E-24 0 2.57231375706999998E-24 0 1.02783279365999999E-23 0 4.87779260616999992E-23 0 2.50370006903999987E-23 0 2.05291724892E-23 0
3.28829884138000004E-24 0 3.09749989413000028E-23 0 6.07148774018999977E-24 0 1.14288158818000001E-23 0 1.37003388000000007E-23 0 1.20440435838000007E-23 0 5.22907716945999989E-24 0 2.67056993515000018E-23 0 8.0302626355899993E-24 0 4.06609023836999977E-23 0 2.67323967712000027E-23 0 1.83089923981999986E-23 0 6.2242652656700004E-23 0 1.37996678634000008E-23 0 1.25205419356999996E-24 0 7.37541269371999949E-24 0 9.37428972766999928E-24 0 1.45614485543000014E-23 0 1.81983922034999999E-22 0 6.41638157364999973E-24 0 2.24689343577000009E-24 0 1.02783279365999999E-23 0 4.87779260616999992E-23 0 2.48195944583000014E-23 0 1.68563510909999989E-23 0
2.71197093071999993E-24 0 2.71380720414999984E-23 0 5.61117890941000016E-24 0 1.14288158818000001E-23 0 1.09802316565000001E-23 0 1.20440435838000007E-23 0 5.12787735936999966E-24 0 2.50135163012999996E-23 0 7.57257141785999929E-24 0 4.06609023836999977E-23 0 2.00398195255000002E-23 0 1.59162136825999988E-23 0 6.2242652656700004E-23 0 1.27614220553000007E-23 0 1.10382147326000001E-24 0 4.82170645209999971E-24 0 9.37428972766999928E-24 0 1.21401913313999993E-23 0 1.81983922034999999E-22 0 5.90909454754000034E-24 0 2.24689343577000009E-24 0 7.27621550564999972E-24 0 4.87779260616999992E-23 0 2.26146047221999999E-23 0 1.47568320455000003E-23 0
2.71197093071999993E-24 0 2.71380720414999984E-23 0 4.92067924622000017E-24 0 1.14288158818000001E-23 0 1.09802316565000001E-23 0 1.20440435838000007E-23 0 4.89143938953999992E-24 0 2.04841218261999986E-23 0 7.57257141785999929E-24 0 3.95903195276999983E-23 0 2.00398195255000002E-23 0 1.59162136825999988E-23 0 4.42715111664000024E-23 0 1.02688007647999997E-23 0 1.10382147326000001E-24 0 4.82170645209999971E-24 0 8.97102344127999996E-24 0 1.03459612590999994E-23 0 1.59738454124E-22 0 4.30131443722999987E-24 0 2.24689343577000009E-24 0 7.27621550564999972E-24 0 4.72308246761999971E-23 0 2.26146047221999999E-23 0 1.47568320455000003E-23 0
2.71197093071999993E-24 0 2.71380720414999984E-23 0 4.88275856691999969E-24 0 1.14288158818000001E-23 0 1.09802316565000001E-23 0 1.04483958336999996E-23 0 3.30110935082999989E-24 0 2.04841218261999986E-23 0 6.43351385757000007E-24 0 3.78316432315000026E-23 0 2.00398195255000002E-23 0 1.59162136825999988E-23 0 3.42013663467999991E-23 0 9.12928566517999992E-24 0 1.10382147326000001E-24 0 4.82170645209999971E-24 0 8.97102344127999996E-24 0 1.00683223168000005E-23 0 1.59738454124E-22 0 4.30131443722999987E-24 0 2.24689343577000009E-24 0 7.27621550564999972E-24 0 4.72308246761999971E-23 0 1.81297411986999996E-23 0 1.20689701461999993E-23 0
2.21708988866000007E-24 0 2.13497538734999993E-23 0 2.43359562371999997E-24 0 1.13771438284999997E-23 0 1.09802316565000001E-23 0 8.96999374361000019E-24 0 3.30110935082999989E-24 0 1.87844062142999993E-23 0 4.4606447171700001E-24 0 3.49046376063999998E-23 0 1.47291002814000007E-23 0 1.31408476831999999E-23 0 3.42013663467999991E-23 0 9.12928566517999992E-24 0 7.85153912242000001E-25 0 4.82170645209999971E-24 0 5.05996295585999963E-24 0 9.27895529562999943E-24 0 1.59738454124E-22 0 3.00202580412999999E-24 0 2.24689343577000009E-24 0 3.50834631538000028E-24 0 3.94721820358000018E-23 0 1.81297411986999996E-23 0 9.13894487254000006E-24 0
2.19320553470999997E-24 0 2.02881169097000013E-23 0 2.43359562371999997E-24 0 1.11084527629000002E-23 0 9.7152857500999998E-24 0 8.96999374361000019E-24 0 3.15687299986999982E-24 0 1.87844062142999993E-23 0 4.4606447171700001E-24 0 3.44260891529000017E-23 0 1.11252006744000005E-23 0 1.28767866394000002E-23 0 3.35784744173999994E-23 0 8.90431209995000004E-24 0 7.65782976653999982E-25 0 4.06211301369000012E-24 0 4.77188130707000025E-24 0 7.59129053247999945E-24 0 1.44455869914000002E-22 0 3.00202580412999999E-24 0 2.23559970862000013E-24 0 3.50834631538000028E-24 0 3.94721820358000018E-23 0 1.32167248610000003E-23 0 9.13894487254000006E-24 0
2.19320553470999997E-24 0 1.66261174875000014E-23 0 2.43359562371999997E-24 0 9.54478924264999956E-24 0 9.7152857500999998E-24 0 6.27214726878999978E-24 0 2.85159171814999996E-24 0 1.49167173508000007E-23 0 4.4606447171700001E-24 0 3.35653632163999999E-23 0 1.11252006744000005E-23 0 1.28767866394000002E-23 0 3.1556316261599999E-23 0 7.65708882893000068E-24 0 7.65782976653999982E-25 0 4.06211301369000012E-24 0 4.77188130707000025E-24 0 6.15660754517000025E-24 0 1.20659630935000002E-22 0 3.00202580412999999E-24 0 1.83279442514000011E-24 0 3.50834631538000028E-24 0 3.80946588865999991E-23 0 1.32167248610000003E-23 0 9.13894487254000006E-24 0
2.01452065107000012E-24 0 1.64477446107000013E-23 0 2.43359562371999997E-24 0 9.54478924264999956E-24 0 9.32123958368000016E-24 0 6.09977800554999981E-24 0 2.85159171814999996E-24 0 1.49067095531999998E-23 0 3.58807659799999966E-24 0 2.67024385086999992E-23 0 1.11252006744000005E-23 0 1.20456021634000001E-23 0 2.44099571339999986E-23 0 7.65708882893000068E-24 0 7.65782976653999982E-25 0 4.06211301369000012E-24 0 4.77188130707000025E-24 0 6.15660754517000025E-24 0 1.06688375311000005E-22 0 3.00202580412999999E-24 0 1.83279442514000011E-24 0 3.50834631538000028E-24 0 3.58479089126000019E-23 0 1.32167248610000003E-23 0 8.50290706923000038E-24 0
1.74683599939000009E-24 0 1.37785856050000003E-23 0 2.43359562371999997E-24 0 8.57553749277999959E-24 0 9.32123958368000016E-24 0 6.09977800554999981E-24 0 2.79292200024000018E-24 0 1.4360567158500001E-23 0 3.58807659799999966E-24 0 2.37177652285999996E-23 0 1.11252006744000005E-23 0 9.94348586735999979E-24 0 2.44099571339999986E-23 0 6.08700956456999968E-24 0 7.65782976653999982E-25 0 4.06211301369000012E-24 0 4.77188130707000025E-24 0 6.15660754517000025E-24 0 1.06688375311000005E-22 0 2.84008922635999992E-24 0 1.82469601607000002E-24 0 3.50834631538000028E-24 0 2.28029433404999993E-23 0 1.32167248610000003E-23 0 8.50290706923000038E-24 0
1.44720161822999995E-24 0 1.29301950002000003E-23 0 2.43359562371999997E-24 0 7.00079862425999992E-24 0 9.32123958368000016E-24 0 6.01030723824999982E-24 0 2.37586903832999994E-24 0 1.33547992222E-23 0 3.58807659799999966E-24 0 2.09040808038000005E-23 0 1.07325794741999994E-23 0 9.61509283467000073E-24 0 1.64425488768999987E-23 0 6.08700956456999968E-24 0 5.43287679586999993E-25 0 3.42085248280999998E-24 0 4.77188130707000025E-24 0 5.55287283171999964E-24 0 9.37881928811000032E-23 0 2.32668785031999988E-24 0 1.37397596215999994E-24 0 2.65922295742999997E-24 0 1.95025961402000011E-23 0 9.43453440637999996E-24 0 6.97699790189000059E-24 0
1.44720161822999995E-24 0 1.21901147759000004E-23 0 1.72443356995000014E-24 0 5.34125195758000028E-24 0 8.40883067312000058E-24 0 6.01030723824999982E-24 0 2.1945016331800001E-24 0 1.18059597789000005E-23 0 3.58807659799999966E-24 0 2.09040808038000005E-23 0 1.04122920859E-23 0 8.46141797762999928E-24 0 1.64425488768999987E-23 0 4.81981525668000011E-24 0 5.43287679586999993E-25 0 3.1353816678000001E-24 0 4.77188130707000025E-24 0 5.12847976560000019E-24 0 8.97002699778999985E-23 0 2.10106889826000001E-24 0 1.37397596215999994E-24 0 2.65922295742999997E-24 0 1.88166186713999988E-23 0 9.43453440637999996E-24 0 6.94973822167000056E-24 0
1.36366505708999999E-24 0 1.21901147759000004E-23 0 1.72443356995000014E-24 0 5.34125195758000028E-24 0 5.78226332776999983E-24 0 5.28791041577000028E-24 0 2.10758414978000011E-24 0 7.60485052141999961E-24 0 2.60356284248000001E-24 0 1.74987096792999999E-23 0 9.45666136313000073E-24 0 8.09708388742999984E-24 0 1.48229056545000015E-23 0 4.81981525668000011E-24 0 5.27860124078999978E-25 0 3.13139979376999985E-24 0 4.77188130707000025E-24 0 3.82711864699000002E-24 0 8.38198702335000031E-23 0 2.06805156881000011E-24 0 1.37397596215999994E-24 0 2.65922295742999997E-24 0 1.88166186713999988E-23 0 9.43453440637999996E-24 0 5.82730209623000009E-24 0
1.36366505708999999E-24 0 1.21901147759000004E-23 0 1.72443356995000014E-24 0 5.34125195758000028E-24 0 5.78226332776999983E-24 0 4.40811584999999989E-24 0 2.10758414978000011E-24 0 7.60485052141999961E-24 0 2.60356284248000001E-24 0 1.72867940300000014E-23 0 8.55566608657999933E-24 0 8.09708388742999984E-24 0 1.48229056545000015E-23 0 4.05112818721999976E-24 0 5.10625916859999962E-25 0 3.04649167467999984E-24 0 4.77188130707000025E-24 0 3.82711864699000002E-24 0 6.34670301213999987E-23 0 1.83214350396000009E-24 0 1.12581609859E-24 0 2.65922295742999997E-24 0 1.77290069585999986E-23 0 8.26344326315999948E-24 0 5.73252752123999988E-24 0
1.07022392428999997E-24 0 1.17848370914E-23 0 1.72443356995000014E-24 0 5.10567064139000013E-24 0 5.69072933175000015E-24 0 4.40811584999999989E-24 0 1.98965807262000017E-24 0 6.81671772248999954E-24 0 2.60356284248000001E-24 0 1.72867940300000014E-23 0 5.10918738329999981E-24 0 7.53087962597999947E-24 0 1.48229056545000015E-23 0 4.05112818721999976E-24 0 4.52484945297000024E-25 0 3.04649167467999984E-24 0 3.53989956829999995E-24 0 2.86293711569000013E-24 0 5.42198402207000044E-23 0 1.13817270488000006E-24 0 1.12581609859E-24 0 2.65922295742999997E-24 0 1.55413572355999998E-23 0 8.26344326315999948E-24 0 4.46602159309999974E-24 0
9.69750507180999927E-25 0 9.18147259813000046E-24 0 1.72443356995000014E-24 0 5.0337025035500003E-24 0 5.69072933175000015E-24 0 3.8610334043300001E-24 0 1.84816252025999982E-24 0 6.79348183684999938E-24 0 2.59023528400000001E-24 0 1.41445501228000006E-23 0 5.10918738329999981E-24 0 7.09377298169000068E-24 0 1.48229056545000015E-23 0 3.84073139101000016E-24 0 4.52484945297000024E-25 0 2.66073065551000018E-24 0 2.71088565532999991E-24 0 2.86293711569000013E-24 0 5.42198402207000044E-23 0 1.13817270488000006E-24 0 1.00283178367E-24 0 2.53182960030000016E-24 0 1.55413572355999998E-23 0 7.54073693602999931E-24 0 4.46602159309999974E-24 0
9.69750507180999927E-25 0 9.18147259813000046E-24 0 1.6617538871700001E-24 0 4.23048260421999975E-24 0 5.69072933175000015E-24 0 3.8610334043300001E-24 0 1.59425580500000001E-24 0 6.79348183684999938E-24 0 2.41861223387999987E-24 0 1.41445501228000006E-23 0 5.10918738329999981E-24 0 7.09377298169000068E-24 0 8.61040756068000007E-24 0 2.58609844810999983E-24 0 3.9287843040899998E-25 0 1.49693462676999993E-24 0 2.71088565532999991E-24 0 2.86293711569000013E-24 0 5.42198402207000044E-23 0 1.13817270488000006E-24 0 8.60247751176999928E-25 0 2.07207546200000012E-24 0 1.25612256619999996E-23 0 3.83506628501999997E-24 0 4.46602159309999974E-24 0
8.44438719791999971E-25 0 8.71196630246999969E-24 0 1.6617538871700001E-24 0 3.68906193652999997E-24 0 4.74420815279999988E-24 0 3.54669236326999996E-24 0 1.31330388106999994E-24 0 6.79348183684999938E-24 0 2.41861223387999987E-24 0 1.41445501228000006E-23 0 5.10918738329999981E-24 0 5.77841486983999999E-24 0 8.61040756068000007E-24 0 2.58609844810999983E-24 0 3.9287843040899998E-25 0 1.49693462676999993E-24 0 2.71088565532999991E-24 0 2.86293711569000013E-24 0 4.77892889424999992E-23 0 1.13817270488000006E-24 0 7.57421889222999967E-25 0 2.07207546200000012E-24 0 1.25612256619999996E-23 0 3.83506628501999997E-24 0 3.07903558898000006E-24 0
7.80638472420000008E-25 0 8.29019629746999984E-24 0 1.02167521783000006E-24 0 3.19267988939000012E-24 0 4.41915722793999964E-24 0 3.12319672503999996E-24 0 1.31330388106999994E-24 0 5.78272126152999967E-24 0 1.93505633782999995E-24 0 1.06736280466999997E-23 0 5.10918738329999981E-24 0 5.40959172969000002E-24 0 8.61040756068000007E-24 0 2.32989856350999995E-24 0 3.15149894657999987E-25 0 1.49693462676999993E-24 0 2.71088565532999991E-24 0 2.15122079193999992E-24 0 4.74283577764000003E-23 0 7.0469394560600002E-25 0 7.29304470675000002E-25 0 2.07207546200000012E-24 0 1.00425171974000003E-23 0 3.83506628501999997E-24 0 3.07903558898000006E-24 0
7.80638472420000008E-25 0 6.53828543262000009E-24 0 1.02167521783000006E-24 0 3.19267988939000012E-24 0 3.94401882287000031E-24 0 2.5719885368399999E-24 0 1.31330388106999994E-24 0 5.78272126152999967E-24 0 1.93505633782999995E-24 0 9.93717610178000029E-24 0 5.10918738329999981E-24 0 4.86560161876999989E-24 0 8.61040756068000007E-24 0 2.16295894359999995E-24 0 3.15149894657999987E-25 0 1.49693462676999993E-24 0 2.63955481848999984E-24 0 2.15122079193999992E-24 0 4.54221502278999987E-23 0 7.0469394560600002E-25 0 5.38193511684000033E-25 0 1.42012539747000003E-24 0 9.19095940239999968E-24 0 3.83506628501999997E-24 0 3.07903558898000006E-24 0
6.91424947728000019E-25 0 6.53828543262000009E-24 0 1.02167521783000006E-24 0 3.12580489640999988E-24 0 3.93363621773999995E-24 0 2.5719885368399999E-24 0 1.14164995443999997E-24 0 5.16628424815999978E-24 0 1.41639092993999996E-24 0 9.93717610178000029E-24 0 4.06412401735000021E-24 0 4.58792115031999982E-24 0 8.61040756068000007E-24 0 2.16295894359999995E-24 0 2.71353914922000006E-25 0 1.49693462676999993E-24 0 2.50100457693000006E-24 0 2.09292528992000014E-24 0 4.08556072080999986E-23 0 7.0469394560600002E-25 0 5.2177790789200003E-25 0 1.42012539747000003E-24 0 9.19095940239999968E-24 0 3.83506628501999997E-24 0 2.47997354520000009E-24 0
6.21428296554000037E-25 0 6.53828543262000009E-24 0 1.02167521783000006E-24 0 2.42031702392999983E-24 0 2.11931056713999987E-24 0 2.27268090432999984E-24 0 1.14164995443999997E-24 0 4.82282992560999963E-24 0 1.41639092993999996E-24 0 7.13825718094000028E-24 0 4.06412401735000021E-24 0 3.9959042753699998E-24 0 8.44140476134999946E-24 0 1.69794792250999997E-24 0 2.71353914922000006E-25 0 1.49693462676999993E-24 0 2.40319174114000016E-24 0 2.09292528992000014E-24 0 3.47246920367000019E-23 0 7.0469394560600002E-25 0 4.91291293526000003E-25 0 1.42012539747000003E-24 0 9.19095940239999968E-24 0 3.02610420553999996E-24 0 2.47997354520000009E-24 0
6.21428296554000037E-25 0 4.35782881457999965E-24 0 1.01500622472000001E-24 0 2.42031702392999983E-24 0 2.11931056713999987E-24 0 2.05898297174999993E-24 0 1.14164995443999997E-24 0 4.82282992560999963E-24 0 1.41639092993999996E-24 0 7.13825718094000028E-24 0 4.06412401735000021E-24 0 3.9959042753699998E-24 0 8.44140476134999946E-24 0 1.69794792250999997E-24 0 2.71353914922000006E-25 0 1.24941354331999994E-24 0 2.25910738148999982E-24 0 1.94760317052999987E-24 0 2.94748454908999989E-23 0 7.0469394560600002E-25 0 4.91291293526000003E-25 0 1.36192181006999991E-24 0 8.2673541520299999E-24 0 3.02610420553999996E-24 0 2.47997354520000009E-24 0
5.39890844529000032E-25 0 4.35782881457999965E-24 0 1.01500622472000001E-24 0 2.42031702392999983E-24 0 2.11931056713999987E-24 0 2.05898297174999993E-24 0 8.82701986590999918E-25 0 3.62993024194999976E-24 0 1.41639092993999996E-24 0 6.72400502036000052E-24 0 3.20433978358999984E-24 0 3.09376087340000008E-24 0 4.60613315063000007E-24 0 1.69794792250999997E-24 0 2.68841282005000015E-25 0 1.15795665844999991E-24 0 2.25910738148999982E-24 0 1.43889594827999991E-24 0 2.73468012967000025E-23 0 7.0469394560600002E-25 0 4.91291293526000003E-25 0 1.36192181006999991E-24 0 7.77336658123999944E-24 0 3.02610420553999996E-24 0 2.14556913356999995E-24 0
3.5732657714900001E-25 0 4.35782881457999965E-24 0 9.04328053640000072E-25 0 2.42031702392999983E-24 0 1.90175615243999996E-24 0 1.67101550862999993E-24 0 8.82701986590999918E-25 0 3.62993024194999976E-24 0 1.38779960320999991E-24 0 6.65646417946999965E-24 0 3.04548406510999995E-24 0 3.09376087340000008E-24 0 4.60613315063000007E-24 0 1.69794792250999997E-24 0 2.19080638683000016E-25 0 1.15795665844999991E-24 0 2.06269954198999994E-24 0 1.43889594827999991E-24 0 2.19964145270999991E-23 0 5.99410399828000035E-25 0 2.77838154347999995E-25 0 1.28021337243999999E-24 0 7.77336658123999944E-24 0 3.02610420553999996E-24 0 2.14556913356999995E-24 0
3.5732657714900001E-25 0 4.35782881457999965E-24 0 8.60095402414999993E-25 0 2.42031702392999983E-24 0 1.90175615243999996E-24 0 1.27577681871E-24 0 7.64039248927000009E-25 0 3.62993024194999976E-24 0 1.29526815420000007E-24 0 5.59478432136000011E-24 0 3.04548406510999995E-24 0 2.47516231951999995E-24 0 4.60613315063000007E-24 0 1.49151134362999991E-24 0 2.19080638683000016E-25 0 8.30722006371999936E-25 0 1.34648504708000008E-24 0 1.10754276434000004E-24 0 1.73219681544999992E-23 0 5.9191177155999999E-25 0 2.77838154347999995E-25 0 1.00107056541999994E-24 0 6.60306314028000037E-24 0 2.81999496694999997E-24 0 2.14556913356999995E-24 0
3.5732657714900001E-25 0 4.0140692152000003E-24 0 8.01848772793999993E-25 0 2.18717681314999988E-24 0 1.39231017428000003E-24 0 1.27577681871E-24 0 7.64039248927000009E-25 0 3.54873373807999973E-24 0 1.07939901756000005E-24 0 5.59478432136000011E-24 0 2.88972943280999982E-24 0 2.47516231951999995E-24 0 4.60613315063000007E-24 0 1.40354128559E-24 0 2.19080638683000016E-25 0 8.30722006371999936E-25 0 1.34648504708000008E-24 0 1.10754276434000004E-24 0 1.73219681544999992E-23 0 5.07129488112999987E-25 0 2.77838154347999995E-25 0 1.00107056541999994E-24 0 5.46161533144999973E-24 0 2.53496216696000003E-24 0 2.14556913356999995E-24 0
3.5732657714900001E-25 0 2.89569091630000005E-24 0 7.25918938515000023E-25 0 2.18717681314999988E-24 0 1.39231017428000003E-24 0 1.27577681871E-24 0 6.0547595132800002E-25 0 2.50920186478999984E-24 0 1.07939901756000005E-24 0 5.59478432136000011E-24 0 1.64856571055000005E-24 0 2.47516231951999995E-24 0 4.60613315063000007E-24 0 1.04899040182000007E-24 0 1.47399609239000007E-25 0 8.30722006371999936E-25 0 1.17257227886999998E-24 0 7.68447613206000031E-25 0 1.73219681544999992E-23 0 5.07129488112999987E-25 0 2.77838154347999995E-25 0 1.00107056541999994E-24 0 5.46161533144999973E-24 0 2.51647989551000013E-24 0 1.54712669071999998E-24 0
3.5732657714900001E-25 0 2.2144913192099999E-24 0 6.75001122526000042E-25 0 1.76816017922999985E-24 0 1.39231017428000003E-24 0 1.27577681871E-24 0 6.0547595132800002E-25 0 2.50920186478999984E-24 0 1.02234425815999998E-24 0 5.40567118958999988E-24 0 1.64856571055000005E-24 0 2.41053173440999984E-24 0 4.60613315063000007E-24 0 1.04899040182000007E-24 0 1.47399609239000007E-25 0 8.30722006371999936E-25 0 1.17257227886999998E-24 0 7.68447613206000031E-25 0 1.73219681544999992E-23 0 3.76014457799999989E-25 0 2.77838154347999995E-25 0 7.55980948498000035E-25 0 4.07674268569999997E-24 0 2.51313134120000009E-24 0 1.54712669071999998E-24 0
3.5732657714900001E-25 0 2.2144913192099999E-24 0 6.75001122526000042E-25 0 1.68863305294000012E-24 0 1.29336976043000007E-24 0 8.59158728698000047E-25 0 6.0547595132800002E-25 0 2.50920186478999984E-24 0 9.3217559547699998E-25 0 4.92032530652000028E-24 0 1.64856571055000005E-24 0 2.41053173440999984E-24 0 4.60613315063000007E-24 0 1.04899040182000007E-24 0 1.47399609239000007E-25 0 7.78396135297000015E-25 0 1.17257227886999998E-24 0 6.90157802921000033E-25 0 1.47161063741000014E-23 0 2.64908366658000016E-25 0 2.77838154347999995E-25 0 7.55980948498000035E-25 0 4.07674268569999997E-24 0 2.03355498956999984E-24 0 1.54712669071999998E-24 0
3.5732657714900001E-25 0 1.89485924015000014E-24 0 6.15875899071999964E-25 0 1.67249078944999982E-24 0 1.29336976043000007E-24 0 8.59158728698000047E-25 0 5.44874867727999958E-25 0 2.50920186478999984E-24 0 8.51961100168999989E-25 0 4.16329073566999995E-24 0 1.64856571055000005E-24 0 1.58573867101999991E-24 0 4.60613315063000007E-24 0 1.00564303742000003E-24 0 1.47399609239000007E-25 0 7.29603017549999985E-25 0 1.00687272366000004E-24 0 6.90157802921000033E-25 0 1.47161063741000014E-23 0 2.64908366658000016E-25 0 2.77838154347999995E-25 0 7.55980948498000035E-25 0 4.07674268569999997E-24 0 1.70700447711000008E-24 0 1.50237806284E-24 0
2.73709453585000003E-25 0 1.89485924015000014E-24 0 6.15875899071999964E-25 0 1.59563309451000003E-24 0 1.29336976043000007E-24 0 8.59158728698000047E-25 0 5.40335651145999998E-25 0 2.48831327175999982E-24 0 7.54673115725000022E-25 0 4.1572080264499997E-24 0 1.64856571055000005E-24 0 1.58573867101999991E-24 0 4.29585443508000035E-24 0 7.75447274626000043E-25 0 1.47399609239000007E-25 0 5.25878986197E-25 0 9.90574068495999957E-25 0 6.84266392465999961E-25 0 1.44834914090999993E-23 0 2.64908366658000016E-25 0 2.68288697267000002E-25 0 7.33802604859999986E-25 0 3.97165038937999991E-24 0 1.42205082204999994E-24 0 1.1375487159E-24 0
1.77682438645999989E-25 0 1.59290896058999993E-24 0 3.89472523451000022E-25 0 1.55295006193000001E-24 0 1.29336976043000007E-24 0 8.59158728698000047E-25 0 4.59851476340999975E-25 0 1.94479650203000006E-24 0 7.11516889856999977E-25 0 3.45034132371999983E-24 0 1.52811317075999996E-24 0 1.58573867101999991E-24 0 3.90215199014999984E-24 0 7.75447274626000043E-25 0 1.47399609239000007E-25 0 5.25878986197E-25 0 9.8147772572400001E-25 0 6.84266392465999961E-25 0 1.44834914090999993E-23 0 2.64908366658000016E-25 0 2.68288697267000002E-25 0 6.08500444038999966E-25 0 3.97165038937999991E-24 0 1.42205082204999994E-24 0 9.57943441123999985E-25 0
1.77682438645999989E-25 0 1.59290896058999993E-24 0 3.89472523451000022E-25 0 1.18612964238999999E-24 0 1.07261729129000007E-24 0 8.59158728698000047E-25 0 4.59851476340999975E-25 0 1.64203996964999994E-24 0 5.72246862024999972E-25 0 3.45034132371999983E-24 0 1.52811317075999996E-24 0 1.53009748873000003E-24 0 3.64424556521999979E-24 0 7.75447274626000043E-25 0 1.38954545099999992E-25 0 4.5225539909999998E-25 0 8.94185927826999961E-25 0 6.84266392465999961E-25 0 1.16090638071E-23 0 2.10140909453000003E-25 0 1.87151690759000002E-25 0 5.70056774611000034E-25 0 3.80335544480999988E-24 0 1.42205082204999994E-24 0 7.72376041906999968E-25 0
1.77682438645999989E-25 0 1.07526099837999992E-24 0 3.88563694057999978E-25 0 1.18612964238999999E-24 0 9.69991898617999945E-25 0 8.59158728698000047E-25 0 4.40279504482000034E-25 0 1.64203996964999994E-24 0 4.48895628177999955E-25 0 3.45034132371999983E-24 0 1.28484206310999991E-24 0 1.53009748873000003E-24 0 3.64424556521999979E-24 0 5.82719717772999986E-25 0 1.38954545099999992E-25 0 4.5225539909999998E-25 0 8.94185927826999961E-25 0 6.84266392465999961E-25 0 1.16090638071E-23 0 2.10140909453000003E-25 0 1.87151690759000002E-25 0 5.70056774611000034E-25 0 3.80335544480999988E-24 0 1.26675231159000008E-24 0 7.72376041906999968E-25 0
1.77682438645999989E-25 0 1.07526099837999992E-24 0 1.82902787316000008E-25 0 1.18612964238999999E-24 0 8.77144695707000063E-25 0 8.53342062813000085E-25 0 3.29187957962999996E-25 0 1.64203996964999994E-24 0 4.48895628177999955E-25 0 2.87842012565999987E-24 0 1.09489215945999997E-24 0 1.53009748873000003E-24 0 3.63557282842000001E-24 0 5.82719717772999986E-25 0 1.38954545099999992E-25 0 4.5225539909999998E-25 0 6.38432291972999975E-25 0 5.48056627255999975E-25 0 8.8846200979799997E-24 0 2.10140909453000003E-25 0 1.87151690759000002E-25 0 4.94713766562999959E-25 0 3.31340512855000036E-24 0 1.13684536011999996E-24 0 7.72376041906999968E-25 0
1.77682438645999989E-25 0 1.07526099837999992E-24 0 1.82902787316000008E-25 0 1.18476889431000005E-24 0 7.26367011508999979E-25 0 6.26326568107000045E-25 0 3.29187957962999996E-25 0 1.50676945428000004E-24 0 4.48895628177999955E-25 0 2.35363224503000006E-24 0 9.82305931067000061E-25 0 1.30203646983000005E-24 0 2.45730789507000017E-24 0 5.82719717772999986E-25 0 9.75815639598999945E-26 0 3.75536691589000009E-25 0 6.38432291972999975E-25 0 5.48056627255999975E-25 0 8.8846200979799997E-24 0 2.10140909453000003E-25 0 1.87151690759000002E-25 0 4.15535797505999973E-25 0 2.34434291483000015E-24 0 1.13684536011999996E-24 0 6.16507419204999972E-25 0
1.77655617376E-25 0 1.05017344665999991E-24 0 1.82902787316000008E-25 0 1.09152415479999993E-24 0 7.26367011508999979E-25 0 6.26326568107000045E-25 0 3.19102975261999993E-25 0 1.32968970536999993E-24 0 3.75238896596999989E-25 0 2.35363224503000006E-24 0 9.82305931067000061E-25 0 1.29082657148000004E-24 0 2.45730789507000017E-24 0 5.82719717772999986E-25 0 9.10540357921000023E-26 0 3.33218655084000009E-25 0 5.95592596544000003E-25 0 4.19898038075000013E-25 0 8.8846200979799997E-24 0 2.10140909453000003E-25 0 1.59768553801999992E-25 0 3.30170102116000013E-25 0 2.34434291483000015E-24 0 1.02607548396000006E-24 0 6.16507419204999972E-25 0
1.77655617376E-25 0 1.05017344665999991E-24 0 1.82902787316000008E-25 0 9.66973075845000006E-25 0 5.12215730428999959E-25 0 6.26326568107000045E-25 0 2.88928355383999999E-25 0 1.14451417279999991E-24 0 3.75238896596999989E-25 0 1.89658595805999992E-24 0 8.80859010301000086E-25 0 9.05741655403999973E-25 0 2.14650220810999997E-24 0 5.82719717772999986E-25 0 9.10540357921000023E-26 0 3.23105063849000012E-25 0 5.95592596544000003E-25 0 3.40823372818000011E-25 0 8.8846200979799997E-24 0 1.79995637664999997E-25 0 1.45540461299999993E-25 0 3.30170102116000013E-25 0 2.04230014132999988E-24 0 9.40759289594999974E-25 0 5.83290064207999984E-25 0
1.77655617376E-25 0 1.05017344665999991E-24 0 1.82902787316000008E-25 0 6.89268251317000032E-25 0 5.12215730428999959E-25 0 5.40652588340999974E-25 0 1.87884579517999991E-25 0 1.14451417279999991E-24 0 3.75238896596999989E-25 0 1.89658595805999992E-24 0 5.58334646686000027E-25 0 9.05741655403999973E-25 0 2.14650220810999997E-24 0 4.53775669648999956E-25 0 7.85920426196999997E-26 0 2.68179242816E-25 0 5.95592596544000003E-25 0 3.40823372818000011E-25 0 8.10510064940000024E-24 0 1.71969175169999994E-25 0 1.45508611041E-25 0 3.01034116228000007E-25 0 1.98651807340999996E-24 0 7.25077421144000014E-25 0 5.83290064207999984E-25 0
1.28386582309000004E-25 0 8.50177732180999942E-25 0 1.76275110790999998E-25 0 6.89268251317000032E-25 0 5.12215730428999959E-25 0 4.15907387970000025E-25 0 1.87884579517999991E-25 0 9.39977664023000062E-25 0 3.75238896596999989E-25 0 1.70909697995999991E-24 0 5.58334646686000027E-25 0 9.05741655403999973E-25 0 2.14650220810999997E-24 0 4.42600123724000025E-25 0 7.85920426196999997E-26 0 1.95625671580999993E-25 0 5.95592596544000003E-25 0 3.40823372818000011E-25 0 7.63497947365000023E-24 0 1.71969175169999994E-25 0 1.00425111699999996E-25 0 2.72108349444000019E-25 0 1.64190141362999992E-24 0 7.21502007698999967E-25 0 5.83290064207999984E-25 0
1.28386582309000004E-25 0 7.84641534757999954E-25 0 1.76275110790999998E-25 0 6.89268251317000032E-25 0 5.12215730428999959E-25 0 4.15907387970000025E-25 0 1.74529016480999994E-25 0 8.74038950323000023E-25 0 2.77967170082999993E-25 0 1.19148604490999997E-24 0 5.58334646686000027E-25 0 9.05741655403999973E-25 0 2.14650220810999997E-24 0 4.42600123724000025E-25 0 7.42625397787000033E-26 0 1.95625671580999993E-25 0 5.95592596544000003E-25 0 3.40823372818000011E-25 0 7.42695617501000005E-24 0 1.58447606215999998E-25 0 1.00425111699999996E-25 0 2.72108349444000019E-25 0 1.64190141362999992E-24 0 7.00538707069999984E-25 0 4.6470637287099999E-25 0
1.28386582309000004E-25 0 7.84641534757999954E-25 0 1.59694635070000006E-25 0 6.89268251317000032E-25 0 4.24284462160000015E-25 0 4.15907387970000025E-25 0 1.64704937197999996E-25 0 7.69334428448999991E-25 0 2.63244461794000001E-25 0 1.19148604490999997E-24 0 5.58334646686000027E-25 0 8.46139503903000032E-25 0 1.81372789125000007E-24 0 4.08122181327000017E-25 0 6.72687948158999979E-26 0 1.95625671580999993E-25 0 3.41140531880000001E-25 0 2.86526902550999995E-25 0 5.1105303203900002E-24 0 1.37341718978999989E-25 0 9.37649932707000022E-26 0 2.36952676921000009E-25 0 1.44273574106000005E-24 0 5.67177432307000003E-25 0 4.6470637287099999E-25 0
1.28386582309000004E-25 0 7.84641534757999954E-25 0 1.20513688845000008E-25 0 6.69242339310000017E-25 0 4.24284462160000015E-25 0 4.15907387970000025E-25 0 1.64704937197999996E-25 0 7.69334428448999991E-25 0 2.0673161285800001E-25 0 1.19148604490999997E-24 0 5.43040075869999977E-25 0 8.3521630718599995E-25 0 1.54323991141E-24 0 4.08122181327000017E-25 0 5.74710437654000017E-26 0 1.55930437350000006E-25 0 3.41140531880000001E-25 0 1.80597439927999993E-25 0 5.07864722500000023E-24 0 1.03718211549000002E-25 0 8.51001943916000009E-26 0 2.36952676921000009E-25 0 1.41930374952999996E-24 0 5.05184354336000042E-25 0 4.29467167374000007E-25 0
1.15262044584000005E-25 0 7.84641534757999954E-25 0 1.20513688845000008E-25 0 6.46892763552000032E-25 0 3.25218360584000019E-25 0 4.15907387970000025E-25 0 1.49656047251E-25 0 7.69334428448999991E-25 0 2.0673161285800001E-25 0 1.07156681207000003E-24 0 4.37750995739999981E-25 0 6.86015383374000041E-25 0 1.48145402035999993E-24 0 2.82176581176999996E-25 0 5.74710437654000017E-26 0 1.55930437350000006E-25 0 3.00397443846999991E-25 0 1.80597439927999993E-25 0 3.55905582278999979E-24 0 8.79382694094999965E-26 0 8.51001943916000009E-26 0 2.31470488059999998E-25 0 1.41930374952999996E-24 0 5.05184354336000042E-25 0 4.06672649413000013E-25 0
1.15262044584000005E-25 0 7.84641534757999954E-25 0 8.34593144049000049E-26 0 4.16462746048000015E-25 0 3.04384704314999989E-25 0 2.82891893128999978E-25 0 1.49656047251E-25 0 7.69334428448999991E-25 0 1.98582322254000001E-25 0 9.38915857244999982E-25 0 3.88920505706999991E-25 0 4.11843928470000019E-25 0 1.11390571640999998E-24 0 2.82176581176999996E-25 0 5.43787459948000012E-26 0 1.23844259586999998E-25 0 2.78038327801999995E-25 0 1.80597439927999993E-25 0 3.55905582278999979E-24 0 8.15897140594999994E-26 0 8.01614444127999947E-26 0 2.06396938617999994E-25 0 1.41930374952999996E-24 0 5.05184354336000042E-25 0 3.85385730923999988E-25 0
9.24638165113000023E-26 0 5.83369739158999996E-25 0 8.34593144049000049E-26 0 4.15232714681000038E-25 0 2.61644060232999994E-25 0 2.82891893128999978E-25 0 1.49656047251E-25 0 6.37922872717999979E-25 0 1.49532787734000007E-25 0 9.38915857244999982E-25 0 3.78268825051999982E-25 0 4.11843928470000019E-25 0 7.11335562782999993E-25 0 2.71036829815999989E-25 0 5.18674566069000008E-26 0 1.23844259586999998E-25 0 2.78038327801999995E-25 0 1.80597439927999993E-25 0 3.55905582278999979E-24 0 8.15897140594999994E-26 0 7.24008650202999973E-26 0 1.68669752107999993E-25 0 1.41930374952999996E-24 0 5.05184354336000042E-25 0 2.16509050740000007E-25 0
8.72774011861999963E-26 0 5.83369739158999996E-25 0 8.34593144049000049E-26 0 4.15232714681000038E-25 0 2.61644060232999994E-25 0 2.47901758136999996E-25 0 1.38003178848000004E-25 0 5.89256083647999983E-25 0 1.49532787734000007E-25 0 9.38915857244999982E-25 0 3.78268825051999982E-25 0 4.11843928470000019E-25 0 7.11335562782999993E-25 0 2.56147832113000007E-25 0 4.68605564413999974E-26 0 1.23844259586999998E-25 0 1.79981142345999998E-25 0 1.80597439927999993E-25 0 3.55905582278999979E-24 0 8.15897140594999994E-26 0 6.95840892467999989E-26 0 1.28787311323E-25 0 1.03266661404000004E-24 0 4.68229733823000002E-25 0 2.16509050740000007E-25 0
8.72774011861999963E-26 0 4.06887207253000004E-25 0 8.34593144049000049E-26 0 4.09152828098999997E-25 0 2.61644060232999994E-25 0 2.47901758136999996E-25 0 1.23486116735999996E-25 0 5.05127223549999975E-25 0 1.49493283058999999E-25 0 9.38915857244999982E-25 0 3.21832236778000022E-25 0 4.11843928470000019E-25 0 7.11335562782999993E-25 0 2.51619018633999982E-25 0 4.68605564413999974E-26 0 1.23844259586999998E-25 0 1.79981142345999998E-25 0 1.80597439927999993E-25 0 3.55905582278999979E-24 0 6.74028888437999952E-26 0 5.52303706457999951E-26 0 1.11922069141000001E-25 0 1.03266661404000004E-24 0 4.20771861764999992E-25 0 2.16509050740000007E-25 0
8.72172505421000049E-26 0 4.06887207253000004E-25 0 8.34593144049000049E-26 0 3.43361964189000019E-25 0 2.36492573798000008E-25 0 2.26317747234999978E-25 0 8.55194739627000009E-26 0 5.05127223549999975E-25 0 1.39162422273999989E-25 0 8.09679191029000023E-25 0 2.51550634254000007E-25 0 3.48206124814999988E-25 0 7.11335562782999993E-25 0 1.7446078001300001E-25 0 3.46010786546000018E-26 0 1.23844259586999998E-25 0 1.79981142345999998E-25 0 1.60536214070999992E-25 0 3.4677041522399999E-24 0 5.51472567538999975E-26 0 5.52303706457999951E-26 0 1.11922069141000001E-25 0 1.03266661404000004E-24 0 4.20771861764999992E-25 0 1.90454934866999998E-25 0
8.72172505421000049E-26 0 3.6630938557999998E-25 0 8.34593144049000049E-26 0 3.43361964189000019E-25 0 2.07058090339000001E-25 0 2.26317747234999978E-25 0 8.55194739627000009E-26 0 3.96811888098000015E-25 0 1.19770384656999995E-25 0 7.8185646133199999E-25 0 2.47319393899999989E-25 0 3.48206124814999988E-25 0 7.11335562782999993E-25 0 1.7446078001300001E-25 0 3.46010786546000018E-26 0 7.95954736910999958E-26 0 1.79981142345999998E-25 0 1.60536214070999992E-25 0 3.4677041522399999E-24 0 5.4773225751200002E-26 0 4.62847003066000017E-26 0 1.11922069141000001E-25 0 8.38382289495999963E-25 0 4.01915016968000009E-25 0 1.90454934866999998E-25 0
6.59529748260000057E-26 0 3.6630938557999998E-25 0 7.03957408365999945E-26 0 2.39016374026999985E-25 0 2.07058090339000001E-25 0 2.26317747234999978E-25 0 8.55194739627000009E-26 0 3.96811888098000015E-25 0 1.14405588159999993E-25 0 7.8185646133199999E-25 0 2.13329448254000003E-25 0 3.48206124814999988E-25 0 7.11335562782999993E-25 0 1.7446078001300001E-25 0 3.08186261994999988E-26 0 7.95954736910999958E-26 0 1.27389992140999992E-25 0 1.60536214070999992E-25 0 3.14775761350000007E-24 0 5.4773225751200002E-26 0 4.04029533972000009E-26 0 1.10686318533000007E-25 0 7.89039643846000031E-25 0 3.6326922658499999E-25 0 1.90454934866999998E-25 0
6.32155288772999953E-26 0 3.6630938557999998E-25 0 7.03957408365999945E-26 0 2.39016374026999985E-25 0 1.76958313639000011E-25 0 1.93442560655999989E-25 0 8.55194739627000009E-26 0 3.38302851293000015E-25 0 1.14405588159999993E-25 0 6.67055912704000019E-25 0 2.13329448254000003E-25 0 3.21792497909999982E-25 0 7.11335562782999993E-25 0 1.74393837770000003E-25 0 2.98877703313000026E-26 0 7.95954736910999958E-26 0 1.27389992140999992E-25 0 1.2487747015700001E-25 0 2.90966375067000015E-24 0 5.36335312843999978E-26 0 3.7092400000900002E-26 0 9.13817088906000042E-26 0 7.89039643846000031E-25 0 3.53454108269000003E-25 0 1.90454934866999998E-25 0
4.67618625465999993E-26 0 2.60319217646000005E-25 0 5.75630323425999994E-26 0 2.39016374026999985E-25 0 1.41474770802999998E-25 0 1.52104067529000009E-25 0 7.08596773305000044E-26 0 3.38302851293000015E-25 0 7.74486380414000036E-26 0 6.67055912704000019E-25 0 2.13329448254000003E-25 0 3.21792497909999982E-25 0 7.11335562782999993E-25 0 1.64665506479000006E-25 0 2.58841040220999983E-26 0 7.95954736910999958E-26 0 1.1196066169499999E-25 0 1.2487747015700001E-25 0 2.72446175429000008E-24 0 5.36335312843999978E-26 0 3.7092400000900002E-26 0 8.77629080954999987E-26 0 7.3859731376800001E-25 0 2.80401755073999994E-25 0 1.90454934866999998E-25 0
4.67618625465999993E-26 0 2.60319217646000005E-25 0 3.72793970132999995E-26 0 2.39016374026999985E-25 0 1.41474770802999998E-25 0 1.52104067529000009E-25 0 7.08596773305000044E-26 0 2.81103644065000009E-25 0 7.74486380414000036E-26 0 4.79889332195000022E-25 0 1.72098683943999997E-25 0 3.21792497909999982E-25 0 7.11335562782999993E-25 0 1.64665506479000006E-25 0 2.58841040220999983E-26 0 7.95954736910999958E-26 0 1.1196066169499999E-25 0 9.31064546521999951E-26 0 2.4741454778099999E-24 0 5.36335312843999978E-26 0 2.60748604497999977E-26 0 8.77629080954999987E-26 0 5.56577520649999987E-25 0 2.76944609134999991E-25 0 1.62487843623999999E-25 0
4.46793560385000026E-26 0 2.60319217646000005E-25 0 1.9099271613699999E-26 0 2.38670717365000006E-25 0 1.34271077905000005E-25 0 9.67466902771999954E-26 0 6.52536496334999974E-26 0 2.79720857180000009E-25 0 7.70821628471000036E-26 0 4.79889332195000022E-25 0 1.72098683943999997E-25 0 2.46740160454000021E-25 0 7.11335562782999993E-25 0 1.35123060008999997E-25 0 2.13094626549000014E-26 0 7.95954736910999958E-26 0 1.1196066169499999E-25 0 8.0649835594800002E-26 0 2.4741454778099999E-24 0 2.68912452049999978E-26 0 2.60748604497999977E-26 0 8.66145608106000027E-26 0 5.03877372052999959E-25 0 2.76944609134999991E-25 0 1.62487843623999999E-25 0
3.69802831447000013E-26 0 2.0124867211399999E-25 0 1.9099271613699999E-26 0 2.38670717365000006E-25 0 1.28903779239999994E-25 0 9.67466902771999954E-26 0 5.65032100423000048E-26 0 2.37956983135000014E-25 0 7.49522877067999986E-26 0 4.79889332195000022E-25 0 1.28617028301000002E-25 0 2.46740160454000021E-25 0 6.13325400832000001E-25 0 1.06587730070000004E-25 0 2.13094626549000014E-26 0 6.92660920202999957E-26 0 1.04392971120000003E-25 0 7.85497029757999963E-26 0 2.19582889164999984E-24 0 2.68912452049999978E-26 0 2.60748604497999977E-26 0 7.78031817144999952E-26 0 5.03877372052999959E-25 0 1.81700267473999999E-25 0 1.27663726875000011E-25 0
3.69802831447000013E-26 0 1.97742431909000009E-25 0 1.9099271613699999E-26 0 1.84996756960000006E-25 0 1.07774176871000002E-25 0 9.67466902771999954E-26 0 5.42680712750000017E-26 0 2.02811072766000006E-25 0 7.11756161231000009E-26 0 4.0044676193399999E-25 0 1.2394164693099999E-25 0 2.06742545977000011E-25 0 5.56312167563000024E-25 0 1.06587730070000004E-25 0 1.5011234165500001E-26 0 6.92660920202999957E-26 0 1.04392971120000003E-25 0 7.85497029757999963E-26 0 1.75870115766000003E-24 0 2.68912452049999978E-26 0 1.88238605501000008E-26 0 6.5246155454899996E-26 0 4.68302210417999998E-25 0 1.73656930750999992E-25 0 1.27663726875000011E-25 0
3.69802831447000013E-26 0 1.76341966753000011E-25 0 1.9099271613699999E-26 0 1.84996756960000006E-25 0 1.07774176871000002E-25 0 7.45076783050000041E-26 0 5.42680712750000017E-26 0 1.78263631917999997E-25 0 7.11756161231000009E-26 0 4.0044676193399999E-25 0 1.2394164693099999E-25 0 2.02168348343999998E-25 0 5.56312167563000024E-25 0 1.06587730070000004E-25 0 1.5011234165500001E-26 0 4.12075791946000021E-26 0 1.04392971120000003E-25 0 7.85497029757999963E-26 0 1.75870115766000003E-24 0 2.68912452049999978E-26 0 1.88238605501000008E-26 0 6.5246155454899996E-26 0 3.89248622538999998E-25 0 1.05723495969999998E-25 0 1.23580434917999998E-25 0
3.69802831447000013E-26 0 1.76341966753000011E-25 0 1.9099271613699999E-26 0 1.84996756960000006E-25 0 9.17027752789999997E-26 0 7.45076783050000041E-26 0 3.23064178667000024E-26 0 1.50320859777999999E-25 0 6.71753024727000055E-26 0 3.70166077241999984E-25 0 1.11940015725999993E-25 0 2.00089305428000005E-25 0 4.83536100573999955E-25 0 8.43333353100000039E-26 0 1.5011234165500001E-26 0 4.12075791946000021E-26 0 8.81390961396000006E-26 0 5.65512319500000048E-26 0 1.34516246014000003E-24 0 2.55086062311999997E-26 0 1.88238605501000008E-26 0 6.37985833678999951E-26 0 3.89248622538999998E-25 0 1.05723495969999998E-25 0 8.42797790500999978E-26 0
3.07064723655000008E-26 0 1.76341966753000011E-25 0 1.9099271613699999E-26 0 1.82466152804999989E-25 0 8.49290115751000014E-26 0 7.45076783050000041E-26 0 3.23064178667000024E-26 0 1.46518143459000008E-25 0 6.71753024727000055E-26 0 3.21915054848000016E-25 0 9.91061362669000019E-26 0 1.79634129829999992E-25 0 4.83536100573999955E-25 0 8.43333353100000039E-26 0 1.5011234165500001E-26 0 3.21092519441999999E-26 0 8.81390961396000006E-26 0 5.65512319500000048E-26 0 1.19687106829999996E-24 0 2.55086062311999997E-26 0 1.84339660477E-26 0 6.30524318851000007E-26 0 3.05920616497000015E-25 0 6.37390366955000026E-26 0 8.42797790500999978E-26 0
3.07064723655000008E-26 0 1.76341966753000011E-25 0 1.9099271613699999E-26 0 1.23290282015999998E-25 0 8.49290115751000014E-26 0 7.45076783050000041E-26 0 2.02436129643000002E-26 0 1.46518143459000008E-25 0 6.19544361126000004E-26 0 2.36778141446000005E-25 0 9.91061362669000019E-26 0 1.4514750996199999E-25 0 3.47827767402999998E-25 0 7.6856597931999997E-26 0 1.5011234165500001E-26 0 3.10379295311000007E-26 0 7.63207764881000019E-26 0 4.41011209950000006E-26 0 1.19687106829999996E-24 0 2.45594709768000003E-26 0 1.39865038495999987E-26 0 4.2958209454700002E-26 0 3.05920616497000015E-25 0 6.37390366955000026E-26 0 8.42797790500999978E-26 0
2.8159425391800001E-26 0 1.33367450063999995E-25 0 1.89573136285999992E-26 0 1.09425127159999999E-25 0 7.98182899189999952E-26 0 7.45076783050000041E-26 0 2.02436129643000002E-26 0 1.46518143459000008E-25 0 5.74072446396999984E-26 0 2.36778141446000005E-25 0 7.72478852668999943E-26 0 1.4514750996199999E-25 0 3.47827767402999998E-25 0 7.6856597931999997E-26 0 1.5011234165500001E-26 0 3.10379295311000007E-26 0 6.20906502042999957E-26 0 4.41011209950000006E-26 0 1.19687106829999996E-24 0 2.36333482739999999E-26 0 1.20205268883000001E-26 0 4.2958209454700002E-26 0 2.78250173932999982E-25 0 6.37390366955000026E-26 0 8.42797790500999978E-26 0
2.8159425391800001E-26 0 1.31338006778000008E-25 0 1.89573136285999992E-26 0 1.09425127159999999E-25 0 5.46075649610999964E-26 0 7.38622914770000015E-26 0 2.02436129643000002E-26 0 1.27103882151000004E-25 0 3.86424130720000017E-26 0 2.36778141446000005E-25 0 7.72478852668999943E-26 0 1.28859701637000001E-25 0 3.47827767402999998E-25 0 5.45704884985999986E-26 0 1.15363018780000004E-26 0 2.93713252834000016E-26 0 6.20906502042999957E-26 0 4.41011209950000006E-26 0 1.00290782246999995E-24 0 2.36333482739999999E-26 0 1.20205268883000001E-26 0 4.0409597085200002E-26 0 2.78250173932999982E-25 0 5.75673217737000018E-26 0 7.29886280244000022E-26 0
2.8159425391800001E-26 0 1.31338006778000008E-25 0 1.89573136285999992E-26 0 1.09425127159999999E-25 0 5.46075649610999964E-26 0 7.31731228686000027E-26 0 2.02436129643000002E-26 0 1.27103882151000004E-25 0 3.86424130720000017E-26 0 2.17798973904999993E-25 0 7.72478852668999943E-26 0 1.03689220911000004E-25 0 3.47827767402999998E-25 0 5.45704884985999986E-26 0 1.15363018780000004E-26 0 2.93713252834000016E-26 0 6.20906502042999957E-26 0 3.60200298818999992E-26 0 8.88843700147000009E-25 0 2.17977675552000011E-26 0 1.20205268883000001E-26 0 4.00791259956000027E-26 0 2.41240727587000021E-25 0 5.75673217737000018E-26 0 6.78158698536999963E-26 0
2.46535426397000007E-26 0 6.7177028105899997E-26 0 1.89573136285999992E-26 0 1.05770470171999995E-25 0 4.99132632553999992E-26 0 5.22090457048000026E-26 0 2.02436129643000002E-26 0 1.21217796506999995E-25 0 3.86424130720000017E-26 0 1.94824842177000006E-25 0 7.72478852668999943E-26 0 1.03689220911000004E-25 0 3.43116628448000023E-25 0 5.45704884985999986E-26 0 1.01031881321999998E-26 0 2.21302724267999991E-26 0 5.62265170798000027E-26 0 3.60200298818999992E-26 0 8.88843700147000009E-25 0 1.62484269098000011E-26 0 1.20205268883000001E-26 0 4.00791259956000027E-26 0 2.41240727587000021E-25 0 5.75673217737000018E-26 0 6.14753386981999984E-26 0
2.00605849084000002E-26 0 6.7177028105899997E-26 0 1.89573136285999992E-26 0 9.49335551162999945E-26 0 4.95761608038E-26 0 3.32176015161000015E-26 0 2.02436129643000002E-26 0 1.21217796506999995E-25 0 3.86424130720000017E-26 0 1.94824842177000006E-25 0 4.91752222487999975E-26 0 9.48021481457999989E-26 0 2.77009258751000008E-25 0 5.45704884985999986E-26 0 1.01031881321999998E-26 0 2.21302724267999991E-26 0 4.86003891678999971E-26 0 3.60200298818999992E-26 0 8.01070105451000039E-25 0 1.62484269098000011E-26 0 1.20205268883000001E-26 0 3.19508018358999996E-26 0 2.40741267699999983E-25 0 5.75673217737000018E-26 0 5.92034192912000005E-26 0
2.00605849084000002E-26 0 6.6646124716699997E-26 0 1.65355106495999992E-26 0 8.81749276811000037E-26 0 4.95761608038E-26 0 3.32176015161000015E-26 0 2.02436129643000002E-26 0 1.09758618108000002E-25 0 3.04480218114000016E-26 0 1.94824842177000006E-25 0 4.91752222487999975E-26 0 9.48021481457999989E-26 0 2.77009258751000008E-25 0 4.70533836289000015E-26 0 9.24373650190999951E-27 0 1.32907285311999996E-26 0 4.86003891678999971E-26 0 3.60200298818999992E-26 0 8.01070105451000039E-25 0 1.37277204947999988E-26 0 1.13697166414999993E-26 0 3.10533616225999997E-26 0 1.76389754467999994E-25 0 5.75673217737000018E-26 0 4.69327495401999983E-26 0
1.47282796194999999E-26 0 5.65613269042999973E-26 0 1.5443727156699999E-26 0 7.38360495258999954E-26 0 4.14727843701999977E-26 0 3.32176015161000015E-26 0 2.02436129643000002E-26 0 7.49102931894999969E-26 0 3.04480218114000016E-26 0 1.32662146784999996E-25 0 4.73758305240000014E-26 0 9.48021481457999989E-26 0 1.58408791794999994E-25 0 3.93246791473999994E-26 0 9.24373650190999951E-27 0 1.32907285311999996E-26 0 2.82075459070000008E-26 0 2.80484055453000025E-26 0 6.62571830103000009E-25 0 1.37277204947999988E-26 0 1.07411300854999999E-26 0 3.10533616225999997E-26 0 1.76389754467999994E-25 0 5.75673217737000018E-26 0 4.26726048291999997E-26 0
1.47282796194999999E-26 0 5.65613269042999973E-26 0 1.5443727156699999E-26 0 7.38360495258999954E-26 0 3.91542851919000009E-26 0 3.32176015161000015E-26 0 1.85671849331000006E-26 0 5.78748419413000015E-26 0 3.04480218114000016E-26 0 1.04310646088999992E-25 0 4.73758305240000014E-26 0 7.54427743006000016E-26 0 1.58408791794999994E-25 0 3.93246791473999994E-26 0 9.24373650190999951E-27 0 1.32907285311999996E-26 0 2.82075459070000008E-26 0 2.51605706606000001E-26 0 6.62571830103000009E-25 0 1.19152016315000007E-26 0 8.71479293901000022E-27 0 2.79706411164000007E-26 0 1.5382596599599999E-25 0 5.75673217737000018E-26 0 3.71875440215999995E-26 0
1.47282796194999999E-26 0 5.65613269042999973E-26 0 1.40889201818000011E-26 0 7.38360495258999954E-26 0 2.49116357411999999E-26 0 3.32176015161000015E-26 0 1.58918617807000006E-26 0 5.76570547017000012E-26 0 2.55972174976000005E-26 0 1.04310646088999992E-25 0 4.73758305240000014E-26 0 6.55612930605999993E-26 0 1.58408791794999994E-25 0 3.93246791473999994E-26 0 9.24373650190999951E-27 0 1.32907285311999996E-26 0 2.82075459070000008E-26 0 2.51605706606000001E-26 0 4.63096517305000033E-25 0 1.19152016315000007E-26 0 8.71479293901000022E-27 0 2.4397890076699999E-26 0 1.5382596599599999E-25 0 5.54809449168000022E-26 0 3.71875440215999995E-26 0
1.47282796194999999E-26 0 5.65613269042999973E-26 0 1.22279849803999998E-26 0 7.20048568458999994E-26 0 2.38912934641000005E-26 0 3.15323481035000006E-26 0 1.58918617807000006E-26 0 4.62140356257999979E-26 0 2.55972174976000005E-26 0 1.04310646088999992E-25 0 3.65980800360999992E-26 0 6.55612930605999993E-26 0 1.58408791794999994E-25 0 3.79660634533999981E-26 0 6.27716343807000022E-27 0 1.32907285311999996E-26 0 2.20111544301000005E-26 0 2.17953023648999988E-26 0 4.63096517305000033E-25 0 1.19152016315000007E-26 0 6.07679276813999967E-27 0 2.4397890076699999E-26 0 1.36647336492999995E-25 0 5.25239984211999981E-26 0 3.71875440215999995E-26 0
1.47282796194999999E-26 0 4.98491559808999974E-26 0 9.72133015025999945E-27 0 6.41509576734999989E-26 0 2.38912934641000005E-26 0 2.72371976897999974E-26 0 1.38502774319999996E-26 0 4.62140356257999979E-26 0 2.55972174976000005E-26 0 1.04310646088999992E-25 0 3.22190145435999993E-26 0 5.02798863611000008E-26 0 1.21352050771999991E-25 0 3.71005844327999983E-26 0 5.94304386684999975E-27 0 1.32907285311999996E-26 0 2.20111544301000005E-26 0 2.17953023648999988E-26 0 4.63096517305000033E-25 0 1.19152016315000007E-26 0 6.07679276813999967E-27 0 2.26477651806000007E-26 0 1.36647336492999995E-25 0 5.25239984211999981E-26 0 3.71875440215999995E-26 0
1.21339256434000004E-26 0 4.98491559808999974E-26 0 6.99597596010000012E-27 0 5.10034690263999977E-26 0 2.38912934641000005E-26 0 2.72371976897999974E-26 0 1.38502774319999996E-26 0 3.8777406894400001E-26 0 2.27643193792999995E-26 0 1.04310646088999992E-25 0 3.0661310078699998E-26 0 4.64953138422999971E-26 0 1.21352050771999991E-25 0 3.6766686728699998E-26 0 5.94304386684999975E-27 0 1.32907285311999996E-26 0 2.19742751827999999E-26 0 2.17953023648999988E-26 0 4.63096517305000033E-25 0 1.19152016315000007E-26 0 6.07679276813999967E-27 0 1.37457656879999988E-26 0 9.91561180008000024E-26 0 3.38893165768999978E-26 0 3.12446603921000009E-26 0
1.21339256434000004E-26 0 3.02528773450000025E-26 0 6.99597596010000012E-27 0 3.15702134269000021E-26 0 2.38912934641000005E-26 0 2.45788966765999987E-26 0 1.09853441653999994E-26 0 3.2779796039600002E-26 0 1.90086388912000005E-26 0 1.04310646088999992E-25 0 2.69625385093000025E-26 0 4.64953138422999971E-26 0 1.21352050771999991E-25 0 2.92054549521000005E-26 0 5.94304386684999975E-27 0 1.21427017210000002E-26 0 2.19742751827999999E-26 0 2.17953023648999988E-26 0 4.63096517305000033E-25 0 1.19152016315000007E-26 0 6.07679276813999967E-27 0 1.37457656879999988E-26 0 8.34440918545999958E-26 0 3.38893165768999978E-26 0 3.00374566881000016E-26 0
1.16594258088999994E-26 0 3.02528773450000025E-26 0 6.99597596010000012E-27 0 3.15702134269000021E-26 0 2.38912934641000005E-26 0 1.4822942928100001E-26 0 1.09853441653999994E-26 0 2.99754941291999997E-26 0 1.90086388912000005E-26 0 9.57716212204999971E-26 0 2.69625385093000025E-26 0 4.44772227575000008E-26 0 1.08581822527000001E-25 0 2.67619582982000029E-26 0 5.18897912312000004E-27 0 1.21427017210000002E-26 0 1.82731740084999995E-26 0 1.92149383439E-26 0 4.63096517305000033E-25 0 1.12095655517999994E-26 0 5.68725571834000031E-27 0 1.37457656879999988E-26 0 8.34440918545999958E-26 0 3.38893165768999978E-26 0 1.96168013454000012E-26 0
8.91353658331999992E-27 0 2.81446465757999996E-26 0 6.99597596010000012E-27 0 3.15702134269000021E-26 0 2.35763530736000002E-26 0 1.4822942928100001E-26 0 9.99216828573999997E-27 0 2.99754941291999997E-26 0 1.74234352280999998E-26 0 6.98232250345999949E-26 0 2.69625385093000025E-26 0 1.82801258452999991E-26 0 8.36928788625999943E-26 0 2.67619582982000029E-26 0 4.49596481788999996E-27 0 6.39703331780999985E-27 0 1.68603857570000007E-26 0 1.92149383439E-26 0 4.04833420212999998E-25 0 9.68943058741000068E-27 0 4.77970822473000017E-27 0 1.02709320080999997E-26 0 7.63390558744000053E-26 0 3.0561112417699999E-26 0 1.96168013454000012E-26 0
8.91353658331999992E-27 0 2.65083395172000027E-26 0 6.43932365790000027E-27 0 3.15702134269000021E-26 0 1.78124792399000003E-26 0 1.29202104246999998E-26 0 9.99216828573999997E-27 0 2.99754941291999997E-26 0 1.74234352280999998E-26 0 6.37134973237000042E-26 0 2.19407855720999997E-26 0 1.82801258452999991E-26 0 8.36928788625999943E-26 0 2.33962832461000002E-26 0 4.49596481788999996E-27 0 6.39703331780999985E-27 0 1.62607898392999988E-26 0 1.68379032211999994E-26 0 4.04833420212999998E-25 0 9.36029070065999994E-27 0 4.77970822473000017E-27 0 1.02709320080999997E-26 0 7.10875718505000015E-26 0 2.81002608238999992E-26 0 1.96168013454000012E-26 0
8.91353658331999992E-27 0 2.49684337263999995E-26 0 6.29653983404999999E-27 0 3.15702134269000021E-26 0 1.78124792399000003E-26 0 1.29202104246999998E-26 0 7.85987725892999996E-27 0 2.94372937765999984E-26 0 1.74234352280999998E-26 0 6.37134973237000042E-26 0 2.05153632201999994E-26 0 1.82801258452999991E-26 0 7.70363719366999968E-26 0 2.16567956462999994E-26 0 3.9903049776400002E-27 0 6.39703331780999985E-27 0 1.3720115382599999E-26 0 1.68379032211999994E-26 0 3.26409984284999992E-25 0 7.94797083532999948E-27 0 4.58787943930000025E-27 0 9.99112057984999933E-27 0 5.33585146513000001E-26 0 1.93927278703999998E-26 0 1.96168013454000012E-26 0
8.85876005420999945E-27 0 2.49684337263999995E-26 0 5.45719183089999985E-27 0 3.15702134269000021E-26 0 1.61875860125000006E-26 0 1.29202104246999998E-26 0 6.90279176567000041E-27 0 2.49826332226999987E-26 0 1.34852443741000007E-26 0 6.0202117197199998E-26 0 2.05153632201999994E-26 0 1.82801258452999991E-26 0 6.68480361305999994E-26 0 2.08202702860000007E-26 0 3.9903049776400002E-27 0 6.39703331780999985E-27 0 1.17970820368999999E-26 0 1.48091378622999994E-26 0 3.24392780669E-25 0 4.90795975158999989E-27 0 4.58787943930000025E-27 0 9.99112057984999933E-27 0 3.96990922546000028E-26 0 1.93927278703999998E-26 0 1.92484526063999992E-26 0
6.0664019909100002E-27 0 2.29545334650999998E-26 0 5.45719183089999985E-27 0 3.10097893835000023E-26 0 1.59821740283999993E-26 0 1.12462475838999999E-26 0 6.90279176567000041E-27 0 1.39827567603000009E-26 0 1.10592382454999997E-26 0 6.0202117197199998E-26 0 2.05153632201999994E-26 0 1.82801258452999991E-26 0 6.68480361305999994E-26 0 1.63950934084000003E-26 0 2.88979471105000014E-27 0 3.79782291677E-27 0 1.05462814418999996E-26 0 1.15554933846999996E-26 0 3.19547498382000014E-25 0 4.90795975158999989E-27 0 2.83374860892999991E-27 0 9.30131102204000013E-27 0 3.4844639458999998E-26 0 1.93927278703999998E-26 0 1.87447649183999991E-26 0
6.0664019909100002E-27 0 1.90843695381000008E-26 0 5.45719183089999985E-27 0 2.33260746254999993E-26 0 1.29922063082999992E-26 0 6.36714288506999974E-27 0 5.9252944964900001E-27 0 1.39827567603000009E-26 0 1.10592382454999997E-26 0 5.76000225233999981E-26 0 2.05153632201999994E-26 0 1.82801258452999991E-26 0 5.73699093322000006E-26 0 1.13413176488999995E-26 0 2.55616817790000015E-27 0 3.79782291677E-27 0 9.85351365570000042E-27 0 9.69771362690999994E-27 0 2.86794289420000017E-25 0 4.68267833338999968E-27 0 2.83374860892999991E-27 0 9.30131102204000013E-27 0 3.4844639458999998E-26 0 1.74813178971000006E-26 0 1.42255287038999995E-26 0
4.59645830163999979E-27 0 1.02822718836000004E-26 0 5.45719183089999985E-27 0 2.18623555417999994E-26 0 1.29922063082999992E-26 0 6.36714288506999974E-27 0 5.37417654658000015E-27 0 1.39827567603000009E-26 0 1.08161335012000004E-26 0 5.76000225233999981E-26 0 1.78387088649999995E-26 0 1.82801258452999991E-26 0 4.48104548601999997E-26 0 1.13413176488999995E-26 0 2.55616817790000015E-27 0 3.79782291677E-27 0 9.85351365570000042E-27 0 9.69771362690999994E-27 0 2.26721779603999995E-25 0 4.68267833338999968E-27 0 2.83374860892999991E-27 0 9.30131102204000013E-27 0 3.25326237312999996E-26 0 1.24009550598000004E-26 0 1.42255287038999995E-26 0
4.59645830163999979E-27 0 1.02822718836000004E-26 0 4.60793376262000031E-27 0 1.96188351273999998E-26 0 1.16032071434999995E-26 0 6.36714288506999974E-27 0 5.37417654658000015E-27 0 1.39827567603000009E-26 0 9.85129498439999973E-27 0 4.55778686095000022E-26 0 1.16745497515999999E-26 0 1.82801258452999991E-26 0 4.48104548601999997E-26 0 1.08395035055999999E-26 0 2.55616817790000015E-27 0 3.79782291677E-27 0 9.85351365570000042E-27 0 9.69771362690999994E-27 0 2.19818655038000022E-25 0 4.68267833338999968E-27 0 2.2375669798000001E-27 0 7.88078207291999977E-27 0 2.84100982703999996E-26 0 1.24009550598000004E-26 0 1.04179436333999994E-26 0
4.59645830163999979E-27 0 1.02822718836000004E-26 0 4.05549693589000018E-27 0 1.96188351273999998E-26 0 9.67583506275000031E-27 0 6.36714288506999974E-27 0 5.3068645246500003E-27 0 1.39827567603000009E-26 0 9.81342966094999957E-27 0 3.89244308456000002E-26 0 1.16745497515999999E-26 0 1.37697643158999991E-26 0 4.48104548601999997E-26 0 1.08395035055999999E-26 0 2.34682421518000005E-27 0 3.79782291677E-27 0 8.44728281047999929E-27 0 9.37754703296000057E-27 0 1.44743354333999992E-25 0 4.60522205325999988E-27 0 2.2375669798000001E-27 0 7.88078207291999977E-27 0 2.84100982703999996E-26 0 9.09714395900999958E-27 0 1.04179436333999994E-26 0
4.59645830163999979E-27 0 1.02822718836000004E-26 0 4.05549693589000018E-27 0 1.3726931633900001E-26 0 9.67583506275000031E-27 0 6.36714288506999974E-27 0 3.58464558307999982E-27 0 1.39827567603000009E-26 0 9.34155525415999933E-27 0 3.23505940774000014E-26 0 1.16745497515999999E-26 0 1.37697643158999991E-26 0 4.32778953365999993E-26 0 8.8833626536899999E-27 0 2.34682421518000005E-27 0 3.79782291677E-27 0 7.1350989762999994E-27 0 8.70902439364000047E-27 0 1.44743354333999992E-25 0 4.48365119219000006E-27 0 2.2375669798000001E-27 0 6.00654716971999991E-27 0 2.84100982703999996E-26 0 9.09714395900999958E-27 0 9.67041164401999943E-27 0
4.59645830163999979E-27 0 1.02822718836000004E-26 0 4.05549693589000018E-27 0 1.3726931633900001E-26 0 9.67583506275000031E-27 0 5.32911286737000031E-27 0 3.58464558307999982E-27 0 9.60517038196999942E-27 0 9.22391637166999932E-27 0 3.18482499182000025E-26 0 8.44500250942000034E-27 0 1.17527086109999993E-26 0 3.57924435107000007E-26 0 8.8833626536899999E-27 0 2.28675985281999993E-27 0 3.79782291677E-27 0 7.1350989762999994E-27 0 6.76148705601999939E-27 0 1.44743354333999992E-25 0 3.96639263144999969E-27 0 2.2375669798000001E-27 0 6.00654716971999991E-27 0 2.76056573623000004E-26 0 9.09714395900999958E-27 0 9.24801360712999964E-27 0
4.06204201621000031E-27 0 8.85916681061999949E-27 0 4.05549693589000018E-27 0 1.3726931633900001E-26 0 9.50419618609999947E-27 0 5.32911286737000031E-27 0 3.58464558307999982E-27 0 9.60517038196999942E-27 0 7.14806587743000026E-27 0 3.18482499182000025E-26 0 8.44500250942000034E-27 0 1.17527086109999993E-26 0 3.55660527568999988E-26 0 8.8833626536899999E-27 0 1.41146937467000002E-27 0 3.79782291677E-27 0 7.1350989762999994E-27 0 6.76148705601999939E-27 0 1.44743354333999992E-25 0 3.35084693229999977E-27 0 2.2375669798000001E-27 0 4.12797353155000026E-27 0 2.76056573623000004E-26 0 9.09714395900999958E-27 0 9.24801360712999964E-27 0
4.00134903030999994E-27 0 8.85916681061999949E-27 0 3.92300528166000001E-27 0 1.19996097483000005E-26 0 9.50419618609999947E-27 0 5.32911286737000031E-27 0 3.58464558307999982E-27 0 9.60517038196999942E-27 0 6.63062242742000008E-27 0 1.54561517159999995E-26 0 8.44500250942000034E-27 0 1.17527086109999993E-26 0 3.55660527568999988E-26 0 8.18837619619000008E-27 0 1.41146937467000002E-27 0 3.41454745039000011E-27 0 6.74574681577000056E-27 0 6.65423895076999959E-27 0 1.10506791047000008E-25 0 3.18183348335E-27 0 2.14536886150999992E-27 0 4.12797353155000026E-27 0 2.48687044515999989E-26 0 8.71282078674999978E-27 0 8.84771600154000043E-27 0
3.5336654470800001E-27 0 8.34887241255000034E-27 0 2.81678809945999989E-27 0 1.19996097483000005E-26 0 7.40657806127000054E-27 0 5.32911286737000031E-27 0 3.58464558307999982E-27 0 9.60517038196999942E-27 0 6.63062242742000008E-27 0 1.54561517159999995E-26 0 8.44500250942000034E-27 0 1.17527086109999993E-26 0 2.40657796355999987E-26 0 8.18837619619000008E-27 0 1.41146937467000002E-27 0 3.28901995884999977E-27 0 6.32350901624999983E-27 0 5.61438469221999985E-27 0 1.10506791047000008E-25 0 3.18183348335E-27 0 2.14536886150999992E-27 0 4.12797353155000026E-27 0 1.81527248091000013E-26 0 8.71282078674999978E-27 0 7.87189506178000027E-27 0
3.5336654470800001E-27 0 7.55626441802999947E-27 0 2.81678809945999989E-27 0 1.19996097483000005E-26 0 4.50672537366999978E-27 0 5.32911286737000031E-27 0 3.37736005428000024E-27 0 9.60517038196999942E-27 0 6.63062242742000008E-27 0 1.54561517159999995E-26 0 8.44500250942000034E-27 0 1.16562087354999995E-26 0 2.40657796355999987E-26 0 7.71176862396999964E-27 0 1.41146937467000002E-27 0 3.28901995884999977E-27 0 6.32350901624999983E-27 0 5.18534296738999982E-27 0 1.1034336125399999E-25 0 3.18183348335E-27 0 2.06306848238000016E-27 0 4.12797353155000026E-27 0 1.50103097190999997E-26 0 7.93136777846000053E-27 0 6.49435903199000062E-27 0
3.48988366684000005E-27 0 7.55626441802999947E-27 0 2.17426089216000013E-27 0 1.15583530053999993E-26 0 4.50672537366999978E-27 0 5.0802642296199999E-27 0 3.37736005428000024E-27 0 9.60517038196999942E-27 0 5.25141006820000026E-27 0 1.54561517159999995E-26 0 8.44500250942000034E-27 0 9.77023952639000009E-27 0 2.40657796355999987E-26 0 6.91965366752000068E-27 0 1.41146937467000002E-27 0 2.69165503836999992E-27 0 4.88419531682000024E-27 0 5.18534296738999982E-27 0 8.53762464046000009E-26 0 2.5252053873700001E-27 0 2.06306848238000016E-27 0 4.12797353155000026E-27 0 1.50103097190999997E-26 0 7.93136777846000053E-27 0 6.31430153037000004E-27 0
3.46724089366999967E-27 0 6.67135969759999973E-27 0 2.17426089216000013E-27 0 1.02267927752999998E-26 0 4.50672537366999978E-27 0 5.0802642296199999E-27 0 2.57184678839E-27 0 9.60517038196999942E-27 0 5.25141006820000026E-27 0 1.54561517159999995E-26 0 6.93336012574999937E-27 0 7.89275057196000002E-27 0 2.09963218533999995E-26 0 6.50550169227999976E-27 0 1.41146937467000002E-27 0 2.69165503836999992E-27 0 4.88419531682000024E-27 0 5.18534296738999982E-27 0 8.53762464046000009E-26 0 2.48487487359000011E-27 0 2.00765100379000016E-27 0 4.04908744102999981E-27 0 1.24657402617000005E-26 0 7.93136777846000053E-27 0 6.31430153037000004E-27 0
3.46724089366999967E-27 0 6.09730315167999983E-27 0 2.15142090375999992E-27 0 1.02267927752999998E-26 0 4.50672537366999978E-27 0 4.18988678665999998E-27 0 2.57184678839E-27 0 9.60517038196999942E-27 0 4.74870845634999974E-27 0 1.54561517159999995E-26 0 6.45707302826999995E-27 0 7.89275057196000002E-27 0 2.09963218533999995E-26 0 6.32336110482999969E-27 0 1.04254131600999997E-27 0 2.68869680997999999E-27 0 4.88419531682000024E-27 0 4.58111249183999989E-27 0 8.53762464046000009E-26 0 2.46913463333999984E-27 0 1.7159696840799999E-27 0 3.24523817860999972E-27 0 1.24657402617000005E-26 0 7.56542260009999993E-27 0 6.31430153037000004E-27 0
2.33755509953999983E-27 0 5.16570772642000014E-27 0 2.15142090375999992E-27 0 9.48335300186999937E-27 0 4.50672537366999978E-27 0 4.18988678665999998E-27 0 2.45794266924999995E-27 0 7.14175499019E-27 0 4.74870845634999974E-27 0 1.54561517159999995E-26 0 6.45707302826999995E-27 0 7.61266797275000004E-27 0 2.03453636951000012E-26 0 5.70267548384000026E-27 0 1.04254131600999997E-27 0 2.68869680997999999E-27 0 4.88419531682000024E-27 0 4.19818215212000035E-27 0 8.53762464046000009E-26 0 2.29998559892999995E-27 0 1.40259468947999999E-27 0 3.24523817860999972E-27 0 1.01369242617999998E-26 0 7.56542260009999993E-27 0 5.49842213914999999E-27 0
2.33755509953999983E-27 0 4.23460533923000022E-27 0 2.15142090375999992E-27 0 9.48335300186999937E-27 0 4.20403697914999982E-27 0 3.95777679124999974E-27 0 1.87666311567E-27 0 7.14175499019E-27 0 4.56874956234999998E-27 0 1.54561517159999995E-26 0 6.45707302826999995E-27 0 7.61266797275000004E-27 0 2.03453636951000012E-26 0 5.70267548384000026E-27 0 1.04254131600999997E-27 0 2.38942270406000004E-27 0 3.98331616305999965E-27 0 2.94221698339000015E-27 0 8.11146225794000038E-26 0 1.49515026038E-27 0 1.40259468947999999E-27 0 3.24523817860999972E-27 0 1.00930438739999998E-26 0 6.25878544417000031E-27 0 5.44097087854000021E-27 0
2.33755509953999983E-27 0 3.45442190395999967E-27 0 1.86246361937000011E-27 0 7.84068575222000071E-27 0 3.91496876119000026E-27 0 3.04919391771000007E-27 0 1.87666311567E-27 0 7.14175499019E-27 0 4.55646058856000013E-27 0 1.47526850037999988E-26 0 6.40969207015000006E-27 0 7.20727974913000065E-27 0 1.87764302881999988E-26 0 5.35820211325000001E-27 0 1.00733839811000001E-27 0 2.35026315569000009E-27 0 3.98331616305999965E-27 0 2.94221698339000015E-27 0 4.76119464536000006E-26 0 1.49515026038E-27 0 1.26588755979999995E-27 0 2.98919118511000002E-27 0 5.93642483082000028E-27 0 4.68589540677000024E-27 0 5.44097087854000021E-27 0
2.04192947531000013E-27 0 3.45442190395999967E-27 0 1.86246361937000011E-27 0 7.84068575222000071E-27 0 2.37392898284E-27 0 3.04919391771000007E-27 0 1.87666311567E-27 0 7.14175499019E-27 0 3.47381062589999983E-27 0 1.3534486550899999E-26 0 6.40969207015000006E-27 0 7.20727974913000065E-27 0 1.39118085826000007E-26 0 4.29164984343999998E-27 0 1.00733839811000001E-27 0 2.05238188230000002E-27 0 3.04851599037000014E-27 0 2.40858955886999999E-27 0 4.76119464536000006E-26 0 1.49515026038E-27 0 1.26588755979999995E-27 0 2.66187553919999993E-27 0 5.93642483082000028E-27 0 4.68589540677000024E-27 0 5.01498598972000022E-27 0
2.04192947531000013E-27 0 3.25740389288000017E-27 0 1.11886360858999996E-27 0 7.44513363800999991E-27 0 2.37392898284E-27 0 3.04919391771000007E-27 0 1.77568891980000006E-27 0 7.01244343148999999E-27 0 3.21796084761999995E-27 0 1.17540274877999994E-26 0 5.16601587521000008E-27 0 6.53275437136000021E-27 0 1.39118085826000007E-26 0 4.29164984343999998E-27 0 8.71888515496000053E-28 0 1.91160718857999989E-27 0 2.44014399506999986E-27 0 2.40858955886999999E-27 0 4.76119464536000006E-26 0 1.29476726449999998E-27 0 9.14487004377000014E-28 0 2.17868590880000004E-27 0 5.93642483082000028E-27 0 4.68589540677000024E-27 0 3.81637347399000007E-27 0
2.04192947531000013E-27 0 2.55419602564000007E-27 0 1.11886360858999996E-27 0 7.01165457059000069E-27 0 2.37392898284E-27 0 2.52376325103000017E-27 0 1.77568891980000006E-27 0 3.83510892048999996E-27 0 3.08914232699000006E-27 0 1.17540274877999994E-26 0 4.22735767965999977E-27 0 6.53275437136000021E-27 0 1.39118085826000007E-26 0 4.29164984343999998E-27 0 8.71888515496000053E-28 0 9.69510052516999999E-28 0 2.44014399506999986E-27 0 2.40858955886999999E-27 0 4.76119464536000006E-26 0 1.29476726449999998E-27 0 9.14487004377000014E-28 0 2.17868590880000004E-27 0 5.93642483082000028E-27 0 4.68589540677000024E-27 0 3.40301035965999991E-27 0
1.65882657226000005E-27 0 2.55419602564000007E-27 0 1.11886360858999996E-27 0 7.01165457059000069E-27 0 2.37392898284E-27 0 2.52376325103000017E-27 0 1.64068277144000001E-27 0 3.83510892048999996E-27 0 3.05920259044999992E-27 0 1.10428324038999996E-26 0 4.22735767965999977E-27 0 4.23716913716999978E-27 0 1.39118085826000007E-26 0 3.5419484865900001E-27 0 8.71888515496000053E-28 0 9.69510052516999999E-28 0 2.44014399506999986E-27 0 2.40858955886999999E-27 0 4.76119464536000006E-26 0 1.29476726449999998E-27 0 9.14487004377000014E-28 0 1.60174509019999992E-27 0 5.93642483082000028E-27 0 3.78639675959000024E-27 0 3.40301035965999991E-27 0
1.05968671473999995E-27 0 2.55419602564000007E-27 0 8.40334079286999945E-28 0 6.84126061506000069E-27 0 2.37392898284E-27 0 2.52376325103000017E-27 0 1.64068277144000001E-27 0 3.83510892048999996E-27 0 2.54285615012000002E-27 0 1.10428324038999996E-26 0 3.69656522401000014E-27 0 4.23716913716999978E-27 0 1.21933860340999995E-26 0 3.5419484865900001E-27 0 8.71888515496000053E-28 0 9.69510052516999999E-28 0 2.08778201543000001E-27 0 2.02185050008000003E-27 0 4.46202037964999989E-26 0 1.29476726449999998E-27 0 7.07805447210000002E-28 0 1.60174509019999992E-27 0 5.93642483082000028E-27 0 3.00305788070999994E-27 0 3.2005689298499999E-27 0
1.05968671473999995E-27 0 2.21196597824000014E-27 0 8.40334079286999945E-28 0 6.23009062874000027E-27 0 2.37392898284E-27 0 2.52376325103000017E-27 0 1.39337487765E-27 0 3.83510892048999996E-27 0 2.2618614304899999E-27 0 7.05147972035000019E-27 0 3.69656522401000014E-27 0 4.23716913716999978E-27 0 1.01049753951999997E-26 0 3.14464608724000013E-27 0 8.71888515496000053E-28 0 9.69510052516999999E-28 0 2.01341954915999991E-27 0 2.02185050008000003E-27 0 4.15644894503999988E-26 0 1.29476726449999998E-27 0 7.07805447210000002E-28 0 1.44377569393000009E-27 0 4.39914446772000001E-27 0 3.00305788070999994E-27 0 3.2005689298499999E-27 0
1.05968671473999995E-27 0 2.21196597824000014E-27 0 8.40334079286999945E-28 0 5.38082023451000035E-27 0 2.16755557446999986E-27 0 2.52376325103000017E-27 0 1.39337487765E-27 0 3.83510892048999996E-27 0 2.2618614304899999E-27 0 7.05147972035000019E-27 0 3.69656522401000014E-27 0 3.98469666964000024E-27 0 8.43908605263000044E-27 0 2.85810468937000011E-27 0 8.50244144408999977E-28 0 9.69510052516999999E-28 0 1.63767523924000002E-27 0 2.02185050008000003E-27 0 3.65504895367999973E-26 0 8.4191180109700001E-28 0 7.07805447210000002E-28 0 1.10426968184000005E-27 0 4.39914446772000001E-27 0 3.00305788070999994E-27 0 3.02327244140000015E-27 0
1.05968671473999995E-27 0 1.81516894290999994E-27 0 8.40334079286999945E-28 0 5.16759359702000014E-27 0 2.16755557446999986E-27 0 1.86250059723000016E-27 0 1.39337487765E-27 0 3.70434289950000001E-27 0 2.2618614304899999E-27 0 6.66257129408000034E-27 0 3.69656522401000014E-27 0 3.03238131966999986E-27 0 8.43908605263000044E-27 0 2.85810468937000011E-27 0 7.7058151893299999E-28 0 9.69510052516999999E-28 0 1.63767523924000002E-27 0 1.70418607431000017E-27 0 3.64818216601999976E-26 0 8.33887606577000088E-28 0 7.07805447210000002E-28 0 1.10426968184000005E-27 0 4.39914446772000001E-27 0 2.97109668810000003E-27 0 3.02327244140000015E-27 0
1.05968671473999995E-27 0 1.81516894290999994E-27 0 8.40334079286999945E-28 0 4.12600137928999982E-27 0 2.16755557446999986E-27 0 1.86250059723000016E-27 0 1.12428702731000009E-27 0 3.70434289950000001E-27 0 1.72283523914999998E-27 0 6.17437732731000035E-27 0 3.40063145099000015E-27 0 3.03238131966999986E-27 0 8.43908605263000044E-27 0 2.68110402375999992E-27 0 6.68362401948999993E-28 0 9.69510052516999999E-28 0 1.63767523924000002E-27 0 1.70418607431000017E-27 0 3.64818216601999976E-26 0 6.00779209083999985E-28 0 6.76694745259999993E-28 0 1.10426968184000005E-27 0 4.39914446772000001E-27 0 2.97109668810000003E-27 0 2.77994583E-27 0
1.05968671473999995E-27 0 1.81516894290999994E-27 0 8.40334079286999945E-28 0 3.58346229172000013E-27 0 1.32316625708999993E-27 0 1.86250059723000016E-27 0 1.12428702731000009E-27 0 3.36642693518000026E-27 0 1.72283523914999998E-27 0 6.17437732731000035E-27 0 3.40063145099000015E-27 0 3.03238131966999986E-27 0 7.02796180460999933E-27 0 2.68110402375999992E-27 0 6.68362401948999993E-28 0 9.69510052516999999E-28 0 1.63767523924000002E-27 0 1.66337484842000009E-27 0 3.49160190450000018E-26 0 6.00779209083999985E-28 0 6.76694745259999993E-28 0 1.10426968184000005E-27 0 4.39914446772000001E-27 0 2.97109668810000003E-27 0 2.44681233491000011E-27 0
1.05968671473999995E-27 0 1.81516894290999994E-27 0 8.40334079286999945E-28 0 3.58346229172000013E-27 0 1.32316625708999993E-27 0 1.86250059723000016E-27 0 1.12428702731000009E-27 0 2.3878819601E-27 0 1.67708130663999984E-27 0 5.21422267208999967E-27 0 3.01765180745000018E-27 0 2.56336653365999982E-27 0 7.02796180460999933E-27 0 2.26182445263999987E-27 0 6.68362401948999993E-28 0 9.69510052516999999E-28 0 1.63767523924000002E-27 0 9.47286361702000015E-28 0 3.31930975241999996E-26 0 6.00779209083999985E-28 0 6.58464662778000026E-28 0 1.10426968184000005E-27 0 2.91825533339999996E-27 0 2.56425400217999995E-27 0 2.44681233491000011E-27 0
1.05968671473999995E-27 0 1.81516894290999994E-27 0 7.26799738693000031E-28 0 2.97101040642999992E-27 0 1.32316625708999993E-27 0 1.53926484131E-27 0 9.26381547713999961E-28 0 2.3878819601E-27 0 1.67708130663999984E-27 0 5.21422267208999967E-27 0 2.85277987826000006E-27 0 2.56336653365999982E-27 0 7.02796180460999933E-27 0 2.26182445263999987E-27 0 5.51610987976000032E-28 0 8.32802922831999952E-28 0 1.63767523924000002E-27 0 9.47286361702000015E-28 0 2.73294574378000014E-26 0 6.00779209083999985E-28 0 6.58464662778000026E-28 0 1.10426968184000005E-27 0 2.91825533339999996E-27 0 2.09940538782999995E-27 0 1.63121644057999998E-27 0
1.05968671473999995E-27 0 1.52195920520000003E-27 0 7.26799738693000031E-28 0 2.97101040642999992E-27 0 1.32316625708999993E-27 0 1.53926484131E-27 0 9.26381547713999961E-28 0 2.33290821577000007E-27 0 1.67708130663999984E-27 0 4.87679974582999965E-27 0 2.34370574940999994E-27 0 2.56336653365999982E-27 0 7.02796180460999933E-27 0 1.88790438356999994E-27 0 3.78110892633999979E-28 0 8.13475830653999964E-28 0 1.63767523924000002E-27 0 9.47286361702000015E-28 0 2.69829502851999989E-26 0 6.00779209083999985E-28 0 6.58464662778000026E-28 0 1.06413638329000007E-27 0 2.4504608166E-27 0 2.09940538782999995E-27 0 1.63121644057999998E-27 0
1.05968671473999995E-27 0 1.52195920520000003E-27 0 7.26799738693000031E-28 0 2.97101040642999992E-27 0 1.32316625708999993E-27 0 1.53926484131E-27 0 9.26381547713999961E-28 0 2.33290821577000007E-27 0 1.66237644632999984E-27 0 4.34899017047999999E-27 0 2.30761536300000005E-27 0 2.56336653365999982E-27 0 6.78563359528999977E-27 0 1.66012079717999985E-27 0 3.78110892633999979E-28 0 7.40937605228999996E-28 0 1.59059010396000006E-27 0 9.47286361702000015E-28 0 2.11777228836999994E-26 0 6.00779209083999985E-28 0 6.58464662778000026E-28 0 1.06413638329000007E-27 0 2.4504608166E-27 0 1.7681947412000001E-27 0 1.63121644057999998E-27 0
1.05968671473999995E-27 0 1.52195920520000003E-27 0 6.71320630342999973E-28 0 2.97101040642999992E-27 0 1.32316625708999993E-27 0 1.17407154599999993E-27 0 9.26381547713999961E-28 0 2.33290821577000007E-27 0 1.62135567925999991E-27 0 4.33814333303999973E-27 0 2.30761536300000005E-27 0 2.32975277214999994E-27 0 5.90462387558000016E-27 0 1.66012079717999985E-27 0 3.78110892633999979E-28 0 7.40937605228999996E-28 0 1.49150177868999993E-27 0 9.47286361702000015E-28 0 1.97573788238999997E-26 0 6.00779209083999985E-28 0 4.29140332440000026E-28 0 1.00763422094999993E-27 0 2.4504608166E-27 0 1.7681947412000001E-27 0 1.63121644057999998E-27 0
9.84744928749000074E-28 0 1.28146756268000007E-27 0 5.61668964516999969E-28 0 2.52829920123000017E-27 0 1.32316625708999993E-27 0 1.17407154599999993E-27 0 9.26381547713999961E-28 0 2.08699315451999996E-27 0 1.24754654375000007E-27 0 4.28193699354000005E-27 0 2.10424948681999988E-27 0 2.00179617675999997E-27 0 5.90462387558000016E-27 0 1.09174651496999997E-27 0 3.78110892633999979E-28 0 6.48295752671999982E-28 0 1.16195513554000007E-27 0 9.47286361702000015E-28 0 1.97573788238999997E-26 0 6.00779209083999985E-28 0 4.29140332440000026E-28 0 1.00763422094999993E-27 0 2.20256127714000017E-27 0 1.7681947412000001E-27 0 1.59553281056999992E-27 0
7.03516016036999972E-28 0 9.70151002002000069E-28 0 5.61668964516999969E-28 0 2.52829920123000017E-27 0 1.32316625708999993E-27 0 1.17407154599999993E-27 0 8.01334768285000035E-28 0 1.77213904571999989E-27 0 1.24754654375000007E-27 0 2.87209464449000016E-27 0 1.93335016728000013E-27 0 1.91165649237999992E-27 0 4.8024372795700003E-27 0 1.09174651496999997E-27 0 3.78110892633999979E-28 0 5.88946295506000044E-28 0 1.16195513554000007E-27 0 9.3504669171999992E-28 0 1.97458417331E-26 0 4.42008625957000004E-28 0 4.29140332440000026E-28 0 1.00763422094999993E-27 0 2.20256127714000017E-27 0 1.64581036731999986E-27 0 1.59553281056999992E-27 0
7.03516016036999972E-28 0 9.70151002002000069E-28 0 5.35994007242999987E-28 0 2.13214311538999987E-27 0 1.30260656974999992E-27 0 1.17407154599999993E-27 0 8.01334768285000035E-28 0 1.77213904571999989E-27 0 1.08803640353000004E-27 0 2.87209464449000016E-27 0 1.92580668487000012E-27 0 1.52295760728999992E-27 0 4.43364480637000019E-27 0 1.09174651496999997E-27 0 3.78110892633999979E-28 0 5.88946295506000044E-28 0 1.1219204446E-27 0 9.3504669171999992E-28 0 1.69047468569999989E-26 0 4.42008625957000004E-28 0 4.29140332440000026E-28 0 9.2281934768899998E-28 0 1.83592584547999997E-27 0 1.26815553489999995E-27 0 1.59553281056999992E-27 0
7.03516016036999972E-28 0 9.70151002002000069E-28 0 5.35994007242999987E-28 0 2.07644213990999996E-27 0 1.30260656974999992E-27 0 1.15741918533000005E-27 0 7.22954041779999977E-28 0 1.52729634226999992E-27 0 1.08803640353000004E-27 0 2.73360025182000003E-27 0 1.87379116893000012E-27 0 1.52295760728999992E-27 0 3.81006258674999981E-27 0 7.81218815202000014E-28 0 3.78110892633999979E-28 0 5.88946295506000044E-28 0 7.96219498352999993E-28 0 9.3504669171999992E-28 0 1.69047468569999989E-26 0 4.42008625957000004E-28 0 4.29140332440000026E-28 0 6.76312640759000024E-28 0 1.83592584547999997E-27 0 1.26815553489999995E-27 0 1.24324478662999993E-27 0
4.65489563839000035E-28 0 9.70151002002000069E-28 0 5.35994007242999987E-28 0 2.07644213990999996E-27 0 8.21204202334999929E-28 0 1.15741918533000005E-27 0 7.1495449916299997E-28 0 1.52729634226999992E-27 0 9.99745611899999964E-28 0 2.73360025182000003E-27 0 1.69483067700999987E-27 0 1.52295760728999992E-27 0 3.52321304009000021E-27 0 7.81218815202000014E-28 0 3.78110892633999979E-28 0 5.88946295506000044E-28 0 7.0126036688699998E-28 0 6.35230243929000033E-28 0 1.41625800687999994E-26 0 4.42008625957000004E-28 0 4.29140332440000026E-28 0 6.76312640759000024E-28 0 1.83592584547999997E-27 0 1.26815553489999995E-27 0 1.24324478662999993E-27 0
4.65489563839000035E-28 0 9.70151002002000069E-28 0 5.35994007242999987E-28 0 2.05603036398999991E-27 0 8.21204202334999929E-28 0 1.15741918533000005E-27 0 7.1495449916299997E-28 0 1.52729634226999992E-27 0 9.70064720341000024E-28 0 2.73360025182000003E-27 0 1.40205234761000001E-27 0 1.36636871759999996E-27 0 2.61128983364999986E-27 0 7.81218815202000014E-28 0 3.78110892633999979E-28 0 5.88946295506000044E-28 0 7.0126036688699998E-28 0 6.35230243929000033E-28 0 1.41625800687999994E-26 0 4.42008625957000004E-28 0 4.29140332440000026E-28 0 6.76312640759000024E-28 0 1.62580534780999985E-27 0 1.26815553489999995E-27 0 1.24324478662999993E-27 0
4.65489563839000035E-28 0 9.70151002002000069E-28 0 5.21794510948999981E-28 0 1.45866544351000007E-27 0 8.21204202334999929E-28 0 1.09973373164000005E-27 0 5.77705027606000018E-28 0 1.36469238817999999E-27 0 7.86654559876999985E-28 0 2.48763588675999987E-27 0 1.36887088578E-27 0 1.36636871759999996E-27 0 2.61128983364999986E-27 0 7.81218815202000014E-28 0 3.22841325462000013E-28 0 5.88946295506000044E-28 0 7.0126036688699998E-28 0 6.35230243929000033E-28 0 1.38310612733999996E-26 0 4.42008625957000004E-28 0 4.29140332440000026E-28 0 6.76312640759000024E-28 0 1.62580534780999985E-27 0 1.08941691010999991E-27 0 1.24324478662999993E-27 0
4.65489563839000035E-28 0 6.18824402290999955E-28 0 4.73378172891000025E-28 0 1.45866544351000007E-27 0 7.56677845478000032E-28 0 1.09973373164000005E-27 0 4.93691341200000018E-28 0 1.36469238817999999E-27 0 7.86654559876999985E-28 0 2.21616912774999984E-27 0 1.17240754252999996E-27 0 1.36636871759999996E-27 0 2.61128983364999986E-27 0 7.73342532100999998E-28 0 3.22841325462000013E-28 0 5.88946295506000044E-28 0 7.0126036688699998E-28 0 6.09555286654999961E-28 0 1.38310612733999996E-26 0 4.42008625957000004E-28 0 4.22287103326000016E-28 0 6.76312640759000024E-28 0 1.59192130674000008E-27 0 1.08941691010999991E-27 0 1.00901472754E-27 0
4.65489563839000035E-28 0 6.18824402290999955E-28 0 4.53558042646999962E-28 0 1.45866544351000007E-27 0 7.56677845478000032E-28 0 1.04628840530999995E-27 0 4.93691341200000018E-28 0 9.85841938445000005E-28 0 7.86654559876999985E-28 0 2.09467222239000008E-27 0 1.17240754252999996E-27 0 9.83709548810999914E-28 0 2.50798603291999985E-27 0 7.73342532100999998E-28 0 3.22841325462000013E-28 0 4.93038065763000006E-28 0 7.0126036688699998E-28 0 6.09555286654999961E-28 0 9.38918273131000016E-27 0 4.0267651426E-28 0 4.22287103326000016E-28 0 6.76312640759000024E-28 0 1.59192130674000008E-27 0 1.08941691010999991E-27 0 1.00901472754E-27 0
4.65489563839000035E-28 0 6.18824402290999955E-28 0 4.53558042646999962E-28 0 1.45866544351000007E-27 0 7.56677845478000032E-28 0 7.35218363666000042E-28 0 4.76632224125000018E-28 0 9.85841938445000005E-28 0 7.86654559876999985E-28 0 2.09467222239000008E-27 0 1.15199576660999992E-27 0 9.83709548810999914E-28 0 2.50798603291999985E-27 0 7.73342532100999998E-28 0 3.22841325462000013E-28 0 4.33084636965999977E-28 0 4.76718505785999974E-28 0 5.73366292628000035E-28 0 9.38918273131000016E-27 0 4.0267651426E-28 0 4.01776719789999996E-28 0 6.32074800308000025E-28 0 1.42453488341000007E-27 0 1.08941691010999991E-27 0 8.67611410274999964E-28 0
4.65489563839000035E-28 0 6.18824402290999955E-28 0 4.05141704589000005E-28 0 1.19045273573999992E-27 0 7.56677845478000032E-28 0 6.8035555289799996E-28 0 4.76632224125000018E-28 0 9.85841938445000005E-28 0 7.86654559876999985E-28 0 1.75951727124000009E-27 0 8.25395025894000006E-28 0 9.83709548810999914E-28 0 2.40272240588000013E-27 0 7.35218363666000042E-28 0 3.22841325462000013E-28 0 4.33084636965999977E-28 0 4.76718505785999974E-28 0 5.73366292628000035E-28 0 8.57645878371000024E-27 0 4.0267651426E-28 0 4.01776719789999996E-28 0 6.32074800308000025E-28 0 1.39968576489000008E-27 0 1.01703892205999993E-27 0 7.59438858647000006E-28 0
4.65489563839000035E-28 0 6.18824402290999955E-28 0 4.05141704589000005E-28 0 1.19045273573999992E-27 0 7.33098299983000015E-28 0 6.8035555289799996E-28 0 4.76632224125000018E-28 0 8.56160601198000082E-28 0 6.85766645670000016E-28 0 1.7400915714499999E-27 0 8.25395025894000006E-28 0 9.83709548810999914E-28 0 2.40272240588000013E-27 0 6.65256262133999996E-28 0 3.22841325462000013E-28 0 4.33084636965999977E-28 0 4.76718505785999974E-28 0 5.73366292628000035E-28 0 7.31614255404999948E-27 0 4.0267651426E-28 0 4.01776719789999996E-28 0 6.32074800308000025E-28 0 1.32593959621000006E-27 0 8.04095781453000043E-28 0 7.59438858647000006E-28 0
4.65489563839000035E-28 0 5.87960219373999984E-28 0 3.21916879087999993E-28 0 8.3014051727699993E-28 0 7.33098299983000015E-28 0 6.58267447551999964E-28 0 4.76632224125000018E-28 0 5.94209476857999958E-28 0 6.85766645670000016E-28 0 8.84954024238000036E-28 0 8.25395025894000006E-28 0 9.83709548810999914E-28 0 2.40272240588000013E-27 0 6.65256262133999996E-28 0 3.2201548670199999E-28 0 4.33084636965999977E-28 0 4.76718505785999974E-28 0 5.73366292628000035E-28 0 6.08118080693000027E-27 0 3.43795443256999998E-28 0 3.8757722349599999E-28 0 3.84927143892999999E-28 0 1.24980219290000006E-27 0 6.71579475328000041E-28 0 5.91054033237000041E-28 0
4.65489563839000035E-28 0 5.87960219373999984E-28 0 3.21916879087999993E-28 0 8.3014051727699993E-28 0 5.56504390778000041E-28 0 6.25763913066999977E-28 0 4.76632224125000018E-28 0 5.94209476857999958E-28 0 5.75634267729999968E-28 0 8.84954024238000036E-28 0 7.63876201237999976E-28 0 9.62471934128000081E-28 0 1.73624587453999983E-27 0 6.65256262133999996E-28 0 3.2201548670199999E-28 0 4.33084636965999977E-28 0 4.76718505785999974E-28 0 5.07890837494000023E-28 0 6.08118080693000027E-27 0 3.43795443256999998E-28 0 3.13966640278000007E-28 0 3.84927143892999999E-28 0 1.24980219290000006E-27 0 6.71579475328000041E-28 0 5.91054033237000041E-28 0
4.65489563839000035E-28 0 5.87960219373999984E-28 0 2.81783580534999982E-28 0 8.3014051727699993E-28 0 5.56504390778000041E-28 0 4.43894496557999968E-28 0 4.76632224125000018E-28 0 5.94209476857999958E-28 0 5.75634267729999968E-28 0 8.84954024238000036E-28 0 7.59143035806999992E-28 0 9.62471934128000081E-28 0 1.73624587453999983E-27 0 6.65256262133999996E-28 0 3.2201548670199999E-28 0 4.33084636965999977E-28 0 4.76718505785999974E-28 0 5.07890837494000023E-28 0 5.39034819512999973E-27 0 3.43795443256999998E-28 0 3.13966640278000007E-28 0 3.84927143892999999E-28 0 1.02236373316999997E-27 0 5.69804092601999997E-28 0 4.86887415892999984E-28 0
4.05733350267999977E-28 0 5.50785149215999964E-28 0 2.81783580534999982E-28 0 8.3014051727699993E-28 0 5.56504390778000041E-28 0 4.14213604999000028E-28 0 3.15544362087999982E-28 0 5.94209476857999958E-28 0 5.75634267729999968E-28 0 8.84954024238000036E-28 0 7.59143035806999992E-28 0 8.55766170744999993E-28 0 1.64956978257999987E-27 0 4.69532475977999971E-28 0 3.03280040203000018E-28 0 2.40762813463999997E-28 0 4.76718505785999974E-28 0 5.07890837494000023E-28 0 3.66923858922000034E-27 0 3.07717382793999987E-28 0 3.13966640278000007E-28 0 3.84927143892999999E-28 0 7.49664378992999996E-28 0 5.69804092601999997E-28 0 4.86887415892999984E-28 0
4.05733350267999977E-28 0 4.82943111367000033E-28 0 2.80205858725000006E-28 0 8.3014051727699993E-28 0 5.56504390778000041E-28 0 4.14213604999000028E-28 0 3.15544362087999982E-28 0 5.94209476857999958E-28 0 5.75079599906000032E-28 0 8.84954024238000036E-28 0 7.59143035806999992E-28 0 8.55766170744999993E-28 0 1.64956978257999987E-27 0 4.69532475977999971E-28 0 2.95588646376999999E-28 0 2.40762813463999997E-28 0 4.76718505785999974E-28 0 4.28610316519999972E-28 0 3.37573302867000014E-27 0 3.07717382793999987E-28 0 3.13966640278000007E-28 0 3.84927143892999999E-28 0 7.49664378992999996E-28 0 5.69804092601999997E-28 0 4.86887415892999984E-28 0
4.05733350267999977E-28 0 4.38273862608E-28 0 2.80205858725000006E-28 0 8.3014051727699993E-28 0 3.99410137074999988E-28 0 3.87527919689999981E-28 0 3.15544362087999982E-28 0 5.94209476857999958E-28 0 5.75079599906000032E-28 0 8.84954024238000036E-28 0 7.59143035806999992E-28 0 5.41158580982000005E-28 0 1.16435869611000002E-27 0 4.69532475977999971E-28 0 2.57920538151999982E-28 0 2.40762813463999997E-28 0 4.76718505785999974E-28 0 4.28610316519999972E-28 0 3.37573302867000014E-27 0 3.07717382793999987E-28 0 3.13966640278000007E-28 0 3.40196265376999981E-28 0 7.49664378992999996E-28 0 5.34021854980000012E-28 0 4.78049708563999968E-28 0
4.05733350267999977E-28 0 4.38273862608E-28 0 2.80205858725000006E-28 0 7.23940117912000037E-28 0 3.99410137074999988E-28 0 3.87527919689999981E-28 0 3.15544362087999982E-28 0 5.94209476857999958E-28 0 5.19132105393999959E-28 0 8.84954024238000036E-28 0 7.21018867372000037E-28 0 5.41158580982000005E-28 0 1.16435869611000002E-27 0 4.69532475977999971E-28 0 2.15999976610999993E-28 0 2.40762813463999997E-28 0 4.4358634776699998E-28 0 4.28610316519999972E-28 0 3.37573302867000014E-27 0 3.07717382793999987E-28 0 3.13966640278000007E-28 0 3.40196265376999981E-28 0 6.96021837437999981E-28 0 5.34021854980000012E-28 0 4.78049708563999968E-28 0
4.05733350267999977E-28 0 4.30718054250999968E-28 0 2.80205858725000006E-28 0 7.23940117912000037E-28 0 3.99410137074999988E-28 0 3.87527919689999981E-28 0 3.15544362087999982E-28 0 5.91707308673999962E-28 0 5.19132105393999959E-28 0 8.84954024238000036E-28 0 4.20524492241000043E-28 0 5.41158580982000005E-28 0 1.16435869611000002E-27 0 4.31962975367000041E-28 0 2.15999976610999993E-28 0 2.40762813463999997E-28 0 4.4358634776699998E-28 0 3.95071402095999993E-28 0 3.37573302867000014E-27 0 3.07717382793999987E-28 0 3.13966640278000007E-28 0 3.40196265376999981E-28 0 6.96021837437999981E-28 0 5.34021854980000012E-28 0 4.78049708563999968E-28 0
4.05733350267999977E-28 0 4.30718054250999968E-28 0 2.80205858725000006E-28 0 5.26367439009000028E-28 0 3.99410137074999988E-28 0 3.87527919689999981E-28 0 3.15544362087999982E-28 0 5.62309914003000006E-28 0 5.19132105393999959E-28 0 8.84954024238000036E-28 0 4.20524492241000043E-28 0 5.41158580982000005E-28 0 1.08389488377000003E-27 0 4.31962975367000041E-28 0 2.15999976610999993E-28 0 2.40762813463999997E-28 0 4.4358634776699998E-28 0 3.95071402095999993E-28 0 3.37573302867000014E-27 0 3.04746828448000022E-28 0 2.75164544501999979E-28 0 3.40196265376999981E-28 0 6.96021837437999981E-28 0 4.55961603217999972E-28 0 4.78049708563999968E-28 0
3.20129616100000015E-28 0 4.30718054250999968E-28 0 2.80205858725000006E-28 0 5.04328637469000042E-28 0 3.81771700271999991E-28 0 3.87527919689999981E-28 0 2.86553723822000011E-28 0 5.13708686669999963E-28 0 5.19132105393999959E-28 0 8.84954024238000036E-28 0 4.20524492241000043E-28 0 5.41158580982000005E-28 0 1.08389488377000003E-27 0 4.31962975367000041E-28 0 2.02305844333999992E-28 0 2.40762813463999997E-28 0 4.31704130381999973E-28 0 3.95071402095999993E-28 0 3.04782573707999985E-27 0 2.68077122307000006E-28 0 2.75164544501999979E-28 0 3.40196265376999981E-28 0 6.96021837437999981E-28 0 4.55961603217999972E-28 0 3.67868026818E-28 0
3.20129616100000015E-28 0 4.30718054250999968E-28 0 2.39813715187000017E-28 0 5.04328637469000042E-28 0 3.81771700271999991E-28 0 3.87527919689999981E-28 0 2.86553723822000011E-28 0 5.13708686669999963E-28 0 2.89869404814E-28 0 7.63469444834000002E-28 0 4.20524492241000043E-28 0 5.41158580982000005E-28 0 1.08389488377000003E-27 0 4.31962975367000041E-28 0 2.02305844333999992E-28 0 2.40762813463999997E-28 0 4.31704130381999973E-28 0 3.53076884844999978E-28 0 3.04782573707999985E-27 0 2.68077122307000006E-28 0 2.75164544501999979E-28 0 2.41058636302999999E-28 0 6.83708211745000029E-28 0 4.55961603217999972E-28 0 3.67868026818E-28 0
3.20129616100000015E-28 0 2.99175498304999985E-28 0 2.39813715187000017E-28 0 5.04328637469000042E-28 0 3.81771700271999991E-28 0 3.75744309918000004E-28 0 2.86553723822000011E-28 0 4.93284584796000044E-28 0 2.89869404814E-28 0 7.63469444834000002E-28 0 4.20524492241000043E-28 0 4.13030313640999996E-28 0 9.70939862906999922E-28 0 4.31962975367000041E-28 0 2.02305844333999992E-28 0 2.40762813463999997E-28 0 4.31704130381999973E-28 0 3.06718980710999997E-28 0 2.2192629416099999E-27 0 1.84950904419000002E-28 0 2.75164544501999979E-28 0 2.41058636302999999E-28 0 6.82524920387999963E-28 0 4.55961603217999972E-28 0 3.67868026818E-28 0
3.20129616100000015E-28 0 2.99175498304999985E-28 0 1.80217738987999996E-28 0 3.51301947808000019E-28 0 3.46272959536999978E-28 0 3.75744309918000004E-28 0 2.86553723822000011E-28 0 4.93284584796000044E-28 0 2.89869404814E-28 0 7.63469444834000002E-28 0 4.20524492241000043E-28 0 4.13030313640999996E-28 0 9.60290240687000014E-28 0 3.79799548009000016E-28 0 2.02305844333999992E-28 0 2.40762813463999997E-28 0 4.31704130381999973E-28 0 3.06718980710999997E-28 0 2.2192629416099999E-27 0 1.60927624664999999E-28 0 2.75164544501999979E-28 0 2.41058636302999999E-28 0 6.82524920387999963E-28 0 4.55961603217999972E-28 0 3.67868026818E-28 0
3.20129616100000015E-28 0 2.99175498304999985E-28 0 1.80217738987999996E-28 0 3.51301947808000019E-28 0 3.46272959536999978E-28 0 3.75744309918000004E-28 0 2.86553723822000011E-28 0 4.74857287088000015E-28 0 2.89869404814E-28 0 6.92619874784000026E-28 0 4.20524492241000043E-28 0 4.13030313640999996E-28 0 9.60290240687000014E-28 0 3.79799548009000016E-28 0 2.02305844333999992E-28 0 2.40762813463999997E-28 0 3.50217264063000018E-28 0 3.06718980710999997E-28 0 2.01648871111999997E-27 0 1.60927624664999999E-28 0 2.02737252641999982E-28 0 2.41058636302999999E-28 0 6.05302833336999966E-28 0 4.06115454769000036E-28 0 3.67868026818E-28 0
3.09788142671000004E-28 0 2.99175498304999985E-28 0 1.80217738987999996E-28 0 3.51301947808000019E-28 0 3.46272959536999978E-28 0 3.38273416920000016E-28 0 2.86553723822000011E-28 0 3.13239409131000014E-28 0 2.89869404814E-28 0 6.92619874784000026E-28 0 4.18885140671999971E-28 0 4.13030313640999996E-28 0 8.60906092581000006E-28 0 3.79799548009000016E-28 0 2.02305844333999992E-28 0 2.40762813463999997E-28 0 2.98830371659000007E-28 0 3.06718980710999997E-28 0 2.01648871111999997E-27 0 1.60927624664999999E-28 0 2.02737252641999982E-28 0 2.38494838361000008E-28 0 5.09468559304999965E-28 0 4.06115454769000036E-28 0 3.11797272789000015E-28 0
2.98053836704999993E-28 0 2.70838135475000014E-28 0 1.80217738987999996E-28 0 3.51301947808000019E-28 0 3.27229364247000018E-28 0 3.38273416920000016E-28 0 2.81623343164E-28 0 3.13239409131000014E-28 0 2.89869404814E-28 0 6.75326564626999963E-28 0 4.18885140671999971E-28 0 3.3132158019300002E-28 0 8.60906092581000006E-28 0 3.79799548009000016E-28 0 2.02305844333999992E-28 0 2.24985595359000005E-28 0 2.98830371659000007E-28 0 3.06718980710999997E-28 0 2.01648871111999997E-27 0 1.60927624664999999E-28 0 2.02737252641999982E-28 0 2.38494838361000008E-28 0 4.44375208672000012E-28 0 4.06115454769000036E-28 0 3.11797272789000015E-28 0
2.98053836704999993E-28 0 2.70838135475000014E-28 0 1.80217738987999996E-28 0 3.51301947808000019E-28 0 3.27229364247000018E-28 0 3.38273416920000016E-28 0 2.81623343164E-28 0 3.13239409131000014E-28 0 2.89869404814E-28 0 6.75326564626999963E-28 0 3.89105641500000001E-28 0 3.3132158019300002E-28 0 7.29757967087999977E-28 0 3.38877388551000017E-28 0 1.85628831760000007E-28 0 1.67879461391999994E-28 0 2.6945762889100001E-28 0 3.06718980710999997E-28 0 2.01648871111999997E-27 0 1.60927624664999999E-28 0 2.02737252641999982E-28 0 2.38494838361000008E-28 0 4.44375208672000012E-28 0 3.61261316736000016E-28 0 3.11797272789000015E-28 0
2.95674928037999999E-28 0 2.70838135475000014E-28 0 1.72624952775000008E-28 0 3.39456708278000003E-28 0 3.27229364247000018E-28 0 3.38273416920000016E-28 0 2.81623343164E-28 0 3.13239409131000014E-28 0 2.89869404814E-28 0 6.75326564626999963E-28 0 3.89105641500000001E-28 0 3.3132158019300002E-28 0 7.29757967087999977E-28 0 2.27648000913999982E-28 0 1.75879004009000001E-28 0 1.67879461391999994E-28 0 2.6945762889100001E-28 0 2.88723091311000003E-28 0 1.75350220684000011E-27 0 1.60927624664999999E-28 0 2.02737252641999982E-28 0 2.11673567583999984E-28 0 4.44375208672000012E-28 0 3.41046756040000009E-28 0 3.11797272789000015E-28 0
2.67584084241000021E-28 0 2.70838135475000014E-28 0 1.72624952775000008E-28 0 3.39456708278000003E-28 0 2.70776505717000019E-28 0 3.38273416920000016E-28 0 1.32688869449000003E-28 0 3.13239409131000014E-28 0 2.43228003793000003E-28 0 6.19120225130000002E-28 0 3.89105641500000001E-28 0 3.3132158019300002E-28 0 7.28907476424000027E-28 0 2.27648000913999982E-28 0 1.75879004009000001E-28 0 1.67879461391999994E-28 0 2.6945762889100001E-28 0 2.60176187302999985E-28 0 1.48726165133000003E-27 0 1.60927624664999999E-28 0 2.02737252641999982E-28 0 2.11673567583999984E-28 0 4.44375208672000012E-28 0 3.41046756040000009E-28 0 3.11797272789000015E-28 0
2.67584084241000021E-28 0 2.70838135475000014E-28 0 1.72624952775000008E-28 0 3.39456708278000003E-28 0 2.31136245229999993E-28 0 2.87391888533000009E-28 0 1.32688869449000003E-28 0 3.13239409131000014E-28 0 2.43228003793000003E-28 0 6.19120225130000002E-28 0 3.89105641500000001E-28 0 3.3132158019300002E-28 0 7.28907476424000027E-28 0 2.27648000913999982E-28 0 1.38839519319000003E-28 0 1.67879461391999994E-28 0 2.6945762889100001E-28 0 2.56046993501999993E-28 0 1.48726165133000003E-27 0 1.60927624664999999E-28 0 2.02737252641999982E-28 0 2.11673567583999984E-28 0 4.44375208672000012E-28 0 3.30199918592999983E-28 0 2.50068906954999982E-28 0
2.67584084241000021E-28 0 2.70838135475000014E-28 0 1.72624952775000008E-28 0 3.39456708278000003E-28 0 1.90571538368999992E-28 0 2.09689089368999978E-28 0 1.32688869449000003E-28 0 3.13239409131000014E-28 0 2.43228003793000003E-28 0 6.19120225130000002E-28 0 3.85716004797999987E-28 0 3.18108160030000019E-28 0 7.13783533756999968E-28 0 2.27648000913999982E-28 0 1.38839519319000003E-28 0 1.53679965097999989E-28 0 2.54666486917999989E-28 0 2.20338711589999988E-28 0 9.63445684307999931E-28 0 1.60927624664999999E-28 0 1.74190348634000009E-28 0 1.99544831166000007E-28 0 4.44375208672000012E-28 0 3.30199918592999983E-28 0 2.50068906954999982E-28 0
2.16012302562000012E-28 0 2.70838135475000014E-28 0 1.72624952775000008E-28 0 3.39456708278000003E-28 0 1.90571538368999992E-28 0 2.09689089368999978E-28 0 1.32688869449000003E-28 0 3.13239409131000014E-28 0 2.43228003793000003E-28 0 5.92791992419000009E-28 0 3.71713723729999998E-28 0 2.83447584007000014E-28 0 6.61706388061000045E-28 0 2.27648000913999982E-28 0 1.38839519319000003E-28 0 1.53679965097999989E-28 0 2.54666486917999989E-28 0 2.20338711589999988E-28 0 9.63445684307999931E-28 0 1.43831529735000009E-28 0 1.74190348634000009E-28 0 1.99544831166000007E-28 0 4.44375208672000012E-28 0 3.29312450075000009E-28 0 2.50068906954999982E-28 0
2.16012302562000012E-28 0 2.70838135475000014E-28 0 1.72624952775000008E-28 0 3.39456708278000003E-28 0 1.90571538368999992E-28 0 2.09689089368999978E-28 0 1.32688869449000003E-28 0 2.66203577657000017E-28 0 2.35733825193E-28 0 5.59462619172999987E-28 0 3.26440503341999985E-28 0 2.83447584007000014E-28 0 5.76903840749000045E-28 0 2.27648000913999982E-28 0 1.38839519319000003E-28 0 1.53679965097999989E-28 0 2.36522686097999988E-28 0 1.97474071290000001E-28 0 9.63445684307999931E-28 0 1.43831529735000009E-28 0 1.74190348634000009E-28 0 1.99544831166000007E-28 0 4.04882859604999994E-28 0 3.07113411163999997E-28 0 2.17787239599000016E-28 0
2.16012302562000012E-28 0 2.70838135475000014E-28 0 1.63158621912999997E-28 0 2.33268634863999995E-28 0 1.90571538368999992E-28 0 2.04080781370999996E-28 0 1.32688869449000003E-28 0 2.66203577657000017E-28 0 1.68224588037999995E-28 0 5.41010669562000043E-28 0 2.21238506059999992E-28 0 2.83447584007000014E-28 0 3.43351708997000022E-28 0 1.55602813554999999E-28 0 1.38839519319000003E-28 0 1.53679965097999989E-28 0 2.36522686097999988E-28 0 1.97474071290000001E-28 0 9.63445684307999931E-28 0 1.43831529735000009E-28 0 1.74190348634000009E-28 0 1.99544831166000007E-28 0 3.24419047271999989E-28 0 2.53224350575999989E-28 0 2.17787239599000016E-28 0
2.16012302562000012E-28 0 2.70838135475000014E-28 0 9.82748124581999948E-29 0 2.33268634863999995E-28 0 1.90571538368999992E-28 0 2.04080781370999996E-28 0 1.32688869449000003E-28 0 2.66203577657000017E-28 0 1.68224588037999995E-28 0 5.41010669562000043E-28 0 2.21238506059999992E-28 0 2.83447584007000014E-28 0 3.43351708997000022E-28 0 1.55602813554999999E-28 0 1.38839519319000003E-28 0 1.53679965097999989E-28 0 2.08111367559000003E-28 0 1.97474071290000001E-28 0 9.63445684307999931E-28 0 1.43831529735000009E-28 0 1.74190348634000009E-28 0 1.99544831166000007E-28 0 2.36510360147000014E-28 0 2.53224350575999989E-28 0 2.17787239599000016E-28 0
2.16012302562000012E-28 0 2.67288261402000019E-28 0 9.82748124581999948E-29 0 2.33268634863999995E-28 0 1.90571538368999992E-28 0 2.04080781370999996E-28 0 1.32688869449000003E-28 0 2.66203577657000017E-28 0 1.68224588037999995E-28 0 3.54445065476999996E-28 0 2.21238506059999992E-28 0 2.8000864349899999E-28 0 3.43351708997000022E-28 0 1.55602813554999999E-28 0 1.38839519319000003E-28 0 1.32787477062000011E-28 0 2.08111367559000003E-28 0 1.97474071290000001E-28 0 9.63445684307999931E-28 0 1.43831529735000009E-28 0 1.67090600487000007E-28 0 1.99544831166000007E-28 0 2.36510360147000014E-28 0 2.53224350575999989E-28 0 2.17787239599000016E-28 0
2.16012302562000012E-28 0 2.67288261402000019E-28 0 9.82748124581999948E-29 0 2.33268634863999995E-28 0 1.8326224904400001E-28 0 2.04080781370999996E-28 0 1.32688869449000003E-28 0 2.13842935073000021E-28 0 1.68224588037999995E-28 0 3.11957510159999996E-28 0 2.21238506059999992E-28 0 2.8000864349899999E-28 0 3.43351708997000022E-28 0 1.55602813554999999E-28 0 1.38839519319000003E-28 0 1.32787477062000011E-28 0 2.08111367559000003E-28 0 1.97474071290000001E-28 0 9.63445684307999931E-28 0 1.43831529735000009E-28 0 1.67090600487000007E-28 0 1.84593451822000004E-28 0 2.36510360147000014E-28 0 2.53224350575999989E-28 0 2.17787239599000016E-28 0
1.08924434678999989E-28 0 2.50857767860000015E-28 0 9.82748124581999948E-29 0 2.33268634863999995E-28 0 1.8326224904400001E-28 0 1.20954563482999991E-28 0 1.32688869449000003E-28 0 2.13842935073000021E-28 0 1.68224588037999995E-28 0 3.11957510159999996E-28 0 2.21238506059999992E-28 0 2.8000864349899999E-28 0 3.43351708997000022E-28 0 1.55602813554999999E-28 0 1.38839519319000003E-28 0 1.32787477062000011E-28 0 2.08111367559000003E-28 0 1.97474071290000001E-28 0 9.61818658691000069E-28 0 1.15962553067000007E-28 0 1.67090600487000007E-28 0 1.61186469649999999E-28 0 2.36510360147000014E-28 0 1.55602813554999999E-28 0 2.17787239599000016E-28 0
1.08924434678999989E-28 0 2.50857767860000015E-28 0 9.82748124581999948E-29 0 2.33268634863999995E-28 0 1.8326224904400001E-28 0 1.20954563482999991E-28 0 1.32688869449000003E-28 0 2.13842935073000021E-28 0 1.68224588037999995E-28 0 2.99175498304999985E-28 0 2.21238506059999992E-28 0 2.19956607089000019E-28 0 3.43351708997000022E-28 0 1.55602813554999999E-28 0 1.27364058337999992E-28 0 1.32787477062000011E-28 0 2.08111367559000003E-28 0 1.97474071290000001E-28 0 9.31841944292000026E-28 0 1.15962553067000007E-28 0 1.67090600487000007E-28 0 1.61186469649999999E-28 0 2.36510360147000014E-28 0 1.55602813554999999E-28 0 2.17787239599000016E-28 0
1.08924434678999989E-28 0 2.01159530830999995E-28 0 9.82748124581999948E-29 0 2.33268634863999995E-28 0 1.7986028639000001E-28 0 1.20954563482999991E-28 0 1.32688869449000003E-28 0 2.13842935073000021E-28 0 1.68224588037999995E-28 0 2.99175498304999985E-28 0 2.21238506059999992E-28 0 2.19956607089000019E-28 0 3.43351708997000022E-28 0 1.55602813554999999E-28 0 1.22519959341999993E-28 0 1.32787477062000011E-28 0 2.08111367559000003E-28 0 1.97474071290000001E-28 0 9.16064726188000045E-28 0 1.15962553067000007E-28 0 1.67090600487000007E-28 0 1.61186469649999999E-28 0 2.36510360147000014E-28 0 1.55602813554999999E-28 0 2.17787239599000016E-28 0
1.08924434678999989E-28 0 2.01159530830999995E-28 0 9.82748124581999948E-29 0 2.33268634863999995E-28 0 1.7986028639000001E-28 0 1.20954563482999991E-28 0 1.32688869449000003E-28 0 2.13842935073000021E-28 0 1.68224588037999995E-28 0 2.99175498304999985E-28 0 2.21238506059999992E-28 0 2.19956607089000019E-28 0 3.43351708997000022E-28 0 1.55602813554999999E-28 0 1.22519959341999993E-28 0 9.6093119017199995E-29 0 1.59214317387000002E-28 0 1.79268640710999993E-28 0 7.59870266953999985E-28 0 1.15962553067000007E-28 0 1.56983320139000003E-28 0 1.59017102159999996E-28 0 2.36510360147000014E-28 0 1.55602813554999999E-28 0 2.13152681781000019E-28 0
1.08924434678999989E-28 0 2.01159530830999995E-28 0 9.82748124581999948E-29 0 2.33268634863999995E-28 0 1.70640474560999991E-28 0 1.20954563482999991E-28 0 1.09121649905000005E-28 0 1.98065716968999995E-28 0 1.68224588037999995E-28 0 2.99175498304999985E-28 0 2.21238506059999992E-28 0 2.19956607089000019E-28 0 3.41034430087999979E-28 0 1.55602813554999999E-28 0 1.15531144760000006E-28 0 9.6093119017199995E-29 0 1.59214317387000002E-28 0 1.55405598329000005E-28 0 7.59870266953999985E-28 0 1.15962553067000007E-28 0 1.47714204503000009E-28 0 1.59017102159999996E-28 0 2.36510360147000014E-28 0 1.55602813554999999E-28 0 1.91261791660999994E-28 0
1.08924434678999989E-28 0 1.38247873640000009E-28 0 9.82748124581999948E-29 0 2.33268634863999995E-28 0 1.70640474560999991E-28 0 1.20954563482999991E-28 0 1.09121649905000005E-28 0 1.98065716968999995E-28 0 1.68224588037999995E-28 0 2.99175498304999985E-28 0 2.09837000788999985E-28 0 1.37902746994000008E-28 0 3.41034430087999979E-28 0 1.55602813554999999E-28 0 1.02404006258999994E-28 0 9.6093119017199995E-29 0 1.30014137941999995E-28 0 1.55405598329000005E-28 0 7.59870266953999985E-28 0 1.15962553067000007E-28 0 1.47714204503000009E-28 0 1.59017102159999996E-28 0 2.36510360147000014E-28 0 1.55602813554999999E-28 0 1.72624952775000008E-28 0
1.08924434678999989E-28 0 1.38247873640000009E-28 0 9.82748124581999948E-29 0 2.33268634863999995E-28 0 1.70640474560999991E-28 0 1.20954563482999991E-28 0 1.09121649905000005E-28 0 1.98065716968999995E-28 0 1.68224588037999995E-28 0 2.99175498304999985E-28 0 2.09837000788999985E-28 0 1.37902746994000008E-28 0 2.98189422173999981E-28 0 1.55602813554999999E-28 0 1.01615145354000006E-28 0 9.6093119017199995E-29 0 1.30014137941999995E-28 0 1.55405598329000005E-28 0 6.74328162544000018E-28 0 8.98931653403000043E-29 0 1.23518361425000005E-28 0 1.45002495141000011E-28 0 2.36510360147000014E-28 0 1.55602813554999999E-28 0 1.72624952775000008E-28 0
1.08924434678999989E-28 0 1.38247873640000009E-28 0 9.82748124581999948E-29 0 2.33268634863999995E-28 0 1.70640474560999991E-28 0 1.20954563482999991E-28 0 1.09121649905000005E-28 0 1.82226869106000007E-28 0 1.68224588037999995E-28 0 2.04672427050000012E-28 0 2.09837000788999985E-28 0 1.37902746994000008E-28 0 2.98189422173999981E-28 0 1.55602813554999999E-28 0 1.01615145354000006E-28 0 9.6093119017199995E-29 0 1.30014137941999995E-28 0 1.55405598329000005E-28 0 6.74328162544000018E-28 0 8.15115182222999946E-29 0 1.23518361425000005E-28 0 1.2864595730900001E-28 0 2.36510360147000014E-28 0 1.45803681998000007E-28 0 1.55467228087000001E-28 0
1.08924434678999989E-28 0 1.38247873640000009E-28 0 9.82748124581999948E-29 0 2.33268634863999995E-28 0 1.70640474560999991E-28 0 1.20954563482999991E-28 0 1.09121649905000005E-28 0 1.5024102459000001E-28 0 1.65919635081000005E-28 0 2.04672427050000012E-28 0 2.09837000788999985E-28 0 1.37902746994000008E-28 0 2.98189422173999981E-28 0 1.55602813554999999E-28 0 1.01615145354000006E-28 0 9.6093119017199995E-29 0 1.0832046304800001E-28 0 1.50869648123999994E-28 0 6.74328162544000018E-28 0 8.15115182222999946E-29 0 1.23518361425000005E-28 0 1.13448058931999992E-28 0 2.36510360147000014E-28 0 1.45803681998000007E-28 0 1.55467228087000001E-28 0
9.82748124581999948E-29 0 1.38247873640000009E-28 0 9.82748124581999948E-29 0 2.33268634863999995E-28 0 1.70640474560999991E-28 0 1.13460384884E-28 0 1.09121649905000005E-28 0 1.5024102459000001E-28 0 1.03796838795000006E-28 0 2.04672427050000012E-28 0 2.09837000788999985E-28 0 1.37902746994000008E-28 0 2.98189422173999981E-28 0 1.55602813554999999E-28 0 8.18073410616999948E-29 0 9.6093119017199995E-29 0 1.0832046304800001E-28 0 1.50869648123999994E-28 0 5.25627881910000005E-28 0 8.15115182222999946E-29 0 1.23518361425000005E-28 0 1.13448058931999992E-28 0 2.36510360147000014E-28 0 1.45803681998000007E-28 0 1.55467228087000001E-28 0
9.82748124581999948E-29 0 1.1760190463599999E-28 0 9.82748124581999948E-29 0 1.96672884433000005E-28 0 1.60927624664999999E-28 0 1.13460384884E-28 0 1.09121649905000005E-28 0 1.5024102459000001E-28 0 1.03796838795000006E-28 0 2.04672427050000012E-28 0 1.90312693385000003E-28 0 1.37902746994000008E-28 0 2.98189422173999981E-28 0 1.55602813554999999E-28 0 8.12156953827999978E-29 0 8.91412822899999946E-29 0 1.0832046304800001E-28 0 1.36472936603000005E-28 0 5.25627881910000005E-28 0 8.15115182222999946E-29 0 1.23518361425000005E-28 0 1.13448058931999992E-28 0 2.36510360147000014E-28 0 1.45803681998000007E-28 0 1.55467228087000001E-28 0
9.82748124581999948E-29 0 1.01331648466000001E-28 0 7.71604572919000052E-29 0 1.62357435056000001E-28 0 1.60138763760000011E-28 0 1.13460384884E-28 0 1.09121649905000005E-28 0 1.5024102459000001E-28 0 1.03796838795000006E-28 0 2.04672427050000012E-28 0 1.90312693385000003E-28 0 1.37902746994000008E-28 0 2.09837000788999985E-28 0 1.55602813554999999E-28 0 8.12156953827999978E-29 0 8.91412822899999946E-29 0 1.0832046304800001E-28 0 1.36472936603000005E-28 0 4.68743615073000028E-28 0 8.15115182222999946E-29 0 1.23518361425000005E-28 0 1.13448058931999992E-28 0 2.29718760790999999E-28 0 1.45803681998000007E-28 0 1.55467228087000001E-28 0
9.82748124581999948E-29 0 1.01331648466000001E-28 0 7.71604572919000052E-29 0 1.62357435056000001E-28 0 1.60138763760000011E-28 0 1.05165019427000002E-28 0 1.09121649905000005E-28 0 1.5024102459000001E-28 0 1.03796838795000006E-28 0 2.04672427050000012E-28 0 1.79231662856999992E-28 0 1.37902746994000008E-28 0 1.70455585285999994E-28 0 1.55602813554999999E-28 0 8.12156953827999978E-29 0 8.91412822899999946E-29 0 1.0832046304800001E-28 0 1.36472936603000005E-28 0 4.68743615073000028E-28 0 6.08039194601999947E-29 0 1.23518361425000005E-28 0 1.13448058931999992E-28 0 1.92346475405999996E-28 0 1.45803681998000007E-28 0 1.39480468804000006E-28 0
9.82748124581999948E-29 0 1.01331648466000001E-28 0 7.71604572919000052E-29 0 1.62357435056000001E-28 0 1.2440582994399999E-28 0 1.05165019427000002E-28 0 1.09121649905000005E-28 0 1.5024102459000001E-28 0 8.14498884640999948E-29 0 2.04672427050000012E-28 0 1.79231662856999992E-28 0 1.37902746994000008E-28 0 1.70455585285999994E-28 0 1.39086038351999995E-28 0 8.03159009128000048E-29 0 8.14129106091000043E-29 0 1.0832046304800001E-28 0 1.14384831257000009E-28 0 4.68743615073000028E-28 0 6.08039194601999947E-29 0 1.23518361425000005E-28 0 1.13448058931999992E-28 0 1.92346475405999996E-28 0 1.45803681998000007E-28 0 1.39480468804000006E-28 0
9.82748124581999948E-29 0 1.01331648466000001E-28 0 7.71604572919000052E-29 0 1.62357435056000001E-28 0 1.2440582994399999E-28 0 1.05165019427000002E-28 0 1.09121649905000005E-28 0 1.5024102459000001E-28 0 8.14498884640999948E-29 0 1.41847051520000003E-28 0 1.75127120959000004E-28 0 1.37902746994000008E-28 0 1.70455585285999994E-28 0 1.39086038351999995E-28 0 6.4353793533699996E-29 0 8.14129106091000043E-29 0 1.0832046304800001E-28 0 1.1227709352599999E-28 0 4.68743615073000028E-28 0 6.08039194601999947E-29 0 1.23518361425000005E-28 0 1.13448058931999992E-28 0 1.60335978986000005E-28 0 1.33083299900999991E-28 0 1.39480468804000006E-28 0
9.82748124581999948E-29 0 1.01331648466000001E-28 0 7.71604572919000052E-29 0 1.62357435056000001E-28 0 1.2440582994399999E-28 0 1.05165019427000002E-28 0 1.01960272000000007E-28 0 1.3016204936099999E-28 0 8.14498884640999948E-29 0 1.41847051520000003E-28 0 1.37915072945999994E-28 0 1.37902746994000008E-28 0 1.70455585285999994E-28 0 1.39086038351999995E-28 0 6.4353793533699996E-29 0 8.14129106091000043E-29 0 1.0832046304800001E-28 0 1.1227709352599999E-28 0 4.68743615073000028E-28 0 6.08039194601999947E-29 0 1.23518361425000005E-28 0 1.03981728068999992E-28 0 1.49735660571999994E-28 0 1.33083299900999991E-28 0 1.22039247227999993E-28 0
9.82748124581999948E-29 0 1.01331648466000001E-28 0 7.71604572919000052E-29 0 1.62357435056000001E-28 0 1.12264767574000005E-28 0 9.2148814491100003E-29 0 1.01960272000000007E-28 0 1.3016204936099999E-28 0 8.14498884640999948E-29 0 1.41847051520000003E-28 0 1.15136714307000007E-28 0 1.37902746994000008E-28 0 1.70455585285999994E-28 0 1.39086038351999995E-28 0 4.67893124409000022E-29 0 8.14129106091000043E-29 0 1.0832046304800001E-28 0 1.08073944014999994E-28 0 4.68743615073000028E-28 0 6.08039194601999947E-29 0 1.04376158521999992E-28 0 1.03981728068999992E-28 0 1.49735660571999994E-28 0 1.20892933724999996E-28 0 1.22039247227999993E-28 0
9.82748124581999948E-29 0 8.18936227232999974E-29 0 7.71604572919000052E-29 0 1.62357435056000001E-28 0 7.33640641856000044E-29 0 9.2148814491100003E-29 0 1.01960272000000007E-28 0 1.3016204936099999E-28 0 8.14498884640999948E-29 0 1.41847051520000003E-28 0 1.15136714307000007E-28 0 1.37902746994000008E-28 0 1.70455585285999994E-28 0 1.39086038351999995E-28 0 4.67893124409000022E-29 0 7.57922766594000037E-29 0 1.0832046304800001E-28 0 1.08073944014999994E-28 0 4.68743615073000028E-28 0 6.08039194601999947E-29 0 1.04376158521999992E-28 0 5.12759588394000039E-29 0 1.49735660571999994E-28 0 1.20892933724999996E-28 0 1.14347853401999996E-28 0
9.82748124581999948E-29 0 8.18936227232999974E-29 0 6.82980980597999992E-29 0 1.62357435056000001E-28 0 7.33640641856000044E-29 0 9.2148814491100003E-29 0 1.01960272000000007E-28 0 1.3016204936099999E-28 0 8.14498884640999948E-29 0 1.41847051520000003E-28 0 1.15136714307000007E-28 0 1.02021901758000003E-28 0 1.70455585285999994E-28 0 1.28448742082999994E-28 0 4.67893124409000022E-29 0 5.63665768683999961E-29 0 1.0832046304800001E-28 0 9.44291155453000045E-29 0 4.68743615073000028E-28 0 6.08039194601999947E-29 0 1.04376158521999992E-28 0 5.12759588394000039E-29 0 1.49735660571999994E-28 0 1.20892933724999996E-28 0 1.14347853401999996E-28 0
9.82748124581999948E-29 0 8.18936227232999974E-29 0 6.82980980597999992E-29 0 1.62357435056000001E-28 0 7.33640641856000044E-29 0 9.2148814491100003E-29 0 1.01960272000000007E-28 0 1.16603502553E-28 0 8.14498884640999948E-29 0 1.41847051520000003E-28 0 1.15136714307000007E-28 0 1.02021901758000003E-28 0 1.70455585285999994E-28 0 1.22125528890000004E-28 0 4.67893124409000022E-29 0 5.63665768683999961E-29 0 9.36402546401000009E-29 0 9.01889881797000045E-29 0 2.85025305818000001E-28 0 6.08039194601999947E-29 0 1.04376158521999992E-28 0 5.12759588394000039E-29 0 1.49735660571999994E-28 0 1.08036966160000004E-28 0 1.14347853401999996E-28 0
5.77470834524999966E-29 0 8.18936227232999974E-29 0 6.72503921701000005E-29 0 1.62357435056000001E-28 0 7.33640641856000044E-29 0 7.20328614079999968E-29 0 7.21437949727999974E-29 0 1.14347853401999996E-28 0 8.14498884640999948E-29 0 1.41847051520000003E-28 0 1.15136714307000007E-28 0 1.02021901758000003E-28 0 1.70455585285999994E-28 0 1.22125528890000004E-28 0 4.67893124409000022E-29 0 5.63665768683999961E-29 0 8.5061392295799996E-29 0 7.57922766594000037E-29 0 2.85025305818000001E-28 0 6.08039194601999947E-29 0 7.75548877444999958E-29 0 5.12759588394000039E-29 0 1.49735660571999994E-28 0 1.08036966160000004E-28 0 9.68819799224999952E-29 0
5.77470834524999966E-29 0 6.45386828084000035E-29 0 6.72503921701000005E-29 0 1.62357435056000001E-28 0 7.33640641856000044E-29 0 6.94197596594000046E-29 0 7.21437949727999974E-29 0 1.14347853401999996E-28 0 8.14498884640999948E-29 0 1.41847051520000003E-28 0 1.15136714307000007E-28 0 1.02021901758000003E-28 0 1.56847734671000005E-28 0 1.00382550188999998E-28 0 4.67893124409000022E-29 0 5.63665768683999961E-29 0 8.5061392295799996E-29 0 7.57922766594000037E-29 0 2.85025305818000001E-28 0 6.08039194601999947E-29 0 7.75548877444999958E-29 0 5.12759588394000039E-29 0 1.49735660571999994E-28 0 9.54521695316999971E-29 0 9.68819799224999952E-29 0
5.77470834524999966E-29 0 6.45386828084000035E-29 0 6.72503921701000005E-29 0 1.62357435056000001E-28 0 7.33640641856000044E-29 0 6.94197596594000046E-29 0 7.21437949727999974E-29 0 1.14347853401999996E-28 0 8.14498884640999948E-29 0 1.10292615311000007E-28 0 1.15136714307000007E-28 0 1.02021901758000003E-28 0 1.56847734671000005E-28 0 1.00382550188999998E-28 0 4.67893124409000022E-29 0 4.51622868238999999E-29 0 7.06646807754999952E-29 0 6.04094890076000041E-29 0 2.85025305818000001E-28 0 6.08039194601999947E-29 0 7.75548877444999958E-29 0 5.12759588394000039E-29 0 1.49735660571999994E-28 0 9.54521695316999971E-29 0 6.72503921701000005E-29 0
5.77470834524999966E-29 0 6.45386828084000035E-29 0 5.83387291314000049E-29 0 1.62357435056000001E-28 0 7.33640641856000044E-29 0 5.82277955666000043E-29 0 7.21437949727999974E-29 0 1.14347853401999996E-28 0 8.14498884640999948E-29 0 9.94581038160999968E-29 0 1.15136714307000007E-28 0 1.02021901758000003E-28 0 1.56847734671000005E-28 0 1.00382550188999998E-28 0 4.67893124409000022E-29 0 4.51622868238999999E-29 0 7.06646807754999952E-29 0 6.04094890076000041E-29 0 2.85025305818000001E-28 0 6.08039194601999947E-29 0 7.75548877444999958E-29 0 5.12759588394000039E-29 0 1.49735660571999994E-28 0 9.54521695316999971E-29 0 6.72503921701000005E-29 0
5.77470834524999966E-29 0 6.45386828084000035E-29 0 5.83387291314000049E-29 0 1.3962838022399999E-28 0 7.33640641856000044E-29 0 5.82277955666000043E-29 0 7.21437949727999974E-29 0 1.14347853401999996E-28 0 6.3762147854799999E-29 0 9.94581038160999968E-29 0 1.15136714307000007E-28 0 9.61054449689000019E-29 0 1.56847734671000005E-28 0 1.00382550188999998E-28 0 4.67893124409000022E-29 0 4.51622868238999999E-29 0 7.06646807754999952E-29 0 5.50846778974000004E-29 0 2.85025305818000001E-28 0 6.08039194601999947E-29 0 7.75548877444999958E-29 0 5.12759588394000039E-29 0 1.24898868009000009E-28 0 9.54521695316999971E-29 0 6.72503921701000005E-29 0
5.77470834524999966E-29 0 6.45386828084000035E-29 0 5.83387291314000049E-29 0 1.3962838022399999E-28 0 7.33640641856000044E-29 0 5.82277955666000043E-29 0 7.21437949727999974E-29 0 1.14347853401999996E-28 0 6.3762147854799999E-29 0 9.94581038160999968E-29 0 1.15136714307000007E-28 0 9.61054449689000019E-29 0 1.56847734671000005E-28 0 8.54558227483999978E-29 0 4.67893124409000022E-29 0 4.51622868238999999E-29 0 7.06646807754999952E-29 0 5.50846778974000004E-29 0 2.85025305818000001E-28 0 6.08039194601999947E-29 0 7.75548877444999958E-29 0 5.12759588394000039E-29 0 1.24898868009000009E-28 0 9.54521695316999971E-29 0 6.72503921701000005E-29 0
5.77470834524999966E-29 0 4.89093761237000022E-29 0 2.52435489671000002E-29 0 1.27758488790999992E-28 0 7.33640641856000044E-29 0 5.82277955666000043E-29 0 7.21437949727999974E-29 0 1.14347853401999996E-28 0 6.3762147854799999E-29 0 9.94581038160999968E-29 0 1.02404006258999994E-28 0 9.61054449689000019E-29 0 1.56847734671000005E-28 0 8.54558227483999978E-29 0 3.78653234506000019E-29 0 4.51622868238999999E-29 0 7.06646807754999952E-29 0 5.0339186514399998E-29 0 2.85025305818000001E-28 0 6.08039194601999947E-29 0 6.8002275220399999E-29 0 5.12759588394000039E-29 0 1.24898868009000009E-28 0 9.54521695316999971E-29 0 6.72503921701000005E-29 0
5.77470834524999966E-29 0 4.89093761237000022E-29 0 2.52435489671000002E-29 0 1.27758488790999992E-28 0 7.33640641856000044E-29 0 5.82277955666000043E-29 0 7.1983557601399996E-29 0 1.14347853401999996E-28 0 6.3762147854799999E-29 0 9.94581038160999968E-29 0 8.17087334486000011E-29 0 8.33850628721999986E-29 0 1.4521203631899999E-28 0 8.54558227483999978E-29 0 3.78653234506000019E-29 0 4.51622868238999999E-29 0 7.06646807754999952E-29 0 5.0339186514399998E-29 0 2.74523595016999998E-28 0 6.08039194601999947E-29 0 6.8002275220399999E-29 0 4.04291213925999989E-29 0 1.24898868009000009E-28 0 9.54521695316999971E-29 0 6.72503921701000005E-29 0
5.77470834524999966E-29 0 4.89093761237000022E-29 0 2.52435489671000002E-29 0 1.15826967599000009E-28 0 7.33640641856000044E-29 0 5.82277955666000043E-29 0 7.1983557601399996E-29 0 1.06496222204999996E-28 0 6.3762147854799999E-29 0 6.96786046439999964E-29 0 8.17087334486000011E-29 0 8.33850628721999986E-29 0 6.72503921701000005E-29 0 8.54558227483999978E-29 0 3.78653234506000019E-29 0 3.37854334563999977E-29 0 7.06646807754999952E-29 0 4.79726037987999986E-29 0 2.74523595016999998E-28 0 6.08039194601999947E-29 0 6.8002275220399999E-29 0 4.04291213925999989E-29 0 1.24898868009000009E-28 0 9.54521695316999971E-29 0 6.72503921701000005E-29 0
5.77470834524999966E-29 0 4.89093761237000022E-29 0 2.52435489671000002E-29 0 1.15826967599000009E-28 0 6.54754551333000015E-29 0 5.54791083500000021E-29 0 5.83757069863999954E-29 0 9.13599535858999995E-29 0 6.3762147854799999E-29 0 6.96786046439999964E-29 0 8.17087334486000011E-29 0 7.95270400076000013E-29 0 6.72503921701000005E-29 0 8.54558227483999978E-29 0 3.78653234506000019E-29 0 3.37854334563999977E-29 0 7.06646807754999952E-29 0 4.79726037987999986E-29 0 2.74523595016999998E-28 0 6.08039194601999947E-29 0 6.8002275220399999E-29 0 4.04291213925999989E-29 0 1.24898868009000009E-28 0 7.75548877444999958E-29 0 6.72503921701000005E-29 0
5.77470834524999966E-29 0 3.92951338412999977E-29 0 2.52435489671000002E-29 0 9.55137992900000049E-29 0 4.25984888818999974E-29 0 4.67400086343000014E-29 0 5.83757069863999954E-29 0 9.13599535858999995E-29 0 6.3762147854799999E-29 0 6.96786046439999964E-29 0 8.17087334486000011E-29 0 7.95270400076000013E-29 0 6.72503921701000005E-29 0 7.32161527658000021E-29 0 3.78653234506000019E-29 0 3.37854334563999977E-29 0 7.06646807754999952E-29 0 4.79726037987999986E-29 0 2.74523595016999998E-28 0 4.44227297253000028E-29 0 6.54384772783999964E-29 0 4.04291213925999989E-29 0 1.24898868009000009E-28 0 7.75548877444999958E-29 0 6.72503921701000005E-29 0
5.77470834524999966E-29 0 3.92951338412999977E-29 0 2.47012070946999988E-29 0 9.55137992900000049E-29 0 4.25984888818999974E-29 0 4.55197394216000023E-29 0 5.49860702841999988E-29 0 9.13599535858999995E-29 0 6.3762147854799999E-29 0 6.96786046439999964E-29 0 8.17087334486000011E-29 0 5.38027789264000047E-29 0 6.72503921701000005E-29 0 7.32161527658000021E-29 0 2.73759386014999992E-29 0 3.37854334563999977E-29 0 7.06646807754999952E-29 0 2.2642773170200001E-29 0 2.74523595016999998E-28 0 4.24505774621999973E-29 0 5.42958169921999968E-29 0 4.04291213925999989E-29 0 1.05078737766000002E-28 0 7.75548877444999958E-29 0 6.72503921701000005E-29 0
5.77470834524999966E-29 0 3.92951338412999977E-29 0 2.13608741991999997E-29 0 9.55137992900000049E-29 0 4.25984888818999974E-29 0 4.55197394216000023E-29 0 3.46729019747999973E-29 0 9.13599535858999995E-29 0 6.3762147854799999E-29 0 6.96786046439999964E-29 0 8.17087334486000011E-29 0 5.38027789264000047E-29 0 6.72503921701000005E-29 0 7.32161527658000021E-29 0 2.73759386014999992E-29 0 3.37854334563999977E-29 0 7.06646807754999952E-29 0 2.2642773170200001E-29 0 2.06348756473999985E-28 0 4.24505774621999973E-29 0 5.42958169921999968E-29 0 4.04291213925999989E-29 0 1.05078737766000002E-28 0 7.4399444123700004E-29 0 6.72503921701000005E-29 0
5.77470834524999966E-29 0 3.92951338412999977E-29 0 1.64181675898999992E-29 0 9.55137992900000049E-29 0 4.25984888818999974E-29 0 4.55197394216000023E-29 0 3.46729019747999973E-29 0 8.93384975163000011E-29 0 6.3762147854799999E-29 0 6.96786046439999964E-29 0 8.17087334486000011E-29 0 5.38027789264000047E-29 0 6.72503921701000005E-29 0 7.32161527658000021E-29 0 2.73759386014999992E-29 0 3.23063192591000012E-29 0 5.77470834524999966E-29 0 2.2642773170200001E-29 0 1.95637504495000002E-28 0 2.46519032882000003E-29 0 5.42958169921999968E-29 0 4.04291213925999989E-29 0 1.05078737766000002E-28 0 7.4399444123700004E-29 0 6.72503921701000005E-29 0
5.77470834524999966E-29 0 3.92951338412999977E-29 0 1.64181675898999992E-29 0 9.55137992900000049E-29 0 4.25984888818999974E-29 0 4.4829486129499998E-29 0 3.23432971140999973E-29 0 8.28303950481999954E-29 0 6.09395049283000013E-29 0 6.96786046439999964E-29 0 7.42145548489999966E-29 0 5.38027789264000047E-29 0 6.72503921701000005E-29 0 5.67610073209999978E-29 0 2.73759386014999992E-29 0 3.23063192591000012E-29 0 4.38434099979999992E-29 0 2.2642773170200001E-29 0 1.95637504495000002E-28 0 2.46519032882000003E-29 0 3.07655753035999992E-29 0 4.04291213925999989E-29 0 1.05078737766000002E-28 0 7.11577188412999986E-29 0 6.72503921701000005E-29 0
5.77470834524999966E-29 0 3.92951338412999977E-29 0 1.64181675898999992E-29 0 9.55137992900000049E-29 0 4.25984888818999974E-29 0 4.28450079147999991E-29 0 3.23432971140999973E-29 0 8.28303950481999954E-29 0 6.09395049283000013E-29 0 6.96786046439999964E-29 0 7.4115947235799995E-29 0 5.38027789264000047E-29 0 6.72503921701000005E-29 0 5.06473353055000051E-29 0 2.73759386014999992E-29 0 3.11230279013000015E-29 0 4.38434099979999992E-29 0 2.2642773170200001E-29 0 1.95045858816000008E-28 0 2.46519032882000003E-29 0 3.07655753035999992E-29 0 4.04291213925999989E-29 0 1.05078737766000002E-28 0 7.11577188412999986E-29 0 6.72503921701000005E-29 0
5.77470834524999966E-29 0 3.92951338412999977E-29 0 1.64181675898999992E-29 0 8.68363293324999984E-29 0 4.25984888818999974E-29 0 4.28450079147999991E-29 0 3.23432971140999973E-29 0 8.28303950481999954E-29 0 6.09395049283000013E-29 0 6.96786046439999964E-29 0 4.76891069109000008E-29 0 5.38027789264000047E-29 0 4.4817160177899999E-29 0 5.06473353055000051E-29 0 2.73759386014999992E-29 0 3.11230279013000015E-29 0 4.38434099979999992E-29 0 2.2642773170200001E-29 0 1.91754829727000002E-28 0 2.46519032882000003E-29 0 3.07655753035999992E-29 0 4.04291213925999989E-29 0 1.05078737766000002E-28 0 7.11577188412999986E-29 0 6.72503921701000005E-29 0
5.77470834524999966E-29 0 3.92951338412999977E-29 0 1.64181675898999992E-29 0 8.68363293324999984E-29 0 4.25984888818999974E-29 0 4.28450079147999991E-29 0 3.23432971140999973E-29 0 8.28303950481999954E-29 0 5.55777159630999959E-29 0 6.96786046439999964E-29 0 4.76891069109000008E-29 0 5.38027789264000047E-29 0 4.4817160177899999E-29 0 5.06473353055000051E-29 0 2.73759386014999992E-29 0 3.11230279013000015E-29 0 4.38434099979999992E-29 0 2.2642773170200001E-29 0 1.91754829727000002E-28 0 2.46519032882000003E-29 0 3.07655753035999992E-29 0 4.04291213925999989E-29 0 9.56493847580000036E-29 0 3.76311303694000016E-29 0 6.72503921701000005E-29 0
4.75781733461000001E-29 0 3.92951338412999977E-29 0 1.64181675898999992E-29 0 8.68363293324999984E-29 0 4.25984888818999974E-29 0 4.28450079147999991E-29 0 3.23432971140999973E-29 0 8.28303950481999954E-29 0 5.55777159630999959E-29 0 6.96786046439999964E-29 0 4.76891069109000008E-29 0 5.38027789264000047E-29 0 4.4817160177899999E-29 0 5.06473353055000051E-29 0 2.73759386014999992E-29 0 3.11230279013000015E-29 0 4.38434099979999992E-29 0 2.2642773170200001E-29 0 1.91754829727000002E-28 0 2.46519032882000003E-29 0 3.07655753035999992E-29 0 4.04291213925999989E-29 0 9.41332927057999964E-29 0 3.76311303694000016E-29 0 5.46286176865999988E-29 0
4.75781733461000001E-29 0 3.92951338412999977E-29 0 1.64181675898999992E-29 0 8.68363293324999984E-29 0 4.25984888818999974E-29 0 4.28450079147999991E-29 0 3.23432971140999973E-29 0 8.28303950481999954E-29 0 5.06473353055000051E-29 0 6.96786046439999964E-29 0 4.76891069109000008E-29 0 5.38027789264000047E-29 0 4.4817160177899999E-29 0 5.06473353055000051E-29 0 2.73759386014999992E-29 0 3.11230279013000015E-29 0 4.38434099979999992E-29 0 2.2642773170200001E-29 0 1.91754829727000002E-28 0 2.46519032882000003E-29 0 3.07655753035999992E-29 0 4.04291213925999989E-29 0 9.41332927057999964E-29 0 3.76311303694000016E-29 0 5.46286176865999988E-29 0
4.75781733461000001E-29 0 3.92951338412999977E-29 0 1.64181675898999992E-29 0 5.89303748103000019E-29 0 4.25984888818999974E-29 0 4.28450079147999991E-29 0 3.23432971140999973E-29 0 8.28303950481999954E-29 0 5.06473353055000051E-29 0 6.96786046439999964E-29 0 4.76891069109000008E-29 0 5.38027789264000047E-29 0 4.4817160177899999E-29 0 5.06473353055000051E-29 0 2.73759386014999992E-29 0 3.11230279013000015E-29 0 4.38434099979999992E-29 0 2.2642773170200001E-29 0 1.46888365741999997E-28 0 2.46519032882000003E-29 0 3.07655753035999992E-29 0 4.04291213925999989E-29 0 9.41332927057999964E-29 0 3.76311303694000016E-29 0 5.46286176865999988E-29 0
4.75781733461000001E-29 0 3.92951338412999977E-29 0 1.64181675898999992E-29 0 5.89303748103000019E-29 0 4.25984888818999974E-29 0 4.28450079147999991E-29 0 3.11230279013000015E-29 0 7.11577188412999986E-29 0 5.06473353055000051E-29 0 6.96786046439999964E-29 0 4.76891069109000008E-29 0 5.38027789264000047E-29 0 4.4817160177899999E-29 0 3.9997713085000001E-29 0 2.03624721159999995E-29 0 3.11230279013000015E-29 0 4.20068432030000003E-29 0 2.2642773170200001E-29 0 1.46888365741999997E-28 0 2.46519032882000003E-29 0 3.07655753035999992E-29 0 4.04291213925999989E-29 0 9.18653176033000019E-29 0 3.76311303694000016E-29 0 5.46286176865999988E-29 0
4.40282992725999988E-29 0 3.92951338412999977E-29 0 1.64181675898999992E-29 0 5.89303748103000019E-29 0 4.25984888818999974E-29 0 4.28450079147999991E-29 0 3.11230279013000015E-29 0 7.11577188412999986E-29 0 4.36461947716999983E-29 0 5.11280474196000015E-29 0 4.76891069109000008E-29 0 5.38027789264000047E-29 0 4.4817160177899999E-29 0 3.9997713085000001E-29 0 2.03624721159999995E-29 0 3.11230279013000015E-29 0 4.20068432030000003E-29 0 2.2642773170200001E-29 0 1.46888365741999997E-28 0 2.46519032882000003E-29 0 3.07655753035999992E-29 0 4.04291213925999989E-29 0 9.18653176033000019E-29 0 3.76311303694000016E-29 0 5.38027789264000047E-29 0
4.40282992725999988E-29 0 3.92951338412999977E-29 0 1.64181675898999992E-29 0 5.89303748103000019E-29 0 4.25984888818999974E-29 0 4.28450079147999991E-29 0 3.11230279013000015E-29 0 7.11577188412999986E-29 0 3.09627905299000001E-29 0 5.11280474196000015E-29 0 4.62099927135999986E-29 0 5.38027789264000047E-29 0 4.4817160177899999E-29 0 3.78653234506000019E-29 0 2.03624721159999995E-29 0 2.67842929226000022E-29 0 3.54987407349000003E-29 0 2.2642773170200001E-29 0 1.36633173974999998E-28 0 2.46519032882000003E-29 0 3.07655753035999992E-29 0 4.04291213925999989E-29 0 8.57516455878999946E-29 0 3.76311303694000016E-29 0 5.38027789264000047E-29 0
4.40282992725999988E-29 0 3.92951338412999977E-29 0 1.51855724254999987E-29 0 4.20561470096000011E-29 0 4.25984888818999974E-29 0 4.28450079147999991E-29 0 3.11230279013000015E-29 0 6.56356925047000029E-29 0 3.09627905299000001E-29 0 5.11280474196000015E-29 0 4.62099927135999986E-29 0 5.38027789264000047E-29 0 4.4817160177899999E-29 0 3.71380923035999982E-29 0 2.03624721159999995E-29 0 2.50956375473000006E-29 0 3.4475686748500002E-29 0 1.98817600019000003E-29 0 1.36633173974999998E-28 0 2.46519032882000003E-29 0 3.07655753035999992E-29 0 4.04291213925999989E-29 0 7.31298711042999962E-29 0 3.09627905299000001E-29 0 4.9069613495099998E-29 0
4.40282992725999988E-29 0 3.92951338412999977E-29 0 1.37680879863999992E-29 0 4.20561470096000011E-29 0 4.25984888818999974E-29 0 3.18009552416999988E-29 0 3.11230279013000015E-29 0 6.56356925047000029E-29 0 3.09627905299000001E-29 0 5.11280474196000015E-29 0 4.62099927135999986E-29 0 5.38027789264000047E-29 0 4.4817160177899999E-29 0 3.71380923035999982E-29 0 2.03624721159999995E-29 0 1.28682935164000006E-29 0 3.4475686748500002E-29 0 1.98817600019000003E-29 0 1.36633173974999998E-28 0 2.46519032882000003E-29 0 3.07655753035999992E-29 0 4.04291213925999989E-29 0 5.90166564717999966E-29 0 3.09627905299000001E-29 0 4.9069613495099998E-29 0
4.40282992725999988E-29 0 3.92951338412999977E-29 0 1.37680879863999992E-29 0 4.20561470096000011E-29 0 4.25984888818999974E-29 0 3.18009552416999988E-29 0 2.86578375725000005E-29 0 6.40949485492000009E-29 0 3.09627905299000001E-29 0 5.11280474196000015E-29 0 4.62099927135999986E-29 0 5.38027789264000047E-29 0 4.4817160177899999E-29 0 3.71380923035999982E-29 0 2.03624721159999995E-29 0 1.28682935164000006E-29 0 2.90522680251000023E-29 0 1.98817600019000003E-29 0 1.36633173974999998E-28 0 2.46519032882000003E-29 0 3.07655753035999992E-29 0 4.04291213925999989E-29 0 5.90166564717999966E-29 0 3.09627905299000001E-29 0 4.43364480637000003E-29 0
4.40282992725999988E-29 0 3.92951338412999977E-29 0 1.37680879863999992E-29 0 4.20561470096000011E-29 0 4.25984888818999974E-29 0 3.18009552416999988E-29 0 1.99187378567999998E-29 0 6.05943782823000003E-29 0 3.09627905299000001E-29 0 5.11280474196000015E-29 0 4.62099927135999986E-29 0 4.12672861043999976E-29 0 4.4817160177899999E-29 0 3.71380923035999982E-29 0 2.03624721159999995E-29 0 1.28682935164000006E-29 0 2.90522680251000023E-29 0 1.98817600019000003E-29 0 1.36633173974999998E-28 0 2.46519032882000003E-29 0 2.98411289303000002E-29 0 4.04291213925999989E-29 0 5.90166564717999966E-29 0 2.39246721411999994E-29 0 4.43364480637000003E-29 0
3.84199912745999995E-29 0 2.56996091779000018E-29 0 1.26834042418000011E-29 0 4.20561470096000011E-29 0 4.25984888818999974E-29 0 3.18009552416999988E-29 0 1.99187378567999998E-29 0 4.20068432030000003E-29 0 3.09627905299000001E-29 0 5.11280474196000015E-29 0 4.62099927135999986E-29 0 4.12672861043999976E-29 0 4.4817160177899999E-29 0 3.71380923035999982E-29 0 2.03624721159999995E-29 0 1.28682935164000006E-29 0 2.90522680251000023E-29 0 1.98817600019000003E-29 0 1.36633173974999998E-28 0 2.46519032882000003E-29 0 2.98411289303000002E-29 0 4.04291213925999989E-29 0 5.90166564717999966E-29 0 2.39246721411999994E-29 0 4.43364480637000003E-29 0
3.84199912745999995E-29 0 2.56996091779000018E-29 0 1.26834042418000011E-29 0 4.20561470096000011E-29 0 4.25984888818999974E-29 0 3.18009552416999988E-29 0 1.99187378567999998E-29 0 4.20068432030000003E-29 0 3.09627905299000001E-29 0 5.11280474196000015E-29 0 4.62099927135999986E-29 0 4.12672861043999976E-29 0 4.4817160177899999E-29 0 3.71380923035999982E-29 0 2.03624721159999995E-29 0 1.28682935164000006E-29 0 2.90522680251000023E-29 0 1.98817600019000003E-29 0 1.36633173974999998E-28 0 2.46519032882000003E-29 0 2.68829005357000015E-29 0 4.04291213925999989E-29 0 5.90166564717999966E-29 0 2.39246721411999994E-29 0 4.43364480637000003E-29 0
3.84199912745999995E-29 0 2.56996091779000018E-29 0 1.26834042418000011E-29 0 4.20561470096000011E-29 0 3.96032826323999992E-29 0 3.18009552416999988E-29 0 1.99187378567999998E-29 0 4.20068432030000003E-29 0 1.69235316072999988E-29 0 5.11280474196000015E-29 0 4.62099927135999986E-29 0 4.12672861043999976E-29 0 4.4817160177899999E-29 0 3.71380923035999982E-29 0 2.03624721159999995E-29 0 4.14151975241000019E-30 0 2.90522680251000023E-29 0 1.98817600019000003E-29 0 1.36633173974999998E-28 0 2.46519032882000003E-29 0 2.68829005357000015E-29 0 4.04291213925999989E-29 0 5.90166564717999966E-29 0 2.39246721411999994E-29 0 4.43364480637000003E-29 0
3.54987407349000003E-29 0 1.54444174099999994E-29 0 1.20794326111999999E-29 0 4.20561470096000011E-29 0 3.96032826323999992E-29 0 3.18009552416999988E-29 0 1.99187378567999998E-29 0 4.20068432030000003E-29 0 1.69235316072999988E-29 0 5.11280474196000015E-29 0 4.62099927135999986E-29 0 4.12672861043999976E-29 0 4.4817160177899999E-29 0 3.71380923035999982E-29 0 2.03624721159999995E-29 0 4.14151975241000019E-30 0 2.90522680251000023E-29 0 1.98817600019000003E-29 0 1.36633173974999998E-28 0 2.46519032882000003E-29 0 2.68829005357000015E-29 0 4.04291213925999989E-29 0 5.90166564717999966E-29 0 2.27290548317000012E-29 0 4.10207670715000015E-29 0
3.51659400406000006E-29 0 1.54444174099999994E-29 0 1.20794326111999999E-29 0 4.20561470096000011E-29 0 2.93850687194999986E-29 0 3.06176638838999991E-29 0 1.99187378567999998E-29 0 4.20068432030000003E-29 0 1.69235316072999988E-29 0 5.11280474196000015E-29 0 4.62099927135999986E-29 0 4.12672861043999976E-29 0 4.4817160177899999E-29 0 3.71380923035999982E-29 0 2.03624721159999995E-29 0 4.14151975241000019E-30 0 2.90522680251000023E-29 0 1.98817600019000003E-29 0 1.36633173974999998E-28 0 2.46519032882000003E-29 0 2.68829005357000015E-29 0 3.92951338412999977E-29 0 5.90166564717999966E-29 0 1.87847503056000009E-29 0 4.10207670715000015E-29 0
3.51659400406000006E-29 0 1.54444174099999994E-29 0 1.20794326111999999E-29 0 4.20561470096000011E-29 0 2.93850687194999986E-29 0 3.06176638838999991E-29 0 1.99187378567999998E-29 0 4.20068432030000003E-29 0 1.69235316072999988E-29 0 5.11280474196000015E-29 0 4.62099927135999986E-29 0 4.12672861043999976E-29 0 4.04784251991999997E-29 0 3.71380923035999982E-29 0 2.03624721159999995E-29 0 4.14151975241000019E-30 0 1.95736112107999988E-29 0 8.87468518373999956E-30 0 1.26180766980000005E-28 0 2.46519032882000003E-29 0 2.68829005357000015E-29 0 3.57452597678000019E-29 0 5.90166564717999966E-29 0 1.87847503056000009E-29 0 4.10207670715000015E-29 0
3.48701172010999981E-29 0 1.54444174099999994E-29 0 1.01196062997999999E-29 0 4.20561470096000011E-29 0 2.93850687194999986E-29 0 3.06176638838999991E-29 0 1.99187378567999998E-29 0 4.20068432030000003E-29 0 1.69235316072999988E-29 0 5.11280474196000015E-29 0 4.00839947465000012E-29 0 4.12672861043999976E-29 0 4.04784251991999997E-29 0 3.71380923035999982E-29 0 2.03624721159999995E-29 0 4.14151975241000019E-30 0 1.95736112107999988E-29 0 8.87468518373999956E-30 0 1.26180766980000005E-28 0 2.46519032882000003E-29 0 2.68829005357000015E-29 0 3.57452597678000019E-29 0 5.90166564717999966E-29 0 1.87847503056000009E-29 0 4.10207670715000015E-29 0
2.6094039630499998E-29 0 1.54444174099999994E-29 0 1.01196062997999999E-29 0 4.20561470096000011E-29 0 2.93850687194999986E-29 0 3.06176638838999991E-29 0 1.99187378567999998E-29 0 4.20068432030000003E-29 0 1.69235316072999988E-29 0 4.95503256092E-29 0 3.06299898354999981E-29 0 4.12672861043999976E-29 0 4.04784251991999997E-29 0 3.56959559612999978E-29 0 1.12042900445000003E-29 0 4.14151975241000019E-30 0 1.49513793443000012E-29 0 8.87468518373999956E-30 0 1.15038106693999998E-28 0 2.46519032882000003E-29 0 2.68829005357000015E-29 0 3.10120943365000008E-29 0 5.90166564717999966E-29 0 1.87847503056000009E-29 0 4.10207670715000015E-29 0
2.6094039630499998E-29 0 1.54444174099999994E-29 0 1.01196062997999999E-29 0 4.20561470096000011E-29 0 2.93850687194999986E-29 0 3.06176638838999991E-29 0 1.99187378567999998E-29 0 4.20068432030000003E-29 0 1.69235316072999988E-29 0 4.56060210831000025E-29 0 3.06299898354999981E-29 0 4.12672861043999976E-29 0 4.04784251991999997E-29 0 3.56959559612999978E-29 0 1.12042900445000003E-29 0 4.14151975241000019E-30 0 1.49513793443000012E-29 0 8.87468518373999956E-30 0 1.15038106693999998E-28 0 2.46519032882000003E-29 0 2.68829005357000015E-29 0 3.10120943365000008E-29 0 5.90166564717999966E-29 0 1.87847503056000009E-29 0 4.10207670715000015E-29 0
2.6094039630499998E-29 0 1.54444174099999994E-29 0 1.01196062997999999E-29 0 4.20561470096000011E-29 0 2.93850687194999986E-29 0 2.46519032882000003E-29 0 1.99187378567999998E-29 0 4.20068432030000003E-29 0 1.69235316072999988E-29 0 4.04907511507999987E-29 0 3.06299898354999981E-29 0 4.04291213925999989E-29 0 4.04784251991999997E-29 0 3.56959559612999978E-29 0 1.12042900445000003E-29 0 4.14151975241000019E-30 0 1.49513793443000012E-29 0 8.87468518373999956E-30 0 1.15038106693999998E-28 0 2.46519032882000003E-29 0 2.68829005357000015E-29 0 2.09664437466000007E-29 0 5.90166564717999966E-29 0 1.87847503056000009E-29 0 4.10207670715000015E-29 0
2.6094039630499998E-29 0 1.54444174099999994E-29 0 1.01196062997999999E-29 0 4.20068432030000003E-29 0 2.93850687194999986E-29 0 2.46519032882000003E-29 0 1.8932661725300001E-29 0 4.20068432030000003E-29 0 1.69235316072999988E-29 0 4.04907511507999987E-29 0 3.06299898354999981E-29 0 3.31321580193000008E-29 0 4.04784251991999997E-29 0 2.86455116207999992E-29 0 1.12042900445000003E-29 0 4.14151975241000019E-30 0 1.49513793443000012E-29 0 8.87468518373999956E-30 0 1.15038106693999998E-28 0 1.72070284950999999E-29 0 2.68829005357000015E-29 0 2.09664437466000007E-29 0 5.90166564717999966E-29 0 1.87847503056000009E-29 0 3.72736777716999993E-29 0
2.6094039630499998E-29 0 1.54444174099999994E-29 0 1.01196062997999999E-29 0 4.20068432030000003E-29 0 2.93850687194999986E-29 0 2.46519032882000003E-29 0 1.83410160464000011E-29 0 4.20068432030000003E-29 0 1.69235316072999988E-29 0 4.04907511507999987E-29 0 3.06299898354999981E-29 0 3.31321580193000008E-29 0 4.04784251991999997E-29 0 2.86455116207999992E-29 0 1.12042900445000003E-29 0 4.14151975241000019E-30 0 1.49513793443000012E-29 0 8.87468518373999956E-30 0 1.15038106693999998E-28 0 1.51855724254999987E-29 0 2.68829005357000015E-29 0 2.09664437466000007E-29 0 5.90166564717999966E-29 0 1.87847503056000009E-29 0 3.15544362088000027E-29 0
2.44546880618999994E-29 0 1.4162518439000001E-29 0 1.01196062997999999E-29 0 4.20068432030000003E-29 0 2.53051787253E-29 0 2.46519032882000003E-29 0 1.66277087678999986E-29 0 4.20068432030000003E-29 0 1.69235316072999988E-29 0 4.04907511507999987E-29 0 3.06299898354999981E-29 0 3.31321580193000008E-29 0 4.04784251991999997E-29 0 2.86455116207999992E-29 0 1.12042900445000003E-29 0 4.14151975241000019E-30 0 1.36571544216000014E-29 0 8.87468518373999956E-30 0 8.38781009380000019E-29 0 1.51855724254999987E-29 0 2.68829005357000015E-29 0 2.09664437466000007E-29 0 5.90166564717999966E-29 0 1.87847503056000009E-29 0 3.15544362088000027E-29 0
2.44546880618999994E-29 0 1.4162518439000001E-29 0 1.01196062997999999E-29 0 4.20068432030000003E-29 0 1.29792270812000013E-29 0 2.46519032882000003E-29 0 1.66277087678999986E-29 0 4.20068432030000003E-29 0 1.69235316072999988E-29 0 4.04907511507999987E-29 0 3.06176638838999991E-29 0 3.31321580193000008E-29 0 4.04784251991999997E-29 0 2.86455116207999992E-29 0 1.12042900445000003E-29 0 4.14151975241000019E-30 0 1.36571544216000014E-29 0 8.87468518373999956E-30 0 8.38781009380000019E-29 0 1.51855724254999987E-29 0 1.56293066847000013E-29 0 2.09664437466000007E-29 0 5.90166564717999966E-29 0 1.87847503056000009E-29 0 3.15544362088000027E-29 0
1.78110001257000011E-29 0 1.4162518439000001E-29 0 1.01196062997999999E-29 0 4.20068432030000003E-29 0 1.29792270812000013E-29 0 2.46519032882000003E-29 0 8.92398899030999995E-30 0 4.20068432030000003E-29 0 1.69235316072999988E-29 0 4.04907511507999987E-29 0 2.53051787253E-29 0 1.83410160464000011E-29 0 4.04784251991999997E-29 0 2.31358112358999992E-29 0 1.12042900445000003E-29 0 4.14151975241000019E-30 0 1.36571544216000014E-29 0 8.87468518373999956E-30 0 8.38781009380000019E-29 0 1.51855724254999987E-29 0 1.56293066847000013E-29 0 2.09664437466000007E-29 0 5.90166564717999966E-29 0 1.20301288046000005E-29 0 3.15544362088000027E-29 0
1.78110001257000011E-29 0 1.4162518439000001E-29 0 9.46633086265000048E-30 0 3.40812562959000002E-29 0 1.29792270812000013E-29 0 2.46519032882000003E-29 0 6.96416267890000031E-30 0 3.81241684351000027E-29 0 1.69235316072999988E-29 0 4.04907511507999987E-29 0 2.43191025938000012E-29 0 1.83410160464000011E-29 0 4.04784251991999997E-29 0 2.31358112358999992E-29 0 1.12042900445000003E-29 0 4.14151975241000019E-30 0 1.36571544216000014E-29 0 8.87468518373999956E-30 0 8.38781009380000019E-29 0 1.23875814023E-29 0 1.56293066847000013E-29 0 2.06706209071000011E-29 0 5.90166564717999966E-29 0 1.20301288046000005E-29 0 2.74622202629999995E-29 0
1.78110001257000011E-29 0 1.4162518439000001E-29 0 9.46633086265000048E-30 0 3.37731075047999987E-29 0 1.29792270812000013E-29 0 2.46519032882000003E-29 0 6.96416267890000031E-30 0 3.81241684351000027E-29 0 1.69235316072999988E-29 0 4.04907511507999987E-29 0 2.03747980677000009E-29 0 1.83410160464000011E-29 0 4.04784251991999997E-29 0 2.31358112358999992E-29 0 1.12042900445000003E-29 0 4.14151975241000019E-30 0 1.28806194680999992E-29 0 5.76854536942999968E-30 0 6.57219741661999976E-29 0 1.23875814023E-29 0 1.56293066847000013E-29 0 1.38666955996000008E-29 0 5.90166564717999966E-29 0 1.06126443656000005E-29 0 2.74622202629999995E-29 0
1.78110001257000011E-29 0 1.4162518439000001E-29 0 9.46633086265000048E-30 0 3.37731075047999987E-29 0 1.29792270812000013E-29 0 2.27290548317000012E-29 0 6.96416267890000031E-30 0 3.81241684351000027E-29 0 1.69235316072999988E-29 0 4.04907511507999987E-29 0 1.85012534177999997E-29 0 1.83410160464000011E-29 0 4.04784251991999997E-29 0 1.91915067097999989E-29 0 1.12042900445000003E-29 0 4.14151975241000019E-30 0 1.28806194680999992E-29 0 5.76854536942999968E-30 0 6.57219741661999976E-29 0 1.23875814023E-29 0 1.24861890155000002E-29 0 1.32627239689999996E-29 0 5.90166564717999966E-29 0 1.06126443656000005E-29 0 2.74622202629999995E-29 0
1.56293066847000013E-29 0 1.4162518439000001E-29 0 7.35859313151000035E-30 0 3.37731075047999987E-29 0 1.29792270812000013E-29 0 2.27290548317000012E-29 0 6.96416267890000031E-30 0 3.41182341507999997E-29 0 1.69235316072999988E-29 0 4.04907511507999987E-29 0 1.85012534177999997E-29 0 1.83410160464000011E-29 0 4.04784251991999997E-29 0 1.91915067097999989E-29 0 1.12042900445000003E-29 0 4.14151975241000019E-30 0 1.28806194680999992E-29 0 5.76854536942999968E-30 0 6.57219741661999976E-29 0 7.74069763247999985E-30 0 1.24861890155000002E-29 0 1.32627239689999996E-29 0 5.90166564717999966E-29 0 4.99201041585000014E-30 0 1.81438008201000002E-29 0
1.56293066847000013E-29 0 1.4162518439000001E-29 0 7.35859313151000035E-30 0 3.37731075047999987E-29 0 1.29792270812000013E-29 0 1.91791807581999998E-29 0 6.96416267890000031E-30 0 3.41182341507999997E-29 0 1.10070748181999994E-29 0 4.04907511507999987E-29 0 1.76014589476999989E-29 0 1.83410160464000011E-29 0 4.04784251991999997E-29 0 1.91915067097999989E-29 0 8.93631494196000015E-30 0 4.14151975241000019E-30 0 1.10440526731000003E-29 0 4.14151975241000019E-30 0 5.67979851759000029E-29 0 7.29696337328999976E-30 0 1.24861890155000002E-29 0 1.32627239689999996E-29 0 4.81821449766999985E-29 0 4.99201041585000014E-30 0 1.81438008201000002E-29 0
1.56293066847000013E-29 0 1.4162518439000001E-29 0 7.35859313151000035E-30 0 3.37731075047999987E-29 0 1.29792270812000013E-29 0 1.91791807581999998E-29 0 6.96416267890000031E-30 0 2.66733593578000015E-29 0 1.10070748181999994E-29 0 3.14065247891000026E-29 0 1.76014589476999989E-29 0 1.83410160464000011E-29 0 4.04784251991999997E-29 0 1.91915067097999989E-29 0 8.93631494196000015E-30 0 3.79639310638000021E-30 0 1.10440526731000003E-29 0 4.14151975241000019E-30 0 5.67979851759000029E-29 0 7.29696337328999976E-30 0 1.24861890155000002E-29 0 1.16850021585999995E-29 0 4.81821449766999985E-29 0 4.99201041585000014E-30 0 1.81438008201000002E-29 0
1.56293066847000013E-29 0 1.4162518439000001E-29 0 6.17530177368000024E-30 0 3.13202431276000024E-29 0 1.29792270812000013E-29 0 1.91791807581999998E-29 0 5.68226370791999977E-30 0 1.04524069942000004E-29 0 1.10070748181999994E-29 0 3.14065247891000026E-29 0 1.76014589476999989E-29 0 1.24738630638000003E-29 0 3.87158141139999997E-29 0 1.49513793443000012E-29 0 8.93631494196000015E-30 0 3.15544362087999992E-30 0 1.10070748181999994E-29 0 4.14151975241000019E-30 0 5.67979851759000029E-29 0 7.29696337328999976E-30 0 1.24861890155000002E-29 0 1.16850021585999995E-29 0 4.24505774621999973E-29 0 4.99201041585000014E-30 0 1.81438008201000002E-29 0
1.56293066847000013E-29 0 1.4162518439000001E-29 0 6.17530177368000024E-30 0 1.8599861030899999E-29 0 1.29792270812000013E-29 0 1.56293066847000013E-29 0 5.68226370791999977E-30 0 1.04524069942000004E-29 0 1.10070748181999994E-29 0 3.14065247891000026E-29 0 1.76014589476999989E-29 0 1.24738630638000003E-29 0 3.23432971140999973E-29 0 1.49513793443000012E-29 0 8.93631494196000015E-30 0 2.62542770018999994E-30 0 9.82378346033000066E-30 0 3.90732667116999978E-30 0 5.67979851759000029E-29 0 7.2599855183599999E-30 0 1.24861890155000002E-29 0 1.16850021585999995E-29 0 4.24505774621999973E-29 0 4.99201041585000014E-30 0 1.81438008201000002E-29 0
1.49883571992000006E-29 0 1.4162518439000001E-29 0 6.17530177368000024E-30 0 1.8599861030899999E-29 0 1.29792270812000013E-29 0 1.56293066847000013E-29 0 5.68226370791999977E-30 0 1.04524069942000004E-29 0 1.10070748181999994E-29 0 3.14065247891000026E-29 0 1.28682935164000006E-29 0 1.12905717060000006E-29 0 3.23432971140999973E-29 0 1.49513793443000012E-29 0 8.64049210250000056E-30 0 2.62542770018999994E-30 0 5.09061802899999988E-30 0 3.90732667116999978E-30 0 5.67979851759000029E-29 0 5.18922564215999999E-30 0 1.19931509496999996E-29 0 9.46633086265000048E-30 0 4.24505774621999973E-29 0 4.99201041585000014E-30 0 1.81438008201000002E-29 0
1.49883571992000006E-29 0 6.95183672725999978E-30 0 5.76854536942999968E-30 0 1.8599861030899999E-29 0 1.29792270812000013E-29 0 1.56293066847000013E-29 0 5.68226370791999977E-30 0 1.04524069942000004E-29 0 1.10070748181999994E-29 0 3.14065247891000026E-29 0 1.28682935164000006E-29 0 5.71924156285000033E-30 0 3.23432971140999973E-29 0 1.49513793443000012E-29 0 6.17530177368000024E-30 0 2.56379794197000005E-30 0 5.09061802899999988E-30 0 2.62542770018999994E-30 0 5.67979851759000029E-29 0 4.19082355899000024E-30 0 7.88860905221000035E-30 0 8.44327687619000001E-30 0 4.24505774621999973E-29 0 4.99201041585000014E-30 0 1.57402402494999991E-29 0
1.49883571992000006E-29 0 6.95183672725999978E-30 0 4.99201041585000014E-30 0 1.8599861030899999E-29 0 1.29792270812000013E-29 0 1.56293066847000013E-29 0 4.19082355899000024E-30 0 1.04524069942000004E-29 0 1.10070748181999994E-29 0 3.14065247891000026E-29 0 1.28682935164000006E-29 0 5.71924156285000033E-30 0 3.23432971140999973E-29 0 1.49513793443000012E-29 0 6.17530177368000024E-30 0 2.32960486073E-30 0 3.7101114448700003E-30 0 2.62542770018999994E-30 0 5.67979851759000029E-29 0 4.19082355899000024E-30 0 7.88860905221000035E-30 0 8.44327687619000001E-30 0 4.24505774621999973E-29 0 4.99201041585000014E-30 0 1.83656679496999987E-30 0
1.49883571992000006E-29 0 3.40196265377000018E-30 0 4.99201041585000014E-30 0 1.8599861030899999E-29 0 7.85163119728000049E-30 0 1.15987204971000007E-29 0 4.19082355899000024E-30 0 1.04524069942000004E-29 0 1.10070748181999994E-29 0 3.14065247891000026E-29 0 5.76854536942999968E-30 0 3.79639310638000021E-30 0 3.23432971140999973E-29 0 1.49513793443000012E-29 0 6.16297582203999971E-30 0 0 0 2.61310174854000009E-30 0 2.62542770018999994E-30 0 5.67979851759000029E-29 0 3.41428860541000001E-30 0 6.66833983945000039E-30 0 7.85163119728000049E-30 0 3.82227760482999986E-29 0 4.99201041585000014E-30 0 1.83656679496999987E-30 0
1.28682935164000006E-29 0 3.40196265377000018E-30 0 3.41428860541000001E-30 0 1.8599861030899999E-29 0 7.85163119728000049E-30 0 1.15987204971000007E-29 0 4.19082355899000024E-30 0 1.04524069942000004E-29 0 1.10070748181999994E-29 0 3.14065247891000026E-29 0 5.76854536942999968E-30 0 3.79639310638000021E-30 0 3.23432971140999973E-29 0 1.49513793443000012E-29 0 6.16297582203999971E-30 0 0 0 2.61310174854000009E-30 0 2.62542770018999994E-30 0 5.67979851759000029E-29 0 3.15544362087999992E-30 0 6.66833983945000039E-30 0 7.34626717986999981E-30 0 3.82227760482999986E-29 0 4.99201041585000014E-30 0 1.83656679496999987E-30 0
8.54188448935000011E-30 0 3.40196265377000018E-30 0 3.41428860541000001E-30 0 1.8599861030899999E-29 0 7.85163119728000049E-30 0 1.15987204971000007E-29 0 3.40196265377000018E-30 0 1.04524069942000004E-29 0 1.10070748181999994E-29 0 3.14065247891000026E-29 0 5.71924156285000033E-30 0 3.79639310638000021E-30 0 3.23432971140999973E-29 0 1.29792270812000013E-29 0 6.16297582203999971E-30 0 0 0 2.61310174854000009E-30 0 2.62542770018999994E-30 0 4.60004515356999987E-29 0 3.15544362087999992E-30 0 6.56973222629000028E-30 0 3.01985815279999997E-30 0 3.82227760482999986E-29 0 2.61310174854000009E-30 0 2.58844984525999991E-31 0
8.54188448935000011E-30 0 3.40196265377000018E-30 0 3.15544362087999992E-30 0 1.8599861030899999E-29 0 7.85163119728000049E-30 0 8.87468518373999956E-30 0 1.03537993809999996E-30 0 1.04524069942000004E-29 0 9.71284989553000002E-30 0 3.14065247891000026E-29 0 5.71924156285000033E-30 0 3.79639310638000021E-30 0 3.23432971140999973E-29 0 9.03492255511000059E-30 0 6.16297582203999971E-30 0 0 0 2.61310174854000009E-30 0 2.62542770018999994E-30 0 4.60004515356999987E-29 0 3.15544362087999992E-30 0 6.17530177368000024E-30 0 3.01985815279999997E-30 0 3.80255608219999977E-29 0 0 0 2.58844984525999991E-31 0
8.54188448935000011E-30 0 3.40196265377000018E-30 0 3.15544362087999992E-30 0 1.40515848742000003E-29 0 7.85163119728000049E-30 0 8.87468518373999956E-30 0 1.03537993809999996E-30 0 1.04524069942000004E-29 0 9.71284989553000002E-30 0 2.52435489671000002E-29 0 5.48504848160999992E-30 0 3.79639310638000021E-30 0 2.89536604119000007E-29 0 9.03492255511000059E-30 0 6.16297582203999971E-30 0 0 0 1.03537993809999996E-30 0 2.62542770018999994E-30 0 3.63492313984000003E-29 0 3.15544362087999992E-30 0 6.17530177368000024E-30 0 3.01985815279999997E-30 0 3.41182341507999997E-29 0 0 0 2.58844984525999991E-31 0
8.54188448935000011E-30 0 3.40196265377000018E-30 0 3.15544362087999992E-30 0 1.40515848742000003E-29 0 7.85163119728000049E-30 0 4.73316543133000007E-30 0 1.03537993809999996E-30 0 1.04524069942000004E-29 0 9.71284989553000002E-30 0 2.52435489671000002E-29 0 4.40036473693999992E-30 0 3.79639310638000021E-30 0 2.89536604119000007E-29 0 9.03492255511000059E-30 0 5.71924156285000033E-30 0 0 0 1.03537993809999996E-30 0 2.61310174854000009E-30 0 3.63492313984000003E-29 0 3.15544362087999992E-30 0 6.17530177368000024E-30 0 3.01985815279999997E-30 0 1.99680416634000006E-29 0 0 0 2.58844984525999991E-31 0
8.54188448935000011E-30 0 3.40196265377000018E-30 0 3.15544362087999992E-30 0 1.40515848742000003E-29 0 6.31088724177000021E-30 0 4.73316543133000007E-30 0 1.03537993809999996E-30 0 1.04524069942000004E-29 0 9.71284989553000002E-30 0 2.52435489671000002E-29 0 4.40036473693999992E-30 0 3.79639310638000021E-30 0 2.89536604119000007E-29 0 7.45720074467000045E-30 0 4.14151975241000019E-30 0 0 0 1.03537993809999996E-30 0 1.57772181043999996E-30 0 3.63492313984000003E-29 0 1.57772181043999996E-30 0 5.28783325530999973E-30 0 3.01985815279999997E-30 0 1.99680416634000006E-29 0 0 0 2.58844984525999991E-31 0
8.13512808508999988E-30 0 3.40196265377000018E-30 0 3.15544362087999992E-30 0 1.40515848742000003E-29 0 3.15544362087999992E-30 0 4.73316543133000007E-30 0 2.58844984525999991E-31 0 1.04524069942000004E-29 0 9.71284989553000002E-30 0 2.52435489671000002E-29 0 4.40036473693999992E-30 0 2.32960486073E-30 0 2.89536604119000007E-29 0 3.80871905802000004E-30 0 3.79639310638000021E-30 0 0 0 1.03537993809999996E-30 0 1.03537993809999996E-30 0 3.63492313984000003E-29 0 1.57772181043999996E-30 0 4.30175712377999982E-30 0 3.01985815279999997E-30 0 1.99680416634000006E-29 0 0 0 2.58844984525999991E-31 0
8.13512808508999988E-30 0 3.40196265377000018E-30 0 3.15544362087999992E-30 0 1.40515848742000003E-29 0 3.15544362087999992E-30 0 3.7101114448700003E-30 0 2.58844984525999991E-31 0 1.04524069942000004E-29 0 9.71284989553000002E-30 0 1.50499869574000005E-29 0 2.56379794197000005E-30 0 2.32960486073E-30 0 2.89536604119000007E-29 0 3.80871905802000004E-30 0 3.15544362087999992E-30 0 0 0 1.03537993809999996E-30 0 1.03537993809999996E-30 0 3.51659400406000006E-29 0 1.57772181043999996E-30 0 3.40196265377000018E-30 0 2.56379794197000005E-30 0 1.99680416634000006E-29 0 0 0 2.58844984525999991E-31 0
6.55740627464999975E-30 0 3.40196265377000018E-30 0 3.15544362087999992E-30 0 1.40515848742000003E-29 0 3.15544362087999992E-30 0 3.7101114448700003E-30 0 2.58844984525999991E-31 0 1.04524069942000004E-29 0 9.71284989553000002E-30 0 1.50499869574000005E-29 0 0 0 2.32960486073E-30 0 2.89536604119000007E-29 0 3.80871905802000004E-30 0 2.58844984525999991E-31 0 0 0 2.58844984525999991E-31 0 2.58844984525999991E-31 0 3.47098798297000023E-29 0 1.57772181043999996E-30 0 3.40196265377000018E-30 0 2.56379794197000005E-30 0 1.99680416634000006E-29 0 0 0 2.58844984525999991E-31 0
6.55740627464999975E-30 0 2.56379794197000005E-30 0 3.15544362087999992E-30 0 1.40515848742000003E-29 0 3.15544362087999992E-30 0 3.7101114448700003E-30 0 2.58844984525999991E-31 0 1.04524069942000004E-29 0 9.46633086265000048E-30 0 1.40515848742000003E-29 0 0 0 2.32960486073E-30 0 2.89536604119000007E-29 0 3.15544362087999992E-30 0 2.58844984525999991E-31 0 0 0 2.58844984525999991E-31 0 2.58844984525999991E-31 0 3.47098798297000023E-29 0 1.57772181043999996E-30 0 3.40196265377000018E-30 0 2.56379794197000005E-30 0 1.99680416634000006E-29 0 0 0 2.58844984525999991E-31 0
6.0766941605299998E-30 0 1.03537993809999996E-30 0 3.15544362087999992E-30 0 1.40515848742000003E-29 0 3.15544362087999992E-30 0 3.00753220116000014E-30 0 2.58844984525999991E-31 0 8.93631494196000015E-30 0 9.46633086265000048E-30 0 1.40515848742000003E-29 0 0 0 2.32960486073E-30 0 2.89536604119000007E-29 0 1.83656679496999987E-30 0 2.58844984525999991E-31 0 0 0 2.58844984525999991E-31 0 2.58844984525999991E-31 0 3.47098798297000023E-29 0 1.57772181043999996E-30 0 3.40196265377000018E-30 0 2.56379794197000005E-30 0 1.99680416634000006E-29 0 0 0 2.58844984525999991E-31 0
1.57772181043999996E-30 0 1.03537993809999996E-30 0 3.15544362087999992E-30 0 1.40515848742000003E-29 0 3.01985815279999997E-30 0 3.00753220116000014E-30 0 2.58844984525999991E-31 0 8.93631494196000015E-30 0 9.46633086265000048E-30 0 7.09974814699000028E-30 0 0 0 2.32960486073E-30 0 2.50956375473000006E-29 0 1.83656679496999987E-30 0 2.58844984525999991E-31 0 0 0 2.58844984525999991E-31 0 0 0 3.47098798297000023E-29 0 1.57772181043999996E-30 0 1.57772181043999996E-30 0 2.56379794197000005E-30 0 1.99680416634000006E-29 0 0 0 2.58844984525999991E-31 0
1.57772181043999996E-30 0 1.03537993809999996E-30 0 3.15544362087999992E-30 0 1.40515848742000003E-29 0 3.01985815279999997E-30 0 3.00753220116000014E-30 0 2.58844984525999991E-31 0 8.93631494196000015E-30 0 9.46633086265000048E-30 0 7.09974814699000028E-30 0 0 0 2.32960486073E-30 0 2.50956375473000006E-29 0 1.83656679496999987E-30 0 2.58844984525999991E-31 0 0 0 2.58844984525999991E-31 0 0 0 3.47098798297000023E-29 0 1.57772181043999996E-30 0 1.57772181043999996E-30 0 0 0 1.99680416634000006E-29 0 0 0 2.58844984525999991E-31 0
1.57772181043999996E-30 0 2.58844984525999991E-31 0 3.15544362087999992E-30 0 7.55580835781999949E-30 0 2.62542770018999994E-30 0 1.03537993809999996E-30 0 2.58844984525999991E-31 0 8.93631494196000015E-30 0 9.33074539457000018E-30 0 7.09974814699000028E-30 0 0 0 1.57772181043999996E-30 0 2.50956375473000006E-29 0 1.83656679496999987E-30 0 2.58844984525999991E-31 0 0 0 2.58844984525999991E-31 0 0 0 3.47098798297000023E-29 0 1.03537993809999996E-30 0 1.57772181043999996E-30 0 0 0 1.99680416634000006E-29 0 0 0 2.58844984525999991E-31 0
1.57772181043999996E-30 0 2.58844984525999991E-31 0 3.15544362087999992E-30 0 7.55580835781999949E-30 0 2.61310174854000009E-30 0 1.03537993809999996E-30 0 2.58844984525999991E-31 0 7.45720074467000045E-30 0 9.33074539457000018E-30 0 7.09974814699000028E-30 0 0 0 1.57772181043999996E-30 0 2.38260645280000007E-29 0 1.03537993809999996E-30 0 2.58844984525999991E-31 0 0 0 0 0 0 0 2.92494832513999976E-29 0 1.03537993809999996E-30 0 1.57772181043999996E-30 0 0 0 1.99680416634000006E-29 0 0 0 2.58844984525999991E-31 0
1.57772181043999996E-30 0 2.58844984525999991E-31 0 3.15544362087999992E-30 0 7.55580835781999949E-30 0 2.61310174854000009E-30 0 1.03537993809999996E-30 0 0 0 6.96416267890000031E-30 0 9.33074539457000018E-30 0 7.09974814699000028E-30 0 0 0 1.03537993809999996E-30 0 2.03747980677000009E-29 0 1.03537993809999996E-30 0 2.58844984525999991E-31 0 0 0 0 0 0 0 2.92494832513999976E-29 0 1.03537993809999996E-30 0 1.57772181043999996E-30 0 0 0 1.99680416634000006E-29 0 0 0 0 0
1.57772181043999996E-30 0 2.58844984525999991E-31 0 3.15544362087999992E-30 0 7.55580835781999949E-30 0 2.61310174854000009E-30 0 0 0 0 0 6.96416267890000031E-30 0 9.33074539457000018E-30 0 7.09974814699000028E-30 0 0 0 2.58844984525999991E-31 0 1.83410160464000011E-29 0 0 0 2.58844984525999991E-31 0 0 0 0 0 0 0 2.92494832513999976E-29 0 1.03537993809999996E-30 0 1.57772181043999996E-30 0 0 0 1.81438008201000002E-29 0 0 0 0 0
1.57772181043999996E-30 0 2.58844984525999991E-31 0 3.15544362087999992E-30 0 7.55580835781999949E-30 0 2.61310174854000009E-30 0 0 0 0 0 4.69618757638999985E-30 0 9.33074539457000018E-30 0 7.09974814699000028E-30 0 0 0 2.58844984525999991E-31 0 1.83410160464000011E-29 0 0 0 0 0 0 0 0 0 0 0 2.20511274913000011E-29 0 2.58844984525999991E-31 0 1.57772181043999996E-30 0 0 0 1.81438008201000002E-29 0 0 0 0 0
1.03537993809999996E-30 0 0 0 3.15544362087999992E-30 0 7.55580835781999949E-30 0 2.61310174854000009E-30 0 0 0 0 0 4.69618757638999985E-30 0 9.33074539457000018E-30 0 7.09974814699000028E-30 0 0 0 0 0 1.5543025023200001E-29 0 0 0 0 0 0 0 0 0 0 0 2.20511274913000011E-29 0 2.58844984525999991E-31 0 1.57772181043999996E-30 0 0 0 1.81438008201000002E-29 0 0 0 0 0
1.03537993809999996E-30 0 0 0 3.15544362087999992E-30 0 7.55580835781999949E-30 0 1.03537993809999996E-30 0 0 0 0 0 4.69618757638999985E-30 0 9.33074539457000018E-30 0 2.62542770018999994E-30 0 0 0 0 0 1.20794326111999999E-29 0 0 0 0 0 0 0 0 0 0 0 2.20511274913000011E-29 0 0 0 0 0 0 0 1.53458097969000001E-29 0 0 0 0 0
1.03537993809999996E-30 0 0 0 3.15544362087999992E-30 0 7.55580835781999949E-30 0 1.03537993809999996E-30 0 0 0 0 0 2.58844984525999991E-31 0 9.33074539457000018E-30 0 2.62542770018999994E-30 0 0 0 0 0 1.20794326111999999E-29 0 0 0 0 0 0 0 0 0 0 0 2.20511274913000011E-29 0 0 0 0 0 0 0 4.97968446421000031E-30 0 0 0 0 0
2.58844984525999991E-31 0 0 0 3.15544362087999992E-30 0 7.55580835781999949E-30 0 2.58844984525999991E-31 0 0 0 0 0 2.58844984525999991E-31 0 9.33074539457000018E-30 0 2.62542770018999994E-30 0 0 0 0 0 9.82378346033000066E-30 0 0 0 0 0 0 0 0 0 0 0 2.15580894255000006E-29 0 0 0 0 0 0 0 4.97968446421000031E-30 0 0 0 0 0
2.58844984525999991E-31 0 0 0 3.15544362087999992E-30 0 7.55580835781999949E-30 0 0 0 0 0 0 0 2.58844984525999991E-31 0 9.33074539457000018E-30 0 2.62542770018999994E-30 0 0 0 0 0 9.82378346033000066E-30 0 0 0 0 0 0 0 0 0 0 0 2.15580894255000006E-29 0 0 0 0 0 0 0 4.97968446421000031E-30 0 0 0 0 0
2.58844984525999991E-31 0 0 0 3.15544362087999992E-30 0 6.0766941605299998E-30 0 0 0 0 0 0 0 2.58844984525999991E-31 0 9.33074539457000018E-30 0 2.62542770018999994E-30 0 0 0 0 0 8.13512808508999988E-30 0 0 0 0 0 0 0 0 0 0 0 2.15580894255000006E-29 0 0 0 0 0 0 0 4.97968446421000031E-30 0 0 0 0 0
2.58844984525999991E-31 0 0 0 3.15544362087999992E-30 0 4.73316543133000007E-30 0 0 0 0 0 0 0 2.58844984525999991E-31 0 9.33074539457000018E-30 0 2.62542770018999994E-30 0 0 0 0 0 8.13512808508999988E-30 0 0 0 0 0 0 0 0 0 0 0 2.15580894255000006E-29 0 0 0 0 0 0 0 4.97968446421000031E-30 0 0 0 0 0
0 0 0 0 3.15544362087999992E-30 0 3.00753220116000014E-30 0 0 0 0 0 0 0 2.58844984525999991E-31 0 9.33074539457000018E-30 0 2.62542770018999994E-30 0 0 0 0 0 6.96416267890000031E-30 0 0 0 0 0 0 0 0 0 0 0 1.77123925124999995E-29 0 0 0 0 0 0 0 4.97968446421000031E-30 0 0 0 0 0
0 0 0 0 3.15544362087999992E-30 0 1.57772181043999996E-30 0 0 0 0 0 0 0 2.58844984525999991E-31 0 9.33074539457000018E-30 0 2.62542770018999994E-30 0 0 0 0 0 6.96416267890000031E-30 0 0 0 0 0 0 0 0 0 0 0 1.77123925124999995E-29 0 0 0 0 0 0 0 4.97968446421000031E-30 0 0 0 0 0
0 0 0 0 3.15544362087999992E-30 0 1.57772181043999996E-30 0 0 0 0 0 0 0 2.58844984525999991E-31 0 9.33074539457000018E-30 0 2.62542770018999994E-30 0 0 0 0 0 6.17530177368000024E-30 0 0 0 0 0 0 0 0 0 0 0 1.77123925124999995E-29 0 0 0 0 0 0 0 4.97968446421000031E-30 0 0 0 0 0
0 0 0 0 3.15544362087999992E-30 0 1.57772181043999996E-30 0 0 0 0 0 0 0 2.58844984525999991E-31 0 9.33074539457000018E-30 0 2.62542770018999994E-30 0 0 0 0 0 6.17530177368000024E-30 0 0 0 0 0 0 0 0 0 0 0 1.77123925124999995E-29 0 0 0 0 0 0 0 4.97968446421000031E-30 0 0 0 0 0
0 0 0 0 3.15544362087999992E-30 0 1.57772181043999996E-30 0 0 0 0 0 0 0 2.58844984525999991E-31 0 9.33074539457000018E-30 0 2.62542770018999994E-30 0 0 0 0 0 2.32960486073E-30 0 0 0 0 0 0 0 0 0 0 0 1.77123925124999995E-29 0 0 0 0 0 0 0 4.19082355899000024E-30 0 0 0 0 0
0 0 0 0 3.15544362087999992E-30 0 1.57772181043999996E-30 0 0 0 0 0 0 0 0 0 9.33074539457000018E-30 0 2.62542770018999994E-30 0 0 0 0 0 2.32960486073E-30 0 0 0 0 0 0 0 0 0 0 0 1.77123925124999995E-29 0 0 0 0 0 0 0 4.19082355899000024E-30 0 0 0 0 0
0 0 0 0 3.15544362087999992E-30 0 1.57772181043999996E-30 0 0 0 0 0 0 0 0 0 9.33074539457000018E-30 0 2.62542770018999994E-30 0 0 0 0 0 2.32960486073E-30 0 0 0 0 0 0 0 0 0 0 0 1.51855724254999987E-29 0 0 0 0 0 0 0 3.00753220116000014E-30 0 0 0 0 0
0 0 0 0 3.15544362087999992E-30 0 1.03537993809999996E-30 0 0 0 0 0 0 0 0 0 9.33074539457000018E-30 0 2.62542770018999994E-30 0 0 0 0 0 2.32960486073E-30 0 0 0 0 0 0 0 0 0 0 0 1.51855724254999987E-29 0 0 0 0 0 0 0 3.00753220116000014E-30 0 0 0 0 0
0 0 0 0 3.15544362087999992E-30 0 1.03537993809999996E-30 0 0 0 0 0 0 0 0 0 9.33074539457000018E-30 0 2.62542770018999994E-30 0 0 0 0 0 1.83656679496999987E-30 0 0 0 0 0 0 0 0 0 0 0 1.51855724254999987E-29 0 0 0 0 0 0 0 3.00753220116000014E-30 0 0 0 0 0
0 0 0 0 3.15544362087999992E-30 0 2.58844984525999991E-31 0 0 0 0 0 0 0 0 0 9.33074539457000018E-30 0 1.03537993809999996E-30 0 0 0 0 0 1.83656679496999987E-30 0 0 0 0 0 0 0 0 0 0 0 1.05017108007999998E-29 0 0 0 0 0 0 0 3.00753220116000014E-30 0 0 0 0 0
0 0 0 0 3.15544362087999992E-30 0 2.58844984525999991E-31 0 0 0 0 0 0 0 0 0 9.33074539457000018E-30 0 0 0 0 0 0 0 1.83656679496999987E-30 0 0 0 0 0 0 0 0 0 0 0 1.05017108007999998E-29 0 0 0 0 0 0 0 3.00753220116000014E-30 0 0 0 0 0
0 0 0 0 3.15544362087999992E-30 0 0 0 0 0 0 0 0 0 0 0 9.33074539457000018E-30 0 0 0 0 0 0 0 1.04770588974999998E-30 0 0 0 0 0 0 0 0 0 0 0 9.46633086265000048E-30 0 0 0 0 0 0 0 3.00753220116000014E-30 0 0 0 0 0
0 0 0 0 3.15544362087999992E-30 0 0 0 0 0 0 0 0 0 0 0 9.33074539457000018E-30 0 0 0 0 0 0 0 0 0 0 0 0 0 0 0 0 0 0 0 9.46633086265000048E-30 0 0 0 0 0 0 0 1.03537993809999996E-30 0 0 0 0 0
0 0 0 0 3.15544362087999992E-30 0 0 0 0 0 0 0 0 0 0 0 9.33074539457000018E-30 0 0 0 0 0 0 0 0 0 0 0 0 0 0 0 0 0 0 0 6.95183672725999978E-30 0 0 0 0 0 0 0 2.58844984525999991E-31 0 0 0 0 0
0 0 0 0 3.15544362087999992E-30 0 0 0 0 0 0 0 0 0 0 0 9.33074539457000018E-30 0 0 0 0 0 0 0 0 0 0 0 0 0 0 0 0 0 0 0 6.17530177368000024E-30 0 0 0 0 0 0 0 2.58844984525999991E-31 0 0 0 0 0
0 0 0 0 3.15544362087999992E-30 0 0 0 0 0 0 0 0 0 0 0 9.33074539457000018E-30 0 0 0 0 0 0 0 0 0 0 0 0 0 0 0 0 0 0 0 6.17530177368000024E-30 0 0 0 0 0 0 0 0 0 0 0 0 0
0 0 0 0 3.15544362087999992E-30 0 0 0 0 0 0 0 0 0 0 0 9.33074539457000018E-30 0 0 0 0 0 0 0 0 0 0 0 0 0 0 0 0 0 0 0 6.17530177368000024E-30 0 0 0 0 0 0 0 0 0 0 0 0 0
0 0 0 0 3.15544362087999992E-30 0 0 0 0 0 0 0 0 0 0 0 9.33074539457000018E-30 0 0 0 0 0 0 0 0 0 0 0 0 0 0 0 0 0 0 0 6.17530177368000024E-30 0 0 0 0 0 0 0 0 0 0 0 0 0
0 0 0 0 3.15544362087999992E-30 0 0 0 0 0 0 0 0 0 0 0 9.33074539457000018E-30 0 0 0 0 0 0 0 0 0 0 0 0 0 0 0 0 0 0 0 6.17530177368000024E-30 0 0 0 0 0 0 0 0 0 0 0 0 0
0 0 0 0 3.15544362087999992E-30 0 0 0 0 0 0 0 0 0 0 0 9.33074539457000018E-30 0 0 0 0 0 0 0 0 0 0 0 0 0 0 0 0 0 0 0 6.17530177368000024E-30 0 0 0 0 0 0 0 0 0 0 0 0 0
0 0 0 0 3.15544362087999992E-30 0 0 0 0 0 0 0 0 0 0 0 9.33074539457000018E-30 0 0 0 0 0 0 0 0 0 0 0 0 0 0 0 0 0 0 0 6.17530177368000024E-30 0 0 0 0 0 0 0 0 0 0 0 0 0
0 0 0 0 3.15544362087999992E-30 0 0 0 0 0 0 0 0 0 0 0 9.33074539457000018E-30 0 0 0 0 0 0 0 0 0 0 0 0 0 0 0 0 0 0 0 6.17530177368000024E-30 0 0 0 0 0 0 0 0 0 0 0 0 0
0 0 0 0 3.15544362087999992E-30 0 0 0 0 0 0 0 0 0 0 0 9.33074539457000018E-30 0 0 0 0 0 0 0 0 0 0 0 0 0 0 0 0 0 0 0 6.17530177368000024E-30 0 0 0 0 0 0 0 0 0 0 0 0 0
0 0 0 0 3.15544362087999992E-30 0 0 0 0 0 0 0 0 0 0 0 9.33074539457000018E-30 0 0 0 0 0 0 0 0 0 0 0 0 0 0 0 0 0 0 0 4.73316543133000007E-30 0 0 0 0 0 0 0 0 0 0 0 0 0
0 0 0 0 3.15544362087999992E-30 0 0 0 0 0 0 0 0 0 0 0 9.33074539457000018E-30 0 0 0 0 0 0 0 0 0 0 0 0 0 0 0 0 0 0 0 4.73316543133000007E-30 0 0 0 0 0 0 0 0 0 0 0 0 0
0 0 0 0 3.15544362087999992E-30 0 0 0 0 0 0 0 0 0 0 0 9.33074539457000018E-30 0 0 0 0 0 0 0 0 0 0 0 0 0 0 0 0 0 0 0 4.73316543133000007E-30 0 0 0 0 0 0 0 0 0 0 0 0 0
0 0 0 0 3.15544362087999992E-30 0 0 0 0 0 0 0 0 0 0 0 9.33074539457000018E-30 0 0 0 0 0 0 0 0 0 0 0 0 0 0 0 0 0 0 0 4.73316543133000007E-30 0 0 0 0 0 0 0 0 0 0 0 0 0
0 0 0 0 3.15544362087999992E-30 0 0 0 0 0 0 0 0 0 0 0 9.33074539457000018E-30 0 0 0 0 0 0 0 0 0 0 0 0 0 0 0 0 0 0 0 4.73316543133000007E-30 0 0 0 0 0 0 0 0 0 0 0 0 0
0 0 0 0 3.15544362087999992E-30 0 0 0 0 0 0 0 0 0 0 0 9.33074539457000018E-30 0 0 0 0 0 0 0 0 0 0 0 0 0 0 0 0 0 0 0 3.15544362087999992E-30 0 0 0 0 0 0 0 0 0 0 0 0 0
0 0 0 0 3.15544362087999992E-30 0 0 0 0 0 0 0 0 0 0 0 9.33074539457000018E-30 0 0 0 0 0 0 0 0 0 0 0 0 0 0 0 0 0 0 0 3.15544362087999992E-30 0 0 0 0 0 0 0 0 0 0 0 0 0
0 0 0 0 3.15544362087999992E-30 0 0 0 0 0 0 0 0 0 0 0 9.33074539457000018E-30 0 0 0 0 0 0 0 0 0 0 0 0 0 0 0 0 0 0 0 3.15544362087999992E-30 0 0 0 0 0 0 0 0 0 0 0 0 0
0 0 0 0 3.15544362087999992E-30 0 0 0 0 0 0 0 0 0 0 0 9.33074539457000018E-30 0 0 0 0 0 0 0 0 0 0 0 0 0 0 0 0 0 0 0 3.15544362087999992E-30 0 0 0 0 0 0 0 0 0 0 0 0 0
0 0 0 0 3.15544362087999992E-30 0 0 0 0 0 0 0 0 0 0 0 9.33074539457000018E-30 0 0 0 0 0 0 0 0 0 0 0 0 0 0 0 0 0 0 0 3.15544362087999992E-30 0 0 0 0 0 0 0 0 0 0 0 0 0
0 0 0 0 3.15544362087999992E-30 0 0 0 0 0 0 0 0 0 0 0 9.33074539457000018E-30 0 0 0 0 0 0 0 0 0 0 0 0 0 0 0 0 0 0 0 3.15544362087999992E-30 0 0 0 0 0 0 0 0 0 0 0 0 0
0 0 0 0 3.15544362087999992E-30 0 0 0 0 0 0 0 0 0 0 0 9.33074539457000018E-30 0 0 0 0 0 0 0 0 0 0 0 0 0 0 0 0 0 0 0 3.15544362087999992E-30 0 0 0 0 0 0 0 0 0 0 0 0 0
0 0 0 0 3.15544362087999992E-30 0 0 0 0 0 0 0 0 0 0 0 9.33074539457000018E-30 0 0 0 0 0 0 0 0 0 0 0 0 0 0 0 0 0 0 0 3.15544362087999992E-30 0 0 0 0 0 0 0 0 0 0 0 0 0
0 0 0 0 3.15544362087999992E-30 0 0 0 0 0 0 0 0 0 0 0 9.33074539457000018E-30 0 0 0 0 0 0 0 0 0 0 0 0 0 0 0 0 0 0 0 3.15544362087999992E-30 0 0 0 0 0 0 0 0 0 0 0 0 0
0 0 0 0 3.15544362087999992E-30 0 0 0 0 0 0 0 0 0 0 0 9.33074539457000018E-30 0 0 0 0 0 0 0 0 0 0 0 0 0 0 0 0 0 0 0 3.15544362087999992E-30 0 0 0 0 0 0 0 0 0 0 0 0 0
0 0 0 0 3.15544362087999992E-30 0 0 0 0 0 0 0 0 0 0 0 9.33074539457000018E-30 0 0 0 0 0 0 0 0 0 0 0 0 0 0 0 0 0 0 0 3.15544362087999992E-30 0 0 0 0 0 0 0 0 0 0 0 0 0
0 0 0 0 3.15544362087999992E-30 0 0 0 0 0 0 0 0 0 0 0 9.33074539457000018E-30 0 0 0 0 0 0 0 0 0 0 0 0 0 0 0 0 0 0 0 3.15544362087999992E-30 0 0 0 0 0 0 0 0 0 0 0 0 0
0 0 0 0 3.15544362087999992E-30 0 0 0 0 0 0 0 0 0 0 0 9.33074539457000018E-30 0 0 0 0 0 0 0 0 0 0 0 0 0 0 0 0 0 0 0 3.15544362087999992E-30 0 0 0 0 0 0 0 0 0 0 0 0 0
0 0 0 0 3.15544362087999992E-30 0 0 0 0 0 0 0 0 0 0 0 9.33074539457000018E-30 0 0 0 0 0 0 0 0 0 0 0 0 0 0 0 0 0 0 0 3.15544362087999992E-30 0 0 0 0 0 0 0 0 0 0 0 0 0
0 0 0 0 3.15544362087999992E-30 0 0 0 0 0 0 0 0 0 0 0 9.33074539457000018E-30 0 0 0 0 0 0 0 0 0 0 0 0 0 0 0 0 0 0 0 3.15544362087999992E-30 0 0 0 0 0 0 0 0 0 0 0 0 0
0 0 0 0 3.15544362087999992E-30 0 0 0 0 0 0 0 0 0 0 0 9.33074539457000018E-30 0 0 0 0 0 0 0 0 0 0 0 0 0 0 0 0 0 0 0 3.15544362087999992E-30 0 0 0 0 0 0 0 0 0 0 0 0 0
0 0 0 0 3.15544362087999992E-30 0 0 0 0 0 0 0 0 0 0 0 9.33074539457000018E-30 0 0 0 0 0 0 0 0 0 0 0 0 0 0 0 0 0 0 0 3.15544362087999992E-30 0 0 0 0 0 0 0 0 0 0 0 0 0
0 0 0 0 3.15544362087999992E-30 0 0 0 0 0 0 0 0 0 0 0 9.33074539457000018E-30 0 0 0 0 0 0 0 0 0 0 0 0 0 0 0 0 0 0 0 3.15544362087999992E-30 0 0 0 0 0 0 0 0 0 0 0 0 0
0 0 0 0 3.15544362087999992E-30 0 0 0 0 0 0 0 0 0 0 0 9.33074539457000018E-30 0 0 0 0 0 0 0 0 0 0 0 0 0 0 0 0 0 0 0 3.15544362087999992E-30 0 0 0 0 0 0 0 0 0 0 0 0 0
0 0 0 0 3.15544362087999992E-30 0 0 0 0 0 0 0 0 0 0 0 9.33074539457000018E-30 0 0 0 0 0 0 0 0 0 0 0 0 0 0 0 0 0 0 0 3.15544362087999992E-30 0 0 0 0 0 0 0 0 0 0 0 0 0
0 0 0 0 3.15544362087999992E-30 0 0 0 0 0 0 0 0 0 0 0 9.33074539457000018E-30 0 0 0 0 0 0 0 0 0 0 0 0 0 0 0 0 0 0 0 3.15544362087999992E-30 0 0 0 0 0 0 0 0 0 0 0 0 0
0 0 0 0 3.15544362087999992E-30 0 0 0 0 0 0 0 0 0 0 0 9.33074539457000018E-30 0 0 0 0 0 0 0 0 0 0 0 0 0 0 0 0 0 0 0 3.15544362087999992E-30 0 0 0 0 0 0 0 0 0 0 0 0 0
0 0 0 0 3.15544362087999992E-30 0 0 0 0 0 0 0 0 0 0 0 9.33074539457000018E-30 0 0 0 0 0 0 0 0 0 0 0 0 0 0 0 0 0 0 0 3.15544362087999992E-30 0 0 0 0 0 0 0 0 0 0 0 0 0
0 0 0 0 3.15544362087999992E-30 0 0 0 0 0 0 0 0 0 0 0 9.33074539457000018E-30 0 0 0 0 0 0 0 0 0 0 0 0 0 0 0 0 0 0 0 3.15544362087999992E-30 0 0 0 0 0 0 0 0 0 0 0 0 0
0 0 0 0 3.15544362087999992E-30 0 0 0 0 0 0 0 0 0 0 0 9.33074539457000018E-30 0 0 0 0 0 0 0 0 0 0 0 0 0 0 0 0 0 0 0 3.15544362087999992E-30 0 0 0 0 0 0 0 0 0 0 0 0 0
0 0 0 0 3.15544362087999992E-30 0 0 0 0 0 0 0 0 0 0 0 9.33074539457000018E-30 0 0 0 0 0 0 0 0 0 0 0 0 0 0 0 0 0 0 0 3.15544362087999992E-30 0 0 0 0 0 0 0 0 0 0 0 0 0
0 0 0 0 3.15544362087999992E-30 0 0 0 0 0 0 0 0 0 0 0 9.33074539457000018E-30 0 0 0 0 0 0 0 0 0 0 0 0 0 0 0 0 0 0 0 3.15544362087999992E-30 0 0 0 0 0 0 0 0 0 0 0 0 0
0 0 0 0 3.15544362087999992E-30 0 0 0 0 0 0 0 0 0 0 0 9.33074539457000018E-30 0 0 0 0 0 0 0 0 0 0 0 0 0 0 0 0 0 0 0 3.15544362087999992E-30 0 0 0 0 0 0 0 0 0 0 0 0 0
0 0 0 0 3.15544362087999992E-30 0 0 0 0 0 0 0 0 0 0 0 9.33074539457000018E-30 0 0 0 0 0 0 0 0 0 0 0 0 0 0 0 0 0 0 0 3.15544362087999992E-30 0 0 0 0 0 0 0 0 0 0 0 0 0
0 0 0 0 3.15544362087999992E-30 0 0 0 0 0 0 0 0 0 0 0 9.33074539457000018E-30 0 0 0 0 0 0 0 0 0 0 0 0 0 0 0 0 0 0 0 3.15544362087999992E-30 0 0 0 0 0 0 0 0 0 0 0 0 0
0 0 0 0 3.15544362087999992E-30 0 0 0 0 0 0 0 0 0 0 0 9.33074539457000018E-30 0 0 0 0 0 0 0 0 0 0 0 0 0 0 0 0 0 0 0 3.15544362087999992E-30 0 0 0 0 0 0 0 0 0 0 0 0 0
0 0 0 0 3.15544362087999992E-30 0 0 0 0 0 0 0 0 0 0 0 9.33074539457000018E-30 0 0 0 0 0 0 0 0 0 0 0 0 0 0 0 0 0 0 0 3.15544362087999992E-30 0 0 0 0 0 0 0 0 0 0 0 0 0
0 0 0 0 3.15544362087999992E-30 0 0 0 0 0 0 0 0 0 0 0 9.33074539457000018E-30 0 0 0 0 0 0 0 0 0 0 0 0 0 0 0 0 0 0 0 3.15544362087999992E-30 0 0 0 0 0 0 0 0 0 0 0 0 0
0 0 0 0 3.15544362087999992E-30 0 0 0 0 0 0 0 0 0 0 0 9.33074539457000018E-30 0 0 0 0 0 0 0 0 0 0 0 0 0 0 0 0 0 0 0 3.15544362087999992E-30 0 0 0 0 0 0 0 0 0 0 0 0 0
0 0 0 0 3.15544362087999992E-30 0 0 0 0 0 0 0 0 0 0 0 9.33074539457000018E-30 0 0 0 0 0 0 0 0 0 0 0 0 0 0 0 0 0 0 0 3.15544362087999992E-30 0 0 0 0 0 0 0 0 0 0 0 0 0
0 0 0 0 3.15544362087999992E-30 0 0 0 0 0 0 0 0 0 0 0 9.33074539457000018E-30 0 0 0 0 0 0 0 0 0 0 0 0 0 0 0 0 0 0 0 3.15544362087999992E-30 0 0 0 0 0 0 0 0 0 0 0 0 0
0 0 0 0 3.15544362087999992E-30 0 0 0 0 0 0 0 0 0 0 0 9.33074539457000018E-30 0 0 0 0 0 0 0 0 0 0 0 0 0 0 0 0 0 0 0 3.15544362087999992E-30 0 0 0 0 0 0 0 0 0 0 0 0 0
0 0 0 0 3.15544362087999992E-30 0 0 0 0 0 0 0 0 0 0 0 9.33074539457000018E-30 0 0 0 0 0 0 0 0 0 0 0 0 0 0 0 0 0 0 0 3.15544362087999992E-30 0 0 0 0 0 0 0 0 0 0 0 0 0
0 0 0 0 3.15544362087999992E-30 0 0 0 0 0 0 0 0 0 0 0 9.33074539457000018E-30 0 0 0 0 0 0 0 0 0 0 0 0 0 0 0 0 0 0 0 3.15544362087999992E-30 0 0 0 0 0 0 0 0 0 0 0 0 0
0 0 0 0 3.15544362087999992E-30 0 0 0 0 0 0 0 0 0 0 0 9.33074539457000018E-30 0 0 0 0 0 0 0 0 0 0 0 0 0 0 0 0 0 0 0 3.15544362087999992E-30 0 0 0 0 0 0 0 0 0 0 0 0 0
0 0 0 0 3.15544362087999992E-30 0 0 0 0 0 0 0 0 0 0 0 9.33074539457000018E-30 0 0 0 0 0 0 0 0 0 0 0 0 0 0 0 0 0 0 0 3.15544362087999992E-30 0 0 0 0 0 0 0 0 0 0 0 0 0
0 0 0 0 3.15544362087999992E-30 0 0 0 0 0 0 0 0 0 0 0 9.33074539457000018E-30 0 0 0 0 0 0 0 0 0 0 0 0 0 0 0 0 0 0 0 3.15544362087999992E-30 0 0 0 0 0 0 0 0 0 0 0 0 0
0 0 0 0 3.15544362087999992E-30 0 0 0 0 0 0 0 0 0 0 0 9.33074539457000018E-30 0 0 0 0 0 0 0 0 0 0 0 0 0 0 0 0 0 0 0 3.15544362087999992E-30 0 0 0 0 0 0 0 0 0 0 0 0 0
0 0 0 0 3.15544362087999992E-30 0 0 0 0 0 0 0 0 0 0 0 9.33074539457000018E-30 0 0 0 0 0 0 0 0 0 0 0 0 0 0 0 0 0 0 0 3.15544362087999992E-30 0 0 0 0 0 0 0 0 0 0 0 0 0
0 0 0 0 3.15544362087999992E-30 0 0 0 0 0 0 0 0 0 0 0 9.33074539457000018E-30 0 0 0 0 0 0 0 0 0 0 0 0 0 0 0 0 0 0 0 3.15544362087999992E-30 0 0 0 0 0 0 0 0 0 0 0 0 0
0 0 0 0 3.15544362087999992E-30 0 0 0 0 0 0 0 0 0 0 0 9.33074539457000018E-30 0 0 0 0 0 0 0 0 0 0 0 0 0 0 0 0 0 0 0 3.15544362087999992E-30 0 0 0 0 0 0 0 0 0 0 0 0 0
0 0 0 0 3.15544362087999992E-30 0 0 0 0 0 0 0 0 0 0 0 9.33074539457000018E-30 0 0 0 0 0 0 0 0 0 0 0 0 0 0 0 0 0 0 0 3.15544362087999992E-30 0 0 0 0 0 0 0 0 0 0 0 0 0
0 0 0 0 3.15544362087999992E-30 0 0 0 0 0 0 0 0 0 0 0 9.33074539457000018E-30 0 0 0 0 0 0 0 0 0 0 0 0 0 0 0 0 0 0 0 3.15544362087999992E-30 0 0 0 0 0 0 0 0 0 0 0 0 0
0 0 0 0 3.15544362087999992E-30 0 0 0 0 0 0 0 0 0 0 0 9.33074539457000018E-30 0 0 0 0 0 0 0 0 0 0 0 0 0 0 0 0 0 0 0 3.15544362087999992E-30 0 0 0 0 0 0 0 0 0 0 0 0 0
0 0 0 0 3.15544362087999992E-30 0 0 0 0 0 0 0 0 0 0 0 9.33074539457000018E-30 0 0 0 0 0 0 0 0 0 0 0 0 0 0 0 0 0 0 0 3.15544362087999992E-30 0 0 0 0 0 0 0 0 0 0 0 0 0
0 0 0 0 3.15544362087999992E-30 0 0 0 0 0 0 0 0 0 0 0 9.33074539457000018E-30 0 0 0 0 0 0 0 0 0 0 0 0 0 0 0 0 0 0 0 3.15544362087999992E-30 0 0 0 0 0 0 0 0 0 0 0 0 0
0 0 0 0 3.15544362087999992E-30 0 0 0 0 0 0 0 0 0 0 0 9.33074539457000018E-30 0 0 0 0 0 0 0 0 0 0 0 0 0 0 0 0 0 0 0 3.15544362087999992E-30 0 0 0 0 0 0 0 0 0 0 0 0 0
0 0 0 0 3.15544362087999992E-30 0 0 0 0 0 0 0 0 0 0 0 9.33074539457000018E-30 0 0 0 0 0 0 0 0 0 0 0 0 0 0 0 0 0 0 0 3.15544362087999992E-30 0 0 0 0 0 0 0 0 0 0 0 0 0
0 0 0 0 3.15544362087999992E-30 0 0 0 0 0 0 0 0 0 0 0 9.33074539457000018E-30 0 0 0 0 0 0 0 0 0 0 0 0 0 0 0 0 0 0 0 3.15544362087999992E-30 0 0 0 0 0 0 0 0 0 0 0 0 0
0 0 0 0 3.15544362087999992E-30 0 0 0 0 0 0 0 0 0 0 0 9.33074539457000018E-30 0 0 0 0 0 0 0 0 0 0 0 0 0 0 0 0 0 0 0 3.15544362087999992E-30 0 0 0 0 0 0 0 0 0 0 0 0 0
0 0 0 0 3.15544362087999992E-30 0 0 0 0 0 0 0 0 0 0 0 9.33074539457000018E-30 0 0 0 0 0 0 0 0 0 0 0 0 0 0 0 0 0 0 0 3.15544362087999992E-30 0 0 0 0 0 0 0 0 0 0 0 0 0
0 0 0 0 3.15544362087999992E-30 0 0 0 0 0 0 0 0 0 0 0 9.33074539457000018E-30 0 0 0 0 0 0 0 0 0 0 0 0 0 0 0 0 0 0 0 3.15544362087999992E-30 0 0 0 0 0 0 0 0 0 0 0 0 0
0 0 0 0 3.15544362087999992E-30 0 0 0 0 0 0 0 0 0 0 0 9.33074539457000018E-30 0 0 0 0 0 0 0 0 0 0 0 0 0 0 0 0 0 0 0 3.15544362087999992E-30 0 0 0 0 0 0 0 0 0 0 0 0 0
0 0 0 0 3.15544362087999992E-30 0 0 0 0 0 0 0 0 0 0 0 9.33074539457000018E-30 0 0 0 0 0 0 0 0 0 0 0 0 0 0 0 0 0 0 0 3.15544362087999992E-30 0 0 0 0 0 0 0 0 0 0 0 0 0
0 0 0 0 3.15544362087999992E-30 0 0 0 0 0 0 0 0 0 0 0 9.33074539457000018E-30 0 0 0 0 0 0 0 0 0 0 0 0 0 0 0 0 0 0 0 3.15544362087999992E-30 0 0 0 0 0 0 0 0 0 0 0 0 0
0 0 0 0 3.15544362087999992E-30 0 0 0 0 0 0 0 0 0 0 0 9.33074539457000018E-30 0 0 0 0 0 0 0 0 0 0 0 0 0 0 0 0 0 0 0 3.15544362087999992E-30 0 0 0 0 0 0 0 0 0 0 0 0 0
0 0 0 0 3.15544362087999992E-30 0 0 0 0 0 0 0 0 0 0 0 9.33074539457000018E-30 0 0 0 0 0 0 0 0 0 0 0 0 0 0 0 0 0 0 0 3.15544362087999992E-30 0 0 0 0 0 0 0 0 0 0 0 0 0
0 0 0 0 3.15544362087999992E-30 0 0 0 0 0 0 0 0 0 0 0 9.33074539457000018E-30 0 0 0 0 0 0 0 0 0 0 0 0 0 0 0 0 0 0 0 3.15544362087999992E-30 0 0 0 0 0 0 0 0 0 0 0 0 0
0 0 0 0 3.15544362087999992E-30 0 0 0 0 0 0 0 0 0 0 0 9.33074539457000018E-30 0 0 0 0 0 0 0 0 0 0 0 0 0 0 0 0 0 0 0 3.15544362087999992E-30 0 0 0 0 0 0 0 0 0 0 0 0 0
0 0 0 0 3.15544362087999992E-30 0 0 0 0 0 0 0 0 0 0 0 9.33074539457000018E-30 0 0 0 0 0 0 0 0 0 0 0 0 0 0 0 0 0 0 0 3.15544362087999992E-30 0 0 0 0 0 0 0 0 0 0 0 0 0
0 0 0 0 3.15544362087999992E-30 0 0 0 0 0 0 0 0 0 0 0 9.33074539457000018E-30 0 0 0 0 0 0 0 0 0 0 0 0 0 0 0 0 0 0 0 3.15544362087999992E-30 0 0 0 0 0 0 0 0 0 0 0 0 0
0 0 0 0 3.15544362087999992E-30 0 0 0 0 0 0 0 0 0 0 0 9.33074539457000018E-30 0 0 0 0 0 0 0 0 0 0 0 0 0 0 0 0 0 0 0 3.15544362087999992E-30 0 0 0 0 0 0 0 0 0 0 0 0 0
0 0 0 0 3.15544362087999992E-30 0 0 0 0 0 0 0 0 0 0 0 9.33074539457000018E-30 0 0 0 0 0 0 0 0 0 0 0 0 0 0 0 0 0 0 0 3.15544362087999992E-30 0 0 0 0 0 0 0 0 0 0 0 0 0
0 0 0 0 3.15544362087999992E-30 0 0 0 0 0 0 0 0 0 0 0 9.33074539457000018E-30 0 0 0 0 0 0 0 0 0 0 0 0 0 0 0 0 0 0 0 3.15544362087999992E-30 0 0 0 0 0 0 0 0 0 0 0 0 0
0 0 0 0 3.15544362087999992E-30 0 0 0 0 0 0 0 0 0 0 0 9.33074539457000018E-30 0 0 0 0 0 0 0 0 0 0 0 0 0 0 0 0 0 0 0 3.15544362087999992E-30 0 0 0 0 0 0 0 0 0 0 0 0 0
0 0 0 0 3.15544362087999992E-30 0 0 0 0 0 0 0 0 0 0 0 9.33074539457000018E-30 0 0 0 0 0 0 0 0 0 0 0 0 0 0 0 0 0 0 0 3.15544362087999992E-30 0 0 0 0 0 0 0 0 0 0 0 0 0
0 0 0 0 3.15544362087999992E-30 0 0 0 0 0 0 0 0 0 0 0 9.33074539457000018E-30 0 0 0 0 0 0 0 0 0 0 0 0 0 0 0 0 0 0 0 3.15544362087999992E-30 0 0 0 0 0 0 0 0 0 0 0 0 0
0 0 0 0 3.15544362087999992E-30 0 0 0 0 0 0 0 0 0 0 0 9.33074539457000018E-30 0 0 0 0 0 0 0 0 0 0 0 0 0 0 0 0 0 0 0 3.15544362087999992E-30 0 0 0 0 0 0 0 0 0 0 0 0 0
0 0 0 0 3.15544362087999992E-30 0 0 0 0 0 0 0 0 0 0 0 9.33074539457000018E-30 0 0 0 0 0 0 0 0 0 0 0 0 0 0 0 0 0 0 0 3.15544362087999992E-30 0 0 0 0 0 0 0 0 0 0 0 0 0
0 0 0 0 3.15544362087999992E-30 0 0 0 0 0 0 0 0 0 0 0 9.33074539457000018E-30 0 0 0 0 0 0 0 0 0 0 0 0 0 0 0 0 0 0 0 3.15544362087999992E-30 0 0 0 0 0 0 0 0 0 0 0 0 0
0 0 0 0 3.15544362087999992E-30 0 0 0 0 0 0 0 0 0 0 0 9.33074539457000018E-30 0 0 0 0 0 0 0 0 0 0 0 0 0 0 0 0 0 0 0 3.15544362087999992E-30 0 0 0 0 0 0 0 0 0 0 0 0 0
0 0 0 0 3.15544362087999992E-30 0 0 0 0 0 0 0 0 0 0 0 9.33074539457000018E-30 0 0 0 0 0 0 0 0 0 0 0 0 0 0 0 0 0 0 0 3.15544362087999992E-30 0 0 0 0 0 0 0 0 0 0 0 0 0
0 0 0 0 3.15544362087999992E-30 0 0 0 0 0 0 0 0 0 0 0 9.33074539457000018E-30 0 0 0 0 0 0 0 0 0 0 0 0 0 0 0 0 0 0 0 3.15544362087999992E-30 0 0 0 0 0 0 0 0 0 0 0 0 0
0 0 0 0 3.15544362087999992E-30 0 0 0 0 0 0 0 0 0 0 0 9.33074539457000018E-30 0 0 0 0 0 0 0 0 0 0 0 0 0 0 0 0 0 0 0 3.15544362087999992E-30 0 0 0 0 0 0 0 0 0 0 0 0 0
0 0 0 0 3.15544362087999992E-30 0 0 0 0 0 0 0 0 0 0 0 9.33074539457000018E-30 0 0 0 0 0 0 0 0 0 0 0 0 0 0 0 0 0 0 0 3.15544362087999992E-30 0 0 0 0 0 0 0 0 0 0 0 0 0
0 0 0 0 3.15544362087999992E-30 0 0 0 0 0 0 0 0 0 0 0 9.33074539457000018E-30 0 0 0 0 0 0 0 0 0 0 0 0 0 0 0 0 0 0 0 3.15544362087999992E-30 0 0 0 0 0 0 0 0 0 0 0 0 0
0 0 0 0 3.15544362087999992E-30 0 0 0 0 0 0 0 0 0 0 0 9.33074539457000018E-30 0 0 0 0 0 0 0 0 0 0 0 0 0 0 0 0 0 0 0 3.15544362087999992E-30 0 0 0 0 0 0 0 0 0 0 0 0 0
0 0 0 0 3.15544362087999992E-30 0 0 0 0 0 0 0 0 0 0 0 9.33074539457000018E-30 0 0 0 0 0 0 0 0 0 0 0 0 0 0 0 0 0 0 0 3.15544362087999992E-30 0 0 0 0 0 0 0 0 0 0 0 0 0
0 0 0 0 3.15544362087999992E-30 0 0 0 0 0 0 0 0 0 0 0 9.33074539457000018E-30 0 0 0 0 0 0 0 0 0 0 0 0 0 0 0 0 0 0 0 3.15544362087999992E-30 0 0 0 0 0 0 0 0 0 0 0 0 0
0 0 0 0 3.15544362087999992E-30 0 0 0 0 0 0 0 0 0 0 0 9.33074539457000018E-30 0 0 0 0 0 0 0 0 0 0 0 0 0 0 0 0 0 0 0 3.15544362087999992E-30 0 0 0 0 0 0 0 0 0 0 0 0 0
0 0 0 0 3.15544362087999992E-30 0 0 0 0 0 0 0 0 0 0 0 9.33074539457000018E-30 0 0 0 0 0 0 0 0 0 0 0 0 0 0 0 0 0 0 0 3.15544362087999992E-30 0 0 0 0 0 0 0 0 0 0 0 0 0
0 0 0 0 3.15544362087999992E-30 0 0 0 0 0 0 0 0 0 0 0 9.33074539457000018E-30 0 0 0 0 0 0 0 0 0 0 0 0 0 0 0 0 0 0 0 3.15544362087999992E-30 0 0 0 0 0 0 0 0 0 0 0 0 0
0 0 0 0 3.15544362087999992E-30 0 0 0 0 0 0 0 0 0 0 0 9.33074539457000018E-30 0 0 0 0 0 0 0 0 0 0 0 0 0 0 0 0 0 0 0 3.15544362087999992E-30 0 0 0 0 0 0 0 0 0 0 0 0 0
0 0 0 0 3.15544362087999992E-30 0 0 0 0 0 0 0 0 0 0 0 9.33074539457000018E-30 0 0 0 0 0 0 0 0 0 0 0 0 0 0 0 0 0 0 0 3.15544362087999992E-30 0 0 0 0 0 0 0 0 0 0 0 0 0
0 0 0 0 3.15544362087999992E-30 0 0 0 0 0 0 0 0 0 0 0 9.33074539457000018E-30 0 0 0 0 0 0 0 0 0 0 0 0 0 0 0 0 0 0 0 3.15544362087999992E-30 0 0 0 0 0 0 0 0 0 0 0 0 0
0 0 0 0 3.15544362087999992E-30 0 0 0 0 0 0 0 0 0 0 0 9.33074539457000018E-30 0 0 0 0 0 0 0 0 0 0 0 0 0 0 0 0 0 0 0 3.15544362087999992E-30 0 0 0 0 0 0 0 0 0 0 0 0 0
0 0 0 0 3.15544362087999992E-30 0 0 0 0 0 0 0 0 0 0 0 9.33074539457000018E-30 0 0 0 0 0 0 0 0 0 0 0 0 0 0 0 0 0 0 0 3.15544362087999992E-30 0 0 0 0 0 0 0 0 0 0 0 0 0
0 0 0 0 3.15544362087999992E-30 0 0 0 0 0 0 0 0 0 0 0 9.33074539457000018E-30 0 0 0 0 0 0 0 0 0 0 0 0 0 0 0 0 0 0 0 3.15544362087999992E-30 0 0 0 0 0 0 0 0 0 0 0 0 0
0 0 0 0 3.15544362087999992E-30 0 0 0 0 0 0 0 0 0 0 0 9.33074539457000018E-30 0 0 0 0 0 0 0 0 0 0 0 0 0 0 0 0 0 0 0 3.15544362087999992E-30 0 0 0 0 0 0 0 0 0 0 0 0 0
0 0 0 0 3.15544362087999992E-30 0 0 0 0 0 0 0 0 0 0 0 9.33074539457000018E-30 0 0 0 0 0 0 0 0 0 0 0 0 0 0 0 0 0 0 0 3.15544362087999992E-30 0 0 0 0 0 0 0 0 0 0 0 0 0
0 0 0 0 3.15544362087999992E-30 0 0 0 0 0 0 0 0 0 0 0 9.33074539457000018E-30 0 0 0 0 0 0 0 0 0 0 0 0 0 0 0 0 0 0 0 3.15544362087999992E-30 0 0 0 0 0 0 0 0 0 0 0 0 0
0 0 0 0 3.15544362087999992E-30 0 0 0 0 0 0 0 0 0 0 0 9.33074539457000018E-30 0 0 0 0 0 0 0 0 0 0 0 0 0 0 0 0 0 0 0 3.15544362087999992E-30 0 0 0 0 0 0 0 0 0 0 0 0 0
0 0 0 0 3.15544362087999992E-30 0 0 0 0 0 0 0 0 0 0 0 9.33074539457000018E-30 0 0 0 0 0 0 0 0 0 0 0 0 0 0 0 0 0 0 0 3.15544362087999992E-30 0 0 0 0 0 0 0 0 0 0 0 0 0
0 0 0 0 3.15544362087999992E-30 0 0 0 0 0 0 0 0 0 0 0 9.33074539457000018E-30 0 0 0 0 0 0 0 0 0 0 0 0 0 0 0 0 0 0 0 3.15544362087999992E-30 0 0 0 0 0 0 0 0 0 0 0 0 0
0 0 0 0 3.15544362087999992E-30 0 0 0 0 0 0 0 0 0 0 0 9.33074539457000018E-30 0 0 0 0 0 0 0 0 0 0 0 0 0 0 0 0 0 0 0 3.15544362087999992E-30 0 0 0 0 0 0 0 0 0 0 0 0 0
0 0 0 0 3.15544362087999992E-30 0 0 0 0 0 0 0 0 0 0 0 9.33074539457000018E-30 0 0 0 0 0 0 0 0 0 0 0 0 0 0 0 0 0 0 0 3.15544362087999992E-30 0 0 0 0 0 0 0 0 0 0 0 0 0
0 0 0 0 3.15544362087999992E-30 0 0 0 0 0 0 0 0 0 0 0 9.33074539457000018E-30 0 0 0 0 0 0 0 0 0 0 0 0 0 0 0 0 0 0 0 3.15544362087999992E-30 0 0 0 0 0 0 0 0 0 0 0 0 0
0 0 0 0 3.15544362087999992E-30 0 0 0 0 0 0 0 0 0 0 0 9.33074539457000018E-30 0 0 0 0 0 0 0 0 0 0 0 0 0 0 0 0 0 0 0 3.15544362087999992E-30 0 0 0 0 0 0 0 0 0 0 0 0 0
0 0 0 0 3.15544362087999992E-30 0 0 0 0 0 0 0 0 0 0 0 9.33074539457000018E-30 0 0 0 0 0 0 0 0 0 0 0 0 0 0 0 0 0 0 0 3.15544362087999992E-30 0 0 0 0 0 0 0 0 0 0 0 0 0
0 0 0 0 3.15544362087999992E-30 0 0 0 0 0 0 0 0 0 0 0 9.33074539457000018E-30 0 0 0 0 0 0 0 0 0 0 0 0 0 0 0 0 0 0 0 3.15544362087999992E-30 0 0 0 0 0 0 0 0 0 0 0 0 0
0 0 0 0 3.15544362087999992E-30 0 0 0 0 0 0 0 0 0 0 0 9.33074539457000018E-30 0 0 0 0 0 0 0 0 0 0 0 0 0 0 0 0 0 0 0 3.15544362087999992E-30 0 0 0 0 0 0 0 0 0 0 0 0 0
0 0 0 0 3.15544362087999992E-30 0 0 0 0 0 0 0 0 0 0 0 9.33074539457000018E-30 0 0 0 0 0 0 0 0 0 0 0 0 0 0 0 0 0 0 0 3.15544362087999992E-30 0 0 0 0 0 0 0 0 0 0 0 0 0
0 0 0 0 3.15544362087999992E-30 0 0 0 0 0 0 0 0 0 0 0 9.33074539457000018E-30 0 0 0 0 0 0 0 0 0 0 0 0 0 0 0 0 0 0 0 3.15544362087999992E-30 0 0 0 0 0 0 0 0 0 0 0 0 0
0 0 0 0 3.15544362087999992E-30 0 0 0 0 0 0 0 0 0 0 0 9.33074539457000018E-30 0 0 0 0 0 0 0 0 0 0 0 0 0 0 0 0 0 0 0 3.15544362087999992E-30 0 0 0 0 0 0 0 0 0 0 0 0 0
0 0 0 0 3.15544362087999992E-30 0 0 0 0 0 0 0 0 0 0 0 9.33074539457000018E-30 0 0 0 0 0 0 0 0 0 0 0 0 0 0 0 0 0 0 0 3.15544362087999992E-30 0 0 0 0 0 0 0 0 0 0 0 0 0
0 0 0 0 3.15544362087999992E-30 0 0 0 0 0 0 0 0 0 0 0 9.33074539457000018E-30 0 0 0 0 0 0 0 0 0 0 0 0 0 0 0 0 0 0 0 3.15544362087999992E-30 0 0 0 0 0 0 0 0 0 0 0 0 0
0 0 0 0 3.15544362087999992E-30 0 0 0 0 0 0 0 0 0 0 0 9.33074539457000018E-30 0 0 0 0 0 0 0 0 0 0 0 0 0 0 0 0 0 0 0 3.15544362087999992E-30 0 0 0 0 0 0 0 0 0 0 0 0 0
0 0 0 0 3.15544362087999992E-30 0 0 0 0 0 0 0 0 0 0 0 9.33074539457000018E-30 0 0 0 0 0 0 0 0 0 0 0 0 0 0 0 0 0 0 0 3.15544362087999992E-30 0 0 0 0 0 0 0 0 0 0 0 0 0
0 0 0 0 3.15544362087999992E-30 0 0 0 0 0 0 0 0 0 0 0 9.33074539457000018E-30 0 0 0 0 0 0 0 0 0 0 0 0 0 0 0 0 0 0 0 3.15544362087999992E-30 0 0 0 0 0 0 0 0 0 0 0 0 0
0 0 0 0 3.15544362087999992E-30 0 0 0 0 0 0 0 0 0 0 0 9.33074539457000018E-30 0 0 0 0 0 0 0 0 0 0 0 0 0 0 0 0 0 0 0 3.15544362087999992E-30 0 0 0 0 0 0 0 0 0 0 0 0 0
0 0 0 0 3.15544362087999992E-30 0 0 0 0 0 0 0 0 0 0 0 9.33074539457000018E-30 0 0 0 0 0 0 0 0 0 0 0 0 0 0 0 0 0 0 0 3.15544362087999992E-30 0 0 0 0 0 0 0 0 0 0 0 0 0
0 0 0 0 3.15544362087999992E-30 0 0 0 0 0 0 0 0 0 0 0 9.33074539457000018E-30 0 0 0 0 0 0 0 0 0 0 0 0 0 0 0 0 0 0 0 3.15544362087999992E-30 0 0 0 0 0 0 0 0 0 0 0 0 0
0 0 0 0 3.15544362087999992E-30 0 0 0 0 0 0 0 0 0 0 0 9.33074539457000018E-30 0 0 0 0 0 0 0 0 0 0 0 0 0 0 0 0 0 0 0 3.15544362087999992E-30 0 0 0 0 0 0 0 0 0 0 0 0 0
0 0 0 0 3.15544362087999992E-30 0 0 0 0 0 0 0 0 0 0 0 9.33074539457000018E-30 0 0 0 0 0 0 0 0 0 0 0 0 0 0 0 0 0 0 0 3.15544362087999992E-30 0 0 0 0 0 0 0 0 0 0 0 0 0
0 0 0 0 3.15544362087999992E-30 0 0 0 0 0 0 0 0 0 0 0 9.33074539457000018E-30 0 0 0 0 0 0 0 0 0 0 0 0 0 0 0 0 0 0 0 3.15544362087999992E-30 0 0 0 0 0 0 0 0 0 0 0 0 0
0 0 0 0 3.15544362087999992E-30 0 0 0 0 0 0 0 0 0 0 0 9.33074539457000018E-30 0 0 0 0 0 0 0 0 0 0 0 0 0 0 0 0 0 0 0 3.15544362087999992E-30 0 0 0 0 0 0 0 0 0 0 0 0 0
0 0 0 0 3.15544362087999992E-30 0 0 0 0 0 0 0 0 0 0 0 9.33074539457000018E-30 0 0 0 0 0 0 0 0 0 0 0 0 0 0 0 0 0 0 0 3.15544362087999992E-30 0 0 0 0 0 0 0 0 0 0 0 0 0
0 0 0 0 3.15544362087999992E-30 0 0 0 0 0 0 0 0 0 0 0 9.33074539457000018E-30 0 0 0 0 0 0 0 0 0 0 0 0 0 0 0 0 0 0 0 3.15544362087999992E-30 0 0 0 0 0 0 0 0 0 0 0 0 0
0 0 0 0 3.15544362087999992E-30 0 0 0 0 0 0 0 0 0 0 0 9.33074539457000018E-30 0 0 0 0 0 0 0 0 0 0 0 0 0 0 0 0 0 0 0 3.15544362087999992E-30 0 0 0 0 0 0 0 0 0 0 0 0 0
0 0 0 0 3.15544362087999992E-30 0 0 0 0 0 0 0 0 0 0 0 9.33074539457000018E-30 0 0 0 0 0 0 0 0 0 0 0 0 0 0 0 0 0 0 0 3.15544362087999992E-30 0 0 0 0 0 0 0 0 0 0 0 0 0
0 0 0 0 3.15544362087999992E-30 0 0 0 0 0 0 0 0 0 0 0 9.33074539457000018E-30 0 0 0 0 0 0 0 0 0 0 0 0 0 0 0 0 0 0 0 3.15544362087999992E-30 0 0 0 0 0 0 0 0 0 0 0 0 0
0 0 0 0 3.15544362087999992E-30 0 0 0 0 0 0 0 0 0 0 0 9.33074539457000018E-30 0 0 0 0 0 0 0 0 0 0 0 0 0 0 0 0 0 0 0 3.15544362087999992E-30 0 0 0 0 0 0 0 0 0 0 0 0 0
0 0 0 0 3.15544362087999992E-30 0 0 0 0 0 0 0 0 0 0 0 9.33074539457000018E-30 0 0 0 0 0 0 0 0 0 0 0 0 0 0 0 0 0 0 0 3.15544362087999992E-30 0 0 0 0 0 0 0 0 0 0 0 0 0
0 0 0 0 3.15544362087999992E-30 0 0 0 0 0 0 0 0 0 0 0 9.33074539457000018E-30 0 0 0 0 0 0 0 0 0 0 0 0 0 0 0 0 0 0 0 3.15544362087999992E-30 0 0 0 0 0 0 0 0 0 0 0 0 0
0 0 0 0 3.15544362087999992E-30 0 0 0 0 0 0 0 0 0 0 0 9.33074539457000018E-30 0 0 0 0 0 0 0 0 0 0 0 0 0 0 0 0 0 0 0 3.15544362087999992E-30 0 0 0 0 0 0 0 0 0 0 0 0 0
0 0 0 0 3.15544362087999992E-30 0 0 0 0 0 0 0 0 0 0 0 9.33074539457000018E-30 0 0 0 0 0 0 0 0 0 0 0 0 0 0 0 0 0 0 0 3.15544362087999992E-30 0 0 0 0 0 0 0 0 0 0 0 0 0
0 0 0 0 3.15544362087999992E-30 0 0 0 0 0 0 0 0 0 0 0 9.33074539457000018E-30 0 0 0 0 0 0 0 0 0 0 0 0 0 0 0 0 0 0 0 3.15544362087999992E-30 0 0 0 0 0 0 0 0 0 0 0 0 0
0 0 0 0 3.15544362087999992E-30 0 0 0 0 0 0 0 0 0 0 0 9.33074539457000018E-30 0 0 0 0 0 0 0 0 0 0 0 0 0 0 0 0 0 0 0 3.15544362087999992E-30 0 0 0 0 0 0 0 0 0 0 0 0 0
0 0 0 0 3.15544362087999992E-30 0 0 0 0 0 0 0 0 0 0 0 9.33074539457000018E-30 0 0 0 0 0 0 0 0 0 0 0 0 0 0 0 0 0 0 0 3.15544362087999992E-30 0 0 0 0 0 0 0 0 0 0 0 0 0
0 0 0 0 3.15544362087999992E-30 0 0 0 0 0 0 0 0 0 0 0 9.33074539457000018E-30 0 0 0 0 0 0 0 0 0 0 0 0 0 0 0 0 0 0 0 3.15544362087999992E-30 0 0 0 0 0 0 0 0 0 0 0 0 0
0 0 0 0 3.15544362087999992E-30 0 0 0 0 0 0 0 0 0 0 0 9.33074539457000018E-30 0 0 0 0 0 0 0 0 0 0 0 0 0 0 0 0 0 0 0 3.15544362087999992E-30 0 0 0 0 0 0 0 0 0 0 0 0 0
0 0 0 0 3.15544362087999992E-30 0 0 0 0 0 0 0 0 0 0 0 9.33074539457000018E-30 0 0 0 0 0 0 0 0 0 0 0 0 0 0 0 0 0 0 0 3.15544362087999992E-30 0 0 0 0 0 0 0 0 0 0 0 0 0
0 0 0 0 3.15544362087999992E-30 0 0 0 0 0 0 0 0 0 0 0 9.33074539457000018E-30 0 0 0 0 0 0 0 0 0 0 0 0 0 0 0 0 0 0 0 3.15544362087999992E-30 0 0 0 0 0 0 0 0 0 0 0 0 0
0 0 0 0 3.15544362087999992E-30 0 0 0 0 0 0 0 0 0 0 0 9.33074539457000018E-30 0 0 0 0 0 0 0 0 0 0 0 0 0 0 0 0 0 0 0 3.15544362087999992E-30 0 0 0 0 0 0 0 0 0 0 0 0 0
0 0 0 0 3.15544362087999992E-30 0 0 0 0 0 0 0 0 0 0 0 9.33074539457000018E-30 0 0 0 0 0 0 0 0 0 0 0 0 0 0 0 0 0 0 0 3.15544362087999992E-30 0 0 0 0 0 0 0 0 0 0 0 0 0
0 0 0 0 3.15544362087999992E-30 0 0 0 0 0 0 0 0 0 0 0 9.33074539457000018E-30 0 0 0 0 0 0 0 0 0 0 0 0 0 0 0 0 0 0 0 3.15544362087999992E-30 0 0 0 0 0 0 0 0 0 0 0 0 0
0 0 0 0 3.15544362087999992E-30 0 0 0 0 0 0 0 0 0 0 0 9.33074539457000018E-30 0 0 0 0 0 0 0 0 0 0 0 0 0 0 0 0 0 0 0 3.15544362087999992E-30 0 0 0 0 0 0 0 0 0 0 0 0 0
0 0 0 0 3.15544362087999992E-30 0 0 0 0 0 0 0 0 0 0 0 9.33074539457000018E-30 0 0 0 0 0 0 0 0 0 0 0 0 0 0 0 0 0 0 0 3.15544362087999992E-30 0 0 0 0 0 0 0 0 0 0 0 0 0
0 0 0 0 3.15544362087999992E-30 0 0 0 0 0 0 0 0 0 0 0 9.33074539457000018E-30 0 0 0 0 0 0 0 0 0 0 0 0 0 0 0 0 0 0 0 3.15544362087999992E-30 0 0 0 0 0 0 0 0 0 0 0 0 0
0 0 0 0 3.15544362087999992E-30 0 0 0 0 0 0 0 0 0 0 0 9.33074539457000018E-30 0 0 0 0 0 0 0 0 0 0 0 0 0 0 0 0 0 0 0 3.15544362087999992E-30 0 0 0 0 0 0 0 0 0 0 0 0 0
0 0 0 0 3.15544362087999992E-30 0 0 0 0 0 0 0 0 0 0 0 9.33074539457000018E-30 0 0 0 0 0 0 0 0 0 0 0 0 0 0 0 0 0 0 0 3.15544362087999992E-30 0 0 0 0 0 0 0 0 0 0 0 0 0
0 0 0 0 3.15544362087999992E-30 0 0 0 0 0 0 0 0 0 0 0 9.33074539457000018E-30 0 0 0 0 0 0 0 0 0 0 0 0 0 0 0 0 0 0 0 3.15544362087999992E-30 0 0 0 0 0 0 0 0 0 0 0 0 0
0 0 0 0 3.15544362087999992E-30 0 0 0 0 0 0 0 0 0 0 0 9.33074539457000018E-30 0 0 0 0 0 0 0 0 0 0 0 0 0 0 0 0 0 0 0 3.15544362087999992E-30 0 0 0 0 0 0 0 0 0 0 0 0 0
0 0 0 0 3.15544362087999992E-30 0 0 0 0 0 0 0 0 0 0 0 9.33074539457000018E-30 0 0 0 0 0 0 0 0 0 0 0 0 0 0 0 0 0 0 0 3.15544362087999992E-30 0 0 0 0 0 0 0 0 0 0 0 0 0
0 0 0 0 3.15544362087999992E-30 0 0 0 0 0 0 0 0 0 0 0 9.33074539457000018E-30 0 0 0 0 0 0 0 0 0 0 0 0 0 0 0 0 0 0 0 3.15544362087999992E-30 0 0 0 0 0 0 0 0 0 0 0 0 0
0 0 0 0 3.15544362087999992E-30 0 0 0 0 0 0 0 0 0 0 0 9.33074539457000018E-30 0 0 0 0 0 0 0 0 0 0 0 0 0 0 0 0 0 0 0 3.15544362087999992E-30 0 0 0 0 0 0 0 0 0 0 0 0 0
0 0 0 0 3.15544362087999992E-30 0 0 0 0 0 0 0 0 0 0 0 9.33074539457000018E-30 0 0 0 0 0 0 0 0 0 0 0 0 0 0 0 0 0 0 0 3.15544362087999992E-30 0 0 0 0 0 0 0 0 0 0 0 0 0
0 0 0 0 3.15544362087999992E-30 0 0 0 0 0 0 0 0 0 0 0 9.33074539457000018E-30 0 0 0 0 0 0 0 0 0 0 0 0 0 0 0 0 0 0 0 3.15544362087999992E-30 0 0 0 0 0 0 0 0 0 0 0 0 0
0 0 0 0 3.15544362087999992E-30 0 0 0 0 0 0 0 0 0 0 0 9.33074539457000018E-30 0 0 0 0 0 0 0 0 0 0 0 0 0 0 0 0 0 0 0 3.15544362087999992E-30 0 0 0 0 0 0 0 0 0 0 0 0 0
0 0 0 0 3.15544362087999992E-30 0 0 0 0 0 0 0 0 0 0 0 9.33074539457000018E-30 0 0 0 0 0 0 0 0 0 0 0 0 0 0 0 0 0 0 0 3.15544362087999992E-30 0 0 0 0 0 0 0 0 0 0 0 0 0
0 0 0 0 3.15544362087999992E-30 0 0 0 0 0 0 0 0 0 0 0 9.33074539457000018E-30 0 0 0 0 0 0 0 0 0 0 0 0 0 0 0 0 0 0 0 3.15544362087999992E-30 0 0 0 0 0 0 0 0 0 0 0 0 0
0 0 0 0 3.15544362087999992E-30 0 0 0 0 0 0 0 0 0 0 0 9.33074539457000018E-30 0 0 0 0 0 0 0 0 0 0 0 0 0 0 0 0 0 0 0 3.15544362087999992E-30 0 0 0 0 0 0 0 0 0 0 0 0 0
0 0 0 0 3.15544362087999992E-30 0 0 0 0 0 0 0 0 0 0 0 9.33074539457000018E-30 0 0 0 0 0 0 0 0 0 0 0 0 0 0 0 0 0 0 0 3.15544362087999992E-30 0 0 0 0 0 0 0 0 0 0 0 0 0
0 0 0 0 3.15544362087999992E-30 0 0 0 0 0 0 0 0 0 0 0 9.33074539457000018E-30 0 0 0 0 0 0 0 0 0 0 0 0 0 0 0 0 0 0 0 3.15544362087999992E-30 0 0 0 0 0 0 0 0 0 0 0 0 0
0 0 0 0 3.15544362087999992E-30 0 0 0 0 0 0 0 0 0 0 0 9.33074539457000018E-30 0 0 0 0 0 0 0 0 0 0 0 0 0 0 0 0 0 0 0 3.15544362087999992E-30 0 0 0 0 0 0 0 0 0 0 0 0 0
0 0 0 0 3.15544362087999992E-30 0 0 0 0 0 0 0 0 0 0 0 9.33074539457000018E-30 0 0 0 0 0 0 0 0 0 0 0 0 0 0 0 0 0 0 0 3.15544362087999992E-30 0 0 0 0 0 0 0 0 0 0 0 0 0
0 0 0 0 3.15544362087999992E-30 0 0 0 0 0 0 0 0 0 0 0 9.33074539457000018E-30 0 0 0 0 0 0 0 0 0 0 0 0 0 0 0 0 0 0 0 3.15544362087999992E-30 0 0 0 0 0 0 0 0 0 0 0 0 0
0 0 0 0 3.15544362087999992E-30 0 0 0 0 0 0 0 0 0 0 0 9.33074539457000018E-30 0 0 0 0 0 0 0 0 0 0 0 0 0 0 0 0 0 0 0 3.15544362087999992E-30 0 0 0 0 0 0 0 0 0 0 0 0 0
0 0 0 0 3.15544362087999992E-30 0 0 0 0 0 0 0 0 0 0 0 9.33074539457000018E-30 0 0 0 0 0 0 0 0 0 0 0 0 0 0 0 0 0 0 0 3.15544362087999992E-30 0 0 0 0 0 0 0 0 0 0 0 0 0
0 0 0 0 3.15544362087999992E-30 0 0 0 0 0 0 0 0 0 0 0 9.33074539457000018E-30 0 0 0 0 0 0 0 0 0 0 0 0 0 0 0 0 0 0 0 3.15544362087999992E-30 0 0 0 0 0 0 0 0 0 0 0 0 0
0 0 0 0 3.15544362087999992E-30 0 0 0 0 0 0 0 0 0 0 0 9.33074539457000018E-30 0 0 0 0 0 0 0 0 0 0 0 0 0 0 0 0 0 0 0 3.15544362087999992E-30 0 0 0 0 0 0 0 0 0 0 0 0 0
0 0 0 0 3.15544362087999992E-30 0 0 0 0 0 0 0 0 0 0 0 9.33074539457000018E-30 0 0 0 0 0 0 0 0 0 0 0 0 0 0 0 0 0 0 0 3.15544362087999992E-30 0 0 0 0 0 0 0 0 0 0 0 0 0
0 0 0 0 3.15544362087999992E-30 0 0 0 0 0 0 0 0 0 0 0 9.33074539457000018E-30 0 0 0 0 0 0 0 0 0 0 0 0 0 0 0 0 0 0 0 3.15544362087999992E-30 0 0 0 0 0 0 0 0 0 0 0 0 0
0 0 0 0 3.15544362087999992E-30 0 0 0 0 0 0 0 0 0 0 0 9.33074539457000018E-30 0 0 0 0 0 0 0 0 0 0 0 0 0 0 0 0 0 0 0 3.15544362087999992E-30 0 0 0 0 0 0 0 0 0 0 0 0 0
0 0 0 0 3.15544362087999992E-30 0 0 0 0 0 0 0 0 0 0 0 9.33074539457000018E-30 0 0 0 0 0 0 0 0 0 0 0 0 0 0 0 0 0 0 0 3.15544362087999992E-30 0 0 0 0 0 0 0 0 0 0 0 0 0
0 0 0 0 3.15544362087999992E-30 0 0 0 0 0 0 0 0 0 0 0 9.33074539457000018E-30 0 0 0 0 0 0 0 0 0 0 0 0 0 0 0 0 0 0 0 3.15544362087999992E-30 0 0 0 0 0 0 0 0 0 0 0 0 0
0 0 0 0 3.15544362087999992E-30 0 0 0 0 0 0 0 0 0 0 0 9.33074539457000018E-30 0 0 0 0 0 0 0 0 0 0 0 0 0 0 0 0 0 0 0 3.15544362087999992E-30 0 0 0 0 0 0 0 0 0 0 0 0 0
0 0 0 0 3.15544362087999992E-30 0 0 0 0 0 0 0 0 0 0 0 9.33074539457000018E-30 0 0 0 0 0 0 0 0 0 0 0 0 0 0 0 0 0 0 0 3.15544362087999992E-30 0 0 0 0 0 0 0 0 0 0 0 0 0
0 0 0 0 3.15544362087999992E-30 0 0 0 0 0 0 0 0 0 0 0 9.33074539457000018E-30 0 0 0 0 0 0 0 0 0 0 0 0 0 0 0 0 0 0 0 3.15544362087999992E-30 0 0 0 0 0 0 0 0 0 0 0 0 0
0 0 0 0 3.15544362087999992E-30 0 0 0 0 0 0 0 0 0 0 0 9.33074539457000018E-30 0 0 0 0 0 0 0 0 0 0 0 0 0 0 0 0 0 0 0 3.15544362087999992E-30 0 0 0 0 0 0 0 0 0 0 0 0 0
0 0 0 0 3.15544362087999992E-30 0 0 0 0 0 0 0 0 0 0 0 9.33074539457000018E-30 0 0 0 0 0 0 0 0 0 0 0 0 0 0 0 0 0 0 0 3.15544362087999992E-30 0 0 0 0 0 0 0 0 0 0 0 0 0
0 0 0 0 3.15544362087999992E-30 0 0 0 0 0 0 0 0 0 0 0 9.33074539457000018E-30 0 0 0 0 0 0 0 0 0 0 0 0 0 0 0 0 0 0 0 3.15544362087999992E-30 0 0 0 0 0 0 0 0 0 0 0 0 0
0 0 0 0 3.15544362087999992E-30 0 0 0 0 0 0 0 0 0 0 0 9.33074539457000018E-30 0 0 0 0 0 0 0 0 0 0 0 0 0 0 0 0 0 0 0 3.15544362087999992E-30 0 0 0 0 0 0 0 0 0 0 0 0 0
0 0 0 0 3.15544362087999992E-30 0 0 0 0 0 0 0 0 0 0 0 9.33074539457000018E-30 0 0 0 0 0 0 0 0 0 0 0 0 0 0 0 0 0 0 0 3.15544362087999992E-30 0 0 0 0 0 0 0 0 0 0 0 0 0
0 0 0 0 3.15544362087999992E-30 0 0 0 0 0 0 0 0 0 0 0 9.33074539457000018E-30 0 0 0 0 0 0 0 0 0 0 0 0 0 0 0 0 0 0 0 3.15544362087999992E-30 0 0 0 0 0 0 0 0 0 0 0 0 0
0 0 0 0 3.15544362087999992E-30 0 0 0 0 0 0 0 0 0 0 0 9.33074539457000018E-30 0 0 0 0 0 0 0 0 0 0 0 0 0 0 0 0 0 0 0 3.15544362087999992E-30 0 0 0 0 0 0 0 0 0 0 0 0 0
0 0 0 0 3.15544362087999992E-30 0 0 0 0 0 0 0 0 0 0 0 9.33074539457000018E-30 0 0 0 0 0 0 0 0 0 0 0 0 0 0 0 0 0 0 0 3.15544362087999992E-30 0 0 0 0 0 0 0 0 0 0 0 0 0
0 0 0 0 3.15544362087999992E-30 0 0 0 0 0 0 0 0 0 0 0 9.33074539457000018E-30 0 0 0 0 0 0 0 0 0 0 0 0 0 0 0 0 0 0 0 3.15544362087999992E-30 0 0 0 0 0 0 0 0 0 0 0 0 0
0 0 0 0 3.15544362087999992E-30 0 0 0 0 0 0 0 0 0 0 0 9.33074539457000018E-30 0 0 0 0 0 0 0 0 0 0 0 0 0 0 0 0 0 0 0 3.15544362087999992E-30 0 0 0 0 0 0 0 0 0 0 0 0 0
0 0 0 0 3.15544362087999992E-30 0 0 0 0 0 0 0 0 0 0 0 9.33074539457000018E-30 0 0 0 0 0 0 0 0 0 0 0 0 0 0 0 0 0 0 0 3.15544362087999992E-30 0 0 0 0 0 0 0 0 0 0 0 0 0
0 0 0 0 3.15544362087999992E-30 0 0 0 0 0 0 0 0 0 0 0 9.33074539457000018E-30 0 0 0 0 0 0 0 0 0 0 0 0 0 0 0 0 0 0 0 3.15544362087999992E-30 0 0 0 0 0 0 0 0 0 0 0 0 0
0 0 0 0 3.15544362087999992E-30 0 0 0 0 0 0 0 0 0 0 0 9.33074539457000018E-30 0 0 0 0 0 0 0 0 0 0 0 0 0 0 0 0 0 0 0 3.15544362087999992E-30 0 0 0 0 0 0 0 0 0 0 0 0 0
0 0 0 0 3.15544362087999992E-30 0 0 0 0 0 0 0 0 0 0 0 9.33074539457000018E-30 0 0 0 0 0 0 0 0 0 0 0 0 0 0 0 0 0 0 0 3.15544362087999992E-30 0 0 0 0 0 0 0 0 0 0 0 0 0
0 0 0 0 3.15544362087999992E-30 0 0 0 0 0 0 0 0 0 0 0 9.33074539457000018E-30 0 0 0 0 0 0 0 0 0 0 0 0 0 0 0 0 0 0 0 3.15544362087999992E-30 0 0 0 0 0 0 0 0 0 0 0 0 0
0 0 0 0 3.15544362087999992E-30 0 0 0 0 0 0 0 0 0 0 0 9.33074539457000018E-30 0 0 0 0 0 0 0 0 0 0 0 0 0 0 0 0 0 0 0 3.15544362087999992E-30 0 0 0 0 0 0 0 0 0 0 0 0 0
0 0 0 0 3.15544362087999992E-30 0 0 0 0 0 0 0 0 0 0 0 9.33074539457000018E-30 0 0 0 0 0 0 0 0 0 0 0 0 0 0 0 0 0 0 0 3.15544362087999992E-30 0 0 0 0 0 0 0 0 0 0 0 0 0
0 0 0 0 3.15544362087999992E-30 0 0 0 0 0 0 0 0 0 0 0 9.33074539457000018E-30 0 0 0 0 0 0 0 0 0 0 0 0 0 0 0 0 0 0 0 3.15544362087999992E-30 0 0 0 0 0 0 0 0 0 0 0 0 0
0 0 0 0 3.15544362087999992E-30 0 0 0 0 0 0 0 0 0 0 0 9.33074539457000018E-30 0 0 0 0 0 0 0 0 0 0 0 0 0 0 0 0 0 0 0 3.15544362087999992E-30 0 0 0 0 0 0 0 0 0 0 0 0 0
0 0 0 0 3.15544362087999992E-30 0 0 0 0 0 0 0 0 0 0 0 9.33074539457000018E-30 0 0 0 0 0 0 0 0 0 0 0 0 0 0 0 0 0 0 0 3.15544362087999992E-30 0 0 0 0 0 0 0 0 0 0 0 0 0
0 0 0 0 3.15544362087999992E-30 0 0 0 0 0 0 0 0 0 0 0 9.33074539457000018E-30 0 0 0 0 0 0 0 0 0 0 0 0 0 0 0 0 0 0 0 3.15544362087999992E-30 0 0 0 0 0 0 0 0 0 0 0 0 0
0 0 0 0 3.15544362087999992E-30 0 0 0 0 0 0 0 0 0 0 0 9.33074539457000018E-30 0 0 0 0 0 0 0 0 0 0 0 0 0 0 0 0 0 0 0 3.15544362087999992E-30 0 0 0 0 0 0 0 0 0 0 0 0 0
0 0 0 0 3.15544362087999992E-30 0 0 0 0 0 0 0 0 0 0 0 9.33074539457000018E-30 0 0 0 0 0 0 0 0 0 0 0 0 0 0 0 0 0 0 0 3.15544362087999992E-30 0 0 0 0 0 0 0 0 0 0 0 0 0
0 0 0 0 3.15544362087999992E-30 0 0 0 0 0 0 0 0 0 0 0 9.33074539457000018E-30 0 0 0 0 0 0 0 0 0 0 0 0 0 0 0 0 0 0 0 3.15544362087999992E-30 0 0 0 0 0 0 0 0 0 0 0 0 0
0 0 0 0 3.15544362087999992E-30 0 0 0 0 0 0 0 0 0 0 0 9.33074539457000018E-30 0 0 0 0 0 0 0 0 0 0 0 0 0 0 0 0 0 0 0 3.15544362087999992E-30 0 0 0 0 0 0 0 0 0 0 0 0 0
0 0 0 0 3.15544362087999992E-30 0 0 0 0 0 0 0 0 0 0 0 9.33074539457000018E-30 0 0 0 0 0 0 0 0 0 0 0 0 0 0 0 0 0 0 0 3.15544362087999992E-30 0 0 0 0 0 0 0 0 0 0 0 0 0
0 0 0 0 3.15544362087999992E-30 0 0 0 0 0 0 0 0 0 0 0 9.33074539457000018E-30 0 0 0 0 0 0 0 0 0 0 0 0 0 0 0 0 0 0 0 3.15544362087999992E-30 0 0 0 0 0 0 0 0 0 0 0 0 0
0 0 0 0 3.15544362087999992E-30 0 0 0 0 0 0 0 0 0 0 0 9.33074539457000018E-30 0 0 0 0 0 0 0 0 0 0 0 0 0 0 0 0 0 0 0 3.15544362087999992E-30 0 0 0 0 0 0 0 0 0 0 0 0 0
0 0 0 0 3.15544362087999992E-30 0 0 0 0 0 0 0 0 0 0 0 9.33074539457000018E-30 0 0 0 0 0 0 0 0 0 0 0 0 0 0 0 0 0 0 0 3.15544362087999992E-30 0 0 0 0 0 0 0 0 0 0 0 0 0
0 0 0 0 3.15544362087999992E-30 0 0 0 0 0 0 0 0 0 0 0 9.33074539457000018E-30 0 0 0 0 0 0 0 0 0 0 0 0 0 0 0 0 0 0 0 3.15544362087999992E-30 0 0 0 0 0 0 0 0 0 0 0 0 0
0 0 0 0 3.15544362087999992E-30 0 0 0 0 0 0 0 0 0 0 0 9.33074539457000018E-30 0 0 0 0 0 0 0 0 0 0 0 0 0 0 0 0 0 0 0 3.15544362087999992E-30 0 0 0 0 0 0 0 0 0 0 0 0 0
0 0 0 0 3.15544362087999992E-30 0 0 0 0 0 0 0 0 0 0 0 9.33074539457000018E-30 0 0 0 0 0 0 0 0 0 0 0 0 0 0 0 0 0 0 0 3.15544362087999992E-30 0 0 0 0 0 0 0 0 0 0 0 0 0
0 0 0 0 3.15544362087999992E-30 0 0 0 0 0 0 0 0 0 0 0 9.33074539457000018E-30 0 0 0 0 0 0 0 0 0 0 0 0 0 0 0 0 0 0 0 3.15544362087999992E-30 0 0 0 0 0 0 0 0 0 0 0 0 0
0 0 0 0 3.15544362087999992E-30 0 0 0 0 0 0 0 0 0 0 0 9.33074539457000018E-30 0 0 0 0 0 0 0 0 0 0 0 0 0 0 0 0 0 0 0 3.15544362087999992E-30 0 0 0 0 0 0 0 0 0 0 0 0 0
0 0 0 0 3.15544362087999992E-30 0 0 0 0 0 0 0 0 0 0 0 9.33074539457000018E-30 0 0 0 0 0 0 0 0 0 0 0 0 0 0 0 0 0 0 0 3.15544362087999992E-30 0 0 0 0 0 0 0 0 0 0 0 0 0
0 0 0 0 3.15544362087999992E-30 0 0 0 0 0 0 0 0 0 0 0 9.33074539457000018E-30 0 0 0 0 0 0 0 0 0 0 0 0 0 0 0 0 0 0 0 3.15544362087999992E-30 0 0 0 0 0 0 0 0 0 0 0 0 0
0 0 0 0 3.15544362087999992E-30 0 0 0 0 0 0 0 0 0 0 0 9.33074539457000018E-30 0 0 0 0 0 0 0 0 0 0 0 0 0 0 0 0 0 0 0 3.15544362087999992E-30 0 0 0 0 0 0 0 0 0 0 0 0 0
0 0 0 0 3.15544362087999992E-30 0 0 0 0 0 0 0 0 0 0 0 9.33074539457000018E-30 0 0 0 0 0 0 0 0 0 0 0 0 0 0 0 0 0 0 0 3.15544362087999992E-30 0 0 0 0 0 0 0 0 0 0 0 0 0
0 0 0 0 3.15544362087999992E-30 0 0 0 0 0 0 0 0 0 0 0 9.33074539457000018E-30 0 0 0 0 0 0 0 0 0 0 0 0 0 0 0 0 0 0 0 3.15544362087999992E-30 0 0 0 0 0 0 0 0 0 0 0 0 0
0 0 0 0 3.15544362087999992E-30 0 0 0 0 0 0 0 0 0 0 0 9.33074539457000018E-30 0 0 0 0 0 0 0 0 0 0 0 0 0 0 0 0 0 0 0 3.15544362087999992E-30 0 0 0 0 0 0 0 0 0 0 0 0 0
0 0 0 0 3.15544362087999992E-30 0 0 0 0 0 0 0 0 0 0 0 9.33074539457000018E-30 0 0 0 0 0 0 0 0 0 0 0 0 0 0 0 0 0 0 0 3.15544362087999992E-30 0 0 0 0 0 0 0 0 0 0 0 0 0
0 0 0 0 3.15544362087999992E-30 0 0 0 0 0 0 0 0 0 0 0 9.33074539457000018E-30 0 0 0 0 0 0 0 0 0 0 0 0 0 0 0 0 0 0 0 3.15544362087999992E-30 0 0 0 0 0 0 0 0 0 0 0 0 0
0 0 0 0 3.15544362087999992E-30 0 0 0 0 0 0 0 0 0 0 0 9.33074539457000018E-30 0 0 0 0 0 0 0 0 0 0 0 0 0 0 0 0 0 0 0 3.15544362087999992E-30 0 0 0 0 0 0 0 0 0 0 0 0 0
0 0 0 0 3.15544362087999992E-30 0 0 0 0 0 0 0 0 0 0 0 9.33074539457000018E-30 0 0 0 0 0 0 0 0 0 0 0 0 0 0 0 0 0 0 0 3.15544362087999992E-30 0 0 0 0 0 0 0 0 0 0 0 0 0
0 0 0 0 3.15544362087999992E-30 0 0 0 0 0 0 0 0 0 0 0 9.33074539457000018E-30 0 0 0 0 0 0 0 0 0 0 0 0 0 0 0 0 0 0 0 3.15544362087999992E-30 0 0 0 0 0 0 0 0 0 0 0 0 0
0 0 0 0 3.15544362087999992E-30 0 0 0 0 0 0 0 0 0 0 0 9.33074539457000018E-30 0 0 0 0 0 0 0 0 0 0 0 0 0 0 0 0 0 0 0 3.15544362087999992E-30 0 0 0 0 0 0 0 0 0 0 0 0 0
0 0 0 0 3.15544362087999992E-30 0 0 0 0 0 0 0 0 0 0 0 9.33074539457000018E-30 0 0 0 0 0 0 0 0 0 0 0 0 0 0 0 0 0 0 0 3.15544362087999992E-30 0 0 0 0 0 0 0 0 0 0 0 0 0
0 0 0 0 3.15544362087999992E-30 0 0 0 0 0 0 0 0 0 0 0 9.33074539457000018E-30 0 0 0 0 0 0 0 0 0 0 0 0 0 0 0 0 0 0 0 3.15544362087999992E-30 0 0 0 0 0 0 0 0 0 0 0 0 0
0 0 0 0 3.15544362087999992E-30 0 0 0 0 0 0 0 0 0 0 0 9.33074539457000018E-30 0 0 0 0 0 0 0 0 0 0 0 0 0 0 0 0 0 0 0 3.15544362087999992E-30 0 0 0 0 0 0 0 0 0 0 0 0 0
0 0 0 0 3.15544362087999992E-30 0 0 0 0 0 0 0 0 0 0 0 9.33074539457000018E-30 0 0 0 0 0 0 0 0 0 0 0 0 0 0 0 0 0 0 0 3.15544362087999992E-30 0 0 0 0 0 0 0 0 0 0 0 0 0
0 0 0 0 3.15544362087999992E-30 0 0 0 0 0 0 0 0 0 0 0 9.33074539457000018E-30 0 0 0 0 0 0 0 0 0 0 0 0 0 0 0 0 0 0 0 3.15544362087999992E-30 0 0 0 0 0 0 0 0 0 0 0 0 0
0 0 0 0 3.15544362087999992E-30 0 0 0 0 0 0 0 0 0 0 0 9.33074539457000018E-30 0 0 0 0 0 0 0 0 0 0 0 0 0 0 0 0 0 0 0 3.15544362087999992E-30 0 0 0 0 0 0 0 0 0 0 0 0 0
0 0 0 0 3.15544362087999992E-30 0 0 0 0 0 0 0 0 0 0 0 9.33074539457000018E-30 0 0 0 0 0 0 0 0 0 0 0 0 0 0 0 0 0 0 0 3.15544362087999992E-30 0 0 0 0 0 0 0 0 0 0 0 0 0
0 0 0 0 3.15544362087999992E-30 0 0 0 0 0 0 0 0 0 0 0 9.33074539457000018E-30 0 0 0 0 0 0 0 0 0 0 0 0 0 0 0 0 0 0 0 3.15544362087999992E-30 0 0 0 0 0 0 0 0 0 0 0 0 0
0 0 0 0 3.15544362087999992E-30 0 0 0 0 0 0 0 0 0 0 0 9.33074539457000018E-30 0 0 0 0 0 0 0 0 0 0 0 0 0 0 0 0 0 0 0 3.15544362087999992E-30 0 0 0 0 0 0 0 0 0 0 0 0 0
0 0 0 0 3.15544362087999992E-30 0 0 0 0 0 0 0 0 0 0 0 9.33074539457000018E-30 0 0 0 0 0 0 0 0 0 0 0 0 0 0 0 0 0 0 0 3.15544362087999992E-30 0 0 0 0 0 0 0 0 0 0 0 0 0
0 0 0 0 3.15544362087999992E-30 0 0 0 0 0 0 0 0 0 0 0 9.33074539457000018E-30 0 0 0 0 0 0 0 0 0 0 0 0 0 0 0 0 0 0 0 3.15544362087999992E-30 0 0 0 0 0 0 0 0 0 0 0 0 0
0 0 0 0 3.15544362087999992E-30 0 0 0 0 0 0 0 0 0 0 0 9.33074539457000018E-30 0 0 0 0 0 0 0 0 0 0 0 0 0 0 0 0 0 0 0 3.15544362087999992E-30 0 0 0 0 0 0 0 0 0 0 0 0 0
0 0 0 0 3.15544362087999992E-30 0 0 0 0 0 0 0 0 0 0 0 9.33074539457000018E-30 0 0 0 0 0 0 0 0 0 0 0 0 0 0 0 0 0 0 0 3.15544362087999992E-30 0 0 0 0 0 0 0 0 0 0 0 0 0
0 0 0 0 3.15544362087999992E-30 0 0 0 0 0 0 0 0 0 0 0 9.33074539457000018E-30 0 0 0 0 0 0 0 0 0 0 0 0 0 0 0 0 0 0 0 3.15544362087999992E-30 0 0 0 0 0 0 0 0 0 0 0 0 0
0 0 0 0 3.15544362087999992E-30 0 0 0 0 0 0 0 0 0 0 0 9.33074539457000018E-30 0 0 0 0 0 0 0 0 0 0 0 0 0 0 0 0 0 0 0 3.15544362087999992E-30 0 0 0 0 0 0 0 0 0 0 0 0 0
0 0 0 0 3.15544362087999992E-30 0 0 0 0 0 0 0 0 0 0 0 9.33074539457000018E-30 0 0 0 0 0 0 0 0 0 0 0 0 0 0 0 0 0 0 0 3.15544362087999992E-30 0 0 0 0 0 0 0 0 0 0 0 0 0
0 0 0 0 3.15544362087999992E-30 0 0 0 0 0 0 0 0 0 0 0 9.33074539457000018E-30 0 0 0 0 0 0 0 0 0 0 0 0 0 0 0 0 0 0 0 3.15544362087999992E-30 0 0 0 0 0 0 0 0 0 0 0 0 0
0 0 0 0 3.15544362087999992E-30 0 0 0 0 0 0 0 0 0 0 0 9.33074539457000018E-30 0 0 0 0 0 0 0 0 0 0 0 0 0 0 0 0 0 0 0 3.15544362087999992E-30 0 0 0 0 0 0 0 0 0 0 0 0 0
0 0 0 0 3.15544362087999992E-30 0 0 0 0 0 0 0 0 0 0 0 9.33074539457000018E-30 0 0 0 0 0 0 0 0 0 0 0 0 0 0 0 0 0 0 0 3.15544362087999992E-30 0 0 0 0 0 0 0 0 0 0 0 0 0
0 0 0 0 3.15544362087999992E-30 0 0 0 0 0 0 0 0 0 0 0 9.33074539457000018E-30 0 0 0 0 0 0 0 0 0 0 0 0 0 0 0 0 0 0 0 3.15544362087999992E-30 0 0 0 0 0 0 0 0 0 0 0 0 0
0 0 0 0 3.15544362087999992E-30 0 0 0 0 0 0 0 0 0 0 0 9.33074539457000018E-30 0 0 0 0 0 0 0 0 0 0 0 0 0 0 0 0 0 0 0 3.15544362087999992E-30 0 0 0 0 0 0 0 0 0 0 0 0 0
0 0 0 0 3.15544362087999992E-30 0 0 0 0 0 0 0 0 0 0 0 9.33074539457000018E-30 0 0 0 0 0 0 0 0 0 0 0 0 0 0 0 0 0 0 0 3.15544362087999992E-30 0 0 0 0 0 0 0 0 0 0 0 0 0
0 0 0 0 3.15544362087999992E-30 0 0 0 0 0 0 0 0 0 0 0 9.33074539457000018E-30 0 0 0 0 0 0 0 0 0 0 0 0 0 0 0 0 0 0 0 3.15544362087999992E-30 0 0 0 0 0 0 0 0 0 0 0 0 0
0 0 0 0 3.15544362087999992E-30 0 0 0 0 0 0 0 0 0 0 0 9.33074539457000018E-30 0 0 0 0 0 0 0 0 0 0 0 0 0 0 0 0 0 0 0 3.15544362087999992E-30 0 0 0 0 0 0 0 0 0 0 0 0 0
0 0 0 0 3.15544362087999992E-30 0 0 0 0 0 0 0 0 0 0 0 9.33074539457000018E-30 0 0 0 0 0 0 0 0 0 0 0 0 0 0 0 0 0 0 0 3.15544362087999992E-30 0 0 0 0 0 0 0 0 0 0 0 0 0
0 0 0 0 3.15544362087999992E-30 0 0 0 0 0 0 0 0 0 0 0 9.33074539457000018E-30 0 0 0 0 0 0 0 0 0 0 0 0 0 0 0 0 0 0 0 3.15544362087999992E-30 0 0 0 0 0 0 0 0 0 0 0 0 0
0 0 0 0 3.15544362087999992E-30 0 0 0 0 0 0 0 0 0 0 0 9.33074539457000018E-30 0 0 0 0 0 0 0 0 0 0 0 0 0 0 0 0 0 0 0 3.15544362087999992E-30 0 0 0 0 0 0 0 0 0 0 0 0 0
0 0 0 0 3.15544362087999992E-30 0 0 0 0 0 0 0 0 0 0 0 9.33074539457000018E-30 0 0 0 0 0 0 0 0 0 0 0 0 0 0 0 0 0 0 0 3.15544362087999992E-30 0 0 0 0 0 0 0 0 0 0 0 0 0
0 0 0 0 3.15544362087999992E-30 0 0 0 0 0 0 0 0 0 0 0 9.33074539457000018E-30 0 0 0 0 0 0 0 0 0 0 0 0 0 0 0 0 0 0 0 3.15544362087999992E-30 0 0 0 0 0 0 0 0 0 0 0 0 0
0 0 0 0 3.15544362087999992E-30 0 0 0 0 0 0 0 0 0 0 0 9.33074539457000018E-30 0 0 0 0 0 0 0 0 0 0 0 0 0 0 0 0 0 0 0 3.15544362087999992E-30 0 0 0 0 0 0 0 0 0 0 0 0 0
0 0 0 0 3.15544362087999992E-30 0 0 0 0 0 0 0 0 0 0 0 9.33074539457000018E-30 0 0 0 0 0 0 0 0 0 0 0 0 0 0 0 0 0 0 0 3.15544362087999992E-30 0 0 0 0 0 0 0 0 0 0 0 0 0
0 0 0 0 3.15544362087999992E-30 0 0 0 0 0 0 0 0 0 0 0 9.33074539457000018E-30 0 0 0 0 0 0 0 0 0 0 0 0 0 0 0 0 0 0 0 3.15544362087999992E-30 0 0 0 0 0 0 0 0 0 0 0 0 0
0 0 0 0 3.15544362087999992E-30 0 0 0 0 0 0 0 0 0 0 0 9.33074539457000018E-30 0 0 0 0 0 0 0 0 0 0 0 0 0 0 0 0 0 0 0 3.15544362087999992E-30 0 0 0 0 0 0 0 0 0 0 0 0 0
0 0 0 0 3.15544362087999992E-30 0 0 0 0 0 0 0 0 0 0 0 9.33074539457000018E-30 0 0 0 0 0 0 0 0 0 0 0 0 0 0 0 0 0 0 0 3.15544362087999992E-30 0 0 0 0 0 0 0 0 0 0 0 0 0
0 0 0 0 3.15544362087999992E-30 0 0 0 0 0 0 0 0 0 0 0 9.33074539457000018E-30 0 0 0 0 0 0 0 0 0 0 0 0 0 0 0 0 0 0 0 3.15544362087999992E-30 0 0 0 0 0 0 0 0 0 0 0 0 0
0 0 0 0 3.15544362087999992E-30 0 0 0 0 0 0 0 0 0 0 0 9.33074539457000018E-30 0 0 0 0 0 0 0 0 0 0 0 0 0 0 0 0 0 0 0 3.15544362087999992E-30 0 0 0 0 0 0 0 0 0 0 0 0 0
0 0 0 0 3.15544362087999992E-30 0 0 0 0 0 0 0 0 0 0 0 9.33074539457000018E-30 0 0 0 0 0 0 0 0 0 0 0 0 0 0 0 0 0 0 0 3.15544362087999992E-30 0 0 0 0 0 0 0 0 0 0 0 0 0
0 0 0 0 3.15544362087999992E-30 0 0 0 0 0 0 0 0 0 0 0 9.33074539457000018E-30 0 0 0 0 0 0 0 0 0 0 0 0 0 0 0 0 0 0 0 3.15544362087999992E-30 0 0 0 0 0 0 0 0 0 0 0 0 0
0 0 0 0 3.15544362087999992E-30 0 0 0 0 0 0 0 0 0 0 0 9.33074539457000018E-30 0 0 0 0 0 0 0 0 0 0 0 0 0 0 0 0 0 0 0 3.15544362087999992E-30 0 0 0 0 0 0 0 0 0 0 0 0 0
0 0 0 0 3.15544362087999992E-30 0 0 0 0 0 0 0 0 0 0 0 9.33074539457000018E-30 0 0 0 0 0 0 0 0 0 0 0 0 0 0 0 0 0 0 0 3.15544362087999992E-30 0 0 0 0 0 0 0 0 0 0 0 0 0
0 0 0 0 3.15544362087999992E-30 0 0 0 0 0 0 0 0 0 0 0 9.33074539457000018E-30 0 0 0 0 0 0 0 0 0 0 0 0 0 0 0 0 0 0 0 3.15544362087999992E-30 0 0 0 0 0 0 0 0 0 0 0 0 0
0 0 0 0 3.15544362087999992E-30 0 0 0 0 0 0 0 0 0 0 0 9.33074539457000018E-30 0 0 0 0 0 0 0 0 0 0 0 0 0 0 0 0 0 0 0 3.15544362087999992E-30 0 0 0 0 0 0 0 0 0 0 0 0 0
0 0 0 0 3.15544362087999992E-30 0 0 0 0 0 0 0 0 0 0 0 9.33074539457000018E-30 0 0 0 0 0 0 0 0 0 0 0 0 0 0 0 0 0 0 0 3.15544362087999992E-30 0 0 0 0 0 0 0 0 0 0 0 0 0
0 0 0 0 3.15544362087999992E-30 0 0 0 0 0 0 0 0 0 0 0 9.33074539457000018E-30 0 0 0 0 0 0 0 0 0 0 0 0 0 0 0 0 0 0 0 3.15544362087999992E-30 0 0 0 0 0 0 0 0 0 0 0 0 0
0 0 0 0 3.15544362087999992E-30 0 0 0 0 0 0 0 0 0 0 0 9.33074539457000018E-30 0 0 0 0 0 0 0 0 0 0 0 0 0 0 0 0 0 0 0 3.15544362087999992E-30 0 0 0 0 0 0 0 0 0 0 0 0 0
0 0 0 0 3.15544362087999992E-30 0 0 0 0 0 0 0 0 0 0 0 9.33074539457000018E-30 0 0 0 0 0 0 0 0 0 0 0 0 0 0 0 0 0 0 0 3.15544362087999992E-30 0 0 0 0 0 0 0 0 0 0 0 0 0
0 0 0 0 3.15544362087999992E-30 0 0 0 0 0 0 0 0 0 0 0 9.33074539457000018E-30 0 0 0 0 0 0 0 0 0 0 0 0 0 0 0 0 0 0 0 3.15544362087999992E-30 0 0 0 0 0 0 0 0 0 0 0 0 0
0 0 0 0 3.15544362087999992E-30 0 0 0 0 0 0 0 0 0 0 0 9.33074539457000018E-30 0 0 0 0 0 0 0 0 0 0 0 0 0 0 0 0 0 0 0 3.15544362087999992E-30 0 0 0 0 0 0 0 0 0 0 0 0 0
0 0 0 0 3.15544362087999992E-30 0 0 0 0 0 0 0 0 0 0 0 9.33074539457000018E-30 0 0 0 0 0 0 0 0 0 0 0 0 0 0 0 0 0 0 0 3.15544362087999992E-30 0 0 0 0 0 0 0 0 0 0 0 0 0
0 0 0 0 3.15544362087999992E-30 0 0 0 0 0 0 0 0 0 0 0 9.33074539457000018E-30 0 0 0 0 0 0 0 0 0 0 0 0 0 0 0 0 0 0 0 3.15544362087999992E-30 0 0 0 0 0 0 0 0 0 0 0 0 0
0 0 0 0 3.15544362087999992E-30 0 0 0 0 0 0 0 0 0 0 0 9.33074539457000018E-30 0 0 0 0 0 0 0 0 0 0 0 0 0 0 0 0 0 0 0 3.15544362087999992E-30 0 0 0 0 0 0 0 0 0 0 0 0 0
0 0 0 0 3.15544362087999992E-30 0 0 0 0 0 0 0 0 0 0 0 9.33074539457000018E-30 0 0 0 0 0 0 0 0 0 0 0 0 0 0 0 0 0 0 0 3.15544362087999992E-30 0 0 0 0 0 0 0 0 0 0 0 0 0
0 0 0 0 3.15544362087999992E-30 0 0 0 0 0 0 0 0 0 0 0 9.33074539457000018E-30 0 0 0 0 0 0 0 0 0 0 0 0 0 0 0 0 0 0 0 3.15544362087999992E-30 0 0 0 0 0 0 0 0 0 0 0 0 0
0 0 0 0 3.15544362087999992E-30 0 0 0 0 0 0 0 0 0 0 0 9.33074539457000018E-30 0 0 0 0 0 0 0 0 0 0 0 0 0 0 0 0 0 0 0 3.15544362087999992E-30 0 0 0 0 0 0 0 0 0 0 0 0 0
0 0 0 0 3.15544362087999992E-30 0 0 0 0 0 0 0 0 0 0 0 9.33074539457000018E-30 0 0 0 0 0 0 0 0 0 0 0 0 0 0 0 0 0 0 0 3.15544362087999992E-30 0 0 0 0 0 0 0 0 0 0 0 0 0
0 0 0 0 3.15544362087999992E-30 0 0 0 0 0 0 0 0 0 0 0 9.33074539457000018E-30 0 0 0 0 0 0 0 0 0 0 0 0 0 0 0 0 0 0 0 3.15544362087999992E-30 0 0 0 0 0 0 0 0 0 0 0 0 0
0 0 0 0 3.15544362087999992E-30 0 0 0 0 0 0 0 0 0 0 0 9.33074539457000018E-30 0 0 0 0 0 0 0 0 0 0 0 0 0 0 0 0 0 0 0 3.15544362087999992E-30 0 0 0 0 0 0 0 0 0 0 0 0 0
0 0 0 0 3.15544362087999992E-30 0 0 0 0 0 0 0 0 0 0 0 9.33074539457000018E-30 0 0 0 0 0 0 0 0 0 0 0 0 0 0 0 0 0 0 0 3.15544362087999992E-30 0 0 0 0 0 0 0 0 0 0 0 0 0
0 0 0 0 3.15544362087999992E-30 0 0 0 0 0 0 0 0 0 0 0 9.33074539457000018E-30 0 0 0 0 0 0 0 0 0 0 0 0 0 0 0 0 0 0 0 3.15544362087999992E-30 0 0 0 0 0 0 0 0 0 0 0 0 0
0 0 0 0 3.15544362087999992E-30 0 0 0 0 0 0 0 0 0 0 0 9.33074539457000018E-30 0 0 0 0 0 0 0 0 0 0 0 0 0 0 0 0 0 0 0 3.15544362087999992E-30 0 0 0 0 0 0 0 0 0 0 0 0 0
0 0 0 0 3.15544362087999992E-30 0 0 0 0 0 0 0 0 0 0 0 9.33074539457000018E-30 0 0 0 0 0 0 0 0 0 0 0 0 0 0 0 0 0 0 0 3.15544362087999992E-30 0 0 0 0 0 0 0 0 0 0 0 0 0
0 0 0 0 3.15544362087999992E-30 0 0 0 0 0 0 0 0 0 0 0 9.33074539457000018E-30 0 0 0 0 0 0 0 0 0 0 0 0 0 0 0 0 0 0 0 3.15544362087999992E-30 0 0 0 0 0 0 0 0 0 0 0 0 0
0 0 0 0 3.15544362087999992E-30 0 0 0 0 0 0 0 0 0 0 0 9.33074539457000018E-30 0 0 0 0 0 0 0 0 0 0 0 0 0 0 0 0 0 0 0 3.15544362087999992E-30 0 0 0 0 0 0 0 0 0 0 0 0 0
0 0 0 0 3.15544362087999992E-30 0 0 0 0 0 0 0 0 0 0 0 9.33074539457000018E-30 0 0 0 0 0 0 0 0 0 0 0 0 0 0 0 0 0 0 0 3.15544362087999992E-30 0 0 0 0 0 0 0 0 0 0 0 0 0
0 0 0 0 3.15544362087999992E-30 0 0 0 0 0 0 0 0 0 0 0 9.33074539457000018E-30 0 0 0 0 0 0 0 0 0 0 0 0 0 0 0 0 0 0 0 3.15544362087999992E-30 0 0 0 0 0 0 0 0 0 0 0 0 0
0 0 0 0 3.15544362087999992E-30 0 0 0 0 0 0 0 0 0 0 0 9.33074539457000018E-30 0 0 0 0 0 0 0 0 0 0 0 0 0 0 0 0 0 0 0 3.15544362087999992E-30 0 0 0 0 0 0 0 0 0 0 0 0 0
0 0 0 0 3.15544362087999992E-30 0 0 0 0 0 0 0 0 0 0 0 9.33074539457000018E-30 0 0 0 0 0 0 0 0 0 0 0 0 0 0 0 0 0 0 0 3.15544362087999992E-30 0 0 0 0 0 0 0 0 0 0 0 0 0
0 0 0 0 3.15544362087999992E-30 0 0 0 0 0 0 0 0 0 0 0 9.33074539457000018E-30 0 0 0 0 0 0 0 0 0 0 0 0 0 0 0 0 0 0 0 3.15544362087999992E-30 0 0 0 0 0 0 0 0 0 0 0 0 0
0 0 0 0 3.15544362087999992E-30 0 0 0 0 0 0 0 0 0 0 0 9.33074539457000018E-30 0 0 0 0 0 0 0 0 0 0 0 0 0 0 0 0 0 0 0 3.15544362087999992E-30 0 0 0 0 0 0 0 0 0 0 0 0 0
0 0 0 0 3.15544362087999992E-30 0 0 0 0 0 0 0 0 0 0 0 9.33074539457000018E-30 0 0 0 0 0 0 0 0 0 0 0 0 0 0 0 0 0 0 0 3.15544362087999992E-30 0 0 0 0 0 0 0 0 0 0 0 0 0
0 0 0 0 3.15544362087999992E-30 0 0 0 0 0 0 0 0 0 0 0 9.33074539457000018E-30 0 0 0 0 0 0 0 0 0 0 0 0 0 0 0 0 0 0 0 3.15544362087999992E-30 0 0 0 0 0 0 0 0 0 0 0 0 0
0 0 0 0 3.15544362087999992E-30 0 0 0 0 0 0 0 0 0 0 0 9.33074539457000018E-30 0 0 0 0 0 0 0 0 0 0 0 0 0 0 0 0 0 0 0 3.15544362087999992E-30 0 0 0 0 0 0 0 0 0 0 0 0 0
0 0 0 0 3.15544362087999992E-30 0 0 0 0 0 0 0 0 0 0 0 9.33074539457000018E-30 0 0 0 0 0 0 0 0 0 0 0 0 0 0 0 0 0 0 0 3.15544362087999992E-30 0 0 0 0 0 0 0 0 0 0 0 0 0
0 0 0 0 3.15544362087999992E-30 0 0 0 0 0 0 0 0 0 0 0 9.33074539457000018E-30 0 0 0 0 0 0 0 0 0 0 0 0 0 0 0 0 0 0 0 3.15544362087999992E-30 0 0 0 0 0 0 0 0 0 0 0 0 0
0 0 0 0 3.15544362087999992E-30 0 0 0 0 0 0 0 0 0 0 0 9.33074539457000018E-30 0 0 0 0 0 0 0 0 0 0 0 0 0 0 0 0 0 0 0 3.15544362087999992E-30 0 0 0 0 0 0 0 0 0 0 0 0 0
0 0 0 0 3.15544362087999992E-30 0 0 0 0 0 0 0 0 0 0 0 9.33074539457000018E-30 0 0 0 0 0 0 0 0 0 0 0 0 0 0 0 0 0 0 0 3.15544362087999992E-30 0 0 0 0 0 0 0 0 0 0 0 0 0
0 0 0 0 3.15544362087999992E-30 0 0 0 0 0 0 0 0 0 0 0 9.33074539457000018E-30 0 0 0 0 0 0 0 0 0 0 0 0 0 0 0 0 0 0 0 3.15544362087999992E-30 0 0 0 0 0 0 0 0 0 0 0 0 0
0 0 0 0 3.15544362087999992E-30 0 0 0 0 0 0 0 0 0 0 0 9.33074539457000018E-30 0 0 0 0 0 0 0 0 0 0 0 0 0 0 0 0 0 0 0 3.15544362087999992E-30 0 0 0 0 0 0 0 0 0 0 0 0 0
0 0 0 0 3.15544362087999992E-30 0 0 0 0 0 0 0 0 0 0 0 9.33074539457000018E-30 0 0 0 0 0 0 0 0 0 0 0 0 0 0 0 0 0 0 0 3.15544362087999992E-30 0 0 0 0 0 0 0 0 0 0 0 0 0
0 0 0 0 3.15544362087999992E-30 0 0 0 0 0 0 0 0 0 0 0 9.33074539457000018E-30 0 0 0 0 0 0 0 0 0 0 0 0 0 0 0 0 0 0 0 3.15544362087999992E-30 0 0 0 0 0 0 0 0 0 0 0 0 0
0 0 0 0 3.15544362087999992E-30 0 0 0 0 0 0 0 0 0 0 0 9.33074539457000018E-30 0 0 0 0 0 0 0 0 0 0 0 0 0 0 0 0 0 0 0 3.15544362087999992E-30 0 0 0 0 0 0 0 0 0 0 0 0 0
0 0 0 0 3.15544362087999992E-30 0 0 0 0 0 0 0 0 0 0 0 9.33074539457000018E-30 0 0 0 0 0 0 0 0 0 0 0 0 0 0 0 0 0 0 0 3.15544362087999992E-30 0 0 0 0 0 0 0 0 0 0 0 0 0
0 0 0 0 3.15544362087999992E-30 0 0 0 0 0 0 0 0 0 0 0 9.33074539457000018E-30 0 0 0 0 0 0 0 0 0 0 0 0 0 0 0 0 0 0 0 3.15544362087999992E-30 0 0 0 0 0 0 0 0 0 0 0 0 0
0 0 0 0 3.15544362087999992E-30 0 0 0 0 0 0 0 0 0 0 0 9.33074539457000018E-30 0 0 0 0 0 0 0 0 0 0 0 0 0 0 0 0 0 0 0 3.15544362087999992E-30 0 0 0 0 0 0 0 0 0 0 0 0 0
0 0 0 0 3.15544362087999992E-30 0 0 0 0 0 0 0 0 0 0 0 9.33074539457000018E-30 0 0 0 0 0 0 0 0 0 0 0 0 0 0 0 0 0 0 0 3.15544362087999992E-30 0 0 0 0 0 0 0 0 0 0 0 0 0
0 0 0 0 3.15544362087999992E-30 0 0 0 0 0 0 0 0 0 0 0 9.33074539457000018E-30 0 0 0 0 0 0 0 0 0 0 0 0 0 0 0 0 0 0 0 3.15544362087999992E-30 0 0 0 0 0 0 0 0 0 0 0 0 0
0 0 0 0 3.15544362087999992E-30 0 0 0 0 0 0 0 0 0 0 0 9.33074539457000018E-30 0 0 0 0 0 0 0 0 0 0 0 0 0 0 0 0 0 0 0 3.15544362087999992E-30 0 0 0 0 0 0 0 0 0 0 0 0 0
0 0 0 0 3.15544362087999992E-30 0 0 0 0 0 0 0 0 0 0 0 9.33074539457000018E-30 0 0 0 0 0 0 0 0 0 0 0 0 0 0 0 0 0 0 0 3.15544362087999992E-30 0 0 0 0 0 0 0 0 0 0 0 0 0
0 0 0 0 3.15544362087999992E-30 0 0 0 0 0 0 0 0 0 0 0 9.33074539457000018E-30 0 0 0 0 0 0 0 0 0 0 0 0 0 0 0 0 0 0 0 3.15544362087999992E-30 0 0 0 0 0 0 0 0 0 0 0 0 0
0 0 0 0 3.15544362087999992E-30 0 0 0 0 0 0 0 0 0 0 0 9.33074539457000018E-30 0 0 0 0 0 0 0 0 0 0 0 0 0 0 0 0 0 0 0 3.15544362087999992E-30 0 0 0 0 0 0 0 0 0 0 0 0 0
0 0 0 0 3.15544362087999992E-30 0 0 0 0 0 0 0 0 0 0 0 9.33074539457000018E-30 0 0 0 0 0 0 0 0 0 0 0 0 0 0 0 0 0 0 0 3.15544362087999992E-30 0 0 0 0 0 0 0 0 0 0 0 0 0
0 0 0 0 3.15544362087999992E-30 0 0 0 0 0 0 0 0 0 0 0 9.33074539457000018E-30 0 0 0 0 0 0 0 0 0 0 0 0 0 0 0 0 0 0 0 3.15544362087999992E-30 0 0 0 0 0 0 0 0 0 0 0 0 0
0 0 0 0 3.15544362087999992E-30 0 0 0 0 0 0 0 0 0 0 0 9.33074539457000018E-30 0 0 0 0 0 0 0 0 0 0 0 0 0 0 0 0 0 0 0 3.15544362087999992E-30 0 0 0 0 0 0 0 0 0 0 0 0 0
0 0 0 0 3.15544362087999992E-30 0 0 0 0 0 0 0 0 0 0 0 9.33074539457000018E-30 0 0 0 0 0 0 0 0 0 0 0 0 0 0 0 0 0 0 0 3.15544362087999992E-30 0 0 0 0 0 0 0 0 0 0 0 0 0
0 0 0 0 3.15544362087999992E-30 0 0 0 0 0 0 0 0 0 0 0 9.33074539457000018E-30 0 0 0 0 0 0 0 0 0 0 0 0 0 0 0 0 0 0 0 3.15544362087999992E-30 0 0 0 0 0 0 0 0 0 0 0 0 0
0 0 0 0 3.15544362087999992E-30 0 0 0 0 0 0 0 0 0 0 0 9.33074539457000018E-30 0 0 0 0 0 0 0 0 0 0 0 0 0 0 0 0 0 0 0 3.15544362087999992E-30 0 0 0 0 0 0 0 0 0 0 0 0 0
0 0 0 0 3.15544362087999992E-30 0 0 0 0 0 0 0 0 0 0 0 9.33074539457000018E-30 0 0 0 0 0 0 0 0 0 0 0 0 0 0 0 0 0 0 0 3.15544362087999992E-30 0 0 0 0 0 0 0 0 0 0 0 0 0
0 0 0 0 3.15544362087999992E-30 0 0 0 0 0 0 0 0 0 0 0 9.33074539457000018E-30 0 0 0 0 0 0 0 0 0 0 0 0 0 0 0 0 0 0 0 3.15544362087999992E-30 0 0 0 0 0 0 0 0 0 0 0 0 0
0 0 0 0 3.15544362087999992E-30 0 0 0 0 0 0 0 0 0 0 0 9.33074539457000018E-30 0 0 0 0 0 0 0 0 0 0 0 0 0 0 0 0 0 0 0 3.15544362087999992E-30 0 0 0 0 0 0 0 0 0 0 0 0 0
0 0 0 0 3.15544362087999992E-30 0 0 0 0 0 0 0 0 0 0 0 9.33074539457000018E-30 0 0 0 0 0 0 0 0 0 0 0 0 0 0 0 0 0 0 0 3.15544362087999992E-30 0 0 0 0 0 0 0 0 0 0 0 0 0
0 0 0 0 3.15544362087999992E-30 0 0 0 0 0 0 0 0 0 0 0 9.33074539457000018E-30 0 0 0 0 0 0 0 0 0 0 0 0 0 0 0 0 0 0 0 3.15544362087999992E-30 0 0 0 0 0 0 0 0 0 0 0 0 0
0 0 0 0 3.15544362087999992E-30 0 0 0 0 0 0 0 0 0 0 0 9.33074539457000018E-30 0 0 0 0 0 0 0 0 0 0 0 0 0 0 0 0 0 0 0 3.15544362087999992E-30 0 0 0 0 0 0 0 0 0 0 0 0 0
0 0 0 0 3.15544362087999992E-30 0 0 0 0 0 0 0 0 0 0 0 9.33074539457000018E-30 0 0 0 0 0 0 0 0 0 0 0 0 0 0 0 0 0 0 0 3.15544362087999992E-30 0 0 0 0 0 0 0 0 0 0 0 0 0
0 0 0 0 3.15544362087999992E-30 0 0 0 0 0 0 0 0 0 0 0 9.33074539457000018E-30 0 0 0 0 0 0 0 0 0 0 0 0 0 0 0 0 0 0 0 3.15544362087999992E-30 0 0 0 0 0 0 0 0 0 0 0 0 0
0 0 0 0 3.15544362087999992E-30 0 0 0 0 0 0 0 0 0 0 0 9.33074539457000018E-30 0 0 0 0 0 0 0 0 0 0 0 0 0 0 0 0 0 0 0 3.15544362087999992E-30 0 0 0 0 0 0 0 0 0 0 0 0 0
0 0 0 0 3.15544362087999992E-30 0 0 0 0 0 0 0 0 0 0 0 9.33074539457000018E-30 0 0 0 0 0 0 0 0 0 0 0 0 0 0 0 0 0 0 0 3.15544362087999992E-30 0 0 0 0 0 0 0 0 0 0 0 0 0
0 0 0 0 3.15544362087999992E-30 0 0 0 0 0 0 0 0 0 0 0 9.33074539457000018E-30 0 0 0 0 0 0 0 0 0 0 0 0 0 0 0 0 0 0 0 3.15544362087999992E-30 0 0 0 0 0 0 0 0 0 0 0 0 0
0 0 0 0 3.15544362087999992E-30 0 0 0 0 0 0 0 0 0 0 0 9.33074539457000018E-30 0 0 0 0 0 0 0 0 0 0 0 0 0 0 0 0 0 0 0 3.15544362087999992E-30 0 0 0 0 0 0 0 0 0 0 0 0 0
0 0 0 0 3.15544362087999992E-30 0 0 0 0 0 0 0 0 0 0 0 9.33074539457000018E-30 0 0 0 0 0 0 0 0 0 0 0 0 0 0 0 0 0 0 0 3.15544362087999992E-30 0 0 0 0 0 0 0 0 0 0 0 0 0
0 0 0 0 3.15544362087999992E-30 0 0 0 0 0 0 0 0 0 0 0 9.33074539457000018E-30 0 0 0 0 0 0 0 0 0 0 0 0 0 0 0 0 0 0 0 3.15544362087999992E-30 0 0 0 0 0 0 0 0 0 0 0 0 0
0 0 0 0 3.15544362087999992E-30 0 0 0 0 0 0 0 0 0 0 0 9.33074539457000018E-30 0 0 0 0 0 0 0 0 0 0 0 0 0 0 0 0 0 0 0 3.15544362087999992E-30 0 0 0 0 0 0 0 0 0 0 0 0 0
0 0 0 0 3.15544362087999992E-30 0 0 0 0 0 0 0 0 0 0 0 9.33074539457000018E-30 0 0 0 0 0 0 0 0 0 0 0 0 0 0 0 0 0 0 0 3.15544362087999992E-30 0 0 0 0 0 0 0 0 0 0 0 0 0
0 0 0 0 3.15544362087999992E-30 0 0 0 0 0 0 0 0 0 0 0 9.33074539457000018E-30 0 0 0 0 0 0 0 0 0 0 0 0 0 0 0 0 0 0 0 3.15544362087999992E-30 0 0 0 0 0 0 0 0 0 0 0 0 0
0 0 0 0 3.15544362087999992E-30 0 0 0 0 0 0 0 0 0 0 0 9.33074539457000018E-30 0 0 0 0 0 0 0 0 0 0 0 0 0 0 0 0 0 0 0 3.15544362087999992E-30 0 0 0 0 0 0 0 0 0 0 0 0 0
0 0 0 0 3.15544362087999992E-30 0 0 0 0 0 0 0 0 0 0 0 9.33074539457000018E-30 0 0 0 0 0 0 0 0 0 0 0 0 0 0 0 0 0 0 0 3.15544362087999992E-30 0 0 0 0 0 0 0 0 0 0 0 0 0
0 0 0 0 3.15544362087999992E-30 0 0 0 0 0 0 0 0 0 0 0 9.33074539457000018E-30 0 0 0 0 0 0 0 0 0 0 0 0 0 0 0 0 0 0 0 3.15544362087999992E-30 0 0 0 0 0 0 0 0 0 0 0 0 0
0 0 0 0 3.15544362087999992E-30 0 0 0 0 0 0 0 0 0 0 0 9.33074539457000018E-30 0 0 0 0 0 0 0 0 0 0 0 0 0 0 0 0 0 0 0 3.15544362087999992E-30 0 0 0 0 0 0 0 0 0 0 0 0 0
0 0 0 0 3.15544362087999992E-30 0 0 0 0 0 0 0 0 0 0 0 9.33074539457000018E-30 0 0 0 0 0 0 0 0 0 0 0 0 0 0 0 0 0 0 0 3.15544362087999992E-30 0 0 0 0 0 0 0 0 0 0 0 0 0
0 0 0 0 3.15544362087999992E-30 0 0 0 0 0 0 0 0 0 0 0 9.33074539457000018E-30 0 0 0 0 0 0 0 0 0 0 0 0 0 0 0 0 0 0 0 3.15544362087999992E-30 0 0 0 0 0 0 0 0 0 0 0 0 0
0 0 0 0 3.15544362087999992E-30 0 0 0 0 0 0 0 0 0 0 0 9.33074539457000018E-30 0 0 0 0 0 0 0 0 0 0 0 0 0 0 0 0 0 0 0 3.15544362087999992E-30 0 0 0 0 0 0 0 0 0 0 0 0 0
0 0 0 0 3.15544362087999992E-30 0 0 0 0 0 0 0 0 0 0 0 9.33074539457000018E-30 0 0 0 0 0 0 0 0 0 0 0 0 0 0 0 0 0 0 0 3.15544362087999992E-30 0 0 0 0 0 0 0 0 0 0 0 0 0
0 0 0 0 3.15544362087999992E-30 0 0 0 0 0 0 0 0 0 0 0 9.33074539457000018E-30 0 0 0 0 0 0 0 0 0 0 0 0 0 0 0 0 0 0 0 3.15544362087999992E-30 0 0 0 0 0 0 0 0 0 0 0 0 0
0 0 0 0 3.15544362087999992E-30 0 0 0 0 0 0 0 0 0 0 0 9.33074539457000018E-30 0 0 0 0 0 0 0 0 0 0 0 0 0 0 0 0 0 0 0 3.15544362087999992E-30 0 0 0 0 0 0 0 0 0 0 0 0 0
0 0 0 0 3.15544362087999992E-30 0 0 0 0 0 0 0 0 0 0 0 9.33074539457000018E-30 0 0 0 0 0 0 0 0 0 0 0 0 0 0 0 0 0 0 0 3.15544362087999992E-30 0 0 0 0 0 0 0 0 0 0 0 0 0
0 0 0 0 3.15544362087999992E-30 0 0 0 0 0 0 0 0 0 0 0 9.33074539457000018E-30 0 0 0 0 0 0 0 0 0 0 0 0 0 0 0 0 0 0 0 3.15544362087999992E-30 0 0 0 0 0 0 0 0 0 0 0 0 0
0 0 0 0 3.15544362087999992E-30 0 0 0 0 0 0 0 0 0 0 0 9.33074539457000018E-30 0 0 0 0 0 0 0 0 0 0 0 0 0 0 0 0 0 0 0 3.15544362087999992E-30 0 0 0 0 0 0 0 0 0 0 0 0 0
0 0 0 0 3.15544362087999992E-30 0 0 0 0 0 0 0 0 0 0 0 9.33074539457000018E-30 0 0 0 0 0 0 0 0 0 0 0 0 0 0 0 0 0 0 0 3.15544362087999992E-30 0 0 0 0 0 0 0 0 0 0 0 0 0
0 0 0 0 3.15544362087999992E-30 0 0 0 0 0 0 0 0 0 0 0 9.33074539457000018E-30 0 0 0 0 0 0 0 0 0 0 0 0 0 0 0 0 0 0 0 3.15544362087999992E-30 0 0 0 0 0 0 0 0 0 0 0 0 0
0 0 0 0 3.15544362087999992E-30 0 0 0 0 0 0 0 0 0 0 0 9.33074539457000018E-30 0 0 0 0 0 0 0 0 0 0 0 0 0 0 0 0 0 0 0 3.15544362087999992E-30 0 0 0 0 0 0 0 0 0 0 0 0 0
0 0 0 0 3.15544362087999992E-30 0 0 0 0 0 0 0 0 0 0 0 9.33074539457000018E-30 0 0 0 0 0 0 0 0 0 0 0 0 0 0 0 0 0 0 0 3.15544362087999992E-30 0 0 0 0 0 0 0 0 0 0 0 0 0
0 0 0 0 3.15544362087999992E-30 0 0 0 0 0 0 0 0 0 0 0 9.33074539457000018E-30 0 0 0 0 0 0 0 0 0 0 0 0 0 0 0 0 0 0 0 3.15544362087999992E-30 0 0 0 0 0 0 0 0 0 0 0 0 0
0 0 0 0 3.15544362087999992E-30 0 0 0 0 0 0 0 0 0 0 0 9.33074539457000018E-30 0 0 0 0 0 0 0 0 0 0 0 0 0 0 0 0 0 0 0 3.15544362087999992E-30 0 0 0 0 0 0 0 0 0 0 0 0 0
0 0 0 0 3.15544362087999992E-30 0 0 0 0 0 0 0 0 0 0 0 9.33074539457000018E-30 0 0 0 0 0 0 0 0 0 0 0 0 0 0 0 0 0 0 0 3.15544362087999992E-30 0 0 0 0 0 0 0 0 0 0 0 0 0
0 0 0 0 3.15544362087999992E-30 0 0 0 0 0 0 0 0 0 0 0 9.33074539457000018E-30 0 0 0 0 0 0 0 0 0 0 0 0 0 0 0 0 0 0 0 3.15544362087999992E-30 0 0 0 0 0 0 0 0 0 0 0 0 0
0 0 0 0 3.15544362087999992E-30 0 0 0 0 0 0 0 0 0 0 0 9.33074539457000018E-30 0 0 0 0 0 0 0 0 0 0 0 0 0 0 0 0 0 0 0 3.15544362087999992E-30 0 0 0 0 0 0 0 0 0 0 0 0 0
0 0 0 0 3.15544362087999992E-30 0 0 0 0 0 0 0 0 0 0 0 9.33074539457000018E-30 0 0 0 0 0 0 0 0 0 0 0 0 0 0 0 0 0 0 0 3.15544362087999992E-30 0 0 0 0 0 0 0 0 0 0 0 0 0
0 0 0 0 3.15544362087999992E-30 0 0 0 0 0 0 0 0 0 0 0 9.33074539457000018E-30 0 0 0 0 0 0 0 0 0 0 0 0 0 0 0 0 0 0 0 3.15544362087999992E-30 0 0 0 0 0 0 0 0 0 0 0 0 0
0 0 0 0 3.15544362087999992E-30 0 0 0 0 0 0 0 0 0 0 0 9.33074539457000018E-30 0 0 0 0 0 0 0 0 0 0 0 0 0 0 0 0 0 0 0 3.15544362087999992E-30 0 0 0 0 0 0 0 0 0 0 0 0 0
0 0 0 0 3.15544362087999992E-30 0 0 0 0 0 0 0 0 0 0 0 9.33074539457000018E-30 0 0 0 0 0 0 0 0 0 0 0 0 0 0 0 0 0 0 0 3.15544362087999992E-30 0 0 0 0 0 0 0 0 0 0 0 0 0
0 0 0 0 3.15544362087999992E-30 0 0 0 0 0 0 0 0 0 0 0 9.33074539457000018E-30 0 0 0 0 0 0 0 0 0 0 0 0 0 0 0 0 0 0 0 3.15544362087999992E-30 0 0 0 0 0 0 0 0 0 0 0 0 0
0 0 0 0 3.15544362087999992E-30 0 0 0 0 0 0 0 0 0 0 0 9.33074539457000018E-30 0 0 0 0 0 0 0 0 0 0 0 0 0 0 0 0 0 0 0 3.15544362087999992E-30 0 0 0 0 0 0 0 0 0 0 0 0 0
0 0 0 0 3.15544362087999992E-30 0 0 0 0 0 0 0 0 0 0 0 9.33074539457000018E-30 0 0 0 0 0 0 0 0 0 0 0 0 0 0 0 0 0 0 0 3.15544362087999992E-30 0 0 0 0 0 0 0 0 0 0 0 0 0
0 0 0 0 3.15544362087999992E-30 0 0 0 0 0 0 0 0 0 0 0 9.33074539457000018E-30 0 0 0 0 0 0 0 0 0 0 0 0 0 0 0 0 0 0 0 3.15544362087999992E-30 0 0 0 0 0 0 0 0 0 0 0 0 0
0 0 0 0 3.15544362087999992E-30 0 0 0 0 0 0 0 0 0 0 0 9.33074539457000018E-30 0 0 0 0 0 0 0 0 0 0 0 0 0 0 0 0 0 0 0 3.15544362087999992E-30 0 0 0 0 0 0 0 0 0 0 0 0 0
0 0 0 0 3.15544362087999992E-30 0 0 0 0 0 0 0 0 0 0 0 9.33074539457000018E-30 0 0 0 0 0 0 0 0 0 0 0 0 0 0 0 0 0 0 0 3.15544362087999992E-30 0 0 0 0 0 0 0 0 0 0 0 0 0
0 0 0 0 3.15544362087999992E-30 0 0 0 0 0 0 0 0 0 0 0 9.33074539457000018E-30 0 0 0 0 0 0 0 0 0 0 0 0 0 0 0 0 0 0 0 3.15544362087999992E-30 0 0 0 0 0 0 0 0 0 0 0 0 0
0 0 0 0 3.15544362087999992E-30 0 0 0 0 0 0 0 0 0 0 0 9.33074539457000018E-30 0 0 0 0 0 0 0 0 0 0 0 0 0 0 0 0 0 0 0 3.15544362087999992E-30 0 0 0 0 0 0 0 0 0 0 0 0 0
0 0 0 0 3.15544362087999992E-30 0 0 0 0 0 0 0 0 0 0 0 9.33074539457000018E-30 0 0 0 0 0 0 0 0 0 0 0 0 0 0 0 0 0 0 0 3.15544362087999992E-30 0 0 0 0 0 0 0 0 0 0 0 0 0
0 0 0 0 3.15544362087999992E-30 0 0 0 0 0 0 0 0 0 0 0 9.33074539457000018E-30 0 0 0 0 0 0 0 0 0 0 0 0 0 0 0 0 0 0 0 3.15544362087999992E-30 0 0 0 0 0 0 0 0 0 0 0 0 0
0 0 0 0 3.15544362087999992E-30 0 0 0 0 0 0 0 0 0 0 0 9.33074539457000018E-30 0 0 0 0 0 0 0 0 0 0 0 0 0 0 0 0 0 0 0 3.15544362087999992E-30 0 0 0 0 0 0 0 0 0 0 0 0 0
0 0 0 0 3.15544362087999992E-30 0 0 0 0 0 0 0 0 0 0 0 9.33074539457000018E-30 0 0 0 0 0 0 0 0 0 0 0 0 0 0 0 0 0 0 0 3.15544362087999992E-30 0 0 0 0 0 0 0 0 0 0 0 0 0
0 0 0 0 3.15544362087999992E-30 0 0 0 0 0 0 0 0 0 0 0 9.33074539457000018E-30 0 0 0 0 0 0 0 0 0 0 0 0 0 0 0 0 0 0 0 3.15544362087999992E-30 0 0 0 0 0 0 0 0 0 0 0 0 0
0 0 0 0 3.15544362087999992E-30 0 0 0 0 0 0 0 0 0 0 0 9.33074539457000018E-30 0 0 0 0 0 0 0 0 0 0 0 0 0 0 0 0 0 0 0 3.15544362087999992E-30 0 0 0 0 0 0 0 0 0 0 0 0 0
0 0 0 0 3.15544362087999992E-30 0 0 0 0 0 0 0 0 0 0 0 9.33074539457000018E-30 0 0 0 0 0 0 0 0 0 0 0 0 0 0 0 0 0 0 0 3.15544362087999992E-30 0 0 0 0 0 0 0 0 0 0 0 0 0
0 0 0 0 3.15544362087999992E-30 0 0 0 0 0 0 0 0 0 0 0 9.33074539457000018E-30 0 0 0 0 0 0 0 0 0 0 0 0 0 0 0 0 0 0 0 3.15544362087999992E-30 0 0 0 0 0 0 0 0 0 0 0 0 0
0 0 0 0 3.15544362087999992E-30 0 0 0 0 0 0 0 0 0 0 0 9.33074539457000018E-30 0 0 0 0 0 0 0 0 0 0 0 0 0 0 0 0 0 0 0 3.15544362087999992E-30 0 0 0 0 0 0 0 0 0 0 0 0 0
0 0 0 0 3.15544362087999992E-30 0 0 0 0 0 0 0 0 0 0 0 9.33074539457000018E-30 0 0 0 0 0 0 0 0 0 0 0 0 0 0 0 0 0 0 0 3.15544362087999992E-30 0 0 0 0 0 0 0 0 0 0 0 0 0
0 0 0 0 3.15544362087999992E-30 0 0 0 0 0 0 0 0 0 0 0 9.33074539457000018E-30 0 0 0 0 0 0 0 0 0 0 0 0 0 0 0 0 0 0 0 3.15544362087999992E-30 0 0 0 0 0 0 0 0 0 0 0 0 0
0 0 0 0 3.15544362087999992E-30 0 0 0 0 0 0 0 0 0 0 0 9.33074539457000018E-30 0 0 0 0 0 0 0 0 0 0 0 0 0 0 0 0 0 0 0 3.15544362087999992E-30 0 0 0 0 0 0 0 0 0 0 0 0 0
0 0 0 0 3.15544362087999992E-30 0 0 0 0 0 0 0 0 0 0 0 9.33074539457000018E-30 0 0 0 0 0 0 0 0 0 0 0 0 0 0 0 0 0 0 0 3.15544362087999992E-30 0 0 0 0 0 0 0 0 0 0 0 0 0
0 0 0 0 3.15544362087999992E-30 0 0 0 0 0 0 0 0 0 0 0 9.33074539457000018E-30 0 0 0 0 0 0 0 0 0 0 0 0 0 0 0 0 0 0 0 3.15544362087999992E-30 0 0 0 0 0 0 0 0 0 0 0 0 0
0 0 0 0 3.15544362087999992E-30 0 0 0 0 0 0 0 0 0 0 0 9.33074539457000018E-30 0 0 0 0 0 0 0 0 0 0 0 0 0 0 0 0 0 0 0 3.15544362087999992E-30 0 0 0 0 0 0 0 0 0 0 0 0 0
0 0 0 0 3.15544362087999992E-30 0 0 0 0 0 0 0 0 0 0 0 9.33074539457000018E-30 0 0 0 0 0 0 0 0 0 0 0 0 0 0 0 0 0 0 0 3.15544362087999992E-30 0 0 0 0 0 0 0 0 0 0 0 0 0
0 0 0 0 3.15544362087999992E-30 0 0 0 0 0 0 0 0 0 0 0 9.33074539457000018E-30 0 0 0 0 0 0 0 0 0 0 0 0 0 0 0 0 0 0 0 3.15544362087999992E-30 0 0 0 0 0 0 0 0 0 0 0 0 0
0 0 0 0 3.15544362087999992E-30 0 0 0 0 0 0 0 0 0 0 0 9.33074539457000018E-30 0 0 0 0 0 0 0 0 0 0 0 0 0 0 0 0 0 0 0 3.15544362087999992E-30 0 0 0 0 0 0 0 0 0 0 0 0 0
0 0 0 0 3.15544362087999992E-30 0 0 0 0 0 0 0 0 0 0 0 9.33074539457000018E-30 0 0 0 0 0 0 0 0 0 0 0 0 0 0 0 0 0 0 0 3.15544362087999992E-30 0 0 0 0 0 0 0 0 0 0 0 0 0
0 0 0 0 3.15544362087999992E-30 0 0 0 0 0 0 0 0 0 0 0 9.33074539457000018E-30 0 0 0 0 0 0 0 0 0 0 0 0 0 0 0 0 0 0 0 3.15544362087999992E-30 0 0 0 0 0 0 0 0 0 0 0 0 0
0 0 0 0 3.15544362087999992E-30 0 0 0 0 0 0 0 0 0 0 0 9.33074539457000018E-30 0 0 0 0 0 0 0 0 0 0 0 0 0 0 0 0 0 0 0 3.15544362087999992E-30 0 0 0 0 0 0 0 0 0 0 0 0 0
0 0 0 0 3.15544362087999992E-30 0 0 0 0 0 0 0 0 0 0 0 9.33074539457000018E-30 0 0 0 0 0 0 0 0 0 0 0 0 0 0 0 0 0 0 0 3.15544362087999992E-30 0 0 0 0 0 0 0 0 0 0 0 0 0
0 0 0 0 3.15544362087999992E-30 0 0 0 0 0 0 0 0 0 0 0 9.33074539457000018E-30 0 0 0 0 0 0 0 0 0 0 0 0 0 0 0 0 0 0 0 3.15544362087999992E-30 0 0 0 0 0 0 0 0 0 0 0 0 0
0 0 0 0 3.15544362087999992E-30 0 0 0 0 0 0 0 0 0 0 0 9.33074539457000018E-30 0 0 0 0 0 0 0 0 0 0 0 0 0 0 0 0 0 0 0 3.15544362087999992E-30 0 0 0 0 0 0 0 0 0 0 0 0 0
0 0 0 0 3.15544362087999992E-30 0 0 0 0 0 0 0 0 0 0 0 9.33074539457000018E-30 0 0 0 0 0 0 0 0 0 0 0 0 0 0 0 0 0 0 0 3.15544362087999992E-30 0 0 0 0 0 0 0 0 0 0 0 0 0
0 0 0 0 3.15544362087999992E-30 0 0 0 0 0 0 0 0 0 0 0 9.33074539457000018E-30 0 0 0 0 0 0 0 0 0 0 0 0 0 0 0 0 0 0 0 3.15544362087999992E-30 0 0 0 0 0 0 0 0 0 0 0 0 0
0 0 0 0 3.15544362087999992E-30 0 0 0 0 0 0 0 0 0 0 0 9.33074539457000018E-30 0 0 0 0 0 0 0 0 0 0 0 0 0 0 0 0 0 0 0 3.15544362087999992E-30 0 0 0 0 0 0 0 0 0 0 0 0 0
0 0 0 0 3.15544362087999992E-30 0 0 0 0 0 0 0 0 0 0 0 9.33074539457000018E-30 0 0 0 0 0 0 0 0 0 0 0 0 0 0 0 0 0 0 0 3.15544362087999992E-30 0 0 0 0 0 0 0 0 0 0 0 0 0
0 0 0 0 3.15544362087999992E-30 0 0 0 0 0 0 0 0 0 0 0 9.33074539457000018E-30 0 0 0 0 0 0 0 0 0 0 0 0 0 0 0 0 0 0 0 3.15544362087999992E-30 0 0 0 0 0 0 0 0 0 0 0 0 0
0 0 0 0 3.15544362087999992E-30 0 0 0 0 0 0 0 0 0 0 0 9.33074539457000018E-30 0 0 0 0 0 0 0 0 0 0 0 0 0 0 0 0 0 0 0 3.15544362087999992E-30 0 0 0 0 0 0 0 0 0 0 0 0 0
0 0 0 0 3.15544362087999992E-30 0 0 0 0 0 0 0 0 0 0 0 9.33074539457000018E-30 0 0 0 0 0 0 0 0 0 0 0 0 0 0 0 0 0 0 0 3.15544362087999992E-30 0 0 0 0 0 0 0 0 0 0 0 0 0
0 0 0 0 3.15544362087999992E-30 0 0 0 0 0 0 0 0 0 0 0 9.33074539457000018E-30 0 0 0 0 0 0 0 0 0 0 0 0 0 0 0 0 0 0 0 3.15544362087999992E-30 0 0 0 0 0 0 0 0 0 0 0 0 0
0 0 0 0 3.15544362087999992E-30 0 0 0 0 0 0 0 0 0 0 0 9.33074539457000018E-30 0 0 0 0 0 0 0 0 0 0 0 0 0 0 0 0 0 0 0 3.15544362087999992E-30 0 0 0 0 0 0 0 0 0 0 0 0 0
0 0 0 0 3.15544362087999992E-30 0 0 0 0 0 0 0 0 0 0 0 9.33074539457000018E-30 0 0 0 0 0 0 0 0 0 0 0 0 0 0 0 0 0 0 0 3.15544362087999992E-30 0 0 0 0 0 0 0 0 0 0 0 0 0
0 0 0 0 3.15544362087999992E-30 0 0 0 0 0 0 0 0 0 0 0 9.33074539457000018E-30 0 0 0 0 0 0 0 0 0 0 0 0 0 0 0 0 0 0 0 3.15544362087999992E-30 0 0 0 0 0 0 0 0 0 0 0 0 0
0 0 0 0 3.15544362087999992E-30 0 0 0 0 0 0 0 0 0 0 0 9.33074539457000018E-30 0 0 0 0 0 0 0 0 0 0 0 0 0 0 0 0 0 0 0 3.15544362087999992E-30 0 0 0 0 0 0 0 0 0 0 0 0 0
0 0 0 0 3.15544362087999992E-30 0 0 0 0 0 0 0 0 0 0 0 9.33074539457000018E-30 0 0 0 0 0 0 0 0 0 0 0 0 0 0 0 0 0 0 0 3.15544362087999992E-30 0 0 0 0 0 0 0 0 0 0 0 0 0
0 0 0 0 3.15544362087999992E-30 0 0 0 0 0 0 0 0 0 0 0 9.33074539457000018E-30 0 0 0 0 0 0 0 0 0 0 0 0 0 0 0 0 0 0 0 3.15544362087999992E-30 0 0 0 0 0 0 0 0 0 0 0 0 0
0 0 0 0 3.15544362087999992E-30 0 0 0 0 0 0 0 0 0 0 0 9.33074539457000018E-30 0 0 0 0 0 0 0 0 0 0 0 0 0 0 0 0 0 0 0 3.15544362087999992E-30 0 0 0 0 0 0 0 0 0 0 0 0 0
0 0 0 0 3.15544362087999992E-30 0 0 0 0 0 0 0 0 0 0 0 9.33074539457000018E-30 0 0 0 0 0 0 0 0 0 0 0 0 0 0 0 0 0 0 0 3.15544362087999992E-30 0 0 0 0 0 0 0 0 0 0 0 0 0
0 0 0 0 3.15544362087999992E-30 0 0 0 0 0 0 0 0 0 0 0 9.33074539457000018E-30 0 0 0 0 0 0 0 0 0 0 0 0 0 0 0 0 0 0 0 3.15544362087999992E-30 0 0 0 0 0 0 0 0 0 0 0 0 0
0 0 0 0 3.15544362087999992E-30 0 0 0 0 0 0 0 0 0 0 0 9.33074539457000018E-30 0 0 0 0 0 0 0 0 0 0 0 0 0 0 0 0 0 0 0 3.15544362087999992E-30 0 0 0 0 0 0 0 0 0 0 0 0 0
0 0 0 0 3.15544362087999992E-30 0 0 0 0 0 0 0 0 0 0 0 9.33074539457000018E-30 0 0 0 0 0 0 0 0 0 0 0 0 0 0 0 0 0 0 0 3.15544362087999992E-30 0 0 0 0 0 0 0 0 0 0 0 0 0
0 0 0 0 3.15544362087999992E-30 0 0 0 0 0 0 0 0 0 0 0 9.33074539457000018E-30 0 0 0 0 0 0 0 0 0 0 0 0 0 0 0 0 0 0 0 3.15544362087999992E-30 0 0 0 0 0 0 0 0 0 0 0 0 0
0 0 0 0 3.15544362087999992E-30 0 0 0 0 0 0 0 0 0 0 0 9.33074539457000018E-30 0 0 0 0 0 0 0 0 0 0 0 0 0 0 0 0 0 0 0 3.15544362087999992E-30 0 0 0 0 0 0 0 0 0 0 0 0 0
0 0 0 0 3.15544362087999992E-30 0 0 0 0 0 0 0 0 0 0 0 9.33074539457000018E-30 0 0 0 0 0 0 0 0 0 0 0 0 0 0 0 0 0 0 0 3.15544362087999992E-30 0 0 0 0 0 0 0 0 0 0 0 0 0
0 0 0 0 3.15544362087999992E-30 0 0 0 0 0 0 0 0 0 0 0 9.33074539457000018E-30 0 0 0 0 0 0 0 0 0 0 0 0 0 0 0 0 0 0 0 3.15544362087999992E-30 0 0 0 0 0 0 0 0 0 0 0 0 0
0 0 0 0 3.15544362087999992E-30 0 0 0 0 0 0 0 0 0 0 0 9.33074539457000018E-30 0 0 0 0 0 0 0 0 0 0 0 0 0 0 0 0 0 0 0 3.15544362087999992E-30 0 0 0 0 0 0 0 0 0 0 0 0 0
0 0 0 0 3.15544362087999992E-30 0 0 0 0 0 0 0 0 0 0 0 9.33074539457000018E-30 0 0 0 0 0 0 0 0 0 0 0 0 0 0 0 0 0 0 0 3.15544362087999992E-30 0 0 0 0 0 0 0 0 0 0 0 0 0
0 0 0 0 3.15544362087999992E-30 0 0 0 0 0 0 0 0 0 0 0 9.33074539457000018E-30 0 0 0 0 0 0 0 0 0 0 0 0 0 0 0 0 0 0 0 3.15544362087999992E-30 0 0 0 0 0 0 0 0 0 0 0 0 0
0 0 0 0 3.15544362087999992E-30 0 0 0 0 0 0 0 0 0 0 0 9.33074539457000018E-30 0 0 0 0 0 0 0 0 0 0 0 0 0 0 0 0 0 0 0 3.15544362087999992E-30 0 0 0 0 0 0 0 0 0 0 0 0 0
0 0 0 0 3.15544362087999992E-30 0 0 0 0 0 0 0 0 0 0 0 9.33074539457000018E-30 0 0 0 0 0 0 0 0 0 0 0 0 0 0 0 0 0 0 0 3.15544362087999992E-30 0 0 0 0 0 0 0 0 0 0 0 0 0
0 0 0 0 3.15544362087999992E-30 0 0 0 0 0 0 0 0 0 0 0 9.33074539457000018E-30 0 0 0 0 0 0 0 0 0 0 0 0 0 0 0 0 0 0 0 3.15544362087999992E-30 0 0 0 0 0 0 0 0 0 0 0 0 0
0 0 0 0 3.15544362087999992E-30 0 0 0 0 0 0 0 0 0 0 0 9.33074539457000018E-30 0 0 0 0 0 0 0 0 0 0 0 0 0 0 0 0 0 0 0 3.15544362087999992E-30 0 0 0 0 0 0 0 0 0 0 0 0 0
0 0 0 0 3.15544362087999992E-30 0 0 0 0 0 0 0 0 0 0 0 9.33074539457000018E-30 0 0 0 0 0 0 0 0 0 0 0 0 0 0 0 0 0 0 0 3.15544362087999992E-30 0 0 0 0 0 0 0 0 0 0 0 0 0
0 0 0 0 3.15544362087999992E-30 0 0 0 0 0 0 0 0 0 0 0 9.33074539457000018E-30 0 0 0 0 0 0 0 0 0 0 0 0 0 0 0 0 0 0 0 3.15544362087999992E-30 0 0 0 0 0 0 0 0 0 0 0 0 0
0 0 0 0 3.15544362087999992E-30 0 0 0 0 0 0 0 0 0 0 0 9.33074539457000018E-30 0 0 0 0 0 0 0 0 0 0 0 0 0 0 0 0 0 0 0 3.15544362087999992E-30 0 0 0 0 0 0 0 0 0 0 0 0 0
0 0 0 0 3.15544362087999992E-30 0 0 0 0 0 0 0 0 0 0 0 9.33074539457000018E-30 0 0 0 0 0 0 0 0 0 0 0 0 0 0 0 0 0 0 0 3.15544362087999992E-30 0 0 0 0 0 0 0 0 0 0 0 0 0
0 0 0 0 3.15544362087999992E-30 0 0 0 0 0 0 0 0 0 0 0 9.33074539457000018E-30 0 0 0 0 0 0 0 0 0 0 0 0 0 0 0 0 0 0 0 3.15544362087999992E-30 0 0 0 0 0 0 0 0 0 0 0 0 0
0 0 0 0 3.15544362087999992E-30 0 0 0 0 0 0 0 0 0 0 0 9.33074539457000018E-30 0 0 0 0 0 0 0 0 0 0 0 0 0 0 0 0 0 0 0 3.15544362087999992E-30 0 0 0 0 0 0 0 0 0 0 0 0 0
0 0 0 0 3.15544362087999992E-30 0 0 0 0 0 0 0 0 0 0 0 9.33074539457000018E-30 0 0 0 0 0 0 0 0 0 0 0 0 0 0 0 0 0 0 0 3.15544362087999992E-30 0 0 0 0 0 0 0 0 0 0 0 0 0
0 0 0 0 3.15544362087999992E-30 0 0 0 0 0 0 0 0 0 0 0 9.33074539457000018E-30 0 0 0 0 0 0 0 0 0 0 0 0 0 0 0 0 0 0 0 3.15544362087999992E-30 0 0 0 0 0 0 0 0 0 0 0 0 0
0 0 0 0 3.15544362087999992E-30 0 0 0 0 0 0 0 0 0 0 0 9.33074539457000018E-30 0 0 0 0 0 0 0 0 0 0 0 0 0 0 0 0 0 0 0 3.15544362087999992E-30 0 0 0 0 0 0 0 0 0 0 0 0 0
0 0 0 0 3.15544362087999992E-30 0 0 0 0 0 0 0 0 0 0 0 9.33074539457000018E-30 0 0 0 0 0 0 0 0 0 0 0 0 0 0 0 0 0 0 0 3.15544362087999992E-30 0 0 0 0 0 0 0 0 0 0 0 0 0
0 0 0 0 3.15544362087999992E-30 0 0 0 0 0 0 0 0 0 0 0 9.33074539457000018E-30 0 0 0 0 0 0 0 0 0 0 0 0 0 0 0 0 0 0 0 3.15544362087999992E-30 0 0 0 0 0 0 0 0 0 0 0 0 0
0 0 0 0 3.15544362087999992E-30 0 0 0 0 0 0 0 0 0 0 0 9.33074539457000018E-30 0 0 0 0 0 0 0 0 0 0 0 0 0 0 0 0 0 0 0 3.15544362087999992E-30 0 0 0 0 0 0 0 0 0 0 0 0 0
0 0 0 0 3.15544362087999992E-30 0 0 0 0 0 0 0 0 0 0 0 9.33074539457000018E-30 0 0 0 0 0 0 0 0 0 0 0 0 0 0 0 0 0 0 0 3.15544362087999992E-30 0 0 0 0 0 0 0 0 0 0 0 0 0
0 0 0 0 3.15544362087999992E-30 0 0 0 0 0 0 0 0 0 0 0 9.33074539457000018E-30 0 0 0 0 0 0 0 0 0 0 0 0 0 0 0 0 0 0 0 3.15544362087999992E-30 0 0 0 0 0 0 0 0 0 0 0 0 0
0 0 0 0 3.15544362087999992E-30 0 0 0 0 0 0 0 0 0 0 0 9.33074539457000018E-30 0 0 0 0 0 0 0 0 0 0 0 0 0 0 0 0 0 0 0 3.15544362087999992E-30 0 0 0 0 0 0 0 0 0 0 0 0 0
0 0 0 0 3.15544362087999992E-30 0 0 0 0 0 0 0 0 0 0 0 9.33074539457000018E-30 0 0 0 0 0 0 0 0 0 0 0 0 0 0 0 0 0 0 0 3.15544362087999992E-30 0 0 0 0 0 0 0 0 0 0 0 0 0
0 0 0 0 3.15544362087999992E-30 0 0 0 0 0 0 0 0 0 0 0 9.33074539457000018E-30 0 0 0 0 0 0 0 0 0 0 0 0 0 0 0 0 0 0 0 3.15544362087999992E-30 0 0 0 0 0 0 0 0 0 0 0 0 0
0 0 0 0 3.15544362087999992E-30 0 0 0 0 0 0 0 0 0 0 0 9.33074539457000018E-30 0 0 0 0 0 0 0 0 0 0 0 0 0 0 0 0 0 0 0 3.15544362087999992E-30 0 0 0 0 0 0 0 0 0 0 0 0 0
0 0 0 0 3.15544362087999992E-30 0 0 0 0 0 0 0 0 0 0 0 9.33074539457000018E-30 0 0 0 0 0 0 0 0 0 0 0 0 0 0 0 0 0 0 0 3.15544362087999992E-30 0 0 0 0 0 0 0 0 0 0 0 0 0
0 0 0 0 3.15544362087999992E-30 0 0 0 0 0 0 0 0 0 0 0 9.33074539457000018E-30 0 0 0 0 0 0 0 0 0 0 0 0 0 0 0 0 0 0 0 3.15544362087999992E-30 0 0 0 0 0 0 0 0 0 0 0 0 0
0 0 0 0 3.15544362087999992E-30 0 0 0 0 0 0 0 0 0 0 0 9.33074539457000018E-30 0 0 0 0 0 0 0 0 0 0 0 0 0 0 0 0 0 0 0 3.15544362087999992E-30 0 0 0 0 0 0 0 0 0 0 0 0 0
0 0 0 0 3.15544362087999992E-30 0 0 0 0 0 0 0 0 0 0 0 9.33074539457000018E-30 0 0 0 0 0 0 0 0 0 0 0 0 0 0 0 0 0 0 0 3.15544362087999992E-30 0 0 0 0 0 0 0 0 0 0 0 0 0
0 0 0 0 3.15544362087999992E-30 0 0 0 0 0 0 0 0 0 0 0 9.33074539457000018E-30 0 0 0 0 0 0 0 0 0 0 0 0 0 0 0 0 0 0 0 3.15544362087999992E-30 0 0 0 0 0 0 0 0 0 0 0 0 0
0 0 0 0 3.15544362087999992E-30 0 0 0 0 0 0 0 0 0 0 0 9.33074539457000018E-30 0 0 0 0 0 0 0 0 0 0 0 0 0 0 0 0 0 0 0 3.15544362087999992E-30 0 0 0 0 0 0 0 0 0 0 0 0 0
0 0 0 0 3.15544362087999992E-30 0 0 0 0 0 0 0 0 0 0 0 9.33074539457000018E-30 0 0 0 0 0 0 0 0 0 0 0 0 0 0 0 0 0 0 0 3.15544362087999992E-30 0 0 0 0 0 0 0 0 0 0 0 0 0
0 0 0 0 3.15544362087999992E-30 0 0 0 0 0 0 0 0 0 0 0 9.33074539457000018E-30 0 0 0 0 0 0 0 0 0 0 0 0 0 0 0 0 0 0 0 3.15544362087999992E-30 0 0 0 0 0 0 0 0 0 0 0 0 0
0 0 0 0 3.15544362087999992E-30 0 0 0 0 0 0 0 0 0 0 0 9.33074539457000018E-30 0 0 0 0 0 0 0 0 0 0 0 0 0 0 0 0 0 0 0 3.15544362087999992E-30 0 0 0 0 0 0 0 0 0 0 0 0 0
0 0 0 0 3.15544362087999992E-30 0 0 0 0 0 0 0 0 0 0 0 9.33074539457000018E-30 0 0 0 0 0 0 0 0 0 0 0 0 0 0 0 0 0 0 0 3.15544362087999992E-30 0 0 0 0 0 0 0 0 0 0 0 0 0
0 0 0 0 3.15544362087999992E-30 0 0 0 0 0 0 0 0 0 0 0 9.33074539457000018E-30 0 0 0 0 0 0 0 0 0 0 0 0 0 0 0 0 0 0 0 3.15544362087999992E-30 0 0 0 0 0 0 0 0 0 0 0 0 0
0 0 0 0 3.15544362087999992E-30 0 0 0 0 0 0 0 0 0 0 0 9.33074539457000018E-30 0 0 0 0 0 0 0 0 0 0 0 0 0 0 0 0 0 0 0 3.15544362087999992E-30 0 0 0 0 0 0 0 0 0 0 0 0 0
0 0 0 0 3.15544362087999992E-30 0 0 0 0 0 0 0 0 0 0 0 9.33074539457000018E-30 0 0 0 0 0 0 0 0 0 0 0 0 0 0 0 0 0 0 0 3.15544362087999992E-30 0 0 0 0 0 0 0 0 0 0 0 0 0
0 0 0 0 3.15544362087999992E-30 0 0 0 0 0 0 0 0 0 0 0 9.33074539457000018E-30 0 0 0 0 0 0 0 0 0 0 0 0 0 0 0 0 0 0 0 3.15544362087999992E-30 0 0 0 0 0 0 0 0 0 0 0 0 0
0 0 0 0 3.15544362087999992E-30 0 0 0 0 0 0 0 0 0 0 0 9.33074539457000018E-30 0 0 0 0 0 0 0 0 0 0 0 0 0 0 0 0 0 0 0 3.15544362087999992E-30 0 0 0 0 0 0 0 0 0 0 0 0 0
0 0 0 0 3.15544362087999992E-30 0 0 0 0 0 0 0 0 0 0 0 9.33074539457000018E-30 0 0 0 0 0 0 0 0 0 0 0 0 0 0 0 0 0 0 0 3.15544362087999992E-30 0 0 0 0 0 0 0 0 0 0 0 0 0
0 0 0 0 3.15544362087999992E-30 0 0 0 0 0 0 0 0 0 0 0 9.33074539457000018E-30 0 0 0 0 0 0 0 0 0 0 0 0 0 0 0 0 0 0 0 3.15544362087999992E-30 0 0 0 0 0 0 0 0 0 0 0 0 0
0 0 0 0 3.15544362087999992E-30 0 0 0 0 0 0 0 0 0 0 0 9.33074539457000018E-30 0 0 0 0 0 0 0 0 0 0 0 0 0 0 0 0 0 0 0 3.15544362087999992E-30 0 0 0 0 0 0 0 0 0 0 0 0 0
0 0 0 0 3.15544362087999992E-30 0 0 0 0 0 0 0 0 0 0 0 9.33074539457000018E-30 0 0 0 0 0 0 0 0 0 0 0 0 0 0 0 0 0 0 0 3.15544362087999992E-30 0 0 0 0 0 0 0 0 0 0 0 0 0
0 0 0 0 3.15544362087999992E-30 0 0 0 0 0 0 0 0 0 0 0 9.33074539457000018E-30 0 0 0 0 0 0 0 0 0 0 0 0 0 0 0 0 0 0 0 3.15544362087999992E-30 0 0 0 0 0 0 0 0 0 0 0 0 0
0 0 0 0 3.15544362087999992E-30 0 0 0 0 0 0 0 0 0 0 0 9.33074539457000018E-30 0 0 0 0 0 0 0 0 0 0 0 0 0 0 0 0 0 0 0 3.15544362087999992E-30 0 0 0 0 0 0 0 0 0 0 0 0 0
0 0 0 0 3.15544362087999992E-30 0 0 0 0 0 0 0 0 0 0 0 9.33074539457000018E-30 0 0 0 0 0 0 0 0 0 0 0 0 0 0 0 0 0 0 0 3.15544362087999992E-30 0 0 0 0 0 0 0 0 0 0 0 0 0
0 0 0 0 3.15544362087999992E-30 0 0 0 0 0 0 0 0 0 0 0 9.33074539457000018E-30 0 0 0 0 0 0 0 0 0 0 0 0 0 0 0 0 0 0 0 3.15544362087999992E-30 0 0 0 0 0 0 0 0 0 0 0 0 0
0 0 0 0 3.15544362087999992E-30 0 0 0 0 0 0 0 0 0 0 0 9.33074539457000018E-30 0 0 0 0 0 0 0 0 0 0 0 0 0 0 0 0 0 0 0 3.15544362087999992E-30 0 0 0 0 0 0 0 0 0 0 0 0 0
0 0 0 0 3.15544362087999992E-30 0 0 0 0 0 0 0 0 0 0 0 9.33074539457000018E-30 0 0 0 0 0 0 0 0 0 0 0 0 0 0 0 0 0 0 0 3.15544362087999992E-30 0 0 0 0 0 0 0 0 0 0 0 0 0
0 0 0 0 3.15544362087999992E-30 0 0 0 0 0 0 0 0 0 0 0 9.33074539457000018E-30 0 0 0 0 0 0 0 0 0 0 0 0 0 0 0 0 0 0 0 3.15544362087999992E-30 0 0 0 0 0 0 0 0 0 0 0 0 0
0 0 0 0 3.15544362087999992E-30 0 0 0 0 0 0 0 0 0 0 0 9.33074539457000018E-30 0 0 0 0 0 0 0 0 0 0 0 0 0 0 0 0 0 0 0 3.15544362087999992E-30 0 0 0 0 0 0 0 0 0 0 0 0 0
0 0 0 0 3.15544362087999992E-30 0 0 0 0 0 0 0 0 0 0 0 9.33074539457000018E-30 0 0 0 0 0 0 0 0 0 0 0 0 0 0 0 0 0 0 0 3.15544362087999992E-30 0 0 0 0 0 0 0 0 0 0 0 0 0
0 0 0 0 3.15544362087999992E-30 0 0 0 0 0 0 0 0 0 0 0 9.33074539457000018E-30 0 0 0 0 0 0 0 0 0 0 0 0 0 0 0 0 0 0 0 3.15544362087999992E-30 0 0 0 0 0 0 0 0 0 0 0 0 0
0 0 0 0 3.15544362087999992E-30 0 0 0 0 0 0 0 0 0 0 0 9.33074539457000018E-30 0 0 0 0 0 0 0 0 0 0 0 0 0 0 0 0 0 0 0 3.15544362087999992E-30 0 0 0 0 0 0 0 0 0 0 0 0 0
0 0 0 0 3.15544362087999992E-30 0 0 0 0 0 0 0 0 0 0 0 9.33074539457000018E-30 0 0 0 0 0 0 0 0 0 0 0 0 0 0 0 0 0 0 0 3.15544362087999992E-30 0 0 0 0 0 0 0 0 0 0 0 0 0
0 0 0 0 3.15544362087999992E-30 0 0 0 0 0 0 0 0 0 0 0 9.33074539457000018E-30 0 0 0 0 0 0 0 0 0 0 0 0 0 0 0 0 0 0 0 3.15544362087999992E-30 0 0 0 0 0 0 0 0 0 0 0 0 0
0 0 0 0 3.15544362087999992E-30 0 0 0 0 0 0 0 0 0 0 0 9.33074539457000018E-30 0 0 0 0 0 0 0 0 0 0 0 0 0 0 0 0 0 0 0 3.15544362087999992E-30 0 0 0 0 0 0 0 0 0 0 0 0 0
0 0 0 0 3.15544362087999992E-30 0 0 0 0 0 0 0 0 0 0 0 9.33074539457000018E-30 0 0 0 0 0 0 0 0 0 0 0 0 0 0 0 0 0 0 0 3.15544362087999992E-30 0 0 0 0 0 0 0 0 0 0 0 0 0
0 0 0 0 3.15544362087999992E-30 0 0 0 0 0 0 0 0 0 0 0 9.33074539457000018E-30 0 0 0 0 0 0 0 0 0 0 0 0 0 0 0 0 0 0 0 3.15544362087999992E-30 0 0 0 0 0 0 0 0 0 0 0 0 0
0 0 0 0 3.15544362087999992E-30 0 0 0 0 0 0 0 0 0 0 0 9.33074539457000018E-30 0 0 0 0 0 0 0 0 0 0 0 0 0 0 0 0 0 0 0 3.15544362087999992E-30 0 0 0 0 0 0 0 0 0 0 0 0 0
0 0 0 0 3.15544362087999992E-30 0 0 0 0 0 0 0 0 0 0 0 9.33074539457000018E-30 0 0 0 0 0 0 0 0 0 0 0 0 0 0 0 0 0 0 0 3.15544362087999992E-30 0 0 0 0 0 0 0 0 0 0 0 0 0
0 0 0 0 3.15544362087999992E-30 0 0 0 0 0 0 0 0 0 0 0 9.33074539457000018E-30 0 0 0 0 0 0 0 0 0 0 0 0 0 0 0 0 0 0 0 3.15544362087999992E-30 0 0 0 0 0 0 0 0 0 0 0 0 0
0 0 0 0 3.15544362087999992E-30 0 0 0 0 0 0 0 0 0 0 0 9.33074539457000018E-30 0 0 0 0 0 0 0 0 0 0 0 0 0 0 0 0 0 0 0 3.15544362087999992E-30 0 0 0 0 0 0 0 0 0 0 0 0 0
0 0 0 0 3.15544362087999992E-30 0 0 0 0 0 0 0 0 0 0 0 9.33074539457000018E-30 0 0 0 0 0 0 0 0 0 0 0 0 0 0 0 0 0 0 0 3.15544362087999992E-30 0 0 0 0 0 0 0 0 0 0 0 0 0
0 0 0 0 3.15544362087999992E-30 0 0 0 0 0 0 0 0 0 0 0 9.33074539457000018E-30 0 0 0 0 0 0 0 0 0 0 0 0 0 0 0 0 0 0 0 3.15544362087999992E-30 0 0 0 0 0 0 0 0 0 0 0 0 0
0 0 0 0 3.15544362087999992E-30 0 0 0 0 0 0 0 0 0 0 0 9.33074539457000018E-30 0 0 0 0 0 0 0 0 0 0 0 0 0 0 0 0 0 0 0 3.15544362087999992E-30 0 0 0 0 0 0 0 0 0 0 0 0 0
0 0 0 0 3.15544362087999992E-30 0 0 0 0 0 0 0 0 0 0 0 9.33074539457000018E-30 0 0 0 0 0 0 0 0 0 0 0 0 0 0 0 0 0 0 0 3.15544362087999992E-30 0 0 0 0 0 0 0 0 0 0 0 0 0
0 0 0 0 3.15544362087999992E-30 0 0 0 0 0 0 0 0 0 0 0 9.33074539457000018E-30 0 0 0 0 0 0 0 0 0 0 0 0 0 0 0 0 0 0 0 3.15544362087999992E-30 0 0 0 0 0 0 0 0 0 0 0 0 0
0 0 0 0 3.15544362087999992E-30 0 0 0 0 0 0 0 0 0 0 0 9.33074539457000018E-30 0 0 0 0 0 0 0 0 0 0 0 0 0 0 0 0 0 0 0 3.15544362087999992E-30 0 0 0 0 0 0 0 0 0 0 0 0 0
0 0 0 0 3.15544362087999992E-30 0 0 0 0 0 0 0 0 0 0 0 9.33074539457000018E-30 0 0 0 0 0 0 0 0 0 0 0 0 0 0 0 0 0 0 0 3.15544362087999992E-30 0 0 0 0 0 0 0 0 0 0 0 0 0
0 0 0 0 3.15544362087999992E-30 0 0 0 0 0 0 0 0 0 0 0 9.33074539457000018E-30 0 0 0 0 0 0 0 0 0 0 0 0 0 0 0 0 0 0 0 3.15544362087999992E-30 0 0 0 0 0 0 0 0 0 0 0 0 0
0 0 0 0 3.15544362087999992E-30 0 0 0 0 0 0 0 0 0 0 0 9.33074539457000018E-30 0 0 0 0 0 0 0 0 0 0 0 0 0 0 0 0 0 0 0 3.15544362087999992E-30 0 0 0 0 0 0 0 0 0 0 0 0 0
0 0 0 0 3.15544362087999992E-30 0 0 0 0 0 0 0 0 0 0 0 9.33074539457000018E-30 0 0 0 0 0 0 0 0 0 0 0 0 0 0 0 0 0 0 0 3.15544362087999992E-30 0 0 0 0 0 0 0 0 0 0 0 0 0
0 0 0 0 3.15544362087999992E-30 0 0 0 0 0 0 0 0 0 0 0 9.33074539457000018E-30 0 0 0 0 0 0 0 0 0 0 0 0 0 0 0 0 0 0 0 3.15544362087999992E-30 0 0 0 0 0 0 0 0 0 0 0 0 0
0 0 0 0 3.15544362087999992E-30 0 0 0 0 0 0 0 0 0 0 0 9.33074539457000018E-30 0 0 0 0 0 0 0 0 0 0 0 0 0 0 0 0 0 0 0 3.15544362087999992E-30 0 0 0 0 0 0 0 0 0 0 0 0 0
0 0 0 0 3.15544362087999992E-30 0 0 0 0 0 0 0 0 0 0 0 9.33074539457000018E-30 0 0 0 0 0 0 0 0 0 0 0 0 0 0 0 0 0 0 0 3.15544362087999992E-30 0 0 0 0 0 0 0 0 0 0 0 0 0
0 0 0 0 3.15544362087999992E-30 0 0 0 0 0 0 0 0 0 0 0 9.33074539457000018E-30 0 0 0 0 0 0 0 0 0 0 0 0 0 0 0 0 0 0 0 3.15544362087999992E-30 0 0 0 0 0 0 0 0 0 0 0 0 0
0 0 0 0 3.15544362087999992E-30 0 0 0 0 0 0 0 0 0 0 0 9.33074539457000018E-30 0 0 0 0 0 0 0 0 0 0 0 0 0 0 0 0 0 0 0 3.15544362087999992E-30 0 0 0 0 0 0 0 0 0 0 0 0 0
0 0 0 0 3.15544362087999992E-30 0 0 0 0 0 0 0 0 0 0 0 9.33074539457000018E-30 0 0 0 0 0 0 0 0 0 0 0 0 0 0 0 0 0 0 0 3.15544362087999992E-30 0 0 0 0 0 0 0 0 0 0 0 0 0
0 0 0 0 3.15544362087999992E-30 0 0 0 0 0 0 0 0 0 0 0 9.33074539457000018E-30 0 0 0 0 0 0 0 0 0 0 0 0 0 0 0 0 0 0 0 3.15544362087999992E-30 0 0 0 0 0 0 0 0 0 0 0 0 0
0 0 0 0 3.15544362087999992E-30 0 0 0 0 0 0 0 0 0 0 0 9.33074539457000018E-30 0 0 0 0 0 0 0 0 0 0 0 0 0 0 0 0 0 0 0 3.15544362087999992E-30 0 0 0 0 0 0 0 0 0 0 0 0 0
0 0 0 0 3.15544362087999992E-30 0 0 0 0 0 0 0 0 0 0 0 9.33074539457000018E-30 0 0 0 0 0 0 0 0 0 0 0 0 0 0 0 0 0 0 0 3.15544362087999992E-30 0 0 0 0 0 0 0 0 0 0 0 0 0
0 0 0 0 3.15544362087999992E-30 0 0 0 0 0 0 0 0 0 0 0 9.33074539457000018E-30 0 0 0 0 0 0 0 0 0 0 0 0 0 0 0 0 0 0 0 3.15544362087999992E-30 0 0 0 0 0 0 0 0 0 0 0 0 0
0 0 0 0 3.15544362087999992E-30 0 0 0 0 0 0 0 0 0 0 0 9.33074539457000018E-30 0 0 0 0 0 0 0 0 0 0 0 0 0 0 0 0 0 0 0 3.15544362087999992E-30 0 0 0 0 0 0 0 0 0 0 0 0 0
0 0 0 0 3.15544362087999992E-30 0 0 0 0 0 0 0 0 0 0 0 9.33074539457000018E-30 0 0 0 0 0 0 0 0 0 0 0 0 0 0 0 0 0 0 0 3.15544362087999992E-30 0 0 0 0 0 0 0 0 0 0 0 0 0
0 0 0 0 3.15544362087999992E-30 0 0 0 0 0 0 0 0 0 0 0 9.33074539457000018E-30 0 0 0 0 0 0 0 0 0 0 0 0 0 0 0 0 0 0 0 3.15544362087999992E-30 0 0 0 0 0 0 0 0 0 0 0 0 0
0 0 0 0 3.15544362087999992E-30 0 0 0 0 0 0 0 0 0 0 0 9.33074539457000018E-30 0 0 0 0 0 0 0 0 0 0 0 0 0 0 0 0 0 0 0 3.15544362087999992E-30 0 0 0 0 0 0 0 0 0 0 0 0 0
0 0 0 0 3.15544362087999992E-30 0 0 0 0 0 0 0 0 0 0 0 9.33074539457000018E-30 0 0 0 0 0 0 0 0 0 0 0 0 0 0 0 0 0 0 0 3.15544362087999992E-30 0 0 0 0 0 0 0 0 0 0 0 0 0
0 0 0 0 3.15544362087999992E-30 0 0 0 0 0 0 0 0 0 0 0 9.33074539457000018E-30 0 0 0 0 0 0 0 0 0 0 0 0 0 0 0 0 0 0 0 3.15544362087999992E-30 0 0 0 0 0 0 0 0 0 0 0 0 0
0 0 0 0 3.15544362087999992E-30 0 0 0 0 0 0 0 0 0 0 0 9.33074539457000018E-30 0 0 0 0 0 0 0 0 0 0 0 0 0 0 0 0 0 0 0 3.15544362087999992E-30 0 0 0 0 0 0 0 0 0 0 0 0 0
0 0 0 0 3.15544362087999992E-30 0 0 0 0 0 0 0 0 0 0 0 9.33074539457000018E-30 0 0 0 0 0 0 0 0 0 0 0 0 0 0 0 0 0 0 0 3.15544362087999992E-30 0 0 0 0 0 0 0 0 0 0 0 0 0
0 0 0 0 3.15544362087999992E-30 0 0 0 0 0 0 0 0 0 0 0 9.33074539457000018E-30 0 0 0 0 0 0 0 0 0 0 0 0 0 0 0 0 0 0 0 3.15544362087999992E-30 0 0 0 0 0 0 0 0 0 0 0 0 0
0 0 0 0 3.15544362087999992E-30 0 0 0 0 0 0 0 0 0 0 0 9.33074539457000018E-30 0 0 0 0 0 0 0 0 0 0 0 0 0 0 0 0 0 0 0 3.15544362087999992E-30 0 0 0 0 0 0 0 0 0 0 0 0 0
0 0 0 0 3.15544362087999992E-30 0 0 0 0 0 0 0 0 0 0 0 9.33074539457000018E-30 0 0 0 0 0 0 0 0 0 0 0 0 0 0 0 0 0 0 0 3.15544362087999992E-30 0 0 0 0 0 0 0 0 0 0 0 0 0
0 0 0 0 3.15544362087999992E-30 0 0 0 0 0 0 0 0 0 0 0 9.33074539457000018E-30 0 0 0 0 0 0 0 0 0 0 0 0 0 0 0 0 0 0 0 3.15544362087999992E-30 0 0 0 0 0 0 0 0 0 0 0 0 0
0 0 0 0 3.15544362087999992E-30 0 0 0 0 0 0 0 0 0 0 0 9.33074539457000018E-30 0 0 0 0 0 0 0 0 0 0 0 0 0 0 0 0 0 0 0 3.15544362087999992E-30 0 0 0 0 0 0 0 0 0 0 0 0 0
0 0 0 0 3.15544362087999992E-30 0 0 0 0 0 0 0 0 0 0 0 9.33074539457000018E-30 0 0 0 0 0 0 0 0 0 0 0 0 0 0 0 0 0 0 0 3.15544362087999992E-30 0 0 0 0 0 0 0 0 0 0 0 0 0
0 0 0 0 3.15544362087999992E-30 0 0 0 0 0 0 0 0 0 0 0 9.33074539457000018E-30 0 0 0 0 0 0 0 0 0 0 0 0 0 0 0 0 0 0 0 3.15544362087999992E-30 0 0 0 0 0 0 0 0 0 0 0 0 0
0 0 0 0 3.15544362087999992E-30 0 0 0 0 0 0 0 0 0 0 0 9.33074539457000018E-30 0 0 0 0 0 0 0 0 0 0 0 0 0 0 0 0 0 0 0 3.15544362087999992E-30 0 0 0 0 0 0 0 0 0 0 0 0 0
0 0 0 0 3.15544362087999992E-30 0 0 0 0 0 0 0 0 0 0 0 9.33074539457000018E-30 0 0 0 0 0 0 0 0 0 0 0 0 0 0 0 0 0 0 0 3.15544362087999992E-30 0 0 0 0 0 0 0 0 0 0 0 0 0
0 0 0 0 3.15544362087999992E-30 0 0 0 0 0 0 0 0 0 0 0 9.33074539457000018E-30 0 0 0 0 0 0 0 0 0 0 0 0 0 0 0 0 0 0 0 3.15544362087999992E-30 0 0 0 0 0 0 0 0 0 0 0 0 0
0 0 0 0 3.15544362087999992E-30 0 0 0 0 0 0 0 0 0 0 0 9.33074539457000018E-30 0 0 0 0 0 0 0 0 0 0 0 0 0 0 0 0 0 0 0 3.15544362087999992E-30 0 0 0 0 0 0 0 0 0 0 0 0 0
0 0 0 0 3.15544362087999992E-30 0 0 0 0 0 0 0 0 0 0 0 9.33074539457000018E-30 0 0 0 0 0 0 0 0 0 0 0 0 0 0 0 0 0 0 0 3.15544362087999992E-30 0 0 0 0 0 0 0 0 0 0 0 0 0
0 0 0 0 3.15544362087999992E-30 0 0 0 0 0 0 0 0 0 0 0 9.33074539457000018E-30 0 0 0 0 0 0 0 0 0 0 0 0 0 0 0 0 0 0 0 3.15544362087999992E-30 0 0 0 0 0 0 0 0 0 0 0 0 0
0 0 0 0 3.15544362087999992E-30 0 0 0 0 0 0 0 0 0 0 0 9.33074539457000018E-30 0 0 0 0 0 0 0 0 0 0 0 0 0 0 0 0 0 0 0 3.15544362087999992E-30 0 0 0 0 0 0 0 0 0 0 0 0 0
0 0 0 0 3.15544362087999992E-30 0 0 0 0 0 0 0 0 0 0 0 9.33074539457000018E-30 0 0 0 0 0 0 0 0 0 0 0 0 0 0 0 0 0 0 0 3.15544362087999992E-30 0 0 0 0 0 0 0 0 0 0 0 0 0
0 0 0 0 3.15544362087999992E-30 0 0 0 0 0 0 0 0 0 0 0 9.33074539457000018E-30 0 0 0 0 0 0 0 0 0 0 0 0 0 0 0 0 0 0 0 3.15544362087999992E-30 0 0 0 0 0 0 0 0 0 0 0 0 0
0 0 0 0 3.15544362087999992E-30 0 0 0 0 0 0 0 0 0 0 0 9.33074539457000018E-30 0 0 0 0 0 0 0 0 0 0 0 0 0 0 0 0 0 0 0 3.15544362087999992E-30 0 0 0 0 0 0 0 0 0 0 0 0 0
0 0 0 0 3.15544362087999992E-30 0 0 0 0 0 0 0 0 0 0 0 9.33074539457000018E-30 0 0 0 0 0 0 0 0 0 0 0 0 0 0 0 0 0 0 0 3.15544362087999992E-30 0 0 0 0 0 0 0 0 0 0 0 0 0
0 0 0 0 3.15544362087999992E-30 0 0 0 0 0 0 0 0 0 0 0 9.33074539457000018E-30 0 0 0 0 0 0 0 0 0 0 0 0 0 0 0 0 0 0 0 3.15544362087999992E-30 0 0 0 0 0 0 0 0 0 0 0 0 0
0 0 0 0 3.15544362087999992E-30 0 0 0 0 0 0 0 0 0 0 0 9.33074539457000018E-30 0 0 0 0 0 0 0 0 0 0 0 0 0 0 0 0 0 0 0 3.15544362087999992E-30 0 0 0 0 0 0 0 0 0 0 0 0 0
0 0 0 0 3.15544362087999992E-30 0 0 0 0 0 0 0 0 0 0 0 9.33074539457000018E-30 0 0 0 0 0 0 0 0 0 0 0 0 0 0 0 0 0 0 0 3.15544362087999992E-30 0 0 0 0 0 0 0 0 0 0 0 0 0
0 0 0 0 3.15544362087999992E-30 0 0 0 0 0 0 0 0 0 0 0 9.33074539457000018E-30 0 0 0 0 0 0 0 0 0 0 0 0 0 0 0 0 0 0 0 3.15544362087999992E-30 0 0 0 0 0 0 0 0 0 0 0 0 0
0 0 0 0 3.15544362087999992E-30 0 0 0 0 0 0 0 0 0 0 0 9.33074539457000018E-30 0 0 0 0 0 0 0 0 0 0 0 0 0 0 0 0 0 0 0 3.15544362087999992E-30 0 0 0 0 0 0 0 0 0 0 0 0 0
0 0 0 0 3.15544362087999992E-30 0 0 0 0 0 0 0 0 0 0 0 9.33074539457000018E-30 0 0 0 0 0 0 0 0 0 0 0 0 0 0 0 0 0 0 0 3.15544362087999992E-30 0 0 0 0 0 0 0 0 0 0 0 0 0
0 0 0 0 3.15544362087999992E-30 0 0 0 0 0 0 0 0 0 0 0 9.33074539457000018E-30 0 0 0 0 0 0 0 0 0 0 0 0 0 0 0 0 0 0 0 3.15544362087999992E-30 0 0 0 0 0 0 0 0 0 0 0 0 0
0 0 0 0 3.15544362087999992E-30 0 0 0 0 0 0 0 0 0 0 0 9.33074539457000018E-30 0 0 0 0 0 0 0 0 0 0 0 0 0 0 0 0 0 0 0 3.15544362087999992E-30 0 0 0 0 0 0 0 0 0 0 0 0 0
0 0 0 0 3.15544362087999992E-30 0 0 0 0 0 0 0 0 0 0 0 9.33074539457000018E-30 0 0 0 0 0 0 0 0 0 0 0 0 0 0 0 0 0 0 0 3.15544362087999992E-30 0 0 0 0 0 0 0 0 0 0 0 0 0
0 0 0 0 3.15544362087999992E-30 0 0 0 0 0 0 0 0 0 0 0 9.33074539457000018E-30 0 0 0 0 0 0 0 0 0 0 0 0 0 0 0 0 0 0 0 3.15544362087999992E-30 0 0 0 0 0 0 0 0 0 0 0 0 0
0 0 0 0 3.15544362087999992E-30 0 0 0 0 0 0 0 0 0 0 0 9.33074539457000018E-30 0 0 0 0 0 0 0 0 0 0 0 0 0 0 0 0 0 0 0 3.15544362087999992E-30 0 0 0 0 0 0 0 0 0 0 0 0 0
0 0 0 0 3.15544362087999992E-30 0 0 0 0 0 0 0 0 0 0 0 9.33074539457000018E-30 0 0 0 0 0 0 0 0 0 0 0 0 0 0 0 0 0 0 0 3.15544362087999992E-30 0 0 0 0 0 0 0 0 0 0 0 0 0
0 0 0 0 3.15544362087999992E-30 0 0 0 0 0 0 0 0 0 0 0 9.33074539457000018E-30 0 0 0 0 0 0 0 0 0 0 0 0 0 0 0 0 0 0 0 3.15544362087999992E-30 0 0 0 0 0 0 0 0 0 0 0 0 0
0 0 0 0 3.15544362087999992E-30 0 0 0 0 0 0 0 0 0 0 0 9.33074539457000018E-30 0 0 0 0 0 0 0 0 0 0 0 0 0 0 0 0 0 0 0 3.15544362087999992E-30 0 0 0 0 0 0 0 0 0 0 0 0 0
0 0 0 0 3.15544362087999992E-30 0 0 0 0 0 0 0 0 0 0 0 9.33074539457000018E-30 0 0 0 0 0 0 0 0 0 0 0 0 0 0 0 0 0 0 0 3.15544362087999992E-30 0 0 0 0 0 0 0 0 0 0 0 0 0
0 0 0 0 3.15544362087999992E-30 0 0 0 0 0 0 0 0 0 0 0 9.33074539457000018E-30 0 0 0 0 0 0 0 0 0 0 0 0 0 0 0 0 0 0 0 3.15544362087999992E-30 0 0 0 0 0 0 0 0 0 0 0 0 0
0 0 0 0 3.15544362087999992E-30 0 0 0 0 0 0 0 0 0 0 0 9.33074539457000018E-30 0 0 0 0 0 0 0 0 0 0 0 0 0 0 0 0 0 0 0 3.15544362087999992E-30 0 0 0 0 0 0 0 0 0 0 0 0 0
0 0 0 0 3.15544362087999992E-30 0 0 0 0 0 0 0 0 0 0 0 9.33074539457000018E-30 0 0 0 0 0 0 0 0 0 0 0 0 0 0 0 0 0 0 0 3.15544362087999992E-30 0 0 0 0 0 0 0 0 0 0 0 0 0
0 0 0 0 3.15544362087999992E-30 0 0 0 0 0 0 0 0 0 0 0 9.33074539457000018E-30 0 0 0 0 0 0 0 0 0 0 0 0 0 0 0 0 0 0 0 3.15544362087999992E-30 0 0 0 0 0 0 0 0 0 0 0 0 0
0 0 0 0 3.15544362087999992E-30 0 0 0 0 0 0 0 0 0 0 0 9.33074539457000018E-30 0 0 0 0 0 0 0 0 0 0 0 0 0 0 0 0 0 0 0 3.15544362087999992E-30 0 0 0 0 0 0 0 0 0 0 0 0 0
0 0 0 0 3.15544362087999992E-30 0 0 0 0 0 0 0 0 0 0 0 9.33074539457000018E-30 0 0 0 0 0 0 0 0 0 0 0 0 0 0 0 0 0 0 0 3.15544362087999992E-30 0 0 0 0 0 0 0 0 0 0 0 0 0
0 0 0 0 3.15544362087999992E-30 0 0 0 0 0 0 0 0 0 0 0 9.33074539457000018E-30 0 0 0 0 0 0 0 0 0 0 0 0 0 0 0 0 0 0 0 3.15544362087999992E-30 0 0 0 0 0 0 0 0 0 0 0 0 0
0 0 0 0 3.15544362087999992E-30 0 0 0 0 0 0 0 0 0 0 0 9.33074539457000018E-30 0 0 0 0 0 0 0 0 0 0 0 0 0 0 0 0 0 0 0 3.15544362087999992E-30 0 0 0 0 0 0 0 0 0 0 0 0 0
0 0 0 0 3.15544362087999992E-30 0 0 0 0 0 0 0 0 0 0 0 9.33074539457000018E-30 0 0 0 0 0 0 0 0 0 0 0 0 0 0 0 0 0 0 0 3.15544362087999992E-30 0 0 0 0 0 0 0 0 0 0 0 0 0
0 0 0 0 3.15544362087999992E-30 0 0 0 0 0 0 0 0 0 0 0 9.33074539457000018E-30 0 0 0 0 0 0 0 0 0 0 0 0 0 0 0 0 0 0 0 3.15544362087999992E-30 0 0 0 0 0 0 0 0 0 0 0 0 0
0 0 0 0 3.15544362087999992E-30 0 0 0 0 0 0 0 0 0 0 0 9.33074539457000018E-30 0 0 0 0 0 0 0 0 0 0 0 0 0 0 0 0 0 0 0 3.15544362087999992E-30 0 0 0 0 0 0 0 0 0 0 0 0 0
0 0 0 0 3.15544362087999992E-30 0 0 0 0 0 0 0 0 0 0 0 9.33074539457000018E-30 0 0 0 0 0 0 0 0 0 0 0 0 0 0 0 0 0 0 0 3.15544362087999992E-30 0 0 0 0 0 0 0 0 0 0 0 0 0
0 0 0 0 3.15544362087999992E-30 0 0 0 0 0 0 0 0 0 0 0 9.33074539457000018E-30 0 0 0 0 0 0 0 0 0 0 0 0 0 0 0 0 0 0 0 3.15544362087999992E-30 0 0 0 0 0 0 0 0 0 0 0 0 0
0 0 0 0 3.15544362087999992E-30 0 0 0 0 0 0 0 0 0 0 0 9.33074539457000018E-30 0 0 0 0 0 0 0 0 0 0 0 0 0 0 0 0 0 0 0 3.15544362087999992E-30 0 0 0 0 0 0 0 0 0 0 0 0 0
0 0 0 0 3.15544362087999992E-30 0 0 0 0 0 0 0 0 0 0 0 9.33074539457000018E-30 0 0 0 0 0 0 0 0 0 0 0 0 0 0 0 0 0 0 0 3.15544362087999992E-30 0 0 0 0 0 0 0 0 0 0 0 0 0
0 0 0 0 3.15544362087999992E-30 0 0 0 0 0 0 0 0 0 0 0 9.33074539457000018E-30 0 0 0 0 0 0 0 0 0 0 0 0 0 0 0 0 0 0 0 3.15544362087999992E-30 0 0 0 0 0 0 0 0 0 0 0 0 0
0 0 0 0 3.15544362087999992E-30 0 0 0 0 0 0 0 0 0 0 0 9.33074539457000018E-30 0 0 0 0 0 0 0 0 0 0 0 0 0 0 0 0 0 0 0 3.15544362087999992E-30 0 0 0 0 0 0 0 0 0 0 0 0 0
0 0 0 0 3.15544362087999992E-30 0 0 0 0 0 0 0 0 0 0 0 9.33074539457000018E-30 0 0 0 0 0 0 0 0 0 0 0 0 0 0 0 0 0 0 0 3.15544362087999992E-30 0 0 0 0 0 0 0 0 0 0 0 0 0
0 0 0 0 3.15544362087999992E-30 0 0 0 0 0 0 0 0 0 0 0 9.33074539457000018E-30 0 0 0 0 0 0 0 0 0 0 0 0 0 0 0 0 0 0 0 3.15544362087999992E-30 0 0 0 0 0 0 0 0 0 0 0 0 0
0 0 0 0 3.15544362087999992E-30 0 0 0 0 0 0 0 0 0 0 0 9.33074539457000018E-30 0 0 0 0 0 0 0 0 0 0 0 0 0 0 0 0 0 0 0 3.15544362087999992E-30 0 0 0 0 0 0 0 0 0 0 0 0 0
0 0 0 0 3.15544362087999992E-30 0 0 0 0 0 0 0 0 0 0 0 9.33074539457000018E-30 0 0 0 0 0 0 0 0 0 0 0 0 0 0 0 0 0 0 0 3.15544362087999992E-30 0 0 0 0 0 0 0 0 0 0 0 0 0
0 0 0 0 3.15544362087999992E-30 0 0 0 0 0 0 0 0 0 0 0 9.33074539457000018E-30 0 0 0 0 0 0 0 0 0 0 0 0 0 0 0 0 0 0 0 3.15544362087999992E-30 0 0 0 0 0 0 0 0 0 0 0 0 0
0 0 0 0 3.15544362087999992E-30 0 0 0 0 0 0 0 0 0 0 0 9.33074539457000018E-30 0 0 0 0 0 0 0 0 0 0 0 0 0 0 0 0 0 0 0 3.15544362087999992E-30 0 0 0 0 0 0 0 0 0 0 0 0 0
0 0 0 0 3.15544362087999992E-30 0 0 0 0 0 0 0 0 0 0 0 9.33074539457000018E-30 0 0 0 0 0 0 0 0 0 0 0 0 0 0 0 0 0 0 0 3.15544362087999992E-30 0 0 0 0 0 0 0 0 0 0 0 0 0
0 0 0 0 3.15544362087999992E-30 0 0 0 0 0 0 0 0 0 0 0 9.33074539457000018E-30 0 0 0 0 0 0 0 0 0 0 0 0 0 0 0 0 0 0 0 3.15544362087999992E-30 0 0 0 0 0 0 0 0 0 0 0 0 0
0 0 0 0 3.15544362087999992E-30 0 0 0 0 0 0 0 0 0 0 0 9.33074539457000018E-30 0 0 0 0 0 0 0 0 0 0 0 0 0 0 0 0 0 0 0 3.15544362087999992E-30 0 0 0 0 0 0 0 0 0 0 0 0 0
0 0 0 0 3.15544362087999992E-30 0 0 0 0 0 0 0 0 0 0 0 9.33074539457000018E-30 0 0 0 0 0 0 0 0 0 0 0 0 0 0 0 0 0 0 0 3.15544362087999992E-30 0 0 0 0 0 0 0 0 0 0 0 0 0
0 0 0 0 3.15544362087999992E-30 0 0 0 0 0 0 0 0 0 0 0 9.33074539457000018E-30 0 0 0 0 0 0 0 0 0 0 0 0 0 0 0 0 0 0 0 3.15544362087999992E-30 0 0 0 0 0 0 0 0 0 0 0 0 0
0 0 0 0 3.15544362087999992E-30 0 0 0 0 0 0 0 0 0 0 0 9.33074539457000018E-30 0 0 0 0 0 0 0 0 0 0 0 0 0 0 0 0 0 0 0 3.15544362087999992E-30 0 0 0 0 0 0 0 0 0 0 0 0 0
0 0 0 0 3.15544362087999992E-30 0 0 0 0 0 0 0 0 0 0 0 9.33074539457000018E-30 0 0 0 0 0 0 0 0 0 0 0 0 0 0 0 0 0 0 0 3.15544362087999992E-30 0 0 0 0 0 0 0 0 0 0 0 0 0
0 0 0 0 3.15544362087999992E-30 0 0 0 0 0 0 0 0 0 0 0 9.33074539457000018E-30 0 0 0 0 0 0 0 0 0 0 0 0 0 0 0 0 0 0 0 3.15544362087999992E-30 0 0 0 0 0 0 0 0 0 0 0 0 0
0 0 0 0 3.15544362087999992E-30 0 0 0 0 0 0 0 0 0 0 0 9.33074539457000018E-30 0 0 0 0 0 0 0 0 0 0 0 0 0 0 0 0 0 0 0 3.15544362087999992E-30 0 0 0 0 0 0 0 0 0 0 0 0 0
0 0 0 0 3.15544362087999992E-30 0 0 0 0 0 0 0 0 0 0 0 9.33074539457000018E-30 0 0 0 0 0 0 0 0 0 0 0 0 0 0 0 0 0 0 0 3.15544362087999992E-30 0 0 0 0 0 0 0 0 0 0 0 0 0
0 0 0 0 3.15544362087999992E-30 0 0 0 0 0 0 0 0 0 0 0 9.33074539457000018E-30 0 0 0 0 0 0 0 0 0 0 0 0 0 0 0 0 0 0 0 3.15544362087999992E-30 0 0 0 0 0 0 0 0 0 0 0 0 0
0 0 0 0 3.15544362087999992E-30 0 0 0 0 0 0 0 0 0 0 0 9.33074539457000018E-30 0 0 0 0 0 0 0 0 0 0 0 0 0 0 0 0 0 0 0 3.15544362087999992E-30 0 0 0 0 0 0 0 0 0 0 0 0 0
0 0 0 0 3.15544362087999992E-30 0 0 0 0 0 0 0 0 0 0 0 9.33074539457000018E-30 0 0 0 0 0 0 0 0 0 0 0 0 0 0 0 0 0 0 0 3.15544362087999992E-30 0 0 0 0 0 0 0 0 0 0 0 0 0
0 0 0 0 3.15544362087999992E-30 0 0 0 0 0 0 0 0 0 0 0 9.33074539457000018E-30 0 0 0 0 0 0 0 0 0 0 0 0 0 0 0 0 0 0 0 3.15544362087999992E-30 0 0 0 0 0 0 0 0 0 0 0 0 0
0 0 0 0 3.15544362087999992E-30 0 0 0 0 0 0 0 0 0 0 0 9.33074539457000018E-30 0 0 0 0 0 0 0 0 0 0 0 0 0 0 0 0 0 0 0 3.15544362087999992E-30 0 0 0 0 0 0 0 0 0 0 0 0 0
0 0 0 0 3.15544362087999992E-30 0 0 0 0 0 0 0 0 0 0 0 9.33074539457000018E-30 0 0 0 0 0 0 0 0 0 0 0 0 0 0 0 0 0 0 0 3.15544362087999992E-30 0 0 0 0 0 0 0 0 0 0 0 0 0
0 0 0 0 3.15544362087999992E-30 0 0 0 0 0 0 0 0 0 0 0 9.33074539457000018E-30 0 0 0 0 0 0 0 0 0 0 0 0 0 0 0 0 0 0 0 3.15544362087999992E-30 0 0 0 0 0 0 0 0 0 0 0 0 0
0 0 0 0 3.15544362087999992E-30 0 0 0 0 0 0 0 0 0 0 0 9.33074539457000018E-30 0 0 0 0 0 0 0 0 0 0 0 0 0 0 0 0 0 0 0 3.15544362087999992E-30 0 0 0 0 0 0 0 0 0 0 0 0 0
0 0 0 0 3.15544362087999992E-30 0 0 0 0 0 0 0 0 0 0 0 9.33074539457000018E-30 0 0 0 0 0 0 0 0 0 0 0 0 0 0 0 0 0 0 0 3.15544362087999992E-30 0 0 0 0 0 0 0 0 0 0 0 0 0
0 0 0 0 3.15544362087999992E-30 0 0 0 0 0 0 0 0 0 0 0 9.33074539457000018E-30 0 0 0 0 0 0 0 0 0 0 0 0 0 0 0 0 0 0 0 3.15544362087999992E-30 0 0 0 0 0 0 0 0 0 0 0 0 0
0 0 0 0 3.15544362087999992E-30 0 0 0 0 0 0 0 0 0 0 0 9.33074539457000018E-30 0 0 0 0 0 0 0 0 0 0 0 0 0 0 0 0 0 0 0 3.15544362087999992E-30 0 0 0 0 0 0 0 0 0 0 0 0 0
0 0 0 0 3.15544362087999992E-30 0 0 0 0 0 0 0 0 0 0 0 9.33074539457000018E-30 0 0 0 0 0 0 0 0 0 0 0 0 0 0 0 0 0 0 0 3.15544362087999992E-30 0 0 0 0 0 0 0 0 0 0 0 0 0
0 0 0 0 3.15544362087999992E-30 0 0 0 0 0 0 0 0 0 0 0 9.33074539457000018E-30 0 0 0 0 0 0 0 0 0 0 0 0 0 0 0 0 0 0 0 3.15544362087999992E-30 0 0 0 0 0 0 0 0 0 0 0 0 0
0 0 0 0 3.15544362087999992E-30 0 0 0 0 0 0 0 0 0 0 0 9.33074539457000018E-30 0 0 0 0 0 0 0 0 0 0 0 0 0 0 0 0 0 0 0 3.15544362087999992E-30 0 0 0 0 0 0 0 0 0 0 0 0 0
0 0 0 0 3.15544362087999992E-30 0 0 0 0 0 0 0 0 0 0 0 9.33074539457000018E-30 0 0 0 0 0 0 0 0 0 0 0 0 0 0 0 0 0 0 0 3.15544362087999992E-30 0 0 0 0 0 0 0 0 0 0 0 0 0
0 0 0 0 3.15544362087999992E-30 0 0 0 0 0 0 0 0 0 0 0 9.33074539457000018E-30 0 0 0 0 0 0 0 0 0 0 0 0 0 0 0 0 0 0 0 3.15544362087999992E-30 0 0 0 0 0 0 0 0 0 0 0 0 0
0 0 0 0 3.15544362087999992E-30 0 0 0 0 0 0 0 0 0 0 0 9.33074539457000018E-30 0 0 0 0 0 0 0 0 0 0 0 0 0 0 0 0 0 0 0 3.15544362087999992E-30 0 0 0 0 0 0 0 0 0 0 0 0 0
0 0 0 0 3.15544362087999992E-30 0 0 0 0 0 0 0 0 0 0 0 9.33074539457000018E-30 0 0 0 0 0 0 0 0 0 0 0 0 0 0 0 0 0 0 0 3.15544362087999992E-30 0 0 0 0 0 0 0 0 0 0 0 0 0
0 0 0 0 3.15544362087999992E-30 0 0 0 0 0 0 0 0 0 0 0 9.33074539457000018E-30 0 0 0 0 0 0 0 0 0 0 0 0 0 0 0 0 0 0 0 3.15544362087999992E-30 0 0 0 0 0 0 0 0 0 0 0 0 0
0 0 0 0 3.15544362087999992E-30 0 0 0 0 0 0 0 0 0 0 0 9.33074539457000018E-30 0 0 0 0 0 0 0 0 0 0 0 0 0 0 0 0 0 0 0 3.15544362087999992E-30 0 0 0 0 0 0 0 0 0 0 0 0 0
0 0 0 0 3.15544362087999992E-30 0 0 0 0 0 0 0 0 0 0 0 9.33074539457000018E-30 0 0 0 0 0 0 0 0 0 0 0 0 0 0 0 0 0 0 0 3.15544362087999992E-30 0 0 0 0 0 0 0 0 0 0 0 0 0
0 0 0 0 3.15544362087999992E-30 0 0 0 0 0 0 0 0 0 0 0 9.33074539457000018E-30 0 0 0 0 0 0 0 0 0 0 0 0 0 0 0 0 0 0 0 3.15544362087999992E-30 0 0 0 0 0 0 0 0 0 0 0 0 0
0 0 0 0 3.15544362087999992E-30 0 0 0 0 0 0 0 0 0 0 0 9.33074539457000018E-30 0 0 0 0 0 0 0 0 0 0 0 0 0 0 0 0 0 0 0 3.15544362087999992E-30 0 0 0 0 0 0 0 0 0 0 0 0 0
0 0 0 0 3.15544362087999992E-30 0 0 0 0 0 0 0 0 0 0 0 9.33074539457000018E-30 0 0 0 0 0 0 0 0 0 0 0 0 0 0 0 0 0 0 0 3.15544362087999992E-30 0 0 0 0 0 0 0 0 0 0 0 0 0
0 0 0 0 3.15544362087999992E-30 0 0 0 0 0 0 0 0 0 0 0 9.33074539457000018E-30 0 0 0 0 0 0 0 0 0 0 0 0 0 0 0 0 0 0 0 3.15544362087999992E-30 0 0 0 0 0 0 0 0 0 0 0 0 0
0 0 0 0 3.15544362087999992E-30 0 0 0 0 0 0 0 0 0 0 0 9.33074539457000018E-30 0 0 0 0 0 0 0 0 0 0 0 0 0 0 0 0 0 0 0 3.15544362087999992E-30 0 0 0 0 0 0 0 0 0 0 0 0 0
0 0 0 0 3.15544362087999992E-30 0 0 0 0 0 0 0 0 0 0 0 9.33074539457000018E-30 0 0 0 0 0 0 0 0 0 0 0 0 0 0 0 0 0 0 0 3.15544362087999992E-30 0 0 0 0 0 0 0 0 0 0 0 0 0
0 0 0 0 3.15544362087999992E-30 0 0 0 0 0 0 0 0 0 0 0 9.33074539457000018E-30 0 0 0 0 0 0 0 0 0 0 0 0 0 0 0 0 0 0 0 3.15544362087999992E-30 0 0 0 0 0 0 0 0 0 0 0 0 0
0 0 0 0 3.15544362087999992E-30 0 0 0 0 0 0 0 0 0 0 0 9.33074539457000018E-30 0 0 0 0 0 0 0 0 0 0 0 0 0 0 0 0 0 0 0 3.15544362087999992E-30 0 0 0 0 0 0 0 0 0 0 0 0 0
0 0 0 0 3.15544362087999992E-30 0 0 0 0 0 0 0 0 0 0 0 9.33074539457000018E-30 0 0 0 0 0 0 0 0 0 0 0 0 0 0 0 0 0 0 0 3.15544362087999992E-30 0 0 0 0 0 0 0 0 0 0 0 0 0
0 0 0 0 3.15544362087999992E-30 0 0 0 0 0 0 0 0 0 0 0 9.33074539457000018E-30 0 0 0 0 0 0 0 0 0 0 0 0 0 0 0 0 0 0 0 3.15544362087999992E-30 0 0 0 0 0 0 0 0 0 0 0 0 0
0 0 0 0 3.15544362087999992E-30 0 0 0 0 0 0 0 0 0 0 0 9.33074539457000018E-30 0 0 0 0 0 0 0 0 0 0 0 0 0 0 0 0 0 0 0 3.15544362087999992E-30 0 0 0 0 0 0 0 0 0 0 0 0 0
0 0 0 0 3.15544362087999992E-30 0 0 0 0 0 0 0 0 0 0 0 9.33074539457000018E-30 0 0 0 0 0 0 0 0 0 0 0 0 0 0 0 0 0 0 0 3.15544362087999992E-30 0 0 0 0 0 0 0 0 0 0 0 0 0
0 0 0 0 3.15544362087999992E-30 0 0 0 0 0 0 0 0 0 0 0 9.33074539457000018E-30 0 0 0 0 0 0 0 0 0 0 0 0 0 0 0 0 0 0 0 3.15544362087999992E-30 0 0 0 0 0 0 0 0 0 0 0 0 0
0 0 0 0 3.15544362087999992E-30 0 0 0 0 0 0 0 0 0 0 0 9.33074539457000018E-30 0 0 0 0 0 0 0 0 0 0 0 0 0 0 0 0 0 0 0 3.15544362087999992E-30 0 0 0 0 0 0 0 0 0 0 0 0 0
0 0 0 0 3.15544362087999992E-30 0 0 0 0 0 0 0 0 0 0 0 9.33074539457000018E-30 0 0 0 0 0 0 0 0 0 0 0 0 0 0 0 0 0 0 0 3.15544362087999992E-30 0 0 0 0 0 0 0 0 0 0 0 0 0
0 0 0 0 3.15544362087999992E-30 0 0 0 0 0 0 0 0 0 0 0 9.33074539457000018E-30 0 0 0 0 0 0 0 0 0 0 0 0 0 0 0 0 0 0 0 3.15544362087999992E-30 0 0 0 0 0 0 0 0 0 0 0 0 0
0 0 0 0 3.15544362087999992E-30 0 0 0 0 0 0 0 0 0 0 0 9.33074539457000018E-30 0 0 0 0 0 0 0 0 0 0 0 0 0 0 0 0 0 0 0 3.15544362087999992E-30 0 0 0 0 0 0 0 0 0 0 0 0 0
0 0 0 0 3.15544362087999992E-30 0 0 0 0 0 0 0 0 0 0 0 9.33074539457000018E-30 0 0 0 0 0 0 0 0 0 0 0 0 0 0 0 0 0 0 0 3.15544362087999992E-30 0 0 0 0 0 0 0 0 0 0 0 0 0
0 0 0 0 3.15544362087999992E-30 0 0 0 0 0 0 0 0 0 0 0 9.33074539457000018E-30 0 0 0 0 0 0 0 0 0 0 0 0 0 0 0 0 0 0 0 3.15544362087999992E-30 0 0 0 0 0 0 0 0 0 0 0 0 0
0 0 0 0 3.15544362087999992E-30 0 0 0 0 0 0 0 0 0 0 0 9.33074539457000018E-30 0 0 0 0 0 0 0 0 0 0 0 0 0 0 0 0 0 0 0 3.15544362087999992E-30 0 0 0 0 0 0 0 0 0 0 0 0 0
0 0 0 0 3.15544362087999992E-30 0 0 0 0 0 0 0 0 0 0 0 9.33074539457000018E-30 0 0 0 0 0 0 0 0 0 0 0 0 0 0 0 0 0 0 0 3.15544362087999992E-30 0 0 0 0 0 0 0 0 0 0 0 0 0
0 0 0 0 3.15544362087999992E-30 0 0 0 0 0 0 0 0 0 0 0 9.33074539457000018E-30 0 0 0 0 0 0 0 0 0 0 0 0 0 0 0 0 0 0 0 3.15544362087999992E-30 0 0 0 0 0 0 0 0 0 0 0 0 0
0 0 0 0 3.15544362087999992E-30 0 0 0 0 0 0 0 0 0 0 0 9.33074539457000018E-30 0 0 0 0 0 0 0 0 0 0 0 0 0 0 0 0 0 0 0 3.15544362087999992E-30 0 0 0 0 0 0 0 0 0 0 0 0 0
0 0 0 0 3.15544362087999992E-30 0 0 0 0 0 0 0 0 0 0 0 9.33074539457000018E-30 0 0 0 0 0 0 0 0 0 0 0 0 0 0 0 0 0 0 0 3.15544362087999992E-30 0 0 0 0 0 0 0 0 0 0 0 0 0
0 0 0 0 3.15544362087999992E-30 0 0 0 0 0 0 0 0 0 0 0 9.33074539457000018E-30 0 0 0 0 0 0 0 0 0 0 0 0 0 0 0 0 0 0 0 3.15544362087999992E-30 0 0 0 0 0 0 0 0 0 0 0 0 0
0 0 0 0 3.15544362087999992E-30 0 0 0 0 0 0 0 0 0 0 0 9.33074539457000018E-30 0 0 0 0 0 0 0 0 0 0 0 0 0 0 0 0 0 0 0 3.15544362087999992E-30 0 0 0 0 0 0 0 0 0 0 0 0 0
0 0 0 0 3.15544362087999992E-30 0 0 0 0 0 0 0 0 0 0 0 9.33074539457000018E-30 0 0 0 0 0 0 0 0 0 0 0 0 0 0 0 0 0 0 0 3.15544362087999992E-30 0 0 0 0 0 0 0 0 0 0 0 0 0
0 0 0 0 3.15544362087999992E-30 0 0 0 0 0 0 0 0 0 0 0 9.33074539457000018E-30 0 0 0 0 0 0 0 0 0 0 0 0 0 0 0 0 0 0 0 3.15544362087999992E-30 0 0 0 0 0 0 0 0 0 0 0 0 0
0 0 0 0 3.15544362087999992E-30 0 0 0 0 0 0 0 0 0 0 0 9.33074539457000018E-30 0 0 0 0 0 0 0 0 0 0 0 0 0 0 0 0 0 0 0 3.15544362087999992E-30 0 0 0 0 0 0 0 0 0 0 0 0 0
0 0 0 0 3.15544362087999992E-30 0 0 0 0 0 0 0 0 0 0 0 9.33074539457000018E-30 0 0 0 0 0 0 0 0 0 0 0 0 0 0 0 0 0 0 0 3.15544362087999992E-30 0 0 0 0 0 0 0 0 0 0 0 0 0
0 0 0 0 3.15544362087999992E-30 0 0 0 0 0 0 0 0 0 0 0 9.33074539457000018E-30 0 0 0 0 0 0 0 0 0 0 0 0 0 0 0 0 0 0 0 3.15544362087999992E-30 0 0 0 0 0 0 0 0 0 0 0 0 0
0 0 0 0 3.15544362087999992E-30 0 0 0 0 0 0 0 0 0 0 0 9.33074539457000018E-30 0 0 0 0 0 0 0 0 0 0 0 0 0 0 0 0 0 0 0 3.15544362087999992E-30 0 0 0 0 0 0 0 0 0 0 0 0 0
0 0 0 0 3.15544362087999992E-30 0 0 0 0 0 0 0 0 0 0 0 9.33074539457000018E-30 0 0 0 0 0 0 0 0 0 0 0 0 0 0 0 0 0 0 0 3.15544362087999992E-30 0 0 0 0 0 0 0 0 0 0 0 0 0
0 0 0 0 3.15544362087999992E-30 0 0 0 0 0 0 0 0 0 0 0 9.33074539457000018E-30 0 0 0 0 0 0 0 0 0 0 0 0 0 0 0 0 0 0 0 3.15544362087999992E-30 0 0 0 0 0 0 0 0 0 0 0 0 0
0 0 0 0 3.15544362087999992E-30 0 0 0 0 0 0 0 0 0 0 0 9.33074539457000018E-30 0 0 0 0 0 0 0 0 0 0 0 0 0 0 0 0 0 0 0 3.15544362087999992E-30 0 0 0 0 0 0 0 0 0 0 0 0 0
0 0 0 0 3.15544362087999992E-30 0 0 0 0 0 0 0 0 0 0 0 9.33074539457000018E-30 0 0 0 0 0 0 0 0 0 0 0 0 0 0 0 0 0 0 0 3.15544362087999992E-30 0 0 0 0 0 0 0 0 0 0 0 0 0
0 0 0 0 3.15544362087999992E-30 0 0 0 0 0 0 0 0 0 0 0 9.33074539457000018E-30 0 0 0 0 0 0 0 0 0 0 0 0 0 0 0 0 0 0 0 3.15544362087999992E-30 0 0 0 0 0 0 0 0 0 0 0 0 0
0 0 0 0 3.15544362087999992E-30 0 0 0 0 0 0 0 0 0 0 0 9.33074539457000018E-30 0 0 0 0 0 0 0 0 0 0 0 0 0 0 0 0 0 0 0 3.15544362087999992E-30 0 0 0 0 0 0 0 0 0 0 0 0 0
0 0 0 0 3.15544362087999992E-30 0 0 0 0 0 0 0 0 0 0 0 9.33074539457000018E-30 0 0 0 0 0 0 0 0 0 0 0 0 0 0 0 0 0 0 0 3.15544362087999992E-30 0 0 0 0 0 0 0 0 0 0 0 0 0
0 0 0 0 3.15544362087999992E-30 0 0 0 0 0 0 0 0 0 0 0 9.33074539457000018E-30 0 0 0 0 0 0 0 0 0 0 0 0 0 0 0 0 0 0 0 3.15544362087999992E-30 0 0 0 0 0 0 0 0 0 0 0 0 0
