-94.2903	0	242.924	0	-382.549	0	-193.004	0	379.984	0	-41.1928	0	-352.508	0	-18.3773	0	189.206	0	54.6597	0	-397.309	0	393.436	0	-225.057	0	-428.86	0	454.035	0	-259.909	0	32.6199	0	468.577	0	-1.92091	0	169.308	0	-136.158	0	351.296	0	32.6738	0	-323.566	0	-15.1459	0
-625.55	0	-363.88	0	-472.508	0	-372.87	0	-503.861	0	-737.802	0	-744.86	0	-964.838	0	-555.796	0	-478.704	0	-397.309	0	165.389	0	-1127.87	0	-431.603	0	454.035	0	-446.391	0	-886.005	0	-981.268	0	-781.545	0	-1154.06	0	-411.028	0	-966.511	0	-999.101	0	-594.708	0	-535.811	0
-625.55	0	-1125	0	-600.158	0	-372.87	0	-1134.02	0	-280.599	0	-1187.84	0	-964.838	0	-644.194	0	-405.66	0	-948.42	0	-773.587	0	-801.825	0	-1029.54	0	454.035	0	-446.391	0	-886.005	0	-1058.96	0	-1078	0	-1154.06	0	-411.028	0	-966.511	0	-999.101	0	-762.876	0	-535.811	0
-625.55	0	-548.625	0	-600.158	0	-1116.44	0	-1228.99	0	-836.414	0	-1066.58	0	-1063.7	0	-647.346	0	-557.951	0	-939.123	0	-773.587	0	-919.862	0	-1029.54	0	-1007.59	0	-446.391	0	-886.005	0	-816.877	0	-1078	0	-1154.06	0	-605.523	0	-966.511	0	-1037.53	0	-762.876	0	-938.336	0
-625.55	0	-548.625	0	-958.929	0	-962.973	0	-1228.99	0	-836.414	0	-1066.58	0	-1063.7	0	-794.838	0	-739.485	0	-939.123	0	-773.587	0	-976.273	0	-948.914	0	-1031.18	0	-651.488	0	-886.005	0	-816.877	0	-1078	0	-1154.06	0	-605.523	0	-966.511	0	-1037.53	0	-762.876	0	-1364.56	0
-625.55	0	-548.625	0	-958.929	0	-962.973	0	-1228.99	0	-896.699	0	-1009.38	0	-1063.7	0	-553.748	0	-739.485	0	-939.123	0	-773.587	0	-976.273	0	-948.914	0	-1031.18	0	-651.488	0	-1051.88	0	-946.5	0	-1059.75	0	-1129.75	0	-1233.06	0	-966.511	0	-1037.53	0	-762.876	0	-1364.56	0
-625.55	0	-959.635	0	-961.314	0	-962.973	0	-1109.61	0	-896.699	0	-1009.38	0	-1063.7	0	-678.403	0	-979.297	0	-939.123	0	-812.712	0	-976.273	0	-948.914	0	-1031.18	0	-905.902	0	-1051.88	0	-859.548	0	-836.973	0	-962.877	0	-1330.9	0	-737.818	0	-1037.53	0	-762.876	0	-1364.56	0
-625.55	0	-1422.74	0	-1057.65	0	-1001.14	0	-1109.61	0	-896.699	0	-1009.38	0	-1226.02	0	-1065.07	0	-979.297	0	-1043.91	0	-957.124	0	-976.273	0	-948.914	0	-1031.18	0	-1119.64	0	-1363.71	0	-948.109	0	-1007.89	0	-1086.2	0	-1130	0	-737.818	0	-1083.58	0	-1017.7	0	-1227.74	0
-625.55	0	-1422.74	0	-1057.65	0	-1001.14	0	-1109.61	0	-1078.88	0	-1120.64	0	-1148.87	0	-1065.07	0	-979.297	0	-1043.91	0	-957.124	0	-1082.25	0	-948.914	0	-1031.18	0	-1477.6	0	-1505.66	0	-948.109	0	-1007.89	0	-1086.2	0	-1405.08	0	-1003.91	0	-1083.58	0	-1180.32	0	-1227.74	0
-625.55	0	-1422.74	0	-1057.65	0	-1530.16	0	-1223.96	0	-1078.88	0	-1173.28	0	-1148.87	0	-1137.7	0	-979.297	0	-984.939	0	-1107.18	0	-1340.4	0	-1214.2	0	-1073.79	0	-1477.6	0	-1505.66	0	-948.109	0	-1007.89	0	-1329.33	0	-1455.78	0	-889.505	0	-1083.58	0	-1180.32	0	-1197.07	0
-625.55	0	-1358.87	0	-1057.65	0	-1530.16	0	-1223.96	0	-1078.88	0	-1281.81	0	-1148.87	0	-1137.7	0	-979.297	0	-984.939	0	-1107.18	0	-1340.4	0	-1377.6	0	-1073.79	0	-1477.6	0	-1505.66	0	-948.109	0	-1168.24	0	-1312.82	0	-1455.78	0	-889.505	0	-1083.58	0	-1180.32	0	-1197.07	0
-625.55	0	-1518.1	0	-1057.65	0	-1530.16	0	-1223.96	0	-1078.88	0	-1322.86	0	-1148.87	0	-1137.7	0	-872.075	0	-984.939	0	-1097.31	0	-1340.4	0	-1563.88	0	-1205.5	0	-1313.94	0	-1465.83	0	-1009.27	0	-1168.24	0	-1312.82	0	-1583.56	0	-865.183	0	-1083.58	0	-1180.32	0	-1197.07	0
-1452.7	0	-1435.69	0	-1623.58	0	-1439.51	0	-1223.96	0	-1078.88	0	-1322.86	0	-1366.02	0	-1137.7	0	-872.075	0	-984.939	0	-1236.95	0	-1340.4	0	-1473.67	0	-1205.5	0	-1313.94	0	-1465.83	0	-1009.27	0	-1168.24	0	-1377.17	0	-1204.38	0	-865.183	0	-1083.58	0	-1180.32	0	-1197.07	0
-1513.07	0	-1225.48	0	-1363.01	0	-1354.84	0	-1288.79	0	-1078.88	0	-1334.27	0	-1366.02	0	-1137.7	0	-1100.89	0	-984.939	0	-1236.95	0	-1340.4	0	-1539.05	0	-1205.5	0	-1313.94	0	-1465.83	0	-1183.31	0	-1482.09	0	-1377.17	0	-1204.38	0	-865.183	0	-1344.37	0	-1159.35	0	-1417.6	0
-1513.07	0	-1225.48	0	-1363.01	0	-1704.7	0	-1363.67	0	-1465.83	0	-1334.27	0	-1416.08	0	-1137.7	0	-1100.89	0	-1498.7	0	-1236.95	0	-1379.03	0	-1548.55	0	-1205.5	0	-1049.13	0	-1465.83	0	-1183.31	0	-1482.09	0	-1425.6	0	-1204.38	0	-1218.08	0	-1344.37	0	-1159.35	0	-1417.6	0
-1532.55	0	-1447.78	0	-1527.11	0	-1704.7	0	-1583.91	0	-1465.83	0	-1334.27	0	-1416.08	0	-1137.7	0	-1100.89	0	-1498.7	0	-1236.95	0	-1379.03	0	-1626.67	0	-1371.55	0	-1578.87	0	-1524.99	0	-1183.31	0	-1428.24	0	-1591.76	0	-1204.38	0	-1329.99	0	-1344.37	0	-1496.5	0	-1492.89	0
-1532.55	0	-1447.78	0	-1527.11	0	-1438.72	0	-1583.91	0	-1465.83	0	-1334.27	0	-1416.08	0	-1263.21	0	-1100.89	0	-1498.7	0	-1338.77	0	-1537.31	0	-1626.67	0	-1422.75	0	-1580.81	0	-1524.99	0	-1183.31	0	-1428.24	0	-1543.83	0	-1204.38	0	-1329.99	0	-1344.37	0	-1395.91	0	-1384.86	0
-1532.55	0	-1447.78	0	-1394.3	0	-1637.62	0	-1583.91	0	-1465.83	0	-1334.27	0	-1573.93	0	-1263.21	0	-1100.89	0	-1498.7	0	-1465.09	0	-1537.31	0	-1626.67	0	-1422.75	0	-1671.79	0	-1524.99	0	-1183.31	0	-1485.1	0	-1543.83	0	-1204.38	0	-1329.99	0	-1344.37	0	-1395.91	0	-1423.25	0
-1532.55	0	-1447.78	0	-1394.3	0	-1662.1	0	-1583.91	0	-1465.83	0	-1485.01	0	-1558.28	0	-1263.21	0	-1100.89	0	-1498.7	0	-1465.09	0	-1537.31	0	-1626.67	0	-1333.92	0	-1515.15	0	-1798.35	0	-1609.77	0	-1485.1	0	-1543.83	0	-1204.38	0	-1352.08	0	-1425.44	0	-1395.91	0	-1423.25	0
-1532.55	0	-1447.78	0	-1559.57	0	-1662.1	0	-1536.71	0	-1482.45	0	-1641.27	0	-1489.37	0	-1263.21	0	-1616.25	0	-1499.33	0	-1468.41	0	-1537.31	0	-1626.67	0	-1333.92	0	-1515.15	0	-1800.51	0	-1609.77	0	-1740.25	0	-1606.52	0	-1204.38	0	-1352.08	0	-1425.44	0	-1395.91	0	-1423.25	0
-1532.55	0	-1447.78	0	-1559.57	0	-1787.72	0	-1548.28	0	-1482.45	0	-1638.66	0	-1489.37	0	-1656.43	0	-1476.45	0	-1499.33	0	-1468.41	0	-1537.31	0	-1626.67	0	-1441.71	0	-1515.15	0	-1723.34	0	-1609.77	0	-1740.25	0	-1729.21	0	-1204.38	0	-1352.08	0	-1425.44	0	-1480.57	0	-1423.25	0
-1532.55	0	-1682.8	0	-1670.42	0	-1718.4	0	-1833.87	0	-1482.45	0	-1638.66	0	-1489.37	0	-1656.43	0	-1611.83	0	-1660.84	0	-1754.41	0	-1760.15	0	-1626.67	0	-1441.71	0	-1515.15	0	-1723.34	0	-1609.77	0	-1740.25	0	-1729.21	0	-1645.3	0	-1628.41	0	-1425.44	0	-1480.57	0	-1423.25	0
-1532.55	0	-1682.8	0	-1670.42	0	-1692.77	0	-1833.87	0	-1659	0	-1672.16	0	-1489.37	0	-1696.01	0	-1611.83	0	-1660.84	0	-1754.41	0	-1760.15	0	-1626.67	0	-1441.71	0	-1753.7	0	-1723.34	0	-1609.77	0	-1740.25	0	-1729.21	0	-1645.3	0	-1566.7	0	-1564.6	0	-1480.57	0	-1423.25	0
-1532.55	0	-1909.6	0	-1632.43	0	-1692.77	0	-1863.87	0	-1659	0	-1816.46	0	-1759.53	0	-1696.01	0	-1611.83	0	-1660.84	0	-1754.41	0	-1760.15	0	-1626.67	0	-1441.71	0	-1753.7	0	-1723.34	0	-1609.77	0	-1740.25	0	-1695.02	0	-1845.48	0	-1566.7	0	-1564.6	0	-1770.26	0	-1423.25	0
-1532.55	0	-1943.69	0	-1722.45	0	-1692.77	0	-1863.87	0	-1659	0	-1812.75	0	-1759.53	0	-1696.01	0	-1611.83	0	-1660.84	0	-1754.41	0	-1760.15	0	-1626.67	0	-1715.02	0	-1854.56	0	-1788.74	0	-1609.77	0	-1740.25	0	-1695.02	0	-1845.48	0	-1566.7	0	-1564.6	0	-1770.26	0	-1759.89	0
-1532.55	0	-1888.87	0	-1865.43	0	-1692.77	0	-1863.87	0	-1659	0	-1812.75	0	-1759.53	0	-1918.75	0	-1611.83	0	-1766.41	0	-1781.77	0	-1777.12	0	-1995.18	0	-1815.38	0	-1854.56	0	-1933.05	0	-1609.77	0	-1740.25	0	-1695.02	0	-1781.74	0	-1758.98	0	-1829.04	0	-1739.54	0	-1759.89	0
-1532.55	0	-1888.87	0	-1865.43	0	-1692.77	0	-1863.87	0	-1659	0	-1812.75	0	-1759.53	0	-1918.75	0	-1611.83	0	-1793.4	0	-1781.77	0	-1777.12	0	-1995.18	0	-1644.56	0	-1854.56	0	-1933.05	0	-1609.77	0	-1740.25	0	-1695.02	0	-1781.74	0	-1856.86	0	-1829.04	0	-1739.54	0	-1759.89	0
-1532.55	0	-2053.52	0	-1802.34	0	-1692.77	0	-1829.72	0	-1961.35	0	-1812.75	0	-1856.8	0	-1885.72	0	-1611.83	0	-1793.4	0	-1781.77	0	-1930.85	0	-1995.18	0	-1644.56	0	-1854.56	0	-1911.88	0	-1609.77	0	-1871.11	0	-1695.02	0	-1781.74	0	-1910.24	0	-1829.04	0	-1951.01	0	-1759.89	0
-1532.55	0	-2053.52	0	-1838.1	0	-1692.77	0	-1829.72	0	-2022.44	0	-1812.75	0	-1691.44	0	-1885.72	0	-1611.83	0	-1793.4	0	-1781.77	0	-1930.85	0	-2097.78	0	-1644.56	0	-1854.56	0	-1911.88	0	-1609.77	0	-1871.11	0	-1760.63	0	-1781.74	0	-1910.24	0	-1829.04	0	-1951.01	0	-1759.89	0
-1532.55	0	-2053.52	0	-1838.1	0	-2015.28	0	-1829.72	0	-2043.15	0	-1812.75	0	-1887.05	0	-1885.72	0	-1611.83	0	-1793.4	0	-1781.77	0	-1930.85	0	-2097.78	0	-1644.56	0	-1854.56	0	-1911.88	0	-1860.97	0	-1863.39	0	-1760.63	0	-1781.74	0	-1910.24	0	-1829.04	0	-1951.01	0	-1961.28	0
-2067.16	0	-2053.52	0	-1838.1	0	-1983.71	0	-1829.72	0	-2043.15	0	-1812.75	0	-1969.71	0	-1885.72	0	-1611.83	0	-1793.4	0	-1781.77	0	-1930.85	0	-2097.78	0	-1644.56	0	-1854.56	0	-1911.88	0	-1860.97	0	-1863.39	0	-1760.63	0	-1957.07	0	-1910.24	0	-1829.04	0	-1951.01	0	-2005.95	0
-2067.16	0	-2075	0	-1895.71	0	-2015.79	0	-1829.72	0	-2043.15	0	-1812.75	0	-1879.39	0	-1885.72	0	-1611.83	0	-1793.4	0	-1781.77	0	-1930.85	0	-2097.78	0	-1644.56	0	-1854.56	0	-1911.88	0	-1860.97	0	-1863.39	0	-1760.63	0	-1957.07	0	-1910.24	0	-1829.04	0	-1951.01	0	-2005.95	0
-2067.16	0	-2082.4	0	-1979.95	0	-2081.02	0	-1968.31	0	-2043.15	0	-2102.69	0	-1879.39	0	-2057.74	0	-1611.83	0	-1793.4	0	-1781.77	0	-1930.85	0	-2097.78	0	-1644.56	0	-1854.56	0	-2068.86	0	-1860.97	0	-1863.39	0	-1760.63	0	-1957.07	0	-1910.24	0	-1829.04	0	-1951.01	0	-2216.15	0
-2067.16	0	-2146.2	0	-1979.95	0	-2149.72	0	-1968.31	0	-2043.15	0	-2032.77	0	-1879.39	0	-2057.74	0	-1611.83	0	-2002.58	0	-1781.77	0	-1930.85	0	-2097.78	0	-1948.2	0	-1972.03	0	-2068.86	0	-1860.97	0	-1962.45	0	-1760.63	0	-1957.07	0	-1910.24	0	-1829.04	0	-1951.01	0	-2216.15	0
-2067.16	0	-2146.2	0	-1979.95	0	-2184.32	0	-1968.31	0	-2043.15	0	-2032.77	0	-1879.39	0	-2057.74	0	-1611.83	0	-2002.58	0	-2106.17	0	-1930.85	0	-2286.48	0	-1948.2	0	-1972.03	0	-2068.86	0	-1860.97	0	-2005.78	0	-1760.63	0	-1957.07	0	-1910.24	0	-1829.04	0	-1924.04	0	-2282.4	0
-2067.16	0	-2146.2	0	-1979.95	0	-2189.01	0	-1968.31	0	-2043.15	0	-2131.12	0	-1879.39	0	-2057.74	0	-2063.83	0	-2002.58	0	-2106.17	0	-1930.85	0	-2286.48	0	-1948.2	0	-2185.27	0	-2068.86	0	-1860.97	0	-2005.78	0	-1760.63	0	-1957.07	0	-1910.24	0	-1829.04	0	-1924.04	0	-2282.4	0
-2236.77	0	-2146.2	0	-1979.95	0	-2189.01	0	-1968.31	0	-2043.15	0	-2131.12	0	-1879.39	0	-2091.13	0	-2063.83	0	-2002.58	0	-2106.17	0	-1930.85	0	-2187.04	0	-1948.2	0	-2052.27	0	-2068.86	0	-1860.97	0	-2005.78	0	-1760.63	0	-2059.48	0	-1910.24	0	-1829.04	0	-1924.04	0	-2282.4	0
-2231.65	0	-2146.2	0	-1979.95	0	-2189.01	0	-1968.31	0	-2043.15	0	-2131.12	0	-1879.39	0	-2091.13	0	-2063.83	0	-2002.58	0	-2106.17	0	-1930.85	0	-2297.75	0	-1948.2	0	-2052.27	0	-2068.86	0	-1860.97	0	-2379.2	0	-2147.97	0	-2059.48	0	-2023.2	0	-1829.04	0	-2076.81	0	-2269.28	0
-2205.25	0	-2164.9	0	-1979.95	0	-2189.01	0	-1968.31	0	-2043.15	0	-2131.12	0	-2118.79	0	-2091.13	0	-2063.83	0	-2002.58	0	-2106.17	0	-1930.85	0	-2297.75	0	-2179.49	0	-2052.27	0	-2068.86	0	-2217.72	0	-2415.14	0	-2147.97	0	-2171.45	0	-2023.2	0	-1829.04	0	-2046.56	0	-2269.28	0
-2247.76	0	-2164.9	0	-1979.95	0	-2189.01	0	-1968.31	0	-2043.15	0	-2131.12	0	-2118.79	0	-2091.13	0	-2063.83	0	-2064.07	0	-2106.17	0	-1930.85	0	-2297.75	0	-2194.68	0	-2052.27	0	-2108.68	0	-2217.72	0	-2269.38	0	-2085.62	0	-2171.45	0	-2023.2	0	-1829.04	0	-2104.97	0	-2269.28	0
-2247.76	0	-2164.9	0	-1979.95	0	-2189.01	0	-1968.31	0	-2043.15	0	-2131.12	0	-2118.79	0	-2091.13	0	-2141.59	0	-2064.07	0	-2160.91	0	-1930.85	0	-2297.75	0	-2194.68	0	-2052.27	0	-2108.68	0	-2217.72	0	-2269.38	0	-2085.62	0	-2255.26	0	-2023.2	0	-1829.04	0	-2171.99	0	-2269.28	0
-2247.76	0	-2243.86	0	-1979.95	0	-2189.01	0	-2120.27	0	-2365.71	0	-2131.12	0	-2147.34	0	-2091.13	0	-2141.59	0	-2064.07	0	-2160.91	0	-1930.85	0	-2297.75	0	-2211.72	0	-2052.27	0	-2108.68	0	-2217.72	0	-2269.38	0	-2139.34	0	-2255.26	0	-2023.2	0	-2285.19	0	-2252.53	0	-2269.28	0
-2247.76	0	-2243.86	0	-1979.95	0	-2257.37	0	-2120.27	0	-2365.71	0	-2384.62	0	-2174.71	0	-2091.13	0	-2271.35	0	-2064.07	0	-2303.12	0	-1930.85	0	-2297.75	0	-2164.99	0	-2182.24	0	-2108.68	0	-2217.72	0	-2368.09	0	-2139.34	0	-2255.26	0	-2023.2	0	-2285.19	0	-2250.77	0	-2269.28	0
-2347.74	0	-2243.86	0	-1979.95	0	-2257.37	0	-2187.34	0	-2365.71	0	-2384.62	0	-2174.71	0	-2091.13	0	-2261.67	0	-2064.07	0	-2303.12	0	-1930.85	0	-2449.21	0	-2200.84	0	-2192.28	0	-2108.68	0	-2342.62	0	-2368.09	0	-2139.34	0	-2255.26	0	-2023.2	0	-2285.19	0	-2211.09	0	-2407.93	0
-2347.74	0	-2243.86	0	-1979.95	0	-2257.37	0	-2187.34	0	-2365.71	0	-2384.62	0	-2192.69	0	-2091.13	0	-2276.9	0	-2064.07	0	-2303.12	0	-1930.85	0	-2403.26	0	-2200.84	0	-2192.28	0	-2108.68	0	-2342.62	0	-2451.3	0	-2225.25	0	-2255.26	0	-2023.2	0	-2285.19	0	-2211.09	0	-2369.65	0
-2347.74	0	-2243.86	0	-1979.95	0	-2257.37	0	-2187.34	0	-2365.71	0	-2392.86	0	-2192.69	0	-2300.12	0	-2276.9	0	-2190.13	0	-2303.12	0	-1930.85	0	-2403.26	0	-2200.84	0	-2270.44	0	-2108.68	0	-2444.03	0	-2380.5	0	-2233.36	0	-2280.84	0	-2023.2	0	-2285.19	0	-2307.98	0	-2369.65	0
-2347.74	0	-2243.86	0	-1979.95	0	-2451.06	0	-2187.34	0	-2365.71	0	-2339.36	0	-2192.69	0	-2324.46	0	-2276.9	0	-2190.13	0	-2303.12	0	-1930.85	0	-2403.26	0	-2287.51	0	-2270.44	0	-2108.68	0	-2332.55	0	-2380.5	0	-2262.4	0	-2358.87	0	-2023.2	0	-2285.19	0	-2367.53	0	-2369.65	0
-2347.74	0	-2243.86	0	-1979.95	0	-2388.16	0	-2187.34	0	-2365.71	0	-2339.36	0	-2347.37	0	-2343.8	0	-2276.9	0	-2190.13	0	-2303.12	0	-1930.85	0	-2422.74	0	-2287.51	0	-2270.44	0	-2108.68	0	-2462.11	0	-2380.5	0	-2262.4	0	-2305.18	0	-2023.2	0	-2397.34	0	-2367.53	0	-2369.65	0
-2348.42	0	-2405.58	0	-1979.95	0	-2388.16	0	-2187.34	0	-2365.71	0	-2339.36	0	-2347.37	0	-2343.8	0	-2276.9	0	-2190.13	0	-2303.12	0	-1930.85	0	-2422.74	0	-2359.74	0	-2270.44	0	-2108.68	0	-2437.77	0	-2380.5	0	-2262.4	0	-2305.18	0	-2023.2	0	-2397.34	0	-2367.53	0	-2369.65	0
-2348.42	0	-2405.58	0	-2386.91	0	-2388.16	0	-2187.34	0	-2365.71	0	-2392.67	0	-2347.37	0	-2343.8	0	-2360.02	0	-2190.13	0	-2303.12	0	-1930.85	0	-2422.74	0	-2359.74	0	-2270.44	0	-2108.68	0	-2415.58	0	-2482.15	0	-2262.4	0	-2305.18	0	-2023.2	0	-2397.34	0	-2367.53	0	-2369.65	0
-2348.42	0	-2405.58	0	-2386.91	0	-2388.16	0	-2187.34	0	-2404.08	0	-2392.67	0	-2347.37	0	-2343.8	0	-2360.02	0	-2190.13	0	-2303.12	0	-2340.32	0	-2422.74	0	-2315.94	0	-2416.05	0	-2108.68	0	-2415.58	0	-2482.15	0	-2262.4	0	-2305.18	0	-2278.19	0	-2397.34	0	-2367.53	0	-2412.15	0
-2348.42	0	-2376.45	0	-2368.27	0	-2467.28	0	-2187.34	0	-2429.15	0	-2392.67	0	-2391.8	0	-2357.8	0	-2360.02	0	-2190.13	0	-2303.12	0	-2340.32	0	-2422.74	0	-2363.18	0	-2416.05	0	-2108.68	0	-2415.58	0	-2509.4	0	-2262.4	0	-2305.18	0	-2278.19	0	-2397.34	0	-2367.53	0	-2425.59	0
-2348.42	0	-2376.45	0	-2368.27	0	-2467.28	0	-2187.34	0	-2429.15	0	-2392.67	0	-2319.08	0	-2357.8	0	-2360.02	0	-2190.13	0	-2303.12	0	-2374.51	0	-2489.58	0	-2363.18	0	-2445.58	0	-2108.68	0	-2415.58	0	-2507.5	0	-2262.4	0	-2398.85	0	-2329.21	0	-2397.34	0	-2408.06	0	-2474.53	0
-2348.42	0	-2399.15	0	-2368.27	0	-2467.28	0	-2187.34	0	-2429.15	0	-2468.58	0	-2370	0	-2415.16	0	-2360.02	0	-2190.13	0	-2303.12	0	-2374.51	0	-2489.58	0	-2373.83	0	-2445.58	0	-2108.68	0	-2415.58	0	-2507.5	0	-2262.4	0	-2398.85	0	-2329.21	0	-2397.34	0	-2379.1	0	-2474.53	0
-2348.42	0	-2399.15	0	-2381.34	0	-2467.28	0	-2187.34	0	-2429.15	0	-2468.58	0	-2370	0	-2450.25	0	-2440.84	0	-2190.13	0	-2303.12	0	-2374.51	0	-2489.58	0	-2367.94	0	-2445.58	0	-2108.68	0	-2415.58	0	-2507.5	0	-2434.18	0	-2398.85	0	-2329.21	0	-2397.34	0	-2379.1	0	-2474.53	0
-2471.78	0	-2399.15	0	-2381.34	0	-2467.28	0	-2187.34	0	-2429.15	0	-2468.58	0	-2370	0	-2450.25	0	-2440.84	0	-2413.96	0	-2303.12	0	-2374.51	0	-2489.58	0	-2367.94	0	-2445.58	0	-2422.75	0	-2415.58	0	-2507.5	0	-2427.8	0	-2398.85	0	-2329.21	0	-2397.34	0	-2379.1	0	-2474.53	0
-2431.57	0	-2399.15	0	-2381.34	0	-2467.28	0	-2187.34	0	-2429.15	0	-2468.58	0	-2492.29	0	-2450.25	0	-2440.84	0	-2413.96	0	-2303.12	0	-2374.51	0	-2489.58	0	-2363.89	0	-2445.58	0	-2475	0	-2415.58	0	-2507.5	0	-2427.8	0	-2398.85	0	-2329.21	0	-2397.34	0	-2379.1	0	-2474.53	0
-2433.11	0	-2470.14	0	-2381.34	0	-2467.28	0	-2187.34	0	-2429.15	0	-2468.58	0	-2492.29	0	-2434.94	0	-2440.84	0	-2413.96	0	-2303.12	0	-2374.51	0	-2489.58	0	-2363.89	0	-2445.58	0	-2475	0	-2415.58	0	-2507.5	0	-2427.8	0	-2445.05	0	-2329.21	0	-2397.34	0	-2379.1	0	-2524.58	0
-2433.11	0	-2470.14	0	-2381.34	0	-2545.27	0	-2187.34	0	-2429.15	0	-2468.58	0	-2492.29	0	-2482.6	0	-2440.84	0	-2413.96	0	-2303.12	0	-2374.51	0	-2556.79	0	-2363.89	0	-2445.58	0	-2475	0	-2553.64	0	-2507.5	0	-2427.8	0	-2552.96	0	-2329.21	0	-2397.34	0	-2379.1	0	-2507.98	0
-2544.71	0	-2470.14	0	-2381.34	0	-2545.27	0	-2187.34	0	-2429.15	0	-2468.58	0	-2492.29	0	-2482.6	0	-2453.59	0	-2413.96	0	-2303.12	0	-2374.51	0	-2556.79	0	-2363.89	0	-2445.58	0	-2475	0	-2506.38	0	-2507.5	0	-2427.8	0	-2495.85	0	-2329.21	0	-2397.34	0	-2379.1	0	-2511.53	0
-2544.71	0	-2470.14	0	-2381.34	0	-2545.27	0	-2495.04	0	-2429.15	0	-2468.58	0	-2492.29	0	-2482.6	0	-2453.59	0	-2413.96	0	-2303.12	0	-2374.51	0	-2556.79	0	-2490.94	0	-2445.58	0	-2475	0	-2506.38	0	-2507.5	0	-2427.8	0	-2524.74	0	-2329.21	0	-2397.34	0	-2492.31	0	-2538.07	0
-2523.18	0	-2513.78	0	-2381.34	0	-2545.27	0	-2495.04	0	-2429.15	0	-2468.58	0	-2492.29	0	-2482.6	0	-2466.2	0	-2548.37	0	-2505.18	0	-2374.51	0	-2556.79	0	-2490.94	0	-2445.58	0	-2475	0	-2506.38	0	-2507.5	0	-2427.8	0	-2496.98	0	-2329.21	0	-2397.34	0	-2520.61	0	-2538.07	0
-2523.18	0	-2513.78	0	-2381.34	0	-2545.27	0	-2495.04	0	-2429.15	0	-2468.58	0	-2492.29	0	-2482.6	0	-2466.2	0	-2536.18	0	-2505.18	0	-2374.51	0	-2556.79	0	-2490.94	0	-2445.58	0	-2475	0	-2506.38	0	-2507.5	0	-2427.8	0	-2496.98	0	-2329.21	0	-2397.34	0	-2527.29	0	-2549.97	0
-2523.18	0	-2513.78	0	-2381.34	0	-2545.27	0	-2495.04	0	-2561.06	0	-2468.58	0	-2492.29	0	-2482.6	0	-2466.2	0	-2536.18	0	-2505.18	0	-2374.51	0	-2556.79	0	-2490.94	0	-2519.34	0	-2475	0	-2506.38	0	-2507.5	0	-2427.8	0	-2496.98	0	-2329.21	0	-2566.74	0	-2530.21	0	-2549.97	0
-2512	0	-2513.78	0	-2381.34	0	-2545.27	0	-2495.04	0	-2561.06	0	-2468.58	0	-2492.29	0	-2482.6	0	-2512.31	0	-2549.83	0	-2505.18	0	-2374.51	0	-2582.57	0	-2503.23	0	-2519.34	0	-2475	0	-2506.38	0	-2507.5	0	-2427.8	0	-2496.98	0	-2329.21	0	-2566.74	0	-2530.21	0	-2549.97	0
-2512	0	-2513.78	0	-2503.28	0	-2585.54	0	-2536.59	0	-2561.06	0	-2468.58	0	-2492.29	0	-2482.6	0	-2512.31	0	-2549.83	0	-2550.79	0	-2374.51	0	-2582.57	0	-2502.76	0	-2519.34	0	-2473.39	0	-2552.59	0	-2507.5	0	-2427.8	0	-2557.19	0	-2329.21	0	-2566.74	0	-2530.21	0	-2568.97	0
-2512	0	-2513.78	0	-2503.28	0	-2585.54	0	-2536.59	0	-2550.54	0	-2468.58	0	-2492.29	0	-2482.6	0	-2512.31	0	-2549.83	0	-2550.79	0	-2374.51	0	-2601.58	0	-2502.76	0	-2519.34	0	-2473.39	0	-2552.59	0	-2507.5	0	-2427.8	0	-2557.19	0	-2477.04	0	-2566.74	0	-2530.21	0	-2568.97	0
-2512	0	-2513.78	0	-2503.28	0	-2585.54	0	-2536.59	0	-2550.54	0	-2468.58	0	-2492.29	0	-2482.6	0	-2555.55	0	-2549.83	0	-2550.79	0	-2374.51	0	-2601.58	0	-2502.76	0	-2519.34	0	-2473.39	0	-2552.59	0	-2507.5	0	-2427.8	0	-2557.19	0	-2477.04	0	-2566.74	0	-2522.94	0	-2568.97	0
-2545.43	0	-2513.78	0	-2503.28	0	-2585.54	0	-2536.59	0	-2550.54	0	-2468.58	0	-2492.29	0	-2482.6	0	-2555.55	0	-2574.36	0	-2550.79	0	-2374.51	0	-2601.58	0	-2502.76	0	-2519.34	0	-2473.39	0	-2552.59	0	-2507.5	0	-2427.8	0	-2557.19	0	-2537.96	0	-2566.74	0	-2522.94	0	-2610.62	0
-2540.17	0	-2513.78	0	-2503.28	0	-2585.54	0	-2536.59	0	-2550.54	0	-2616.08	0	-2492.29	0	-2482.6	0	-2555.55	0	-2574.36	0	-2550.79	0	-2374.51	0	-2601.58	0	-2502.76	0	-2519.34	0	-2473.39	0	-2552.59	0	-2507.5	0	-2427.8	0	-2557.19	0	-2533.16	0	-2566.74	0	-2522.94	0	-2606.44	0
-2540.17	0	-2513.78	0	-2503.28	0	-2585.54	0	-2536.59	0	-2550.54	0	-2616.08	0	-2492.29	0	-2482.6	0	-2555.55	0	-2574.36	0	-2550.79	0	-2374.51	0	-2595.59	0	-2502.76	0	-2519.34	0	-2473.39	0	-2586.06	0	-2507.5	0	-2427.8	0	-2557.19	0	-2550.38	0	-2575.9	0	-2522.94	0	-2615.27	0
-2540.17	0	-2513.78	0	-2503.28	0	-2585.54	0	-2536.59	0	-2550.54	0	-2616.08	0	-2492.29	0	-2482.6	0	-2555.55	0	-2574.36	0	-2550.79	0	-2374.51	0	-2595.59	0	-2502.76	0	-2519.34	0	-2473.39	0	-2586.65	0	-2507.5	0	-2427.8	0	-2557.19	0	-2550.38	0	-2575.9	0	-2522.94	0	-2615.27	0
-2540.17	0	-2513.78	0	-2563.45	0	-2585.54	0	-2548.58	0	-2550.54	0	-2616.08	0	-2492.29	0	-2482.6	0	-2555.55	0	-2574.36	0	-2550.79	0	-2374.51	0	-2638.35	0	-2502.76	0	-2519.34	0	-2473.39	0	-2575.46	0	-2659.42	0	-2427.8	0	-2557.19	0	-2550.33	0	-2575.9	0	-2522.94	0	-2639.46	0
-2554.33	0	-2513.78	0	-2563.45	0	-2585.54	0	-2548.58	0	-2550.54	0	-2616.08	0	-2585.1	0	-2482.6	0	-2555.55	0	-2574.36	0	-2550.79	0	-2374.51	0	-2638.35	0	-2502.76	0	-2519.34	0	-2473.39	0	-2587.39	0	-2659.42	0	-2427.8	0	-2623.98	0	-2550.33	0	-2575.9	0	-2575.99	0	-2639.46	0
-2542.63	0	-2597.28	0	-2581.35	0	-2624.55	0	-2548.58	0	-2550.54	0	-2616.08	0	-2585.1	0	-2482.6	0	-2555.55	0	-2574.36	0	-2550.79	0	-2374.51	0	-2638.35	0	-2502.76	0	-2519.34	0	-2473.39	0	-2587.39	0	-2659.42	0	-2427.8	0	-2623.98	0	-2550.33	0	-2575.9	0	-2575.99	0	-2639.46	0
-2542.63	0	-2597.28	0	-2581.35	0	-2624.55	0	-2548.58	0	-2550.54	0	-2654.47	0	-2585.1	0	-2482.6	0	-2555.55	0	-2574.36	0	-2550.79	0	-2374.51	0	-2639.05	0	-2502.76	0	-2519.34	0	-2473.39	0	-2587.39	0	-2675.22	0	-2427.8	0	-2617.71	0	-2550.33	0	-2575.9	0	-2575.99	0	-2639.46	0
-2542.63	0	-2597.28	0	-2590.79	0	-2624.55	0	-2548.58	0	-2550.54	0	-2633.61	0	-2585.1	0	-2482.6	0	-2610.65	0	-2574.36	0	-2550.79	0	-2374.51	0	-2639.05	0	-2572.88	0	-2519.34	0	-2473.39	0	-2587.39	0	-2675.22	0	-2427.8	0	-2625.8	0	-2550.33	0	-2575.9	0	-2575.99	0	-2634.28	0
-2542.63	0	-2597.28	0	-2590.79	0	-2647.35	0	-2548.58	0	-2550.54	0	-2633.61	0	-2585.1	0	-2482.6	0	-2610.65	0	-2574.36	0	-2550.79	0	-2374.51	0	-2639.05	0	-2572.88	0	-2519.34	0	-2473.39	0	-2587.39	0	-2658.06	0	-2427.8	0	-2638.89	0	-2580.34	0	-2611.21	0	-2575.99	0	-2634.28	0
-2542.63	0	-2597.28	0	-2590.79	0	-2647.35	0	-2548.58	0	-2550.54	0	-2633.61	0	-2585.1	0	-2585.09	0	-2606.32	0	-2574.36	0	-2602.76	0	-2374.51	0	-2633.21	0	-2572.88	0	-2519.34	0	-2473.39	0	-2603.84	0	-2658.06	0	-2427.8	0	-2608.15	0	-2580.34	0	-2609.33	0	-2575.99	0	-2634.28	0
-2542.63	0	-2594.45	0	-2590.79	0	-2647.35	0	-2548.58	0	-2550.54	0	-2633.61	0	-2585.1	0	-2584.3	0	-2586.65	0	-2574.36	0	-2602.76	0	-2374.51	0	-2633.21	0	-2572.88	0	-2519.34	0	-2473.39	0	-2603.84	0	-2705.98	0	-2555.6	0	-2608.15	0	-2580.34	0	-2609.33	0	-2575.99	0	-2637.34	0
-2542.63	0	-2594.45	0	-2590.79	0	-2647.35	0	-2548.58	0	-2550.54	0	-2633.61	0	-2585.1	0	-2565	0	-2586.65	0	-2574.36	0	-2606.16	0	-2374.51	0	-2633.21	0	-2591.01	0	-2519.34	0	-2473.39	0	-2603.84	0	-2705.98	0	-2555.6	0	-2608.15	0	-2580.34	0	-2609.33	0	-2575.99	0	-2652.13	0
-2542.63	0	-2594.45	0	-2590.79	0	-2647.35	0	-2548.58	0	-2550.54	0	-2633.61	0	-2585.1	0	-2565	0	-2586.65	0	-2642.25	0	-2606.16	0	-2374.51	0	-2633.21	0	-2591.01	0	-2519.34	0	-2473.39	0	-2625.81	0	-2686.3	0	-2555.6	0	-2608.15	0	-2569.79	0	-2609.33	0	-2575.99	0	-2663.13	0
-2542.63	0	-2594.45	0	-2590.79	0	-2647.35	0	-2548.58	0	-2550.54	0	-2633.61	0	-2585.1	0	-2565	0	-2586.65	0	-2642.25	0	-2606.16	0	-2374.51	0	-2636.47	0	-2591.01	0	-2519.34	0	-2473.39	0	-2625.81	0	-2685.62	0	-2555.6	0	-2640.17	0	-2569.79	0	-2609.33	0	-2575.99	0	-2663.13	0
-2542.63	0	-2594.45	0	-2590.79	0	-2647.35	0	-2548.58	0	-2550.54	0	-2633.61	0	-2585.1	0	-2565	0	-2586.65	0	-2669.09	0	-2630.14	0	-2374.51	0	-2631.88	0	-2585.79	0	-2519.34	0	-2473.39	0	-2625.81	0	-2685.62	0	-2555.6	0	-2640.17	0	-2569.79	0	-2609.33	0	-2575.99	0	-2663.13	0
-2542.63	0	-2594.45	0	-2590.79	0	-2647.35	0	-2548.58	0	-2550.54	0	-2633.61	0	-2585.1	0	-2565	0	-2586.65	0	-2669.09	0	-2630.14	0	-2374.51	0	-2631.88	0	-2621.58	0	-2519.34	0	-2473.39	0	-2625.81	0	-2685.62	0	-2594.7	0	-2640.17	0	-2617.57	0	-2613.22	0	-2657.6	0	-2663.13	0
-2542.63	0	-2636.02	0	-2590.79	0	-2647.35	0	-2548.58	0	-2550.54	0	-2633.61	0	-2585.1	0	-2565	0	-2586.65	0	-2669.09	0	-2630.14	0	-2374.51	0	-2631.88	0	-2621.58	0	-2519.34	0	-2473.39	0	-2625.81	0	-2685.62	0	-2594.7	0	-2648.88	0	-2617.57	0	-2613.22	0	-2657.6	0	-2672.91	0
-2542.63	0	-2636.02	0	-2590.79	0	-2647.35	0	-2621.78	0	-2550.54	0	-2633.61	0	-2585.1	0	-2565	0	-2586.65	0	-2669.09	0	-2630.14	0	-2374.51	0	-2631.88	0	-2621.58	0	-2519.34	0	-2473.39	0	-2625.81	0	-2685.62	0	-2594.7	0	-2655.01	0	-2617.57	0	-2613.22	0	-2657.6	0	-2672.91	0
-2542.63	0	-2631.15	0	-2590.79	0	-2684.9	0	-2621.78	0	-2550.54	0	-2700.24	0	-2585.1	0	-2565	0	-2597.86	0	-2669.09	0	-2616.1	0	-2374.51	0	-2631.88	0	-2621.58	0	-2519.34	0	-2473.39	0	-2625.81	0	-2693.08	0	-2594.7	0	-2655.01	0	-2617.57	0	-2613.22	0	-2677.75	0	-2673.17	0
-2542.63	0	-2631.15	0	-2590.79	0	-2684.9	0	-2621.78	0	-2550.54	0	-2720.41	0	-2654.16	0	-2565	0	-2597.86	0	-2669.09	0	-2639.3	0	-2374.51	0	-2657.74	0	-2621.58	0	-2519.34	0	-2473.39	0	-2625.81	0	-2693.08	0	-2594.7	0	-2668.46	0	-2617.57	0	-2613.22	0	-2677.75	0	-2673.17	0
-2542.63	0	-2631.15	0	-2590.79	0	-2687.69	0	-2621.78	0	-2550.54	0	-2706.52	0	-2655.05	0	-2565	0	-2597.86	0	-2672.35	0	-2639.3	0	-2374.51	0	-2657.74	0	-2621.58	0	-2519.34	0	-2473.39	0	-2643.34	0	-2712.2	0	-2594.7	0	-2658.45	0	-2617.57	0	-2613.22	0	-2677.75	0	-2673.17	0
-2542.63	0	-2637.13	0	-2590.79	0	-2687.69	0	-2621.78	0	-2550.54	0	-2706.52	0	-2655.05	0	-2565	0	-2597.1	0	-2684.47	0	-2639.3	0	-2374.51	0	-2657.74	0	-2621.58	0	-2519.34	0	-2473.39	0	-2643.34	0	-2712.2	0	-2594.7	0	-2658.45	0	-2617.57	0	-2613.22	0	-2677.75	0	-2673.17	0
-2542.63	0	-2637.13	0	-2590.79	0	-2687.69	0	-2621.78	0	-2550.54	0	-2700.03	0	-2650.52	0	-2565	0	-2597.1	0	-2684.47	0	-2639.3	0	-2374.51	0	-2657.74	0	-2621.58	0	-2519.34	0	-2473.39	0	-2643.34	0	-2712.2	0	-2594.7	0	-2658.45	0	-2617.57	0	-2613.22	0	-2677.75	0	-2676.16	0
-2542.63	0	-2637.13	0	-2590.79	0	-2680.51	0	-2621.78	0	-2550.54	0	-2700.03	0	-2650.52	0	-2565	0	-2597.1	0	-2674.93	0	-2639.3	0	-2374.51	0	-2657.74	0	-2617.46	0	-2519.34	0	-2473.39	0	-2643.34	0	-2712.2	0	-2594.7	0	-2658.45	0	-2607.15	0	-2613.22	0	-2677.75	0	-2688.07	0
-2542.63	0	-2642.73	0	-2590.79	0	-2680.51	0	-2621.78	0	-2550.54	0	-2708.08	0	-2650.52	0	-2565	0	-2597.1	0	-2674.93	0	-2639.3	0	-2374.51	0	-2657.74	0	-2617.46	0	-2519.34	0	-2473.39	0	-2643.34	0	-2712.2	0	-2594.7	0	-2662.34	0	-2607.15	0	-2613.22	0	-2677.75	0	-2688.07	0
-2542.63	0	-2642.73	0	-2590.79	0	-2680.51	0	-2634.44	0	-2550.54	0	-2708.08	0	-2650.52	0	-2565	0	-2597.1	0	-2687.44	0	-2639.3	0	-2374.51	0	-2657.74	0	-2617.46	0	-2519.34	0	-2473.39	0	-2643.34	0	-2715.71	0	-2594.7	0	-2662.34	0	-2607.15	0	-2613.22	0	-2677.75	0	-2692.36	0
-2542.63	0	-2642.73	0	-2590.79	0	-2680.51	0	-2634.44	0	-2550.54	0	-2708.08	0	-2650.52	0	-2565	0	-2648.4	0	-2687.44	0	-2639.3	0	-2374.51	0	-2673.93	0	-2630.42	0	-2519.34	0	-2473.39	0	-2643.34	0	-2715.71	0	-2594.7	0	-2678.22	0	-2607.15	0	-2613.22	0	-2677.75	0	-2692.36	0
-2542.63	0	-2642.73	0	-2590.79	0	-2680.51	0	-2634.44	0	-2550.54	0	-2708.08	0	-2650.52	0	-2565	0	-2648.4	0	-2687.44	0	-2639.3	0	-2374.51	0	-2669.2	0	-2630.42	0	-2519.34	0	-2473.39	0	-2643.34	0	-2715.71	0	-2594.7	0	-2694.15	0	-2607.15	0	-2613.22	0	-2677.75	0	-2691.6	0
-2542.63	0	-2642.73	0	-2590.79	0	-2680.51	0	-2634.44	0	-2550.54	0	-2708.08	0	-2650.52	0	-2565	0	-2648.4	0	-2687.44	0	-2639.3	0	-2374.51	0	-2669.2	0	-2645.7	0	-2519.34	0	-2473.39	0	-2643.34	0	-2721.63	0	-2594.7	0	-2694.15	0	-2640.09	0	-2613.22	0	-2677.75	0	-2691.6	0
-2542.63	0	-2650.06	0	-2590.79	0	-2680.51	0	-2634.44	0	-2550.54	0	-2712.66	0	-2650.52	0	-2565	0	-2648.4	0	-2696.41	0	-2639.3	0	-2374.51	0	-2669.2	0	-2645.7	0	-2519.34	0	-2473.39	0	-2643.34	0	-2721.63	0	-2594.7	0	-2694.15	0	-2640.09	0	-2613.22	0	-2677.75	0	-2691.6	0
-2542.63	0	-2650.06	0	-2590.79	0	-2680.51	0	-2634.44	0	-2550.54	0	-2712.66	0	-2650.52	0	-2565	0	-2637.04	0	-2676.91	0	-2639.3	0	-2637.74	0	-2669.2	0	-2645.7	0	-2519.34	0	-2473.39	0	-2653.96	0	-2721.63	0	-2594.7	0	-2679.52	0	-2640.09	0	-2613.22	0	-2677.75	0	-2691.6	0
-2542.63	0	-2650.06	0	-2590.79	0	-2680.51	0	-2634.44	0	-2550.54	0	-2712.66	0	-2650.52	0	-2565	0	-2650.07	0	-2676.91	0	-2639.3	0	-2637.74	0	-2669.2	0	-2645.7	0	-2652.62	0	-2473.39	0	-2661.5	0	-2721.63	0	-2624.79	0	-2679.52	0	-2640.09	0	-2613.22	0	-2677.75	0	-2691.6	0
-2542.63	0	-2650.06	0	-2590.79	0	-2680.51	0	-2634.44	0	-2550.54	0	-2712.66	0	-2650.52	0	-2565	0	-2650.07	0	-2676.91	0	-2666.12	0	-2637.74	0	-2669.2	0	-2645.7	0	-2652.62	0	-2473.39	0	-2661.5	0	-2721.63	0	-2624.79	0	-2679.52	0	-2640.09	0	-2613.22	0	-2677.75	0	-2691.6	0
-2542.63	0	-2650.06	0	-2590.79	0	-2702.58	0	-2634.44	0	-2550.54	0	-2712.66	0	-2650.52	0	-2565	0	-2650.07	0	-2701.27	0	-2658.61	0	-2637.74	0	-2669.2	0	-2645.7	0	-2652.62	0	-2473.39	0	-2661.5	0	-2721.63	0	-2624.79	0	-2679.52	0	-2640.09	0	-2613.22	0	-2677.75	0	-2691.6	0
-2542.63	0	-2650.06	0	-2590.79	0	-2702.58	0	-2634.44	0	-2550.54	0	-2712.66	0	-2650.52	0	-2565	0	-2638.4	0	-2701.27	0	-2658.61	0	-2637.74	0	-2669.2	0	-2645.7	0	-2652.62	0	-2473.39	0	-2664.32	0	-2721.63	0	-2624.79	0	-2699.77	0	-2640.09	0	-2613.22	0	-2677.75	0	-2691.6	0
-2542.63	0	-2650.06	0	-2660.12	0	-2702.58	0	-2659.46	0	-2550.54	0	-2712.66	0	-2650.52	0	-2565	0	-2638.4	0	-2701.27	0	-2658.61	0	-2637.74	0	-2669.2	0	-2645.7	0	-2652.62	0	-2473.39	0	-2664.32	0	-2721.63	0	-2624.79	0	-2699.77	0	-2636.53	0	-2613.22	0	-2707.93	0	-2691.6	0
-2542.63	0	-2650.06	0	-2661.4	0	-2702.58	0	-2646.77	0	-2550.54	0	-2712.66	0	-2650.52	0	-2565	0	-2640.62	0	-2698.23	0	-2660.3	0	-2637.74	0	-2669.2	0	-2645.7	0	-2652.62	0	-2473.39	0	-2664.32	0	-2728.6	0	-2624.79	0	-2699.77	0	-2636.53	0	-2613.22	0	-2699.35	0	-2691.6	0
-2542.63	0	-2650.06	0	-2661.4	0	-2711.35	0	-2646.77	0	-2550.54	0	-2714.33	0	-2650.52	0	-2565	0	-2639.43	0	-2698.23	0	-2660.3	0	-2637.74	0	-2684.07	0	-2645.7	0	-2652.62	0	-2473.39	0	-2664.32	0	-2728.6	0	-2624.79	0	-2703.36	0	-2636.53	0	-2613.22	0	-2699.35	0	-2691.6	0
-2542.63	0	-2650.06	0	-2661.4	0	-2706.9	0	-2646.77	0	-2550.54	0	-2714.33	0	-2650.52	0	-2565	0	-2639.43	0	-2710.47	0	-2667.26	0	-2637.74	0	-2684.07	0	-2648.44	0	-2652.62	0	-2473.39	0	-2664.32	0	-2728.6	0	-2624.79	0	-2703.36	0	-2642.14	0	-2613.22	0	-2699.35	0	-2691.6	0
-2542.63	0	-2650.06	0	-2661.4	0	-2711.33	0	-2646.77	0	-2550.54	0	-2714.33	0	-2650.52	0	-2565	0	-2639.43	0	-2710.47	0	-2667.26	0	-2637.74	0	-2684.07	0	-2652.21	0	-2656.15	0	-2473.39	0	-2664.32	0	-2728.6	0	-2624.79	0	-2705.16	0	-2642.78	0	-2613.22	0	-2699.35	0	-2691.6	0
-2542.63	0	-2663.26	0	-2661.4	0	-2711.33	0	-2653.25	0	-2550.54	0	-2714.33	0	-2650.52	0	-2565	0	-2639.43	0	-2710.47	0	-2665.01	0	-2637.74	0	-2684.07	0	-2652.21	0	-2656.15	0	-2473.39	0	-2664.32	0	-2728.6	0	-2624.79	0	-2702.58	0	-2642.78	0	-2613.22	0	-2699.35	0	-2691.6	0
-2542.63	0	-2663.26	0	-2661.4	0	-2711.25	0	-2653.25	0	-2550.54	0	-2724.63	0	-2650.52	0	-2565	0	-2658.09	0	-2710.47	0	-2665.01	0	-2637.74	0	-2684.07	0	-2652.21	0	-2656.15	0	-2473.39	0	-2664.32	0	-2728.6	0	-2624.79	0	-2702.58	0	-2642.78	0	-2613.22	0	-2699.35	0	-2705.38	0
-2542.63	0	-2663.26	0	-2661.4	0	-2711.25	0	-2653.25	0	-2550.54	0	-2724.63	0	-2650.52	0	-2565	0	-2658.09	0	-2710.47	0	-2665.01	0	-2637.74	0	-2684.07	0	-2652.21	0	-2656.15	0	-2473.39	0	-2664.32	0	-2728.6	0	-2624.79	0	-2702.58	0	-2642.78	0	-2613.22	0	-2699.35	0	-2705.38	0
-2542.63	0	-2663.26	0	-2661.4	0	-2711.25	0	-2653.25	0	-2550.54	0	-2715.3	0	-2650.52	0	-2565	0	-2658.09	0	-2710.47	0	-2665.01	0	-2637.74	0	-2684.07	0	-2652.21	0	-2656.15	0	-2473.39	0	-2664.32	0	-2732.46	0	-2624.79	0	-2702.58	0	-2642.78	0	-2613.22	0	-2699.35	0	-2705.38	0
-2542.63	0	-2663.26	0	-2661.4	0	-2711.25	0	-2653.25	0	-2550.54	0	-2723.2	0	-2650.52	0	-2565	0	-2644.23	0	-2704.67	0	-2665.01	0	-2637.74	0	-2684.07	0	-2642.44	0	-2656.15	0	-2473.39	0	-2664.32	0	-2738.99	0	-2624.79	0	-2702.58	0	-2642.78	0	-2613.22	0	-2699.35	0	-2705.38	0
-2542.63	0	-2663.26	0	-2661.4	0	-2717.05	0	-2659.03	0	-2550.54	0	-2723.2	0	-2650.52	0	-2565	0	-2644.23	0	-2704.67	0	-2665.01	0	-2637.74	0	-2684.07	0	-2642.44	0	-2656.15	0	-2473.39	0	-2679.23	0	-2738.99	0	-2624.79	0	-2702.58	0	-2642.78	0	-2613.22	0	-2699.35	0	-2704.61	0
-2542.63	0	-2663.26	0	-2661.4	0	-2717.05	0	-2659.51	0	-2550.54	0	-2715.72	0	-2650.52	0	-2565	0	-2644.23	0	-2716.02	0	-2665.01	0	-2637.74	0	-2684.07	0	-2642.44	0	-2656.15	0	-2473.39	0	-2679.23	0	-2738.55	0	-2624.79	0	-2702.58	0	-2642.78	0	-2613.22	0	-2699.35	0	-2704.61	0
-2542.63	0	-2663.26	0	-2661.4	0	-2717.05	0	-2659.51	0	-2668.65	0	-2715.72	0	-2650.52	0	-2565	0	-2644.23	0	-2710.1	0	-2665.01	0	-2637.74	0	-2684.07	0	-2642.44	0	-2656.15	0	-2473.39	0	-2676.74	0	-2737.46	0	-2624.79	0	-2702.58	0	-2642.78	0	-2613.22	0	-2699.35	0	-2704.61	0
-2542.63	0	-2663.26	0	-2661.4	0	-2720.23	0	-2659.51	0	-2668.65	0	-2723.23	0	-2650.52	0	-2565	0	-2644.23	0	-2710.1	0	-2665.01	0	-2637.74	0	-2684.07	0	-2642.44	0	-2656.15	0	-2473.39	0	-2676.74	0	-2740.37	0	-2624.79	0	-2702.58	0	-2642.78	0	-2613.22	0	-2699.35	0	-2714.8	0
-2542.63	0	-2663.26	0	-2661.4	0	-2720.23	0	-2659.51	0	-2668.65	0	-2723.23	0	-2650.52	0	-2565	0	-2644.23	0	-2710.1	0	-2665.01	0	-2637.74	0	-2684.07	0	-2642.44	0	-2666.63	0	-2473.39	0	-2676.74	0	-2740.37	0	-2624.79	0	-2702.58	0	-2642.78	0	-2613.22	0	-2699.35	0	-2714.8	0
-2542.63	0	-2663.26	0	-2661.4	0	-2718.13	0	-2655.83	0	-2668.65	0	-2721.64	0	-2650.52	0	-2565	0	-2644.23	0	-2715.84	0	-2665.01	0	-2637.74	0	-2684.07	0	-2642.44	0	-2666.63	0	-2473.39	0	-2679.23	0	-2740.37	0	-2624.79	0	-2712.29	0	-2642.78	0	-2613.22	0	-2699.35	0	-2715.88	0
-2542.63	0	-2668.83	0	-2661.4	0	-2718.13	0	-2655.83	0	-2668.65	0	-2721.64	0	-2650.52	0	-2565	0	-2644.23	0	-2705.3	0	-2665.01	0	-2637.74	0	-2684.07	0	-2642.44	0	-2666.63	0	-2473.39	0	-2679.23	0	-2740.37	0	-2624.79	0	-2712.29	0	-2655.13	0	-2613.22	0	-2699.35	0	-2715.88	0
-2542.63	0	-2668.83	0	-2661.4	0	-2718.13	0	-2655.83	0	-2668.65	0	-2721.64	0	-2650.52	0	-2565	0	-2644.23	0	-2705.3	0	-2665.01	0	-2637.74	0	-2684.07	0	-2642.44	0	-2666.63	0	-2473.39	0	-2674.81	0	-2739.58	0	-2624.79	0	-2712.29	0	-2655.13	0	-2613.22	0	-2699.35	0	-2715.88	0
-2542.63	0	-2669.15	0	-2661.4	0	-2718.13	0	-2655.83	0	-2668.65	0	-2721.64	0	-2650.52	0	-2565	0	-2644.23	0	-2705.3	0	-2665.01	0	-2637.74	0	-2684.07	0	-2642.44	0	-2666.63	0	-2473.39	0	-2674.81	0	-2738.7	0	-2624.79	0	-2707.22	0	-2653.59	0	-2613.22	0	-2699.35	0	-2715.88	0
-2542.63	0	-2669.15	0	-2661.4	0	-2718.13	0	-2655.83	0	-2668.65	0	-2721.64	0	-2650.52	0	-2565	0	-2644.23	0	-2711.71	0	-2665.01	0	-2649.18	0	-2684.07	0	-2642.44	0	-2666.63	0	-2473.39	0	-2674.81	0	-2738.7	0	-2624.79	0	-2707.22	0	-2653.59	0	-2613.22	0	-2699.35	0	-2715.88	0
-2542.63	0	-2669.15	0	-2661.4	0	-2718.13	0	-2655.83	0	-2668.65	0	-2721.64	0	-2650.52	0	-2565	0	-2644.23	0	-2711.71	0	-2673.33	0	-2649.18	0	-2684.07	0	-2642.44	0	-2666.63	0	-2473.39	0	-2674.81	0	-2738.17	0	-2624.79	0	-2707.22	0	-2653.59	0	-2613.22	0	-2713.4	0	-2715.88	0
-2542.63	0	-2669.15	0	-2661.4	0	-2718.13	0	-2655.83	0	-2668.65	0	-2721.64	0	-2650.52	0	-2565	0	-2644.23	0	-2711.71	0	-2673.33	0	-2647.63	0	-2684.07	0	-2642.44	0	-2666.63	0	-2473.39	0	-2674.81	0	-2738.17	0	-2624.79	0	-2707.22	0	-2653.59	0	-2613.22	0	-2714.38	0	-2715.88	0
-2666.49	0	-2669.15	0	-2661.4	0	-2719.34	0	-2655.83	0	-2668.65	0	-2721.64	0	-2650.52	0	-2565	0	-2644.23	0	-2711.71	0	-2677.95	0	-2647.63	0	-2684.07	0	-2642.44	0	-2666.63	0	-2473.39	0	-2674.81	0	-2738.17	0	-2624.79	0	-2707.22	0	-2653.59	0	-2613.22	0	-2714.38	0	-2715.88	0
-2666.49	0	-2669.15	0	-2661.4	0	-2716.9	0	-2655.83	0	-2668.65	0	-2721.64	0	-2650.52	0	-2565	0	-2644.23	0	-2711.71	0	-2672.99	0	-2647.63	0	-2684.07	0	-2642.44	0	-2666.63	0	-2473.39	0	-2674.81	0	-2738.17	0	-2624.79	0	-2707.22	0	-2653.59	0	-2613.22	0	-2709.07	0	-2715.88	0
-2666.49	0	-2669.15	0	-2678.03	0	-2716.9	0	-2655.83	0	-2668.65	0	-2721.64	0	-2650.52	0	-2565	0	-2644.23	0	-2711.71	0	-2672.99	0	-2647.63	0	-2684.07	0	-2642.44	0	-2665.3	0	-2473.39	0	-2674.81	0	-2738.17	0	-2624.79	0	-2707.22	0	-2653.59	0	-2613.22	0	-2709.07	0	-2715.88	0
-2666.49	0	-2669.15	0	-2678.03	0	-2716.9	0	-2655.83	0	-2668.65	0	-2721.64	0	-2650.52	0	-2565	0	-2644.23	0	-2711.71	0	-2672.99	0	-2647.63	0	-2684.07	0	-2642.44	0	-2665.3	0	-2473.39	0	-2674.81	0	-2738.17	0	-2624.79	0	-2707.22	0	-2653.59	0	-2613.22	0	-2709.07	0	-2715.88	0
-2666.49	0	-2671.09	0	-2678.03	0	-2716.9	0	-2655.83	0	-2668.65	0	-2721.64	0	-2650.52	0	-2565	0	-2666.82	0	-2711.71	0	-2672.99	0	-2647.63	0	-2684.07	0	-2642.44	0	-2665.3	0	-2473.39	0	-2674.81	0	-2738.17	0	-2624.79	0	-2707.22	0	-2653.59	0	-2613.22	0	-2709.07	0	-2715.88	0
-2666.49	0	-2670.09	0	-2678.03	0	-2716.9	0	-2655.83	0	-2668.65	0	-2721.64	0	-2650.52	0	-2565	0	-2666.22	0	-2711.71	0	-2672.99	0	-2647.63	0	-2684.07	0	-2642.44	0	-2665.3	0	-2473.39	0	-2674.81	0	-2738.17	0	-2624.79	0	-2707.22	0	-2653.59	0	-2613.22	0	-2709.07	0	-2715.88	0
-2669.39	0	-2670.09	0	-2682.07	0	-2716.9	0	-2655.83	0	-2668.65	0	-2721.64	0	-2650.52	0	-2565	0	-2666.22	0	-2711.71	0	-2672.99	0	-2647.63	0	-2684.07	0	-2642.44	0	-2665.3	0	-2473.39	0	-2674.81	0	-2737.12	0	-2624.79	0	-2723.21	0	-2653.59	0	-2613.22	0	-2709.07	0	-2722.77	0
-2669.39	0	-2670.09	0	-2679.85	0	-2716.9	0	-2655.83	0	-2675.2	0	-2727.72	0	-2650.52	0	-2565	0	-2666.22	0	-2711.71	0	-2672.99	0	-2647.63	0	-2684.07	0	-2642.44	0	-2665.3	0	-2473.39	0	-2674.81	0	-2737.12	0	-2624.79	0	-2723.21	0	-2653.59	0	-2613.22	0	-2709.07	0	-2722.77	0
-2669.39	0	-2670.09	0	-2679.85	0	-2716.9	0	-2655.83	0	-2675.2	0	-2727.72	0	-2650.52	0	-2565	0	-2666.22	0	-2711.71	0	-2672.99	0	-2647.63	0	-2684.07	0	-2642.44	0	-2665.3	0	-2473.39	0	-2674.81	0	-2737.12	0	-2624.79	0	-2723.21	0	-2653.59	0	-2613.22	0	-2709.07	0	-2722.77	0
-2669.39	0	-2670.09	0	-2679.36	0	-2716.9	0	-2655.83	0	-2675.2	0	-2720.48	0	-2650.52	0	-2565	0	-2666.22	0	-2711.71	0	-2669.08	0	-2647.63	0	-2684.07	0	-2642.44	0	-2665.3	0	-2473.39	0	-2674.81	0	-2737.12	0	-2624.79	0	-2723.21	0	-2653.59	0	-2613.22	0	-2709.07	0	-2719.46	0
-2669.39	0	-2670.09	0	-2679.36	0	-2716.9	0	-2655.83	0	-2675.2	0	-2720.48	0	-2650.52	0	-2565	0	-2664.18	0	-2711.71	0	-2669.08	0	-2647.63	0	-2684.07	0	-2642.44	0	-2667.2	0	-2473.39	0	-2674.81	0	-2737.12	0	-2624.79	0	-2719.54	0	-2662.89	0	-2613.22	0	-2709.07	0	-2719.46	0
-2669.39	0	-2693.89	0	-2679.36	0	-2716.9	0	-2655.83	0	-2675.2	0	-2720.48	0	-2650.52	0	-2565	0	-2664.18	0	-2711.71	0	-2669.08	0	-2647.63	0	-2684.07	0	-2642.44	0	-2667.2	0	-2473.39	0	-2684.45	0	-2737.12	0	-2624.79	0	-2719.54	0	-2662.89	0	-2675.93	0	-2709.07	0	-2719.46	0
-2669.39	0	-2693.89	0	-2679.36	0	-2716.9	0	-2655.83	0	-2675.2	0	-2720.48	0	-2650.52	0	-2675.39	0	-2664.18	0	-2711.71	0	-2669.08	0	-2647.63	0	-2684.07	0	-2642.44	0	-2672.03	0	-2473.39	0	-2682.31	0	-2737.12	0	-2655.56	0	-2719.54	0	-2662.89	0	-2675.93	0	-2709.07	0	-2719.46	0
-2670.89	0	-2693.89	0	-2679.36	0	-2716.9	0	-2666.39	0	-2677.69	0	-2720.48	0	-2691.48	0	-2675.39	0	-2660.85	0	-2711.71	0	-2669.08	0	-2647.63	0	-2692.7	0	-2656.69	0	-2672.03	0	-2473.39	0	-2682.31	0	-2737.12	0	-2655.56	0	-2719.54	0	-2659.5	0	-2675.93	0	-2709.07	0	-2719.46	0
-2670.89	0	-2693.89	0	-2679.36	0	-2716.9	0	-2666.39	0	-2677.69	0	-2720.48	0	-2691.48	0	-2675.39	0	-2660.85	0	-2711.71	0	-2669.08	0	-2647.63	0	-2692.7	0	-2656.69	0	-2672.03	0	-2473.39	0	-2682.75	0	-2744.31	0	-2655.56	0	-2719.54	0	-2659.5	0	-2675.93	0	-2709.07	0	-2719.46	0
-2671.24	0	-2693.89	0	-2679.36	0	-2716.9	0	-2666.39	0	-2677.69	0	-2720.48	0	-2691.48	0	-2675.39	0	-2660.85	0	-2711.71	0	-2669.08	0	-2647.63	0	-2692.7	0	-2656.69	0	-2672.03	0	-2473.39	0	-2682.75	0	-2740.33	0	-2655.56	0	-2719.54	0	-2661.84	0	-2675.93	0	-2709.07	0	-2719.46	0
-2671.24	0	-2693.89	0	-2679.36	0	-2716.9	0	-2666.39	0	-2677.69	0	-2731.95	0	-2691.48	0	-2675.39	0	-2660.85	0	-2711.71	0	-2669.08	0	-2647.63	0	-2692.7	0	-2656.69	0	-2666.94	0	-2473.39	0	-2686.42	0	-2740.33	0	-2655.56	0	-2719.54	0	-2661.84	0	-2675.93	0	-2709.07	0	-2719.46	0
-2671.24	0	-2693.89	0	-2679.36	0	-2716.9	0	-2666.39	0	-2677.69	0	-2731.95	0	-2691.48	0	-2675.39	0	-2665.92	0	-2711.71	0	-2669.08	0	-2647.63	0	-2692.7	0	-2656.69	0	-2666.94	0	-2473.39	0	-2686.42	0	-2740.33	0	-2655.56	0	-2719.54	0	-2661.84	0	-2675.93	0	-2709.07	0	-2719.46	0
-2671.24	0	-2693.89	0	-2679.36	0	-2721.58	0	-2666.39	0	-2677.85	0	-2738.78	0	-2691.48	0	-2675.39	0	-2665.92	0	-2711.71	0	-2669.08	0	-2647.63	0	-2692.7	0	-2656.69	0	-2671.2	0	-2473.39	0	-2690.04	0	-2740.33	0	-2654.02	0	-2719.54	0	-2661.84	0	-2675.93	0	-2709.07	0	-2726.39	0
-2671.24	0	-2693.89	0	-2679.36	0	-2721.58	0	-2666.39	0	-2677.85	0	-2738.78	0	-2690.83	0	-2675.39	0	-2665.92	0	-2711.71	0	-2669.08	0	-2647.63	0	-2692.7	0	-2656.69	0	-2671.2	0	-2473.39	0	-2678.7	0	-2740.33	0	-2654.02	0	-2720.32	0	-2661.84	0	-2675.93	0	-2709.07	0	-2726.39	0
-2671.24	0	-2676.51	0	-2679.36	0	-2721.58	0	-2666.39	0	-2677.85	0	-2738.78	0	-2690.83	0	-2675.39	0	-2665.92	0	-2711.71	0	-2669.08	0	-2647.63	0	-2692.7	0	-2656.69	0	-2671.2	0	-2473.39	0	-2678.7	0	-2740.33	0	-2654.02	0	-2720.32	0	-2661.84	0	-2675.93	0	-2709.07	0	-2719.69	0
-2667.05	0	-2676.51	0	-2679.36	0	-2724.17	0	-2669.32	0	-2677.85	0	-2738.78	0	-2690.83	0	-2675.39	0	-2663.19	0	-2711.71	0	-2669.08	0	-2647.63	0	-2692.7	0	-2656.69	0	-2671.2	0	-2473.39	0	-2678.7	0	-2743.57	0	-2654.02	0	-2720.32	0	-2661.84	0	-2675.93	0	-2709.07	0	-2719.69	0
-2667.05	0	-2676.51	0	-2679.36	0	-2724.17	0	-2669.32	0	-2677.85	0	-2738.78	0	-2690.83	0	-2681.25	0	-2663.19	0	-2711.71	0	-2669.08	0	-2647.63	0	-2692.7	0	-2656.69	0	-2671.2	0	-2473.39	0	-2678.7	0	-2739.62	0	-2654.02	0	-2713.7	0	-2661.84	0	-2675.93	0	-2709.07	0	-2719.69	0
-2667.05	0	-2672.77	0	-2683.72	0	-2724.17	0	-2666.74	0	-2677.85	0	-2734.16	0	-2690.83	0	-2681.25	0	-2663.19	0	-2711.71	0	-2669.08	0	-2647.63	0	-2692.7	0	-2656.69	0	-2671.2	0	-2473.39	0	-2678.7	0	-2739.62	0	-2654.02	0	-2713.7	0	-2661.84	0	-2675.93	0	-2709.07	0	-2719.69	0
-2667.05	0	-2669.34	0	-2683.72	0	-2724.17	0	-2666.74	0	-2677.85	0	-2734.16	0	-2690.83	0	-2675.17	0	-2663.19	0	-2721.57	0	-2669.08	0	-2647.63	0	-2692.7	0	-2656.69	0	-2667.32	0	-2473.39	0	-2678.7	0	-2739.62	0	-2654.02	0	-2713.7	0	-2661.84	0	-2675.93	0	-2709.07	0	-2719.69	0
-2667.05	0	-2669.34	0	-2683.72	0	-2724.17	0	-2666.74	0	-2675.38	0	-2734.16	0	-2690.83	0	-2675.17	0	-2666.85	0	-2719.09	0	-2669.08	0	-2647.63	0	-2692.7	0	-2656.51	0	-2667.32	0	-2473.39	0	-2678.7	0	-2739.62	0	-2654.02	0	-2713.7	0	-2656.7	0	-2675.93	0	-2709.07	0	-2719.69	0
-2667.05	0	-2669.34	0	-2683.72	0	-2724.17	0	-2668.43	0	-2675.38	0	-2734.16	0	-2690.83	0	-2675.17	0	-2666.85	0	-2719.09	0	-2669.08	0	-2647.63	0	-2692.7	0	-2656.51	0	-2667.32	0	-2473.39	0	-2678.7	0	-2742.58	0	-2654.02	0	-2713.7	0	-2656.7	0	-2675.93	0	-2709.07	0	-2719.69	0
-2667.05	0	-2670.01	0	-2683.72	0	-2724.23	0	-2668.43	0	-2675.38	0	-2734.16	0	-2690.83	0	-2675.17	0	-2666.85	0	-2722.66	0	-2669.08	0	-2647.63	0	-2692.7	0	-2656.51	0	-2667.32	0	-2473.39	0	-2678.7	0	-2742.58	0	-2653.15	0	-2713.7	0	-2656.7	0	-2675.93	0	-2709.07	0	-2719.69	0
-2667.05	0	-2670.01	0	-2683.72	0	-2724.23	0	-2668.43	0	-2675.38	0	-2734.16	0	-2690.83	0	-2677.62	0	-2664.78	0	-2720.46	0	-2669.08	0	-2647.63	0	-2692.7	0	-2656.51	0	-2667.32	0	-2473.39	0	-2678.7	0	-2742.58	0	-2653.15	0	-2713.7	0	-2656.7	0	-2685.58	0	-2709.07	0	-2719.69	0
-2667.05	0	-2670.01	0	-2689.77	0	-2724.23	0	-2668.43	0	-2675.38	0	-2734.16	0	-2690.83	0	-2676.19	0	-2664.78	0	-2720.46	0	-2669.08	0	-2651.79	0	-2692.7	0	-2656.51	0	-2667.32	0	-2473.39	0	-2678.7	0	-2742.58	0	-2653.15	0	-2713.7	0	-2656.7	0	-2685.58	0	-2709.07	0	-2719.69	0
-2667.05	0	-2670.01	0	-2689.77	0	-2724.23	0	-2668.43	0	-2675.38	0	-2734.16	0	-2690.83	0	-2676.19	0	-2664.78	0	-2720.46	0	-2669.08	0	-2651.79	0	-2696.44	0	-2656.51	0	-2667.32	0	-2473.39	0	-2678.7	0	-2741.95	0	-2653.15	0	-2722.42	0	-2656.7	0	-2685.58	0	-2709.07	0	-2719.69	0
-2667.05	0	-2670.01	0	-2683.29	0	-2724.23	0	-2668.43	0	-2675.38	0	-2744.45	0	-2690.83	0	-2676.19	0	-2664.78	0	-2720.46	0	-2669.08	0	-2651.79	0	-2696.44	0	-2656.51	0	-2667.32	0	-2473.39	0	-2678.7	0	-2741.95	0	-2653.15	0	-2722.42	0	-2656.7	0	-2685.58	0	-2709.07	0	-2719.69	0
-2675.45	0	-2670.01	0	-2683.29	0	-2724.23	0	-2668.43	0	-2675.38	0	-2744.11	0	-2690.83	0	-2676.19	0	-2664.78	0	-2720.46	0	-2669.08	0	-2651.79	0	-2696.44	0	-2656.51	0	-2667.32	0	-2473.39	0	-2678.7	0	-2741.06	0	-2656.83	0	-2722.42	0	-2656.7	0	-2686.15	0	-2709.07	0	-2719.69	0
-2675.45	0	-2670.01	0	-2683.29	0	-2724.23	0	-2665.13	0	-2679.96	0	-2729.58	0	-2690.83	0	-2676.19	0	-2664.78	0	-2720.46	0	-2669.08	0	-2651.79	0	-2696.44	0	-2656.51	0	-2667.32	0	-2473.39	0	-2678.7	0	-2739.9	0	-2656.83	0	-2722.42	0	-2656.7	0	-2684.57	0	-2709.07	0	-2714.62	0
-2675.45	0	-2670.01	0	-2683.29	0	-2724.23	0	-2665.13	0	-2679.96	0	-2742.23	0	-2690.83	0	-2676.19	0	-2664.78	0	-2720.46	0	-2669.08	0	-2651.79	0	-2697.53	0	-2656.51	0	-2671.91	0	-2473.39	0	-2678.7	0	-2739.9	0	-2656.83	0	-2717.65	0	-2656.7	0	-2684.57	0	-2709.07	0	-2720.68	0
-2675.45	0	-2670.01	0	-2683.29	0	-2724.23	0	-2665.13	0	-2679.96	0	-2742.23	0	-2696.33	0	-2676.19	0	-2664.78	0	-2720.46	0	-2669.08	0	-2658.23	0	-2697.53	0	-2656.51	0	-2671.91	0	-2473.39	0	-2678.7	0	-2744.55	0	-2656.83	0	-2717.65	0	-2656.7	0	-2678.7	0	-2709.07	0	-2720.68	0
-2675.68	0	-2670.01	0	-2681.06	0	-2724.23	0	-2665.13	0	-2679.96	0	-2742.23	0	-2696.33	0	-2676.19	0	-2664.78	0	-2720.46	0	-2669.08	0	-2666.51	0	-2697.53	0	-2656.51	0	-2671.91	0	-2473.39	0	-2678.7	0	-2744.55	0	-2656.83	0	-2717.65	0	-2668.33	0	-2678.7	0	-2709.07	0	-2720.68	0
-2675.68	0	-2670.01	0	-2681.06	0	-2724.23	0	-2665.13	0	-2679.96	0	-2742.23	0	-2696.33	0	-2676.19	0	-2664.78	0	-2722.75	0	-2669.08	0	-2666.51	0	-2697.53	0	-2656.51	0	-2671.91	0	-2473.39	0	-2682.89	0	-2744.55	0	-2656.83	0	-2717.65	0	-2662.42	0	-2678.7	0	-2709.07	0	-2720.68	0
-2675.68	0	-2671.42	0	-2681.06	0	-2724.23	0	-2665.13	0	-2678.17	0	-2742.23	0	-2696.33	0	-2679.83	0	-2664.78	0	-2722.75	0	-2669.08	0	-2666.51	0	-2696.06	0	-2656.51	0	-2671.91	0	-2473.39	0	-2681.52	0	-2744.55	0	-2656.83	0	-2719.14	0	-2662.42	0	-2678.7	0	-2709.07	0	-2720.68	0
-2670.83	0	-2671.42	0	-2681.06	0	-2724.23	0	-2665.13	0	-2678.17	0	-2742.23	0	-2696.33	0	-2679.83	0	-2664.78	0	-2722.75	0	-2669.08	0	-2666.51	0	-2696.06	0	-2656.51	0	-2671.91	0	-2473.39	0	-2681.52	0	-2748.71	0	-2656.83	0	-2719.14	0	-2662.42	0	-2678.7	0	-2709.07	0	-2720.68	0
-2670.83	0	-2671.42	0	-2681.06	0	-2724.43	0	-2665.13	0	-2678.17	0	-2742.23	0	-2696.33	0	-2679.83	0	-2668.91	0	-2722.75	0	-2669.08	0	-2666.51	0	-2696.06	0	-2656.51	0	-2671.91	0	-2473.39	0	-2681.52	0	-2748.71	0	-2656.83	0	-2719.14	0	-2662.42	0	-2678.7	0	-2736.76	0	-2720.68	0
-2670.83	0	-2671.42	0	-2681.06	0	-2724.43	0	-2665.13	0	-2678.17	0	-2742.23	0	-2696.33	0	-2678.61	0	-2666.61	0	-2722.75	0	-2669.08	0	-2654.8	0	-2696.06	0	-2656.51	0	-2671.91	0	-2473.39	0	-2681.52	0	-2748.71	0	-2656.83	0	-2719.14	0	-2662.42	0	-2678.7	0	-2736.76	0	-2720.68	0
-2670.83	0	-2671.42	0	-2681.06	0	-2724.43	0	-2665.13	0	-2673.84	0	-2742.23	0	-2693.34	0	-2678.61	0	-2666.61	0	-2722.75	0	-2669.08	0	-2654.8	0	-2696.06	0	-2656.51	0	-2671.91	0	-2473.39	0	-2681.52	0	-2748.71	0	-2656.82	0	-2719.14	0	-2662.42	0	-2681.54	0	-2736.76	0	-2720.68	0
-2670.83	0	-2671.42	0	-2681.06	0	-2724.43	0	-2665.13	0	-2673.84	0	-2742.23	0	-2693.34	0	-2678.61	0	-2666.61	0	-2722.75	0	-2669.08	0	-2654.8	0	-2696.06	0	-2656.51	0	-2672.05	0	-2473.39	0	-2677.03	0	-2748.71	0	-2656.82	0	-2719.14	0	-2666.2	0	-2681.54	0	-2736.76	0	-2720.68	0
-2670.83	0	-2671.26	0	-2683.38	0	-2725.64	0	-2665.13	0	-2673.84	0	-2742.23	0	-2693.34	0	-2678.61	0	-2666.61	0	-2722.75	0	-2669.08	0	-2654.8	0	-2696.06	0	-2656.51	0	-2671.49	0	-2473.39	0	-2677.03	0	-2748.71	0	-2656.82	0	-2719.14	0	-2666.2	0	-2681.54	0	-2736.76	0	-2720.68	0
-2670.83	0	-2671.26	0	-2683.38	0	-2725.64	0	-2665.13	0	-2696.51	0	-2742.23	0	-2693.34	0	-2678.61	0	-2666.61	0	-2722.75	0	-2669.08	0	-2654.8	0	-2696.06	0	-2656.51	0	-2670.71	0	-2473.39	0	-2677.03	0	-2748.71	0	-2656.82	0	-2719.14	0	-2666.2	0	-2681.54	0	-2736.76	0	-2721.88	0
-2670.83	0	-2671.98	0	-2683.38	0	-2725.64	0	-2665.13	0	-2696.51	0	-2742.23	0	-2693.34	0	-2691.04	0	-2666.61	0	-2722.75	0	-2669.08	0	-2654.8	0	-2696.06	0	-2656.51	0	-2670.71	0	-2473.39	0	-2677.03	0	-2748.71	0	-2656.82	0	-2719.14	0	-2666.2	0	-2681.54	0	-2736.76	0	-2721.88	0
-2675.52	0	-2671.98	0	-2687.23	0	-2725.64	0	-2665.13	0	-2696.51	0	-2744.86	0	-2694.03	0	-2691.04	0	-2666.61	0	-2722.75	0	-2669.08	0	-2654.8	0	-2696.06	0	-2656.51	0	-2670.71	0	-2473.39	0	-2677.03	0	-2748.71	0	-2656.82	0	-2719.14	0	-2666.2	0	-2681.54	0	-2736.76	0	-2721.88	0
-2675.52	0	-2671.98	0	-2687.23	0	-2725.64	0	-2665.13	0	-2696.51	0	-2744.86	0	-2694.03	0	-2691.04	0	-2666.61	0	-2722.75	0	-2669.08	0	-2654.8	0	-2696.06	0	-2656.51	0	-2670.71	0	-2473.39	0	-2677.03	0	-2748.71	0	-2656.82	0	-2719.14	0	-2665.59	0	-2681.54	0	-2736.76	0	-2721.88	0
-2675.52	0	-2673.39	0	-2687.23	0	-2725.64	0	-2668.45	0	-2696.51	0	-2744.86	0	-2694.05	0	-2691.04	0	-2666.61	0	-2732.59	0	-2669.08	0	-2654.8	0	-2693.79	0	-2656.51	0	-2670.71	0	-2473.39	0	-2677.03	0	-2748.71	0	-2656.82	0	-2719.14	0	-2665.59	0	-2681.54	0	-2736.76	0	-2721.88	0
-2675.52	0	-2673.39	0	-2687.23	0	-2725.64	0	-2668.45	0	-2696.51	0	-2744.86	0	-2694.05	0	-2691.04	0	-2666.61	0	-2732.59	0	-2669.08	0	-2654.8	0	-2693.79	0	-2656.51	0	-2670.69	0	-2473.39	0	-2677.03	0	-2748.71	0	-2656.82	0	-2719.14	0	-2665.59	0	-2681.54	0	-2736.76	0	-2721.88	0
-2675.52	0	-2673.39	0	-2682.69	0	-2727.12	0	-2668.45	0	-2696.51	0	-2744.86	0	-2693.42	0	-2691.04	0	-2666.61	0	-2732.59	0	-2669.08	0	-2654.8	0	-2693.79	0	-2656.51	0	-2670.69	0	-2473.39	0	-2677.03	0	-2748.71	0	-2657.9	0	-2719.14	0	-2665.59	0	-2681.54	0	-2736.76	0	-2723.38	0
-2675.52	0	-2673.39	0	-2681.78	0	-2727.12	0	-2668.45	0	-2696.51	0	-2744.86	0	-2695.4	0	-2691.04	0	-2666.61	0	-2732.59	0	-2669.08	0	-2654.8	0	-2693.79	0	-2656.51	0	-2670.69	0	-2473.39	0	-2677.03	0	-2748.71	0	-2657.9	0	-2719.14	0	-2665.59	0	-2681.54	0	-2736.76	0	-2723.38	0
-2668.72	0	-2670.77	0	-2681.78	0	-2727.12	0	-2668.45	0	-2696.51	0	-2744.86	0	-2695.4	0	-2691.04	0	-2665.27	0	-2732.59	0	-2669.08	0	-2654.8	0	-2693.79	0	-2656.51	0	-2668.8	0	-2473.39	0	-2677.03	0	-2748.71	0	-2657.9	0	-2719.14	0	-2665.59	0	-2681.54	0	-2736.76	0	-2723.38	0
-2668.72	0	-2670.77	0	-2682.96	0	-2727.12	0	-2671.96	0	-2696.51	0	-2744.86	0	-2695.4	0	-2691.04	0	-2665.27	0	-2723.85	0	-2669.08	0	-2654.8	0	-2693.79	0	-2656.51	0	-2668.8	0	-2473.39	0	-2677.03	0	-2747.73	0	-2657.9	0	-2719.14	0	-2665.59	0	-2681.54	0	-2736.76	0	-2724.36	0
-2668.72	0	-2683.53	0	-2682.96	0	-2726.68	0	-2669.74	0	-2696.51	0	-2744.86	0	-2691.12	0	-2691.04	0	-2665.27	0	-2723.85	0	-2669.08	0	-2654.8	0	-2693.79	0	-2656.51	0	-2668.8	0	-2473.39	0	-2677.03	0	-2747.73	0	-2656.51	0	-2719.14	0	-2665.59	0	-2681.54	0	-2736.76	0	-2724.36	0
-2668.72	0	-2683.53	0	-2677.64	0	-2726.68	0	-2669.74	0	-2674.78	0	-2744.86	0	-2691.12	0	-2691.04	0	-2665.45	0	-2723.85	0	-2682.2	0	-2654.8	0	-2693.79	0	-2656.51	0	-2668.8	0	-2473.39	0	-2680.86	0	-2747.73	0	-2656.51	0	-2719.14	0	-2665.59	0	-2681.54	0	-2736.76	0	-2724.36	0
-2668.72	0	-2683.53	0	-2677.64	0	-2726.68	0	-2670.32	0	-2676.76	0	-2744.86	0	-2691.12	0	-2691.04	0	-2665.45	0	-2723.85	0	-2682.2	0	-2656.33	0	-2693.79	0	-2656.51	0	-2676.22	0	-2473.39	0	-2680.86	0	-2747.73	0	-2653.36	0	-2719.14	0	-2661.96	0	-2681.54	0	-2736.76	0	-2724.36	0
-2668.72	0	-2670.09	0	-2677.64	0	-2724.32	0	-2670.32	0	-2676.76	0	-2744.86	0	-2691.12	0	-2691.04	0	-2665.45	0	-2723.85	0	-2675.1	0	-2656.33	0	-2693.79	0	-2656.51	0	-2676.22	0	-2473.39	0	-2680.86	0	-2747.73	0	-2653.36	0	-2719.14	0	-2661.96	0	-2681.54	0	-2736.76	0	-2724.36	0
-2668.72	0	-2670.09	0	-2677.64	0	-2724.32	0	-2668.63	0	-2676.76	0	-2744.86	0	-2691.12	0	-2691.04	0	-2665.45	0	-2723.85	0	-2685.3	0	-2656.33	0	-2692.71	0	-2656.51	0	-2676.22	0	-2473.39	0	-2679.15	0	-2747.73	0	-2653.36	0	-2719.14	0	-2661.96	0	-2680.82	0	-2736.76	0	-2724.51	0
-2668.72	0	-2670.09	0	-2678.02	0	-2724.32	0	-2668.63	0	-2676.76	0	-2744.86	0	-2691.12	0	-2691.04	0	-2665.45	0	-2723.85	0	-2685.3	0	-2656.33	0	-2692.71	0	-2656.51	0	-2676.22	0	-2473.39	0	-2679.15	0	-2747.73	0	-2653.36	0	-2719.14	0	-2661.96	0	-2680.82	0	-2736.76	0	-2724.51	0
-2668.72	0	-2670.09	0	-2678.02	0	-2724.32	0	-2668.63	0	-2671.56	0	-2744.86	0	-2691.68	0	-2691.04	0	-2667.77	0	-2723.85	0	-2685.3	0	-2656.33	0	-2692.71	0	-2656.51	0	-2676.22	0	-2473.39	0	-2679.15	0	-2741.29	0	-2672.1	0	-2716.6	0	-2661.96	0	-2680.82	0	-2736.76	0	-2724.51	0
-2668.72	0	-2670.09	0	-2678.02	0	-2724.32	0	-2663.67	0	-2671.56	0	-2744.86	0	-2686.58	0	-2691.04	0	-2667.77	0	-2723.85	0	-2684.07	0	-2656.33	0	-2692.71	0	-2656.51	0	-2676.22	0	-2473.39	0	-2679.15	0	-2740.04	0	-2672.1	0	-2716.6	0	-2661.96	0	-2680.82	0	-2736.76	0	-2730.24	0
-2668.72	0	-2670.09	0	-2678.02	0	-2724.32	0	-2663.67	0	-2671.56	0	-2744.86	0	-2686.58	0	-2691.04	0	-2667.77	0	-2723.85	0	-2684.07	0	-2656.33	0	-2691.49	0	-2654.75	0	-2676.22	0	-2473.39	0	-2679.15	0	-2740.04	0	-2672.1	0	-2716.6	0	-2661.96	0	-2680.82	0	-2736.76	0	-2730.24	0
-2668.72	0	-2670.09	0	-2678.02	0	-2724.32	0	-2663.67	0	-2671.56	0	-2744.86	0	-2686.58	0	-2691.04	0	-2667.77	0	-2723.85	0	-2684.07	0	-2656.33	0	-2691.49	0	-2654.75	0	-2676.22	0	-2473.39	0	-2679.15	0	-2740.04	0	-2672.1	0	-2716.6	0	-2661.96	0	-2696.03	0	-2736.76	0	-2730.24	0
-2668.72	0	-2669.84	0	-2678.02	0	-2724.32	0	-2663.67	0	-2671.56	0	-2744.86	0	-2686.58	0	-2691.04	0	-2667.77	0	-2723.85	0	-2684.07	0	-2656.72	0	-2691.49	0	-2654.75	0	-2676.22	0	-2473.39	0	-2679.15	0	-2740.04	0	-2672.1	0	-2716.6	0	-2661.96	0	-2696.03	0	-2736.76	0	-2730.24	0
-2668.72	0	-2669.84	0	-2678.02	0	-2724.38	0	-2663.67	0	-2671.56	0	-2744.86	0	-2686.58	0	-2691.04	0	-2667.77	0	-2729.08	0	-2684.07	0	-2656.72	0	-2691.49	0	-2657	0	-2668.13	0	-2473.39	0	-2679.15	0	-2740.04	0	-2672.1	0	-2716.6	0	-2661.96	0	-2696.03	0	-2736.76	0	-2730.24	0
-2668.72	0	-2669.84	0	-2678.02	0	-2724.38	0	-2663.67	0	-2671.56	0	-2744.86	0	-2686.58	0	-2691.04	0	-2667.77	0	-2729.08	0	-2684.07	0	-2656.72	0	-2691.53	0	-2657	0	-2668.13	0	-2473.39	0	-2679.15	0	-2740.04	0	-2672.1	0	-2716.6	0	-2661.51	0	-2696.03	0	-2736.76	0	-2730.24	0
-2668.72	0	-2669.84	0	-2678.02	0	-2724.38	0	-2663.67	0	-2671.56	0	-2744.86	0	-2686.58	0	-2691.04	0	-2667.77	0	-2730.92	0	-2684.07	0	-2656.18	0	-2691.53	0	-2657	0	-2668.13	0	-2473.39	0	-2678.09	0	-2740.04	0	-2672.1	0	-2716.6	0	-2661.51	0	-2696.03	0	-2736.76	0	-2730.24	0
-2668.72	0	-2669.84	0	-2678.02	0	-2724.38	0	-2663.67	0	-2671.56	0	-2744.86	0	-2686.58	0	-2675.48	0	-2665.83	0	-2720.1	0	-2665.99	0	-2656.18	0	-2691.53	0	-2657	0	-2668.13	0	-2473.39	0	-2678.09	0	-2740.04	0	-2672.1	0	-2716.6	0	-2661.51	0	-2696.03	0	-2736.76	0	-2730.24	0
-2668.72	0	-2669.84	0	-2678.02	0	-2724.38	0	-2663.67	0	-2671.56	0	-2744.86	0	-2686.58	0	-2675.48	0	-2665.83	0	-2720.1	0	-2665.99	0	-2656.18	0	-2692.3	0	-2657	0	-2669.27	0	-2473.39	0	-2678.09	0	-2740.04	0	-2672.1	0	-2716.6	0	-2661.51	0	-2696.03	0	-2726.9	0	-2730.24	0
-2668.72	0	-2667.34	0	-2678.02	0	-2724.38	0	-2663.67	0	-2671.56	0	-2744.86	0	-2686.58	0	-2675.48	0	-2665	0	-2720.1	0	-2665.99	0	-2656.18	0	-2692.3	0	-2657	0	-2669.27	0	-2473.39	0	-2678.09	0	-2740.04	0	-2672.1	0	-2716.6	0	-2662.19	0	-2696.03	0	-2726.9	0	-2730.24	0
-2668.72	0	-2667.34	0	-2678.02	0	-2724.57	0	-2663.67	0	-2671.56	0	-2744.86	0	-2686.58	0	-2675.48	0	-2665	0	-2720.1	0	-2665.99	0	-2656.18	0	-2690.94	0	-2657	0	-2669.27	0	-2473.39	0	-2678.09	0	-2740.04	0	-2672.1	0	-2716.6	0	-2662.19	0	-2696.03	0	-2726.9	0	-2730.24	0
-2668.72	0	-2667.34	0	-2678.02	0	-2724.57	0	-2663.67	0	-2671.56	0	-2744.86	0	-2686.58	0	-2675.48	0	-2665	0	-2720.1	0	-2665.99	0	-2673.54	0	-2690.94	0	-2657	0	-2669.27	0	-2473.39	0	-2678.09	0	-2740.04	0	-2672.1	0	-2716.6	0	-2659.15	0	-2696.03	0	-2726.9	0	-2730.24	0
-2668.72	0	-2667.34	0	-2678.02	0	-2723.9	0	-2663.67	0	-2671.56	0	-2744.86	0	-2686.58	0	-2675.48	0	-2665	0	-2720.1	0	-2665.99	0	-2673.54	0	-2690.25	0	-2657	0	-2665.29	0	-2473.39	0	-2678.09	0	-2740.04	0	-2672.1	0	-2716.6	0	-2659.15	0	-2696.03	0	-2726.9	0	-2730.24	0
-2668.72	0	-2667.34	0	-2675.99	0	-2723.9	0	-2663.67	0	-2671.56	0	-2744.86	0	-2686.58	0	-2675.48	0	-2665	0	-2720.1	0	-2665.99	0	-2673.54	0	-2690.25	0	-2657	0	-2665.29	0	-2473.39	0	-2678.09	0	-2740.04	0	-2672.1	0	-2721.11	0	-2659.15	0	-2696.03	0	-2726.9	0	-2730.24	0
-2668.72	0	-2667.34	0	-2675.99	0	-2721.83	0	-2663.67	0	-2671.56	0	-2744.86	0	-2686.58	0	-2675.48	0	-2663.34	0	-2720.1	0	-2665.99	0	-2673.54	0	-2690.25	0	-2657	0	-2665.29	0	-2473.39	0	-2678.09	0	-2740.04	0	-2672.1	0	-2721.11	0	-2659.15	0	-2696.03	0	-2726.9	0	-2730.24	0
-2668.72	0	-2667.34	0	-2675.99	0	-2721.83	0	-2663.67	0	-2671.56	0	-2744.86	0	-2686.58	0	-2675.48	0	-2663.34	0	-2720.1	0	-2665.99	0	-2673.54	0	-2690.25	0	-2657	0	-2665.29	0	-2473.39	0	-2678.09	0	-2740.04	0	-2672.1	0	-2721.11	0	-2659.15	0	-2696.03	0	-2726.9	0	-2730.24	0
-2668.72	0	-2667.34	0	-2675.99	0	-2721.83	0	-2663.67	0	-2671.56	0	-2744.86	0	-2686.58	0	-2675.48	0	-2663.34	0	-2720.1	0	-2665.99	0	-2673.54	0	-2690.25	0	-2657	0	-2665.29	0	-2473.39	0	-2678.09	0	-2740.04	0	-2672.1	0	-2721.11	0	-2659.15	0	-2680.83	0	-2726.9	0	-2730.24	0
-2668.61	0	-2667.34	0	-2682.88	0	-2721.83	0	-2663.67	0	-2671.56	0	-2744.86	0	-2686.58	0	-2675.48	0	-2663.34	0	-2720.1	0	-2665.99	0	-2673.54	0	-2690.25	0	-2655.66	0	-2665.29	0	-2473.39	0	-2678.09	0	-2740.04	0	-2672.1	0	-2721.11	0	-2659.15	0	-2677.81	0	-2726.9	0	-2730.24	0
-2668.61	0	-2667.34	0	-2678.35	0	-2721.83	0	-2663.67	0	-2671.56	0	-2744.86	0	-2686.58	0	-2675.48	0	-2663.34	0	-2720.1	0	-2665.99	0	-2673.54	0	-2690.25	0	-2653.34	0	-2665.29	0	-2473.39	0	-2678.09	0	-2740.04	0	-2672.1	0	-2721.11	0	-2659.15	0	-2677.81	0	-2718.33	0	-2730.24	0
-2668.61	0	-2667.49	0	-2676.89	0	-2721.83	0	-2663.67	0	-2671.56	0	-2744.86	0	-2686.58	0	-2675.48	0	-2663.34	0	-2720.59	0	-2665.99	0	-2673.54	0	-2690.25	0	-2653.34	0	-2665.29	0	-2473.39	0	-2678.09	0	-2740.04	0	-2672.1	0	-2721.11	0	-2659.15	0	-2677.81	0	-2737.92	0	-2720.74	0
-2668.61	0	-2667.49	0	-2676.89	0	-2721.83	0	-2663.67	0	-2671.56	0	-2729.34	0	-2686.58	0	-2672.52	0	-2663.34	0	-2720.59	0	-2665.99	0	-2652.44	0	-2690.25	0	-2653.34	0	-2666.2	0	-2473.39	0	-2678.09	0	-2739.16	0	-2672.1	0	-2721.11	0	-2659.15	0	-2677.81	0	-2730.12	0	-2720.74	0
-2668.61	0	-2667.49	0	-2667.6	0	-2721.83	0	-2663.67	0	-2671.56	0	-2729.34	0	-2686.58	0	-2672.12	0	-2663.34	0	-2720.59	0	-2665.99	0	-2667.88	0	-2690.25	0	-2653.34	0	-2666.12	0	-2707.25	0	-2679.19	0	-2739.16	0	-2672.1	0	-2721.11	0	-2659.15	0	-2677.81	0	-2730.08	0	-2720.74	0
-2668.61	0	-2667.49	0	-2667.6	0	-2721.83	0	-2663.67	0	-2669.59	0	-2729.34	0	-2686.58	0	-2672.12	0	-2663.34	0	-2720.59	0	-2665.99	0	-2653.03	0	-2690.25	0	-2653.34	0	-2666.12	0	-2707.25	0	-2679.19	0	-2738.34	0	-2672.1	0	-2721.11	0	-2659.15	0	-2677.81	0	-2736.69	0	-2720.74	0
-2668.61	0	-2667.49	0	-2667.6	0	-2721.83	0	-2663.67	0	-2669.59	0	-2729.34	0	-2686.58	0	-2672.12	0	-2663.34	0	-2726.83	0	-2665.99	0	-2665.64	0	-2690.25	0	-2653.34	0	-2666.12	0	-2707.25	0	-2679.19	0	-2738.34	0	-2672.1	0	-2721.11	0	-2659.15	0	-2677.81	0	-2736.69	0	-2720.74	0
-2669.92	0	-2667.49	0	-2672.8	0	-2721.83	0	-2663.67	0	-2669.59	0	-2729.34	0	-2686.58	0	-2672.12	0	-2663.34	0	-2726.83	0	-2668.51	0	-2665.64	0	-2690.25	0	-2656.42	0	-2664.96	0	-2707.25	0	-2679.19	0	-2738.34	0	-2672.1	0	-2721.11	0	-2659.15	0	-2677.71	0	-2736.69	0	-2720.74	0
-2669.92	0	-2667.49	0	-2672.8	0	-2721.83	0	-2663.67	0	-2669.59	0	-2742.14	0	-2687.22	0	-2672.12	0	-2663.49	0	-2726.83	0	-2668.51	0	-2665.64	0	-2690.25	0	-2656.42	0	-2664.96	0	-2707.25	0	-2679.19	0	-2738.34	0	-2672.1	0	-2721.4	0	-2659.15	0	-2677.71	0	-2736.69	0	-2720.74	0
-2669.92	0	-2668.5	0	-2672.8	0	-2721.83	0	-2663.67	0	-2669.59	0	-2742.14	0	-2687.22	0	-2672.12	0	-2663.49	0	-2726.83	0	-2668.51	0	-2665.64	0	-2690.25	0	-2654.55	0	-2664.96	0	-2707.25	0	-2679.19	0	-2738.34	0	-2672.1	0	-2721.4	0	-2659.15	0	-2677.71	0	-2736.69	0	-2720.74	0
-2669.92	0	-2668.5	0	-2672.8	0	-2721.83	0	-2669.94	0	-2669.59	0	-2742.14	0	-2687.22	0	-2672.12	0	-2663.49	0	-2726.83	0	-2668.51	0	-2665.64	0	-2690.25	0	-2652.39	0	-2664.96	0	-2707.25	0	-2678.34	0	-2738.34	0	-2651.32	0	-2721.4	0	-2659.15	0	-2677.71	0	-2736.69	0	-2722.19	0
-2667.7	0	-2668.5	0	-2672.8	0	-2721.83	0	-2669.94	0	-2669.59	0	-2742.14	0	-2687.22	0	-2672.12	0	-2663.49	0	-2726.83	0	-2668.51	0	-2665.64	0	-2690.25	0	-2652.39	0	-2664.96	0	-2707.25	0	-2678.34	0	-2738.34	0	-2651.32	0	-2721.4	0	-2659.15	0	-2677.71	0	-2736.69	0	-2722.19	0
-2667.7	0	-2668.5	0	-2672.8	0	-2721.83	0	-2669.94	0	-2669.59	0	-2742.14	0	-2687.22	0	-2672.12	0	-2663.49	0	-2726.83	0	-2668.51	0	-2665.64	0	-2689.83	0	-2652.39	0	-2664.25	0	-2707.25	0	-2678.34	0	-2738.39	0	-2651.32	0	-2713.72	0	-2659.15	0	-2675.37	0	-2724.23	0	-2722.19	0
-2667.7	0	-2668.5	0	-2672.8	0	-2721.83	0	-2664.89	0	-2669.59	0	-2742.14	0	-2687.22	0	-2672.12	0	-2663.49	0	-2726.83	0	-2668.82	0	-2664.95	0	-2689.83	0	-2652.39	0	-2664.25	0	-2707.25	0	-2678.34	0	-2740.06	0	-2651.12	0	-2713.72	0	-2659.15	0	-2675.37	0	-2724.23	0	-2722.19	0
-2672.07	0	-2668.5	0	-2672.8	0	-2721.83	0	-2662.18	0	-2669.59	0	-2742.14	0	-2687.22	0	-2672.12	0	-2663.49	0	-2726.83	0	-2668.82	0	-2664.95	0	-2689.83	0	-2652.39	0	-2664.25	0	-2707.25	0	-2678.34	0	-2738.53	0	-2651.12	0	-2713.72	0	-2659.15	0	-2675.37	0	-2724.23	0	-2722.19	0
-2672.07	0	-2668.5	0	-2672.8	0	-2721.83	0	-2662.18	0	-2669.59	0	-2742.14	0	-2687.22	0	-2670.42	0	-2663.49	0	-2726.83	0	-2668.82	0	-2664.95	0	-2689.83	0	-2652.39	0	-2665.12	0	-2707.25	0	-2678.34	0	-2738.53	0	-2650.46	0	-2713.72	0	-2655.32	0	-2675.37	0	-2724.23	0	-2722.19	0
-2665.93	0	-2668.5	0	-2672.8	0	-2721.83	0	-2662.18	0	-2669.59	0	-2742.14	0	-2687.22	0	-2671.67	0	-2661.63	0	-2726.83	0	-2664.77	0	-2664.95	0	-2689.83	0	-2652.39	0	-2677.53	0	-2707.25	0	-2678.34	0	-2738.53	0	-2647.88	0	-2715.57	0	-2655.32	0	-2675.37	0	-2724.23	0	-2722.19	0
-2665.93	0	-2668.5	0	-2672.8	0	-2733.36	0	-2662.18	0	-2669.59	0	-2724.38	0	-2687.22	0	-2671.67	0	-2661.78	0	-2726.83	0	-2664.77	0	-2664.95	0	-2689.83	0	-2652.39	0	-2677.53	0	-2707.25	0	-2676.71	0	-2738.53	0	-2647.88	0	-2715.64	0	-2655.32	0	-2675.37	0	-2724.23	0	-2722.19	0
-2665.93	0	-2667.97	0	-2672.8	0	-2733.36	0	-2662.18	0	-2669.59	0	-2724.38	0	-2687.22	0	-2671.67	0	-2661.78	0	-2726.83	0	-2664.77	0	-2664.95	0	-2689.83	0	-2652.39	0	-2672.84	0	-2707.25	0	-2676.71	0	-2738.53	0	-2647.88	0	-2715.64	0	-2655.32	0	-2675.37	0	-2724.23	0	-2722.19	0
-2665.93	0	-2667.25	0	-2672.8	0	-2733.36	0	-2662.18	0	-2669.59	0	-2724.38	0	-2687.22	0	-2671.67	0	-2661.78	0	-2726.83	0	-2664.77	0	-2664.95	0	-2689.83	0	-2648.94	0	-2672.84	0	-2707.25	0	-2676.71	0	-2738.53	0	-2647.88	0	-2715.64	0	-2655.32	0	-2675.37	0	-2724.23	0	-2722.19	0
-2665.93	0	-2664.84	0	-2672.8	0	-2733.36	0	-2662.18	0	-2669.59	0	-2724.38	0	-2687.22	0	-2678.25	0	-2661.78	0	-2726.83	0	-2664.77	0	-2664.95	0	-2689.55	0	-2648.94	0	-2672.84	0	-2707.25	0	-2677.11	0	-2738.53	0	-2647.88	0	-2715.64	0	-2655.32	0	-2675.37	0	-2724.23	0	-2731.91	0
-2665.93	0	-2664.84	0	-2672.8	0	-2733.36	0	-2662.18	0	-2669.59	0	-2724.38	0	-2687.22	0	-2678.25	0	-2655.37	0	-2726.83	0	-2664.77	0	-2664.95	0	-2688.4	0	-2664.86	0	-2672.84	0	-2707.25	0	-2677.11	0	-2738.53	0	-2647.88	0	-2715.64	0	-2655.32	0	-2675.37	0	-2724.23	0	-2725.92	0
-2665.93	0	-2664.84	0	-2673.14	0	-2733.36	0	-2662.18	0	-2669.59	0	-2723.47	0	-2687.22	0	-2678.25	0	-2655.37	0	-2726.83	0	-2664.77	0	-2664.95	0	-2688.4	0	-2664.86	0	-2672.84	0	-2707.25	0	-2676.07	0	-2738.53	0	-2647.88	0	-2715.64	0	-2655.32	0	-2675.37	0	-2713.29	0	-2725.92	0
-2665.93	0	-2664.84	0	-2673.14	0	-2729.23	0	-2662.18	0	-2669.59	0	-2723.47	0	-2687.22	0	-2678.25	0	-2655.37	0	-2721.68	0	-2664.77	0	-2663.24	0	-2688.4	0	-2664.86	0	-2672.84	0	-2707.25	0	-2676.07	0	-2738.53	0	-2647.88	0	-2715.64	0	-2655.32	0	-2675.37	0	-2713.29	0	-2725.92	0
-2665.93	0	-2664.84	0	-2671.55	0	-2729.23	0	-2662.18	0	-2669.59	0	-2723.47	0	-2687.22	0	-2678.25	0	-2655.37	0	-2728.07	0	-2664.77	0	-2663.24	0	-2688.4	0	-2664.86	0	-2672.84	0	-2707.25	0	-2676.07	0	-2738.53	0	-2647.88	0	-2715.64	0	-2655.32	0	-2675.37	0	-2713.29	0	-2725.92	0
-2665.93	0	-2664.84	0	-2671.55	0	-2729.23	0	-2662.18	0	-2669.59	0	-2723.47	0	-2685.24	0	-2678.25	0	-2655.37	0	-2728.07	0	-2664.77	0	-2663.24	0	-2688.4	0	-2664.86	0	-2672.84	0	-2707.25	0	-2674.08	0	-2738.53	0	-2644.85	0	-2715.64	0	-2655.32	0	-2675.37	0	-2710.77	0	-2725.92	0
-2665.93	0	-2664.84	0	-2671.55	0	-2729.23	0	-2661.61	0	-2669.59	0	-2723.47	0	-2685.21	0	-2678.25	0	-2655.37	0	-2720.09	0	-2664.77	0	-2663.24	0	-2688.4	0	-2664.86	0	-2672.84	0	-2707.25	0	-2674.08	0	-2738.53	0	-2646.5	0	-2715.56	0	-2655.32	0	-2675.37	0	-2710.77	0	-2725.92	0
-2657.38	0	-2664.84	0	-2671.55	0	-2729.23	0	-2661.61	0	-2669.59	0	-2723.47	0	-2681.22	0	-2678.25	0	-2655.37	0	-2720.09	0	-2668.09	0	-2646.1	0	-2688.4	0	-2664.86	0	-2672.84	0	-2682.24	0	-2674.08	0	-2738.53	0	-2646.5	0	-2715.56	0	-2655.69	0	-2675.37	0	-2710.77	0	-2725.92	0
-2657.38	0	-2664.84	0	-2671.55	0	-2729.23	0	-2661.61	0	-2669.59	0	-2723.47	0	-2681.22	0	-2678.25	0	-2655.37	0	-2720.09	0	-2668.09	0	-2646.1	0	-2688.4	0	-2664.86	0	-2672.84	0	-2682.24	0	-2674.08	0	-2738.53	0	-2646.5	0	-2715.56	0	-2665.73	0	-2675.37	0	-2710.77	0	-2725.92	0
-2657.38	0	-2664.84	0	-2669.75	0	-2729.23	0	-2661.61	0	-2669.59	0	-2723.47	0	-2681.22	0	-2678.25	0	-2655.37	0	-2720.09	0	-2668.09	0	-2646.1	0	-2684.99	0	-2664.86	0	-2672.84	0	-2682.24	0	-2674.08	0	-2738.53	0	-2646.5	0	-2715.56	0	-2665.73	0	-2675.37	0	-2710.77	0	-2725.92	0
-2657.38	0	-2664.84	0	-2669.75	0	-2729.23	0	-2661.61	0	-2669.59	0	-2723.47	0	-2681.22	0	-2678.25	0	-2655.37	0	-2720.09	0	-2668.09	0	-2646.1	0	-2684.99	0	-2664.86	0	-2672.84	0	-2682.24	0	-2674.08	0	-2738.53	0	-2647.22	0	-2715.56	0	-2665.73	0	-2675.37	0	-2710.77	0	-2725.92	0
-2657.38	0	-2664.84	0	-2669.75	0	-2729.23	0	-2661.61	0	-2669.59	0	-2723.47	0	-2681.22	0	-2678.25	0	-2655.37	0	-2720.09	0	-2668.09	0	-2646.1	0	-2684.99	0	-2664.86	0	-2659.77	0	-2682.24	0	-2674.08	0	-2735.58	0	-2647.22	0	-2715.56	0	-2665.73	0	-2675.37	0	-2710.77	0	-2725.92	0
-2660.31	0	-2665.33	0	-2670.98	0	-2729.23	0	-2661.61	0	-2669.59	0	-2723.47	0	-2681.22	0	-2678.25	0	-2655.37	0	-2718.94	0	-2667.03	0	-2646.1	0	-2684.99	0	-2664.86	0	-2659.77	0	-2682.24	0	-2674.08	0	-2735.58	0	-2647.22	0	-2715.56	0	-2665.73	0	-2675.37	0	-2710.77	0	-2725.92	0
-2660.31	0	-2665.71	0	-2671.65	0	-2729.23	0	-2661.61	0	-2669.59	0	-2723.47	0	-2681.22	0	-2678.25	0	-2655.37	0	-2718.94	0	-2667.03	0	-2646.1	0	-2684.99	0	-2664.86	0	-2659.77	0	-2682.24	0	-2674.77	0	-2741.46	0	-2647.22	0	-2715.56	0	-2665.73	0	-2675.37	0	-2710.77	0	-2725.92	0
-2660.31	0	-2665.58	0	-2671.65	0	-2729.23	0	-2661.61	0	-2670.19	0	-2723.47	0	-2674.24	0	-2678.25	0	-2655.37	0	-2718.13	0	-2667.03	0	-2646.1	0	-2684.99	0	-2651.78	0	-2659.77	0	-2682.24	0	-2674.77	0	-2741.46	0	-2647.22	0	-2715.56	0	-2665.73	0	-2675.37	0	-2710.77	0	-2725.92	0
-2660.31	0	-2673.61	0	-2671.65	0	-2729.23	0	-2658.44	0	-2670.19	0	-2728.66	0	-2674.24	0	-2678.25	0	-2658.22	0	-2718.13	0	-2667.03	0	-2646.1	0	-2684.99	0	-2651.78	0	-2659.77	0	-2682.24	0	-2674.77	0	-2741.46	0	-2645.73	0	-2715.56	0	-2665.73	0	-2678.5	0	-2710.77	0	-2725.92	0
-2655.63	0	-2673.61	0	-2671.65	0	-2729.23	0	-2658.44	0	-2670.19	0	-2728.66	0	-2674.24	0	-2668.23	0	-2658.22	0	-2718.13	0	-2679.75	0	-2646.1	0	-2684.99	0	-2651.78	0	-2659.77	0	-2679.93	0	-2671.49	0	-2741.46	0	-2645.73	0	-2715.56	0	-2665.73	0	-2678.5	0	-2710.77	0	-2725.92	0
-2655.63	0	-2673.61	0	-2669.92	0	-2729.23	0	-2658.44	0	-2670.19	0	-2728.66	0	-2674.24	0	-2668.23	0	-2658.22	0	-2718.13	0	-2679.75	0	-2646.47	0	-2684.99	0	-2651.78	0	-2659.77	0	-2679.93	0	-2671.49	0	-2741.46	0	-2645.73	0	-2715.68	0	-2650.75	0	-2678.5	0	-2710.77	0	-2725.92	0
-2655.63	0	-2673.61	0	-2670.34	0	-2729.23	0	-2658.44	0	-2668.44	0	-2728.66	0	-2674.24	0	-2668.23	0	-2658.22	0	-2718.13	0	-2679.75	0	-2646.47	0	-2684.99	0	-2651.78	0	-2650.82	0	-2679.93	0	-2671.49	0	-2735.28	0	-2640.93	0	-2715.68	0	-2650.75	0	-2678.5	0	-2710.77	0	-2725.92	0
-2655.63	0	-2673.61	0	-2670.34	0	-2729.23	0	-2658.44	0	-2668.44	0	-2728.66	0	-2674.24	0	-2668.23	0	-2658.23	0	-2716.9	0	-2679.75	0	-2646.47	0	-2692.38	0	-2651.78	0	-2650.82	0	-2679.93	0	-2671.49	0	-2733.49	0	-2640.93	0	-2721.03	0	-2650.75	0	-2678.5	0	-2710.77	0	-2725.92	0
-2655.63	0	-2664	0	-2670.34	0	-2729.23	0	-2658.44	0	-2656.92	0	-2728.66	0	-2674.24	0	-2668.23	0	-2655.08	0	-2716.9	0	-2679.75	0	-2646.47	0	-2692.38	0	-2649.32	0	-2650.82	0	-2679.93	0	-2671.49	0	-2733.49	0	-2640.93	0	-2721.03	0	-2650.75	0	-2674.69	0	-2712.81	0	-2725.92	0
-2655.63	0	-2664	0	-2670.34	0	-2729.23	0	-2658.44	0	-2656.92	0	-2728.66	0	-2674.24	0	-2668.23	0	-2655.08	0	-2717.94	0	-2679.75	0	-2646.47	0	-2692.38	0	-2649.32	0	-2667.6	0	-2679.93	0	-2671.49	0	-2733.49	0	-2640.93	0	-2721.03	0	-2650.75	0	-2673.64	0	-2712.81	0	-2725.92	0
-2655.63	0	-2662.13	0	-2670.34	0	-2729.23	0	-2658.44	0	-2656.92	0	-2721.77	0	-2674.24	0	-2668.23	0	-2655.08	0	-2717.94	0	-2679.75	0	-2657.18	0	-2692.38	0	-2649.32	0	-2667.6	0	-2679.93	0	-2671.49	0	-2733.49	0	-2640.93	0	-2721.03	0	-2650.75	0	-2673.64	0	-2711.22	0	-2725.92	0
-2655.63	0	-2662.13	0	-2670.34	0	-2729.23	0	-2658.44	0	-2656.92	0	-2721.77	0	-2674.24	0	-2665.96	0	-2655.08	0	-2717.94	0	-2679.75	0	-2657.18	0	-2692.38	0	-2649.32	0	-2667.6	0	-2679.93	0	-2671.45	0	-2733.49	0	-2640.93	0	-2721.03	0	-2650.75	0	-2673.64	0	-2711.22	0	-2725.92	0
-2655.63	0	-2662.13	0	-2670.34	0	-2729.23	0	-2658.44	0	-2656.92	0	-2721.77	0	-2674.24	0	-2664.65	0	-2655.08	0	-2718.74	0	-2663.69	0	-2657.18	0	-2692.38	0	-2645.7	0	-2667.6	0	-2679.93	0	-2671.22	0	-2733.49	0	-2640.93	0	-2721.03	0	-2650.75	0	-2673.64	0	-2711.22	0	-2725.92	0
-2655.63	0	-2662.13	0	-2670.34	0	-2729.23	0	-2658.44	0	-2656.92	0	-2729.38	0	-2694.42	0	-2664.65	0	-2655.08	0	-2718.74	0	-2663.69	0	-2657.18	0	-2692.38	0	-2655.01	0	-2667.6	0	-2679.93	0	-2671.22	0	-2722.35	0	-2640.93	0	-2721.03	0	-2650.75	0	-2683.1	0	-2711.22	0	-2716.17	0
-2672.9	0	-2663	0	-2670.34	0	-2729.23	0	-2658.44	0	-2656.92	0	-2729.38	0	-2694.42	0	-2665.78	0	-2655.08	0	-2718.31	0	-2663.69	0	-2657.18	0	-2692.38	0	-2655.01	0	-2667.6	0	-2679.93	0	-2671.22	0	-2722.35	0	-2640.93	0	-2721.03	0	-2650.75	0	-2683.1	0	-2711.56	0	-2717.45	0
-2672.9	0	-2663	0	-2671.4	0	-2729.23	0	-2660.75	0	-2656.92	0	-2729.38	0	-2694.42	0	-2665.78	0	-2655.08	0	-2718.31	0	-2663.69	0	-2657.18	0	-2692.38	0	-2655.01	0	-2667.6	0	-2679.93	0	-2671.22	0	-2722.35	0	-2640.93	0	-2721.03	0	-2650.75	0	-2683.1	0	-2711.56	0	-2717.45	0
-2672.9	0	-2660.78	0	-2668.93	0	-2729.23	0	-2660.75	0	-2665.29	0	-2729.38	0	-2694.42	0	-2661.4	0	-2655.08	0	-2718.31	0	-2664.75	0	-2657.18	0	-2692.38	0	-2655.01	0	-2667.6	0	-2679.93	0	-2667.4	0	-2722.35	0	-2641.36	0	-2721.03	0	-2650.75	0	-2688.07	0	-2708.14	0	-2717.45	0
-2672.9	0	-2660.78	0	-2668.93	0	-2729.23	0	-2659.91	0	-2665.29	0	-2729.38	0	-2694.42	0	-2661.4	0	-2655.08	0	-2718.31	0	-2664.75	0	-2657.18	0	-2692.38	0	-2655.01	0	-2667.6	0	-2679.93	0	-2667.4	0	-2722.35	0	-2641.36	0	-2721.03	0	-2650.75	0	-2672.54	0	-2708.14	0	-2717.45	0
-2660.42	0	-2676.01	0	-2669.3	0	-2729.23	0	-2659.91	0	-2665.29	0	-2729.38	0	-2694.42	0	-2661.4	0	-2655.08	0	-2718.31	0	-2664.75	0	-2657.18	0	-2692.38	0	-2655.01	0	-2667.6	0	-2679.93	0	-2667.4	0	-2722.35	0	-2641.36	0	-2721.03	0	-2650.75	0	-2672.54	0	-2720.85	0	-2717.45	0
-2660.42	0	-2676.01	0	-2669.3	0	-2729.23	0	-2659.91	0	-2665.29	0	-2729.38	0	-2694.42	0	-2661.4	0	-2655.08	0	-2718.31	0	-2677.72	0	-2657.18	0	-2692.38	0	-2655.01	0	-2667.6	0	-2679.28	0	-2667.4	0	-2722.35	0	-2641.36	0	-2721.03	0	-2650.75	0	-2672.54	0	-2720.85	0	-2717.45	0
-2660.42	0	-2676.01	0	-2669.3	0	-2729.23	0	-2659.91	0	-2662.96	0	-2729.38	0	-2694.42	0	-2661.4	0	-2655.08	0	-2720.89	0	-2677.72	0	-2657.18	0	-2692.38	0	-2655.01	0	-2667.6	0	-2679.28	0	-2667.4	0	-2722.35	0	-2638.48	0	-2721.03	0	-2650.75	0	-2672.54	0	-2720.85	0	-2724.61	0
-2660.42	0	-2676.01	0	-2669.3	0	-2729.23	0	-2659.91	0	-2662.96	0	-2729.38	0	-2694.42	0	-2661.4	0	-2655.08	0	-2720.89	0	-2677.72	0	-2657.18	0	-2692.38	0	-2655.01	0	-2667.6	0	-2679.28	0	-2667.4	0	-2722.35	0	-2638.48	0	-2712.58	0	-2650.75	0	-2672.54	0	-2720.85	0	-2724.61	0
-2660.42	0	-2676.01	0	-2674.92	0	-2711.11	0	-2659.91	0	-2662.96	0	-2729.38	0	-2694.42	0	-2655.91	0	-2655.08	0	-2720.89	0	-2677.72	0	-2657.18	0	-2692.38	0	-2655.01	0	-2667.6	0	-2679.28	0	-2667.4	0	-2722.35	0	-2638.48	0	-2712.58	0	-2650.75	0	-2666.73	0	-2720.85	0	-2724.61	0
-2660.42	0	-2676.01	0	-2674.92	0	-2711.11	0	-2658.12	0	-2662.96	0	-2729.38	0	-2694.42	0	-2655.91	0	-2655.08	0	-2720.89	0	-2677.72	0	-2657.18	0	-2692.38	0	-2655.01	0	-2667.6	0	-2678.43	0	-2667.4	0	-2722.35	0	-2638.48	0	-2712.18	0	-2650.68	0	-2678.41	0	-2720.85	0	-2724.61	0
-2660.42	0	-2676.01	0	-2674.92	0	-2711.11	0	-2658.46	0	-2661.98	0	-2729.38	0	-2679.44	0	-2655.91	0	-2655.08	0	-2720.89	0	-2677.72	0	-2657.18	0	-2692.38	0	-2655.01	0	-2667.6	0	-2678.43	0	-2667.4	0	-2727.94	0	-2638.48	0	-2712.18	0	-2648.16	0	-2678.41	0	-2720.85	0	-2724.61	0
-2660.42	0	-2676.01	0	-2667.32	0	-2711.11	0	-2658.46	0	-2661.98	0	-2729.38	0	-2679.44	0	-2655.91	0	-2655.08	0	-2719.23	0	-2677.72	0	-2657.18	0	-2692.38	0	-2655.01	0	-2667.6	0	-2678.43	0	-2667.4	0	-2727.94	0	-2638.48	0	-2718.51	0	-2648.16	0	-2678.41	0	-2720.85	0	-2718.64	0
-2656.81	0	-2676.01	0	-2667.32	0	-2711.11	0	-2658.46	0	-2661.98	0	-2729.38	0	-2679.44	0	-2655.91	0	-2653.21	0	-2719.23	0	-2677.72	0	-2657.18	0	-2692.38	0	-2655.01	0	-2667.6	0	-2678.43	0	-2668.48	0	-2727.94	0	-2638.48	0	-2717.21	0	-2651.45	0	-2678.41	0	-2720.85	0	-2718.64	0
-2656.81	0	-2676.01	0	-2667.32	0	-2711.11	0	-2658.46	0	-2661.98	0	-2716.64	0	-2679.44	0	-2655.91	0	-2653.21	0	-2719.23	0	-2677.72	0	-2657.18	0	-2692.38	0	-2655.01	0	-2661.55	0	-2678.43	0	-2668.48	0	-2727.94	0	-2638.48	0	-2717.21	0	-2649.1	0	-2678.41	0	-2720.85	0	-2718.64	0
-2656.81	0	-2676.01	0	-2667.32	0	-2711.11	0	-2658.46	0	-2661.98	0	-2716.64	0	-2679.44	0	-2655.91	0	-2653.21	0	-2719.23	0	-2677.72	0	-2657.18	0	-2692.38	0	-2655.01	0	-2661.55	0	-2678.43	0	-2668.48	0	-2727.94	0	-2638.48	0	-2717.21	0	-2660.25	0	-2678.41	0	-2721.96	0	-2718.64	0
-2656.81	0	-2676.01	0	-2667.32	0	-2711.11	0	-2658.46	0	-2662.97	0	-2716.64	0	-2679.44	0	-2655.91	0	-2653.21	0	-2719.23	0	-2677.72	0	-2657.18	0	-2692.38	0	-2655.01	0	-2661.55	0	-2678.43	0	-2668.48	0	-2727.94	0	-2638.48	0	-2717.21	0	-2660.25	0	-2678.41	0	-2712.59	0	-2718.64	0
-2656.81	0	-2676.01	0	-2667.32	0	-2711.11	0	-2658.46	0	-2662.61	0	-2716.64	0	-2675.56	0	-2655.91	0	-2653.21	0	-2719.23	0	-2677.72	0	-2657.18	0	-2692.38	0	-2655.01	0	-2662.33	0	-2676.25	0	-2662.4	0	-2727.94	0	-2638.48	0	-2717.21	0	-2660.25	0	-2678.41	0	-2720.68	0	-2715.31	0
-2656.81	0	-2676.01	0	-2656.91	0	-2711.11	0	-2656.46	0	-2661.41	0	-2716.64	0	-2675.56	0	-2655.91	0	-2653.21	0	-2719.23	0	-2677.72	0	-2641.51	0	-2692.38	0	-2655.01	0	-2662.33	0	-2676.25	0	-2662.4	0	-2727.94	0	-2639.28	0	-2717.21	0	-2647.15	0	-2678.41	0	-2720.68	0	-2715.31	0
-2656.81	0	-2676.01	0	-2656.91	0	-2711.11	0	-2656.46	0	-2660.93	0	-2716.64	0	-2675.56	0	-2655.91	0	-2653.21	0	-2719.23	0	-2677.72	0	-2641.51	0	-2695.78	0	-2655.01	0	-2662.33	0	-2676.25	0	-2662.4	0	-2728.05	0	-2639.28	0	-2717.21	0	-2647.15	0	-2678.41	0	-2707.84	0	-2715.31	0
-2656.81	0	-2676.01	0	-2656.91	0	-2711.11	0	-2656.46	0	-2660.93	0	-2716.64	0	-2675.56	0	-2655.91	0	-2653.21	0	-2719.23	0	-2677.72	0	-2641.51	0	-2695.78	0	-2655.01	0	-2662.33	0	-2676.25	0	-2662.4	0	-2727.62	0	-2637.35	0	-2717.21	0	-2647.15	0	-2670.55	0	-2707.84	0	-2715.31	0
-2656.81	0	-2676.01	0	-2656.91	0	-2711.11	0	-2656.46	0	-2660.93	0	-2716.64	0	-2675.56	0	-2655.91	0	-2653.21	0	-2719.23	0	-2677.72	0	-2641.51	0	-2695.78	0	-2643.69	0	-2662.33	0	-2675.63	0	-2662.4	0	-2727.62	0	-2627.96	0	-2717.21	0	-2647.15	0	-2668.98	0	-2707.84	0	-2715.31	0
-2656.81	0	-2659.37	0	-2656.91	0	-2711.11	0	-2654.93	0	-2660.57	0	-2716.64	0	-2675.56	0	-2655.91	0	-2653.21	0	-2719.23	0	-2677.72	0	-2641.51	0	-2695.78	0	-2643.69	0	-2662.33	0	-2675.63	0	-2662.4	0	-2727.62	0	-2627.96	0	-2717.21	0	-2647.15	0	-2668.98	0	-2707.84	0	-2715.31	0
-2655.79	0	-2655.67	0	-2656.91	0	-2711.11	0	-2654.93	0	-2657.75	0	-2716.64	0	-2675.56	0	-2655.91	0	-2653.21	0	-2719.23	0	-2677.72	0	-2641.51	0	-2695.78	0	-2643.69	0	-2662.33	0	-2670.04	0	-2662.4	0	-2727.62	0	-2627.96	0	-2717.21	0	-2647.15	0	-2661.24	0	-2707.84	0	-2715.31	0
-2656.19	0	-2655.67	0	-2661.94	0	-2711.11	0	-2651.64	0	-2660.5	0	-2716.64	0	-2676.84	0	-2657.57	0	-2653.21	0	-2719.23	0	-2677.72	0	-2641.51	0	-2695.78	0	-2659.7	0	-2662.33	0	-2670.04	0	-2662.4	0	-2727.62	0	-2636.32	0	-2717.21	0	-2647.15	0	-2669.02	0	-2707.84	0	-2715.31	0
-2656.19	0	-2655.67	0	-2661.94	0	-2711.11	0	-2651.64	0	-2660.5	0	-2716.64	0	-2676.84	0	-2657.57	0	-2653.21	0	-2713.47	0	-2677.72	0	-2641.51	0	-2695.78	0	-2659.7	0	-2656.67	0	-2670.04	0	-2662.4	0	-2727.62	0	-2636.32	0	-2717.21	0	-2647.15	0	-2669.02	0	-2707.84	0	-2715.31	0
-2656.19	0	-2655.67	0	-2661.94	0	-2711.11	0	-2651.64	0	-2659.61	0	-2718.08	0	-2676.84	0	-2657.57	0	-2653.21	0	-2713.47	0	-2659.53	0	-2641.51	0	-2695.78	0	-2659.7	0	-2650.7	0	-2670.04	0	-2662.4	0	-2727.62	0	-2638.29	0	-2717.21	0	-2647.15	0	-2669.02	0	-2707.79	0	-2715.31	0
-2656.19	0	-2656.78	0	-2660.78	0	-2711.11	0	-2651.64	0	-2659.61	0	-2718.08	0	-2676.84	0	-2657.46	0	-2653.21	0	-2713.47	0	-2656.14	0	-2641.51	0	-2695.78	0	-2659.7	0	-2650.7	0	-2670.04	0	-2662.4	0	-2728.54	0	-2638.29	0	-2715.97	0	-2647.15	0	-2669.02	0	-2707.79	0	-2714.01	0
-2657.19	0	-2656.78	0	-2660.78	0	-2711.11	0	-2651.64	0	-2656.42	0	-2718.08	0	-2676.09	0	-2657.46	0	-2653.21	0	-2713.47	0	-2656.14	0	-2639.3	0	-2695.78	0	-2659.7	0	-2650.7	0	-2670.04	0	-2662.4	0	-2724.45	0	-2638.29	0	-2715.97	0	-2647.15	0	-2669.02	0	-2706.09	0	-2714.01	0
-2657.19	0	-2656.78	0	-2660.78	0	-2721.13	0	-2651.64	0	-2656.42	0	-2718.08	0	-2676.09	0	-2657.46	0	-2652.77	0	-2712.5	0	-2656.14	0	-2638.03	0	-2695.78	0	-2659.7	0	-2650.7	0	-2670.4	0	-2661.31	0	-2724.45	0	-2638.29	0	-2715.97	0	-2647.15	0	-2666.3	0	-2706.09	0	-2714.01	0
-2657.19	0	-2656.78	0	-2660.78	0	-2721.13	0	-2651.64	0	-2656.42	0	-2718.08	0	-2676.09	0	-2657.46	0	-2650.8	0	-2712.5	0	-2656.14	0	-2638.03	0	-2695.78	0	-2659.7	0	-2650.7	0	-2670.4	0	-2661.31	0	-2724.45	0	-2638.29	0	-2715.97	0	-2645.84	0	-2666.3	0	-2706.09	0	-2721.48	0
-2657.19	0	-2656.78	0	-2660.78	0	-2721.13	0	-2651.64	0	-2656.42	0	-2718.08	0	-2676.09	0	-2658.04	0	-2650.8	0	-2712.5	0	-2656.14	0	-2639.23	0	-2695.78	0	-2659.7	0	-2650.7	0	-2670.4	0	-2661.31	0	-2724.45	0	-2632.18	0	-2715.97	0	-2645.84	0	-2666.3	0	-2705.52	0	-2721.48	0
-2656.77	0	-2656.78	0	-2660.78	0	-2721.13	0	-2650.11	0	-2656.42	0	-2718.08	0	-2676.09	0	-2658.04	0	-2650.8	0	-2712.5	0	-2656.14	0	-2639.23	0	-2695.78	0	-2659.7	0	-2650.7	0	-2670.4	0	-2661.31	0	-2724.45	0	-2632.18	0	-2715.97	0	-2644.84	0	-2666.3	0	-2706.19	0	-2721.48	0
-2654.93	0	-2656.78	0	-2660.78	0	-2721.13	0	-2650.11	0	-2656.42	0	-2718.08	0	-2676.09	0	-2658.04	0	-2650.8	0	-2712.5	0	-2656.14	0	-2639.23	0	-2695.78	0	-2659.7	0	-2650.7	0	-2670.4	0	-2661.31	0	-2724.45	0	-2630.42	0	-2715.97	0	-2644.84	0	-2666.3	0	-2712.4	0	-2721.48	0
-2654.93	0	-2656.78	0	-2661.44	0	-2721.13	0	-2650.11	0	-2652.92	0	-2716.24	0	-2675.5	0	-2658.04	0	-2650.8	0	-2712.5	0	-2656.69	0	-2639.23	0	-2695.78	0	-2659.7	0	-2650.7	0	-2670.4	0	-2659.09	0	-2724.45	0	-2630.42	0	-2715.97	0	-2644.84	0	-2664.98	0	-2712.4	0	-2721.48	0
-2654.93	0	-2665.78	0	-2661.44	0	-2721.13	0	-2650.11	0	-2652.92	0	-2716.24	0	-2675.5	0	-2658.04	0	-2650.8	0	-2712.5	0	-2656.69	0	-2639.23	0	-2695.78	0	-2659.7	0	-2650.7	0	-2670.4	0	-2659.09	0	-2724.45	0	-2630.42	0	-2715.97	0	-2644.84	0	-2664.98	0	-2711.96	0	-2721.48	0
-2654.93	0	-2662.12	0	-2661.44	0	-2721.13	0	-2650.11	0	-2652.92	0	-2716.24	0	-2675.5	0	-2658.04	0	-2650.8	0	-2712.5	0	-2656.69	0	-2639.23	0	-2695.78	0	-2659.7	0	-2653.67	0	-2670.4	0	-2659.09	0	-2724.45	0	-2630.42	0	-2715.97	0	-2644.84	0	-2665.09	0	-2711.96	0	-2721.48	0
-2654.93	0	-2662.12	0	-2661.44	0	-2711.13	0	-2650.33	0	-2652.92	0	-2716.24	0	-2675.5	0	-2658.04	0	-2650.8	0	-2716.85	0	-2656.69	0	-2639.23	0	-2695.78	0	-2659.7	0	-2653.67	0	-2670.4	0	-2659.09	0	-2724.45	0	-2630.42	0	-2715.97	0	-2644.84	0	-2665.09	0	-2711.96	0	-2721.48	0
-2654.93	0	-2662.12	0	-2661.44	0	-2708.23	0	-2650.33	0	-2652.92	0	-2716.24	0	-2675.5	0	-2658.04	0	-2650.8	0	-2711.19	0	-2656.69	0	-2639.23	0	-2695.78	0	-2659.7	0	-2653.67	0	-2670.4	0	-2660.6	0	-2724.45	0	-2628.17	0	-2715.97	0	-2644.83	0	-2665.09	0	-2711.96	0	-2721.48	0
-2655.09	0	-2662.12	0	-2661.44	0	-2708.23	0	-2650.33	0	-2652.92	0	-2716.24	0	-2675.5	0	-2658.04	0	-2650.8	0	-2711.19	0	-2656.69	0	-2639.23	0	-2695.78	0	-2639.81	0	-2652.76	0	-2670.4	0	-2660.6	0	-2724.98	0	-2628.17	0	-2715.97	0	-2652.95	0	-2665.09	0	-2711.96	0	-2721.48	0
-2654.81	0	-2662.12	0	-2661.44	0	-2708.23	0	-2650.33	0	-2652.92	0	-2716.58	0	-2675.5	0	-2658.04	0	-2651.28	0	-2711.19	0	-2656.69	0	-2639.23	0	-2695.78	0	-2639.81	0	-2652.76	0	-2672.42	0	-2660.6	0	-2724.98	0	-2628.17	0	-2709.46	0	-2652.95	0	-2665.09	0	-2711.96	0	-2721.48	0
-2654.07	0	-2662.12	0	-2661.44	0	-2708.23	0	-2650.33	0	-2652.99	0	-2716.58	0	-2676.35	0	-2658.04	0	-2651.28	0	-2711.19	0	-2656.69	0	-2639.23	0	-2695.78	0	-2639.81	0	-2654.32	0	-2676.97	0	-2660.86	0	-2724.98	0	-2628.17	0	-2709.46	0	-2652.95	0	-2664.29	0	-2711.96	0	-2721.48	0
-2654.07	0	-2662.12	0	-2661.44	0	-2708.23	0	-2650.33	0	-2652.99	0	-2716.58	0	-2674.1	0	-2658.04	0	-2651.28	0	-2711.19	0	-2656.69	0	-2630.15	0	-2666.19	0	-2639.81	0	-2654.32	0	-2676.97	0	-2660.86	0	-2724.98	0	-2627.53	0	-2716.96	0	-2652.95	0	-2664.29	0	-2711.96	0	-2721.48	0
-2654.07	0	-2662.12	0	-2661.44	0	-2722.39	0	-2650.33	0	-2652.99	0	-2716.58	0	-2672.42	0	-2660.29	0	-2648.32	0	-2711.19	0	-2656.69	0	-2630.15	0	-2669.78	0	-2639.39	0	-2654.32	0	-2676.97	0	-2660.86	0	-2724.35	0	-2627.53	0	-2716.96	0	-2652.95	0	-2676.68	0	-2711.96	0	-2721.48	0
-2652.84	0	-2662.12	0	-2661.44	0	-2722.39	0	-2651.15	0	-2652.99	0	-2716.58	0	-2672.42	0	-2660.29	0	-2649.45	0	-2711.19	0	-2656.69	0	-2630.15	0	-2669.78	0	-2653.59	0	-2654.32	0	-2676.97	0	-2660.86	0	-2724.35	0	-2627.53	0	-2716.96	0	-2652.95	0	-2676.68	0	-2711.96	0	-2721.48	0
-2651.28	0	-2662.12	0	-2661.44	0	-2722.39	0	-2651.15	0	-2652.99	0	-2716.58	0	-2672.42	0	-2660.29	0	-2649.45	0	-2711.19	0	-2654.94	0	-2630.15	0	-2669.78	0	-2653.59	0	-2654.32	0	-2676.97	0	-2660.07	0	-2724.35	0	-2627.53	0	-2716.96	0	-2652.95	0	-2667.21	0	-2711.96	0	-2721.48	0
-2651.28	0	-2662.12	0	-2661.44	0	-2722.39	0	-2651.15	0	-2652.99	0	-2716.58	0	-2672.16	0	-2660.29	0	-2649.45	0	-2711.19	0	-2664.65	0	-2630.15	0	-2669.78	0	-2653.59	0	-2654.32	0	-2672.02	0	-2660.07	0	-2724.35	0	-2627.53	0	-2716.96	0	-2652.95	0	-2676.41	0	-2703.78	0	-2721.48	0
-2651.28	0	-2662.12	0	-2661.44	0	-2722.39	0	-2651.15	0	-2652.99	0	-2716.58	0	-2672.16	0	-2660.29	0	-2649.45	0	-2700.61	0	-2664.65	0	-2630.15	0	-2673.66	0	-2653.59	0	-2648.9	0	-2672.02	0	-2660.07	0	-2724.35	0	-2627.53	0	-2716.96	0	-2652.95	0	-2676.41	0	-2703.78	0	-2721.48	0
-2651.28	0	-2662.12	0	-2661.44	0	-2722.39	0	-2650.72	0	-2652.64	0	-2716.58	0	-2672.16	0	-2660.29	0	-2649.45	0	-2700.61	0	-2664.65	0	-2630.15	0	-2673.66	0	-2653.59	0	-2648.9	0	-2672.02	0	-2660.07	0	-2724.35	0	-2639.45	0	-2716.96	0	-2642.78	0	-2676.41	0	-2703.78	0	-2721.48	0
-2651.28	0	-2662.12	0	-2661.44	0	-2722.39	0	-2650.72	0	-2651.52	0	-2716.58	0	-2672.16	0	-2660.29	0	-2649.43	0	-2700.61	0	-2664.65	0	-2630.15	0	-2673.66	0	-2653.59	0	-2648.9	0	-2668.75	0	-2659.78	0	-2724.35	0	-2639.45	0	-2716.96	0	-2640.58	0	-2676.41	0	-2703.78	0	-2721.48	0
-2651.28	0	-2662.12	0	-2673.92	0	-2722.39	0	-2657.13	0	-2652.78	0	-2716.58	0	-2672.16	0	-2660.29	0	-2649.67	0	-2700.61	0	-2664.65	0	-2633.47	0	-2673.66	0	-2653.59	0	-2646.53	0	-2668.75	0	-2659.78	0	-2724.35	0	-2623.44	0	-2716.96	0	-2640.58	0	-2676.41	0	-2702.58	0	-2721.48	0
-2651.28	0	-2662.12	0	-2671.99	0	-2722.39	0	-2657.13	0	-2651.23	0	-2716.58	0	-2672.16	0	-2660.29	0	-2649.67	0	-2700.61	0	-2664.65	0	-2633.47	0	-2673.66	0	-2653.59	0	-2646.53	0	-2668.75	0	-2659.78	0	-2724.35	0	-2623.44	0	-2716.96	0	-2640.58	0	-2676.41	0	-2702.58	0	-2721.48	0
-2649.61	0	-2662.12	0	-2671.99	0	-2722.39	0	-2653.12	0	-2651.23	0	-2716.58	0	-2672.16	0	-2653	0	-2649.67	0	-2700.61	0	-2664.65	0	-2633.47	0	-2673.66	0	-2653.59	0	-2646.53	0	-2668.75	0	-2659.78	0	-2724.35	0	-2623.44	0	-2716.96	0	-2640.96	0	-2676.41	0	-2702.68	0	-2718.94	0
-2649.61	0	-2662.12	0	-2671.99	0	-2708.34	0	-2653.12	0	-2659.31	0	-2716.58	0	-2670.82	0	-2653	0	-2646.81	0	-2700.61	0	-2664.65	0	-2633.47	0	-2673.66	0	-2653.59	0	-2646.53	0	-2668.75	0	-2660.9	0	-2721.93	0	-2621.91	0	-2706.25	0	-2640.96	0	-2676.41	0	-2704.74	0	-2718.94	0
-2649.61	0	-2662.12	0	-2671.99	0	-2708.34	0	-2653.12	0	-2647.37	0	-2716.58	0	-2670.82	0	-2653	0	-2646.81	0	-2700.61	0	-2652.86	0	-2633.47	0	-2673.66	0	-2653.59	0	-2646.53	0	-2668.75	0	-2660.9	0	-2721.93	0	-2621.91	0	-2706.25	0	-2640.96	0	-2676.41	0	-2697.6	0	-2718.94	0
-2648.59	0	-2649.74	0	-2671.99	0	-2708.34	0	-2647.88	0	-2647.37	0	-2711.98	0	-2670.82	0	-2653	0	-2646.81	0	-2700.61	0	-2651.34	0	-2633.47	0	-2673.66	0	-2653.59	0	-2646.53	0	-2668.23	0	-2660.9	0	-2721.93	0	-2624.69	0	-2707.39	0	-2640.96	0	-2676.41	0	-2697.6	0	-2718.94	0
-2648.59	0	-2649.74	0	-2671.99	0	-2708.34	0	-2647.88	0	-2647.37	0	-2711.98	0	-2670.76	0	-2653	0	-2646.81	0	-2700.61	0	-2651.34	0	-2633.47	0	-2673.66	0	-2653.59	0	-2646.53	0	-2666.16	0	-2660.9	0	-2721.93	0	-2624.69	0	-2707.39	0	-2640.96	0	-2659.93	0	-2697.6	0	-2718.94	0
-2646.95	0	-2649.74	0	-2671.99	0	-2704.01	0	-2647.88	0	-2647.37	0	-2711.98	0	-2670.76	0	-2651.98	0	-2646.81	0	-2700.61	0	-2651.34	0	-2633.47	0	-2669.64	0	-2653.59	0	-2645.32	0	-2666.16	0	-2660.9	0	-2721.93	0	-2622.61	0	-2706.6	0	-2640.35	0	-2659.93	0	-2697.6	0	-2718.94	0
-2646.95	0	-2656.21	0	-2671.99	0	-2704.01	0	-2647.88	0	-2647.37	0	-2711.98	0	-2670.76	0	-2651.98	0	-2646.81	0	-2700.61	0	-2651.34	0	-2633.47	0	-2669.64	0	-2653.59	0	-2645.32	0	-2666.16	0	-2660.9	0	-2721.27	0	-2622.61	0	-2705.94	0	-2640.35	0	-2660.73	0	-2697.6	0	-2718.94	0
-2646.95	0	-2656.21	0	-2671.99	0	-2704.01	0	-2649.21	0	-2647.37	0	-2720.93	0	-2669.9	0	-2651.98	0	-2646.81	0	-2700.61	0	-2651.34	0	-2633.47	0	-2669.64	0	-2653.59	0	-2645.32	0	-2666.45	0	-2660.9	0	-2720.83	0	-2622.83	0	-2705.48	0	-2651.86	0	-2660.54	0	-2697.6	0	-2718.94	0
-2646.95	0	-2656.21	0	-2671.99	0	-2704.01	0	-2649.21	0	-2645.8	0	-2720.93	0	-2669.9	0	-2651.28	0	-2646.81	0	-2700.61	0	-2650.29	0	-2633.68	0	-2669.64	0	-2653.59	0	-2646.64	0	-2666.45	0	-2657.17	0	-2720.83	0	-2622.27	0	-2705.48	0	-2651.86	0	-2660.54	0	-2697.6	0	-2718.94	0
-2646.95	0	-2656.21	0	-2671.99	0	-2704.01	0	-2649.21	0	-2645.8	0	-2720.93	0	-2669.9	0	-2651.28	0	-2646.81	0	-2700.61	0	-2648.03	0	-2633.68	0	-2669.64	0	-2635.46	0	-2646.24	0	-2666.45	0	-2655	0	-2720.83	0	-2622.28	0	-2705.48	0	-2651.86	0	-2660.54	0	-2697.6	0	-2714.75	0
-2646.95	0	-2645.22	0	-2671.99	0	-2704.01	0	-2649.21	0	-2645.8	0	-2720.93	0	-2669.9	0	-2651.28	0	-2645.65	0	-2700.61	0	-2648.03	0	-2633.68	0	-2669.21	0	-2635.46	0	-2646.24	0	-2666.45	0	-2655	0	-2720.83	0	-2622.28	0	-2704.65	0	-2651.86	0	-2660.54	0	-2697.6	0	-2714.75	0
-2646.95	0	-2643.86	0	-2671.99	0	-2706.32	0	-2647.43	0	-2645.8	0	-2720.93	0	-2669.9	0	-2651.28	0	-2645.65	0	-2700.61	0	-2648.03	0	-2633.68	0	-2669.21	0	-2635.46	0	-2644.8	0	-2666.45	0	-2655	0	-2720.83	0	-2622.28	0	-2704.65	0	-2636.79	0	-2657.47	0	-2697.6	0	-2714.75	0
-2647.27	0	-2643.86	0	-2665.06	0	-2706.32	0	-2647.43	0	-2645.8	0	-2720.93	0	-2667.99	0	-2649.56	0	-2645.63	0	-2700.61	0	-2648.03	0	-2632.41	0	-2669.21	0	-2635.46	0	-2644.33	0	-2666.45	0	-2655	0	-2720.83	0	-2622.28	0	-2703.02	0	-2636.79	0	-2657.47	0	-2697.6	0	-2720.13	0
-2647.27	0	-2651.36	0	-2665.06	0	-2706.32	0	-2647.43	0	-2645.8	0	-2720.93	0	-2667.99	0	-2649.56	0	-2645.63	0	-2700.61	0	-2648.03	0	-2632.41	0	-2669.21	0	-2635.46	0	-2642.43	0	-2666.92	0	-2655	0	-2720.83	0	-2622.28	0	-2703.02	0	-2636.79	0	-2657.47	0	-2697.6	0	-2720.13	0
-2647.27	0	-2651.36	0	-2665.06	0	-2704.89	0	-2647.43	0	-2645.8	0	-2720.93	0	-2667.99	0	-2649.56	0	-2645.63	0	-2700.61	0	-2648.03	0	-2632.41	0	-2669.33	0	-2635.46	0	-2641.87	0	-2666.75	0	-2655	0	-2720.83	0	-2619.35	0	-2703.02	0	-2636.79	0	-2660.47	0	-2697.6	0	-2720.13	0
-2647.27	0	-2651.36	0	-2665.06	0	-2703.94	0	-2647.5	0	-2645.8	0	-2720.93	0	-2667.99	0	-2656.33	0	-2643.76	0	-2700.61	0	-2648.03	0	-2632.41	0	-2669.33	0	-2635.46	0	-2641.87	0	-2666.75	0	-2655	0	-2720.83	0	-2619.72	0	-2703.02	0	-2636.68	0	-2660.47	0	-2697.6	0	-2720.13	0
-2645.74	0	-2651.36	0	-2654.88	0	-2703.94	0	-2647.5	0	-2643.09	0	-2720.93	0	-2667.99	0	-2656.33	0	-2643.76	0	-2700.61	0	-2651.51	0	-2632.41	0	-2669.33	0	-2651.42	0	-2641.87	0	-2665.86	0	-2655	0	-2717.85	0	-2619.72	0	-2703.02	0	-2636.68	0	-2658.53	0	-2697.6	0	-2715.93	0
-2645.74	0	-2651.36	0	-2653.96	0	-2703.94	0	-2646.22	0	-2643.09	0	-2720.93	0	-2666.9	0	-2656.33	0	-2643.76	0	-2700.61	0	-2651.51	0	-2632.41	0	-2669.33	0	-2651.42	0	-2641.87	0	-2666.59	0	-2655	0	-2717.85	0	-2617.57	0	-2703.02	0	-2636.68	0	-2657.27	0	-2697.6	0	-2715.93	0
-2645.74	0	-2651.36	0	-2652.66	0	-2703.94	0	-2646.22	0	-2643.09	0	-2720.93	0	-2666.9	0	-2656.33	0	-2643.76	0	-2700.61	0	-2651.51	0	-2632.41	0	-2668.98	0	-2644.75	0	-2641.87	0	-2665.32	0	-2655	0	-2715.59	0	-2617.57	0	-2703.02	0	-2636.68	0	-2657.27	0	-2706.34	0	-2715.93	0
-2645.74	0	-2651.36	0	-2652.66	0	-2703.94	0	-2643.51	0	-2643.09	0	-2720.93	0	-2666.9	0	-2656.33	0	-2643.87	0	-2700.61	0	-2651.51	0	-2632.41	0	-2666.48	0	-2644.75	0	-2641.87	0	-2665.32	0	-2655	0	-2715.59	0	-2614.21	0	-2703.02	0	-2636.68	0	-2655.38	0	-2706.34	0	-2715.93	0
-2645.74	0	-2651.36	0	-2652.66	0	-2703.42	0	-2644.09	0	-2643.09	0	-2720.93	0	-2667.13	0	-2647.22	0	-2651.41	0	-2700.61	0	-2651.51	0	-2628.98	0	-2666.48	0	-2644.75	0	-2641.87	0	-2679.41	0	-2655	0	-2715.59	0	-2614.21	0	-2703.02	0	-2636.68	0	-2655.38	0	-2706.34	0	-2717.49	0
-2645.74	0	-2651.36	0	-2652.66	0	-2703.42	0	-2644.09	0	-2643.09	0	-2720.93	0	-2667.13	0	-2647.22	0	-2643.08	0	-2700.61	0	-2651.51	0	-2628.98	0	-2666.48	0	-2644.75	0	-2641.87	0	-2679.41	0	-2655	0	-2715.59	0	-2614.21	0	-2703.02	0	-2636.68	0	-2655.38	0	-2706.34	0	-2708.19	0
-2644.39	0	-2644.62	0	-2651.17	0	-2703.42	0	-2644.09	0	-2643.09	0	-2720.93	0	-2667.13	0	-2647.22	0	-2643.08	0	-2700.61	0	-2646.45	0	-2628.98	0	-2666.48	0	-2644.75	0	-2641.87	0	-2679.41	0	-2651.95	0	-2715.59	0	-2614.21	0	-2703.02	0	-2636.68	0	-2655.38	0	-2706.34	0	-2708.19	0
-2644.39	0	-2644.62	0	-2651.17	0	-2703.42	0	-2645.54	0	-2643.09	0	-2709.1	0	-2665.16	0	-2662.25	0	-2643.08	0	-2713.6	0	-2646.45	0	-2628.98	0	-2666.48	0	-2644.75	0	-2655.42	0	-2679.41	0	-2651.95	0	-2715.59	0	-2614.06	0	-2703.02	0	-2636.68	0	-2654.93	0	-2693.66	0	-2708.19	0
-2641.86	0	-2644.62	0	-2651.17	0	-2702.87	0	-2645.54	0	-2643.09	0	-2715.58	0	-2665.16	0	-2662.25	0	-2643.08	0	-2713.6	0	-2646.45	0	-2629.72	0	-2666.48	0	-2644.75	0	-2651.76	0	-2679.41	0	-2651.95	0	-2715.59	0	-2614.06	0	-2703.02	0	-2636.68	0	-2654.93	0	-2693.66	0	-2708.19	0
-2645.01	0	-2644.62	0	-2651.17	0	-2702.87	0	-2641.91	0	-2643.09	0	-2715.58	0	-2665.16	0	-2662.25	0	-2641.13	0	-2713.6	0	-2641.36	0	-2629.72	0	-2666.48	0	-2644.75	0	-2651.76	0	-2679.41	0	-2651.95	0	-2715.59	0	-2614.06	0	-2703.02	0	-2635.74	0	-2656.42	0	-2696.92	0	-2708.19	0
-2645.01	0	-2644.62	0	-2651.17	0	-2702.87	0	-2641.91	0	-2643.09	0	-2715.58	0	-2665.16	0	-2662.25	0	-2641.13	0	-2713.6	0	-2641.36	0	-2629.72	0	-2666.48	0	-2648.3	0	-2651.76	0	-2671.7	0	-2651.5	0	-2715.59	0	-2614.06	0	-2703.02	0	-2635.74	0	-2656.42	0	-2696.92	0	-2708.19	0
-2645.01	0	-2644.62	0	-2651.17	0	-2702.32	0	-2641.91	0	-2643.09	0	-2715.58	0	-2665.16	0	-2662.25	0	-2641.13	0	-2705.19	0	-2641.36	0	-2629.72	0	-2666.56	0	-2640.26	0	-2651.76	0	-2662.06	0	-2651.5	0	-2715.59	0	-2614.06	0	-2703.02	0	-2635.34	0	-2656.42	0	-2695.56	0	-2708.19	0
-2645.01	0	-2641.34	0	-2660.66	0	-2702.32	0	-2641.91	0	-2643.09	0	-2715.58	0	-2665.16	0	-2662.25	0	-2641.13	0	-2703.87	0	-2641.36	0	-2629.72	0	-2666.56	0	-2640.26	0	-2651.76	0	-2662.06	0	-2652.13	0	-2715.59	0	-2614.06	0	-2703.09	0	-2635.34	0	-2656.42	0	-2695.56	0	-2706.13	0
-2645.01	0	-2640.97	0	-2660.66	0	-2701.28	0	-2641.56	0	-2643.09	0	-2715.58	0	-2665.16	0	-2662.25	0	-2641.13	0	-2703.87	0	-2641.36	0	-2628.03	0	-2666.56	0	-2640.26	0	-2642.98	0	-2662.06	0	-2652.13	0	-2715.59	0	-2614.06	0	-2703.09	0	-2635.26	0	-2649.48	0	-2695.56	0	-2706.13	0
-2640.96	0	-2640.97	0	-2660.66	0	-2701.28	0	-2641.56	0	-2643.09	0	-2715.58	0	-2661.25	0	-2646.46	0	-2641.13	0	-2703.87	0	-2641.36	0	-2628.03	0	-2663.57	0	-2640.26	0	-2642.98	0	-2662.06	0	-2652.13	0	-2715.59	0	-2614.77	0	-2703.09	0	-2629.97	0	-2649.48	0	-2698.24	0	-2706.13	0
-2640.27	0	-2641.27	0	-2660.66	0	-2701.28	0	-2638.4	0	-2643.09	0	-2705.68	0	-2661.25	0	-2646.46	0	-2640.63	0	-2704.64	0	-2641.36	0	-2626.13	0	-2663.65	0	-2640.26	0	-2642.98	0	-2662.06	0	-2651.46	0	-2715.59	0	-2614.77	0	-2703.09	0	-2629.97	0	-2649.48	0	-2698.24	0	-2706.13	0
-2640.27	0	-2651.89	0	-2660.66	0	-2701.28	0	-2643.91	0	-2643.09	0	-2705.68	0	-2661.25	0	-2646.46	0	-2640.63	0	-2701.17	0	-2641.36	0	-2626.23	0	-2663.65	0	-2640.26	0	-2642.98	0	-2662.06	0	-2651.46	0	-2715.59	0	-2614.77	0	-2703.09	0	-2629.97	0	-2649.48	0	-2698.24	0	-2706.13	0
-2640.27	0	-2651.89	0	-2660.66	0	-2701.28	0	-2643.91	0	-2641.86	0	-2705.68	0	-2661.45	0	-2646.46	0	-2638.54	0	-2701.17	0	-2641.36	0	-2624.12	0	-2663.65	0	-2640.26	0	-2642.98	0	-2662.06	0	-2651.46	0	-2715.59	0	-2613.21	0	-2703.09	0	-2629.97	0	-2649.48	0	-2694.6	0	-2706.13	0
-2640.27	0	-2651.89	0	-2658.01	0	-2701.28	0	-2643.91	0	-2641.86	0	-2705.68	0	-2661.45	0	-2646.46	0	-2637.82	0	-2701.17	0	-2641.36	0	-2635.75	0	-2663.65	0	-2640.26	0	-2642.98	0	-2662.06	0	-2651.46	0	-2715.59	0	-2613.21	0	-2699.09	0	-2629.97	0	-2649.48	0	-2694.6	0	-2706.13	0
-2640.27	0	-2651.89	0	-2658.01	0	-2701.01	0	-2643.91	0	-2641.86	0	-2705.68	0	-2661.45	0	-2645.54	0	-2637.82	0	-2701.17	0	-2641.36	0	-2635.75	0	-2663.74	0	-2640.26	0	-2642.98	0	-2662.06	0	-2651.46	0	-2715.59	0	-2613.21	0	-2699.09	0	-2629.97	0	-2653.25	0	-2694.6	0	-2707.15	0
-2635.46	0	-2651.89	0	-2658.01	0	-2701.01	0	-2643.91	0	-2637.93	0	-2705.68	0	-2661.07	0	-2645.54	0	-2637.82	0	-2701.17	0	-2644.72	0	-2633.84	0	-2663.74	0	-2640.26	0	-2642.98	0	-2662.06	0	-2651.46	0	-2715.59	0	-2614.15	0	-2699.09	0	-2629.96	0	-2652.78	0	-2694.72	0	-2707.15	0
-2638.5	0	-2651.89	0	-2658.01	0	-2701.01	0	-2643.91	0	-2637.93	0	-2705.68	0	-2661.07	0	-2643.84	0	-2637.82	0	-2710.19	0	-2644.72	0	-2633.84	0	-2659.76	0	-2640.26	0	-2642.98	0	-2662.06	0	-2649.44	0	-2715.59	0	-2614.15	0	-2699.09	0	-2629.96	0	-2650.92	0	-2694.72	0	-2708.4	0
-2638.5	0	-2651.89	0	-2646.5	0	-2701.01	0	-2643.91	0	-2637.93	0	-2705.68	0	-2661.07	0	-2654.36	0	-2637.82	0	-2710.19	0	-2644.72	0	-2633.84	0	-2659.76	0	-2640.26	0	-2642.98	0	-2662.06	0	-2649.44	0	-2715.59	0	-2611.72	0	-2699.09	0	-2629.96	0	-2650.53	0	-2699.59	0	-2708.4	0
-2638.5	0	-2651.89	0	-2646.5	0	-2701.01	0	-2643.91	0	-2637.93	0	-2705.68	0	-2661.07	0	-2637.37	0	-2637.82	0	-2710.19	0	-2644.72	0	-2633.84	0	-2659.76	0	-2640.26	0	-2642.98	0	-2662.06	0	-2649.44	0	-2715.59	0	-2611.72	0	-2698.3	0	-2629.96	0	-2650.53	0	-2699.59	0	-2708.4	0
-2637.84	0	-2637.71	0	-2646.5	0	-2701.01	0	-2643.91	0	-2637.93	0	-2705.68	0	-2661.34	0	-2637.37	0	-2637.82	0	-2710.19	0	-2642.05	0	-2633.84	0	-2659.76	0	-2640.26	0	-2642.98	0	-2662.06	0	-2649.44	0	-2715.59	0	-2610.79	0	-2698.3	0	-2627.43	0	-2651.07	0	-2699.59	0	-2708.4	0
-2636.97	0	-2637.71	0	-2646.5	0	-2699.62	0	-2643.91	0	-2637.93	0	-2705.68	0	-2659.35	0	-2637.37	0	-2637.82	0	-2710.19	0	-2642.05	0	-2633.84	0	-2661.9	0	-2640.26	0	-2634.78	0	-2656.29	0	-2649.44	0	-2715.59	0	-2611.71	0	-2698.3	0	-2627.43	0	-2647.61	0	-2691.39	0	-2708.4	0
-2636.97	0	-2637.71	0	-2646.5	0	-2699.62	0	-2643.91	0	-2637.93	0	-2705.68	0	-2659.35	0	-2637.37	0	-2637.82	0	-2710.19	0	-2642.05	0	-2617.55	0	-2656.82	0	-2640.26	0	-2634.78	0	-2656.29	0	-2646.99	0	-2719.47	0	-2608.07	0	-2698.3	0	-2627.43	0	-2647.61	0	-2691.39	0	-2708.4	0
-2637.2	0	-2639.06	0	-2646.5	0	-2699.62	0	-2643.91	0	-2637.93	0	-2705.68	0	-2659.35	0	-2637.37	0	-2640.77	0	-2710.19	0	-2642.05	0	-2617.55	0	-2656.82	0	-2640.26	0	-2633.36	0	-2656.29	0	-2646.99	0	-2719.47	0	-2608.07	0	-2698.3	0	-2627.43	0	-2647.61	0	-2690.47	0	-2708.4	0
-2632.36	0	-2639.06	0	-2646.5	0	-2699.62	0	-2643.91	0	-2636.4	0	-2705.68	0	-2658.54	0	-2637.37	0	-2640.77	0	-2710.19	0	-2651.07	0	-2617.55	0	-2656.82	0	-2640.26	0	-2629.86	0	-2656.29	0	-2646.99	0	-2719.47	0	-2608.07	0	-2699.65	0	-2627.43	0	-2647.61	0	-2690.47	0	-2708.4	0
-2632.36	0	-2647.91	0	-2646.5	0	-2699.62	0	-2637.41	0	-2636.4	0	-2705.68	0	-2658.54	0	-2638.95	0	-2634.41	0	-2710.19	0	-2651.07	0	-2617.55	0	-2656.82	0	-2640.26	0	-2629.86	0	-2656.29	0	-2646.99	0	-2719.47	0	-2608.07	0	-2699.65	0	-2627.43	0	-2647.61	0	-2690.47	0	-2708.4	0
-2632.36	0	-2647.91	0	-2643.68	0	-2700.33	0	-2635.35	0	-2636.4	0	-2705.68	0	-2658.54	0	-2638.95	0	-2634.41	0	-2710.19	0	-2651.07	0	-2617.55	0	-2656.82	0	-2640.26	0	-2629.86	0	-2656.29	0	-2646.99	0	-2712.12	0	-2608.07	0	-2699.65	0	-2627.43	0	-2647.61	0	-2690.47	0	-2707.84	0
-2632.36	0	-2647.91	0	-2643.68	0	-2700.11	0	-2635.35	0	-2636.4	0	-2702.94	0	-2658.54	0	-2638.95	0	-2634.41	0	-2710.26	0	-2636.53	0	-2617.55	0	-2656.82	0	-2628.04	0	-2629.86	0	-2656.29	0	-2646.99	0	-2712.12	0	-2608.07	0	-2699.65	0	-2627.35	0	-2646.25	0	-2690.47	0	-2706.13	0
-2632.36	0	-2646.67	0	-2643.68	0	-2702.23	0	-2634.93	0	-2636.4	0	-2702.94	0	-2658.54	0	-2638.95	0	-2634.41	0	-2701.01	0	-2636.53	0	-2617.55	0	-2656.82	0	-2628.04	0	-2629.86	0	-2655.77	0	-2646.99	0	-2712.12	0	-2608.07	0	-2699.65	0	-2627.35	0	-2646.25	0	-2690.47	0	-2706.13	0
-2632.36	0	-2646.67	0	-2643.68	0	-2702.23	0	-2634.93	0	-2636.4	0	-2705.89	0	-2655.58	0	-2638.95	0	-2634.34	0	-2701.01	0	-2636.53	0	-2617.55	0	-2656.82	0	-2628.04	0	-2629.86	0	-2655.77	0	-2645.43	0	-2712.12	0	-2608.07	0	-2697.36	0	-2627.35	0	-2645.75	0	-2690.47	0	-2705.12	0
-2632.36	0	-2646.67	0	-2642.29	0	-2702.23	0	-2633.55	0	-2653.22	0	-2705.89	0	-2655.58	0	-2637.1	0	-2634.34	0	-2699.6	0	-2636.53	0	-2617.55	0	-2656.82	0	-2628.04	0	-2629.86	0	-2655.77	0	-2645.43	0	-2712.12	0	-2606.71	0	-2697.36	0	-2627.35	0	-2645.75	0	-2690.25	0	-2705.12	0
-2630.8	0	-2646.67	0	-2642.29	0	-2702.23	0	-2633.55	0	-2653.22	0	-2705.89	0	-2655.58	0	-2637.1	0	-2634.34	0	-2699.6	0	-2636.53	0	-2617.55	0	-2654.59	0	-2628.04	0	-2629.86	0	-2667.11	0	-2645.43	0	-2712.12	0	-2606.71	0	-2697.36	0	-2627.35	0	-2645.75	0	-2690.25	0	-2705.12	0
-2630.8	0	-2646.67	0	-2642.29	0	-2698.54	0	-2633.55	0	-2653.22	0	-2705.89	0	-2655.58	0	-2637.1	0	-2634.34	0	-2699.6	0	-2636.53	0	-2617.55	0	-2654.59	0	-2628.04	0	-2629.86	0	-2667.11	0	-2645.36	0	-2712.12	0	-2606.71	0	-2697.36	0	-2627.35	0	-2645.75	0	-2690.73	0	-2705.12	0
-2630.8	0	-2646.67	0	-2642.29	0	-2698.95	0	-2629.08	0	-2635.2	0	-2705.89	0	-2655.58	0	-2637.1	0	-2634.34	0	-2699.39	0	-2636.53	0	-2617.55	0	-2656.23	0	-2628.04	0	-2629.86	0	-2668.5	0	-2645.36	0	-2712.12	0	-2606.71	0	-2698.51	0	-2627.35	0	-2645.75	0	-2690.73	0	-2705.12	0
-2630.8	0	-2646.67	0	-2642.29	0	-2698.68	0	-2629.08	0	-2636.04	0	-2716.69	0	-2655.06	0	-2626.74	0	-2633.23	0	-2699.39	0	-2636.53	0	-2617.55	0	-2653.26	0	-2626	0	-2629.86	0	-2668.5	0	-2645.36	0	-2712.12	0	-2608.31	0	-2696.14	0	-2627.35	0	-2645.75	0	-2690.73	0	-2705.12	0
-2630.8	0	-2646.67	0	-2642.29	0	-2696.79	0	-2633.92	0	-2636.04	0	-2716.69	0	-2655.06	0	-2626.74	0	-2633.23	0	-2704.1	0	-2636.53	0	-2617.55	0	-2653.26	0	-2626	0	-2629.86	0	-2668.5	0	-2645.36	0	-2712.12	0	-2608.31	0	-2696.14	0	-2627.35	0	-2645.75	0	-2699.17	0	-2709.79	0
-2629.37	0	-2646.67	0	-2642.29	0	-2695.39	0	-2633.92	0	-2636.04	0	-2716.69	0	-2656.08	0	-2626.74	0	-2632.99	0	-2702.51	0	-2636.53	0	-2617.55	0	-2653.26	0	-2626.3	0	-2628.15	0	-2668.5	0	-2654.28	0	-2712.12	0	-2606.82	0	-2696.14	0	-2627.35	0	-2645.75	0	-2699.17	0	-2702.88	0
-2628.69	0	-2630.82	0	-2639.48	0	-2695.39	0	-2633.92	0	-2636.04	0	-2716.69	0	-2656.08	0	-2626.74	0	-2632.99	0	-2702.51	0	-2636.53	0	-2618.81	0	-2653.26	0	-2624.71	0	-2628.15	0	-2655.56	0	-2641.6	0	-2712.44	0	-2607.57	0	-2696.14	0	-2627.35	0	-2645.75	0	-2699.17	0	-2702.88	0
-2628.69	0	-2630.82	0	-2639.48	0	-2695.39	0	-2632.38	0	-2635.34	0	-2716.69	0	-2656.08	0	-2626.74	0	-2632.99	0	-2702.51	0	-2636.53	0	-2618.81	0	-2653.26	0	-2624.57	0	-2628.15	0	-2655.56	0	-2641.6	0	-2712.79	0	-2604.86	0	-2696.14	0	-2626.31	0	-2645.75	0	-2699.17	0	-2700.73	0
-2625.18	0	-2630.82	0	-2639.48	0	-2695.39	0	-2632.38	0	-2634.92	0	-2716.69	0	-2655.14	0	-2626.74	0	-2630.33	0	-2702.51	0	-2636.53	0	-2618.81	0	-2653.26	0	-2624.57	0	-2628.15	0	-2655.56	0	-2641.6	0	-2712.67	0	-2604.86	0	-2698.28	0	-2626.31	0	-2645.75	0	-2699.17	0	-2700.73	0
-2624.19	0	-2630.82	0	-2639.48	0	-2695.39	0	-2632.38	0	-2632.28	0	-2716.69	0	-2654.13	0	-2631.39	0	-2630.33	0	-2702.51	0	-2634.25	0	-2618.81	0	-2653.26	0	-2624.57	0	-2628.15	0	-2652.65	0	-2641.6	0	-2710.51	0	-2604.86	0	-2698.28	0	-2624.9	0	-2645.3	0	-2699.17	0	-2700.73	0
-2624.19	0	-2630.82	0	-2639.48	0	-2695.39	0	-2632.38	0	-2632.48	0	-2701.1	0	-2654.13	0	-2631.39	0	-2630.33	0	-2694.6	0	-2634.25	0	-2614.25	0	-2653.26	0	-2630.06	0	-2626.01	0	-2652.65	0	-2641.6	0	-2710.51	0	-2603.86	0	-2698.28	0	-2624.9	0	-2645.3	0	-2687.47	0	-2700.73	0
-2624.19	0	-2630.82	0	-2639.48	0	-2696.94	0	-2632.38	0	-2631.51	0	-2701.1	0	-2654.13	0	-2631.39	0	-2630.33	0	-2694.6	0	-2634.25	0	-2614.25	0	-2653.26	0	-2629.85	0	-2626.01	0	-2652.65	0	-2641.6	0	-2710.51	0	-2603.86	0	-2698.28	0	-2624.9	0	-2645	0	-2687.47	0	-2700.73	0
-2624.19	0	-2632.66	0	-2639.48	0	-2696.94	0	-2631.28	0	-2632.28	0	-2701.64	0	-2652.39	0	-2631.39	0	-2630.33	0	-2694.6	0	-2634.25	0	-2614.25	0	-2653.26	0	-2629.85	0	-2626.01	0	-2651.99	0	-2641.6	0	-2711.98	0	-2603.86	0	-2698.28	0	-2624.9	0	-2645	0	-2687.47	0	-2700.73	0
-2624.19	0	-2631.15	0	-2639.48	0	-2693.31	0	-2631.46	0	-2632.28	0	-2701.64	0	-2652.39	0	-2632.71	0	-2630.33	0	-2694.6	0	-2635.49	0	-2614.25	0	-2653.26	0	-2623.07	0	-2631.27	0	-2651.99	0	-2641.6	0	-2710.77	0	-2604.57	0	-2698.28	0	-2624.9	0	-2645	0	-2687.47	0	-2700.73	0
-2624.19	0	-2631.15	0	-2639.48	0	-2693.31	0	-2631.46	0	-2632.28	0	-2708.97	0	-2652.39	0	-2632.71	0	-2630.33	0	-2694.6	0	-2635.49	0	-2614.25	0	-2653.26	0	-2623.97	0	-2622.67	0	-2651.99	0	-2641.6	0	-2710.14	0	-2604.57	0	-2698.28	0	-2624.9	0	-2644.39	0	-2696.72	0	-2700.73	0
-2624.19	0	-2630.21	0	-2639.48	0	-2696.64	0	-2631.46	0	-2632.28	0	-2708.97	0	-2652.43	0	-2632.71	0	-2630.33	0	-2694.6	0	-2637.95	0	-2614.25	0	-2653.26	0	-2623.97	0	-2622.67	0	-2652.19	0	-2641.76	0	-2710.14	0	-2604.57	0	-2698.28	0	-2623.92	0	-2644.39	0	-2696.72	0	-2700.73	0
-2624.19	0	-2630.21	0	-2639.48	0	-2696.64	0	-2630	0	-2627.4	0	-2708.97	0	-2652.43	0	-2632.72	0	-2629.82	0	-2694.6	0	-2637.95	0	-2614.25	0	-2653.26	0	-2623.97	0	-2622.38	0	-2650.04	0	-2639.81	0	-2710.14	0	-2604.57	0	-2698.28	0	-2623.92	0	-2644.39	0	-2694.47	0	-2700.73	0
-2624.19	0	-2630.89	0	-2638.92	0	-2696.64	0	-2628.15	0	-2629.33	0	-2708.97	0	-2652.43	0	-2632.72	0	-2626.67	0	-2694.6	0	-2647.83	0	-2615.3	0	-2652.22	0	-2623.97	0	-2622.38	0	-2650.04	0	-2639.34	0	-2710.14	0	-2604.57	0	-2698.28	0	-2630.92	0	-2644.39	0	-2694.47	0	-2700.73	0
-2624.19	0	-2630.89	0	-2638.92	0	-2696.64	0	-2628.15	0	-2629.33	0	-2708.97	0	-2652.43	0	-2632.72	0	-2639.39	0	-2694.6	0	-2647.83	0	-2615.3	0	-2649.63	0	-2621.23	0	-2622.38	0	-2650.07	0	-2639.34	0	-2710.14	0	-2604.57	0	-2698.28	0	-2630.92	0	-2644.39	0	-2694.47	0	-2700.73	0
-2624.19	0	-2630.89	0	-2638.92	0	-2696.64	0	-2628.15	0	-2629.33	0	-2708.97	0	-2652.43	0	-2625.08	0	-2639.39	0	-2694.6	0	-2647.83	0	-2615.3	0	-2649.63	0	-2620.64	0	-2624.19	0	-2650.07	0	-2639.34	0	-2710.14	0	-2601.91	0	-2698.28	0	-2630.92	0	-2642.19	0	-2701.66	0	-2700.73	0
-2624.19	0	-2630.92	0	-2636.95	0	-2696.64	0	-2628.15	0	-2648.74	0	-2708.97	0	-2649.97	0	-2625.08	0	-2639.39	0	-2695.47	0	-2647.83	0	-2625.34	0	-2649.63	0	-2620.64	0	-2624.19	0	-2650.07	0	-2636.86	0	-2710.35	0	-2612.43	0	-2694.89	0	-2630.92	0	-2642.17	0	-2705.73	0	-2700.73	0
-2621.9	0	-2629.25	0	-2633.54	0	-2700.48	0	-2628.15	0	-2648.74	0	-2708.97	0	-2649.97	0	-2625.08	0	-2639.39	0	-2695.47	0	-2647.83	0	-2625.34	0	-2661.05	0	-2620.71	0	-2622.95	0	-2645.1	0	-2636.86	0	-2708.99	0	-2612.43	0	-2694.89	0	-2629.46	0	-2642.17	0	-2705.73	0	-2700.73	0
-2621.9	0	-2640.4	0	-2633.54	0	-2700.48	0	-2628.15	0	-2648.74	0	-2708.97	0	-2649.97	0	-2625.08	0	-2639.39	0	-2695.47	0	-2647.83	0	-2625.34	0	-2661.71	0	-2619.6	0	-2622.95	0	-2645.1	0	-2637.27	0	-2708.99	0	-2596.51	0	-2694.89	0	-2629.46	0	-2638.73	0	-2705.73	0	-2700.73	0
-2617.23	0	-2640.4	0	-2633.54	0	-2698.74	0	-2628.15	0	-2648.74	0	-2694.59	0	-2649.97	0	-2625.08	0	-2622.33	0	-2695.47	0	-2647.83	0	-2625.34	0	-2646.5	0	-2619.6	0	-2622.95	0	-2645.1	0	-2637.27	0	-2708.99	0	-2596.51	0	-2694.48	0	-2629.46	0	-2638.73	0	-2705.73	0	-2698.71	0
-2617.23	0	-2622.34	0	-2633.54	0	-2698.74	0	-2626.21	0	-2648.74	0	-2694.59	0	-2649.97	0	-2622.1	0	-2622.33	0	-2695.47	0	-2632.09	0	-2625.34	0	-2646.5	0	-2619.6	0	-2622.95	0	-2645.1	0	-2637.27	0	-2708.99	0	-2596.51	0	-2694.48	0	-2618.44	0	-2638.73	0	-2705.73	0	-2698.71	0
-2617.23	0	-2622.34	0	-2631.46	0	-2698.74	0	-2626.2	0	-2648.74	0	-2694.59	0	-2647.98	0	-2622.1	0	-2622.33	0	-2695.47	0	-2629.86	0	-2625.34	0	-2646.5	0	-2619.68	0	-2621.62	0	-2645.1	0	-2637.27	0	-2708.99	0	-2596.51	0	-2692.35	0	-2616.85	0	-2638.73	0	-2705.73	0	-2698.75	0
-2617.23	0	-2622.34	0	-2631.46	0	-2698.74	0	-2626.2	0	-2648.74	0	-2694.59	0	-2647.98	0	-2622.1	0	-2622.33	0	-2693.21	0	-2629.86	0	-2625.34	0	-2646.5	0	-2632.98	0	-2621.62	0	-2645.1	0	-2637.27	0	-2715.8	0	-2596.51	0	-2692.35	0	-2616.85	0	-2638.73	0	-2705.73	0	-2698.75	0
-2617.23	0	-2622.34	0	-2631.46	0	-2698.74	0	-2626.2	0	-2648.74	0	-2694.59	0	-2647.68	0	-2622.1	0	-2622.33	0	-2694.25	0	-2629.86	0	-2609.49	0	-2646.5	0	-2632.98	0	-2621.62	0	-2645.1	0	-2637.27	0	-2715.8	0	-2596.51	0	-2692.35	0	-2616.85	0	-2638.73	0	-2705.73	0	-2698.75	0
-2617.23	0	-2622.34	0	-2631.46	0	-2698.74	0	-2626.2	0	-2648.74	0	-2694.59	0	-2646.64	0	-2622.1	0	-2623	0	-2694.25	0	-2629.86	0	-2609.49	0	-2646.5	0	-2632.98	0	-2621.62	0	-2645.1	0	-2637.27	0	-2715.8	0	-2596.51	0	-2692.35	0	-2616.85	0	-2638.73	0	-2705.73	0	-2698.75	0
-2617.23	0	-2622.34	0	-2634.09	0	-2698.74	0	-2626.2	0	-2648.74	0	-2694.59	0	-2646.25	0	-2622.1	0	-2623	0	-2694.25	0	-2629.86	0	-2609.49	0	-2646.5	0	-2632.98	0	-2617.69	0	-2645.1	0	-2637.27	0	-2715.8	0	-2591.73	0	-2697.7	0	-2616.85	0	-2638.73	0	-2705.73	0	-2697.74	0
-2615.84	0	-2622.34	0	-2632	0	-2698.74	0	-2626.2	0	-2632.77	0	-2694.59	0	-2646.25	0	-2622.1	0	-2624.04	0	-2694.25	0	-2629.86	0	-2609.2	0	-2646.5	0	-2632.98	0	-2617.69	0	-2645.1	0	-2648.5	0	-2715.8	0	-2591.73	0	-2697.7	0	-2616.35	0	-2638.73	0	-2705.73	0	-2697.74	0
-2615.84	0	-2622.34	0	-2632	0	-2698.74	0	-2626.2	0	-2632.77	0	-2694.59	0	-2646.25	0	-2622.1	0	-2621.82	0	-2694.25	0	-2627.96	0	-2609.2	0	-2646.5	0	-2632.98	0	-2617.69	0	-2645.1	0	-2633.53	0	-2715.8	0	-2591.73	0	-2697.7	0	-2617.15	0	-2638.7	0	-2705.73	0	-2693.35	0
-2616.33	0	-2622.34	0	-2632	0	-2698.74	0	-2626.2	0	-2622.9	0	-2694.59	0	-2646.25	0	-2622.1	0	-2621.28	0	-2691.74	0	-2627.96	0	-2609.2	0	-2646.5	0	-2632.98	0	-2617.69	0	-2642.68	0	-2633.53	0	-2715.8	0	-2591.73	0	-2697.7	0	-2617.15	0	-2638.7	0	-2705.73	0	-2693.35	0
-2616.33	0	-2622.34	0	-2632	0	-2682.94	0	-2625.74	0	-2622.9	0	-2694.59	0	-2646.25	0	-2622.1	0	-2621.28	0	-2691.74	0	-2627.96	0	-2609.2	0	-2646.5	0	-2632.98	0	-2616.57	0	-2642.68	0	-2633.53	0	-2707.6	0	-2591.73	0	-2697.7	0	-2617.15	0	-2636.51	0	-2705.73	0	-2693.35	0
-2616.33	0	-2622.34	0	-2632	0	-2682.94	0	-2625.74	0	-2622.9	0	-2694.59	0	-2661.73	0	-2622.1	0	-2621.28	0	-2693.34	0	-2627.96	0	-2609.2	0	-2646.5	0	-2615.95	0	-2614.56	0	-2642.68	0	-2633.53	0	-2707.6	0	-2591.73	0	-2690.42	0	-2617.15	0	-2636.51	0	-2705.73	0	-2693.35	0
-2616.33	0	-2622.34	0	-2630.45	0	-2682.94	0	-2625.74	0	-2621	0	-2694.59	0	-2661.73	0	-2622.1	0	-2621.28	0	-2693.34	0	-2627.96	0	-2609.2	0	-2646.5	0	-2616.82	0	-2614.56	0	-2642.68	0	-2630.11	0	-2707.6	0	-2591.73	0	-2690.42	0	-2615.53	0	-2636.51	0	-2705.73	0	-2693.35	0
-2612.01	0	-2622.34	0	-2630.45	0	-2682.94	0	-2625.05	0	-2621.29	0	-2694.59	0	-2655.32	0	-2622.1	0	-2621.28	0	-2693.34	0	-2627.96	0	-2609.2	0	-2646.5	0	-2616.35	0	-2614.56	0	-2642.68	0	-2630.11	0	-2707.28	0	-2591.73	0	-2690.42	0	-2615.53	0	-2636.51	0	-2705.73	0	-2704.97	0
-2612.01	0	-2622.34	0	-2630.45	0	-2682.94	0	-2622.24	0	-2622.14	0	-2694.59	0	-2642.76	0	-2622.1	0	-2618.64	0	-2702.83	0	-2627.96	0	-2609.2	0	-2646.5	0	-2616.35	0	-2614.56	0	-2642.68	0	-2630.11	0	-2707.16	0	-2591.73	0	-2690.82	0	-2615.53	0	-2629.05	0	-2705.73	0	-2704.97	0
-2612.01	0	-2623.28	0	-2630.45	0	-2682.94	0	-2621.6	0	-2619.4	0	-2694.59	0	-2642.76	0	-2622.1	0	-2618.64	0	-2702.83	0	-2639.83	0	-2609.2	0	-2642.72	0	-2614.16	0	-2614.56	0	-2642.9	0	-2630.11	0	-2707.16	0	-2591.73	0	-2691.24	0	-2615.53	0	-2629.05	0	-2705.73	0	-2704.97	0
-2612.01	0	-2623.28	0	-2630.45	0	-2682.94	0	-2621.6	0	-2619.4	0	-2694.59	0	-2642.76	0	-2622.1	0	-2618.64	0	-2702.83	0	-2638.43	0	-2621.48	0	-2642.11	0	-2615.71	0	-2617.26	0	-2641.52	0	-2630.11	0	-2705.23	0	-2589.29	0	-2688.84	0	-2615.53	0	-2629.05	0	-2705.73	0	-2695.64	0
-2612.01	0	-2623.28	0	-2630.45	0	-2682.94	0	-2621.6	0	-2619.97	0	-2692.92	0	-2642.76	0	-2622.1	0	-2618.64	0	-2698.7	0	-2638.43	0	-2621.48	0	-2642.11	0	-2613.4	0	-2614.77	0	-2637.52	0	-2630.11	0	-2705.23	0	-2590.63	0	-2688.84	0	-2615.53	0	-2633.79	0	-2705.73	0	-2700.95	0
-2612.01	0	-2623.28	0	-2628.55	0	-2682.94	0	-2621.6	0	-2619.97	0	-2692.92	0	-2642.76	0	-2622.1	0	-2617.61	0	-2700.68	0	-2638.43	0	-2621.48	0	-2640.53	0	-2613.4	0	-2614.77	0	-2637.52	0	-2630.11	0	-2705.23	0	-2590.63	0	-2688.84	0	-2615.53	0	-2633.79	0	-2705.73	0	-2702.69	0
-2613.12	0	-2623.28	0	-2628.55	0	-2682.94	0	-2621.6	0	-2618.34	0	-2692.65	0	-2640.64	0	-2622.1	0	-2617.61	0	-2700.68	0	-2638.43	0	-2621.48	0	-2640.53	0	-2613.4	0	-2614.77	0	-2637.52	0	-2630.11	0	-2705.23	0	-2590.63	0	-2688.84	0	-2614.92	0	-2646.54	0	-2705.73	0	-2702.69	0
-2613.12	0	-2621.69	0	-2630.55	0	-2682.94	0	-2621.6	0	-2618.34	0	-2692.65	0	-2640.64	0	-2622.1	0	-2617.61	0	-2695.5	0	-2624.77	0	-2621.48	0	-2640.53	0	-2611.93	0	-2612.24	0	-2637.52	0	-2630.11	0	-2705.23	0	-2590.63	0	-2688.84	0	-2614.92	0	-2646.54	0	-2705.73	0	-2702.69	0
-2613.12	0	-2621.69	0	-2630.55	0	-2682.94	0	-2621.6	0	-2618.34	0	-2692.65	0	-2639.83	0	-2622.1	0	-2617.61	0	-2695.5	0	-2624.74	0	-2621.48	0	-2640.53	0	-2611.93	0	-2613.59	0	-2637.52	0	-2630.11	0	-2702.76	0	-2590.63	0	-2688.36	0	-2612.96	0	-2646.54	0	-2705.73	0	-2692.78	0
-2613.12	0	-2619.6	0	-2630.55	0	-2682.94	0	-2621.19	0	-2618.34	0	-2692.15	0	-2639.83	0	-2622.1	0	-2617.61	0	-2695.5	0	-2624.74	0	-2621.48	0	-2640.53	0	-2611.93	0	-2612.76	0	-2637.52	0	-2630.11	0	-2702.76	0	-2590.63	0	-2688.36	0	-2612.96	0	-2635.22	0	-2705.73	0	-2692.64	0
-2613.12	0	-2619.6	0	-2626.02	0	-2682.94	0	-2622.08	0	-2618.34	0	-2690	0	-2639.83	0	-2622.1	0	-2613.86	0	-2695.5	0	-2624.74	0	-2604.36	0	-2640.53	0	-2611.93	0	-2612.76	0	-2639.2	0	-2630.11	0	-2702.76	0	-2589.12	0	-2688.36	0	-2611.85	0	-2635.22	0	-2705.73	0	-2692.64	0
-2606.32	0	-2619.6	0	-2626.02	0	-2683.1	0	-2622.08	0	-2618.34	0	-2690	0	-2639.83	0	-2622.1	0	-2613.86	0	-2695.5	0	-2622.65	0	-2604.36	0	-2640.53	0	-2611.93	0	-2612.76	0	-2639.2	0	-2630.11	0	-2702.76	0	-2587.32	0	-2688.36	0	-2610.66	0	-2631.97	0	-2705.73	0	-2692.64	0
-2608.54	0	-2620.59	0	-2626.7	0	-2697.33	0	-2622.08	0	-2618.34	0	-2689.35	0	-2638.31	0	-2621.27	0	-2613.86	0	-2695.5	0	-2622.65	0	-2604.36	0	-2640.53	0	-2611.59	0	-2612.76	0	-2639.2	0	-2630.79	0	-2703.38	0	-2587.32	0	-2688.36	0	-2610.66	0	-2631.97	0	-2705.73	0	-2692.64	0
-2608.54	0	-2620.59	0	-2626.01	0	-2679.27	0	-2627.17	0	-2618.34	0	-2687.19	0	-2638.31	0	-2620.29	0	-2613.86	0	-2695.5	0	-2622.65	0	-2604.36	0	-2640.53	0	-2611.84	0	-2609.82	0	-2639.2	0	-2630.79	0	-2703.01	0	-2587.47	0	-2688.36	0	-2610.66	0	-2631.43	0	-2705.73	0	-2692.64	0
-2608.54	0	-2620.59	0	-2625.02	0	-2679.27	0	-2623.67	0	-2618.34	0	-2687.19	0	-2638.31	0	-2618.6	0	-2613.86	0	-2689.09	0	-2622.65	0	-2604.36	0	-2632.85	0	-2610.31	0	-2609.82	0	-2639.2	0	-2629.63	0	-2703.01	0	-2587.47	0	-2685.51	0	-2610.71	0	-2631.43	0	-2705.73	0	-2692.64	0
-2608.54	0	-2620.59	0	-2625.02	0	-2691.61	0	-2617.6	0	-2618.34	0	-2687.19	0	-2638.31	0	-2618.6	0	-2613.86	0	-2691.49	0	-2622.65	0	-2604.36	0	-2632.85	0	-2610.31	0	-2609.82	0	-2639.2	0	-2636.56	0	-2703.01	0	-2587.47	0	-2685.51	0	-2609.13	0	-2631.43	0	-2705.73	0	-2692.64	0
-2608.54	0	-2620.59	0	-2620.9	0	-2691.61	0	-2619.28	0	-2618.34	0	-2687.19	0	-2638.31	0	-2615.19	0	-2613.86	0	-2689.15	0	-2622.65	0	-2602.3	0	-2632.85	0	-2610.31	0	-2609.82	0	-2639.2	0	-2636.56	0	-2702.44	0	-2583.28	0	-2685.51	0	-2608.58	0	-2631.43	0	-2705.73	0	-2692.64	0
-2605.66	0	-2620.59	0	-2619.89	0	-2691.61	0	-2619.28	0	-2616.2	0	-2687.19	0	-2639.05	0	-2615.19	0	-2613.86	0	-2689.15	0	-2622.65	0	-2602.3	0	-2632.85	0	-2610.31	0	-2609.76	0	-2638.18	0	-2636.56	0	-2702.44	0	-2583.28	0	-2685.51	0	-2608.58	0	-2649.41	0	-2705.73	0	-2692.64	0
-2605.66	0	-2620.59	0	-2619.89	0	-2691.61	0	-2619.23	0	-2615.83	0	-2687.19	0	-2641.27	0	-2615.19	0	-2613.86	0	-2689.15	0	-2621.36	0	-2607.25	0	-2632.85	0	-2610.31	0	-2609.68	0	-2632.92	0	-2636.56	0	-2702.44	0	-2583.28	0	-2685.88	0	-2608.58	0	-2630.48	0	-2705.73	0	-2692.64	0
-2605.66	0	-2617.02	0	-2619.89	0	-2691.61	0	-2619.23	0	-2615.83	0	-2687.19	0	-2641.27	0	-2615.19	0	-2613.03	0	-2688.99	0	-2621.36	0	-2607.25	0	-2632.85	0	-2607.6	0	-2609.68	0	-2632.92	0	-2636.56	0	-2702.44	0	-2583.28	0	-2685.88	0	-2608.58	0	-2630.48	0	-2705.73	0	-2692.64	0
-2605.66	0	-2617.02	0	-2619.58	0	-2691.61	0	-2617.65	0	-2629.4	0	-2687.19	0	-2641.27	0	-2615.19	0	-2613.03	0	-2688.56	0	-2620.66	0	-2607.25	0	-2632.85	0	-2607.6	0	-2612.15	0	-2632.92	0	-2636.56	0	-2700.68	0	-2583.28	0	-2685.88	0	-2608.58	0	-2630.48	0	-2677.13	0	-2691.38	0
-2605.66	0	-2623.32	0	-2619.58	0	-2691.61	0	-2617.65	0	-2629.4	0	-2687.19	0	-2641.27	0	-2615.19	0	-2613.03	0	-2693.98	0	-2620.66	0	-2607.25	0	-2629.4	0	-2607.6	0	-2612.15	0	-2632.92	0	-2636.56	0	-2700.68	0	-2583.28	0	-2685.88	0	-2606.04	0	-2630.16	0	-2677.13	0	-2691.38	0
-2603.43	0	-2623.32	0	-2619.58	0	-2691.61	0	-2617.27	0	-2629.4	0	-2688.27	0	-2641.27	0	-2616.5	0	-2610.29	0	-2693.98	0	-2621.31	0	-2607.25	0	-2629.4	0	-2607.6	0	-2609.15	0	-2632.92	0	-2637.6	0	-2712.2	0	-2583.28	0	-2693.11	0	-2606.04	0	-2627.63	0	-2677.13	0	-2691.38	0
-2603.03	0	-2623.32	0	-2619.58	0	-2691.61	0	-2617.27	0	-2629.4	0	-2700.52	0	-2633.73	0	-2616.5	0	-2606.96	0	-2693.98	0	-2621.31	0	-2607.25	0	-2629.4	0	-2604.71	0	-2609.15	0	-2632.92	0	-2631.41	0	-2712.2	0	-2583.28	0	-2693.11	0	-2606.04	0	-2627.3	0	-2676.65	0	-2689.4	0
-2599.91	0	-2623.32	0	-2620.08	0	-2691.61	0	-2617.27	0	-2629.4	0	-2699.64	0	-2633.73	0	-2616.5	0	-2606.96	0	-2693.98	0	-2621.31	0	-2598.23	0	-2629.4	0	-2604.71	0	-2608.43	0	-2632.92	0	-2631.41	0	-2696.44	0	-2583.28	0	-2693.11	0	-2606.04	0	-2627.3	0	-2690.44	0	-2689.4	0
-2599.91	0	-2609.41	0	-2620.08	0	-2691.61	0	-2617.27	0	-2629.4	0	-2699.64	0	-2633.73	0	-2616.5	0	-2606.96	0	-2695.94	0	-2621.31	0	-2598.23	0	-2629.4	0	-2602.25	0	-2608.43	0	-2632.92	0	-2638.98	0	-2696.44	0	-2582.15	0	-2693.11	0	-2606.04	0	-2627.3	0	-2690.44	0	-2689.72	0
-2599.91	0	-2609.41	0	-2620.08	0	-2678.62	0	-2617.27	0	-2629.4	0	-2699.64	0	-2633.73	0	-2616.5	0	-2606.96	0	-2695.94	0	-2619.24	0	-2598.23	0	-2629.4	0	-2602.25	0	-2604.37	0	-2632.4	0	-2638.98	0	-2696.44	0	-2581.6	0	-2686.07	0	-2606.04	0	-2627.3	0	-2689.04	0	-2689.72	0
-2599.91	0	-2609.41	0	-2620.08	0	-2678.62	0	-2621.34	0	-2629.4	0	-2699.64	0	-2633.73	0	-2616.5	0	-2606.96	0	-2695.94	0	-2619.24	0	-2598.23	0	-2629.4	0	-2602.25	0	-2604.37	0	-2632.4	0	-2638.98	0	-2696.44	0	-2581.6	0	-2685.87	0	-2606.04	0	-2627.3	0	-2689.04	0	-2689.72	0
-2599.91	0	-2609.41	0	-2620.08	0	-2677.54	0	-2614.38	0	-2629.4	0	-2686.58	0	-2632.26	0	-2614.96	0	-2606.96	0	-2695.94	0	-2619.12	0	-2598.23	0	-2629.4	0	-2602.25	0	-2603.75	0	-2632.99	0	-2638.98	0	-2696.44	0	-2578.32	0	-2683.99	0	-2606.04	0	-2627.3	0	-2689.04	0	-2689.72	0
-2599.91	0	-2612.14	0	-2620.08	0	-2677.54	0	-2612.76	0	-2629.4	0	-2686.58	0	-2632.26	0	-2614.96	0	-2606.96	0	-2695.94	0	-2619.12	0	-2596.83	0	-2629.4	0	-2602.25	0	-2603.75	0	-2632.99	0	-2638.98	0	-2696.44	0	-2578.32	0	-2683.99	0	-2606.04	0	-2627.3	0	-2689.04	0	-2687.34	0
-2598.46	0	-2612.14	0	-2620.08	0	-2677.54	0	-2612.76	0	-2607.66	0	-2686.58	0	-2632.26	0	-2614.96	0	-2607.44	0	-2695.94	0	-2618.67	0	-2596.83	0	-2629.4	0	-2604.84	0	-2603.75	0	-2631.71	0	-2638.98	0	-2696.44	0	-2578.32	0	-2683.99	0	-2607.26	0	-2627.3	0	-2689.04	0	-2687.34	0
-2598.46	0	-2612.14	0	-2620.08	0	-2677.54	0	-2609.87	0	-2610.14	0	-2700.7	0	-2632.26	0	-2615.51	0	-2607.44	0	-2695.94	0	-2618.67	0	-2596.83	0	-2629.4	0	-2604.84	0	-2603.75	0	-2631.71	0	-2638.98	0	-2696.44	0	-2578.32	0	-2683.99	0	-2607.26	0	-2626.21	0	-2689.04	0	-2687.34	0
-2599.14	0	-2612.14	0	-2616.52	0	-2677.54	0	-2609.87	0	-2610.14	0	-2700.7	0	-2632.26	0	-2613.59	0	-2607.44	0	-2695.94	0	-2618.67	0	-2596.83	0	-2628.73	0	-2604.84	0	-2602.03	0	-2631.71	0	-2638.98	0	-2696.44	0	-2578	0	-2683.99	0	-2603.35	0	-2625.65	0	-2689.04	0	-2686.84	0
-2599.14	0	-2612.14	0	-2612.25	0	-2677.54	0	-2609.87	0	-2617.5	0	-2700.7	0	-2632.26	0	-2608.65	0	-2607.44	0	-2695.94	0	-2618.67	0	-2596.83	0	-2627.84	0	-2604.84	0	-2598.93	0	-2631.71	0	-2638.98	0	-2696.44	0	-2578	0	-2683.99	0	-2604.05	0	-2625.65	0	-2689.04	0	-2686.84	0
-2598.37	0	-2612.14	0	-2612.25	0	-2677.54	0	-2609.87	0	-2617.5	0	-2698.9	0	-2630.23	0	-2608.65	0	-2610.9	0	-2690.09	0	-2615.07	0	-2594.68	0	-2627.84	0	-2610.97	0	-2598.93	0	-2631.71	0	-2619.81	0	-2696.44	0	-2578	0	-2683.99	0	-2604.05	0	-2621.36	0	-2689.04	0	-2688.82	0
-2598.37	0	-2610.02	0	-2612.25	0	-2677.54	0	-2612.21	0	-2598.72	0	-2698.9	0	-2629.86	0	-2608.65	0	-2603.53	0	-2690.09	0	-2616.12	0	-2594.68	0	-2627.84	0	-2603.47	0	-2598.93	0	-2635.33	0	-2619.81	0	-2696.44	0	-2579.23	0	-2683.99	0	-2604.05	0	-2621.36	0	-2689.04	0	-2682.45	0
-2597.17	0	-2610.02	0	-2612.25	0	-2677.54	0	-2612.21	0	-2598.72	0	-2698.9	0	-2630.46	0	-2608.65	0	-2603.06	0	-2690.09	0	-2616.12	0	-2594.68	0	-2627.84	0	-2602.59	0	-2598.93	0	-2635.33	0	-2619.81	0	-2696.44	0	-2579.23	0	-2683.99	0	-2604.05	0	-2621.36	0	-2689.04	0	-2682.45	0
-2597.17	0	-2610.02	0	-2612.25	0	-2679.45	0	-2612.21	0	-2598.72	0	-2698.9	0	-2629.53	0	-2605.45	0	-2603.67	0	-2685.38	0	-2616.12	0	-2590.87	0	-2627.84	0	-2602.59	0	-2598.93	0	-2635.33	0	-2619.81	0	-2696.44	0	-2577.8	0	-2683.99	0	-2602.08	0	-2621.36	0	-2689.04	0	-2682.45	0
-2597.17	0	-2608.08	0	-2612.25	0	-2675.85	0	-2612.21	0	-2598.72	0	-2698.9	0	-2629.55	0	-2605.45	0	-2603.67	0	-2685.38	0	-2614.6	0	-2592.92	0	-2627.84	0	-2602.59	0	-2598.93	0	-2635.33	0	-2619.81	0	-2703.31	0	-2576.26	0	-2683.17	0	-2599.94	0	-2621.36	0	-2689.04	0	-2685.78	0
-2597.17	0	-2609.74	0	-2612.25	0	-2674.29	0	-2612.82	0	-2598.72	0	-2698.9	0	-2629.55	0	-2605.45	0	-2603.67	0	-2685.38	0	-2614.6	0	-2590.35	0	-2627.84	0	-2604.49	0	-2598.93	0	-2635.33	0	-2619.81	0	-2703.31	0	-2576.26	0	-2682.66	0	-2597.71	0	-2621.36	0	-2674.08	0	-2685.78	0
-2597.42	0	-2605.97	0	-2608.92	0	-2674.29	0	-2612.82	0	-2598.72	0	-2677.46	0	-2626.38	0	-2605.45	0	-2603.14	0	-2685.38	0	-2612.98	0	-2590.35	0	-2628.44	0	-2599.83	0	-2598.93	0	-2635.33	0	-2619.81	0	-2703.31	0	-2576.26	0	-2682.66	0	-2597.71	0	-2621.36	0	-2674.08	0	-2685.78	0
-2597.42	0	-2605.97	0	-2608.92	0	-2679.75	0	-2610.03	0	-2598.72	0	-2677.46	0	-2628.55	0	-2605.45	0	-2598.57	0	-2685.38	0	-2612.98	0	-2589.49	0	-2628.44	0	-2599.83	0	-2599.97	0	-2635.33	0	-2618.7	0	-2695.75	0	-2576.26	0	-2682.66	0	-2597.71	0	-2621.36	0	-2671.32	0	-2685.78	0
-2597.42	0	-2600.32	0	-2608.92	0	-2679.75	0	-2607.77	0	-2598.72	0	-2677.46	0	-2624.74	0	-2605.45	0	-2598.57	0	-2685.38	0	-2618.24	0	-2589.49	0	-2628.44	0	-2599.56	0	-2599.97	0	-2628.07	0	-2618.7	0	-2695.75	0	-2574.68	0	-2688.68	0	-2597.71	0	-2621.36	0	-2671.32	0	-2685.18	0
-2597.42	0	-2600.32	0	-2608.92	0	-2679.75	0	-2607.77	0	-2598.72	0	-2677.46	0	-2624.74	0	-2605.45	0	-2598.57	0	-2685.38	0	-2618.24	0	-2589.49	0	-2619.48	0	-2599.56	0	-2599.97	0	-2627.21	0	-2618.7	0	-2695.75	0	-2574.68	0	-2688.68	0	-2597.71	0	-2621.36	0	-2674.25	0	-2685.18	0
-2593.87	0	-2600.32	0	-2608.92	0	-2679.75	0	-2607.77	0	-2598.72	0	-2677.46	0	-2626.84	0	-2605.45	0	-2598.57	0	-2685.38	0	-2618.24	0	-2587.85	0	-2619.48	0	-2599.56	0	-2599.97	0	-2624.35	0	-2618.7	0	-2693.19	0	-2574.68	0	-2685.46	0	-2597.71	0	-2621.36	0	-2674.25	0	-2681.23	0
-2593.63	0	-2600.32	0	-2608.92	0	-2679.75	0	-2607.77	0	-2598.72	0	-2677.46	0	-2624.62	0	-2605.45	0	-2596.66	0	-2685.38	0	-2618.24	0	-2587.85	0	-2619.48	0	-2599.56	0	-2596.43	0	-2625.26	0	-2618.7	0	-2693.19	0	-2572.33	0	-2685.46	0	-2597.71	0	-2621.36	0	-2670.44	0	-2684.41	0
-2593.63	0	-2600.32	0	-2609.51	0	-2679.75	0	-2607.77	0	-2600.68	0	-2677.46	0	-2623.51	0	-2605.45	0	-2596.66	0	-2685.38	0	-2611.8	0	-2587.85	0	-2619.48	0	-2599.56	0	-2596.43	0	-2624.47	0	-2618.7	0	-2693.19	0	-2570.35	0	-2681.66	0	-2597.71	0	-2621.36	0	-2686.51	0	-2684.41	0
-2593.63	0	-2600.32	0	-2609.51	0	-2679.75	0	-2607.77	0	-2600.68	0	-2677.46	0	-2623.51	0	-2605.45	0	-2596.87	0	-2685.38	0	-2611.8	0	-2587.58	0	-2619.48	0	-2599.56	0	-2596.43	0	-2624.47	0	-2618.7	0	-2693.19	0	-2570.35	0	-2681.66	0	-2597.71	0	-2621.36	0	-2686.51	0	-2684.41	0
-2591.04	0	-2600.32	0	-2609.3	0	-2679.75	0	-2607.77	0	-2600.68	0	-2677.46	0	-2623.51	0	-2599.42	0	-2596.87	0	-2685.38	0	-2609.8	0	-2587.58	0	-2621.85	0	-2599.99	0	-2596.29	0	-2623.31	0	-2618.7	0	-2693.19	0	-2571.36	0	-2679.3	0	-2603.49	0	-2621.36	0	-2678.8	0	-2680.87	0
-2588.15	0	-2600.32	0	-2610.25	0	-2679.75	0	-2607.02	0	-2600.68	0	-2677.46	0	-2623.51	0	-2599.42	0	-2596.87	0	-2680.63	0	-2607.98	0	-2587.58	0	-2622.77	0	-2599.36	0	-2596.29	0	-2622.74	0	-2618.7	0	-2693.19	0	-2568.59	0	-2679.3	0	-2596.82	0	-2621.36	0	-2678.8	0	-2680.87	0
-2588.15	0	-2600.32	0	-2608.76	0	-2674.04	0	-2604.07	0	-2600.68	0	-2677.46	0	-2622.11	0	-2599.42	0	-2596.87	0	-2680.63	0	-2608.23	0	-2585.84	0	-2622.77	0	-2599.36	0	-2596.29	0	-2622.74	0	-2618.03	0	-2693.19	0	-2568.59	0	-2679.3	0	-2596.82	0	-2614.26	0	-2678.8	0	-2680.87	0
-2589	0	-2600.32	0	-2606.77	0	-2674.04	0	-2604.07	0	-2600.68	0	-2677.46	0	-2622.11	0	-2599.42	0	-2596.87	0	-2680.63	0	-2608.23	0	-2585.84	0	-2622.77	0	-2596.14	0	-2594.22	0	-2622.74	0	-2618.03	0	-2693.19	0	-2568.59	0	-2679.32	0	-2596.82	0	-2614.26	0	-2678.8	0	-2680.87	0
-2586.85	0	-2600.32	0	-2606.77	0	-2674.04	0	-2604.07	0	-2604.31	0	-2677.81	0	-2622.11	0	-2599.42	0	-2595.61	0	-2680.63	0	-2608.23	0	-2585.84	0	-2622.28	0	-2596.14	0	-2593.56	0	-2622.74	0	-2615.81	0	-2693.19	0	-2569.15	0	-2679.32	0	-2596.82	0	-2614.45	0	-2678.8	0	-2680.87	0
-2586.85	0	-2602.28	0	-2606.77	0	-2674.04	0	-2604.07	0	-2604.31	0	-2677.81	0	-2622.11	0	-2599.42	0	-2595.61	0	-2680.63	0	-2604.68	0	-2587.18	0	-2622.28	0	-2596.49	0	-2593.56	0	-2622.74	0	-2615.81	0	-2693.19	0	-2569.15	0	-2684.45	0	-2595.46	0	-2614.45	0	-2678.8	0	-2680.87	0
-2586.85	0	-2602.28	0	-2605.45	0	-2684.25	0	-2602.48	0	-2598.76	0	-2677.81	0	-2622.11	0	-2599.42	0	-2595.61	0	-2680.63	0	-2606.27	0	-2584.92	0	-2622.28	0	-2605.4	0	-2593.56	0	-2622.74	0	-2611.44	0	-2693.19	0	-2566.46	0	-2684.45	0	-2595.46	0	-2614.45	0	-2678.8	0	-2680.87	0
-2587.04	0	-2602.28	0	-2602.32	0	-2684.25	0	-2602.48	0	-2598.76	0	-2677.81	0	-2620.11	0	-2599.42	0	-2595.12	0	-2680.63	0	-2610.27	0	-2584.92	0	-2622.28	0	-2595.22	0	-2593.56	0	-2622.74	0	-2612.88	0	-2693.19	0	-2565.17	0	-2684.45	0	-2595.46	0	-2612.6	0	-2678.8	0	-2680.87	0
-2587.04	0	-2602.28	0	-2602.32	0	-2678.23	0	-2602.48	0	-2597.88	0	-2677.81	0	-2620.93	0	-2599.42	0	-2592.02	0	-2680.9	0	-2610.27	0	-2584.46	0	-2621.01	0	-2595.22	0	-2593.56	0	-2622.74	0	-2612.88	0	-2693.18	0	-2565.17	0	-2684.45	0	-2593.93	0	-2612.6	0	-2666.69	0	-2680.87	0
-2587.04	0	-2602.28	0	-2602.32	0	-2678.23	0	-2602.48	0	-2597.88	0	-2677.81	0	-2618.96	0	-2599.42	0	-2592.02	0	-2679.63	0	-2603.3	0	-2584.91	0	-2621.01	0	-2593.13	0	-2593.56	0	-2622.74	0	-2612.88	0	-2692.44	0	-2565.32	0	-2677.13	0	-2593.93	0	-2612.6	0	-2666.69	0	-2679.01	0
-2586.94	0	-2598.8	0	-2599.01	0	-2680	0	-2602.48	0	-2597.88	0	-2676.35	0	-2616.6	0	-2599.42	0	-2592.02	0	-2679.63	0	-2603.3	0	-2584.91	0	-2620.15	0	-2593.13	0	-2593.56	0	-2622.74	0	-2612.88	0	-2692.44	0	-2565.32	0	-2677.13	0	-2593.93	0	-2623.83	0	-2666.69	0	-2679.01	0
-2584.67	0	-2598.8	0	-2599.01	0	-2680	0	-2602.48	0	-2596.43	0	-2676.35	0	-2616.6	0	-2599.42	0	-2592.02	0	-2679.63	0	-2603.3	0	-2578.33	0	-2620.15	0	-2604.93	0	-2612.69	0	-2622.74	0	-2612.88	0	-2692.03	0	-2567.66	0	-2677.13	0	-2593.79	0	-2613.59	0	-2666.69	0	-2679.01	0
-2581.03	0	-2598.8	0	-2599.01	0	-2669.54	0	-2602.48	0	-2596.43	0	-2687.69	0	-2616.6	0	-2599.42	0	-2592.02	0	-2679.63	0	-2603.3	0	-2578.33	0	-2618.52	0	-2604.08	0	-2612.69	0	-2622.74	0	-2612.88	0	-2691.81	0	-2561.8	0	-2677.13	0	-2592.64	0	-2610.7	0	-2666.69	0	-2683.46	0
-2581.03	0	-2598.8	0	-2599.01	0	-2669.54	0	-2602.48	0	-2596.43	0	-2684.67	0	-2616.89	0	-2599.42	0	-2588.68	0	-2679.63	0	-2603.3	0	-2583.08	0	-2617.11	0	-2604.08	0	-2612.69	0	-2622.74	0	-2623.66	0	-2695.53	0	-2561.8	0	-2677.13	0	-2592.64	0	-2610.7	0	-2666.69	0	-2678.32	0
-2581.03	0	-2598.8	0	-2599.01	0	-2670.76	0	-2597.34	0	-2596.43	0	-2684.67	0	-2616.89	0	-2599.71	0	-2588.68	0	-2683.69	0	-2615.64	0	-2583.08	0	-2617.11	0	-2604.08	0	-2612.69	0	-2614.22	0	-2623.66	0	-2695.53	0	-2561.8	0	-2677.13	0	-2592.64	0	-2607.72	0	-2666.2	0	-2678.32	0
-2581.03	0	-2598.8	0	-2599.01	0	-2670.45	0	-2597.34	0	-2596.43	0	-2679.29	0	-2614.05	0	-2607.68	0	-2588.68	0	-2680.05	0	-2615.64	0	-2583.08	0	-2617.11	0	-2604.08	0	-2612.69	0	-2614.22	0	-2623.66	0	-2689.83	0	-2560.56	0	-2677.13	0	-2586.27	0	-2607.72	0	-2666.2	0	-2678.32	0
-2581.03	0	-2598.8	0	-2599.01	0	-2672.23	0	-2597.34	0	-2596.43	0	-2679.29	0	-2614.05	0	-2607.68	0	-2588.68	0	-2686.08	0	-2615.64	0	-2580.64	0	-2617.11	0	-2604.08	0	-2591.37	0	-2614.22	0	-2607.86	0	-2686.84	0	-2560.56	0	-2677.86	0	-2586.27	0	-2607.72	0	-2665.62	0	-2678.32	0
-2581.28	0	-2598.8	0	-2599.01	0	-2667.79	0	-2597.34	0	-2595.19	0	-2679.29	0	-2614.05	0	-2607.68	0	-2588.68	0	-2679.9	0	-2602.6	0	-2580.24	0	-2614.87	0	-2604.08	0	-2589.85	0	-2614.22	0	-2607.86	0	-2697.95	0	-2561.06	0	-2678.15	0	-2586.27	0	-2607.72	0	-2667.29	0	-2681.66	0
-2581.28	0	-2598.8	0	-2599.01	0	-2667.79	0	-2597.34	0	-2594.09	0	-2679.29	0	-2613.94	0	-2607.68	0	-2589.11	0	-2679.9	0	-2602.6	0	-2580.24	0	-2614.87	0	-2604.08	0	-2588	0	-2614.22	0	-2607.86	0	-2693.39	0	-2560.94	0	-2675.37	0	-2586.27	0	-2607.72	0	-2667.29	0	-2681.66	0
-2581.28	0	-2598.8	0	-2599.01	0	-2667.06	0	-2597.34	0	-2592.58	0	-2679.29	0	-2613.94	0	-2607.68	0	-2589.11	0	-2679.9	0	-2602.31	0	-2580.24	0	-2614.87	0	-2604.08	0	-2588	0	-2614.22	0	-2607.86	0	-2693.39	0	-2558.63	0	-2676.58	0	-2586.27	0	-2607.72	0	-2667.29	0	-2684.51	0
-2581.28	0	-2598.28	0	-2599.01	0	-2674.8	0	-2600.29	0	-2589.63	0	-2679.29	0	-2613.98	0	-2607.68	0	-2589.11	0	-2679.9	0	-2602.31	0	-2580.24	0	-2614.87	0	-2592.32	0	-2587.16	0	-2614.22	0	-2607.3	0	-2693.53	0	-2558.63	0	-2676.58	0	-2586.27	0	-2619.15	0	-2667.29	0	-2684.51	0
-2581.28	0	-2594.07	0	-2599.01	0	-2666.24	0	-2600.29	0	-2589.63	0	-2679.29	0	-2613.98	0	-2607.68	0	-2584.33	0	-2676.31	0	-2602.31	0	-2579.25	0	-2614.87	0	-2591.67	0	-2587.16	0	-2614.18	0	-2607.3	0	-2693.53	0	-2558.63	0	-2676.58	0	-2586.27	0	-2619.15	0	-2667.59	0	-2676	0
-2581.28	0	-2594.07	0	-2599.01	0	-2666.24	0	-2600.29	0	-2589.63	0	-2679.29	0	-2613.98	0	-2607.68	0	-2584.33	0	-2676.31	0	-2611.38	0	-2579.25	0	-2614.87	0	-2591.67	0	-2585.22	0	-2614.18	0	-2607.3	0	-2686.09	0	-2557.94	0	-2676.58	0	-2586.27	0	-2619.15	0	-2667.59	0	-2676	0
-2581.28	0	-2594.07	0	-2599.01	0	-2666.3	0	-2600.29	0	-2589.63	0	-2679.29	0	-2613.98	0	-2592.5	0	-2583.17	0	-2676.31	0	-2600.57	0	-2579.25	0	-2614.87	0	-2591.02	0	-2591.33	0	-2611.24	0	-2607.3	0	-2686.09	0	-2557.94	0	-2676.58	0	-2601.96	0	-2608.46	0	-2666.33	0	-2676	0
-2579.33	0	-2595.33	0	-2599.01	0	-2666.32	0	-2600.29	0	-2589.32	0	-2679.29	0	-2611.38	0	-2592.5	0	-2583.17	0	-2683.39	0	-2599.68	0	-2579.25	0	-2614.24	0	-2594.76	0	-2591.33	0	-2611.24	0	-2607.3	0	-2686.09	0	-2557.94	0	-2676.58	0	-2601.96	0	-2608.46	0	-2663.67	0	-2677.54	0
-2579.33	0	-2593.86	0	-2599.01	0	-2666.32	0	-2595.48	0	-2588.05	0	-2679.29	0	-2611.38	0	-2591.25	0	-2583.17	0	-2682.07	0	-2599.68	0	-2578.34	0	-2614.24	0	-2594.76	0	-2584.72	0	-2611.24	0	-2607.3	0	-2686.09	0	-2557.94	0	-2676.58	0	-2601.96	0	-2616.95	0	-2663.67	0	-2677.54	0
-2579.33	0	-2601.88	0	-2597.4	0	-2663.85	0	-2595.48	0	-2588.05	0	-2679.29	0	-2611.38	0	-2591.21	0	-2583.17	0	-2682.07	0	-2599.68	0	-2578.34	0	-2612.54	0	-2594.76	0	-2592.78	0	-2611.24	0	-2608.11	0	-2697.11	0	-2557.94	0	-2676.58	0	-2601.96	0	-2607.77	0	-2664	0	-2677.54	0
-2579.33	0	-2601.88	0	-2607.19	0	-2663.85	0	-2601.54	0	-2588.05	0	-2679.29	0	-2608.18	0	-2586.4	0	-2583.17	0	-2682.07	0	-2596.89	0	-2578.34	0	-2610.33	0	-2594.76	0	-2582.95	0	-2611.24	0	-2604.45	0	-2697.11	0	-2557.94	0	-2676.58	0	-2601.96	0	-2605.8	0	-2664	0	-2677.54	0
-2579.33	0	-2601.88	0	-2607.19	0	-2663.85	0	-2595.56	0	-2588.05	0	-2679.29	0	-2625.56	0	-2586.4	0	-2583.17	0	-2682.07	0	-2596.89	0	-2576.72	0	-2610.33	0	-2594.76	0	-2582.82	0	-2610.39	0	-2604.45	0	-2697.11	0	-2554.94	0	-2676.58	0	-2601.96	0	-2605.8	0	-2664	0	-2677.54	0
-2579.33	0	-2601.88	0	-2592.44	0	-2663.85	0	-2594.31	0	-2589.72	0	-2679.29	0	-2602.32	0	-2586.4	0	-2578.79	0	-2682.07	0	-2596.89	0	-2576.72	0	-2609.19	0	-2594.76	0	-2579.48	0	-2610.39	0	-2604.45	0	-2693.68	0	-2554.94	0	-2676.58	0	-2583.45	0	-2605.8	0	-2664	0	-2673.2	0
-2579.33	0	-2601.88	0	-2592.44	0	-2664.14	0	-2594.31	0	-2587.51	0	-2671.07	0	-2604.84	0	-2586.4	0	-2578.79	0	-2682.07	0	-2606.79	0	-2575.61	0	-2609.19	0	-2594.76	0	-2579.48	0	-2608.05	0	-2604.45	0	-2693.68	0	-2546.8	0	-2676.58	0	-2583.45	0	-2605.8	0	-2661.88	0	-2673.2	0
-2578	0	-2601.88	0	-2592.44	0	-2664.14	0	-2591.76	0	-2586.34	0	-2668.67	0	-2604.84	0	-2586.4	0	-2579.93	0	-2682.07	0	-2606.79	0	-2575.61	0	-2609.19	0	-2594.76	0	-2579.48	0	-2608.05	0	-2603.44	0	-2693.68	0	-2540.65	0	-2671.1	0	-2583.45	0	-2605.8	0	-2664.04	0	-2673.76	0
-2578	0	-2591.55	0	-2590.02	0	-2659.73	0	-2590.43	0	-2586.18	0	-2668.67	0	-2604.84	0	-2585.77	0	-2579.93	0	-2682.07	0	-2606.79	0	-2575.61	0	-2606.12	0	-2594.76	0	-2577.29	0	-2608.05	0	-2603.44	0	-2693.68	0	-2540.65	0	-2671.34	0	-2583.62	0	-2606.19	0	-2664.04	0	-2673.76	0
-2578	0	-2588.81	0	-2590.02	0	-2666.22	0	-2591.99	0	-2584.05	0	-2668.67	0	-2604.84	0	-2585.77	0	-2579.93	0	-2682.07	0	-2606.79	0	-2572.14	0	-2606.12	0	-2587.61	0	-2577.29	0	-2608.05	0	-2603.44	0	-2684.27	0	-2540.65	0	-2670.59	0	-2583.62	0	-2605.46	0	-2660.81	0	-2673.76	0
-2577.62	0	-2589.11	0	-2590.02	0	-2666.22	0	-2591.99	0	-2584.05	0	-2668.67	0	-2604.84	0	-2586.66	0	-2579.93	0	-2682.07	0	-2606.79	0	-2572.14	0	-2606.12	0	-2587.15	0	-2577.29	0	-2608.05	0	-2603.44	0	-2684.27	0	-2540.65	0	-2670.59	0	-2582.56	0	-2605.46	0	-2658.68	0	-2672.8	0
-2577.62	0	-2589.11	0	-2589.9	0	-2666.22	0	-2591.99	0	-2584.05	0	-2668.67	0	-2604.34	0	-2583.02	0	-2574.52	0	-2682.07	0	-2593.46	0	-2572.14	0	-2606.12	0	-2585.67	0	-2577.29	0	-2608.05	0	-2598.85	0	-2691.63	0	-2540.65	0	-2670.59	0	-2595.33	0	-2605.92	0	-2658.68	0	-2683.13	0
-2577.62	0	-2588.14	0	-2589.08	0	-2666.22	0	-2591.99	0	-2584.05	0	-2668.67	0	-2604.48	0	-2583.02	0	-2574.52	0	-2682.07	0	-2593.46	0	-2572.14	0	-2609.38	0	-2585.67	0	-2575.07	0	-2608.05	0	-2598.85	0	-2691.63	0	-2540.65	0	-2670.59	0	-2595.33	0	-2605.92	0	-2658.68	0	-2683.13	0
-2577.62	0	-2586.73	0	-2589.08	0	-2666.22	0	-2591.99	0	-2584.05	0	-2668.67	0	-2604.48	0	-2583.02	0	-2575.13	0	-2682.07	0	-2591.4	0	-2572.14	0	-2609.38	0	-2584.72	0	-2571.52	0	-2608.05	0	-2598.85	0	-2691.63	0	-2540.65	0	-2670.59	0	-2595.33	0	-2605.92	0	-2659.64	0	-2683.13	0
-2577.62	0	-2586.73	0	-2584.29	0	-2666.22	0	-2591.99	0	-2584.05	0	-2667.63	0	-2608.37	0	-2583.02	0	-2572.68	0	-2682.07	0	-2591.4	0	-2572.14	0	-2609.38	0	-2584.91	0	-2571.52	0	-2608.05	0	-2598.67	0	-2691.63	0	-2545.24	0	-2670.59	0	-2595.33	0	-2605.92	0	-2659.64	0	-2683.13	0
-2577.62	0	-2586.67	0	-2584.29	0	-2666.22	0	-2590.95	0	-2584.05	0	-2667.63	0	-2608.37	0	-2583.02	0	-2572.68	0	-2680.85	0	-2591.4	0	-2573.08	0	-2609.38	0	-2584.91	0	-2571.52	0	-2608.05	0	-2598.67	0	-2683.12	0	-2545.24	0	-2670.59	0	-2595.33	0	-2605.92	0	-2659.14	0	-2683.13	0
-2579.99	0	-2584.01	0	-2584.29	0	-2666.22	0	-2592.52	0	-2581.47	0	-2667.63	0	-2608.37	0	-2583.02	0	-2569.97	0	-2672.72	0	-2591.4	0	-2570.97	0	-2609.38	0	-2584.91	0	-2571.52	0	-2608.05	0	-2598.67	0	-2683.33	0	-2545.24	0	-2670.59	0	-2595.33	0	-2605.92	0	-2660.65	0	-2673.05	0
-2579.99	0	-2584.01	0	-2584.29	0	-2666.22	0	-2592.52	0	-2581.47	0	-2667.63	0	-2608.37	0	-2586.41	0	-2569.51	0	-2672.72	0	-2587.74	0	-2570.97	0	-2621.25	0	-2588.77	0	-2571.52	0	-2599.81	0	-2596.6	0	-2683.33	0	-2545.24	0	-2670.59	0	-2595.33	0	-2600.6	0	-2660.65	0	-2673.05	0
-2572.84	0	-2584.01	0	-2584.29	0	-2666.22	0	-2592.52	0	-2581.47	0	-2667.32	0	-2602.62	0	-2580.07	0	-2569.51	0	-2669.91	0	-2587.74	0	-2571.35	0	-2620.1	0	-2582.7	0	-2571.52	0	-2599.81	0	-2596.6	0	-2683.33	0	-2545.24	0	-2670.59	0	-2575.83	0	-2600.6	0	-2657.08	0	-2673.05	0
-2572.53	0	-2584.01	0	-2584.29	0	-2666.22	0	-2592.52	0	-2581.47	0	-2667.32	0	-2602.62	0	-2580.07	0	-2569.51	0	-2669.14	0	-2587.74	0	-2570.36	0	-2620.1	0	-2582.7	0	-2571.52	0	-2599.81	0	-2596.5	0	-2683.33	0	-2545.24	0	-2670.59	0	-2575.83	0	-2600.6	0	-2657.98	0	-2673.05	0
-2571.56	0	-2584.01	0	-2584.29	0	-2666.22	0	-2589.24	0	-2578.78	0	-2667.32	0	-2602.62	0	-2580.07	0	-2569.51	0	-2669.14	0	-2603.48	0	-2562.06	0	-2620.1	0	-2583.88	0	-2571.52	0	-2618.08	0	-2598.43	0	-2683.33	0	-2546.15	0	-2670.59	0	-2575.83	0	-2600.6	0	-2657.72	0	-2671.86	0
-2571.56	0	-2584.01	0	-2584.29	0	-2655.47	0	-2588.83	0	-2578.78	0	-2658.66	0	-2602.62	0	-2580.07	0	-2566.85	0	-2669.14	0	-2603.48	0	-2562.06	0	-2620.1	0	-2583.88	0	-2571.52	0	-2611.12	0	-2595.69	0	-2686.16	0	-2546.15	0	-2666.49	0	-2575.83	0	-2600.6	0	-2656.36	0	-2670.45	0
-2568.52	0	-2584.01	0	-2584.29	0	-2655.71	0	-2597.45	0	-2578.78	0	-2658.66	0	-2602.62	0	-2580.07	0	-2566.85	0	-2669.14	0	-2603.48	0	-2562.06	0	-2620.1	0	-2583.88	0	-2587.75	0	-2595.88	0	-2595.69	0	-2686.16	0	-2549.37	0	-2666.49	0	-2575.83	0	-2600.6	0	-2656.36	0	-2670.45	0
-2569.07	0	-2584.01	0	-2583.67	0	-2659.27	0	-2597.45	0	-2578.95	0	-2658.66	0	-2602.62	0	-2580.07	0	-2566.85	0	-2669.14	0	-2603.48	0	-2569.04	0	-2620.1	0	-2583.88	0	-2587.75	0	-2595.88	0	-2595.92	0	-2686.16	0	-2549.37	0	-2666.49	0	-2575.83	0	-2599.7	0	-2665.79	0	-2670.45	0
-2568.53	0	-2581.69	0	-2582.37	0	-2656.77	0	-2585.95	0	-2578.95	0	-2662.79	0	-2602.62	0	-2580.07	0	-2566.85	0	-2667.76	0	-2603.48	0	-2565.89	0	-2620.1	0	-2583.88	0	-2587.75	0	-2602.43	0	-2593.13	0	-2686.16	0	-2549.37	0	-2666.49	0	-2575.83	0	-2599.25	0	-2665.79	0	-2670.45	0
-2564.72	0	-2581.69	0	-2582.37	0	-2656.75	0	-2585.95	0	-2579.86	0	-2665.14	0	-2603.16	0	-2570.58	0	-2566.97	0	-2667.76	0	-2603.48	0	-2565.42	0	-2602.08	0	-2583.88	0	-2587.75	0	-2602.43	0	-2593.13	0	-2679.3	0	-2549.37	0	-2665.16	0	-2575.83	0	-2597.56	0	-2655.14	0	-2673.97	0
-2564.72	0	-2579.96	0	-2580.92	0	-2651.18	0	-2585.95	0	-2579.86	0	-2665.14	0	-2601.57	0	-2570.58	0	-2566.97	0	-2667.76	0	-2603.48	0	-2564.69	0	-2602.08	0	-2583.88	0	-2571.46	0	-2602.43	0	-2593.13	0	-2679.17	0	-2544.65	0	-2668.53	0	-2575.83	0	-2597.56	0	-2655.14	0	-2678.65	0
-2564.72	0	-2579.96	0	-2582.76	0	-2651.18	0	-2586.16	0	-2579.86	0	-2665.14	0	-2601.57	0	-2570.58	0	-2564.16	0	-2667.14	0	-2603.48	0	-2564.69	0	-2602.08	0	-2583.88	0	-2571.46	0	-2602.43	0	-2592.51	0	-2679.17	0	-2543.63	0	-2668.53	0	-2574.18	0	-2597.56	0	-2660.74	0	-2670.47	0
-2564.72	0	-2579.96	0	-2582.76	0	-2651.18	0	-2584.4	0	-2577.46	0	-2665.14	0	-2599.06	0	-2570.58	0	-2564.16	0	-2667.14	0	-2603.48	0	-2564.69	0	-2600.89	0	-2583.88	0	-2571.46	0	-2602.43	0	-2592.51	0	-2679.17	0	-2543.63	0	-2664.24	0	-2572.37	0	-2593.87	0	-2651.25	0	-2670.47	0
-2564.72	0	-2579.96	0	-2582.76	0	-2652	0	-2584.4	0	-2579.46	0	-2665.14	0	-2598.86	0	-2570.58	0	-2563.23	0	-2667.14	0	-2603.48	0	-2564.69	0	-2600.89	0	-2583.88	0	-2568.92	0	-2602.43	0	-2602.92	0	-2679.17	0	-2543.63	0	-2663.6	0	-2575.22	0	-2593.87	0	-2651.25	0	-2668.54	0
-2564.72	0	-2579.96	0	-2582.76	0	-2652	0	-2585.16	0	-2579.46	0	-2659.32	0	-2597.17	0	-2570.58	0	-2563.23	0	-2667.14	0	-2587.34	0	-2564.69	0	-2592.73	0	-2583.88	0	-2568.92	0	-2595.05	0	-2602.92	0	-2679.17	0	-2543.63	0	-2660.45	0	-2575.22	0	-2593.87	0	-2651.25	0	-2668.37	0
-2559.51	0	-2575.66	0	-2591.2	0	-2652	0	-2585.16	0	-2575.26	0	-2659.32	0	-2598.01	0	-2570.58	0	-2558.45	0	-2677.65	0	-2583.77	0	-2564.69	0	-2592.73	0	-2583.88	0	-2568.92	0	-2593.4	0	-2602.92	0	-2673.94	0	-2539.28	0	-2660.45	0	-2575.22	0	-2593.87	0	-2651.25	0	-2668.64	0
-2564.08	0	-2577.57	0	-2591.2	0	-2652	0	-2584.21	0	-2575.26	0	-2659.32	0	-2597.44	0	-2567.65	0	-2558.33	0	-2677.65	0	-2583.77	0	-2562.06	0	-2595.29	0	-2583.88	0	-2569.82	0	-2593.4	0	-2602.92	0	-2673.94	0	-2533.2	0	-2660.45	0	-2572.24	0	-2594.57	0	-2651.25	0	-2668.64	0
-2564.08	0	-2577.57	0	-2591.2	0	-2649.75	0	-2581.47	0	-2575.26	0	-2658.68	0	-2594.09	0	-2567.65	0	-2558.33	0	-2677.65	0	-2580.75	0	-2562.06	0	-2594.14	0	-2573.45	0	-2570.18	0	-2593.4	0	-2602.92	0	-2673.94	0	-2533.2	0	-2663.05	0	-2572.24	0	-2593.92	0	-2651.25	0	-2668.64	0
-2562.73	0	-2575	0	-2591.2	0	-2649.75	0	-2581.14	0	-2575.78	0	-2665.19	0	-2594.92	0	-2567.65	0	-2558.33	0	-2677.65	0	-2580.75	0	-2562.06	0	-2592.12	0	-2573.45	0	-2570.18	0	-2593.4	0	-2587.37	0	-2673.94	0	-2535.26	0	-2663.05	0	-2572.24	0	-2591.13	0	-2651.25	0	-2668.64	0
-2560.05	0	-2571.12	0	-2589.68	0	-2660.01	0	-2581.14	0	-2572.68	0	-2665.19	0	-2594.92	0	-2567.65	0	-2558.33	0	-2677.65	0	-2580.75	0	-2562.06	0	-2592.12	0	-2573.45	0	-2567.91	0	-2592.63	0	-2587.37	0	-2675.65	0	-2535.26	0	-2663.05	0	-2572.24	0	-2587.83	0	-2651.98	0	-2666.3	0
-2559.07	0	-2571.12	0	-2578.75	0	-2660.01	0	-2581.14	0	-2572.68	0	-2665.19	0	-2594.92	0	-2567.65	0	-2558.33	0	-2677.65	0	-2580.75	0	-2560.43	0	-2592.12	0	-2570.23	0	-2567.91	0	-2590.05	0	-2587.37	0	-2675.65	0	-2535.26	0	-2662.47	0	-2572.24	0	-2587.83	0	-2651.29	0	-2666.3	0
-2559.07	0	-2571.12	0	-2578.99	0	-2660.01	0	-2581.14	0	-2572.68	0	-2665.19	0	-2590.57	0	-2566.78	0	-2554.89	0	-2677.65	0	-2580.75	0	-2567.28	0	-2592.12	0	-2570.23	0	-2567.91	0	-2590.05	0	-2587.18	0	-2673.79	0	-2535.26	0	-2661.33	0	-2572.24	0	-2587.83	0	-2652.81	0	-2669.38	0
-2555.38	0	-2571.12	0	-2578.99	0	-2659.91	0	-2581.14	0	-2582.76	0	-2665.19	0	-2590.57	0	-2566.78	0	-2554.89	0	-2677.65	0	-2580.75	0	-2555.41	0	-2592.12	0	-2570.23	0	-2567.91	0	-2590.05	0	-2587.18	0	-2674.83	0	-2535.26	0	-2660.93	0	-2572.24	0	-2587.83	0	-2652.81	0	-2669.38	0
-2555.46	0	-2571.12	0	-2578.44	0	-2658.49	0	-2578.79	0	-2582.76	0	-2665.19	0	-2590.57	0	-2566.78	0	-2554.89	0	-2677.65	0	-2580.75	0	-2555.41	0	-2592.12	0	-2571.83	0	-2560.31	0	-2590.05	0	-2588.34	0	-2674.83	0	-2535.26	0	-2659.78	0	-2572.24	0	-2592.01	0	-2665.64	0	-2669.38	0
-2555.46	0	-2564.39	0	-2575.92	0	-2658.49	0	-2578.79	0	-2582.76	0	-2665.19	0	-2590.68	0	-2566.78	0	-2553.42	0	-2677.65	0	-2579.62	0	-2555.41	0	-2588.3	0	-2571.83	0	-2564.91	0	-2589.86	0	-2585.89	0	-2673.7	0	-2535.26	0	-2659.78	0	-2565.19	0	-2592.01	0	-2665.64	0	-2669.38	0
-2554.29	0	-2564.62	0	-2573.86	0	-2658.49	0	-2578.79	0	-2576	0	-2653.72	0	-2590.68	0	-2567.65	0	-2553.42	0	-2677.65	0	-2579.62	0	-2555.41	0	-2588.3	0	-2570.48	0	-2562.23	0	-2604.93	0	-2585.89	0	-2672.87	0	-2535.26	0	-2661.97	0	-2565.19	0	-2592.01	0	-2665.22	0	-2669.38	0
-2554.29	0	-2564.62	0	-2573.86	0	-2658.49	0	-2577.36	0	-2576	0	-2653.72	0	-2590.68	0	-2567.65	0	-2553.42	0	-2677.65	0	-2580.88	0	-2555.41	0	-2588.3	0	-2570.48	0	-2562.23	0	-2584.93	0	-2583.08	0	-2672.87	0	-2531.92	0	-2658	0	-2565.19	0	-2592.01	0	-2665.22	0	-2670.36	0
-2554.29	0	-2564.62	0	-2573.86	0	-2658.49	0	-2577.36	0	-2576	0	-2653.72	0	-2590.68	0	-2567.65	0	-2553.42	0	-2677.65	0	-2579.12	0	-2555.41	0	-2588.3	0	-2570.48	0	-2558.44	0	-2584.93	0	-2583.08	0	-2672.87	0	-2531.92	0	-2658	0	-2565.19	0	-2592.01	0	-2665.22	0	-2670.36	0
-2548.63	0	-2564.62	0	-2573.86	0	-2658.49	0	-2576.25	0	-2576	0	-2653.72	0	-2590.68	0	-2567.65	0	-2553.42	0	-2677.65	0	-2579.12	0	-2555.41	0	-2587.91	0	-2570.73	0	-2558.44	0	-2582.08	0	-2580.5	0	-2672.87	0	-2531.72	0	-2658	0	-2565.19	0	-2586.48	0	-2665.22	0	-2670.36	0
-2548.63	0	-2564.62	0	-2573.86	0	-2658.49	0	-2574.32	0	-2567.04	0	-2653.72	0	-2590.68	0	-2561.83	0	-2545.53	0	-2677.65	0	-2575.61	0	-2555.41	0	-2587.91	0	-2570.73	0	-2558.44	0	-2582.08	0	-2580.5	0	-2673.35	0	-2531.72	0	-2659.07	0	-2565.19	0	-2586.48	0	-2665.22	0	-2670.36	0
-2548.63	0	-2563.06	0	-2573.86	0	-2658.49	0	-2577.18	0	-2567.04	0	-2653.72	0	-2590.68	0	-2561.83	0	-2545.53	0	-2662.67	0	-2575.61	0	-2555.41	0	-2587.91	0	-2570.73	0	-2559.55	0	-2582.08	0	-2580.5	0	-2670.91	0	-2529.09	0	-2659.07	0	-2565.19	0	-2585.93	0	-2665.22	0	-2671.57	0
-2548.63	0	-2563.06	0	-2573.86	0	-2658.49	0	-2577.18	0	-2570.3	0	-2653.72	0	-2589.97	0	-2561.83	0	-2545.53	0	-2662.67	0	-2575.61	0	-2555.79	0	-2587.91	0	-2562.56	0	-2557	0	-2582.08	0	-2580.5	0	-2670.91	0	-2528.01	0	-2659.07	0	-2565.19	0	-2584.33	0	-2665.22	0	-2671.57	0
-2548.63	0	-2563.06	0	-2567.3	0	-2658.49	0	-2577.18	0	-2570.3	0	-2655.06	0	-2589.97	0	-2557.56	0	-2545.53	0	-2662.67	0	-2575.61	0	-2557.93	0	-2587.91	0	-2567.39	0	-2557	0	-2582.08	0	-2580.5	0	-2670.91	0	-2528.01	0	-2658.26	0	-2565.19	0	-2584.33	0	-2665.22	0	-2671.57	0
-2548.63	0	-2558.1	0	-2567.3	0	-2642.37	0	-2577.18	0	-2570.3	0	-2653.43	0	-2587.06	0	-2557.56	0	-2545.53	0	-2662.67	0	-2576.48	0	-2557.93	0	-2587.09	0	-2567.39	0	-2557	0	-2582.08	0	-2580.5	0	-2671.39	0	-2534.6	0	-2656.29	0	-2565.19	0	-2587.27	0	-2665.22	0	-2671.57	0
-2547.08	0	-2562.7	0	-2567.3	0	-2642.37	0	-2576.01	0	-2569.66	0	-2653.43	0	-2586.65	0	-2557.56	0	-2545.53	0	-2662.67	0	-2575.76	0	-2557.93	0	-2587.09	0	-2565.08	0	-2557	0	-2582.08	0	-2579.85	0	-2671.39	0	-2534.6	0	-2656.29	0	-2565.19	0	-2582.62	0	-2665.22	0	-2671.57	0
-2547.08	0	-2562.7	0	-2567.3	0	-2642.37	0	-2576.01	0	-2565.73	0	-2651.91	0	-2586.65	0	-2557.56	0	-2545.53	0	-2673.14	0	-2575.76	0	-2557.93	0	-2587.09	0	-2565.08	0	-2557	0	-2582.08	0	-2579.85	0	-2669.19	0	-2534.6	0	-2656.29	0	-2565.19	0	-2582.62	0	-2665.22	0	-2661.91	0
-2534.16	0	-2562.7	0	-2567.3	0	-2643.08	0	-2575.79	0	-2567.63	0	-2651.91	0	-2586.65	0	-2557.56	0	-2541.21	0	-2673.14	0	-2575.76	0	-2552.31	0	-2587.09	0	-2563.79	0	-2557	0	-2582.08	0	-2579.85	0	-2669.19	0	-2534.6	0	-2656.29	0	-2571.75	0	-2582.62	0	-2645.4	0	-2661.91	0
-2534.16	0	-2562.7	0	-2567.3	0	-2643.08	0	-2575.79	0	-2567.63	0	-2651.91	0	-2586.65	0	-2557.56	0	-2541.21	0	-2673.14	0	-2572.63	0	-2552.31	0	-2586.34	0	-2563.79	0	-2555.48	0	-2582.08	0	-2579.85	0	-2667.96	0	-2534.6	0	-2653.89	0	-2571.75	0	-2581.68	0	-2645.4	0	-2661.91	0
-2534.16	0	-2561.19	0	-2567.3	0	-2640.67	0	-2570.38	0	-2567.63	0	-2651.91	0	-2598.7	0	-2550.19	0	-2553.87	0	-2659.84	0	-2573.69	0	-2552.31	0	-2582.54	0	-2563.79	0	-2553.26	0	-2582.08	0	-2579.85	0	-2667.96	0	-2534.6	0	-2655.82	0	-2571.75	0	-2581.68	0	-2645.4	0	-2663.1	0
-2534.16	0	-2559.82	0	-2567.3	0	-2649.97	0	-2570.38	0	-2561.12	0	-2651.91	0	-2585.65	0	-2555.08	0	-2553.87	0	-2660.54	0	-2572.87	0	-2552.31	0	-2578.4	0	-2563.79	0	-2551.16	0	-2582.08	0	-2575.66	0	-2667.96	0	-2521.26	0	-2655.82	0	-2571.75	0	-2581.68	0	-2645.4	0	-2663.1	0
-2534.16	0	-2559.82	0	-2567.3	0	-2649.97	0	-2574.4	0	-2561.12	0	-2650.08	0	-2585.65	0	-2555.08	0	-2553.87	0	-2657.66	0	-2571.69	0	-2550.79	0	-2578.4	0	-2565.03	0	-2552.41	0	-2580.36	0	-2577.03	0	-2666.66	0	-2524.59	0	-2655.82	0	-2557.3	0	-2583.71	0	-2644.59	0	-2663.13	0
-2534.16	0	-2559.82	0	-2567.3	0	-2649.97	0	-2572.74	0	-2561.12	0	-2647.02	0	-2589.04	0	-2555.08	0	-2542.74	0	-2657.66	0	-2570.91	0	-2559.32	0	-2578.4	0	-2563.88	0	-2552.41	0	-2578.42	0	-2577.03	0	-2668.16	0	-2524.59	0	-2655.82	0	-2557.3	0	-2583.71	0	-2644.59	0	-2668.42	0
-2534.16	0	-2559.82	0	-2567.3	0	-2640.13	0	-2571.78	0	-2561.12	0	-2647.02	0	-2579.01	0	-2553.33	0	-2542.74	0	-2654.77	0	-2570.91	0	-2559.32	0	-2578.4	0	-2564.47	0	-2552.41	0	-2590.73	0	-2572.94	0	-2667.04	0	-2520.68	0	-2655.82	0	-2557.14	0	-2586.53	0	-2644.59	0	-2665.83	0
-2534.16	0	-2559.85	0	-2567.3	0	-2649.26	0	-2571.78	0	-2567.06	0	-2647.02	0	-2579.01	0	-2552.41	0	-2542.74	0	-2654.77	0	-2570.91	0	-2546.22	0	-2581.88	0	-2564.47	0	-2552.41	0	-2577.21	0	-2572.94	0	-2667.04	0	-2520.68	0	-2654.68	0	-2554.99	0	-2581.9	0	-2643.52	0	-2665.83	0
-2534.16	0	-2559.1	0	-2567.3	0	-2649.26	0	-2569.2	0	-2567.06	0	-2660.36	0	-2579.81	0	-2548.3	0	-2536.41	0	-2654.77	0	-2570.91	0	-2546.22	0	-2577.46	0	-2563.21	0	-2549.93	0	-2577.21	0	-2573.29	0	-2665.66	0	-2520.68	0	-2654.68	0	-2554.99	0	-2581.9	0	-2642.64	0	-2667.28	0
-2534.16	0	-2556.07	0	-2568.8	0	-2649.26	0	-2569.83	0	-2564.37	0	-2660.36	0	-2579.81	0	-2548.3	0	-2538.6	0	-2654.77	0	-2570.38	0	-2546.22	0	-2577.46	0	-2564.29	0	-2549.93	0	-2577.21	0	-2570.64	0	-2668.33	0	-2532.69	0	-2654.68	0	-2554.99	0	-2581.9	0	-2641.73	0	-2667.28	0
-2534.16	0	-2556.07	0	-2566.44	0	-2639.9	0	-2569.83	0	-2563.78	0	-2660.36	0	-2579.81	0	-2548.3	0	-2538.6	0	-2654.77	0	-2568.76	0	-2542.9	0	-2577.46	0	-2564.29	0	-2549.47	0	-2577.21	0	-2569.02	0	-2668.33	0	-2532.69	0	-2656.27	0	-2555.38	0	-2581.9	0	-2645.88	0	-2658.12	0
-2534.16	0	-2556.83	0	-2566.79	0	-2639.9	0	-2569.83	0	-2562.94	0	-2660.36	0	-2579.81	0	-2548.3	0	-2533.65	0	-2654.77	0	-2568.76	0	-2542.9	0	-2574.95	0	-2559.13	0	-2549.47	0	-2577.2	0	-2569.02	0	-2668.33	0	-2525.04	0	-2656.05	0	-2555.38	0	-2581.9	0	-2645.88	0	-2666.39	0
-2534.16	0	-2553.71	0	-2564.12	0	-2648.35	0	-2567.86	0	-2562.44	0	-2660.36	0	-2579.81	0	-2547.69	0	-2533.65	0	-2654.77	0	-2567.04	0	-2542.9	0	-2574.95	0	-2558.72	0	-2546.74	0	-2573.57	0	-2569.02	0	-2668.33	0	-2525.04	0	-2656.05	0	-2555.38	0	-2581.9	0	-2652.53	0	-2658.55	0
-2532.76	0	-2553.71	0	-2561.94	0	-2648.35	0	-2568.37	0	-2560.81	0	-2660.36	0	-2590.47	0	-2553.75	0	-2533.65	0	-2654.77	0	-2567.04	0	-2541.32	0	-2574.95	0	-2558.72	0	-2546.74	0	-2574.33	0	-2569.02	0	-2668.33	0	-2525.04	0	-2651.85	0	-2557.72	0	-2581.9	0	-2650.8	0	-2658.55	0
-2532.76	0	-2550.48	0	-2561.94	0	-2648.35	0	-2566.26	0	-2567.3	0	-2648.44	0	-2578.4	0	-2553.75	0	-2533.65	0	-2656.41	0	-2567.79	0	-2541.32	0	-2574.95	0	-2558.72	0	-2546.84	0	-2567.22	0	-2569.02	0	-2668.33	0	-2513.71	0	-2651.85	0	-2557.72	0	-2575.13	0	-2650.8	0	-2658.55	0
-2534.46	0	-2550.48	0	-2563.56	0	-2648.35	0	-2566.26	0	-2567.3	0	-2642.98	0	-2578.4	0	-2553.75	0	-2532.91	0	-2656.41	0	-2566.28	0	-2541.32	0	-2569.95	0	-2558.72	0	-2546.12	0	-2567.22	0	-2563.21	0	-2661.19	0	-2513.71	0	-2649.81	0	-2556.73	0	-2575.13	0	-2650.8	0	-2658.55	0
-2532.72	0	-2550.48	0	-2561.37	0	-2648.35	0	-2566.26	0	-2567.3	0	-2642.98	0	-2578.4	0	-2550.41	0	-2532.91	0	-2653.6	0	-2565	0	-2541.32	0	-2567.32	0	-2555.65	0	-2546.12	0	-2567.22	0	-2563.21	0	-2663.35	0	-2513.71	0	-2649.81	0	-2550.95	0	-2575.13	0	-2650.8	0	-2656.92	0
-2532.72	0	-2550.48	0	-2555.41	0	-2648.35	0	-2566.26	0	-2567.3	0	-2642.98	0	-2579.13	0	-2538.79	0	-2532.91	0	-2651.31	0	-2565	0	-2541.32	0	-2567.32	0	-2555.65	0	-2546.12	0	-2570.38	0	-2563.21	0	-2668.39	0	-2514.77	0	-2650.02	0	-2550.95	0	-2575.15	0	-2650.8	0	-2656.92	0
-2532.72	0	-2550.48	0	-2553.68	0	-2648.35	0	-2566.26	0	-2567.3	0	-2645.65	0	-2576.96	0	-2538.79	0	-2532.91	0	-2651.31	0	-2574.45	0	-2541.32	0	-2564.2	0	-2556.38	0	-2543.98	0	-2570	0	-2574.16	0	-2659.61	0	-2514.77	0	-2650.02	0	-2552.69	0	-2575.15	0	-2650.8	0	-2652.68	0
-2532.72	0	-2554.37	0	-2550.61	0	-2648.35	0	-2566.26	0	-2550.09	0	-2648.31	0	-2572.79	0	-2538.79	0	-2529.6	0	-2651.31	0	-2572.93	0	-2541.32	0	-2562.87	0	-2554.68	0	-2543.98	0	-2569.73	0	-2574.16	0	-2659.61	0	-2515.25	0	-2648.5	0	-2551.48	0	-2571.81	0	-2653.72	0	-2652.68	0
-2530.81	0	-2551.1	0	-2550.61	0	-2646.56	0	-2566.7	0	-2550.09	0	-2649.78	0	-2572.79	0	-2538.79	0	-2526.1	0	-2652.22	0	-2572.93	0	-2542.36	0	-2562.87	0	-2554.38	0	-2543.98	0	-2564.12	0	-2560.06	0	-2669.83	0	-2515.25	0	-2648.5	0	-2551.48	0	-2571.81	0	-2653.72	0	-2652.68	0
-2531.52	0	-2551.1	0	-2550.61	0	-2642.56	0	-2566.7	0	-2550.09	0	-2649.78	0	-2572.79	0	-2538.79	0	-2529.8	0	-2652.22	0	-2572.93	0	-2539.41	0	-2562.87	0	-2549.24	0	-2543.98	0	-2564.12	0	-2560.06	0	-2659.84	0	-2515.25	0	-2656.86	0	-2555.56	0	-2571.81	0	-2653.72	0	-2652.68	0
-2527.27	0	-2551.1	0	-2550.61	0	-2643.94	0	-2564.95	0	-2550.09	0	-2649.78	0	-2572.79	0	-2538.53	0	-2529.8	0	-2649.31	0	-2572.93	0	-2539.41	0	-2562.87	0	-2549.24	0	-2543.98	0	-2564.12	0	-2560.06	0	-2656.7	0	-2513.04	0	-2656.86	0	-2549.56	0	-2571.81	0	-2653.72	0	-2652.68	0
-2527.27	0	-2551.1	0	-2550.61	0	-2643.94	0	-2564.95	0	-2550.09	0	-2649.78	0	-2572.32	0	-2538.53	0	-2529.8	0	-2649.31	0	-2572.93	0	-2539.41	0	-2562.87	0	-2549.24	0	-2541.63	0	-2564.12	0	-2563.12	0	-2658.57	0	-2513.04	0	-2649.96	0	-2549.33	0	-2571.81	0	-2653.72	0	-2652.68	0
-2527.27	0	-2551.1	0	-2550.61	0	-2643.94	0	-2562.46	0	-2550.09	0	-2649.78	0	-2572.32	0	-2538.53	0	-2525.72	0	-2650.15	0	-2572.93	0	-2537.67	0	-2563.02	0	-2549.24	0	-2541.63	0	-2564.12	0	-2563.12	0	-2658.57	0	-2513.04	0	-2654.69	0	-2549.33	0	-2572.07	0	-2653.72	0	-2652.68	0
-2527.27	0	-2547.45	0	-2550.61	0	-2643.94	0	-2562.46	0	-2550.09	0	-2649.78	0	-2572.32	0	-2538.53	0	-2534.83	0	-2658.61	0	-2572.93	0	-2538.27	0	-2563.02	0	-2549.24	0	-2541.63	0	-2564.12	0	-2561.38	0	-2657.16	0	-2513.04	0	-2654.69	0	-2549.33	0	-2571.28	0	-2653.72	0	-2652.68	0
-2528.17	0	-2548.43	0	-2550.61	0	-2640.74	0	-2559.8	0	-2552.95	0	-2649.78	0	-2572.32	0	-2538.53	0	-2525.33	0	-2656.15	0	-2557.23	0	-2530.96	0	-2560.05	0	-2566.63	0	-2541.63	0	-2564.12	0	-2561.38	0	-2657.16	0	-2511.75	0	-2654.69	0	-2546.54	0	-2571.28	0	-2653.72	0	-2652.68	0
-2521.78	0	-2548.43	0	-2550.61	0	-2640.74	0	-2559.8	0	-2552.95	0	-2649.78	0	-2570.26	0	-2537.28	0	-2525.33	0	-2652.77	0	-2557.18	0	-2530.96	0	-2560.05	0	-2556.74	0	-2541.63	0	-2564.12	0	-2559.27	0	-2655.69	0	-2509.35	0	-2654.69	0	-2546.54	0	-2570.35	0	-2635.45	0	-2652.68	0
-2524.93	0	-2548.43	0	-2548.4	0	-2640.74	0	-2559.8	0	-2554.1	0	-2649.78	0	-2570.26	0	-2532.68	0	-2525.33	0	-2652.77	0	-2557.18	0	-2530.96	0	-2562.87	0	-2556.74	0	-2535.97	0	-2564.12	0	-2559.27	0	-2655.29	0	-2509.35	0	-2644.26	0	-2546.75	0	-2571.54	0	-2635.45	0	-2654.27	0
-2524.93	0	-2548.43	0	-2548.4	0	-2640.74	0	-2557.83	0	-2554.1	0	-2649.78	0	-2570.24	0	-2528.73	0	-2523.59	0	-2652.77	0	-2554.06	0	-2528.91	0	-2561.22	0	-2556.74	0	-2535.97	0	-2564.95	0	-2559.27	0	-2651.72	0	-2509.35	0	-2644.26	0	-2546.75	0	-2578.65	0	-2635.45	0	-2652.08	0
-2520.93	0	-2550.38	0	-2543.71	0	-2640.74	0	-2556.73	0	-2553	0	-2649.78	0	-2569.68	0	-2531.59	0	-2516.92	0	-2652.77	0	-2554.06	0	-2528.91	0	-2561.22	0	-2556.74	0	-2535.97	0	-2567.98	0	-2558.31	0	-2651.72	0	-2509.35	0	-2644.41	0	-2542.22	0	-2567.77	0	-2635.45	0	-2652.08	0
-2520.93	0	-2541.23	0	-2543.71	0	-2640.74	0	-2555.45	0	-2549.59	0	-2636.99	0	-2576.04	0	-2531.59	0	-2516.92	0	-2652.77	0	-2554.06	0	-2528.91	0	-2559.46	0	-2556.74	0	-2531.01	0	-2564.29	0	-2558.31	0	-2651.72	0	-2509.35	0	-2643.84	0	-2542.22	0	-2567.77	0	-2634.28	0	-2653.24	0
-2520.93	0	-2541.23	0	-2543.71	0	-2635.35	0	-2555.45	0	-2548.87	0	-2636.99	0	-2566.21	0	-2533.32	0	-2516.92	0	-2652.77	0	-2553.05	0	-2528.91	0	-2558.53	0	-2556.74	0	-2531.01	0	-2558.85	0	-2554.01	0	-2651.72	0	-2509.35	0	-2643.84	0	-2542.22	0	-2567.77	0	-2634.87	0	-2653.24	0
-2520.93	0	-2538.18	0	-2543.71	0	-2635.35	0	-2555.45	0	-2548.21	0	-2636.99	0	-2566.21	0	-2533.32	0	-2516.92	0	-2652.77	0	-2553.05	0	-2528.91	0	-2557.17	0	-2556.74	0	-2531.01	0	-2558.85	0	-2554.01	0	-2651.72	0	-2509.35	0	-2642.57	0	-2542.36	0	-2567.77	0	-2633.66	0	-2658.12	0
-2519.23	0	-2538.18	0	-2543.71	0	-2627.94	0	-2554.28	0	-2548.21	0	-2636.99	0	-2566.21	0	-2526.97	0	-2516.92	0	-2647.52	0	-2547.08	0	-2528.91	0	-2557.53	0	-2556.74	0	-2531.01	0	-2558.16	0	-2549.98	0	-2651.72	0	-2509.35	0	-2642.57	0	-2542.36	0	-2564.26	0	-2633.41	0	-2658.12	0
-2517.98	0	-2538.18	0	-2543.71	0	-2627.94	0	-2554.28	0	-2541.42	0	-2633.54	0	-2574.57	0	-2526.97	0	-2516.92	0	-2644.83	0	-2547.08	0	-2525.84	0	-2556.5	0	-2547.08	0	-2531.01	0	-2558.16	0	-2549.98	0	-2651.72	0	-2509.35	0	-2642.57	0	-2542.36	0	-2565.63	0	-2633.41	0	-2658.12	0
-2517.98	0	-2538.27	0	-2543.56	0	-2624.45	0	-2552.25	0	-2541.42	0	-2633.54	0	-2564.89	0	-2526.97	0	-2516.92	0	-2642.7	0	-2547.08	0	-2525.84	0	-2556.5	0	-2547.08	0	-2531.01	0	-2557.03	0	-2549.98	0	-2658.94	0	-2504.7	0	-2647.71	0	-2542.36	0	-2565.63	0	-2631.15	0	-2658.12	0
-2517.98	0	-2538.27	0	-2543.56	0	-2623.12	0	-2562.48	0	-2541.42	0	-2633.54	0	-2561.35	0	-2521.35	0	-2511.85	0	-2642.7	0	-2547.08	0	-2527.03	0	-2554.75	0	-2547.08	0	-2529.75	0	-2554.61	0	-2550.92	0	-2658.94	0	-2504.7	0	-2647.71	0	-2537.54	0	-2565.63	0	-2631.15	0	-2658.12	0
-2517.98	0	-2538.27	0	-2543.56	0	-2624.02	0	-2562.48	0	-2541.42	0	-2633.54	0	-2559.67	0	-2521.35	0	-2511.85	0	-2637.84	0	-2547.08	0	-2527.03	0	-2554.51	0	-2547.08	0	-2529.75	0	-2554.61	0	-2550.92	0	-2655.6	0	-2502.39	0	-2647.71	0	-2539.15	0	-2561.25	0	-2631.15	0	-2658.12	0
-2517.98	0	-2548.41	0	-2541.68	0	-2627.3	0	-2562.48	0	-2546.83	0	-2633.54	0	-2559.67	0	-2521.35	0	-2511.85	0	-2637.84	0	-2547.08	0	-2526.74	0	-2554.51	0	-2544.04	0	-2530.58	0	-2554.61	0	-2550.92	0	-2653.03	0	-2502.3	0	-2647.71	0	-2538.94	0	-2561.25	0	-2631.15	0	-2657.03	0
-2513.95	0	-2548.41	0	-2541.68	0	-2627.3	0	-2562.48	0	-2541.67	0	-2633.54	0	-2559.67	0	-2522.02	0	-2511.85	0	-2640.59	0	-2546.51	0	-2526.74	0	-2554.51	0	-2544.04	0	-2530.58	0	-2554.61	0	-2548.7	0	-2653.03	0	-2500.13	0	-2647.71	0	-2538.94	0	-2560.97	0	-2639.11	0	-2657.03	0
-2513.95	0	-2548.41	0	-2541.15	0	-2627.3	0	-2541.1	0	-2541.67	0	-2630.45	0	-2559.67	0	-2522.02	0	-2511.85	0	-2651.75	0	-2543.99	0	-2527.64	0	-2554.11	0	-2544.04	0	-2529.22	0	-2554.73	0	-2546	0	-2653.03	0	-2500.13	0	-2647.71	0	-2538.94	0	-2560.97	0	-2630.04	0	-2649.46	0
-2516.06	0	-2548.41	0	-2541.15	0	-2619.8	0	-2549.34	0	-2540.26	0	-2630.45	0	-2559.67	0	-2522.02	0	-2506.85	0	-2648.14	0	-2546.75	0	-2527.64	0	-2554.11	0	-2544.04	0	-2529.22	0	-2553.91	0	-2546	0	-2653.03	0	-2500.13	0	-2645.2	0	-2538.3	0	-2566.59	0	-2635.46	0	-2649.46	0
-2516.06	0	-2537.81	0	-2536.59	0	-2619.8	0	-2544.85	0	-2537.7	0	-2630.45	0	-2558.56	0	-2516.95	0	-2506.85	0	-2648.14	0	-2543.5	0	-2525.06	0	-2554.11	0	-2544.04	0	-2529.22	0	-2553.91	0	-2546.38	0	-2653.03	0	-2500.13	0	-2636.81	0	-2536.83	0	-2566.59	0	-2635.46	0	-2649.46	0
-2516.01	0	-2535.99	0	-2536.59	0	-2619.8	0	-2544.85	0	-2538.7	0	-2630.45	0	-2570.14	0	-2516.95	0	-2506.85	0	-2648.14	0	-2543.5	0	-2524.78	0	-2554.11	0	-2540.33	0	-2529.22	0	-2553.91	0	-2546.04	0	-2653.03	0	-2500.13	0	-2636.81	0	-2536.83	0	-2559.35	0	-2635.46	0	-2649.46	0
-2516.01	0	-2535.99	0	-2536.59	0	-2618.57	0	-2544.85	0	-2538.7	0	-2630.45	0	-2570.14	0	-2516.95	0	-2506.85	0	-2648.14	0	-2543.12	0	-2524.28	0	-2552.09	0	-2537.13	0	-2530.26	0	-2553.91	0	-2547.64	0	-2653.03	0	-2500.13	0	-2636.31	0	-2535.96	0	-2556.22	0	-2635.46	0	-2649.46	0
-2516.01	0	-2538.61	0	-2536.59	0	-2615.12	0	-2542.81	0	-2538.7	0	-2629.55	0	-2570.14	0	-2516.95	0	-2501.19	0	-2648.14	0	-2537.24	0	-2524.28	0	-2548.58	0	-2539.2	0	-2526.76	0	-2551.84	0	-2546.22	0	-2648.19	0	-2498.18	0	-2634.2	0	-2528.89	0	-2556.16	0	-2626.48	0	-2653.4	0
-2511.07	0	-2548.65	0	-2535.82	0	-2615.12	0	-2541.9	0	-2539.3	0	-2629.55	0	-2570.14	0	-2516.95	0	-2501.19	0	-2648.14	0	-2541.06	0	-2521.31	0	-2548.58	0	-2534.35	0	-2520.93	0	-2550.68	0	-2542.4	0	-2648.33	0	-2495.82	0	-2633.19	0	-2528.89	0	-2556.16	0	-2626.48	0	-2653.4	0
-2509.11	0	-2548.65	0	-2535.82	0	-2615.12	0	-2541.9	0	-2537.21	0	-2629.55	0	-2570.14	0	-2515.2	0	-2500.38	0	-2648.14	0	-2541.05	0	-2521.31	0	-2548.58	0	-2534.35	0	-2520.93	0	-2550.68	0	-2539.02	0	-2648.33	0	-2495.82	0	-2633.19	0	-2528.89	0	-2556.75	0	-2626.48	0	-2644.13	0
-2509.11	0	-2548.65	0	-2535.9	0	-2615.12	0	-2541.9	0	-2533.42	0	-2628.44	0	-2570.14	0	-2514.05	0	-2500.38	0	-2648.14	0	-2541.05	0	-2520.94	0	-2548.58	0	-2536.16	0	-2520.93	0	-2549.55	0	-2539.02	0	-2648.33	0	-2495.82	0	-2636.54	0	-2529.92	0	-2556.75	0	-2626.48	0	-2646.39	0
-2509.11	0	-2548.65	0	-2533.9	0	-2621.33	0	-2541.9	0	-2533.42	0	-2628.44	0	-2554.93	0	-2514.05	0	-2498.79	0	-2648.14	0	-2533.88	0	-2520.94	0	-2548.58	0	-2534.94	0	-2520.93	0	-2548.22	0	-2539.02	0	-2648.33	0	-2495.82	0	-2636.54	0	-2529.92	0	-2555.36	0	-2625.79	0	-2644.5	0
-2509.76	0	-2531.33	0	-2533.9	0	-2621.33	0	-2541.9	0	-2533.42	0	-2628.44	0	-2553.99	0	-2514.05	0	-2497.11	0	-2638.63	0	-2546.2	0	-2522.15	0	-2549.49	0	-2531.53	0	-2526.25	0	-2541.97	0	-2539.33	0	-2648.33	0	-2493.77	0	-2634.67	0	-2530.73	0	-2555.36	0	-2625.79	0	-2644.5	0
-2502.7	0	-2531.33	0	-2533.9	0	-2621.33	0	-2539.87	0	-2535.34	0	-2627.74	0	-2551.1	0	-2514.05	0	-2495.38	0	-2638.63	0	-2546.2	0	-2518.67	0	-2549.49	0	-2531.53	0	-2526.25	0	-2541.97	0	-2536.13	0	-2642.57	0	-2493.77	0	-2634.67	0	-2530.73	0	-2555.36	0	-2625.79	0	-2644.13	0
-2502.7	0	-2529.55	0	-2534.87	0	-2621.33	0	-2539.87	0	-2535.34	0	-2627.74	0	-2551.1	0	-2511.55	0	-2495.38	0	-2634.84	0	-2546.2	0	-2513.16	0	-2543.83	0	-2533.13	0	-2526.25	0	-2541.97	0	-2530.72	0	-2649.93	0	-2493.77	0	-2630.34	0	-2530.73	0	-2555.36	0	-2632.79	0	-2644.13	0
-2507.72	0	-2529.55	0	-2534.28	0	-2621.33	0	-2539.87	0	-2533.14	0	-2627.74	0	-2551.1	0	-2511.07	0	-2495.38	0	-2634.84	0	-2546.2	0	-2513.16	0	-2543.83	0	-2534.14	0	-2520.91	0	-2541.97	0	-2530.72	0	-2649.93	0	-2493.77	0	-2630.34	0	-2526.67	0	-2554.89	0	-2633	0	-2642.39	0
-2507.72	0	-2529.55	0	-2534.28	0	-2621.33	0	-2535.32	0	-2533.14	0	-2634.41	0	-2551.1	0	-2503.79	0	-2495.38	0	-2634.84	0	-2546.2	0	-2514.67	0	-2543.83	0	-2528.49	0	-2520.91	0	-2539.91	0	-2530.72	0	-2649.93	0	-2502.88	0	-2630.34	0	-2526.67	0	-2554.89	0	-2624.54	0	-2642.39	0
-2507.72	0	-2529.71	0	-2534.28	0	-2621.33	0	-2535.32	0	-2529.24	0	-2621.1	0	-2551.1	0	-2503.79	0	-2495.38	0	-2634.35	0	-2546.2	0	-2513.84	0	-2538.93	0	-2528.49	0	-2518.94	0	-2539.91	0	-2530.72	0	-2649.93	0	-2502.88	0	-2632.81	0	-2525.6	0	-2554.12	0	-2624.54	0	-2642.27	0
-2502.24	0	-2524.24	0	-2533.28	0	-2621.33	0	-2543.96	0	-2529.24	0	-2636.96	0	-2551.07	0	-2506.05	0	-2495.38	0	-2634.64	0	-2546.2	0	-2513.84	0	-2538.93	0	-2528.49	0	-2518.94	0	-2539.91	0	-2526.12	0	-2649.93	0	-2502.88	0	-2632.81	0	-2525.6	0	-2554.12	0	-2622.61	0	-2642.1	0
-2501.24	0	-2524.26	0	-2533.28	0	-2612.92	0	-2543.96	0	-2530.87	0	-2630.18	0	-2548.19	0	-2506.05	0	-2490.59	0	-2634.64	0	-2546.2	0	-2513.84	0	-2538.93	0	-2528.49	0	-2517.94	0	-2537.21	0	-2526.12	0	-2649.93	0	-2502.88	0	-2627.43	0	-2524.2	0	-2550.76	0	-2622.61	0	-2645.6	0
-2501.24	0	-2524.26	0	-2526.04	0	-2614.45	0	-2543.96	0	-2528.27	0	-2630.18	0	-2548.19	0	-2506.05	0	-2489.59	0	-2630.45	0	-2546.2	0	-2514.57	0	-2538.93	0	-2528.49	0	-2517.94	0	-2537.23	0	-2526.12	0	-2649.93	0	-2502.88	0	-2628	0	-2524.2	0	-2546	0	-2619.85	0	-2645.6	0
-2500.03	0	-2524.26	0	-2526.04	0	-2613.16	0	-2533.59	0	-2528.27	0	-2630.18	0	-2548.19	0	-2506.05	0	-2494.75	0	-2630.45	0	-2546.2	0	-2514.57	0	-2538.93	0	-2525.41	0	-2517.94	0	-2537.6	0	-2526.12	0	-2643.12	0	-2484.57	0	-2628	0	-2521.56	0	-2546	0	-2619.85	0	-2639.74	0
-2501.59	0	-2524.26	0	-2526.04	0	-2612.46	0	-2533.22	0	-2528.27	0	-2630.18	0	-2545.13	0	-2506.05	0	-2490.65	0	-2630.45	0	-2533.7	0	-2512.95	0	-2538.93	0	-2525.41	0	-2514.74	0	-2537.6	0	-2526.12	0	-2642.07	0	-2484.57	0	-2628	0	-2517.78	0	-2550.91	0	-2619.85	0	-2637.98	0
-2500.95	0	-2521.98	0	-2526.04	0	-2612.38	0	-2533.15	0	-2528.27	0	-2630.18	0	-2545.13	0	-2499.46	0	-2488.45	0	-2630.45	0	-2533.7	0	-2507.21	0	-2538.93	0	-2525.41	0	-2514.74	0	-2537.6	0	-2526.12	0	-2639.32	0	-2484.57	0	-2627.81	0	-2517.78	0	-2549.23	0	-2619.85	0	-2636.6	0
-2498.08	0	-2521.17	0	-2526.63	0	-2612.38	0	-2533.15	0	-2528.81	0	-2630.18	0	-2545.13	0	-2502.64	0	-2488.45	0	-2630.45	0	-2528.69	0	-2510.56	0	-2538.93	0	-2523.49	0	-2513.98	0	-2536.39	0	-2526.12	0	-2640.66	0	-2484.57	0	-2627.81	0	-2517.78	0	-2549.23	0	-2625.75	0	-2634.39	0
-2498.48	0	-2521.17	0	-2524.64	0	-2610.43	0	-2533.15	0	-2526.07	0	-2630.18	0	-2545.28	0	-2502.91	0	-2488.45	0	-2630.45	0	-2526.68	0	-2510.28	0	-2538.93	0	-2520.71	0	-2513.98	0	-2539.13	0	-2528.25	0	-2640.66	0	-2484.57	0	-2627.81	0	-2517.78	0	-2548.42	0	-2625.75	0	-2634.39	0
-2498.48	0	-2521.17	0	-2524.64	0	-2608.46	0	-2533.15	0	-2526.07	0	-2630.18	0	-2545.28	0	-2500.14	0	-2487.09	0	-2633.13	0	-2526.68	0	-2504.81	0	-2538.93	0	-2520.71	0	-2504.73	0	-2535.83	0	-2528.21	0	-2637.6	0	-2485.23	0	-2627.81	0	-2517.78	0	-2548.42	0	-2625.75	0	-2634.39	0
-2496.44	0	-2520.75	0	-2523.17	0	-2608.46	0	-2529.92	0	-2526.07	0	-2630.18	0	-2545.05	0	-2500.19	0	-2485.86	0	-2633.13	0	-2526.68	0	-2505.03	0	-2535.65	0	-2520.71	0	-2504.73	0	-2530.35	0	-2528.21	0	-2642.42	0	-2485.23	0	-2626.58	0	-2517.78	0	-2548.42	0	-2618.31	0	-2634.39	0
-2496.44	0	-2519.04	0	-2519.21	0	-2608.46	0	-2536.15	0	-2524.58	0	-2621.22	0	-2554.08	0	-2499.29	0	-2485.86	0	-2634.96	0	-2526.68	0	-2507.2	0	-2531.52	0	-2520.71	0	-2510.17	0	-2530.35	0	-2522.15	0	-2639.87	0	-2482.77	0	-2626.58	0	-2519.71	0	-2548.72	0	-2618.31	0	-2634.65	0
-2496.44	0	-2519.04	0	-2529.07	0	-2608.46	0	-2536.15	0	-2524.58	0	-2618.88	0	-2554.08	0	-2489.01	0	-2485.86	0	-2629.22	0	-2526.68	0	-2505.48	0	-2534.24	0	-2520.71	0	-2510.17	0	-2530.35	0	-2522.15	0	-2639.87	0	-2483.45	0	-2626.58	0	-2515.41	0	-2547.19	0	-2617.63	0	-2634.6	0
-2493.65	0	-2519.04	0	-2526.66	0	-2608.46	0	-2536.15	0	-2524.74	0	-2618.88	0	-2539.99	0	-2489.01	0	-2485.86	0	-2629.76	0	-2521.39	0	-2506.02	0	-2531	0	-2522.65	0	-2506.75	0	-2532.36	0	-2522.15	0	-2639.87	0	-2483.45	0	-2626.47	0	-2515.41	0	-2547.4	0	-2616.91	0	-2634.6	0
-2493.65	0	-2519.04	0	-2526.66	0	-2610.7	0	-2536.15	0	-2522.99	0	-2618.88	0	-2536.4	0	-2489.01	0	-2485.86	0	-2629.76	0	-2523.13	0	-2505.76	0	-2531.3	0	-2518.4	0	-2503.97	0	-2532.36	0	-2522.63	0	-2639.87	0	-2484.16	0	-2625.22	0	-2516.4	0	-2545.4	0	-2616.91	0	-2634.6	0
-2492.23	0	-2519.04	0	-2526.66	0	-2610.7	0	-2536.15	0	-2522.76	0	-2619.86	0	-2536.4	0	-2489.01	0	-2479.84	0	-2629.76	0	-2522.69	0	-2505.76	0	-2525.33	0	-2513.45	0	-2503.97	0	-2526.43	0	-2522.21	0	-2639.87	0	-2477.56	0	-2624.59	0	-2514.6	0	-2542.1	0	-2615.65	0	-2634.6	0
-2490.97	0	-2518.2	0	-2526.66	0	-2610.7	0	-2526.56	0	-2519.82	0	-2629.26	0	-2536.4	0	-2489.01	0	-2481.64	0	-2629.76	0	-2518.41	0	-2501.01	0	-2525.33	0	-2513.45	0	-2503.97	0	-2526.76	0	-2522.21	0	-2639.87	0	-2477.56	0	-2624.59	0	-2515.55	0	-2541.4	0	-2615.99	0	-2634.6	0
-2490.97	0	-2515.24	0	-2514.18	0	-2610.7	0	-2526.56	0	-2525.8	0	-2629.26	0	-2530.42	0	-2486.58	0	-2481.64	0	-2628.55	0	-2517.54	0	-2502.59	0	-2525.33	0	-2518.51	0	-2503.97	0	-2527.91	0	-2522.21	0	-2639.87	0	-2478.52	0	-2623.79	0	-2515.55	0	-2540.68	0	-2615.99	0	-2634.6	0
-2488.14	0	-2515.24	0	-2516.6	0	-2610.7	0	-2527.16	0	-2525.8	0	-2629.26	0	-2530.42	0	-2491.38	0	-2480.16	0	-2627.89	0	-2519.28	0	-2502.59	0	-2525.33	0	-2518.51	0	-2505.11	0	-2527.91	0	-2522.21	0	-2633.21	0	-2471.08	0	-2625.12	0	-2515.55	0	-2538.68	0	-2613.98	0	-2634.6	0
-2488.14	0	-2511.04	0	-2516.6	0	-2610.7	0	-2523	0	-2518.6	0	-2629.26	0	-2530.42	0	-2489.81	0	-2480.16	0	-2624.61	0	-2516.61	0	-2502.5	0	-2525.33	0	-2517.07	0	-2501.98	0	-2527.91	0	-2522.21	0	-2633.21	0	-2474.7	0	-2621.77	0	-2511.95	0	-2538.68	0	-2609.73	0	-2634.6	0
-2485.12	0	-2511.04	0	-2509.52	0	-2600.97	0	-2523	0	-2518.6	0	-2617.68	0	-2530.42	0	-2490.19	0	-2480.16	0	-2624.61	0	-2516.61	0	-2497.96	0	-2525.87	0	-2519.89	0	-2501.98	0	-2527.91	0	-2522.42	0	-2633.83	0	-2471.05	0	-2621.77	0	-2511.95	0	-2538.68	0	-2609.73	0	-2631.46	0
-2485.12	0	-2513.19	0	-2509.52	0	-2600.97	0	-2519.17	0	-2518.6	0	-2612.49	0	-2530.42	0	-2490.19	0	-2476.91	0	-2624.61	0	-2516.61	0	-2493.25	0	-2525.87	0	-2512.94	0	-2501.51	0	-2517.35	0	-2511.35	0	-2632.91	0	-2471.05	0	-2621.77	0	-2510.76	0	-2538.68	0	-2612.06	0	-2623.06	0
-2485.12	0	-2513.19	0	-2509.52	0	-2600.97	0	-2519.17	0	-2515.68	0	-2613.96	0	-2528.73	0	-2485.56	0	-2476.91	0	-2623.79	0	-2516.61	0	-2495.31	0	-2523.93	0	-2515.51	0	-2501.51	0	-2521.51	0	-2511.35	0	-2631.87	0	-2472.64	0	-2622.83	0	-2510.76	0	-2538.68	0	-2621.82	0	-2623.06	0
-2485.86	0	-2513.19	0	-2509.52	0	-2600.97	0	-2519.17	0	-2515.68	0	-2613.96	0	-2528.73	0	-2485.31	0	-2476.91	0	-2623.63	0	-2516.13	0	-2495.31	0	-2523.93	0	-2510.18	0	-2502.46	0	-2519.35	0	-2511.35	0	-2629.17	0	-2472.64	0	-2620.93	0	-2510.76	0	-2538.68	0	-2621.82	0	-2623.06	0
-2481.97	0	-2510.95	0	-2509.52	0	-2595.55	0	-2519.17	0	-2515.37	0	-2613.96	0	-2528.83	0	-2485.31	0	-2469.95	0	-2623.63	0	-2515.02	0	-2494.28	0	-2523.93	0	-2510.08	0	-2493.62	0	-2523.33	0	-2514.45	0	-2631.55	0	-2463.63	0	-2618.7	0	-2508.99	0	-2535.67	0	-2604.46	0	-2623.06	0
-2481.97	0	-2510.95	0	-2509.52	0	-2595.55	0	-2516.38	0	-2515.37	0	-2615.24	0	-2529.2	0	-2485.69	0	-2468.77	0	-2621.91	0	-2507.86	0	-2494.28	0	-2520.17	0	-2510.08	0	-2493.62	0	-2512.63	0	-2515.15	0	-2629.56	0	-2465.86	0	-2618.7	0	-2509.4	0	-2536.02	0	-2604.46	0	-2626.73	0
-2481.97	0	-2509.49	0	-2505.66	0	-2595.55	0	-2516.38	0	-2515.69	0	-2625.77	0	-2529.2	0	-2482.44	0	-2468.77	0	-2621.91	0	-2508.6	0	-2494.28	0	-2520.17	0	-2506.72	0	-2493.62	0	-2507.69	0	-2512.19	0	-2635.96	0	-2460.99	0	-2618.7	0	-2505.37	0	-2533.96	0	-2607.5	0	-2623.23	0
-2480.53	0	-2508.57	0	-2511.02	0	-2595.55	0	-2516.38	0	-2515.82	0	-2625.77	0	-2526.64	0	-2482.44	0	-2468.77	0	-2620.15	0	-2508.6	0	-2494.28	0	-2521.23	0	-2509.14	0	-2493.62	0	-2507.69	0	-2512.19	0	-2635.96	0	-2460.99	0	-2619.81	0	-2502.27	0	-2533.96	0	-2605.61	0	-2636.71	0
-2480.53	0	-2508.57	0	-2511.02	0	-2609.12	0	-2516.38	0	-2510.89	0	-2625.77	0	-2526.64	0	-2470.92	0	-2468.77	0	-2620.18	0	-2508.6	0	-2489.68	0	-2513.99	0	-2509.14	0	-2493.62	0	-2507.69	0	-2512.92	0	-2635.96	0	-2460.99	0	-2616.39	0	-2502.27	0	-2532.75	0	-2605.61	0	-2634.29	0
-2480.53	0	-2508.47	0	-2511.02	0	-2609.12	0	-2516.38	0	-2513	0	-2625.77	0	-2525.88	0	-2470.92	0	-2468.77	0	-2619.26	0	-2506.58	0	-2489.68	0	-2513.99	0	-2505.29	0	-2493.62	0	-2506.15	0	-2512.42	0	-2635.96	0	-2460.99	0	-2616.39	0	-2502.27	0	-2532	0	-2605.61	0	-2634.29	0
-2480.53	0	-2503.72	0	-2511.02	0	-2609.12	0	-2518.4	0	-2509.15	0	-2609.16	0	-2526.6	0	-2470.92	0	-2468.77	0	-2627.79	0	-2509.83	0	-2485.1	0	-2513.99	0	-2504.52	0	-2493.62	0	-2506.15	0	-2509.31	0	-2635.96	0	-2455.2	0	-2616.84	0	-2502.27	0	-2528.44	0	-2605.61	0	-2634.29	0
-2482.8	0	-2503.8	0	-2511.02	0	-2609.12	0	-2514.99	0	-2509.15	0	-2609.16	0	-2526.6	0	-2470.92	0	-2468.77	0	-2618.25	0	-2509.83	0	-2485.1	0	-2513.99	0	-2504.52	0	-2489.9	0	-2507.32	0	-2507.25	0	-2635.96	0	-2460.73	0	-2612.44	0	-2502.27	0	-2533.18	0	-2602.24	0	-2634.29	0
-2482.8	0	-2503.8	0	-2511.02	0	-2609.12	0	-2514.99	0	-2500.23	0	-2607.66	0	-2524.28	0	-2470.92	0	-2479.29	0	-2618.25	0	-2507.84	0	-2485.1	0	-2514.73	0	-2503.29	0	-2484.85	0	-2497.64	0	-2507.25	0	-2632.9	0	-2459.11	0	-2612.44	0	-2502.27	0	-2533.18	0	-2602.24	0	-2620.35	0
-2479.76	0	-2491.68	0	-2511.02	0	-2609.12	0	-2514.99	0	-2500.23	0	-2607.66	0	-2514.18	0	-2470.92	0	-2469.01	0	-2615.3	0	-2504.48	0	-2485.1	0	-2514.73	0	-2503.29	0	-2484.85	0	-2497.64	0	-2507.25	0	-2632.9	0	-2459.11	0	-2612.44	0	-2503.88	0	-2520.26	0	-2602.24	0	-2620.35	0
-2479.42	0	-2494.83	0	-2498.36	0	-2609.12	0	-2514.53	0	-2500.23	0	-2607.66	0	-2512.2	0	-2470.92	0	-2467.02	0	-2615.3	0	-2504.48	0	-2485.1	0	-2510.47	0	-2501.14	0	-2484.85	0	-2497.64	0	-2506.51	0	-2632.9	0	-2461.62	0	-2615.58	0	-2503.88	0	-2520.26	0	-2602.24	0	-2620.35	0
-2479.57	0	-2494.83	0	-2498.36	0	-2598.76	0	-2515.27	0	-2502.13	0	-2607.66	0	-2512.2	0	-2476.39	0	-2467.02	0	-2623.02	0	-2504.48	0	-2485.1	0	-2510.47	0	-2501.14	0	-2484.85	0	-2497.64	0	-2506.79	0	-2624.09	0	-2455.86	0	-2615.58	0	-2503.88	0	-2520.26	0	-2602.24	0	-2620.35	0
-2478.35	0	-2494.83	0	-2496.87	0	-2592.79	0	-2514.32	0	-2502.37	0	-2606.83	0	-2512.2	0	-2476.39	0	-2465.86	0	-2623.02	0	-2504.48	0	-2485.1	0	-2507.14	0	-2501.14	0	-2489.01	0	-2497.64	0	-2506.79	0	-2625.15	0	-2455.76	0	-2615.58	0	-2503.88	0	-2520.26	0	-2603.37	0	-2620.35	0
-2478.35	0	-2490.32	0	-2500.13	0	-2592.79	0	-2514.32	0	-2502.37	0	-2606.83	0	-2511.64	0	-2470.11	0	-2463.36	0	-2616.07	0	-2504.48	0	-2482.43	0	-2506.67	0	-2500.03	0	-2487.28	0	-2497.64	0	-2502.94	0	-2625.15	0	-2455.76	0	-2615.58	0	-2500.04	0	-2520.26	0	-2603.37	0	-2620.35	0
-2471.98	0	-2490.32	0	-2497.36	0	-2592.79	0	-2510.81	0	-2503.81	0	-2606.83	0	-2508.96	0	-2472.72	0	-2463.36	0	-2623.53	0	-2504.48	0	-2482.43	0	-2506.67	0	-2500.37	0	-2487.28	0	-2497.64	0	-2502.94	0	-2622.94	0	-2455.76	0	-2610.58	0	-2500.04	0	-2516.17	0	-2608.08	0	-2618.82	0
-2472.66	0	-2490.32	0	-2494.38	0	-2592.79	0	-2511.07	0	-2499.04	0	-2603.89	0	-2508.96	0	-2461.48	0	-2461.26	0	-2613.8	0	-2503.46	0	-2482.09	0	-2506.67	0	-2499.94	0	-2487.48	0	-2497.64	0	-2502.94	0	-2621.23	0	-2448.05	0	-2610.58	0	-2496.84	0	-2516.17	0	-2608.08	0	-2614.91	0
-2470.12	0	-2490.32	0	-2494.38	0	-2592.79	0	-2506.56	0	-2500.01	0	-2613.28	0	-2508.96	0	-2468.56	0	-2461.26	0	-2613.8	0	-2503.69	0	-2482.07	0	-2509.59	0	-2498.54	0	-2487.48	0	-2497.38	0	-2498.63	0	-2617.72	0	-2448.05	0	-2610.58	0	-2496.84	0	-2516.17	0	-2601.13	0	-2614.91	0
-2470.12	0	-2490.32	0	-2494.38	0	-2592.79	0	-2506.56	0	-2500.06	0	-2613.28	0	-2499.98	0	-2468.56	0	-2458.93	0	-2612.44	0	-2502	0	-2482.07	0	-2507.82	0	-2497.2	0	-2488.62	0	-2497.38	0	-2500.26	0	-2619.87	0	-2448.05	0	-2610.97	0	-2496.84	0	-2516.17	0	-2599.15	0	-2613.12	0
-2473.07	0	-2491.45	0	-2489.59	0	-2592.79	0	-2509.09	0	-2500.06	0	-2613.28	0	-2499.98	0	-2468.56	0	-2458.93	0	-2612.44	0	-2494.05	0	-2476.6	0	-2506.63	0	-2492.72	0	-2484.09	0	-2495.96	0	-2500.26	0	-2616.63	0	-2448.05	0	-2612.22	0	-2496.53	0	-2516.81	0	-2601.18	0	-2613.12	0
-2473.07	0	-2491.45	0	-2489.59	0	-2592.79	0	-2509.09	0	-2500.06	0	-2613.28	0	-2499.98	0	-2462.94	0	-2451.9	0	-2615.42	0	-2494.05	0	-2476.6	0	-2505.44	0	-2492.12	0	-2484.09	0	-2494.81	0	-2493.57	0	-2616.63	0	-2450.74	0	-2609.19	0	-2496.53	0	-2514.08	0	-2597.69	0	-2613.12	0
-2468.02	0	-2487.48	0	-2489.32	0	-2592.79	0	-2506.99	0	-2495.42	0	-2613.28	0	-2499.98	0	-2458.06	0	-2450.56	0	-2612.74	0	-2494.46	0	-2476.6	0	-2506.37	0	-2489.24	0	-2484.09	0	-2491.79	0	-2495.1	0	-2616.63	0	-2450.74	0	-2609.19	0	-2496.53	0	-2514.08	0	-2601.93	0	-2618.72	0
-2468.02	0	-2487.48	0	-2489.32	0	-2591.49	0	-2507.5	0	-2496.79	0	-2613.28	0	-2499.98	0	-2458.06	0	-2450.56	0	-2612.74	0	-2494.46	0	-2476.07	0	-2503.54	0	-2489.24	0	-2481.65	0	-2491.79	0	-2495.1	0	-2616.63	0	-2451.04	0	-2609.19	0	-2496.33	0	-2513.52	0	-2601.93	0	-2618.72	0
-2468.02	0	-2489.33	0	-2485.61	0	-2591.49	0	-2501.87	0	-2496.79	0	-2613.28	0	-2499.98	0	-2460.5	0	-2450.56	0	-2610.54	0	-2493.81	0	-2474.58	0	-2500.53	0	-2489.24	0	-2484.21	0	-2490.71	0	-2490.71	0	-2613.26	0	-2443.48	0	-2605.39	0	-2492.05	0	-2514.93	0	-2601.93	0	-2618.72	0
-2468.02	0	-2484.24	0	-2495.71	0	-2591.49	0	-2501.87	0	-2496.79	0	-2613.28	0	-2499.98	0	-2460.5	0	-2450.56	0	-2610.54	0	-2489.59	0	-2474.58	0	-2500.53	0	-2490.01	0	-2484.21	0	-2484.62	0	-2491.4	0	-2613.26	0	-2448.03	0	-2605.39	0	-2485.91	0	-2515.28	0	-2601.93	0	-2612.84	0
-2468.02	0	-2484.24	0	-2486.46	0	-2591.49	0	-2499.01	0	-2495.53	0	-2613.28	0	-2499.98	0	-2460.5	0	-2450.56	0	-2608.87	0	-2489.59	0	-2469.35	0	-2500.53	0	-2486.94	0	-2484.21	0	-2484.62	0	-2491.4	0	-2615.14	0	-2448.03	0	-2605.87	0	-2485.91	0	-2514.69	0	-2595.9	0	-2606.42	0
-2464.87	0	-2485.59	0	-2484.11	0	-2591.49	0	-2504.34	0	-2494.93	0	-2613.28	0	-2499.98	0	-2453.52	0	-2440.95	0	-2605.86	0	-2489.59	0	-2469.35	0	-2500.53	0	-2481.77	0	-2484.21	0	-2484.62	0	-2489.12	0	-2615.14	0	-2448.03	0	-2612.17	0	-2485.91	0	-2509.84	0	-2595.9	0	-2606.42	0
-2464.87	0	-2482.71	0	-2484.11	0	-2591.49	0	-2498.23	0	-2494.93	0	-2613.28	0	-2495.54	0	-2453.96	0	-2440.95	0	-2605.86	0	-2489.59	0	-2469.07	0	-2500.1	0	-2479.87	0	-2478.9	0	-2483.84	0	-2486.59	0	-2612.49	0	-2445.17	0	-2599.3	0	-2485.91	0	-2512.07	0	-2595.9	0	-2606.42	0
-2465.3	0	-2482.71	0	-2482.2	0	-2590.87	0	-2498.23	0	-2492.25	0	-2613.28	0	-2495.76	0	-2453.96	0	-2440.95	0	-2605.86	0	-2489.59	0	-2469.07	0	-2500.1	0	-2479.87	0	-2475.72	0	-2481.66	0	-2483.81	0	-2612.49	0	-2441.85	0	-2603.32	0	-2485.91	0	-2506.71	0	-2595.9	0	-2604.48	0
-2463.04	0	-2484.82	0	-2482.2	0	-2590.51	0	-2498.23	0	-2489.55	0	-2613.28	0	-2483.57	0	-2453.96	0	-2435.65	0	-2605.86	0	-2487.27	0	-2469.07	0	-2498.58	0	-2479.87	0	-2476.94	0	-2481.66	0	-2478.38	0	-2618.81	0	-2455.28	0	-2603.32	0	-2485.91	0	-2506.71	0	-2593.44	0	-2606.92	0
-2463.16	0	-2481.92	0	-2482.12	0	-2590.51	0	-2497.73	0	-2490.41	0	-2613.28	0	-2483.57	0	-2451.54	0	-2435.65	0	-2604.5	0	-2487.27	0	-2470.91	0	-2494.99	0	-2477.03	0	-2473.53	0	-2481.66	0	-2478.92	0	-2618.81	0	-2452.86	0	-2603.34	0	-2482.94	0	-2506.67	0	-2594.27	0	-2606.92	0
-2462.99	0	-2481.92	0	-2481.08	0	-2590.2	0	-2497.74	0	-2490.41	0	-2613.28	0	-2483.57	0	-2451.54	0	-2435.65	0	-2602.47	0	-2484.02	0	-2467.05	0	-2495.33	0	-2469.97	0	-2472.59	0	-2481.66	0	-2479.54	0	-2608.92	0	-2452.86	0	-2599.93	0	-2482.94	0	-2506.67	0	-2593.41	0	-2604.05	0
-2462.99	0	-2481.92	0	-2479.24	0	-2590.91	0	-2497.74	0	-2487.11	0	-2595.63	0	-2483.57	0	-2451.54	0	-2435.65	0	-2602.47	0	-2482.49	0	-2465.46	0	-2491.9	0	-2469.97	0	-2471.11	0	-2476.76	0	-2479.54	0	-2608.92	0	-2452.86	0	-2599.93	0	-2482.94	0	-2506.67	0	-2591.63	0	-2607.19	0
-2462.99	0	-2476.08	0	-2475.49	0	-2590.91	0	-2492.85	0	-2487.8	0	-2595.63	0	-2483.57	0	-2451.98	0	-2435.65	0	-2602.47	0	-2484.47	0	-2465.23	0	-2491.9	0	-2469.97	0	-2470.81	0	-2476.76	0	-2480.87	0	-2607.67	0	-2452.86	0	-2599.93	0	-2482.94	0	-2501.69	0	-2592.53	0	-2603.27	0
-2460.32	0	-2479.25	0	-2475.49	0	-2590.91	0	-2494.11	0	-2487.8	0	-2595.63	0	-2493.11	0	-2447.77	0	-2435.65	0	-2599.76	0	-2484.47	0	-2465.23	0	-2491.62	0	-2469.97	0	-2470.2	0	-2478.48	0	-2476.43	0	-2602.55	0	-2452.86	0	-2599.93	0	-2480.57	0	-2499.93	0	-2592.53	0	-2604.91	0
-2456.25	0	-2476.62	0	-2475.49	0	-2591.18	0	-2490.58	0	-2489.4	0	-2592.62	0	-2490.58	0	-2443.81	0	-2435.65	0	-2599.76	0	-2484.47	0	-2466.84	0	-2491.62	0	-2469.97	0	-2469.41	0	-2478.48	0	-2476.43	0	-2602.55	0	-2428.99	0	-2599.93	0	-2480.57	0	-2499.93	0	-2592.89	0	-2603.86	0
-2456.39	0	-2473.86	0	-2472.81	0	-2591.18	0	-2490.58	0	-2486.46	0	-2590.89	0	-2489.64	0	-2440.05	0	-2435.65	0	-2599.76	0	-2476.79	0	-2465.88	0	-2490.11	0	-2472.35	0	-2468.69	0	-2478.48	0	-2474.74	0	-2602.55	0	-2428.99	0	-2597.82	0	-2479.21	0	-2499.93	0	-2592.89	0	-2604.99	0
-2456.39	0	-2468.68	0	-2474.77	0	-2584.23	0	-2490.03	0	-2486.51	0	-2599.7	0	-2489.56	0	-2439.02	0	-2435.65	0	-2599.76	0	-2476.79	0	-2462.19	0	-2486.46	0	-2469.63	0	-2468.69	0	-2478.48	0	-2474.74	0	-2602.55	0	-2438.88	0	-2595.97	0	-2483.03	0	-2499.93	0	-2590.46	0	-2604.99	0
-2456.39	0	-2479.66	0	-2475.56	0	-2583.62	0	-2487.73	0	-2484.12	0	-2589.57	0	-2489.56	0	-2434.19	0	-2435.65	0	-2606.69	0	-2479.9	0	-2461.86	0	-2486.46	0	-2468.56	0	-2463.93	0	-2478.48	0	-2470.84	0	-2602.55	0	-2435.04	0	-2595.81	0	-2478.41	0	-2495.75	0	-2590.46	0	-2598.18	0
-2456.39	0	-2468.35	0	-2475.56	0	-2584.54	0	-2487.73	0	-2485.34	0	-2589.57	0	-2489.56	0	-2434.19	0	-2424.59	0	-2606.69	0	-2476.75	0	-2461.86	0	-2488.53	0	-2466.72	0	-2463.93	0	-2478.48	0	-2475.68	0	-2602.55	0	-2435.04	0	-2594.26	0	-2478.41	0	-2498.14	0	-2590.46	0	-2598.18	0
-2453.53	0	-2468.35	0	-2475.56	0	-2584.32	0	-2483.39	0	-2484.57	0	-2589.57	0	-2480.15	0	-2427.53	0	-2424.59	0	-2596.99	0	-2470.16	0	-2458.46	0	-2486.62	0	-2466.72	0	-2463.93	0	-2476.6	0	-2475.68	0	-2602.55	0	-2432.13	0	-2594.26	0	-2475.56	0	-2489.55	0	-2588.42	0	-2598.18	0
-2454.88	0	-2468.35	0	-2471.7	0	-2583.26	0	-2483.39	0	-2482.08	0	-2589.57	0	-2480.15	0	-2416.5	0	-2424.59	0	-2596.07	0	-2470.16	0	-2458.46	0	-2481.91	0	-2466.72	0	-2459.84	0	-2476.6	0	-2469.98	0	-2600.21	0	-2430.12	0	-2594.26	0	-2476.21	0	-2489.55	0	-2588.69	0	-2598.18	0
-2453.15	0	-2468.35	0	-2473.39	0	-2587.71	0	-2483.39	0	-2482.08	0	-2585.67	0	-2480.15	0	-2416.5	0	-2424.59	0	-2596.07	0	-2469.65	0	-2460.44	0	-2480.97	0	-2465.93	0	-2459.84	0	-2476.6	0	-2468.41	0	-2599.69	0	-2427.09	0	-2594.26	0	-2473.2	0	-2489.55	0	-2591	0	-2598.18	0
-2450.44	0	-2468.35	0	-2466.29	0	-2587.71	0	-2483.39	0	-2490.41	0	-2581.95	0	-2480.15	0	-2416.5	0	-2424.59	0	-2594.5	0	-2469.65	0	-2456.15	0	-2480.97	0	-2459.61	0	-2458.59	0	-2475.97	0	-2465.12	0	-2599.69	0	-2427.09	0	-2594.02	0	-2474.85	0	-2489.55	0	-2591	0	-2598.18	0
-2450.44	0	-2466.93	0	-2464.47	0	-2587.71	0	-2484.82	0	-2477.84	0	-2581.95	0	-2477.57	0	-2416.5	0	-2424.59	0	-2594.5	0	-2468.06	0	-2456.15	0	-2480.97	0	-2461.75	0	-2458.59	0	-2475.97	0	-2460.47	0	-2599.11	0	-2426.9	0	-2593.24	0	-2474.07	0	-2491.32	0	-2591	0	-2596.38	0
-2451.81	0	-2463.71	0	-2463.18	0	-2585.8	0	-2475.75	0	-2477.84	0	-2581.95	0	-2472.94	0	-2419.94	0	-2424.59	0	-2593.41	0	-2459.15	0	-2456.15	0	-2472.1	0	-2461.75	0	-2458.59	0	-2469.36	0	-2460.47	0	-2598.79	0	-2426.9	0	-2601.33	0	-2473.84	0	-2491.32	0	-2591	0	-2592.86	0
-2448.78	0	-2462.03	0	-2463.18	0	-2587.13	0	-2475.75	0	-2477.84	0	-2581.95	0	-2473.44	0	-2419.94	0	-2424.59	0	-2593.41	0	-2462.92	0	-2453.98	0	-2472.1	0	-2447.33	0	-2458.59	0	-2469.36	0	-2462.4	0	-2598.94	0	-2421.28	0	-2601.33	0	-2482.23	0	-2491.32	0	-2587.43	0	-2599.36	0
-2449	0	-2461.29	0	-2460.72	0	-2587.13	0	-2475.75	0	-2477.24	0	-2581.95	0	-2473.44	0	-2419.94	0	-2424.59	0	-2593.41	0	-2463.49	0	-2453.98	0	-2472.1	0	-2456.46	0	-2460.95	0	-2470.33	0	-2458.43	0	-2598.94	0	-2421.28	0	-2601.33	0	-2482.23	0	-2490.11	0	-2587.43	0	-2599.36	0
-2447.16	0	-2458.84	0	-2464.73	0	-2587.13	0	-2475.75	0	-2477.24	0	-2581.95	0	-2473.44	0	-2419.94	0	-2427.98	0	-2593.41	0	-2457.54	0	-2450.41	0	-2472.1	0	-2456.46	0	-2466.98	0	-2469.45	0	-2456.82	0	-2596.82	0	-2421.21	0	-2591.09	0	-2470.18	0	-2490.11	0	-2585.8	0	-2599.36	0
-2446.44	0	-2458.84	0	-2462.02	0	-2587.13	0	-2481.73	0	-2472.8	0	-2589.53	0	-2465.75	0	-2419.94	0	-2427.98	0	-2589.43	0	-2457.54	0	-2450.41	0	-2473.89	0	-2453.22	0	-2458.88	0	-2466.61	0	-2456.82	0	-2603.02	0	-2420.15	0	-2591.09	0	-2467.55	0	-2486.32	0	-2585.8	0	-2599.36	0
-2446.82	0	-2458.84	0	-2461.86	0	-2577.75	0	-2477.7	0	-2472.8	0	-2589.53	0	-2469.77	0	-2414.58	0	-2427.98	0	-2589.43	0	-2460.56	0	-2450.41	0	-2473.89	0	-2453.22	0	-2458.88	0	-2466.61	0	-2456.82	0	-2593.83	0	-2420.79	0	-2586.43	0	-2467.75	0	-2486.16	0	-2585.8	0	-2591.72	0
-2446.82	0	-2455.02	0	-2459.01	0	-2573.34	0	-2474.05	0	-2472.8	0	-2589.53	0	-2471.72	0	-2414.58	0	-2423.48	0	-2585.65	0	-2448.04	0	-2450.41	0	-2473.29	0	-2450.22	0	-2454.09	0	-2470.12	0	-2459.11	0	-2593.83	0	-2418.64	0	-2586.43	0	-2466.1	0	-2486.16	0	-2582.96	0	-2590.24	0
-2443.96	0	-2456.27	0	-2459.01	0	-2573.34	0	-2473.67	0	-2472.8	0	-2589.53	0	-2460.04	0	-2415.99	0	-2418.72	0	-2585.65	0	-2448.04	0	-2449.96	0	-2473.29	0	-2450.22	0	-2454.09	0	-2462.35	0	-2452.04	0	-2594.97	0	-2415.47	0	-2586.43	0	-2467.85	0	-2483.09	0	-2580.9	0	-2590.41	0
-2441.25	0	-2452.91	0	-2459.01	0	-2574.85	0	-2473.67	0	-2469.09	0	-2589.53	0	-2460.04	0	-2413.96	0	-2418.72	0	-2589.89	0	-2451.76	0	-2449.96	0	-2470.14	0	-2450.22	0	-2448.08	0	-2457.04	0	-2452.04	0	-2590.83	0	-2415.47	0	-2586.43	0	-2466.27	0	-2483.49	0	-2582.16	0	-2587.81	0
-2438.23	0	-2453.36	0	-2459.01	0	-2578.2	0	-2464.93	0	-2469.09	0	-2589.53	0	-2460.04	0	-2413.96	0	-2418.72	0	-2587.93	0	-2451.76	0	-2447.94	0	-2470.14	0	-2451.63	0	-2450.87	0	-2457.04	0	-2454.78	0	-2590.83	0	-2412.03	0	-2586.43	0	-2462.94	0	-2483.49	0	-2582.16	0	-2596.69	0
-2430.78	0	-2447.98	0	-2456.11	0	-2583.26	0	-2467.78	0	-2468.55	0	-2589.53	0	-2467.1	0	-2411.51	0	-2417.37	0	-2586.22	0	-2448.18	0	-2447.5	0	-2470.14	0	-2451.63	0	-2451.23	0	-2457.04	0	-2454.78	0	-2589.75	0	-2412.03	0	-2584.72	0	-2457.13	0	-2478.75	0	-2582.08	0	-2587.36	0
-2430.78	0	-2447.24	0	-2457.91	0	-2569.27	0	-2463.87	0	-2465.53	0	-2580.04	0	-2460.12	0	-2411.51	0	-2411.06	0	-2586.22	0	-2448.18	0	-2444.56	0	-2462.02	0	-2451.63	0	-2448.23	0	-2453.62	0	-2449.94	0	-2587.31	0	-2412.03	0	-2579.71	0	-2457.13	0	-2478.75	0	-2581.26	0	-2587.98	0
-2430.78	0	-2447.24	0	-2453.78	0	-2571.01	0	-2463.87	0	-2466.88	0	-2584.85	0	-2452.85	0	-2413.31	0	-2411.65	0	-2589.39	0	-2443.85	0	-2444.56	0	-2463.8	0	-2450.39	0	-2448.52	0	-2453.62	0	-2449.94	0	-2587.31	0	-2409.71	0	-2579.71	0	-2457.13	0	-2475.16	0	-2579	0	-2587.98	0
-2435.53	0	-2453.79	0	-2449.87	0	-2571.02	0	-2463.87	0	-2461.37	0	-2578.92	0	-2452.85	0	-2410.86	0	-2409.87	0	-2589.39	0	-2444.56	0	-2444.56	0	-2461.18	0	-2446.79	0	-2447.94	0	-2453.62	0	-2451.05	0	-2587.31	0	-2410.28	0	-2579.71	0	-2457.13	0	-2475.16	0	-2577.32	0	-2587.98	0
-2435.53	0	-2442.26	0	-2453	0	-2571.02	0	-2463.87	0	-2461.37	0	-2578.92	0	-2452.85	0	-2409.88	0	-2409.87	0	-2589.39	0	-2440.81	0	-2442.22	0	-2462.79	0	-2445.41	0	-2447.94	0	-2453.62	0	-2449.84	0	-2587.31	0	-2413.5	0	-2579.71	0	-2457.13	0	-2475.16	0	-2577.32	0	-2587.98	0
-2435.53	0	-2442.26	0	-2453	0	-2570.18	0	-2463.87	0	-2463.16	0	-2578.92	0	-2454.59	0	-2407.24	0	-2406.43	0	-2589.39	0	-2440.81	0	-2440.66	0	-2454.42	0	-2444.13	0	-2447.94	0	-2453.62	0	-2446.3	0	-2583.22	0	-2408.23	0	-2580.19	0	-2457.13	0	-2475.16	0	-2575.05	0	-2575.91	0
-2430.05	0	-2442.13	0	-2450.96	0	-2573.78	0	-2464.8	0	-2457.73	0	-2578.92	0	-2454.59	0	-2400	0	-2406.43	0	-2587.71	0	-2440.44	0	-2440.66	0	-2454.42	0	-2442.09	0	-2445.05	0	-2453.62	0	-2441.65	0	-2585.01	0	-2408.23	0	-2580.19	0	-2457.13	0	-2471.2	0	-2575.15	0	-2575.91	0
-2431.32	0	-2442.13	0	-2446.29	0	-2574.99	0	-2462.48	0	-2459.85	0	-2582.84	0	-2452.74	0	-2400	0	-2406.43	0	-2582.71	0	-2431.91	0	-2435.41	0	-2450.37	0	-2442.09	0	-2445.05	0	-2451.08	0	-2434.44	0	-2583.91	0	-2407.78	0	-2581.24	0	-2457.13	0	-2474.65	0	-2570.98	0	-2575.91	0
-2429.5	0	-2438.54	0	-2446.29	0	-2574.99	0	-2463	0	-2456.88	0	-2582.84	0	-2458.66	0	-2405.45	0	-2406.43	0	-2578.78	0	-2436.77	0	-2435.41	0	-2450.37	0	-2442.09	0	-2445.05	0	-2449.45	0	-2434.44	0	-2582.84	0	-2408.29	0	-2576.97	0	-2457.13	0	-2469.28	0	-2570.98	0	-2576.82	0
-2430.21	0	-2438.54	0	-2445.43	0	-2574.99	0	-2456.47	0	-2456.59	0	-2582.84	0	-2450.04	0	-2405.16	0	-2405.3	0	-2578.78	0	-2436.77	0	-2436.76	0	-2464.1	0	-2442.09	0	-2440.44	0	-2449.45	0	-2434.44	0	-2584.96	0	-2401.74	0	-2576.69	0	-2457.13	0	-2467.89	0	-2570.98	0	-2576.82	0
-2428.09	0	-2438.54	0	-2445.43	0	-2574.99	0	-2456.47	0	-2456.59	0	-2582.84	0	-2447.32	0	-2399.79	0	-2401.24	0	-2578.27	0	-2432.33	0	-2433.02	0	-2464.1	0	-2438.62	0	-2438.17	0	-2449.45	0	-2434.44	0	-2578.66	0	-2399.89	0	-2573.5	0	-2450.23	0	-2467.89	0	-2570.47	0	-2576.82	0
-2428.09	0	-2438.54	0	-2442.26	0	-2567	0	-2455.49	0	-2455.97	0	-2582.84	0	-2444.79	0	-2399.79	0	-2397.12	0	-2581.56	0	-2428.3	0	-2433.02	0	-2464.1	0	-2437.75	0	-2438.17	0	-2447.6	0	-2434.44	0	-2575.32	0	-2399.89	0	-2572.98	0	-2450.23	0	-2467.89	0	-2571.64	0	-2577.82	0
-2424.94	0	-2438.54	0	-2439.71	0	-2574	0	-2455.49	0	-2453.48	0	-2582.84	0	-2444.79	0	-2399.79	0	-2397.12	0	-2576.91	0	-2433.58	0	-2433.27	0	-2442.03	0	-2438.44	0	-2438.17	0	-2447.6	0	-2432.48	0	-2575.13	0	-2400.09	0	-2572.98	0	-2451.63	0	-2466.73	0	-2572.94	0	-2577.82	0
-2423.41	0	-2435.07	0	-2442.33	0	-2574	0	-2449.33	0	-2450.25	0	-2573.55	0	-2437.12	0	-2399.79	0	-2397.12	0	-2576.91	0	-2423.4	0	-2433.27	0	-2442.03	0	-2433.37	0	-2438.17	0	-2445.15	0	-2432.48	0	-2573.13	0	-2398.03	0	-2571.56	0	-2452.29	0	-2466.73	0	-2572.94	0	-2575.66	0
-2423.24	0	-2433.27	0	-2435.84	0	-2574	0	-2449.33	0	-2450.83	0	-2573.77	0	-2437.12	0	-2398.8	0	-2397.12	0	-2573.45	0	-2421.02	0	-2428.18	0	-2442.03	0	-2433.37	0	-2438.16	0	-2444.56	0	-2432.6	0	-2583.98	0	-2393.02	0	-2569.74	0	-2448.74	0	-2463.88	0	-2572.94	0	-2576.07	0
-2418.79	0	-2433.27	0	-2435.84	0	-2574	0	-2454.09	0	-2450.83	0	-2573.77	0	-2440.14	0	-2399.09	0	-2394.01	0	-2573.45	0	-2421.02	0	-2419.94	0	-2442.03	0	-2433.37	0	-2435.26	0	-2440.61	0	-2426.62	0	-2583.98	0	-2399.21	0	-2569.63	0	-2447.03	0	-2463.65	0	-2572.94	0	-2573.7	0
-2418.79	0	-2433.27	0	-2435.89	0	-2574	0	-2445.69	0	-2447.57	0	-2573.96	0	-2435.68	0	-2389.04	0	-2397.21	0	-2583.82	0	-2421.02	0	-2419.94	0	-2442.03	0	-2434.27	0	-2435.26	0	-2440.61	0	-2426.62	0	-2574.67	0	-2397.39	0	-2569.63	0	-2445.8	0	-2462.56	0	-2572.94	0	-2573.7	0
-2418.1	0	-2433.27	0	-2435.89	0	-2562.25	0	-2448	0	-2447.57	0	-2573.96	0	-2432.65	0	-2385.62	0	-2398.24	0	-2583.82	0	-2418.64	0	-2419.94	0	-2442.03	0	-2434.27	0	-2428.4	0	-2440.61	0	-2427.04	0	-2574.12	0	-2397.39	0	-2569.63	0	-2443.98	0	-2462.56	0	-2572.94	0	-2572.69	0
-2418.1	0	-2433.27	0	-2435.89	0	-2559.68	0	-2442.96	0	-2447.57	0	-2572.23	0	-2428.75	0	-2383.79	0	-2392.6	0	-2583.82	0	-2419.26	0	-2419.94	0	-2444.4	0	-2430.95	0	-2432.21	0	-2440.27	0	-2418.94	0	-2573.32	0	-2388.63	0	-2567.33	0	-2445.05	0	-2462.56	0	-2566.18	0	-2572.69	0
-2414.59	0	-2429.08	0	-2432.12	0	-2557.34	0	-2446.17	0	-2442.84	0	-2575.55	0	-2433.61	0	-2383.79	0	-2386.89	0	-2573.89	0	-2416.65	0	-2419.94	0	-2453.17	0	-2425.1	0	-2429.78	0	-2430.58	0	-2423.57	0	-2563.37	0	-2391.26	0	-2567.33	0	-2444.41	0	-2462.56	0	-2567.79	0	-2570.71	0
-2414.59	0	-2429.08	0	-2434.47	0	-2557.03	0	-2435.83	0	-2443.81	0	-2565.61	0	-2430.29	0	-2376.2	0	-2387.08	0	-2573.89	0	-2409.82	0	-2423.2	0	-2433.36	0	-2424.6	0	-2429.78	0	-2430.58	0	-2423.15	0	-2563.37	0	-2391.26	0	-2567.77	0	-2441.22	0	-2461.53	0	-2566.27	0	-2573.76	0
-2410.44	0	-2432.69	0	-2434.47	0	-2557.03	0	-2435.83	0	-2441.39	0	-2567.32	0	-2424.11	0	-2376.2	0	-2387.08	0	-2572.89	0	-2409.82	0	-2420.6	0	-2433.36	0	-2424.6	0	-2429.78	0	-2430.58	0	-2417.21	0	-2568.35	0	-2390.46	0	-2569.27	0	-2440.11	0	-2456.22	0	-2566.2	0	-2573.19	0
-2408.4	0	-2430.71	0	-2434.47	0	-2555.33	0	-2435.83	0	-2441.22	0	-2567.06	0	-2422.45	0	-2376.94	0	-2387.08	0	-2571.38	0	-2409.82	0	-2417.92	0	-2433.36	0	-2427.63	0	-2429.78	0	-2430.58	0	-2417.21	0	-2568.35	0	-2384.76	0	-2568.7	0	-2439.37	0	-2456.22	0	-2564	0	-2573.17	0
-2408.4	0	-2426.25	0	-2430.3	0	-2559.86	0	-2437.09	0	-2439.72	0	-2569.82	0	-2422.45	0	-2376.94	0	-2385.21	0	-2571.38	0	-2413.13	0	-2417.74	0	-2433.36	0	-2426.12	0	-2430.69	0	-2429.6	0	-2418.16	0	-2568.35	0	-2384.76	0	-2561.69	0	-2434.1	0	-2459.26	0	-2564.62	0	-2571.1	0
-2408.4	0	-2422.17	0	-2430.3	0	-2559.86	0	-2437.09	0	-2439.72	0	-2569.82	0	-2422.45	0	-2376.94	0	-2383.64	0	-2572.05	0	-2406.01	0	-2419.86	0	-2439.59	0	-2416.13	0	-2426.99	0	-2429.6	0	-2418.38	0	-2566.14	0	-2382.45	0	-2561.69	0	-2431.03	0	-2458.42	0	-2570.1	0	-2573.07	0
-2405.36	0	-2422.17	0	-2423.61	0	-2559.86	0	-2427.98	0	-2436.34	0	-2569.82	0	-2422.45	0	-2376.94	0	-2380.2	0	-2572.05	0	-2402.37	0	-2419.86	0	-2437.56	0	-2422.33	0	-2428.2	0	-2433.09	0	-2417.03	0	-2566.72	0	-2382.45	0	-2561.69	0	-2436.54	0	-2457.87	0	-2570.1	0	-2568.53	0
-2405.36	0	-2422.17	0	-2424.72	0	-2559.86	0	-2427.98	0	-2438.1	0	-2569.82	0	-2409.44	0	-2376.94	0	-2380.2	0	-2561.96	0	-2407.26	0	-2409.7	0	-2439.5	0	-2416.58	0	-2422.14	0	-2425.54	0	-2413.99	0	-2565.19	0	-2377.76	0	-2573.48	0	-2434.6	0	-2451.48	0	-2562.51	0	-2567.61	0
-2404.65	0	-2422.17	0	-2424.72	0	-2559.86	0	-2427.98	0	-2438.12	0	-2569.82	0	-2409.44	0	-2378.2	0	-2374.02	0	-2566.8	0	-2401.97	0	-2411.85	0	-2437.13	0	-2416.58	0	-2422.14	0	-2417.5	0	-2413.99	0	-2565.19	0	-2374.89	0	-2573.48	0	-2432.36	0	-2451.48	0	-2562.51	0	-2561.4	0
-2401	0	-2422.17	0	-2424.72	0	-2553.66	0	-2427.98	0	-2438.12	0	-2564.53	0	-2418.31	0	-2378.25	0	-2358.03	0	-2564.31	0	-2402.25	0	-2412.49	0	-2437.13	0	-2416.58	0	-2420.23	0	-2417.5	0	-2413.99	0	-2565.19	0	-2374.89	0	-2573.48	0	-2430.76	0	-2455.08	0	-2560.51	0	-2561.4	0
-2402.96	0	-2418.99	0	-2424.72	0	-2553.66	0	-2427.98	0	-2431.37	0	-2564.53	0	-2415.9	0	-2378.25	0	-2358.03	0	-2564.31	0	-2403.51	0	-2412.49	0	-2430.82	0	-2415.46	0	-2420.23	0	-2424.64	0	-2413.99	0	-2559.6	0	-2376.8	0	-2573.48	0	-2430.76	0	-2452.47	0	-2559.91	0	-2559.71	0
-2402.96	0	-2420.31	0	-2423.8	0	-2553.66	0	-2432.48	0	-2431.37	0	-2561.06	0	-2412.83	0	-2372.81	0	-2358.03	0	-2564.31	0	-2399.13	0	-2403.79	0	-2432.53	0	-2415.54	0	-2419.52	0	-2422.18	0	-2408.23	0	-2559.6	0	-2377.11	0	-2560.69	0	-2430.76	0	-2453.72	0	-2559.92	0	-2563.41	0
-2397.42	0	-2420.8	0	-2423.8	0	-2553.66	0	-2429.77	0	-2431.37	0	-2561.06	0	-2412.83	0	-2372.81	0	-2358.03	0	-2564.7	0	-2399.13	0	-2403.79	0	-2432.53	0	-2408.2	0	-2414.84	0	-2422.07	0	-2408.32	0	-2559.6	0	-2368.29	0	-2565.68	0	-2422.71	0	-2454.04	0	-2565.34	0	-2563.41	0
-2397.42	0	-2422.03	0	-2423.8	0	-2558.96	0	-2426.13	0	-2430.55	0	-2561.06	0	-2412.83	0	-2371.79	0	-2364.76	0	-2567.56	0	-2400.41	0	-2407.57	0	-2430.56	0	-2408.2	0	-2414.84	0	-2420.83	0	-2402.32	0	-2559.31	0	-2368.29	0	-2565.68	0	-2421.47	0	-2452.12	0	-2565.34	0	-2561.98	0
-2397.42	0	-2420.36	0	-2423.8	0	-2558.96	0	-2428.11	0	-2430.55	0	-2561.06	0	-2412.83	0	-2371.79	0	-2364.76	0	-2567.56	0	-2400.41	0	-2405.03	0	-2426.49	0	-2406.19	0	-2417.78	0	-2422.13	0	-2402.32	0	-2559.31	0	-2368.29	0	-2565.68	0	-2421.47	0	-2446.76	0	-2565.34	0	-2561.56	0
-2397.42	0	-2420.36	0	-2423.8	0	-2558.96	0	-2417.34	0	-2420.49	0	-2561.06	0	-2408.49	0	-2361.12	0	-2364.76	0	-2559.27	0	-2398.89	0	-2399.82	0	-2427.08	0	-2406.19	0	-2417.78	0	-2420.03	0	-2399.05	0	-2561.32	0	-2368.29	0	-2555.84	0	-2421.47	0	-2446.76	0	-2557.22	0	-2558.51	0
-2397.84	0	-2416.07	0	-2415.44	0	-2544.54	0	-2421.62	0	-2420.49	0	-2560.76	0	-2408.33	0	-2365.77	0	-2354.12	0	-2559.27	0	-2395.17	0	-2399.82	0	-2419.48	0	-2402.32	0	-2418.38	0	-2420.03	0	-2399.05	0	-2561.32	0	-2368.29	0	-2555.84	0	-2424.01	0	-2446.76	0	-2553.52	0	-2558.51	0
-2397.84	0	-2416.07	0	-2415	0	-2544.54	0	-2425.12	0	-2426.17	0	-2556.43	0	-2408.33	0	-2364.11	0	-2356.34	0	-2559.27	0	-2395.17	0	-2404.46	0	-2422.74	0	-2402.32	0	-2417.16	0	-2411.89	0	-2399.05	0	-2558.03	0	-2369.86	0	-2555.56	0	-2413.87	0	-2443.4	0	-2550.97	0	-2558.07	0
-2393.82	0	-2412.18	0	-2415	0	-2546.17	0	-2424.58	0	-2426.17	0	-2556.43	0	-2407.12	0	-2364.11	0	-2349.58	0	-2559.27	0	-2390.6	0	-2402.99	0	-2418.16	0	-2396.2	0	-2414.23	0	-2409.45	0	-2399.05	0	-2566.53	0	-2369.86	0	-2555.56	0	-2413.87	0	-2443.4	0	-2550.97	0	-2558.07	0
-2392.07	0	-2410.84	0	-2408.53	0	-2546.17	0	-2424.58	0	-2426.17	0	-2559.64	0	-2410.31	0	-2359.58	0	-2349.58	0	-2558.9	0	-2390.68	0	-2401.71	0	-2413.51	0	-2396.2	0	-2413.37	0	-2408.18	0	-2399.05	0	-2556.85	0	-2373.73	0	-2552.41	0	-2418.45	0	-2445.94	0	-2562.61	0	-2556.4	0
-2391.31	0	-2414.26	0	-2408.53	0	-2546.17	0	-2415.63	0	-2423.63	0	-2559.64	0	-2406.38	0	-2359.97	0	-2349.58	0	-2556.91	0	-2390.74	0	-2399.75	0	-2413.51	0	-2396.2	0	-2411.59	0	-2405.77	0	-2403.73	0	-2555.42	0	-2370.93	0	-2553.79	0	-2411.58	0	-2437.02	0	-2559.61	0	-2554.29	0
-2387.16	0	-2412.28	0	-2408.53	0	-2543.88	0	-2415.63	0	-2423.71	0	-2559.64	0	-2392.85	0	-2355.35	0	-2343.18	0	-2555.85	0	-2390.74	0	-2405.99	0	-2413.51	0	-2398.03	0	-2408.18	0	-2405.77	0	-2395.99	0	-2555.2	0	-2370.54	0	-2554.27	0	-2415.92	0	-2437.02	0	-2559.61	0	-2554.29	0
-2389.97	0	-2408.18	0	-2412.16	0	-2549.16	0	-2415.63	0	-2419.94	0	-2557.17	0	-2398.42	0	-2352.38	0	-2343.18	0	-2554.79	0	-2390.74	0	-2398.81	0	-2418.66	0	-2395.6	0	-2408.18	0	-2402.15	0	-2392.5	0	-2550.77	0	-2369.02	0	-2554.27	0	-2414.03	0	-2437.02	0	-2559.61	0	-2552.09	0
-2386.01	0	-2409.24	0	-2412.16	0	-2548.67	0	-2418.38	0	-2419.94	0	-2554.2	0	-2398.42	0	-2349.62	0	-2345.98	0	-2557.53	0	-2390.74	0	-2401.16	0	-2407.13	0	-2395.6	0	-2410.94	0	-2402.72	0	-2398.3	0	-2550.77	0	-2365.54	0	-2554.69	0	-2414.03	0	-2437.02	0	-2559.61	0	-2552.09	0
-2386.01	0	-2406.07	0	-2412.16	0	-2548.67	0	-2418.38	0	-2414.79	0	-2553.06	0	-2398.49	0	-2349.62	0	-2345.98	0	-2552.15	0	-2388.49	0	-2401.16	0	-2407.13	0	-2395.6	0	-2411.18	0	-2402.72	0	-2391.09	0	-2551.36	0	-2365.54	0	-2554.69	0	-2414.03	0	-2437.68	0	-2546.29	0	-2546.61	0
-2386.01	0	-2406.49	0	-2404.31	0	-2548.67	0	-2412.25	0	-2415.36	0	-2552.67	0	-2391.34	0	-2349.62	0	-2344.33	0	-2552.15	0	-2388.49	0	-2401.16	0	-2401.21	0	-2395.6	0	-2408.68	0	-2405.57	0	-2391.73	0	-2551.36	0	-2365.54	0	-2546.28	0	-2412.59	0	-2437.68	0	-2546.29	0	-2548.87	0
-2386.01	0	-2402.6	0	-2400.38	0	-2548.67	0	-2409.9	0	-2410.31	0	-2552.67	0	-2389.58	0	-2349.62	0	-2339.7	0	-2548.62	0	-2383.66	0	-2397.93	0	-2401.21	0	-2396.96	0	-2408.68	0	-2401.06	0	-2389.62	0	-2551.36	0	-2362.01	0	-2547.18	0	-2420.76	0	-2437.68	0	-2548.22	0	-2543.87	0
-2386.01	0	-2404.2	0	-2400.38	0	-2548.67	0	-2409.9	0	-2410.31	0	-2552.66	0	-2389.58	0	-2350.38	0	-2339.7	0	-2549.58	0	-2383.06	0	-2394.61	0	-2401.21	0	-2386.31	0	-2407.85	0	-2398.78	0	-2389.62	0	-2551.36	0	-2362.01	0	-2548.35	0	-2407.66	0	-2434.83	0	-2553.53	0	-2544.27	0
-2384.33	0	-2397.7	0	-2402.18	0	-2548.67	0	-2417.01	0	-2410.31	0	-2552.66	0	-2381.71	0	-2336.06	0	-2337.29	0	-2549.58	0	-2379.3	0	-2393.17	0	-2401.21	0	-2386.31	0	-2407.85	0	-2398.78	0	-2389.62	0	-2549.32	0	-2358.77	0	-2548.11	0	-2407.66	0	-2432.56	0	-2553.53	0	-2541.86	0
-2383.79	0	-2393.74	0	-2401.09	0	-2547.02	0	-2402.25	0	-2415.18	0	-2545.38	0	-2381.71	0	-2336.06	0	-2337.68	0	-2546.76	0	-2381.6	0	-2387.93	0	-2405.78	0	-2387.8	0	-2407.32	0	-2390.31	0	-2389.62	0	-2546.02	0	-2358.47	0	-2545.82	0	-2407.66	0	-2432.56	0	-2553.53	0	-2541.86	0
-2380.44	0	-2395.82	0	-2399.9	0	-2547.02	0	-2401.26	0	-2413.62	0	-2545.38	0	-2381.71	0	-2340.33	0	-2334.46	0	-2545.44	0	-2366.6	0	-2383.25	0	-2402.66	0	-2387.8	0	-2406.09	0	-2390.31	0	-2387.64	0	-2548.06	0	-2359.16	0	-2544.75	0	-2404.65	0	-2429.74	0	-2553.53	0	-2541.86	0
-2380.44	0	-2396.01	0	-2397.29	0	-2547.02	0	-2401.26	0	-2410.31	0	-2545.38	0	-2381.71	0	-2334.93	0	-2334.46	0	-2540.58	0	-2366.6	0	-2383.25	0	-2400.51	0	-2384.84	0	-2407.37	0	-2387.4	0	-2387.64	0	-2546.97	0	-2358.23	0	-2542.41	0	-2404.65	0	-2427.9	0	-2547.63	0	-2541.02	0
-2380.44	0	-2392.48	0	-2394.21	0	-2547.02	0	-2391.12	0	-2404.61	0	-2545.38	0	-2379.96	0	-2334.93	0	-2325.8	0	-2540.58	0	-2366.6	0	-2383.25	0	-2400.51	0	-2381.43	0	-2403.62	0	-2387.4	0	-2384	0	-2545.31	0	-2356.68	0	-2542.41	0	-2404.46	0	-2424.78	0	-2547.63	0	-2543.41	0
-2376.67	0	-2395.84	0	-2394.21	0	-2547.02	0	-2391.12	0	-2404.61	0	-2545.38	0	-2371.55	0	-2342.65	0	-2328.92	0	-2540.58	0	-2366.6	0	-2383.25	0	-2400.51	0	-2381.43	0	-2396.68	0	-2387.4	0	-2383.65	0	-2544.47	0	-2348.64	0	-2542.41	0	-2398.61	0	-2426.61	0	-2543.75	0	-2543.41	0
-2375.72	0	-2393.1	0	-2397.74	0	-2538.19	0	-2391.12	0	-2406.01	0	-2545.38	0	-2371.55	0	-2337.6	0	-2328.92	0	-2540.58	0	-2365.19	0	-2383.25	0	-2400.51	0	-2381.43	0	-2396.19	0	-2387.4	0	-2377.19	0	-2545.58	0	-2348.64	0	-2535.43	0	-2398.61	0	-2420.27	0	-2543.75	0	-2538.61	0
-2375.72	0	-2392.99	0	-2392.68	0	-2538.19	0	-2391.12	0	-2405.07	0	-2547.6	0	-2371.55	0	-2337.6	0	-2320.48	0	-2540.58	0	-2365.66	0	-2383.52	0	-2400.51	0	-2381.43	0	-2395.9	0	-2385.1	0	-2377.19	0	-2545.58	0	-2348.64	0	-2535.43	0	-2398.61	0	-2420.27	0	-2543.75	0	-2538.61	0
-2368.52	0	-2390.02	0	-2392.68	0	-2538.19	0	-2391.12	0	-2405.07	0	-2543.68	0	-2371.55	0	-2331.9	0	-2320.06	0	-2543.98	0	-2365.66	0	-2382.05	0	-2400.13	0	-2379.11	0	-2393.99	0	-2385.1	0	-2379.91	0	-2539.8	0	-2348.64	0	-2535.43	0	-2395.43	0	-2420.27	0	-2543.75	0	-2537.64	0
-2371.53	0	-2390.02	0	-2390.01	0	-2536.18	0	-2391.12	0	-2401.42	0	-2546.29	0	-2369.97	0	-2330.21	0	-2315.41	0	-2541.54	0	-2366.3	0	-2379.56	0	-2394.64	0	-2379.11	0	-2393.99	0	-2381.13	0	-2379.91	0	-2539.8	0	-2348.64	0	-2535.43	0	-2393.65	0	-2418.98	0	-2540.18	0	-2534.25	0
-2371.29	0	-2388.76	0	-2390.47	0	-2536.18	0	-2395.14	0	-2399.55	0	-2543.89	0	-2367.07	0	-2328.95	0	-2315.41	0	-2543.12	0	-2361.08	0	-2377.02	0	-2394.64	0	-2381.16	0	-2394.09	0	-2388.27	0	-2371.5	0	-2545.89	0	-2344.12	0	-2535.43	0	-2393.65	0	-2417.82	0	-2542.67	0	-2532.07	0
-2371.1	0	-2384.72	0	-2386.08	0	-2533.94	0	-2389.06	0	-2399.55	0	-2543.12	0	-2368.57	0	-2324.25	0	-2316.98	0	-2540.63	0	-2361.4	0	-2373.69	0	-2390.73	0	-2381.16	0	-2395.24	0	-2381.2	0	-2377.23	0	-2533.25	0	-2347.44	0	-2535.43	0	-2391.26	0	-2414.61	0	-2541.57	0	-2534.12	0
-2371.02	0	-2385.34	0	-2386.91	0	-2533.94	0	-2389.06	0	-2399.55	0	-2542.74	0	-2368.08	0	-2324.99	0	-2316.98	0	-2550.2	0	-2357.09	0	-2373.69	0	-2391.64	0	-2374.42	0	-2394.18	0	-2372.74	0	-2372.85	0	-2533.25	0	-2352.12	0	-2535.43	0	-2389.93	0	-2412.46	0	-2540.02	0	-2534.12	0
-2369.52	0	-2383.35	0	-2386.91	0	-2533.58	0	-2382.91	0	-2396.34	0	-2542.03	0	-2370.25	0	-2324.99	0	-2314.92	0	-2550.2	0	-2352.08	0	-2373.69	0	-2392.55	0	-2374.42	0	-2393.32	0	-2372.74	0	-2359.13	0	-2534.62	0	-2340.96	0	-2535.35	0	-2389.93	0	-2412.36	0	-2540.02	0	-2531.55	0
-2369.52	0	-2383.35	0	-2378.16	0	-2529.8	0	-2378.6	0	-2395.74	0	-2541.46	0	-2358.92	0	-2324.99	0	-2314.7	0	-2550.2	0	-2349.72	0	-2373.56	0	-2391.06	0	-2367.77	0	-2385.48	0	-2372.74	0	-2360.12	0	-2534.42	0	-2340.96	0	-2531.61	0	-2388.67	0	-2412.36	0	-2539.35	0	-2531.55	0
-2364.2	0	-2381.53	0	-2378.16	0	-2531.62	0	-2378.6	0	-2394.75	0	-2540.89	0	-2358.92	0	-2325.37	0	-2310.5	0	-2537.13	0	-2341.06	0	-2365.78	0	-2389.05	0	-2367.77	0	-2385.78	0	-2367.93	0	-2360.12	0	-2530.43	0	-2340.96	0	-2532.18	0	-2388.67	0	-2412.36	0	-2541.5	0	-2532.04	0
-2364.2	0	-2381.53	0	-2378.46	0	-2531.32	0	-2378.6	0	-2392.08	0	-2536.8	0	-2360.54	0	-2317.17	0	-2311.84	0	-2535.83	0	-2341.06	0	-2368.63	0	-2389.05	0	-2367.77	0	-2386.24	0	-2367.93	0	-2360.12	0	-2529.91	0	-2336.93	0	-2532.18	0	-2378.38	0	-2408.28	0	-2541.5	0	-2532.17	0
-2361.86	0	-2380.83	0	-2374.44	0	-2529.88	0	-2378.6	0	-2391.57	0	-2534.55	0	-2354.98	0	-2317.17	0	-2308.06	0	-2537.5	0	-2341.06	0	-2368.63	0	-2388.44	0	-2367.77	0	-2381.26	0	-2367.93	0	-2364.4	0	-2529.1	0	-2336.93	0	-2528.13	0	-2378.38	0	-2408.28	0	-2533.79	0	-2532.48	0
-2362.62	0	-2377.01	0	-2374.44	0	-2534.92	0	-2378.6	0	-2393.34	0	-2538.86	0	-2355.42	0	-2315.9	0	-2300.98	0	-2532.33	0	-2341.06	0	-2367.68	0	-2388.44	0	-2366.5	0	-2379.97	0	-2366.9	0	-2362.2	0	-2529.9	0	-2336.93	0	-2528.13	0	-2378.38	0	-2416.6	0	-2533.79	0	-2526.91	0
-2362.62	0	-2377.55	0	-2374.44	0	-2534.92	0	-2378.6	0	-2384.41	0	-2538.86	0	-2355.42	0	-2309.91	0	-2300.98	0	-2533.62	0	-2343.11	0	-2368.67	0	-2387.21	0	-2366.5	0	-2379.97	0	-2353.38	0	-2363.93	0	-2524.25	0	-2333.62	0	-2529.27	0	-2378.38	0	-2416.6	0	-2533.79	0	-2526.91	0
-2356.09	0	-2374.42	0	-2374.02	0	-2534.92	0	-2370.71	0	-2384.41	0	-2538.86	0	-2355.42	0	-2309.91	0	-2300.98	0	-2531.86	0	-2342.95	0	-2366.14	0	-2387.21	0	-2362.79	0	-2379.97	0	-2353.38	0	-2356.78	0	-2524.45	0	-2331.92	0	-2525.15	0	-2378.38	0	-2416.6	0	-2533.79	0	-2526.91	0
-2353.62	0	-2374.42	0	-2374.02	0	-2534.92	0	-2370.71	0	-2381.53	0	-2538.86	0	-2350.03	0	-2309.59	0	-2296.99	0	-2532	0	-2339.21	0	-2366.14	0	-2378.6	0	-2362.79	0	-2380.71	0	-2353.38	0	-2356.78	0	-2523.38	0	-2334.33	0	-2527.86	0	-2378.38	0	-2416.6	0	-2533.79	0	-2526.91	0
-2358.8	0	-2381.7	0	-2386.48	0	-2523.37	0	-2371.47	0	-2381.53	0	-2538.86	0	-2343.3	0	-2309.59	0	-2296.99	0	-2530.68	0	-2339.21	0	-2366.14	0	-2378.6	0	-2363.03	0	-2380.71	0	-2353.38	0	-2355.91	0	-2522.58	0	-2328.26	0	-2522.17	0	-2378.14	0	-2416.6	0	-2536.71	0	-2523.79	0
-2348.92	0	-2381.7	0	-2380.51	0	-2522.14	0	-2371.6	0	-2382.49	0	-2538.86	0	-2346.78	0	-2311.24	0	-2296.99	0	-2523.02	0	-2336.99	0	-2363.02	0	-2381.52	0	-2358.93	0	-2378.15	0	-2353.38	0	-2355.71	0	-2523.53	0	-2328.26	0	-2522.17	0	-2378.14	0	-2416.6	0	-2533.22	0	-2525.68	0
-2348.92	0	-2381.7	0	-2380.51	0	-2526.39	0	-2370.03	0	-2380.84	0	-2534.15	0	-2343.26	0	-2303.46	0	-2286.1	0	-2523.02	0	-2338.24	0	-2360.07	0	-2381.52	0	-2360.43	0	-2373.92	0	-2353.38	0	-2353.54	0	-2521.45	0	-2321.27	0	-2522.1	0	-2377.84	0	-2416.6	0	-2536.34	0	-2521.64	0
-2348.92	0	-2381.7	0	-2380.51	0	-2526.39	0	-2370.03	0	-2374.44	0	-2534.19	0	-2343.26	0	-2303.46	0	-2290.99	0	-2522.49	0	-2333.58	0	-2366.34	0	-2379.82	0	-2352.24	0	-2370.67	0	-2352.28	0	-2345.39	0	-2521.08	0	-2318.36	0	-2520.39	0	-2375.93	0	-2416.6	0	-2534.38	0	-2518.88	0
-2347.91	0	-2381.7	0	-2380.51	0	-2522.49	0	-2364.14	0	-2373.52	0	-2540.48	0	-2343.68	0	-2298.64	0	-2290.99	0	-2522.49	0	-2332.7	0	-2359.5	0	-2374.17	0	-2353.56	0	-2370.67	0	-2347.3	0	-2350.32	0	-2520.35	0	-2318.78	0	-2520.39	0	-2367.82	0	-2416.6	0	-2531.31	0	-2517.96	0
-2344.8	0	-2381.7	0	-2380.51	0	-2522.49	0	-2363.36	0	-2373.52	0	-2535.19	0	-2330.13	0	-2295.35	0	-2283.63	0	-2522.49	0	-2332.7	0	-2352.94	0	-2371.31	0	-2350.96	0	-2370.67	0	-2347.3	0	-2350.32	0	-2515.69	0	-2318.78	0	-2517.51	0	-2367.82	0	-2396.48	0	-2529.48	0	-2517.96	0
-2345.77	0	-2369.34	0	-2380.51	0	-2522.49	0	-2363.36	0	-2367.67	0	-2535.19	0	-2330.13	0	-2295.35	0	-2283.63	0	-2521.38	0	-2332.7	0	-2355.15	0	-2371.31	0	-2350.96	0	-2367.85	0	-2347.3	0	-2350.32	0	-2515.69	0	-2318.78	0	-2518.5	0	-2359.67	0	-2396.48	0	-2535.44	0	-2518.56	0
-2347.4	0	-2365.89	0	-2380.51	0	-2521.68	0	-2358.03	0	-2367.67	0	-2535.19	0	-2330.13	0	-2299.06	0	-2275.35	0	-2521.51	0	-2330.62	0	-2354.33	0	-2371.31	0	-2350.96	0	-2370.08	0	-2347.3	0	-2346.25	0	-2515.69	0	-2318.78	0	-2516.46	0	-2359.67	0	-2396.48	0	-2535.44	0	-2518.56	0
-2342.78	0	-2365.89	0	-2380.51	0	-2521.68	0	-2358.03	0	-2367.67	0	-2535.19	0	-2330.13	0	-2297.73	0	-2275.35	0	-2520.29	0	-2330.62	0	-2354.33	0	-2368.39	0	-2350.96	0	-2366.24	0	-2340.88	0	-2344.83	0	-2515.69	0	-2313.43	0	-2516.46	0	-2359.67	0	-2396.4	0	-2535.44	0	-2515.27	0
-2338.19	0	-2365.89	0	-2359.21	0	-2521.68	0	-2354.91	0	-2367.67	0	-2535.19	0	-2336.47	0	-2297.73	0	-2275.35	0	-2518.17	0	-2328.69	0	-2348.79	0	-2364.63	0	-2350.96	0	-2366.24	0	-2344.6	0	-2340.52	0	-2516.26	0	-2313.43	0	-2512.75	0	-2365.86	0	-2388.8	0	-2526.03	0	-2513.09	0
-2335.46	0	-2365.89	0	-2359.31	0	-2521.68	0	-2354.91	0	-2367.67	0	-2529.12	0	-2336.47	0	-2296.8	0	-2275.35	0	-2511.32	0	-2328.69	0	-2353.87	0	-2362.3	0	-2342.6	0	-2363.06	0	-2341.26	0	-2342.51	0	-2516.44	0	-2309.39	0	-2511.63	0	-2365.86	0	-2390.73	0	-2526.03	0	-2513.09	0
-2335.46	0	-2361.87	0	-2356.28	0	-2513.95	0	-2354.91	0	-2367.67	0	-2527.13	0	-2328.51	0	-2296.82	0	-2277.9	0	-2512.2	0	-2314.93	0	-2353.15	0	-2355.27	0	-2342.6	0	-2360.2	0	-2337.57	0	-2333.42	0	-2514.84	0	-2309.39	0	-2511.63	0	-2365.86	0	-2390.06	0	-2524.52	0	-2508.03	0
-2335.46	0	-2360.26	0	-2349.54	0	-2516.51	0	-2354.91	0	-2367.67	0	-2527.13	0	-2332.92	0	-2296.82	0	-2277	0	-2516.71	0	-2314.93	0	-2349.06	0	-2364.05	0	-2342.6	0	-2356.78	0	-2331.53	0	-2333.42	0	-2514	0	-2304.2	0	-2511.63	0	-2356.05	0	-2389.01	0	-2524.13	0	-2508.03	0
-2335.46	0	-2361.06	0	-2349.54	0	-2513.63	0	-2351.53	0	-2366.33	0	-2527.13	0	-2332.92	0	-2291.26	0	-2277	0	-2513.67	0	-2314.93	0	-2344.96	0	-2364.05	0	-2340.39	0	-2356.04	0	-2331.66	0	-2330	0	-2510.52	0	-2304.2	0	-2511.63	0	-2357.58	0	-2387.68	0	-2523.44	0	-2508.03	0
-2335.46	0	-2356.9	0	-2349.54	0	-2511.32	0	-2349.85	0	-2363.22	0	-2530.67	0	-2332.92	0	-2292.01	0	-2267.33	0	-2513.67	0	-2314.93	0	-2344.96	0	-2348.97	0	-2334.04	0	-2354.29	0	-2335.06	0	-2327.5	0	-2510.36	0	-2304.2	0	-2503.66	0	-2351.54	0	-2387.68	0	-2522.39	0	-2513.1	0
-2333.42	0	-2356.9	0	-2348.67	0	-2511.32	0	-2343.47	0	-2363.03	0	-2520.17	0	-2332.92	0	-2291.15	0	-2271.8	0	-2514.6	0	-2319.8	0	-2341.73	0	-2348.97	0	-2334.04	0	-2353.44	0	-2328.78	0	-2325.46	0	-2511.81	0	-2304.2	0	-2503.08	0	-2350.01	0	-2382.94	0	-2522.39	0	-2509.25	0
-2333.42	0	-2356.9	0	-2348.67	0	-2510.12	0	-2343.47	0	-2365.14	0	-2520.17	0	-2332.92	0	-2291.15	0	-2257.14	0	-2510.31	0	-2316.29	0	-2335.32	0	-2348.97	0	-2334.04	0	-2353.52	0	-2324.67	0	-2325.46	0	-2509.86	0	-2300.43	0	-2504.66	0	-2350.01	0	-2384.97	0	-2518.76	0	-2506.74	0
-2332.64	0	-2360.19	0	-2348.67	0	-2514.78	0	-2343.47	0	-2360.22	0	-2520.74	0	-2328.5	0	-2288.24	0	-2264.79	0	-2509.87	0	-2315.32	0	-2337.3	0	-2348.97	0	-2331.6	0	-2348.21	0	-2324.67	0	-2325.46	0	-2511.38	0	-2303.1	0	-2502.71	0	-2346.07	0	-2382.4	0	-2518.78	0	-2509.1	0
-2332.64	0	-2352.11	0	-2345.56	0	-2514.78	0	-2340.66	0	-2361.23	0	-2519.2	0	-2319.03	0	-2287.48	0	-2261.07	0	-2508.9	0	-2305.56	0	-2337.3	0	-2350.3	0	-2331.08	0	-2348.21	0	-2313.94	0	-2325.46	0	-2505.87	0	-2295.95	0	-2502.71	0	-2344.22	0	-2382.4	0	-2519.83	0	-2508.02	0
-2335.1	0	-2350.8	0	-2344.58	0	-2512.36	0	-2337.83	0	-2358.72	0	-2519.82	0	-2321.06	0	-2285.25	0	-2264.33	0	-2502.88	0	-2305.56	0	-2337.46	0	-2345.41	0	-2333.63	0	-2349.27	0	-2318.59	0	-2322.65	0	-2505.87	0	-2294.07	0	-2502.01	0	-2335.97	0	-2370.04	0	-2519.62	0	-2503.09	0
-2330.6	0	-2351.65	0	-2343.96	0	-2505.44	0	-2336.53	0	-2348.89	0	-2526.94	0	-2321.06	0	-2285.25	0	-2249.13	0	-2503.52	0	-2305.56	0	-2335.89	0	-2345.41	0	-2333.63	0	-2347.38	0	-2310.17	0	-2321.7	0	-2505.87	0	-2295.06	0	-2504.27	0	-2335.97	0	-2374.6	0	-2518.04	0	-2500.12	0
-2328.41	0	-2347.2	0	-2343.96	0	-2508.38	0	-2328.61	0	-2348.89	0	-2526.94	0	-2322.11	0	-2285.25	0	-2249.13	0	-2503.52	0	-2301.94	0	-2335.89	0	-2347.49	0	-2322.48	0	-2347.01	0	-2313.93	0	-2324.53	0	-2505.88	0	-2295.06	0	-2500.24	0	-2339.91	0	-2369.99	0	-2517.87	0	-2502.28	0
-2326.44	0	-2346.59	0	-2343.96	0	-2505.85	0	-2326.94	0	-2351.47	0	-2526.94	0	-2315.04	0	-2282.94	0	-2249.13	0	-2502.04	0	-2304.3	0	-2335.89	0	-2342.39	0	-2322.05	0	-2339.68	0	-2307.89	0	-2321.83	0	-2500.1	0	-2288.08	0	-2497.34	0	-2339.91	0	-2366.88	0	-2519.47	0	-2504.24	0
-2327.85	0	-2342.76	0	-2338.98	0	-2505.85	0	-2326.94	0	-2352.57	0	-2514.49	0	-2315.04	0	-2282.94	0	-2246.87	0	-2501.03	0	-2300.78	0	-2334.35	0	-2334.86	0	-2322.05	0	-2333.51	0	-2309.03	0	-2321.83	0	-2500.1	0	-2288.08	0	-2497.34	0	-2340.89	0	-2368.87	0	-2510.48	0	-2501.48	0
-2321.32	0	-2342.76	0	-2334.26	0	-2506.29	0	-2326.12	0	-2345.84	0	-2514.49	0	-2315.04	0	-2283.02	0	-2246.87	0	-2499.06	0	-2300.78	0	-2331.71	0	-2331.43	0	-2322.05	0	-2333.51	0	-2309.03	0	-2320.53	0	-2499.97	0	-2284.75	0	-2495.61	0	-2335.88	0	-2364.7	0	-2509.59	0	-2501.01	0
-2321.32	0	-2340.01	0	-2334.28	0	-2506.29	0	-2326.12	0	-2346.72	0	-2514.15	0	-2315.04	0	-2281.8	0	-2244.77	0	-2506.11	0	-2301.25	0	-2329.69	0	-2331.43	0	-2320.29	0	-2333.51	0	-2300.29	0	-2312.46	0	-2499.97	0	-2284.75	0	-2494.15	0	-2337.01	0	-2368.78	0	-2506.02	0	-2492.13	0
-2321.32	0	-2340.14	0	-2334.28	0	-2503.04	0	-2315.28	0	-2347.71	0	-2512.2	0	-2308.8	0	-2280.67	0	-2240	0	-2505.46	0	-2297.41	0	-2329.69	0	-2332.36	0	-2323.58	0	-2336.35	0	-2296.59	0	-2313.54	0	-2500.84	0	-2287.53	0	-2496.35	0	-2332.71	0	-2364.74	0	-2504.83	0	-2492.13	0
-2321.32	0	-2341.84	0	-2333.81	0	-2503.04	0	-2309.69	0	-2346.42	0	-2512.2	0	-2307.71	0	-2276.85	0	-2235.82	0	-2505.46	0	-2294.12	0	-2331.07	0	-2328.16	0	-2322.51	0	-2336.35	0	-2295.62	0	-2314.06	0	-2500.84	0	-2293.97	0	-2496.35	0	-2332.46	0	-2360.86	0	-2502.98	0	-2492.13	0
-2316.53	0	-2338.98	0	-2332.69	0	-2497.82	0	-2309.69	0	-2341.12	0	-2509.37	0	-2305.84	0	-2276.52	0	-2235.82	0	-2495.83	0	-2294.12	0	-2324.38	0	-2325.11	0	-2322.21	0	-2326.53	0	-2295.62	0	-2314.06	0	-2496.16	0	-2277.63	0	-2492.99	0	-2332.46	0	-2359.57	0	-2502.98	0	-2493.96	0
-2321.14	0	-2338.98	0	-2329.71	0	-2497.82	0	-2309.69	0	-2338.34	0	-2509.37	0	-2295.85	0	-2273.1	0	-2236.43	0	-2490.86	0	-2288	0	-2325.09	0	-2332.82	0	-2320.29	0	-2332.01	0	-2297.54	0	-2314.06	0	-2492.73	0	-2277.63	0	-2492.38	0	-2331.07	0	-2357.42	0	-2499.02	0	-2493.96	0
-2321.49	0	-2333.11	0	-2328.23	0	-2497.82	0	-2309.69	0	-2336.02	0	-2509.37	0	-2295.85	0	-2275.33	0	-2230.41	0	-2490.86	0	-2289.3	0	-2324.58	0	-2323.97	0	-2320.49	0	-2331.22	0	-2290.75	0	-2306.01	0	-2492.73	0	-2291.99	0	-2488.92	0	-2331.07	0	-2356.95	0	-2499.02	0	-2493.96	0
-2321.49	0	-2333.11	0	-2328.23	0	-2494.21	0	-2310.17	0	-2337.3	0	-2505.79	0	-2295.85	0	-2270.74	0	-2232.39	0	-2490.86	0	-2290.45	0	-2324.58	0	-2328.31	0	-2319.31	0	-2331.12	0	-2284.7	0	-2309.21	0	-2492.73	0	-2280.1	0	-2486.84	0	-2328.7	0	-2357.03	0	-2503.7	0	-2489.75	0
-2321.28	0	-2333.11	0	-2328.23	0	-2494.21	0	-2310.91	0	-2334.16	0	-2515.95	0	-2297.44	0	-2266.6	0	-2227.12	0	-2490.74	0	-2280.91	0	-2322.67	0	-2320.4	0	-2316.33	0	-2328.57	0	-2285.69	0	-2309.21	0	-2490.85	0	-2276.91	0	-2488.6	0	-2326.75	0	-2357.03	0	-2502.25	0	-2487.42	0
-2316.18	0	-2326.59	0	-2323.74	0	-2493.12	0	-2308.93	0	-2334.16	0	-2515.95	0	-2294.39	0	-2266.6	0	-2233.65	0	-2485.1	0	-2280.61	0	-2320.93	0	-2320.4	0	-2305.73	0	-2317.94	0	-2286.68	0	-2309.67	0	-2489.3	0	-2276.91	0	-2488.6	0	-2324.96	0	-2346.07	0	-2497.7	0	-2489.19	0
-2316.18	0	-2326.59	0	-2320.77	0	-2493.12	0	-2304.11	0	-2334.06	0	-2515.95	0	-2294.39	0	-2260.74	0	-2226.06	0	-2487.4	0	-2280.03	0	-2320.93	0	-2318.71	0	-2305.73	0	-2323.86	0	-2276.07	0	-2309.67	0	-2484.81	0	-2276.91	0	-2488.6	0	-2324.96	0	-2351.44	0	-2497.07	0	-2489.19	0
-2312.49	0	-2326.59	0	-2323.25	0	-2490.31	0	-2298.38	0	-2327.52	0	-2504.65	0	-2291.11	0	-2260.58	0	-2227.68	0	-2487.01	0	-2271.23	0	-2316.88	0	-2318.71	0	-2304.63	0	-2324.4	0	-2280.37	0	-2310.19	0	-2482.97	0	-2275.46	0	-2488.6	0	-2323.38	0	-2347.48	0	-2497.33	0	-2490.22	0
-2310.14	0	-2326.97	0	-2323.25	0	-2490.31	0	-2294.21	0	-2327.51	0	-2501.42	0	-2294.47	0	-2260.58	0	-2222.76	0	-2489.63	0	-2270.34	0	-2316.88	0	-2318.71	0	-2304.63	0	-2320.75	0	-2275.19	0	-2305.42	0	-2482.67	0	-2272.79	0	-2487.95	0	-2324.22	0	-2347.48	0	-2495.53	0	-2486.91	0
-2309.34	0	-2323.84	0	-2318.34	0	-2488.4	0	-2294.21	0	-2327.51	0	-2501.42	0	-2291.04	0	-2255.39	0	-2225.05	0	-2489.63	0	-2265.26	0	-2315.33	0	-2313.14	0	-2302.02	0	-2320.75	0	-2272.2	0	-2302.36	0	-2482.89	0	-2270.28	0	-2484.4	0	-2319.81	0	-2341.32	0	-2495.21	0	-2482.41	0
-2307.62	0	-2320.28	0	-2318.34	0	-2488.4	0	-2297.89	0	-2326.27	0	-2498.14	0	-2284.33	0	-2256.78	0	-2217.85	0	-2489.63	0	-2262.42	0	-2315.33	0	-2313.14	0	-2302.02	0	-2315.35	0	-2272.2	0	-2298.93	0	-2483.49	0	-2270.28	0	-2484.11	0	-2319.81	0	-2335.51	0	-2489.61	0	-2482.41	0
-2307.62	0	-2321.92	0	-2316.33	0	-2486.53	0	-2297.89	0	-2322.95	0	-2498.14	0	-2285.81	0	-2257.85	0	-2217.85	0	-2483.71	0	-2262.6	0	-2312.53	0	-2310.59	0	-2303.37	0	-2310.89	0	-2270.77	0	-2294.75	0	-2483.49	0	-2268.95	0	-2482.47	0	-2317.24	0	-2335.51	0	-2489.61	0	-2480.58	0
-2305.15	0	-2323.12	0	-2316.33	0	-2486.53	0	-2285.65	0	-2324.3	0	-2497.17	0	-2281.22	0	-2257.85	0	-2211.74	0	-2483.71	0	-2264.33	0	-2312.53	0	-2310.14	0	-2303.37	0	-2310.89	0	-2271.29	0	-2296.85	0	-2478.55	0	-2266.93	0	-2482.47	0	-2312.93	0	-2330.03	0	-2487.47	0	-2479.85	0
-2305.15	0	-2320.22	0	-2311.95	0	-2488.34	0	-2285.65	0	-2331.84	0	-2497.17	0	-2282.29	0	-2249.49	0	-2212.25	0	-2479.47	0	-2255.29	0	-2304.8	0	-2310.14	0	-2298.59	0	-2310.89	0	-2262.68	0	-2296.85	0	-2478.55	0	-2266.25	0	-2478.36	0	-2317.76	0	-2331.1	0	-2493.76	0	-2476.63	0
-2304.31	0	-2313.34	0	-2309.85	0	-2483.24	0	-2291.54	0	-2331.84	0	-2497.93	0	-2275.56	0	-2255.74	0	-2213.75	0	-2479.47	0	-2258.18	0	-2306.9	0	-2303.6	0	-2297.28	0	-2304.79	0	-2258.4	0	-2290.3	0	-2477.6	0	-2266.25	0	-2481.05	0	-2320.89	0	-2331.1	0	-2481.75	0	-2481.09	0
-2301.72	0	-2318.19	0	-2309.85	0	-2483.24	0	-2291.54	0	-2306.56	0	-2497.59	0	-2277.42	0	-2257.76	0	-2209.41	0	-2479.47	0	-2245.75	0	-2304.9	0	-2301.9	0	-2297.4	0	-2310.25	0	-2260.14	0	-2286.47	0	-2477.32	0	-2263.02	0	-2480.07	0	-2309.76	0	-2312.18	0	-2481.75	0	-2475.71	0
-2301.72	0	-2313.55	0	-2309	0	-2483.24	0	-2281.43	0	-2314.6	0	-2491.3	0	-2268.63	0	-2257.63	0	-2202.54	0	-2477.77	0	-2246.72	0	-2304.88	0	-2301.9	0	-2290.4	0	-2310.25	0	-2260.14	0	-2284.63	0	-2475.03	0	-2266.02	0	-2479.37	0	-2302.86	0	-2312.18	0	-2481.75	0	-2475.71	0
-2296.89	0	-2311.47	0	-2305.61	0	-2489.81	0	-2282.71	0	-2313.75	0	-2492.95	0	-2270.02	0	-2250.29	0	-2201.95	0	-2477.77	0	-2241.69	0	-2304.39	0	-2301.56	0	-2291.28	0	-2305.46	0	-2262.5	0	-2281.02	0	-2470.35	0	-2263.79	0	-2477.46	0	-2302.57	0	-2312.18	0	-2478.31	0	-2474.15	0
-2296.89	0	-2302.53	0	-2302.92	0	-2489.81	0	-2282.71	0	-2306.95	0	-2492.95	0	-2270.02	0	-2259.26	0	-2208.7	0	-2478.66	0	-2247.77	0	-2297.69	0	-2293.11	0	-2281.16	0	-2301.92	0	-2262.51	0	-2284.95	0	-2471.06	0	-2261.14	0	-2475.86	0	-2303.68	0	-2312.18	0	-2474.68	0	-2474.15	0
-2291.09	0	-2306.12	0	-2302.92	0	-2482.82	0	-2281.41	0	-2306.95	0	-2490.12	0	-2271.01	0	-2250.78	0	-2208.7	0	-2470.18	0	-2242.47	0	-2297.69	0	-2295.77	0	-2281.16	0	-2301.92	0	-2258.35	0	-2284.04	0	-2470.02	0	-2261.73	0	-2476.75	0	-2303.68	0	-2312.18	0	-2474.68	0	-2474.3	0
-2291.82	0	-2306.12	0	-2303.46	0	-2481.73	0	-2277.82	0	-2300.65	0	-2490.12	0	-2271.01	0	-2251.24	0	-2198.68	0	-2470.18	0	-2242.47	0	-2291.5	0	-2287.33	0	-2281.16	0	-2301.92	0	-2256.38	0	-2281.24	0	-2467.98	0	-2261.73	0	-2476.13	0	-2302.31	0	-2318.03	0	-2474.68	0	-2474.3	0
-2293.12	0	-2304.12	0	-2297.66	0	-2479.19	0	-2274.62	0	-2292.39	0	-2488.71	0	-2262.44	0	-2244.47	0	-2198.68	0	-2470.18	0	-2236.86	0	-2291.82	0	-2281.56	0	-2284.05	0	-2301.92	0	-2245.51	0	-2281.24	0	-2463.2	0	-2260.33	0	-2475.98	0	-2300.68	0	-2316.91	0	-2476.23	0	-2465.2	0
-2295.52	0	-2302.52	0	-2295.7	0	-2479.52	0	-2271.05	0	-2292.39	0	-2486.19	0	-2262.44	0	-2234.17	0	-2194.54	0	-2473.01	0	-2236.86	0	-2291.82	0	-2281.56	0	-2277.74	0	-2301.35	0	-2245.51	0	-2279.1	0	-2463.2	0	-2256.82	0	-2474.83	0	-2295.87	0	-2308.93	0	-2478.01	0	-2471.49	0
-2291.11	0	-2296.9	0	-2295.7	0	-2479.4	0	-2267.02	0	-2292.39	0	-2486.19	0	-2262.44	0	-2234.17	0	-2194.54	0	-2473.01	0	-2236.86	0	-2289.98	0	-2278.32	0	-2276.24	0	-2301.35	0	-2248.65	0	-2278.13	0	-2469.45	0	-2256.55	0	-2476.22	0	-2295.87	0	-2312.12	0	-2472.6	0	-2467.37	0
-2290.17	0	-2293.69	0	-2293.5	0	-2477.42	0	-2266.91	0	-2292.39	0	-2486.19	0	-2262.44	0	-2234.17	0	-2194.54	0	-2466.4	0	-2236.86	0	-2286.32	0	-2278.32	0	-2276.24	0	-2301.35	0	-2248.65	0	-2272.42	0	-2462.48	0	-2254.8	0	-2468.27	0	-2291.79	0	-2302.75	0	-2468.57	0	-2467.37	0
-2287.56	0	-2295.53	0	-2288.67	0	-2476.25	0	-2267.91	0	-2292.39	0	-2486.19	0	-2258	0	-2230	0	-2189.23	0	-2466.4	0	-2222.06	0	-2284.41	0	-2279.74	0	-2270.98	0	-2294.2	0	-2243.21	0	-2265.76	0	-2462.48	0	-2250.38	0	-2468.27	0	-2293.32	0	-2297.61	0	-2469.17	0	-2467.37	0
-2283.95	0	-2291.45	0	-2291.46	0	-2473.84	0	-2260.59	0	-2292.39	0	-2486.19	0	-2257.37	0	-2226.19	0	-2188.63	0	-2466.4	0	-2229.49	0	-2284.41	0	-2279.74	0	-2269.71	0	-2294.7	0	-2243.21	0	-2267.22	0	-2462.48	0	-2245.24	0	-2468.27	0	-2289.44	0	-2297.61	0	-2469.17	0	-2459.81	0
-2280.33	0	-2281.54	0	-2284.39	0	-2468.32	0	-2252.93	0	-2292.39	0	-2486.19	0	-2256.78	0	-2226.19	0	-2190.54	0	-2466.4	0	-2229.02	0	-2284.41	0	-2279.74	0	-2266.15	0	-2294.7	0	-2242.82	0	-2268.24	0	-2460.98	0	-2247.91	0	-2469.45	0	-2289.53	0	-2293.71	0	-2468.79	0	-2461.27	0
-2281.72	0	-2281.54	0	-2279.6	0	-2472.31	0	-2253.08	0	-2292.39	0	-2486.1	0	-2253.42	0	-2226.19	0	-2183.66	0	-2466.4	0	-2223.1	0	-2281.12	0	-2265.82	0	-2270.34	0	-2291.64	0	-2242	0	-2266.25	0	-2458.33	0	-2243.58	0	-2469.45	0	-2289.72	0	-2290.93	0	-2468.21	0	-2459.15	0
-2283.31	0	-2281.54	0	-2279.6	0	-2472.31	0	-2250.12	0	-2293.82	0	-2482.4	0	-2253.64	0	-2227.84	0	-2182.79	0	-2462.75	0	-2220.92	0	-2283.6	0	-2267.3	0	-2269.44	0	-2291.64	0	-2239.75	0	-2266.25	0	-2458.87	0	-2238.64	0	-2467.5	0	-2282.06	0	-2287.23	0	-2468.07	0	-2458.01	0
-2284.13	0	-2288.27	0	-2279.6	0	-2469.29	0	-2250.12	0	-2293.82	0	-2484.33	0	-2250.2	0	-2219.84	0	-2186.71	0	-2466.63	0	-2219.6	0	-2276.65	0	-2267.3	0	-2259.42	0	-2292.35	0	-2236.46	0	-2259.87	0	-2458.87	0	-2238.64	0	-2466.43	0	-2278.8	0	-2287.23	0	-2462.57	0	-2452.34	0
-2277.24	0	-2284.82	0	-2275.1	0	-2467.81	0	-2250.12	0	-2293.82	0	-2489.03	0	-2248.63	0	-2213.17	0	-2182.37	0	-2457.52	0	-2217.85	0	-2276.65	0	-2269.51	0	-2255.76	0	-2290.12	0	-2235.57	0	-2261.09	0	-2454.68	0	-2231.62	0	-2466.43	0	-2279.78	0	-2290.59	0	-2462.56	0	-2452.34	0
-2277.24	0	-2283.5	0	-2267.37	0	-2469.13	0	-2239.82	0	-2288.19	0	-2481.3	0	-2243.7	0	-2213.17	0	-2182.37	0	-2457.52	0	-2201.66	0	-2270.02	0	-2270.97	0	-2255.76	0	-2285.3	0	-2233.22	0	-2256.51	0	-2454.6	0	-2231.62	0	-2463.22	0	-2274.56	0	-2280.59	0	-2462.56	0	-2452.34	0
-2277.24	0	-2277.96	0	-2271.44	0	-2464.3	0	-2239.82	0	-2286.56	0	-2481.3	0	-2244.81	0	-2210.38	0	-2173.73	0	-2456.41	0	-2213.65	0	-2270.02	0	-2264.17	0	-2253.16	0	-2285.3	0	-2234.93	0	-2256.51	0	-2452.52	0	-2229.43	0	-2463.22	0	-2274.56	0	-2280.59	0	-2460.95	0	-2457.37	0
-2275.35	0	-2277.96	0	-2270.3	0	-2468.57	0	-2240.35	0	-2287.06	0	-2479.6	0	-2232.72	0	-2210.38	0	-2173.73	0	-2457.71	0	-2210.01	0	-2272.09	0	-2263.96	0	-2253.84	0	-2282.34	0	-2225.49	0	-2256.51	0	-2452.52	0	-2229.43	0	-2460.06	0	-2269.49	0	-2274.04	0	-2460.29	0	-2449.27	0
-2274.58	0	-2277.6	0	-2264.54	0	-2463.34	0	-2239.46	0	-2283.56	0	-2479.6	0	-2232.72	0	-2205.23	0	-2177.21	0	-2453.97	0	-2209.13	0	-2267.99	0	-2260.78	0	-2252.96	0	-2282.34	0	-2225.49	0	-2257.11	0	-2452	0	-2229.43	0	-2456.22	0	-2277.42	0	-2278.21	0	-2456.09	0	-2452.29	0
-2274.61	0	-2276.46	0	-2261.96	0	-2461.47	0	-2239.48	0	-2286.67	0	-2480.86	0	-2231.25	0	-2207.03	0	-2173.69	0	-2453.46	0	-2198.56	0	-2260.61	0	-2262.91	0	-2238.49	0	-2282.34	0	-2231.95	0	-2254.62	0	-2450.62	0	-2229.43	0	-2456.84	0	-2272.68	0	-2270.51	0	-2454.83	0	-2447.59	0
-2267.28	0	-2272.28	0	-2261.96	0	-2458.42	0	-2234.15	0	-2280.65	0	-2481.12	0	-2231.25	0	-2205.28	0	-2168.22	0	-2453.46	0	-2199.57	0	-2260.61	0	-2258.27	0	-2240	0	-2279.42	0	-2227.97	0	-2252.69	0	-2451.21	0	-2219.55	0	-2455.91	0	-2272.68	0	-2270.51	0	-2454.83	0	-2445.76	0
-2268.54	0	-2270.34	0	-2261.96	0	-2456.87	0	-2230.9	0	-2276.41	0	-2480.26	0	-2231.25	0	-2197.53	0	-2164.66	0	-2452.07	0	-2200	0	-2261.27	0	-2255.82	0	-2240	0	-2281.71	0	-2217.24	0	-2251.45	0	-2450.25	0	-2222.97	0	-2454.07	0	-2272.16	0	-2271.1	0	-2454.83	0	-2442.73	0
-2265.75	0	-2266.36	0	-2261.96	0	-2456.62	0	-2231.44	0	-2270.07	0	-2483.52	0	-2231.25	0	-2195.67	0	-2163.04	0	-2448.89	0	-2188.96	0	-2261.27	0	-2246.44	0	-2240	0	-2277.02	0	-2217.24	0	-2249.91	0	-2444.08	0	-2222.97	0	-2452.5	0	-2273.97	0	-2264.87	0	-2451.89	0	-2441.27	0
-2265.75	0	-2267.76	0	-2258.92	0	-2457.28	0	-2225.07	0	-2270.07	0	-2476.91	0	-2226.55	0	-2192.7	0	-2163.04	0	-2451.19	0	-2189.55	0	-2261.27	0	-2249.96	0	-2239.25	0	-2276.6	0	-2214.31	0	-2249.91	0	-2439.89	0	-2220.84	0	-2450.73	0	-2270.38	0	-2264.65	0	-2449.74	0	-2440.74	0
-2263.13	0	-2267.55	0	-2258.5	0	-2453.96	0	-2216.16	0	-2269.1	0	-2475.79	0	-2226.55	0	-2190.15	0	-2148.82	0	-2444.6	0	-2186.71	0	-2259.58	0	-2241.5	0	-2235.1	0	-2273.64	0	-2201.95	0	-2251.29	0	-2437.97	0	-2227.68	0	-2450.08	0	-2268.95	0	-2258.47	0	-2457.28	0	-2440.74	0
-2261.57	0	-2259.91	0	-2257.27	0	-2450.17	0	-2206.43	0	-2263.97	0	-2475.79	0	-2226.55	0	-2179.01	0	-2148.82	0	-2438.57	0	-2186.71	0	-2251.92	0	-2243.69	0	-2237.68	0	-2272.71	0	-2201.95	0	-2243.86	0	-2436.01	0	-2215.54	0	-2451.25	0	-2267.59	0	-2240.37	0	-2457.28	0	-2440.74	0
-2260.65	0	-2274.84	0	-2252.45	0	-2451.83	0	-2206.43	0	-2263.97	0	-2474.47	0	-2226.55	0	-2181.95	0	-2148.82	0	-2439.95	0	-2186.07	0	-2251.81	0	-2243.69	0	-2226.88	0	-2270.2	0	-2201.95	0	-2246.16	0	-2432.97	0	-2213.44	0	-2449.66	0	-2262.49	0	-2253.63	0	-2448.02	0	-2438.99	0
-2260.3	0	-2274.84	0	-2252.45	0	-2452.19	0	-2209.44	0	-2261.72	0	-2469.78	0	-2226.55	0	-2181.95	0	-2148.82	0	-2435.85	0	-2183.54	0	-2252.8	0	-2243.05	0	-2226.88	0	-2270.83	0	-2201.6	0	-2240.85	0	-2433.08	0	-2212.86	0	-2447.22	0	-2260.29	0	-2251.55	0	-2446.19	0	-2437.26	0
-2258.09	0	-2267.69	0	-2246.3	0	-2449.83	0	-2210.92	0	-2261.72	0	-2467.83	0	-2226.55	0	-2184.18	0	-2150.86	0	-2436.04	0	-2182.53	0	-2250.22	0	-2235.23	0	-2227.83	0	-2265.02	0	-2196.3	0	-2240.85	0	-2432.97	0	-2207.47	0	-2446.81	0	-2257.98	0	-2251.57	0	-2439.47	0	-2433.15	0
-2255.99	0	-2259.83	0	-2241.26	0	-2447.07	0	-2203.65	0	-2261.59	0	-2467.83	0	-2220.72	0	-2167.31	0	-2148.23	0	-2433.94	0	-2164.29	0	-2243.43	0	-2232.83	0	-2224.39	0	-2268.2	0	-2184.36	0	-2240.01	0	-2429.21	0	-2203.86	0	-2445.44	0	-2253.17	0	-2240.47	0	-2438.87	0	-2433.15	0
-2255.99	0	-2252.32	0	-2239.24	0	-2445.27	0	-2199.34	0	-2261.59	0	-2467.87	0	-2220.72	0	-2167.85	0	-2148.23	0	-2426.91	0	-2164.29	0	-2243.66	0	-2230.5	0	-2218.27	0	-2262.29	0	-2184.36	0	-2235.93	0	-2432.23	0	-2201.56	0	-2444.01	0	-2253.87	0	-2240.47	0	-2438.87	0	-2435.15	0
-2257.59	0	-2247.23	0	-2235.25	0	-2445.27	0	-2202.2	0	-2260.42	0	-2466.19	0	-2220.72	0	-2167.85	0	-2147.09	0	-2424.15	0	-2162.62	0	-2243.66	0	-2224.21	0	-2227.32	0	-2261.85	0	-2193.74	0	-2229.04	0	-2428.42	0	-2203.4	0	-2442.63	0	-2253.09	0	-2236.95	0	-2439.66	0	-2429.58	0
-2246.92	0	-2247.36	0	-2226.72	0	-2442.76	0	-2202.86	0	-2258.59	0	-2462.95	0	-2221.23	0	-2166.63	0	-2145.49	0	-2432.52	0	-2162.62	0	-2241.66	0	-2224.21	0	-2220.49	0	-2255.28	0	-2186.83	0	-2232.39	0	-2428.54	0	-2200.31	0	-2439.89	0	-2246.31	0	-2231.68	0	-2437.3	0	-2432.13	0
-2246.92	0	-2250.59	0	-2230.01	0	-2438.82	0	-2197.48	0	-2258.59	0	-2464.36	0	-2222.62	0	-2166.63	0	-2137.87	0	-2427.08	0	-2170.85	0	-2236.7	0	-2224.21	0	-2220	0	-2254.16	0	-2186.83	0	-2223.63	0	-2430.36	0	-2200.31	0	-2438.79	0	-2238.63	0	-2227.34	0	-2435.29	0	-2429.25	0
-2244.6	0	-2249.86	0	-2218.73	0	-2440.83	0	-2198.84	0	-2252.86	0	-2458.18	0	-2222.62	0	-2167.08	0	-2136.61	0	-2422.84	0	-2170.85	0	-2236.93	0	-2217.58	0	-2217.4	0	-2254.33	0	-2178.76	0	-2226.32	0	-2430.1	0	-2198.51	0	-2435.6	0	-2238.63	0	-2227.24	0	-2429.24	0	-2428.35	0
-2242.55	0	-2249.23	0	-2221.47	0	-2436.46	0	-2193.06	0	-2252.86	0	-2461.92	0	-2209.54	0	-2158.64	0	-2137.14	0	-2420.91	0	-2157.29	0	-2227.48	0	-2216.98	0	-2211.58	0	-2251.43	0	-2182.26	0	-2221.79	0	-2425.83	0	-2192.61	0	-2435.15	0	-2239.55	0	-2231.4	0	-2431.77	0	-2425.99	0
-2238.57	0	-2241.18	0	-2216.6	0	-2436.79	0	-2188.17	0	-2239.38	0	-2461.92	0	-2211.67	0	-2164.97	0	-2135	0	-2421.5	0	-2157.29	0	-2227.48	0	-2215.77	0	-2214.57	0	-2243.55	0	-2174.87	0	-2221.7	0	-2427.83	0	-2187.51	0	-2431.36	0	-2239.55	0	-2224.24	0	-2430.8	0	-2420.72	0
-2242.33	0	-2241.75	0	-2215.12	0	-2435.3	0	-2188.1	0	-2239.38	0	-2454.62	0	-2211.11	0	-2164.97	0	-2135.14	0	-2417	0	-2156.82	0	-2225.96	0	-2207.7	0	-2207.15	0	-2246.7	0	-2178.27	0	-2213.57	0	-2425.61	0	-2190.2	0	-2427.54	0	-2237.45	0	-2223.47	0	-2431.2	0	-2420.72	0
-2238.65	0	-2238.28	0	-2214.24	0	-2430.13	0	-2191.09	0	-2239.38	0	-2449.73	0	-2213.97	0	-2151.61	0	-2134.83	0	-2416.08	0	-2147.86	0	-2221.64	0	-2212.97	0	-2205.43	0	-2238.96	0	-2170.08	0	-2218.29	0	-2426.48	0	-2188.54	0	-2425.94	0	-2226.51	0	-2222.05	0	-2425.85	0	-2420.42	0
-2239.05	0	-2238.28	0	-2211.78	0	-2432.36	0	-2169.41	0	-2237.18	0	-2451.01	0	-2202.36	0	-2151.61	0	-2135.08	0	-2413.34	0	-2146.73	0	-2220.86	0	-2207.23	0	-2201.72	0	-2238.96	0	-2164.56	0	-2214.36	0	-2423	0	-2188.96	0	-2425.94	0	-2226.51	0	-2219.12	0	-2425.85	0	-2418.89	0
-2234.34	0	-2237.3	0	-2201.46	0	-2428.78	0	-2169.41	0	-2238.52	0	-2451.01	0	-2194.68	0	-2149.61	0	-2128.69	0	-2407.81	0	-2146.73	0	-2224.32	0	-2207.23	0	-2199.21	0	-2238.96	0	-2156.91	0	-2212.81	0	-2423	0	-2189.33	0	-2425.94	0	-2227.44	0	-2215.2	0	-2431.8	0	-2418.89	0
-2236.02	0	-2233.16	0	-2203.65	0	-2434.57	0	-2171.35	0	-2229.29	0	-2451.01	0	-2194.68	0	-2143.99	0	-2128.69	0	-2407.81	0	-2145.85	0	-2223.12	0	-2206.88	0	-2203.28	0	-2236.72	0	-2156.91	0	-2210.87	0	-2423	0	-2187.3	0	-2417.9	0	-2224.96	0	-2206.14	0	-2414.71	0	-2408.22	0
-2231.84	0	-2233.63	0	-2200.89	0	-2418.24	0	-2170.13	0	-2232.08	0	-2450.46	0	-2194.68	0	-2146.28	0	-2132.43	0	-2407.81	0	-2142.06	0	-2223.39	0	-2199.61	0	-2195.46	0	-2232.98	0	-2153.51	0	-2208.61	0	-2421.93	0	-2183.37	0	-2414.29	0	-2220.72	0	-2207.17	0	-2414.71	0	-2411.69	0
-2231.84	0	-2225.38	0	-2195.56	0	-2420.02	0	-2156.55	0	-2224.59	0	-2445.17	0	-2195.77	0	-2135.98	0	-2125.15	0	-2410.74	0	-2131.85	0	-2219.47	0	-2200.4	0	-2192.91	0	-2230.61	0	-2152.94	0	-2204.81	0	-2421.21	0	-2183.43	0	-2413.11	0	-2214.66	0	-2207.17	0	-2414.71	0	-2411.39	0
-2229.87	0	-2223.63	0	-2195.56	0	-2420.02	0	-2156.55	0	-2233.21	0	-2441.58	0	-2189.29	0	-2142.29	0	-2120.16	0	-2405.19	0	-2138.25	0	-2220.94	0	-2192.99	0	-2192.91	0	-2225.41	0	-2145.59	0	-2203.41	0	-2418.45	0	-2183.82	0	-2417.03	0	-2214.66	0	-2203.52	0	-2410.17	0	-2408.2	0
-2229.59	0	-2224.76	0	-2190.92	0	-2422.1	0	-2155.08	0	-2223.65	0	-2444.36	0	-2192.75	0	-2138.35	0	-2120.34	0	-2408.12	0	-2137.85	0	-2221.38	0	-2195.08	0	-2188.53	0	-2225.41	0	-2143.13	0	-2199.52	0	-2418.57	0	-2182.34	0	-2412.44	0	-2216.78	0	-2203.03	0	-2404.32	0	-2408.2	0
-2228.58	0	-2224.17	0	-2192.87	0	-2419.8	0	-2152.58	0	-2223.65	0	-2437.42	0	-2189.7	0	-2129.76	0	-2116.56	0	-2400.77	0	-2135.85	0	-2217.88	0	-2187.52	0	-2186.63	0	-2222.39	0	-2143.13	0	-2192.44	0	-2418.57	0	-2184	0	-2413.97	0	-2216.78	0	-2198.63	0	-2404.32	0	-2403.93	0
-2225.57	0	-2224.17	0	-2187.59	0	-2419.8	0	-2142.09	0	-2223.06	0	-2435.14	0	-2185.44	0	-2132.91	0	-2112.55	0	-2402.57	0	-2135.85	0	-2217.6	0	-2191.04	0	-2186.49	0	-2214.14	0	-2136.4	0	-2188.94	0	-2418.65	0	-2179.75	0	-2414.73	0	-2216.78	0	-2195.22	0	-2404.33	0	-2403.93	0
-2226.26	0	-2217.16	0	-2187.59	0	-2419.8	0	-2142.09	0	-2223.06	0	-2435.14	0	-2177.7	0	-2133.15	0	-2112.26	0	-2398.47	0	-2133.37	0	-2213.73	0	-2179	0	-2181.02	0	-2214.14	0	-2132.09	0	-2193.09	0	-2419.01	0	-2179.59	0	-2410.02	0	-2216.78	0	-2186.86	0	-2398.99	0	-2398.79	0
-2223.5	0	-2217.39	0	-2187.59	0	-2425.71	0	-2151.73	0	-2225.26	0	-2435.14	0	-2174.78	0	-2128.52	0	-2108.98	0	-2401.4	0	-2132.1	0	-2212.92	0	-2176.65	0	-2183.79	0	-2214.14	0	-2128.72	0	-2184.76	0	-2416.32	0	-2174.28	0	-2414.56	0	-2207.16	0	-2186.86	0	-2393.65	0	-2396.06	0
-2223.5	0	-2207.67	0	-2188.81	0	-2423.32	0	-2146.74	0	-2220.64	0	-2433.21	0	-2170.27	0	-2132.19	0	-2107.89	0	-2396.71	0	-2122.76	0	-2208.06	0	-2169.88	0	-2182.91	0	-2210.22	0	-2120.7	0	-2184.76	0	-2415.17	0	-2173.79	0	-2407.5	0	-2205.43	0	-2183.31	0	-2394.61	0	-2388.81	0
-2217.89	0	-2207.67	0	-2182.12	0	-2423.32	0	-2143.26	0	-2221.02	0	-2427.99	0	-2170.27	0	-2128.63	0	-2102.9	0	-2396.71	0	-2121.78	0	-2214.12	0	-2166.65	0	-2174.31	0	-2210.22	0	-2120.7	0	-2169.39	0	-2420.66	0	-2166.52	0	-2407.5	0	-2205.43	0	-2181.15	0	-2396.85	0	-2388.32	0
-2214.59	0	-2205.62	0	-2182.67	0	-2423.32	0	-2138.8	0	-2218.13	0	-2429.57	0	-2173.8	0	-2122.03	0	-2096.97	0	-2394.43	0	-2125.82	0	-2207.2	0	-2159.18	0	-2174.31	0	-2209.04	0	-2120.7	0	-2171.63	0	-2420.66	0	-2165.56	0	-2406.39	0	-2205.43	0	-2181.15	0	-2394.91	0	-2392.97	0
-2208.44	0	-2204.33	0	-2170.83	0	-2423.32	0	-2138.09	0	-2213.97	0	-2425.53	0	-2161.46	0	-2120.98	0	-2096.97	0	-2394.43	0	-2119.55	0	-2204.34	0	-2161.45	0	-2170.36	0	-2203.95	0	-2120.7	0	-2168.52	0	-2416.68	0	-2171.7	0	-2406.16	0	-2196.58	0	-2170.04	0	-2393.53	0	-2392.25	0
-2215.5	0	-2204.33	0	-2170.83	0	-2423.32	0	-2142.9	0	-2206.27	0	-2421.94	0	-2161.46	0	-2117.21	0	-2096.98	0	-2405.88	0	-2117.65	0	-2201.52	0	-2161.45	0	-2172.54	0	-2200.09	0	-2121.3	0	-2159.18	0	-2416.68	0	-2161.82	0	-2405.53	0	-2201.2	0	-2170.29	0	-2394.49	0	-2386.86	0
-2215.86	0	-2203.77	0	-2165.43	0	-2423.32	0	-2139.29	0	-2206.27	0	-2421.44	0	-2161.48	0	-2114.55	0	-2096.98	0	-2392.65	0	-2117.65	0	-2201.52	0	-2161.45	0	-2164.08	0	-2200.09	0	-2117.85	0	-2159.18	0	-2416.68	0	-2157.28	0	-2405.43	0	-2198.31	0	-2167.11	0	-2392.57	0	-2384.23	0
-2213.36	0	-2203.77	0	-2165.43	0	-2405.9	0	-2133.5	0	-2208.17	0	-2417.2	0	-2162.36	0	-2107.29	0	-2090.01	0	-2394.73	0	-2105.62	0	-2199.29	0	-2153.31	0	-2157.27	0	-2200.09	0	-2111.24	0	-2148.33	0	-2409.86	0	-2156.26	0	-2397	0	-2191.05	0	-2168.95	0	-2392.31	0	-2385.22	0
-2208.25	0	-2195.16	0	-2164.01	0	-2408.99	0	-2134.1	0	-2208.17	0	-2414.97	0	-2151.99	0	-2108.99	0	-2092.87	0	-2391.67	0	-2111.69	0	-2199.29	0	-2153.31	0	-2159.25	0	-2197.36	0	-2104.85	0	-2156.65	0	-2405.89	0	-2155.43	0	-2397	0	-2193.88	0	-2162.54	0	-2385.29	0	-2385.22	0
-2211.98	0	-2196.02	0	-2164.01	0	-2404.6	0	-2132.2	0	-2208.17	0	-2414.97	0	-2155.44	0	-2106.61	0	-2082.41	0	-2391.97	0	-2105.18	0	-2194.17	0	-2154.42	0	-2152.35	0	-2196.19	0	-2104.85	0	-2140.92	0	-2402.6	0	-2153.72	0	-2397	0	-2193.88	0	-2162.54	0	-2381.29	0	-2384.78	0
-2207.38	0	-2191.98	0	-2167.23	0	-2407.13	0	-2130.85	0	-2198.27	0	-2410.36	0	-2156.31	0	-2104.09	0	-2084.92	0	-2388.9	0	-2096.96	0	-2192.53	0	-2139.7	0	-2151.65	0	-2195.33	0	-2104.85	0	-2140.92	0	-2402.6	0	-2153.72	0	-2394.41	0	-2189.52	0	-2158.86	0	-2381.29	0	-2378.81	0
-2205.79	0	-2194.51	0	-2157.55	0	-2402.98	0	-2128.89	0	-2198.27	0	-2409.99	0	-2148.56	0	-2104.11	0	-2080.07	0	-2389.55	0	-2091.39	0	-2191.5	0	-2139.95	0	-2151.65	0	-2187.35	0	-2105.78	0	-2142.04	0	-2398.17	0	-2157.25	0	-2395.85	0	-2180.69	0	-2148.77	0	-2381.29	0	-2376.79	0
-2205.49	0	-2192.32	0	-2157.97	0	-2401.12	0	-2116.15	0	-2198.27	0	-2405.4	0	-2141.62	0	-2099.97	0	-2072.89	0	-2389.55	0	-2090.67	0	-2189.31	0	-2138.7	0	-2137.51	0	-2187.35	0	-2107.03	0	-2136.3	0	-2398.52	0	-2154.08	0	-2395.12	0	-2172.66	0	-2148.77	0	-2376.79	0	-2378.83	0
-2205.49	0	-2185.07	0	-2157.97	0	-2398.13	0	-2119.14	0	-2198.02	0	-2407.92	0	-2129.93	0	-2093.24	0	-2072.89	0	-2389.55	0	-2094.87	0	-2176.65	0	-2135.07	0	-2135.01	0	-2188.56	0	-2108.92	0	-2132.9	0	-2397.75	0	-2155.48	0	-2391.31	0	-2172.66	0	-2148.77	0	-2379.11	0	-2377.68	0
-2203.49	0	-2184.14	0	-2157.91	0	-2393.22	0	-2119.14	0	-2186.98	0	-2405.26	0	-2125.68	0	-2083.58	0	-2072.89	0	-2387.86	0	-2088.87	0	-2171.36	0	-2134.29	0	-2135.01	0	-2190.14	0	-2101.13	0	-2132.9	0	-2394.66	0	-2150.69	0	-2389.22	0	-2172.66	0	-2139.97	0	-2379.11	0	-2381.83	0
-2194.31	0	-2180.22	0	-2158.02	0	-2391.47	0	-2114.19	0	-2187.66	0	-2397.78	0	-2127.03	0	-2087.74	0	-2063.24	0	-2383.43	0	-2083.31	0	-2172.11	0	-2132.73	0	-2130.91	0	-2185.73	0	-2101.13	0	-2134.27	0	-2388.36	0	-2150.2	0	-2385.26	0	-2172.66	0	-2138.21	0	-2375.65	0	-2376.76	0
-2197.36	0	-2177.74	0	-2152.31	0	-2390.84	0	-2111.33	0	-2189.23	0	-2397.56	0	-2109.22	0	-2081.1	0	-2070.23	0	-2383.43	0	-2079.5	0	-2152.04	0	-2130.99	0	-2130.4	0	-2180.45	0	-2092.13	0	-2134.27	0	-2388.36	0	-2154.38	0	-2387.8	0	-2168.49	0	-2135.42	0	-2375.65	0	-2368.73	0
-2193.04	0	-2167.01	0	-2149.99	0	-2390.84	0	-2107.81	0	-2180.7	0	-2397.56	0	-2111.05	0	-2079.61	0	-2065.35	0	-2383.41	0	-2068.27	0	-2158.1	0	-2128.79	0	-2130.4	0	-2180.45	0	-2085.54	0	-2129.36	0	-2388.89	0	-2150.93	0	-2381.41	0	-2160.3	0	-2132.85	0	-2373.08	0	-2368.73	0
-2193.4	0	-2167.01	0	-2139.75	0	-2386.47	0	-2102.46	0	-2183.72	0	-2386.82	0	-2103.41	0	-2069.17	0	-2061.24	0	-2382.84	0	-2064.56	0	-2139.17	0	-2128.79	0	-2129.27	0	-2176.39	0	-2078.2	0	-2114.01	0	-2385.72	0	-2150.93	0	-2381.41	0	-2160.3	0	-2132.85	0	-2373.08	0	-2367.27	0
-2193.84	0	-2157.81	0	-2141.51	0	-2386.17	0	-2102.46	0	-2176.91	0	-2389.66	0	-2095.51	0	-2060.4	0	-2051.7	0	-2377.14	0	-2055.07	0	-2138.46	0	-2126.85	0	-2130.14	0	-2173.71	0	-2078.2	0	-2114.97	0	-2382.88	0	-2146.11	0	-2379.14	0	-2156.04	0	-2121.8	0	-2369.29	0	-2367.27	0
-2190.31	0	-2160.32	0	-2139.95	0	-2386.12	0	-2097.86	0	-2176.91	0	-2384.4	0	-2089.55	0	-2055.73	0	-2047.92	0	-2380.11	0	-2055.07	0	-2130.57	0	-2120.48	0	-2126.29	0	-2169.65	0	-2072.08	0	-2114.97	0	-2381.57	0	-2146.11	0	-2379.14	0	-2158.89	0	-2119.41	0	-2363.36	0	-2367.52	0
-2190.31	0	-2151.32	0	-2126.82	0	-2386.12	0	-2089.12	0	-2168.31	0	-2382.94	0	-2070.05	0	-2055.73	0	-2045.51	0	-2379.26	0	-2055.07	0	-2125.88	0	-2115.74	0	-2129.58	0	-2172.57	0	-2059.66	0	-2102.16	0	-2381.57	0	-2143.97	0	-2381.2	0	-2158.2	0	-2118.36	0	-2364.25	0	-2362.06	0
-2184.02	0	-2151.32	0	-2126.01	0	-2389.54	0	-2089.98	0	-2163.9	0	-2381.86	0	-2070.05	0	-2055.73	0	-2033.78	0	-2375.89	0	-2059	0	-2113.83	0	-2113.56	0	-2119.6	0	-2168.26	0	-2061.55	0	-2102.16	0	-2383.32	0	-2136.55	0	-2375.73	0	-2153.9	0	-2111.74	0	-2356.28	0	-2361.24	0
-2184.38	0	-2145.94	0	-2127.11	0	-2389.54	0	-2087.17	0	-2164.76	0	-2377.87	0	-2070.05	0	-2048.54	0	-2036.06	0	-2374.51	0	-2059	0	-2118.28	0	-2108.97	0	-2122.25	0	-2166.09	0	-2066.58	0	-2088.19	0	-2378.16	0	-2136.55	0	-2377.67	0	-2151.97	0	-2109.2	0	-2356.28	0	-2359.29	0
-2184.74	0	-2145.94	0	-2123.18	0	-2389.54	0	-2078.08	0	-2157	0	-2387.03	0	-2077.79	0	-2043.61	0	-2021.14	0	-2373.06	0	-2056.49	0	-2114.52	0	-2105.17	0	-2121.37	0	-2161.55	0	-2054.72	0	-2084.25	0	-2378.54	0	-2136.29	0	-2369.13	0	-2153.15	0	-2093.68	0	-2352.54	0	-2358.78	0
-2182.3	0	-2138.21	0	-2117.11	0	-2389.54	0	-2070.49	0	-2157	0	-2378.9	0	-2067.98	0	-2049.29	0	-2025.96	0	-2370.12	0	-2052.33	0	-2106.54	0	-2103.4	0	-2116.23	0	-2158.98	0	-2059.42	0	-2087.34	0	-2372.54	0	-2136.44	0	-2365.34	0	-2147.54	0	-2093.68	0	-2346.87	0	-2354.91	0
-2180.5	0	-2136.13	0	-2115.71	0	-2389.54	0	-2069.61	0	-2148.3	0	-2378.9	0	-2069.61	0	-2038.73	0	-2025.25	0	-2367.08	0	-2058.91	0	-2092.16	0	-2097.15	0	-2111	0	-2163.99	0	-2058.45	0	-2084.17	0	-2368.87	0	-2137.64	0	-2360.2	0	-2140.49	0	-2084.18	0	-2348.17	0	-2353.43	0
-2180.5	0	-2136.13	0	-2107.21	0	-2378.34	0	-2057.19	0	-2139.14	0	-2378.9	0	-2068.2	0	-2025.92	0	-2021.06	0	-2371.85	0	-2052.78	0	-2097.51	0	-2090.13	0	-2112.13	0	-2159.97	0	-2044.27	0	-2078.85	0	-2365.32	0	-2129.73	0	-2355.12	0	-2144.14	0	-2083.35	0	-2343.86	0	-2350.28	0
-2177.74	0	-2136.13	0	-2102.84	0	-2372.87	0	-2042.29	0	-2135.86	0	-2375.27	0	-2062.1	0	-2024.8	0	-2013.26	0	-2366.99	0	-2046.72	0	-2098.5	0	-2086.05	0	-2102.92	0	-2150.54	0	-2044.27	0	-2077.76	0	-2362.37	0	-2130.68	0	-2352.83	0	-2136.35	0	-2081.1	0	-2338.89	0	-2350.33	0
-2177.43	0	-2133.55	0	-2102.65	0	-2369.58	0	-2042.29	0	-2137.06	0	-2375.66	0	-2056.63	0	-2024.8	0	-2013.26	0	-2361.03	0	-2035.87	0	-2094.85	0	-2080.28	0	-2104.66	0	-2153.44	0	-2044.27	0	-2077.21	0	-2359.38	0	-2130.68	0	-2350.43	0	-2132.78	0	-2070.66	0	-2338.89	0	-2354.3	0
-2173.52	0	-2133.55	0	-2090.84	0	-2365.2	0	-2034.3	0	-2134.33	0	-2378.86	0	-2061.06	0	-2019.48	0	-2012.16	0	-2358.92	0	-2035.87	0	-2094.85	0	-2084.28	0	-2099.71	0	-2162.68	0	-2044.68	0	-2065.33	0	-2353.35	0	-2128.88	0	-2348.08	0	-2133.86	0	-2063.18	0	-2340.97	0	-2346.18	0
-2173.23	0	-2134.48	0	-2106.36	0	-2366.49	0	-2002.91	0	-2132.91	0	-2378.86	0	-2050.28	0	-2002.29	0	-2012.16	0	-2359.6	0	-2035.87	0	-2093.07	0	-2075.89	0	-2097.59	0	-2143.48	0	-2044.68	0	-2065.02	0	-2352.67	0	-2128.09	0	-2345.25	0	-2127.67	0	-2017.9	0	-2337.04	0	-2348.91	0
-2168.75	0	-2131.87	0	-2092.6	0	-2367.4	0	-1990.55	0	-2128.45	0	-2364.63	0	-2052.33	0	-1995.24	0	-2018.19	0	-2355.87	0	-2033.11	0	-2095.73	0	-2069.84	0	-2093.28	0	-2134.97	0	-2044.68	0	-2044.19	0	-2347.18	0	-2138.44	0	-2341.78	0	-2127.67	0	-2036.65	0	-2330.86	0	-2341.54	0
-2168.75	0	-2122.82	0	-2091.34	0	-2365.71	0	-1987.91	0	-2121.77	0	-2370.08	0	-2044.37	0	-1995.24	0	-2010.06	0	-2349.57	0	-2033.5	0	-2088.72	0	-2066.09	0	-2091.46	0	-2136.55	0	-2037.56	0	-2054.56	0	-2345.79	0	-2138.44	0	-2333.19	0	-2116.25	0	-2030.68	0	-2328.83	0	-2342.56	0
-2171.32	0	-2129.11	0	-2083.28	0	-2359.39	0	-1972.79	0	-2116.81	0	-2368.55	0	-2045.84	0	-1988.29	0	-2010.06	0	-2349.23	0	-2033.5	0	-2087.39	0	-2063.18	0	-2082.69	0	-2134.87	0	-2037.35	0	-2052.53	0	-2345.79	0	-2126.7	0	-2325.08	0	-2110.04	0	-1997.75	0	-2328.83	0	-2340.19	0
-2169.5	0	-2120.79	0	-2082.21	0	-2359.32	0	-1983.06	0	-2115.68	0	-2365.92	0	-2042.67	0	-1985.12	0	-2009.23	0	-2349.63	0	-2033.5	0	-2088.42	0	-2057.54	0	-2087.42	0	-2127.18	0	-2022.18	0	-2039.88	0	-2339.74	0	-2128.43	0	-2325.08	0	-2107.4	0	-1985.24	0	-2327.36	0	-2331.68	0
-2162.37	0	-2120.79	0	-2065.5	0	-2357.99	0	-1970.24	0	-2119.8	0	-2369.55	0	-2042.67	0	-1985.12	0	-1998.18	0	-2345.84	0	-2024	0	-2088.42	0	-2057.54	0	-2079.29	0	-2120.18	0	-2020.61	0	-2035.31	0	-2339.74	0	-2123.15	0	-2320.87	0	-2100.74	0	-1981.12	0	-2321.73	0	-2331.68	0
-2165.08	0	-2119.57	0	-2065.5	0	-2352.5	0	-1966.76	0	-2105.91	0	-2366.16	0	-2031.88	0	-1985.12	0	-2003.76	0	-2345.84	0	-2018.31	0	-2088.42	0	-2057.58	0	-2074.36	0	-2120.18	0	-2020.61	0	-2024.23	0	-2336.45	0	-2121.01	0	-2317.09	0	-2094.36	0	-1994.82	0	-2311.73	0	-2332.14	0
-2155.96	0	-2116.14	0	-2062.18	0	-2352.5	0	-1966.76	0	-2101.83	0	-2365.67	0	-2037.41	0	-1982.28	0	-2001.58	0	-2339.45	0	-2021.53	0	-2088.42	0	-2053.43	0	-2069.78	0	-2115.64	0	-2016.72	0	-2003.23	0	-2330.41	0	-2117.12	0	-2315.53	0	-2095.62	0	-1970.08	0	-2311.73	0	-2323.33	0
-2152.59	0	-2116.52	0	-2061.92	0	-2349.53	0	-1965.86	0	-2094.71	0	-2364.85	0	-2023.37	0	-1970.25	0	-1999.93	0	-2337.07	0	-2013.55	0	-2086.69	0	-2048	0	-2054.4	0	-2111.29	0	-2005.26	0	-2018.52	0	-2330.41	0	-2114.75	0	-2314.49	0	-2085.71	0	-1970.33	0	-2311.73	0	-2326.82	0
-2150.42	0	-2111.65	0	-2059.04	0	-2343.66	0	-1957.37	0	-2093.93	0	-2358.45	0	-2023.37	0	-1975.54	0	-1999.03	0	-2337.07	0	-2013.35	0	-2086.69	0	-2042.55	0	-2054.36	0	-2099.22	0	-2013.8	0	-2018.52	0	-2327.19	0	-2110.67	0	-2319.57	0	-2082.06	0	-1961.3	0	-2315.46	0	-2323.57	0
-2150.42	0	-2111.65	0	-2055.98	0	-2341.86	0	-1947.97	0	-2093.93	0	-2359.75	0	-2022.9	0	-1975.54	0	-1992.66	0	-2337.07	0	-2004.72	0	-2086.69	0	-2037.56	0	-2048.55	0	-2102.13	0	-1994.74	0	-1997.97	0	-2319.32	0	-2109.84	0	-2315.4	0	-2068.81	0	-1965.66	0	-2308.02	0	-2315.68	0
-2147.09	0	-2103.71	0	-2051.05	0	-2336.57	0	-1947.97	0	-2089.81	0	-2351.8	0	-2012.81	0	-1967.27	0	-1984.35	0	-2330.44	0	-2004.72	0	-2088.42	0	-2037.56	0	-2036.01	0	-2102.13	0	-2001.01	0	-1986.85	0	-2317.1	0	-2108	0	-2315.4	0	-2067.95	0	-1959.74	0	-2301.43	0	-2310.06	0
-2148.82	0	-2100.01	0	-2048.65	0	-2336.57	0	-1947.97	0	-2088.9	0	-2347.42	0	-2013.65	0	-1976.27	0	-1984.67	0	-2329.16	0	-1996.1	0	-2086.87	0	-2022.8	0	-2026.2	0	-2096.72	0	-1999.87	0	-1985.72	0	-2313.44	0	-2100.18	0	-2316.87	0	-2063.82	0	-1953.14	0	-2301.43	0	-2310.06	0
-2141.51	0	-2094.21	0	-2048.65	0	-2342.65	0	-1948.06	0	-2088.9	0	-2346.42	0	-2012.41	0	-1972.95	0	-1978.63	0	-2322.13	0	-2001.55	0	-2079.83	0	-2029.3	0	-2032.73	0	-2099.42	0	-1991.94	0	-1985.72	0	-2313.44	0	-2085.69	0	-2309.66	0	-2055.24	0	-1939.33	0	-2298.18	0	-2310.06	0
-2139.17	0	-2091.22	0	-2048.92	0	-2341.61	0	-1935.1	0	-2080.49	0	-2340.08	0	-1993.98	0	-1955.57	0	-1974.24	0	-2323.14	0	-1981.29	0	-2079.83	0	-2012.12	0	-2018.19	0	-2085.63	0	-1980.89	0	-1977.85	0	-2300.65	0	-2086.47	0	-2309.55	0	-2048.66	0	-1951.56	0	-2287.09	0	-2317.78	0
-2135.02	0	-2084.33	0	-2043.19	0	-2339.25	0	-1935.1	0	-2076.44	0	-2331.89	0	-1993.98	0	-1956.24	0	-1975.58	0	-2311.81	0	-1982	0	-2077.77	0	-2012.12	0	-2018.93	0	-2087.21	0	-1974.86	0	-1960.59	0	-2300.05	0	-2083.32	0	-2309.55	0	-2048.66	0	-1925.69	0	-2278.48	0	-2311.13	0
-2134.01	0	-2082.71	0	-2040.44	0	-2339.25	0	-1936.19	0	-2072.62	0	-2331.89	0	-1996.54	0	-1956.24	0	-1970.12	0	-2314.83	0	-1982	0	-2073.6	0	-2007.1	0	-2018.93	0	-2087.21	0	-1974.86	0	-1960.59	0	-2295.66	0	-2085.77	0	-2310.79	0	-2049.08	0	-1925.69	0	-2278.87	0	-2310.03	0
-2134.24	0	-2082.71	0	-2033.8	0	-2334.01	0	-1928.13	0	-2064.01	0	-2331.69	0	-1996.54	0	-1945.24	0	-1970.12	0	-2307.99	0	-1974.87	0	-2073.6	0	-2005.92	0	-1995.31	0	-2084.48	0	-1966.38	0	-1961.88	0	-2285.28	0	-2077.23	0	-2307.2	0	-2049.08	0	-1932.05	0	-2279.51	0	-2308.37	0
-2125.37	0	-2073.22	0	-2033.8	0	-2335.44	0	-1913.74	0	-2064.01	0	-2324.02	0	-1996.54	0	-1943.25	0	-1968.09	0	-2307.99	0	-1974.85	0	-2069.42	0	-2005.92	0	-2006.41	0	-2083.26	0	-1947.73	0	-1952.51	0	-2296.05	0	-2077.23	0	-2303.74	0	-2047.85	0	-1926.81	0	-2266.92	0	-2304.89	0
-2126.03	0	-2070.83	0	-2027.61	0	-2324.49	0	-1913.74	0	-2062.87	0	-2324.02	0	-1992.14	0	-1944.22	0	-1960.27	0	-2307.12	0	-1972.96	0	-2068.56	0	-2005.92	0	-1999.72	0	-2069.62	0	-1955.58	0	-1945.76	0	-2284.23	0	-2073.57	0	-2304.04	0	-2047.85	0	-1924.41	0	-2275.58	0	-2300.3	0
-2125.69	0	-2057.09	0	-2027.61	0	-2328.51	0	-1890.05	0	-2057.72	0	-2317.36	0	-1983.29	0	-1927.45	0	-1965.31	0	-2303.28	0	-1962.68	0	-2058.18	0	-1990.58	0	-2001.06	0	-2069.62	0	-1959	0	-1945.12	0	-2269.18	0	-2066.85	0	-2301.84	0	-2039.85	0	-1924.41	0	-2270.01	0	-2302.25	0
-2126.48	0	-2061.12	0	-2030.37	0	-2322.63	0	-1899.68	0	-2067.18	0	-2314.52	0	-1983.07	0	-1919.44	0	-1957.89	0	-2293.97	0	-1956.64	0	-2057.7	0	-1992.06	0	-1991.22	0	-2061.99	0	-1941.23	0	-1949.2	0	-2267.3	0	-2065.65	0	-2299.4	0	-2037.06	0	-1924.41	0	-2260.47	0	-2297.73	0
-2119.91	0	-2063.26	0	-2020.05	0	-2322.91	0	-1894.35	0	-2060.49	0	-2317.54	0	-1983.18	0	-1925.89	0	-1960.5	0	-2291.52	0	-1950.91	0	-2061.07	0	-1982.66	0	-1996.99	0	-2066.65	0	-1946.73	0	-1942.81	0	-2267.3	0	-2055.02	0	-2303.08	0	-2035.24	0	-1933.88	0	-2251.32	0	-2292.78	0
-2116.96	0	-2059.79	0	-2023.31	0	-2311.47	0	-1865.96	0	-2047.81	0	-2312.28	0	-1980.54	0	-1925.89	0	-1962.48	0	-2285.48	0	-1947.82	0	-2051.97	0	-1975.79	0	-1978.46	0	-2048.35	0	-1933.21	0	-1937.93	0	-2250.24	0	-2053.4	0	-2301.81	0	-2036.55	0	-1921	0	-2252.61	0	-2287.73	0
-2111.51	0	-2052.47	0	-2022.95	0	-2311.47	0	-1859.73	0	-2056.7	0	-2312.04	0	-1973.01	0	-1915.56	0	-1957.72	0	-2286.95	0	-1949.22	0	-2042.14	0	-1963.18	0	-1982.68	0	-2036.13	0	-1933.21	0	-1937.04	0	-2250.24	0	-2038.54	0	-2297.31	0	-2027.6	0	-1916.92	0	-2253.87	0	-2280.79	0
-2112.15	0	-2048.93	0	-2023.44	0	-2289	0	-1845.99	0	-2045.18	0	-2304.29	0	-1962.85	0	-1915.75	0	-1957.72	0	-2273.29	0	-1941.24	0	-2042.14	0	-1959	0	-1969.81	0	-2034.33	0	-1926.99	0	-1934.52	0	-2250.24	0	-2030.89	0	-2292.33	0	-2024.27	0	-1904.37	0	-2249.61	0	-2282.03	0
-2108.1	0	-2040.17	0	-2012.22	0	-2289.02	0	-1837.26	0	-2045.18	0	-2307.52	0	-1962.85	0	-1917.06	0	-1957.02	0	-2261.19	0	-1936.76	0	-2043.76	0	-1961.99	0	-1962.9	0	-2030.5	0	-1917.3	0	-1930.66	0	-2250.58	0	-2031.71	0	-2297.58	0	-2024.27	0	-1916.79	0	-2239.08	0	-2276.52	0
-2104.83	0	-2040.17	0	-2012.22	0	-2282.72	0	-1807.23	0	-2037.75	0	-2307.52	0	-1957.01	0	-1911.77	0	-1954.69	0	-2262.81	0	-1936.67	0	-2036.87	0	-1945.63	0	-1962.9	0	-2030.5	0	-1915.39	0	-1922.93	0	-2256.41	0	-2032.49	0	-2293.93	0	-2017.07	0	-1909.87	0	-2240.1	0	-2262.36	0
-2097.48	0	-2043.32	0	-2012.22	0	-2282.72	0	-1803.07	0	-2037.75	0	-2306.22	0	-1957.01	0	-1897.72	0	-1953.63	0	-2268.21	0	-1928.5	0	-2033.5	0	-1943.17	0	-1967.66	0	-2017.56	0	-1916.87	0	-1932.92	0	-2255.96	0	-2017.89	0	-2290.13	0	-2000.12	0	-1901.92	0	-2232.17	0	-2262.71	0
-2097.61	0	-2033.23	0	-2009.12	0	-2276.63	0	-1782.49	0	-2032.59	0	-2302.12	0	-1948.34	0	-1895.25	0	-1951.4	0	-2253.73	0	-1925.15	0	-2028.45	0	-1943.17	0	-1959.79	0	-2006.2	0	-1910.83	0	-1918.5	0	-2240.31	0	-2013.75	0	-2284.5	0	-2000.13	0	-1904.39	0	-2231.59	0	-2263.83	0
-2094.51	0	-2031.86	0	-2011.14	0	-2272.82	0	-1790.94	0	-2029.77	0	-2302.12	0	-1945.63	0	-1895.69	0	-1946.1	0	-2245.93	0	-1917.27	0	-2026.07	0	-1932.93	0	-1950.44	0	-2012.51	0	-1915.71	0	-1916.52	0	-2239.17	0	-2007.98	0	-2277.42	0	-2000.7	0	-1896.61	0	-2231.59	0	-2259.96	0
-2094.51	0	-2032.01	0	-1997.61	0	-2273.03	0	-1777.25	0	-2024.05	0	-2297.92	0	-1932.74	0	-1895.47	0	-1942.91	0	-2245.93	0	-1907.88	0	-2022.07	0	-1932.93	0	-1944.92	0	-1985.47	0	-1901.81	0	-1915.6	0	-2243.09	0	-2010.41	0	-2274.37	0	-1974.65	0	-1896.76	0	-2215.87	0	-2255.85	0
-2090.43	0	-2020.29	0	-1997.61	0	-2263.23	0	-1771.3	0	-2024.5	0	-2297.92	0	-1919.69	0	-1890.82	0	-1940.6	0	-2242.03	0	-1910.56	0	-2008.41	0	-1927.2	0	-1943.95	0	-1983.26	0	-1897.38	0	-1911.96	0	-2244.57	0	-2001.31	0	-2274.37	0	-1977.29	0	-1893.6	0	-2207.61	0	-2245.73	0
-2086.36	0	-2014.68	0	-1988.77	0	-2263.23	0	-1756.36	0	-2014.04	0	-2289.83	0	-1924.1	0	-1883.23	0	-1940.6	0	-2222.1	0	-1884.27	0	-2004.5	0	-1927.2	0	-1924.34	0	-1989.51	0	-1880.73	0	-1907.87	0	-2246.39	0	-1992.56	0	-2268.73	0	-1975.56	0	-1892.91	0	-2199.03	0	-2240.64	0
-2085.7	0	-2012.9	0	-1983.06	0	-2254.4	0	-1756.36	0	-2016.69	0	-2295.37	0	-1912.87	0	-1882.07	0	-1922.77	0	-2229.45	0	-1890.56	0	-2004.5	0	-1928.09	0	-1917.71	0	-1973.99	0	-1881.72	0	-1901.4	0	-2239.71	0	-1994.64	0	-2265.03	0	-1958.75	0	-1895.21	0	-2199.03	0	-2234.01	0
-2078.93	0	-1991.05	0	-1984.31	0	-2254.4	0	-1764.28	0	-2000.64	0	-2288.37	0	-1909.84	0	-1874.14	0	-1931.91	0	-2223.54	0	-1890.56	0	-1980.55	0	-1924.44	0	-1915.82	0	-1959.94	0	-1864.93	0	-1878.02	0	-2234.85	0	-1974.46	0	-2253.95	0	-1973.09	0	-1895.21	0	-2185.76	0	-2224.57	0
-2078.88	0	-1981.19	0	-1983.25	0	-2244.67	0	-1764.28	0	-1994.79	0	-2280.2	0	-1914.85	0	-1857.37	0	-1931.6	0	-2219.15	0	-1867.96	0	-1985.97	0	-1910.41	0	-1905.03	0	-1955.43	0	-1857	0	-1888.45	0	-2235.74	0	-1977.59	0	-2253.95	0	-1965.38	0	-1884.65	0	-2191.62	0	-2216.57	0
-2069.1	0	-1972.84	0	-1974.64	0	-2241.38	0	-1764.28	0	-1990.01	0	-2276.97	0	-1894.74	0	-1842.79	0	-1919.74	0	-2218.68	0	-1867.96	0	-1969.55	0	-1910.08	0	-1895.27	0	-1942.04	0	-1855.34	0	-1878.84	0	-2235.74	0	-1981.49	0	-2252	0	-1966.27	0	-1886.15	0	-2177.89	0	-2211.93	0
-2061.84	0	-1982.61	0	-1967.67	0	-2239.1	0	-1743.84	0	-1977.36	0	-2277.33	0	-1897.24	0	-1854.49	0	-1920.56	0	-2208.75	0	-1861.1	0	-1963.2	0	-1907.62	0	-1876.56	0	-1932.12	0	-1855.34	0	-1872.63	0	-2233.06	0	-1980.34	0	-2252.61	0	-1955.12	0	-1886.15	0	-2180.52	0	-2211.44	0
-2062.3	0	-1962.58	0	-1957.68	0	-2228.02	0	-1742.92	0	-1971.92	0	-2271.81	0	-1883.38	0	-1862.04	0	-1912.52	0	-2212.88	0	-1854.07	0	-1943.41	0	-1907.62	0	-1886.81	0	-1916.99	0	-1847.05	0	-1868.16	0	-2232.68	0	-1976.44	0	-2247.29	0	-1941.69	0	-1887.86	0	-2159.86	0	-2199.01	0
-2060.49	0	-1950.8	0	-1950.95	0	-2230.25	0	-1742.92	0	-1973.57	0	-2270.96	0	-1894.57	0	-1854.86	0	-1905.79	0	-2212.88	0	-1856.7	0	-1970.49	0	-1906.11	0	-1875.7	0	-1916.99	0	-1847.46	0	-1855.74	0	-2231.1	0	-1971.31	0	-2244.26	0	-1931.55	0	-1887.86	0	-2167.1	0	-2191.99	0
-2061.5	0	-1945.1	0	-1939.07	0	-2227.52	0	-1735.43	0	-1958.38	0	-2270.31	0	-1876.48	0	-1849.76	0	-1898.23	0	-2199.28	0	-1845.15	0	-1959.08	0	-1902.12	0	-1873.71	0	-1928.93	0	-1828.77	0	-1857.21	0	-2226.96	0	-1973.33	0	-2245.41	0	-1935.78	0	-1869.87	0	-2159.5	0	-2191.99	0
-2047.93	0	-1926.18	0	-1929.01	0	-2218.8	0	-1734.51	0	-1963.34	0	-2266.4	0	-1874.79	0	-1840.96	0	-1902.18	0	-2206.16	0	-1843.93	0	-1941.52	0	-1897.53	0	-1875.99	0	-1899.11	0	-1820.66	0	-1828.04	0	-2221.36	0	-1958.49	0	-2241.22	0	-1928.41	0	-1869.87	0	-2149.2	0	-2191.99	0
-2049.54	0	-1916.6	0	-1929.01	0	-2221.16	0	-1734.51	0	-1945.4	0	-2266.4	0	-1869.85	0	-1846.54	0	-1897.45	0	-2206.16	0	-1834.68	0	-1940.46	0	-1896.07	0	-1875.99	0	-1888.81	0	-1805.78	0	-1838.55	0	-2220.46	0	-1958.49	0	-2237.83	0	-1926.79	0	-1872.05	0	-2140.76	0	-2177.75	0
-2034.33	0	-1897.76	0	-1933.94	0	-2219.48	0	-1743.19	0	-1950.55	0	-2257.02	0	-1854.17	0	-1846.54	0	-1898.52	0	-2201.77	0	-1827.86	0	-1939.69	0	-1896.07	0	-1858.09	0	-1885.83	0	-1805.78	0	-1829	0	-2216.64	0	-1961.97	0	-2223.33	0	-1906.52	0	-1859.3	0	-2137.32	0	-2185.07	0
-2028.15	0	-1906.41	0	-1921.93	0	-2194.4	0	-1735.1	0	-1951.33	0	-2250.65	0	-1854.17	0	-1837.24	0	-1888.13	0	-2194.67	0	-1832.52	0	-1918.85	0	-1884.03	0	-1854.86	0	-1877.83	0	-1798.97	0	-1828.65	0	-2217.97	0	-1946.08	0	-2224.08	0	-1896.53	0	-1860.28	0	-2136.23	0	-2174.66	0
-2021.42	0	-1900.94	0	-1913.59	0	-2209.95	0	-1735.1	0	-1939.27	0	-2250.68	0	-1848.06	0	-1822.78	0	-1884.25	0	-2186.64	0	-1804.21	0	-1926.14	0	-1882.52	0	-1852.84	0	-1877.83	0	-1798.97	0	-1822.21	0	-2207.83	0	-1948.16	0	-2224.88	0	-1887.64	0	-1848.01	0	-2126.23	0	-2170.87	0
-2021.42	0	-1875.46	0	-1897.97	0	-2204.83	0	-1725.88	0	-1938.06	0	-2244.88	0	-1849.9	0	-1822.32	0	-1879.36	0	-2185.78	0	-1803.24	0	-1921.25	0	-1882.52	0	-1857.09	0	-1860.71	0	-1798.97	0	-1822.21	0	-2200.62	0	-1940.37	0	-2212.74	0	-1887.64	0	-1838.02	0	-2128.28	0	-2156.92	0
-2019.18	0	-1852.95	0	-1906.78	0	-2210	0	-1733.18	0	-1928.31	0	-2248.33	0	-1849.9	0	-1817.36	0	-1878.67	0	-2183.7	0	-1788.7	0	-1908.15	0	-1873.64	0	-1847.61	0	-1848.77	0	-1785.94	0	-1796.21	0	-2200.62	0	-1940.37	0	-2217.1	0	-1885.97	0	-1836.17	0	-2113.81	0	-2159.03	0
-2021.29	0	-1858.66	0	-1883.1	0	-2197.18	0	-1730.67	0	-1910.88	0	-2241.81	0	-1839.88	0	-1817.05	0	-1874.53	0	-2176.26	0	-1764.18	0	-1890.08	0	-1863.95	0	-1847.61	0	-1834.95	0	-1785.94	0	-1795.18	0	-2201.99	0	-1932.69	0	-2210.16	0	-1880.53	0	-1823.51	0	-2113.81	0	-2146.59	0
-2020.27	0	-1858.66	0	-1880.8	0	-2190	0	-1730.54	0	-1904.02	0	-2240.24	0	-1838.15	0	-1808.92	0	-1865.4	0	-2176.26	0	-1774.57	0	-1889.61	0	-1867.56	0	-1843.01	0	-1819.04	0	-1788.59	0	-1799.6	0	-2201.99	0	-1932.89	0	-2207.93	0	-1863.33	0	-1829.51	0	-2091.38	0	-2142.25	0
-2014.09	0	-1833.9	0	-1871.63	0	-2193.21	0	-1730.54	0	-1902.71	0	-2240.24	0	-1832.2	0	-1805.22	0	-1864.01	0	-2169.87	0	-1763.15	0	-1864.6	0	-1857.88	0	-1832.37	0	-1803.29	0	-1783.88	0	-1799.6	0	-2197.13	0	-1935.34	0	-2207.93	0	-1863.33	0	-1802.14	0	-2076.5	0	-2134.95	0
-2012.24	0	-1824.42	0	-1855.76	0	-2193.21	0	-1717.98	0	-1903.87	0	-2229.69	0	-1824.82	0	-1799.46	0	-1857.87	0	-2161.69	0	-1729.08	0	-1858.34	0	-1844.33	0	-1818.5	0	-1803.29	0	-1756.95	0	-1777.27	0	-2198.4	0	-1924.87	0	-2197.63	0	-1862.21	0	-1797.36	0	-2058.1	0	-2131.27	0
-1993.26	0	-1836.19	0	-1866.59	0	-2185.14	0	-1712.76	0	-1897.42	0	-2230.14	0	-1824.82	0	-1801.89	0	-1851.99	0	-2147.13	0	-1752.85	0	-1853.85	0	-1826.73	0	-1818.5	0	-1795.55	0	-1762.66	0	-1777.27	0	-2189.31	0	-1920.4	0	-2196.87	0	-1852.74	0	-1795.07	0	-2058.1	0	-2123.37	0
-2000.21	0	-1793.64	0	-1849.7	0	-2191.09	0	-1711.92	0	-1876.03	0	-2230.53	0	-1809.09	0	-1792.79	0	-1856.08	0	-2142.61	0	-1752.85	0	-1844.12	0	-1828.81	0	-1810.9	0	-1791.56	0	-1750.41	0	-1780.27	0	-2188.82	0	-1912.5	0	-2195.76	0	-1847.8	0	-1775.61	0	-2046.86	0	-2128.01	0
-1997.75	0	-1772.94	0	-1849.7	0	-2182.84	0	-1702.73	0	-1865.84	0	-2224.56	0	-1803.14	0	-1788.13	0	-1856.08	0	-2131.94	0	-1742.07	0	-1844.12	0	-1828.5	0	-1806.74	0	-1776.41	0	-1739.39	0	-1767.43	0	-2185.7	0	-1912.5	0	-2180.86	0	-1824.63	0	-1775.61	0	-2045.34	0	-2112.64	0
-1987.72	0	-1772.94	0	-1815.78	0	-2179.41	0	-1705.02	0	-1850.45	0	-2222.69	0	-1795.96	0	-1786.67	0	-1848.7	0	-2131.81	0	-1725.7	0	-1810.36	0	-1791.65	0	-1787.17	0	-1780.33	0	-1732.05	0	-1764.12	0	-2179.02	0	-1894.15	0	-2185.43	0	-1816.52	0	-1775.61	0	-2030.77	0	-2106.56	0
-1990.54	0	-1784.28	0	-1811.69	0	-2172.53	0	-1699.44	0	-1841.41	0	-2213.17	0	-1796.12	0	-1782.28	0	-1846.27	0	-2136.42	0	-1720.89	0	-1790.85	0	-1811.62	0	-1777.73	0	-1757.84	0	-1729.51	0	-1754.2	0	-2179.02	0	-1894.15	0	-2172.01	0	-1797.66	0	-1749.5	0	-2042.24	0	-2113.33	0
-1991.12	0	-1784.28	0	-1787.81	0	-2172.53	0	-1687.6	0	-1853.61	0	-2209.52	0	-1798.95	0	-1778.67	0	-1846.63	0	-2133.6	0	-1706.62	0	-1742.3	0	-1798.64	0	-1771.96	0	-1756.93	0	-1724.45	0	-1750.99	0	-2174.26	0	-1889.68	0	-2160.95	0	-1816.12	0	-1732.76	0	-2011.35	0	-2098.07	0
-1974.91	0	-1784.28	0	-1787.81	0	-2172.53	0	-1687.6	0	-1840.38	0	-2207.52	0	-1793.74	0	-1770.97	0	-1845.38	0	-2131.92	0	-1693.77	0	-1737.29	0	-1796.36	0	-1774.54	0	-1757.52	0	-1727.28	0	-1748.04	0	-2168.57	0	-1882.97	0	-2161.45	0	-1801.53	0	-1737.1	0	-2003.42	0	-2089.34	0
-1974.91	0	-1767	0	-1788.17	0	-2154.62	0	-1687.6	0	-1840.38	0	-2201.09	0	-1786.49	0	-1759.72	0	-1845.87	0	-2126.29	0	-1697.08	0	-1731.21	0	-1796.36	0	-1758.84	0	-1759.36	0	-1727.28	0	-1737.45	0	-2164.82	0	-1874.5	0	-2156.97	0	-1764.57	0	-1730.45	0	-2003.42	0	-2078.17	0
-1974.91	0	-1767	0	-1741.46	0	-2153.19	0	-1685.3	0	-1823.57	0	-2199.46	0	-1774.98	0	-1752.79	0	-1844.67	0	-2119.69	0	-1700.36	0	-1707.32	0	-1764.14	0	-1754.17	0	-1744.87	0	-1697.29	0	-1725.24	0	-2160.65	0	-1877.16	0	-2153.7	0	-1765.82	0	-1730.92	0	-1995.38	0	-2078.17	0
-1978.28	0	-1757.55	0	-1740.56	0	-2146.67	0	-1682.04	0	-1804.32	0	-2189.78	0	-1777.37	0	-1753.26	0	-1832.38	0	-2117.01	0	-1679.44	0	-1723.05	0	-1759.86	0	-1756.3	0	-1723.72	0	-1697.29	0	-1718.75	0	-2160.65	0	-1875.06	0	-2149.18	0	-1765.82	0	-1707.56	0	-1971.7	0	-2068.55	0
-1967.74	0	-1766.18	0	-1726.64	0	-2143.59	0	-1675.08	0	-1814.96	0	-2194.73	0	-1773.86	0	-1751.95	0	-1830.33	0	-2104.31	0	-1681.23	0	-1652.58	0	-1767.39	0	-1729.16	0	-1733.58	0	-1701.01	0	-1717.02	0	-2147.9	0	-1875.06	0	-2138.18	0	-1720.29	0	-1712.29	0	-1986.45	0	-2073.88	0
-1967.74	0	-1732.68	0	-1690.78	0	-2142.34	0	-1674.96	0	-1798.42	0	-2176.16	0	-1773.86	0	-1738.53	0	-1825.56	0	-2098.71	0	-1662.23	0	-1659.62	0	-1748.22	0	-1729.16	0	-1717.31	0	-1690.55	0	-1712	0	-2135.3	0	-1866.3	0	-2131.1	0	-1743.95	0	-1699.22	0	-1945.3	0	-2077.35	0
-1964.65	0	-1736.12	0	-1666.57	0	-2133.89	0	-1674.38	0	-1799.92	0	-2176.16	0	-1778.35	0	-1738.53	0	-1823.38	0	-2088.07	0	-1678.38	0	-1650.49	0	-1730.01	0	-1723.87	0	-1701.11	0	-1684.32	0	-1689.38	0	-2121.63	0	-1867.22	0	-2135.6	0	-1717.78	0	-1699.22	0	-1927	0	-2075.18	0
-1943.99	0	-1730.11	0	-1639.52	0	-2133.89	0	-1667.49	0	-1772.1	0	-2189.7	0	-1772.59	0	-1730.57	0	-1817.88	0	-2082.01	0	-1678.38	0	-1650.49	0	-1725.47	0	-1720.74	0	-1697.37	0	-1673.25	0	-1689.93	0	-2126.22	0	-1859.85	0	-2126.23	0	-1699.47	0	-1692.92	0	-1955.02	0	-2062.47	0
-1948.97	0	-1705.03	0	-1639.52	0	-2131.3	0	-1661.82	0	-1765.39	0	-2176.36	0	-1772.96	0	-1730.57	0	-1819.24	0	-2066.07	0	-1655.24	0	-1631.28	0	-1711.38	0	-1718.37	0	-1695.59	0	-1673.25	0	-1688.58	0	-2111.02	0	-1861.33	0	-2125.19	0	-1711.3	0	-1687.56	0	-1938.2	0	-2060.37	0
-1933.34	0	-1705.86	0	-1665.02	0	-2122.61	0	-1661.82	0	-1767.35	0	-2175.43	0	-1772.6	0	-1725.2	0	-1811.93	0	-2074.42	0	-1645.65	0	-1629.79	0	-1717.47	0	-1691.94	0	-1695.59	0	-1656.06	0	-1690.92	0	-2113	0	-1842.13	0	-2114.99	0	-1720.37	0	-1675.48	0	-1923.24	0	-2060.84	0
-1933.34	0	-1705.22	0	-1644.71	0	-2102.91	0	-1654.02	0	-1749.78	0	-2170.53	0	-1772.6	0	-1729.02	0	-1811.7	0	-2053.53	0	-1646.25	0	-1594	0	-1717.47	0	-1693.72	0	-1706.5	0	-1654.72	0	-1672.64	0	-2096.71	0	-1840.42	0	-2111.07	0	-1681.47	0	-1684.03	0	-1896.77	0	-2059.59	0
-1925.63	0	-1678.63	0	-1628.22	0	-2118.18	0	-1649.2	0	-1749.78	0	-2149.68	0	-1770.58	0	-1715.94	0	-1797.44	0	-2028.88	0	-1630.59	0	-1594	0	-1717.47	0	-1675.11	0	-1658.93	0	-1629.06	0	-1672.64	0	-2109.04	0	-1830.17	0	-2115.83	0	-1677.92	0	-1686.17	0	-1885.68	0	-2055.04	0
-1913.22	0	-1672.63	0	-1602.86	0	-2116.55	0	-1648.75	0	-1742.98	0	-2151.18	0	-1766.96	0	-1723.21	0	-1799.59	0	-2032.2	0	-1621.98	0	-1603.57	0	-1710.17	0	-1652.46	0	-1658.93	0	-1629.06	0	-1660.24	0	-2107.42	0	-1830.17	0	-2107.56	0	-1670.58	0	-1659.44	0	-1892.18	0	-2043.14	0
-1900.85	0	-1617.63	0	-1611.68	0	-2117.23	0	-1646.96	0	-1722.39	0	-2136.75	0	-1768.91	0	-1714.5	0	-1795.61	0	-2030.48	0	-1608.47	0	-1600.53	0	-1717.68	0	-1631.39	0	-1662.12	0	-1628.25	0	-1651.54	0	-2097.75	0	-1829.12	0	-2090.99	0	-1672.08	0	-1665.23	0	-1892.18	0	-2047.69	0
-1906.97	0	-1638.26	0	-1558.87	0	-2111.96	0	-1632.08	0	-1722.39	0	-2142.22	0	-1768.91	0	-1714.5	0	-1798.19	0	-2015.91	0	-1623.27	0	-1600.53	0	-1696.27	0	-1620.82	0	-1664.7	0	-1626.19	0	-1613.68	0	-2084.03	0	-1829.51	0	-2099.68	0	-1644.86	0	-1669.1	0	-1864.32	0	-2045.21	0
-1890.06	0	-1610.47	0	-1558.87	0	-2098.16	0	-1622.55	0	-1712.08	0	-2120.52	0	-1763.42	0	-1696.46	0	-1798.19	0	-1986.22	0	-1613.02	0	-1567.39	0	-1692.03	0	-1603.17	0	-1638.06	0	-1622.58	0	-1613.68	0	-2080.04	0	-1810.45	0	-2090.33	0	-1642.2	0	-1656.65	0	-1852.33	0	-2041.33	0
-1885.38	0	-1579.2	0	-1560.48	0	-2098.16	0	-1622.55	0	-1703.87	0	-2130.35	0	-1762.84	0	-1694.67	0	-1791.43	0	-1971.45	0	-1622.7	0	-1567.39	0	-1679.51	0	-1603.17	0	-1624.59	0	-1601.98	0	-1620.11	0	-2095	0	-1810.45	0	-2093.38	0	-1626.74	0	-1656.65	0	-1852.33	0	-2036.25	0
-1873.7	0	-1585.96	0	-1560.48	0	-2092.93	0	-1616.09	0	-1693.43	0	-2102.51	0	-1759.32	0	-1694.67	0	-1784.02	0	-1970.23	0	-1607.68	0	-1548.64	0	-1679.51	0	-1594.36	0	-1596.79	0	-1595.68	0	-1591.62	0	-2091.76	0	-1810.59	0	-2075.04	0	-1607.7	0	-1656.73	0	-1836.27	0	-2036.25	0
-1877.9	0	-1571.72	0	-1526.32	0	-2092.74	0	-1614.42	0	-1679.5	0	-2098.43	0	-1756.82	0	-1679.78	0	-1780.03	0	-1967.69	0	-1600.64	0	-1534.27	0	-1660.07	0	-1594.36	0	-1605.37	0	-1595.68	0	-1586.04	0	-2091.03	0	-1799.6	0	-2066.34	0	-1593.47	0	-1646.47	0	-1833.79	0	-2025.65	0
-1884	0	-1555.56	0	-1535.77	0	-2092.74	0	-1595.69	0	-1652.82	0	-2087.64	0	-1748.84	0	-1684.89	0	-1771.62	0	-1953.76	0	-1600.64	0	-1537.64	0	-1656.49	0	-1579.58	0	-1589.89	0	-1589.72	0	-1584.44	0	-2082.72	0	-1791.62	0	-2066.81	0	-1590.39	0	-1639.33	0	-1818.23	0	-2026.43	0
-1858.52	0	-1535.51	0	-1525.12	0	-2094.85	0	-1596.97	0	-1657.43	0	-2087.64	0	-1748.84	0	-1668.65	0	-1773.27	0	-1942.95	0	-1587.79	0	-1520.26	0	-1654.26	0	-1579.39	0	-1587.4	0	-1588.02	0	-1575.06	0	-2076.12	0	-1793.93	0	-2067.96	0	-1528.63	0	-1634.94	0	-1818.23	0	-2008.83	0
-1858.52	0	-1547.83	0	-1479.46	0	-2083.82	0	-1588.88	0	-1655.77	0	-2050.75	0	-1740.97	0	-1657.83	0	-1770.47	0	-1939.67	0	-1583.65	0	-1523.03	0	-1651.59	0	-1585.78	0	-1560.1	0	-1584.51	0	-1552.81	0	-2058.1	0	-1786.7	0	-2046.52	0	-1513.14	0	-1620.5	0	-1820.04	0	-2025.98	0
-1869.62	0	-1541.83	0	-1479.46	0	-2086.07	0	-1589.91	0	-1649.56	0	-2053.2	0	-1736.95	0	-1653.04	0	-1770.47	0	-1927.31	0	-1579.6	0	-1509.33	0	-1652.31	0	-1539.85	0	-1542.65	0	-1576.12	0	-1522.51	0	-2067.6	0	-1792.71	0	-2037.35	0	-1510.08	0	-1608.44	0	-1811.61	0	-2008.37	0
-1853.82	0	-1535.99	0	-1472.3	0	-2083.18	0	-1593.58	0	-1633.77	0	-2073.14	0	-1728.1	0	-1653.04	0	-1746.68	0	-1901.4	0	-1574.32	0	-1505.5	0	-1630.98	0	-1491.22	0	-1522.94	0	-1570.72	0	-1522.51	0	-2061.3	0	-1773.91	0	-2013.53	0	-1463.96	0	-1596.69	0	-1826.17	0	-2021.34	0
-1870.85	0	-1517.9	0	-1474.87	0	-2062.77	0	-1593.58	0	-1605.12	0	-2073.14	0	-1729.37	0	-1629.7	0	-1746.68	0	-1886.68	0	-1553.65	0	-1466.91	0	-1629.39	0	-1476.45	0	-1521.51	0	-1569.97	0	-1470.04	0	-2050.52	0	-1771.77	0	-2011.98	0	-1425.52	0	-1595.72	0	-1816.43	0	-1982.08	0
-1856.87	0	-1507.36	0	-1469.12	0	-2062.77	0	-1581.26	0	-1593.85	0	-2030.15	0	-1723.26	0	-1630.69	0	-1740.18	0	-1896.39	0	-1550.32	0	-1487.76	0	-1604.92	0	-1468.19	0	-1534.7	0	-1567.25	0	-1474.48	0	-2041.88	0	-1770.42	0	-2000.55	0	-1418.47	0	-1591.17	0	-1818.64	0	-2002.95	0
-1851.29	0	-1496.13	0	-1469.12	0	-2055.52	0	-1580.32	0	-1551.07	0	-2030.15	0	-1709.82	0	-1615.71	0	-1738.03	0	-1887.61	0	-1538.1	0	-1448.78	0	-1591.58	0	-1475.69	0	-1487.49	0	-1551.96	0	-1431.31	0	-2030.12	0	-1759.85	0	-1998.65	0	-1402.89	0	-1581.33	0	-1810.91	0	-2003.89	0
-1852.35	0	-1496.13	0	-1469.12	0	-2034.58	0	-1585.47	0	-1557.63	0	-2030.15	0	-1711.95	0	-1619.15	0	-1723.14	0	-1877	0	-1526.19	0	-1449.15	0	-1594.37	0	-1461.86	0	-1496.38	0	-1556.11	0	-1405.4	0	-2020.99	0	-1763.09	0	-1969.57	0	-1402.89	0	-1577.42	0	-1785.74	0	-1989.41	0
-1839.65	0	-1492.16	0	-1425.68	0	-2030.53	0	-1582.21	0	-1530.05	0	-2030.86	0	-1703.28	0	-1612.44	0	-1719.92	0	-1855.48	0	-1526.19	0	-1455.3	0	-1594.37	0	-1449.92	0	-1463.59	0	-1561.88	0	-1348.03	0	-2020.99	0	-1754.79	0	-1973.94	0	-1333.93	0	-1552.93	0	-1798.59	0	-1980.82	0
-1839.65	0	-1483.91	0	-1425.68	0	-2010.03	0	-1569.98	0	-1529.67	0	-2030.86	0	-1692.66	0	-1611	0	-1710.86	0	-1843.85	0	-1528.73	0	-1450.73	0	-1572.22	0	-1448.2	0	-1472.04	0	-1549.09	0	-1326.24	0	-2023.61	0	-1748.58	0	-1963.66	0	-1331.97	0	-1532.4	0	-1790.48	0	-1987.1	0
-1841.22	0	-1460.18	0	-1426.86	0	-2012.53	0	-1562.29	0	-1508.09	0	-2036.02	0	-1692.66	0	-1591.63	0	-1711.29	0	-1854.74	0	-1527.15	0	-1425.28	0	-1562.34	0	-1439.21	0	-1439.07	0	-1548.88	0	-1325.08	0	-1992.87	0	-1740.71	0	-1957.31	0	-1272.42	0	-1513.18	0	-1779.42	0	-1983.2	0
-1816.27	0	-1471.06	0	-1423.52	0	-2012.53	0	-1564.22	0	-1472.74	0	-2026.72	0	-1692.66	0	-1596.95	0	-1709.53	0	-1857.8	0	-1527.15	0	-1434.09	0	-1550.49	0	-1423.93	0	-1440.51	0	-1546.59	0	-1285.94	0	-1993.79	0	-1738.39	0	-1957.39	0	-1282.92	0	-1516.15	0	-1765.73	0	-1976.46	0
-1817.43	0	-1448.44	0	-1419.45	0	-1993.29	0	-1553.65	0	-1472.74	0	-2028.52	0	-1692.66	0	-1592.13	0	-1710.94	0	-1857.8	0	-1524.99	0	-1442.14	0	-1554.64	0	-1424.41	0	-1424.44	0	-1542.22	0	-1290.46	0	-1973.86	0	-1725.11	0	-1927.98	0	-1273.89	0	-1517.22	0	-1750.02	0	-1960.19	0
-1806.1	0	-1443.88	0	-1401.33	0	-1975.4	0	-1556.02	0	-1425.54	0	-2028.52	0	-1692.66	0	-1578.18	0	-1687.44	0	-1844.79	0	-1517.15	0	-1422.19	0	-1549.4	0	-1414.18	0	-1410	0	-1551.04	0	-1279.86	0	-1973.86	0	-1730.99	0	-1941.78	0	-1245	0	-1501	0	-1747.04	0	-1944.77	0
-1802.03	0	-1428.55	0	-1385.24	0	-1972.54	0	-1546.61	0	-1431.86	0	-2023.41	0	-1692.66	0	-1572.49	0	-1685.11	0	-1828.18	0	-1507.94	0	-1422.19	0	-1552.27	0	-1351.52	0	-1413.37	0	-1542.97	0	-1308.82	0	-1973.86	0	-1730.99	0	-1915.45	0	-1191.32	0	-1496.2	0	-1756.6	0	-1932.11	0
-1800.47	0	-1415.16	0	-1381.79	0	-1951.88	0	-1535.01	0	-1422.26	0	-1994.41	0	-1692.66	0	-1558.45	0	-1671.95	0	-1840.68	0	-1502.54	0	-1392.01	0	-1525.72	0	-1352.36	0	-1396.29	0	-1535.94	0	-1290.95	0	-1923.45	0	-1718.34	0	-1906.99	0	-1223.85	0	-1463.96	0	-1739.14	0	-1928.56	0
-1788.65	0	-1412.86	0	-1376.34	0	-1949.04	0	-1532.66	0	-1407.42	0	-2003.03	0	-1682.78	0	-1558.45	0	-1674.97	0	-1824.74	0	-1482.42	0	-1387.3	0	-1519.33	0	-1315.88	0	-1356.17	0	-1519.28	0	-1297.06	0	-1944.69	0	-1712	0	-1919.46	0	-1176.69	0	-1464.26	0	-1737.96	0	-1917.27	0
-1788.41	0	-1380.84	0	-1374.24	0	-1938.36	0	-1525.2	0	-1388.74	0	-2003.03	0	-1680.69	0	-1558.45	0	-1670.22	0	-1817.06	0	-1490.21	0	-1389.04	0	-1511.56	0	-1312.48	0	-1356.17	0	-1521.57	0	-1264.73	0	-1950.38	0	-1712	0	-1916.71	0	-1172	0	-1457.77	0	-1732.95	0	-1911.7	0
-1772.88	0	-1320.97	0	-1363.36	0	-1938.36	0	-1517.05	0	-1381.11	0	-1993.12	0	-1679.96	0	-1551.91	0	-1662.88	0	-1827.06	0	-1489.37	0	-1357.94	0	-1511.56	0	-1312.48	0	-1355.49	0	-1526.01	0	-1254.72	0	-1938.27	0	-1704.95	0	-1892.37	0	-1161.18	0	-1446.48	0	-1713.41	0	-1915.61	0
-1764.54	0	-1348.14	0	-1340.09	0	-1927.02	0	-1510.33	0	-1345.01	0	-1975.47	0	-1674.13	0	-1536.76	0	-1659.84	0	-1814.42	0	-1475.26	0	-1349.6	0	-1497.87	0	-1257.26	0	-1315.1	0	-1524.89	0	-1268.77	0	-1922.32	0	-1710.33	0	-1907.85	0	-1107.11	0	-1413.97	0	-1717.3	0	-1905.64	0
-1758.96	0	-1336.6	0	-1329.64	0	-1906.43	0	-1510.96	0	-1345.01	0	-1975.47	0	-1665.75	0	-1527.03	0	-1647.46	0	-1807.6	0	-1473.17	0	-1346.28	0	-1504.13	0	-1244.53	0	-1326.44	0	-1517.69	0	-1268.77	0	-1913.35	0	-1694.89	0	-1908.11	0	-1066.82	0	-1413.97	0	-1699.7	0	-1866.41	0
-1751.75	0	-1317.52	0	-1327.77	0	-1919.43	0	-1501.41	0	-1333.26	0	-1968.92	0	-1662.75	0	-1528.69	0	-1647.46	0	-1801.85	0	-1473.17	0	-1320.17	0	-1515.85	0	-1249.22	0	-1315.95	0	-1511.22	0	-1269.76	0	-1930.33	0	-1699.32	0	-1900.65	0	-1059.2	0	-1413.97	0	-1680.74	0	-1866.3	0
-1749.78	0	-1308.82	0	-1325.78	0	-1908.09	0	-1499.35	0	-1333.26	0	-1968.92	0	-1657.97	0	-1528.69	0	-1629.83	0	-1804.29	0	-1456.5	0	-1301.9	0	-1472.23	0	-1217.96	0	-1314.78	0	-1511.22	0	-1251.69	0	-1913.04	0	-1685.04	0	-1890.16	0	-1059.2	0	-1401.09	0	-1690.7	0	-1865.64	0
-1747.69	0	-1283.05	0	-1316.76	0	-1849.88	0	-1496.55	0	-1254.36	0	-1955.29	0	-1652.07	0	-1516.2	0	-1609.44	0	-1788.34	0	-1456.5	0	-1289.81	0	-1451.26	0	-1197.01	0	-1266.01	0	-1509.92	0	-1257.52	0	-1917.42	0	-1677.85	0	-1892.08	0	-1010.28	0	-1401.09	0	-1671.09	0	-1843.47	0
-1750.31	0	-1316.64	0	-1311.9	0	-1854.62	0	-1496.55	0	-1224.5	0	-1954.84	0	-1651.13	0	-1514.62	0	-1614.38	0	-1787.33	0	-1456.5	0	-1279.95	0	-1444.8	0	-1174.44	0	-1258.45	0	-1496.46	0	-1231.19	0	-1901.77	0	-1670.99	0	-1876.11	0	-1010.28	0	-1404.16	0	-1667.39	0	-1836.79	0
-1738.92	0	-1292.36	0	-1316.3	0	-1851.63	0	-1476.44	0	-1262.16	0	-1943.72	0	-1644.76	0	-1509.05	0	-1575.23	0	-1780.82	0	-1456.5	0	-1256.93	0	-1459.92	0	-1175.14	0	-1241.61	0	-1498.96	0	-1231.19	0	-1901.77	0	-1643.17	0	-1876.11	0	-1010.28	0	-1408.71	0	-1645.45	0	-1831.09	0
-1736.79	0	-1252.6	0	-1295.61	0	-1859.71	0	-1476.44	0	-1217.97	0	-1943.72	0	-1636.47	0	-1509.05	0	-1599.93	0	-1772.71	0	-1454.1	0	-1219.11	0	-1457.9	0	-1163.78	0	-1243.74	0	-1491.95	0	-1241.35	0	-1894.98	0	-1623.17	0	-1877.19	0	-1003.94	0	-1408.48	0	-1634.72	0	-1831.09	0
-1730.48	0	-1239.98	0	-1295.61	0	-1841.67	0	-1467.25	0	-1212.13	0	-1941.25	0	-1634.4	0	-1492.01	0	-1567.95	0	-1774.25	0	-1443.24	0	-1221.12	0	-1436.57	0	-1163.78	0	-1231.32	0	-1494.43	0	-1229.59	0	-1886.31	0	-1603.34	0	-1881.19	0	-1003.94	0	-1403.42	0	-1644.16	0	-1826.92	0
-1734.98	0	-1193.07	0	-1295.61	0	-1811.53	0	-1457.6	0	-1134.1	0	-1948.48	0	-1621.86	0	-1494.74	0	-1567.95	0	-1761.37	0	-1450.09	0	-1219.21	0	-1448.86	0	-1156.97	0	-1231.32	0	-1482.62	0	-1227.45	0	-1884.41	0	-1603.77	0	-1873.21	0	-946.925	0	-1402.5	0	-1632.43	0	-1801.4	0
-1717.91	0	-1219.94	0	-1301.59	0	-1818.82	0	-1455.69	0	-1141.25	0	-1944.61	0	-1619.34	0	-1488.47	0	-1586.45	0	-1760.6	0	-1423.83	0	-1179.87	0	-1427.08	0	-1182.54	0	-1195.67	0	-1477.49	0	-1217.94	0	-1876.37	0	-1573.57	0	-1860.47	0	-946.925	0	-1390.85	0	-1623.05	0	-1787.1	0
-1714.3	0	-1165.73	0	-1277.73	0	-1801.36	0	-1447.06	0	-1141.25	0	-1936.82	0	-1602.55	0	-1485.79	0	-1570.69	0	-1763.31	0	-1431.18	0	-1207.15	0	-1420.59	0	-1137.96	0	-1183.4	0	-1468.06	0	-1220.79	0	-1863.61	0	-1585.24	0	-1865.38	0	-924.979	0	-1391.23	0	-1617.41	0	-1797.09	0
-1695.83	0	-1149.08	0	-1271.39	0	-1812.9	0	-1446.57	0	-1136.01	0	-1919.62	0	-1608.85	0	-1479.6	0	-1573.98	0	-1751.16	0	-1433.65	0	-1180.45	0	-1416.34	0	-1140.86	0	-1191.61	0	-1468.06	0	-1219.03	0	-1864	0	-1579.2	0	-1858.8	0	-928.428	0	-1381.36	0	-1600.89	0	-1782.5	0
-1698.3	0	-1133.29	0	-1265.04	0	-1772.11	0	-1431.84	0	-1107.86	0	-1940.13	0	-1614.04	0	-1477.3	0	-1558.33	0	-1755.64	0	-1417.9	0	-1180.45	0	-1398.5	0	-1096.5	0	-1175.25	0	-1464.89	0	-1219.65	0	-1845.5	0	-1555.33	0	-1863.83	0	-909.673	0	-1382.93	0	-1605.01	0	-1780.23	0
-1698.3	0	-1128.89	0	-1259.05	0	-1747.58	0	-1406.36	0	-1073.99	0	-1921.67	0	-1610.83	0	-1471.4	0	-1565.94	0	-1750.65	0	-1430.22	0	-1116.93	0	-1398.92	0	-1091.26	0	-1133.54	0	-1455.7	0	-1210.57	0	-1823.87	0	-1548.91	0	-1847	0	-874.296	0	-1379.76	0	-1592.8	0	-1765.29	0
-1699.32	0	-1092.16	0	-1250.09	0	-1723.93	0	-1380.46	0	-1083.83	0	-1921.67	0	-1608.15	0	-1467.53	0	-1548.45	0	-1732.34	0	-1421.16	0	-1139.17	0	-1363.63	0	-1084.01	0	-1133.54	0	-1459.59	0	-1217.39	0	-1817.02	0	-1537.07	0	-1853.37	0	-839.837	0	-1378.52	0	-1563.07	0	-1765.29	0
-1696.85	0	-1087.3	0	-1234.33	0	-1734.25	0	-1398	0	-1081.8	0	-1927.89	0	-1592.14	0	-1472.61	0	-1559.29	0	-1732.34	0	-1413.9	0	-1105.39	0	-1373.36	0	-1084.01	0	-1153.72	0	-1460.51	0	-1182.34	0	-1785.67	0	-1523.86	0	-1852.21	0	-808.459	0	-1378.52	0	-1564.56	0	-1754.48	0
-1683.27	0	-1057.47	0	-1219.2	0	-1720.07	0	-1396.72	0	-1048.87	0	-1922.32	0	-1595.03	0	-1469.96	0	-1551.72	0	-1731.84	0	-1413.9	0	-1074.54	0	-1366.2	0	-1083.01	0	-1148.96	0	-1453.58	0	-1208.2	0	-1796.62	0	-1523.86	0	-1847.48	0	-805.934	0	-1366.8	0	-1557.28	0	-1742.65	0
-1682.49	0	-1035.06	0	-1194.72	0	-1694.55	0	-1382.25	0	-1046.21	0	-1919.92	0	-1573.25	0	-1475.52	0	-1540.2	0	-1724.32	0	-1409.62	0	-1081.18	0	-1366.99	0	-1049.11	0	-1155.87	0	-1454.6	0	-1176.89	0	-1772.51	0	-1509.61	0	-1834.94	0	-784.636	0	-1364.97	0	-1537.48	0	-1742.65	0
-1679.35	0	-1061.23	0	-1189.17	0	-1703.66	0	-1392.45	0	-999.012	0	-1916.32	0	-1573.69	0	-1467.45	0	-1550.77	0	-1708.52	0	-1413.02	0	-1050.66	0	-1357.74	0	-1033.64	0	-1114.12	0	-1454.6	0	-1183.79	0	-1775.19	0	-1509.61	0	-1833.26	0	-756.655	0	-1348.52	0	-1553.99	0	-1739.18	0
-1674.33	0	-1028.42	0	-1171.41	0	-1663.42	0	-1372.12	0	-948.072	0	-1903.72	0	-1571.99	0	-1463.67	0	-1543.14	0	-1703.69	0	-1405.82	0	-1033.3	0	-1351.5	0	-1009.71	0	-1131.56	0	-1451.14	0	-1171.87	0	-1745.73	0	-1502.27	0	-1833.26	0	-735.108	0	-1341.96	0	-1530.45	0	-1713.22	0
-1672.09	0	-944.625	0	-1151.08	0	-1629.51	0	-1366.24	0	-969.466	0	-1902.24	0	-1560.99	0	-1463.66	0	-1535.39	0	-1690.89	0	-1385.58	0	-1041.36	0	-1344.21	0	-962.902	0	-1101.05	0	-1447.49	0	-1177.79	0	-1741.65	0	-1502.27	0	-1824.63	0	-685.078	0	-1344.25	0	-1495.66	0	-1713.22	0
-1659.58	0	-948.891	0	-1146.17	0	-1618.14	0	-1349.79	0	-938.617	0	-1901.74	0	-1544.28	0	-1451.84	0	-1531.21	0	-1676.19	0	-1383.53	0	-1028.89	0	-1344.21	0	-981.26	0	-1091.51	0	-1446.51	0	-1150.88	0	-1732.39	0	-1502.33	0	-1815.76	0	-662.56	0	-1346.16	0	-1483.36	0	-1711.99	0
-1667.01	0	-902.465	0	-1123.04	0	-1618.14	0	-1352.26	0	-938.617	0	-1893.52	0	-1525.16	0	-1448.14	0	-1527.01	0	-1677.49	0	-1370.71	0	-985.586	0	-1344.21	0	-919.826	0	-1066.28	0	-1447.47	0	-1150.88	0	-1711.27	0	-1501.47	0	-1818.04	0	-691.7	0	-1343.01	0	-1483.36	0	-1707.15	0
-1663.07	0	-869.071	0	-1123.04	0	-1620.15	0	-1353.97	0	-894.937	0	-1892.09	0	-1493.01	0	-1449.02	0	-1521.53	0	-1678.46	0	-1372.26	0	-920.423	0	-1333.72	0	-919.253	0	-1073.31	0	-1447.47	0	-1142.77	0	-1711.27	0	-1505.09	0	-1808.07	0	-698.728	0	-1343.01	0	-1462.46	0	-1707.15	0
-1657.8	0	-852.165	0	-1080.42	0	-1629.8	0	-1333.75	0	-903.024	0	-1892.09	0	-1496.68	0	-1446.65	0	-1528.83	0	-1667.27	0	-1343.92	0	-939.848	0	-1325.07	0	-909.192	0	-1032.12	0	-1442.2	0	-1139.37	0	-1725.02	0	-1488.67	0	-1805.59	0	-671.417	0	-1330.12	0	-1463.88	0	-1688.74	0
-1650.96	0	-865.262	0	-1107.91	0	-1571.42	0	-1330.88	0	-881.13	0	-1886.94	0	-1491.18	0	-1434.93	0	-1516.07	0	-1653.46	0	-1335.04	0	-921.88	0	-1324.54	0	-894.114	0	-1031.35	0	-1437.42	0	-1135.5	0	-1705.75	0	-1490.93	0	-1803.03	0	-608.487	0	-1331.19	0	-1464.91	0	-1691.16	0
-1652.96	0	-817.22	0	-1081.38	0	-1597.36	0	-1328.15	0	-850.977	0	-1892.58	0	-1461.63	0	-1432.13	0	-1523.34	0	-1646.03	0	-1339.28	0	-867.416	0	-1322.65	0	-823.443	0	-983.547	0	-1431.95	0	-1135.5	0	-1713.34	0	-1493.05	0	-1790.52	0	-644.18	0	-1318.79	0	-1438.62	0	-1664.56	0
-1654.19	0	-703.965	0	-1029.12	0	-1586.22	0	-1328.15	0	-834.168	0	-1886.95	0	-1424.88	0	-1423.9	0	-1507.41	0	-1638.81	0	-1338.59	0	-835.209	0	-1317.98	0	-821.996	0	-1006.69	0	-1431.1	0	-1118.92	0	-1691.7	0	-1481.3	0	-1787.89	0	-603.302	0	-1312.89	0	-1423.45	0	-1682.43	0
-1639.69	0	-703.767	0	-1058.17	0	-1552.74	0	-1324.36	0	-809.205	0	-1886.95	0	-1421.55	0	-1423.47	0	-1506.87	0	-1638.81	0	-1338.59	0	-835.209	0	-1309.1	0	-762.566	0	-986.406	0	-1429.87	0	-1108.9	0	-1675.95	0	-1483.46	0	-1776.84	0	-610.449	0	-1317.14	0	-1397.84	0	-1665.56	0
-1644.67	0	-644.53	0	-1044.14	0	-1542.06	0	-1324.36	0	-792.476	0	-1883.32	0	-1402.4	0	-1411.92	0	-1502.41	0	-1635.74	0	-1318.61	0	-791.809	0	-1310.85	0	-808.278	0	-945.288	0	-1430.61	0	-1107.87	0	-1675.95	0	-1482.52	0	-1773.48	0	-615.505	0	-1305.77	0	-1354.4	0	-1666.82	0
-1638.79	0	-619.957	0	-1026.95	0	-1530.87	0	-1322.05	0	-733.27	0	-1884.79	0	-1392.73	0	-1409.87	0	-1501.59	0	-1622.62	0	-1301.99	0	-767.501	0	-1300.03	0	-773.579	0	-876.64	0	-1427.51	0	-1109.23	0	-1653.76	0	-1483.6	0	-1761.33	0	-547.116	0	-1300.63	0	-1373.88	0	-1642.51	0
-1624.16	0	-582.574	0	-1033.63	0	-1517.5	0	-1318.74	0	-696.292	0	-1873.23	0	-1345.34	0	-1389.19	0	-1499.02	0	-1619.96	0	-1296.86	0	-748.074	0	-1303.19	0	-743.882	0	-876.64	0	-1420.23	0	-1084.03	0	-1646.89	0	-1470.55	0	-1757.23	0	-566.701	0	-1288.54	0	-1347.86	0	-1647.67	0
-1631.72	0	-591.999	0	-1036.85	0	-1499.55	0	-1307.29	0	-686.615	0	-1881.02	0	-1356.26	0	-1384.21	0	-1493.8	0	-1619.96	0	-1293.81	0	-716.201	0	-1294.26	0	-732.61	0	-909.295	0	-1419.28	0	-1087.32	0	-1629.5	0	-1466.95	0	-1763.27	0	-545.33	0	-1291.32	0	-1347.86	0	-1647.67	0
-1626.08	0	-579.741	0	-1022.74	0	-1503.7	0	-1301.87	0	-649.307	0	-1879.22	0	-1357.79	0	-1384.21	0	-1481.72	0	-1610.64	0	-1297.65	0	-716.201	0	-1291.42	0	-697.162	0	-867.653	0	-1407	0	-1071.43	0	-1629.5	0	-1451.79	0	-1744.48	0	-506.605	0	-1281.7	0	-1349.54	0	-1633.7	0
-1620.72	0	-561.357	0	-977.515	0	-1459.85	0	-1299.62	0	-637.016	0	-1870.53	0	-1327.63	0	-1383.84	0	-1478.98	0	-1616.12	0	-1270.84	0	-680.411	0	-1289.9	0	-659.923	0	-875.578	0	-1407	0	-1064.25	0	-1613.52	0	-1450.88	0	-1732.9	0	-490.68	0	-1285.71	0	-1338.5	0	-1632.57	0
-1612.49	0	-563.673	0	-977.515	0	-1456.84	0	-1294.76	0	-606.335	0	-1865.16	0	-1326.63	0	-1363.67	0	-1460.23	0	-1597.57	0	-1266.84	0	-658.042	0	-1286.2	0	-652.09	0	-839.752	0	-1391.96	0	-1056.49	0	-1626.54	0	-1438.54	0	-1728.8	0	-511.15	0	-1263.34	0	-1331.22	0	-1617.55	0
-1611.07	0	-563.673	0	-975.845	0	-1415.8	0	-1276.79	0	-574.428	0	-1861.34	0	-1295.56	0	-1370.52	0	-1452.96	0	-1607.7	0	-1265.37	0	-685.424	0	-1290.83	0	-607.359	0	-803.94	0	-1388.62	0	-1040.95	0	-1626.54	0	-1431.29	0	-1719.93	0	-470.993	0	-1273.34	0	-1301.56	0	-1632.29	0
-1601.48	0	-543.356	0	-954.657	0	-1378.62	0	-1266.03	0	-541.876	0	-1857.85	0	-1275.56	0	-1363.88	0	-1451.93	0	-1599.79	0	-1265.04	0	-600.697	0	-1283.85	0	-596.633	0	-794.183	0	-1376.26	0	-1041.86	0	-1608.19	0	-1450.09	0	-1703.26	0	-466.124	0	-1265.36	0	-1311.64	0	-1625.27	0
-1604.03	0	-501.403	0	-926.998	0	-1404.23	0	-1268.02	0	-486.029	0	-1854.5	0	-1268.38	0	-1357	0	-1456.79	0	-1591.98	0	-1240.35	0	-582.406	0	-1284.89	0	-573.454	0	-769.651	0	-1374.43	0	-1061.83	0	-1572.55	0	-1436.66	0	-1702.58	0	-432.389	0	-1258.07	0	-1305.89	0	-1607.64	0
-1586.12	0	-501.403	0	-908.599	0	-1416.53	0	-1254.28	0	-533.731	0	-1849.4	0	-1262.33	0	-1357.22	0	-1426.51	0	-1589.09	0	-1236.1	0	-531.319	0	-1280.24	0	-525.604	0	-731.135	0	-1362.73	0	-1044.35	0	-1578.48	0	-1438.3	0	-1689.21	0	-458.402	0	-1258.07	0	-1312.56	0	-1616.6	0
-1588.3	0	-473.986	0	-906.716	0	-1364.02	0	-1235.43	0	-532.205	0	-1841.58	0	-1220.65	0	-1346.59	0	-1440.12	0	-1581.19	0	-1233.96	0	-532.876	0	-1277.44	0	-517.417	0	-708.309	0	-1358.38	0	-1044.67	0	-1571.25	0	-1429.67	0	-1676.38	0	-393.151	0	-1232.13	0	-1268.21	0	-1601.2	0
-1570.8	0	-411.929	0	-931.735	0	-1400.86	0	-1194.79	0	-463.431	0	-1843.97	0	-1197.7	0	-1333.63	0	-1442.24	0	-1566.66	0	-1223.08	0	-480.297	0	-1276.45	0	-479.334	0	-708.309	0	-1350.55	0	-1031.01	0	-1575.19	0	-1429.44	0	-1659.81	0	-409.327	0	-1235.3	0	-1268.21	0	-1584.98	0
-1572.78	0	-419.492	0	-856.006	0	-1342.56	0	-1189.64	0	-478.102	0	-1834.43	0	-1184.46	0	-1327.47	0	-1451.02	0	-1559.67	0	-1184.51	0	-522.092	0	-1283.38	0	-393.731	0	-729.28	0	-1356.86	0	-1009.52	0	-1577.48	0	-1412.96	0	-1662.09	0	-371.397	0	-1228.97	0	-1281.59	0	-1592.13	0
-1568.3	0	-422.125	0	-881.761	0	-1347.22	0	-1174.3	0	-421.346	0	-1825.13	0	-1173.78	0	-1323.64	0	-1455.39	0	-1559.67	0	-1192.37	0	-449.241	0	-1270.78	0	-438.234	0	-700.622	0	-1346.01	0	-993.854	0	-1565.49	0	-1416.88	0	-1638.6	0	-376.734	0	-1199.45	0	-1279.09	0	-1589.01	0
-1558.7	0	-385.829	0	-871.831	0	-1301.98	0	-1153.32	0	-421.346	0	-1831.37	0	-1173.78	0	-1314.61	0	-1445.29	0	-1543.09	0	-1184.86	0	-430.296	0	-1270.41	0	-427.939	0	-688.426	0	-1344.58	0	-986.467	0	-1571.78	0	-1425.06	0	-1615.61	0	-355.769	0	-1204.42	0	-1256.71	0	-1589.01	0
-1542.95	0	-382.616	0	-847.414	0	-1261.54	0	-1138.28	0	-435.943	0	-1825.63	0	-1173.78	0	-1296.63	0	-1449.07	0	-1538.95	0	-1149.64	0	-430.296	0	-1268.09	0	-414.972	0	-688.426	0	-1340.03	0	-968.554	0	-1559.04	0	-1418.25	0	-1602.49	0	-326.454	0	-1204.39	0	-1245.43	0	-1583.99	0
-1542.95	0	-309.102	0	-855.489	0	-1269.42	0	-1120.85	0	-370.802	0	-1819.57	0	-1164.21	0	-1289.23	0	-1441.31	0	-1535.56	0	-1131.83	0	-408.542	0	-1257.39	0	-381.531	0	-688.426	0	-1337.56	0	-970.727	0	-1564.68	0	-1409.53	0	-1589.86	0	-326.454	0	-1189.51	0	-1233.37	0	-1575.34	0
-1517.23	0	-309.102	0	-848.808	0	-1267.79	0	-1072.09	0	-372.821	0	-1819	0	-1147	0	-1294.09	0	-1443.78	0	-1534.87	0	-1116.46	0	-364.705	0	-1269.06	0	-335.984	0	-644.654	0	-1325.73	0	-948.638	0	-1547.49	0	-1399.06	0	-1579.31	0	-318.459	0	-1172.33	0	-1212.73	0	-1559.73	0
-1521.95	0	-360.166	0	-817.971	0	-1237.94	0	-1057.17	0	-318.141	0	-1807.33	0	-1129.52	0	-1243.75	0	-1442.65	0	-1534.87	0	-1101.47	0	-361.524	0	-1265.3	0	-308.628	0	-627.704	0	-1325.73	0	-940.928	0	-1562.38	0	-1399.06	0	-1582.56	0	-336.792	0	-1186	0	-1214.81	0	-1561.12	0
-1482.3	0	-321.46	0	-817.971	0	-1228.23	0	-1043.16	0	-318.141	0	-1799.97	0	-1129.52	0	-1232.88	0	-1440.47	0	-1531.61	0	-1101.56	0	-369.241	0	-1262.74	0	-339.454	0	-627.13	0	-1317.54	0	-927.372	0	-1551.9	0	-1394.9	0	-1572.63	0	-321.971	0	-1144.82	0	-1226.86	0	-1555.24	0
-1498.73	0	-347.025	0	-826.581	0	-1184.14	0	-1059.86	0	-278.971	0	-1803.14	0	-1079.38	0	-1250.11	0	-1430.19	0	-1527.27	0	-1066.89	0	-276.881	0	-1263.35	0	-304.444	0	-600.35	0	-1325.34	0	-927.372	0	-1539.93	0	-1394.9	0	-1536.46	0	-344.087	0	-1134.9	0	-1196.52	0	-1547.41	0
-1492.52	0	-277.464	0	-806.794	0	-1184.14	0	-1038.86	0	-298	0	-1797.85	0	-1077.2	0	-1231.95	0	-1420.66	0	-1518.51	0	-1029.88	0	-270.926	0	-1253.78	0	-298.119	0	-611.143	0	-1313.99	0	-935.789	0	-1534.12	0	-1397.51	0	-1527.44	0	-345.183	0	-1127.43	0	-1208.43	0	-1534.47	0
-1487.06	0	-288.119	0	-754.797	0	-1152.85	0	-1033.71	0	-310.073	0	-1794.96	0	-1074.1	0	-1200.75	0	-1448.98	0	-1499.93	0	-1045.05	0	-283.187	0	-1256.78	0	-270.228	0	-574.944	0	-1312.91	0	-928.883	0	-1505.21	0	-1390.73	0	-1500.6	0	-323.343	0	-1104.12	0	-1199.19	0	-1545.62	0
-1474.28	0	-281.44	0	-791.137	0	-1155.43	0	-1009.88	0	-299.17	0	-1794.16	0	-1067.06	0	-1176.99	0	-1444.08	0	-1501.14	0	-1021.89	0	-264.749	0	-1255.88	0	-270.228	0	-572.979	0	-1310.2	0	-903.089	0	-1513.26	0	-1399.58	0	-1480.09	0	-307.734	0	-1083.03	0	-1196.03	0	-1529.16	0
-1475.9	0	-259.166	0	-713.053	0	-1135.73	0	-1008.86	0	-245.133	0	-1781.67	0	-1056.68	0	-1127.15	0	-1434.31	0	-1500.85	0	-1021.89	0	-254.238	0	-1253.09	0	-283.897	0	-521.204	0	-1311.59	0	-920.258	0	-1500.9	0	-1393.52	0	-1457.93	0	-314.102	0	-1071.87	0	-1170.42	0	-1523.12	0
-1467.94	0	-240.12	0	-700.436	0	-1121.55	0	-977.327	0	-277.58	0	-1778.87	0	-1032.25	0	-1164.2	0	-1437.22	0	-1500.07	0	-1021.89	0	-258.59	0	-1253.09	0	-283.897	0	-526.31	0	-1314.74	0	-907.647	0	-1500.9	0	-1392.93	0	-1444.27	0	-316.574	0	-1054.72	0	-1170.48	0	-1519.03	0
-1449.3	0	-242.291	0	-723.987	0	-1039.65	0	-932.416	0	-268.658	0	-1772.01	0	-1006.24	0	-1143.52	0	-1442.44	0	-1484.66	0	-1021.89	0	-241.027	0	-1255.16	0	-256.741	0	-496.21	0	-1313.45	0	-881.552	0	-1494.52	0	-1392.93	0	-1389.11	0	-307.647	0	-1033.7	0	-1163.79	0	-1502.15	0
-1449.74	0	-210.002	0	-676.843	0	-1007.13	0	-903.507	0	-227.352	0	-1771.3	0	-1005.63	0	-1114	0	-1443.57	0	-1461.58	0	-1021.89	0	-211.344	0	-1248.71	0	-280.923	0	-518.57	0	-1309.46	0	-882.793	0	-1488.59	0	-1389.74	0	-1366.26	0	-301.113	0	-1042.51	0	-1163.06	0	-1507.04	0
-1447.87	0	-201.201	0	-676.843	0	-1022.5	0	-937.302	0	-271.823	0	-1767.88	0	-1001.27	0	-1085.1	0	-1459.26	0	-1451.04	0	-1038.23	0	-211.344	0	-1243.58	0	-235.603	0	-472.829	0	-1312.6	0	-881.925	0	-1472.41	0	-1399.01	0	-1379.34	0	-293.065	0	-1032.9	0	-1138.67	0	-1496.21	0
-1433.79	0	-220.869	0	-615.115	0	-977.391	0	-902.765	0	-237.413	0	-1766.71	0	-978.538	0	-1067.36	0	-1447.99	0	-1440.65	0	-1013.8	0	-223.668	0	-1243.58	0	-239.135	0	-464.021	0	-1306.16	0	-858.875	0	-1472.66	0	-1399.15	0	-1372.07	0	-291.554	0	-1007.74	0	-1136.07	0	-1485.3	0
-1433.79	0	-141.177	0	-669.638	0	-898.204	0	-883.175	0	-242.611	0	-1769.04	0	-956.775	0	-963.214	0	-1447.52	0	-1443.18	0	-1012.74	0	-220.865	0	-1240.73	0	-233.991	0	-444.354	0	-1313.62	0	-852.821	0	-1476.6	0	-1391.19	0	-1309.49	0	-281.933	0	-986.874	0	-1087.03	0	-1469.99	0
-1424.43	0	-126.564	0	-628.237	0	-944.4	0	-881.307	0	-234.299	0	-1752.53	0	-905.948	0	-1011.87	0	-1438.76	0	-1406.96	0	-1012.58	0	-206.335	0	-1237.26	0	-233.991	0	-439.931	0	-1312.13	0	-834.327	0	-1465.41	0	-1401.22	0	-1290.65	0	-281.933	0	-986.595	0	-1111.45	0	-1473.69	0
-1396.5	0	-154.901	0	-621.284	0	-904.455	0	-881.307	0	-221.299	0	-1744.78	0	-905.948	0	-1011.87	0	-1437.6	0	-1435.75	0	-1018.53	0	-219.683	0	-1237.36	0	-219.812	0	-441.84	0	-1311.94	0	-846.584	0	-1448.95	0	-1399.95	0	-1260.13	0	-267.565	0	-971.707	0	-1098.71	0	-1465.39	0
-1406.8	0	-173.401	0	-617.456	0	-792.294	0	-856.392	0	-221.299	0	-1735.61	0	-901.792	0	-941.086	0	-1437.6	0	-1396.41	0	-1004.85	0	-218.158	0	-1229.28	0	-204.791	0	-419.373	0	-1318.19	0	-798.694	0	-1448.95	0	-1401.88	0	-1304.52	0	-264.769	0	-960.738	0	-1090.07	0	-1458.3	0
-1402.51	0	-154.481	0	-602.746	0	-767.64	0	-861.325	0	-205.236	0	-1732.48	0	-908.578	0	-968.264	0	-1431.59	0	-1398	0	-1000.14	0	-202.044	0	-1231.13	0	-225.771	0	-400.727	0	-1316.95	0	-798.694	0	-1440.78	0	-1406.46	0	-1240.91	0	-219.31	0	-960.738	0	-1084.02	0	-1448.92	0
-1393.89	0	-154.481	0	-583.83	0	-699.646	0	-866.104	0	-196.491	0	-1733.12	0	-896.167	0	-922.457	0	-1425.17	0	-1374.37	0	-1012.66	0	-167.429	0	-1223.56	0	-212.198	0	-389.017	0	-1320.6	0	-798.694	0	-1429.63	0	-1393.25	0	-1277.65	0	-220.352	0	-930.918	0	-1082.63	0	-1407.69	0
-1371.57	0	-124.015	0	-553.368	0	-705.618	0	-843.641	0	-190.736	0	-1722.24	0	-875.271	0	-854.305	0	-1422.26	0	-1354.22	0	-993.623	0	-163.577	0	-1221.17	0	-202.069	0	-386.563	0	-1324.87	0	-807.641	0	-1424.94	0	-1395.33	0	-1234.59	0	-228.899	0	-948.974	0	-1074.06	0	-1419.48	0
-1338.76	0	-143.987	0	-553.368	0	-689.027	0	-803.234	0	-182.61	0	-1705.56	0	-852.168	0	-862.242	0	-1433.56	0	-1348.35	0	-995.225	0	-151.712	0	-1210.57	0	-189.718	0	-383.438	0	-1324.87	0	-778.495	0	-1429.6	0	-1395.27	0	-1188.11	0	-225.09	0	-940.301	0	-1039.57	0	-1390.37	0
-1325.22	0	-119.964	0	-540.561	0	-619.778	0	-802.672	0	-176.057	0	-1705.56	0	-862.578	0	-878.967	0	-1432.01	0	-1315.77	0	-999.831	0	-160.003	0	-1207.26	0	-195.523	0	-363.959	0	-1310.59	0	-760.97	0	-1407.41	0	-1405.85	0	-1172.17	0	-213.687	0	-930.378	0	-1043.18	0	-1376.77	0
-1327.07	0	-143.307	0	-514.089	0	-619.778	0	-776.618	0	-177.207	0	-1695.64	0	-813.81	0	-845.1	0	-1416.07	0	-1270.96	0	-991.513	0	-154.843	0	-1196.8	0	-192.809	0	-374.184	0	-1330.82	0	-732.787	0	-1399.9	0	-1402.27	0	-1068.99	0	-197.201	0	-911.818	0	-1019.85	0	-1363.22	0
-1275.94	0	-93.0429	0	-498.588	0	-568.232	0	-776.618	0	-173.905	0	-1688.12	0	-837.97	0	-845.1	0	-1413.15	0	-1273.66	0	-989.001	0	-154.681	0	-1202.95	0	-175.236	0	-353.105	0	-1316.86	0	-721.946	0	-1380.68	0	-1395.53	0	-1068.99	0	-194.586	0	-893.531	0	-1011.85	0	-1338.49	0
-1261.7	0	-97.6931	0	-507.011	0	-611.434	0	-774.068	0	-171.302	0	-1671.58	0	-829.998	0	-823.181	0	-1406.39	0	-1288.62	0	-977.663	0	-145.323	0	-1189.58	0	-166.985	0	-315.67	0	-1319.01	0	-734.92	0	-1380.68	0	-1401.17	0	-1115.37	0	-199.581	0	-903.72	0	-1015.8	0	-1343.75	0
-1215.73	0	-95.7957	0	-503.786	0	-554.19	0	-763.777	0	-177.517	0	-1641.06	0	-831.105	0	-805.807	0	-1404.01	0	-1240.69	0	-956.159	0	-128.954	0	-1178.72	0	-172.714	0	-333.148	0	-1325.26	0	-734.92	0	-1364.94	0	-1398.18	0	-1085.63	0	-200.519	0	-894.053	0	-992.171	0	-1351.85	0
-1201.14	0	-95.7957	0	-476.451	0	-612.36	0	-750.546	0	-174.652	0	-1636.72	0	-792.149	0	-812.973	0	-1397.24	0	-1223.67	0	-951.39	0	-129.685	0	-1159.35	0	-170.51	0	-297.348	0	-1325.26	0	-691.698	0	-1353.47	0	-1402.93	0	-1003.24	0	-182.303	0	-874.747	0	-999.181	0	-1318.97	0
-1151.52	0	-92.1563	0	-474.8	0	-609.797	0	-699.303	0	-170.59	0	-1611.44	0	-799.324	0	-782.994	0	-1396.23	0	-1203.45	0	-940.045	0	-129.685	0	-1177.61	0	-167.692	0	-297.271	0	-1321.87	0	-663.114	0	-1342.24	0	-1397.94	0	-1003.24	0	-187.551	0	-889.109	0	-967.34	0	-1286.69	0
-1098.75	0	-74.8494	0	-467.492	0	-551.539	0	-705.388	0	-157.762	0	-1601.96	0	-799.324	0	-775.544	0	-1386.59	0	-1207.97	0	-931.191	0	-128.19	0	-1167.55	0	-160.807	0	-283.303	0	-1311.39	0	-618.597	0	-1343.2	0	-1397.94	0	-1032.82	0	-188.632	0	-877.004	0	-948.342	0	-1310.59	0
-1092.44	0	-88.9806	0	-459.916	0	-561.779	0	-718.976	0	-151.041	0	-1536.82	0	-790.295	0	-773.241	0	-1388.82	0	-1199.62	0	-919.764	0	-116.814	0	-1152.51	0	-166.012	0	-266.997	0	-1313.31	0	-601.42	0	-1342.68	0	-1399.14	0	-1032.82	0	-172.844	0	-852.773	0	-940.315	0	-1274.06	0
-1105.72	0	-70.7692	0	-454.592	0	-515.723	0	-686.739	0	-150.699	0	-1531.65	0	-801.675	0	-757.237	0	-1382.98	0	-1175.02	0	-906.811	0	-111.041	0	-1147.66	0	-153.144	0	-266.997	0	-1310	0	-591.047	0	-1338.57	0	-1399.14	0	-994.512	0	-180.608	0	-866.176	0	-926.677	0	-1270.85	0
-1054.98	0	-49.9326	0	-433.585	0	-488.833	0	-692.231	0	-151.867	0	-1543.52	0	-785.359	0	-752.351	0	-1372.99	0	-1173.05	0	-891.866	0	-108.187	0	-1136.47	0	-150.423	0	-239.607	0	-1303.95	0	-481.599	0	-1332.4	0	-1396.03	0	-966.621	0	-178.659	0	-869.074	0	-913.324	0	-1253.65	0
-1022.68	0	-69.933	0	-427.622	0	-436.825	0	-687.246	0	-152.347	0	-1487.76	0	-770.831	0	-760.941	0	-1376.24	0	-1129.19	0	-871.524	0	-88.9426	0	-1116.95	0	-143.234	0	-227.88	0	-1301.47	0	-523.771	0	-1324.7	0	-1395.44	0	-927.806	0	-169.895	0	-851.333	0	-882.505	0	-1235.84	0
-984.214	0	-81.3424	0	-425.882	0	-436.825	0	-658.009	0	-153.545	0	-1458.13	0	-767.268	0	-730.399	0	-1369.11	0	-1119.69	0	-859.7	0	-87.1906	0	-1117.83	0	-133.762	0	-233.873	0	-1302.83	0	-466.065	0	-1319.86	0	-1395.45	0	-869.936	0	-159.735	0	-845.573	0	-858.465	0	-1228.47	0
-984.214	0	-74.3917	0	-401.796	0	-454.782	0	-638.407	0	-142.046	0	-1484.37	0	-756.068	0	-718.529	0	-1363.04	0	-1054.9	0	-821.849	0	-82.3878	0	-1105.19	0	-130.675	0	-219.108	0	-1297.61	0	-466.065	0	-1321.48	0	-1395.81	0	-869.936	0	-148.808	0	-845.654	0	-809.094	0	-1228.75	0
-940.101	0	-72.597	0	-394.675	0	-418.357	0	-641.008	0	-140.405	0	-1436.33	0	-760.819	0	-724.022	0	-1360.31	0	-1058	0	-818.096	0	-89.7008	0	-1110.84	0	-131.067	0	-223.854	0	-1300.83	0	-465.682	0	-1320.32	0	-1394.65	0	-904.497	0	-148.808	0	-846.315	0	-811.218	0	-1205.43	0
-913.837	0	-67.6037	0	-364.632	0	-389.468	0	-622.169	0	-141.632	0	-1390.38	0	-736.842	0	-725.528	0	-1353.99	0	-1022.65	0	-788.578	0	-93.728	0	-1091.9	0	-131.687	0	-189.926	0	-1293.15	0	-418.438	0	-1301.88	0	-1391.84	0	-835.469	0	-148.865	0	-845.646	0	-813.874	0	-1187.56	0
-841.325	0	-66.5407	0	-388.786	0	-389.468	0	-613.249	0	-130.519	0	-1418.55	0	-687.8	0	-730.332	0	-1333.87	0	-996.459	0	-763.971	0	-92.3605	0	-1081.67	0	-126.533	0	-224.943	0	-1288.72	0	-382.917	0	-1290.83	0	-1385.47	0	-782.046	0	-140.138	0	-834.817	0	-797.11	0	-1166.9	0
-868.44	0	-66.5407	0	-374.303	0	-394.59	0	-616.882	0	-130.476	0	-1334.7	0	-695.343	0	-715.212	0	-1333.13	0	-1010.54	0	-735.146	0	-88.9674	0	-1071.91	0	-111.483	0	-181.823	0	-1286	0	-405.288	0	-1286.26	0	-1388.1	0	-786.651	0	-128.712	0	-841.595	0	-764.489	0	-1144.24	0
-784.933	0	-59.6609	0	-378.304	0	-380.423	0	-600.712	0	-118.324	0	-1358.68	0	-689.386	0	-717.975	0	-1314.99	0	-969.105	0	-717.485	0	-73.2489	0	-1062.46	0	-126.379	0	-189.875	0	-1283.71	0	-340.855	0	-1291.59	0	-1387.28	0	-752.223	0	-128.712	0	-837.436	0	-759.234	0	-1123.49	0
-752.103	0	-63.1444	0	-341.921	0	-377.635	0	-563.19	0	-113.373	0	-1314.34	0	-665.032	0	-673.713	0	-1299	0	-964.027	0	-746.738	0	-74.332	0	-1056.75	0	-116.026	0	-158.118	0	-1281.84	0	-370.156	0	-1280.35	0	-1382.68	0	-756.932	0	-135.179	0	-827.021	0	-723.748	0	-1094.61	0
-731.528	0	-58.913	0	-340.149	0	-307.764	0	-570.4	0	-106.236	0	-1232.62	0	-579.441	0	-697.159	0	-1303.16	0	-947.381	0	-689.758	0	-65.75	0	-1042.8	0	-116.026	0	-169.443	0	-1278.23	0	-331.915	0	-1276.86	0	-1380.37	0	-775.283	0	-135.179	0	-827.087	0	-707.458	0	-1073.03	0
-708.316	0	-55.1476	0	-306.95	0	-309.944	0	-560.117	0	-106.384	0	-1272.74	0	-618.04	0	-689.68	0	-1306.9	0	-915.827	0	-671.187	0	-62.1461	0	-1042.8	0	-113.821	0	-141.834	0	-1271.01	0	-331.915	0	-1276.86	0	-1379.83	0	-729.797	0	-128.991	0	-818.457	0	-684.688	0	-1056.6	0
-666.241	0	-54.1795	0	-318.119	0	-231.875	0	-554.377	0	-91.805	0	-1250.31	0	-616.874	0	-689.76	0	-1290.24	0	-847.303	0	-681.112	0	-64.6815	0	-1042.8	0	-109.827	0	-146.038	0	-1269.02	0	-315.589	0	-1269.81	0	-1378.15	0	-705.345	0	-121.447	0	-818.457	0	-687.876	0	-1009.88	0
-682.237	0	-45.7906	0	-299.304	0	-231.875	0	-534.341	0	-91.9386	0	-1183.78	0	-553.809	0	-666.923	0	-1293.31	0	-829.007	0	-667.126	0	-69.0279	0	-1029.91	0	-108.923	0	-138.077	0	-1269.67	0	-288.732	0	-1261.74	0	-1375.39	0	-681.22	0	-122.009	0	-799.836	0	-648.469	0	-998.941	0
-677.298	0	-52.6939	0	-302.265	0	-246.173	0	-523.615	0	-91.9386	0	-1102.84	0	-579.392	0	-672.812	0	-1285.46	0	-749.587	0	-628.173	0	-65.9852	0	-1015.52	0	-106.666	0	-150.972	0	-1268.49	0	-268.105	0	-1259.88	0	-1370.05	0	-671.45	0	-119.808	0	-802.593	0	-662.271	0	-962.465	0
-675.733	0	-47.8459	0	-283.044	0	-241.559	0	-525.899	0	-89.8382	0	-1120.78	0	-547.603	0	-664.118	0	-1266.64	0	-771.146	0	-631.229	0	-63.2576	0	-1002.65	0	-97.4978	0	-114.94	0	-1263.37	0	-253.565	0	-1261.47	0	-1372.07	0	-673.771	0	-108.442	0	-795.19	0	-623.871	0	-933.027	0
-675.733	0	-45.0618	0	-270.96	0	-241.559	0	-503.933	0	-91.5354	0	-1055.96	0	-584.044	0	-655.537	0	-1262.79	0	-733.902	0	-641.065	0	-59.1093	0	-995.222	0	-98.7973	0	-109.325	0	-1264.07	0	-253.68	0	-1239.17	0	-1370.37	0	-653.083	0	-118.235	0	-782.152	0	-652.536	0	-917.601	0
-637.146	0	-45.5646	0	-247.934	0	-240.786	0	-505.914	0	-95.3017	0	-1122.04	0	-538.983	0	-644.271	0	-1264.63	0	-749.439	0	-642.082	0	-53.7978	0	-972.134	0	-84.3147	0	-129.995	0	-1259.37	0	-253.68	0	-1240.99	0	-1367.68	0	-649.467	0	-102.028	0	-781.869	0	-608.112	0	-868.741	0
-581.012	0	-40.9363	0	-232.195	0	-200.785	0	-473.73	0	-84.5553	0	-1122.04	0	-539.627	0	-645.832	0	-1246.18	0	-715.673	0	-621.108	0	-53.7978	0	-972.134	0	-81.6755	0	-117.915	0	-1257.74	0	-212.761	0	-1234.32	0	-1361.3	0	-619.902	0	-107.915	0	-774.508	0	-595.699	0	-826.769	0
-581.012	0	-40.9363	0	-242.467	0	-207.029	0	-466.461	0	-83.0382	0	-1074.21	0	-507.371	0	-653.59	0	-1240.96	0	-640.38	0	-596.631	0	-49.0261	0	-963.638	0	-79.9419	0	-117.915	0	-1248.73	0	-234.88	0	-1213.64	0	-1361.77	0	-615.045	0	-104.128	0	-774.508	0	-577.26	0	-841.052	0
-587.761	0	-45.5417	0	-206.611	0	-195.217	0	-475.354	0	-76.1548	0	-1034.49	0	-504.46	0	-631.583	0	-1247.13	0	-621.682	0	-600.092	0	-47.7139	0	-953.35	0	-78.1004	0	-107.928	0	-1236.31	0	-223.403	0	-1213.97	0	-1359.12	0	-583.265	0	-102.862	0	-769.594	0	-579.306	0	-816.305	0
-595.094	0	-39.9582	0	-194.825	0	-176.034	0	-459.41	0	-75.5526	0	-1026.81	0	-485.347	0	-635.147	0	-1219.1	0	-590.544	0	-567.227	0	-52.1495	0	-920.605	0	-82.73	0	-103.383	0	-1234.69	0	-223.403	0	-1201.41	0	-1357.31	0	-552.582	0	-101.417	0	-753.761	0	-586.587	0	-801.577	0
-579.144	0	-40.1565	0	-173.432	0	-161.262	0	-452.926	0	-75.514	0	-1000.6	0	-495.284	0	-635.44	0	-1225.93	0	-602.089	0	-567.227	0	-50.1641	0	-945.46	0	-78.0499	0	-82.6745	0	-1222.84	0	-195.089	0	-1182.93	0	-1366.37	0	-587.763	0	-101.417	0	-757.002	0	-535.978	0	-801.577	0
-560.332	0	-41.7328	0	-153.354	0	-185.503	0	-434.051	0	-80.9734	0	-999.966	0	-472.246	0	-604.256	0	-1195.74	0	-535.118	0	-571.81	0	-50.1641	0	-894.317	0	-80.4152	0	-83.8585	0	-1228.57	0	-192.971	0	-1190.59	0	-1358.15	0	-567.531	0	-92.8873	0	-755.014	0	-552.228	0	-734.859	0
-517.894	0	-40.4719	0	-161.239	0	-179.421	0	-431.127	0	-71.8894	0	-1012.06	0	-463.016	0	-586.641	0	-1200.93	0	-566.758	0	-560.809	0	-42.3529	0	-894.317	0	-73.3143	0	-76.1148	0	-1238.73	0	-203.692	0	-1159.21	0	-1361.02	0	-548.887	0	-91.1229	0	-741.312	0	-502.99	0	-674.393	0
-540.355	0	-40.4911	0	-135.168	0	-158.76	0	-413.538	0	-70.1181	0	-934.284	0	-460.502	0	-586.641	0	-1181.47	0	-519.309	0	-574.923	0	-39.2999	1.18694	-893.259	0	-73.6665	0	-77.0281	0	-1241.09	0	-181.357	0	-1150.16	0	-1359.99	0	-485.372	0	-90.381	0	-729.096	0	-539.294	0	-655.099	0
-522.006	0	-36.1489	0.688469	-110.985	0	-167.84	0	-398.814	0	-69.8871	0	-931.208	0	-466.858	0	-568.102	0	-1180.22	0	-490.684	0	-561.086	0	-39.447	1.09247	-895.508	0	-68.5104	0	-82.2148	0	-1229.79	0	-157.553	0	-1143.42	0	-1364.05	0	-458.968	0	-87.6233	0	-710.424	0	-495.412	0	-599.367	0
-514.323	0	-31.9791	0.859717	-132.357	0	-160.707	0	-402.28	0	-64.5128	0	-944.439	0	-465.171	0	-578.408	0	-1155.5	0	-490.684	0	-549.837	0	-32.6506	0.964204	-902.786	0	-67.9292	0	-69.2333	0	-1233.31	0	-171.074	0	-1119.58	0	-1361.64	0	-461.377	0	-83.5484	0	-698.658	0	-474.217	0	-618.633	0
-485.062	0	-32.0927	0.836741	-119.568	0	-157.083	0	-399.746	0	-64.5128	0	-909.996	0	-454.982	0	-583.269	0	-1160.98	0	-507.986	0	-552.666	0	-30.6425	0.93846	-860.319	0	-64.9506	0	-67.5632	0	-1233.61	0	-170.54	0	-1079.76	0	-1353.41	0	-397.787	0	-70.397	0	-691.829	0	-490.013	0	-649.652	0
-457.743	0	-32.4639	0.774037	-82.7002	0	-146.817	0	-380.421	0	-65.3403	0	-876.042	0	-454.982	0	-562.259	0	-1130.7	0	-481.442	0	-546.419	0	-20.5479	0.881584	-832.152	0	-63.0235	0	-68.2417	0	-1225.2	0	-167.302	0	-1095.78	0	-1353.41	0	-351.912	0	-72.2964	0	-679.316	0	-511.29	0	-609.776	0
-430.917	0	-30.0334	0.641541	-82.7002	0	-142.514	0	-389.905	0	-63.9812	0	-834.862	0	-416.223	0	-547.304	0	-1109.72	0	-452.916	0	-552.296	0	-23.4237	0.81121	-836.832	0	-63.8415	0	-67.6907	0	-1232.02	0	-157.551	0	-1081.83	0	-1349.5	0	-346.588	0	-66.6928	0	-659.6	0	-480.158	0	-609.453	0
-479.59	0	-30.0334	0.641541	-108.656	0	-142.514	0	-379.071	0	-65.4299	0	-875.259	0	-412.043	0	-540.041	0	-1118.44	0	-460.039	0	-548.557	0	-23.049	0.728585	-805.227	0	-62.0587	0	-61.3177	0	-1230.44	0	-138.752	0	-1059.01	0	-1339.78	0	-333.236	0	-57.4132	0	-628.445	0	-493.578	0	-616.548	0
-438.065	0	-31.1787	0.598751	-74.4757	0	-142.554	0	-382.546	0	-61.3435	0	-840.058	0	-432.293	0	-514.518	0	-1091.57	0	-436.921	0	-542.901	0	-25.4925	0.708927	-806.839	0	-60.966	0	-52.1486	0	-1221.15	0	-159.282	0	-1070.44	0	-1336.93	0	-323.45	0	-57.5244	0	-628.445	0	-459.762	0	-558.108	0
-428.042	0	-31.4731	0.544761	-88.8406	0	-128.138	0	-382.546	0	-61.1693	0	-802.913	0	-405.541	0	-497.517	0	-1067.27	0	-378.901	0	-533.279	0	-22.6455	0.65515	-795.713	0	-54.2797	0	-64.7089	0	-1228.73	0	-138.256	0	-1048.17	0	-1340.13	0	-318.629	0	-51.6819	0	-609.377	0	-445.335	0	-576.787	0
-389.803	0	-29.1427	0.508793	-83.6515	0	-139.143	0	-374.298	0	-57.1073	0	-803.739	0	-413.825	0	-474.701	0	-998.274	0	-410.496	0	-533.635	0	-20.6781	0.625247	-786.38	0	-54.2797	0	-50.2392	0	-1209.65	0	-146.574	0	-1060.67	0	-1336.73	0	-295.982	0	-40.4641	2.63408	-604.584	0	-466.695	0	-567.622	0
-421.766	0	-28.8406	0.487424	-81.3452	0	-139.143	0	-361.662	0	-57.7847	0	-778.845	0	-384.082	0	-462.596	0	-998.274	0	-341.378	0	-526.796	0	-24.6168	0.590591	-772.665	0	-53.098	0.358266	-51.7634	0	-1206.11	0	-136.543	0	-992.838	0	-1325.35	0	-283.42	0	-51.1027	0	-573.611	0	-470.177	0	-536.872	0
-417.63	0	-28.8323	0.434856	-69.4972	0	-127.211	0	-361.535	0	-58.2999	0	-748.208	0	-379.111	0	-452.62	0	-1036.72	0	-365.176	0	-528.686	0	-20.6571	0.550667	-750.397	0	-53.7337	0	-52.4326	0	-1206.11	0	-138.002	0	-1026.21	0	-1326.88	0	-281.067	0	-42.6632	2.17482	-572.677	0	-458.908	0	-522.91	0
-389.603	0	-28.5946	0.428667	-76.418	0	-113.601	0	-348.581	0	-58.2999	0	-713.673	0	-378.949	0	-457.36	0	-1025.43	0	-298.604	0	-511.8	0	-20.5037	0.537697	-747.38	0	-50.003	0	-42.1388	2.08131	-1206.11	0	-111.67	0	-965.449	0	-1305.46	0	-286.854	0	-44.4706	0.677327	-567.561	0	-426.788	0	-494.343	0
-375.798	0	-27.3512	0.412547	-68.7026	0	-111.566	0	-348.279	0	-55.9371	0	-706.689	0	-376.912	0	-431.588	0	-997.73	0	-298.604	0	-505.603	0	-23.4452	0.526361	-719.337	0	-50.5544	0	-42.9102	0	-1208.25	0	-112.77	0	-966.26	0	-1293.91	0	-253.29	0	-36.712	2.02073	-528.625	0	-417.034	0	-503.003	0
-375.798	0	-25.3996	0.346741	-68.937	0	-111.566	0	-339.154	0	-48.3082	0	-725.844	0	-385.764	0	-446.556	0	-999.927	0	-300.963	0	-512.03	0	-23.3808	0.487061	-703.798	0	-48.1687	0	-40.395	1.04672	-1203.59	0	-120.47	0	-945.196	0	-1270.22	0	-258.705	0	-40.8436	1.81075	-520.017	0	-405.736	0	-502.919	0
-376.85	0	-22.6717	0.333695	-68.3844	0	-107.455	0	-331.38	0	-52.6535	0	-666.47	0	-378.266	0	-429.459	0	-979.885	0	-269.922	0	-500.537	0	-20.5217	0.462875	-672.553	0	-43.0701	1.11972	-40.7196	1.27644	-1204.13	0	-105.309	0	-931.648	0	-1269.88	0	-245.385	0	-40.8436	1.81075	-503.241	0	-382.92	0	-505.537	0
-376.85	0	-24.0669	0.318387	-71.745	0	-106.328	0	-334.741	0	-51.1034	0	-649.848	0	-375.921	0	-420.384	0	-972.812	0	-242.8	0	-495.543	0	-21.0627	0.434485	-647.317	0	-40.4263	1.00784	-35.1603	1.19835	-1201.78	0	-109.19	0	-945.24	0	-1246.6	0	-232.262	0	-39.9605	1.73826	-491.197	0	-396.944	0	-477.38	0
-368.244	0	-21.9274	0.29335	-64.5549	0	-105.557	0	-329.063	0	-49.0086	0	-651.456	0	-358.608	0	-418.509	0	-974.045	0	-258.38	0	-479.032	0	-21.6351	0.422836	-647.239	0	-39.9901	0.981251	-31.2036	1.06834	-1195.12	0	-109.832	0	-858.154	0	-1242.02	0	-233.413	0	-33.4156	1.542	-437.94	0	-381.233	0	-453.216	0
-361.086	0	-22.396	0.238945	-71.7734	0	-101.026	0	-321.179	0	-46.487	0.660524	-626.532	0	-366.521	0	-403.777	0	-954.569	0	-243.029	0	-486.904	0	-22.1719	0.375337	-643.3	0	-41.7841	0.907611	-32.6663	1.00586	-1179.34	0	-101.481	0	-872.44	0	-1240.05	0	-230.641	0	-33.4156	1.542	-407.41	0	-385.68	0	-465.959	0
-360.022	0	-17.4333	0.202363	-66.1182	0	-92.0762	0	-324.974	0	-47.4107	0	-621.636	0	-378.651	0	-395.476	0	-936.18	0	-247.245	0	-488.332	0	-22.5032	0.372027	-639.985	0	-31.1139	0.776872	-30.2023	0.932452	-1185.49	0	-100.441	0	-847.135	0	-1218.52	0	-214.058	0	-29.9138	1.44082	-377.022	0	-387.906	0	-465.143	0
-345.372	0	-18.9875	0.194831	-60.371	0	-91.9099	0	-325.019	0	-46.4433	0	-593.725	0	-345.985	0	-387.877	0	-920.057	0	-231.697	0	-482.155	0	-22.2004	0.344497	-640.841	0	-32.0713	0.716927	-33.8583	0.888406	-1172.08	0	-93.3213	0	-838.773	0	-1180.74	0	-205.664	0	-35.7743	1.41994	-394.685	0	-371.924	0	-426.518	0
-345.372	0	-18.9875	0.194831	-58.3085	0	-86.6769	0	-318.265	0	-45.0768	0	-594.249	0	-347.338	0	-374.906	0	-888.734	0	-251.014	0	-475.218	0	-20.2143	0.300751	-641.791	0	-35.495	0.640398	-27.6495	0.69839	-1174.88	0	-87.3247	0	-757.738	0	-1178.81	0	-209.917	0	-28.839	1.30698	-383.665	0	-377.257	0	-413.541	0
-345.931	0	-20.6626	0.177206	-57.1555	0	-89.95	0	-305.561	0	-42.4854	0	-550.262	0	-350.126	0	-378.885	0	-890.518	0	-233.933	0	-474.012	0	-18.1045	0.266748	-632.926	0	-29.2556	0.608505	-25.1079	0.56366	-1175.61	0	-91.9563	0	-792.597	0	-1166.53	0	-200.916	0	-34.215	1.19356	-319.364	0	-342.059	0	-434.991	0
-330.83	0	-18.6376	0.167444	-55.3255	0	-80.4168	0	-299.702	0	-35.1548	1.00988	-548.086	0	-339.472	0	-336.932	0	-881.585	0	-226.679	0	-465.732	0	-18.3484	0.239513	-621.982	0	-29.2556	0.608505	-25.1079	0.56366	-1162.22	0	-85.1412	0	-723.126	0	-1148.31	0	-205.295	0	-30.5017	1.17039	-331.338	0	-321.653	0	-405.771	0
-330.83	0	-17.4465	0.143272	-56.2886	0	-75.3755	0	-300.285	0	-37.4019	0.869476	-499.744	0	-344.276	0	-305.792	0	-869.772	0	-226.679	0	-462.862	0	-15.4457	0.234814	-617.679	0	-29.6978	0.568106	-25.2556	0.498595	-1161.18	0	-82.6616	0	-721.647	0	-1139.55	0	-205.193	0	-24.4797	1.07566	-315.237	0	-315.953	0	-395.226	0
-320.083	0	-18.206	0.134937	-50.7123	0	-69.8248	0	-298.133	0	-39.3485	0	-505.658	0	-332.899	0	-320.939	0	-857.497	0	-202.658	0	-458.364	0	-13.8711	0.176115	-597.88	0	-24.7475	0.518247	-23.9913	0.472978	-1155.64	0	-82.6616	0	-700.422	0	-1119.78	0	-197.189	0	-30.0096	1.02989	-249.616	0	-318.1	0	-390.15	0
-305.85	0	-18.6398	0.127544	-46.6553	0	-64.6958	0	-286.961	0	-36.6565	0.817892	-476.54	0	-328.669	0	-327.571	0	-832.12	0	-161.843	0	-451.708	0	-10.0621	0.162131	-596.491	0	-24.7475	0.518247	-21.9291	0.4259	-1141.27	0	-75.5478	0	-665.165	0	-1113.55	0	-194.372	0	-29.7586	0.982841	-246.672	0	-308.48	0	-387.921	0
-305.85	0	-16.4117	0.109343	-49.2148	0	-60.2732	0	-277.869	0	-38.008	0.0124004	-464.585	0	-322.081	0	-295.351	0	-836.66	0	-172.344	0	-445.099	0	-13.6996	0.139642	-566.205	0	-28.2318	0.474247	-20.2223	0.358439	-1133.13	0	-69.5063	0	-672.66	0	-1086.07	0	-195.117	0	-27.4906	0.937449	-246.672	0	-298.586	0	-365.1	0
-292.932	0	-16.9261	0.105724	-40.034	0.957608	-57.9842	0	-275.511	0	-33.0762	0.723763	-496.408	0	-322.081	0	-279.622	0	-835.583	0	-132.784	0	-439.443	0	-13.6996	0.139642	-561.356	0	-27.5302	0.442053	-20.2223	0.358439	-1133.13	0	-66.1217	0	-649.721	0	-996.354	0	-166.784	0	-26.2604	0.899656	-210.9	0	-259.459	0	-375.054	0
-292.15	0	-17.7444	0.0928826	-37.421	1.12802	-62.8184	0	-274.708	0	-33.0762	0.723763	-484.462	0	-310.969	0	-274.989	0	-837.667	0	-150.881	0	-438.88	0	-11.8433	0.129926	-543.211	0	-28.7727	0.43414	-19.3105	0.308498	-1131.33	0	-62.9216	0	-623.54	0	-1008.71	0	-170.892	0	-29.8984	0.82217	-181.26	0	-255.618	0	-347.073	0
-267.334	0	-17.7905	0.0884227	-33.3215	1.1144	-54.1353	0	-248.675	0	-32.9797	0.695172	-473.381	0	-324.27	0	-264.563	0	-801.55	0	-150.793	0	-431.301	0	-11.3973	0.107293	-522.856	0	-24.0686	0.395238	-21.9573	0.27048	-1129.31	0	-62.3482	0	-624.8	0	-945.685	0	-163.947	0	-27.1803	0.776113	-160.762	0	-246.314	0	-337.047	0
-272.309	0	-16.6729	0.0842077	-28.1056	0.933098	-53.1017	0	-248.675	0	-32.4565	0.678997	-450.939	0	-317.279	0	-273.955	0	-775.56	0	-150.793	0	-431.301	0	-8.57094	0.103053	-542.51	0	-27.9279	0.372238	-21.9573	0.27048	-1121.12	0	-62.3482	0	-593.214	0	-924.483	0	-163.947	0	-28.7766	0.744358	-190.049	0	-241.634	0	-343.624	0
-239.782	0	-17.3828	0.0611367	-28.1056	0.933098	-51.2936	0	-258.631	0	-32.8415	0.630166	-426.752	0	-309.213	0	-247.29	0	-752.738	0	-145.569	0	-412.899	0	-5.3949	0.0762348	-510.219	0	-24.7532	0.344403	-20.4689	0.246561	-1118.46	0	-55.3697	0	-572.331	0	-941.09	0	-165.293	0	-26.5218	0.739235	-165.493	0	-230.366	0	-335.426	0
-240.409	0	-17.3828	0.0611367	-29.8105	0.809306	-39.0073	0	-254.277	0	-30.133	0.585777	-440.022	0	-317.762	0	-262.176	0	-727.121	0	-130.754	0	-401.146	0	-7.52504	0.0740473	-503.032	0	-27.0467	0.310175	-19.5001	0.234923	-1114.56	0	-55.3697	0	-520.938	0	-910.592	0	-156.171	0	-30.8673	0.725402	-199.336	0	-228.969	0	-307.146	0
-218.405	0	-17.0827	0.0592961	-35.0161	0.790307	-30.8408	0.344904	-255.703	0	-31.2092	0.580338	-401.883	0	-301.93	0	-238.759	0	-757.882	0	-123.287	0	-395.563	0	-6.27162	0.0636075	-505.049	0	-24.0523	0.270795	-19.6099	0.222097	-1114.56	0	-48.1484	0	-531.191	0	-918.004	0	-151.848	0	-32.3144	0.675479	-180.565	0	-218.418	0	-302.947	0
-195.154	0	-15.5674	0.0507604	-28.2998	0.713955	-24.4763	0.344763	-250.902	0	-30.3761	0.540211	-406.761	0	-304.81	0	-235.44	0	-713.61	0	-114.601	0	-355.622	0	-5.77791	0.053698	-500.156	0	-24.0523	0.270795	-17.8474	0.210109	-1109.96	0	-49.6998	0	-515.565	0	-901.609	0	-146.962	0	-27.4949	0.630203	-160.995	0	-222.821	0	-294.143	0
-209.675	0	-15.5674	0.0507604	-27.235	0.663357	-31.7483	0.319843	-244.313	0	-28.4505	0.513029	-376.281	0	-302.837	0	-235.44	0	-702.939	0	-124.228	0	-347.759	0	-2.34112	0.0489039	-471.448	0	-23.3228	0.219574	-21.3403	0.206393	-1107.84	0	-50.8506	0	-513.158	0	-884.308	0	-136.172	0	-32.5333	0.605859	-144.581	0	-218.588	0	-298.866	0
-209.431	0	-15.6791	0.04799	-28.235	0.59865	-29.7085	0.277598	-242.275	0	-27.9948	0.479888	-359.828	0	-300.442	0	-218.027	0	-690.758	0	-115.47	0	-326.412	0	-3.63623	0.044428	-454.063	0	-25.172	0.19361	-17.6592	0.146497	-1105.33	0	-45.6503	0	-500.204	0	-871.891	0	-142.375	0	-30.48	0.579288	-159.634	0	-198.852	0	-276.484	0
-169.753	0	-15.9457	0.0440472	-22.5716	0.512	-26.2435	0.259603	-239.176	0	-28.4692	0.466509	-375.425	0	-291.077	0	-221.084	0	-641.079	0	-116.592	0	-295.09	0	-4.47186	0.0404825	-466.197	0	-25.563	0.177492	-17.6592	0.146497	-1106.54	0	-43.8144	1.03199	-480.851	0	-868.004	0	-124.024	0	-30.4821	0.559385	-158.354	0	-164.456	0	-265.709	0
-196.72	0	-16.2767	0.0397732	-24.4792	0.479477	-31.5305	0.23355	-240.387	0	-27.0845	0.424149	-321.961	0	-289.049	0	-216.295	0	-645.047	0	-121.714	0	-286.932	0	-3.54148	0.0331679	-449.644	0	-27.5809	0.144803	-17.2711	0.113269	-1104.84	0	-43.0463	0	-466.51	0	-851.553	0	-129.382	0	-28.653	0.538666	-145.93	0	-182.106	0	-234.615	0
-181.652	0	-16.5894	0.0367927	-24.3675	0.464463	-23.8721	0.183362	-237.95	0	-25.8124	0.407824	-315.648	0	-285.077	0	-216.661	0	-653.976	0	-108.728	0	-263.66	0	-2.89354	0.0293827	-441.764	0	-27.5809	0.144803	-17.7716	0.0952102	-1104.76	0	-42.0832	0	-434.418	0	-833.924	0	-133.968	0	-29.809	0.515748	-123.377	0	-191.235	0	-231.606	0
-166.931	0	-16.0298	0.0289134	-21.0959	0.343971	-27.5462	0.175648	-241.358	0	-26.4112	0.385162	-294.194	0	-285.077	0	-208.577	0	-628.296	0	-104.523	0	-277.77	0	-3.97854	0.0277601	-441.764	0	-27.3769	0.123945	-15.7391	0.0912759	-1104.76	0	-38.4916	0.786455	-412.032	0	-798.745	0	-126.071	0	-28.4857	0.463234	-134.944	0	-175.848	0	-229.83	0
-171.652	0	-17.0384	0.0272913	-21.0959	0.343971	-24.2157	0.141331	-234.956	0	-25.8258	0.358893	-284.553	0	-282.441	0	-205.629	0	-627.028	0	-98.528	0	-231.452	0	-3.97854	0.0277601	-425.929	0	-27.3769	0.123945	-16.3174	0.0759047	-1099.86	0	-37.4272	0.886808	-408.645	0	-818.659	0	-121.644	0	-29.7802	0.449012	-118.335	0	-179.342	0	-238.982	0
-171.363	0	-17.1054	0.0249709	-17.5129	0.266688	-24.2157	0.141331	-235.638	0	-24.2673	0.321965	-278.071	0	-281.888	0	-203.053	0	-593.522	0	-79.1635	0	-215.677	0	-3.11945	0.0184465	-416.507	0	-26.8182	0.122542	-15.8925	0.0654009	-1097.46	0	-36.6697	0.765468	-383.653	0	-759.196	0	-118.078	0	-28.1035	0.421874	-115.861	0	-150.555	0	-239.84	0
-158.718	0	-16.7087	0.022247	-17.0449	0.261247	-18.9988	0.135671	-233.959	0	-25.1552	0.27189	-271.4	0	-279.346	0	-195.608	0	-600.999	0	-80.8903	0	-241.664	0	-3.11945	0.0184465	-412.541	0	-26.6851	0.110003	-16.1747	0.0623182	-1093.16	0	-36.6396	0.763926	-354.595	0	-762.859	0	-121.532	0	-27.5432	0.413217	-115.28	0	-154.928	0	-220.299	0
-150.007	0	-15.6611	0.0206223	-14.7812	0.239228	-17.9339	0.128135	-235.628	0	-22.6313	0.260097	-248.148	0	-272.997	0	-197.938	0	-583.084	0	-72.8989	0	-224.432	0	-3.11945	0.0184465	-412.541	0	-26.9196	0.0900138	-16.7336	0.0482273	-1092.5	0	-33.1777	0.732435	-323.922	0	-704.162	0	-117.884	0	-28.4541	0.37742	-115.502	0	-135.489	0	-231.997	0
-150.858	0	-16.8316	0.0177844	-16.8543	0.235178	-22.6694	0.110084	-231.253	0	-25.0996	0.225651	-258.009	0	-278.48	0	-177.615	0	-530.984	0	-77.1932	0	-212.166	0	-3.11945	0.0184465	-413.448	0	-25.7207	0.077757	-16.3184	0.0428766	-1092.5	0	-29.4743	0.640963	-308.969	0	-708.869	0	-105.211	0	-28.7274	0.365203	-119.96	0	-145.146	0	-219.923	0
-136.741	0	-16.7583	0.0149694	-14.3469	0.208681	-20.3102	0.106776	-232.06	0	-22.3158	0.202188	-228.419	0	-274.635	0	-163.667	0	-557.875	0	-72.5882	0	-203.412	0	-2.31323	0.0169026	-407.622	0	-25.3294	0.0611185	-16.5838	0.0334517	-1093.67	0	-17.8948	0.583267	-301.66	0	-713.824	0	-98.2704	0	-27.0475	0.349917	-115.709	0	-145.418	0	-219.923	0
-136.386	0	-17.153	0.0148334	-12.3369	0.191716	-19.5856	0.0939339	-230.078	0	-23.4651	0.189381	-194.359	0	-262.222	0	-163.667	0	-535.937	0	-72.1666	0	-186.343	0	-2.8246	0.0156864	-394.979	0	-25.1368	0.0604127	-16.6264	0.0311108	-1089.11	0	-19.2648	0.533668	-275.183	0	-672.96	0	-91.524	0	-27.7641	0.339855	-112.759	0	-144.293	0	-215.547	0
-122.686	0	-17.6391	0.0137134	-12.9425	0.183312	-16.3484	0.0864169	-230.16	0	-24.9089	0.181229	-189.116	0	-267.617	0	-166.662	0	-501.324	0	-63.0476	0	-160.812	0	-2.45142	0.0134342	-388.387	0	-25.194	0.0532079	-16.5386	0.0262068	-1092.45	0	-14.0221	0.359197	-252.686	0	-672.96	0	-87.7566	0	-27.9367	0.29948	-111.066	0	-134.941	0	-216.287	0
-127.666	0	-17.1837	0.0118944	-13.6211	0.172527	-20.096	0.0835804	-230.16	0	-25.314	0.163743	-173.956	0	-268.109	0	-149.521	0	-468.598	0	-61.0528	0	-188.666	0	-2.69315	0.0106243	-387.812	0	-25.2651	0.0482469	-16.1822	0.0212428	-1088.61	0	-12.4447	0.308963	-255.829	0	-674.559	0	-87.7566	0	-26.4702	0.289413	-117.367	0	-118.292	0	-207.425	0
-95.738	0	-17.2214	0.00934075	-13.4605	0.140235	-16.265	0.0713923	-228.917	0	-24.8966	0.138404	-151.701	0	-261.483	0	-143.026	0	-465.762	0	-60.9597	0	-131.31	0	-1.96964	0.00851402	-377.478	0	-25.2111	0.0447824	-15.7525	0.0198247	-1086.54	0	-12.4447	0.308963	-210.336	0	-654.075	0	-87.7566	0	-27.8916	0.274993	-110.827	0	-90.5706	0	-196.386	0
-114.793	0	-17.9222	0.00812651	-14.7889	0.132642	-14.5263	0.0702106	-228.917	0	-23.9826	0.122737	-163.734	0	-264.677	0	-134.999	0	-453.222	0	-59.0539	0	-176.978	0	-1.63015	0.00639362	-382.989	0	-24.7596	0.0407999	-15.8006	0.0157287	-1082.11	0	-9.20124	0.258203	-220.023	0	-665.073	0	-80.7552	0	-27.4693	0.252429	-107.403	0	-91.5605	0	-189.074	0
-100.814	0	-17.5429	0.00698441	-12.3578	0.119599	-13.716	0.0631659	-227.137	0	-24.3505	0.116832	-148.29	0	-264.395	0	-124.178	0	-409.766	0	-50.4037	0	-158.33	0	-1.63015	0.00639362	-373.478	0	-24.687	0.035648	-15.8508	0.0153748	-1082.11	0	-12.6666	0.248238	-213.554	0	-659.513	0	-79.7527	0	-26.9634	0.238902	-107.403	0	-92.9436	0	-174.718	0
-94.4751	0	-18.5743	0.00598049	-12.3226	0.0977207	-13.716	0.0631659	-227.137	0	-23.8763	0.0976587	-115.408	0	-264.168	0	-117.984	0	-400.251	0	-52.7851	0	-170.662	0	-1.20357	0.00447599	-378.917	0	-24.7159	0.029731	-16.5055	0.0119886	-1081.89	0	-8.12243	0.202043	-203.285	0	-655.848	0	-75.0459	0	-26.5099	0.233596	-106.378	0	-92.5699	0	-161.679	0
-93.2602	0	-17.9943	0.00566119	-12.3226	0.0977207	-14.9012	0.0548035	-221.519	0	-23.163	0.0922457	-144.167	0	-264.168	0	-114.191	0	-341.324	0	-43.8449	0	-174.5	0	-1.60856	0.00446803	-377.355	0	-24.6611	0.029156	-16.2574	0.0116936	-1082.57	0	-5.02209	0.16283	-179.577	0	-644.075	0	-73.2674	0	-25.9419	0.217234	-97.4259	0	-65.9821	0	-160.736	0
-80.5665	0	-18.6602	0.00507215	-10.2414	0.0684918	-15.7448	0.0489461	-220.233	0	-24.1556	0.0838178	-115.589	0	-262.208	0	-115.161	0	-351.48	0	-47.5332	0	-176.748	0	-1.60856	0.00446803	-372.361	0	-23.8076	0.0276777	-16.1534	0.00907586	-1078.76	0	-3.63164	0.126723	-187.716	0	-636.509	0	-68.8765	0	-26.7078	0.202104	-102.198	0	-68.5541	0	-151.045	0
-68.3336	0	-18.411	0.00482274	-9.62693	0.0674297	-13.3073	0.0440581	-217.394	0	-24.0001	0.0823319	-112.624	0	-251.105	0	-117.041	0	-288.862	0	-39.4391	0	-157.934	0	-1.17799	0.00373803	-352.233	0	-23.6315	0.0208009	-16.0944	0.00871069	-1074.68	0	-3.63164	0.126723	-161.408	0	-626.575	0	-63.4515	0	-25.0168	0.196624	-101.072	0	-74.234	0	-132.683	0
-66.4104	0	-18.5465	0.00397179	-9.62693	0.0674297	-14.293	0.0413499	-215.758	0	-23.728	0.0762513	-84.5415	0	-254.021	0	-103.561	0	-288.862	0	-37.3305	0	-143.325	0	-1.3515	0.003279	-363.676	0	-23.6315	0.0208009	-16.0944	0.00871069	-1071.95	0	-5.80121	0.106671	-125.647	0	-624.261	0	-63.5341	0	-25.5512	0.185672	-96.4347	0	-64.2693	0	-130.904	0
-64.3962	0	-18.8044	0.00319491	-8.64264	0.0623707	-11.7225	0.034028	-216.554	0	-23.6433	0.0640956	-87.7615	0	-254.779	0	-105.942	0	-314.568	0	-30.4703	0.350032	-139.955	0	-1.42754	0.00298383	-352.587	0	-24.2371	0.0181481	-15.8233	0.00867826	-1072.45	0	-3.78595	0.0821608	-137.521	0	-599.895	0	-61.048	0	-26.4364	0.163838	-93.8997	0	-44.8181	0	-130.904	0
-64.3058	0	-18.7689	0.00278034	-10.2921	0.0490065	-11.7225	0.034028	-213.567	0	-23.5694	0.0572997	-72.0922	0	-251.093	0	-105.205	0	-314.568	0	-30.7755	0.324566	-125.096	0	-1.00381	0.00284137	-345.732	0	-23.998	0.0170149	-15.7231	0.00682667	-1066.53	0	-3.37906	0.0682239	-147.314	0	-625.029	0	-54.5797	0	-25.9115	0.158053	-89.2262	0	-47.2872	0	-118	0
-62.5209	0	-18.4641	0.00235826	-10.7478	0.0432383	-13.4766	0.033143	-211.412	0	-23.1426	0.0494221	-76.8711	0	-240.305	0	-101.791	0	-259.392	0	-26.5496	0.311531	-142.642	0	-1.12809	0.00238156	-343.709	0	-24.126	0.0147577	-16.0084	0.00480481	-1063.86	0	-3.37906	0.0682239	-137.651	0	-591.036	0	-51.6797	0	-26.6333	0.147443	-81.0158	0	-42.6961	0	-110.667	0
-53.4942	0	-18.5538	0.00213091	-8.64689	0.0370407	-12.9588	0.0306782	-203.168	0	-23.5383	0.045782	-59.4082	0	-238.376	0	-101.791	0	-259.392	0	-30.6515	0.304674	-118.77	0	-1.23178	0.0023711	-341.456	0	-24.3109	0.0133067	-16.2287	0.00433097	-1057.92	0	-4.15464	0.058009	-137.898	0	-614.961	0	-52.5335	0	-26.1646	0.144329	-78.5659	0	-30.3582	0.70869	-104.353	0
-49.2553	0	-18.4936	0.00122152	-8.64689	0.0370407	-11.7243	0.0265769	-201.405	0	-22.9559	0.0373903	-80.7942	0	-225.042	0	-96.1143	0	-235.228	0	-27.6048	0.263913	-116.441	0	-1.23204	0.00210663	-328.231	0	-24.8838	0.0110746	-16.1403	0.00372498	-1053.83	0	-4.15464	0.058009	-117.339	0	-602.669	0	-54.3007	0	-26.1899	0.131212	-76.054	0	-33.1385	0.51503	-108.68	0
-31.9882	0.976351	-18.9552	0.00114555	-9.44511	0.0340536	-13.2079	0.0257742	-203.008	0	-23.2134	0.0286784	-57.359	0	-219.35	0	-90.0014	0	-258.265	0	-14.755	0.240086	-109.481	0	-1.34317	0.00210186	-329.828	0	-23.7463	0.0104952	-16.2013	0.00311638	-1049.53	0	-4.13327	0.043645	-124.904	0	-581.95	0	-52.8931	0	-26.5453	0.129289	-69.8294	0	-33.3212	0.555062	-93.8939	0
-41.6352	0	-18.755	0.000933384	-8.63873	0.0325094	-14.4924	0.0220039	-200.348	0	-22.0942	0.0215297	-64.2121	0	-214.587	0	-93.3376	0	-233.3	0	-23.861	0.206682	-112.942	0	-1.04855	0.00181884	-322.604	0	-24.6811	0.0096411	-15.8842	0.00187303	-1048.51	0	-4.13327	0.043645	-117.733	0	-582.821	0	-52.6436	0	-26.6546	0.11801	-64.522	0	-30.987	0.553393	-92.7415	0
-33.8487	0.136497	-18.436	0.000694808	-7.74171	0.0286493	-14.4924	0.0220039	-194.876	0	-22.8692	0.0200949	-60.0244	0	-206.102	0	-91.4907	0	-225.762	0	-18.4398	0.192775	-108.114	0	-1.25989	0.00164785	-311.119	0	-24.4359	0.00806949	-15.8842	0.00187303	-1044.09	0	-4.13327	0.043645	-117.733	0	-551.785	0	-47.6256	0	-26.4294	0.11099	-61.5982	0	-27.9562	0.514751	-93.3048	0
-33.8487	0.136497	-18.7273	0.000566888	-7.74171	0.0286493	-13.1719	0.0211095	-190.526	0	-22.7585	0.0141671	-45.1613	0	-198.585	0	-87.4718	0	-203.639	0	-19.5714	0.190875	-104.679	0	-1.11518	0.00159015	-308.677	0	-24.3002	0.00704075	-15.9799	0.00163367	-1043.82	0	-4.71834	0.0412601	-119.214	0	-546.886	0	-47.0977	0	-26.4305	0.108504	-53.2044	0	-27.6855	0.470853	-78.0582	0
-30.5848	0.630821	-18.7273	0.000566888	-8.66646	0.0248758	-13.1764	0.0192085	-188.766	0	-22.3839	0.0139239	-54.1395	0	-194.403	0	-83.6663	0	-187.74	0	-22.5207	0.179228	-106.804	0	-1.22651	0.00122578	-299.222	0	-23.6212	0.00647527	-15.8874	0.00140742	-1042.97	0	-3.17233	0.0344788	-118.327	0	-542.522	0	-43.754	0	-26.4834	0.0976354	-45.122	1.04883	-33.8627	0.159097	-74.6991	0
-18.9549	0.57005	-18.6351	0.000498551	-8.66646	0.0248758	-12.9867	0.0173344	-186.483	0	-22.3915	0.0110817	-47.5648	0	-171.589	0	-81.5962	0	-175.118	0	-22.7872	0.170072	-101.741	0	-1.22651	0.00122578	-287.698	0	-24.1855	0.00489904	-15.9325	0.00131972	-1036.44	0	-2.62429	0.0301508	-112.719	0	-533.42	0	-43.9388	0	-26.5868	0.0937384	-41.8972	1.17081	-29.8983	0.316044	-74.6787	0
-22.1269	0.497381	-18.6435	0.0003794	-9.10943	0.0216517	-13.1006	0.0160179	-188.007	0	-22.3915	0.0110817	-43.4375	0	-178.706	0	-81.5962	0	-180.26	0	-19.46	0.152011	-97.6802	0	-1.46355	0.00106982	-284.456	0	-24.0844	0.00487052	-16.1187	0.00117641	-1040.18	0	-4.67078	0.0246175	-113.86	0	-530.653	0	-42.9928	0	-26.7938	0.0922274	-42.4211	0.843503	-29.8983	0.316044	-66.2656	0
-19.8558	0.458637	-18.6797	0.00030825	-8.43298	0.0198397	-13.2575	0.014498	-186.395	0	-22.5822	0.00986402	-38.2083	0	-150.019	0	-78.0081	0	-159.406	0	-15.1734	0.129903	-97.6802	0	-1.47981	0.000817777	-252.493	0	-23.7976	0.00469812	-15.8376	0.000966112	-1038.05	0	-3.40211	0.0216961	-101.13	0	-530.382	0	-43.7079	0	-26.4101	0.0844598	-41.7438	0.830164	-28.6271	0.264791	-64.9631	0
-14.1034	0.421467	-18.6976	0.000305417	-8.42785	0.0186135	-12.4214	0.0131458	-186.268	0	-23.0678	0.00704092	-44.2859	0	-154.449	0	-72.9191	0	-170.993	0	-18.4461	0.127987	-93.8272	0	-1.52501	0.000806304	-252.836	0	-23.8831	0.00450198	-15.8488	0.000938657	-1034.4	0	-3.6704	0.0188457	-102.987	0	-509.643	0	-42.9923	0	-26.7763	0.0838885	-30.9929	0.711635	-30.5529	0.231286	-64.2874	0
-13.4623	0.373772	-18.756	0.000213575	-8.73152	0.0141601	-13.375	0.0117829	-184.069	0	-23.0678	0.00704092	-39.3312	0	-148.111	0	-73.1944	0	-162.663	0	-16.0478	0.116754	-86.5309	0	-1.55161	0.000687758	-248.271	0	-23.8682	0.00423225	-15.8713	0.00077352	-1033.86	0	-4.9802	0.0179672	-102.536	0	-509.643	0	-37.8316	0.0783694	-26.3747	0.076817	-29.3649	0.587542	-30.5529	0.231286	-62.7365	0
-17.3697	0.2868	-18.6965	0.000184879	-8.73152	0.0141601	-13.241	0.0112089	-179.8	0	-22.5607	0.00466014	-44.5931	0	-148.048	0	-66.4208	0	-141.907	0	-15.0317	0.108699	-83.8918	0	-1.66789	0.000647336	-234.952	0	-23.9255	0.00393031	-15.8158	0.000602487	-1032.42	0	-4.79504	0.0139051	-107.858	0	-509.643	0	-40.5051	0	-26.1759	0.0727657	-26.5477	0.514971	-30.2888	0.221291	-62.3148	0
-15.1282	0.261668	-18.8452	0.000160435	-8.75174	0.0133784	-13.3679	0.00974094	-176.582	0	-22.5607	0.00466014	-39.1731	0	-148.048	0	-70.9328	0	-131.214	0	-15.9782	0.0975755	-79.5466	0	-1.6868	0.000638571	-230.139	0	-24.0966	0.00363524	-15.9549	0.000602471	-1026.46	0	-4.86318	0.0134552	-103.678	0	-503.029	0	-38.4028	0	-26.3431	0.0709954	-16.1121	0.424181	-28.4934	0.204409	-58.3572	0
-10.6573	0.190124	-18.7649	0.000122675	-8.74412	0.0112555	-13.2865	0.0093346	-176.709	0	-22.5607	0.00466014	-33.4652	0.195206	-132.166	0	-65.4588	0	-119.727	0	-13.7174	0.0787506	-78.5505	0	-1.6837	0.000587217	-223.509	0	-24.0844	0.00355615	-15.8767	0.00056067	-1022.73	0	-5.13409	0.0115794	-95.206	0	-493.562	0	-40.5918	0	-26.3199	0.0647018	-20.1202	0.374027	-22.2382	0.186836	-57.2955	0
-10.6573	0.190124	-18.7652	0.000119611	-9.18919	0.00929545	-12.9517	0.00860508	-173.855	0	-23.1294	0.00356061	-38.6209	0	-130.304	0	-64.7969	0	-102.221	0	-14.7743	0.0749877	-74.6843	0	-1.78423	0.000486974	-224.534	0	-23.9743	0.00344767	-15.9311	0.000504416	-1014.31	0	-4.70895	0.00769428	-96.1169	0	-490.657	0	-38.5761	0.201456	-26.1864	0.0627393	-9.31838	0.308003	-23.14	0.185014	-56.4958	0
-9.14993	0.177244	-18.8554	0.000106837	-8.94043	0.00908171	-12.983	0.00777958	-171.037	0	-23.1294	0.00356061	-30.2149	0.298663	-133.523	0	-63.405	0	-110.622	0	-13.1476	0.0688986	-70.6797	0	-1.74448	0.000464873	-215.737	0	-23.9346	0.00302697	-15.8591	0.000447696	-1002.54	0	-4.70895	0.00769428	-94.9388	0	-484.5	0	-36.0091	0.233345	-25.8653	0.0611039	-5.61478	0.281838	-23.694	0.165592	-55.4513	0
1.28427	0.146283	-18.8422	0.000101654	-8.37328	0.00834577	-13.0466	0.00748685	-167.727	0	-23.1532	0.00264036	-28.0394	0.262262	-126.243	0	-63.405	0	-110.267	0	-11.7396	0.0601625	-66.8198	0	-1.71558	0.000407509	-216.109	0	-23.9207	0.00260452	-15.7808	0.000372971	-991.124	0	-4.99878	0.00701256	-96.6893	0	-478.407	0	-36.3172	0.127492	-25.911	0.0578626	-7.77607	0.259291	-20.3632	0.133884	-52.7317	0
-3.71975	0.131641	-18.6782	6.70187e-07	-9.08208	0.00749125	-13.2062	0.00720781	-168.091	0	-23.1532	0.00264036	-25.8595	0.227262	-118.925	0	-61.0208	0	-111.178	0	-12.5622	0.0569758	-66.9675	0	-1.84309	0.000374332	-206.583	0	-23.8278	0.00232898	-15.8414	0.000329558	-985.415	0	-4.70057	0.00581368	-95.6944	0	-478.695	0	-33.9341	0.185965	-25.6564	0.056552	-13.4258	0.232705	-17.728	0.118136	-54.8065	0
-1.70987	0.114052	-18.6782	6.70187e-07	-9.05444	0.00601868	-13.3215	0.00656881	-162.748	0	-23.1532	0.00264036	-26.208	0.197079	-111.55	0	-57.2957	0	-92.4984	0	-9.14649	0.0477367	-60.1267	0	-1.87077	0.000362776	-207.42	0	-23.7532	0.00210116	-15.8829	0.00024501	-960.733	0	-4.72881	0.00516811	-94.1957	0	-468.266	0	-34.0233	0.193912	-25.516	0.050675	-8.15887	0.206745	-17.728	0.118136	-51.0297	0
-5.64491	0.103215	-18.6782	6.70187e-07	-9.15574	0.00541175	-13.3215	0.00656881	-160.003	0	-23.0435	0.00238183	-25.6086	0.176059	-117.996	0	-60.9227	0	-92.4984	0	-10.7365	0.0446755	-64.828	0	-1.88508	0.000313816	-205.485	0	-23.7442	0.00199407	-15.81	0.000193184	-940.646	0	-5.07274	0.00443994	-92.6858	0	-470.165	0	-32.0173	0.18022	-25.516	0.050675	-4.19501	0.16723	-18.0106	0.103341	-51.6668	0
-1.25754	0.0845117	-18.6429	6.33102e-07	-8.61568	0.00512594	-12.9252	0.00626037	-152.876	0	-23.0248	0.00210066	-22.6225	0.170273	-116.838	0	-57.602	0	-92.2928	0	-11.3803	0.0416474	-56.8241	0.449443	-1.87566	0.000291526	-198.646	0	-23.5771	0.00172374	-15.81	0.000193184	-929.717	0	-4.7779	0.00431295	-90.888	0	-457.939	0	-29.74	0.173374	-25.8724	0.0470058	-3.44792	0.126644	-18.0048	0.0994007	-46.4084	0
-1.79365	0.0747382	-18.6276	6.17497e-07	-9.13481	0.00396949	-12.7934	0.0056934	-150.358	0	-23.2902	0.00186201	-26.6447	0.150677	-115.198	0	-55.0304	0	-86.2651	0	-9.09083	0.0322565	-55.2881	0	-1.93729	0.000230963	-196.935	0	-23.4429	0.001451	-15.7514	0.000171721	-923.683	0	-4.62925	0.00349243	-86.6282	0	-456.966	0	-32.0381	0.159183	-25.6999	0.0437895	-4.64151	0.101527	-13.6589	0.0820898	-50.6211	0
3.65979	0.0679883	-18.6083	5.98747e-07	-9.19049	0.00298014	-12.877	0.005325	-146.78	0	-23.3072	0.00164984	-23.392	0.131723	-116.448	0	-53.028	0	-96.5565	0	-8.3499	0.0305033	-52.8587	0.852142	-1.95819	0.000206881	-200.914	0	-23.5358	0.00130515	-15.7557	0.000121526	-913.115	0	-4.48023	0.00305688	-83.2532	0	-448.821	0	-31.1602	0.143789	-25.9433	0.0385497	-4.68741	0.0767483	-12.1235	0.0753541	-47.4146	0
4.95962	0.0670047	-18.5957	5.86589e-07	-9.39939	0.00252001	-12.7216	0.00513037	-144.364	0	-23.2496	0.00141404	-20.4954	0.110385	-107.672	0	-50.4074	0	-85.4641	0	-8.16894	0.0260369	-47.9423	0.931919	-1.874	0.000196356	-193.382	0	-23.3726	0.00119226	-15.7557	0.000121526	-883.922	0	-4.42718	0.00244665	-83.2701	0	-439.403	0	-29.2296	0.131494	-25.8019	0.0323795	-1.00494	0.0756407	-10.2653	0.0581986	-48.1542	0
3.13485	0.060438	-18.5583	5.52156e-07	-9.29161	0.00224595	-12.8076	0.00500379	-144.412	0	-23.1898	0.00133003	-20.9768	0.106569	-99.0908	0	-46.1324	0	-82.535	0	-7.41872	0.0216207	-46.3666	0.893212	-1.95648	0.0001672	-182.847	0	-23.4916	0.00110573	-15.6971	0.000114087	-870.66	0	-4.29844	0.00210995	-82.5254	0	-439.111	0	-26.9041	0.116982	-25.6634	0.0305241	-5.33242	0.0519446	-12.2285	0.054769	-46.4229	0
3.86974	0.0447615	-18.5311	5.28262e-07	-9.08465	0.00185589	-12.7525	0.00484707	-138.996	0	-23.2742	0.00123659	-20.173	0.0932723	-96.5209	0	-45.8474	0	-86.9345	0	-7.39778	0.0198211	-45.0877	0.83039	-1.96301	0.000134374	-189.861	0	-23.4495	0.000983108	-15.7927	0.000108816	-859.993	0	-4.29844	0.00210995	-84.0664	0	-435.797	0	-26.8031	0.104934	-25.4451	0.0304081	-4.04958	0.0474568	-11.1052	0.05088	-44.6576	0
1.23546	0.0445128	-18.512	5.12246e-07	-8.77771	0.00142097	-12.9875	0.00437385	-136.679	0	-23.2742	0.00123659	-17.5372	0.0879957	-86.8466	0	-45.2584	0	-85.8646	0	-6.13644	0.0157922	-47.3986	0.711887	-1.96849	0.000130559	-175.597	0	-23.3917	0.000923539	-15.5584	2.78278e-09	-829.686	0	-4.29844	0.00210995	-77.3306	0	-425.282	0	-26.3277	0.088163	-25.5643	0.0265597	-4.43783	0.0414846	-9.06511	0.0426633	-44.5585	0
3.609	0.0399982	-18.4994	5.00977e-07	-8.84324	0.00140801	-13.0313	0.00420388	-135.906	0	-23.2726	0.00110012	-16.7486	0.0760718	-89.1754	0	-44.0863	0	-87.2305	0	-5.20933	0.013512	-45.5538	0.670029	-2.06225	0.000116503	-170.695	0	-23.4572	0.000879935	-15.5584	2.78278e-09	-834.35	0	-4.08139	0.00194634	-74.4373	0	-400.679	0	-24.356	0.0759337	-25.4334	0.0225377	-1.63836	0.0323677	-10.3258	0.0381306	-44.5585	0
5.74853	0.0361936	-18.4676	4.76078e-07	-9.04893	0.00118857	-12.8756	0.00380173	-134.444	0	-23.2009	0.000969805	-17.8947	0.0686277	-78.9851	0	-47.1935	0	-83.5747	0	-3.53456	0.0123821	-45.5538	0.670029	-2.08812	0	-166.9	0	-23.3217	0.000814008	-15.5083	2.52798e-09	-834.828	0	-4.19929	0.00183435	-73.904	0	-380.491	0	-24.6095	0.0699948	-25.2052	0.0204349	-4.30011	0.0306742	-6.51954	0.0330323	-43.0678	0
4.01154	0.0307222	-18.4667	4.75544e-07	-8.91469	0.000958606	-12.7565	0.00345012	-132.437	0	-23.2848	0.000913887	-16.6777	0.0604919	-75.0697	0	-44.4821	0	-83.458	0	-4.52448	0.0101333	-43.3846	0.627781	-2.01498	0	-172.486	0	-23.3345	0.000770373	-15.5083	2.52798e-09	-795.527	0	-3.72404	0.00166618	-71.8486	0	-383.93	0	-21.9376	0.0646452	-25.2052	0.0204349	-3.97371	0.0178554	-9.36475	0.0274301	-41.0421	0
5.4236	0.0271968	-18.4587	4.69601e-07	-8.97941	0.000907935	-13.1432	0.00316721	-133.331	0	-23.2721	0.000810122	-15.7537	0.0554892	-61.3456	0	-43.3554	0.452674	-78.3091	0	-2.04077	0.00852411	-40.376	0.593881	-1.99452	0	-162.748	0	-23.2992	0.000720733	-15.4353	2.1944e-09	-776.857	0	-3.85708	0.00145414	-68.892	0	-371.539	0	-20.9569	0.0640041	-25.1174	0.0157369	-3.97371	0.0178554	-9.36475	0.0274301	-41.9545	0
6.18301	0.0269868	-18.4485	4.61792e-07	-8.76483	0.000783587	-13.4978	0.00297884	-131.534	0	-23.2319	0.000749776	-17.0771	0.0496124	-61.3456	0	-43.5066	0	-78.3091	0	-2.9812	0.00698852	-33.7435	0.502751	-1.98535	0	-167.04	0	-23.291	0.000663911	-15.4029	2.06212e-09	-776.107	0	-3.89769	0.00119502	-64.486	0	-373.791	0	-22.4736	0.0559955	-24.9864	0.013405	-2.25329	0.0178489	-6.88248	0.0267074	-39.4101	0
7.83994	0.0224454	-18.4473	4.60769e-07	-8.83623	0.000703512	-12.9711	0.00262494	-131.393	0	-23.2738	0.000741384	-15.877	0.0433264	-58.65	0	-43.2397	0.275158	-81.2127	0	-3.10007	0.00635073	-36.4544	0.476203	-1.98535	0	-167.476	0	-23.283	0.000645162	-15.3525	1.86868e-09	-756.718	0	-3.68639	0.00117733	-63.967	0	-350.143	0	-22.2126	0.0495494	-24.9767	0.0123849	-1.47251	0.0144202	-7.10268	0.0218618	-39.1911	0
6.64075	0.0170466	-18.441	4.5605e-07	-8.86678	0.000661408	-13.5542	0.00240918	-130.753	0	-23.2277	0.000689024	-14.8122	0.0404032	-51.1991	0	-41.3213	0.415075	-79.6682	0	-2.66929	0.00562738	-32.7348	0.441616	-1.94852	0	-162.962	0	-23.2897	0.000636546	-15.3226	1.76246e-09	-748.699	0	-3.56552	0.00109782	-60.0534	0	-345.813	0	-20.1948	0.0474713	-25.0092	0.0106913	-3.65832	0.0120538	-7.26948	0.0210792	-37.9593	0.192554
6.64075	0.0170466	-18.4356	4.521e-07	-8.92864	0.000540991	-13.5232	0.00203751	-128.435	0	-23.2137	0.000665311	-14.7163	0.0374931	-53.028	0	-40.649	0.323752	-77.7442	0	-2.83416	0.00518031	-32.475	0.401553	-1.93749	0	-157.659	0	-23.2228	0.000577545	-15.293	1.66363e-09	-741.56	0	-3.42087	0.000949308	-63.086	0	-342.302	0	-20.1948	0.0474713	-24.5664	0.00830726	-3.31749	0.0104283	-6.86118	0.01766	-36.512	0.211167
6.62583	0.0149992	-18.4294	4.47749e-07	-8.88462	0.000444755	-13.544	0.00172532	-128.435	0	-23.1642	0.000634484	-14.0135	0.0345555	-43.9938	0	-39.7251	0.352733	-77.1535	0	-2.84491	0.00407888	-31.4631	0.383863	-1.89649	0	-155.469	0	-23.1185	0.000563743	-15.2698	1.58917e-09	-741.21	0	-3.42087	0.000949308	-62.2675	0	-315.726	0	-21.4379	0.0450679	-24.5435	0.0075803	-1.5958	0.00808587	-4.58458	0.0171608	-35.2282	0.200452
4.74836	0.0142796	-18.4241	4.43916e-07	-8.72381	0.000380324	-13.8456	0.00169967	-128.435	0	-23.1729	0.000600324	-14.0451	0.0281382	-45.3165	0	-35.3022	0.345443	-74.2342	0	-2.78551	0.0040141	-30.8353	0.35317	-1.89649	0	-152.974	0	-23.1554	0.000422266	-15.2374	1.49051e-09	-703.562	0	-3.40925	0.00089205	-57.2069	0	-315.116	0	-18.5221	0.0423398	-24.405	0.006161	-1.25709	0.00656065	-2.89756	0.0162852	-34.4499	0.199304
6.20875	0.0136251	-18.4242	4.43859e-07	-8.86256	0.000308506	-13.8547	0.00156346	-128.403	0	-23.1729	0.000600324	-14.0451	0.0281382	-47.3211	0	-34.5863	0.330751	-71.0518	0	-2.98712	0.00347848	-27.111	0.344018	-1.88805	0	-147.617	0	-23.0637	0.000375059	-15.2253	1.45545e-09	-714.653	0	-3.54234	0.000767209	-59.3966	0	-301.45	0	-18.8163	0.0411431	-24.405	0.006161	-1.99027	0.00622689	-5.68232	0.0136643	-33.6126	0.181953
4.92553	0.0129028	-18.4206	4.40986e-07	-8.86256	0.000308506	-14.1744	0.00141747	-126.387	0	-23.1602	0.000585431	-9.85251	0.0232216	-40.5227	0	-34.0141	0.325102	-72.527	0	-2.49681	0.00319444	-28.8158	0.321364	-1.87679	0	-147.992	0	-23.0637	0.000375059	-15.2079	1.40657e-09	-701.388	0	-3.40603	0.000654571	-54.7729	0	-287.839	0	-17.5213	0.0367271	-24.449	0.0051979	-1.71648	0.00565506	-4.97534	0.0134351	-34.0394	0.173103
5.58921	0.0118196	-18.4153	4.37343e-07	-9.01326	0.000305674	-13.996	0.00127933	-127.805	0	-23.1867	0.000554177	-11.9902	0.0211804	-38.802	0	-33.8042	0.312198	-72.0509	0	-1.81879	0.0028183	-26.2036	0.302024	-1.85717	0	-139.571	0	-23.0637	0.000375059	-15.2017	1.3894e-09	-665.004	0	-3.40603	0.000654571	-50.7765	0	-292.755	0	-17.5089	0.0339054	-24.3089	0.0048667	-2.44848	0.00415744	-3.93143	0.0125811	-31.2196	0.153959
5.69578	0.010482	-18.4097	4.33028e-07	-8.8501	0.000287475	-14.2798	0.0012144	-128.2	0	-23.1987	0.000549802	-11.0975	0.0197075	-38.2924	0.720026	-29.6294	0.288907	-72.364	0	-1.75262	0.00236398	-25.5079	0.27969	-1.84213	0	-142.084	0	-23.056	0.000371345	-15.1873	1.34946e-09	-655.139	0	-3.27074	0.000579265	-50.5836	0	-288.715	0	-18.2417	0.0334683	-24.281	0.00454936	-0.899163	0.00337927	-4.95114	0.0117533	-32.0232	0.150985
6.13504	0.00945521	-18.4035	4.28768e-07	-8.84583	0.00023766	-14.2156	0.00109429	-127.09	0	-23.1443	0.000529862	-9.56485	0.0178549	-39.3273	0	-31.8588	0.276825	-69.4295	0	-2.16979	0.00168817	-20.7122	0.271131	-1.81305	0	-137.863	0	-23.0257	0.000356956	-15.1805	1.33225e-09	-659.682	0	-3.08504	0.000539687	-49.3806	0	-277.029	0	-17.7951	0.0304807	-24.1263	0.00388086	-0.899163	0.00337927	-4.73853	0.0105804	-31.1392	0.143887
6.95472	0.00838571	-18.4027	4.27862e-07	-8.76917	0.000203196	-14.7879	0.000972581	-126.048	0	-23.1862	0.000439317	-10.8833	0.0176132	-35.7316	0.645277	-30.0463	0.256857	-67.8742	0	-2.16979	0.00168817	-21.3057	0.250663	-1.79385	0	-140.206	0	-22.9929	0.000342045	-15.1775	1.32352e-09	-645.412	0	-3.35169	0.000468604	-45.6269	0	-265.086	0	-17.2831	0.0277098	-24.0909	0.00378584	-0.640595	0.0031161	-4.83598	0.00909222	-28.6625	0.131269
7.0505	0.00767414	-18.3988	4.25228e-07	-8.75533	0.000174237	-14.7741	0.000929332	-126.075	0	-23.137	0.000411562	-10.2177	0.0138451	-26.8033	0.591693	-28.3664	0.248012	-67.5016	0	-2.47781	0.00156964	-21.0662	0.226698	-1.73346	0	-133.13	0	-22.9591	0.000327273	-15.1683	1.30038e-09	-629.256	0	-3.10467	0.000382961	-45.6269	0	-243.414	0	-16.8534	0.0243535	-24.0684	0.00319992	-1.3581	0.00242923	-3.22961	0.00802168	-23.4772	0.111035
6.71608	0.00717666	-18.3963	4.23101e-07	-8.84192	0.000158537	-14.5461	0.000751719	-122.918	0	-23.137	0.000411562	-10.7473	0.0120384	-28.4263	0.451828	-26.6073	0.214043	-67.5016	0	-2.06397	0.00126339	-18.7977	0.206442	-1.73002	0	-131.732	0	-22.8897	0.000298901	-15.1637	1.28872e-09	-580.779	0	-3.07597	0.000339592	-44.8765	0	-220.376	0	-15.2038	0.0220123	-24.1766	0.00302414	-1.11588	0.0020567	-3.74824	0.00663879	-24.5145	0.102455
7.61969	0.00545634	-18.3873	4.16668e-07	-8.78812	0.000142236	-15.4618	0.000672517	-124.627	0	-23.1305	0.000408165	-11.5469	0.0111612	-28.4263	0.451828	-28.9585	0.208636	-65.7843	0	-2.20403	0.00113545	-20.2646	0.191871	-1.72214	0	-128.725	0	-22.8884	0.000298291	-15.1577	1.27375e-09	-573.987	0	-2.97175	0.000308187	-46.543	0	-223.669	0	-15.1757	0.0202608	-24.1492	0.00247978	-1.24304	0.00167527	-3.51353	0.00632095	-24.1626	0.0966276
7.61969	0.00545634	-18.3843	4.15131e-07	-8.76097	0.00012113	-14.96	0.000504138	-125.446	0	-23.1049	0.000395485	-9.35814	0.00968797	-25.229	0.385191	-25.7513	0.202541	-62.8453	0	-2.36497	0.000822577	-18.4236	0.176693	-1.71504	0	-121.387	0	-22.8676	0.000290359	-15.1572	1.27221e-09	-557.346	0	-2.91468	0.000298653	-43.4415	0	-219.834	0	-13.8455	0.0176884	-24.1492	0.00247978	-1.70773	0.00164182	-3.58772	0.00574744	-19.6122	0.0780919
8.47149	0.00528225	-18.3798	4.12276e-07	-8.67515	0	-15.3552	0.000496031	-126.399	0	-23.0663	0.000376175	-10.2523	0.00798513	-23.4847	0.341339	-25.2673	0.184049	-64.7361	0	-2.17808	0.000747143	-19.9927	0.156889	-1.67117	0	-118.469	0	-22.7846	0.000260337	-15.1519	1.2587e-09	-520.991	0	-2.95427	0.000252548	-40.6548	0	-195.114	0	-14.6495	0.0172301	-24.141	0.00247173	-1.26135	0.0014783	-2.86451	0.00495603	-17.2061	0.0716129
7.36593	0.00468561	-18.3731	4.08166e-07	-8.6246	0	-15.0986	0.000377178	-124.141	0	-23.0125	0.000350789	-10.0112	0.00666582	-26.5952	0.322861	-25.6333	0.163449	-64.1186	0	-2.39832	0.000722678	-17.8836	0.142043	-1.6441	0	-119.096	0	-22.7383	0.000244916	-15.1416	1.23349e-09	-527.481	0	-2.93414	0.000232914	-40.8158	0	-191.808	0	-11.8252	0.0157848	-24.1113	0.0022222	-1.2064	0.00136287	-3.1912	0.00413882	-18.8165	0.0605739
8.59009	0.00411882	-18.3688	4.04924e-07	-8.6246	0	-15.1661	0.000306671	-124.141	0	-22.9813	0.000336848	-10.1276	0.00584906	-22.7775	0.306652	-21.7346	0.122484	-64.3913	0	-1.96692	0.000528309	-16.226	0.127749	-1.6324	0	-113.505	0	-22.6806	0.000226927	-15.1392	1.22776e-09	-488.484	0	-2.8684	0.000219593	-38.1967	0	-167.969	0	-12.2646	0.0148935	-24.1113	0.0022222	-1.19165	0.00131795	-3.25434	0.00348203	-18.2275	0.0536428
9.04096	0.00351566	-18.364	4.01918e-07	-8.61511	0	-15.7652	0.000246896	-124.053	0	-22.9455	0.000321399	-10.1276	0.00584906	-19.449	0.279503	-18.0782	0.0932934	-61.728	0	-1.96692	0.000528309	-15.4641	0.112877	-1.60372	0	-110.092	0	-22.602	0.00020449	-15.1358	1.21802e-09	-486.242	0	-2.79446	0.000205616	-37.1606	0	-175.639	0	-12.9423	0.0138999	-24.1113	0.0022222	-1.43274	0.00110032	-3.25434	0.00348203	-17.6341	0.0495847
8.83731	0.00315414	-18.3602	3.99825e-07	-8.55328	0	-15.936	0.000229927	-123.516	0	-22.9203	0.000310799	-9.54958	0.0048755	-21.0596	0.239993	-18.9442	0.0916046	-60.408	0	-1.75528	0.000390856	-15.0939	0.100012	-1.573	0	-104.701	0	-22.5532	0.000191654	-15.1281	1.20055e-09	-458.413	0	-2.83991	0.000171453	-34.8503	0.20279	-149.448	0	-12.0518	0.0127362	-24.1104	0.00208976	-1.19978	0.000871428	-3.09237	0.00304671	-15.2583	0.0480106
9.22411	0.00251092	-18.3581	3.9808e-07	-8.42356	0	-15.6788	0.000188931	-122.634	0	-22.9195	0.000310668	-9.9336	0.00444344	-19.8458	0.221436	-17.5306	0.0871046	-59.0949	0	-1.5002	0.000386749	-14.2777	0.0934109	-1.56026	0	-99.3661	0	-22.5267	0.000184982	-15.1208	1.18213e-09	-443.018	0	-2.92521	0.000163005	-34.447	0.154379	-147.714	0	-11.3234	0.0115727	-24.1629	0.00207627	-1.22771	0.000866189	-2.78454	0.00294998	-14.5111	0.0431126
9.38803	0.00217872	-18.3546	3.9589e-07	-8.42356	0	-16.0108	0.000148808	-122.606	0	-22.8989	0.000302317	-9.85928	0.00391553	-23.4874	0.211902	-14.817	0.0752903	-54.7776	0	-1.61851	0.000340145	-14.0895	0.0890655	-1.54668	0	-89.4066	0	-22.5267	0.000184982	-15.1164	1.17198e-09	-431.538	0	-2.76855	0.000145346	-32.5311	0.168132	-124.079	0	-11.6905	0.0105962	-24.1384	0.00200286	-1.51559	0.000707157	-2.91947	0.00248427	-14.9563	0.0420688
9.34529	0.00196909	-18.3529	3.94645e-07	-8.34518	0	-15.7836	0.000139746	-121.393	0	-22.8762	0.000293419	-9.70273	0.00379302	-20.7552	0.207864	-15.5659	0.0691951	-50.8784	0	-1.79819	0.00030497	-14.8598	0.0797248	-1.52078	0	-91.7572	0	-22.5175	0.00018271	-15.1114	1.16211e-09	-378.044	0	-2.78577	0.000116641	-32.32	0.172544	-109.049	0	-10.1445	0.00905562	-24.1384	0.00200286	-1.51559	0.000707157	-2.66163	0.00245942	-14.7426	0.0354472
9.22221	0.0018891	-18.3454	3.89768e-07	-8.29794	0	-16.1704	0.00013665	-121.334	0	-22.8678	0.000290223	-9.53768	0.00345317	-23.9481	0.179838	-15.0667	0.0587909	-48.3484	0	-1.97066	0.000295875	-13.2047	0.0735612	-1.49018	0	-84.269	0	-22.4896	0.000175966	-15.1114	1.1607e-09	-357.644	0	-2.7144	0.000104911	-30.4816	0.162877	-112.627	0	-10.1445	0.00905562	-24.1669	0.00194967	-1.41783	0.00055064	-3.26196	0.00229123	-10.7759	0.0281219
9.34686	0.00130681	-18.3419	3.87705e-07	-8.29794	0	-15.794	4.37218e-09	-121.282	0	-22.8293	0.000275927	-10.1589	0.00295843	-22.9231	0.152742	-14.6194	0.0550894	-45.7503	0	-1.87694	0.0002483	-15.1365	0.0695782	-1.48448	0	-89.0701	0	-22.4636	0.000169994	-15.107	1.14953e-09	-348.655	0	-2.63052	0	-28.1632	0.161439	-121.928	0	-11.1775	0.00868575	-24.067	0.00187625	-1.12708	0.000506247	-3.16493	0.00208292	-10.6689	0.0254568
9.40641	0.00119579	-18.3402	3.86456e-07	-8.26289	0	-15.6434	3.27855e-09	-120.191	0	-22.826	0.000274726	-10.3973	0.00252783	-22.1516	0.139442	-13.011	0.0506885	-42.5808	0	-1.68562	0.000233729	-13.761	0.0584833	-1.47708	0	-85.355	0	-22.4302	0.000162527	-15.1002	1.13546e-09	-333.637	0	-2.61506	0	-27.1306	0.140881	-99.2675	0	-10.2987	0.00783132	-24.0565	0.00177663	-1.01292	0.000472436	-2.79405	0.00190896	-11.0625	0.023032
9.40641	0.00119579	-18.3364	3.84047e-07	-8.19404	0	-15.4066	2.06089e-09	-119.842	0	-22.8019	0.000266143	-11.0002	0.00189647	-23.1548	0.116854	-13.5578	0.047176	-40.7093	0.19024	-1.64991	0.000216563	-14.0275	0.0544071	-1.46277	0	-79.5653	0	-22.4079	0.000157771	-15.0987	1.13201e-09	-322.173	0	-2.56203	0	-23.7609	0.135573	-108.051	0	-10.4902	0.00743848	-24.0734	0.00176017	-1.21752	0.000368791	-2.42399	0.00163551	-10.7485	0.0190688
9.36052	0.00112687	-18.333	3.82058e-07	-8.14149	0	-15.2709	1.58948e-09	-117.751	0	-22.7906	0.000262237	-11.6631	0.00126948	-23.1548	0.116854	-13.4855	0.0459876	-31.2438	0.286111	-1.87136	0.000183487	-12.3944	0.0482387	-1.4371	0	-78.3718	0	-22.3837	0.000152758	-15.0956	1.1256e-09	-299.536	0	-2.50198	0	-26.0672	0.128248	-89.823	0	-9.59779	0.00674654	-24.0594	0.00169175	-1.17798	0.000328602	-2.71568	0.00134116	-12.5599	0.0188788
9.44525	0.000958123	-18.325	3.76929e-07	-8.09751	0	-15.142	1.22929e-09	-117.162	0	-22.7641	0.000253312	-12.0551	0.00117479	-22.4551	0.105716	-12.9006	0.0411141	-26.8168	0.285412	-1.60212	0.000143007	-13.2887	0.043527	-1.4308	0	-78.3992	0	-22.3656	0.00014903	-15.0863	1.10481e-09	-298.249	0	-2.47002	0	-26.1772	0.125822	-93.6124	0	-9.50866	0.00530318	-24.0677	0.00164743	-1.09877	0.000288543	-2.71271	0.00131024	-11.3741	0.0173328
9.59866	0.000850569	-18.3245	3.76577e-07	-8.09751	0	-15.0596	1.04453e-09	-115.02	0	-22.7092	0.000235547	-12.1011	0.00102692	-21.6618	0.10091	-12.1897	0.0376118	-29.0204	0.267804	-1.65284	0.000137972	-11.6557	0.0385581	-1.42333	0	-70.8872	0	-22.3595	0.000147827	-15.0844	1.10107e-09	-254.176	0	-2.40086	0	-26.0576	0.116022	-86.8482	0	-9.50866	0.00530318	-23.9894	0.00159926	-1.04507	0.000269927	-2.72064	0.00124447	-11.2284	0.0162661
9.59866	0.000850569	-18.3193	3.73368e-07	-8.08087	0	-14.9895	9.06301e-10	-116.518	0	-22.7069	0.000234904	-11.5577	0.000924889	-21.8046	0.0976647	-13.0553	0.0351089	-25.0254	0.234343	-1.68175	0.000130369	-11.8676	0.0297424	-1.4086	0	-73.6183	0	-22.3298	0.000142022	-15.0783	1.08746e-09	-268.869	0	-2.32443	0	-24.263	0.110028	-89.3628	0	-9.02628	0.00509253	-23.9756	0.00149753	-1.33781	0.00021855	-2.33015	0.00113212	-9.93485	0.0146346
9.60332	0.00073517	-18.3171	3.72014e-07	-8.0572	0	-14.9033	7.62953e-10	-113.904	0	-22.6656	0.000222401	-12.1853	0.000753621	-22.7614	0.0911891	-12.4749	0.0321249	-24.577	0.233333	-1.72005	0.000105754	-11.624	0.0240367	-1.39173	0	-63.9609	0	-22.3075	0.000137843	-15.0746	1.07949e-09	-259.287	0	-2.32443	0	-24.6951	0.100797	-95.9175	0	-9.81238	0.00468746	-23.967	0.00142939	-1.24824	0.000182241	-2.62691	0.00100153	-11.3481	0.0127284
9.71924	0.000718493	-18.3122	3.69321e-07	-8.03142	0	-14.881	7.29085e-10	-112.142	0	-22.6541	0.000218935	-12.0031	0.000646621	-22.7614	0.0911891	-12.2681	0.028328	-21.0777	0.1906	-1.58458	0	-11.7339	0.0206364	-1.38326	0	-59.5139	0	-22.2797	0.000132775	-15.0717	1.0732e-09	-222.915	0	-2.32443	0	-21.671	0.086811	-85.3483	0	-8.97296	0.00407367	-23.8581	0.00135005	-1.29714	0.000139616	-2.58585	0.000935605	-11.8832	0.0113447
9.68004	0.000644276	-18.3103	3.67955e-07	-8.01509	0	-14.8289	6.56054e-10	-111.894	0	-22.6307	0.000212341	-12.0031	0.000646621	-21.4091	0.0868979	-11.149	0.0256627	-12.716	0.17121	-1.58458	0	-8.98173	0.0172311	-1.37826	0	-50.0992	0.822779	-22.2534	0.00012813	-15.069	1.06646e-09	-203.303	0	-2.29259	0	-20.9951	0.0771165	-68.4289	0	-9.16404	0.00366951	-23.8039	0.00129058	-1.29917	0.000130602	-2.21645	0.00089089	-10.438	0.0100787
9.78812	0.000557241	-18.3055	3.64867e-07	-7.92824	0	-14.7271	5.34677e-10	-110.432	0	-22.6018	0.000204331	-12.3524	0.000574882	-22.696	0.0784382	-9.34837	0.0210808	-19.1189	0.127924	-1.55986	0	-9.98235	0.0163505	-1.34179	0	-49.6838	0	-22.2464	0.000126899	-15.0644	1.05747e-09	-197.861	0	-2.25681	0	-20.9951	0.0771165	-59.685	0	-8.81063	0.00276177	-23.8269	0.00124511	-1.33232	0.000117529	-2.55271	0.000788967	-10.0672	0.00830206
9.92191	0.000507076	-18.3001	3.61469e-07	-7.87966	0	-14.6321	4.39884e-10	-108.535	0	-22.5748	0.000197054	-12.673	0.000526739	-20.3633	0.0762657	-9.88192	0.0206566	-15.8647	0.107624	-1.50535	0	-10.2019	0.0138272	-1.3334	0	-44.5756	0.718131	-22.2225	0.000122914	-15.0615	1.05025e-09	-217.636	0	-2.18434	0	-18.5282	0.0696274	-45.4139	0	-8.51584	0.0024894	-23.816	0.00122167	-1.29656	0	-2.08335	0.000613321	-9.86813	0.00792592
9.95608	0.00044745	-18.2946	3.58691e-07	-7.81433	0	-14.5408	3.65342e-10	-108.154	0	-22.5417	0.000188626	-12.833	0.000510983	-21.2058	0.069287	-9.43576	0.018875	-14.0785	0.0904266	-1.4354	0	-8.843	0.013101	-1.32354	0	-38.0675	0.711648	-22.2128	0.00012134	-15.0562	1.03978e-09	-186.456	0	-2.18434	0	-18.93	0.0650611	-32.7717	0.61112	-8.51584	0.0024894	-23.7349	0.0011731	-1.27698	0	-2.17564	0.000560425	-9.97443	0.00714282
10.0328	0.000379335	-18.2877	3.5463e-07	-7.79517	0	-14.4647	3.12124e-10	-103.967	0	-22.4934	0.000176865	-12.5849	0.000474413	-20.5364	0.0629452	-9.35148	0.0162821	-11.0288	0.0873835	-1.4129	0	-7.9414	0.0116698	-1.30921	0	-37.9786	0.637728	-22.1949	0.000118446	-15.053	1.03323e-09	-158.284	0	-2.18434	0	-18.8828	0.055907	-31.5348	0.546407	-8.13994	0.00229064	-23.6983	0.00113022	-1.25996	0	-2.14558	0.000465568	-10.0189	0.00675967
9.98104	0.000312328	-18.2838	3.51903e-07	-7.76361	0	-14.4561	3.06641e-10	-102.507	0	-22.4628	0.000169784	-12.6423	0.000448906	-22.1101	0.0610719	-7.81807	0.0151982	-9.94522	0.0802439	-1.37529	0	-8.9986	0.0103213	-1.29062	0	-37.1672	0.57815	-22.1771	0.000115628	-15.045	1.01679e-09	-151.437	0	-2.18434	0	-15.9552	0.0544728	-27.2599	0.358394	-8.51347	0.00219408	-23.6697	0.0010364	-1.17361	0	-2.07312	0.000383715	-9.74459	0.0064863
9.89293	0.000290167	-18.2804	3.50201e-07	-7.74156	0	-14.4318	2.91524e-10	-96.8529	0	-22.4147	0.000159256	-12.6639	0.000394257	-21.0151	0.0547587	-8.158	0.0143956	-11.241	0.0708806	-1.32585	0	-8.95973	0.00907667	-1.27385	0	-32.671	0.480124	-22.1665	0.000113996	-15.0415	1.00945e-09	-151.388	0	-2.14303	0	-15.9552	0.0544728	-27.2599	0.358394	-8.34225	0.0020178	-23.6697	0.0010364	-1.16826	0	-1.65926	0.000293903	-9.12078	0.00585955
10.0214	0.000235995	-18.2717	3.45381e-07	-7.70415	0	-14.4138	2.81409e-10	-92.8949	0	-22.3794	0.000151869	-12.7116	0.000346463	-21.2732	0.047052	-7.13383	0.0122809	-9.48349	0.0691612	-1.32585	0	-8.46532	0.00785957	-1.255	0	-28.5301	0.442377	-22.1501	0.000111477	-15.037	1.00084e-09	-157.378	0	-2.13924	0	-14.6823	0.0505918	-23.5867	0.339781	-8.28813	0.00201069	-23.6465	0.0009922	-1.08417	0	-1.79376	0.000228016	-8.89131	0.00539012
10.0904	0.000194109	-18.2669	3.42806e-07	-7.6769	0	-14.3953	2.70116e-10	-83.0024	0	-22.3631	0.000148579	-12.5783	0.000312793	-20.9448	0.0441345	-6.03749	0.0116556	-8.93622	0.065184	-1.30598	0	-8.29287	0.00662066	-1.255	0	-25.5784	0.349932	-22.1427	0.000110376	-15.0349	9.96511e-10	-128.671	0	-2.12042	0	-15.3294	0.0449899	-22.2943	0.291805	-7.9507	0.00181258	-23.5458	0.000907816	-1.06223	0	-1.66928	0.000171001	-8.60263	0.00480864
10.0664	0.000168727	-18.2632	3.40476e-07	-7.65139	0	-14.387	2.6594e-10	-77.0858	0	-22.349	0.000145829	-12.7551	0.000261173	-20.8377	0.0372868	-6.40668	0.0104721	-11.1536	0.0613993	-1.27884	0	-8.3861	0.00612923	-1.23995	0	-25.0594	0.340393	-22.1344	0.000109147	-15.0311	9.88803e-10	-134.397	0	-2.12042	0	-12.7195	0.0424278	-24.7733	0.251419	-7.99184	0.00155955	-23.5599	0.000840119	-1.04324	0	-1.67179	0.000170176	-8.97248	0.00350931
10.0961	0.000149306	-18.2592	3.38159e-07	-7.62082	0	-14.3734	2.58195e-10	-79.3156	0	-22.3125	0.000138807	-12.8107	0.000238753	-20.5919	0.0349837	-6.51329	0.00876361	-8.92658	0.0576318	-1.25243	0	-7.8189	0.00567461	-1.21343	0	-22.1896	0.286317	-22.1298	0.000108463	-15.0293	9.84742e-10	-108.406	0	-2.11457	0	-13.0318	0.0355802	-18.0683	0.232813	-8.20579	0.00139088	-23.4908	0.000830993	-1.01704	0	-1.81116	0.000152743	-8.97248	0.00350931
10.0497	0.000133292	-18.2534	3.35403e-07	-7.61153	0	-14.3668	2.54737e-10	-73.2223	0	-22.292	0.000135056	-12.7248	0.000206839	-19.9534	0.0322722	-5.41301	0.00756479	-9.29263	0.0504201	-1.21721	0	-8.06924	0.0050705	-1.21454	0	-22.6132	0.265502	-22.1234	0.000107511	-15.026	9.78529e-10	-99.6751	0	-2.09134	0	-11.7141	0.0309386	-16.8775	0.219916	-8.12983	0.001345	-23.4065	0.000768724	-0.993883	0	-1.75112	0.000128118	-9.03298	0.00295477
10.0201	0.000125008	-18.2466	3.31435e-07	-7.60505	0	-14.353	2.47485e-10	-72.8373	0	-22.269	0.000130945	-12.6612	0.000194452	-20.0595	0.0284035	-5.53133	0.00731967	-8.9898	0.0450833	-1.19626	0	-7.87727	0.00475396	-1.20026	0	-20.2893	0.224514	-22.119	0.000106893	-15.0208	9.68146e-10	-90.118	0	-2.07296	0	-11.7141	0.0309386	-19.9454	0.157424	-7.82001	0.000937734	-23.3819	0.000707013	-0.930763	0	-1.74227	0.000100324	-8.5374	0.00274371
10.0799	0.000107263	-18.2418	3.28927e-07	-7.5481	0	-14.3402	2.40927e-10	-65.768	0	-22.2467	0.000127015	-12.8181	0.000149785	-19.9671	0.0244319	-5.0701	0.00611841	-8.38086	0.0395624	-1.1823	0	-8.00805	0.00437057	-1.20026	0	-20.2893	0.224514	-22.112	0.000105863	-15.014	9.5519e-10	-99.7529	0	-2.0445	0	-13.1309	0.0269432	-19.9454	0.157424	-7.85591	0.000866206	-23.2618	0.000661864	-0.861965	0	-1.65584	0	-8.15045	0.00263734
9.97135	0	-18.2398	3.27704e-07	-7.5249	0	-14.3323	2.37177e-10	-72.0085	0	-22.2134	0.000121489	-12.8181	0.000149785	-19.5913	0.0232045	-5.24847	0.00586789	-7.75755	0.0341705	-1.16614	0	-8.05819	0.00380828	-1.195	0	-17.6074	0.203364	-22.0951	0.000103494	-15.0078	9.42906e-10	-70.2288	0	-2.0445	0	-11.7544	0.0234378	-16.0016	0.141443	-7.60626	0.000724714	-23.2618	0.000661864	-0.859211	0	-1.5859	0	-8.33233	0.00243413
9.9315	0	-18.2339	3.24486e-07	-7.50408	0	-14.3194	2.30899e-10	-65.7622	0	-22.1958	0.000118643	-13.028	0.000135029	-19.8184	0.0213924	-3.75044	0.00527122	-7.82782	0.0319584	-1.15361	0	-7.62456	0.00355837	-1.18095	0	-15.6667	0.197216	-22.0951	0.000103494	-15.0039	9.36789e-10	-72.4172	0	-2.02965	0	-12.2528	0.0233722	-13.1484	0.13102	-7.56704	0.000676319	-23.2014	0.000628091	-0.838824	0	-1.50847	0	-8.47416	0.00217285
9.87836	0	-18.2271	3.20896e-07	-7.44903	0	-14.3104	2.26755e-10	-61.2165	0	-22.1739	0.00011515	-12.7762	0.000120561	-20.6315	0.0191403	-4.70651	0.004912	-7.33562	0.0278705	-1.13609	0	-7.62456	0.00355837	-1.17329	0	-17.0259	0.163941	-22.0895	0.000102702	-14.9988	9.26718e-10	-60.2034	0	-2.02207	0	-11.9296	0.0220522	-16.0477	0.11318	-7.81175	0.000586086	-23.3312	0.000530142	-0.793571	0	-1.51033	0	-8.13983	0.00197693
9.83571	0	-18.2264	3.20441e-07	-7.41003	0	-14.2989	2.21082e-10	-65.9555	0	-22.1689	0.000114357	-12.9004	1.00668e-11	-19.4956	0.0174494	-4.08795	0.00428878	-6.76417	0.0258856	-1.1208	0	-7.85465	0.00331665	-1.16174	0	-18.4925	0.161723	-22.084	0.000101921	-14.9954	9.1995e-10	-79.4054	0	-2.01925	0	-11.854	0.020041	-16.0477	0.11318	-7.51007	0.00057419	-23.179	0.000435612	-0.790515	0	-1.43992	0	-7.95547	0.00161557
9.7873	0	-18.2143	3.14181e-07	-7.39074	0	-14.2861	2.15272e-10	-66.5422	0	-22.1548	0.000112221	-12.9004	1.00668e-11	-20.0271	0.0170355	-4.19852	0.00395386	-7.72788	0.0229607	-1.10352	0	-7.34782	0.00302739	-1.1407	0	-15.9507	0.135589	-22.08	0.00010138	-14.9931	9.15247e-10	-64.7368	0	-2.00674	0	-11.6524	0.0180928	-18.0055	0.100013	-7.61069	0.000559391	-23.179	0.000435612	-0.762973	0	-1.35319	0	-7.54778	0.00136098
9.76897	0	-18.2117	3.12982e-07	-7.3898	0	-14.2772	2.11157e-10	-60.5611	0	-22.1456	0.000110818	-12.7472	7.03118e-12	-19.2876	0.0156507	-4.18815	0.00355903	-5.97478	0.0193544	-1.09076	0	-7.23003	0.00281747	-1.13709	0	-14.072	0.119522	-22.0714	0.000100207	-14.9879	9.06486e-10	-54.4558	0	-2.00674	0	-10.65	0.0155462	-16.7106	0.0996537	-7.61008	0.000475598	-23.1116	0.00039915	-0.711655	0	-1.3406	0	-7.62715	0.00126597
9.72218	0	-18.2045	3.09188e-07	-7.33229	0	-14.2694	2.07822e-10	-63.397	0	-22.1267	0.000108021	-12.7472	7.03118e-12	-19.689	0.0149818	-4.30324	0.00323298	-5.20804	0.0184489	-1.069	0	-7.06457	0.00272138	-1.12192	0	-13.7498	0.113816	-22.0688	9.98751e-05	-14.9856	9.02403e-10	-57.9483	0	-2.00192	0	-13.1596	0.0140459	-13.8096	0.0709064	-7.72787	0.000472967	-23.0641	0.000375228	-0.689084	0	-1.3071	0	-7.27901	0.00111947
9.70072	0	-18.1985	3.06262e-07	-7.30839	0	-14.2601	2.03808e-10	-63.4194	0	-22.1205	0.000107121	-12.6795	6.00786e-12	-19.4204	0.0141287	-4.10478	0.00280221	-5.59356	0.0171815	-1.05541	0	-7.04312	0.00246983	-1.10793	0	-13.3868	0.101612	-22.0601	9.86959e-05	-14.9826	8.96825e-10	-56.4626	0	-1.99617	0	-13.5867	0.0113106	-8.41178	0.0696321	-7.79479	0.000436606	-23.0567	0.000371557	-0.611455	0	-1.28769	0	-7.46522	0.00102514
9.70072	0	-18.1928	3.03275e-07	-7.29368	0	-14.2538	2.01226e-10	-61.461	0	-22.111	0.00010576	-12.618	5.19447e-12	-19.4204	0.0141287	-3.99155	0.00263558	-5.70496	0.011602	-1.05457	0	-7.06537	0.0023755	-1.10074	0	-9.95193	0.0947163	-22.0571	9.82869e-05	-14.9771	8.87214e-10	-46.3765	0	-1.99731	0	-14.2679	0.00945802	-13.8482	0.0612254	-7.7026	0.000414017	-22.9709	0.000332208	-0.606782	0	-1.26286	0	-6.85388	0.000824112
9.67205	0	-18.1893	3.01657e-07	-7.28203	0	-14.2435	1.96968e-10	-61.1194	0	-22.1058	0.000105023	-12.5533	4.44714e-12	-19.3658	0.0138082	-3.89168	0.00244034	-4.65279	0.011295	-1.05784	0	-7.06774	0.00218594	-1.08443	0	-9.62088	0.0825579	-22.0488	9.71655e-05	-14.9695	8.7349e-10	-55.1938	0	-1.99128	0	-14.4278	0.00760525	-10.2687	0.0594737	-7.84212	0.000368254	-22.9565	0.000326098	-0.572148	0	-1.2367	0	-6.81427	0.000800926
9.61776	0	-18.1807	2.97537e-07	-7.25984	0	-14.2418	1.96374e-10	-59.3512	0	-22.0982	0.000103934	-12.4884	3.80761e-12	-19.0698	0.0131644	-3.24791	0.00217686	-5.77971	0.00899298	-1.04576	0	-6.86636	0.00205143	-1.08003	0	-11.7343	0.0801227	-22.0445	9.66042e-05	-14.9695	8.7349e-10	-46.4327	0	-1.98807	0	-14.2685	0.00575538	-9.78132	0.050201	-7.7697	0.00035359	-22.9111	0.000307225	-0.503739	0	-1.20398	0	-6.41107	0.000698976
9.58304	0	-18.1747	2.94338e-07	-7.2556	0	-14.2305	1.9175e-10	-60.2009	0	-22.095	0.000103495	-12.4086	3.14198e-12	-19.4704	0.0125382	-3.71527	0.00161997	-4.37137	0.0076705	-1.01432	0	-6.50909	0.00190572	-1.07818	0	-9.16126	0.0737971	-22.0402	9.60613e-05	-14.9642	8.64811e-10	-46.862	0	-1.98162	0	-14.7809	0.0049393	-9.3287	0.0465961	-7.81359	0.000315922	-22.8697	0.00029099	-0.470574	0	-1.19274	0	-6.45122	0.000619887
9.56237	0	-18.1702	2.92408e-07	-7.22875	0	-14.2305	1.9175e-10	-59.0312	0	-22.0871	0.000102398	-12.3892	2.99851e-12	-18.9517	0.0121226	-3.80071	0.00146944	-4.37137	0.0076705	-1.01432	0	-6.80503	0.00177283	-1.06534	0	-7.1164	0.0694076	-22.0308	9.48567e-05	-14.9612	8.59438e-10	-40.5769	0	-1.97696	0	-14.7809	0.0049393	-10.3817	0.0440899	-7.86725	0.000302014	-22.8083	0.000268483	-0.397922	0	-1.17132	0	-6.56766	0.000552327
9.55749	0	-18.1669	2.90444e-07	-7.21979	0	-14.2211	1.87998e-10	-56.1697	0	-22.0759	0.000100837	-12.3641	2.82292e-12	-19.2763	0.0116108	-3.62693	0.00138018	-4.09335	0.00653014	-0.9895	0	-6.51185	0.00163682	-1.05503	0	-9.2622	0.0609756	-22.0261	9.42416e-05	-14.9558	8.49957e-10	-44.2582	0	-1.97237	0	-14.1903	0.00447941	-10.2162	0.0390785	-7.81974	0.000291096	-22.7443	0.000246729	-0.397922	0	-1.11522	0	-6.50037	0.000472427
9.53364	0	-18.1607	2.8798e-07	-7.19896	0	-14.2141	1.85256e-10	-52.5301	0	-22.0652	9.93962e-05	-12.3069	2.45558e-12	-19.1335	0.0109241	-3.72896	0.0010826	-3.46324	0.00592918	-0.974779	0	-6.31043	0.00141531	-1.05252	0	-6.71131	0.0566796	-22.0217	9.36822e-05	-14.9471	8.35962e-10	-38.3114	0.0708151	-1.96634	0	-15.9852	0.00415915	-9.67626	0.0327204	-7.74729	0.000266786	-22.7443	0.000246729	-0.332767	0	-1.11522	0	-6.25626	0.000421905
9.52622	0	-18.1581	2.86502e-07	-7.16807	0	-14.2092	1.83331e-10	-51.0603	0	-22.0596	9.86314e-05	-12.2816	2.30954e-12	-19.3108	0.0107858	-3.30628	0.000910715	-3.42049	0.00547381	-0.96142	0	-6.34496	0.00132441	-1.04013	0	-8.09038	0.0456262	-22.0135	9.2635e-05	-14.9428	8.28995e-10	-37.8049	0.0970759	-1.95468	0	-15.9327	0.00362612	-9.19379	0.0305245	-7.70114	0.000235047	-22.737	0.00024426	-0.306477	0	-1.09936	0	-6.13301	0.000380971
9.50502	0	-18.153	2.84096e-07	-7.12713	0	-14.2019	1.80557e-10	-47.3733	0.499743	-22.0543	9.79371e-05	-12.2642	2.21227e-12	-19.4604	0.0106887	-3.21966	0.000805451	-3.77245	0.00425578	-0.938436	0	-6.22324	0.00116185	-1.02635	0	-7.20953	0.0416651	-22.0088	9.20581e-05	-14.9355	8.16925e-10	-38.2687	0	-1.94008	0	-14.8366	0.00333476	-8.21848	0.0296874	-7.66081	0.000204943	-22.6929	0.000230518	-0.270034	0	-1.08942	0	-6.14603	0.000368834
9.4966	0	-18.1488	2.82099e-07	-7.10955	0	-14.1984	1.79184e-10	-44.662	0.466432	-22.0513	9.75287e-05	-12.2559	2.16881e-12	-19.492	0.0102027	-3.18512	0.000626124	-3.99176	0.00387881	-0.936058	0	-5.81618	0.000960128	-1.0203	0	-7.86517	0.0351875	-22.0003	9.0988e-05	-14.9286	8.05031e-10	-37.0401	0.107604	-1.93528	0	-16.6405	0.00250029	-7.92876	0.0246487	-7.60355	0.000193029	-22.6188	0.000208887	-0.263192	0	-1.0693	0	-6.39471	0.000333518
9.49259	0	-18.1398	2.77812e-07	-7.07033	0	-14.1921	1.76806e-10	-43.2386	0.439188	-22.0462	9.68472e-05	-12.2411	2.09191e-12	-19.3517	0.00991664	-3.28688	0.000563703	-3.54789	0.0033803	-0.918832	0	-5.74997	0.00085709	-1.00016	0	-8.4804	0.0298177	-21.9939	9.0189e-05	-14.9209	7.93012e-10	-36.6769	0.239399	-1.92211	0	-17.7294	0.00225723	-6.08502	0.0233843	-7.67665	0.000155103	-22.5754	0.000197217	-0.240395	0	-1.03906	0	-6.1621	0.000309924
9.4888	0	-18.1385	2.77408e-07	-7.04233	0	-14.1879	1.75159e-10	-41.4644	0.383804	-22.0433	9.64619e-05	-12.219	1.98006e-12	-19.4661	0.00923317	-2.9487	0.000429853	-3.75585	0.00320697	-0.915669	0	-5.84109	0.00070099	-0.986745	0	-8.86346	0.0219862	-21.9863	8.92562e-05	-14.9148	7.83985e-10	-35.3747	0.201872	-1.92171	0	-17.0274	0.00174455	-6.82384	0.021666	-7.66401	0.000137155	-22.5737	0.000196871	-0.190768	0	-1.02636	0	-6.20103	0.000288913
9.48324	0	-18.1315	2.73916e-07	-7.04233	0	-14.1839	1.73707e-10	-38.6213	0.339826	-22.0363	9.5568e-05	-12.2098	1.9371e-12	-19.704	0.00907755	-3.06071	0.000371019	-3.86975	0.00282584	-0.894071	0	-5.63648	0.000694447	-0.988071	0	-8.52122	0.017316	-21.983	8.88555e-05	-14.9082	7.7372e-10	-30.6385	0.184932	-1.91595	0	-17.3977	0.00172814	-7.23861	0.019863	-7.60431	0.000122005	-22.5293	0.000185507	-0.216629	0	-1.01212	0	-6.27379	0.000251975
9.48087	0	-18.126	2.71503e-07	-6.98598	0	-14.1745	1.70258e-10	-34.4185	0.304902	-22.0269	9.43472e-05	-12.1997	1.89009e-12	-19.6503	0.00841086	-2.95683	0.00033997	-3.95034	0.00269989	-0.866467	0	-5.67027	0.000603338	-0.974159	0	-8.21633	0.0147249	-21.9802	8.85231e-05	-14.901	7.62511e-10	-26.9106	0.183224	-1.90992	0	-16.8924	0.00130886	-7.23861	0.019863	-7.63083	0.000103825	-22.5242	0.000184253	-0.252521	0	-0.988457	0	-6.2027	0.000248167
9.47022	0	-18.1239	2.70709e-07	-6.97502	0	-14.1644	1.6668e-10	-34.8219	0.288723	-22.021	9.35753e-05	-12.1899	1.84499e-12	-19.9153	0.00797611	-3.12472	0.000275331	-3.59344	0.00242709	-0.860651	0	-5.57567	0.000532407	-0.965331	0	-8.78953	0.0131173	-21.9694	8.72438e-05	-14.8938	7.5094e-10	-29.3408	0.174276	-1.89905	0	-17.0634	0.00103482	-6.63089	0.0179862	-7.58439	0	-22.4525	0.000167438	-0.252521	0	-0.978518	0	-6.2659	0.000207953
9.46617	0	-18.1123	2.65613e-07	-6.94417	0	-14.1551	1.63372e-10	-32.7307	0.268802	-22.016	9.29514e-05	-12.1813	1.8065e-12	-20.4966	0.0072034	-2.99673	0.000272569	-3.59344	0.00242709	-0.85591	0	-5.44055	0.000378535	-0.955935	0	-7.49529	0.0119399	-21.9646	8.66559e-05	-14.8879	7.41754e-10	-28.2896	0.157689	-1.88521	0	-17.2541	0.000831075	-6.7001	0.0173267	-7.52443	0	-22.4525	0.000167438	-0.267639	0	-0.973012	0	-6.21453	0.000184815
9.45737	0	-18.1102	2.6464e-07	-6.89564	0	-14.152	1.6224e-10	-32.3376	0.257937	-22.0095	9.21465e-05	-12.1696	1.75524e-12	-20.144	0.00657226	-2.83756	0.000227996	-3.69719	0.00221152	-0.830888	0	-5.44462	0.000366598	-0.936748	0	-7.8251	0.00924136	-21.9617	8.63226e-05	-14.882	7.3376e-10	-26.436	0.141314	-1.87746	0	-17.2541	0.000831075	-6.82549	0.0163507	-7.49476	0	-22.4525	0.000167438	-0.289724	0	-0.954718	0	-6.20165	0.000170744
9.44452	0	-18.1054	2.62515e-07	-6.86879	0	-14.144	1.59602e-10	-27.1577	0.232513	-22.0046	9.15247e-05	-12.1606	1.71477e-12	-20.6377	0.00599583	-2.84863	0.000215319	-3.77642	0.00194733	-0.807385	0	-5.37062	0.000331225	-0.913032	0	-6.81252	0.0082742	-21.9493	8.48688e-05	-14.8738	7.2145e-10	-25.0892	0.139993	-1.85569	0	-17.1726	0.000606894	-6.8232	0.015713	-7.44992	0	-22.4053	0.000157267	-0.330517	0	-0.94253	0	-6.27801	0.000139886
9.43678	0	-18.1006	2.60501e-07	-6.78552	0	-14.1348	1.56531e-10	-22.8221	0.227305	-21.9964	9.05268e-05	-12.1576	1.70168e-12	-20.2985	0.0055729	-2.90083	0.000192688	-3.69315	0.0019097	-0.807385	0	-5.27092	0.00030469	-0.913032	0	-6.70988	0.00679174	-21.9451	8.43797e-05	-14.8677	7.12456e-10	-26.9108	0.12158	-1.82876	0	-17.1783	0.000506474	-7.00931	0.0152425	-7.4197	0	-22.3276	0.000141673	-0.348919	0	-0.928845	0	-6.30944	0.000126917
9.43188	0	-18.0964	2.58585e-07	-6.75452	0	-14.1274	1.53963e-10	-24.9921	0.19405	-21.9932	9.01172e-05	-12.1536	1.68604e-12	-20.5319	0.00494874	-2.87325	0.000166665	-4.01276	0.001882	-0.807385	0	-5.40871	0.000272465	-0.912136	0	-6.0353	0.0047708	-21.9361	8.33423e-05	-14.8654	7.09238e-10	-23.8554	0.0903716	-1.80685	0	-16.9472	0.000394036	-7.27263	0.0148214	-7.36112	0	-22.322	0.000140637	-0.390721	0	-0.88577	0	-6.26533	0.000119196
9.42267	0	-18.0895	2.55732e-07	-6.71655	0	-14.1228	1.52449e-10	-22.6943	0.180469	-21.987	8.93657e-05	-12.1451	1.64743e-12	-20.8279	0.0047348	-2.88548	0.000132415	-4.2174	0.00176734	-0.807385	0	-5.33183	0.000268505	-0.890708	0	-6.12317	0.0038837	-21.9351	8.32503e-05	-14.8581	6.99077e-10	-22.9595	0.0902307	-1.80612	0	-17.4946	0.000352696	-7.30692	0.0145801	-7.34633	0	-22.2539	0.000128325	-0.406787	0	-0.88029	0	-6.16315	0.000101073
9.41894	0	-18.0863	2.54476e-07	-6.64349	0	-14.1158	1.50302e-10	-23.3525	0.166987	-21.9836	8.89578e-05	-12.1407	1.63168e-12	-21.0633	0.00448219	-2.89211	0.0001228	-4.09884	0.001631	-0.81439	0	-5.31871	0.000223234	-0.870794	0	-6.12317	0.0038837	-21.9295	8.26054e-05	-14.8534	6.92519e-10	-22.2675	0.084002	-1.79843	0	-17.3181	0.000308987	-6.90001	0.0139901	-7.30022	0	-22.2066	0.000120379	-0.42624	0	-0.866374	0	-6.15388	0
9.41523	0	-18.0788	2.51295e-07	-6.64349	0	-14.1125	1.49151e-10	-20.3553	0.141535	-21.9741	8.78005e-05	-12.1349	1.60418e-12	-20.8891	0.00424406	-2.88646	0.000111528	-4.15785	0.00137335	-0.805401	0	-5.22699	0.000211263	-0.863839	0	-5.7784	0.00336785	-21.9247	8.20653e-05	-14.8372	6.70231e-10	-20.3105	0.0790054	-1.79027	0	-17.8741	0.000280684	-6.45442	0.0135707	-7.27555	0	-22.1792	0.000116002	-0.451006	0	-0.839334	0	-6.1489	0
9.41011	0	-18.0748	2.49796e-07	-6.61208	0	-14.1035	1.46381e-10	-17.38	0.140764	-21.9667	8.69227e-05	-12.1286	1.58327e-12	-20.7578	0.00410427	-2.92714	0	-3.98988	0.0011654	-0.806971	0	-5.22885	0.000191267	-0.820617	0	-5.85328	0.00293808	-21.9199	8.15224e-05	-14.8372	6.70231e-10	-19.3866	0.0676195	-1.78209	0	-17.8928	0.000237045	-7.01796	0.0132829	-7.27555	0	-22.112	0.000105913	-0.473176	0	-0.833038	0	-6.11345	0
9.403	0	-18.0658	2.45908e-07	-6.6086	0	-14.0969	1.44344e-10	-15.759	0.125776	-21.9616	8.63174e-05	-12.1247	1.56716e-12	-21.0644	0.00368772	-2.85411	0	-3.95599	0.0011255	-0.79152	0	-5.17833	0.000175561	-0.814023	0	-5.7711	0.00243577	-21.9118	8.06184e-05	-14.8281	6.57355e-10	-18.8916	0.059412	-1.76185	0	-17.9327	0.000216688	-6.727	0.012927	-7.25043	0	-22.0817	0.000101654	-0.490311	0	-0.811539	0	-6.10597	0
9.39946	0	-18.0617	2.44305e-07	-6.57072	0	-14.0891	1.41885e-10	-15.8311	0.112506	-21.9592	8.60237e-05	-12.1174	1.54119e-12	-21.3456	0.00339791	-2.76289	0	-3.78276	0.000955712	-0.784766	0	-5.27353	0.00017069	-0.780218	0	-5.81138	0.00190743	-21.9013	7.94801e-05	-14.8209	6.48552e-10	-17.8207	0.0465372	-1.74769	0	-17.7982	0.000200305	-6.86975	0.01274	-7.23475	0	-22.0392	9.59405e-05	-0.507005	0	-0.800934	0	-6.05079	0
9.39117	0	-18.0588	2.43211e-07	-6.53478	0	-14.0873	1.41448e-10	-16.2024	0.107651	-21.955	8.55289e-05	-12.1113	1.51971e-12	-21.5659	0.00296796	-2.69108	0	-3.7457	0.000765582	-0.787818	0	-5.24185	0.000152651	-0.780218	0	-5.75718	0.00186104	-21.8966	7.89712e-05	-14.8152	6.40485e-10	-16.2597	0.0421023	-1.73217	0	-17.8986	0.000191985	-6.84907	0.0125669	-7.23452	0	-21.9722	8.75735e-05	-0.516659	0	-0.786861	0	-5.90185	0
9.38488	0	-18.0571	2.42361e-07	-6.47201	0	-14.0857	1.4092e-10	-12.0712	0.0906594	-21.9485	8.47755e-05	-12.1031	1.48617e-12	-21.7103	0.00250287	-2.65336	0	-3.92079	0.000749601	-0.78644	0	-5.15549	0.000137191	-0.759983	0	-5.5003	0.00158424	-21.8924	7.85125e-05	-14.81	6.33761e-10	-14.0507	0.0328112	-1.70838	0	-17.8992	0.000168575	-6.66333	0.012331	-7.23452	0	-21.8965	7.89561e-05	-0.524633	0	-0.745862	0	-5.90185	0
9.37701	0	-18.0557	2.41811e-07	-6.47117	0	-14.0741	1.37386e-10	-10.4719	0.0853525	-21.9403	8.38258e-05	-12.0963	1.46198e-12	-21.7551	0.00214523	-2.61105	0	-3.85888	0.000585504	-0.789777	0	-5.2322	0.00013236	-0.780573	0	-5.39953	0.00147965	-21.883	7.75054e-05	-14.8021	6.24028e-10	-15.3427	0.0326404	-1.70556	0	-17.8576	0.000154881	-6.58504	0.0121004	-7.20807	0	-21.7963	6.88128e-05	-0.529196	0	-0.743342	0	-5.90185	0
9.37348	0	-18.0516	2.40091e-07	-6.45105	0	-14.0695	1.3604e-10	-11.2049	0.0742542	-21.9333	8.30324e-05	-12.094	1.45328e-12	-22.0749	0.00206783	-2.57458	0	-3.91025	0.000500641	-0.792972	0	-5.24927	0.000116919	-0.761023	0	-5.31967	0.0013917	-21.8801	7.71909e-05	-14.7934	6.12781e-10	-14.9083	0.0272173	-1.70085	0	-17.6412	0.000115596	-6.70603	0.0118652	-7.19715	0	-21.7598	6.54397e-05	-0.535595	0	-0.714658	0	-5.90185	0
9.36534	0	-18.0486	2.39011e-07	-6.45094	0	-14.0626	1.34049e-10	-8.94485	0.0720086	-21.9292	8.257e-05	-12.0878	1.43124e-12	-21.7062	0.00193383	-2.49171	0	-3.90111	0.000477531	-0.792972	0	-5.24746	0.0001081	-0.761023	0	-5.53043	0.00121328	-21.873	7.64491e-05	-14.7823	5.99527e-10	-13.5955	0.0216943	-1.69457	0	-17.6438	1.21317e-07	-6.61325	0.0115885	-7.18342	0	-21.6985	6.0128e-05	-0.544046	0	-0.680878	0	-5.88567	0
9.35132	0	-18.0438	2.37098e-07	-6.41349	0	-14.0538	1.31489e-10	-9.06682	0.0625834	-21.9251	8.21047e-05	-12.0817	1.40933e-12	-21.9665	0.00175781	-2.48623	0	-3.95408	0.000413454	-0.803503	0	-5.34195	0.000101404	-0.727729	0	-5.71168	0.00114841	-21.8698	7.61002e-05	-14.7768	5.92597e-10	-13.9739	0.0192984	-1.69457	0	-17.54	1.01627e-07	-6.63491	0.0112281	-7.17576	0	-21.6512	5.63209e-05	-0.552568	0	-0.669201	0	-5.8607	0
9.34726	0	-18.0382	2.34936e-07	-6.37831	0	-14.0462	1.2946e-10	-7.78247	0.0525725	-21.9206	8.16057e-05	-12.0756	1.38885e-12	-22.0697	0.00166092	-2.46273	0	-3.77413	0.000345991	-0.808321	0	-5.26924	0	-0.744967	0	-5.85193	0.00109161	-21.8595	7.50274e-05	-14.7645	5.78105e-10	-13.9739	0.0192984	-1.68632	0	-17.511	9.67381e-08	-6.16762	0.0109654	-7.16437	0	-21.5354	4.79491e-05	-0.557544	0	-0.647295	0	-5.82429	0
9.33564	0	-18.0332	2.3299e-07	-6.3676	0	-14.0372	1.27027e-10	-8.63221	0.0442282	-21.9121	8.06624e-05	-12.0689	1.36651e-12	-21.93	0.00156817	-2.43807	0	-3.77413	0.000345991	-0.814699	0	-5.2379	0	-0.708348	0	-5.79841	0.000911747	-21.8562	7.46923e-05	-14.7547	5.66907e-10	-13.9739	0.0192984	-1.68417	0	-17.329	7.06841e-08	-5.90189	0.01075	-7.15833	0	-21.5252	4.7273e-05	-0.568512	0	-0.632351	0	-5.74761	0
9.33181	0	-18.0251	2.29923e-07	-6.35173	0	-14.0312	1.25413e-10	-8.20266	0.0439437	-21.9076	8.01767e-05	-12.0596	1.33516e-12	-21.9521	0.0015017	-2.39419	0	-3.79785	0.000320832	-0.820492	0	-5.21619	0	-0.703599	0	-5.82071	0.000892405	-21.8509	7.41564e-05	-14.7505	5.62211e-10	-13.4697	0.0165367	-1.6755	0	-17.2528	6.19089e-08	-6.0894	0.0104206	-7.15689	0	-21.49	4.50125e-05	-0.576173	0	-0.627328	0	-5.66163	0
9.32012	0	-18.0216	2.28636e-07	-6.3278	0	-14.0242	1.23494e-10	-7.55997	0.0380137	-21.9011	7.94613e-05	-12.0581	1.32878e-12	-21.9499	0.00144541	-2.39419	0	-3.90359	0.000277015	-0.827944	0	-5.16202	0	-0.750824	0	-5.80358	0.000764914	-21.8435	7.34174e-05	-14.7443	5.54941e-10	-11.7949	0.0138992	-1.67441	0	-17.1627	5.29008e-08	-5.97884	0.010182	-7.13999	0	-21.4293	4.13485e-05	-0.583146	0	-0.588636	0	-5.63738	0
9.31077	0	-18.018	2.27348e-07	-6.30404	0	-14.0191	1.22214e-10	-6.89839	0.0348533	-21.8922	7.85074e-05	-12.0508	1.30637e-12	-22.0878	0.00137475	-2.32015	0	-3.87376	0.000247368	-0.834545	0	-5.14463	0	-0.759507	0	-6.023	0.000746836	-21.8366	7.27342e-05	-14.7357	5.44924e-10	-11.7949	0.0138992	-1.67514	0	-17.0809	4.58327e-08	-5.76063	0.0101528	-7.13561	0	-21.3956	3.94447e-05	-0.58837	0	-0.572385	0	-5.59604	0
9.302	0	-18.0156	2.26349e-07	-6.26777	0	-14.0102	1.19896e-10	-5.39385	0.0321556	-21.892	7.84824e-05	-12.0434	1.282e-12	-22.0536	0.00135887	-2.30326	0	-3.84743	0.000193592	-0.843927	0	-5.11786	0	-0.771585	0	-5.93704	0.000701056	-21.829	7.19822e-05	-14.7324	5.41612e-10	-12.0264	0.0126205	-1.66505	0	-17.0486	4.32748e-08	-5.90003	0.00971962	-7.11229	0	-21.3618	3.76161e-05	-0.595232	0	-0.553478	0	-5.51692	0
9.28683	0	-18.012	2.25029e-07	-6.25701	0	-14.0066	1.19018e-10	-4.97649	0.0283661	-21.8838	7.75992e-05	-12.0369	1.26087e-12	-22.0466	0.00126515	-2.29076	0	-3.80609	0.000172632	-0.848835	0	-5.06303	0	-0.796277	0	-6.03496	0.0006188	-21.8227	7.13591e-05	-14.7177	5.25583e-10	-12.4909	0.0115709	-1.65612	0	-16.9994	3.96955e-08	-5.33271	0.00929842	-7.11229	0	-21.3137	3.51581e-05	-0.60345	0	-0.510953	0	-5.50452	0
9.28382	0	-18.0029	2.21635e-07	-6.23135	0	-13.997	1.16533e-10	-4.78009	0.0265044	-21.8721	7.63552e-05	-12.0286	1.23568e-12	-22.1156	0.00119417	-2.28059	0	-3.75414	0.000158499	-0.853008	0	-5.03396	0	-0.802276	0	-6.01714	0.000518396	-21.8085	6.9974e-05	-14.7153	5.23101e-10	-12.8125	0.0108695	-1.65335	0	-16.9326	3.52328e-08	-5.21162	0.0087668	-7.08974	0	-21.2892	3.39637e-05	-0.608483	0	-0.52691	0	-5.46819	0
9.27213	0	-18.0019	2.21319e-07	-6.18255	0	-13.997	1.16533e-10	-5.41697	0.0236759	-21.867	7.58012e-05	-12.0185	1.20504e-12	-22.1468	0.00110022	-2.22546	0	-3.85611	0.000124473	-0.858789	0	-4.99708	0	-0.814126	0	-6.05929	0.000429064	-21.8	6.91585e-05	-14.7089	5.1618e-10	-13.0391	0.0105694	-1.65027	0	-16.9049	3.35256e-08	-5.21162	0.0087668	-7.07373	0	-21.2671	3.29267e-05	-0.61712	0	-0.521464	0	-5.42583	0
9.25447	0	-17.9953	2.18915e-07	-6.18255	0	-13.994	1.15853e-10	-4.6676	0.0229208	-21.8556	7.46635e-05	-12.0126	1.18858e-12	-22.0751	0.000978052	-2.22022	0	-3.78363	0.000102839	-0.870625	0	-4.98326	0	-0.819466	0	-5.91411	0.000341951	-21.7949	6.86705e-05	-14.7023	5.09217e-10	-12.4795	0.00978342	-1.64637	0	-16.8618	3.10469e-08	-5.12994	0.00834402	-7.05913	0	-21.2613	3.26602e-05	-0.622721	0	-0.552169	0	-5.36349	0
9.24013	0	-17.9872	2.15961e-07	-6.1687	0	-13.9851	1.13621e-10	-3.2507	0.0206784	-21.8459	7.36731e-05	-12.0081	1.17513e-12	-22.1185	0.00095823	-2.1977	0	-3.74665	0	-0.87181	0	-4.94977	0	-0.822965	0	-5.91411	0.000341951	-21.7905	6.82599e-05	-14.6848	4.91367e-10	-12.4967	0.00828465	-1.64272	0	-16.8547	3.06629e-08	-4.90818	0.00798093	-7.04836	0	-21.2576	3.24896e-05	-0.626482	0	-0.565736	0	-5.32182	0
9.22547	0	-17.9804	2.13407e-07	-6.13266	0	-13.9781	1.11894e-10	-3.87535	0.0188552	-21.8363	7.27026e-05	-12.0007	1.15168e-12	-22.0919	0.000879705	-2.19381	0	-3.74665	0	-0.877342	0	-4.94798	0	-0.827322	0	-5.77057	0.000298848	-21.7836	6.76114e-05	-14.6813	4.87961e-10	-12.5935	0.00755929	-1.63793	0	-16.8469	3.02355e-08	-5.11626	0.00781967	-7.03116	0	-21.241	3.17332e-05	-0.631973	0	-0.573811	0	-5.32182	0
9.2048	0	-17.9784	2.12741e-07	-6.09444	0	-13.9761	1.11403e-10	-3.8306	0.0177098	-21.8287	7.19532e-05	-11.9929	1.12989e-12	-22.1866	0.000814267	-2.17242	0	-3.73824	0	-0.881471	0	-4.90677	0	-0.832486	0	-5.75123	0.000251647	-21.7721	6.65461e-05	-14.6616	4.68949e-10	-12.8399	0.00718629	-1.63734	0	-16.8326	2.9466e-08	-5.23654	0.00748968	-7.01128	0	-21.2321	3.13319e-05	-0.635152	0	-0.602744	0	-5.30414	0
9.19282	0	-17.9712	2.10146e-07	-6.06762	0	-13.9668	1.09163e-10	-2.74248	0.0162468	-21.8229	7.13933e-05	-11.9928	1.12903e-12	-22.0697	0.000736016	-2.16348	0	-3.69038	0	-0.883882	0	-4.90657	0	-0.836674	0	-5.70651	0.000221701	-21.7588	6.53433e-05	-14.6566	4.63796e-10	-11.8667	0.00668283	-1.63103	0	-16.8183	2.87272e-08	-5.21454	0.00728655	-7.00229	0	-21.2247	3.10128e-05	-0.638048	0	-0.626204	0	-5.22991	0
9.17882	0	-17.9635	2.07443e-07	-6.03921	0	-13.9631	1.0828e-10	-2.62802	0.0141564	-21.8163	7.07504e-05	-11.9834	1.10318e-12	-22.0697	0.000736016	-2.14414	0	-3.60926	0	-0.887033	0	-4.86821	0	-0.839598	0	-5.77911	0.000207711	-21.7538	6.48996e-05	-14.6454	4.53601e-10	-12.3632	0.00585304	-1.6242	0	-16.7923	2.74221e-08	-4.84799	0.0070126	-6.99496	0	-21.2131	3.05075e-05	-0.647196	0	-0.65597	0	-5.22991	0
9.1298	0	-17.959	2.05919e-07	-6.02846	0	-13.9583	1.07179e-10	-2.62802	0.0141564	-21.8107	7.01963e-05	-11.9793	1.09179e-12	-22.1529	0.000695523	-2.13645	0	-3.60179	0	-0.888136	0	-4.86821	0	-0.843271	0	-5.74776	0.000193511	-21.7477	6.43553e-05	-14.6389	4.47312e-10	-12.4173	0.00541677	-1.62142	0	-16.781	2.68812e-08	-4.86595	0.0066264	-6.97956	0	-21.2075	3.0262e-05	-0.648161	0	-0.663505	0	-5.22991	0
9.09856	0	-17.9494	2.02535e-07	-5.98993	0	-13.952	1.05783e-10	-3.00506	0.0121402	-21.8023	6.93922e-05	-11.9746	1.08005e-12	-22.1894	0.000676808	-2.13592	0	-3.59537	0	-0.891637	0	-4.86821	0	-0.84578	0	-5.77462	0.000176999	-21.7406	6.37228e-05	-14.6272	4.36846e-10	-11.9109	0.00473046	-1.61726	0	-16.7667	2.62214e-08	-4.96245	0.00609489	-6.95893	0	-21.2002	2.99509e-05	-0.652676	0	-0.674782	0	-5.19818	0
9.07045	0	-17.9443	2.00767e-07	-5.98559	0	-13.9479	1.04864e-10	-2.56729	0.0104216	-21.7958	6.8786e-05	-11.9713	1.07089e-12	-22.1681	0.000639713	-2.12016	0	-3.5362	0	-0.894981	0	-4.84374	0	-0.847325	0	-5.83664	0.000159704	-21.7374	6.34386e-05	-14.6172	4.28038e-10	-12.0598	0.00410021	-1.6167	0	-16.765	2.6141e-08	-4.84095	0.00582557	-6.95893	0	-21.1924	2.96203e-05	-0.656357	0	-0.688349	0	-5.16742	0
9.05463	0	-17.9413	1.99845e-07	-5.98559	0	-13.9399	1.03081e-10	-2.2581	0.0102295	-21.79	6.82263e-05	-11.9643	1.05286e-12	-22.211	0.000578905	-2.12016	0	-3.5362	0	-0.895669	0	-4.82292	0	-0.849515	0	-5.82115	0.000136303	-21.7274	6.25849e-05	-14.6145	4.256e-10	-12.0376	0.0034281	-1.615	0	-16.7548	2.56673e-08	-4.66597	0.00508015	-6.9456	0	-21.1907	2.9547e-05	-0.662064	0	-0.700283	0	-5.15058	0
9.03606	0	-17.9293	1.95887e-07	-5.98101	0	-13.9369	1.02366e-10	-2.13977	0.00859398	-21.7771	6.70331e-05	-11.9614	1.04372e-12	-22.2081	0.000568571	-2.10536	0	-3.51213	0	-0.897436	0	-4.77998	0	-0.854493	0	-5.77947	0.000128291	-21.7206	6.19882e-05	-14.6004	4.1348e-10	-11.8436	0.00314384	-1.60669	0	-16.752	2.55374e-08	-4.85232	0.00445585	-6.93856	0	-21.1854	2.93284e-05	-0.664327	0	-0.711763	0	-5.1061	0
9.0207	0	-17.9238	1.94226e-07	-5.96429	0	-13.9307	1.01085e-10	-1.17145	0.00787914	-21.7745	6.67862e-05	-11.9574	1.03375e-12	-22.2552	0.000521151	-2.10341	0	-3.49108	0	-0.899066	0	-4.76768	0	-0.858718	0	-5.84171	0.000124208	-21.7052	6.06906e-05	-14.5969	4.10389e-10	-11.6383	0.00280154	-1.60137	0	-16.7432	2.51254e-08	-4.9604	0.00384221	-6.9245	0	-21.1802	2.91136e-05	-0.666566	0	-0.727007	0	-5.08717	0
9.01475	0	-17.9107	1.89936e-07	-5.94007	0	-13.9177	9.82202e-11	-1.37952	0.00739792	-21.7585	6.53232e-05	-11.9514	1.01784e-12	-22.2993	0.000490279	-2.09789	0	-3.45602	0	-0.901122	0	-4.73549	0	-0.861207	0	-5.8659	0.000111201	-21.6942	5.97894e-05	-14.5922	4.06333e-10	-11.4228	0.00260865	-1.59589	0	-16.7379	2.48963e-08	-5.09669	0.00354917	-6.90516	0	-21.1735	2.884e-05	-0.66884	0	-0.741665	0	-5.05635	0
8.98473	0	-17.9028	1.87471e-07	-5.92003	0	-13.9052	9.56685e-11	-0.780144	0.00615264	-21.7517	6.47161e-05	-11.9423	0	-22.3157	0.000454088	-2.08634	0	-3.41696	0	-0.904235	0	-4.72006	0	-0.86527	0	-5.85496	0.000105231	-21.6909	5.95042e-05	-14.5895	4.04236e-10	-11.4274	0.00238296	-1.59468	0	-16.7345	2.47359e-08	-5.24077	0.00296863	-6.90018	0	-21.1642	2.846e-05	-0.671091	0	-0.748528	0	-5.0524	0
8.96857	0	-17.8976	1.85943e-07	-5.91969	0	-13.9052	9.56685e-11	-0.566061	0.0055038	-21.7433	6.39715e-05	-11.9379	0	-22.3337	0.000420239	-2.08485	0	-3.38142	0	-0.906029	0	-4.67676	0	-0.867108	0	-5.85595	0	-21.6848	5.9017e-05	-14.581	3.97248e-10	-11.7258	0.00226139	-1.59255	0	-16.7283	2.44739e-08	-5.37443	0.0028511	-6.8908	0	-21.1513	2.79439e-05	-0.672166	0	-0.757308	0	-5.01819	0
8.92886	0	-17.8953	1.85178e-07	-5.91748	0	-13.9032	9.51896e-11	0.0348012	0.00459239	-21.7388	6.35778e-05	-11.9316	0	-22.3409	0.000406608	-2.08098	0	-3.33259	0	-0.9072	0	-4.67409	0	-0.870433	0	-5.83437	0	-21.6809	5.8695e-05	-14.5737	3.91435e-10	-11.3869	0.00192247	-1.58307	0	-16.7174	2.39958e-08	-5.2291	0.00268251	-6.87706	0	-21.1475	2.77935e-05	-0.674946	0	-0.762814	0	-5.01047	0
8.92528	0	-17.89	1.83508e-07	-5.89252	0	-13.898	9.41132e-11	-0.280547	0.00443117	-21.7271	6.25586e-05	-11.9257	0	-22.3424	0.00037572	-2.07466	0	-3.31867	0	-0.907808	0	-4.64358	0	-0.872684	0	-5.81033	0	-21.6731	5.80652e-05	-14.5698	3.88113e-10	-11.3966	0.0016342	-1.58307	0	-16.7045	2.34313e-08	-5.3732	0.00240244	-6.86761	0	-21.1318	2.71837e-05	-0.676586	0	-0.772311	0	-4.99287	0
8.90885	0	-17.881	1.80771e-07	-5.87364	0	-13.8933	9.31724e-11	-0.264196	0.00408655	-21.7217	6.20823e-05	-11.916	0	-22.3312	0.000355849	-2.06663	0	-3.27726	0	-0.908896	0	-4.61429	0	-0.876156	0	-5.79771	0	-21.668	5.76578e-05	-14.5642	3.83818e-10	-11.6087	0.00154523	-1.58222	0	-16.6998	2.32437e-08	-5.26324	0.00220663	-6.85963	0	-21.1312	2.71601e-05	-0.679255	0	-0.783934	0	-4.96057	0
8.90026	0	-17.8764	1.79313e-07	-5.87094	0	-13.8858	9.16595e-11	0.606023	0.00351617	-21.7116	6.12089e-05	-11.9061	0	-22.3513	0.000343726	-2.05953	0	-3.26916	0	-0.909627	0	-4.52439	0	-0.878976	0	-5.76883	0	-21.6597	5.69963e-05	-14.553	3.75167e-10	-11.2774	0.00141168	-1.57716	0	-16.6953	2.30537e-08	-5.35938	0.0021118	-6.85224	0	-21.1188	2.66836e-05	-0.68139	0	-0.792517	0	-4.94631	0
8.88544	0	-17.87	1.77402e-07	-5.86259	0	-13.8779	9.00612e-11	0.52338	0.00332004	-21.7072	6.08516e-05	-11.8989	0	-22.3229	0.000325673	-2.05511	0	-3.25885	0	-0.91081	0	-4.50292	0	-0.88103	0	-5.74804	0	-21.6551	5.66397e-05	-14.5426	3.67263e-10	-11.1714	0.00127973	-1.56963	0	-16.6904	2.28683e-08	-5.29663	0.00192787	-6.84132	0	-21.1165	2.65981e-05	-0.682187	0	-0.80085	0	-4.93918	0
8.84771	0	-17.8668	1.76443e-07	-5.84113	0	-13.8779	9.00427e-11	0.437305	0.0031207	-21.7008	6.03105e-05	-11.8936	0	-22.3082	0.00031284	-2.05435	0	-3.23408	0	-0.91252	0	-4.43174	0	-0.886556	0	-5.71873	0	-21.6489	5.61497e-05	-14.5302	3.57957e-10	-11.3324	0.00116079	-1.57061	0	-16.6837	2.25995e-08	-5.33611	0.00162818	-6.82941	0	-21.1122	2.64309e-05	-0.68417	0	-0.805826	0	-4.92982	0
8.80749	0	-17.8547	1.72866e-07	-5.8297	0	-13.8717	8.89094e-11	0.451793	0.00281894	-21.6939	5.97226e-05	-11.8851	0	-22.3536	0.000287697	-2.04459	0	-3.19882	0	-0.913773	0	-4.42568	0	-0.889991	0	-5.71397	0	-21.6401	5.54727e-05	-14.5201	3.50498e-10	-11.3128	0.00104445	-1.56187	0	-16.6751	2.22497e-08	-5.49965	0.00156052	-6.82096	0	-21.1042	2.61319e-05	-0.685066	0	-0.809891	0	-4.88539	0
8.73758	0	-17.8466	1.70573e-07	-5.81998	0	-13.867	8.79211e-11	0.470266	0.00271665	-21.6919	5.95672e-05	-11.8795	0	-22.3472	0.000275086	-2.03136	0	-3.18665	0	-0.914479	0	-4.40796	0	-0.893984	0	-5.69808	0	-21.6317	5.48338e-05	-14.5175	3.48737e-10	-11.3813	0.000924791	-1.55796	0	-16.6632	2.17746e-08	-5.39248	0.0014406	-6.80759	0	-21.0966	2.58527e-05	-0.686686	0	-0.814804	0	-4.87114	0
8.69585	0	-17.8388	1.68371e-07	-5.81177	0	-13.8613	8.68921e-11	0.509694	0.00254538	-21.6837	5.88854e-05	-11.8776	0	-22.353	0.000257939	-2.03136	0	-3.15183	0	-0.915857	0	-4.37607	0	-0.894718	0	-5.68811	0	-21.6266	5.44465e-05	-14.499	3.35502e-10	-11.3372	0.000758782	-1.55639	0	-16.6619	2.17143e-08	-5.29586	0.0012256	-6.79794	0	-21.0906	2.56354e-05	-0.688779	0	-0.817759	0	-4.87263	0
8.66024	0	-17.8307	1.6609e-07	-5.74509	0	-13.8569	8.61363e-11	0.802596	0.0022679	-21.6737	5.80795e-05	-11.8675	0	-22.3492	0.000249349	-2.01474	0	-3.10139	0	-0.916506	0	-4.35579	0	-0.896796	0	-5.65727	0	-21.6214	5.40552e-05	-14.499	3.35502e-10	-11.397	0.000653686	-1.55554	0	-16.6561	2.14911e-08	-5.58092	0.00101377	-6.78083	0	-21.0825	2.5346e-05	-0.690849	0	-0.821674	0	-4.85266	0
8.64959	0	-17.8216	1.63607e-07	-5.74112	0	-13.8483	8.44985e-11	1.03834	0.00221693	-21.6697	5.77568e-05	-11.8587	0	-22.3411	0.000143975	-2.00128	0	-3.05229	0	-0.917605	0	-4.34955	0	-0.898746	0	-5.62161	0	-21.6141	5.35041e-05	-14.4903	3.29482e-10	-11.4806	0.000497929	-1.55203	0	-16.6519	2.13307e-08	-5.52022	0.000911102	-6.77752	0	-21.0731	2.5009e-05	-0.69109	0	-0.827628	0	-4.84137	0
8.64959	0	-17.8178	1.62487e-07	-5.72032	0	-13.8381	8.2635e-11	1.00993	0.00209978	-21.6616	5.7106e-05	-11.8587	0	-22.3379	0.000143337	-1.99497	0	-3.03715	0	-0.919273	0	-4.32465	0	-0.901258	0	-5.60679	0	-21.6036	5.27328e-05	-14.4862	3.26681e-10	-11.4806	0.000497929	-1.54724	0	-16.6473	2.11503e-08	-5.56834	0.000901967	-6.76451	0	-21.0659	2.47576e-05	-0.692192	0	-0.831866	0	-4.81556	0
8.62261	0	-17.8121	1.60891e-07	-5.69349	0	-13.8341	8.19597e-11	1.0163	0.00200753	-21.6586	5.68796e-05	-11.853	0	-22.3176	0.00013946	-1.98351	0	-3.00805	0	-0.919834	0	-4.3196	0	-0.902534	0	-5.57055	0	-21.6015	5.25785e-05	-14.4791	3.21986e-10	-11.3394	0.000487598	-1.54679	0	-16.6337	2.06356e-08	-5.51074	0.000880437	-6.74872	0	-21.0535	2.43239e-05	-0.692856	0	-0.834868	0	-4.79003	0
8.61097	0	-17.807	1.59581e-07	-5.68037	0	-13.8256	8.04581e-11	1.08789	0.00177773	-21.6499	5.61951e-05	-11.8469	0	-22.3124	0.000138466	-1.97569	0	-2.99944	0	-0.920437	0	-4.29515	0	-0.905084	0	-5.57055	0	-21.594	5.20355e-05	-14.4713	3.16972e-10	-11.396	0.000422603	-1.54104	0	-16.6305	2.05117e-08	-5.57513	0.000812063	-6.74872	0	-21.0486	2.41541e-05	-0.693874	0	-0.838348	0	-4.77033	0
8.58397	0	-17.8015	1.58025e-07	-5.66945	0	-13.8168	7.89344e-11	1.38376	0.0015969	-21.6407	5.54797e-05	-11.8411	0	-22.2957	0.000135326	-1.95731	0	-2.9401	0	-0.921192	0	-4.29181	0	-0.90564	0	-5.54016	0	-21.5895	5.17096e-05	-14.4662	3.13584e-10	-11.4707	0.000383318	-1.53594	0	-16.623	2.02372e-08	-5.5264	0.00077378	-6.73588	0	-21.0421	2.39305e-05	-0.694071	0	-0.842745	0	-4.7462	0
8.58062	0	-17.7946	1.56302e-07	-5.65308	0	-13.8118	7.81217e-11	1.02811	0.00158727	-21.6346	5.50186e-05	-11.8333	0	-22.2809	0.000132582	-1.94435	0	-2.91579	0	-0.92185	0	-4.25402	0	-0.906625	0	-5.52682	0	-21.577	5.08193e-05	-14.4475	3.01894e-10	-11.6085	0.000347671	-1.53528	0	-16.6185	2.0067e-08	-5.53576	0.000720666	-6.73043	0	-21.0344	2.36695e-05	-0.69493	0	-0.848774	0	-4.72791	0
8.54845	0	-17.7914	1.55398e-07	-5.61016	0	-13.8021	7.64382e-11	1.36588	0.001436	-21.6307	5.47332e-05	-11.8273	0	-22.2673	0.000130166	-1.94084	0	-2.87952	0	-0.922221	0	-4.25315	0	-0.908575	0	-5.50031	0	-21.5655	5.00133e-05	-14.4475	3.01894e-10	-11.5607	0.000284687	-1.52787	0	-16.6119	1.98321e-08	-5.56659	0.00068393	-6.7123	0	-21.0289	2.34863e-05	-0.69518	0	-0.8504	0	-4.70411	0
8.53348	0	-17.7869	1.5416e-07	-5.60456	0	-13.7954	7.53184e-11	1.02769	0.00132447	-21.6216	5.40349e-05	-11.8131	0	-22.2507	0.000127247	-1.93711	0	-2.87623	0	-0.922581	0	-4.22509	0	-0.911073	0	-5.474	0	-21.55	4.89438e-05	-14.4373	2.95373e-10	-11.6327	0.000269852	-1.51971	0	-16.6022	1.94896e-08	-5.70859	0.000581805	-6.7123	0	-21.0245	2.33381e-05	-0.695598	0	-0.853415	0	-4.69954	0
8.52657	0	-17.78	1.52407e-07	-5.58293	0	-13.7898	7.44208e-11	1.3224	0.00111386	-21.6178	5.37441e-05	-11.7958	0	-22.2451	0.000126277	-1.92712	0	-2.85	0	-0.92286	0	-4.20841	0	-0.911847	0	-5.46748	0	-21.5471	4.87549e-05	-14.4265	2.88814e-10	-11.598	0.00024027	-1.51799	0	-16.592	1.91443e-08	-5.62073	0.000533806	-6.69946	0	-21.0179	2.31176e-05	-0.696027	0	-0.854818	0	-4.69052	0
8.50154	0	-17.7707	1.50081e-07	-5.57128	0	-13.7787	7.2635e-11	1.90594	0.000918881	-21.6062	5.29105e-05	-11.776	0	-22.2345	0.00012447	-1.89951	0	-2.84923	0	-0.922937	0	-4.20841	0	-0.9127	0	-5.45263	0	-21.5444	4.85714e-05	-14.4215	2.85889e-10	-11.5082	0.000197898	-1.50955	0	-16.5812	1.87712e-08	-5.85119	0.000479113	-6.69946	0	-21.0077	2.27849e-05	-0.696277	0	-0.85716	0	-4.66505	0
8.49493	0	-17.7685	1.49458e-07	-5.5356	0	-13.7671	7.08421e-11	1.83923	0.000728005	-21.5958	5.21524e-05	-11.776	0	-22.2254	0.000122936	-1.89073	0	-2.82413	0	-0.923113	0	-4.20841	0	-0.913073	0	-5.44443	0	-21.5372	4.80868e-05	-14.41	2.79128e-10	-11.5908	0.000191326	-1.50607	0	-16.5786	1.86816e-08	-5.97627	0.000473824	-6.6913	0	-21.0043	2.26743e-05	-0.696595	0	-0.858952	0	-4.66273	0
8.49493	0	-17.7642	1.48428e-07	-5.46775	0	-13.7571	6.93034e-11	2.03295	0.000703378	-21.5908	5.1787e-05	-11.7722	0	-22.2207	0.000122174	-1.87327	0	-2.82191	0	-0.923195	0	-4.17649	0	-0.913984	0	-5.43505	0	-21.5298	4.75912e-05	-14.4025	2.7478e-10	-11.5406	0.000156405	-1.50007	0	-16.5712	1.84356e-08	-5.94384	0.00042162	-6.67858	0	-20.9957	2.23986e-05	-0.696761	0	-0.859975	0	-4.65634	0
8.48989	0	-17.758	1.46801e-07	-5.44462	0	-13.7477	6.78915e-11	2.31341	0.000631066	-21.5847	5.13503e-05	-11.764	0	-22.2115	0.000120693	-1.87327	0	-2.80457	0	-0.923333	0	-4.168	0	-0.915448	0	-5.42213	0	-21.5199	4.69409e-05	-14.397	2.71748e-10	-11.5913	0.000127258	-1.49252	0	-16.5606	1.80834e-08	-5.95154	0.000401523	-6.67858	0	-20.9879	2.21484e-05	-0.697029	0	-0.861574	0	-4.64986	0
8.48862	0	-17.7522	1.45363e-07	-5.38633	0	-13.7364	6.62734e-11	2.17268	0.000506863	-21.5797	5.10005e-05	-11.7547	0	-22.2031	0.000119338	-1.86598	0	-2.79506	0	-0.923404	0	-4.15474	0	-0.915645	0	-5.41614	0	-21.5113	4.63785e-05	-14.3945	2.70275e-10	-11.6452	0.000103356	-1.48402	0	-16.5554	1.79169e-08	-5.92246	0.000357278	-6.64811	0	-20.9825	2.19775e-05	-0.69728	0	-0.862572	0	-4.62224	0
8.48562	0	-17.7418	1.42826e-07	-5.38633	0	-13.73	6.53448e-11	2.51096	0.000407206	-21.5754	5.06886e-05	-11.7448	0	-22.1986	0.000118581	-1.8556	0	-2.76745	0	-0.923519	0	-4.13505	0	-0.916538	0	-5.38128	0	-21.5022	4.57891e-05	-14.3842	2.64532e-10	-11.6452	0.000103356	-1.46963	0	-16.544	1.75542e-08	-5.99706	0.000295177	-6.64756	0	-20.969	2.15586e-05	-0.697564	0	-0.864689	0	-4.61374	0
8.47691	0	-17.7321	1.40597e-07	-5.33389	0	-13.7207	6.40248e-11	2.76444	0.000349437	-21.5707	5.03645e-05	-11.7364	0	-22.1937	0.000117848	-1.81945	0	-2.76745	0	-0.923595	0	-4.12957	0	-0.91733	0	-5.38128	0	-21.4912	4.50954e-05	-14.3756	2.59836e-10	-11.5457	0	-1.46492	0	-16.5349	1.72652e-08	-6.15534	0.000257492	-6.64106	0	-20.9566	2.11805e-05	-0.698073	0	-0.866842	0	-4.60693	0
8.46549	0	-17.7268	1.39228e-07	-5.29403	0	-13.7102	6.25507e-11	2.85444	0.000286046	-21.5655	5.00015e-05	-11.7253	0	-22.1861	0.00011661	-1.81306	0	-2.74828	0	-0.923704	0	-4.11956	0	-0.91794	0	-5.36314	0	-21.4804	4.44163e-05	-14.3733	2.58629e-10	-11.5271	0	-1.44927	0	-16.5248	1.69544e-08	-6.17943	0.000208704	-6.62796	0	-20.9495	2.09655e-05	-0.698565	0	-0.867572	0	-4.58742	0
8.44974	0	-17.7204	1.37735e-07	-5.24645	0	-13.6972	6.08055e-11	2.78789	0.000224276	-21.5576	4.94567e-05	-11.7234	0	-22.1822	0.000115977	-1.8019	0	-2.72445	0	-0.92382	0	-4.11255	0	-0.918549	0	-5.36055	0	-21.4678	4.36424e-05	-14.3679	2.55741e-10	-11.4502	0	-1.44253	0	-16.5218	1.68601e-08	-6.42808	0.000167935	-6.61972	0	-20.9386	2.06406e-05	-0.698765	0	-0.868462	0	-4.56541	0
8.4442	0	-17.7132	1.36118e-07	-5.16183	0	-13.6926	6.02272e-11	2.95278	0.000205165	-21.5474	4.87604e-05	-11.7147	0	-22.1744	0.000114775	-1.77834	0	-2.71194	0	-0.923892	0	-4.09097	0	-0.919396	0	-5.35052	0	-21.4616	4.32697e-05	-14.3558	2.49319e-10	-11.396	0	-1.43323	0	-16.5159	1.66778e-08	-6.51128	0.000123359	-6.61839	0	-20.9289	2.03568e-05	-0.699185	0	-0.868951	0	-4.55443	0
8.42651	0	-17.7059	1.34362e-07	-5.11353	0	-13.6811	5.8709e-11	2.73002	0.000163911	-21.5421	4.84035e-05	-11.7102	0	-22.1696	0.000114053	-1.77427	0	-2.69884	0	-0.924063	0	-4.06672	0	-0.919706	0	-5.34215	0	-21.4462	4.23453e-05	-14.3491	2.4598e-10	-11.3937	0	-1.43323	0	-16.513	1.65897e-08	-6.74853	0.000109219	-6.61302	0	-20.9133	1.99074e-05	-0.699668	0	-0.869554	0	-4.54121	0
8.39346	0	-17.699	1.32863e-07	-5.07376	0	-13.6738	5.77954e-11	2.79591	0.000151856	-21.5367	4.80366e-05	-11.7065	0	-22.1662	0.000113504	-1.7525	0	-2.65691	0	-0.924099	0	-4.06672	0	-0.920264	0	-5.33254	0	-21.4343	4.16464e-05	-14.3392	2.40941e-10	-11.3808	0	-1.41763	0	-16.5062	1.63816e-08	-6.59595	0	-6.60644	0	-20.9062	1.97035e-05	-0.70006	0	-0.87002	0	-4.53411	0
8.37517	0	-17.6884	1.30605e-07	-5.06248	0	-13.6681	5.70676e-11	2.85728	0.000139306	-21.5282	4.74704e-05	-11.7019	0	-22.1616	0.000112848	-1.7525	0	-2.63624	0	-0.924184	0	-4.05721	0	-0.920999	0	-5.31602	0	-21.4281	4.12883e-05	-14.3277	2.35196e-10	-11.3662	0	-1.41763	0	-16.5001	1.62023e-08	-6.57853	0	-6.59231	0	-20.9009	1.95558e-05	-0.700346	0	-0.870648	0	-4.52437	0
8.35063	0	-17.683	1.29422e-07	-5.05518	0	-13.6596	5.6018e-11	2.92256	0.000125629	-21.5219	4.70569e-05	-11.6985	0	-22.1551	0.000111886	-1.71959	0	-2.62929	0	-0.924235	0	-4.05435	0	-0.921385	0	-5.30353	0	-21.4182	4.07163e-05	-14.3256	2.34237e-10	-11.3662	0	-1.40969	0	-16.4967	1.61046e-08	-6.54679	0	-6.58292	0	-20.8875	1.91832e-05	-0.700461	0	-0.871224	0	-4.5105	0
8.30149	0	-17.6752	1.27754e-07	-5.00545	0	-13.6586	5.5907e-11	2.79861	0.000111136	-21.5187	4.68492e-05	-11.6917	0	-22.146	0.000110518	-1.68914	0	-2.61198	0	-0.924301	0	-4.0322	0	-0.921721	0	-5.29032	0	-21.4127	4.04063e-05	-14.3105	2.2689e-10	-11.3598	0	-1.40611	0	-16.4948	1.60458e-08	-6.52941	0	-6.57368	0	-20.873	1.87874e-05	-0.700575	0	-0.871645	0	-4.5105	0
8.27275	0	-17.6613	1.24838e-07	-5.00056	0	-13.652	5.50836e-11	2.83334	0	-21.5123	4.64391e-05	-11.6855	0	-22.1437	0.000110161	-1.68753	0	-2.58988	0	-0.924363	0	-3.99907	0	-0.921974	0	-5.26121	0	-21.4028	3.98488e-05	-14.3076	2.25485e-10	-11.3561	0	-1.39336	0	-16.4875	1.58433e-08	-6.47128	0	-6.55754	0	-20.8643	1.85504e-05	-0.700725	0	-0.872388	0	-4.50224	0
8.24516	0	-17.6582	1.24125e-07	-4.96082	0	-13.6474	5.45254e-11	2.70313	0	-21.5047	4.59421e-05	-11.6828	0	-22.1399	0.000109607	-1.68753	0	-2.58134	0	-0.924394	0	-3.99581	0	-0.922222	0	-5.23297	0	-21.3953	3.94357e-05	-14.3016	2.22688e-10	-11.349	0	-1.38744	0	-16.479	1.55952e-08	-6.47128	0	-6.55015	0	-20.851	1.81994e-05	-0.700867	0	-0.873159	0	-4.49389	0
8.24516	0	-17.6522	1.22904e-07	-4.94603	0	-13.639	5.3528e-11	2.69975	0	-21.4911	4.50825e-05	-11.6764	0	-22.1328	0.000108542	-1.65288	0	-2.55465	0	-0.924428	0	-3.97023	0	-0.92245	0	-5.20572	0	-21.3894	3.91066e-05	-14.29	2.17354e-10	-11.343	0	-1.38505	0	-16.4769	1.55351e-08	-6.47	0	-6.52754	0	-20.8436	1.80083e-05	-0.701034	0	-0.873622	0	-4.49263	0
8.2251	0	-17.6478	1.21978e-07	-4.93196	0	-13.6279	5.22486e-11	2.6445	0	-21.4833	4.45931e-05	-11.6714	0	-22.1287	0.000107924	-1.64451	0	-2.54504	0	-0.924483	0	-3.94394	0	-0.922598	0	-5.17611	0	-21.3826	3.87384e-05	-14.2799	2.12803e-10	-11.3396	0	-1.37359	0	-16.4701	1.5341e-08	-6.46857	0	-6.50875	0	-20.8391	1.7888e-05	-0.701079	0	-0.874289	0	-4.48268	0
8.21245	0	-17.6387	1.20073e-07	-4.9032	0	-13.6234	5.17418e-11	2.61002	0	-21.4733	4.39751e-05	-11.6637	0	-22.1218	0.000106898	-1.62542	0	-2.52328	0	-0.924534	0	-3.92357	0	-0.922936	0	-5.15398	0	-21.3713	3.8131e-05	-14.2688	2.07912e-10	-11.3348	0	-1.37158	0	-16.4633	1.51539e-08	-6.45211	0	-6.50283	0	-20.8348	1.778e-05	-0.701226	0	-0.874462	0	-4.47254	0
8.20276	0	-17.627	1.17664e-07	-4.8722	0	-13.6127	5.05346e-11	2.58	0	-21.4643	4.34222e-05	-11.6581	0	-22.1204	0.000106691	-1.62104	0	-2.51977	0	-0.924595	0	-3.92357	0	-0.923138	0	-5.13487	0	-21.3663	3.78598e-05	-14.2536	2.01368e-10	-11.3283	0	-1.36101	0	-16.4518	1.48356e-08	-6.44184	0	-6.49552	0	-20.8257	1.75477e-05	-0.701335	0	-0.874872	0	-4.4717	0
8.18786	0	-17.615	1.15336e-07	-4.86744	0	-13.6058	4.9745e-11	2.5564	0	-21.4618	4.32743e-05	-11.6508	0	-22.1143	0.000105862	-1.60311	0	-2.50117	0	-0.92464	0	-3.92357	0	-0.92326	0	-5.09516	0	-21.3587	3.7458e-05	-14.2536	2.01368e-10	-11.3241	0	-1.35913	0	-16.4417	1.45687e-08	-6.40605	0	-6.48779	0	-20.8149	1.72754e-05	-0.701426	0	-0.875653	0	-4.4717	0
8.17396	0	-17.6051	1.13322e-07	-4.82358	0	-13.5972	4.88056e-11	2.53249	0	-21.4539	4.2802e-05	-11.6441	0	-22.1098	0.000105173	-1.56691	0	-2.48728	0	-0.924674	0	-3.92363	0	-0.923337	0	-5.06469	0	-21.3526	3.71391e-05	-14.2427	1.96785e-10	-11.3115	0	-1.34994	0	-16.4314	1.43011e-08	-6.40605	0	-6.46869	0	-20.8051	1.7032e-05	-0.701463	0	-0.875931	0	-4.46988	0
8.17396	0	-17.5928	1.10891e-07	-4.82358	0	-13.5912	4.81696e-11	2.50399	0	-21.4452	4.22813e-05	-11.6345	0	-22.1042	0.000104357	-1.54116	0	-2.47599	0	-0.924715	0	-3.90925	0	-0.923437	0	-5.06469	0	-21.3456	3.67732e-05	-14.2345	1.93419e-10	-11.3034	0	-1.33269	0	-16.4162	1.3911e-08	-6.40009	0	-6.46701	0	-20.798	1.68584e-05	-0.701521	0	-0.876198	0	-4.46267	0
8.16613	0	-17.5849	1.09437e-07	-4.81804	0	-13.582	4.71944e-11	2.4758	0	-21.4367	4.17878e-05	-11.6298	0	-22.1018	0.00010405	-1.51749	0	-2.47187	0	-0.924742	0	-3.90925	0	-0.923476	0	-5.04527	0	-21.3379	3.63754e-05	-14.222	1.88369e-10	-11.2949	0	-1.33269	0	-16.4138	1.38504e-08	-6.38083	0	-6.46481	0	-20.7834	1.65097e-05	-0.701599	0	-0.87649	0	-4.4515	0
8.15728	0	-17.5798	1.0851e-07	-4.8037	0	-13.5708	4.60485e-11	2.44422	0	-21.4297	4.13778e-05	-11.621	0	-22.0968	0.000103305	-1.46662	0	-2.45653	0	-0.924764	0	-3.89511	0	-0.923513	0	-5.03193	0	-21.3284	3.58948e-05	-14.2137	1.85106e-10	-11.2901	0	-1.32352	0	-16.4096	1.37416e-08	-6.36695	0	-6.46095	0	-20.7704	1.62042e-05	-0.701627	0	-0.876737	0	-4.44217	0
8.14077	0	-17.5762	1.07889e-07	-4.76851	0	-13.5622	4.52043e-11	2.44422	0	-21.4247	4.10893e-05	-11.6187	0	-22.0925	0.000102697	-1.42333	0	-2.44702	0	-0.924776	0	-3.88177	0	-0.923573	0	-5.01939	0	-21.3162	3.52849e-05	-14.2049	1.81728e-10	-11.2823	0	-1.31393	0	-16.4043	1.36065e-08	-6.35444	0	-6.45493	0	-20.7594	1.59473e-05	-0.701664	0	-0.876887	0	-4.43582	0
8.12911	0	-17.5674	1.06257e-07	-4.76851	0	-13.551	4.40763e-11	2.42048	0	-21.4138	4.04671e-05	-11.6168	0	-22.0866	0.00010187	-1.39077	0	-2.43505	0	-0.924789	0	-3.86978	0	-0.92363	0	-4.99009	0	-21.3067	3.48162e-05	-14.1952	1.78016e-10	-11.2788	0	-1.30408	0	-16.3999	1.34946e-08	-6.33632	0	-6.44753	0	-20.7494	1.57178e-05	-0.701728	0	-0.87714	0	-4.42857	0
8.12493	0	-17.5622	1.05355e-07	-4.74243	0	-13.5437	4.33714e-11	2.39481	0	-21.4059	4.00212e-05	-11.6097	0	-22.0815	0.000101184	-1.34156	0	-2.40138	0	-0.924803	0	-3.86607	0	-0.923669	0	-4.98042	0	-21.2952	3.42526e-05	-14.1856	1.74481e-10	-11.2751	0	-1.29196	0	-16.3944	1.33638e-08	-6.33144	0	-6.44252	0	-20.7374	1.54467e-05	-0.701754	0	-0.87737	0	-4.41336	0
8.11528	0	-17.5537	1.03845e-07	-4.71523	0	-13.534	4.24778e-11	2.37769	0	-21.3944	3.93832e-05	-11.6052	0	-22.0686	9.94603e-05	-1.34117	0	-2.38409	0	-0.924805	0	-3.84663	0	-0.92369	0	-4.95218	0	-21.2807	3.35626e-05	-14.1727	1.69755e-10	-11.2688	0	-1.28071	0	-16.3894	1.32446e-08	-6.31716	0	-6.43286	0	-20.7323	1.53327e-05	-0.701784	0	-0.87746	0	-4.40699	0
8.10968	0	-17.5473	1.02686e-07	-4.7011	0	-13.5274	4.18191e-11	2.36906	0	-21.3875	3.90011e-05	-11.5995	0	-22.0648	9.89276e-05	-1.32179	0	-2.37599	0	-0.924822	0	-3.84047	0	-0.923723	0	-4.92696	0	-21.2632	3.27455e-05	-14.1658	1.67305e-10	-11.2658	0	-1.27653	0	-16.3804	1.30262e-08	-6.30488	0	-6.42343	0	-20.7235	1.51383e-05	-0.701794	0	-0.877579	0	-4.40518	0
8.10918	0	-17.5354	1.00589e-07	-4.67945	0	-13.5137	4.05934e-11	2.33377	0	-21.3676	3.79308e-05	-11.5952	0	-22.0595	9.82097e-05	-1.24861	0	-2.36337	0	-0.924831	0	-3.82109	0	-0.923755	0	-4.90874	0	-21.2592	3.25624e-05	-14.1621	1.65989e-10	-11.2584	0	-1.26742	0	-16.3768	1.29474e-08	-6.28396	0	-6.42343	0	-20.7187	1.50336e-05	-0.701822	0	-0.877683	0	-4.39839	0
8.10262	0	-17.5302	9.97426e-08	-4.67745	0	-13.5073	4.00338e-11	2.30387	0	-21.3608	3.75679e-05	-11.5871	0	-22.0538	9.74492e-05	-1.21347	0	-2.33971	0	-0.924849	0	-3.81064	0	-0.923777	0	-4.89377	0	-21.2485	3.20746e-05	-14.1544	1.63303e-10	-11.2504	0	-1.26322	0	-16.3673	1.27191e-08	-6.27985	0	-6.41471	0	-20.7121	1.48897e-05	-0.701846	0	-0.877759	0	-4.39839	0
8.10091	0	-17.522	9.83501e-08	-4.66191	0	-13.4953	3.89549e-11	2.27308	0	-21.3458	3.67854e-05	-11.5791	0	-22.0478	9.67285e-05	-1.19016	0	-2.32025	0	-0.924853	0	-3.80168	0	-0.923802	0	-4.86689	0	-21.2429	3.18204e-05	-14.1391	1.58092e-10	-11.2386	0	-1.26203	0	-16.3622	1.25968e-08	-6.27985	0	-6.40084	0	-20.7026	1.46859e-05	-0.701889	0	-0.877799	0	-4.39166	0
8.09897	0	-17.5097	9.62912e-08	-4.65099	0	-13.4934	3.87882e-11	2.27308	0	-21.3345	3.62062e-05	-11.5707	0	-22.0447	9.62912e-05	-1.1593	0	-2.28577	0	-0.924857	0	-3.79493	0	-0.923845	0	-4.84917	0	-21.2313	3.13024e-05	-14.1353	1.56811e-10	-11.2328	0	-1.25719	0	-16.3556	1.2452e-08	-6.27563	0	-6.39293	0	-20.6954	1.45332e-05	-0.701919	0	-0.877864	0	-4.38567	0
8.09514	0	-17.503	9.52025e-08	-4.63485	0	-13.4797	3.7641e-11	2.24617	0	-21.321	3.55221e-05	-11.5627	0	-22.0413	9.58566e-05	-1.13837	0	-2.28194	0	-0.924862	0	-3.77352	0	-0.92387	0	-4.84767	0	-21.2206	3.08365e-05	-14.1272	1.5416e-10	-11.2265	0	-1.24796	0	-16.3453	1.22188e-08	-6.26627	0	-6.38675	0	-20.6864	1.43448e-05	-0.701958	0	-0.877926	0	-4.37251	0
8.08828	0	-17.4927	9.35857e-08	-4.59979	0	-13.4748	3.72144e-11	2.24548	0	-21.3136	3.51594e-05	-11.5561	0	-22.0383	9.54744e-05	-1.08805	0	-2.26312	0	-0.924869	0	-3.7703	0	-0.923906	0	-4.80617	0	-21.2135	3.05244e-05	-14.119	1.51501e-10	-11.222	0	-1.23504	0	-16.3397	1.20977e-08	-6.25997	0	-6.37066	0	-20.6697	1.40014e-05	-0.702038	0	-0.877978	0	-4.36398	0
8.07987	0	-17.4827	9.19562e-08	-4.59979	0	-13.4708	3.68658e-11	2.21217	0	-21.3034	3.46581e-05	-11.5475	0	-22.0318	9.46405e-05	-1.08805	0	-2.24926	0	-0.924875	0	-3.75483	0	-0.923919	0	-4.79755	0	-21.2002	2.9959e-05	-14.1027	1.46338e-10	-11.2179	0	-1.21865	0	-16.3252	1.17787e-08	-6.24542	0	-6.36298	0	-20.6635	1.38775e-05	-0.702103	0	-0.878007	0	-4.3555	0
8.0689	0	-17.4712	9.01308e-08	-4.59487	0	-13.4622	3.61541e-11	2.20844	0	-21.2972	3.43516e-05	-11.5427	0	-22.0286	9.4235e-05	-1.08677	0	-2.22925	0	-0.924882	0	-3.72879	0	-0.923954	0	-4.78161	0	-21.1938	2.96859e-05	-14.0961	1.44304e-10	-11.2139	0	-1.20405	0	-16.3216	1.17009e-08	-6.23641	0	-6.35023	0	-20.6509	1.36244e-05	-0.702144	0	-0.878029	0	-4.33909	0
8.06727	0	-17.4682	8.96692e-08	-4.59382	0	-13.4581	3.58462e-11	2.18481	0	-21.2928	3.41399e-05	-11.536	0	-22.0229	9.34511e-05	-1.07736	0	-2.22208	0	-0.924885	0	-3.72879	0	-0.923973	0	-4.759	0	-21.1876	2.94252e-05	-14.0843	1.40718e-10	-11.2097	0	-1.19992	0	-16.3086	1.14238e-08	-6.22907	0	-6.33865	0	-20.646	1.35284e-05	-0.702227	0	-0.878081	0	-4.3377	0
8.06512	0	-17.4608	8.86185e-08	-4.57139	0	-13.4514	3.53115e-11	2.18481	0	-21.2828	3.36644e-05	-11.5272	0	-22.0183	9.28811e-05	-1.0628	0	-2.1894	0	-0.924889	0	-3.72659	0	-0.923981	0	-4.73058	0	-21.1762	2.89527e-05	-14.0743	1.37743e-10	-11.205	0	-1.19492	0	-16.2932	1.11054e-08	-6.21516	0	-6.33312	0	-20.6394	1.33983e-05	-0.70229	0	-0.878133	0	-4.32942	0
8.06269	0	-17.4552	8.77258e-08	-4.56229	0	-13.4485	3.50865e-11	2.16286	0	-21.2768	3.33773e-05	-11.52	0	-22.0144	9.23715e-05	-1.06177	0	-2.17461	0	-0.924893	0	-3.70874	0	-0.924004	0	-4.73058	0	-21.171	2.87374e-05	-14.0659	1.3527e-10	-11.1999	0	-1.16746	0	-16.2827	1.08937e-08	-6.21322	0	-6.31397	0	-20.6341	1.32935e-05	-0.702339	0	-0.878159	0	-4.30955	0
8.05843	0	-17.4483	8.67019e-08	-4.54303	0	-13.4392	3.43156e-11	2.14974	0	-21.2673	3.29336e-05	-11.5113	0	-22.0079	9.15488e-05	-1.05177	0	-2.14555	0	-0.924897	0	-3.69678	0	-0.924017	0	-4.72197	0	-21.1568	2.81658e-05	-14.0604	1.33683e-10	-11.1898	0	-1.16595	0	-16.2675	1.05959e-08	-6.19676	0	-6.31397	0	-20.6285	1.31875e-05	-0.70242	0	-0.878169	0	-4.30955	0
8.05707	0	-17.4407	8.55948e-08	-4.54303	0	-13.4337	3.39422e-11	2.13804	0	-21.2638	3.27726e-05	-11.4996	0	-22.002	9.08301e-05	-1.04984	0	-2.12022	0	-0.924898	0	-3.69678	0	-0.924031	0	-4.68152	0	-21.1486	2.78381e-05	-14.0464	1.29748e-10	-11.1684	0	-1.1591	0	-16.263	1.05079e-08	-6.18268	0	-6.31119	0	-20.6183	1.29894e-05	-0.702453	0	-0.878181	0	-4.29029	0
8.04867	0	-17.4306	8.41203e-08	-4.54303	0	-13.4186	3.27928e-11	2.12836	0	-21.2487	3.20812e-05	-11.4925	0	-21.9959	9.00586e-05	-1.02974	0	-2.08539	0	-0.9249	0	-3.68605	0	-0.924061	0	-4.67514	0	-21.1383	2.74348e-05	-14.044	1.29069e-10	-11.1608	0	-1.15261	0	-16.2514	1.02822e-08	-6.17499	0	-6.30037	0	-20.6086	1.28104e-05	-0.702552	0	-0.87819	0	-4.27451	0
8.04692	0	-17.4177	8.23078e-08	-4.5253	0	-13.4136	3.24169e-11	2.12421	0	-21.248	3.20466e-05	-11.4814	0	-21.9884	8.91196e-05	-1.02974	0	-2.05299	0	-0.9249	0	-3.67372	0	-0.924079	0	-4.66654	0	-21.1328	2.7217e-05	-14.0375	1.27305e-10	-11.1457	0	-1.14858	0	-16.2422	1.01055e-08	-6.16624	0	-6.28456	0	-20.5978	1.26115e-05	-0.70262	0	-0.87822	0	-4.24771	0
8.03549	0	-17.4075	8.08896e-08	-4.52092	0	-13.4104	3.22112e-11	2.11669	0	-21.2426	3.18063e-05	-11.4749	0	-21.9784	8.7944e-05	-1.01961	0	-2.00323	0	-0.924901	0	-3.67146	0	-0.924099	0	-4.64513	0	-21.1241	2.68839e-05	-14.0305	1.25381e-10	-11.1384	0	-1.13056	0	-16.2325	9.92849e-09	-6.1617	0	-6.2797	0	-20.5865	1.24056e-05	-0.702679	0	-0.878224	0	-4.24059	0
8.02605	0	-17.3982	7.96014e-08	-4.51644	0	-13.4033	3.16868e-11	2.10286	0	-21.2322	3.134e-05	-11.4651	0	-21.9732	8.72919e-05	-1.01192	0	-1.97995	0	-0.924902	0	-3.65634	0	-0.924106	0	-4.63569	0	-21.1222	2.68176e-05	-14.0237	1.23613e-10	-11.1261	0	-1.11383	0	-16.2274	9.83595e-09	-6.15673	0	-6.26435	0	-20.5809	1.23048e-05	-0.702775	0	-0.878244	0	-4.23345	0
8.01761	0	-17.3947	7.91402e-08	-4.50337	0	-13.3913	3.08256e-11	2.09339	0	-21.2193	3.07768e-05	-11.4507	0	-21.966	8.64745e-05	-1.01192	0	-1.97591	0	-0.924903	0	-3.62758	0	-0.924121	0	-4.63272	0	-21.112	2.6429e-05	-14.0133	1.20904e-10	-11.1194	0	-1.10886	0	-16.2173	9.65368e-09	-6.13166	0	-6.25225	0	-20.5709	1.21277e-05	-0.702841	0	-0.87825	0	-4.21954	0
8.01645	0	-17.3867	7.80584e-08	-4.50337	0	-13.3866	3.05163e-11	2.09115	0	-21.2115	3.04384e-05	-11.4359	0	-21.9594	8.56983e-05	-0.99926	0	-1.95345	0	-0.924903	0	-3.6103	0	-0.924144	0	-4.61358	0	-21.1028	2.60888e-05	-14.0011	1.1778e-10	-11.1152	0	-1.10392	0	-16.2086	9.50078e-09	-6.12847	0	-6.25026	0	-20.5549	1.18486e-05	-0.702876	0	-0.878258	0	-4.19605	0
8.01082	0	-17.3796	7.71167e-08	-4.48725	0	-13.3755	2.97679e-11	2.07107	0	-21.1947	2.97245e-05	-11.4271	0	-21.9495	8.45291e-05	-0.996435	0	-1.9383	0	-0.924904	0	-3.59323	0	-0.924157	0	-4.59323	0	-21.0909	2.56518e-05	-13.9888	1.14668e-10	-11.0995	0	-1.08811	0	-16.1998	9.33928e-09	-6.1146	0	-6.23613	0	-20.5437	1.16552e-05	-0.702903	0	-0.878258	0	-4.19034	0
8.00596	0	-17.3687	7.565e-08	-4.48725	0	-13.3672	2.92266e-11	2.07124	0	-21.1824	2.92054e-05	-11.4207	0	-21.9446	8.398e-05	-0.993809	0	-1.92956	0	-0.924905	0	-3.57841	0	-0.924172	0	-4.58287	0	-21.0797	2.52481e-05	-13.9818	1.12946e-10	-11.0829	0	-1.0798	0	-16.1936	9.23646e-09	-6.10458	0	-6.22093	0	-20.5351	1.15111e-05	-0.702961	0	-0.878266	0	-4.17496	0
8.00294	0	-17.3611	7.46781e-08	-4.47843	0	-13.3471	2.794e-11	2.06289	0	-21.1739	2.8859e-05	-11.4068	0	-21.9399	8.34437e-05	-0.988868	0	-1.92749	0	-0.924906	0	-3.56477	0	-0.924198	0	-4.57252	0	-21.0758	2.51058e-05	-13.9701	1.10165e-10	-11.0618	0	-1.0715	0	-16.1857	9.10119e-09	-6.0912	0	-6.21196	0	-20.525	1.13425e-05	-0.703037	0	-0.87827	0	-4.145	0
7.99481	0	-17.347	7.29113e-08	-4.46821	0	-13.3471	2.794e-11	2.03801	0	-21.1634	2.84345e-05	-11.4068	0	-21.9396	8.34155e-05	-0.989312	0	-1.90556	0	-0.924907	0	-3.5508	0	-0.924228	0	-4.56828	0	-21.0708	2.49282e-05	-13.9607	1.07957e-10	-11.0528	0	-1.05892	0	-16.1791	8.98626e-09	-6.07186	0	-6.19968	0	-20.5159	1.11924e-05	-0.70308	0	-0.878276	0	-4.1393	0
7.99306	0	-17.346	7.27611e-08	-4.46218	0	-13.3331	2.70876e-11	2.0222	0	-21.1546	2.80804e-05	-11.4048	0	-21.9363	8.30428e-05	-0.980876	0	-1.90361	0	-0.924907	0	-3.52967	0	-0.924261	0	-4.55118	0	-21.0643	2.46983e-05	-13.95	1.055e-10	-11.0453	0	-1.05087	0	-16.1722	8.87486e-09	-6.05242	0	-6.19574	0	-20.5033	1.09874e-05	-0.703089	0	-0.878283	0	-4.12691	0
7.98578	0	-17.3385	7.18412e-08	-4.45918	0	-13.3233	2.64959e-11	1.99571	0	-21.1426	2.76043e-05	-11.399	0	-21.9351	8.28732e-05	-0.976059	0	-1.89686	0	-0.924908	0	-3.52317	0	-0.924271	0	-4.54593	0	-21.0484	2.41428e-05	-13.9364	1.02488e-10	-11.0327	0	-1.0428	0	-16.1635	8.73021e-09	-6.02211	0	-6.18094	0	-20.4898	1.07695e-05	-0.703118	0	-0.878289	0	-4.118	0
7.98578	0	-17.3334	7.12263e-08	-4.44862	0	-13.318	2.61747e-11	1.96065	0	-21.1306	2.71372e-05	-11.3896	0	-21.9282	8.21019e-05	-0.976059	0	-1.87851	0	-0.924909	0	-3.51351	0	-0.924285	0	-4.53034	0	-21.0484	2.41428e-05	-13.9239	9.97549e-11	-11.016	0	-1.03776	0	-16.1545	8.58343e-09	-5.99286	0	-6.17253	0	-20.4826	1.06591e-05	-0.703145	0	-0.878295	0	-4.10186	0
7.98096	0	-17.3278	7.05165e-08	-4.44862	0	-13.305	2.54179e-11	1.9395	0	-21.1246	2.69056e-05	-11.3799	0	-21.9202	8.12383e-05	-0.963133	0	-1.87851	0	-0.92491	0	-3.51351	0	-0.924313	0	-4.51561	0	-21.0447	2.40217e-05	-13.9079	9.63956e-11	-11.0067	0	-1.03305	0	-16.1486	8.49296e-09	-5.98077	0	-6.17148	0	-20.4732	1.05129e-05	-0.703176	0	-0.878299	0	-4.08552	0
7.97775	0	-17.3196	6.95607e-08	-4.44148	0	-13.2945	2.48278e-11	1.93627	0	-21.1196	2.6719e-05	-11.3697	0	-21.9119	8.02808e-05	-0.963808	0	-1.87705	0	-0.92491	0	-3.5048	0	-0.924341	0	-4.50353	0	-21.0341	2.36548e-05	-13.8927	9.32695e-11	-10.9959	0	-1.03695	0	-16.1402	8.35681e-09	-5.95257	0	-6.15096	0	-20.4578	1.02782e-05	-0.703195	0	-0.878302	0	-4.07329	0
7.97314	0	-17.3073	6.80902e-08	-4.43345	0	-13.2848	2.42892e-11	1.9224	0	-21.1057	2.6197e-05	-11.3561	0	-21.9054	7.95824e-05	-0.95689	0	-1.87651	0	-0.92491	0	-3.49753	0	-0.92436	0	-4.48564	0	-21.0235	2.3299e-05	-13.8862	9.19785e-11	-10.9917	0	-1.02499	0	-16.1357	8.28956e-09	-5.93872	0	-6.15096	0	-20.4373	9.97527e-06	-0.703211	0	-0.878307	0	-4.0681	0
7.96752	0	-17.2936	6.64878e-08	-4.4304	0	-13.2821	2.41258e-11	1.91389	0	-21.0956	2.58234e-05	-11.3454	0	-21.9016	7.91636e-05	-0.952081	0	-1.87171	0	-0.924911	0	-3.48728	0	-0.924384	0	-4.46993	0	-21.0124	2.29329e-05	-13.8729	8.93546e-11	-10.984	0	-1.00856	0	-16.1313	8.22077e-09	-5.84324	0	-6.14283	0	-20.4227	9.76321e-06	-0.703218	0	-0.878307	0	-4.06304	0
7.96003	0	-17.286	6.55994e-08	-4.42886	0	-13.2746	2.37336e-11	1.88847	0	-21.0854	2.545e-05	-11.3331	0	-21.8958	7.85414e-05	-0.951647	0	-1.86118	0	-0.924911	0	-3.47229	0	-0.9244	0	-4.46305	0	-21.0005	2.2547e-05	-13.8639	8.76521e-11	-10.9817	0	-0.999328	0	-16.1229	8.09723e-09	-5.81326	0	-6.13916	0	-20.4129	9.62486e-06	-0.703238	0	-0.878311	0	-4.05091	0
7.95157	0	-17.2736	6.42127e-08	-4.4233	0	-13.2631	2.31209e-11	1.87955	0	-21.0744	2.50552e-05	-11.3186	0	-21.8882	7.77199e-05	-0.945678	0	-1.85732	0	-0.924911	0	-3.44901	0	-0.924421	0	-4.43275	0	-20.9859	2.20847e-05	-13.855	8.59633e-11	-10.9747	0	-0.974516	0	-16.1142	7.96824e-09	-5.79194	0	-6.11721	0	-20.4034	9.49116e-06	-0.703273	0	-0.878317	0	-4.02998	0
7.93721	0	-17.2598	6.26968e-08	-4.42297	0	-13.2558	2.27433e-11	1.8692	0	-21.0587	2.45011e-05	-11.3039	0	-21.8837	7.72507e-05	-0.945678	0	-1.85824	0	-0.924911	0	-3.43158	0	-0.924441	0	-4.41635	0	-20.9756	2.17613e-05	-13.8455	8.42115e-11	-10.9678	0	-0.971671	0	-16.1115	7.92479e-09	-5.77826	0	-6.11391	0	-20.3892	9.29455e-06	-0.703311	0	-0.878319	0	-4.02082	0
7.92842	0	-17.2506	6.16974e-08	-4.41628	0	-13.2362	2.17553e-11	1.84659	0	-21.0468	2.40899e-05	-11.2982	0	-21.878	7.66485e-05	-0.945876	0	-1.85254	0	-0.924911	0	-3.41022	0	-0.924458	0	-4.39603	0	-20.9628	2.13661e-05	-13.8319	8.17557e-11	-10.9633	0	-0.963581	0	-16.1045	7.82437e-09	-5.76935	0	-6.10001	0	-20.3788	9.15326e-06	-0.703325	0	-0.878322	0	-4.01838	0
7.92608	0	-17.2404	6.06226e-08	-4.41314	0	-13.2362	2.17553e-11	1.80988	0	-21.0341	2.36577e-05	-11.288	0	-21.8711	7.59262e-05	-0.945876	0	-1.84199	0	-0.924912	0	-3.39483	0	-0.924486	0	-4.37758	0	-20.9514	2.10145e-05	-13.8265	8.08326e-11	-10.9541	0	-0.938302	0	-16.0971	7.71513e-09	-5.72928	0	-6.09367	0	-20.3724	9.06826e-06	-0.703372	0	-0.878325	0	-4.00847	0
7.91684	0	-17.2316	5.96936e-08	-4.41128	0	-13.2286	2.13797e-11	1.80491	0	-21.0216	2.32376e-05	-11.2795	0	-21.8672	7.55416e-05	-0.943543	0	-1.83429	0	-0.924912	0	-3.37324	0	-0.924519	0	-4.36037	0	-20.9358	2.05592e-05	-13.8126	7.84377e-11	-10.9457	0	-0.922828	0	-16.0883	7.58999e-09	-5.71569	0	-6.09208	0	-20.3646	8.96434e-06	-0.703392	0	-0.878325	0	-4.00487	0
7.91198	0	-17.2262	5.91326e-08	-4.40831	0	-13.2214	2.10356e-11	1.77846	0	-21.0084	2.28056e-05	-11.2731	0	-21.8612	7.4934e-05	-0.941586	0	-1.82488	0	-0.924912	0	-3.35018	0	-0.924536	0	-4.33898	0	-20.9335	2.04904e-05	-13.8035	7.68789e-11	-10.9317	0	-0.914615	0	-16.0784	7.45334e-09	-5.67507	0	-6.07904	0	-20.3561	8.85357e-06	-0.703409	0	-0.878325	0	-3.98611	0
7.90385	0	-17.2196	5.84701e-08	-4.40349	0	-13.2047	2.02512e-11	1.7637	0	-20.9989	2.24987e-05	-11.2627	0	-21.8551	7.4303e-05	-0.941586	0	-1.81505	0	-0.924912	0	-3.33746	0	-0.924555	0	-4.32803	0	-20.9243	2.02208e-05	-13.7901	7.46798e-11	-10.9263	0	-0.904639	0	-16.0673	7.30158e-09	-5.63671	0	-6.06708	0	-20.3414	8.66254e-06	-0.703439	0	-0.878326	0	-3.98611	0
7.89795	0	-17.2112	5.76055e-08	-4.40242	0	-13.1952	1.9824e-11	1.75015	0	-20.984	2.20216e-05	-11.2502	0	-21.8475	7.35512e-05	-0.929511	0	-1.80565	0	-0.924912	0	-3.33626	0	-0.924568	0	-4.2912	0	-20.9172	2.00131e-05	-13.7822	7.34158e-11	-10.9178	0	-0.902726	0	-16.0575	7.16864e-09	-5.63362	0	-6.06708	0	-20.3368	8.6046e-06	-0.703461	0	-0.878327	0	-3.9772	0
7.89413	0	-17.207	5.7185e-08	-4.39824	0	-13.1862	1.94206e-11	1.73517	0	-20.9685	2.15361e-05	-11.2334	0	-21.84	7.27964e-05	-0.923259	0	-1.79757	0	-0.924912	0	-3.32445	0	-0.924578	0	-4.27203	0	-20.9041	1.96429e-05	-13.7765	7.25063e-11	-10.903	0	-0.889044	0	-16.043	6.97969e-09	-5.63133	0	-6.06141	0	-20.3309	8.5297e-06	-0.70348	0	-0.878327	0	-3.96914	0
7.89278	0	-17.1956	5.60553e-08	-4.39547	0	-13.1778	1.90399e-11	1.72805	0	-20.9567	2.11785e-05	-11.2247	0	-21.8273	7.15517e-05	-0.924696	0	-1.76983	0	-0.924913	0	-3.31737	0	-0.924588	0	-4.24568	0	-20.8946	1.93784e-05	-13.7625	7.0314e-11	-10.8884	0	-0.874427	0	-16.0375	6.90841e-09	-5.59428	0	-6.05475	0	-20.3212	8.4083e-06	-0.703491	0	-0.878327	0	-3.96756	0
7.88835	0	-17.1872	5.52521e-08	-4.3866	0	-13.1707	1.87255e-11	1.71724	0	-20.9449	2.08237e-05	-11.2118	0	-21.8261	7.14333e-05	-0.923951	0	-1.76367	0	-0.924913	0	-3.30174	0	-0.924602	0	-4.23501	0	-20.8855	1.91268e-05	-13.7552	6.92047e-11	-10.8859	0	-0.874427	0	-16.0277	6.78313e-09	-5.56908	0	-6.05139	0	-20.3098	8.26793e-06	-0.703519	0	-0.878328	0	-3.96089	0
7.88775	0	-17.1832	5.48624e-08	-4.38024	0	-13.1657	1.85059e-11	1.69257	0	-20.9315	2.04261e-05	-11.2046	0	-21.8211	7.09431e-05	-0.915255	0	-1.75957	0	-0.924913	0	-3.29049	0	-0.924617	0	-4.19749	0	-20.8804	1.89849e-05	-13.7481	6.8148e-11	-10.8834	0	-0.861826	0	-16.0234	6.72758e-09	-5.55622	0	-6.04115	0	-20.3022	8.17503e-06	-0.703531	0	-0.878328	0	-3.95458	0
7.88566	0	-17.172	5.37962e-08	-4.38024	0	-13.1591	1.82503e-11	1.69257	0	-20.9238	2.02026e-05	-11.1946	0	-21.8162	7.04622e-05	-0.917096	0	-1.7429	0	-0.924913	0	-3.29049	0	-0.924632	0	-4.19749	0	-20.8747	1.88313e-05	-13.74	6.69559e-11	-10.8691	0	-0.855752	0	-16.0152	6.62766e-09	-5.53112	0	-6.03591	0	-20.2919	8.05152e-06	-0.703548	0	-0.878329	0	-3.95426	0
7.8769	0	-17.1612	5.27996e-08	-4.37724	0	-13.1505	1.79025e-11	1.66843	0	-20.9134	1.9908e-05	-11.1816	0	-21.8117	7.00468e-05	-0.913284	0	-1.72821	0	-0.924914	0	-3.27857	0	-0.92464	0	-4.17451	0	-20.8668	1.86176e-05	-13.7282	6.5249e-11	-10.8672	0	-0.846026	0	-16.0027	6.47456e-09	-5.50333	0	-6.02801	0	-20.2805	7.91608e-06	-0.703554	0	-0.878329	0	-3.94681	0
7.87438	0	-17.1499	5.17703e-08	-4.37373	0	-13.1455	1.77044e-11	1.64629	0	-20.9057	1.96874e-05	-11.1695	0	-21.8057	6.9497e-05	-0.914069	0	-1.72776	0	-0.924914	0	-3.26848	0	-0.924651	0	-4.137	0	-20.8569	1.83544e-05	-13.7223	6.44177e-11	-10.8645	0	-0.839074	0	-15.9967	6.40133e-09	-5.48015	0	-6.02258	0	-20.2689	7.78358e-06	-0.703557	0	-0.87833	0	-3.9433	0
7.86668	0	-17.1442	5.1261e-08	-4.36694	0	-13.1332	1.72231e-11	1.61795	0	-20.8982	1.9477e-05	-11.1634	0	-21.7964	6.86114e-05	-0.905617	0	-1.71941	0	-0.924914	0	-3.26467	0	-0.924664	0	-4.1241	0	-20.8541	1.82808e-05	-13.7104	6.2755e-11	-10.857	0	-0.831629	0	-15.9816	6.22314e-09	-5.48015	0	-6.017	0	-20.264	7.72652e-06	-0.703568	0	-0.87833	0	-3.9433	0
7.86458	0	-17.1337	5.03234e-08	-4.36633	0	-13.124	1.68604e-11	1.59779	0	-20.8898	1.92443e-05	-11.1595	0	-21.7905	6.8061e-05	-0.897977	0	-1.70771	0	-0.924914	0	-3.25051	0	-0.924678	0	-4.1241	0	-20.8489	1.8144e-05	-13.7048	6.19898e-11	-10.8344	0	-0.823053	0	-15.98	6.2025e-09	-5.43772	0	-6.00661	0	-20.2475	7.53958e-06	-0.703582	0	-0.87833	0	-3.9433	0
7.86069	0	-17.1241	4.94865e-08	-4.36183	0	-13.1125	1.64279e-11	1.56993	0	-20.8822	1.90351e-05	-11.1547	0	-21.7814	6.71922e-05	-0.896554	0	-1.68424	0	-0.924914	0	-3.23425	0	-0.924696	0	-4.10708	0	-20.8403	1.79209e-05	-13.6932	6.04386e-11	-10.8344	0	-0.818386	0	-15.9645	6.0275e-09	-5.41804	0	-6.00207	0	-20.2396	7.45233e-06	-0.703593	0	-0.87833	0	-3.93911	0
7.85664	0	-17.11	4.82755e-08	-4.35367	0	-13.1	1.59641e-11	1.53424	0	-20.8736	1.88023e-05	-11.1492	0	-21.7722	6.63483e-05	-0.883317	0	-1.6831	0	-0.924914	0	-3.2282	0	-0.924714	0	-4.09462	0	-20.8316	1.76985e-05	-13.688	5.97537e-11	-10.8254	0	-0.801375	0	-15.9608	5.98299e-09	-5.40876	0	-5.99028	0	-20.2313	7.36097e-06	-0.703603	0	-0.878331	0	-3.93723	0
7.8521	0	-17.0923	4.67977e-08	-4.34652	0	-13.0889	1.55649e-11	1.53335	0	-20.8633	1.85255e-05	-11.1445	0	-21.767	6.58614e-05	-0.883936	0	-1.67118	0	-0.924914	0	-3.22321	0	-0.924744	0	-4.07454	0	-20.821	1.74311e-05	-13.6822	5.89945e-11	-10.8209	0	-0.802795	0	-15.9517	5.8842e-09	-5.36252	0	-5.96736	0	-20.2138	7.17198e-06	-0.703605	0	-0.878331	0	-3.93688	0
7.84877	0	-17.0891	4.6537e-08	-4.34268	0	-13.0806	1.5282e-11	1.49104	0	-20.8497	1.81658e-05	-11.1389	0	-21.7579	6.50547e-05	-0.887487	0	-1.65887	0	-0.924914	0	-3.19738	0	-0.924753	0	-4.06135	0	-20.8122	1.72102e-05	-13.6687	5.7274e-11	-10.8139	0	-0.801509	0	-15.9418	5.77679e-09	-5.34883	0	-5.96568	0	-20.2027	7.05565e-06	-0.703612	0	-0.878332	0	-3.93541	0
7.83688	0	-17.0822	4.5978e-08	-4.33289	0	-13.0734	1.50237e-11	1.44592	0	-20.846	1.80706e-05	-11.1342	0	-21.7521	6.45152e-05	-0.881963	0	-1.63957	0	-0.924914	0	-3.16005	0	-0.924767	0	-4.04968	0	-20.8015	1.69477e-05	-13.6563	5.57438e-11	-10.8073	0	-0.791957	0	-15.9327	5.67841e-09	-5.3202	0	-5.94662	0	-20.1874	6.89658e-06	-0.703617	0	-0.878332	0	-3.93349	0
7.82858	0	-17.0626	4.44204e-08	-4.3257	0	-13.0646	1.47206e-11	1.4254	0	-20.8369	1.78334e-05	-11.1263	0	-21.7454	6.39448e-05	-0.881963	0	-1.62643	0	-0.924914	0	-3.15805	0	-0.924787	0	-4.04271	0	-20.791	1.66902e-05	-13.645	5.43765e-11	-10.799	0	-0.780728	0	-15.9241	5.58843e-09	-5.28141	0	-5.92889	0	-20.1847	6.86967e-06	-0.70362	0	-0.878333	0	-3.93214	0
7.81887	0	-17.0553	4.38544e-08	-4.32148	0	-13.0573	1.4472e-11	1.37057	0	-20.8141	1.72585e-05	-11.117	0	-21.7345	6.29821e-05	-0.874614	0	-1.61897	0	-0.924915	0	-3.14531	0	-0.92482	0	-4.02207	0	-20.7767	1.6352e-05	-13.6352	5.32196e-11	-10.7921	0	-0.770523	0	-15.9099	5.44034e-09	-5.2398	0	-5.91148	0	-20.1765	6.78573e-06	-0.703626	0	-0.878333	0	-3.93176	0
7.8039	0	-17.0425	4.2869e-08	-4.31531	0	-13.0499	1.42151e-11	1.34363	0	-20.8104	1.71664e-05	-11.1038	0	-21.7246	6.21276e-05	-0.866793	0	-1.60427	0	-0.924915	0	-3.12334	0	-0.924826	0	-4.0083	0	-20.7656	1.60892e-05	-13.6266	5.22264e-11	-10.7862	0	-0.761618	0	-15.9	5.33855e-09	-5.22648	0	-5.89368	0	-20.1648	6.66954e-06	-0.703627	0	-0.878334	0	-3.92789	0
7.79311	0	-17.0316	4.20454e-08	-4.30731	0	-13.0398	1.38922e-11	1.30007	0	-20.7968	1.68331e-05	-11.0952	0	-21.7152	6.13456e-05	-0.856919	0	-1.5969	0	-0.924915	0	-3.11242	0	-0.924834	0	-4.00147	0	-20.756	1.5868e-05	-13.6147	5.0867e-11	-10.7782	0	-0.739711	0	-15.8939	5.27717e-09	-5.18712	0	-5.87393	0	-20.1565	6.58698e-06	-0.703631	0	-0.878334	0	-3.92468	0
7.79022	0	-17.0158	4.089e-08	-4.30612	0	-13.0301	1.35964e-11	1.26011	0	-20.7902	1.66736e-05	-11.0857	0	-21.706	6.05796e-05	-0.857158	0	-1.58502	0	-0.924915	0	-3.07837	0	-0.924843	0	-3.98414	0	-20.7399	1.55025e-05	-13.6002	4.9271e-11	-10.7746	0	-0.739711	0	-15.8849	5.18736e-09	-5.10784	0	-5.84707	0	-20.1515	6.53846e-06	-0.703633	0	-0.878334	0	-3.9149	0
7.78463	0	-17.0084	4.03657e-08	-4.30163	0	-13.0179	1.32244e-11	1.25038	0	-20.7782	1.63855e-05	-11.0675	0	-21.6909	5.93321e-05	-0.857915	0	-1.57046	0	-0.924915	0	-3.06199	0	-0.924848	0	-3.97757	0	-20.7309	1.53003e-05	-13.5882	4.79733e-11	-10.7577	0	-0.734969	0	-15.8746	5.08953e-09	-5.08216	0	-5.83986	0	-20.1415	6.44163e-06	-0.703636	0	-0.878334	0	-3.9068	0
7.78272	0	-16.9987	3.9693e-08	-4.29693	0	-13.0153	1.3144e-11	1.21367	0	-20.7706	1.62055e-05	-11.046	0	-21.6742	5.7977e-05	-0.846009	0	-1.5656	0	-0.924915	0	-3.06033	0	-0.924851	0	-3.95872	0	-20.7287	1.52556e-05	-13.5797	4.70787e-11	-10.7509	0	-0.734969	0	-15.8656	5.00298e-09	-5.04092	0	-5.83439	0	-20.1321	6.35257e-06	-0.703637	0	-0.878335	0	-3.8976	0
7.77811	0	-16.9832	3.86102e-08	-4.29693	0	-12.997	1.25774e-11	1.20033	0	-20.765	1.60747e-05	-11.0448	0	-21.6682	5.74936e-05	-0.850766	0	-1.55264	0	-0.924915	0	-3.05111	0	-0.924859	0	-3.93878	0	-20.7132	1.49143e-05	-13.5713	4.62306e-11	-10.7411	0	-0.72806	0	-15.8612	4.96076e-09	-5.02444	0	-5.81858	0	-20.1194	6.23368e-06	-0.703642	0	-0.878335	0	-3.88002	0
7.77255	0	-16.9726	3.79031e-08	-4.29146	0	-12.9835	1.2189e-11	1.13781	0	-20.7561	1.58694e-05	-11.0391	0	-21.6584	5.67262e-05	-0.850766	0	-1.54289	0	-0.924915	0	-3.0418	0	-0.924861	0	-3.91613	0	-20.6997	1.46266e-05	-13.5619	4.52777e-11	-10.7385	0	-0.719663	0	-15.8493	4.85464e-09	-4.98667	0	-5.81198	0	-20.1126	6.1704e-06	-0.703648	0	-0.878336	0	-3.86948	0
7.76597	0	-16.9643	3.73449e-08	-4.27574	0	-12.9758	1.19842e-11	1.08446	0	-20.7467	1.56538e-05	-11.0346	0	-21.652	5.62265e-05	-0.851418	0	-1.53237	0	-0.924915	0	-3.0238	0	-0.924867	0	-3.90143	0	-20.6926	1.4475e-05	-13.5529	4.43826e-11	-10.7368	0	-0.706529	0	-15.8355	4.72772e-09	-4.97564	0	-5.79462	0	-20.1007	6.06194e-06	-0.703649	0	-0.878336	0	-3.85895	0
7.75884	0	-16.9542	3.66832e-08	-4.27234	0	-12.9678	1.17613e-11	1.02115	0	-20.7377	1.5453e-05	-11.0237	0	-21.637	5.50606e-05	-0.851418	0	-1.52479	0	-0.924915	0	-3.00891	0	-0.924873	0	-3.88348	0	-20.6837	1.42902e-05	-13.5386	4.30085e-11	-10.724	0	-0.706529	0	-15.8237	4.62264e-09	-4.95521	0	-5.78608	0	-20.0943	6.00442e-06	-0.703652	0	-0.878336	0	-3.84326	0
7.74486	0	-16.9449	3.609e-08	-4.26101	0	-12.9602	1.15522e-11	0.977912	0	-20.7277	1.523e-05	-11.0177	0	-21.6261	5.42467e-05	-0.855014	0	-1.5189	0	-0.924915	0	-2.99483	0	-0.92488	0	-3.88348	0	-20.6754	1.41165e-05	-13.528	4.20034e-11	-10.7196	0	-0.703839	0	-15.8101	4.50613e-09	-4.9235	0	-5.78031	0	-20.0809	5.8859e-06	-0.703655	0	-0.878337	0	-3.81255	0
7.73501	0	-16.9294	3.51064e-08	-4.25776	0	-12.9521	1.13349e-11	0.957592	0	-20.7223	1.51133e-05	-11.0093	0	-21.6182	5.36606e-05	-0.864347	0	-1.51631	0	-0.924916	0	-2.97896	0	-0.924886	0	-3.88081	0	-20.6579	1.37655e-05	-13.5226	4.14898e-11	-10.7135	0	-0.702289	0	-15.8004	4.42151e-09	-4.90277	0	-5.76547	0	-20.0717	5.80498e-06	-0.703658	0	-0.878337	0	-3.81255	0
7.72305	0	-16.9171	3.43437e-08	-4.24681	0	-12.9352	1.08938e-11	0.932624	0	-20.7088	1.48196e-05	-11.0059	0	-21.6102	5.3073e-05	-0.866004	0	-1.49705	0	-0.924916	0	-2.9618	0	-0.924891	0	-3.86915	0	-20.6449	1.35071e-05	-13.5129	4.06119e-11	-10.7044	0	-0.702289	0	-15.7934	4.36606e-09	-4.86148	0	-5.73804	0	-20.0648	5.74582e-06	-0.703662	0	-0.878338	0	-3.81109	0
7.72055	0	-16.9107	3.39623e-08	-4.24605	0	-12.9296	1.07583e-11	0.881818	0	-20.7052	1.47431e-05	-10.9986	0	-21.6014	5.24426e-05	-0.872383	0	-1.49705	0	-0.924916	0	-2.94514	0	-0.924893	0	-3.86486	0	-20.6409	1.3429e-05	-13.5065	4.00335e-11	-10.6934	0	-0.69537	0	-15.7833	4.28259e-09	-4.80588	0	-5.72539	0	-20.0494	5.61407e-06	-0.703664	0	-0.878338	0	-3.80663	0
7.70741	0	-16.8951	3.30286e-08	-4.2341	0	-12.9151	1.04034e-11	0.858646	0	-20.6952	1.45328e-05	-10.9841	0	-21.5898	5.15913e-05	-0.876468	0	-1.48865	0	-0.924916	0	-2.92425	0	-0.924896	0	-3.85288	0	-20.6302	1.3221e-05	-13.4977	3.92629e-11	-10.691	0	-0.692481	0	-15.7736	4.20463e-09	-4.66804	0	-5.70819	0	-20.0356	5.49919e-06	-0.703671	0	-0.878338	0	-3.79144	0
7.69991	0	-16.8822	3.22716e-08	-4.22165	0	-12.9075	1.02191e-11	0.778111	0	-20.6747	1.4107e-05	-10.974	0	-21.5737	5.04481e-05	-0.878885	0	-1.4809	0	-0.924916	0	-2.91243	0	-0.9249	0	-3.84867	0	-20.6224	1.30722e-05	-13.491	3.86722e-11	-10.6866	0	-0.691755	0	-15.7643	4.13115e-09	-4.66514	0	-5.69122	0	-20.0297	5.45088e-06	-0.703674	0	-0.878338	0	-3.78191	0
7.68266	0	-16.8644	3.12769e-08	-4.21208	0	-12.8902	9.8112e-12	0.724622	0	-20.6657	1.39232e-05	-10.9696	0	-21.5651	4.98511e-05	-0.879499	0	-1.45835	0	-0.924916	0	-2.89416	0	-0.924902	0	-3.83722	0	-20.6065	1.27728e-05	-13.4778	3.75632e-11	-10.6788	0	-0.689707	0	-15.7515	4.03143e-09	-4.64236	0	-5.66325	0	-20.021	5.38008e-06	-0.703683	0	-0.878339	0	-3.7648	0
7.6714	0	-16.8556	3.0781e-08	-4.20869	0	-12.8781	9.54955e-12	0.724622	0	-20.655	1.371e-05	-10.9558	0	-21.5589	4.94177e-05	-0.881985	0	-1.44133	0	-0.924916	0	-2.88531	0	-0.924904	0	-3.82382	0	-20.5972	1.25992e-05	-13.4657	3.65571e-11	-10.6743	0	-0.689166	0	-15.7396	3.94123e-09	-4.6413	0	-5.65516	0	-20.0102	5.29375e-06	-0.703688	0	-0.878339	0	-3.75338	0
7.66145	0	-16.8463	3.02789e-08	-4.20542	0	-12.8703	9.38017e-12	0.716717	0	-20.6488	1.3586e-05	-10.9502	0	-21.554	4.90837e-05	-0.883485	0	-1.44087	0	-0.924916	0	-2.86798	0	-0.924906	0	-3.81303	0	-20.5904	1.24767e-05	-13.4539	3.56087e-11	-10.6582	0	-0.686384	0	-15.7369	3.92232e-09	-4.54533	0	-5.63653	0	-20.0033	5.23894e-06	-0.703694	0	-0.878339	0	-3.75338	0
7.64911	0	-16.8295	2.93935e-08	-4.19817	0	-12.861	9.17549e-12	0.64677	0	-20.6432	1.34759e-05	-10.9443	0	-21.5471	4.86285e-05	-0.885923	0	-1.42658	0	-0.924916	0	-2.85716	0	-0.924908	0	-3.79767	0	-20.5801	1.22907e-05	-13.4446	3.48554e-11	-10.641	0	-0.68392	0	-15.7255	3.83673e-09	-4.54122	0	-5.63511	0	-19.9948	5.17229e-06	-0.703699	0	-0.878339	0	-3.73871	0
7.62225	0	-16.8023	2.80046e-08	-4.18547	0	-12.8511	8.96511e-12	0.64677	0	-20.6314	1.32464e-05	-10.9345	0	-21.5395	4.81244e-05	-0.8885	0	-1.40961	0	-0.924916	0	-2.83829	0	-0.924909	0	-3.79286	0	-20.5717	1.21422e-05	-13.4254	3.33908e-11	-10.6197	0	-0.679536	0	-15.7142	3.75476e-09	-4.52572	0	-5.62052	0	-19.9898	5.13355e-06	-0.703706	0	-0.878339	0	-3.73854	0
7.61968	0	-16.8011	2.79462e-08	-4.1752	0	-12.841	8.76359e-12	0.616002	0	-20.623	1.30847e-05	-10.9156	0	-21.5293	4.74467e-05	-0.890948	0	-1.3959	0	-0.924917	0	-2.82196	0	-0.924911	0	-3.78327	0	-20.559	1.19198e-05	-13.4254	3.33908e-11	-10.5861	0	-0.675437	0	-15.7065	3.70041e-09	-4.49511	0	-5.60503	0	-19.9777	5.04124e-06	-0.703719	0	-0.878339	0	-3.73652	0
7.58095	0	-16.7891	2.73537e-08	-4.16587	0	-12.8283	8.50909e-12	0.581267	0	-20.6156	1.29463e-05	-10.9124	0	-21.518	4.67036e-05	-0.892568	0	-1.37719	0	-0.924917	0	-2.80295	0	-0.924914	0	-3.77948	0	-20.5531	1.1818e-05	-13.4164	3.27241e-11	-10.575	0	-0.667663	0	-15.6965	3.6293e-09	-4.466	0	-5.59568	0	-19.9698	4.98148e-06	-0.703738	0	-0.878339	0	-3.7299	0
7.56335	0	-16.786	2.72004e-08	-4.15195	0	-12.8147	8.24283e-12	0.49889	0	-20.6045	1.27393e-05	-10.9016	0	-21.5065	4.59569e-05	-0.895307	0	-1.35667	0	-0.924917	0	-2.78514	0	-0.924916	0	-3.77839	0	-20.5406	1.16033e-05	-13.4013	3.16243e-11	-10.57	0	-0.667663	0	-15.6858	3.55568e-09	-4.42884	0	-5.56915	0	-19.9609	4.91545e-06	-0.703744	0	-0.878339	0	-3.7299	0
7.55835	0	-16.7783	2.68305e-08	-4.12272	0	-12.8031	8.02296e-12	0.49889	0	-20.5925	1.25193e-05	-10.898	0	-21.4908	4.49547e-05	-0.898504	0	-1.33587	0	-0.924917	0	-2.76304	0	-0.924917	0	-3.7745	0	-20.5295	1.14171e-05	-13.3861	3.05767e-11	-10.5605	0	-0.664973	0	-15.6773	3.49752e-09	-4.42647	0	-5.55269	0	-19.9515	4.84688e-06	-0.703749	0	-0.878339	0	-3.72293	0
7.54711	0	-16.7714	2.64989e-08	-4.11771	0	-12.7965	7.8965e-12	0.495794	0	-20.5813	1.23163e-05	-10.8907	0	-21.4673	4.34933e-05	-0.90023	0	-1.31751	0	-0.924917	0	-2.76304	0	-0.924918	0	-3.77385	0	-20.5197	1.12546e-05	-13.3755	2.98662e-11	-10.5494	0	-0.656693	0	-15.6694	3.44465e-09	-4.35574	0	-5.52851	0	-19.9463	4.80993e-06	-0.703753	0	-0.878339	0	-3.72055	0
7.53784	0	-16.7646	2.61813e-08	-4.10244	0	-12.7827	7.6503e-12	0.477936	0	-20.5763	1.22271e-05	-10.8853	0	-21.4584	4.29938e-05	-0.901536	0	-1.30609	0	-0.924917	0	-2.74838	0	-0.924918	0	-3.77125	0	-20.5073	1.1051e-05	-13.3661	2.92325e-11	-10.5386	0	-0.652241	0	-15.6633	3.4048e-09	-4.33836	0	-5.51849	0	-19.9386	4.7542e-06	-0.703757	0	-0.87834	0	-3.71074	0
7.53048	0	-16.7551	2.57351e-08	-4.0877	0	-12.7707	7.44061e-12	0.421492	0	-20.5682	1.20811e-05	-10.8757	0	-21.441	4.19465e-05	-0.903142	0	-1.28644	0	-0.924917	0	-2.73503	0	-0.924919	0	-3.76533	0	-20.4942	1.08414e-05	-13.3544	2.84706e-11	-10.5301	0	-0.648134	0	-15.6539	3.3451e-09	-4.31749	0	-5.51628	0	-19.9294	4.68914e-06	-0.703762	0	-0.87834	0	-3.70326	0
7.52475	0	-16.7444	2.52461e-08	-4.07001	0	-12.7596	7.24368e-12	0.383799	0	-20.5604	1.19442e-05	-10.8594	0	-21.4313	4.13719e-05	-0.904812	0	-1.28444	0	-0.924917	0	-2.7281	0	-0.924919	0	-3.75052	0	-20.4854	1.0701e-05	-13.3478	2.80581e-11	-10.5169	0	-0.636367	0	-15.6472	3.30243e-09	-4.2919	0	-5.50691	0	-19.9204	4.62476e-06	-0.703767	0	-0.87834	0	-3.70018	0
7.51776	0	-16.7324	2.47121e-08	-4.05403	0	-12.7491	7.06972e-12	0.36015	0	-20.5502	1.17675e-05	-10.8549	0	-21.427	4.11121e-05	-0.905211	0	-1.27564	0	-0.924917	0	-2.71735	0	-0.924921	0	-3.74721	0	-20.4771	1.05737e-05	-13.3367	2.73717e-11	-10.5136	0	-0.623624	0	-15.6405	3.26002e-09	-4.25204	0	-5.49204	0	-19.9114	4.5633e-06	-0.703771	0	-0.87834	0	-3.69477	0
7.50705	0	-16.7267	2.44549e-08	-4.04316	0	-12.7266	6.71081e-12	0.349687	0	-20.5325	1.14673e-05	-10.8343	0	-21.4174	4.05768e-05	-0.905971	0	-1.25368	0	-0.924917	0	-2.70279	0	-0.924921	0	-3.73805	0	-20.4662	1.04056e-05	-13.3351	2.72747e-11	-10.5078	0	-0.603288	0	-15.6282	3.18435e-09	-4.22493	0	-5.49123	0	-19.9016	4.49633e-06	-0.703775	0	-0.87834	0	-3.68626	0
7.50311	0	-16.7181	2.40752e-08	-4.03498	0	-12.7184	6.58483e-12	0.317526	0	-20.524	1.13267e-05	-10.8284	0	-21.407	3.99906e-05	-0.906727	0	-1.24265	0	-0.924918	0	-2.66984	0	-0.924923	0	-3.72857	0	-20.4569	1.02657e-05	-13.3279	2.68313e-11	-10.499	0	-0.581794	0	-15.6214	3.14212e-09	-4.17534	0	-5.49123	0	-19.8868	4.39737e-06	-0.703778	0	-0.878341	0	-3.68039	0
7.50052	0	-16.7048	2.35093e-08	-4.00709	0	-12.713	6.50043e-12	0.296415	0	-20.5177	1.12224e-05	-10.81	0	-21.3906	3.90961e-05	-0.908164	0	-1.21972	0	-0.924918	0	-2.66154	0	-0.924923	0	-3.72059	0	-20.4465	1.01107e-05	-13.318	2.62392e-11	-10.4892	0	-0.561669	0	-15.6142	3.09953e-09	-4.14118	0	-5.48623	0	-19.8783	4.34132e-06	-0.70378	0	-0.878341	0	-3.67124	0
7.49587	0	-16.6823	2.25804e-08	-4.00709	0	-12.7033	6.3538e-12	0.278912	0	-20.5049	1.10119e-05	-10.7924	0	-21.3873	3.89109e-05	-0.909245	0	-1.21444	0	-0.924918	0	-2.63745	0	-0.924924	0	-3.71945	0	-20.4303	9.87221e-06	-13.298	2.50795e-11	-10.477	0	-0.54006	0	-15.6049	3.04504e-09	-4.1262	0	-5.47853	0	-19.8635	4.24518e-06	-0.703785	0	-0.878341	0	-3.65966	0
7.4721	0	-16.6763	2.23393e-08	-3.999	0	-12.6889	6.14391e-12	0.258409	0	-20.4957	1.08643e-05	-10.7818	0	-21.3814	3.85963e-05	-0.909909	0	-1.18699	0	-0.924918	0	-2.61847	0	-0.924924	0	-3.71024	0	-20.4219	9.75041e-06	-13.2834	2.42617e-11	-10.4618	0	-0.529303	0	-15.5992	3.0114e-09	-4.07844	0	-5.47388	0	-19.8539	4.18372e-06	-0.703786	0	-0.878341	0	-3.65505	0
7.45865	0	-16.6672	2.19778e-08	-3.99283	0	-12.679	6.00244e-12	0.220766	0	-20.4876	1.07358e-05	-10.7717	0	-21.3724	3.81154e-05	-0.910498	0	-1.17095	0	-0.924918	0	-2.61847	0	-0.924925	0	-3.70412	0	-20.4126	9.61939e-06	-13.2744	2.37744e-11	-10.4422	0	-0.500173	0	-15.5927	2.9746e-09	-4.06995	0	-5.46995	0	-19.8438	4.12097e-06	-0.703788	0	-0.878341	0	-3.65036	0
7.44713	0	-16.6504	2.13194e-08	-3.98292	0	-12.6665	5.82305e-12	0.206932	0	-20.479	1.06001e-05	-10.7481	0	-21.3609	3.75045e-05	-0.911111	0	-1.16583	0	-0.924918	0	-2.61195	0	-0.924925	0	-3.69978	0	-20.4072	9.54329e-06	-13.2656	2.33127e-11	-10.4335	0	-0.484366	0	-15.5824	2.91584e-09	-4.01603	0	-5.4602	0	-19.8344	4.06235e-06	-0.703791	0	-0.878341	0	-3.64426	0
7.44154	0	-16.6354	2.07477e-08	-3.95924	0	-12.6573	5.69755e-12	0.180709	0	-20.4715	1.04851e-05	-10.741	0	-21.3574	3.73107e-05	-0.911588	0	-1.15124	0	-0.924918	0	-2.59648	0	-0.924925	0	-3.69499	0	-20.3926	9.33933e-06	-13.2565	2.283e-11	-10.4262	0	-0.465546	0	-15.5769	2.88582e-09	-3.93825	0	-5.4602	0	-19.8181	3.96412e-06	-0.703794	0	-0.878341	0	-3.64293	0
7.40835	0	-16.6244	2.03443e-08	-3.9427	0	-12.6518	5.62383e-12	0.163223	0	-20.4616	1.03335e-05	-10.73	0	-21.3478	3.68207e-05	-0.912721	0	-1.13362	0	-0.924918	0	-2.58538	0	-0.924925	0	-3.69499	0	-20.368	9.00762e-06	-13.244	2.2189e-11	-10.4132	0	-0.439332	0	-15.5723	2.85997e-09	-3.91307	0	-5.45182	0	-19.7997	3.8552e-06	-0.703798	0	-0.878342	0	-3.63211	0
7.37851	0	-16.6077	1.97347e-08	-3.91568	0	-12.6396	5.461e-12	0.143119	0	-20.4496	1.0153e-05	-10.7235	0	-21.3367	3.62338e-05	-0.913373	0	-1.12224	0	-0.924919	0	-2.56647	0	-0.924926	0	-3.69499	0	-20.3606	8.90987e-06	-13.2384	2.19061e-11	-10.3868	0	-0.428441	0	-15.5642	2.81553e-09	-3.88429	0	-5.444	0	-19.7827	3.75689e-06	-0.703805	0	-0.878342	0	-3.62417	0
7.37061	0	-16.5908	1.91416e-08	-3.90356	0	-12.6241	5.26085e-12	0.128703	0	-20.4374	9.97339e-06	-10.7121	0	-21.3252	3.56579e-05	-0.913724	0	-1.11005	0	-0.924919	0	-2.55858	0	-0.924926	0	-3.68863	0	-20.3485	8.75205e-06	-13.2263	2.13158e-11	-10.367	0	-0.410675	0	-15.5586	2.7853e-09	-3.81338	0	-5.44061	0	-19.7767	3.72308e-06	-0.703808	0	-0.878342	0	-3.61488	0
7.36539	0	-16.5799	1.87714e-08	-3.88076	0	-12.6161	5.16357e-12	0.11786	0	-20.4225	9.75715e-06	-10.6985	0	-21.3202	3.54133e-05	-0.914453	0	-1.09676	0	-0.924919	0	-2.53712	0	-0.924926	0	-3.68532	0	-20.3346	8.57551e-06	-13.2209	2.10557e-11	-10.3585	0	-0.397952	0	-15.5528	2.75444e-09	-3.76897	0	-5.42931	0	-19.7633	3.64834e-06	-0.703812	0	-0.878342	0	-3.61299	0
7.35651	0	-16.5679	1.83663e-08	-3.85235	0	-12.6017	4.98722e-12	0.104688	0	-20.4199	9.71727e-06	-10.6919	0	-21.3143	3.51266e-05	-0.914673	0	-1.08617	0	-0.924919	0	-2.51702	0	-0.924926	0	-3.6795	0	-20.3242	8.4461e-06	-13.2176	2.09e-11	-10.3491	0	-0.381468	0	-15.543	2.70312e-09	-3.71261	0	-5.42241	0	-19.7579	3.61816e-06	-0.703816	0	-0.878342	0	-3.60583	0
7.35156	0	-16.549	1.77478e-08	-3.82751	0	-12.597	4.93107e-12	0.0886708	0	-20.414	9.63302e-06	-10.6769	0	-21.305	3.46636e-05	-0.91517	0	-1.07301	0	-0.924919	0	-2.49853	0	-0.924926	0	-3.67119	0	-20.3091	8.25961e-06	-13.2101	2.05425e-11	-10.3265	0	-0.36611	0	-15.5367	2.67057e-09	-3.69959	0	-5.41645	0	-19.7459	3.55287e-06	-0.703819	0	-0.878342	0	-3.60268	0
7.3385	0	-16.534	1.72728e-08	-3.81838	0	-12.5834	4.77818e-12	0.064384	0	-20.4117	9.60086e-06	-10.6758	0	-21.2976	3.43125e-05	-0.91551	0	-1.04408	0	-0.924919	0	-2.47357	0	-0.924926	0	-3.66988	0	-20.2987	8.13251e-06	-13.204	2.02667e-11	-10.3166	0	-0.351793	0	-15.529	2.63146e-09	-3.68132	0	-5.4073	0	-19.7376	3.50795e-06	-0.703825	0	-0.878343	0	-3.59015	0
7.33484	0	-16.5306	1.71674e-08	-3.78882	0	-12.5776	4.70713e-12	0.0510082	0	-20.4086	9.5562e-06	-10.6664	0	-21.289	3.39013e-05	-0.916143	0	-1.04211	0	-0.924919	0	-2.46809	0	-0.924926	0	-3.66079	0	-20.2847	7.96501e-06	-13.1979	1.99846e-11	-10.298	0	-0.343352	0	-15.5178	2.57482e-09	-3.68132	0	-5.3985	0	-19.7241	3.43703e-06	-0.703827	0	-0.878343	0	-3.57268	0
7.32222	0	-16.5184	1.67904e-08	-3.74897	0	-12.5652	4.57555e-12	0.0389986	0	-20.4041	9.49319e-06	-10.6564	0	-21.2771	3.33337e-05	-0.91705	0	-1.03387	0	-0.924919	0	-2.45119	0	-0.924926	0	-3.65905	0	-20.278	7.88657e-06	-13.1875	1.95046e-11	-10.2736	0	-0.328208	0	-15.5062	2.51678e-09	-3.6427	0	-5.38485	0	-19.7142	3.38538e-06	-0.70383	0	-0.878343	0	-3.56513	0
7.29941	0	-16.5093	1.65163e-08	-3.73384	0	-12.5589	4.50812e-12	0.00858335	0	-20.3968	9.39166e-06	-10.6514	0	-21.2711	3.30483e-05	-0.917811	0	-1.02275	0	-0.924919	0	-2.44325	0	-0.924926	0	-3.65616	0	-20.2644	7.72749e-06	-13.1731	1.88862e-11	-10.2634	0	-0.30457	0	-15.4917	2.44785e-09	-3.62209	0	-5.35904	0	-19.7005	3.31554e-06	-0.703831	0	-0.878343	0	-3.56243	0
7.29731	0	-16.4863	1.58387e-08	-3.70814	0	-12.5437	4.34913e-12	-0.0101544	0	-20.3891	9.28726e-06	-10.6391	0	-21.2576	3.24347e-05	-0.917961	0	-1.0151	0	-0.924919	0	-2.43694	0	-0.924927	0	-3.65367	0	-20.257	7.64311e-06	-13.1619	1.84033e-11	-10.2576	0	-0.301347	0	-15.4883	2.43119e-09	-3.565	0	-5.34067	0	-19.6839	3.23238e-06	-0.703833	0	-0.878343	0	-3.55512	0
7.27681	0	-16.471	1.54047e-08	-3.70814	0	-12.5331	4.23722e-12	-0.0154637	0	-20.3812	9.17893e-06	-10.6227	0	-21.2435	3.17937e-05	-0.91849	0	-1.00722	0	-0.924919	0	-2.41405	0	-0.924927	0	-3.64971	0	-20.2451	7.50927e-06	-13.1462	1.7759e-11	-10.2449	0	-0.286904	0	-15.4797	2.3915e-09	-3.5284	0	-5.33202	0	-19.671	3.16957e-06	-0.703834	0	-0.878343	0	-3.55184	0
7.25618	0	-16.4597	1.50898e-08	-3.67131	0	-12.5192	4.1007e-12	-0.0282021	0	-20.3741	9.08524e-06	-10.6119	0	-21.2369	3.14935e-05	-0.918928	0	-0.997998	0	-0.92492	0	-2.41236	0	-0.924927	0	-3.64284	0	-20.2324	7.36987e-06	-13.1409	1.75453e-11	-10.2358	0	-0.261569	0	-15.4686	2.34051e-09	-3.45984	0	-5.32039	0	-19.6536	3.08657e-06	-0.703836	0	-0.878343	0	-3.55068	0
7.24519	0	-16.4457	1.47065e-08	-3.64284	0	-12.5083	3.99621e-12	-0.0391109	0	-20.3635	8.94568e-06	-10.6059	0	-21.2279	3.11017e-05	-0.919903	0	-0.98341	0	-0.92492	0	-2.41076	0	-0.924927	0	-3.63573	0	-20.2198	7.23489e-06	-13.1283	1.70435e-11	-10.2293	0	-0.255831	0	-15.4623	2.31189e-09	-3.44068	0	-5.30355	0	-19.6433	3.03823e-06	-0.703838	0	-0.878343	0	-3.54682	0
7.24519	0	-16.435	1.44237e-08	-3.6322	0	-12.4972	3.8885e-12	-0.0527056	0	-20.348	8.74419e-06	-10.6014	0	-21.2193	3.07155e-05	-0.920204	0	-0.968185	0	-0.92492	0	-2.39603	0	-0.924927	0	-3.63573	0	-20.2069	7.09629e-06	-13.1136	1.64714e-11	-10.2215	0	-0.24147	0	-15.4547	2.27838e-09	-3.42507	0	-5.29892	0	-19.6345	2.99824e-06	-0.703839	0	-0.878343	0	-3.53732	0
7.22898	0	-16.4222	1.40901e-08	-3.61222	0	-12.4837	3.76799e-12	-0.0636328	0	-20.3354	8.58241e-06	-10.5991	0	-21.2019	2.99679e-05	-0.920556	0	-0.955646	0	-0.92492	0	-2.39492	0	-0.924927	0	-3.63244	0	-20.1924	6.94442e-06	-13.1052	1.61607e-11	-10.1979	0	-0.254649	0	-15.4449	2.23572e-09	-3.42423	0	-5.28824	0	-19.616	2.91416e-06	-0.703842	0	-0.878343	0	-3.53306	0
7.21983	0	-16.4155	1.39191e-08	-3.59411	0	-12.4753	3.69216e-12	-0.0731318	0	-20.3297	8.5095e-06	-10.5927	0	-21.1962	2.97245e-05	-0.921308	0	-0.938608	0	-0.92492	0	-2.38575	0	-0.924927	0	-3.6243	0	-20.1696	6.71393e-06	-13.0855	1.54377e-11	-10.1756	0	-0.294177	0	-15.4296	2.16989e-09	-3.391	0	-5.27357	0	-19.6112	2.89308e-06	-0.703843	0	-0.878343	0	-3.52078	0
7.21056	0	-16.4032	1.36097e-08	-3.59411	0	-12.4679	3.62804e-12	-0.079389	0	-20.3215	8.40626e-06	-10.5898	0	-21.186	2.93051e-05	-0.921886	0	-0.932867	0	-0.92492	0	-2.37699	0	-0.924927	0	-3.61856	0	-20.1527	6.5448e-06	-13.0677	1.48262e-11	-10.1718	0	-0.303945	0	-15.4207	2.13203e-09	-3.36713	0	-5.27357	0	-19.6013	2.84998e-06	-0.703844	0	-0.878343	0	-3.5112	0
7.21056	0	-16.3922	1.33382e-08	-3.59198	0	-12.4556	3.52192e-12	-0.0848137	0	-20.3133	8.30615e-06	-10.5835	0	-21.1706	2.86687e-05	-0.922087	0	-0.923705	0	-0.92492	0	-2.35512	0	-0.924928	0	-3.61303	0	-20.1315	6.3426e-06	-13.0577	1.44827e-11	-10.1639	0	-0.323818	0	-15.4095	2.08662e-09	-3.34029	0	-5.27112	0	-19.5912	2.80627e-06	-0.703846	0	-0.878343	0	-3.49388	0
7.20395	0	-16.3799	1.30433e-08	-3.57799	0	-12.448	3.45712e-12	-0.0923346	0	-20.3027	8.17643e-06	-10.574	0	-21.1595	2.82174e-05	-0.922365	0	-0.918675	0	-0.92492	0	-2.35441	0	-0.924928	0	-3.60814	0	-20.0997	6.04587e-06	-13.04	1.38996e-11	-10.1565	0	-0.328148	0	-15.4002	2.04839e-09	-3.33562	0	-5.26048	0	-19.5765	2.74352e-06	-0.703846	0	-0.878343	0	-3.49388	0
7.18746	0	-16.372	1.28572e-08	-3.55826	0	-12.4406	3.39529e-12	-0.102642	0	-20.2904	8.02865e-06	-10.5679	0	-21.1468	2.77216e-05	-0.922482	0	-0.912812	0	-0.924921	0	-2.34471	0	-0.924928	0	-3.60323	0	-20.0874	5.93826e-06	-13.0162	1.31628e-11	-10.1387	0	-0.342864	0	-15.3831	1.9819e-09	-3.32367	0	-5.25834	0	-19.5634	2.6889e-06	-0.703846	0	-0.878344	0	-3.47215	0
7.18325	0	-16.3556	1.24708e-08	-3.55205	0	-12.4315	3.32212e-12	-0.117626	0	-20.282	7.92955e-06	-10.5668	0	-21.1388	2.74138e-05	-0.922594	0	-0.901332	0	-0.924921	0	-2.33627	0	-0.924928	0	-3.597	0	-20.0702	5.78386e-06	-12.9959	1.25634e-11	-10.1212	0	-0.356765	0	-15.3715	1.9368e-09	-3.2964	0	-5.24144	0	-19.5523	2.644e-06	-0.703847	0	-0.878344	0	-3.46895	0
7.17546	0	-16.3469	1.22724e-08	-3.55143	0	-12.4282	3.29681e-12	-0.133096	0	-20.2733	7.82831e-06	-10.561	0	-21.1256	2.6899e-05	-0.922695	0	-0.894117	0	-0.924921	0	-2.32657	0	-0.924928	0	-3.59296	0	-20.0504	5.61532e-06	-12.9748	1.19711e-11	-10.1213	0	-0.370208	0	-15.3563	1.88097e-09	-3.25607	0	-5.23369	0	-19.5253	2.53637e-06	-0.703847	0	-0.878344	0	-3.46507	0
7.15669	0	-16.3337	1.19802e-08	-3.54086	0	-12.4202	3.23296e-12	-0.146212	0	-20.2592	7.66561e-06	-10.5521	0	-21.114	2.64562e-05	-0.922832	0	-0.893398	0	-0.924921	0	-2.32338	0	-0.924928	0	-3.58685	0	-20.0338	5.47804e-06	-12.9546	1.14256e-11	-10.1131	0	-0.377779	0	-15.3493	1.85554e-09	-3.22942	0	-5.23297	0	-19.5051	2.4587e-06	-0.703847	0	-0.878344	0	-3.44985	0
7.15669	0	-16.323	1.17435e-08	-3.53665	0	-12.4166	3.20526e-12	-0.158196	0	-20.2449	7.5042e-06	-10.5499	0	-21.1078	2.6223e-05	-0.922971	0	-0.884293	0	-0.924921	0	-2.31145	0	-0.924928	0	-3.58022	0	-20.0207	5.3722e-06	-12.933	1.08676e-11	-10.108	0	-0.385554	0	-15.3428	1.8327e-09	-3.17589	0	-5.2284	0	-19.4808	2.36871e-06	-0.703847	0	-0.878344	0	-3.44027	0
7.15647	0	-16.3075	1.14158e-08	-3.52541	0	-12.4095	3.15015e-12	-0.173281	0	-20.2359	7.4035e-06	-10.5477	0	-21.1023	2.60232e-05	-0.923166	0	-0.882453	0	-0.924921	0	-2.3065	0	-0.924928	0	-3.57559	0	-20.0046	5.24237e-06	-12.9193	1.05272e-11	-10.0977	0	-0.397101	0	-15.3336	1.79921e-09	-3.17589	0	-5.22614	0	-19.4701	2.32971e-06	-0.703848	0	-0.878344	0	-3.43775	0
7.14634	0	-16.2938	1.11326e-08	-3.52327	0	-12.4037	3.10672e-12	-0.188693	0	-20.2246	7.28024e-06	-10.5428	0	-21.0956	2.57745e-05	-0.923387	0	-0.877613	0	-0.924921	0	-2.29694	0	-0.924928	0	-3.56957	0	-19.9965	5.17801e-06	-12.8958	9.97325e-12	-10.0919	0	-0.400572	0	-15.3287	1.78159e-09	-3.16834	0	-5.22112	0	-19.449	2.25522e-06	-0.703849	0	-0.878345	0	-3.4333	0
7.14615	0	-16.2791	1.08374e-08	-3.50489	0	-12.395	3.04085e-12	-0.198865	0	-20.2122	7.14869e-06	-10.5376	0	-21.0814	2.52648e-05	-0.923491	0	-0.868653	0	-0.924921	0	-2.29694	0	-0.924928	0	-3.55991	0	-19.993	5.15275e-06	-12.8799	9.61198e-12	-10.0887	0	-0.404352	0	-15.3227	1.7609e-09	-3.14414	0	-5.21414	0	-19.4328	2.19914e-06	-0.70385	0	-0.878345	0	-3.42491	0
7.13806	0	-16.2628	1.05139e-08	-3.48273	0	-12.3826	2.95282e-12	-0.213936	0	-20.1989	7.00662e-06	-10.5376	0	-21.0692	2.48328e-05	-0.923607	0	-0.872157	0	-0.924921	0	-2.29418	0	-0.924928	0	-3.54614	0	-19.9842	5.08451e-06	-12.8677	9.3417e-12	-10.0832	0	-0.416644	0	-15.3101	1.71831e-09	-3.10523	0	-5.2129	0	-19.4248	2.1721e-06	-0.70385	0	-0.878345	0	-3.40842	0
7.13475	0	-16.2489	1.02426e-08	-3.45922	0	-12.3697	2.86116e-12	-0.223624	0	-20.1777	6.78766e-06	-10.5277	0	-21.0602	2.45158e-05	-0.923749	0	-0.862929	0	-0.924921	0	-2.28662	0	-0.924928	0	-3.52447	0	-19.974	5.00544e-06	-12.86	9.17646e-12	-10.0762	0	-0.428025	0	-15.3023	1.69153e-09	-3.07596	0	-5.20621	0	-19.4143	2.137e-06	-0.70385	0	-0.878345	0	-3.39913	0
7.12996	0	-16.2291	9.8808e-09	-3.45082	0	-12.354	2.75529e-12	-0.247167	0	-20.1526	6.53941e-06	-10.5159	0	-21.051	2.41978e-05	-0.923831	0	-0.859151	0	-0.924921	0	-2.2803	0	-0.924928	0	-3.51193	0	-19.9576	4.88371e-06	-12.8538	9.04388e-12	-10.071	0	-0.446056	0	-15.2975	1.6766e-09	-3.03814	0	-5.1969	0	-19.4019	2.09609e-06	-0.70385	0	-0.878345	0	-3.39197	0
7.12078	0	-16.2283	9.86721e-09	-3.44095	0	-12.3412	2.67081e-12	-0.265639	0	-20.1415	6.43073e-06	-10.5042	0	-21.0373	2.3721e-05	-0.923895	0	-0.853338	0	-0.924921	0	-2.27822	0	-0.924928	0	-3.4991	0	-19.945	4.7931e-06	-12.8454	8.86462e-12	-10.071	0	-0.459801	0	-15.2899	1.6519e-09	-3.00965	0	-5.19347	0	-19.3867	2.04714e-06	-0.703851	0	-0.878345	0	-3.38539	0
7.11481	0	-16.2197	9.71234e-09	-3.43904	0	-12.3252	2.56885e-12	-0.284312	0	-20.126	6.28384e-06	-10.5022	0	-21.0281	2.3414e-05	-0.923943	0	-0.851962	0	-0.924921	0	-2.27793	0	-0.924928	0	-3.45862	0	-19.9332	4.70827e-06	-12.838	8.70998e-12	-10.0661	0	-0.465005	0	-15.2799	1.62013e-09	-2.9802	0	-5.18645	0	-19.3747	2.00953e-06	-0.703851	0	-0.878345	0	-3.38162	0
7.11072	0	-16.2108	9.55362e-09	-3.43802	0	-12.3077	2.46156e-12	-0.292775	0	-20.1174	6.20538e-06	-10.4951	0	-21.0124	2.28982e-05	-0.923967	0	-0.847818	0	-0.924921	0	-2.27468	0	-0.924928	0	-3.43454	0	-19.9226	4.63325e-06	-12.8239	8.42778e-12	-10.0633	0	-0.475415	0	-15.271	1.59155e-09	-2.90843	0	-5.18095	0	-19.3636	1.97529e-06	-0.703851	0	-0.878345	0	-3.37598	0
7.10252	0	-16.196	9.29828e-09	-3.43185	0	-12.2931	2.37502e-12	-0.311096	0	-20.098	6.02847e-06	-10.4802	0	-20.9972	2.24024e-05	-0.924009	0	-0.847071	0	-0.924921	0	-2.27103	0	-0.924929	0	-3.41272	0	-19.9159	4.58718e-06	-12.8181	8.31493e-12	-10.0612	0	-0.487149	0	-15.2637	1.5696e-09	-2.89475	0	-5.17658	0	-19.355	1.9491e-06	-0.703851	0	-0.878345	0	-3.36485	0
7.08776	0	-16.1806	9.03541e-09	-3.42042	0	-12.2812	2.30721e-12	-0.319737	0	-20.0839	5.90418e-06	-10.4565	0	-20.9808	2.18854e-05	-0.924064	0	-0.840813	0	-0.924921	0	-2.26941	0	-0.924929	0	-3.36928	0	-19.9071	4.52747e-06	-12.807	8.09912e-12	-10.0569	0	-0.502383	0	-15.2498	1.52661e-09	-2.89105	0	-5.17066	0	-19.3445	1.91729e-06	-0.703852	0	-0.878345	0	-3.35819	0
7.0692	0	-16.1661	8.79741e-09	-3.40029	0	-12.2722	2.25671e-12	-0.328037	0	-20.0658	5.74759e-06	-10.4454	0	-20.971	2.15815e-05	-0.924092	0	-0.830859	0	-0.924922	0	-2.26941	0	-0.924929	0	-3.35808	0	-19.8992	4.47399e-06	-12.7933	7.84611e-12	-10.0481	0	-0.51918	0	-15.2334	1.4778e-09	-2.87769	0	-5.16606	0	-19.3391	1.9015e-06	-0.703852	0	-0.878345	0	-3.34904	0
7.0566	0	-16.1475	8.49953e-09	-3.38091	0	-12.2643	2.21359e-12	-0.33365	0	-20.0567	5.67018e-06	-10.4273	0	-20.9598	2.12371e-05	-0.924109	0	-0.828537	0	-0.924922	0	-2.26867	0	-0.924929	0	-3.34901	0	-19.8939	4.43828e-06	-12.7806	7.61793e-12	-10.0368	0	-0.530469	0	-15.219	1.43634e-09	-2.85329	0	-5.15951	0	-19.3284	1.87014e-06	-0.703852	0	-0.878346	0	-3.34299	0
7.0566	0	-16.1254	8.15496e-09	-3.36563	0	-12.2514	2.14338e-12	-0.338517	0	-20.0438	5.56285e-06	-10.4137	0	-20.9452	2.0798e-05	-0.92413	0	-0.822979	0	-0.924922	0	-2.26627	0	-0.924929	0	-3.24815	0	-19.8887	4.4047e-06	-12.7677	7.38696e-12	-10.0186	0	-0.539437	0	-15.1993	1.38139e-09	-2.8269	0	-5.1538	0	-19.3226	1.85319e-06	-0.703852	0	-0.878346	0	-3.33923	0
7.05063	0	-16.1085	7.90254e-09	-3.34364	0	-12.2422	2.09573e-12	-0.341545	0	-20.0261	5.41744e-06	-10.4064	0	-20.9305	2.03644e-05	-0.924155	0	-0.812099	0	-0.924922	0	-2.26379	0	-0.924929	0	-3.24815	0	-19.8794	4.34352e-06	-12.7625	7.30034e-12	-10.0154	0	-0.553901	0	-15.1881	1.35142e-09	-2.82169	0	-5.15144	0	-19.3174	1.83843e-06	-0.703852	0	-0.878346	0	-3.3335	0
7.04094	0	-16.0907	7.64602e-09	-3.34125	0	-12.2361	2.06521e-12	-0.344189	0	-20.0088	5.2796e-06	-10.3851	0	-20.9127	1.98529e-05	-0.924172	0	-0.801641	0	-0.924922	0	-2.26095	0	-0.924929	0	-3.21122	0	-19.8717	4.29225e-06	-12.7494	7.07737e-12	-10.0063	0	-0.569201	0	-15.182	1.33495e-09	-2.80287	0	-5.14793	0	-19.3026	1.79699e-06	-0.703853	0	-0.878346	0	-3.32201	0
7.03286	0	-16.065	7.28781e-09	-3.31998	0	-12.227	2.01887e-12	-0.348342	0	-19.9926	5.15155e-06	-10.373	0	-20.8925	1.92861e-05	-0.924198	0	-0.780455	0	-0.924922	0	-2.25503	0	-0.924929	0	-3.15498	0	-19.86	4.21685e-06	-12.7413	6.94958e-12	-10.0001	0	-0.581556	0	-15.1721	1.30915e-09	-2.79712	0	-5.14224	0	-19.297	1.78136e-06	-0.703853	0	-0.878346	0	-3.31245	0
7.03286	0	-16.0515	7.10447e-09	-3.29661	0	-12.219	1.97937e-12	-0.3529	0	-19.9833	5.07993e-06	-10.3608	0	-20.8748	1.88023e-05	-0.92421	0	-0.765466	0	-0.924922	0	-2.25154	0	-0.924929	0	-3.13468	0	-19.8452	4.12525e-06	-12.7252	6.69277e-12	-9.9932	0	-0.601274	0	-15.1525	1.25951e-09	-2.78077	0	-5.1399	0	-19.284	1.74569e-06	-0.703853	0	-0.878346	0	-3.29958	0
7.01746	0	-16.0439	7.00408e-09	-3.26621	0	-12.2123	1.94723e-12	-0.361798	0	-19.9791	5.04809e-06	-10.3533	0	-20.8687	1.86412e-05	-0.924236	0	-0.757067	0	-0.924922	0	-2.24951	0	-0.924929	0	-3.07028	0	-19.8338	4.0546e-06	-12.7078	6.4256e-12	-9.99205	0	-0.617621	0	-15.1443	1.23944e-09	-2.76702	0	-5.1334	0	-19.2621	1.68753e-06	-0.703853	0	-0.878346	0	-3.29611	0
7.01663	0	-16.034	6.87623e-09	-3.24953	0	-12.2054	1.91507e-12	-0.364578	0	-19.9617	4.91796e-06	-10.3424	0	-20.8619	1.84575e-05	-0.924254	0	-0.744557	0	-0.924922	0	-2.2459	0	-0.924929	0	-3.05613	0	-19.821	3.97743e-06	-12.7049	6.38172e-12	-9.9862	0	-0.625122	0	-15.1339	1.21399e-09	-2.7529	0	-5.122	0	-19.2492	1.65411e-06	-0.703853	0	-0.878346	0	-3.29343	0
7.01408	0	-16.0247	6.75431e-09	-3.23884	0	-12.1958	1.87008e-12	-0.370719	0	-19.9528	4.85267e-06	-10.3244	0	-20.8536	1.82384e-05	-0.924295	0	-0.73296	0	-0.924922	0	-2.24257	0	-0.924929	0	-3.03585	0	-19.8156	3.94448e-06	-12.6818	6.04121e-12	-9.9821	0	-0.634195	0	-15.1224	1.18691e-09	-2.73616	0	-5.11923	0	-19.2437	1.64004e-06	-0.703854	0	-0.878346	0	-3.2902	0
7.01087	0	-16.0096	6.56657e-09	-3.23495	0	-12.1898	1.84302e-12	-0.374581	0	-19.9448	4.79489e-06	-10.3225	0	-20.8453	1.80212e-05	-0.924339	0	-0.720219	0	-0.924922	0	-2.23717	0	-0.924929	0	-2.98485	0	-19.8093	3.90722e-06	-12.6742	5.93416e-12	-9.97218	0	-0.640233	0	-15.1068	1.15039e-09	-2.72797	0	-5.11147	0	-19.2292	1.60337e-06	-0.703854	0	-0.878346	0	-3.28498	0
7.00288	0	-15.997	6.41411e-09	-3.21589	0	-12.1752	1.77708e-12	-0.380443	0	-19.9311	4.69689e-06	-10.3134	0	-20.8371	1.78077e-05	-0.924396	0	-0.706779	0	-0.924922	0	-2.2323	0	-0.924929	0	-2.92209	0	-19.799	3.8471e-06	-12.6624	5.7691e-12	-9.96173	0	-0.651105	0	-15.0948	1.12345e-09	-2.71722	0	-5.10668	0	-19.218	1.57597e-06	-0.703855	0	-0.878346	0	-3.28066	0
7.00084	0	-15.9839	6.25727e-09	-3.21589	0	-12.1712	1.75977e-12	-0.39122	0	-19.9161	4.59126e-06	-10.2993	0	-20.8299	1.76252e-05	-0.924426	0	-0.689898	0	-0.924922	0	-2.22805	0	-0.924929	0	-2.91118	0	-19.7925	3.80918e-06	-12.6542	5.65873e-12	-9.95737	0	-0.658169	0	-15.0777	1.08611e-09	-2.71065	0	-5.09621	0	-19.1885	1.50493e-06	-0.703855	0	-0.878346	0	-3.27323	0
6.99832	0	-15.9679	6.07327e-09	-3.20869	0	-12.1629	1.72394e-12	-0.397592	0	-19.9101	4.54955e-06	-10.295	0	-20.8176	1.73192e-05	-0.924444	0	-0.670237	0	-0.924922	0	-2.22384	0	-0.924929	0	-2.88564	0	-19.782	3.74963e-06	-12.6437	5.51849e-12	-9.94598	0	-0.667205	0	-15.0579	1.04431e-09	-2.6847	0	-5.0811	0	-19.1702	1.46248e-06	-0.703855	0	-0.878346	0	-3.26158	0
6.99277	0	-15.952	5.89591e-09	-3.19376	0	-12.1533	1.68307e-12	-0.403996	0	-19.9003	4.48313e-06	-10.2859	0	-20.8063	1.704e-05	-0.924461	0	-0.658858	0	-0.924923	0	-2.21661	0	-0.924929	0	-2.86002	0	-19.7691	3.67751e-06	-12.6302	5.34592e-12	-9.93501	0	-0.682701	0	-15.0455	1.01905e-09	-2.68123	0	-5.06358	0	-19.1549	1.42775e-06	-0.703855	0	-0.878346	0	-3.25863	0
6.99264	0	-15.9353	5.7138e-09	-3.17781	0	-12.1377	1.61975e-12	-0.407844	0	-19.8985	4.47055e-06	-10.282	0	-20.791	1.66743e-05	-0.92448	0	-0.653679	0	-0.924923	0	-2.21575	0	-0.924929	0	-2.83325	0	-19.7609	3.63199e-06	-12.6247	5.27618e-12	-9.93501	0	-0.699637	0	-15.039	1.00597e-09	-2.65733	0	-5.0636	0	-19.1449	1.4055e-06	-0.703855	0	-0.878346	0	-3.25108	0
6.98915	0	-15.9187	5.53735e-09	-3.17519	0	-12.1166	1.53772e-12	-0.412957	0	-19.8895	4.41014e-06	-10.2599	0	-20.781	1.64352e-05	-0.924504	0	-0.641812	0	-0.924923	0	-2.20795	0	-0.924929	0	-2.79379	0	-19.7446	3.54359e-06	-12.6122	5.1221e-12	-9.93501	0	-0.719423	0	-15.029	9.8607e-10	-2.62535	0	-5.04801	0	-19.1334	1.38048e-06	-0.703855	0	-0.878346	0	-3.247	0
6.98504	0	-15.9032	5.378e-09	-3.15878	0	-12.1091	1.5089e-12	-0.415927	0	-19.8794	4.34266e-06	-10.2464	0	-20.7653	1.60637e-05	-0.924559	0	-0.639305	0	-0.924923	0	-2.20091	0	-0.924929	0	-2.77482	0	-19.7328	3.48063e-06	-12.6007	4.98527e-12	-9.93355	0	-0.724883	0	-15.0153	9.59432e-10	-2.60539	0	-5.03583	0	-19.1172	1.34576e-06	-0.703857	0	-0.878346	0	-3.24208	0
6.97829	0	-15.8817	5.16277e-09	-3.15699	0	-12.0979	1.46727e-12	-0.418345	0	-19.8672	4.26231e-06	-10.2419	0	-20.7522	1.57561e-05	-0.924595	0	-0.632366	0	-0.924923	0	-2.19953	0	-0.924929	0	-2.72678	0	-19.7253	3.44137e-06	-12.5942	4.9093e-12	-9.92395	0	-0.738195	0	-14.997	9.24683e-10	-2.59256	0	-5.0352	0	-19.1072	1.32475e-06	-0.703859	0	-0.878346	0	-3.23574	0
6.97162	0	-15.8739	5.08715e-09	-3.15561	0	-12.0823	1.41149e-12	-0.420497	0	-19.8573	4.19892e-06	-10.2208	0	-20.7356	1.53808e-05	-0.924679	0	-0.620396	0	-0.924923	0	-2.19466	0	-0.924929	0	-2.72678	0	-19.7141	3.38297e-06	-12.5839	4.78907e-12	-9.92028	0	-0.751748	0	-14.9872	9.07018e-10	-2.58913	0	-5.02766	0	-19.0966	1.30264e-06	-0.70386	0	-0.878346	0	-3.22491	0
6.96163	0	-15.8651	5.00309e-09	-3.14678	0	-12.069	1.36533e-12	-0.421799	0	-19.846	4.12936e-06	-10.2058	0	-20.7277	1.521e-05	-0.924697	0	-0.60568	0	-0.924923	0	-2.18603	0	-0.924929	0	-2.71766	0	-19.7094	3.35911e-06	-12.5667	4.59703e-12	-9.92028	0	-0.763461	0	-14.9761	8.86857e-10	-2.57906	0	-5.01593	0	-19.0795	1.2682e-06	-0.703862	0	-0.878346	0	-3.21958	0
6.95883	0	-15.8597	4.95099e-09	-3.13225	0	-12.0561	1.32226e-12	-0.424345	0	-19.8363	4.0696e-06	-10.1965	0	-20.7155	1.49472e-05	-0.924713	0	-0.603126	0	-0.924923	0	-2.17703	0	-0.924929	0	-2.69453	0	-19.701	3.31656e-06	-12.5486	4.4031e-12	-9.91363	0	-0.781585	0	-14.9669	8.70857e-10	-2.57906	0	-5.01292	0	-19.0559	1.22214e-06	-0.703863	0	-0.878346	0	-3.21108	0
6.95471	0	-15.8561	4.91738e-09	-3.1189	0	-12.0413	1.2735e-12	-0.426949	0	-19.8187	3.96291e-06	-10.17	0	-20.7064	1.47528e-05	-0.924731	0	-0.588076	0	-0.924923	0	-2.17111	0	-0.924929	0	-2.67247	0	-19.6911	3.26646e-06	-12.5379	4.29159e-12	-9.9057	0	-0.790022	0	-14.957	8.53756e-10	-2.57821	0	-4.99826	0	-19.0329	1.17855e-06	-0.703864	0	-0.878346	0	-3.20815	0
6.95066	0	-15.8439	4.80593e-09	-3.11364	0	-12.0286	1.23341e-12	-0.427461	0	-19.8023	3.86317e-06	-10.1593	0	-20.6946	1.45037e-05	-0.924739	0	-0.576878	0	-0.924923	0	-2.15713	0	-0.924929	0	-2.6652	0	-19.675	3.18704e-06	-12.5278	4.18895e-12	-9.89801	0	-0.803126	0	-14.9448	8.33105e-10	-2.5662	0	-4.99667	0	-19.0077	1.13262e-06	-0.703864	0	-0.878346	0	-3.19671	0
6.94478	0	-15.837	4.74269e-09	-3.10723	0	-12.0153	1.19391e-12	-0.428196	0	-19.7913	3.80188e-06	-10.1466	0	-20.6874	1.43547e-05	-0.924764	0	-0.573038	0	-0.924923	0	-2.15563	0	-0.924929	0	-2.65891	0	-19.6556	3.09407e-06	-12.5182	4.09318e-12	-9.89163	0	-0.816271	0	-14.9282	8.05654e-10	-2.5662	0	-4.98813	0	-18.9833	1.0897e-06	-0.703866	0	-0.878346	0	-3.18368	0
6.94416	0	-15.8286	4.66857e-09	-3.10395	0	-12.0021	1.15543e-12	-0.430025	0	-19.7705	3.6837e-06	-10.142	0	-20.6763	1.41234e-05	-0.924774	0	-0.568664	0	-0.924923	0	-2.14951	0	-0.924929	0	-2.64867	0	-19.6405	3.02417e-06	-12.5086	4.00043e-12	-9.88985	0	-0.823365	0	-14.9229	7.97247e-10	-2.56202	0	-4.97961	0	-18.9683	1.06409e-06	-0.703867	0	-0.878346	0	-3.17663	0
6.93243	0	-15.8204	4.59766e-09	-3.09129	0	-11.9894	1.11931e-12	-0.432428	0	-19.7577	3.61336e-06	-10.1304	0	-20.669	1.39759e-05	-0.924784	0	-0.559633	0	-0.924923	0	-2.13848	0	-0.924929	0	-2.63929	0	-19.6344	2.99541e-06	-12.5057	3.97238e-12	-9.88572	0	-0.82821	0	-14.9044	7.68087e-10	-2.55595	0	-4.96731	0	-18.9578	1.04657e-06	-0.703868	0	-0.878346	0	-3.16651	0
6.92609	0	-15.8101	4.50693e-09	-3.08647	0	-11.972	1.07209e-12	-0.434491	0	-19.7474	3.55752e-06	-10.1208	0	-20.6588	1.37682e-05	-0.924787	0	-0.55377	0	-0.924923	0	-2.13314	0	-0.924929	0	-2.63802	0	-19.6214	2.93656e-06	-12.4975	3.895e-12	-9.87812	0	-0.830825	0	-14.89	7.46337e-10	-2.54848	0	-4.95721	0	-18.9455	1.02634e-06	-0.70387	0	-0.878346	0	-3.15876	0
6.92127	0	-15.7989	4.41156e-09	-3.07913	0	-11.9628	1.04798e-12	-0.435425	0	-19.7394	3.51431e-06	-10.1191	0	-20.6483	1.35616e-05	-0.924791	0	-0.545943	0	-0.924923	0	-2.13314	0	-0.924929	0	-2.62735	0	-19.6099	2.88535e-06	-12.4893	3.81956e-12	-9.86378	0	-0.832864	0	-14.8836	7.36626e-10	-2.54644	0	-4.95167	0	-18.9313	1.00352e-06	-0.703872	0	-0.878346	0	-3.15118	0
6.91778	0	-15.7886	4.32709e-09	-3.06624	0	-11.9523	1.02115e-12	-0.436654	0	-19.7294	3.46158e-06	-10.0948	0	-20.6333	1.32681e-05	-0.924792	0	-0.545691	0	-0.924923	0	-2.13136	0	-0.924929	0	-2.62482	0	-19.5914	2.80459e-06	-12.4754	3.69425e-12	-9.85307	0	-0.838036	0	-14.8693	7.158e-10	-2.54295	0	-4.94258	0	-18.9196	9.85077e-07	-0.703872	0	-0.878346	0	-3.14193	0
6.91263	0	-15.7863	4.30951e-09	-3.05146	0	-11.9381	0	-0.437519	0	-19.7208	3.41679e-06	-10.0807	0	-20.6208	1.30302e-05	-0.924794	0	-0.541489	0	-0.924923	0	-2.12591	0	-0.924929	0	-2.61747	0	-19.5769	2.74388e-06	-12.4675	3.6248e-12	-9.85067	0	-0.841188	0	-14.8569	6.98087e-10	-2.53871	0	-4.92748	0	-18.906	9.6405e-07	-0.703873	0	-0.878346	0	-3.14051	0
6.90462	0	-15.7782	4.24196e-09	-3.0473	0	-11.9337	0	-0.440392	0	-19.707	3.34564e-06	-10.0677	0	-20.6081	1.27914e-05	-0.924795	0	-0.538776	0	-0.924923	0	-2.11392	0	-0.924929	0	-2.61474	0	-19.5673	2.70298e-06	-12.452	3.49344e-12	-9.84263	0	-0.84327	0	-14.8517	6.9064e-10	-2.53473	0	-4.92748	0	-18.896	9.48807e-07	-0.703873	0	-0.878346	0	-3.13191	0
6.89353	0	-15.7697	4.17378e-09	-3.01976	0	-11.9201	0	-0.441794	0	-19.7013	3.31743e-06	-10.0614	0	-20.595	1.25507e-05	-0.924797	0	-0.542459	0	-0.924923	0	-2.11392	0	-0.924929	0	-2.57811	0	-19.5577	2.66382e-06	-12.437	3.36922e-12	-9.83424	0	-0.845871	0	-14.8393	6.7357e-10	-2.52639	0	-4.92069	0	-18.873	9.14694e-07	-0.703874	0	-0.878347	0	-3.12137	0
6.88111	0	-15.7593	4.09345e-09	-3.00337	0	-11.9077	0	-0.442765	0	-19.6914	3.26808e-06	-10.0507	0	-20.5907	1.24709e-05	-0.924798	0	-0.53624	0	-0.924923	0	-2.1097	0	-0.924929	0	-2.57399	0	-19.5417	2.5987e-06	-12.4231	3.25701e-12	-9.83004	0	-0.848551	0	-14.8335	6.6564e-10	-2.52425	0	-4.91892	0	-18.8701	9.10459e-07	-0.703874	0	-0.878347	0	-3.12137	0
6.86777	0	-15.7497	4.01894e-09	-2.98333	0	-11.8939	0	-0.444187	0	-19.6808	3.2157e-06	-10.04	0	-20.5798	1.22746e-05	-0.924799	0	-0.536788	0	-0.924923	0	-2.10666	0	-0.924929	0	-2.55648	0	-19.5222	2.52127e-06	-12.4062	3.12685e-12	-9.82912	0	-0.853011	0	-14.8126	6.37987e-10	-2.51918	0	-4.91364	0	-18.8581	8.93094e-07	-0.703874	0	-0.878347	0	-3.11437	0
6.85402	0	-15.7409	3.95185e-09	-2.97468	0	-11.8734	0	-0.444807	0	-19.6698	3.16223e-06	-10.0251	0	-20.5723	1.21397e-05	-0.924799	0	-0.528304	0	-0.924923	0	-2.1018	0	-0.924929	0	-2.5468	0	-19.5015	2.44241e-06	-12.3986	3.07054e-12	-9.82269	0	-0.858464	0	-14.7916	6.11299e-10	-2.51353	0	-4.90577	0	-18.8435	8.72606e-07	-0.703874	0	-0.878347	0	-3.10445	0
6.85365	0	-15.7314	3.88103e-09	-2.96984	0	-11.8591	0	-0.445319	0	-19.6575	3.1029e-06	-10.014	0	-20.5664	1.20371e-05	-0.9248	0	-0.527388	0	-0.924923	0	-2.09514	0	-0.924929	0	-2.52952	0	-19.4811	2.36647e-06	-12.3962	3.05309e-12	-9.81882	0	-0.862144	0	-14.7727	5.88193e-10	-2.50966	0	-4.9053	0	-18.839	8.6645e-07	-0.703874	0	-0.878347	0	-3.09819	0
6.85301	0	-15.7143	3.75625e-09	-2.95305	0	-11.8484	0	-0.446185	0	-19.6441	3.03999e-06	-10.0003	0	-20.5593	1.19114e-05	-0.924801	0	-0.525225	0	-0.924923	0	-2.09014	0	-0.924929	0	-2.51101	0	-19.4795	2.36082e-06	-12.3881	2.99323e-12	-9.8148	0	-0.864662	0	-14.7706	5.85602e-10	-2.50876	0	-4.89616	0	-18.8295	8.53439e-07	-0.703875	0	-0.878347	0	-3.0876	0
6.84782	0	-15.6939	3.61366e-09	-2.94021	0	-11.8365	0	-0.44704	0	-19.6207	2.93329e-06	-9.98413	0	-20.5534	1.18099e-05	-0.924803	0	-0.526357	0	-0.924923	0	-2.08486	0	-0.924929	0	-2.50679	0	-19.4665	2.314e-06	-12.3818	2.9477e-12	-9.80706	0	-0.870671	0	-14.7624	5.76023e-10	-2.50464	0	-4.88511	0	-18.8144	8.33155e-07	-0.703875	0	-0.878347	0	-3.08113	0
6.84517	0	-15.6869	3.56651e-09	-2.9269	0	-11.8195	0	-0.44788	0	-19.6035	2.85696e-06	-9.96722	0	-20.5423	1.1623e-05	-0.924804	0	-0.524711	0	-0.924923	0	-2.08266	0	-0.924929	0	-2.4928	0	-19.458	2.28328e-06	-12.3716	2.87676e-12	-9.79174	0	-0.872374	0	-14.7499	5.61523e-10	-2.50079	0	-4.87338	0	-18.7915	8.03244e-07	-0.703875	0	-0.878347	0	-3.0716	0
6.84091	0	-15.6618	3.39946e-09	-2.91889	0	-11.7993	0	-0.448994	0	-19.5824	2.76597e-06	-9.957	0	-20.5263	1.13533e-05	-0.924805	0	-0.522752	0	-0.924923	0	-2.0761	0	-0.924929	0	-2.4803	0	-19.4467	2.24357e-06	-12.3588	2.78865e-12	-9.77904	0	-0.874694	0	-14.7396	5.49801e-10	-2.49939	0	-4.86192	0	-18.7731	7.79887e-07	-0.703876	0	-0.878347	0	-3.05639	0
6.83467	0	-15.626	3.17433e-09	-2.90403	0	-11.7967	0	-0.450224	0	-19.5695	2.71223e-06	-9.94469	0	-20.5102	1.10867e-05	-0.924806	0	-0.523029	0	-0.924923	0	-2.07125	0	-0.924929	0	-2.4803	0	-19.4369	2.20978e-06	-12.3512	2.73745e-12	-9.77045	0	-0.877302	0	-14.7234	5.3213e-10	-2.49066	0	-4.84852	0	-18.7627	7.66967e-07	-0.703876	0	-0.878347	0	-3.05187	0
6.82569	0	-15.6192	3.13273e-09	-2.88534	0	-11.7841	0	-0.451917	0	-19.5503	2.63441e-06	-9.94177	0	-20.4991	1.09107e-05	-0.924806	0	-0.520475	0	-0.924923	0	-2.06517	0	-0.924929	0	-2.46488	0	-19.4143	2.13352e-06	-12.3354	2.63415e-12	-9.76297	0	-0.87986	0	-14.7123	5.20157e-10	-2.48356	0	-4.83235	0	-18.7486	7.49939e-07	-0.703877	0	-0.878347	0	-3.03713	0
6.81503	0	-15.6043	3.04484e-09	-2.87446	0	-11.7651	0	-0.453251	0	-19.5388	2.5887e-06	-9.92606	0	-20.4865	1.07101e-05	-0.924807	0	-0.516502	0	-0.924923	0	-2.06259	0	-0.924929	0	-2.45811	0	-19.4028	2.09582e-06	-12.3282	2.58878e-12	-9.74598	0	-0.88258	0	-14.7048	5.12349e-10	-2.48176	0	-4.83039	0	-18.7303	7.28154e-07	-0.703877	0	-0.878347	0	-3.03443	0
6.80252	0	-15.5757	2.88152e-09	-2.85673	0	-11.7484	0	-0.453915	0	-19.5331	2.56615e-06	-9.91362	0	-20.4763	1.05524e-05	-0.924808	0	-0.513132	0	-0.924923	0	-2.06026	0	-0.924929	0	-2.43448	0	-19.3902	2.05559e-06	-12.3127	2.49321e-12	-9.74016	0	-0.883554	0	-14.692	4.99217e-10	-2.47388	0	-4.82233	0	-18.7219	7.18463e-07	-0.703878	0	-0.878347	0	-3.02012	0
6.7865	0	-15.5527	2.75642e-09	-2.84516	0	-11.7333	0	-0.454584	0	-19.5233	2.52805e-06	-9.89569	0	-20.4628	1.03437e-05	-0.92481	0	-0.511308	0	-0.924923	0	-2.05222	0	-0.924929	0	-2.40279	0	-19.3832	2.03383e-06	-12.2986	2.40867e-12	-9.72347	0	-0.884512	0	-14.6765	4.83724e-10	-2.47022	0	-4.81476	0	-18.7153	7.10735e-07	-0.703879	0	-0.878347	0	-3.01075	0
6.77235	0	-15.5307	2.64155e-09	-2.83428	0	-11.7246	0	-0.45546	0	-19.5099	2.47673e-06	-9.88928	0	-20.4501	1.01542e-05	-0.924811	0	-0.509106	0	-0.924923	0	-2.05222	0	-0.924929	0	-2.39104	0	-19.3775	2.01559e-06	-12.2708	2.25116e-12	-9.72347	0	-0.887936	0	-14.6707	4.77971e-10	-2.46453	0	-4.81476	0	-18.7079	7.02416e-07	-0.70388	0	-0.878347	0	-2.99933	0
6.76454	0	-15.511	2.5429e-09	-2.82583	0	-11.7179	0	-0.456518	0	-19.5022	2.44739e-06	-9.88215	0	-20.4412	1.00214e-05	-0.924811	0	-0.509343	0	-0.924923	0	-2.04952	0	-0.924929	0	-2.37792	0	-19.3654	1.97823e-06	-12.2581	2.18196e-12	-9.71713	0	-0.889115	0	-14.6556	4.63414e-10	-2.45386	0	-4.80844	0	-18.7	6.93368e-07	-0.70388	0	-0.878347	0	-2.98611	0
6.75253	0	-15.4825	2.40614e-09	-2.81737	0	-11.7076	0	-0.457247	0	-19.4927	2.41195e-06	-9.86395	0	-20.4323	9.89139e-06	-0.924812	0	-0.509887	0	-0.924923	0	-2.04791	0	-0.924929	0	-2.37391	0	-19.3492	1.92913e-06	-12.2409	2.09166e-12	-9.70821	0	-0.890881	0	-14.6463	4.54629e-10	-2.45198	0	-4.80357	0	-18.691	6.83475e-07	-0.703881	0	-0.878347	0	-2.97415	0
6.73637	0	-15.4761	2.37692e-09	-2.80852	0	-11.692	0	-0.457585	0	-19.4776	2.35595e-06	-9.83351	0	-20.4224	9.75095e-06	-0.924812	0	-0.504479	0	-0.924923	0	-2.04614	0	-0.924929	0	-2.35879	0	-19.3379	1.89561e-06	-12.2299	2.03565e-12	-9.70032	0	-0.893837	0	-14.6347	4.44033e-10	-2.44952	0	-4.7959	0	-18.6787	6.70285e-07	-0.703882	0	-0.878347	0	-2.94706	0
6.73385	0	-15.4666	2.3335e-09	-2.80767	0	-11.6801	0	-0.458093	0	-19.4601	2.2929e-06	-9.83351	0	-20.4088	9.55685e-06	-0.924813	0	-0.504792	0	-0.924923	0	-2.04572	0	-0.924929	0	-2.31977	0	-19.3261	1.86108e-06	-12.2183	1.97887e-12	-9.70032	0	-0.895738	0	-14.6155	4.26919e-10	-2.44276	0	-4.79256	0	-18.6696	6.60529e-07	-0.703883	0	-0.878347	0	-2.92276	0
6.73385	0	-15.4558	2.28571e-09	-2.80494	0	-11.6701	0	-0.458326	0	-19.4507	2.2589e-06	-9.79507	0	-20.4049	9.50089e-06	-0.924813	0	-0.504962	0	-0.924923	0	-2.0408	0	-0.924929	0	-2.30441	0	-19.3145	1.82781e-06	-12.2012	1.89713e-12	-9.70032	0	-0.898661	0	-14.6085	4.20957e-10	-2.43672	0	-4.78715	0	-18.657	6.4713e-07	-0.703884	0	-0.878347	0	-2.90677	0
6.73224	0	-15.4442	2.23476e-09	-2.80424	0	-11.6644	0	-0.45887	0	-19.4371	2.21335e-06	-9.77744	0	-20.3927	9.33237e-06	-0.924813	0	-0.502377	0	-0.924923	0	-2.03239	0	-0.924929	0	-2.2424	0	-19.3014	1.79076e-06	-12.185	1.82302e-12	-9.69799	0	-0.899172	0	-14.5998	4.13498e-10	-2.4332	0	-4.7833	0	-18.6482	6.38096e-07	-0.703885	0	-0.878347	0	-2.89452	0
6.72342	0	-15.4308	2.17731e-09	-2.80081	0	-11.661	0	-0.459271	0	-19.4272	2.17926e-06	-9.7481	0	-20.3742	9.08168e-06	-0.924814	0	-0.492171	0	-0.924923	0	-2.02735	0	-0.924929	0	-2.2424	0	-19.2943	1.7711e-06	-12.1632	1.72736e-12	-9.68972	0	-0.903172	0	-14.5911	4.06223e-10	-2.43108	0	-4.77991	0	-18.6259	6.15651e-07	-0.703886	0	-0.878347	0	-2.87158	0
6.72183	0	-15.411	2.09495e-09	-2.78108	0	-11.6519	0	-0.460453	0	-19.4196	2.15361e-06	-9.7481	0	-20.3565	8.84854e-06	-0.924815	0	-0.493713	0	-0.924923	0	-2.01982	0	-0.924929	0	-2.21787	0	-19.2836	1.7419e-06	-12.1418	1.6389e-12	-9.68449	0	-0.904243	0	-14.5818	3.98514e-10	-2.42731	0	-4.77644	0	-18.6127	6.02774e-07	-0.703887	0	-0.878347	0	-2.84766	0
6.71691	0	-15.3985	2.04483e-09	-2.76518	0	-11.6344	0	-0.461664	0	-19.4098	2.12096e-06	-9.7481	0	-20.3424	8.66732e-06	-0.924816	0	-0.492964	0	-0.924923	0	-2.01184	0	-0.924929	0	-2.21389	0	-19.2665	1.69619e-06	-12.1302	1.59208e-12	-9.6789	0	-0.905899	0	-14.5721	3.90683e-10	-2.42017	0	-4.77644	0	-18.5969	5.87538e-07	-0.703887	0	-0.878347	0	-2.84139	0
6.71397	0	-15.387	1.99906e-09	-2.76195	0	-11.6204	0	-0.462522	0	-19.397	2.08001e-06	-9.72498	0	-20.3266	8.46903e-06	-0.924819	0	-0.486776	0	-0.924923	0	-2.00597	0	-0.924929	0	-2.18272	0	-19.2504	1.65442e-06	-12.1183	1.54579e-12	-9.67631	0	-0.907924	0	-14.5604	3.81428e-10	-2.41603	0	-4.77418	0	-18.5873	5.78531e-07	-0.703888	0	-0.878347	0	-2.83121	0
6.7076	0	-15.3752	1.95354e-09	-2.75013	0	-11.6066	0	-0.463989	0	-19.3825	2.03393e-06	-9.70757	0	-20.31	8.26352e-06	-0.92482	0	-0.491231	0	-0.924923	0	-2.00021	0	-0.924929	0	-2.16211	0	-19.2355	1.61701e-06	-12.0987	1.47188e-12	-9.66759	0	-0.908932	0	-14.5497	3.73096e-10	-2.41216	0	-4.77122	0	-18.582	5.73565e-07	-0.703888	0	-0.878347	0	-2.81352	0
6.7046	0	-15.3502	1.8604e-09	-2.74772	0	-11.6007	0	-0.46503	0	-19.3702	1.99561e-06	-9.68797	0	-20.2994	8.13436e-06	-0.924822	0	-0.48707	0	-0.924923	0	-1.9866	0	-0.924929	0	-2.14678	0	-19.2254	1.59168e-06	-12.0858	1.42531e-12	-9.66123	0	-0.910082	0	-14.5385	3.64541e-10	-2.40956	0	-4.76554	0	-18.5671	5.6002e-07	-0.703888	0	-0.878347	0	-2.80033	0
6.69944	0	-15.3334	1.80002e-09	-2.73847	0	-11.5861	0	-0.46539	0	-19.3582	1.95902e-06	-9.67409	0	-20.285	7.96224e-06	-0.924824	0	-0.489345	0	-0.924923	0	-1.97156	0	-0.924929	0	-2.12488	0	-19.2152	1.56695e-06	-12.076	1.39074e-12	-9.65993	0	-0.911722	0	-14.5226	3.52732e-10	-2.40956	0	-4.76191	0	-18.5561	5.50149e-07	-0.703889	0	-0.878347	0	-2.79766	0
6.69944	0	-15.3304	1.78945e-09	-2.73429	0	-11.5662	0	-0.466004	0	-19.3437	1.91529e-06	-9.65605	0	-20.2753	7.84858e-06	-0.924825	0	-0.4919	0	-0.924923	0	-1.96613	0	-0.924929	0	-2.11795	0	-19.204	1.53987e-06	-12.0659	1.35647e-12	-9.65267	0	-0.91349	0	-14.5077	3.42049e-10	-2.4086	0	-4.75256	0	-18.5479	5.43008e-07	-0.703889	0	-0.878347	0	-2.79412	0
6.69252	0	-15.3225	1.76237e-09	-2.72955	0	-11.5508	0	-0.466311	0	-19.3378	1.89801e-06	-9.63671	0	-20.2601	7.67449e-06	-0.924828	0	-0.493947	0	-0.924923	0	-1.95863	0	-0.924929	0	-2.10064	0	-19.1804	1.48412e-06	-12.0535	1.31599e-12	-9.65087	0	-0.914211	0	-14.4921	3.31177e-10	-2.40567	0	-4.7464	0	-18.5362	5.32919e-07	-0.703889	0	-0.878347	0	-2.77448	0
6.68648	0	-15.3089	1.71569e-09	-2.72336	0	-11.5325	0	-0.46653	0	-19.3314	1.87909e-06	-9.62819	0	-20.2488	7.54727e-06	-0.924831	0	-0.498012	0	-0.924923	0	-1.95126	0	-0.924929	0	-2.08399	0	-19.1644	1.44741e-06	-12.0399	1.27153e-12	-9.64082	0	-0.915242	0	-14.4786	3.22016e-10	-2.40088	0	-4.74433	0	-18.5243	5.22771e-07	-0.70389	0	-0.878347	0	-2.77185	0
6.6839	0	-15.3052	1.70314e-09	-2.71972	0	-11.5114	0	-0.466909	0	-19.314	1.82939e-06	-9.60532	0	-20.2321	7.3627e-06	-0.924832	0	-0.503075	0	-0.924923	0	-1.93769	0	-0.924929	0	-2.06154	0	-19.1509	1.41739e-06	-12.0334	1.25107e-12	-9.63462	0	-0.915967	0	-14.4614	3.10785e-10	-2.39013	0	-4.74182	0	-18.5094	5.10392e-07	-0.70389	0	-0.878347	0	-2.76127	0
6.68103	0	-15.2949	1.66924e-09	-2.71306	0	-11.4906	0	-0.468035	0	-19.2995	1.78851e-06	-9.60532	0	-20.2217	7.24912e-06	-0.924833	0	-0.511116	0	-0.924923	0	-1.92638	0	-0.924929	0	-2.06154	0	-19.1294	1.37008e-06	-12.0207	1.21229e-12	-9.63098	0	-0.917031	0	-14.4525	3.05009e-10	-2.38161	0	-4.73896	0	-18.4936	4.97355e-07	-0.703891	0	-0.878347	0	-2.75852	0
6.67712	0	-15.278	1.61462e-09	-2.70727	0	-11.467	0	-0.468892	0	-19.2821	1.74087e-06	-9.59915	0	-20.2113	7.13753e-06	-0.924835	0	-0.519948	0	-0.924923	0	-1.91147	0	-0.924929	0	-2.02965	0	-19.1138	1.33727e-06	-12.0125	1.18761e-12	-9.62599	0	-0.91775	0	-14.441	2.9794e-10	-2.37418	0	-4.73752	0	-18.4836	4.89505e-07	-0.703891	0	-0.878347	0	-2.7535	0
6.67279	0	-15.2675	1.58143e-09	-2.70253	0	-11.4537	0	-0.469324	0	-19.2748	1.72111e-06	-9.58986	0	-20.207	7.09167e-06	-0.924836	0	-0.520246	0	-0.924923	0	-1.89136	0	-0.924929	0	-2.0114	0	-19.0935	1.2951e-06	-12.0011	1.15446e-12	-9.62099	0	-0.917847	0	-14.4314	2.92056e-10	-2.37155	0	-4.73521	0	-18.4752	4.82812e-07	-0.703891	0	-0.878347	0	-2.7404	0
6.67139	0	-15.2562	1.54673e-09	-2.69518	0	-11.4386	0	-0.469562	0	-19.2485	1.65235e-06	-9.57424	0	-20.203	7.05e-06	-0.924837	0	-0.526487	0	-0.924923	0	-1.86577	0	-0.924929	0	-1.9859	0	-19.0786	1.2652e-06	-11.9822	1.10075e-12	-9.61614	0	-0.91843	0	-14.4233	2.87173e-10	-2.36719	0	-4.73397	0	-18.4636	4.73865e-07	-0.703892	0	-0.878347	0	-2.74008	0
6.66905	0	-15.2411	1.50172e-09	-2.68745	0	-11.4221	0	-0.469807	0	-19.2359	1.62022e-06	-9.57424	0	-20.1923	6.93897e-06	-0.924838	0	-0.529161	0	-0.924923	0	-1.86277	0	-0.924929	0	-1.98475	0	-19.0612	1.23093e-06	-11.962	1.04656e-12	-9.60862	0	-0.918768	0	-14.4116	2.80259e-10	-2.36583	0	-4.73027	0	-18.4429	4.58253e-07	-0.703892	0	-0.878347	0	-2.72867	0
6.66284	0	-15.2245	1.45351e-09	-2.67981	0	-11.4005	0	-0.470058	0	-19.2246	1.59194e-06	-9.56553	0	-20.183	6.84423e-06	-0.924839	0	-0.53185	0	-0.924923	0	-1.84651	0	-0.924929	0	-1.98078	0	-19.0426	1.19539e-06	-11.9481	1.01082e-12	-9.604	0	-0.919218	0	-14.3943	2.70386e-10	-2.36438	0	-4.72913	0	-18.4179	4.39972e-07	-0.703892	0	-0.878347	0	-2.7063	0
6.65802	0	-15.2067	1.4032e-09	-2.66949	0	-11.3901	0	-0.470259	0	-19.199	1.52944e-06	-9.55002	0	-20.1695	6.70929e-06	-0.924842	0	-0.534633	0	-0.924923	0	-1.82963	0	-0.924929	0	-1.97253	0	-19.0345	1.18044e-06	-11.9406	0	-9.60093	0	-0.91953	0	-14.3748	2.59459e-10	-2.35938	0	-4.72442	0	-18.4065	4.3185e-07	-0.703892	0	-0.878347	0	-2.7034	0
6.653	0	-15.1851	1.34503e-09	-2.6579	0	-11.3867	0	-0.470505	0	-19.1916	1.51205e-06	-9.5361	0	-20.1608	6.62296e-06	-0.924843	0	-0.536455	0	-0.924923	0	-1.82963	0	-0.924929	0	-1.9706	0	-19.0266	1.16595e-06	-11.9305	0	-9.59681	0	-0.920026	0	-14.3572	2.50194e-10	-2.35938	0	-4.72226	0	-18.3923	4.21954e-07	-0.703892	0	-0.878347	0	-2.6878	0
6.64802	0	-15.1719	1.31033e-09	-2.64794	0	-11.381	0	-0.470694	0	-19.1754	1.47432e-06	-9.52737	0	-20.1499	6.51721e-06	-0.924845	0	-0.53769	0	-0.924923	0	-1.82708	0	-0.924929	0	-1.96981	0	-19.0157	1.14591e-06	-11.9213	0	-9.59438	0	-0.920412	0	-14.3293	2.36065e-10	-2.35774	0	-4.71965	0	-18.3652	4.03706e-07	-0.703892	0	-0.878347	0	-2.6878	0
6.64165	0	-15.1558	1.26917e-09	-2.63657	0	-11.369	0	-0.470916	0	-19.1533	1.42414e-06	-9.52235	0	-20.1364	6.38714e-06	-0.924847	0	-0.540199	0	-0.924923	0	-1.82708	0	-0.924929	0	-1.95983	0	-19.0016	1.12053e-06	-11.9127	0	-9.59099	0	-0.920827	0	-14.3043	2.23959e-10	-2.35406	0	-4.71688	0	-18.3652	4.03706e-07	-0.703892	0	-0.878347	0	-2.68685	0
6.63737	0	-15.1441	1.24023e-09	-2.61854	0	-11.354	0	-0.471119	0	-19.1352	1.38416e-06	-9.51248	0	-20.1233	6.2624e-06	-0.92485	0	-0.54452	0	-0.924923	0	-1.82246	0	-0.924929	0	-1.95338	0	-18.9938	1.10672e-06	-11.8978	0	-9.58078	0	-0.920974	0	-14.2792	2.1249e-10	-2.34693	0	-4.716	0	-18.3548	3.96831e-07	-0.703893	0	-0.878347	0	-2.68242	0
6.63502	0	-15.1211	1.18477e-09	-2.61444	0	-11.3468	0	-0.471392	0	-19.1129	1.33643e-06	-9.5096	0	-20.1143	6.17715e-06	-0.92485	0	-0.546376	0	-0.924923	0	-1.81544	0	-0.924929	0	-1.94408	0	-18.9864	1.09378e-06	-11.8788	0	-9.57168	0	-0.921288	0	-14.2625	2.05116e-10	-2.34185	0	-4.71315	0	-18.3426	3.89083e-07	-0.703893	0	-0.878347	0	-2.67465	0
6.62928	0	-15.1038	1.14502e-09	-2.59813	0	-11.3377	0	-0.471712	0	-19.0908	1.29107e-06	-9.5025	0	-20.1014	6.0611e-06	-0.924851	0	-0.549425	0	-0.924923	0	-1.80723	0	-0.924929	0	-1.94408	0	-18.9796	1.08218e-06	-11.8536	0	-9.56999	0	-0.921465	0	-14.2576	2.03037e-10	-2.33607	0	-4.70953	0	-18.3303	3.81262e-07	-0.703893	0	-0.878347	0	-2.66374	0
6.61189	0	-15.0864	1.10592e-09	-2.59267	0	-11.3309	0	-0.47188	0	-19.0791	1.26747e-06	-9.50021	0	-20.0832	5.89926e-06	-0.924852	0	-0.550874	0	-0.924923	0	-1.79104	0	-0.924929	0	-1.94002	0	-18.9669	1.06055e-06	-11.8367	0	-9.56202	0	-0.921664	0	-14.2521	2.00675e-10	-2.32339	0	-4.70534	0	-18.3163	3.72629e-07	-0.703893	0	-0.878347	0	-2.66213	0
6.60013	0	-15.0687	1.0678e-09	-2.5739	0	-11.3235	0	-0.471927	0	-19.061	1.23174e-06	-9.49122	0	-20.0693	5.77829e-06	-0.924852	0	-0.553968	0	-0.924924	0	-1.77932	0	-0.924929	0	-1.93618	0	-18.9567	1.04363e-06	-11.8139	0	-9.56044	0	-0.921844	0	-14.2429	1.96813e-10	-2.31328	0	-4.69698	0	-18.3016	3.63739e-07	-0.703893	0	-0.878347	0	-2.64915	0
6.592	0	-15.044	1.01639e-09	-2.56796	0	-11.3135	0	-0.472125	0	-19.0535	1.21723e-06	-9.4845	0	-20.0532	5.64017e-06	-0.924852	0	-0.555908	0	-0.924924	0	-1.77815	0	-0.924929	0	-1.93429	0	-18.9359	1.00982e-06	-11.8061	0	-9.56044	0	-0.92208	0	-14.232	1.92355e-10	-2.30255	0	-4.68894	0	-18.2861	3.54634e-07	-0.703893	0	-0.878347	0	-2.63333	0
6.58064	0	-15.031	9.90515e-10	-2.55701	0	-11.2946	0	-0.472243	0	-19.0373	1.18675e-06	-9.47119	0	-20.0386	5.52021e-06	-0.924852	0	-0.557576	0	-0.924924	0	-1.75681	0	-0.924929	0	-1.92503	0	-18.9131	9.74424e-07	-11.7906	0	-9.54678	0	-0.922419	0	-14.2084	1.83005e-10	-2.3006	0	-4.67494	0	-18.2778	3.49877e-07	-0.703893	0	-0.878347	0	-2.62494	0
6.57379	0	-15.0164	9.61823e-10	-2.54017	0	-11.2743	0	-0.472399	0	-19.0162	1.14792e-06	-9.46519	0	-20.0179	5.35091e-06	-0.924854	0	-0.561028	0	-0.924924	0	-1.7546	0	-0.924929	0	-1.92377	0	-18.9076	9.661e-07	-11.7718	0	-9.54575	0	-0.92256	0	-14.1902	1.7608e-10	-2.28562	0	-4.66291	0	-18.2649	3.42428e-07	-0.703893	0	-0.878347	0	-2.62071	0
6.56285	0	-15.003	9.364e-10	-2.53015	0	-11.2666	0	-0.472504	0	-19.0029	1.12388e-06	-9.45846	0	-20.0098	5.28591e-06	-0.924854	0	-0.565038	0	-0.924924	0	-1.73979	0	-0.924929	0	-1.91805	0	-18.8934	9.44611e-07	-11.7553	0	-9.54034	0	-0.922686	0	-14.1705	1.68854e-10	-2.28562	0	-4.65191	0	-18.2529	3.35809e-07	-0.703893	0	-0.878347	0	-2.62071	0
6.55336	0	-14.9803	8.94707e-10	-2.52775	0	-11.2576	0	-0.472673	0	-18.9952	1.11031e-06	-9.44731	0	-19.9999	5.20696e-06	-0.924854	0	-0.56885	0	-0.924924	0	-1.72509	0	-0.924929	0	-1.91586	0	-18.8808	9.25928e-07	-11.7368	0	-9.53497	0	-0.922723	0	-14.1536	1.62931e-10	-2.28	0	-4.64478	0	-18.2414	3.2953e-07	-0.703893	0	-0.878347	0	-2.61629	0
6.55078	0	-14.9632	8.64594e-10	-2.52087	0	-11.2486	0	-0.47278	0	-18.981	1.08572e-06	-9.44374	0	-19.9881	5.11584e-06	-0.924854	0	-0.570462	0	-0.924924	0	-1.71536	0	-0.924929	0	-1.91468	0	-18.8731	9.14782e-07	-11.7135	0	-9.53312	0	-0.922785	0	-14.1378	1.5752e-10	-2.27902	0	-4.63555	0	-18.2318	3.24347e-07	-0.703893	0	-0.878347	0	-2.60673	0
6.54579	0	-14.9418	8.28422e-10	-2.51564	0	-11.2384	0	-0.47302	0	-18.9715	1.06954e-06	-9.43623	0	-19.9796	5.05168e-06	-0.924854	0	-0.574194	0	-0.924924	0	-1.69196	0	-0.924929	0	-1.90597	0	-18.8593	8.95063e-07	-11.6927	0	-9.52579	0	-0.922851	0	-14.1256	1.53511e-10	-2.27108	0	-4.63125	0	-18.2267	3.21592e-07	-0.703894	0	-0.878347	0	-2.60203	0
6.51839	0	-14.9195	7.92184e-10	-2.49553	0	-11.2268	0	-0.473364	0	-18.9547	1.04152e-06	-9.42606	0	-19.9722	4.99609e-06	-0.924855	0	-0.575367	0	-0.924924	0	-1.66856	0	-0.924929	0	-1.905	0	-18.8452	8.75249e-07	-11.6821	0	-9.51503	0	-0.922967	0	-14.1005	1.45548e-10	-2.25465	0	-4.62031	0	-18.2132	3.14507e-07	-0.703894	0	-0.878347	0	-2.59386	0
6.50346	0	-14.9047	7.68704e-10	-2.48669	0	-11.2136	0	-0.473927	0	-18.9441	1.0241e-06	-9.41688	0	-19.9607	4.90993e-06	-0.924855	0	-0.576211	0	-0.924924	0	-1.66656	0	-0.924929	0	-1.9007	0	-18.8283	8.521e-07	-11.6663	0	-9.51503	0	-0.923079	0	-14.0808	1.39539e-10	-2.24405	0	-4.60936	0	-18.2077	3.11667e-07	-0.703894	0	-0.878347	0	-2.58797	0
6.50291	0	-14.8908	7.47447e-10	-2.4748	0	-11.2107	0	-0.474322	0	-18.9342	1.00795e-06	-9.4071	0	-19.9483	4.81873e-06	-0.924855	0	-0.576762	0	-0.924924	0	-1.66507	0	-0.924929	0	-1.89822	0	-18.8195	8.40144e-07	-11.6571	0	-9.51175	0	-0.923151	0	-14.0628	1.34287e-10	-2.24034	0	-4.6002	0	-18.2005	3.0797e-07	-0.703894	0	-0.878347	0	-2.57512	0
6.50126	0	-14.8847	7.38224e-10	-2.46268	0	-11.2017	0	-0.474641	0	-18.9183	9.83111e-07	-9.4011	0	-19.9404	4.76079e-06	-0.924855	0	-0.577448	0	-0.924924	0	-1.65383	0	-0.924929	0	-1.89465	0	-18.8041	8.19832e-07	-11.6442	0	-9.50981	0	-0.923265	0	-14.049	1.30372e-10	-2.23299	0	-4.59203	0	-18.1907	3.03049e-07	-0.703894	0	-0.878347	0	-2.56618	0
6.49705	0	-14.8759	7.25484e-10	-2.46201	0	-11.1967	0	-0.475016	0	-18.9042	9.61268e-07	-9.3892	0	-19.936	4.72959e-06	-0.924855	0	-0.577971	0	-0.924924	0	-1.64619	0	-0.924929	0	-1.89063	0	-18.7908	8.02527e-07	-11.6308	0	-9.5049	0	-0.923334	0	-14.035	1.26523e-10	-2.22925	0	-4.58474	0	-18.1773	2.96442e-07	-0.703894	0	-0.878347	0	-2.56115	0
6.49346	0	-14.8638	7.07853e-10	-2.44416	0	-11.193	0	-0.475113	0	-18.8888	9.38143e-07	-9.38211	0	-19.919	4.61044e-06	-0.924856	0	-0.578868	0	-0.924924	0	-1.64629	0	-0.924929	0	-1.88927	0	-18.7686	7.74756e-07	-11.6201	0	-9.50055	0	-0.923401	0	-14.022	1.23075e-10	-2.22208	0	-4.57961	0	-18.1659	2.90922e-07	-0.703894	0	-0.878347	0	-2.55779	0
6.48828	0	-14.8433	6.79179e-10	-2.42222	0	-11.1835	0	-0.475155	0	-18.8709	9.11752e-07	-9.37584	0	-19.9062	4.52253e-06	-0.924856	0	-0.579773	0	-0.924924	0	-1.63596	0	-0.924929	0	-1.8846	0	-18.761	7.65399e-07	-11.6147	0	-9.49938	0	-0.923446	0	-14.0082	1.19514e-10	-2.21568	0	-4.57559	0	-18.1583	2.87302e-07	-0.703894	0	-0.878347	0	-2.55508	0
6.479	0	-14.8252	6.54788e-10	-2.41383	0	-11.1693	0	-0.47534	0	-18.8562	8.9073e-07	-9.36021	0	-19.8781	4.33464e-06	-0.924856	0	-0.581029	0	-0.924924	0	-1.63187	0	-0.924929	0	-1.88217	0	-18.7469	7.48304e-07	-11.6082	0	-9.49763	0	-0.92349	0	-13.9863	1.14078e-10	-2.21301	0	-4.56579	0	-18.1527	2.84672e-07	-0.703894	0	-0.878347	0	-2.54873	0
6.45456	0	-14.8067	6.30829e-10	-2.39928	0	-11.1561	0	-0.475449	0	-18.8398	8.6786e-07	-9.35195	0	-19.8627	4.23468e-06	-0.924857	0	-0.581533	0	-0.924924	0	-1.61545	0	-0.924929	0	-1.87842	0	-18.7328	7.31741e-07	-11.6037	0	-9.49374	0	-0.923552	0	-13.9662	1.09248e-10	-2.20022	0	-4.56579	0	-18.141	2.79196e-07	-0.703894	0	-0.878347	0	-2.5434	0
6.44083	0	-14.794	6.14746e-10	-2.39928	0	-11.1464	0	-0.475747	0	-18.8215	8.42852e-07	-9.34636	0	-19.8581	4.20524e-06	-0.924858	0	-0.581961	0	-0.924924	0	-1.60294	0	-0.924929	0	-1.87474	0	-18.7203	7.17255e-07	-11.5926	0	-9.4911	0	-0.923618	0	-13.941	1.03496e-10	-2.1907	0	-4.55224	0	-18.1145	2.67228e-07	-0.703894	0	-0.878347	0	-2.53906	0
6.4143	0	-14.7753	5.91659e-10	-2.38956	0	-11.1255	0	-0.475832	0	-18.8011	8.1591e-07	-9.33186	0	-19.8456	4.12658e-06	-0.924859	0	-0.582516	0	-0.924924	0	-1.60232	0	-0.924929	0	-1.87317	0	-18.7068	7.01851e-07	-11.5843	0	-9.48854	0	-0.92371	0	-13.916	9.80665e-11	-2.18855	0	-4.54484	0	-18.1058	2.6338e-07	-0.703894	0	-0.878347	0	-2.53401	0
6.40444	0	-14.7535	5.66174e-10	-2.37772	0	-11.1142	0	-0.475946	0	-18.7843	7.94428e-07	-9.31776	0	-19.8302	4.03128e-06	-0.92486	0	-0.582789	0	-0.924924	0	-1.6001	0	-0.924929	0	-1.86944	0	-18.6933	6.86769e-07	-11.5765	0	-9.483	0	-0.923755	0	-13.9016	9.50774e-11	-2.18114	0	-4.5395	0	-18.1004	2.61061e-07	-0.703894	0	-0.878347	0	-2.52786	0
6.39035	0	-14.7398	5.505e-10	-2.36729	0	-11.1087	0	-0.476052	0	-18.77	7.7648e-07	-9.3099	0	-19.8166	3.94865e-06	-0.924861	0	-0.582865	0	-0.924924	0	-1.59204	0	-0.924929	0	-1.86644	0	-18.6851	6.7785e-07	-11.5675	0	-9.47986	0	-0.923796	0	-13.8942	9.35634e-11	-2.17568	0	-4.52937	0	-18.0936	2.58166e-07	-0.703894	0	-0.878347	0	-2.52596	0
6.35128	0	-14.7198	5.28469e-10	-2.35378	0	-11.1025	0	-0.476198	0	-18.7592	7.63114e-07	-9.29711	0	-19.8075	3.89521e-06	-0.924861	0	-0.583044	0	-0.924924	0	-1.57175	0	-0.924929	0	-1.85866	0	-18.6771	6.69184e-07	-11.5606	0	-9.47512	0	-0.92384	0	-13.8782	9.03659e-11	-2.17107	0	-4.52196	0	-18.0831	2.53695e-07	-0.703894	0	-0.878347	0	-2.52159	0
6.33412	0	-14.7061	5.13914e-10	-2.35001	0	-11.0993	0	-0.476263	0	-18.7545	7.57364e-07	-9.28474	0	-19.8007	3.85458e-06	-0.924861	0	-0.5832	0	-0.924924	0	-1.56959	0	-0.924929	0	-1.85204	0	-18.6664	6.5779e-07	-11.552	0	-9.47082	0	-0.923887	0	-13.8549	8.59278e-11	-2.17276	0	-4.51357	0	-18.0743	2.50051e-07	-0.703894	0	-0.878347	0	-2.52044	0
6.3085	0	-14.6949	5.02263e-10	-2.33217	0	-11.0883	0	-0.476489	0	-18.741	7.41276e-07	-9.26748	0	-19.7961	3.82783e-06	-0.924861	0	-0.58333	0	-0.924924	0	-1.56505	0	-0.924929	0	-1.85006	0	-18.653	6.43711e-07	-11.5403	0	-9.46399	0	-0.923916	0	-13.837	8.26504e-11	-2.16866	0	-4.50044	0	-18.0611	2.44628e-07	-0.703894	0	-0.878347	0	-2.51674	0
6.29381	0	-14.6865	4.93664e-10	-2.31629	0	-11.0863	0	-0.476547	0	-18.7269	7.2474e-07	-9.26434	0	-19.7867	3.77406e-06	-0.924862	0	-0.583542	0	-0.924924	0	-1.55951	0	-0.924929	0	-1.84806	0	-18.6352	6.25592e-07	-11.5196	0	-9.4549	0	-0.923973	0	-13.821	7.98078e-11	-2.16644	0	-4.48891	0	-18.0464	2.38746e-07	-0.703894	0	-0.878347	0	-2.50512	0
6.26519	0	-14.6718	4.78896e-10	-2.30605	0	-11.0742	0	-0.476578	0	-18.7051	6.99845e-07	-9.25194	0	-19.7743	3.70425e-06	-0.924862	0	-0.583903	0	-0.924924	0	-1.54424	0	-0.924929	0	-1.84768	0	-18.6184	6.08829e-07	-11.5092	0	-9.4549	0	-0.924008	0	-13.7977	7.58584e-11	-2.15343	0	-4.48195	0	-18.0301	2.32359e-07	-0.703894	0	-0.878347	0	-2.49928	0
6.24119	0	-14.6588	4.66352e-10	-2.29479	0	-11.0611	0	-0.476596	0	-18.6942	6.87788e-07	-9.23157	0	-19.7538	3.59225e-06	-0.924862	0	-0.584068	0	-0.924924	0	-1.54197	0	-0.924929	0	-1.84649	0	-18.5947	5.85886e-07	-11.4885	0	-9.44352	0	-0.924028	0	-13.7765	7.2434e-11	-2.15263	0	-4.46512	0	-18.0114	2.25221e-07	-0.703894	0	-0.878347	0	-2.49221	0
6.23398	0	-14.6429	4.51282e-10	-2.2784	0	-11.052	0	-0.476639	0	-18.6861	6.78867e-07	-9.2035	0	-19.7404	3.52001e-06	-0.924862	0	-0.584302	0	-0.924924	0	-1.53568	0	-0.924929	0	-1.8444	0	-18.5806	5.72589e-07	-11.4781	0	-9.43638	0	-0.924042	0	-13.7672	7.09514e-11	-2.14388	0	-4.45834	0	-17.9974	2.2006e-07	-0.703894	0	-0.878347	0	-2.48833	0
6.2224	0	-14.6321	4.4151e-10	-2.2631	0	-11.0455	0	-0.476685	0	-18.6724	6.64069e-07	-9.17113	0	-19.7259	3.44375e-06	-0.924862	0	-0.5845	0	-0.924924	0	-1.5262	0	-0.924929	0	-1.84269	0	-18.558	5.5177e-07	-11.4687	0	-9.42468	0	-0.924059	0	-13.7428	6.73127e-11	-2.12857	0	-4.4499	0	-17.9848	2.15476e-07	-0.703894	0	-0.878347	0	-2.48108	0
6.20746	0	-14.6233	4.33609e-10	-2.24068	0	-11.0372	0	-0.476811	0	-18.6624	6.53434e-07	-9.1502	0	-19.7166	3.39573e-06	-0.924862	0	-0.584596	0	-0.924924	0	-1.51833	0	-0.924929	0	-1.84019	0	-18.5393	5.35253e-07	-11.4628	0	-9.41728	0	-0.924079	0	-13.7236	6.45138e-11	-2.12611	0	-4.44075	0	-17.9701	2.10271e-07	-0.703894	0	-0.878347	0	-2.47723	0
6.20746	0	-14.6115	4.23031e-10	-2.21845	0	-11.0247	0	-0.476899	0	-18.6523	6.42963e-07	-9.12231	0	-19.7135	3.37959e-06	-0.924862	0	-0.584675	0	-0.924924	0	-1.50625	0	-0.924929	0	-1.83886	0	-18.5262	5.23833e-07	-11.4463	0	-9.41228	0	-0.9241	0	-13.712	6.29226e-11	-2.1146	0	-4.42684	0	-17.9527	2.04246e-07	-0.703894	0	-0.878347	0	-2.46832	0
6.19124	0	-14.6047	4.17121e-10	-2.20085	0	-11.0147	0	-0.477088	0	-18.6439	6.34255e-07	-9.10735	0	-19.7058	3.34029e-06	-0.924862	0	-0.58493	0	-0.924924	0	-1.49735	0	-0.924929	0	-1.83854	0	-18.5156	5.14963e-07	-11.4354	0	-9.40607	0	-0.924114	0	-13.6985	6.10873e-11	-2.10706	0	-4.40294	0	-17.9356	1.98493e-07	-0.703894	0	-0.878347	0	-2.46127	0
6.1848	0	-14.5951	4.09032e-10	-2.19705	0	-11.0047	0	-0.477227	0	-18.6379	6.28234e-07	-9.09404	0	-19.689	3.25651e-06	-0.924862	0	-0.585035	0	-0.924924	0	-1.48462	0	-0.924929	0	-1.8354	0	-18.5009	5.0283e-07	-11.4138	0	-9.40145	0	-0.924129	0	-13.6773	5.83013e-11	-2.09635	0	-4.39119	0	-17.9079	1.89481e-07	-0.703894	0	-0.878347	0	-2.44922	0
6.18215	0	-14.5836	3.99588e-10	-2.18495	0	-10.9941	0	-0.477395	0	-18.6302	6.20525e-07	-9.07994	0	-19.6643	3.13567e-06	-0.924862	0	-0.58526	0	-0.924924	0	-1.46671	0	-0.92493	0	-1.82682	0	-18.4836	4.88842e-07	-11.4031	0	-9.39835	0	-0.924136	0	-13.6682	5.71751e-11	-2.09162	0	-4.3839	0	-17.8936	1.85023e-07	-0.703894	0	-0.878347	0	-2.44151	0
6.17826	0	-14.5701	3.88707e-10	-2.17188	0	-10.99	0	-0.477581	0	-18.6206	6.10997e-07	-9.05652	0	-19.6446	3.04335e-06	-0.924862	0	-0.585326	0	-0.924924	0	-1.46345	0	-0.92493	0	-1.82155	0	-18.4662	4.75259e-07	-11.3809	0	-9.39508	0	-0.924139	0	-13.6506	5.50147e-11	-2.08529	0	-4.37508	0	-17.8739	1.78985e-07	-0.703894	0	-0.878347	0	-2.42603	0
6.16953	0	-14.5622	3.82374e-10	-2.15861	0	-10.9825	0	-0.477655	0	-18.6047	5.95504e-07	-9.02879	0	-19.6362	3.00439e-06	-0.924863	0	-0.585592	0	-0.924924	0	-1.45546	0	-0.92493	0	-1.81442	0	-18.4537	4.65845e-07	-11.3669	0	-9.3921	0	-0.924145	0	-13.639	5.36228e-11	-2.07802	0	-4.36896	0	-17.8664	1.7675e-07	-0.703894	0	-0.878347	0	-2.42166	0
6.15921	0	-14.5489	3.72089e-10	-2.15251	0	-10.9738	0	-0.477723	0	-18.5851	5.77009e-07	-9.00726	0	-19.6281	2.96743e-06	-0.924863	0	-0.585661	0	-0.924924	0	-1.44698	0	-0.92493	0	-1.81245	0	-18.446	4.59844e-07	-11.36	0	-9.38896	0	-0.924156	0	-13.6234	5.18229e-11	-2.07431	0	-4.35729	0	-17.8549	1.73369e-07	-0.703894	0	-0.878347	0	-2.41545	0
6.14939	0	-14.5399	3.65278e-10	-2.14654	0	-10.964	0	-0.477803	0	-18.5687	5.61872e-07	-8.9886	0	-19.6103	2.88774e-06	-0.924863	0	-0.58582	0	-0.924924	0	-1.44698	0	-0.92493	0	-1.80883	0	-18.4364	4.52603e-07	-11.3547	0	-9.38547	0	-0.924166	0	-13.6059	4.98457e-11	-2.07084	0	-4.34487	0	-17.8364	1.68057e-07	-0.703894	0	-0.878347	0	-2.40963	0
6.14287	0	-14.5185	3.49483e-10	-2.14431	0	-10.9594	0	-0.477851	0	-18.5593	5.53498e-07	-8.97129	0	-19.5848	2.77648e-06	-0.924863	0	-0.58595	0	-0.924924	0	-1.43522	0	-0.92493	0	-1.80134	0	-18.4321	4.49417e-07	-11.3479	0	-9.38063	0	-0.924184	0	-13.5882	4.79442e-11	-2.07017	0	-4.33769	0	-17.8288	1.65913e-07	-0.703894	0	-0.878347	0	-2.40033	0
6.13183	0	-14.5072	3.41373e-10	-2.1396	0	-10.9455	0	-0.477935	0	-18.5513	5.46352e-07	-8.94928	0	-19.572	2.72283e-06	-0.924863	0	-0.586152	0	-0.924924	0	-1.42372	0	-0.92493	0	-1.7862	0	-18.4235	4.43132e-07	-11.3447	0	-9.37596	0	-0.924207	0	-13.5835	4.74524e-11	-2.06762	0	-4.33332	0	-17.8088	1.60421e-07	-0.703894	0	-0.878347	0	-2.38666	0
6.1188	0	-14.4944	3.32437e-10	-2.13242	0	-10.9336	0	-0.478049	0	-18.5365	5.33458e-07	-8.9479	0	-19.56	2.67361e-06	-0.924863	0	-0.586384	0	-0.924924	0	-1.41816	0	-0.92493	0	-1.77384	0	-18.4126	4.35317e-07	-11.3413	0	-9.36012	0	-0.924224	0	-13.5692	4.59708e-11	-2.0606	0	-4.32079	0	-17.7997	1.57989e-07	-0.703894	0	-0.878347	0	-2.38666	0
6.10798	0	-14.4803	3.2291e-10	-2.12172	0	-10.9108	0	-0.478123	0	-18.5243	5.22955e-07	-8.93809	0	-19.5513	2.63817e-06	-0.924864	0	-0.58665	0	-0.924924	0	-1.38208	0	-0.92493	0	-1.76688	0	-18.3983	4.25123e-07	-11.3311	0	-9.36012	0	-0.924232	0	-13.5562	4.46564e-11	-2.0568	0	-4.30455	0	-17.7908	1.55624e-07	-0.703894	0	-0.878348	0	-2.38052	0
6.10798	0	-14.4613	3.10359e-10	-2.11794	0	-10.9024	0	-0.478173	0	-18.5145	5.1481e-07	-8.91204	0	-19.5399	2.59246e-06	-0.924864	0	-0.586898	0	-0.924924	0	-1.38208	0	-0.92493	0	-1.76174	0	-18.385	4.15916e-07	-11.3173	0	-9.34782	0	-0.924241	0	-13.5415	4.32467e-11	-2.05041	0	-4.28889	0	-17.7812	1.53133e-07	-0.703894	0	-0.878348	0	-2.37355	0
6.09865	0	-14.4484	3.02081e-10	-2.10984	0	-10.8934	0	-0.478202	0	-18.498	5.01167e-07	-8.90518	0	-19.5272	2.54223e-06	-0.924864	0	-0.587427	0	-0.924924	0	-1.36425	0	-0.92493	0	-1.75168	0	-18.3765	4.1021e-07	-11.31	0	-9.33533	0	-0.924249	0	-13.5227	4.14764e-11	-2.04309	0	-4.27024	0	-17.7687	1.49952e-07	-0.703895	0	-0.878348	0	-2.36847	0
6.09455	0	-14.4309	2.91314e-10	-2.09875	0	-10.8843	0	-0.478226	0	-18.4609	4.71854e-07	-8.89727	0	-19.516	2.49891e-06	-0.924864	0	-0.587916	0	-0.924924	0	-1.33912	0	-0.92493	0	-1.74163	0	-18.3437	3.88875e-07	-11.3059	0	-9.32143	0	-0.924258	0	-13.5044	3.9824e-11	-2.03452	0	-4.25615	0	-17.7473	1.44619e-07	-0.703895	0	-0.878348	0	-2.35982	0
6.07995	0	-14.4169	2.82861e-10	-2.09875	0	-10.859	0	-0.478266	0	-18.4461	4.60579e-07	-8.88659	0	-19.5044	2.45454e-06	-0.924864	0	-0.58812	0	-0.924924	0	-1.31341	0	-0.92493	0	-1.71924	0	-18.3391	3.85827e-07	-11.3016	0	-9.31748	0	-0.924271	0	-13.4933	3.88497e-11	-2.03045	0	-4.22241	0	-17.7304	1.40561e-07	-0.703895	0	-0.878348	0	-2.35408	0
6.06294	0	-14.4038	2.752e-10	-2.08837	0	-10.8399	0	-0.478352	0	-18.4304	4.49029e-07	-8.88118	0	-19.4902	2.40141e-06	-0.924864	0	-0.58845	0	-0.924924	0	-1.30903	0	-0.92493	0	-1.71453	0	-18.3255	3.77409e-07	-11.2989	0	-9.30172	0	-0.924278	0	-13.4756	3.73575e-11	-2.0203	0	-4.21769	0	-17.7112	1.36067e-07	-0.703895	0	-0.878348	0	-2.34138	0
6.05226	0	-14.3949	2.70244e-10	-2.08762	0	-10.8302	0	-0.478374	0	-18.418	4.40026e-07	-8.86969	0	-19.4796	2.36334e-06	-0.924864	0	-0.588614	0	-0.924924	0	-1.29342	0	-0.92493	0	-1.70853	0	-18.3056	3.6532e-07	-11.2927	0	-9.29286	0	-0.924288	0	-13.4534	3.55526e-11	-2.01639	0	-4.20984	0	-17.6999	1.3348e-07	-0.703895	0	-0.878348	0	-2.31458	0
6.04268	0	-14.3878	2.66267e-10	-2.08099	0	-10.8164	0	-0.478443	0	-18.4044	4.30395e-07	-8.86163	0	-19.4634	2.30441e-06	-0.924865	0	-0.588871	0	-0.924924	0	-1.28236	0	-0.92493	0	-1.69651	0	-18.2835	3.52275e-07	-11.2836	0	-9.28414	0	-0.924294	0	-13.4413	3.45998e-11	-2.00937	0	-4.20329	0	-17.6789	1.28799e-07	-0.703895	0	-0.878348	0	-2.30117	0
6.03178	0	-14.3744	2.58978e-10	-2.07439	0	-10.7943	0	-0.478497	0	-18.3893	4.19907e-07	-8.85324	0	-19.4479	2.25011e-06	-0.924865	0	-0.589022	0	-0.924924	0	-1.25682	0	-0.92493	0	-1.68459	0	-18.2632	3.40828e-07	-11.2752	0	-9.28414	0	-0.924299	0	-13.4304	3.37741e-11	-2.00623	0	-4.19119	0	-17.6639	1.25549e-07	-0.703895	0	-0.878348	0	-2.29204	0
6.01881	0	-14.3635	2.53045e-10	-2.0639	0	-10.7569	0	-0.478544	0	-18.3791	4.12987e-07	-8.8332	0	-19.4421	2.22987e-06	-0.924865	0	-0.58919	0	-0.924924	0	-1.24187	0	-0.92493	0	-1.68459	0	-18.2429	3.29569e-07	-11.2652	0	-9.27181	0	-0.924304	0	-13.4098	3.2246e-11	-1.99824	0	-4.18763	0	-17.6383	1.20195e-07	-0.703895	0	-0.878348	0	-2.28008	0
6.01669	0	-14.3422	2.41979e-10	-2.05456	0	-10.7452	0	-0.478575	0	-18.367	4.04885e-07	-8.82726	0	-19.4332	2.19929e-06	-0.924866	0	-0.589375	0	-0.924924	0	-1.23688	0	-0.92493	0	-1.68255	0	-18.2264	3.20725e-07	-11.2575	0	-9.26991	0	-0.924305	0	-13.3929	3.10555e-11	-1.99018	0	-4.18469	0	-17.6292	1.18359e-07	-0.703895	0	-0.878348	0	-2.27278	0
5.99934	0	-14.3179	2.29893e-10	-2.04476	0	-10.7404	0	-0.47859	0	-18.36	4.00299e-07	-8.82237	0	-19.4234	2.16623e-06	-0.924866	0	-0.589489	0	-0.924924	0	-1.208	0	-0.92493	0	-1.68039	0	-18.2164	3.15435e-07	-11.2519	0	-9.26496	0	-0.924309	0	-13.382	3.03136e-11	-1.98442	0	-4.1822	0	-17.6142	1.15362e-07	-0.703895	0	-0.878348	0	-2.25426	0
5.97785	0	-14.3055	2.23887e-10	-2.04344	0	-10.7268	0	-0.478594	0	-18.3484	3.92793e-07	-8.80883	0	-19.4119	2.12851e-06	-0.924866	0	-0.589583	0	-0.924924	0	-1.19821	0	-0.92493	0	-1.67322	0	-18.2015	3.07852e-07	-11.2474	0	-9.26093	0	-0.924312	0	-13.3643	2.91229e-11	-1.97059	0	-4.17592	0	-17.5903	1.10759e-07	-0.703895	0	-0.878348	0	-2.23967	0
5.97785	0	-14.294	2.18546e-10	-2.02906	0	-10.7168	0	-0.478605	0	-18.3305	3.81514e-07	-8.80883	0	-19.3977	2.08241e-06	-0.924866	0	-0.589663	0	-0.924924	0	-1.19034	0	-0.92493	0	-1.66992	0	-18.1835	2.98939e-07	-11.2372	0	-9.25579	0	-0.924313	0	-13.3546	2.84956e-11	-1.96716	0	-4.16639	0	-17.5713	1.07232e-07	-0.703895	0	-0.878348	0	-2.23361	0
5.96448	0	-14.2827	2.13343e-10	-2.02904	0	-10.7167	0	-0.478641	0	-18.3229	3.76774e-07	-8.79223	0	-19.384	2.03841e-06	-0.924866	0	-0.589713	0	-0.924924	0	-1.18021	0	-0.92493	0	-1.66497	0	-18.1682	2.915e-07	-11.2241	0	-9.25017	0	-0.924321	0	-13.3424	2.77246e-11	-1.96367	0	-4.15678	0	-17.5571	1.04611e-07	-0.703895	0	-0.878348	0	-2.22484	0
5.95679	0	-14.2718	2.08525e-10	-2.02404	0	-10.7132	0	-0.478662	0	-18.3124	3.70332e-07	-8.74852	0	-19.3709	1.9976e-06	-0.924866	0	-0.589771	0	-0.924924	0	-1.17028	0	-0.92493	0	-1.65704	0	-18.152	2.83825e-07	-11.2052	0	-9.24621	0	-0.924324	0	-13.3301	2.69706e-11	-1.952	0	-4.14171	0	-17.5398	1.01584e-07	-0.703895	0	-0.878348	0	-2.21746	0
5.94239	0	-14.2638	2.05055e-10	-2.01594	0	-10.709	0	-0.478676	0	-18.3008	3.63333e-07	-8.71203	0	-19.3626	1.97181e-06	-0.924867	0	-0.589817	0	-0.924924	0	-1.15509	0	-0.92493	0	-1.65228	0	-18.133	2.75154e-07	-11.1985	0	-9.24416	0	-0.924329	0	-13.3145	2.60347e-11	-1.94857	0	-4.11878	0	-17.5245	9.89402e-08	-0.703895	0	-0.878348	0	-2.20808	0
5.93512	0	-14.2529	2.0047e-10	-2.01106	0	-10.6995	0	-0.478708	0	-18.2854	3.54263e-07	-8.69507	0	-19.3563	1.95269e-06	-0.924867	0	-0.589855	0	-0.924924	0	-1.13705	0	-0.92493	0	-1.64776	0	-18.1257	2.71825e-07	-11.1938	0	-9.23884	0	-0.924333	0	-13.3042	2.54279e-11	-1.94702	0	-4.11038	0	-17.5001	9.4866e-08	-0.703895	0	-0.878348	0	-2.19818	0
5.9316	0	-14.234	1.92573e-10	-2.00761	0	-10.6845	0	-0.47872	0	-18.2735	3.47421e-07	-8.6796	0	-19.343	1.91285e-06	-0.924867	0	-0.589936	0	-0.924924	0	-1.13705	0	-0.92493	0	-1.64734	0	-18.1065	2.63367e-07	-11.1846	0	-9.2281	0	-0.924336	0	-13.2906	2.46661e-11	-1.94038	0	-4.09918	0	-17.481	9.18243e-08	-0.703895	0	-0.878348	0	-2.15267	0
5.92651	0	-14.2193	1.86708e-10	-2.00327	0	-10.6734	0	-0.478742	0	-18.2611	3.40371e-07	-8.65582	0	-19.3226	1.85321e-06	-0.924867	0	-0.590065	0	-0.924924	0	-1.13015	0	-0.92493	0	-1.63704	0	-18.0812	2.52471e-07	-11.1803	0	-9.21641	0	-0.92434	0	-13.2744	2.37805e-11	-1.93846	0	-4.08591	0	-17.4534	8.75451e-08	-0.703895	0	-0.878348	0	-2.15267	0
5.9172	0	-14.2023	1.80031e-10	-1.9927	0	-10.6636	0	-0.478757	0	-18.2533	3.36058e-07	-8.63204	0	-19.3094	1.81547e-06	-0.924867	0	-0.590139	0	-0.924924	0	-1.11707	0	-0.92493	0	-1.63294	0	-18.0602	2.43839e-07	-11.1742	0	-9.20517	0	-0.924342	0	-13.2654	2.33021e-11	-1.92963	0	-4.07108	0	-17.4289	8.39366e-08	-0.703895	0	-0.878348	0	-2.14031	0
5.90581	0	-14.1916	1.76091e-10	-1.98725	0	-10.6542	0	-0.478767	0	-18.2451	3.31524e-07	-8.62543	0	-19.289	1.75878e-06	-0.924868	0	-0.590169	0	-0.924924	0	-1.11408	0	-0.92493	0	-1.62615	0	-18.0496	2.39597e-07	-11.1708	0	-9.19207	0	-0.924344	0	-13.252	2.26081e-11	-1.92508	0	-4.0534	0	-17.4148	8.19241e-08	-0.703895	0	-0.878348	0	-2.13697	0
5.89881	0	-14.1866	1.74217e-10	-1.98173	0	-10.649	0	-0.478772	0	-18.2214	3.18857e-07	-8.61516	0	-19.279	1.73167e-06	-0.924868	0	-0.590221	0	-0.924924	0	-1.11082	0	-0.92493	0	-1.61972	0	-18.0294	2.31712e-07	-11.1617	0	-9.18288	0	-0.924346	0	-13.2342	2.17181e-11	-1.91399	0	-4.0247	0	-17.4021	8.0167e-08	-0.703895	0	-0.878348	0	-2.12468	0
5.88371	0	-14.1785	1.71228e-10	-1.97912	0	-10.6428	0	-0.478776	0	-18.1994	3.07432e-07	-8.58355	0	-19.26	1.68078e-06	-0.924868	0	-0.59026	0	-0.924924	0	-1.0998	0	-0.92493	0	-1.61054	0	-18.0107	2.24613e-07	-11.1541	0	-9.18288	0	-0.924349	0	-13.2179	2.09363e-11	-1.90009	0	-4.01873	0	-17.3931	7.89177e-08	-0.703895	0	-0.878348	0	-2.09267	0
5.87509	0	-14.169	1.67815e-10	-1.97731	0	-10.6278	0	-0.478781	0	-18.1826	2.99035e-07	-8.56394	0	-19.2518	1.65945e-06	-0.924869	0	-0.590295	0	-0.924924	0	-1.08897	0	-0.92493	0	-1.61012	0	-17.9925	2.17916e-07	-11.1411	0	-9.17909	0	-0.924351	0	-13.2035	2.02605e-11	-1.89338	0	-4.0047	0	-17.3799	7.71308e-08	-0.703895	0	-0.878348	0	-2.0841	0
5.8701	0	-14.1642	1.66191e-10	-1.97459	0	-10.6015	0	-0.478787	0	-18.1534	2.84919e-07	-8.5367	0	-19.2333	1.6122e-06	-0.924869	0	-0.590372	0	-0.924924	0	-1.07473	0	-0.92493	0	-1.60418	0	-17.982	2.14159e-07	-11.1204	0	-9.17412	0	-0.924356	0	-13.1967	1.99484e-11	-1.87432	0	-4.00274	0	-17.3691	7.57053e-08	-0.703895	0	-0.878348	0	-2.08367	0
5.8554	0	-14.1513	1.61733e-10	-1.97112	0	-10.5966	0	-0.478796	0	-18.1427	2.79943e-07	-8.51214	0	-19.2178	1.57355e-06	-0.924869	0	-0.590425	0	-0.924924	0	-1.05766	0	-0.92493	0	-1.60295	0	-17.9685	2.09439e-07	-11.1147	0	-9.16272	0	-0.924368	0	-13.1837	1.93612e-11	-1.87024	0	-3.99045	0	-17.355	7.38887e-08	-0.703895	0	-0.878348	0	-2.07209	0
5.84741	0	-14.1407	1.58107e-10	-1.9689	0	-10.5927	0	-0.478807	0	-18.1294	2.73767e-07	-8.49918	0	-19.1991	1.52792e-06	-0.924869	0	-0.590477	0	-0.924924	0	-1.05554	0	-0.92493	0	-1.59762	0	-17.9623	2.07279e-07	-11.1003	0	-9.15729	0	-0.924374	0	-13.1761	1.90299e-11	-1.85256	0	-3.98545	0	-17.3402	7.20237e-08	-0.703895	0	-0.878348	0	-2.06284	0
5.84741	0	-14.13	1.54537e-10	-1.96798	0	-10.5847	0	-0.478817	0	-18.123	2.70888e-07	-8.48491	0	-19.1896	1.50553e-06	-0.92487	0	-0.590512	0	-0.924924	0	-1.04641	0	-0.92493	0	-1.59708	0	-17.9535	2.04279e-07	-11.0795	0	-9.14777	0	-0.924376	0	-13.1589	1.82973e-11	-1.84464	0	-3.97723	0	-17.3294	7.07024e-08	-0.703895	0	-0.878348	0	-2.03284	0
5.83746	0	-14.1167	1.50233e-10	-1.96663	0	-10.5719	0	-0.478832	0	-18.1116	2.65806e-07	-8.47909	0	-19.1849	1.4945e-06	-0.92487	0	-0.590529	0	-0.924924	0	-1.03732	0	-0.92493	0	-1.59603	0	-17.9402	1.99783e-07	-11.0655	0	-9.14203	0	-0.924381	0	-13.1421	1.76141e-11	-1.8333	0	-3.96857	0	-17.3226	6.98656e-08	-0.703895	0	-0.878348	0	-2.03284	0
5.82668	0	-14.1029	1.45858e-10	-1.9661	0	-10.5531	0	-0.478839	0	-18.0966	2.59236e-07	-8.46675	0	-19.1739	1.46893e-06	-0.924871	0	-0.590562	0	-0.924924	0	-1.02287	0	-0.92493	0	-1.58936	0	-17.921	1.93447e-07	-11.0437	0	-9.1345	0	-0.924383	0	-13.1263	1.69895e-11	-1.82727	0	-3.95518	0	-17.3092	6.82769e-08	-0.703895	0	-0.878348	0	-2.01641	0
5.82459	0	-14.0832	1.39819e-10	-1.96129	0	-10.549	0	-0.478843	0	-18.0806	2.52417e-07	-8.46188	0	-19.1571	1.43126e-06	-0.924871	0	-0.590603	0	-0.924924	0	-1.00618	0	-0.92493	0	-1.5866	0	-17.8999	1.86669e-07	-11.0321	0	-9.13051	0	-0.924388	0	-13.1039	1.61398e-11	-1.81976	0	-3.94555	0	-17.301	6.72986e-08	-0.703895	0	-0.878348	0	-1.99365	0
5.82268	0	-14.0768	1.37869e-10	-1.95341	0	-10.5422	0	-0.478849	0	-18.0674	2.4694e-07	-8.44038	0	-19.1419	1.3974e-06	-0.924872	0	-0.590616	0	-0.924924	0	-1.00212	0	-0.92493	0	-1.5805	0	-17.8803	1.80656e-07	-11.0282	0	-9.12201	0	-0.924393	0	-13.0925	1.57233e-11	-1.81366	0	-3.93404	0	-17.2899	6.60172e-08	-0.703895	0	-0.878348	0	-1.99053	0
5.82196	0	-14.064	1.34106e-10	-1.9439	0	-10.5397	0	-0.478856	0	-18.0568	2.42623e-07	-8.44038	0	-19.1333	1.37883e-06	-0.924873	0	-0.590633	0	-0.924924	0	-0.984649	0	-0.92493	0	-1.57637	0	-17.8576	1.73879e-07	-11.02	0	-9.11229	0	-0.924396	0	-13.071	1.49666e-11	-1.80869	0	-3.93099	0	-17.2815	6.50491e-08	-0.703895	0	-0.878348	0	-1.98143	0
5.81827	0	-14.0465	1.29155e-10	-1.93589	0	-10.5361	0	-0.478858	0	-18.0354	2.3413e-07	-8.43112	0	-19.1253	1.36175e-06	-0.924873	0	-0.590642	0	-0.924924	0	-0.967752	0	-0.92493	0	-1.57428	0	-17.8279	1.6541e-07	-11.0057	0	-9.10397	0	-0.924399	0	-13.0571	1.44951e-11	-1.80081	0	-3.92547	0	-17.2731	6.41243e-08	-0.703895	0	-0.878348	0	-1.97578	0
5.81747	0	-14.0222	1.22582e-10	-1.92576	0	-10.5314	0	-0.478865	0	-18.014	2.25949e-07	-8.42498	0	-19.1194	1.34912e-06	-0.924873	0	-0.590657	0	-0.924924	0	-0.967752	0	-0.92493	0	-1.57065	0	-17.8023	1.58407e-07	-10.996	0	-9.1012	0	-0.924402	0	-13.0257	1.34857e-11	-1.79165	0	-3.92547	0	-17.2597	6.26487e-08	-0.703895	0	-0.878348	0	-1.94842	0
5.80949	0	-14.0084	1.19017e-10	-1.91654	0	-10.5241	0	-0.478869	0	-17.9959	2.19183e-07	-8.41255	0	-19.1086	1.32653e-06	-0.924874	0	-0.590667	0	-0.924924	0	-0.955672	0	-0.92493	0	-1.56955	0	-17.7856	1.53947e-07	-10.9816	0	-9.08776	0	-0.924404	0	-13.0053	1.28629e-11	-1.78622	0	-3.91941	0	-17.2457	6.1155e-08	-0.703895	0	-0.878348	0	-1.94488	0
5.80281	0	-13.9952	1.15632e-10	-1.91466	0	-10.5202	0	-0.47887	0	-17.9818	2.14067e-07	-8.39478	0	-19.1007	1.31037e-06	-0.924874	0	-0.590674	0	-0.924924	0	-0.940992	0	-0.92493	0	-1.5664	0	-17.769	1.49658e-07	-10.9737	0	-9.08391	0	-0.924409	0	-12.9943	1.25407e-11	-1.77766	0	-3.91552	0	-17.231	5.96032e-08	-0.703895	0	-0.878348	0	-1.94	0
5.79702	0	-13.9788	1.11562e-10	-1.91242	0	-10.5159	0	-0.478876	0	-17.9609	2.0668e-07	-8.38352	0	-19.0937	1.29577e-06	-0.924874	0	-0.590684	0	-0.924924	0	-0.933988	0	-0.92493	0	-1.56139	0	-17.762	1.47913e-07	-10.9701	0	-9.07927	0	-0.924413	0	-12.9761	1.20215e-11	-1.76659	0	-3.90649	0	-17.2172	5.81888e-08	-0.703896	0	-0.878348	0	-1.93197	0
5.79284	0	-13.9569	1.06402e-10	-1.90409	0	-10.5082	0	-0.478885	0	-17.9479	2.02208e-07	-8.37562	0	-19.0835	1.27534e-06	-0.924875	0	-0.590688	0	-0.924924	0	-0.92896	0	-0.92493	0	-1.55758	0	-17.7488	1.44653e-07	-10.9562	0	-9.07209	0	-0.924422	0	-12.961	1.16072e-11	-1.76315	0	-3.90013	0	-17.199	5.63756e-08	-0.703896	0	-0.878348	0	-1.92663	0
5.7922	0	-13.9359	1.01756e-10	-1.89771	0	-10.5043	0	-0.478891	0	-17.9314	1.9671e-07	-8.37224	0	-19.0752	1.25895e-06	-0.924875	0	-0.590699	0	-0.924925	0	-0.914541	0	-0.92493	0	-1.55187	0	-17.7365	1.41671e-07	-10.9486	0	-9.07036	0	-0.924433	0	-12.9514	1.13529e-11	-1.752	0	-3.88703	0	-17.185	5.50239e-08	-0.703896	0	-0.878348	0	-1.91962	0
5.78533	0	-13.9263	9.96162e-11	-1.88816	0	-10.4996	0	-0.478898	0	-17.9154	1.91522e-07	-8.35379	0	-19.0656	1.23985e-06	-0.924876	0	-0.590714	0	-0.924925	0	-0.903108	0	-0.92493	0	-1.54096	0	-17.7288	1.39835e-07	-10.9345	0	-9.06519	0	-0.924437	0	-12.9349	1.09228e-11	-1.74071	0	-3.87422	0	-17.1736	5.39393e-08	-0.703896	0	-0.878348	0	-1.90725	0
5.78449	0	-13.9054	9.50994e-11	-1.87249	0	-10.4934	0	-0.47892	0	-17.9042	1.88032e-07	-8.34617	0	-19.0522	1.21401e-06	-0.924876	0	-0.590754	0	-0.924925	0	-0.885905	0	-0.92493	0	-1.52465	0	-17.7177	1.37242e-07	-10.9321	0	-9.05679	0	-0.924443	0	-12.9201	1.05483e-11	-1.74071	0	-3.862	0	-17.1521	5.19372e-08	-0.703896	0	-0.878348	0	-1.88702	0
5.78335	0	-13.9001	9.40301e-11	-1.86851	0	-10.4815	0	-0.478935	0	-17.8968	1.85741e-07	-8.33437	0	-19.0344	1.18053e-06	-0.924876	0	-0.590791	0	-0.924925	0	-0.873933	0	-0.92493	0	-1.51632	0	-17.6964	1.32399e-07	-10.927	0	-9.04958	0	-0.92445	0	-12.9044	1.01722e-11	-1.73305	0	-3.85374	0	-17.1446	5.12685e-08	-0.703896	0	-0.878348	0	-1.87725	0
5.78174	0	-13.8946	9.29012e-11	-1.85737	0	-10.4668	0	-0.478958	0	-17.8865	1.82586e-07	-8.31539	0	-19.02	1.15414e-06	-0.924876	0	-0.590816	0	-0.924925	0	-0.85967	0	-0.92493	0	-1.50503	0	-17.6677	1.26126e-07	-10.924	0	-9.02911	0	-0.924455	0	-12.8888	9.80967e-12	-1.72437	0	-3.83892	0	-17.1349	5.0404e-08	-0.703896	0	-0.878348	0	-1.86607	0
5.77949	0	-13.8859	9.11085e-11	-1.8446	0	-10.463	0	-0.47898	0	-17.8751	1.79141e-07	-8.29792	0	-19.0105	1.13704e-06	-0.924876	0	-0.590841	0	-0.924925	0	-0.866104	0	-0.92493	0	-1.49758	0	-17.6468	1.21727e-07	-10.9079	0	-9.01049	0	-0.924462	0	-12.8721	9.4352e-12	-1.71761	0	-3.82191	0	-17.1208	4.91649e-08	-0.703896	0	-0.878348	0	-1.8571	0
5.7761	0	-13.8788	8.97008e-11	-1.83158	0	-10.4501	0	-0.478996	0	-17.857	1.73801e-07	-8.27549	0	-18.9979	1.11443e-06	-0.924877	0	-0.590885	0	-0.924925	0	-0.853505	0	-0.92493	0	-1.4964	0	-17.6362	1.19549e-07	-10.9003	0	-8.99984	0	-0.924468	0	-12.845	8.85871e-12	-1.71331	0	-3.80412	0	-17.1114	4.83655e-08	-0.703896	0	-0.878348	0	-1.84473	0
5.7743	0	-13.8745	8.8863e-11	-1.82776	0	-10.4467	0	-0.479008	0	-17.847	1.70927e-07	-8.2581	0	-18.9857	1.09323e-06	-0.924877	0	-0.590914	0	-0.924925	0	-0.850207	0	-0.92493	0	-1.48892	0	-17.6217	1.16663e-07	-10.8881	0	-8.98545	0	-0.924473	0	-12.8315	8.58113e-12	-1.70785	0	-3.79704	0	-17.1042	4.77534e-08	-0.703896	0	-0.878348	0	-1.83109	0
5.77352	0	-13.8649	8.70358e-11	-1.79937	0	-10.4377	0	-0.479013	0	-17.8395	1.6874e-07	-8.24613	0	-18.9682	1.06353e-06	-0.924877	0	-0.590931	0	-0.924925	0	-0.838194	0	-0.92493	0	-1.48403	0	-17.6129	1.14914e-07	-10.8816	0	-8.98386	0	-0.924476	0	-12.8214	8.38188e-12	-1.69646	0	-3.79374	0	-17.0943	4.69384e-08	-0.703896	0	-0.878348	0	-1.81918	0
5.77009	0	-13.8506	8.43516e-11	-1.79566	0	-10.4294	0	-0.47902	0	-17.832	1.66671e-07	-8.22786	0	-18.9561	1.04367e-06	-0.924878	0	-0.59094	0	-0.924925	0	-0.824892	0	-0.92493	0	-1.47716	0	-17.5945	1.11382e-07	-10.8697	0	-8.98121	0	-0.924481	0	-12.8155	8.26725e-12	-1.68891	0	-3.79221	0	-17.0798	4.57695e-08	-0.703896	0	-0.878348	0	-1.80522	0
5.76787	0	-13.8397	8.23649e-11	-1.78396	0	-10.4266	0	-0.479035	0	-17.818	1.62763e-07	-8.16715	0	-18.9476	1.02949e-06	-0.924878	0	-0.590949	0	-0.924925	0	-0.816746	0	-0.92493	0	-1.4748	0	-17.577	1.08075e-07	-10.8616	0	-8.97039	0	-0.924484	0	-12.8029	8.02248e-12	-1.68027	0	-3.77303	0	-17.067	4.47524e-08	-0.703896	0	-0.878348	0	-1.78936	0
5.76329	0	-13.8334	8.12345e-11	-1.7783	0	-10.4153	0	-0.479046	0	-17.7955	1.56795e-07	-8.13608	0	-18.9346	1.0087e-06	-0.924878	0	-0.590968	0	-0.924925	0	-0.796984	0	-0.92493	0	-1.47244	0	-17.5658	1.06032e-07	-10.8483	0	-8.9637	0	-0.924486	0	-12.786	7.70987e-12	-1.67155	0	-3.77077	0	-17.0564	4.39269e-08	-0.703896	0	-0.878348	0	-1.77596	0
5.76055	0	-13.8206	7.89886e-11	-1.76916	0	-10.4129	0	-0.479056	0	-17.7762	1.51749e-07	-8.10362	0	-18.9071	9.6547e-07	-0.924878	0	-0.590991	0	-0.924925	0	-0.792583	0	-0.92493	0	-1.46293	0	-17.5588	1.04778e-07	-10.8318	0	-8.96228	0	-0.924489	0	-12.7736	7.48636e-12	-1.66183	0	-3.75478	0	-17.0476	4.32474e-08	-0.703896	0	-0.878348	0	-1.7666	0
5.75897	0	-13.8151	7.80171e-11	-1.75809	0	-10.4036	0	-0.47906	0	-17.762	1.48175e-07	-8.06995	0	-18.8889	9.37975e-07	-0.924879	0	-0.591011	0	-0.924925	0	-0.787555	0	-0.92493	0	-1.45239	0	-17.544	1.02156e-07	-10.8244	0	-8.95942	0	-0.924491	0	-12.7625	7.294e-12	-1.64954	0	-3.74167	0	-17.0341	4.22287e-08	-0.703896	0	-0.878348	0	-1.75488	0
5.75545	0	-13.7989	7.52923e-11	-1.74986	0	-10.3939	0	-0.479064	0	-17.747	1.44448e-07	-8.05018	0	-18.8727	9.14061e-07	-0.924879	0	-0.591025	0	-0.924925	0	-0.785857	0	-0.92493	0	-1.44844	0	-17.5222	9.84542e-08	-10.8145	0	-8.95942	0	-0.924493	0	-12.7478	7.047e-12	-1.64227	0	-3.73756	0	-17.0199	4.11871e-08	-0.703896	0	-0.878348	0	-1.74831	0
5.75305	0	-13.7916	7.40599e-11	-1.74188	0	-10.3935	0	-0.479067	0	-17.7347	1.41489e-07	-8.0441	0	-18.8518	8.84164e-07	-0.924879	0	-0.591034	0	-0.924925	0	-0.784538	0	-0.92493	0	-1.43937	0	-17.4982	9.45074e-08	-10.8052	0	-8.95667	0	-0.924497	0	-12.716	6.53872e-12	-1.63847	0	-3.73117	0	-17.0027	3.99506e-08	-0.703896	0	-0.878348	0	-1.74831	0
5.74992	0	-13.7693	7.05178e-11	-1.73592	0	-10.3825	0	-0.479068	0	-17.7172	1.37351e-07	-8.03451	0	-18.8394	8.66709e-07	-0.924879	0	-0.591046	0	-0.924925	0	-0.773412	0	-0.92493	0	-1.42856	0	-17.4824	9.19986e-08	-10.8028	0	-8.95633	0	-0.9245	0	-12.6892	6.13741e-12	-1.62776	0	-3.72942	0	-16.9893	3.90173e-08	-0.703896	0	-0.878348	0	-1.74302	0
5.74992	0	-13.7526	6.79602e-11	-1.7343	0	-10.3671	0	-0.479072	0	-17.708	1.35236e-07	-8.03451	0	-18.8278	8.50779e-07	-0.924879	0	-0.591053	0	-0.924925	0	-0.773412	0	-0.92493	0	-1.4269	0	-17.4586	8.83407e-08	-10.7967	0	-8.95633	0	-0.924502	0	-12.6629	5.7656e-12	-1.62587	0	-3.72942	0	-16.9859	3.87872e-08	-0.703896	0	-0.878348	0	-1.7336	0
5.74742	0	-13.7311	6.48053e-11	-1.73009	0	-10.3661	0	-0.479074	0	-17.6811	1.29222e-07	-8.02645	0	-18.8182	8.37812e-07	-0.924879	0	-0.591089	0	-0.924925	0	-0.774675	0	-0.92493	0	-1.41788	0	-17.4286	8.39129e-08	-10.7967	0	-8.95633	0	-0.924507	0	-12.6532	5.63309e-12	-1.61854	0	-3.72732	0	-16.9803	3.84048e-08	-0.703896	0	-0.878348	0	-1.72862	0
5.74659	0	-13.7194	6.31645e-11	-1.72857	0	-10.36	0	-0.479076	0	-17.6704	1.2692e-07	-8.01697	0	-18.7951	8.07517e-07	-0.92488	0	-0.591103	0	-0.924925	0	-0.774675	0	-0.92493	0	-1.40861	0	-17.3998	7.98517e-08	-10.7905	0	-8.95076	0	-0.924514	0	-12.6393	5.44932e-12	-1.6151	0	-3.72357	0	-16.9774	3.82086e-08	-0.703896	0	-0.878348	0	-1.72862	0
5.74488	0	-13.7031	6.099e-11	-1.72475	0	-10.3566	0	-0.479078	0	-17.6536	1.23333e-07	-7.99844	0	-18.7783	7.86019e-07	-0.92488	0	-0.59111	0	-0.924925	0	-0.770101	0	-0.92493	0	-1.40437	0	-17.3725	7.61802e-08	-10.7852	0	-8.95048	0	-0.924518	0	-12.6312	5.34546e-12	-1.61259	0	-3.71319	0	-16.9689	3.76331e-08	-0.703896	0	-0.878348	0	-1.72601	0
5.74287	0	-13.6962	6.00669e-11	-1.71626	0	-10.3524	0	-0.479083	0	-17.6473	1.22029e-07	-7.97943	0	-18.7415	7.41031e-07	-0.92488	0	-0.591131	0	-0.924925	0	-0.759931	0	-0.92493	0	-1.40138	0	-17.3548	7.38871e-08	-10.7826	0	-8.95048	0	-0.924522	0	-12.6148	5.13992e-12	-1.61074	0	-3.71319	0	-16.962	3.71784e-08	-0.703896	0	-0.878348	0	-1.72449	0
5.74157	0	-13.6882	5.90391e-11	-1.71626	0	-10.3449	0	-0.479089	0	-17.6392	1.20389e-07	-7.97419	0	-18.694	6.8645e-07	-0.92488	0	-0.591146	0	-0.924925	0	-0.761846	0	-0.92493	0	-1.40043	0	-17.3358	7.1498e-08	-10.7816	0	-8.94597	0	-0.924527	0	-12.5972	4.92713e-12	-1.60541	0	-3.71319	0	-16.9541	3.66625e-08	-0.703896	0	-0.878348	0	-1.72029	0
5.73892	0	-13.677	5.76328e-11	-1.71626	0	-10.3378	0	-0.479091	0	-17.6322	1.18961e-07	-7.97419	0	-18.6702	6.60534e-07	-0.92488	0	-0.591175	0	-0.924925	0	-0.759937	0	-0.92493	0	-1.39713	0	-17.3214	6.97136e-08	-10.776	0	-8.94438	0	-0.92453	0	-12.585	4.78537e-12	-1.60273	0	-3.7086	0	-16.9437	3.59913e-08	-0.703896	0	-0.878348	0	-1.71797	0
5.73892	0	-13.6665	5.63624e-11	-1.71626	0	-10.3328	0	-0.479093	0	-17.6047	1.13507e-07	-7.96921	0	-18.6577	6.47406e-07	-0.92488	0	-0.591196	0	-0.924925	0	-0.759937	0	-0.92493	0	-1.39199	0	-17.3037	6.75994e-08	-10.7733	0	-8.93965	0	-0.924536	0	-12.5764	4.68606e-12	-1.60273	0	-3.70662	0	-16.9297	3.51079e-08	-0.703896	0	-0.878348	0	-1.71594	0
5.73892	0	-13.6553	5.50091e-11	-1.71102	0	-10.3238	0	-0.479094	0	-17.5927	1.11225e-07	-7.95769	0	-18.636	6.25046e-07	-0.92488	0	-0.591233	0	-0.924925	0	-0.756457	0	-0.92493	0	-1.39199	0	-17.2823	6.5127e-08	-10.7707	0	-8.93538	0	-0.924539	0	-12.5619	4.52316e-12	-1.60206	0	-3.69146	0	-16.9179	3.43785e-08	-0.703896	0	-0.878348	0	-1.71321	0
5.73892	0	-13.6223	5.12712e-11	-1.7095	0	-10.2992	0	-0.479096	0	-17.5837	1.09505e-07	-7.94588	0	-18.6227	6.117e-07	-0.924881	0	-0.591266	0	-0.924925	0	-0.749913	0	-0.92493	0	-1.39199	0	-17.2748	6.42806e-08	-10.7675	0	-8.93538	0	-0.92454	0	-12.5414	4.30641e-12	-1.59797	0	-3.69146	0	-16.9014	3.33836e-08	-0.703896	0	-0.878348	0	-1.71199	0
5.73522	0	-13.5749	4.62988e-11	-1.70633	0	-10.2974	0	-0.479097	0	-17.5641	1.05898e-07	-7.94588	0	-18.6075	5.96855e-07	-0.924881	0	-0.591318	0	-0.924925	0	-0.746834	0	-0.92493	0	-1.38337	0	-17.2482	6.13744e-08	-10.7605	0	-8.93073	0	-0.924541	0	-12.5133	4.02668e-12	-1.59728	0	-3.68823	0	-16.8754	3.18836e-08	-0.703896	0	-0.878348	0	-1.70806	0
5.73338	0	-13.534	4.2361e-11	-1.69962	0	-10.2887	0	-0.4791	0	-17.547	1.02828e-07	-7.94246	0	-18.5811	5.71824e-07	-0.924881	0	-0.591326	0	-0.924925	0	-0.743617	0	-0.92493	0	-1.38288	0	-17.2349	5.99559e-08	-10.7558	0	-8.93073	0	-0.924543	0	-12.4952	3.85722e-12	-1.59259	0	-3.68655	0	-16.8479	3.03498e-08	-0.703896	0	-0.878348	0	-1.70474	0
5.73204	0	-13.5095	4.01638e-11	-1.6965	0	-10.2787	0	-0.479104	0	-17.531	1.00043e-07	-7.93201	0	-18.5713	5.62732e-07	-0.924881	0	-0.591336	0	-0.924925	0	-0.740228	0	-0.92493	0	-1.37698	0	-17.2224	5.86711e-08	-10.7547	0	-8.93042	0	-0.924544	0	-12.4869	3.78106e-12	-1.5906	0	-3.6798	0	-16.8364	2.97281e-08	-0.703896	0	-0.878348	0	-1.6997	0
5.72963	0	-13.4471	3.49969e-11	-1.6965	0	-10.2633	0	-0.479108	0	-17.5175	9.77572e-08	-7.93201	0	-18.5602	5.52639e-07	-0.924881	0	-0.591348	0	-0.924925	0	-0.73966	0	-0.92493	0	-1.374	0	-17.2077	5.72028e-08	-10.7506	0	-8.92604	0	-0.924548	0	-12.4775	3.69583e-12	-1.58881	0	-3.67907	0	-16.8192	2.88245e-08	-0.703897	0	-0.878348	0	-1.6997	0
5.7283	0	-13.4272	3.34937e-11	-1.69612	0	-10.2603	0	-0.479117	0	-17.5085	9.62748e-08	-7.90782	0	-18.5547	5.47741e-07	-0.924881	0	-0.591354	0	-0.924925	0	-0.730963	0	-0.92493	0	-1.37272	0	-17.1905	5.55187e-08	-10.7447	0	-8.91848	0	-0.924551	0	-12.4737	3.66114e-12	-1.58139	0	-3.67641	0	-16.8047	2.80843e-08	-0.703897	0	-0.878348	0	-1.69949	0
5.72634	0	-13.39	3.08344e-11	-1.6929	0	-10.2543	0	-0.47912	0	-17.5021	9.52195e-08	-7.90782	0	-18.5447	5.39046e-07	-0.924881	0	-0.591379	0	-0.924925	0	-0.729164	0	-0.92493	0	-1.37236	0	-17.1624	5.28712e-08	-10.7447	0	-8.91776	0	-0.924553	0	-12.4672	3.60367e-12	-1.57376	0	-3.67227	0	-16.7924	2.74656e-08	-0.703897	0	-0.878348	0	-1.6983	0
5.72483	0	-13.3675	2.93182e-11	-1.6929	0	-10.2467	0	-0.479122	0	-17.496	9.42168e-08	-7.90096	0	-18.5277	5.24644e-07	-0.924881	0	-0.591389	0	-0.924925	0	-0.723169	0	-0.92493	0	-1.36905	0	-17.1541	5.21179e-08	-10.7437	0	-8.91595	0	-0.924555	0	-12.4621	3.56013e-12	-1.57203	0	-3.67227	0	-16.778	2.67712e-08	-0.703897	0	-0.878348	0	-1.69448	0
5.72256	0	-13.3551	2.85165e-11	-1.69226	0	-10.2467	0	-0.479124	0	-17.4852	9.24944e-08	-7.88754	0	-18.5191	5.17478e-07	-0.924881	0	-0.591408	0	-0.924925	0	-0.721083	0	-0.92493	0	-1.36649	0	-17.1428	5.10938e-08	-10.73	0	-8.91026	0	-0.924556	0	-12.4511	3.46721e-12	-1.5698	0	-3.67219	0	-16.7664	2.62208e-08	-0.703897	0	-0.878348	0	-1.69269	0
5.71937	0	-13.3489	2.8118e-11	-1.69019	0	-10.2467	0	-0.479126	0	-17.4729	9.05839e-08	-7.88457	0	-18.5111	5.10864e-07	-0.924881	0	-0.591432	0	-0.924925	0	-0.721083	0	-0.92493	0	-1.36513	0	-17.1276	4.97485e-08	-10.7221	0	-8.91026	0	-0.924557	0	-12.4353	3.33713e-12	-1.56411	0	-3.67219	0	-16.7569	2.57783e-08	-0.703897	0	-0.878348	0	-1.68628	0
5.71834	0	-13.3309	2.69925e-11	-1.69013	0	-10.2424	0	-0.479128	0	-17.457	8.81428e-08	-7.86847	0	-18.5072	5.07685e-07	-0.924881	0	-0.59145	0	-0.924925	0	-0.721083	0	-0.92493	0	-1.35996	0	-17.0965	4.71168e-08	-10.7192	0	-8.90808	0	-0.924561	0	-12.4201	3.21659e-12	-1.56411	0	-3.67002	0	-16.7486	2.53987e-08	-0.703897	0	-0.878348	0	-1.68397	0
5.71746	0	-13.3041	2.54154e-11	-1.68952	0	-10.2424	0	-0.479132	0	-17.4485	8.68769e-08	-7.84737	0	-18.4976	4.99852e-07	-0.924881	0	-0.591471	0	-0.924925	0	-0.719497	0	-0.92493	0	-1.35729	0	-17.0768	4.55165e-08	-10.7172	0	-8.90396	0	-0.924562	0	-12.4073	3.11864e-12	-1.56086	0	-3.67002	0	-16.7409	2.50514e-08	-0.703897	0	-0.878348	0	-1.68088	0
5.71513	0	-13.2857	2.43747e-11	-1.68952	0	-10.2424	0	-0.479139	0	-17.4387	8.5422e-08	-7.84408	0	-18.4889	4.92831e-07	-0.924881	0	-0.5915	0	-0.924925	0	-0.719704	0	-0.92493	0	-1.35459	0	-17.0384	4.25408e-08	-10.7105	0	-8.90277	0	-0.924565	0	-12.3871	2.97062e-12	-1.5593	0	-3.6639	0	-16.7273	2.44449e-08	-0.703897	0	-0.878348	0	-1.6789	0
5.71513	0	-13.268	2.34113e-11	-1.68898	0	-10.2398	0	-0.479141	0	-17.4136	8.18104e-08	-7.82864	0	-18.472	4.79519e-07	-0.924881	0	-0.591522	0	-0.924925	0	-0.717519	0	-0.92493	0	-1.34768	0	-17.0004	3.97899e-08	-10.7052	0	-8.90277	0	-0.924566	0	-12.376	2.89229e-12	-1.55283	0	-3.6639	0	-16.7177	2.40288e-08	-0.703897	0	-0.878348	0	-1.67847	0
5.71299	0	-13.2492	2.24402e-11	-1.68552	0	-10.2362	0	-0.479143	0	-17.3925	7.89007e-08	-7.8184	0	-18.4558	4.67129e-07	-0.924881	0	-0.591547	0	-0.924925	0	-0.714986	0	-0.92493	0	-1.34067	0	-16.9839	3.86424e-08	-10.6894	0	-8.89531	0	-0.924566	0	-12.3644	2.81155e-12	-1.54951	0	-3.65027	0	-16.7102	2.37071e-08	-0.703897	0	-0.878348	0	-1.67416	0
5.70633	0	-13.2291	2.14404e-11	-1.68504	0	-10.2354	0	-0.479146	0	-17.3605	7.46581e-08	-7.81152	0	-18.4373	4.53446e-07	-0.924881	0	-0.591565	0	-0.924925	0	-0.711029	0	-0.92493	0	-1.33797	0	-16.9493	3.63513e-08	-10.6819	0	-8.88847	0	-0.924566	0	-12.3545	2.7448e-12	-1.54715	0	-3.64532	0	-16.6971	2.31533e-08	-0.703897	0	-0.878348	0	-1.67416	0
5.70318	0	-13.211	2.05803e-11	-1.68315	0	-10.2307	0	-0.47915	0	-17.3535	7.37628e-08	-7.80601	0	-18.4048	4.30222e-07	-0.924881	0	-0.591583	0	-0.924925	0	-0.706819	0	-0.92493	0	-1.33737	0	-16.9316	3.52219e-08	-10.6757	0	-8.88847	0	-0.924567	0	-12.3405	2.65301e-12	-1.54084	0	-3.63659	0	-16.6819	2.25339e-08	-0.703897	0	-0.878348	0	-1.67266	0
5.70074	0	-13.1991	2.00324e-11	-1.68315	0	-10.2285	0	-0.479154	0	-17.3384	7.18644e-08	-7.7901	0	-18.3744	4.09492e-07	-0.924881	0	-0.591594	0	-0.924925	0	-0.697911	0	-0.92493	0	-1.33384	0	-16.9152	3.42145e-08	-10.6676	0	-8.88847	0	-0.924567	0	-12.3246	2.55111e-12	-1.54042	0	-3.63035	0	-16.6684	2.19977e-08	-0.703897	0	-0.878348	0	-1.66707	0
5.69568	0	-13.1861	1.94459e-11	-1.6773	0	-10.2285	0	-0.479156	0	-17.3239	7.00826e-08	-7.7901	0	-18.3399	3.8716e-07	-0.924881	0	-0.591601	0	-0.924925	0	-0.697911	0	-0.92493	0	-1.32912	0	-16.8965	3.30898e-08	-10.6556	0	-8.88184	0	-0.924567	0	-12.3166	2.5003e-12	-1.53613	0	-3.62914	0	-16.6485	2.12212e-08	-0.703897	0	-0.878348	0	-1.66616	0
5.69248	0	-13.1717	1.88163e-11	-1.67393	0	-10.2285	0	-0.479158	0	-17.3153	6.90365e-08	-7.7901	0	-18.3149	3.71721e-07	-0.924881	0	-0.591606	0	-0.924925	0	-0.69707	0	-0.92493	0	-1.32676	0	-16.8857	3.24595e-08	-10.6556	0	-8.88051	0	-0.924568	0	-12.3103	2.46309e-12	-1.53259	0	-3.62553	0	-16.6288	2.0477e-08	-0.703897	0	-0.878348	0	-1.65922	0
5.68732	0	-13.1598	1.83136e-11	-1.67384	0	-10.2273	0	-0.479159	0	-17.299	6.71112e-08	-7.78486	0	-18.2381	3.27847e-07	-0.924881	0	-0.591618	0	-0.924925	0	-0.69512	0	-0.92493	0	-1.32235	0	-16.88	3.21414e-08	-10.651	0	-8.87704	0	-0.924569	0	-12.2967	2.38176e-12	-1.53259	0	-3.62066	0	-16.6108	1.98219e-08	-0.703897	0	-0.878348	0	-1.65294	0
5.68732	0	-13.1338	1.726e-11	-1.66937	0	-10.2223	0	-0.479162	0	-17.2809	6.50285e-08	-7.77424	0	-18.2242	3.2041e-07	-0.924881	0	-0.59163	0	-0.924925	0	-0.69512	0	-0.92493	0	-1.32235	0	-16.8722	3.16932e-08	-10.6483	0	-8.87511	0	-0.924569	0	-12.2887	2.33674e-12	-1.53179	0	-3.61779	0	-16.5981	1.93732e-08	-0.703897	0	-0.878348	0	-1.6486	0
5.68072	0	-13.0985	1.59297e-11	-1.66614	0	-10.2191	0	-0.479169	0	-17.2709	6.38993e-08	-7.77424	0	-18.1941	3.04893e-07	-0.924882	0	-0.591636	0	-0.924925	0	-0.692603	0	-0.92493	0	-1.31733	0	-16.8605	3.10461e-08	-10.6428	0	-8.87195	0	-0.924571	0	-12.2795	2.28516e-12	-1.5256	0	-3.61219	0	-16.5858	1.8946e-08	-0.703897	0	-0.878348	0	-1.64446	0
5.67798	0	-13.0685	1.48728e-11	-1.66548	0	-10.2177	0	-0.479176	0	-17.2611	6.28255e-08	-7.7651	0	-18.1672	2.91595e-07	-0.924882	0	-0.591641	0	-0.924925	0	-0.688534	0	-0.92493	0	-1.31733	0	-16.848	3.03625e-08	-10.6409	0	-8.86933	0	-0.924577	0	-12.2714	2.2417e-12	-1.52244	0	-3.60996	0	-16.5659	1.82719e-08	-0.703897	0	-0.878348	0	-1.64123	0
5.67798	0	-13.0419	1.3991e-11	-1.66548	0	-10.2151	0	-0.479182	0	-17.2491	6.15328e-08	-7.7651	0	-18.1582	2.87237e-07	-0.924882	0	-0.59165	0	-0.924925	0	-0.688978	0	-0.92493	0	-1.31733	0	-16.8381	2.98307e-08	-10.6373	0	-8.86133	0	-0.92458	0	-12.2581	2.17017e-12	-1.51737	0	-3.6039	0	-16.5488	1.77166e-08	-0.703897	0	-0.878348	0	-1.63349	0
5.67249	0	-13.0243	1.34336e-11	-1.66226	0	-10.2135	0	-0.479188	0	-17.2404	6.05967e-08	-7.7651	0	-18.1509	2.83797e-07	-0.924882	0	-0.591655	0	-0.924925	0	-0.686995	0	-0.92493	0	-1.31671	0	-16.8303	2.94175e-08	-10.6347	0	-8.8546	0	-0.924583	0	-12.2396	2.07507e-12	-1.51627	0	-3.59416	0	-16.535	1.72767e-08	-0.703897	0	-0.878348	0	-1.62762	0
5.65988	0	-13.0041	1.28163e-11	-1.6589	0	-10.2127	0	-0.479195	0	-17.2353	6.00581e-08	-7.7651	0	-18.1291	2.73624e-07	-0.924882	0	-0.591659	0	-0.924925	0	-0.681997	0	-0.92493	0	-1.31618	0	-16.8189	2.882e-08	-10.6303	0	-8.84934	0	-0.924585	0	-12.2273	2.01315e-12	-1.51404	0	-3.58381	0	-16.5065	1.64054e-08	-0.703897	0	-0.878348	0	-1.61685	0
5.65648	0	-12.9824	1.21895e-11	-1.65756	0	-10.2117	0	-0.479198	0	-17.2249	5.89923e-08	-7.76114	0	-18.1005	2.60963e-07	-0.924882	0	-0.591665	0	-0.924925	0	-0.677358	0	-0.92493	0	-1.31483	0	-16.8033	2.80176e-08	-10.6086	0	-8.84395	0	-0.924589	0	-12.22	1.97748e-12	-1.51004	0	-3.57958	0	-16.4863	1.58084e-08	-0.703897	0	-0.878348	0	-1.61126	0
5.64172	0	-12.9659	1.17283e-11	-1.65756	0	-10.2097	0	-0.479199	0	-17.2177	5.82512e-08	-7.75487	0	-18.0845	2.54096e-07	-0.924882	0	-0.591673	0	-0.924925	0	-0.677358	0	-0.92493	0	-1.3113	0	-16.7945	2.75826e-08	-10.6022	0	-8.84395	0	-0.924595	0	-12.2068	1.91351e-12	-1.50656	0	-3.5549	0	-16.4717	1.53954e-08	-0.703897	0	-0.878348	0	-1.61126	0
5.62933	0	-12.9444	1.11524e-11	-1.65541	0	-10.2084	0	-0.479201	0	-17.2076	5.72287e-08	-7.75266	0	-18.0635	2.45414e-07	-0.924882	0	-0.591678	0	-0.924925	0	-0.673323	0	-0.92493	0	-1.31035	0	-16.7807	2.69038e-08	-10.594	0	-8.84211	0	-0.924598	0	-12.1941	1.85426e-12	-1.50499	0	-3.55097	0	-16.458	1.50149e-08	-0.703897	0	-0.878348	0	-1.61026	0
5.62933	0	-12.9263	1.06876e-11	-1.65451	0	-10.2084	0	-0.479202	0	-17.2041	5.68825e-08	-7.74394	0	-18.0586	2.43414e-07	-0.924882	0	-0.59168	0	-0.924925	0	-0.670099	0	-0.92493	0	-1.30787	0	-16.7716	2.64648e-08	-10.5907	0	-8.83809	0	-0.9246	0	-12.179	1.78605e-12	-1.50297	0	-3.53883	0	-16.4452	1.46667e-08	-0.703897	0	-0.878348	0	-1.61026	0
5.62933	0	-12.9118	1.03268e-11	-1.65125	0	-10.2041	0	-0.479203	0	-17.1915	5.56498e-08	-7.74202	0	-18.0418	2.36685e-07	-0.924882	0	-0.591698	0	-0.924925	0	-0.669995	0	-0.92493	0	-1.30787	0	-16.7545	2.56501e-08	-10.5758	0	-8.83809	0	-0.924605	0	-12.1581	1.69637e-12	-1.4963	0	-3.53857	0	-16.4163	1.39119e-08	-0.703897	0	-0.878348	0	-1.60428	0
5.62933	0	-12.8972	9.98229e-12	-1.65041	0	-10.2029	0	-0.479204	0	-17.1851	5.50366e-08	-7.74052	0	-18.0276	2.31127e-07	-0.924882	0	-0.591714	0	-0.924925	0	-0.668824	0	-0.92493	0	-1.3067	0	-16.7386	2.49296e-08	-10.5628	0	-8.83637	0	-0.924606	0	-12.155	1.68373e-12	-1.49571	0	-3.53085	0	-16.4049	1.36225e-08	-0.703897	0	-0.878348	0	-1.60318	0
5.62933	0	-12.8884	9.7798e-12	-1.64941	0	-10.1991	0	-0.479208	0	-17.1753	5.41005e-08	-7.74052	0	-18.0196	2.2806e-07	-0.924882	0	-0.591727	0	-0.924925	0	-0.6662	0	-0.92493	0	-1.30425	0	-16.7189	2.40586e-08	-10.5579	0	-8.8335	0	-0.924607	0	-12.1487	1.65754e-12	-1.48887	0	-3.52888	0	-16.3872	1.31845e-08	-0.703897	0	-0.878348	0	-1.58807	0
5.62552	0	-12.8816	9.62888e-12	-1.64866	0	-10.1978	0	-0.479212	0	-17.1658	5.32068e-08	-7.74052	0	-18.0047	2.22402e-07	-0.924882	0	-0.591738	0	-0.924925	0	-0.664034	0	-0.92493	0	-1.304	0	-16.6978	2.31583e-08	-10.5512	0	-8.8322	0	-0.92461	0	-12.1322	1.59335e-12	-1.48331	0	-3.52517	0	-16.3743	1.28751e-08	-0.703897	0	-0.878348	0	-1.58807	0
5.62524	0	-12.8619	9.20083e-12	-1.64597	0	-10.1912	0	-0.479214	0	-17.1559	5.23007e-08	-7.73997	0	-17.9874	2.16109e-07	-0.924882	0	-0.591745	0	-0.924925	0	-0.66195	0	-0.92493	0	-1.30114	0	-16.6877	2.2738e-08	-10.5475	0	-8.82885	0	-0.924612	0	-12.1109	1.51271e-12	-1.47599	0	-3.52311	0	-16.3656	1.26694e-08	-0.703897	0	-0.878348	0	-1.58194	0
5.62263	0	-12.8499	8.94485e-12	-1.64327	0	-10.1879	0	-0.479215	0	-17.1447	5.1286e-08	-7.73997	0	-17.9731	2.11026e-07	-0.924882	0	-0.591748	0	-0.924925	0	-0.655888	0	-0.92493	0	-1.29464	0	-16.6629	2.1746e-08	-10.5475	0	-8.82634	0	-0.924613	0	-12.0941	1.45215e-12	-1.47547	0	-3.51523	0	-16.3591	1.25196e-08	-0.703897	0	-0.878348	0	-1.57178	0
5.61564	0	-12.8398	8.73318e-12	-1.64195	0	-10.1819	0	-0.479219	0	-17.1251	4.95586e-08	-7.73454	0	-17.9587	2.06011e-07	-0.924882	0	-0.591753	0	-0.924925	0	-0.654319	0	-0.92493	0	-1.29138	0	-16.6573	2.15315e-08	-10.5406	0	-8.82634	0	-0.924615	0	-12.0675	1.36036e-12	-1.47311	0	-3.51233	0	-16.3524	1.23679e-08	-0.703897	0	-0.878349	0	-1.56825	0
5.61096	0	-12.8288	8.51051e-12	-1.64089	0	-10.1783	0	-0.479221	0	-17.1158	4.87631e-08	-7.72843	0	-17.9397	1.99581e-07	-0.924882	0	-0.591757	0	-0.924925	0	-0.651685	0	-0.92493	0	-1.28894	0	-16.6471	2.11314e-08	-10.5379	0	-8.82223	0	-0.924617	0	-12.0476	1.29501e-12	-1.46933	0	-3.50947	0	-16.3441	1.21813e-08	-0.703897	0	-0.878349	0	-1.56136	0
5.61096	0	-12.8216	8.36638e-12	-1.63978	0	-10.1783	0	-0.479222	0	-17.0951	4.70243e-08	-7.72614	0	-17.9307	1.9657e-07	-0.924883	0	-0.591765	0	-0.924925	0	-0.651685	0	-0.92493	0	-1.28574	0	-16.6278	2.041e-08	-10.5358	0	-8.81882	0	-0.924622	0	-12.0331	1.24953e-12	-1.46933	0	-3.50123	0	-16.3359	1.20002e-08	-0.703897	0	-0.878349	0	-1.56136	0
5.60938	0	-12.8155	8.24475e-12	-1.63614	0	-10.1769	0	-0.479225	0	-17.0757	4.54489e-08	-7.72254	0	-17.9182	1.9251e-07	-0.924883	0	-0.591778	0	-0.924925	0	-0.644851	0	-0.92493	0	-1.28574	0	-16.6056	1.96266e-08	-10.531	0	-8.81464	0	-0.924624	0	-12.0194	1.20764e-12	-1.46455	0	-3.50123	0	-16.3271	1.18076e-08	-0.703897	0	-0.878349	0	-1.5608	0
5.60912	0	-12.7997	7.94383e-12	-1.63264	0	-10.1745	0	-0.479226	0	-17.0708	4.50558e-08	-7.7188	0	-17.8951	1.85239e-07	-0.924883	0	-0.591784	0	-0.924925	0	-0.641648	0	-0.92493	0	-1.27886	0	-16.587	1.89832e-08	-10.5241	0	-8.81362	0	-0.924625	0	-12.003	1.15938e-12	-1.45938	0	-3.49636	0	-16.3198	1.16511e-08	-0.703897	0	-0.878349	0	-1.55725	0
5.60719	0	-12.7881	7.72953e-12	-1.62873	0	-10.1736	0	-0.479227	0	-17.0587	4.41079e-08	-7.71644	0	-17.8889	1.83309e-07	-0.924883	0	-0.59179	0	-0.924925	0	-0.641648	0	-0.92493	0	-1.272	0	-16.5666	1.83009e-08	-10.5192	0	-8.80847	0	-0.924626	0	-11.9964	1.13997e-12	-1.45402	0	-3.48878	0	-16.3093	1.14299e-08	-0.703897	0	-0.878349	0	-1.54528	0
5.60557	0	-12.7736	7.47096e-12	-1.62873	0	-10.1691	0	-0.479231	0	-17.0487	4.33356e-08	-7.71314	0	-17.8791	1.80335e-07	-0.924883	0	-0.591794	0	-0.924925	0	-0.641648	0	-0.92493	0	-1.26468	0	-16.5519	1.78241e-08	-10.5192	0	-8.80381	0	-0.924627	0	-11.9812	1.09736e-12	-1.44846	0	-3.48558	0	-16.3013	1.12643e-08	-0.703897	0	-0.878349	0	-1.54528	0
5.60476	0	-12.771	7.42627e-12	-1.62551	0	-10.1672	0	-0.479233	0	-17.0346	4.22667e-08	-7.71135	0	-17.8689	1.77256e-07	-0.924883	0	-0.591796	0	-0.924925	0	-0.637569	0	-0.92493	0	-1.26196	0	-16.5416	1.74967e-08	-10.518	0	-8.80075	0	-0.924627	0	-11.9685	1.06286e-12	-1.44714	0	-3.48174	0	-16.2879	1.09905e-08	-0.703897	0	-0.878349	0	-1.54234	0
5.59921	0	-12.7655	7.32957e-12	-1.61911	0	-10.1602	0	-0.479236	0	-17.0175	4.10089e-08	-7.70982	0	-17.8599	1.74606e-07	-0.924883	0	-0.591797	0	-0.924925	0	-0.638818	0	-0.92493	0	-1.26143	0	-16.5218	1.6882e-08	-10.5178	0	-8.79754	0	-0.924627	0	-11.9508	1.01714e-12	-1.44418	0	-3.47759	0	-16.2722	1.06785e-08	-0.703897	0	-0.878349	0	-1.54083	0
5.59852	0	-12.7604	7.24059e-12	-1.61892	0	-10.1501	0	-0.479237	0	-17.0042	4.0058e-08	-7.70491	0	-17.852	1.72278e-07	-0.924884	0	-0.591798	0	-0.924925	0	-0.638818	0	-0.92493	0	-1.25875	0	-16.5073	1.64461e-08	-10.514	0	-8.79461	0	-0.924628	0	-11.942	0	-1.43958	0	-3.47163	0	-16.2578	1.03979e-08	-0.703897	0	-0.878349	0	-1.54083	0
5.59709	0	-12.7536	7.12683e-12	-1.61452	0	-10.1394	0	-0.479238	0	-16.9918	3.91953e-08	-7.69942	0	-17.8473	1.70921e-07	-0.924884	0	-0.5918	0	-0.924925	0	-0.637502	0	-0.92493	0	-1.2581	0	-16.4804	1.5662e-08	-10.5116	0	-8.79461	0	-0.924628	0	-11.9213	0	-1.43699	0	-3.46433	0	-16.2332	9.93608e-09	-0.703897	0	-0.878349	0	-1.53378	0
5.5957	0	-12.7456	6.99691e-12	-1.60757	0	-10.1394	0	-0.479238	0	-16.9708	3.77624e-08	-7.69751	0	-17.841	1.69132e-07	-0.924884	0	-0.591802	0	-0.924925	0	-0.634957	0	-0.92493	0	-1.2553	0	-16.4579	1.50286e-08	-10.5068	0	-8.79411	0	-0.924628	0	-11.9018	0	-1.43571	0	-3.46013	0	-16.2255	9.79539e-09	-0.703897	0	-0.878349	0	-1.52081	0
5.5937	0	-12.7249	6.66475e-12	-1.60718	0	-10.1358	0	-0.47924	0	-16.9579	3.69089e-08	-7.69577	0	-17.8239	1.64338e-07	-0.924884	0	-0.591803	0	-0.924925	0	-0.631906	0	-0.92493	0	-1.2553	0	-16.4443	1.46617e-08	-10.5068	0	-8.79152	0	-0.924628	0	-11.8804	0	-1.42923	0	-3.45904	0	-16.2089	9.50269e-09	-0.703897	0	-0.878349	0	-1.52014	0
5.592	0	-12.7172	6.54712e-12	-1.60415	0	-10.1265	0	-0.479241	0	-16.943	3.59486e-08	-7.69111	0	-17.8062	1.59461e-07	-0.924884	0	-0.591809	0	-0.924925	0	-0.62789	0	-0.92493	0	-1.24892	0	-16.4273	1.42094e-08	-10.5068	0	-8.78756	0	-0.924629	0	-11.8575	0	-1.42661	0	-3.45416	0	-16.1973	9.30151e-09	-0.703897	0	-0.878349	0	-1.51569	0
5.58853	0	-12.7012	6.30819e-12	-1.60415	0	-10.1135	0	-0.479243	0	-16.9291	3.50681e-08	-7.68892	0	-17.792	1.55675e-07	-0.924884	0	-0.591824	0	-0.924925	0	-0.627633	0	-0.92493	0	-1.24024	0	-16.4144	1.38777e-08	-10.5067	0	-8.78692	0	-0.92463	0	-11.8334	0	-1.4207	0	-3.45321	0	-16.1866	9.11859e-09	-0.703897	0	-0.878349	0	-1.51467	0
5.58643	0	-12.6885	6.11944e-12	-1.60236	0	-10.111	0	-0.479248	0	-16.9151	3.42065e-08	-7.68892	0	-17.777	1.51756e-07	-0.924884	0	-0.591829	0	-0.924925	0	-0.623785	0	-0.92493	0	-1.23795	0	-16.4052	1.36464e-08	-10.5035	0	-8.78433	0	-0.924631	0	-11.7989	0	-1.41694	0	-3.44619	0	-16.1774	8.96455e-09	-0.703897	0	-0.878349	0	-1.50472	0
5.58211	0	-12.676	5.94126e-12	-1.60025	0	-10.1066	0	-0.479256	0	-16.9	3.32984e-08	-7.68598	0	-17.768	1.49492e-07	-0.924884	0	-0.591834	0	-0.924925	0	-0.621718	0	-0.92493	0	-1.23426	0	-16.381	1.30544e-08	-10.5035	0	-8.78433	0	-0.924632	0	-11.7817	0	-1.41249	0	-3.44296	0	-16.1677	8.80528e-09	-0.703897	0	-0.878349	0	-1.49969	0
5.57934	0	-12.6612	5.73996e-12	-1.59818	0	-10.1063	0	-0.479268	0	-16.8957	3.30414e-08	-7.68598	0	-17.761	1.47712e-07	-0.924885	0	-0.591859	0	-0.924925	0	-0.621793	0	-0.92493	0	-1.22973	0	-16.3665	1.27118e-08	-10.4996	0	-8.78433	0	-0.924633	0	-11.7622	0	-1.40006	0	-3.43662	0	-16.1555	8.60817e-09	-0.703897	0	-0.878349	0	-1.49648	0
5.57794	0	-12.65	5.59086e-12	-1.59651	0	-10.1063	0	-0.479272	0	-16.8878	3.25773e-08	-7.68485	0	-17.7536	1.45916e-07	-0.924885	0	-0.591888	0	-0.924925	0	-0.616713	0	-0.92493	0	-1.22566	0	-16.356	1.24671e-08	-10.4961	0	-8.78201	0	-0.924636	0	-11.7343	0	-1.40006	0	-3.43361	0	-16.1475	8.4808e-09	-0.703897	0	-0.878349	0	-1.49511	0
5.57551	0	-12.6356	5.40183e-12	-1.59211	0	-10.1023	0	-0.479277	0	-16.8806	3.21647e-08	-7.68464	0	-17.742	1.43095e-07	-0.924885	0	-0.591898	0	-0.924925	0	-0.61472	0	-0.92493	0	-1.22454	0	-16.3491	1.23097e-08	-10.4961	0	-8.78018	0	-0.924639	0	-11.723	0	-1.40006	0	-3.42677	0	-16.1386	8.34115e-09	-0.703897	0	-0.878349	0	-1.48919	0
5.55394	0	-12.6089	5.07218e-12	-1.59211	0	-10.0972	0	-0.479284	0	-16.8633	3.11921e-08	-7.68376	0	-17.7291	1.40039e-07	-0.924885	0	-0.591907	0	-0.924925	0	-0.610555	0	-0.92493	0	-1.22227	0	-16.3415	1.21378e-08	-10.4961	0	-8.77979	0	-0.92464	0	-11.7038	0	-1.39323	0	-3.42558	0	-16.1315	8.23144e-09	-0.703897	0	-0.878349	0	-1.48919	0
5.54685	0	-12.5857	4.80098e-12	-1.5894	0	-10.0933	0	-0.47929	0	-16.8565	3.0814e-08	-7.68348	0	-17.7217	1.38289e-07	-0.924885	0	-0.591926	0	-0.924925	0	-0.609407	0	-0.92493	0	-1.22009	0	-16.3329	1.19457e-08	-10.4959	0	-8.77831	0	-0.924641	0	-11.6875	0	-1.38326	0	-3.4203	0	-16.1205	8.06515e-09	-0.703897	0	-0.878349	0	-1.48919	0
5.54499	0	-12.5693	4.61877e-12	-1.58723	0	-10.0783	0	-0.479293	0	-16.847	3.02974e-08	-7.68195	0	-17.701	1.33546e-07	-0.924885	0	-0.591939	0	-0.924925	0	-0.607936	0	-0.92493	0	-1.21621	0	-16.3252	1.17758e-08	-10.4957	0	-8.77771	0	-0.924642	0	-11.6707	0	-1.37473	0	-3.41082	0	-16.1136	7.96334e-09	-0.703897	0	-0.878349	0	-1.48835	0
5.54398	0	-12.5493	4.40368e-12	-1.58579	0	-10.0745	0	-0.479298	0	-16.8345	2.9634e-08	-7.68174	0	-17.6989	1.33061e-07	-0.924885	0	-0.591944	0	-0.924925	0	-0.606218	0	-0.92493	0	-1.20874	0	-16.3148	1.15536e-08	-10.4955	0	-8.77412	0	-0.924642	0	-11.6594	0	-1.36599	0	-3.4029	0	-16.1001	7.76568e-09	-0.703897	0	-0.878349	0	-1.48509	0
5.53911	0	-12.5327	4.23258e-12	-1.58528	0	-10.0664	0	-0.479303	0	-16.8238	2.90727e-08	-7.68078	0	-17.6843	1.29824e-07	-0.924885	0	-0.591953	0	-0.924925	0	-0.604924	0	-0.92493	0	-1.20641	0	-16.3078	1.14029e-08	-10.4942	0	-8.7715	0	-0.924643	0	-11.6502	0	-1.36365	0	-3.39104	0	-16.0848	7.54903e-09	-0.703897	0	-0.878349	0	-1.48357	0
5.53258	0	-12.5268	4.17461e-12	-1.58414	0	-10.0605	0	-0.479304	0	-16.8056	2.81474e-08	-7.68051	0	-17.6507	1.22665e-07	-0.924885	0	-0.59196	0	-0.924925	0	-0.604801	0	-0.92493	0	-1.20332	0	-16.3011	1.12659e-08	-10.4861	0	-8.76914	0	-0.924643	0	-11.6304	0	-1.34312	0	-3.38636	0	-16.0754	7.41739e-09	-0.703897	0	-0.878349	0	-1.48076	0
5.52533	0	-12.5148	4.05811e-12	-1.58168	0	-10.0564	0	-0.479305	0	-16.7914	2.74369e-08	-7.67986	0	-17.6305	1.18543e-07	-0.924885	0	-0.591968	0	-0.924925	0	-0.601313	0	-0.92493	0	-1.20185	0	-16.2932	1.11028e-08	-10.4859	0	-8.76769	0	-0.924644	0	-11.6193	0	-1.34184	0	-3.38474	0	-16.0676	7.30948e-09	-0.703897	0	-0.878349	0	-1.46753	0
5.52223	0	-12.4976	3.89648e-12	-1.56821	0	-10.0556	0	-0.479309	0	-16.7773	2.67551e-08	-7.67856	0	-17.6225	1.16948e-07	-0.924885	0	-0.591984	0	-0.924925	0	-0.601313	0	-0.92493	0	-1.20185	0	-16.2806	1.08536e-08	-10.4819	0	-8.76623	0	-0.924644	0	-11.6057	0	-1.33998	0	-3.37337	0	-16.0624	7.23741e-09	-0.703897	0	-0.878349	0	-1.45453	0
5.51719	0	-12.4811	3.74533e-12	-1.56641	0	-10.0519	0	-0.47931	0	-16.7515	2.55529e-08	-7.67804	0	-17.6073	1.13961e-07	-0.924885	0	-0.59199	0	-0.924925	0	-0.600588	0	-0.92493	0	-1.19615	0	-16.2689	1.06203e-08	-10.4761	0	-8.76451	0	-0.924645	0	-11.5807	0	-1.33751	0	-3.37337	0	-16.0507	7.07838e-09	-0.703897	0	-0.878349	0	-1.45453	0
5.50833	0	-12.4657	3.60921e-12	-1.56587	0	-10.0502	0	-0.479311	0	-16.7361	2.48566e-08	-7.67683	0	-17.5891	1.10473e-07	-0.924885	0	-0.591994	0	-0.924925	0	-0.596936	0	-0.92493	0	-1.19615	0	-16.2514	1.02821e-08	-10.4643	0	-8.76366	0	-0.924645	0	-11.5654	0	-1.33236	0	-3.37249	0	-16.0419	6.96267e-09	-0.703897	0	-0.878349	0	-1.45453	0
5.49961	0	-12.4609	3.56787e-12	-1.56383	0	-10.0452	0	-0.479312	0	-16.7241	2.43262e-08	-7.6757	0	-17.5814	1.09017e-07	-0.924885	0	-0.591999	0	-0.924925	0	-0.595566	0	-0.92493	0	-1.19308	0	-16.2336	9.95293e-09	-10.4608	0	-8.76291	0	-0.924645	0	-11.5503	0	-1.32885	0	-3.36651	0	-16.0267	6.76812e-09	-0.703897	0	-0.878349	0	-1.45453	0
5.49574	0	-12.4441	3.42667e-12	-1.56066	0	-10.0452	0	-0.479313	0	-16.7063	2.35639e-08	-7.6757	0	-17.5692	1.06775e-07	-0.924885	0	-0.592003	0	-0.924925	0	-0.594531	0	-0.92493	0	-1.1916	0	-16.2195	9.69839e-09	-10.4606	0	-8.76245	0	-0.924646	0	-11.5422	0	-1.32742	0	-3.36236	0	-16.0085	6.53988e-09	-0.703897	0	-0.878349	0	-1.45212	0
5.4713	0	-12.4225	3.25309e-12	-1.55861	0	-10.0435	0	-0.479314	0	-16.6944	2.30682e-08	-7.67484	0	-17.5544	1.04103e-07	-0.924885	0	-0.592015	0	-0.924925	0	-0.594277	0	-0.92493	0	-1.19069	0	-16.2099	9.52708e-09	-10.4538	0	-8.76162	0	-0.924646	0	-11.5241	0	-1.32386	0	-3.35901	0	-15.9979	6.41169e-09	-0.703897	0	-0.878349	0	-1.44843	0
5.4457	0	-12.4031	3.10438e-12	-1.55826	0	-10.039	0	-0.479316	0	-16.6579	2.16058e-08	-7.67322	0	-17.5428	1.02071e-07	-0.924885	0	-0.592022	0	-0.924925	0	-0.590117	0	-0.92493	0	-1.18929	0	-16.1888	9.16106e-09	-10.4515	0	-8.76074	0	-0.924646	0	-11.5128	0	-1.32252	0	-3.35043	0	-15.9822	6.22781e-09	-0.703897	0	-0.878349	0	-1.44389	0
5.4419	0	-12.3814	2.94556e-12	-1.55692	0	-10.0363	0	-0.479318	0	-16.6325	2.06411e-08	-7.67285	0	-17.5314	1.00093e-07	-0.924885	0	-0.592025	0	-0.924925	0	-0.585506	0	-0.92493	0	-1.18929	0	-16.163	8.73204e-09	-10.4441	0	-8.75999	0	-0.924646	0	-11.5008	0	-1.31804	0	-3.35043	0	-15.9588	5.96176e-09	-0.703897	0	-0.878349	0	-1.4431	0
5.43128	0	-12.3602	2.79797e-12	-1.55165	0	-10.0318	0	-0.479319	0	-16.6012	1.95051e-08	-7.67013	0	-17.5144	9.72432e-08	-0.924885	0	-0.59203	0	-0.924925	0	-0.582226	0	-0.92493	0	-1.18505	0	-16.142	8.39818e-09	-10.4441	0	-8.75931	0	-0.924646	0	-11.4863	0	-1.31114	0	-3.35043	0	-15.9482	5.84455e-09	-0.703897	0	-0.878349	0	-1.44244	0
5.43128	0	-12.3437	2.6871e-12	-1.55087	0	-10.0239	0	-0.479322	0	-16.5795	1.87532e-08	-7.66855	0	-17.5056	9.5806e-08	-0.924885	0	-0.592037	0	-0.924925	0	-0.578673	0	-0.92493	0	-1.18505	0	-16.1205	8.06988e-09	-10.4402	0	-8.75641	0	-0.924647	0	-11.4687	0	-1.30882	0	-3.34753	0	-15.9303	5.65174e-09	-0.703897	0	-0.878349	0	-1.44169	0
5.43119	0	-12.3292	2.59329e-12	-1.54842	0	-10.0189	0	-0.479323	0	-16.571	1.84668e-08	-7.66662	0	-17.4823	9.20525e-08	-0.924886	0	-0.592039	0	-0.924925	0	-0.574668	0	-0.92493	0	-1.18484	0	-16.1067	7.86284e-09	-10.438	0	-8.75568	0	-0.924648	0	-11.4615	0	-1.30514	0	-3.34666	0	-15.9113	5.45312e-09	-0.703897	0	-0.878349	0	-1.43955	0
5.42621	0	-12.3206	2.53909e-12	-1.54842	0	-10.0136	0	-0.479324	0	-16.5554	1.79514e-08	-7.66662	0	-17.4551	8.78677e-08	-0.924886	0	-0.592043	0	-0.924925	0	-0.5714	0	-0.92493	0	-1.18029	0	-16.09	7.62218e-09	-10.4363	0	-8.75313	0	-0.924648	0	-11.4493	0	-1.30389	0	-3.34522	0	-15.8997	5.33423e-09	-0.703897	0	-0.878349	0	-1.4382	0
5.42621	0	-12.293	2.37435e-12	-1.54784	0	-9.99994	0	-0.479328	0	-16.5432	1.7556e-08	-7.66478	0	-17.4482	8.68299e-08	-0.924886	0	-0.592047	0	-0.924925	0	-0.565271	0	-0.92493	0	-1.17435	0	-16.0759	7.42513e-09	-10.4331	0	-8.74997	0	-0.924648	0	-11.433	0	-1.30008	0	-3.33864	0	-15.8619	4.96808e-09	-0.703897	0	-0.878349	0	-1.43708	0
5.42174	0	-12.2759	2.27776e-12	-1.54711	0	-9.99846	0	-0.479331	0	-16.5232	1.69313e-08	-7.66208	0	-17.4273	8.37771e-08	-0.924886	0	-0.59205	0	-0.924925	0	-0.561672	0	-0.92493	0	-1.1696	0	-16.0531	7.11584e-09	-10.4299	0	-8.74997	0	-0.924648	0	-11.426	0	-1.29067	0	-3.33428	0	-15.8241	4.62415e-09	-0.703897	0	-0.878349	0	-1.43499	0
5.41962	0	-12.2573	2.17592e-12	-1.54652	0	-9.99793	0	-0.479339	0	-16.5137	1.66397e-08	-7.65947	0	-17.4191	8.25977e-08	-0.924886	0	-0.592051	0	-0.924925	0	-0.558865	0	-0.92493	0	-1.1677	0	-16.0416	6.96158e-09	-10.4266	0	-8.74317	0	-0.924649	0	-11.4162	0	-1.28824	0	-3.33137	0	-15.803	4.44205e-09	-0.703897	0	-0.878349	0	-1.43353	0
5.41867	0	-12.2433	2.1027e-12	-1.54587	0	-9.99682	0	-0.479345	0	-16.5003	1.62422e-08	-7.65781	0	-17.4029	8.03225e-08	-0.924886	0	-0.592051	0	-0.924925	0	-0.554959	0	-0.92493	0	-1.16654	0	-16.0105	6.56851e-09	-10.4239	0	-8.74035	0	-0.92465	0	-11.3989	0	-1.28392	0	-3.32623	0	-15.7864	4.30389e-09	-0.703897	0	-0.878349	0	-1.43049	0
5.41252	0	-12.2289	2.02999e-12	-1.54073	0	-9.99491	0	-0.47935	0	-16.4884	1.5892e-08	-7.65455	0	-17.375	7.6559e-08	-0.924886	0	-0.592052	0	-0.924925	0	-0.549008	0	-0.92493	0	-1.16241	0	-15.9781	6.18009e-09	-10.4226	0	-8.73934	0	-0.92465	0	-11.3814	0	-1.27914	0	-3.32623	0	-15.776	4.2193e-09	-0.703897	0	-0.878349	0	-1.42971	0
5.41252	0	-12.2079	1.9275e-12	-1.54073	0	-9.99174	0	-0.479353	0	-16.4804	1.56603e-08	-7.65216	0	-17.3561	7.40993e-08	-0.924886	0	-0.592053	0	-0.924925	0	-0.543714	0	-0.92493	0	-1.1586	0	-15.9636	6.01276e-09	-10.4207	0	-8.73685	0	-0.92465	0	-11.3603	0	-1.27362	0	-3.32403	0	-15.7637	4.12051e-09	-0.703897	0	-0.878349	0	-1.42815	0
5.41252	0	-12.1965	1.87429e-12	-1.54073	0	-9.98529	0	-0.479356	0	-16.4706	1.53837e-08	-7.64984	0	-17.3372	7.17192e-08	-0.924886	0	-0.592053	0	-0.924925	0	-0.545285	0	-0.92493	0	-1.1586	0	-15.9552	5.91788e-09	-10.4194	0	-8.7336	0	-0.924651	0	-11.3548	0	-1.27032	0	-3.32115	0	-15.741	3.9451e-09	-0.703897	0	-0.878349	0	-1.42568	0
5.41097	0	-12.187	1.83094e-12	-1.53674	0	-9.98444	0	-0.479358	0	-16.4602	1.50933e-08	-7.64739	0	-17.3267	7.04244e-08	-0.924886	0	-0.592056	0	-0.924925	0	-0.545285	0	-0.92493	0	-1.15569	0	-15.9391	5.74034e-09	-10.4155	0	-8.73087	0	-0.924652	0	-11.3529	0	-1.26673	0	-3.32115	0	-15.7299	3.86353e-09	-0.703897	0	-0.878349	0	-1.42458	0
5.40733	0	-12.1746	1.77628e-12	-1.53339	0	-9.98258	0	-0.479364	0	-16.441	1.457e-08	-7.6414	0	-17.3048	6.78021e-08	-0.924886	0	-0.592059	0	-0.924925	0	-0.541063	0	-0.92493	0	-1.15424	0	-15.9311	5.6526e-09	-10.4116	0	-8.72814	0	-0.924653	0	-11.338	0	-1.261	0	-3.31985	0	-15.7201	3.79229e-09	-0.703897	0	-0.878349	0	-1.41948	0
5.40532	0	-12.1667	1.74188e-12	-1.53335	0	-9.98035	0	-0.479378	0	-16.4302	1.42823e-08	-7.64104	0	-17.2806	6.50218e-08	-0.924886	0	-0.592067	0	-0.924925	0	-0.538874	0	-0.92493	0	-1.15424	0	-15.9134	5.46653e-09	-10.4034	0	-8.7274	0	-0.924653	0	-11.3309	0	-1.26047	0	-3.31985	0	-15.7065	3.69367e-09	-0.703897	0	-0.878349	0	-1.41948	0
5.40485	0	-12.1527	1.68249e-12	-1.53335	0	-9.97722	0	-0.479399	0	-16.4209	1.40411e-08	-7.63885	0	-17.2551	6.21983e-08	-0.924886	0	-0.592072	0	-0.924925	0	-0.538874	0	-0.92493	0	-1.15372	0	-15.8984	5.313e-09	-10.3938	0	-8.72563	0	-0.924654	0	-11.3295	0	-1.25851	0	-3.31672	0	-15.6861	3.55081e-09	-0.703897	0	-0.878349	0	-1.41703	0
5.39982	0	-12.1349	1.61011e-12	-1.53103	0	-9.97459	0	-0.479412	0	-16.4135	1.38515e-08	-7.63526	0	-17.2391	6.04786e-08	-0.924886	0	-0.592081	0	-0.924925	0	-0.530235	0	-0.92493	0	-1.14959	0	-15.8839	5.17091e-09	-10.3878	0	-8.72433	0	-0.924654	0	-11.3243	0	-1.25708	0	-3.31561	0	-15.6639	3.40176e-09	-0.703897	0	-0.878349	0	-1.41093	0
5.39727	0	-12.1349	1.61011e-12	-1.53103	0	-9.97459	0	-0.479421	0	-16.4126	1.38279e-08	-7.63445	0	-17.2391	6.04786e-08	-0.924886	0	-0.592082	0	-0.924925	0	-0.530235	0	-0.92493	0	-1.14959	0	-15.8835	5.16766e-09	-10.3878	0	-8.72433	0	-0.924654	0	-11.3243	0	-1.25708	0	-3.31561	0	-15.6639	3.40176e-09	-0.703897	0	-0.878349	0	-1.41093	0
5.39627	0	-12.1525	0.000184102	-1.58376	0.000190565	-10.0039	0.000194477	-0.479424	0	-16.477	0.000191082	-7.6989	0.000198791	-17.2743	0.000187061	-1.04207	0.000186395	-0.644816	0.000189524	-1.04211	0.000186818	-0.541954	0.000185618	-1.04212	0.000186718	-1.16131	0.000190316	-15.9538	0.000172733	-10.4405	0.000189308	-8.78878	0.000199464	-0.936373	0.000164746	-11.377	0.000169801	-1.2688	0.000175266	-3.3742	0.000190455	-15.7577	0.000185882	-0.756632	0.000183256	-0.931083	0.000180729	-1.46952	0.000163443
5.39522	0	-12.2785	0.000192248	-1.61599	0.000199902	-10.0976	0.000193293	-0.479426	0	-16.6059	0.000195037	-7.82195	0.000197929	-17.3534	0.000186202	-1.1827	0.000199278	-0.747355	0.000186617	-1.20618	0.000199634	-0.57711	0.000196475	-1.20618	0.000199806	-1.28436	0.000199917	-16.0447	0.000199983	-10.5284	0.000199929	-8.88253	0.000197465	-1.00669	0.000179397	-11.4737	0.000198627	-1.38013	0.000195913	-3.4533	0.000199504	-15.9305	0.000194278	-0.844522	0.000199536	-1.01311	0.000199292	-1.49882	0.000195454
5.39284	0	-12.3605	0.000193813	-1.65261	0.000195817	-10.1767	0.000188987	-0.479427	0	-16.7085	0.000194955	-7.9157	0.000199814	-17.4325	0.000195442	-1.30868	0.000198767	-0.791301	0.000199948	-1.3175	0.000188812	-0.685508	0.000195747	-1.31751	0.000189084	-1.35467	0.000197568	-16.0915	0.000199119	-10.59	0.000187336	-8.96163	0.000197039	-1.10044	0.000198468	-11.5587	0.000197694	-1.45923	0.000197999	-3.48113	0.000199699	-16.0067	0.000199208	-0.895792	0.00019946	-1.08343	0.000198131	-1.59257	0.000197379
5.392	0	-12.4161	0.000187961	-1.68777	0.000197744	-10.2178	0.00019672	-0.479429	0	-16.7465	0.000199717	-7.99773	0.000198726	-17.4618	0.000198599	-1.40536	0.000195556	-0.830851	0.000199784	-1.41125	0.000195098	-0.785118	0.000199348	-1.41126	0.000195386	-1.39569	0.000192708	-16.1091	0.000198705	-10.6456	0.000199316	-9.04073	0.000199664	-1.24106	0.000196377	-11.6202	0.000199276	-1.5354	0.000188115	-3.51043	0.00019938	-16.077	0.00018637	-0.9163	0.00019885	-1.10979	0.000192636	-1.63651	0.000199851
5.39031	0	-12.4806	0.00019805	-1.7156	0.000197118	-10.2529	0.00019855	-0.479433	0	-16.7744	0.000199096	-8.06512	0.000199898	-17.4911	0.000199789	-1.48446	0.000191635	-0.873332	0.000199175	-1.48743	0.000173713	-0.820274	0.000197536	-1.48743	0.000173896	-1.42498	0.00019731	-16.1472	0.000195206	-10.6852	0.000199757	-9.08175	0.00019557	-1.31137	0.000183377	-11.6847	0.000198219	-1.58814	0.000193629	-3.52508	0.0001994	-16.1327	0.000191708	-0.928019	0.000198941	-1.14202	0.000199895	-1.67753	0.000196744
5.39031	0	-12.548	0.000194279	-1.74343	0.000199344	-10.2866	0.000197796	-0.479435	0	-16.8037	0.000195924	-8.13836	0.00019918	-17.5145	0.000199162	-1.52401	0.000199455	-0.911418	0.000197701	-1.52551	0.000198538	-0.862754	0.000197096	-1.52552	0.000198709	-1.45575	0.000195283	-16.1794	0.000199089	-10.7233	0.000199547	-9.11544	0.000199859	-1.38169	0.000199352	-11.7462	0.00019154	-1.64234	0.000197285	-3.55145	0.00019998	-16.1854	0.000192568	-0.94047	0.000199784	-1.16985	0.00019983	-1.71269	0.000196965
5.39031	0	-12.5802	0.00019786	-1.76833	0.000199608	-10.3188	0.000199834	-0.479436	0	-16.8359	0.000199975	-8.20281	0.000198774	-17.5453	0.000198977	-1.55916	0.000199434	-0.948039	0.000197518	-1.56067	0.000198884	-0.897911	0.000196625	-1.56067	0.000199009	-1.48797	0.000199681	-16.2073	0.000196523	-10.7526	0.000198208	-9.14327	0.000199358	-1.43149	0.000199927	-11.7857	0.000198768	-1.67749	0.00019725	-3.56317	0.000199512	-16.2118	0.000199743	-0.948526	0.000199943	-1.18963	0.000199666	-1.74491	0.000199873
5.39031	0	-12.6124	0.000199841	-1.7947	0.000198774	-10.354	0.000199967	-0.479438	0	-16.8623	0.000199867	-8.25555	0.000184215	-17.5804	0.000199566	-1.58993	0.000199868	-0.98466	0.000199585	-1.59289	0.000199757	-0.930137	0.000198351	-1.5929	0.000199823	-1.51873	0.00019896	-16.2351	0.00019596	-10.7833	0.000199738	-9.16525	0.000198249	-1.45932	0.000197547	-11.8224	0.000199639	-1.70679	0.000199098	-3.57708	0.000199818	-16.2586	0.000199466	-0.957315	0.000199381	-1.20428	0.000199611	-1.77567	0.000199464
5.26726	0.000176369	-12.6373	0.000199903	-1.81521	0.000199357	-10.3818	0.000195863	-0.479439	0	-16.8901	0.000199567	-8.31121	0.000194373	-17.6097	0.00019989	-1.62508	0.00019991	-1.01982	0.00019678	-1.62659	0.000199767	-0.962364	0.000198537	-1.62659	0.000199805	-1.54803	0.00019838	-16.2534	0.000199113	-10.8097	0.000198456	-9.19015	0.000199458	-1.48715	0.000199407	-11.8443	0.000197238	-1.73902	0.000199635	-3.591	0.000199913	-16.2879	0.000198685	-0.965372	0.000199544	-1.2138	0.000199096	-1.80351	0.000198675
5.18816	0.000197949	-12.1344	1.60831e-12	-1.53367	0	-9.97656	0	-0.479441	0	-16.4113	1.37969e-08	-7.63151	0	-17.2374	6.03054e-08	-0.924886	0	-0.592086	0	-0.924925	0	-0.530779	0	-0.92493	0	-1.15048	0	-15.8831	5.1647e-09	-10.3832	0	-8.72527	0	-0.924655	0	-11.3251	0	-1.26039	0	-3.31723	0	-15.6609	3.38213e-09	-0.703898	0	-0.878349	0.0001	-1.41428	0
5.11784	0.000196784	-12.1344	1.60831e-12	-1.53367	0	-9.97656	0	-0.479442	0	-16.4113	1.37969e-08	-7.63151	0	-17.2492	0.00019571	-1.00692	0.000179377	-0.592086	0	-1.00696	0.000179023	-0.530779	0	-1.00696	0.000179162	-1.15048	0	-15.8949	0.000186888	-10.3832	0	-8.72527	0	-0.924655	0	-11.3251	0	-1.26039	0	-3.32895	0.000193646	-15.7195	0.000160338	-0.703898	0	-0.878349	0.0001	-1.41428	0
5.04753	0.000199629	-12.2663	0.000195063	-1.59958	0.00019968	-10.1465	0.000175216	-0.479442	0	-16.5871	0.000196723	-7.77213	0.000194071	-17.3253	0.000195101	-1.17684	0.000198072	-0.732711	0.000195153	-1.17102	0.000199564	-0.571794	0.000180181	-1.17102	0.000199729	-1.27939	0.000188139	-16.0296	0.000199595	-10.518	0.000198892	-8.86589	0.000179499	-0.994967	0.000176912	-11.4013	0.000170134	-1.37172	0.000190633	-3.43442	0.000189166	-15.8836	0.000191498	-0.832804	0.00019619	-1.01311	0.000199292	-1.54612	0.000195068
4.97722	0.000194253	-12.3454	0.000199161	-1.6406	0.000199416	-10.2461	0.000195422	-0.479443	0	-16.6779	0.000198237	-7.87467	0.000196913	-17.4249	0.000195053	-1.29696	0.000196252	-0.785446	0.000197729	-1.29993	0.000195433	-0.668474	0.000192995	-1.29993	0.00019571	-1.3204	0.000197853	-16.1029	0.000195959	-10.5912	0.00019587	-8.96257	0.000196778	-1.08872	0.000195666	-11.4686	0.000199959	-1.47426	0.000199871	-3.47251	0.000197627	-15.9524	0.000196673	-0.888468	0.000199557	-1.07757	0.000196782	-1.62522	0.000188579
4.92742	0.000191728	-12.3966	0.00019936	-1.67429	0.000196283	-10.3105	0.000197443	-0.479443	0	-16.6984	0.000190386	-7.94645	0.000199742	-17.5041	0.000198862	-1.38778	0.000184897	-0.824997	0.000197476	-1.39368	0.00018456	-0.756364	0.000199135	-1.39075	0.000184206	-1.39072	0.000197276	-16.138	0.000196951	-10.6586	0.000193613	-9.02995	0.000197036	-1.18247	0.000182685	-11.5653	0.000194429	-1.5475	0.000192286	-3.50327	0.000199201	-15.992	0.000198923	-0.911905	0.000199737	-1.10686	0.000191946	-1.67796	0.000198883
4.86296	0.000194684	-12.4318	0.000199045	-1.70505	0.000197263	-10.3867	0.00019972	-0.479444	0	-16.7512	0.00019262	-7.986	0.000199882	-17.5568	0.000185878	-1.47274	0.000199385	-0.867477	0.000197715	-1.47571	0.000198769	-0.829607	0.000195584	-1.47571	0.000199021	-1.42294	0.000199107	-16.1849	0.00019298	-10.7025	0.000196352	-9.07976	0.00019969	-1.30551	0.000199311	-11.6386	0.00018748	-1.60316	0.00019134	-3.5311	0.000198364	-16.0315	0.000199824	-0.926554	0.000199595	-1.13909	0.000199265	-1.71165	0.000199214
4.81902	0.000196207	-12.4626	0.000197111	-1.72702	0.000199791	-10.4336	0.000199583	-0.479444	0	-16.7848	0.000198005	-8.02262	0.000199889	-17.6022	0.000197871	-1.51815	0.000198179	-0.905563	0.000199719	-1.52112	0.000197558	-0.8882	0.000199049	-1.52112	0.000197752	-1.45663	0.000199852	-16.2318	0.000198404	-10.7304	0.000198708	-9.10612	0.000199657	-1.36997	0.000196684	-11.6913	0.000198546	-1.66762	0.000195554	-3.55454	0.00019946	-16.0652	0.000199483	-0.939005	0.000199361	-1.16839	0.000199503	-1.73802	0.000199246
5.39082	0	-12.4933	0.000199052	-1.74607	0.000199962	-10.4643	0.000199461	-0.479445	0	-16.8185	0.000199936	-8.05778	0.000199648	-17.6315	0.000198485	-1.55184	0.000197858	-0.942184	0.00019969	-1.55627	0.000197905	-0.952654	0.000196708	-1.55628	0.000198049	-1.4874	0.000199686	-16.2713	0.00019927	-10.7597	0.00019999	-9.12224	0.00019917	-1.42563	0.000198482	-11.7235	0.000196018	-1.72621	0.000198921	-3.57944	0.000199269	-16.0974	0.000195934	-0.947794	0.000199729	-1.18597	0.000199907	-1.76878	0.000199606
5.39082	0	-12.527	0.000199253	-1.77536	0.000199846	-10.4907	0.000199932	-0.479445	0	-16.8434	0.000197744	-8.09294	0.000198672	-17.6593	0.000199463	-1.587	0.00019925	-0.97734	0.000196657	-1.5885	0.000198788	-1.00832	0.000197589	-1.5885	0.000198877	-1.51523	0.000199966	-16.2933	0.00019776	-10.789	0.000199257	-9.13542	0.000199925	-1.45639	0.000196943	-11.7675	0.000199265	-1.7599	0.00019939	-3.60288	0.000196625	-16.1267	0.000199466	-0.955851	0.000198962	-1.20281	0.000199997	-1.79661	0.000199681
5.28535	0.000194378	-12.5607	0.000199115	-1.80173	0.000198639	-10.5127	0.000198656	-0.479446	0	-16.8727	0.000198176	-8.12809	0.000199081	-17.6901	0.00019854	-1.61922	0.000198635	-1.01396	0.000197461	-1.62219	0.000198793	-1.06105	0.000196505	-1.6222	0.00019886	-1.54892	0.000198944	-16.3094	0.000198494	-10.8182	0.000199561	-9.14934	0.000199727	-1.48276	0.000198518	-11.7982	0.000199609	-1.78773	0.000199813	-3.62485	0.000198537	-16.1546	0.000199606	-0.963907	0.000199121	-1.21233	0.000199835	-1.82151	0.00019893
5.20332	0.000185848	-12.1282	1.58399e-12	-1.53169	0	-9.97239	0	-0.479446	0	-16.4025	1.35777e-08	-7.63035	0	-17.2207	5.85621e-08	-0.924886	0	-0.592092	0	-0.924925	0	-0.525948	0	-0.92493	0	-1.14788	0	-15.8751	5.08744e-09	-10.386	0	-8.72487	0	-0.924655	0	-11.3227	0	-1.25231	0	-3.31405	0	-15.6443	3.27627e-09	-0.703898	0	-0.878349	0	-1.4078	0
5.10078	0.000196529	-12.1154	1.53443e-12	-1.53083	0	-9.95969	0	-0.479447	0	-16.3936	1.33574e-08	-7.62825	0	-17.2111	5.75984e-08	-0.924886	0	-0.592096	0	-0.924925	0	-0.52353	0	-0.92493	0	-1.14197	0	-15.8411	4.77052e-09	-10.3777	0	-8.72329	0	-0.924655	0	-11.3175	0	-1.25168	0	-3.31103	0	-15.6382	3.23785e-09	-0.703898	0	-0.878349	0	-1.40714	0
5.02461	0.000199352	-12.0971	1.46622e-12	-1.53051	0	-9.95403	0	-0.479447	0	-16.3811	1.30533e-08	-7.62493	0	-17.1939	5.58975e-08	-0.924886	0	-0.592099	0	-0.924925	0	-0.519867	0	-0.92493	0	-1.14053	0	-15.8269	4.64377e-09	-10.3758	0	-8.72171	0	-0.924656	0	-11.3158	0	-1.24626	0	-3.30622	0	-15.6204	3.12804e-09	-0.703898	0	-0.878349	0	-1.4074	0
4.95723	0.000194407	-12.0679	1.36319e-12	-1.5301	0	-9.95067	0	-0.479448	0	-16.374	1.28842e-08	-7.6155	0	-17.1507	5.18136e-08	-0.924886	0	-0.592101	0	-0.924925	0	-0.515398	0	-0.92493	0	-1.13728	0	-15.8162	4.55093e-09	-10.3734	0	-8.72171	0	-0.924656	0	-11.3103	0	-1.24388	0	-3.30073	0	-15.6085	3.05672e-09	-0.703898	0	-0.878349	0	-1.40295	0
4.91035	0.000199488	-12.0593	1.33422e-12	-1.52836	0	-9.94956	0	-0.479448	0	-16.3675	1.27299e-08	-7.60828	0	-17.1111	4.83342e-08	-0.924887	0	-0.592103	0	-0.924925	0	-0.510118	0	-0.92493	0	-1.13685	0	-15.8048	4.45407e-09	-10.3695	0	-8.71851	0	-0.924656	0	-11.3099	0	-1.24108	0	-3.29745	0	-15.5943	2.97348e-09	-0.703898	0	-0.878349	0	-1.40166	0
4.87666	0.000199022	-12.0464	1.29164e-12	-1.52607	0	-9.94159	0	-0.479449	0	-16.3617	1.25954e-08	-7.60467	0	-17.0901	4.65758e-08	-0.924887	0	-0.592105	0	-0.924925	0	-0.507976	0	-0.92493	0	-1.13414	0	-15.7974	4.39169e-09	-10.368	0	-8.714	0	-0.924656	0	-11.3069	0	-1.2336	0	-3.2956	0	-15.5842	2.91616e-09	-0.703898	0	-0.878349	0	-1.39568	0
4.85176	0.000198761	-12.0337	1.2507e-12	-1.52286	0	-9.94159	0	-0.47945	0	-16.3491	1.23105e-08	-7.60205	0	-17.0684	4.48395e-08	-0.924887	0	-0.592108	0	-0.924925	0	-0.502105	0	-0.92493	0	-1.13414	0	-15.7926	4.35113e-09	-10.3661	0	-8.70632	0	-0.924657	0	-11.3044	0	-1.23226	0	-3.29385	0	-15.5709	2.84305e-09	-0.703898	0	-0.878349	0	-1.39254	0
5.38842	0	-12.0219	1.21407e-12	-1.51932	0	-9.93118	0	-0.479452	0	-16.3339	1.19724e-08	-7.5945	0	-17.0572	4.39703e-08	-0.924887	0	-0.592111	0	-0.924925	0	-0.495446	0	-0.92493	0	-1.13287	0	-15.7756	4.21251e-09	-10.3585	0	-8.70149	0	-0.924657	0	-11.3016	0	-1.23118	0	-3.28326	0	-15.5501	2.7314e-09	-0.703898	0	-0.878349	0	-1.3856	0
5.38842	0	-12.0087	1.17469e-12	-1.51484	0	-9.92454	0	-0.479454	0	-16.3273	1.18285e-08	-7.59116	0	-17.0439	4.29463e-08	-0.924887	0	-0.592113	0	-0.924926	0	-0.490998	0	-0.92493	0	-1.12932	0	-15.755	4.05006e-09	-10.357	0	-8.7011	0	-0.924657	0	-11.3012	0	-1.22865	0	-3.27718	0	-15.5323	2.63976e-09	-0.703898	0	-0.878349	0	-1.37726	0
5.38793	0	-11.9944	1.13343e-12	-1.51265	0	-9.91835	0	-0.479455	0	-16.3209	1.16899e-08	-7.58534	0	-17.0358	4.23437e-08	-0.924887	0	-0.592113	0	-0.924926	0	-0.490522	0	-0.92493	0	-1.12397	0	-15.7385	3.92528e-09	-10.3521	0	-8.69989	0	-0.924657	0	-11.2948	0	-1.22374	0	-3.27596	0	-15.4853	2.41171e-09	-0.703898	0	-0.878349	0	-1.37342	0
5.38566	0	-11.985	1.10705e-12	-1.50995	0	-9.91835	0	-0.479455	0	-16.3137	1.15377e-08	-7.58534	0	-17.0216	4.13031e-08	-0.924887	0	-0.592114	0	-0.924926	0	-0.485143	0	-0.92493	0	-1.12402	0	-15.7257	3.83191e-09	-10.3502	0	-8.69695	0	-0.924657	0	-11.2898	0	-1.21774	0	-3.27332	0	-15.4589	2.29067e-09	-0.703898	0	-0.878349	0	-1.3737	0
5.38364	0	-11.9785	1.08929e-12	-1.50482	0	-9.91632	0	-0.479456	0	-16.303	1.13125e-08	-7.58456	0	-17.0054	4.01413e-08	-0.924887	0	-0.592119	0	-0.924926	0	-0.479383	0	-0.92493	0	-1.12067	0	-15.7085	3.70959e-09	-10.3492	0	-8.68868	0	-0.924658	0	-11.2898	0	-1.21774	0	-3.26726	0	-15.4502	2.25287e-09	-0.703898	0	-0.878349	0	-1.36942	0
5.37854	0	-11.9506	1.01592e-12	-1.50132	0	-9.91402	0	-0.479456	0	-16.2969	1.11876e-08	-7.58337	0	-16.9847	3.87019e-08	-0.924887	0	-0.592121	0	-0.924926	0	-0.479383	0	-0.92493	0	-1.119	0	-15.6985	3.64028e-09	-10.3459	0	-8.68846	0	-0.924659	0	-11.287	0	-1.21648	0	-3.26653	0	-15.4388	2.20374e-09	-0.703898	0	-0.878349	0	-1.36345	0
5.37475	0	-11.9344	0	-1.49849	0	-9.91402	0	-0.479457	0	-16.2923	1.10921e-08	-7.58278	0	-16.9689	3.76356e-08	-0.924887	0	-0.592122	0	-0.924926	0	-0.476345	0	-0.92493	0	-1.1141	0	-15.6906	3.58433e-09	-10.3459	0	-8.68579	0	-0.924661	0	-11.2849	0	-1.21142	0	-3.26182	0	-15.4262	2.1506e-09	-0.703898	0	-0.878349	0	-1.36254	0
5.37297	0	-11.9244	0	-1.49582	0	-9.91159	0	-0.479458	0	-16.2811	1.08645e-08	-7.58181	0	-16.9628	3.72337e-08	-0.924887	0	-0.592123	0	-0.924926	0	-0.476345	0	-0.92493	0	-1.1141	0	-15.6811	3.52052e-09	-10.339	0	-8.68145	0	-0.924661	0	-11.2834	0	-1.21142	0	-3.26182	0	-15.3883	1.99747e-09	-0.703898	0	-0.878349	0	-1.36182	0
5.36294	0	-11.9151	0	-1.49356	0	-9.90753	0	-0.479458	0	-16.27	1.06427e-08	-7.58038	0	-16.9558	3.67749e-08	-0.924887	0	-0.592126	0	-0.924926	0	-0.476756	0	-0.92493	0	-1.11064	0	-15.6723	3.46206e-09	-10.3374	0	-8.67496	0	-0.924662	0	-11.2795	0	-1.20769	0	-3.26096	0	-15.3685	1.92175e-09	-0.703898	0	-0.878349	0	-1.35553	0
5.36278	0	-11.9037	0	-1.49307	0	-9.90558	0	-0.47946	0	-16.2604	1.0453e-08	-7.58038	0	-16.9377	3.5614e-08	-0.924887	0	-0.592131	0	-0.924926	0	-0.475654	0	-0.92493	0	-1.10923	0	-15.6609	3.38771e-09	-10.3365	0	-8.67496	0	-0.924662	0	-11.276	0	-1.20769	0	-3.25315	0	-15.342	1.82515e-09	-0.703898	0	-0.878349	0	-1.35165	0
5.36135	0	-11.8785	0	-1.48984	0	-9.90269	0	-0.479461	0	-16.2527	1.03039e-08	-7.58024	0	-16.9154	3.42282e-08	-0.924887	0	-0.592136	0	-0.924926	0	-0.471602	0	-0.92493	0	-1.10711	0	-15.63	3.19424e-09	-10.3346	0	-8.67437	0	-0.924662	0	-11.2727	0	-1.20656	0	-3.25289	0	-15.3157	1.73447e-09	-0.703898	0	-0.878349	0	-1.348	0
5.36018	0	-11.8469	0	-1.48866	0	-9.90269	0	-0.479462	0	-16.2404	1.00692e-08	-7.58001	0	-16.9028	3.34721e-08	-0.924887	0	-0.59214	0	-0.924926	0	-0.470124	0	-0.92493	0	-1.10617	0	-15.608	3.06295e-09	-10.327	0	-8.66855	0	-0.924663	0	-11.2593	0	-1.20651	0	-3.25012	0	-15.3013	1.68621e-09	-0.703898	0	-0.878349	0	-1.34272	0
5.3595	0	-11.8283	0	-1.48556	0	-9.90175	0	-0.479463	0	-16.226	9.8065e-09	-7.57923	0	-16.8873	3.25677e-08	-0.924887	0	-0.592143	0	-0.924926	0	-0.470221	0	-0.92493	0	-1.1062	0	-15.5848	2.93013e-09	-10.3253	0	-8.66659	0	-0.924664	0	-11.2576	0	-1.20523	0	-3.24321	0	-15.2851	1.63459e-09	-0.703898	0	-0.878349	0	-1.34167	0
5.35796	0	-11.8181	0	-1.48556	0	-9.90098	0	-0.479464	0	-16.2093	9.50839e-09	-7.57883	0	-16.8562	3.08279e-08	-0.924887	0	-0.592146	0	-0.924926	0	-0.468847	0	-0.92493	0	-1.1062	0	-15.5678	2.83565e-09	-10.3235	0	-8.66224	0	-0.924664	0	-11.2537	0	-1.20203	0	-3.24234	0	-15.2595	1.55503e-09	-0.703898	0	-0.878349	0	-1.33911	0
5.35437	0	-11.8079	0	-1.48393	0	-9.90063	0	-0.479465	0	-16.1934	9.23631e-09	-7.57519	0	-16.8411	3.00145e-08	-0.924887	0	-0.592153	0	-0.924926	0	-0.468286	0	-0.92493	0	-1.10592	0	-15.5567	2.77555e-09	-10.3192	0	-8.65678	0	-0.924664	0	-11.2516	0	-1.20009	0	-3.23956	0	-15.2344	1.48075e-09	-0.703898	0	-0.878349	0	-1.33574	0
5.35019	0	-11.8054	0	-1.48307	0	-9.89982	0	-0.479466	0	-16.178	8.97741e-09	-7.56871	0	-16.8133	2.85607e-08	-0.924887	0	-0.592156	0	-0.924926	0	-0.46621	0	-0.92493	0	-1.10435	0	-15.5363	2.6681e-09	-10.3148	0	-8.65315	0	-0.924665	0	-11.2452	0	-1.19875	0	-3.2354	0	-15.2134	1.42053e-09	-0.703898	0	-0.878349	0	-1.33243	0
5.3478	0	-11.8036	0	-1.48031	0	-9.89842	0	-0.479466	0	-16.1663	8.78688e-09	-7.56729	0	-16.7946	2.76231e-08	-0.924887	0	-0.592158	0	-0.924926	0	-0.465484	0	-0.92493	0	-1.10014	0	-15.5165	2.56747e-09	-10.3121	0	-8.65006	0	-0.924665	0	-11.2418	0	-1.19552	0	-3.22974	0	-15.1947	1.369e-09	-0.703898	0	-0.878349	0	-1.33243	0
5.34333	0	-11.7981	0	-1.47731	0	-9.89598	0	-0.479468	0	-16.1538	8.58574e-09	-7.5638	0	-16.786	2.72043e-08	-0.924887	0	-0.592159	0	-0.924926	0	-0.463789	0	-0.92493	0	-1.09968	0	-15.5116	2.54313e-09	-10.309	0	-8.64762	0	-0.924665	0	-11.2341	0	-1.18962	0	-3.22974	0	-15.1706	1.30551e-09	-0.703898	0	-0.878349	0	-1.32602	0
5.34147	0	-11.7891	0	-1.47659	0	-9.89559	0	-0.479471	0	-16.1298	8.20939e-09	-7.56174	0	-16.7782	2.6829e-08	-0.924887	0	-0.592162	0	-0.924926	0	-0.462175	0	-0.92493	0	-1.09813	0	-15.5007	2.4904e-09	-10.3054	0	-8.64762	0	-0.924665	0	-11.2257	0	-1.18893	0	-3.22974	0	-15.1458	1.24267e-09	-0.703898	0	-0.878349	0	-1.3244	0
5.33487	0	-11.7783	0	-1.47499	0	-9.89348	0	-0.479476	0	-16.1058	7.85079e-09	-7.55843	0	-16.7719	2.65255e-08	-0.924887	0	-0.592164	0	-0.924926	0	-0.457935	0	-0.92493	0	-1.09683	0	-15.4861	2.42128e-09	-10.2991	0	-8.64723	0	-0.924668	0	-11.2189	0	-1.18893	0	-3.22624	0	-15.1241	1.19047e-09	-0.703898	0	-0.878349	0	-1.32236	0
5.33487	0	-11.775	0	-1.47134	0	-9.88705	0	-0.479484	0	-16.0898	7.61949e-09	-7.55801	0	-16.7678	2.63328e-08	-0.924887	0	-0.592165	0	-0.924926	0	-0.45645	0	-0.92493	0	-1.09501	0	-15.4712	2.35253e-09	-10.2959	0	-8.64648	0	-0.924669	0	-11.213	0	-1.18871	0	-3.22141	0	-15.1125	1.16334e-09	-0.703898	0	-0.878349	0	-1.32236	0
5.33252	0	-11.7654	0	-1.46672	0	-9.88587	0	-0.479485	0	-16.0816	7.50498e-09	-7.55529	0	-16.7556	2.57642e-08	-0.924887	0	-0.592165	0	-0.924926	0	-0.452481	0	-0.92493	0	-1.09327	0	-15.4594	2.29939e-09	-10.2877	0	-8.64573	0	-0.92467	0	-11.2073	0	-1.18717	0	-3.21516	0	-15.0917	1.11664e-09	-0.703898	0	-0.878349	0	-1.32073	0
5.33108	0	-11.7594	0	-1.46652	0	-9.88341	0	-0.47949	0	-16.0606	7.21514e-09	-7.55529	0	-16.747	2.53722e-08	-0.924887	0	-0.592167	0	-0.924926	0	-0.450022	0	-0.92493	0	-1.09268	0	-15.4485	2.25137e-09	-10.2846	0	-8.64504	0	-0.92467	0	-11.1973	0	-1.18717	0	-3.21367	0	-15.084	1.09976e-09	-0.703898	0	-0.878349	0	-1.31671	0
5.329	0	-11.7498	0	-1.46652	0	-9.87967	0	-0.479497	0	-16.0389	6.92708e-09	-7.55428	0	-16.7341	2.47941e-08	-0.924887	0	-0.592169	0	-0.924926	0	-0.445246	0	-0.92493	0	-1.09041	0	-15.4357	2.19598e-09	-10.28	0	-8.6445	0	-0.92467	0	-11.1912	0	-1.18666	0	-3.20683	0	-15.0654	1.05983e-09	-0.703898	0	-0.878349	0	-1.31768	0
5.32827	0	-11.7412	0	-1.46547	0	-9.87572	0	-0.4795	0	-16.0145	6.61805e-09	-7.55274	0	-16.7187	2.41166e-08	-0.924887	0	-0.592171	0	-0.924926	0	-0.436984	0	-0.92493	0	-1.08435	0	-15.4176	2.12045e-09	-10.2764	0	-8.6441	0	-0.924671	0	-11.1816	0	-1.18425	0	-3.20566	0	-15.0425	1.01254e-09	-0.703898	0	-0.878349	0	-1.31414	0
5.32632	0	-11.7376	0	-1.46373	0	-9.87234	0	-0.479501	0	-15.9893	6.31121e-09	-7.55097	0	-16.6836	2.26428e-08	-0.924887	0	-0.592174	0	-0.924926	0	-0.424945	0	-0.92493	0	-1.08319	0	-15.4078	2.08013e-09	-10.2727	0	-8.63983	0	-0.924671	0	-11.1784	0	-1.1834	0	-3.20566	0	-15.0089	9.46878e-10	-0.703898	0	-0.878349	0	-1.30989	0
5.32483	0	-11.7333	0	-1.46214	0	-9.86736	0	-0.479506	0	-15.9612	5.98483e-09	-7.54973	0	-16.6668	2.19699e-08	-0.924887	0	-0.592178	0	-0.924926	0	-0.423052	0	-0.92493	0	-1.0798	0	-15.3927	2.01992e-09	-10.2722	0	-8.63509	0	-0.924672	0	-11.1726	0	-1.18333	0	-3.20566	0	-14.9861	9.04597e-10	-0.703898	0	-0.878349	0	-1.30497	0
5.32375	0	-11.7315	0	-1.45993	0	-9.86527	0	-0.479509	0	-15.9362	5.70826e-09	-7.54894	0	-16.6447	2.11105e-08	-0.924887	0	-0.592181	0	-0.924926	0	-0.448771	0	-0.92493	0	-1.07882	0	-15.3766	1.9572e-09	-10.2694	0	-8.63217	0	-0.924672	0	-11.1723	0	-1.18273	0	-3.20377	0	-14.9812	8.95724e-10	-0.703899	0	-0.878349	0	-1.30497	0
5.32287	0	-11.7291	0	-1.45911	0	-9.86016	0	-0.479513	0	-15.9238	5.57624e-09	-7.54589	0	-16.6232	2.03053e-08	-0.924887	0	-0.592182	0	-0.924926	0	-0.459854	0	-0.92493	0	-1.07828	0	-15.3675	1.92296e-09	-10.2672	0	-8.63007	0	-0.924672	0	-11.1691	0	-1.18229	0	-3.20117	0	-14.9716	8.78487e-10	-0.703899	0	-0.878349	0	-1.30096	0
5.3177	0	-11.7283	0	-1.45827	0	-9.85902	0	-0.479513	0	-15.9109	5.44236e-09	-7.54265	0	-16.6009	1.95e-08	-0.924887	0	-0.592184	0	-0.924926	0	-0.465397	0	-0.92493	0	-1.07597	0	-15.3582	1.88841e-09	-10.2638	0	-8.62464	0	-0.924672	0	-11.1637	0	-1.1817	0	-3.19834	0	-14.9558	8.51133e-10	-0.703899	0	-0.878349	0	-1.30009	0
5.31593	0	-11.7269	0	-1.45476	0	-9.85574	0	-0.479514	0	-15.9036	5.36617e-09	-7.54231	0	-16.5819	1.88396e-08	-0.924887	0	-0.592187	0	-0.924926	0	-0.469731	0	-0.92493	0	-1.07425	0	-15.346	1.84399e-09	-10.2583	0	-8.61817	0	-0.924672	0	-11.1622	0	-1.18072	0	-3.19743	0	-14.9367	8.193e-10	-0.703899	0	-0.878349	0	-1.30009	0
5.31486	0	-11.7234	0	-1.45329	0	-9.85167	0	-0.479515	0	-15.8961	5.29073e-09	-7.54068	0	-16.5738	1.85635e-08	-0.924887	0	-0.592187	0	-0.924926	0	-0.476658	0	-0.92493	0	-1.07265	0	-15.3406	1.82446e-09	-10.2557	0	-8.61766	0	-0.924672	0	-11.1584	0	-1.18072	0	-3.19554	0	-14.929	8.06537e-10	-0.703899	0	-0.878349	0	-1.29738	0
5.3113	0	-11.7186	0	-1.45206	0	-9.84274	0	-0.479516	0	-15.8881	5.21065e-09	-7.53977	0	-16.558	1.80387e-08	-0.924887	0	-0.592187	0	-0.924926	0	-0.490333	0	-0.92493	0	-1.07211	0	-15.3289	1.78344e-09	-10.2492	0	-8.61552	0	-0.924672	0	-11.1549	0	-1.18044	0	-3.19352	0	-14.9175	7.88222e-10	-0.703899	0	-0.878349	0	-1.29419	0
5.31077	0	-11.7106	0	-1.44928	0	-9.84227	0	-0.47952	0	-15.8783	5.11318e-09	-7.53737	0	-16.5393	1.74317e-08	-0.924887	0	-0.592189	0	-0.924926	0	-0.499058	0	-0.924931	0	-1.07052	0	-15.3255	1.77155e-09	-10.2473	0	-8.6112	0	-0.924673	0	-11.1538	0	-1.17848	0	-3.19324	0	-14.9103	7.76944e-10	-0.703899	0	-0.878349	0	-1.29235	0
5.30865	0	-11.7015	0	-1.44719	0	-9.84144	0	-0.479523	0	-15.8705	5.0383e-09	-7.53697	0	-16.531	1.71718e-08	-0.924887	0	-0.59219	0	-0.924926	0	-0.503293	0	-0.924931	0	-1.06975	0	-15.3203	1.75383e-09	-10.2473	0	-8.61115	0	-0.924673	0	-11.1441	0	-1.17739	0	-3.19114	0	-14.9021	7.64167e-10	-0.703899	0	-0.878349	0	-1.29026	0
5.30757	0	-11.6907	0	-1.44682	0	-9.83357	0	-0.479528	0	-15.8652	4.98766e-09	-7.53533	0	-16.5201	1.68354e-08	-0.924887	0	-0.592191	0	-0.924926	0	-0.510728	0	-0.924931	0	-1.06814	0	-15.3139	1.73201e-09	-10.2439	0	-8.60971	0	-0.924673	0	-11.1405	0	-1.17641	0	-3.18874	0	-14.895	7.53358e-10	-0.703899	0	-0.878349	0	-1.28813	0
5.30703	0	-11.6826	0	-1.44524	0	-9.83357	0	-0.479529	0	-15.8548	4.88897e-09	-7.53384	0	-16.5084	1.64818e-08	-0.924887	0	-0.592191	0	-0.924926	0	-0.517506	0	-0.924931	0	-1.06575	0	-15.3049	1.70141e-09	-10.2427	0	-8.60618	0	-0.924673	0	-11.1302	0	-1.17465	0	-3.18492	0	-14.8857	7.39356e-10	-0.703899	0	-0.878349	0	-1.28647	0
5.30271	0	-11.6795	0	-1.44384	0	-9.82905	0	-0.479531	0	-15.8458	4.80617e-09	-7.53259	0	-16.4938	1.60488e-08	-0.924887	0	-0.592191	0	-0.924926	0	-0.519913	0	-0.924931	0	-1.06575	0	-15.2895	1.65091e-09	-10.2409	0	-8.60467	0	-0.924674	0	-11.1251	0	-1.17292	0	-3.18292	0	-14.879	7.29371e-10	-0.703899	0	-0.878349	0	-1.28269	0
5.30052	0	-11.6712	0	-1.44098	0	-9.82437	0	-0.479532	0	-15.8389	4.7438e-09	-7.53076	0	-16.4902	1.59438e-08	-0.924887	0	-0.592191	0	-0.924926	0	-0.522374	0	-0.924931	0	-1.06496	0	-15.2806	1.62223e-09	-10.2366	0	-8.60266	0	-0.924674	0	-11.1221	0	-1.17107	0	-3.18197	0	-14.8722	7.19361e-10	-0.703899	0	-0.878349	0	-1.28062	0
5.29858	0	-11.6654	0	-1.43899	0	-9.8219	0	-0.479533	0	-15.8303	4.66694e-09	-7.52909	0	-16.4827	1.57279e-08	-0.924887	0	-0.592192	0	-0.924926	0	-0.525525	0	-0.924931	0	-1.06242	0	-15.274	1.60114e-09	-10.2314	0	-8.60126	0	-0.924674	0	-11.1164	0	-1.16885	0	-3.18018	0	-14.8679	7.13134e-10	-0.703899	0	-0.878349	0	-1.27784	0
5.29853	0	-11.655	0	-1.43932	0	-9.81759	0	-0.479533	0	-15.8223	4.59682e-09	-7.52777	0	-16.4693	1.53477e-08	-0.924887	0	-0.592192	0	-0.924926	0	-0.528519	0	-0.924931	0	-1.06242	0	-15.2603	1.5584e-09	-10.2297	0	-8.59915	0	-0.924674	0	-11.1161	0	-1.16762	0	-3.18018	0	-14.8636	7.06894e-10	-0.703899	0	-0.878349	0	-1.27549	0
5.29481	0	-11.6322	0	-1.43866	0	-9.81333	0	-0.479534	0	-15.8108	4.49867e-09	-7.52455	0	-16.4617	1.51382e-08	-0.924887	0	-0.592192	0	-0.924926	0	-0.535807	0	-0.924931	0	-1.06202	0	-15.2397	1.49662e-09	-10.2261	0	-8.59861	0	-0.924675	0	-11.1108	0	-1.16572	0	-3.17954	0	-14.8465	6.82948e-10	-0.703899	0	-0.878349	0	-1.27298	0
5.29401	0	-11.6171	0	-1.43739	0	-9.81066	0	-0.479536	0	-15.8025	4.42891e-09	-7.52169	0	-16.4488	1.47851e-08	-0.924887	0	-0.592192	0	-0.924926	0	-0.541914	0	-0.924931	0	-1.06038	0	-15.2339	1.4792e-09	-10.2258	0	-8.59799	0	-0.924675	0	-11.1097	0	-1.16538	0	-3.17876	0	-14.8013	6.23142e-10	-0.703899	0	-0.878349	0	-1.27234	0
5.29242	0	-11.6087	0	-1.43695	0	-9.80663	0	-0.479538	0	-15.7942	4.36061e-09	-7.51979	0	-16.4384	1.45105e-08	-0.924887	0	-0.592193	0	-0.924926	0	-0.544513	0	-0.924931	0	-1.05771	0	-15.2289	1.46482e-09	-10.2224	0	-8.59526	0	-0.924676	0	-11.1075	0	-1.16239	0	-3.17711	0	-14.7715	5.86376e-10	-0.703899	0	-0.878349	0	-1.2723	0
5.29022	0	-11.6066	0	-1.43405	0	-9.80243	0	-0.47954	0	-15.7817	4.25826e-09	-7.51979	0	-16.4208	1.40535e-08	-0.924887	0	-0.592193	0	-0.924926	0	-0.548273	0	-0.924931	0	-1.05609	0	-15.2239	1.45037e-09	-10.2224	0	-8.59213	0	-0.924677	0	-11.1066	0	-1.16017	0	-3.17514	0	-14.7525	5.6406e-10	-0.703899	0	-0.878349	0	-1.26778	0
5.28569	0	-11.6049	0	-1.43351	0	-9.80243	0	-0.479544	0	-15.7746	4.20143e-09	-7.51979	0	-16.4011	1.35573e-08	-0.924887	0	-0.592193	0	-0.924926	0	-0.549485	0	-0.924931	0	-1.0519	0	-15.2189	1.43598e-09	-10.2167	0	-8.59146	0	-0.924677	0	-11.1055	0	-1.15717	0	-3.17192	0	-14.7349	5.44163e-10	-0.703899	0	-0.878349	0	-1.26638	0
5.28249	0	-11.5997	0	-1.4285	0	-9.80184	0	-0.479549	0	-15.7599	4.08622e-09	-7.51827	0	-16.3856	1.31807e-08	-0.924887	0	-0.592193	0	-0.924926	0	-0.552239	0	-0.924931	0	-1.04762	0	-15.2131	1.41968e-09	-10.2125	0	-8.58984	0	-0.924678	0	-11.1007	0	-1.15522	0	-3.17093	0	-14.7171	5.24803e-10	-0.703899	0	-0.878349	0	-1.26567	0
5.27978	0	-11.5959	0	-1.4285	0	-9.80184	0	-0.479551	0	-15.7429	3.95705e-09	-7.516	0	-16.3774	1.29833e-08	-0.924887	0	-0.592193	0	-0.924926	0	-0.555	0	-0.924931	0	-1.04364	0	-15.2076	1.40438e-09	-10.2117	0	-8.58984	0	-0.924678	0	-11.0962	0	-1.15446	0	-3.16855	0	-14.7098	5.16985e-10	-0.703899	0	-0.878349	0	-1.26398	0
5.27836	0	-11.5879	0	-1.42866	0	-9.80184	0	-0.479551	0	-15.7308	3.86782e-09	-7.51375	0	-16.3702	1.28127e-08	-0.924887	0	-0.592193	0	-0.924926	0	-0.556314	0	-0.924931	0	-1.04229	0	-15.2061	1.40031e-09	-10.2075	0	-8.5893	0	-0.924678	0	-11.0944	0	-1.15367	0	-3.16788	0	-14.703	5.09857e-10	-0.703899	0	-0.878349	0	-1.26161	0
5.27596	0	-11.5861	0	-1.42263	0	-9.79772	0	-0.479552	0	-15.7227	3.80808e-09	-7.51241	0	-16.3582	1.25357e-08	-0.924887	0	-0.592194	0	-0.924926	0	-0.559856	0	-0.924931	0	-1.0383	0	-15.2039	1.39411e-09	-10.1985	0	-8.58763	0	-0.924679	0	-11.0938	0	-1.15178	0	-3.16751	0	-14.6973	5.0394e-10	-0.703899	0	-0.878349	0	-1.26019	0
5.27134	0	-11.5833	0	-1.42059	0	-9.79366	0	-0.479553	0	-15.7107	3.72259e-09	-7.50701	0	-16.3488	1.23187e-08	-0.924887	0	-0.592194	0	-0.924926	0	-0.562028	0	-0.924931	0	-1.0383	0	-15.2016	1.38759e-09	-10.1944	0	-8.58763	0	-0.924679	0	-11.0932	0	-1.15178	0	-3.16579	0	-14.6909	4.97447e-10	-0.703899	0	-0.878349	0	-1.26019	0
5.26738	0	-11.5815	0	-1.41771	0	-9.79134	0	-0.479555	0	-15.7042	3.6764e-09	-7.50405	0	-16.3245	1.17819e-08	-0.924887	0	-0.592195	0	-0.924926	0	-0.564015	0	-0.924931	0	-1.0289	0	-15.1987	1.37969e-09	-10.1893	0	-8.58748	0	-0.924679	0	-11.0932	0	-1.15143	0	-3.16346	0	-14.6854	4.91823e-10	-0.703899	0	-0.878349	0	-1.25973	0
5.26447	0	-11.577	0	-1.41575	0	-9.78942	0	-0.479555	0	-15.6991	3.64083e-09	-7.50017	0	-16.3092	1.14553e-08	-0.924887	0	-0.592195	0	-0.924926	0	-0.566808	0	-0.924931	0	-1.02705	0	-15.1963	1.37312e-09	-10.1881	0	-8.58523	0	-0.92468	0	-11.0925	0	-1.15036	0	-3.16004	0	-14.6789	4.85246e-10	-0.703899	0	-0.878349	0	-1.25921	0
5.25994	0	-11.5745	0	-1.41234	0	-9.78758	0	-0.479557	0	-15.683	3.53124e-09	-7.50017	0	-16.2952	1.11638e-08	-0.924887	0	-0.592196	0	-0.924926	0	-0.568551	0	-0.924931	0	-1.02283	0	-15.1917	1.3609e-09	-10.1872	0	-8.58258	0	-0.92468	0	-11.0907	0	-1.14944	0	-3.15928	0	-14.6691	4.75555e-10	-0.703899	0	-0.878349	0	-1.25912	0
5.25962	0	-11.5725	0	-1.4079	0	-9.78656	0	-0.479558	0	-15.6722	3.45991e-09	-7.4977	0	-16.2831	1.09175e-08	-0.924887	0	-0.592196	0	-0.924926	0	-0.570199	0	-0.924931	0	-1.01998	0	-15.1869	1.34801e-09	-10.1862	0	-8.58026	0	-0.92468	0	-11.0888	0	-1.14719	0	-3.15853	0	-14.6643	4.70928e-10	-0.703899	0	-0.878349	0	-1.25769	0
5.25627	0	-11.5708	0	-1.40427	0	-9.7828	0	-0.479559	0	-15.6473	3.2999e-09	-7.49534	0	-16.2587	1.04396e-08	-0.924887	0	-0.592198	0	-0.924926	0	-0.57129	0	-0.924931	0	-1.0163	0	-15.1788	1.3265e-09	-10.1846	0	-8.57966	0	-0.92468	0	-11.0888	0	-1.14494	0	-3.15744	0	-14.66	4.6672e-10	-0.703899	0	-0.878349	0	-1.25678	0
5.25469	0	-11.5699	0	-1.40145	0	-9.78044	0	-0.47956	0	-15.622	3.14432e-09	-7.49392	0	-16.2474	1.02225e-08	-0.924887	0	-0.592198	0	-0.924926	0	-0.571913	0	-0.924931	0	-1.01529	0	-15.177	1.32198e-09	-10.184	0	-8.57892	0	-0.92468	0	-11.088	0	-1.14331	0	-3.15742	0	-14.6552	4.62219e-10	-0.703899	0	-0.878349	0	-1.25537	0
5.25428	0	-11.568	0	-1.40145	0	-9.7794	0	-0.479561	0	-15.6072	3.0567e-09	-7.49361	0	-16.2344	9.98201e-09	-0.924887	0	-0.592198	0	-0.924926	0	-0.572658	0	-0.924931	0	-1.01233	0	-15.1736	1.31303e-09	-10.1812	0	-8.57839	0	-0.924681	0	-11.0837	0	-1.13997	0	-3.15705	0	-14.624	4.33423e-10	-0.703899	0	-0.878349	0	-1.25531	0
5.25367	0	-11.5645	0	-1.40145	0	-9.77671	0	-0.479561	0	-15.5882	2.94755e-09	-7.49131	0	-16.2219	9.75388e-09	-0.924887	0	-0.592198	0	-0.924926	0	-0.572758	0	-0.924931	0	-1.00881	0	-15.1697	1.30273e-09	-10.1777	0	-8.5757	0	-0.924681	0	-11.082	0	-1.13941	0	-3.15507	0	-14.5967	4.09812e-10	-0.703899	0	-0.878349	0	-1.25474	0
5.25241	0	-11.5573	0	-1.40145	0	-9.77513	0	-0.479561	0	-15.5753	2.87504e-09	-7.49128	0	-16.1977	9.32607e-09	-0.924887	0	-0.592199	0	-0.924926	0	-0.573063	0	-0.924931	0	-1.00529	0	-15.1648	1.29019e-09	-10.1762	0	-8.57421	0	-0.924681	0	-11.0818	0	-1.13941	0	-3.15301	0	-14.5763	3.928e-10	-0.703899	0	-0.878349	0	-1.25349	0
5.25175	0	-11.5539	0	-1.40026	0	-9.76927	0	-0.479562	0	-15.5594	2.78882e-09	-7.49039	0	-16.1848	9.10374e-09	-0.924887	0	-0.592201	0	-0.924926	0	-0.573657	0	-0.924931	0	-1.00429	0	-15.1607	1.27984e-09	-10.176	0	-8.56888	0	-0.924682	0	-11.0813	0	-1.13899	0	-3.15058	0	-14.5657	3.84249e-10	-0.7039	0	-0.878349	0	-1.25316	0
5.24921	0	-11.545	0	-1.39839	0	-9.7661	0	-0.479562	0	-15.5535	2.75734e-09	-7.48646	0	-16.1681	8.82647e-09	-0.924887	0	-0.592202	0	-0.924926	0	-0.574402	0	-0.924931	0	-1.00256	0	-15.1523	1.25887e-09	-10.1741	0	-8.56616	0	-0.924683	0	-11.0795	0	-1.13851	0	-3.14802	0	-14.5606	3.80199e-10	-0.7039	0	-0.878349	0	-1.25144	0
5.24362	0	-11.5313	0	-1.39651	0	-9.76489	0	-0.479562	0	-15.548	2.72836e-09	-7.48546	0	-16.1539	8.59614e-09	-0.924887	0	-0.592203	0	-0.924926	0	-0.576641	0	-0.924931	0	-1.00256	0	-15.1269	1.19707e-09	-10.1725	0	-8.56364	0	-0.924683	0	-11.0762	0	-1.13856	0	-3.14668	0	-14.5544	3.75385e-10	-0.7039	0	-0.878349	0	-1.25127	0
5.24259	0	-11.5252	0	-1.39423	0	-9.76278	0	-0.479563	0	-15.5389	2.68126e-09	-7.48546	0	-16.1376	8.33938e-09	-0.924887	0	-0.592204	0	-0.924926	0	-0.580715	0	-0.924931	0	-0.997059	0	-15.1084	1.15366e-09	-10.1721	0	-8.56238	0	-0.924684	0	-11.0749	0	-1.1379	0	-3.14538	0	-14.5501	3.72058e-10	-0.7039	0	-0.878349	0	-1.25057	0
5.24072	0	-11.5161	0	-1.39343	0	-9.7622	0	-0.479564	0	-15.5346	2.65881e-09	-7.48367	0	-16.1261	8.16258e-09	-0.924887	0	-0.592204	0	-0.924926	0	-0.582578	0	-0.924931	0	-0.997059	0	-15.0981	1.13032e-09	-10.1717	0	-8.5584	0	-0.924684	0	-11.074	0	-1.13741	0	-3.14168	0	-14.5452	3.68212e-10	-0.7039	0	-0.878349	0	-1.25024	0
5.23981	0	-11.5022	0	-1.3918	0	-9.76038	0	-0.479565	0	-15.5275	2.62269e-09	-7.48241	0	-16.113	7.96675e-09	-0.924887	0	-0.592204	0	-0.924926	0	-0.584005	0	-0.924931	0	-0.99232	0	-15.0782	1.0863e-09	-10.1713	0	-8.5542	0	-0.924684	0	-11.0707	0	-1.13685	0	-3.13876	0	-14.5385	3.63162e-10	-0.7039	0	-0.878349	0	-1.24938	0
5.2387	0	-11.4911	0	-1.38854	0	-9.75771	0	-0.479566	0	-15.5166	2.56796e-09	-7.4803	0	-16.0991	7.76257e-09	-0.924887	0	-0.592205	0	-0.924926	0	-0.586561	0	-0.924931	0	-0.989231	0	-15.0636	1.05486e-09	-10.1703	0	-8.55331	0	-0.924684	0	-11.0699	0	-1.13559	0	-3.13601	0	-14.5299	3.56653e-10	-0.7039	0	-0.878349	0	-1.24889	0
5.23405	0	-11.4845	0	-1.38788	0	-9.75225	0	-0.479567	0	-15.5021	2.49695e-09	-7.4794	0	-16.088	7.60304e-09	-0.924887	0	-0.592205	0	-0.924926	0	-0.588045	0	-0.924931	0	-0.988042	0	-15.0487	1.02359e-09	-10.1679	0	-8.55318	0	-0.924684	0	-11.0672	0	-1.13488	0	-3.13583	0	-14.5268	3.54301e-10	-0.7039	0	-0.878349	0	-1.24706	0
5.23116	0	-11.4761	0	-1.38455	0	-9.75129	0	-0.47957	0	-15.4924	2.45019e-09	-7.47762	0	-16.0736	7.40223e-09	-0.924887	0	-0.592205	0	-0.924926	0	-0.590109	0	-0.924931	0	-0.987384	0	-15.0334	9.9249e-10	-10.1637	0	-8.55005	0	-0.924685	0	-11.0653	0	-1.13395	0	-3.13526	0	-14.519	3.48651e-10	-0.7039	0	-0.878349	0	-1.24187	0
5.22824	0	-11.4725	0	-1.3833	0	-9.75019	0	-0.479572	0	-15.4836	2.40897e-09	-7.47756	0	-16.0619	7.24132e-09	-0.924887	0	-0.592205	0	-0.924926	0	-0.591902	0	-0.924931	0	-0.984693	0	-15.023	9.72046e-10	-10.1619	0	-8.55005	0	-0.924685	0	-11.0634	0	-1.13321	0	-3.13462	0	-14.5136	3.44728e-10	-0.7039	0	-0.878349	0	-1.24187	0
5.22443	0	-11.4672	0	-1.38071	0	-9.7465	0	-0.479574	0	-15.4735	2.36268e-09	-7.47652	0	-16.0518	7.10632e-09	-0.924887	0	-0.592205	0	-0.924926	0	-0.594258	0	-0.924931	0	-0.983091	0	-15.0132	9.52963e-10	-10.1593	0	-8.54828	0	-0.924685	0	-11.0623	0	-1.13216	0	-3.13462	0	-14.5074	3.40324e-10	-0.7039	0	-0.878349	0	-1.24131	0
5.2182	0	-11.4628	0	-1.37756	0	-9.74262	0	-0.479575	0	-15.4583	2.29409e-09	-7.47652	0	-16.0471	7.04497e-09	-0.924887	0	-0.592205	0	-0.924926	0	-0.597199	0	-0.924931	0	-0.980373	0	-15.0084	9.43693e-10	-10.1547	0	-8.54828	0	-0.924685	0	-11.0618	0	-1.13193	0	-3.1339	0	-14.5043	3.38183e-10	-0.7039	0	-0.878349	0	-1.23997	0
5.21677	0	-11.4577	0	-1.37623	0	-9.73409	0	-0.479575	0	-15.4472	2.24541e-09	-7.47502	0	-16.0412	6.96701e-09	-0.924887	0	-0.592206	0	-0.924926	0	-0.601675	0	-0.924931	0	-0.977676	0	-15.0042	9.35705e-10	-10.1523	0	-8.54548	0	-0.924685	0	-11.0607	0	-1.13028	0	-3.13385	0	-14.5013	3.36113e-10	-0.7039	0	-0.878349	0	-1.23853	0
5.21582	0	-11.4567	0	-1.37623	0	-9.72648	0	-0.479576	0	-15.4446	2.23397e-09	-7.4738	0	-16.039	6.93944e-09	-0.924887	0	-0.592206	0	-0.924926	0	-0.603567	0	-0.924931	0	-0.977552	0	-15.0022	9.31885e-10	-10.1514	0	-8.54524	0	-0.924685	0	-11.0607	0	-1.12638	0	-3.13385	0	-14.4997	3.34961e-10	-0.7039	0	-0.878349	0	-1.23853	0
5.21404	0	-11.4567	0	-1.37623	0	-9.72648	0	-0.479576	0	-15.4445	2.23329e-09	-7.47302	0	-16.0337	6.87139e-09	-0.924887	0	-0.592206	0	-0.924926	0	-0.604746	0	-0.924931	0	-0.976991	0	-15.0018	9.31276e-10	-10.1479	0	-8.54524	0	-0.924685	0	-11.0607	0	-1.12621	0	-3.13385	0	-14.4996	3.34944e-10	-0.7039	0	-0.878349	0	-1.23853	0
5.21209	0	-11.4567	0	-1.37623	0	-9.72648	0	-0.479577	0	-15.443	2.22673e-09	-7.47071	0	-16.0315	6.84315e-09	-0.924887	0	-0.592208	0	-0.924926	0	-0.606062	0	-0.924931	0	-0.976991	0	-15.0012	9.30131e-10	-10.1479	0	-8.54497	0	-0.924685	0	-11.06	0	-1.12621	0	-3.13385	0	-14.4994	3.34806e-10	-0.7039	0	-0.878349	0	-1.23853	0
5.20972	0	-11.4551	0	-1.37623	0	-9.72648	0	-0.479577	0	-15.4355	2.19471e-09	-7.4706	0	-16.0312	6.83926e-09	-0.924887	0	-0.592211	0	-0.924926	0	-0.608233	0	-0.924931	0	-0.976991	0	-15.0003	9.28479e-10	-10.1457	0	-8.54383	0	-0.924685	0	-11.06	0	-1.12621	0	-3.13354	0	-14.4976	3.33572e-10	-0.7039	0	-0.878349	0	-1.23853	0
5.20793	0	-11.4522	0	-1.37623	0	-9.72445	0	-0.479577	0	-15.4327	2.18279e-09	-7.4706	0	-16.029	6.811e-09	-0.924887	0	-0.592213	0	-0.924926	0	-0.608947	0	-0.924931	0	-0.977046	0	-14.9964	9.2107e-10	-10.1457	0	-8.54276	0	-0.924685	0	-11.06	0	-1.12512	0	-3.13285	0	-14.4967	3.32958e-10	-0.7039	0	-0.878349	0	-1.23853	0
5.20536	0	-11.4509	0	-1.37623	0	-9.72445	0	-0.479577	0	-15.4293	2.16878e-09	-7.4706	0	-16.022	6.72283e-09	-0.924887	0	-0.592217	0	-0.924926	0	-0.609479	0	-0.924931	0	-0.977046	0	-14.9951	9.1872e-10	-10.1447	0	-8.54187	0	-0.924685	0	-11.06	0	-1.12499	0	-3.13285	0	-14.4964	3.32716e-10	-0.7039	0	-0.878349	0	-1.23853	0
5.20186	0	-11.4477	0	-1.37623	0	-9.72445	0	-0.479578	0	-15.4293	2.16846e-09	-7.46929	0	-16.017	6.66055e-09	-0.924887	0	-0.592218	0	-0.924926	0	-0.610502	0	-0.924931	0	-0.977046	0	-14.9948	9.18025e-10	-10.1432	0	-8.54187	0	-0.924685	0	-11.06	0	-1.12499	0	-3.13285	0	-14.4962	3.32571e-10	-0.7039	0	-0.878349	0	-1.23853	0
5.19893	0	-11.4429	0	-1.37628	0	-9.72445	0	-0.479578	0	-15.4273	2.16011e-09	-7.46788	0	-16.0168	6.6576e-09	-0.924887	0	-0.592221	0	-0.924926	0	-0.613058	0	-0.924931	0	-0.977046	0	-14.9944	9.17352e-10	-10.1389	0	-8.54187	0	-0.924685	0	-11.0588	0	-1.12499	0	-3.13209	0	-14.4957	3.32269e-10	-0.7039	0	-0.878349	0	-1.23853	0
5.19425	0	-11.4429	0	-1.37279	0	-9.72319	0	-0.479579	0	-15.4246	2.14901e-09	-7.46654	0	-16.0139	6.62154e-09	-0.924887	0	-0.592223	0	-0.924926	0	-0.615168	0	-0.924931	0	-0.977046	0	-14.9932	9.15056e-10	-10.1389	0	-8.54187	0	-0.924685	0	-11.0578	0	-1.12487	0	-3.13088	0	-14.4953	3.31957e-10	-0.7039	0	-0.878349	0	-1.23853	0
5.19007	0	-11.4429	0	-1.37279	0	-9.72319	0	-0.47958	0	-15.4239	2.146e-09	-7.46654	0	-16.01	6.57328e-09	-0.924887	0	-0.592226	0	-0.924926	0	-0.616689	0	-0.924931	0	-0.977046	0	-14.9911	9.11361e-10	-10.1389	0	-8.53777	0	-0.924685	0	-11.0578	0	-1.12487	0	-3.12972	0	-14.4949	3.31702e-10	-0.7039	0	-0.878349	0	-1.23853	0
5.18831	0	-11.4429	0	-1.37279	0	-9.72319	0	-0.47958	0	-15.4236	2.14489e-09	-7.46654	0	-16.0059	6.5235e-09	-0.924887	0	-0.592229	0	-0.924926	0	-0.61856	0	-0.924931	0	-0.977046	0	-14.9866	9.02957e-10	-10.1389	0	-8.53323	0	-0.924685	0	-11.0578	0	-1.12487	0	-3.12954	0	-14.4944	3.3137e-10	-0.7039	0	-0.878349	0	-1.23853	0
5.18634	0	-11.4399	0	-1.37279	0	-9.72319	0	-0.47958	0	-15.419	2.12589e-09	-7.46632	0	-16.0059	6.5235e-09	-0.924887	0	-0.592233	0	-0.924926	0	-0.621076	0	-0.924931	0	-0.977046	0	-14.9848	8.99786e-10	-10.1389	0	-8.53177	0	-0.924686	0	-11.0578	0	-1.12487	0	-3.12891	0	-14.4944	3.31331e-10	-0.7039	0	-0.878349	0	-1.23853	0
5.18229	0	-11.4368	0	-1.37266	0	-9.72319	0	-0.47958	0	-15.4167	2.11608e-09	-7.46632	0	-16.0048	6.50974e-09	-0.924887	0	-0.59224	0	-0.924926	0	-0.62454	0	-0.924931	0	-0.977045	0	-14.984	8.98241e-10	-10.1389	0	-8.53123	0	-0.924687	0	-11.0574	0	-1.12355	0	-3.12671	0	-14.4943	3.31284e-10	-0.7039	0	-0.878349	0	-1.23853	0
5.17601	0	-11.4281	0	-1.37266	0	-9.72319	0	-0.47958	0	-15.4135	2.10333e-09	-7.46632	0	-16.0042	6.50226e-09	-0.924887	0	-0.592241	0	-0.924926	0	-0.625659	0	-0.924931	0	-0.976386	0	-14.9748	8.81585e-10	-10.1389	0	-8.53073	0	-0.924687	0	-11.0547	0	-1.12036	0	-3.12509	0	-14.4943	3.31263e-10	-0.7039	0	-0.878349	0	-1.23853	0
5.17396	0	-11.4281	0	-1.37266	0	-9.72319	0	-0.47958	0	-15.4125	2.09908e-09	-7.46632	0	-16.0014	6.46779e-09	-0.924888	0	-0.592242	0	-0.924926	0	-0.626621	0	-0.924931	0	-0.976298	0	-14.9629	8.6075e-10	-10.1368	0	-8.52508	0	-0.924687	0	-11.0547	0	-1.12004	0	-3.12397	0	-14.4941	3.31162e-10	-0.7039	0	-0.878349	0	-1.23779	0
5.17196	0	-11.428	0	-1.37267	0	-9.72319	0	-0.47958	0	-15.4119	2.09632e-09	-7.46632	0	-15.991	6.34371e-09	-0.924888	0	-0.592243	0	-0.924926	0	-0.627372	0	-0.924931	0	-0.97547	0	-14.9565	8.49602e-10	-10.1349	0	-8.52508	0	-0.924687	0	-11.0516	0	-1.12004	0	-3.12397	0	-14.494	3.31077e-10	-0.7039	0	-0.878349	0	-1.23709	0
5.17084	0	-11.4277	0	-1.37089	0	-9.72166	0	-0.47958	0	-15.4104	2.09015e-09	-7.46632	0	-15.9831	6.24941e-09	-0.924888	0	-0.592245	0	-0.924926	0	-0.627937	0	-0.924931	0	-0.975125	0	-14.9508	8.39845e-10	-10.1341	0	-8.52508	0	-0.924687	0	-11.0514	0	-1.1199	0	-3.12098	0	-14.4939	3.31011e-10	-0.7039	0	-0.878349	0	-1.23709	0
5.16875	0	-11.4277	0	-1.37151	0	-9.72117	0	-0.47958	0	-15.4082	2.08132e-09	-7.46632	0	-15.9769	6.1774e-09	-0.924888	0	-0.592246	0	-0.924926	0	-0.628202	0	-0.924931	0	-0.975125	0	-14.9469	8.33132e-10	-10.1301	0	-8.52508	0	-0.924687	0	-11.0502	0	-1.11898	0	-3.12098	0	-14.4936	3.3079e-10	-0.7039	0	-0.878349	0	-1.23709	0
5.16105	0	-11.4276	0	-1.37048	0	-9.71795	0	-0.47958	0	-15.408	2.0805e-09	-7.46632	0	-15.9752	6.15805e-09	-0.924888	0	-0.592248	0	-0.924926	0	-0.629114	0	-0.924931	0	-0.97517	0	-14.9466	8.32709e-10	-10.1298	0	-8.52508	0	-0.924688	0	-11.0502	0	-1.11898	0	-3.12098	0	-14.4934	3.30672e-10	-0.7039	0	-0.878349	0	-1.2375	0
5.15946	0	-11.426	0	-1.37038	0	-9.71795	0	-0.479581	0	-15.4078	2.07962e-09	-7.46466	0	-15.9693	6.0907e-09	-0.924888	0	-0.59225	0	-0.924926	0	-0.629839	0	-0.924931	0	-0.974549	0	-14.9438	8.27966e-10	-10.1298	0	-8.52508	0	-0.924688	0	-11.0501	0	-1.11898	0	-3.12098	0	-14.4924	3.30015e-10	-0.7039	0	-0.878349	0	-1.2375	0
5.15841	0	-11.4256	0	-1.36994	0	-9.71785	0	-0.479581	0	-15.4075	2.07839e-09	-7.46466	0	-15.9612	5.99913e-09	-0.924888	0	-0.592251	0	-0.924926	0	-0.630599	0	-0.924931	0	-0.973058	0	-14.9402	8.21901e-10	-10.1298	0	-8.52508	0	-0.924688	0	-11.0499	0	-1.11731	0	-3.12098	0	-14.4906	3.28828e-10	-0.7039	0	-0.878349	0	-1.23691	0
5.15141	0	-11.4256	0	-1.3686	0	-9.71678	0	-0.479581	0	-15.4073	2.0776e-09	-7.46148	0	-15.9522	5.89912e-09	-0.924888	0	-0.592251	0	-0.924926	0	-0.632003	0	-0.924931	0	-0.972206	0	-14.9387	8.1944e-10	-10.1298	0	-8.52508	0	-0.924688	0	-11.0499	0	-1.11731	0	-3.12098	0	-14.4893	3.27933e-10	-0.7039	0	-0.878349	0	-1.23691	0
5.14918	0	-11.425	0	-1.36852	0	-9.7127	0	-0.479581	0	-15.4044	2.06601e-09	-7.45983	0	-15.9485	5.85814e-09	-0.924888	0	-0.592251	0	-0.924926	0	-0.632661	0	-0.924931	0	-0.97226	0	-14.9369	8.16538e-10	-10.1298	0	-8.52508	0	-0.924688	0	-11.0499	0	-1.11719	0	-3.12098	0	-14.4869	3.26357e-10	-0.7039	0	-0.878349	0	-1.23691	0
5.14721	0	-11.4242	0	-1.36524	0	-9.70892	0	-0.479582	0	-15.3993	2.04564e-09	-7.4589	0	-15.9433	5.80117e-09	-0.924888	0	-0.592252	0	-0.924926	0	-0.633243	0	-0.924931	0	-0.97226	0	-14.9357	8.14514e-10	-10.1298	0	-8.52508	0	-0.924688	0	-11.0499	0	-1.11165	0	-3.12141	0	-14.4862	3.25828e-10	-0.7039	0	-0.878349	0	-1.23705	0
5.14473	0	-11.4224	0	-1.36376	0	-9.70681	0	-0.479582	0	-15.3811	1.97488e-09	-7.4589	0	-15.9375	5.73851e-09	-0.924888	0	-0.592253	0	-0.924926	0	-0.63363	0	-0.924931	0	-0.971772	0	-14.9355	8.14253e-10	-10.1298	0	-8.52508	0	-0.924688	0	-11.0499	0	-1.10717	0	-3.12123	0	-14.4857	3.25507e-10	-0.7039	0	-0.878349	0	-1.23712	0
5.14084	0	-11.4224	0	-1.36117	0	-9.70681	0	-0.479582	0	-15.378	1.96282e-09	-7.4589	0	-15.9317	5.67653e-09	-0.924888	0	-0.592254	0	-0.924926	0	-0.633987	0	-0.924931	0	-0.971772	0	-14.9347	8.12809e-10	-10.1291	0	-8.52508	0	-0.924688	0	-11.0471	0	-1.10717	0	-3.12066	0	-14.4846	3.24751e-10	-0.7039	0	-0.878349	0	-1.23712	0
5.13921	0	-11.4224	0	-1.36117	0	-9.70681	0	-0.479583	0	-15.377	1.95935e-09	-7.4578	0	-15.9258	5.61345e-09	-0.924888	0	-0.592254	0	-0.924926	0	-0.634336	0	-0.924931	0	-0.971872	0	-14.9337	8.11272e-10	-10.1197	0	-8.52508	0	-0.924688	0	-11.0462	0	-1.10643	0	-3.12066	0	-14.4842	3.24523e-10	-0.7039	0	-0.878349	0	-1.237	0
5.13844	0	-11.4215	0	-1.35939	0	-9.70681	0	-0.479583	0	-15.3756	1.95401e-09	-7.45487	0	-15.9157	5.5087e-09	-0.924888	0	-0.592254	0	-0.924926	0	-0.634838	0	-0.924931	0	-0.971872	0	-14.9319	8.08361e-10	-10.1197	0	-8.52403	0	-0.924688	0	-11.0462	0	-1.10519	0	-3.12029	0	-14.4839	3.24335e-10	-0.7039	0	-0.878349	0	-1.23622	0
5.13844	0	-11.4201	0	-1.35939	0	-9.70681	0	-0.479583	0	-15.3756	1.95401e-09	-7.45487	0	-15.9137	5.48701e-09	-0.924888	0	-0.592254	0	-0.924926	0	-0.635167	0	-0.924931	0	-0.971893	0	-14.9287	8.03159e-10	-10.1197	0	-8.524	0	-0.924688	0	-11.0462	0	-1.10551	0	-3.12029	0	-14.4831	3.23814e-10	-0.7039	0	-0.878349	0	-1.2354	0
5.13619	0	-11.4194	0	-1.35939	0	-9.70681	0	-0.479583	0	-15.375	1.95174e-09	-7.45487	0	-15.9114	5.46362e-09	-0.924888	0	-0.592254	0	-0.924926	0	-0.635697	0	-0.924931	0	-0.971755	0	-14.9279	8.0186e-10	-10.1184	0	-8.52376	0	-0.924689	0	-11.046	0	-1.10397	0	-3.12029	0	-14.4829	3.23647e-10	-0.7039	0	-0.878349	0	-1.23572	0
5.13464	0	-11.4194	0	-1.35939	0	-9.70681	0	-0.479583	0	-15.3729	1.94361e-09	-7.45487	0	-15.9082	5.43096e-09	-0.924888	0	-0.592254	0	-0.924926	0	-0.63619	0	-0.924931	0	-0.971738	0	-14.9275	8.01105e-10	-10.118	0	-8.52165	0	-0.924689	0	-11.0458	0	-1.10397	0	-3.12029	0	-14.4825	3.23381e-10	-0.7039	0	-0.878349	0	-1.23519	0
5.13344	0	-11.4194	0	-1.35939	0	-9.70681	0	-0.479583	0	-15.3718	1.93958e-09	-7.45487	0	-15.8999	5.3464e-09	-0.924888	0	-0.592255	0	-0.924926	0	-0.636524	0	-0.924931	0	-0.971478	0	-14.9272	8.00643e-10	-10.118	0	-8.52165	0	-0.924689	0	-11.0458	0	-1.10397	0	-3.1177	0	-14.4822	3.23187e-10	-0.7039	0	-0.878349	0	-1.23519	0
5.13131	0	-11.4194	0	-1.35939	0	-9.70618	0	-0.479583	0	-15.3691	1.92943e-09	-7.4538	0	-15.8997	5.34428e-09	-0.924888	0	-0.592256	0	-0.924926	0	-0.63684	0	-0.924931	0	-0.971175	0	-14.926	7.98733e-10	-10.1156	0	-8.52165	0	-0.924689	0	-11.0458	0	-1.10397	0	-3.1177	0	-14.4819	3.22951e-10	-0.7039	0	-0.878349	0	-1.23512	0
5.12918	0	-11.4185	0	-1.35939	0	-9.70588	0	-0.479583	0	-15.3678	1.92432e-09	-7.45153	0	-15.8989	5.33644e-09	-0.924888	0	-0.592256	0	-0.924926	0	-0.636928	0	-0.924931	0	-0.970339	0	-14.9259	7.98551e-10	-10.1156	0	-8.52103	0	-0.924689	0	-11.0458	0	-1.10397	0	-3.1177	0	-14.4813	3.22599e-10	-0.7039	0	-0.878349	0	-1.23512	0
5.12772	0	-11.416	0	-1.35897	0	-9.7035	0	-0.479583	0	-15.3658	1.91686e-09	-7.45153	0	-15.8953	5.3001e-09	-0.924888	0	-0.592257	0	-0.924926	0	-0.636955	0	-0.924931	0	-0.970339	0	-14.9256	7.98096e-10	-10.1156	0	-8.52037	0	-0.924689	0	-11.0456	0	-1.10397	0	-3.1177	0	-14.481	3.22392e-10	-0.7039	0	-0.878349	0	-1.23572	0
5.12536	0	-11.4141	0	-1.35793	0	-9.7033	0	-0.479583	0	-15.3597	1.89444e-09	-7.45153	0	-15.8912	5.25968e-09	-0.924889	0	-0.592257	0	-0.924926	0	-0.637077	0	-0.924931	0	-0.969501	0	-14.9251	7.97274e-10	-10.1156	0	-8.51969	0	-0.924689	0	-11.0435	0	-1.1032	0	-3.1177	0	-14.4806	3.22098e-10	-0.7039	0	-0.878349	0	-1.23543	0
5.12361	0	-11.4117	0	-1.35643	0	-9.70301	0	-0.479584	0	-15.3581	1.88856e-09	-7.45124	0	-15.8857	5.20477e-09	-0.924889	0	-0.592257	0	-0.924926	0	-0.637222	0	-0.924931	0	-0.967616	0	-14.9244	7.96122e-10	-10.1156	0	-8.51943	0	-0.924689	0	-11.043	0	-1.10206	0	-3.1177	0	-14.4805	3.22045e-10	-0.7039	0	-0.878349	0	-1.23567	0
5.11847	0	-11.4075	0	-1.35643	0	-9.70301	0	-0.479584	0	-15.352	1.86627e-09	-7.45046	0	-15.8851	5.19931e-09	-0.924889	0	-0.592257	0	-0.924926	0	-0.637714	0	-0.924931	0	-0.966971	0	-14.9237	7.95039e-10	-10.1156	0	-8.51903	0	-0.924689	0	-11.0378	0	-1.10206	0	-3.11699	0	-14.4798	3.21556e-10	-0.7039	0	-0.878349	0	-1.23586	0
5.11664	0	-11.4072	0	-1.35643	0	-9.70301	0	-0.479584	0	-15.348	1.85157e-09	-7.45046	0	-15.8839	5.18718e-09	-0.924889	0	-0.592257	0	-0.924926	0	-0.637993	0	-0.924931	0	-0.966774	0	-14.9228	7.93609e-10	-10.1138	0	-8.51836	0	-0.924689	0	-11.0378	0	-1.09698	0	-3.11647	0	-14.4797	3.21541e-10	-0.7039	0	-0.878349	0	-1.23591	0
5.1157	0	-11.4068	0	-1.35643	0	-9.70239	0	-0.479584	0	-15.3438	1.83662e-09	-7.45037	0	-15.8826	5.17491e-09	-0.924889	0	-0.592257	0	-0.924926	0	-0.638348	0	-0.924931	0	-0.966774	0	-14.9195	7.88525e-10	-10.1137	0	-8.51836	0	-0.924689	0	-11.0378	0	-1.09209	0	-3.11647	0	-14.4794	3.21357e-10	-0.7039	0	-0.878349	0	-1.23594	0
5.11414	0	-11.4062	0	-1.35643	0	-9.70218	0	-0.479585	0	-15.3427	1.83268e-09	-7.45025	0	-15.8777	5.12736e-09	-0.924889	0	-0.592258	0	-0.924926	0	-0.638738	0	-0.924931	0	-0.966774	0	-14.9142	7.80182e-10	-10.1131	0	-8.51838	0	-0.924689	0	-11.0374	0	-1.08916	0	-3.11647	0	-14.4787	3.2088e-10	-0.7039	0	-0.878349	0	-1.23594	0
5.11207	0	-11.4062	0	-1.35643	0	-9.69928	0	-0.479585	0	-15.3365	1.81066e-09	-7.44881	0	-15.8767	5.11699e-09	-0.924889	0	-0.592258	0	-0.924926	0	-0.638989	0	-0.924931	0	-0.966774	0	-14.9083	7.70854e-10	-10.1114	0	-8.51838	0	-0.924689	0	-11.0374	0	-1.08822	0	-3.11647	0	-14.4768	3.19651e-10	-0.7039	0	-0.878349	0	-1.23645	0
5.10997	0	-11.4018	0	-1.35643	0	-9.69819	0	-0.479585	0	-15.3285	1.78226e-09	-7.44881	0	-15.87	5.05233e-09	-0.924889	0	-0.592258	0	-0.924926	0	-0.639214	0	-0.924931	0	-0.965738	0	-14.9083	7.70854e-10	-10.1114	0	-8.51838	0	-0.924689	0	-11.0374	0	-1.08814	0	-3.11647	0	-14.4767	3.19617e-10	-0.7039	0	-0.878349	0	-1.23664	0
5.10764	0	-11.4018	0	-1.35643	0	-9.69717	0	-0.479585	0	-15.3269	1.77675e-09	-7.44744	0	-15.8661	5.01561e-09	-0.924889	0	-0.592258	0	-0.924926	0	-0.639348	0	-0.924931	0	-0.964644	0	-14.9041	7.64452e-10	-10.1113	0	-8.51773	0	-0.924689	0	-11.0345	0	-1.08814	0	-3.11647	0	-14.4761	3.19204e-10	-0.7039	0	-0.878349	0	-1.23675	0
5.10631	0	-11.4018	0	-1.35611	0	-9.69532	0	-0.479586	0	-15.3223	1.76087e-09	-7.44744	0	-15.8656	5.0105e-09	-0.924889	0	-0.592259	0	-0.924926	0	-0.639878	0	-0.924931	0	-0.963199	0	-14.9027	7.62398e-10	-10.1113	0	-8.51767	0	-0.924689	0	-11.0336	0	-1.08815	0	-3.11647	0	-14.475	3.18495e-10	-0.7039	0	-0.878349	0	-1.23642	0
5.10421	0	-11.4013	0	-1.35315	0	-9.69486	0	-0.479586	0	-15.3188	1.74856e-09	-7.44744	0	-15.8635	4.99088e-09	-0.924889	0	-0.592259	0	-0.924926	0	-0.640146	0	-0.924931	0	-0.960905	0	-14.9013	7.60329e-10	-10.1113	0	-8.51767	0	-0.924689	0	-11.0313	0	-1.08815	0	-3.11647	0	-14.4746	3.18213e-10	-0.7039	0	-0.878349	0	-1.23628	0
5.10202	0	-11.3985	0	-1.35315	0	-9.69441	0	-0.479586	0	-15.3172	1.74297e-09	-7.44691	0	-15.8613	4.97052e-09	-0.924889	0	-0.59226	0	-0.924926	0	-0.640224	0	-0.924931	0	-0.960752	0	-14.9	7.58344e-10	-10.1113	0	-8.5176	0	-0.924689	0	-11.0303	0	-1.08815	0	-3.11647	0	-14.4736	3.17552e-10	-0.7039	0	-0.878349	0	-1.2364	0
5.10089	0	-11.3979	0	-1.3527	0	-9.69409	0	-0.479587	0	-15.3163	1.74009e-09	-7.44436	0	-15.8589	4.94805e-09	-0.924889	0	-0.592261	0	-0.924926	0	-0.640311	0	-0.924931	0	-0.960315	0	-14.8996	7.57686e-10	-10.1113	0	-8.5176	0	-0.92469	0	-11.0303	0	-1.08816	0	-3.11643	0	-14.4732	3.17271e-10	-0.7039	0	-0.878349	0	-1.23636	0
5.09936	0	-11.3979	0	-1.35164	0	-9.69409	0	-0.479587	0	-15.314	1.73211e-09	-7.44436	0	-15.8557	4.91787e-09	-0.924889	0	-0.592261	0	-0.924926	0	-0.640483	0	-0.924931	0	-0.960315	0	-14.8996	7.57608e-10	-10.1105	0	-8.51739	0	-0.92469	0	-11.0303	0	-1.08751	0	-3.11643	0	-14.4725	3.16858e-10	-0.7039	0	-0.878349	0	-1.23653	0
5.09822	0	-11.3979	0	-1.35164	0	-9.69409	0	-0.479587	0	-15.3067	1.70758e-09	-7.44154	0	-15.8545	4.90701e-09	-0.924889	0	-0.592262	0	-0.924926	0	-0.640773	0	-0.924931	0	-0.960315	0	-14.8983	7.55732e-10	-10.1099	0	-8.51739	0	-0.92469	0	-11.0303	0	-1.08554	0	-3.11583	0	-14.4725	3.16797e-10	-0.7039	0	-0.878349	0	-1.23597	0
5.09595	0	-11.3976	0	-1.35164	0	-9.69409	0	-0.479587	0	-15.3053	1.70294e-09	-7.44051	0	-15.854	4.90196e-09	-0.924889	0	-0.592263	0	-0.924926	0	-0.641116	0	-0.924931	0	-0.960315	0	-14.8978	7.54934e-10	-10.1083	0	-8.51724	0	-0.92469	0	-11.0291	0	-1.08554	0	-3.11543	0	-14.4723	3.16695e-10	-0.7039	0	-0.878349	0	-1.23638	0
5.09443	0	-11.3976	0	-1.35164	0	-9.69409	0	-0.479588	0	-15.3024	1.69342e-09	-7.44051	0	-15.8532	4.89531e-09	-0.924889	0	-0.592264	0	-0.924926	0	-0.641212	0	-0.924931	0	-0.960315	0	-14.8975	7.54442e-10	-10.1083	0	-8.51616	0	-0.92469	0	-11.0281	0	-1.08554	0	-3.11543	0	-14.4719	3.16434e-10	-0.7039	0	-0.878349	0	-1.23591	0
5.09381	0	-11.3976	0	-1.35092	0	-9.69409	0	-0.479588	0	-15.3012	1.68933e-09	-7.43907	0	-15.8522	4.88542e-09	-0.924889	0	-0.592265	0	-0.924926	0	-0.64134	0	-0.924931	0	-0.959824	0	-14.8973	7.54218e-10	-10.1083	0	-8.51616	0	-0.92469	0	-11.0281	0	-1.08554	0	-3.1154	0	-14.4707	3.15664e-10	-0.7039	0	-0.878349	0	-1.23667	0
5.09324	0	-11.3976	0	-1.34585	0	-9.69401	0	-0.479588	0	-15.2985	1.68012e-09	-7.43876	0	-15.8509	4.87383e-09	-0.924889	0	-0.592265	0	-0.924926	0	-0.641488	0	-0.924931	0	-0.959824	0	-14.8969	7.53621e-10	-10.1083	0	-8.51616	0	-0.92469	0	-11.022	0	-1.08391	0	-3.115	0	-14.4706	3.15593e-10	-0.7039	0	-0.878349	0	-1.23657	0
5.09277	0	-11.3958	0	-1.34447	0	-9.69312	0	-0.479589	0	-15.2958	1.67152e-09	-7.43876	0	-15.8496	4.86186e-09	-0.924889	0	-0.592265	0	-0.924926	0	-0.641592	0	-0.924931	0	-0.959369	0	-14.8926	7.47061e-10	-10.1082	0	-8.51616	0	-0.92469	0	-11.0211	0	-1.08391	0	-3.115	0	-14.4684	3.14122e-10	-0.7039	0	-0.878349	0	-1.23611	0
5.0921	0	-11.3953	0	-1.34403	0	-9.69133	0	-0.479589	0	-15.2921	1.6594e-09	-7.43876	0	-15.8446	4.8153e-09	-0.924889	0	-0.592266	0	-0.924926	0	-0.641774	0	-0.924931	0	-0.959295	0	-14.8908	7.44318e-10	-10.1078	0	-8.51528	0	-0.92469	0	-11.0211	0	-1.08391	0	-3.11495	0	-14.4665	3.12904e-10	-0.7039	0	-0.878349	0	-1.2359	0
5.09113	0	-11.3953	0	-1.34323	0	-9.6911	0	-0.479593	0	-15.2882	1.64668e-09	-7.43876	0	-15.8427	4.79812e-09	-0.924889	0	-0.592266	0	-0.924926	0	-0.641959	0	-0.924931	0	-0.95933	0	-14.8908	7.44318e-10	-10.1073	0	-8.51528	0	-0.924691	0	-11.0211	0	-1.08391	0	-3.11495	0	-14.4656	3.12254e-10	-0.7039	0	-0.878349	0	-1.23546	0
5.09072	0	-11.3951	0	-1.34292	0	-9.6896	0	-0.479593	0	-15.2875	1.64458e-09	-7.43876	0	-15.842	4.79172e-09	-0.924889	0	-0.592269	0	-0.924926	0	-0.641984	0	-0.924931	0	-0.958362	0	-14.8907	7.44155e-10	-10.1073	0	-8.51474	0	-0.924691	0	-11.0211	0	-1.08315	0	-3.1145	0	-14.4651	3.1196e-10	-0.7039	0	-0.878349	0	-1.23546	0
5.09002	0	-11.3951	0	-1.34284	0	-9.68938	0	-0.479593	0	-15.2868	1.64236e-09	-7.43871	0	-15.8407	4.78046e-09	-0.924889	0	-0.592269	0	-0.924926	0	-0.642014	0	-0.924931	0	-0.958053	0	-14.8905	7.43864e-10	-10.1073	0	-8.5136	0	-0.924691	0	-11.0211	0	-1.08315	0	-3.11449	0	-14.4651	3.1196e-10	-0.703901	0	-0.878349	0	-1.2354	0
5.08747	0	-11.3949	0	-1.34284	0	-9.68887	0	-0.479593	0	-15.2862	1.64046e-09	-7.43814	0	-15.8401	4.77464e-09	-0.924889	0	-0.59227	0	-0.924926	0	-0.64205	0	-0.924931	0	-0.958133	0	-14.8898	7.42782e-10	-10.1058	0	-8.51191	0	-0.924691	0	-11.0211	0	-1.08041	0	-3.11428	0	-14.4646	3.11666e-10	-0.703901	0	-0.878349	0	-1.23518	0
5.08435	0	-11.3944	0	-1.34075	0	-9.68887	0	-0.479593	0	-15.2853	1.63756e-09	-7.43734	0	-15.8394	4.76873e-09	-0.924889	0	-0.59227	0	-0.924926	0	-0.642073	0	-0.924931	0	-0.957845	0	-14.8892	7.41831e-10	-10.1038	0	-8.51189	0	-0.924691	0	-11.0187	0	-1.08041	0	-3.11407	0	-14.4634	3.10864e-10	-0.703901	0	-0.878349	0	-1.23518	0
5.08234	0	-11.3935	0	-1.34075	0	-9.68855	0	-0.479594	0	-15.2852	1.6372e-09	-7.43697	0	-15.838	4.75572e-09	-0.924889	0	-0.592271	0	-0.924926	0	-0.642088	0	-0.924931	0	-0.95765	0	-14.8885	7.40812e-10	-10.1038	0	-8.51162	0	-0.924691	0	-11.0181	0	-1.08041	0	-3.11394	0	-14.4627	3.10427e-10	-0.703901	0	-0.878349	0	-1.23459	0
5.07929	0	-11.3935	0	-1.33911	0	-9.68702	0	-0.479594	0	-15.2837	1.63221e-09	-7.43521	0	-15.8375	4.7516e-09	-0.924889	0	-0.592272	0	-0.924926	0	-0.642194	0	-0.924931	0	-0.95765	0	-14.887	7.38678e-10	-10.1023	0	-8.51162	0	-0.924691	0	-11.0177	0	-1.08041	0	-3.11394	0	-14.4623	3.10174e-10	-0.703901	0	-0.878349	0	-1.23459	0
5.07128	0	-11.3935	0	-1.33911	0	-9.68643	0	-0.479594	0	-15.2833	1.63089e-09	-7.43412	0	-15.8348	4.72672e-09	-0.924889	0	-0.592274	0	-0.924926	0	-0.642374	0	-0.924931	0	-0.95765	0	-14.8835	7.33559e-10	-10.1021	0	-8.51162	0	-0.924691	0	-11.0175	0	-1.0778	0	-3.11394	0	-14.4618	3.09817e-10	-0.703901	0	-0.878349	0	-1.23459	0
5.06998	0	-11.3906	0	-1.33911	0	-9.68617	0	-0.479595	0	-15.2829	1.62968e-09	-7.4341	0	-15.8331	4.7117e-09	-0.924889	0	-0.592274	0	-0.924926	0	-0.642461	0	-0.924931	0	-0.95765	0	-14.8834	7.33348e-10	-10.1021	0	-8.51162	0	-0.924691	0	-11.0155	0	-1.07555	0	-3.11394	0	-14.4576	3.07151e-10	-0.703901	0	-0.878349	0	-1.23459	0
5.06801	0	-11.3906	0	-1.33911	0	-9.6843	0	-0.479596	0	-15.2818	1.62632e-09	-7.4341	0	-15.8327	4.70801e-09	-0.924889	0	-0.592275	0	-0.924926	0	-0.642646	0	-0.924931	0	-0.957999	0	-14.8819	7.31106e-10	-10.1021	0	-8.51162	0	-0.924691	0	-11.0109	0	-1.07555	0	-3.11394	0	-14.4565	3.06408e-10	-0.703901	0	-0.878349	0	-1.23459	0
5.06613	0	-11.3903	0	-1.33911	0	-9.68369	0	-0.479596	0	-15.2799	1.62023e-09	-7.4341	0	-15.8306	4.68964e-09	-0.924889	0	-0.592275	0	-0.924926	0	-0.642729	0	-0.924931	0	-0.957854	0	-14.8816	7.30712e-10	-10.1021	0	-8.50987	0	-0.924691	0	-11.0106	0	-1.07513	0	-3.11394	0	-14.4564	3.06331e-10	-0.703901	0	-0.878349	0	-1.23469	0
5.06603	0	-11.3895	0	-1.33911	0	-9.68369	0	-0.479596	0	-15.278	1.61425e-09	-7.4341	0	-15.8293	4.6782e-09	-0.924889	0	-0.592276	0	-0.924926	0	-0.642743	0	-0.924931	0	-0.956076	0	-14.8808	7.29612e-10	-10.1021	0	-8.50811	0	-0.924691	0	-11.0105	0	-1.07435	0	-3.11368	0	-14.456	3.06078e-10	-0.703901	0	-0.878349	0	-1.23497	0
5.06346	0	-11.3888	0	-1.33911	0	-9.68332	0	-0.479596	0	-15.2761	1.60813e-09	-7.4341	0	-15.8275	4.66239e-09	-0.924889	0	-0.592276	0	-0.924926	0	-0.642764	0	-0.924931	0	-0.956076	0	-14.8807	7.29481e-10	-10.1021	0	-8.50325	0	-0.924691	0	-11.006	0	-1.07223	0	-3.11365	0	-14.4557	3.0591e-10	-0.703901	0	-0.878349	0	-1.23497	0
5.05973	0	-11.3873	0	-1.33911	0	-9.68186	0	-0.479596	0	-15.2755	1.60612e-09	-7.4341	0	-15.8267	4.65483e-09	-0.924889	0	-0.592276	0	-0.924926	0	-0.642781	0	-0.924931	0	-0.956076	0	-14.8804	7.29035e-10	-10.1021	0	-8.50323	0	-0.924691	0	-11.006	0	-1.0706	0	-3.11347	0	-14.4552	3.05592e-10	-0.703901	0	-0.878349	0	-1.23483	0
5.05838	0	-11.386	0	-1.33911	0	-9.68139	0	-0.479597	0	-15.2751	1.60478e-09	-7.4341	0	-15.8262	4.65075e-09	-0.924889	0	-0.592276	0	-0.924926	0	-0.642801	0	-0.924931	0	-0.956076	0	-14.8801	7.28469e-10	-10.1017	0	-8.50323	0	-0.924691	0	-11.006	0	-1.06853	0	-3.11344	0	-14.4551	3.05504e-10	-0.703901	0	-0.878349	0	-1.23484	0
5.05775	0	-11.3784	0	-1.33911	0	-9.68099	0	-0.479597	0	-15.2744	1.60257e-09	-7.4341	0	-15.8256	4.64505e-09	-0.924889	0	-0.592277	0	-0.924926	0	-0.642808	0	-0.924931	0	-0.955841	0	-14.8799	7.28307e-10	-10.0996	0	-8.50233	0	-0.924691	0	-11.0047	0	-1.06853	0	-3.11329	0	-14.4545	3.05129e-10	-0.703901	0	-0.878349	0	-1.23497	0
5.05705	0	-11.3784	0	-1.33916	0	-9.68099	0	-0.479597	0	-15.2726	1.59695e-09	-7.4341	0	-15.8233	4.62512e-09	-0.924889	0	-0.592277	0	-0.924926	0	-0.642816	0	-0.924931	0	-0.955325	0	-14.878	7.25452e-10	-10.0982	0	-8.50163	0	-0.924691	0	-11.0046	0	-1.06596	0	-3.11329	0	-14.4533	3.04391e-10	-0.703901	0	-0.878349	0	-1.23497	0
5.05464	0	-11.3784	0	-1.33743	0	-9.68099	0	-0.479598	0	-15.2723	1.596e-09	-7.4341	0	-15.8228	4.6206e-09	-0.924889	0	-0.592277	0	-0.924926	0	-0.642828	0	-0.924931	0	-0.955476	0	-14.8775	7.24694e-10	-10.0982	0	-8.50163	0	-0.924691	0	-11.0043	0	-1.06085	0	-3.11222	0	-14.4528	3.04066e-10	-0.703901	0	-0.878349	0	-1.23497	0
5.05349	0	-11.378	0	-1.33735	0	-9.68099	0	-0.479599	0	-15.2689	1.58537e-09	-7.43221	0	-15.8219	4.61275e-09	-0.92489	0	-0.592277	0	-0.924926	0	-0.642863	0	-0.924931	0	-0.955476	0	-14.8762	7.22837e-10	-10.0982	0	-8.50149	0	-0.924691	0	-11.0014	0	-1.05891	0	-3.11222	0	-14.4524	3.03837e-10	-0.703901	0	-0.878349	0	-1.23497	0
5.05129	0	-11.3777	0	-1.33729	0	-9.68099	0	-0.4796	0	-15.2668	1.57876e-09	-7.43221	0	-15.8214	4.60837e-09	-0.92489	0	-0.592277	0	-0.924926	0	-0.642935	0	-0.924931	0	-0.955439	0	-14.8761	7.22721e-10	-10.0982	0	-8.49841	0	-0.924691	0	-11.0007	0	-1.05891	0	-3.11203	0	-14.4517	3.03346e-10	-0.703901	0	-0.878349	0	-1.23497	0
5.0493	0	-11.3766	0	-1.3361	0	-9.68069	0	-0.4796	0	-15.2663	1.57748e-09	-7.43148	0	-15.8147	4.55048e-09	-0.92489	0	-0.592278	0	-0.924926	0	-0.643045	0	-0.924931	0	-0.955497	0	-14.8755	7.21783e-10	-10.0982	0	-8.49754	0	-0.924691	0	-11.0007	0	-1.05891	0	-3.11049	0	-14.4512	3.03051e-10	-0.703901	0	-0.878349	0	-1.23539	0
5.04491	0	-11.3766	0	-1.3361	0	-9.68005	0	-0.4796	0	-15.2658	1.57562e-09	-7.43148	0	-15.8134	4.53874e-09	-0.92489	0	-0.592281	0	-0.924926	0	-0.643087	0	-0.924931	0	-0.954806	0	-14.8749	7.20926e-10	-10.0982	0	-8.49754	0	-0.924691	0	-11.0005	0	-1.05891	0	-3.10991	0	-14.4495	3.01991e-10	-0.703901	0	-0.878349	0	-1.23522	0
5.0417	0	-11.3762	0	-1.33512	0	-9.67895	0	-0.4796	0	-15.2624	1.56518e-09	-7.43148	0	-15.8042	4.46071e-09	-0.92489	0	-0.592282	0	-0.924926	0	-0.643103	0	-0.924931	0	-0.954806	0	-14.874	7.19585e-10	-10.0982	0	-8.49709	0	-0.924691	0	-11	0	-1.05891	0	-3.10937	0	-14.4487	3.01487e-10	-0.703901	0	-0.878349	0	-1.2349	0
5.04026	0	-11.3761	0	-1.33216	0	-9.67884	0	-0.4796	0	-15.2617	1.56309e-09	-7.43148	0	-15.8023	4.44406e-09	-0.92489	0	-0.592282	0	-0.924926	0	-0.643128	0	-0.924931	0	-0.954806	0	-14.8736	7.19003e-10	-10.0982	0	-8.49709	0	-0.924692	0	-11	0	-1.05891	0	-3.10829	0	-14.4483	3.01206e-10	-0.703901	0	-0.878349	0	-1.2349	0
5.03842	0	-11.3757	0	-1.33089	0	-9.67821	0	-0.479601	0	-15.2571	1.54904e-09	-7.43139	0	-15.801	4.43339e-09	-0.92489	0	-0.592283	0	-0.924926	0	-0.643135	0	-0.924931	0	-0.954971	0	-14.8728	7.17895e-10	-10.0948	0	-8.49652	0	-0.924692	0	-11	0	-1.05878	0	-3.10769	0	-14.4468	3.00258e-10	-0.703901	0	-0.878349	0	-1.23497	0
5.03828	0	-11.3753	0	-1.33005	0	-9.6779	0	-0.479601	0	-15.2521	1.53398e-09	-7.43139	0	-15.8006	4.42991e-09	-0.92489	0	-0.592283	0	-0.924926	0	-0.643162	0	-0.924931	0	-0.95464	0	-14.8722	7.16952e-10	-10.094	0	-8.4964	0	-0.924692	0	-11	0	-1.05878	0	-3.10769	0	-14.4452	2.99277e-10	-0.703901	0	-0.878349	0	-1.23466	0
5.03708	0	-11.3742	0	-1.32963	0	-9.6779	0	-0.479601	0	-15.2482	1.52208e-09	-7.43138	0	-15.7998	4.42338e-09	-0.92489	0	-0.592283	0	-0.924926	0	-0.643205	0	-0.924931	0	-0.95464	0	-14.8715	7.1602e-10	-10.0931	0	-8.49616	0	-0.924692	0	-11	0	-1.05886	0	-3.10769	0	-14.4451	2.99198e-10	-0.703901	0	-0.878349	0	-1.23467	0
5.03295	0	-11.3711	0	-1.33072	0	-9.67761	0	-0.479603	0	-15.2469	1.51837e-09	-7.43048	0	-15.7977	4.40618e-09	-0.92489	0	-0.592283	0	-0.924926	0	-0.643395	0	-0.924931	0	-0.954545	0	-14.8711	7.15371e-10	-10.0918	0	-8.496	0	-0.924692	0	-11	0	-1.05886	0	-3.10758	0	-14.4449	2.99075e-10	-0.703901	0	-0.878349	0	-1.23475	0
5.03082	0	-11.3701	0	-1.33067	0	-9.67761	0	-0.479605	0	-15.2462	1.51612e-09	-7.43013	0	-15.7929	4.36583e-09	-0.92489	0	-0.592283	0	-0.924926	0	-0.643465	0	-0.924931	0	-0.954545	0	-14.8707	7.14741e-10	-10.091	0	-8.49435	0	-0.924692	0	-11	0	-1.05846	0	-3.10754	0	-14.4446	2.98909e-10	-0.703901	0	-0.878349	0	-1.23451	0
5.02998	0	-11.3701	0	-1.32854	0	-9.67668	0	-0.479606	0	-15.2448	1.51208e-09	-7.43013	0	-15.7885	4.32924e-09	-0.92489	0	-0.592283	0	-0.924926	0	-0.643495	0	-0.924931	0	-0.952617	0	-14.8702	7.13993e-10	-10.091	0	-8.49303	0	-0.924692	0	-11	0	-1.05845	0	-3.10754	0	-14.4443	2.98675e-10	-0.703901	0	-0.878349	0	-1.23436	0
5.02799	0	-11.3701	0	-1.32826	0	-9.67668	0	-0.479607	0	-15.2445	1.51105e-09	-7.43013	0	-15.787	4.31743e-09	-0.92489	0	-0.592283	0	-0.924926	0	-0.643531	0	-0.924931	0	-0.951428	0	-14.8699	7.13542e-10	-10.0908	0	-8.49249	0	-0.924692	0	-11	0	-1.05752	0	-3.10748	0	-14.4437	2.98351e-10	-0.703901	0	-0.878349	0	-1.23436	0
5.02643	0	-11.3701	0	-1.32817	0	-9.67662	0	-0.479607	0	-15.2426	1.50529e-09	-7.43013	0	-15.7865	4.31265e-09	-0.92489	0	-0.592283	0	-0.924926	0	-0.643627	0	-0.924931	0	-0.951368	0	-14.8696	7.13221e-10	-10.0897	0	-8.49239	0	-0.924692	0	-11	0	-1.05659	0	-3.10747	0	-14.4433	2.981e-10	-0.703901	0	-0.878349	0	-1.23436	0
5.02535	0	-11.3681	0	-1.32792	0	-9.67635	0	-0.479607	0	-15.2399	1.49733e-09	-7.43013	0	-15.7856	4.30595e-09	-0.92489	0	-0.592284	0	-0.924926	0	-0.643705	0	-0.924931	0	-0.950829	0	-14.8692	7.12562e-10	-10.089	0	-8.49215	0	-0.924692	0	-10.9996	0	-1.05612	0	-3.10734	0	-14.4425	2.97599e-10	-0.703901	0	-0.878349	0	-1.23436	0
5.02216	0	-11.3662	0	-1.32517	0	-9.67635	0	-0.479607	0	-15.2382	1.49223e-09	-7.43013	0	-15.7847	4.29863e-09	-0.92489	0	-0.592284	0	-0.924926	0	-0.643744	0	-0.924931	0	-0.950536	0	-14.8691	7.12428e-10	-10.089	0	-8.49215	0	-0.924692	0	-10.9992	0	-1.0555	0	-3.10734	0	-14.4425	2.9756e-10	-0.703901	0	-0.878349	0	-1.23436	0
5.0189	0	-11.3662	0	-1.32541	0	-9.67635	0	-0.479608	0	-15.2363	1.48679e-09	-7.43013	0	-15.7842	4.29421e-09	-0.92489	0	-0.592284	0	-0.924926	0	-0.64385	0	-0.924931	0	-0.950536	0	-14.8687	7.11886e-10	-10.089	0	-8.49159	0	-0.924692	0	-10.9991	0	-1.0555	0	-3.10734	0	-14.4421	2.97355e-10	-0.703901	0	-0.878349	0	-1.23436	0
5.01682	0	-11.3662	0	-1.32542	0	-9.67579	0	-0.479608	0	-15.232	1.47419e-09	-7.43013	0	-15.7842	4.29421e-09	-0.92489	0	-0.592284	0	-0.924926	0	-0.644049	0	-0.924931	0	-0.950536	0	-14.8686	7.11688e-10	-10.089	0	-8.49159	0	-0.924692	0	-10.999	0	-1.05519	0	-3.1073	0	-14.4413	2.96857e-10	-0.703901	0	-0.878349	0	-1.2345	0
5.01474	0	-11.3662	0	-1.3254	0	-9.6733	0	-0.47961	0	-15.2292	1.46622e-09	-7.43013	0	-15.7837	4.29047e-09	-0.92489	0	-0.592284	0	-0.924926	0	-0.644185	0	-0.924931	0	-0.949813	0	-14.8683	7.11356e-10	-10.089	0	-8.49159	0	-0.924692	0	-10.999	0	-1.05519	0	-3.1071	0	-14.441	2.96671e-10	-0.703901	0	-0.878349	0	-1.2345	0
5.01062	0	-11.3648	0	-1.32519	0	-9.67269	0	-0.47961	0	-15.2283	1.46362e-09	-7.43013	0	-15.7826	4.28111e-09	-0.92489	0	-0.592284	0	-0.924926	0	-0.644309	0	-0.924931	0	-0.949658	0	-14.8649	7.06457e-10	-10.0872	0	-8.49149	0	-0.924692	0	-10.999	0	-1.05477	0	-3.1067	0	-14.4404	2.96269e-10	-0.703901	0	-0.878349	0	-1.23457	0
5.00871	0	-11.363	0	-1.325	0	-9.67267	0	-0.47961	0	-15.2248	1.45346e-09	-7.42982	0	-15.7802	4.26171e-09	-0.92489	0	-0.592285	0	-0.924926	0	-0.644354	0	-0.924931	0	-0.949665	0	-14.8618	7.0213e-10	-10.0859	0	-8.49142	0	-0.924693	0	-10.9989	0	-1.05402	0	-3.10655	0	-14.4401	2.96089e-10	-0.703901	0	-0.878349	0	-1.2346	0
5.00568	0	-11.363	0	-1.3246	0	-9.67118	0	-0.47961	0	-15.2191	1.43746e-09	-7.42982	0	-15.7792	4.25373e-09	-0.92489	0	-0.592285	0	-0.924926	0	-0.644383	0	-0.924931	0	-0.949506	0	-14.8593	6.98714e-10	-10.0852	0	-8.49135	0	-0.924693	0	-10.9986	0	-1.05397	0	-3.10627	0	-14.44	2.96023e-10	-0.703901	0	-0.878349	0	-1.2346	0
5.00285	0	-11.3622	0	-1.32282	0	-9.67115	0	-0.47961	0	-15.2179	1.43409e-09	-7.42962	0	-15.778	4.24382e-09	-0.924891	0	-0.592285	0	-0.924926	0	-0.644445	0	-0.924931	0	-0.948756	0	-14.8576	6.9625e-10	-10.0851	0	-8.49135	0	-0.924693	0	-10.9983	0	-1.05397	0	-3.10635	0	-14.4399	2.95985e-10	-0.703901	0	-0.878349	0	-1.23455	0
5.0023	0	-11.3617	0	-1.32279	0	-9.67102	0	-0.47961	0	-15.2166	1.43036e-09	-7.42849	0	-15.7753	4.22259e-09	-0.924891	0	-0.592285	0	-0.924926	0	-0.644589	0	-0.924931	0	-0.948748	0	-14.8566	6.94894e-10	-10.0851	0	-8.4913	0	-0.924695	0	-10.9975	0	-1.05397	0	-3.10599	0	-14.4397	2.9586e-10	-0.703901	0	-0.878349	0	-1.23416	0
5.00004	0	-11.3617	0	-1.32274	0	-9.67102	0	-0.47961	0	-15.2092	1.40929e-09	-7.4283	0	-15.7738	4.21063e-09	-0.924891	0	-0.592285	0	-0.924926	0	-0.644625	0	-0.924931	0	-0.948748	0	-14.8563	6.94433e-10	-10.0848	0	-8.49054	0	-0.924697	0	-10.9969	0	-1.05319	0	-3.10599	0	-14.4393	2.95613e-10	-0.703901	0	-0.878349	0	-1.23392	0
4.99922	0	-11.3615	0	-1.32202	0	-9.67102	0	-0.47961	0	-15.2041	1.39517e-09	-7.42814	0	-15.773	4.20414e-09	-0.924891	0	-0.592285	0	-0.924926	0	-0.644646	0	-0.924931	0	-0.948748	0	-14.856	6.94048e-10	-10.0843	0	-8.48921	0	-0.924698	0	-10.9964	0	-1.05283	0	-3.10599	0	-14.4391	2.95492e-10	-0.703901	0	-0.878349	0	-1.23392	0
4.99922	0	-11.361	0	-1.3216	0	-9.67037	0	-0.47961	0	-15.2032	1.3927e-09	-7.42812	0	-15.7679	4.16312e-09	-0.924891	0	-0.592285	0	-0.924926	0	-0.644664	0	-0.924931	0	-0.94826	0	-14.8556	6.93516e-10	-10.082	0	-8.48921	0	-0.924699	0	-10.9961	0	-1.05215	0	-3.10553	0	-14.4389	2.95359e-10	-0.703901	0	-0.878349	0	-1.23406	0
4.99811	0	-11.361	0	-1.32044	0	-9.66878	0	-0.538204	0.000190457	-15.202	1.38956e-09	-7.42682	0	-15.7635	4.12906e-09	-0.924891	0	-0.592285	0	-0.924926	0	-0.644754	0	-0.924931	0	-0.947502	0	-14.8556	6.9351e-10	-10.0816	0	-8.48913	0	-0.924699	0	-10.9959	0	-1.0506	0	-3.10511	0	-14.4388	2.95297e-10	-0.703901	0	-0.878349	0	-1.23401	0
4.99789	0	-11.3606	0	-1.32044	0	-9.66814	0	-0.617305	0.00019882	-15.2019	1.38907e-09	-7.42664	0	-15.7582	4.08747e-09	-0.924891	0	-0.592285	0	-0.924926	0	-0.644805	0	-0.924931	0	-0.947502	0	-14.8556	6.93471e-10	-10.0816	0	-8.48913	0	-0.9247	0	-10.9959	0	-1.0506	0	-3.10473	0	-14.4386	2.95199e-10	-0.703901	0	-0.878349	0	-1.23377	0
4.99748	0	-11.3571	0	-1.32018	0	-9.66752	0	-0.67297	0.000199119	-15.2008	1.38608e-09	-7.42659	0	-15.7565	4.07379e-09	-0.924891	0	-0.592285	0	-0.924927	0	-0.644945	0	-0.924931	0	-0.947502	0	-14.8552	6.92955e-10	-10.0801	0	-8.48894	0	-0.9247	0	-10.9955	0	-1.05008	0	-3.10469	0	-14.438	2.94844e-10	-0.703901	0	-0.878349	0	-1.23372	0
4.99703	0	-11.3571	0	-1.3192	0	-9.66738	0	-0.694942	0.000199559	-15.1997	1.38315e-09	-7.42659	0	-15.7551	4.06349e-09	-0.924891	0	-0.592285	0	-0.924927	0	-0.64503	0	-0.924931	0	-0.947502	0	-14.8548	6.92375e-10	-10.0798	0	-8.4889	0	-0.9247	0	-10.9953	0	-1.04896	0	-3.10469	0	-14.438	2.94816e-10	-0.703901	0	-0.878349	0	-1.23369	0
4.99515	0	-11.3571	0	-1.31914	0	-9.66738	0	-0.716182	0.000199369	-15.1988	1.38082e-09	-7.42659	0	-15.7546	4.05957e-09	-0.924891	0	-0.592285	0	-0.924927	0	-0.645088	0	-0.924931	0	-0.947502	0	-14.8546	6.92083e-10	-10.0798	0	-8.48875	0	-0.9247	0	-10.995	0	-1.04896	0	-3.10467	0	-14.4379	2.94781e-10	-0.703901	0	-0.878349	0	-1.23404	0
4.99452	0	-11.3571	0	-1.31895	0	-9.66699	0	-0.729366	0.00019972	-15.1976	1.37753e-09	-7.42574	0	-15.7537	4.0525e-09	-0.924891	0	-0.592285	0	-0.924927	0	-0.645189	0	-0.924931	0	-0.947502	0	-14.8545	6.91901e-10	-10.0798	0	-8.48785	0	-0.9247	0	-10.995	0	-1.04896	0	-3.10444	0	-14.4378	2.94697e-10	-0.703901	0	-0.878349	0	-1.234	0
4.99397	0	-11.3571	0	-1.31895	0	-9.66615	0	-0.740352	0.000199748	-15.1968	1.37518e-09	-7.42548	0	-15.7535	4.05092e-09	-0.924891	0	-0.592288	0	-0.924927	0	-0.645743	0	-0.924931	0	-0.947502	0	-14.852	6.88467e-10	-10.0798	0	-8.48758	0	-0.9247	0	-10.9949	0	-1.04896	0	-3.10435	0	-14.4375	2.94562e-10	-0.703901	0	-0.878349	0	-1.23413	0
4.99378	0	-11.3569	0	-1.31895	0	-9.66603	0	-0.753536	0.000198982	-15.1947	1.36962e-09	-7.42516	0	-15.7535	4.05068e-09	-0.924891	0	-0.592289	0	-0.924927	0	-0.646015	0	-0.924931	0	-0.947502	0	-14.8517	6.88075e-10	-10.0798	0	-8.48728	0	-0.9247	0	-10.9936	0	-1.04878	0	-3.10435	0	-14.4375	2.94527e-10	-0.703901	0	-0.878349	0	-1.23424	0
4.99334	0	-11.3552	0	-1.31895	0	-9.66603	0	-0.76672	0.000199832	-15.1943	1.36861e-09	-7.42516	0	-15.7533	4.04933e-09	-0.924891	0	-0.592291	0	-0.924927	0	-0.646256	0	-0.924931	0	-0.947502	0	-14.8506	6.86623e-10	-10.0793	0	-8.48699	0	-0.9247	0	-10.9932	0	-1.04878	0	-3.1043	0	-14.4374	2.94467e-10	-0.703901	0	-0.878349	0	-1.23426	0
4.99249	0	-11.3552	0	-1.31895	0	-9.66593	0	-0.47961	0.0001	-15.1928	1.36444e-09	-7.42516	0	-15.7529	4.04623e-09	-0.924891	0	-0.592292	0	-0.924927	0	-0.646403	0	-0.924931	0	-0.947502	0	-14.8504	6.86355e-10	-10.0783	0	-8.48699	0	-0.9247	0	-10.993	0	-1.04878	0	-3.10368	0	-14.4373	2.94438e-10	-0.703901	0	-0.878349	0	-1.23429	0
4.98964	0	-11.3552	0	-1.31895	0	-9.66554	0	-0.526485	0.000186179	-15.1927	1.36437e-09	-7.42503	0	-15.7524	4.04208e-09	-0.924891	0	-0.592292	0	-0.924927	0	-0.646475	0	-0.924931	0	-0.947137	0	-14.8504	6.86319e-10	-10.0782	0	-8.48699	0	-0.9247	0	-10.993	0	-1.04857	0	-3.10368	0	-14.437	2.9421e-10	-0.703901	0	-0.878349	0	-1.23438	0
4.98895	0	-11.3545	0	-1.31895	0	-9.66554	0	-0.614376	0.000197522	-15.1923	1.36336e-09	-7.42503	0	-15.752	4.03897e-09	-0.924891	0	-0.592296	0	-0.924927	0	-0.646491	0	-0.924931	0	-0.946906	0	-14.8503	6.86283e-10	-10.0782	0	-8.48699	0	-0.9247	0	-10.993	0	-1.04832	0	-3.10368	0	-14.4369	2.94152e-10	-0.703901	0	-0.878349	0	-1.2344	0
4.98777	0	-11.3545	0	-1.31904	0	-9.65983	0	-0.671505	0.000198555	-15.1919	1.36218e-09	-7.42503	0	-15.7512	4.03292e-09	-0.924891	0	-0.592297	0	-0.924927	0	-0.647305	0	-0.924931	0	-0.946884	0	-14.8503	6.86171e-10	-10.0781	0	-8.48699	0	-0.9247	0	-10.9927	0	-1.04802	0	-3.10368	0	-14.4368	2.94111e-10	-0.703901	0	-0.878349	0	-1.2343	0
4.98716	0	-11.3545	0	-1.31891	0	-9.65983	0	-0.694942	0.000199559	-15.191	1.35987e-09	-7.42503	0	-15.7506	4.02835e-09	-0.924891	0	-0.592297	0	-0.924927	0	-0.64777	0	-0.924931	0	-0.946588	0	-14.8502	6.86089e-10	-10.0777	0	-8.48696	0	-0.9247	0	-10.9923	0	-1.04802	0	-3.10368	0	-14.4368	2.94093e-10	-0.703901	0	-0.878349	0	-1.23415	0
4.98595	0	-11.3545	0	-1.31889	0	-9.65983	0	-0.714718	0.000199903	-15.1906	1.35866e-09	-7.42448	0	-15.75	4.0237e-09	-0.924891	0	-0.592297	0	-0.924927	0	-0.648452	0	-0.924931	0	-0.946454	0	-14.8502	6.86044e-10	-10.0775	0	-8.48696	0	-0.924702	0	-10.9923	0	-1.04793	0	-3.10368	0	-14.4366	2.94008e-10	-0.703901	0	-0.878349	0	-1.23399	0
4.98511	0	-11.3545	0	-1.3187	0	-9.65983	0	-0.726436	0.000199622	-15.1895	1.35578e-09	-7.42447	0	-15.7498	4.02231e-09	-0.924891	0	-0.592297	0	-0.924927	0	-0.648623	0	-0.924931	0	-0.946454	0	-14.8501	6.85931e-10	-10.0771	0	-8.48694	0	-0.924702	0	-10.9918	0	-1.04786	0	-3.10368	0	-14.4366	2.93972e-10	-0.703901	0	-0.878349	0	-1.23399	0
4.98037	0	-11.3545	0	-1.31871	0	-9.65983	0	-0.740352	0.000199748	-15.1891	1.35476e-09	-7.42305	0	-15.7496	4.02102e-09	-0.924891	0	-0.592297	0	-0.924927	0	-0.649583	0	-0.924931	0	-0.945463	0	-14.8501	6.85889e-10	-10.0771	0	-8.48691	0	-0.924702	0	-10.9918	0	-1.047	0	-3.10368	0	-14.4358	2.93485e-10	-0.703901	0	-0.878349	0	-1.23399	0
4.97931	0	-11.3545	0	-1.31875	0	-9.65983	0	-0.752804	0.000199757	-15.189	1.35429e-09	-7.4216	0	-15.7495	4.02022e-09	-0.924891	0	-0.592297	0	-0.924927	0	-0.650064	0	-0.924931	0	-0.945166	0	-14.8499	6.85633e-10	-10.0771	0	-8.48689	0	-0.924703	0	-10.9916	0	-1.047	0	-3.10368	0	-14.4349	2.92963e-10	-0.703901	0	-0.878349	0	-1.2339	0
4.97439	0	-11.3545	0	-1.31875	0	-9.65983	0	-0.765987	0.000199536	-15.1867	1.34826e-09	-7.4216	0	-15.7474	4.0045e-09	-0.924891	0	-0.592298	0	-0.924927	0	-0.650164	0	-0.924931	0	-0.944911	0	-14.8478	6.82822e-10	-10.0771	0	-8.48676	0	-0.924703	0	-10.9879	0	-1.047	0	-3.10368	0	-14.4332	2.91909e-10	-0.703901	0	-0.878349	0	-1.2337	0
4.97377	0	-11.3545	0	-1.31875	0	-9.65983	0	-0.47961	0	-15.186	1.34651e-09	-7.42094	0	-15.7466	3.99807e-09	-0.924891	0	-0.592298	0	-0.924927	0	-0.65026	0	-0.924931	0	-0.944753	0	-14.8455	6.79631e-10	-10.0771	0	-8.48676	0	-0.924703	0	-10.9868	0	-1.047	0	-3.10368	0	-14.4329	2.91754e-10	-0.703901	0	-0.878349	0	-1.2337	0
4.97365	0	-11.3544	0	-1.31875	0	-9.65983	0	-0.479611	0	-15.1815	1.33468e-09	-7.42039	0	-15.7464	3.9964e-09	-0.924891	0	-0.592298	0	-0.924927	0	-0.650285	0	-0.924931	0	-0.944696	0	-14.8451	6.79048e-10	-10.0771	0	-8.48675	0	-0.924703	0	-10.9868	0	-1.04665	0	-3.10368	0	-14.4306	2.90361e-10	-0.703901	0	-0.878349	0	-1.23366	0
4.9731	0	-11.3543	0	-1.31868	0	-9.65983	0	-0.479611	0	-15.1797	1.32984e-09	-7.42025	0	-15.7452	3.98761e-09	-0.924891	0	-0.592298	0	-0.924927	0	-0.650312	0	-0.924931	0	-0.944471	0	-14.8449	6.78766e-10	-10.0771	0	-8.48643	0	-0.924703	0	-10.9868	0	-1.04531	0	-3.10394	0	-14.4302	2.90132e-10	-0.703901	0	-0.878349	0	-1.23358	0
4.9725	0	-11.3541	0	-1.31866	0	-9.65983	0	-0.479611	0	-15.1747	1.31679e-09	-7.42021	0	-15.7438	3.97723e-09	-0.924891	0	-0.592298	0	-0.924927	0	-0.650347	0	-0.924931	0	-0.944471	0	-14.8441	6.77703e-10	-10.0771	0	-8.48642	0	-0.924703	0	-10.9868	0	-1.04463	0	-3.10394	0	-14.4301	2.90064e-10	-0.703901	0	-0.878349	0	-1.23364	0
4.97019	0	-11.354	0	-1.31863	0	-9.65628	0	-0.479612	0	-15.1743	1.3159e-09	-7.4195	0	-15.7436	3.97568e-09	-0.924891	0	-0.5923	0	-0.924927	0	-0.650351	0	-0.924931	0	-0.944471	0	-14.8436	6.77037e-10	-10.077	0	-8.48642	0	-0.924703	0	-10.9868	0	-1.04424	0	-3.10394	0	-14.43	2.90034e-10	-0.703901	0	-0.878349	0	-1.23352	0
4.96619	0	-11.3539	0	-1.31863	0	-9.65628	0	-0.479612	0	-15.1731	1.31275e-09	-7.41911	0	-15.7432	3.97198e-09	-0.924891	0	-0.592301	0	-0.924927	0	-0.650359	0	-0.924931	0	-0.944008	0	-14.8427	6.75904e-10	-10.0768	0	-8.48638	0	-0.924703	0	-10.9867	0	-1.04424	0	-3.10394	0	-14.4299	2.89976e-10	-0.703901	0	-0.878349	0	-1.23349	0
4.9586	0	-11.3536	0	-1.31866	0	-9.65628	0	-0.479612	0	-15.1726	1.31133e-09	-7.41894	0	-15.7428	3.96957e-09	-0.924891	0	-0.592301	0	-0.924927	0	-0.650361	0	-0.924931	0	-0.944008	0	-14.8424	6.75454e-10	-10.0768	0	-8.48638	0	-0.924703	0	-10.9855	0	-1.04424	0	-3.10394	0	-14.4298	2.89888e-10	-0.703901	0	-0.878349	0	-1.23345	0
4.956	0	-11.3533	0	-1.31862	0	-9.65628	0	-0.479612	0	-15.1724	1.31102e-09	-7.41764	0	-15.7423	3.96534e-09	-0.924891	0	-0.592302	0	-0.924927	0	-0.650363	0	-0.924931	0	-0.943977	0	-14.8423	6.75304e-10	-10.0766	0	-8.48631	0	-0.924703	0	-10.9855	0	-1.04369	0	-3.10394	0	-14.4291	2.89488e-10	-0.703901	0	-0.878349	0	-1.23345	0
4.95523	0	-11.3533	0	-1.31864	0	-9.65628	0	-0.479612	0	-15.1724	1.31085e-09	-7.41731	0	-15.742	3.96356e-09	-0.924891	0	-0.592303	0	-0.924927	0	-0.650376	0	-0.924931	0	-0.943942	0	-14.8421	6.75018e-10	-10.0766	0	-8.48631	0	-0.924703	0	-10.9855	0	-1.04369	0	-3.10395	0	-14.4291	2.8947e-10	-0.703901	0	-0.878349	0	-1.23345	0
4.95443	0	-11.352	0	-1.31863	0	-9.65628	0	-0.479612	0	-15.1723	1.31079e-09	-7.41731	0	-15.7419	3.96279e-09	-0.924891	0	-0.592303	0	-0.924927	0	-0.65043	0	-0.924931	0	-0.943933	0	-14.8419	6.74752e-10	-10.0766	0	-8.48627	0	-0.924703	0	-10.9855	0	-1.04196	0	-3.10394	0	-14.4291	2.89466e-10	-0.703901	0	-0.878349	0	-1.23345	0
4.9543	0	-11.3515	0	-1.3186	0	-9.65628	0	-0.479613	0	-15.1723	1.31053e-09	-7.41731	0	-15.7418	3.96199e-09	-0.924891	0	-0.592303	0	-0.924927	0	-0.650516	0	-0.924931	0	-0.943933	0	-14.8415	6.74313e-10	-10.0766	0	-8.48627	0	-0.924703	0	-10.9855	0	-1.04196	0	-3.10281	0	-14.4291	2.89463e-10	-0.703901	0	-0.878349	0	-1.2334	0
4.95395	0	-11.3513	0	-1.31852	0	-9.65588	0	-0.479613	0	-15.1722	1.31047e-09	-7.41704	0	-15.7417	3.96119e-09	-0.924891	0	-0.592304	0	-0.924927	0	-0.650783	0	-0.924931	0	-0.943991	0	-14.8411	6.73805e-10	-10.0765	0	-8.48627	0	-0.924703	0	-10.9855	0	-1.04196	0	-3.10274	0	-14.4291	2.89461e-10	-0.703901	0	-0.878349	0	-1.23339	0
4.95222	0	-11.3513	0	-1.3184	0	-9.65566	0	-0.479613	0	-15.1722	1.31046e-09	-7.41704	0	-15.7417	3.96089e-09	-0.924891	0	-0.592304	0	-0.924927	0	-0.650811	0	-0.924931	0	-0.943991	0	-14.84	6.72283e-10	-10.0765	0	-8.48612	0	-0.924703	0	-10.9855	0	-1.04196	0	-3.10271	0	-14.4289	2.89364e-10	-0.703901	0	-0.878349	0	-1.23339	0
4.95178	0	-11.3511	0	-1.31808	0	-9.65525	0	-0.479614	0	-15.1722	1.31046e-09	-7.41697	0	-15.7416	3.96e-09	-0.924891	0	-0.592304	0	-0.924927	0	-0.650909	0	-0.924931	0	-0.943991	0	-14.84	6.72221e-10	-10.0765	0	-8.48596	0	-0.924703	0	-10.9855	0	-1.04196	0	-3.1027	0	-14.4288	2.89308e-10	-0.703901	0	-0.878349	0	-1.23341	0
4.95163	0	-11.3507	0	-1.31795	0	-9.65525	0	-0.479616	0	-15.1722	1.31046e-09	-7.41671	0	-15.7416	3.95996e-09	-0.924891	0	-0.592304	0	-0.924927	0	-0.651277	0	-0.924931	0	-0.943991	0	-14.84	6.72197e-10	-10.0765	0	-8.48596	0	-0.924703	0	-10.9855	0	-1.04196	0	-3.10262	0	-14.4288	2.89299e-10	-0.703901	0	-0.878349	0	-1.23339	0
4.95156	0	-11.3492	0	-1.31794	0	-9.65519	0	-0.479619	0	-15.1722	1.31046e-09	-7.41597	0	-15.7416	3.9599e-09	-0.924891	0	-0.592304	0	-0.924927	0	-0.651488	0	-0.924931	0	-0.944053	0	-14.8398	6.71949e-10	-10.0764	0	-8.48596	0	-0.924704	0	-10.9855	0	-1.04196	0	-3.10245	0	-14.4288	2.89296e-10	-0.703901	0	-0.878349	0	-1.23339	0
4.95137	0	-11.349	0	-1.31794	0	-9.65519	0	-0.47962	0	-15.1722	1.31046e-09	-7.41543	0	-15.7415	3.95977e-09	-0.924891	0	-0.592305	0	-0.924927	0	-0.651501	0	-0.924931	0	-0.944055	0	-14.8395	6.71588e-10	-10.0763	0	-8.48596	0	-0.924704	0	-10.9855	0	-1.04196	0	-3.10227	0	-14.4288	2.8929e-10	-0.703901	0	-0.878349	0	-1.23339	0
4.95115	0	-11.3484	0	-1.31797	0	-9.65499	0	-0.479621	0	-15.1722	1.31046e-09	-7.41515	0	-15.7415	3.95973e-09	-0.924891	0	-0.592305	0	-0.924927	0	-0.651501	0	-0.924931	0	-0.944059	0	-14.8395	6.71547e-10	-10.0761	0	-8.48596	0	-0.924705	0	-10.9849	0	-1.03987	0	-3.10183	0	-14.4287	2.8922e-10	-0.703901	0	-0.878349	0	-1.23338	0
4.95077	0	-11.3475	0	-1.31785	0	-9.6514	0	-0.479622	0	-15.1722	1.31045e-09	-7.41515	0	-15.7415	3.95971e-09	-0.924891	0	-0.592305	0	-0.924927	0	-0.651542	0	-0.924931	0	-0.944065	0	-14.8395	6.71511e-10	-10.0761	0	-8.48596	0	-0.924705	0	-10.9842	0	-1.03987	0	-3.1016	0	-14.4286	2.89153e-10	-0.703901	0	-0.878349	0	-1.23336	0
4.95061	0	-11.3475	0	-1.31652	0	-9.65139	0	-0.479622	0	-15.1722	1.31044e-09	-7.41515	0	-15.7415	3.95969e-09	-0.924891	0	-0.592306	0	-0.924927	0	-0.651643	0	-0.924931	0	-0.944073	0	-14.8394	6.71394e-10	-10.0761	0	-8.48587	0	-0.924705	0	-10.9837	0	-1.03987	0	-3.10148	0	-14.4282	2.88926e-10	-0.703901	0	-0.878349	0	-1.23335	0
4.95041	0	-11.3475	0	-1.31568	0	-9.65139	0	-0.479622	0	-15.1722	1.31044e-09	-7.41424	0	-15.7415	3.95956e-09	-0.924891	0	-0.592306	0	-0.924927	0	-0.651838	0	-0.924931	0	-0.944076	0	-14.8387	6.70498e-10	-10.0761	0	-8.48573	0	-0.924705	0	-10.9837	0	-1.03987	0	-3.10128	0	-14.4257	2.87434e-10	-0.703901	0	-0.878349	0	-1.23335	0
4.94999	0	-11.3473	0	-1.31554	0	-9.65139	0	-0.479622	0	-15.1722	1.31044e-09	-7.41424	0	-15.7413	3.95773e-09	-0.924891	0	-0.592306	0	-0.924927	0	-0.65186	0	-0.924931	0	-0.944077	0	-14.8383	6.69972e-10	-10.0761	0	-8.48571	0	-0.924705	0	-10.9835	0	-1.03987	0	-3.10113	0	-14.4253	2.87196e-10	-0.703901	0	-0.878349	0	-1.23335	0
4.94943	0	-11.3471	0	-1.31518	0	-9.65139	0	-0.479622	0	-15.1722	1.31044e-09	-7.41424	0	-15.738	3.933e-09	-0.924891	0	-0.592306	0	-0.924927	0	-0.651889	0	-0.924931	0	-0.944082	0	-14.8338	6.63985e-10	-10.0761	0	-8.48571	0	-0.924706	0	-10.9835	0	-1.03987	0	-3.10089	0	-14.4245	2.86709e-10	-0.703901	0	-0.878349	0	-1.23335	0
4.94477	0	-11.3467	0	-1.3149	0	-9.65139	0	-0.479622	0	-15.1722	1.31044e-09	-7.41424	0	-15.7374	3.92858e-09	-0.924891	0	-0.592306	0	-0.924927	0	-0.651962	0	-0.924931	0	-0.944089	0	-14.8331	6.63044e-10	-10.0761	0	-8.48571	0	-0.924706	0	-10.9835	0	-1.03987	0	-3.10083	0	-14.4244	2.86688e-10	-0.703901	0	-0.878349	0	-1.23336	0
4.94224	0	-11.3466	0	-1.3149	0	-9.65139	0	-0.479622	0	-15.1722	1.31044e-09	-7.41424	0	-15.7371	3.92668e-09	-0.924891	0	-0.592306	0	-0.924927	0	-0.651995	0	-0.924931	0	-0.944056	0	-14.832	6.61468e-10	-10.0761	0	-8.48571	0	-0.924706	0	-10.9834	0	-1.03987	0	-3.10083	0	-14.4244	2.86652e-10	-0.703901	0	-0.878349	0	-1.23336	0
4.94062	0	-11.3466	0	-1.31465	0	-9.65139	0	-0.479622	0	-15.1722	1.31043e-09	-7.41424	0	-15.7371	3.92652e-09	-0.924891	0	-0.592306	0	-0.924927	0	-0.652075	0	-0.924931	0	-0.944009	0	-14.8271	6.55103e-10	-10.0761	0	-8.48571	0	-0.924706	0	-10.9833	0	-1.03987	0	-3.10076	0	-14.4244	2.86639e-10	-0.703901	0	-0.878349	0	-1.23336	0
4.93955	0	-11.3466	0	-1.31471	0	-9.65139	0	-0.479622	0	-15.1722	1.31043e-09	-7.41424	0	-15.7371	3.92634e-09	-0.924891	0	-0.592306	0	-0.924927	0	-0.652089	0	-0.924931	0	-0.944009	0	-14.8264	6.54139e-10	-10.0761	0	-8.48571	0	-0.924706	0	-10.9833	0	-1.03987	0	-3.10001	0	-14.4243	2.86596e-10	-0.703901	0	-0.878349	0	-1.23335	0
4.93825	0	-11.3466	0	-1.31471	0	-9.65139	0	-0.479622	0	-15.1722	1.31043e-09	-7.41424	0	-15.7368	3.92445e-09	-0.924891	0	-0.592307	0	-0.924927	0	-0.65214	0	-0.924931	0	-0.944009	0	-14.8263	6.54031e-10	-10.0761	0	-8.48571	0	-0.924706	0	-10.9833	0	-1.03987	0	-3.09804	0	-14.4243	2.86596e-10	-0.703901	0	-0.878349	0	-1.23335	0
4.93815	0	-11.3466	0	-1.31471	0	-9.65139	0	-0.479622	0	-15.1722	1.31043e-09	-7.41424	0	-15.7368	3.92436e-09	-0.924891	0	-0.592308	0	-0.924927	0	-0.652185	0	-0.924931	0	-0.944009	0	-14.8263	6.53937e-10	-10.0761	0	-8.48571	0	-0.924706	0	-10.9833	0	-1.03887	0	-3.09783	0	-14.4243	2.86596e-10	-0.703901	0	-0.878349	0	-1.23335	0
4.9371	0	-11.3435	0	-1.31471	0	-9.65139	0	-0.479622	0	-15.1722	1.31042e-09	-7.41424	0	-15.7368	3.92436e-09	-0.924891	0	-0.592308	0	-0.924927	0	-0.652189	0	-0.924931	0	-0.944009	0	-14.8262	6.53888e-10	-10.0761	0	-8.48571	0	-0.924706	0	-10.9833	0	-1.03853	0	-3.0978	0	-14.4243	2.86593e-10	-0.703901	0	-0.878349	0	-1.23334	0
4.93702	0	-11.3435	0	-1.31471	0	-9.65139	0	-0.479622	0	-15.1722	1.31041e-09	-7.41424	0	-15.7368	3.92434e-09	-0.924891	0	-0.592308	0	-0.924927	0	-0.652189	0	-0.924931	0	-0.944008	0	-14.8262	6.53888e-10	-10.0761	0	-8.48571	0	-0.924706	0	-10.9833	0	-1.03843	0	-3.0978	0	-14.4243	2.86575e-10	-0.703901	0	-0.878349	0	-1.23334	0
4.93702	0	-11.3435	0	-1.31488	0	-9.65139	0	-0.479622	0	-15.1693	1.30285e-09	-7.41424	0	-15.7368	3.92431e-09	-0.924891	0	-0.592308	0	-0.924927	0	-0.652196	0	-0.924931	0	-0.944008	0	-14.8262	6.53888e-10	-10.0761	0	-8.48571	0	-0.924706	0	-10.9833	0	-1.0384	0	-3.09777	0	-14.4242	2.86571e-10	-0.703901	0	-0.878349	0	-1.23334	0
4.93701	0	-11.3435	0	-1.31488	0	-9.65139	0	-0.479622	0	-15.1691	1.30255e-09	-7.41424	0	-15.7368	3.92431e-09	-0.924891	0	-0.592308	0	-0.924927	0	-0.652227	0	-0.924931	0	-0.943938	0	-14.8262	6.53846e-10	-10.0761	0	-8.48571	0	-0.924706	0	-10.9833	0	-1.0384	0	-3.09769	0	-14.4242	2.8657e-10	-0.703901	0	-0.878349	0	-1.23334	0
4.93641	0	-11.3435	0	-1.31435	0	-9.65139	0	-0.479622	0	-15.1691	1.30249e-09	-7.41424	0	-15.7368	3.92422e-09	-0.924891	0	-0.592308	0	-0.924927	0	-0.652228	0	-0.924931	0	-0.943937	0	-14.8261	6.53758e-10	-10.0761	0	-8.48571	0	-0.924706	0	-10.9833	0	-1.0384	0	-3.09764	0	-14.4242	2.8657e-10	-0.703901	0	-0.878349	0	-1.23334	0
4.93635	0	-11.3435	0	-1.31434	0	-9.65139	0	-0.479622	0	-15.1691	1.30248e-09	-7.41424	0	-15.7368	3.92405e-09	-0.924891	0	-0.592308	0	-0.924927	0	-0.65223	0	-0.924931	0	-0.943866	0	-14.8261	6.53753e-10	-10.0761	0	-8.48571	0	-0.924706	0	-10.9832	0	-1.0384	0	-3.09764	0	-14.4242	2.86565e-10	-0.703901	0	-0.878349	0	-1.23334	0
4.93511	0	-11.3435	0	-1.31413	0	-9.65139	0	-0.479622	0	-15.1691	1.30248e-09	-7.41424	0	-15.7368	3.92404e-09	-0.924891	0	-0.592308	0	-0.924927	0	-0.65223	0	-0.924931	0	-0.943866	0	-14.8261	6.53687e-10	-10.076	0	-8.48571	0	-0.924706	0	-10.9832	0	-1.0384	0	-3.09639	0	-14.4242	2.86565e-10	-0.703901	0	-0.878349	0	-1.23334	0
4.93259	0	-11.3435	0	-1.31413	0	-9.65139	0	-0.479622	0	-15.1691	1.30247e-09	-7.41424	0	-15.7368	3.92404e-09	-0.924891	0	-0.592308	0	-0.924927	0	-0.652231	0	-0.924931	0	-0.943866	0	-14.826	6.53668e-10	-10.076	0	-8.48571	0	-0.924706	0	-10.9832	0	-1.03839	0	-3.09577	0	-14.4242	2.86564e-10	-0.703901	0	-0.878349	0	-1.23334	0
4.93211	0	-11.3435	0	-1.31413	0	-9.65139	0	-0.479622	0	-15.1691	1.30247e-09	-7.41424	0	-15.7368	3.92404e-09	-0.924891	0	-0.592308	0	-0.924927	0	-0.652231	0	-0.924931	0	-0.943866	0	-14.826	6.53667e-10	-10.0759	0	-8.48571	0	-0.924706	0	-10.9832	0	-1.03827	0	-3.09577	0	-14.4241	2.86497e-10	-0.703901	0	-0.878349	0	-1.23334	0
4.93199	0	-11.3435	0	-1.31413	0	-9.65139	0	-0.479622	0	-15.1691	1.30247e-09	-7.41424	0	-15.7368	3.92404e-09	-0.924891	0	-0.592308	0	-0.924927	0	-0.652233	0	-0.924931	0	-0.943866	0	-14.826	6.53666e-10	-10.0759	0	-8.48571	0	-0.924706	0	-10.9832	0	-1.03827	0	-3.09434	0	-14.4238	2.86322e-10	-0.703901	0	-0.878349	0	-1.23334	0
4.93021	0	-11.3427	0	-1.31413	0	-9.65139	0	-0.479622	0	-15.1691	1.30246e-09	-7.41424	0	-15.7368	3.92404e-09	-0.924891	0	-0.592308	0	-0.924927	0	-0.652234	0	-0.924931	0	-0.943866	0	-14.826	6.53663e-10	-10.0759	0	-8.48571	0	-0.924706	0	-10.9831	0	-1.03827	0	-3.09345	0	-14.4238	2.86285e-10	-0.703901	0	-0.878349	0	-1.23334	0
4.92773	0	-11.3427	0	-1.31413	0	-9.65139	0	-0.479622	0	-15.1691	1.30246e-09	-7.41424	0	-15.7368	3.92404e-09	-0.924891	0	-0.592308	0	-0.924927	0	-0.652235	0	-0.924931	0	-0.943866	0	-14.826	6.53663e-10	-10.0758	0	-8.48571	0	-0.924706	0	-10.983	0	-1.03816	0	-3.09332	0	-14.4238	2.86284e-10	-0.703901	0	-0.878349	0	-1.23334	0
4.9252	0	-11.3427	0	-1.31413	0	-9.65139	0	-0.479622	0	-15.1691	1.30246e-09	-7.41424	0	-15.7368	3.92404e-09	-0.924891	0	-0.592308	0	-0.924927	0	-0.652235	0	-0.924931	0	-0.943866	0	-14.826	6.53662e-10	-10.0758	0	-8.48571	0	-0.924706	0	-10.983	0	-1.03786	0	-3.09332	0	-14.4238	2.86284e-10	-0.703901	0	-0.878349	0	-1.23334	0
4.92309	0	-11.3427	0	-1.31413	0	-9.65139	0	-0.479622	0	-15.1691	1.30246e-09	-7.41424	0	-15.7368	3.92404e-09	-0.924891	0	-0.592308	0	-0.924927	0	-0.652235	0	-0.924931	0	-0.943866	0	-14.826	6.53661e-10	-10.0758	0	-8.48571	0	-0.924706	0	-10.983	0	-1.03786	0	-3.09332	0	-14.4238	2.86284e-10	-0.703901	0	-0.878349	0	-1.23334	0
4.91984	0	-11.3427	0	-1.31413	0	-9.65139	0	-0.479622	0	-15.1691	1.30246e-09	-7.41403	0	-15.7368	3.92404e-09	-0.924891	0	-0.592308	0	-0.924927	0	-0.652236	0	-0.924931	0	-0.943866	0	-14.826	6.5366e-10	-10.0758	0	-8.48571	0	-0.924706	0	-10.983	0	-1.03786	0	-3.09322	0	-14.4238	2.86284e-10	-0.703901	0	-0.878349	0	-1.23334	0
4.90906	0	-11.3425	0	-1.31413	0	-9.65139	0	-0.479622	0	-15.1691	1.30246e-09	-7.41248	0	-15.7368	3.92404e-09	-0.924891	0	-0.592308	0	-0.924927	0	-0.652236	0	-0.924931	0	-0.943866	0	-14.826	6.5366e-10	-10.0757	0	-8.48569	0	-0.924706	0	-10.983	0	-1.03786	0	-3.09322	0	-14.4238	2.86284e-10	-0.703901	0	-0.878349	0	-1.23334	0
4.90798	0	-11.3425	0	-1.31413	0	-9.65139	0	-0.479622	0	-15.1691	1.30246e-09	-7.41074	0	-15.7368	3.92404e-09	-0.924891	0	-0.592308	0	-0.924927	0	-0.652245	0	-0.924931	0	-0.943866	0	-14.826	6.53659e-10	-10.0756	0	-8.48569	0	-0.924706	0	-10.983	0	-1.03786	0	-3.09307	0	-14.4238	2.86284e-10	-0.703901	0	-0.878349	0	-1.23334	0
4.90599	0	-11.3424	0	-1.31413	0	-9.65141	0	-0.479622	0	-15.1691	1.30246e-09	-7.41074	0	-15.7368	3.92404e-09	-0.924891	0	-0.592308	0	-0.924927	0	-0.652265	0	-0.924931	0	-0.943866	0	-14.826	6.53659e-10	-10.0755	0	-8.48565	0	-0.924706	0	-10.983	0	-1.03786	0	-3.09307	0	-14.4238	2.86284e-10	-0.703901	0	-0.878349	0	-1.23334	0
4.90537	0	-11.3424	0	-1.31413	0	-9.6514	0	-0.479623	0	-15.1691	1.30246e-09	-7.41074	0	-15.7368	3.92404e-09	-0.924891	0	-0.592308	0	-0.924927	0	-0.652267	0	-0.924931	0	-0.943866	0	-14.826	6.53659e-10	-10.0755	0	-8.48559	0	-0.924706	0	-10.983	0	-1.03786	0	-3.09307	0	-14.4238	2.86284e-10	-0.703901	0	-0.878349	0	-1.23334	0
4.90477	0	-11.3424	0	-1.31413	0	-9.65123	0	-0.479623	0	-15.1691	1.30246e-09	-7.41074	0	-15.7368	3.92404e-09	-0.924891	0	-0.592308	0	-0.924927	0	-0.652267	0	-0.924931	0	-0.943866	0	-14.826	6.53659e-10	-10.0755	0	-8.48559	0	-0.924706	0	-10.983	0	-1.03786	0	-3.09307	0	-14.4238	2.86284e-10	-0.703901	0	-0.878349	0	-1.23334	0
4.90402	0	-11.3424	0	-1.31413	0	-9.65118	0	-0.479623	0	-15.1653	1.29265e-09	-7.41064	0	-15.7368	3.92404e-09	-0.924891	0	-0.592308	0	-0.924927	0	-0.652267	0	-0.924931	0	-0.943866	0	-14.826	6.53659e-10	-10.0755	0	-8.48559	0	-0.924706	0	-10.983	0	-1.03786	0	-3.09306	0	-14.4238	2.86283e-10	-0.703901	0	-0.878349	0	-1.23334	0
4.9026	0	-11.3424	0	-1.31413	0	-9.65102	0	-0.479623	0	-15.1653	1.29265e-09	-7.41011	0	-15.7368	3.92404e-09	-0.924891	0	-0.592308	0	-0.924927	0	-0.652267	0	-0.924931	0	-0.943866	0	-14.826	6.53659e-10	-10.0755	0	-8.48557	0	-0.924706	0	-10.983	0	-1.03782	0	-3.09306	0	-14.4238	2.86283e-10	-0.703901	0	-0.878349	0	-1.23334	0
4.8989	0	-11.3424	0	-1.31413	0	-9.64851	0	-0.479623	0	-15.1653	1.29264e-09	-7.40965	0	-15.7368	3.92404e-09	-0.924891	0	-0.592308	0	-0.924927	0	-0.652267	0	-0.924931	0	-0.943866	0	-14.826	6.53659e-10	-10.0753	0	-8.48555	0	-0.924706	0	-10.983	0	-1.0375	0	-3.09302	0	-14.4238	2.86283e-10	-0.703901	0	-0.878349	0	-1.23334	0
4.8989	0	-11.3424	0	-1.31413	0	-9.64851	0	-0.479623	0	-15.1653	1.29264e-09	-7.40959	0	-15.7368	3.92404e-09	-0.924891	0	-0.592308	0	-0.924927	0	-0.652267	0	-0.924931	0	-0.943914	0	-14.826	6.53659e-10	-10.0752	0	-8.48555	0	-0.924706	0	-10.983	0	-1.03738	0	-3.09301	0	-14.4238	2.86283e-10	-0.703901	0	-0.878349	0	-1.23334	0
4.89883	0	-11.3424	0	-1.31413	0	-9.64851	0	-0.479623	0	-15.1653	1.29264e-09	-7.40956	0	-15.7368	3.92404e-09	-0.924891	0	-0.592308	0	-0.924927	0	-0.652292	0	-0.924931	0	-0.943916	0	-14.826	6.53659e-10	-10.0752	0	-8.48555	0	-0.924706	0	-10.983	0	-1.03732	0	-3.09301	0	-14.4238	2.86283e-10	-0.703901	0	-0.878349	0	-1.23334	0
4.89874	0	-11.3424	0	-1.31413	0	-9.64851	0	-0.479623	0	-15.1653	1.29264e-09	-7.40952	0	-15.7368	3.92404e-09	-0.924891	0	-0.592308	0	-0.924927	0	-0.652293	0	-0.924931	0	-0.943917	0	-14.826	6.53659e-10	-10.0752	0	-8.48555	0	-0.924706	0	-10.983	0	-1.03719	0	-3.09301	0	-14.4238	2.86283e-10	-0.703901	0	-0.878349	0	-1.23334	0
4.89873	0	-11.3424	0	-1.31413	0	-9.64851	0	-0.479623	0	-15.1653	1.29264e-09	-7.40952	0	-15.7368	3.92404e-09	-0.924891	0	-0.592308	0	-0.924927	0	-0.652293	0	-0.924931	0	-0.943917	0	-14.826	6.53659e-10	-10.0752	0	-8.48555	0	-0.924706	0	-10.983	0	-1.03717	0	-3.09301	0	-14.4238	2.86283e-10	-0.703901	0	-0.878349	0	-1.23334	0
4.89873	0	-11.3424	0	-1.31413	0	-9.64851	0	-0.479623	0	-15.1653	1.29264e-09	-7.40952	0	-15.7368	3.92404e-09	-0.924891	0	-0.592308	0	-0.924927	0	-0.652293	0	-0.924931	0	-0.943917	0	-14.826	6.53659e-10	-10.0752	0	-8.48555	0	-0.924706	0	-10.983	0	-1.03687	0	-3.09301	0	-14.4238	2.86283e-10	-0.703901	0	-0.878349	0	-1.23334	0
4.89873	0	-11.3424	0	-1.31413	0	-9.64851	0	-0.479623	0	-15.1653	1.29264e-09	-7.40952	0	-15.7368	3.92404e-09	-0.924891	0	-0.592308	0	-0.924927	0	-0.652293	0	-0.924931	0	-0.943917	0	-14.826	6.53659e-10	-10.0752	0	-8.48555	0	-0.924706	0	-10.983	0	-1.03682	0	-3.09301	0	-14.4238	2.86283e-10	-0.703901	0	-0.878349	0	-1.23334	0
4.89872	0	-11.3424	0	-1.31413	0	-9.6484	0	-0.479623	0	-15.1653	1.29264e-09	-7.40952	0	-15.7368	3.92404e-09	-0.924891	0	-0.592308	0	-0.924927	0	-0.652293	0	-0.924931	0	-0.943918	0	-14.826	6.53659e-10	-10.0752	0	-8.48553	0	-0.924706	0	-10.983	0	-1.03674	0	-3.09301	0	-14.4238	2.86283e-10	-0.703901	0	-0.878349	0	-1.23334	0
4.89872	0	-11.3424	0	-1.31413	0	-9.64838	0	-0.479623	0	-15.1653	1.29264e-09	-7.40952	0	-15.7368	3.92404e-09	-0.924891	0	-0.592308	0	-0.924927	0	-0.652293	0	-0.924931	0	-0.943918	0	-14.826	6.53659e-10	-10.0752	0	-8.48553	0	-0.924706	0	-10.9829	0	-1.0367	0	-3.09301	0	-14.4238	2.86283e-10	-0.703901	0	-0.878349	0	-1.23334	0
4.89872	0	-11.3424	0	-1.31413	0	-9.64836	0	-0.479623	0	-15.1653	1.29264e-09	-7.40952	0	-15.7368	3.92404e-09	-0.924891	0	-0.592308	0	-0.924927	0	-0.652293	0	-0.924931	0	-0.943918	0	-14.826	6.53659e-10	-10.0752	0	-8.48552	0	-0.924706	0	-10.9829	0	-1.03667	0	-3.09301	0	-14.4238	2.86283e-10	-0.703901	0	-0.878349	0	-1.23334	0
4.89872	0	-11.3424	0	-1.31413	0	-9.64835	0	-0.479623	0	-15.1653	1.29264e-09	-7.40952	0	-15.7368	3.92404e-09	-0.924891	0	-0.592308	0	-0.924927	0	-0.652293	0	-0.924931	0	-0.943918	0	-14.826	6.53659e-10	-10.0752	0	-8.48544	0	-0.924706	0	-10.9829	0	-1.03644	0	-3.09301	0	-14.4238	2.86283e-10	-0.703901	0	-0.878349	0	-1.23334	0
4.89871	0	-11.3424	0	-1.31413	0	-9.64835	0	-0.479623	0	-15.1653	1.29264e-09	-7.40952	0	-15.7368	3.92401e-09	-0.924891	0	-0.592308	0	-0.924927	0	-0.652293	0	-0.924931	0	-0.943918	0	-14.826	6.53659e-10	-10.0752	0	-8.48506	0	-0.924706	0	-10.9829	0	-1.03604	0	-3.09301	0	-14.4238	2.86283e-10	-0.703901	0	-0.878349	0	-1.23334	0
4.89871	0	-11.3424	0	-1.31413	0	-9.64835	0	-0.479623	0	-15.1653	1.29264e-09	-7.40952	0	-15.7368	3.92401e-09	-0.924891	0	-0.592308	0	-0.924927	0	-0.652293	0	-0.924931	0	-0.943918	0	-14.826	6.53659e-10	-10.0752	0	-8.48468	0	-0.924706	0	-10.9829	0	-1.03565	0	-3.09301	0	-14.4238	2.86283e-10	-0.703901	0	-0.878349	0	-1.23334	0
4.89871	0	-11.3424	0	-1.31413	0	-9.64835	0	-0.479623	0	-15.1653	1.29264e-09	-7.40952	0	-15.7368	3.92401e-09	-0.924891	0	-0.592308	0	-0.924927	0	-0.652293	0	-0.924931	0	-0.943918	0	-14.826	6.53659e-10	-10.0752	0	-8.48468	0	-0.924706	0	-10.9829	0	-1.03561	0	-3.09301	0	-14.4238	2.86283e-10	-0.703901	0	-0.878349	0	-1.23334	0
4.89871	0	-11.3424	0	-1.31413	0	-9.64835	0	-0.479623	0	-15.1653	1.29264e-09	-7.40952	0	-15.7368	3.92401e-09	-0.924891	0	-0.592308	0	-0.924927	0	-0.652293	0	-0.924931	0	-0.943918	0	-14.826	6.53659e-10	-10.0752	0	-8.48468	0	-0.924706	0	-10.9829	0	-1.03555	0	-3.09301	0	-14.4238	2.86283e-10	-0.703901	0	-0.878349	0	-1.23334	0
4.89871	0	-11.3424	0	-1.31413	0	-9.64835	0	-0.479623	0	-15.1653	1.29264e-09	-7.40952	0	-15.7368	3.92401e-09	-0.924891	0	-0.592308	0	-0.924927	0	-0.652293	0	-0.924931	0	-0.943918	0	-14.826	6.53659e-10	-10.0752	0	-8.48412	0	-0.924706	0	-10.9829	0	-1.03555	0	-3.09301	0	-14.4238	2.86283e-10	-0.703901	0	-0.878349	0	-1.23334	0
4.89871	0	-11.3424	0	-1.31413	0	-9.64835	0	-0.479623	0	-15.1653	1.29264e-09	-7.40952	0	-15.7368	3.92401e-09	-0.924891	0	-0.592308	0	-0.924927	0	-0.652293	0	-0.924931	0	-0.943918	0	-14.826	6.53659e-10	-10.0752	0	-8.48412	0	-0.924706	0	-10.9829	0	-1.03555	0	-3.09301	0	-14.4238	2.86283e-10	-0.703901	0	-0.878349	0	-1.23334	0
4.89871	0	-11.3424	0	-1.31413	0	-9.64835	0	-0.479623	0	-15.1653	1.29264e-09	-7.40952	0	-15.7368	3.92401e-09	-0.924891	0	-0.592308	0	-0.924927	0	-0.652293	0	-0.924931	0	-0.943918	0	-14.826	6.53659e-10	-10.0752	0	-8.48412	0	-0.924706	0	-10.9829	0	-1.03555	0	-3.09301	0	-14.4238	2.86283e-10	-0.703901	0	-0.878349	0	-1.23334	0
4.89871	0	-11.3424	0	-1.31413	0	-9.64834	0	-0.479623	0	-15.1653	1.29264e-09	-7.40952	0	-15.7368	3.92401e-09	-0.924891	0	-0.592308	0	-0.924927	0	-0.652293	0	-0.924931	0	-0.943918	0	-14.826	6.53659e-10	-10.0752	0	-8.48412	0	-0.924706	0	-10.9829	0	-1.03555	0	-3.09301	0	-14.4238	2.86283e-10	-0.703901	0	-0.878349	0	-1.23334	0
4.89871	0	-11.3424	0	-1.31413	0	-9.64834	0	-0.479623	0	-15.1653	1.29264e-09	-7.40952	0	-15.7368	3.92401e-09	-0.924891	0	-0.592308	0	-0.924927	0	-0.652293	0	-0.924931	0	-0.943918	0	-14.826	6.53659e-10	-10.0752	0	-8.48412	0	-0.924706	0	-10.9829	0	-1.03555	0	-3.09301	0	-14.4238	2.86283e-10	-0.703901	0	-0.878349	0	-1.23334	0
4.89871	0	-11.3424	0	-1.31413	0	-9.64834	0	-0.479623	0	-15.1653	1.29264e-09	-7.40952	0	-15.7368	3.92401e-09	-0.924891	0	-0.592308	0	-0.924927	0	-0.652293	0	-0.924931	0	-0.943918	0	-14.826	6.53659e-10	-10.0752	0	-8.48412	0	-0.924706	0	-10.9829	0	-1.03555	0	-3.09301	0	-14.4238	2.86283e-10	-0.703901	0	-0.878349	0	-1.23334	0
4.89871	0	-11.3424	0	-1.31413	0	-9.64834	0	-0.479623	0	-15.1653	1.29264e-09	-7.40952	0	-15.7368	3.92401e-09	-0.924891	0	-0.592308	0	-0.924927	0	-0.652293	0	-0.924931	0	-0.943918	0	-14.826	6.53659e-10	-10.0752	0	-8.48412	0	-0.924706	0	-10.9829	0	-1.03555	0	-3.09301	0	-14.4238	2.86283e-10	-0.703901	0	-0.878349	0	-1.23334	0
4.89871	0	-11.3424	0	-1.31413	0	-9.64834	0	-0.479623	0	-15.1653	1.29264e-09	-7.40952	0	-15.7368	3.92401e-09	-0.924891	0	-0.592308	0	-0.924927	0	-0.652293	0	-0.924931	0	-0.943918	0	-14.826	6.53659e-10	-10.0752	0	-8.48412	0	-0.924706	0	-10.9829	0	-1.03555	0	-3.09301	0	-14.4238	2.86283e-10	-0.703901	0	-0.878349	0	-1.23334	0
4.89871	0	-11.3424	0	-1.31413	0	-9.64834	0	-0.479623	0	-15.1653	1.29264e-09	-7.40952	0	-15.7368	3.92401e-09	-0.924891	0	-0.592308	0	-0.924927	0	-0.652293	0	-0.924931	0	-0.943918	0	-14.826	6.53659e-10	-10.0752	0	-8.48412	0	-0.924706	0	-10.9829	0	-1.03555	0	-3.09301	0	-14.4238	2.86283e-10	-0.703901	0	-0.878349	0	-1.23334	0
4.89871	0	-11.3424	0	-1.31413	0	-9.64834	0	-0.479623	0	-15.1653	1.29264e-09	-7.40952	0	-15.7368	3.92401e-09	-0.924891	0	-0.592308	0	-0.924927	0	-0.652293	0	-0.924931	0	-0.943918	0	-14.826	6.53659e-10	-10.0752	0	-8.48412	0	-0.924706	0	-10.9829	0	-1.03555	0	-3.09301	0	-14.4238	2.86283e-10	-0.703901	0	-0.878349	0	-1.23334	0
4.89871	0	-11.3424	0	-1.31413	0	-9.64834	0	-0.479623	0	-15.1653	1.29264e-09	-7.40952	0	-15.7368	3.92401e-09	-0.924891	0	-0.592308	0	-0.924927	0	-0.652293	0	-0.924931	0	-0.943918	0	-14.826	6.53659e-10	-10.0752	0	-8.48412	0	-0.924706	0	-10.9829	0	-1.03555	0	-3.09301	0	-14.4238	2.86283e-10	-0.703901	0	-0.878349	0	-1.23334	0
4.89871	0	-11.3424	0	-1.31413	0	-9.64834	0	-0.479623	0	-15.1653	1.29264e-09	-7.40952	0	-15.7368	3.92401e-09	-0.924891	0	-0.592308	0	-0.924927	0	-0.652293	0	-0.924931	0	-0.943918	0	-14.826	6.53659e-10	-10.0752	0	-8.48412	0	-0.924706	0	-10.9829	0	-1.03555	0	-3.09301	0	-14.4238	2.86283e-10	-0.703901	0	-0.878349	0	-1.23334	0
4.89871	0	-11.3424	0	-1.31413	0	-9.64834	0	-0.479623	0	-15.1653	1.29264e-09	-7.40952	0	-15.7368	3.92401e-09	-0.924891	0	-0.592308	0	-0.924927	0	-0.652293	0	-0.924931	0	-0.943918	0	-14.826	6.53659e-10	-10.0752	0	-8.48412	0	-0.924706	0	-10.9829	0	-1.03555	0	-3.09301	0	-14.4238	2.86283e-10	-0.703901	0	-0.878349	0	-1.23334	0
4.89871	0	-11.3424	0	-1.31413	0	-9.64834	0	-0.479623	0	-15.1653	1.29264e-09	-7.40952	0	-15.7368	3.92401e-09	-0.924891	0	-0.592308	0	-0.924927	0	-0.652293	0	-0.924931	0	-0.943918	0	-14.826	6.53659e-10	-10.0752	0	-8.48412	0	-0.924706	0	-10.9829	0	-1.03555	0	-3.09301	0	-14.4238	2.86283e-10	-0.703901	0	-0.878349	0	-1.23334	0
