111670	0	122178	0	105905	0	74689.8	0	87147.9	0	132599	0	81591.5	0	136922	0	87520.5	0	85568	0	64909.8	0	126150	0	149546	0	109159	0	127193	0	69873.5	0	97386.1	0	132342	0	66349.7	0	96671.6	0	89488	0	63290.2	0	116530	0	71792.1	0	86229.8	0
44174.3	0	63278.2	0	81866.8	0	67426	0	87147.9	0	68240.7	0	66336.4	0	71415	0	61824.4	0	85568	0	64909.8	0	53348.7	0	58735.3	0	89199.2	0	87629.4	0	69873.5	0	89361.1	0	74476.3	0	66349.7	0	76141.2	0	49510	0	63205.5	0	64078.3	0	71792.1	0	86229.8	0
44174.3	0	55938.2	0	66304	0	67426	0	58496.3	0	41499.1	0	66336.4	0	53748	0	58175.2	0	76153	0	64909.8	0	53348.7	0	58735.3	0	77021.3	0	44286.2	0	69873.5	0	62614.2	0	57022.5	0	49321.4	0	65259.6	0	49510	0	63205.5	0	64078.3	0	69643.9	0	80557.9	0
44174.3	0	55938.2	0	56298.1	0	60650.2	0	58496.3	0	41499.1	0	64919.4	0	53748	0	58175.2	0	76153	0	64909.8	0	53348.7	0	57796.7	0	75484.3	0	44286.2	0	69873.5	0	55140.4	0	57022.5	0	49321.4	0	65259.6	0	43863.5	0	60613.3	0	55353.4	0	61969	0	51401	0
44174.3	0	55938.2	0	56298.1	0	58900.7	0	58496.3	0	41499.1	0	59671.9	0	53748	0	58175.2	0	49439.3	0	63796.5	0	53348.7	0	56876.5	0	49920.7	0	43266.7	0	55464.8	0	52366.3	0	57022.5	0	49321.4	0	65259.6	0	43863.5	0	60613.3	0	55353.4	0	39513.9	0	51401	0
44174.3	0	52350.8	0	56298.1	0	58208.1	0	58496.3	0	41499.1	0	44983.1	0	53615.6	0	57198.4	0	49439.3	0	61277.2	0	53348.7	0	56876.5	0	49920.7	0	39845.1	0	48847.1	0	52366.3	0	46988.6	0	42978.9	0	62923.4	0	43863.5	0	37916.3	0	44240.1	0	39513.9	0	45976.2	0
44174.3	0	50372.6	0	52656.4	0	44975.7	0	57673.2	0	41499.1	0	44983.1	0	53615.6	0	48108.3	0	49439.3	0	44466.3	0	48974.3	0	56574.8	0	49920.7	0	32941.2	0	48847.1	0	34263.1	0	46988.6	0	42978.9	0	40689	0	38356.6	0	37916.3	0	44240.1	0	39513.9	0	45976.2	0
44174.3	0	37339.6	0	36615.9	0	39675.9	0	33336.7	0	40474	0	43509.4	0	45524.9	0	29419.8	0	38351.1	0	42721.2	0	40679.9	0	44600.4	0	48687.5	0	32941.2	0	48847.1	0	34263.1	0	46988.6	0	39512.1	0	39436	0	37772.1	0	37916.3	0	44240.1	0	22026.5	0	45976.2	0
38325.8	0	37339.6	0	27764.6	0	39675.9	0	29040.6	0	39786.7	0	41907.9	0	42700.7	0	29419.8	0	38136	0	40849.5	0	40679.9	0	44600.4	0	40664.3	0	32941.2	0	41367.2	0	31357.1	0	43077.1	0	39512.1	0	32824.7	0	32837.8	0	26978	0	42759	0	22026.5	0	42010.2	0
37060.1	0	37339.6	0	27764.6	0	39227.1	0	27308.5	0	33953.7	0	32691.4	0	41279.4	0	29419.8	0	35552.1	0	26495.2	0	40679.9	0	35420.6	0	40664.3	0	32941.2	0	41367.2	0	31357.1	0	31346.2	0	28663.7	0	32824.7	0	30063.9	0	26978	0	33967	0	22026.5	0	29061.2	0
32100.7	0	30017.5	0	21554.8	0	18991.1	0	27308.5	0	33953.7	0	32392.3	0	34931.4	0	29113.7	0	31838.2	0	26495.2	0	30229.3	0	35420.6	0	34088.5	0	30425.4	0	39007.1	0	31357.1	0	31346.2	0	28663.7	0	32824.7	0	30063.9	0	26978	0	33967	0	22026.5	0	27528.2	0
32100.7	0	30017.5	0	21554.8	0	18991.1	0	27308.5	0	31159.1	0	30229.5	0	33574.5	0	26658.1	0	23439.8	0	26495.2	0	30229.3	0	31080.8	0	27009	0	26211.4	0	32091.5	0	31357.1	0	31346.2	0	25403.9	0	32399.6	0	20436.6	0	26978	0	33967	0	22026.5	0	27528.2	0
18910.7	0	28169.9	0	21554.8	0	18991.1	0	27308.5	0	29663.4	0	19795.3	0	33574.5	0	26658.1	0	23439.8	0	26495.2	0	27407.7	0	29328.9	0	26981.6	0	26211.4	0	22604.9	0	25439.6	0	31346.2	0	25403.9	0	32399.6	0	20436.6	0	24521.1	0	33623.2	0	22026.5	0	18801.4	0
18910.7	0	26144.7	0	21554.8	0	18991.1	0	27308.5	0	28002.5	0	19795.3	0	22788.7	0	18362.1	0	23439.8	0	18780	0	25838	0	23952.1	0	21140.1	0	8397.47	0	22604.9	0	25281.9	0	31346.2	0	23391.9	0	27145.8	0	20436.6	0	22615.3	0	33623.2	0	22026.5	0	18801.4	0
18910.7	0	22169.7	0	21331.3	0	18991.1	0	25841	0	24624.5	0	19795.3	0	22788.7	0	15915.7	0	14128.6	0	18780	0	20614.5	0	23163.1	0	21140.1	0	8397.47	0	22604.9	0	25281.9	0	30838.2	0	19177.9	0	27145.8	0	17485.3	0	22615.3	0	19806	0	15239.7	0	18801.4	0
18910.7	0	22169.7	0	15291.5	0	16086.8	0	16566.6	0	17983.9	0	13935.9	0	22788.7	0	14525.6	0	14128.6	0	16271.2	0	20614.5	0	23163.1	0	21140.1	0	8397.47	0	22604.9	0	20341.4	0	20534.5	0	19177.9	0	27145.8	0	17485.3	0	22591.2	0	19806	0	15239.7	0	18801.4	0
18910.7	0	20965.6	0	15291.5	0	16086.8	0	16566.6	0	17841.2	0	13935.9	0	20717.4	0	14525.6	0	12829.6	0	16271.2	0	16440.8	0	21409.6	0	21140.1	0	8397.47	0	22604.9	0	20341.4	0	20534.5	0	19177.9	0	19299	0	17485.3	0	18252.8	0	19806	0	15239.7	0	18801.4	0
18910.7	0	20501.1	0	15291.5	0	16086.8	0	16566.6	0	17841.2	0	13935.9	0	17914.1	0	14525.6	0	12829.6	0	16271.2	0	15810.2	0	19830.2	0	13980.7	0	8397.47	0	22604.9	0	17738.3	0	20274.4	0	16791.2	0	19299	0	14463.2	0	18252.8	0	15348.4	0	13426.7	0	18801.4	0
15274.3	0	13563.6	0	15061.4	0	15805.9	0	16566.6	0	12866.7	0	13935.9	0	14270.1	0	14525.6	0	12829.6	0	16271.2	0	15810.2	0	16447.6	0	13980.7	0	8397.47	0	20058	0	14340.5	0	20274.4	0	16791.2	0	19299	0	14463.2	0	13648.5	0	15348.4	0	13426.7	0	18801.4	0
15274.3	0	13563.6	0	15061.4	0	15805.9	0	16566.6	0	12866.7	0	13935.9	0	13868.6	0	13891	0	12829.6	0	16271.2	0	13618.3	0	16447.6	0	13980.7	0	8397.47	0	20058	0	14340.5	0	19648	0	16682.8	0	19299	0	14463.2	0	13648.5	0	14707.3	0	13426.7	0	15393.6	0
13813.9	0	13422	0	11522.6	0	15175.5	0	16372	0	12866.7	0	13935.9	0	11823.5	0	10254.2	0	12829.6	0	16271.2	0	10742.3	0	13530.9	0	13980.7	0	8397.47	0	18720.6	0	9164.36	0	15319	0	11357.5	0	15625.1	0	14463.2	0	10659.1	0	14707.3	0	13426.7	0	13065.2	0
13813.9	0	13422	0	11522.6	0	12414.4	0	13566	0	12866.7	0	12352.6	0	11823.5	0	10254.2	0	9298.77	0	14264.1	0	10742.3	0	10750.9	0	13620.7	0	8397.47	0	13900.2	0	5897.06	0	12595.1	0	10453.2	0	15223.6	0	14432.5	0	10659.1	0	9742.73	0	13426.7	0	13065.2	0
13813.9	0	10172.5	0	8270.24	0	12168.1	0	13566	0	12866.7	0	12352.6	0	10375.7	0	10254.2	0	9298.77	0	13183.1	0	8170.56	0	8169.84	0	9611.26	0	8397.47	0	13888.7	0	5897.06	0	12595.1	0	10453.2	0	10814.3	0	11347.1	0	10097	0	9742.73	0	11837.8	0	13065.2	0
13813.9	0	9658.15	0	8270.24	0	7230.98	0	11542	0	12866.7	0	10886.8	0	10375.7	0	9574.03	0	9298.77	0	11552.2	0	8170.56	0	8169.84	0	8895.17	0	8397.47	0	10225.1	0	5897.06	0	12595.1	0	8301.14	0	10814.3	0	10472.4	0	9999.52	0	9742.73	0	9893.02	0	13065.2	0
11032.1	0	9270.8	0	8270.24	0	7230.98	0	11542	0	11433.6	0	8910.39	0	5471.96	0	9574.03	0	8226.3	0	7881.39	0	8170.56	0	8169.84	0	8895.17	0	8397.47	0	10225.1	0	5897.06	0	12595.1	0	8301.14	0	8568.28	0	7740.92	0	9746.34	0	9383.37	0	9893.02	0	9235.36	0
11032.1	0	7838.11	0	8270.24	0	7230.98	0	7956.39	0	10926.6	0	6062.73	0	5471.96	0	8134.93	0	8226.3	0	7881.39	0	8170.56	0	8169.84	0	8895.17	0	5702.55	0	10123.9	0	5897.06	0	12595.1	0	8301.14	0	8568.28	0	5634.09	0	7930.48	0	9383.37	0	6462.32	0	9235.36	0
9413.33	0	7838.11	0	8270.24	0	7060.2	0	7956.39	0	6424.15	0	6062.73	0	5471.96	0	7335.6	0	8226.3	0	7881.39	0	7189.95	0	7898.63	0	8895.17	0	5702.55	0	8769.52	0	5897.06	0	10806.6	0	8301.14	0	8568.28	0	5634.09	0	7930.48	0	7521.67	0	6462.32	0	7673.61	0
9322.76	0	5784.72	0	8217.31	0	7060.2	0	7554.84	0	6424.15	0	6062.73	0	5471.96	0	6810.9	0	6277.02	0	7881.39	0	6188.77	0	7898.63	0	8895.17	0	5702.55	0	8105.87	0	5897.06	0	10059.5	0	8301.14	0	8545.1	0	5634.09	0	6133.85	0	5870.53	0	6462.32	0	7210.45	0
9322.76	0	5784.72	0	5685.18	0	7060.2	0	7554.84	0	6424.15	0	6062.73	0	5238.47	0	6579.56	0	6277.02	0	7881.39	0	6188.77	0	7566.42	0	7952.28	0	5702.55	0	6030.54	0	5897.06	0	8181.93	0	8301.14	0	7290.15	0	5634.09	0	6133.85	0	5870.53	0	6462.32	0	7059.86	0
9231.55	0	3871.53	0	5685.18	0	4976.96	0	5646.29	0	6424.15	0	5904.39	0	5238.47	0	6579.56	0	5274.55	0	7409.65	0	5565.59	0	5278.91	0	5665.64	0	4597.05	0	6030.54	0	5897.06	0	6438	0	6622.92	0	7290.15	0	5013.74	0	6133.85	0	5448.9	0	6348.38	0	7059.86	0
8466.84	0	3871.53	0	4984.95	0	4727.85	0	5646.29	0	6314.73	0	5904.39	0	5238.47	0	6191.21	0	5274.55	0	6743.37	0	3386.68	0	5278.91	0	5665.64	0	4597.05	0	6030.54	0	5897.06	0	6405.78	0	6622.92	0	7290.15	0	5013.74	0	3124.75	0	5448.9	0	6348.38	0	5993.02	0
6943.48	0	3871.53	0	4984.95	0	4727.85	0	5646.29	0	6314.73	0	5904.39	0	4017.8	0	6191.21	0	5274.55	0	5621.16	0	3386.68	0	5278.91	0	5665.64	0	4597.05	0	6030.54	0	5540	0	5346.93	0	4933.26	0	5661.71	0	4143.23	0	3124.75	0	5355.96	0	4915.61	0	5993.02	0
6607.98	0	3871.53	0	4039.23	0	4364.81	0	5646.29	0	5551.88	0	5904.39	0	4017.8	0	5814.09	0	4983.19	0	5621.16	0	3386.68	0	5278.91	0	5665.64	0	4597.05	0	6030.54	0	5141.65	0	5346.93	0	4835.14	0	5661.71	0	4143.23	0	3124.75	0	5113.68	0	4915.61	0	5326.93	0
6487.08	0	3871.53	0	2871.91	0	4364.81	0	5185.77	0	4014.1	0	4834.59	0	4017.8	0	4981.35	0	4983.19	0	4813.81	0	3386.68	0	5278.91	0	5323.78	0	4293.41	0	5374.04	0	5141.65	0	5346.93	0	4380.55	0	5352.24	0	4143.23	0	3124.75	0	5113.68	0	4915.61	0	4787.68	0
6363.9	0	3082.07	0	2871.91	0	3470	0	5185.77	0	4014.1	0	4834.59	0	4017.8	0	4515.55	0	4859.86	0	3282.92	0	3386.68	0	4566.5	0	3864.86	0	3780.63	0	5374.04	0	4780.51	0	5346.93	0	4380.55	0	3634.07	0	4143.23	0	3124.75	0	4886.88	0	4915.61	0	4272.23	0
5164.2	0	3082.07	0	2871.91	0	3470	0	3465.01	0	4014.1	0	4390.96	0	3080.51	0	4334.57	0	3623	0	2660.26	0	3382.01	0	4566.5	0	3864.86	0	3780.63	0	5374.04	0	4248.01	0	4145.18	0	3788.29	0	3634.07	0	3329.28	0	3124.75	0	3564.39	0	3180.76	0	4093.38	0
3308.39	0	3082.07	0	2871.91	0	3331.29	0	3465.01	0	4014.1	0	3828.26	0	3080.51	0	3158.27	0	3623	0	2660.26	0	2657.4	0	4050.22	0	2605.33	0	2949.06	0	5304.01	0	2873.13	0	2689.38	0	3788.29	0	3634.07	0	3329.28	0	3124.75	0	3564.39	0	3180.76	0	3486.23	0
3308.39	0	3082.07	0	2808.21	0	3331.29	0	3465.01	0	4014.1	0	3283.93	0	3080.51	0	3158.27	0	3623	0	2660.26	0	2657.4	0	4043.4	0	2605.33	0	2949.06	0	4891.34	0	2873.13	0	2689.38	0	3242.16	0	3634.07	0	2646.8	0	3124.75	0	3564.39	0	3180.76	0	2568.45	0
3308.39	0	2488.41	0	2715.32	0	3331.29	0	3465.01	0	2096.6	0	3283.93	0	3080.51	0	3158.27	0	3623	0	2660.26	0	2657.4	0	3699.26	0	2605.33	0	2949.06	0	3948.11	0	2873.13	0	2689.38	0	3242.16	0	3634.07	0	2114.22	0	3124.75	0	3564.39	0	3180.76	0	2568.45	0
3308.39	0	2488.41	0	2715.32	0	3331.29	0	3200.84	0	2046.3	0	3283.93	0	2986.31	0	3158.27	0	3271.71	0	2660.26	0	2657.4	0	3699.26	0	2195.96	0	2271.91	0	3824.28	0	2179.71	0	2689.38	0	2997.51	0	3124.68	0	2114.22	0	2850.13	0	2906.6	0	3169.92	0	2568.45	0
3308.39	0	2488.41	0	2715.32	0	2410.99	0	3200.84	0	2046.3	0	3283.93	0	2986.31	0	3131.14	0	1507.48	0	2660.26	0	2657.4	0	3207.52	0	2195.96	0	2271.91	0	3824.28	0	2179.71	0	2689.38	0	2997.51	0	3118.76	0	2114.22	0	2214.55	0	1567.91	0	2919.78	0	2568.45	0
3308.39	0	2488.41	0	2258.38	0	2410.99	0	2809.63	0	1700.75	0	3199.96	0	2922.07	0	2534.38	0	1507.48	0	2536.39	0	1847.2	0	3093.52	0	2195.96	0	2150.1	0	3200.86	0	2114.24	0	2689.38	0	2800.92	0	2168.04	0	2114.22	0	2034.13	0	1567.91	0	2077.36	0	2112.92	0
3078.24	0	2488.41	0	2258.38	0	2410.99	0	2239.88	0	1700.75	0	2670.77	0	2292.55	0	2344.71	0	1507.48	0	2169.69	0	1847.2	0	2594.43	0	2195.96	0	2150.1	0	3079.9	0	2114.24	0	2323.63	0	2800.92	0	2168.04	0	2032.51	0	2034.13	0	1567.91	0	2077.36	0	1867.16	0
2336.84	0	2103.13	0	2077.54	0	2410.99	0	2144.28	0	1700.75	0	2513.44	0	2084.36	0	2169.15	0	1507.48	0	1994.46	0	1847.2	0	2594.43	0	2195.96	0	1626.9	0	2860.67	0	1667.86	0	2107.59	0	2292.54	0	2168.04	0	1618.72	0	2034.13	0	1567.91	0	2077.36	0	1867.16	0
2336.84	0	1761.48	0	2018.08	0	2323.39	0	1857.5	0	1700.75	0	2041.43	0	1888.21	0	2118.1	0	1507.48	0	1965.42	0	1410.69	0	2594.43	0	2195.96	0	1626.9	0	2391.95	0	1667.86	0	2107.59	0	2292.54	0	2168.04	0	1618.72	0	1833.42	0	1567.91	0	2077.36	0	1867.16	0
2245.83	0	1761.48	0	1606.8	0	2268.94	0	1857.5	0	1613.15	0	2041.43	0	1888.21	0	2049.11	0	1507.48	0	1767.52	0	1410.69	0	2359.01	0	1990.15	0	1494.06	0	2391.95	0	1347.56	0	2086.24	0	2254.25	0	2168.04	0	1618.72	0	1833.42	0	1443.86	0	2077.36	0	1093.75	0
2245.83	0	1737.99	0	1606.8	0	1501	0	1857.5	0	1613.15	0	1618.26	0	1363.49	0	1234.07	0	1507.48	0	1635.02	0	1410.69	0	2067.78	0	1990.15	0	1459.29	0	2391.95	0	1347.56	0	2086.24	0	2254.25	0	2168.04	0	1618.72	0	1596.38	0	1380.18	0	1628.45	0	1093.75	0
2245.83	0	1666.28	0	1606.8	0	1501	0	1857.5	0	1613.15	0	1618.26	0	1363.49	0	1234.07	0	1507.48	0	1618.7	0	1410.69	0	2067.78	0	1990.15	0	1459.29	0	1815.61	0	1347.56	0	1863.85	0	2194.57	0	1777.2	0	1520.28	0	1596.38	0	1380.18	0	1452.15	0	1093.75	0
2171.24	0	1628.52	0	1606.8	0	1501	0	1857.5	0	1166.59	0	1618.26	0	1300.74	0	1234.07	0	1359.27	0	1561.89	0	1350.04	0	1780	0	1771.91	0	1459.29	0	1815.61	0	1238.35	0	1863.85	0	1636.8	0	1364.2	0	1520.28	0	1411.21	0	1105.36	0	1332.14	0	1093.75	0
1626.68	0	1483.07	0	1184.51	0	1071	0	1279.88	0	1166.59	0	899.859	0	1300.74	0	1234.07	0	1350.24	0	871.519	0	1350.04	0	1421.26	0	1544.1	0	1390.65	0	1815.61	0	1237.68	0	1618.82	0	1636.8	0	1364.2	0	857.989	0	1322.5	0	1105.36	0	1332.14	0	1093.75	0
1626.68	0	1483.07	0	1089.73	0	1071	0	1279.88	0	1166.59	0	899.859	0	1300.74	0	1105.04	0	1037.34	0	871.519	0	1213.65	0	1421.26	0	1503.55	0	1041.37	0	1651.31	0	943.388	0	1143.14	0	1156.59	0	1344	0	857.989	0	1322.5	0	916.614	0	914.997	0	1053.41	0
1554.54	0	1286.96	0	1089.73	0	999.5	0	1249	0	1166.59	0	899.859	0	1300.74	0	765.381	0	1037.34	0	871.519	0	1171.69	0	1421.26	0	1466.88	0	822.852	0	1651.31	0	943.388	0	1143.14	0	1156.59	0	1344	0	807.919	0	911.699	0	843.712	0	914.997	0	996.462	0
1501.82	0	1194.01	0	1089.73	0	999.5	0	1062.74	0	805.715	0	899.859	0	1104.02	0	765.381	0	1037.34	0	871.519	0	924.876	0	1420.9	0	879.521	0	822.852	0	1424.11	0	943.388	0	1143.14	0	1156.59	0	1187.97	0	789.526	0	911.699	0	747.519	0	914.997	0	996.462	0
1478.34	0	1194.01	0	1089.73	0	999.5	0	1062.74	0	805.715	0	899.859	0	1104.02	0	765.381	0	942.121	0	871.519	0	924.876	0	1158.58	0	879.521	0	822.852	0	985.486	0	943.388	0	1143.14	0	1156.59	0	1187.97	0	770.59	0	773.658	0	747.519	0	914.997	0	656.302	0
1478.34	0	1194.01	0	1089.73	0	869.644	0	1062.74	0	723.238	0	899.859	0	736.186	0	765.381	0	704.898	0	871.519	0	791.141	0	929.23	0	879.521	0	822.852	0	784.971	0	943.388	0	1134.59	0	709.003	0	1187.97	0	770.59	0	773.658	0	747.519	0	835.035	0	656.302	0
1462.53	0	717.247	0	870.191	0	869.644	0	923.961	0	723.238	0	899.859	0	736.186	0	763.28	0	704.898	0	805.825	0	791.141	0	701.945	0	879.521	0	822.852	0	784.971	0	912.254	0	1089.9	0	709.003	0	899.412	0	770.59	0	773.658	0	747.519	0	835.035	0	656.302	0
949.872	0	717.247	0	870.191	0	869.644	0	923.961	0	550.793	0	746.716	0	736.186	0	763.28	0	704.898	0	693.079	0	791.141	0	701.945	0	879.521	0	822.852	0	784.971	0	912.254	0	863.481	0	655.033	0	899.412	0	691.96	0	773.658	0	584.856	0	776.161	0	656.302	0
949.872	0	717.247	0	734.633	0	775.194	0	923.961	0	514.557	0	674.615	0	631.273	0	716.949	0	704.898	0	693.079	0	791.141	0	701.945	0	879.521	0	758.526	0	784.971	0	523.174	0	863.481	0	655.033	0	899.412	0	591.129	0	416.245	0	584.856	0	553.969	0	656.302	0
638.054	0	717.247	0	579.41	0	766.164	0	923.961	0	514.557	0	674.615	0	628.159	0	716.949	0	704.898	0	530.792	0	567.144	0	701.945	0	809.976	0	758.526	0	784.971	0	523.174	0	863.481	0	336.472	0	666.264	0	591.129	0	416.245	0	584.856	0	553.969	0	616.039	0
638.054	0	614.275	0	568.997	0	718.492	0	923.961	0	514.557	0	674.615	0	522.006	0	461.342	0	576.464	0	441.276	0	567.144	0	701.945	0	718.494	0	742.777	0	784.971	0	497.455	0	660.65	0	336.472	0	666.264	0	423.043	0	401.69	0	584.856	0	553.969	0	479.436	0
638.054	0	614.275	0	527.562	0	705.397	0	602.038	0	514.557	0	501.047	0	522.006	0	442.517	0	494.573	0	441.276	0	547.323	0	701.945	0	614.996	0	614.65	0	729.486	0	497.455	0	660.65	0	336.472	0	666.264	0	423.043	0	401.69	0	475.653	0	553.969	0	479.436	0
638.054	0	495.765	0	502.36	0	705.397	0	602.038	0	514.557	0	501.047	0	470.416	0	442.517	0	494.573	0	441.276	0	547.323	0	497.31	0	614.996	0	457.27	0	729.486	0	497.455	0	660.65	0	336.472	0	666.264	0	418.154	0	401.69	0	475.653	0	527.807	0	479.436	0
638.054	0	495.765	0	419.52	0	584.736	0	602.038	0	492.076	0	501.047	0	413.203	0	412.673	0	494.573	0	441.276	0	514.354	0	497.31	0	580.148	0	457.27	0	713.034	0	497.455	0	483.062	0	336.472	0	481.039	0	418.154	0	401.69	0	366.574	0	527.807	0	479.436	0
638.054	0	383.783	0	419.52	0	584.736	0	572.234	0	492.076	0	500.521	0	400.684	0	412.673	0	488.69	0	415.146	0	489.772	0	497.31	0	580.148	0	457.27	0	559.521	0	475.469	0	483.062	0	336.472	0	481.039	0	338.633	0	353.06	0	319.184	0	461.449	0	479.436	0
506.905	0	383.783	0	419.52	0	584.736	0	563.433	0	492.076	0	500.521	0	400.684	0	391.738	0	488.69	0	407.612	0	489.772	0	497.31	0	290.348	0	330.96	0	559.521	0	385.156	0	483.062	0	336.472	0	481.039	0	296.405	0	234.305	0	304.052	0	461.449	0	479.436	0
506.905	0	297.199	0	342.705	0	538.558	0	479.529	0	390.229	0	426.743	0	298.6	0	343.014	0	430.355	0	407.612	0	354.793	0	480.543	0	290.348	0	330.96	0	498.206	0	385.156	0	483.062	0	336.472	0	481.039	0	238.565	0	234.305	0	304.052	0	391.217	0	479.436	0
506.905	0	297.199	0	323.55	0	278.157	0	372.996	0	300.456	0	426.743	0	298.6	0	262.401	0	320.226	0	392.875	0	276.998	0	480.543	0	290.348	0	330.96	0	388.703	0	306.975	0	400.833	0	243.377	0	334.336	0	238.565	0	234.305	0	304.052	0	342.722	0	388.341	0
386.098	0	297.199	0	323.55	0	278.157	0	372.996	0	300.456	0	404.028	0	298.6	0	262.401	0	320.226	0	295.156	0	276.998	0	294.83	0	290.348	0	330.96	0	354.927	0	306.975	0	352.743	0	243.377	0	334.336	0	201.114	0	234.305	0	304.052	0	284.586	0	388.341	0
386.098	0	289.529	0	286.141	0	278.157	0	372.996	0	300.456	0	373.02	0	266.121	0	208.137	0	320.226	0	295.156	0	268.158	0	294.83	0	285.183	0	330.96	0	265.595	0	306.975	0	352.743	0	243.377	0	334.336	0	201.114	0	234.305	0	205.391	0	284.586	0	257.681	0
386.098	0	268.928	0	286.141	0	278.157	0	346.767	0	241.685	0	362.949	0	266.121	0	208.137	0	320.226	0	254.32	0	223.513	0	294.83	0	238.303	0	299.107	0	265.595	0	232.451	0	239.067	0	243.377	0	334.336	0	195.199	0	160.76	0	193.402	0	263.28	0	257.681	0
386.098	0	268.928	0	272.53	0	278.157	0	315.527	0	241.685	0	300.301	0	266.121	0	180.055	0	275.038	0	252.214	0	180.812	0	294.83	0	238.303	0	285.767	0	262.686	0	232.451	0	239.067	0	243.377	0	334.336	0	183.455	0	160.76	0	164.025	0	263.28	0	228.525	0
252.041	0	251.904	0	272.53	0	278.157	0	315.527	0	211.021	0	300.301	0	139.65	0	180.055	0	275.038	0	234.108	0	180.812	0	279.887	0	206.785	0	285.767	0	262.686	0	205.944	0	172.45	0	235.817	0	310.071	0	183.455	0	160.76	0	164.025	0	239.717	0	228.525	0
175.539	0	239.207	0	208.719	0	278.157	0	300.139	0	211.021	0	175.03	0	139.65	0	142.886	0	264.342	0	210.432	0	180.812	0	279.887	0	206.785	0	239.417	0	239.975	0	205.944	0	172.45	0	235.817	0	310.071	0	183.455	0	160.76	0	114.707	0	239.717	0	200.81	0
175.539	0	222.901	0	208.719	0	278.157	0	209.805	0	145.215	0	175.03	0	139.65	0	142.886	0	226.14	0	210.432	0	180.812	0	279.887	0	206.785	0	234.538	0	225.963	0	193.578	0	172.45	0	198.866	0	222.002	0	99.4321	0	160.76	0	91.4173	0	234.225	0	200.81	0
175.539	0	203.99	0	208.719	0	231.649	0	209.805	0	145.215	0	175.03	0	139.65	0	142.886	0	144.422	0	208.329	0	177.702	0	272.456	0	206.324	0	206.955	0	225.963	0	188.759	0	171.651	0	133.863	0	222.002	0	99.4321	0	110.365	0	91.4173	0	155.282	0	148.34	0
169.247	0	203.99	0	168.003	0	231.649	0	209.805	0	145.215	0	175.03	0	139.65	0	142.886	0	144.422	0	208.329	0	164.517	0	220.352	0	179.292	0	130.927	0	203.8	0	148.439	0	163.475	0	112.221	0	222.002	0	99.4321	0	110.365	0	91.4173	0	155.282	0	146.617	0
169.247	0	155.178	0	115.704	0	159.392	0	209.805	0	145.215	0	155.004	0	139.65	0	142.886	0	144.422	0	165.852	0	164.517	0	220.352	0	143.827	0	130.927	0	203.8	0	148.439	0	125.639	0	112.221	0	222.002	0	99.4321	0	105.987	0	91.4173	0	114.747	0	132.8	0
169.247	0	145.258	0	115.704	0	159.392	0	201.363	0	140.368	0	155.004	0	139.65	0	115.984	0	131.421	0	142.053	0	164.517	0	215.568	0	108.435	0	122.096	0	197.826	0	145.073	0	122.164	0	112.221	0	121.643	0	99.4321	0	105.987	0	91.4173	0	111.234	0	109.016	0
94.9128	0	108.267	0	107.7	0	141.066	0	183.297	0	140.368	0	145.595	0	130.923	0	110.268	0	131.421	0	142.053	0	146.75	0	212.625	0	108.435	0	122.096	0	155.172	0	137.258	0	115.906	0	112.221	0	121.643	0	99.4321	0	105.987	0	88.9961	0	111.234	0	109.016	0
94.9128	0	108.267	0	107.7	0	141.066	0	164.747	0	124.678	0	110.294	0	99.6459	0	110.268	0	131.421	0	119.05	0	132.079	0	129.252	0	108.435	0	122.096	0	155.172	0	133.549	0	102.338	0	106.183	0	121.643	0	99.4321	0	105.987	0	88.5887	0	109.628	0	80.7463	0
94.9128	0	108.267	0	99.6482	0	141.066	0	154.673	0	124.678	0	110.294	0	78.0706	0	110.268	0	131.421	0	74.2421	0	132.079	0	129.252	0	108.435	0	122.096	0	155.172	0	95.1359	0	102.338	0	59.6944	0	121.643	0	99.4321	0	91.7032	0	52.3982	0	109.628	0	80.7463	0
94.9128	0	91.1708	0	92.6302	0	133.908	0	147.182	0	101.483	0	110.294	0	78.0706	0	105.108	0	113.919	0	74.2421	0	87.6504	0	129.252	0	80.6503	0	122.096	0	112.525	0	88.0886	0	98.2044	0	59.6944	0	121.643	0	80.2546	0	70.5675	0	52.3982	0	105.286	0	80.7463	0
94.9128	0	86.0607	0	68.9364	0	130.593	0	108.278	0	101.483	0	108.125	0	78.0706	0	74.2116	0	113.919	0	74.2421	0	82.9349	0	129.252	0	80.6503	0	86.3227	0	102.551	0	88.0886	0	98.2044	0	59.6944	0	121.643	0	80.2546	0	70.5675	0	52.3982	0	105.286	0	80.7463	0
90.2685	0	86.0607	0	56.5099	0	91.2191	0	108.278	0	74.7489	0	84.5685	0	78.0706	0	71.4324	0	112.01	0	74.2421	0	82.9349	0	129.252	0	80.6503	0	86.3227	0	102.551	0	83.0994	0	90.238	0	59.6944	0	113.544	0	80.2546	0	70.5675	0	52.3982	0	105.286	0	80.7463	0
90.2685	0	86.0607	0	56.5099	0	91.2191	0	84.5515	0	74.7489	0	84.5685	0	58.3839	0	71.4324	0	112.01	0	74.2421	0	77.7508	0	116.956	0	80.6503	0	64.5466	0	102.551	0	83.0994	0	89.2727	0	59.6944	0	93.6805	0	65.3444	0	64.0261	0	52.3982	0	96.9322	0	57.5695	0
90.2685	0	86.0607	0	56.5099	0	91.2191	0	84.5515	0	74.7489	0	84.5685	0	58.3839	0	57.2733	0	93.025	0	74.2421	0	64.6987	0	116.956	0	80.6503	0	64.5466	0	102.551	0	71.4341	0	72.9842	0	54.5674	0	93.6805	0	65.3444	0	64.0261	0	52.3982	0	50.6638	0	57.5695	0
90.2685	0	69.0274	0	56.5099	0	91.2191	0	84.5515	0	68.9566	0	71.1799	0	47.2478	0	57.2733	0	93.025	0	56.1036	0	64.6987	0	116.956	0	68.4064	0	64.5466	0	102.551	0	71.4341	0	66.3227	0	52.6026	0	75.1752	0	43.7172	0	60.9522	0	42.2802	0	50.6638	0	57.5695	0
66.5493	0	69.0274	0	49.9836	0	62.0175	0	82.8694	0	41.7865	0	71.1799	0	47.2478	0	46.2013	0	51.0365	0	56.1036	0	64.6987	0	103.948	0	68.4064	0	64.5466	0	94.2442	0	53.887	0	62.5403	0	52.6026	0	57.0469	0	43.7172	0	50.6562	0	42.2802	0	50.6638	0	55.1325	0
66.5493	0	62.3968	0	41.8042	0	62.0175	0	82.4284	0	41.7865	0	68.4107	0	47.2478	0	46.2013	0	51.0365	0	56.1036	0	60.9017	0	93.4515	0	58.3639	0	58.3967	0	78.1053	0	44.5506	0	62.5403	0	52.6026	0	57.0469	0	43.7172	0	50.3431	0	42.0647	0	50.6638	0	55.1325	0
66.5493	0	46.3571	0	41.8042	0	49.2505	0	61.0067	0	41.7865	0	52.9697	0	47.2478	0	46.2013	0	51.0365	0	56.1036	0	60.9017	0	92.0938	0	58.3639	0	58.3967	0	74.772	0	36.432	0	62.5403	0	39.9823	0	52.4543	0	43.7172	0	43.8423	0	42.0647	0	50.6638	0	34.2892	0
66.5493	0	46.3571	0	41.8042	0	49.2505	0	61.0067	0	41.7865	0	52.9697	0	34.0983	0	37.1124	0	51.0365	0	56.1036	0	60.1324	0	88.099	0	48.3296	0	47.1269	0	54.155	0	36.432	0	53.4577	0	39.9823	0	52.4543	0	43.7172	0	43.8423	0	42.0647	0	50.6638	0	34.2892	0
65.9097	0	44.5795	0	41.6218	0	49.2505	0	60.5957	0	40.8712	0	41.3833	0	34.0983	0	37.1124	0	50.8561	0	42.408	0	48.5541	0	63.4918	0	48.3296	0	44.2723	0	54.155	0	36.432	0	39.1823	0	31.7628	0	52.4543	0	31.2186	0	43.8423	0	42.0647	0	48.9139	0	34.2892	0
59.7672	0	39.3465	0	27.6475	0	49.2505	0	34.3022	0	37.9629	0	41.3833	0	34.0983	0	33.8411	0	50.8561	0	40.095	0	47.4564	0	38.8848	0	38.1857	0	30.9893	0	46.427	0	36.432	0	39.1823	0	30.4717	0	44.7513	0	31.2186	0	43.8423	0	42.0647	0	41.1239	0	34.2892	0
53.6827	0	39.3465	0	27.6475	0	49.2505	0	34.3022	0	37.9629	0	41.3833	0	21.8875	0	33.8411	0	50.8561	0	40.095	0	31.0757	0	38.8848	0	38.1857	0	29.4233	0	46.427	0	36.432	0	39.1823	0	22.768	0	44.7513	0	31.2186	0	31.8773	0	32.9711	0	41.1239	0	34.2892	0
44.4399	0	35.7099	0	27.6475	0	44.3452	0	34.3022	0	36.7727	0	41.3833	0	21.8875	0	16.4983	0	50.8561	0	40.095	0	31.0757	0	38.8848	0	38.1857	0	29.4233	0	46.427	0	36.432	0	37.6459	0	22.768	0	44.7513	0	29.0225	0	31.8773	0	32.9711	0	37.7893	0	34.2892	0
44.4399	0	35.7099	0	27.6475	0	30.973	0	34.3022	0	36.7727	0	41.3833	0	20.4389	0	16.4983	0	37.3731	0	38.1067	0	28.8462	0	38.8848	0	38.1857	0	29.4233	0	46.427	0	33.8859	0	31.484	0	22.768	0	44.7513	0	25.7162	0	30.5844	0	29.2523	0	37.7893	0	29.3126	0
35.6653	0	27.7843	0	27.6475	0	30.973	0	22.856	0	24.3984	0	41.3833	0	20.4389	0	16.4983	0	37.3731	0	38.1067	0	28.8462	0	38.8848	0	34.3616	0	29.4233	0	38.5566	0	26.9527	0	31.484	0	22.768	0	42.7136	0	22.0027	0	30.5844	0	29.2523	0	26.7568	0	29.3126	0
35.6653	0	25.505	0	27.6475	0	30.973	0	22.856	0	24.3984	0	41.3833	0	16.3302	0	16.4983	0	32.7624	0	36.8801	0	24.1619	0	35.5738	0	34.3616	0	27.8552	0	37.6212	0	26.9527	0	27.7841	0	22.768	0	39.7964	0	21.8977	0	24.5189	0	27.2938	0	26.7568	0	29.3126	0
35.6653	0	23.1512	0	27.6475	0	28.0668	0	22.856	0	24.3984	0	41.3833	0	16.3302	0	16.4983	0	32.7624	0	32.9332	0	24.1619	0	35.5738	0	33.2219	0	25.9707	0	37.6212	0	22.5584	0	27.3871	0	20.6817	0	30.4302	0	21.391	0	22.8731	0	22.5259	0	25.1092	0	28.6202	0
34.9017	0	17.5973	0	23.4774	0	28.0668	0	22.856	0	24.3984	0	30.2746	0	10.8451	0	16.4983	0	24.5382	0	28.2334	0	17.395	0	35.3192	0	23.9833	0	25.1292	0	36.232	0	22.5584	0	22.2014	0	14.7614	0	30.4302	0	14.1078	0	21.9378	0	22.5259	0	25.1092	0	24.48	0
31.1025	0	17.5973	0	17.4069	0	28.0668	0	22.856	0	24.3984	0	30.2746	0	10.8451	0	16.4983	0	24.5382	0	28.2334	0	17.395	0	35.1452	0	23.9833	0	21.6548	0	33.0388	0	21.1135	0	22.2014	0	14.7614	0	27.7197	0	14.1078	0	20.8873	0	22.5259	0	24.2371	0	23.4511	0
26.7144	0	17.5973	0	15.7991	0	28.0668	0	22.856	0	18.6017	0	30.2746	0	10.8451	0	15.1039	0	24.5382	0	20.8896	0	17.395	0	18.4243	0	18.6022	0	21.0815	0	26.0066	0	21.1135	0	18.4305	0	12.9868	0	19.9776	0	14.1078	0	19.4957	0	22.5259	0	24.2371	0	21.1191	0
26.7144	0	16.333	0	15.7991	0	26.6015	0	22.856	0	17.4692	0	23.9508	0	10.8451	0	15.1039	0	14.3629	0	20.8896	0	17.395	0	18.4243	0	18.6022	0	21.0815	0	26.0066	0	20.5622	0	18.4305	0	12.9868	0	19.9776	0	14.1078	0	15.348	0	14.0109	0	24.2371	0	18.5378	0
26.7144	0	16.333	0	15.7991	0	25.9106	0	18.2148	0	10.5612	0	23.9508	0	8.93046	0	15.1039	0	14.3629	0	20.8896	0	17.395	0	18.4243	0	18.6022	0	15.7408	0	26.0066	0	20.5622	0	13.5185	0	10.1822	0	19.9776	0	12.1014	0	15.348	0	14.0109	0	15.6891	0	11.7319	0
25.6199	0	16.333	0	15.7991	0	19.701	0	18.2148	0	10.5612	0	23.9508	0	8.93046	0	15.1039	0	14.3629	0	20.8896	0	17.395	0	18.4243	0	18.6022	0	15.7408	0	15.5914	0	11.8243	0	13.5185	0	10.1822	0	19.9776	0	12.1014	0	15.348	0	12.3905	0	15.6891	0	11.7319	0
25.6199	0	16.333	0	15.7991	0	18.7061	0	16.8968	0	10.5612	0	23.0411	0	7.74646	0	15.0742	0	14.3629	0	18.154	0	15.6674	0	18.368	0	18.6022	0	13.1363	0	15.5914	0	11.8243	0	10.4119	0	6.49409	0	19.9776	0	9.84262	0	14.9673	0	12.3905	0	15.6891	0	11.7319	0
20.7253	0	16.333	0	15.7991	0	16.8896	0	16.5104	0	10.5612	0	19.0363	0	7.74646	0	15.0742	0	14.3629	0	16.4544	0	15.6674	0	18.2662	0	18.6022	0	13.1363	0	15.5914	0	10.3551	0	10.4119	0	6.49409	0	19.9776	0	9.82943	0	14.9673	0	12.3905	0	15.6891	0	11.7319	0
20.7253	0	16.333	0	10.0439	0	16.8896	0	16.5104	0	10.5612	0	19.0363	0	5.4001	0	8.20258	0	14.3629	0	12.8125	0	15.5835	0	13.3926	0	15.6089	0	10.7797	0	15.5914	0	10.3551	0	10.4119	0	6.49409	0	19.9776	0	9.82943	0	11.4978	0	12.3905	0	15.558	0	11.7319	0
20.3708	0	11.1587	0	8.2976	0	15.0971	0	12.4525	0	10.5612	0	19.0363	0	5.4001	0	8.20258	0	14.3629	0	11.3322	0	13.0835	0	13.3926	0	13.6461	0	10.7797	0	15.5914	0	10.3551	0	10.4119	0	6.49409	0	14.3553	0	9.82943	0	11.4978	0	12.3905	0	14.0043	0	9.22232	0
14.3982	0	11.1587	0	8.2976	0	12.7588	0	12.3482	0	10.5612	0	10.971	0	5.4001	0	8.20258	0	14.3629	0	11.3322	0	10.5969	0	13.3333	0	11.9175	0	8.21645	0	13.0612	0	9.24323	0	10.4119	0	6.42432	0	10.9412	0	9.82943	0	10.6854	0	8.27187	0	12.6941	0	9.22232	0
14.3982	0	8.76551	0	8.2976	0	12.7588	0	12.1235	0	10.5612	0	10.971	0	5.4001	0	8.20258	0	14.3629	0	9.47867	0	10.5969	0	13.3333	0	11.9175	0	8.21645	0	12.0081	0	8.25839	0	9.32613	0	6.05644	0	10.9412	0	8.54766	0	8.90121	0	8.27187	0	11.4645	0	7.59611	0
13.252	0	8.30109	0	7.41437	0	9.87249	0	9.91296	0	5.31428	0	10.971	0	4.94227	0	6.03623	0	13.0592	0	9.47867	0	10.5969	0	9.40033	0	10.3995	0	8.21645	0	12.0081	0	8.25839	0	9.32613	0	6.05644	0	10.9412	0	6.97733	0	8.90121	0	8.27187	0	11.4645	0	7.59611	0
13.252	0	8.25862	0	6.8972	0	9.87249	0	8.94739	0	5.31428	0	10.316	0	4.94227	0	6.03623	0	6.65118	0	8.81032	0	7.99425	0	7.72451	0	10.3995	0	7.54782	0	12.0081	0	8.25839	0	7.29188	0	6.05644	0	10.9412	0	6.97733	0	6.5906	0	8.27187	0	10.8127	0	6.44894	0
10.962	0	8.25862	0	6.8972	0	6.75989	0	7.4645	0	5.31428	0	10.316	0	3.97627	0	6.03623	0	6.65118	0	8.81032	0	7.99425	0	7.72451	0	10.3995	0	7.54782	0	9.53188	0	6.3943	0	7.29188	0	6.05644	0	10.858	0	6.55667	0	6.5906	0	8.27187	0	8.87439	0	6.44894	0
10.5451	0	8.25862	0	5.06012	0	6.75989	0	7.25788	0	5.31428	0	10.316	0	3.97627	0	6.03623	0	6.65118	0	7.88344	0	7.99425	0	7.72451	0	8.72226	0	7.54782	0	9.53188	0	6.3943	0	7.01842	0	6.05644	0	10.0028	0	6.55667	0	6.5906	0	7.18042	0	8.87439	0	6.44894	0
5.83924	0	6.68538	0	5.06012	0	6.75989	0	7.25788	0	5.31428	0	10.316	0	3.97627	0	6.03623	0	6.65118	0	6.39299	0	7.55382	0	7.72451	0	6.25091	0	6.84273	0	8.05823	0	6.22028	0	7.01842	0	5.47987	0	7.36044	0	6.38434	0	6.5906	0	7.18042	0	7.01511	0	5.69021	0
5.83924	0	6.68538	0	5.06012	0	6.75989	0	6.46898	0	5.31428	0	10.316	0	3.97627	0	6.03623	0	6.65118	0	6.39299	0	4.70509	0	6.91064	0	6.25091	0	5.05264	0	8.05823	0	5.8178	0	6.45509	0	5.47987	0	6.40091	0	5.70059	0	5.3369	0	5.16222	0	7.01511	0	5.69021	0
5.83924	0	5.70863	0	5.06012	0	4.73029	0	6.46898	0	5.31428	0	7.61442	0	3.182	0	6.03623	0	6.65118	0	6.19581	0	4.70509	0	6.28586	0	6.25091	0	5.05264	0	6.13842	0	4.25928	0	4.79018	0	4.49013	0	6.40091	0	4.99339	0	3.54758	0	5.16222	0	7.01511	0	5.18656	0
5.83924	0	5.70863	0	5.06012	0	4.73029	0	6.45739	0	5.31428	0	7.61442	0	3.182	0	4.19555	0	5.19446	0	6.19581	0	4.70509	0	5.20871	0	5.86916	0	3.71469	0	6.13842	0	4.25928	0	4.148	0	4.49013	0	6.40091	0	4.82513	0	3.54758	0	4.06275	0	6.13121	0	5.18656	0
5.83924	0	5.70863	0	5.06012	0	3.78013	0	6.45739	0	4.75929	0	7.34046	0	2.84745	0	4.19555	0	5.19446	0	5.9375	0	4.70509	0	5.20871	0	5.12225	0	3.71469	0	5.05554	0	3.36139	0	4.148	0	4.49013	0	6.40091	0	3.00286	0	3.54758	0	4.01595	0	4.74932	0	4.43026	0
5.83924	0	4.59907	0	3.20186	0	3.78013	0	6.45739	0	4.20181	0	7.34046	0	2.84745	0	3.18175	0	5.19446	0	4.56104	0	4.0792	0	4.73471	0	5.12225	0	3.71469	0	4.13598	0	3.36139	0	3.50684	0	4.49013	0	6.40091	0	3.00286	0	3.54758	0	4.01595	0	4.74932	0	3.8925	0
5.7011	0	4.59907	0	3.20186	0	3.78013	0	5.54471	0	4.20181	0	3.70435	0	2.84745	0	3.18175	0	5.19446	0	4.56104	0	3.81527	0	4.73471	0	4.57536	0	3.71469	0	4.13598	0	3.36139	0	3.50684	0	3.68552	0	4.71872	0	3.00286	0	3.54758	0	4.01595	0	4.74932	0	3.63697	0
5.7011	0	4.1093	0	3.20186	0	2.60331	0	4.50505	0	2.27241	0	3.70435	0	2.44648	0	3.18175	0	4.8485	0	3.13236	0	3.81527	0	4.51003	0	3.7973	0	3.71469	0	4.13598	0	3.36139	0	3.50684	0	2.93745	0	4.20509	0	2.82466	0	3.31147	0	3.73232	0	4.74932	0	3.63697	0
5.03032	0	4.1093	0	3.20186	0	2.60331	0	4.50505	0	2.27241	0	3.70435	0	2.44648	0	3.18175	0	4.8485	0	3.13236	0	2.80915	0	3.23334	0	3.7973	0	3.71469	0	3.344	0	2.20922	0	2.82759	0	2.93745	0	4.20509	0	2.82466	0	3.31147	0	3.488	0	4.26674	0	3.19135	0
4.47804	0	3.34472	0	2.86071	0	2.60331	0	3.7596	0	2.27241	0	3.683	0	2.15032	0	3.18175	0	4.8485	0	3.13236	0	2.36429	0	3.23334	0	3.7973	0	3.71469	0	3.344	0	2.20922	0	2.82759	0	2.17495	0	4.20509	0	2.7536	0	3.31035	0	3.3383	0	4.26674	0	3.19135	0
4.47804	0	2.99945	0	2.86071	0	2.24744	0	3.7596	0	2.27241	0	2.3793	0	1.99981	0	3.18175	0	4.8485	0	3.13236	0	2.36429	0	3.23334	0	3.2097	0	3.04954	0	2.64075	0	2.20922	0	2.82759	0	2.17495	0	4.20509	0	2.25064	0	2.71609	0	2.5333	0	4.15234	0	2.49932	0
2.93836	0	2.87193	0	2.86071	0	2.24744	0	3.05466	0	2.27241	0	2.3793	0	1.99981	0	2.79814	0	4.8485	0	3.13236	0	2.36429	0	2.04031	0	3.03796	0	2.7346	0	2.64075	0	1.96513	0	2.48259	0	2.17495	0	3.61532	0	1.85919	0	2.20308	0	2.5333	0	3.2397	0	2.49932	0
2.93836	0	2.87193	0	2.86071	0	2.24744	0	3.05466	0	2.27241	0	2.3793	0	1.99981	0	2.79814	0	3.96608	0	2.99177	0	2.36429	0	2.04031	0	3.03796	0	2.7346	0	2.64075	0	1.94709	0	2.48259	0	2.17495	0	3.61532	0	1.85919	0	2.01498	0	2.29746	0	3.2397	0	2.28752	0
2.93836	0	2.87193	0	2.83781	0	2.24744	0	2.67207	0	2.27241	0	1.99657	0	1.60308	0	2.35098	0	3.77106	0	2.17428	0	2.36429	0	2.04031	0	3.03796	0	2.62129	0	2.06869	0	1.94709	0	2.48259	0	2.06726	0	3.61532	0	1.50162	0	2.01498	0	2.29746	0	2.65421	0	2.28752	0
2.93836	0	2.65108	0	2.83781	0	2.24744	0	2.67207	0	2.27241	0	1.99657	0	1.57237	0	2.27441	0	3.18358	0	2.17428	0	2.05927	0	2.04031	0	3.03796	0	2.26651	0	2.06869	0	1.94709	0	2.378	0	2.06576	0	1.96539	0	1.50162	0	1.63468	0	1.77414	0	2.60275	0	2.28752	0
1.51416	0	2.65108	0	2.30459	0	2.24744	0	2.63407	0	1.90536	0	1.94608	0	1.57237	0	2.05579	0	2.78507	0	2.17428	0	1.80479	0	2.04031	0	3.03796	0	2.26651	0	1.78839	0	1.52981	0	2.31525	0	1.93787	0	1.96539	0	1.21438	0	1.61236	0	1.23795	0	2.60275	0	2.04178	0
1.51416	0	2.21804	0	1.93643	0	2.24744	0	1.96851	0	1.7735	0	1.94608	0	1.22684	0	2.05579	0	2.78507	0	1.72455	0	1.62761	0	2.04031	0	2.26786	0	2.10341	0	1.78839	0	1.52981	0	1.71529	0	1.93787	0	1.67152	0	1.17498	0	1.49376	0	1.23795	0	2.25508	0	2.04178	0
1.33045	0	2.02088	0	1.93643	0	2.24744	0	1.88386	0	1.7735	0	1.94608	0	1.22684	0	1.73807	0	2.78507	0	1.72455	0	1.62761	0	1.8186	0	1.66997	0	1.775	0	1.78839	0	1.24505	0	1.54931	0	1.6471	0	1.67152	0	0.946243	0	1.35015	0	1.23795	0	2.1621	0	1.95499	0
1.33045	0	2.02088	0	1.42866	0	2.24744	0	1.88386	0	1.10738	0	1.94608	0	1.16132	0	1.104	0	2.76243	0	1.62679	0	1.59454	0	1.8186	0	1.66997	0	1.775	0	1.78839	0	1.24505	0	1.54931	0	1.32864	0	1.67152	0	0.916806	0	1.28139	0	1.23795	0	1.96797	0	1.62238	0
1.33045	0	2.02088	0	1.42866	0	1.40046	0	1.78862	0	1.10031	0	1.79053	0	1.05437	0	1.104	0	2.00614	0	1.62328	0	1.00562	0	1.8186	0	1.66997	0	1.14174	0	1.23548	0	1.06455	0	1.54931	0	1.317	0	1.67152	0	0.869434	0	1.28139	0	1.06561	0	1.82548	0	1.62238	0
1.33045	0	1.71345	0	1.21787	0	1.40046	0	1.78862	0	1.10031	0	1.48046	0	1.05437	0	1.104	0	1.91559	0	1.14502	0	1.00562	0	1.45408	0	1.65039	0	1.14174	0	1.23548	0	1.06455	0	1.24428	0	1.317	0	1.67152	0	0.869434	0	1.0588	0	1.05624	0	1.70668	0	1.27221	0
1.33045	0	1.522	0	1.21787	0	1.264	0	1.56305	0	0.991128	0	1.48046	0	1.02483	0	1.104	0	1.91559	0	1.14502	0	1.00562	0	1.45408	0	1.65039	0	1.14174	0	1.23548	0	1.06455	0	0.939599	0	1.316	0	1.64852	0	0.601545	0	1.0588	0	0.868746	0	1.70668	0	1.27221	0
1.33045	0	1.33572	0	1.21787	0	1.264	0	1.56305	0	0.991128	0	1.3275	0	1.02483	0	1.104	0	1.91559	0	0.868061	0	1.00562	0	1.45408	0	1.13591	0	1.12477	0	1.23548	0	1.06455	0	0.939599	0	1.316	0	1.64852	0	0.601545	0	1.0588	0	0.868746	0	1.58484	0	1.27221	0
1.05742	0	1.33572	0	1.19036	0	1.264	0	1.37817	0	0.991128	0	1.3275	0	0.88207	0	0.993901	0	1.72727	0	0.868061	0	0.999012	0	1.18084	0	1.13591	0	1.12477	0	1.07743	0	0.85899	0	0.939599	0	1.23854	0	1.57819	0	0.566092	0	1.0588	0	0.749963	0	0.994837	0	1.27221	0
1.05742	0	1.0461	0	1.19036	0	0.951421	0	1.07663	0	0.991128	0	1.30414	0	0.740408	0	0.993901	0	1.72638	0	0.868061	0	0.999012	0	1.03107	0	1.13591	0	0.931865	0	1.07743	0	0.85899	0	0.930321	0	1.03763	0	1.26792	0	0.566092	0	0.916952	0	0.749963	0	0.994837	0	1.05519	0
1.05742	0	1.03967	0	0.921785	0	0.951421	0	0.799602	0	0.860585	0	1.30414	0	0.695996	0	0.945681	0	1.5794	0	0.868061	0	0.554241	0	1.03107	0	1.13591	0	0.931865	0	1.07743	0	0.767695	0	0.841788	0	0.860227	0	1.15734	0	0.566092	0	0.916952	0	0.749963	0	0.85756	0	1.05519	0
1.05742	0	0.855211	0	0.818	0	0.951421	0	0.799602	0	0.827613	0	1.14705	0	0.673046	0	0.909085	0	1.51319	0	0.737751	0	0.554241	0	1.03107	0	0.620552	0	0.62278	0	0.890652	0	0.629046	0	0.841788	0	0.860227	0	1.10479	0	0.330641	0	0.916952	0	0.732789	0	0.85756	0	0.984687	0
0.982853	0	0.759952	0	0.807587	0	0.700773	0	0.799602	0	0.718896	0	0.997882	0	0.673046	0	0.714486	0	1.36274	0	0.731641	0	0.554241	0	1.00818	0	0.620552	0	0.62278	0	0.875211	0	0.629046	0	0.841788	0	0.69782	0	0.938134	0	0.330641	0	0.889291	0	0.732789	0	0.85756	0	0.801296	0
0.756473	0	0.759952	0	0.671145	0	0.700773	0	0.799602	0	0.718896	0	0.997882	0	0.673046	0	0.604917	0	1.10662	0	0.731641	0	0.554241	0	0.76373	0	0.620552	0	0.62278	0	0.592698	0	0.586449	0	0.621496	0	0.69782	0	0.938134	0	0.330641	0	0.703611	0	0.480848	0	0.85756	0	0.801296	0
0.742966	0	0.463488	0	0.670919	0	0.700773	0	0.799602	0	0.510753	0	0.997882	0	0.625995	0	0.542362	0	0.924178	0	0.674201	0	0.540695	0	0.696694	0	0.615652	0	0.62278	0	0.592698	0	0.53518	0	0.621496	0	0.594827	0	0.938134	0	0.327553	0	0.592754	0	0.480848	0	0.653951	0	0.610135	0
0.588213	0	0.463488	0	0.670919	0	0.628518	0	0.521254	0	0.510753	0	0.744882	0	0.527288	0	0.542362	0	0.865474	0	0.597906	0	0.473609	0	0.696694	0	0.615652	0	0.409995	0	0.592698	0	0.53518	0	0.61445	0	0.594827	0	0.781242	0	0.323015	0	0.592754	0	0.480848	0	0.653951	0	0.610135	0
0.588213	0	0.463488	0	0.491598	0	0.525693	0	0.521254	0	0.510753	0	0.580833	0	0.527288	0	0.439174	0	0.759511	0	0.597906	0	0.369554	0	0.696694	0	0.615652	0	0.409995	0	0.592698	0	0.53518	0	0.527584	0	0.594827	0	0.760586	0	0.310232	0	0.430132	0	0.388179	0	0.574405	0	0.556278	0
0.542882	0	0.463488	0	0.491598	0	0.425513	0	0.471424	0	0.477465	0	0.580833	0	0.497516	0	0.353699	0	0.759511	0	0.516062	0	0.369554	0	0.472514	0	0.615652	0	0.409995	0	0.524346	0	0.340916	0	0.332828	0	0.594827	0	0.58618	0	0.251852	0	0.430132	0	0.388179	0	0.574405	0	0.556278	0
0.542882	0	0.442391	0	0.44848	0	0.425513	0	0.471424	0	0.44364	0	0.580833	0	0.479172	0	0.353699	0	0.702064	0	0.404717	0	0.369554	0	0.472514	0	0.514733	0	0.409995	0	0.487601	0	0.340916	0	0.332828	0	0.529999	0	0.481172	0	0.251852	0	0.430132	0	0.388179	0	0.574405	0	0.556278	0
0.419831	0	0.425341	0	0.44848	0	0.342992	0	0.471424	0	0.439087	0	0.283296	0	0.464422	0	0.353699	0	0.509272	0	0.338299	0	0.333042	0	0.472514	0	0.50118	0	0.409995	0	0.487601	0	0.340916	0	0.311877	0	0.457312	0	0.481172	0	0.232842	0	0.398386	0	0.333971	0	0.574405	0	0.421972	0
0.419831	0	0.423043	0	0.332621	0	0.312452	0	0.471424	0	0.439087	0	0.283296	0	0.270432	0	0.328981	0	0.509272	0	0.321806	0	0.333042	0	0.349257	0	0.50118	0	0.308893	0	0.382974	0	0.193435	0	0.311877	0	0.434323	0	0.481172	0	0.232842	0	0.398386	0	0.333971	0	0.555188	0	0.421972	0
0.277668	0	0.367315	0	0.332621	0	0.298107	0	0.447886	0	0.228582	0	0.283296	0	0.270432	0	0.326928	0	0.509272	0	0.321806	0	0.333042	0	0.349257	0	0.345871	0	0.308893	0	0.337957	0	0.193435	0	0.258468	0	0.421888	0	0.481172	0	0.207981	0	0.398386	0	0.264228	0	0.46366	0	0.358082	0
0.277668	0	0.301654	0	0.292085	0	0.298107	0	0.447886	0	0.228582	0	0.283296	0	0.266517	0	0.326928	0	0.448925	0	0.260959	0	0.333042	0	0.288969	0	0.345871	0	0.292591	0	0.337957	0	0.193435	0	0.258468	0	0.29466	0	0.481172	0	0.201145	0	0.343136	0	0.191758	0	0.250906	0	0.325298	0
0.277668	0	0.233448	0	0.216847	0	0.298107	0	0.24238	0	0.228582	0	0.283296	0	0.266517	0	0.326928	0	0.448925	0	0.260959	0	0.292742	0	0.288969	0	0.330291	0	0.292591	0	0.25215	0	0.193435	0	0.258468	0	0.29466	0	0.481172	0	0.116073	0	0.343136	0	0.191758	0	0.250906	0	0.325298	0
0.25512	0	0.233448	0	0.216847	0	0.298107	0	0.24238	0	0.228582	0	0.283296	0	0.266517	0	0.312255	0	0.448925	0	0.260959	0	0.259227	0	0.288969	0	0.330291	0	0.292591	0	0.240278	0	0.193435	0	0.258468	0	0.29466	0	0.330109	0	0.116073	0	0.341387	0	0.191758	0	0.250906	0	0.219298	0
0.25512	0	0.233448	0	0.216847	0	0.264988	0	0.24238	0	0.228582	0	0.283296	0	0.236251	0	0.260644	0	0.3411	0	0.2245	0	0.259227	0	0.270951	0	0.228923	0	0.226627	0	0.240278	0	0.193435	0	0.220556	0	0.289268	0	0.330109	0	0.116073	0	0.207832	0	0.191758	0	0.250906	0	0.219298	0
0.25512	0	0.229846	0	0.216847	0	0.264988	0	0.24238	0	0.167964	0	0.283296	0	0.159847	0	0.238094	0	0.3411	0	0.2245	0	0.229621	0	0.270951	0	0.227482	0	0.223835	0	0.240278	0	0.159546	0	0.220556	0	0.229167	0	0.316416	0	0.116073	0	0.207832	0	0.159317	0	0.245597	0	0.219298	0
0.25512	0	0.161481	0	0.196578	0	0.185317	0	0.24238	0	0.167964	0	0.283296	0	0.159847	0	0.238094	0	0.330836	0	0.2245	0	0.21064	0	0.23144	0	0.227482	0	0.207413	0	0.240278	0	0.159546	0	0.209698	0	0.229167	0	0.316416	0	0.116073	0	0.207832	0	0.159317	0	0.171291	0	0.219298	0
0.245616	0	0.161481	0	0.160617	0	0.185317	0	0.24238	0	0.129207	0	0.283296	0	0.159847	0	0.225056	0	0.272152	0	0.211679	0	0.207425	0	0.23144	0	0.216977	0	0.202328	0	0.240278	0	0.159546	0	0.186829	0	0.229167	0	0.242418	0	0.098349	0	0.207832	0	0.159317	0	0.171291	0	0.196636	0
0.242205	0	0.161481	0	0.160617	0	0.171893	0	0.24238	0	0.129207	0	0.25803	0	0.13213	0	0.165339	0	0.272152	0	0.211679	0	0.207425	0	0.23144	0	0.216977	0	0.159635	0	0.173397	0	0.159546	0	0.17499	0	0.202526	0	0.230499	0	0.098349	0	0.206273	0	0.126515	0	0.171291	0	0.196636	0
0.166127	0	0.130254	0	0.151627	0	0.145871	0	0.199303	0	0.129207	0	0.25803	0	0.13213	0	0.165339	0	0.272152	0	0.153636	0	0.151427	0	0.192323	0	0.204388	0	0.159635	0	0.173397	0	0.128328	0	0.159559	0	0.202526	0	0.208569	0	0.098349	0	0.138911	0	0.126515	0	0.171291	0	0.1578	0
0.166127	0	0.130254	0	0.151627	0	0.07508	0	0.16214	0	0.129207	0	0.236899	0	0.115407	0	0.165339	0	0.272152	0	0.153636	0	0.151427	0	0.167675	0	0.181332	0	0.113967	0	0.173397	0	0.124975	0	0.112848	0	0.150212	0	0.204131	0	0.0888762	0	0.138911	0	0.126515	0	0.171291	0	0.1578	0
0.16408	0	0.103831	0	0.11956	0	0.07508	0	0.16214	0	0.129207	0	0.170159	0	0.080131	0	0.13334	0	0.234915	0	0.12003	0	0.151427	0	0.167675	0	0.153578	0	0.113967	0	0.164616	0	0.124975	0	0.0995518	0	0.150212	0	0.183756	0	0.0521322	0	0.134871	0	0.0759406	0	0.171291	0	0.133594	0
0.16408	0	0.103831	0	0.11956	0	0.068851	0	0.16214	0	0.116355	0	0.170159	0	0.0791703	0	0.13334	0	0.23166	0	0.12003	0	0.147812	0	0.167675	0	0.153578	0	0.0967003	0	0.151924	0	0.119342	0	0.0995518	0	0.150212	0	0.183756	0	0.0521322	0	0.134871	0	0.0759406	0	0.171291	0	0.133594	0
0.121362	0	0.094892	0	0.101722	0	0.068851	0	0.134917	0	0.116355	0	0.170159	0	0.0791703	0	0.123387	0	0.198051	0	0.12003	0	0.147812	0	0.167675	0	0.153578	0	0.0967003	0	0.151924	0	0.119342	0	0.0995518	0	0.150212	0	0.142685	0	0.0488006	0	0.134871	0	0.0647124	0	0.171291	0	0.107202	0
0.100991	0	0.094892	0	0.0797024	0	0.068851	0	0.0893307	0	0.116355	0	0.170159	0	0.0791703	0	0.11455	0	0.198051	0	0.116199	0	0.132262	0	0.165622	0	0.153578	0	0.0967003	0	0.126037	0	0.119342	0	0.0885469	0	0.124002	0	0.142685	0	0.0488006	0	0.0836433	0	0.0647124	0	0.132317	0	0.107202	0
0.100991	0	0.066269	0	0.0797024	0	0.068851	0	0.0893307	0	0.113177	0	0.170159	0	0.079076	0	0.11455	0	0.143893	0	0.0965216	0	0.115773	0	0.146287	0	0.141622	0	0.0480674	0	0.110172	0	0.102784	0	0.0885469	0	0.0997289	0	0.142685	0	0.0409792	0	0.0743939	0	0.0647124	0	0.110503	0	0.107202	0
0.0926086	0	0.066269	0	0.072895	0	0.068851	0	0.0893307	0	0.0807431	0	0.128674	0	0.079076	0	0.108222	0	0.143893	0	0.0965216	0	0.0955419	0	0.140776	0	0.128362	0	0.0480674	0	0.0887421	0	0.0819361	0	0.0823772	0	0.0997289	0	0.142685	0	0.0297068	0	0.0743939	0	0.0647124	0	0.110503	0	0.100198	0
0.0913245	0	0.0551849	0	0.072895	0	0.0545344	0	0.0893307	0	0.0807431	0	0.128674	0	0.078537	0	0.0983898	0	0.143893	0	0.0965216	0	0.0955419	0	0.12477	0	0.0815713	0	0.0480674	0	0.0887421	0	0.0819361	0	0.0823772	0	0.0803032	0	0.111868	0	0.0297068	0	0.0743939	0	0.0647124	0	0.110503	0	0.0902336	0
0.0802045	0	0.0551849	0	0.0699782	0	0.0400494	0	0.0893307	0	0.079312	0	0.128674	0	0.0577587	0	0.0840666	0	0.143893	0	0.0965216	0	0.0794512	0	0.12477	0	0.0659583	0	0.0480674	0	0.0587281	0	0.0746608	0	0.0823772	0	0.0803032	0	0.11171	0	0.0297068	0	0.0743939	0	0.0392267	0	0.110503	0	0.0705524	0
0.056805	0	0.0551849	0	0.0548089	0	0.0400494	0	0.0893307	0	0.0711751	0	0.0946107	0	0.0577587	0	0.0764113	0	0.143893	0	0.0783368	0	0.0794512	0	0.12477	0	0.0659583	0	0.0480674	0	0.0587281	0	0.0526493	0	0.0640849	0	0.0694295	0	0.10253	0	0.0297068	0	0.0743939	0	0.0392267	0	0.0810792	0	0.0705524	0
0.0511274	0	0.0551849	0	0.0548089	0	0.0400494	0	0.0893307	0	0.0678316	0	0.0946107	0	0.0500631	0	0.0604415	0	0.143893	0	0.076411	0	0.0560103	0	0.109261	0	0.0659583	0	0.0480674	0	0.0516473	0	0.0526493	0	0.0640849	0	0.0600057	0	0.0670746	0	0.0297068	0	0.0743939	0	0.0392267	0	0.0810792	0	0.0627434	0
0.0511274	0	0.0539861	0	0.0500767	0	0.0400494	0	0.0893307	0	0.0678316	0	0.0946107	0	0.0495385	0	0.0604415	0	0.108606	0	0.0708391	0	0.0560103	0	0.109261	0	0.0642822	0	0.046572	0	0.0516473	0	0.0526493	0	0.0622924	0	0.0600057	0	0.0670746	0	0.0291567	0	0.0664458	0	0.0392267	0	0.0810792	0	0.0614143	0
0.0505539	0	0.0539861	0	0.0500767	0	0.0400494	0	0.0893307	0	0.0653089	0	0.0848518	0	0.0495385	0	0.0604415	0	0.0942751	0	0.0708391	0	0.0560103	0	0.0971924	0	0.0582117	0	0.0380868	0	0.0474922	0	0.0526493	0	0.0583575	0	0.0504923	0	0.0603329	0	0.0291567	0	0.0664458	0	0.0392267	0	0.0810792	0	0.0486259	0
0.0505539	0	0.0434871	0	0.0399756	0	0.0400494	0	0.0656176	0	0.0597585	0	0.0848518	0	0.0415711	0	0.0604415	0	0.0942751	0	0.0542626	0	0.0560103	0	0.0971924	0	0.0554481	0	0.0380868	0	0.044551	0	0.0526493	0	0.0511366	0	0.0470909	0	0.0602657	0	0.0271894	0	0.0646358	0	0.0245401	0	0.0810792	0	0.0442429	0
0.0427973	0	0.0392471	0	0.0399756	0	0.0400494	0	0.0656176	0	0.0544231	0	0.0722326	0	0.0289555	0	0.0558493	0	0.0884464	0	0.0542626	0	0.0560103	0	0.0800134	0	0.0517006	0	0.0380868	0	0.0375633	0	0.0526493	0	0.0511366	0	0.0470909	0	0.0602657	0	0.0186572	0	0.0513551	0	0.0245401	0	0.0810792	0	0.039148	0
0.0427973	0	0.0392471	0	0.0399756	0	0.0278646	0	0.0408192	0	0.0489654	0	0.0722326	0	0.0289555	0	0.0444114	0	0.0884464	0	0.0542626	0	0.0477143	0	0.0800134	0	0.0517006	0	0.0380868	0	0.0375633	0	0.0459956	0	0.0511366	0	0.0457559	0	0.0586042	0	0.0186572	0	0.0513551	0	0.0245401	0	0.0403282	0	0.0299641	0
0.0390358	0	0.0392471	0	0.036098	0	0.0266049	0	0.0408192	0	0.0438705	0	0.0722326	0	0.0274578	0	0.0359579	0	0.0603289	0	0.0448604	0	0.0355059	0	0.0800134	0	0.0366115	0	0.0231703	0	0.0375633	0	0.0459956	0	0.0388569	0	0.0449537	0	0.0453367	0	0.0156518	0	0.0448671	0	0.0245401	0	0.0403282	0	0.0299641	0
0.0326987	0	0.0371998	0	0.0352784	0	0.0214896	0	0.0408192	0	0.0405106	0	0.0600828	0	0.0274578	0	0.0359579	0	0.0603289	0	0.0448604	0	0.0355059	0	0.0800134	0	0.0366115	0	0.0231703	0	0.0375633	0	0.0436507	0	0.036187	0	0.0422011	0	0.0453367	0	0.0125834	0	0.0448671	0	0.0227408	0	0.0403282	0	0.0299641	0
0.0318039	0	0.0366528	0	0.0244104	0	0.0213549	0	0.0408192	0	0.029457	0	0.0581049	0	0.0195564	0	0.0359579	0	0.0537551	0	0.039452	0	0.0355059	0	0.0717189	0	0.0362378	0	0.0231703	0	0.0321177	0	0.0416106	0	0.036187	0	0.0311861	0	0.0283977	0	0.0125834	0	0.0448671	0	0.0227408	0	0.0403282	0	0.0299641	0
0.0318039	0	0.0325703	0	0.0244104	0	0.0199501	0	0.0408192	0	0.0279381	0	0.0581049	0	0.0195564	0	0.0359579	0	0.0537551	0	0.039452	0	0.0355059	0	0.062828	0	0.0362378	0	0.0231703	0	0.0276156	0	0.032929	0	0.028623	0	0.0302622	0	0.0283977	0	0.0125834	0	0.0307177	0	0.013295	0	0.0403282	0	0.0299641	0
0.0318039	0	0.032178	0	0.0244104	0	0.0197387	0	0.0408192	0	0.0265772	0	0.0485283	0	0.0195564	0	0.0255489	0	0.0537551	0	0.0289893	0	0.0355059	0	0.0583509	0	0.0362378	0	0.0231703	0	0.0276156	0	0.032929	0	0.028623	0	0.0301919	0	0.0283977	0	0.0123456	0	0.0307177	0	0.013295	0	0.0319103	0	0.0299641	0
0.0277566	0	0.0242305	0	0.0244104	0	0.0197387	0	0.0377218	0	0.0265772	0	0.043705	0	0.0195564	0	0.0255489	0	0.0524156	0	0.0289893	0	0.0355059	0	0.0547174	0	0.0276246	0	0.0191391	0	0.0276156	0	0.022449	0	0.028623	0	0.0266206	0	0.0283977	0	0.0112106	0	0.0264997	0	0.013295	0	0.0319103	0	0.0142585	0
0.0180083	0	0.0242305	0	0.0237327	0	0.0197387	0	0.0284884	0	0.0220451	0	0.0402844	0	0.0195564	0	0.0255489	0	0.0361056	0	0.0244871	0	0.0264609	0	0.0547174	0	0.0259531	0	0.0155633	0	0.0272847	0	0.022449	0	0.0285708	0	0.0263899	0	0.0278452	0	0.00851103	0	0.0264997	0	0.0101037	0	0.0319103	0	0.0142585	0
0.0180083	0	0.0221899	0	0.0168129	0	0.0197387	0	0.0248076	0	0.0196943	0	0.027604	0	0.0193397	0	0.0206198	0	0.0361056	0	0.0244871	0	0.0260113	0	0.0544027	0	0.0188187	0	0.0155633	0	0.0197361	0	0.0206733	0	0.0274225	0	0.0186258	0	0.024882	0	0.00851103	0	0.0259867	0	0.0101037	0	0.0315684	0	0.0142585	0
0.0180083	0	0.0221121	0	0.0168129	0	0.0151416	0	0.0244562	0	0.0160896	0	0.027604	0	0.0166082	0	0.0206198	0	0.0361056	0	0.0244871	0	0.0260113	0	0.039475	0	0.0188187	0	0.0155633	0	0.0197361	0	0.0171326	0	0.0158903	0	0.0186258	0	0.0232523	0	0.00851103	0	0.0259867	0	0.0101037	0	0.0285751	0	0.0142585	0
0.0180083	0	0.0179926	0	0.0164999	0	0.0151416	0	0.0244562	0	0.0157741	0	0.0246611	0	0.012764	0	0.0206198	0	0.0361056	0	0.0244871	0	0.0209896	0	0.0338341	0	0.0188187	0	0.0155633	0	0.0185886	0	0.0171326	0	0.0158903	0	0.0162212	0	0.018474	0	0.00851103	0	0.0259867	0	0.0101037	0	0.0281571	0	0.0142585	0
0.0180083	0	0.0179926	0	0.0145248	0	0.0116917	0	0.0166134	0	0.0147769	0	0.0246611	0	0.0125471	0	0.018504	0	0.0305417	0	0.0230646	0	0.0209896	0	0.0292628	0	0.0188187	0	0.0155633	0	0.0185886	0	0.0171326	0	0.0158903	0	0.0159739	0	0.0147082	0	0.00505105	0	0.0180239	0	0.0095392	0	0.0277845	0	0.0142585	0
0.0180083	0	0.0121003	0	0.0145248	0	0.00952411	0	0.0166134	0	0.0140598	0	0.0246611	0	0.0104388	0	0.018504	0	0.0293196	0	0.0229724	0	0.0209896	0	0.0292628	0	0.0169905	0	0.0120499	0	0.0185886	0	0.0147166	0	0.0158903	0	0.0159739	0	0.0147082	0	0.00505105	0	0.0180239	0	0.00607466	0	0.027046	0	0.013705	0
0.0174116	0	0.0121003	0	0.0145248	0	0.00952411	0	0.0166134	0	0.0140598	0	0.0246611	0	0.0104388	0	0.0173195	0	0.0293196	0	0.0229724	0	0.0206043	0	0.0292628	0	0.015361	0	0.0120499	0	0.012082	0	0.0147166	0	0.0158903	0	0.0122136	0	0.0147082	0	0.00365883	0	0.0180239	0	0.00607466	0	0.0221915	0	0.00906468	0
0.013532	0	0.0121003	0	0.00646271	0	0.00952411	0	0.0149905	0	0.01017	0	0.0230631	0	0.00882589	0	0.0131587	0	0.0293196	0	0.010205	0	0.0166078	0	0.0253068	0	0.014675	0	0.0110006	0	0.012082	0	0.0133432	0	0.0134029	0	0.0121527	0	0.0136165	0	0.00365883	0	0.0180239	0	0.00607466	0	0.019123	0	0.00906468	0
0.013532	0	0.0121003	0	0.00646271	0	0.00856494	0	0.0132257	0	0.00886027	0	0.0230631	0	0.00882589	0	0.0131587	0	0.0234603	0	0.010205	0	0.0146969	0	0.0253068	0	0.0133781	0	0.0110006	0	0.012082	0	0.010355	0	0.0106478	0	0.00966042	0	0.0136165	0	0.00328169	0	0.0151062	0	0.00607466	0	0.0174125	0	0.00906468	0
0.013532	0	0.00964549	0	0.00646271	0	0.00853642	0	0.0132257	0	0.00886027	0	0.0138777	0	0.00748689	0	0.0131587	0	0.0202228	0	0.010205	0	0.0141059	0	0.0186034	0	0.0128812	0	0.00903611	0	0.0118392	0	0.010355	0	0.00791637	0	0.00966042	0	0.0136165	0	0.00328169	0	0.01373	0	0.00607466	0	0.0174125	0	0.00906468	0
0.0104803	0	0.00964549	0	0.00646271	0	0.00853642	0	0.00889187	0	0.00667232	0	0.0138777	0	0.00600382	0	0.0131587	0	0.0202228	0	0.010205	0	0.0141059	0	0.0186034	0	0.0112809	0	0.00903611	0	0.00992822	0	0.00864858	0	0.00791637	0	0.00724733	0	0.0135227	0	0.00328169	0	0.01373	0	0.00572671	0	0.0174125	0	0.00906468	0
0.0104803	0	0.00964549	0	0.00646271	0	0.00796874	0	0.00889187	0	0.00667232	0	0.0132116	0	0.00600382	0	0.0131587	0	0.0202228	0	0.010205	0	0.012128	0	0.0186034	0	0.0112809	0	0.00889042	0	0.00992822	0	0.00705895	0	0.00791637	0	0.00724733	0	0.0129176	0	0.00294325	0	0.0109569	0	0.00572671	0	0.0174125	0	0.00888676	0
0.0104803	0	0.00964549	0	0.00582329	0	0.00796874	0	0.00766551	0	0.00667232	0	0.0132116	0	0.00529559	0	0.00768116	0	0.0151854	0	0.010205	0	0.0114888	0	0.0127754	0	0.00822444	0	0.00541376	0	0.00843265	0	0.00705895	0	0.00791637	0	0.00724733	0	0.0121739	0	0.00294325	0	0.0109569	0	0.00494369	0	0.0121264	0	0.00873482	0
0.00941033	0	0.00683263	0	0.00582329	0	0.00489331	0	0.00766551	0	0.00638428	0	0.0117822	0	0.00529559	0	0.00768116	0	0.0150922	0	0.010205	0	0.00811582	0	0.0127754	0	0.00822444	0	0.00541376	0	0.0074368	0	0.00705895	0	0.00791637	0	0.00724733	0	0.0104371	0	0.00294325	0	0.00884151	0	0.00365137	0	0.0121264	0	0.00855242	0
0.00667001	0	0.00637023	0	0.00582329	0	0.00489331	0	0.00766551	0	0.00550783	0	0.0117822	0	0.00529559	0	0.00768116	0	0.0150922	0	0.010205	0	0.00811582	0	0.0127754	0	0.00822444	0	0.00541376	0	0.00589694	0	0.00705895	0	0.00791637	0	0.00724733	0	0.0104371	0	0.00271214	0	0.00884151	0	0.00365137	0	0.0121264	0	0.0071447	0
0.00667001	0	0.00637023	0	0.00522214	0	0.00489331	0	0.00766551	0	0.00550783	0	0.00834472	0	0.00529559	0	0.00614769	0	0.0139885	0	0.00995839	0	0.00740422	0	0.0127754	0	0.00822444	0	0.00541376	0	0.00589694	0	0.00562958	0	0.00791637	0	0.00471338	0	0.00980529	0	0.00210904	0	0.00733875	0	0.00279071	0	0.0121264	0	0.00508672	0
0.00667001	0	0.00451949	0	0.00522214	0	0.00374023	0	0.00766551	0	0.0054801	0	0.00834472	0	0.00518196	0	0.00614769	0	0.0126125	0	0.00845081	0	0.00729386	0	0.0127754	0	0.00822444	0	0.00541376	0	0.00579238	0	0.00460061	0	0.00713467	0	0.00471338	0	0.00980529	0	0.00210904	0	0.00733875	0	0.00279071	0	0.0110816	0	0.00508672	0
0.00516736	0	0.00451949	0	0.00522214	0	0.00374023	0	0.00766551	0	0.00473384	0	0.00834472	0	0.00446826	0	0.00614769	0	0.00803892	0	0.00845081	0	0.00668955	0	0.0102622	0	0.00666464	0	0.00541376	0	0.00579238	0	0.00340744	0	0.0062844	0	0.00389969	0	0.00765485	0	0.00190358	0	0.00563705	0	0.00279071	0	0.00816706	0	0.004964	0
0.00516736	0	0.00451949	0	0.00522214	0	0.00374023	0	0.00671348	0	0.00465613	0	0.0081332	0	0.00396966	0	0.00614769	0	0.00803892	0	0.00785072	0	0.00668955	0	0.0102622	0	0.00666464	0	0.00541376	0	0.00579238	0	0.00340744	0	0.00561914	0	0.00389969	0	0.00397948	0	0.00156881	0	0.00563705	0	0.00270058	0	0.00816706	0	0.004964	0
0.00516736	0	0.00451949	0	0.00522214	0	0.00374023	0	0.00507548	0	0.00403538	0	0.0081332	0	0.00353465	0	0.0061053	0	0.00803892	0	0.00785072	0	0.00558172	0	0.00718467	0	0.0063134	0	0.00453497	0	0.00348194	0	0.00340744	0	0.00525812	0	0.00348212	0	0.00397948	0	0.00156881	0	0.00511388	0	0.00270058	0	0.00813636	0	0.004964	0
0.00516736	0	0.00451949	0	0.00462783	0	0.00345734	0	0.00507548	0	0.00345786	0	0.0063487	0	0.00315049	0	0.0061053	0	0.00740001	0	0.00785072	0	0.00558172	0	0.00718467	0	0.0049463	0	0.00385739	0	0.00348194	0	0.00340744	0	0.00414634	0	0.00348212	0	0.00397948	0	0.0013292	0	0.00511388	0	0.00226173	0	0.0074336	0	0.00432361	0
0.00516736	0	0.00447634	0	0.00403044	0	0.00345734	0	0.00507548	0	0.00345786	0	0.00627448	0	0.00239069	0	0.00557894	0	0.00700164	0	0.00540898	0	0.00525262	0	0.00718467	0	0.0049463	0	0.00385739	0	0.00348194	0	0.00340744	0	0.00414634	0	0.00348212	0	0.00389563	0	0.0013292	0	0.00462291	0	0.00184294	0	0.0074336	0	0.00432361	0
0.0044841	0	0.00397208	0	0.00403044	0	0.0031805	0	0.00507548	0	0.00345786	0	0.00612629	0	0.00228825	0	0.00515158	0	0.00700164	0	0.00540898	0	0.00383293	0	0.00718467	0	0.0041438	0	0.00375372	0	0.00348194	0	0.00340744	0	0.00414634	0	0.00348212	0	0.00262321	0	0.0013292	0	0.00338579	0	0.00135862	0	0.00595434	0	0.00339448	0
0.0044841	0	0.0034353	0	0.00382425	0	0.00286626	0	0.00495587	0	0.00330987	0	0.00602029	0	0.00228825	0	0.00417085	0	0.00633247	0	0.00540898	0	0.00383293	0	0.00676085	0	0.0041438	0	0.00375372	0	0.00314749	0	0.00212133	0	0.00370893	0	0.00348212	0	0.00262321	0	0.0013292	0	0.00338579	0	0.00135862	0	0.00511876	0	0.00271686	0
0.00370115	0	0.00315177	0	0.00382425	0	0.00234041	0	0.00495587	0	0.00281889	0	0.00602029	0	0.00169429	0	0.00417085	0	0.00633247	0	0.00540898	0	0.00365345	0	0.00581519	0	0.00391358	0	0.00322945	0	0.00314749	0	0.00212133	0	0.00272013	0	0.00308084	0	0.00262321	0	0.00118935	0	0.00322859	0	0.00129853	0	0.00506969	0	0.00220396	0
0.00370115	0	0.00310867	0	0.00303806	0	0.00234041	0	0.00352126	0	0.00267654	0	0.00585948	0	0.00169429	0	0.00343307	0	0.00610947	0	0.0049845	0	0.00343054	0	0.00558061	0	0.00391358	0	0.00260353	0	0.00314749	0	0.00212133	0	0.00272013	0	0.00308084	0	0.00262321	0	0.00118935	0	0.00322859	0	0.00129853	0	0.00506969	0	0.00215778	0
0.00319714	0	0.00291867	0	0.00303806	0	0.00234041	0	0.00352126	0	0.00252261	0	0.00479643	0	0.00169429	0	0.00343307	0	0.00519159	0	0.00493732	0	0.00282881	0	0.00433127	0	0.00363617	0	0.00142881	0	0.00273342	0	0.00212133	0	0.00272013	0	0.00256324	0	0.00254369	0	0.00111839	0	0.0031811	0	0.00129853	0	0.00506969	0	0.00215778	0
0.00241005	0	0.00213655	0	0.00266929	0	0.00222272	0	0.00352126	0	0.00222046	0	0.00278612	0	0.00129506	0	0.00297471	0	0.00519159	0	0.00310645	0	0.00282881	0	0.00433127	0	0.00225792	0	0.00142881	0	0.0025713	0	0.00212133	0	0.00272013	0	0.00247381	0	0.00254369	0	0.00103959	0	0.00278569	0	0.000991641	0	0.00421652	0	0.00208776	0
0.00215414	0	0.00211341	0	0.00266929	0	0.00222272	0	0.00347075	0	0.00219341	0	0.00278612	0	0.00129506	0	0.00244279	0	0.00462873	0	0.00310645	0	0.00252381	0	0.00433127	0	0.00225792	0	0.00142881	0	0.00231135	0	0.00203403	0	0.00272013	0	0.0023516	0	0.00254369	0	0.00103959	0	0.00195429	0	0.00073246	0	0.00379691	0	0.00208776	0
0.00215414	0	0.00169772	0	0.00219819	0	0.00178469	0	0.00339894	0	0.00201274	0	0.00278612	0	0.00129506	0	0.0021973	0	0.00402771	0	0.00310645	0	0.00252381	0	0.00433127	0	0.00225792	0	0.00142881	0	0.00226385	0	0.00160442	0	0.00251079	0	0.0023516	0	0.00254369	0	0.000780936	0	0.00182315	0	0.00073246	0	0.0026586	0	0.00114243	0
0.00215414	0	0.00169772	0	0.002113	0	0.00164886	0	0.00287863	0	0.00197177	0	0.00278612	0	0.00129506	0	0.00169356	0	0.00248373	0	0.00281981	0	0.00239157	0	0.00433127	0	0.00185488	0	0.00140507	0	0.0020335	0	0.00160442	0	0.00186595	0	0.00191689	0	0.00177348	0	0.000683947	0	0.00156268	0	0.000542343	0	0.0026586	0	0.00114243	0
0.00173756	0	0.00131263	0	0.00201374	0	0.00155218	0	0.0023537	0	0.00187973	0	0.0026111	0	0.00129506	0	0.00169356	0	0.00248373	0	0.00252412	0	0.00239157	0	0.00404153	0	0.00185488	0	0.00140507	0	0.00161935	0	0.00113406	0	0.00149378	0	0.00191689	0	0.00177348	0	0.000683947	0	0.00156268	0	0.000542343	0	0.0026586	0	0.00100675	0
0.00158232	0	0.00131263	0	0.00114919	0	0.00099237	0	0.0017229	0	0.00147603	0	0.0026111	0	0.00117408	0	0.00127117	0	0.00248373	0	0.00249142	0	0.00178012	0	0.00293188	0	0.00185488	0	0.00140507	0	0.00161935	0	0.00113406	0	0.00149378	0	0.00112385	0	0.00155361	0	0.000522731	0	0.00132832	0	0.000542343	0	0.0026586	0	0.00100675	0
0.00149212	0	0.00131263	0	0.00114919	0	0.00099237	0	0.0017229	0	0.00147603	0	0.0026111	0	0.00102819	0	0.00127117	0	0.00248373	0	0.00178431	0	0.00178012	0	0.00293188	0	0.00181712	0	0.00136813	0	0.0012347	0	0.00113406	0	0.00136511	0	0.00112385	0	0.00155361	0	0.000514412	0	0.00132832	0	0.000542343	0	0.0026586	0	0.00100675	0
0.00149212	0	0.00131263	0	0.00114919	0	0.00099237	0	0.0017229	0	0.00147053	0	0.0026111	0	0.00102819	0	0.00127117	0	0.00248373	0	0.00178431	0	0.00105111	0	0.00258867	0	0.00146047	0	0.00136813	0	0.0012347	0	0.00113406	0	0.00136511	0	0.00112385	0	0.00142679	0	0.000424746	0	0.00108381	0	0.000479888	0	0.00210005	0	0.00100675	0
0.00149212	0	0.00108872	0	0.00114919	0	0.00099237	0	0.0017229	0	0.000897037	0	0.00230132	0	0.000649225	0	0.00121798	0	0.00240567	0	0.00116476	0	0.00105111	0	0.00258867	0	0.00143602	0	0.0012385	0	0.0012347	0	0.000739531	0	0.00136511	0	0.00112385	0	0.00136857	0	0.000359145	0	0.00107915	0	0.000464327	0	0.00210005	0	0.00100675	0
0.00149212	0	0.00108872	0	0.000992168	0	0.000829418	0	0.001489	0	0.000897037	0	0.00219907	0	0.000649225	0	0.00118418	0	0.00223013	0	0.00116476	0	0.00105111	0	0.00167837	0	0.00143602	0	0.00105002	0	0.0012347	0	0.000739531	0	0.00136511	0	0.00108679	0	0.00117896	0	0.000350191	0	0.00107915	0	0.000412536	0	0.00188713	0	0.00100675	0
0.00118972	0	0.00108872	0	0.000992168	0	0.000829418	0	0.001489	0	0.000897037	0	0.00153763	0	0.000614026	0	0.000978385	0	0.00223013	0	0.00116476	0	0.00105111	0	0.00167641	0	0.00121538	0	0.000798774	0	0.00123225	0	0.000739531	0	0.00136511	0	0.000828804	0	0.000945811	0	0.000350191	0	0.000670532	0	0.000412536	0	0.00158134	0	0.000935898	0
0.00104919	0	0.00108221	0	0.000854128	0	0.000829418	0	0.001489	0	0.00085225	0	0.00134998	0	0.000317818	0	0.000978385	0	0.00182876	0	0.00116476	0	0.00105111	0	0.00165143	0	0.00121538	0	0.000798774	0	0.00105211	0	0.000739531	0	0.0011164	0	0.000828804	0	0.000865811	0	0.000282165	0	0.000670532	0	0.000412536	0	0.00127507	0	0.00066456	0
0.00104919	0	0.00089115	0	0.000830003	0	0.000676312	0	0.00125174	0	0.000817197	0	0.00134998	0	0.000317818	0	0.000524918	0	0.00171828	0	0.00116476	0	0.00103861	0	0.00134386	0	0.000967331	0	0.000798774	0	0.000847144	0	0.000667026	0	0.000733218	0	0.000490022	0	0.000680177	0	0.000282165	0	0.000670532	0	0.000412536	0	0.00127507	0	0.00066456	0
0.000770258	0	0.000888704	0	0.000830003	0	0.000676312	0	0.000886727	0	0.000592093	0	0.00134998	0	0.000317818	0	0.000524918	0	0.00171828	0	0.00116476	0	0.000884481	0	0.00134386	0	0.000869492	0	0.00067073	0	0.000847144	0	0.000667026	0	0.000733218	0	0.000490022	0	0.000680177	0	0.000237044	0	0.000670532	0	0.000412536	0	0.00127507	0	0.00066456	0
0.000770258	0	0.000610381	0	0.000830003	0	0.00060651	0	0.000793187	0	0.000592093	0	0.00125424	0	0.000317818	0	0.000524918	0	0.00142209	0	0.00116476	0	0.000547643	0	0.00108518	0	0.000869492	0	0.00067073	0	0.000804572	0	0.000667026	0	0.000692858	0	0.000490022	0	0.000596273	0	0.000237044	0	0.000670532	0	0.000383563	0	0.0012603	0	0.00066456	0
0.000770258	0	0.000532148	0	0.000698176	0	0.000546264	0	0.000793187	0	0.000592093	0	0.00103433	0	0.000317818	0	0.000524918	0	0.00129196	0	0.00116476	0	0.000547643	0	0.00108518	0	0.000770635	0	0.000435094	0	0.000652434	0	0.000581993	0	0.000692858	0	0.000490022	0	0.000596273	0	0.000225024	0	0.000670532	0	0.000294745	0	0.0012603	0	0.00066456	0
0.000631843	0	0.000532148	0	0.000471182	0	0.000489615	0	0.000793187	0	0.00054933	0	0.000805091	0	0.000317818	0	0.000524918	0	0.00129196	0	0.00116476	0	0.000547643	0	0.000847363	0	0.000636143	0	0.000435094	0	0.000573074	0	0.000563964	0	0.000660744	0	0.000490022	0	0.000596273	0	0.000225024	0	0.000551387	0	0.000294745	0	0.00115937	0	0.000615919	0
0.000631843	0	0.000532148	0	0.000471182	0	0.000467116	0	0.00071341	0	0.000496204	0	0.000805091	0	0.000317818	0	0.000524918	0	0.00117565	0	0.00116476	0	0.000547643	0	0.0008087	0	0.000636143	0	0.000435094	0	0.000573074	0	0.000417908	0	0.000613184	0	0.000490022	0	0.000477816	0	0.000219944	0	0.000498498	0	0.000204567	0	0.000862829	0	0.000528221	0
0.000631843	0	0.000484684	0	0.000449384	0	0.000420532	0	0.000608518	0	0.000496204	0	0.000805091	0	0.000294233	0	0.000505857	0	0.00117565	0	0.000930318	0	0.000547643	0	0.0008087	0	0.000636143	0	0.000435094	0	0.000573074	0	0.000401716	0	0.000514914	0	0.000490022	0	0.000477816	0	0.00016333	0	0.000381913	0	0.000184384	0	0.000751378	0	0.000528221	0
0.000631843	0	0.000420656	0	0.000246395	0	0.000420532	0	0.000608518	0	0.000382686	0	0.000805091	0	0.000294233	0	0.000505857	0	0.00107191	0	0.000930318	0	0.00054414	0	0.000764232	0	0.000636143	0	0.000364171	0	0.000409878	0	0.000395857	0	0.000475686	0	0.00034521	0	0.000425346	0	0.00016333	0	0.000381913	0	0.000184384	0	0.000678513	0	0.000385804	0
0.000631843	0	0.000420656	0	0.000246395	0	0.00039324	0	0.000461514	0	0.000317987	0	0.000805091	0	0.000294233	0	0.000452165	0	0.0009728	0	0.000930318	0	0.00054414	0	0.000513596	0	0.000631265	0	0.000364171	0	0.000380739	0	0.000395857	0	0.000475686	0	0.000338703	0	0.000425346	0	0.000154767	0	0.000381913	0	0.000151093	0	0.000648997	0	0.000385804	0
0.000528676	0	0.000407945	0	0.000246395	0	0.00039324	0	0.000461514	0	0.000317987	0	0.000799492	0	0.000254225	0	0.000452165	0	0.000862006	0	0.000930318	0	0.00054414	0	0.000513596	0	0.000560917	0	0.000364171	0	0.000380739	0	0.000395857	0	0.000475686	0	0.000338703	0	0.000425346	0	0.00013153	0	0.000381913	0	0.000151093	0	0.000484269	0	0.000293682	0
0.000387283	0	0.000308801	0	0.000240456	0	0.000340117	0	0.000461514	0	0.000210142	0	0.00078203	0	0.000252056	0	0.000393797	0	0.000862006	0	0.000814189	0	0.000529804	0	0.000513596	0	0.000524135	0	0.000362623	0	0.000380739	0	0.000250698	0	0.000364454	0	0.000338703	0	0.000344177	0	0.000117022	0	0.000381913	0	0.000151093	0	0.000484269	0	0.000293682	0
0.000387283	0	0.000303779	0	0.000230514	0	0.000260718	0	0.000434591	0	0.000210142	0	0.000502318	0	0.000252056	0	0.000393797	0	0.000776552	0	0.000814189	0	0.000529804	0	0.000513596	0	0.000349806	0	0.000266009	0	0.000380739	0	0.000244079	0	0.000364454	0	0.00033606	0	0.000335739	0	9.93234e-05	0	0.000381913	0	0.000151093	0	0.000439648	0	0.000293682	0
0.000387283	0	0.000303779	0	0.000230514	0	0.000260718	0	0.000355202	0	0.000162905	0	0.000502318	0	0.000251532	0	0.000302635	0	0.000649241	0	0.000626074	0	0.000485277	0	0.000436239	0	0.000349806	0	0.000266009	0	0.000279749	0	0.000244079	0	0.000331128	0	0.000251584	0	0.00026498	0	9.93234e-05	0	0.000333946	0	0.00012201	0	0.000439648	0	0.000293682	0
0.000387283	0	0.000303779	0	0.000230514	0	0.000260718	0	0.000355202	0	0.000162905	0	0.000404169	0	0.000223321	0	0.000302635	0	0.00062958	0	0.000626074	0	0.00042616	0	0.000372743	0	0.000281112	0	0.000200824	0	0.000279749	0	0.000244079	0	0.000260557	0	0.000251584	0	0.00026498	0	9.93234e-05	0	0.000333946	0	0.000117443	0	0.000415885	0	0.000267151	0
0.00034197	0	0.00017719	0	0.000226525	0	0.00023571	0	0.000355202	0	0.000154641	0	0.000404169	0	0.000220449	0	0.000302635	0	0.00062958	0	0.000607374	0	0.000393183	0	0.000361939	0	0.000281112	0	0.000200824	0	0.000279749	0	0.000244079	0	0.000260557	0	0.000251584	0	0.000165067	0	9.7093e-05	0	0.000252517	0	4.90054e-05	0	0.000415885	0	0.000250921	0
0.000267443	0	0.00017719	0	0.000226525	0	0.000187946	0	0.000311043	0	0.000154641	0	0.000404169	0	0.000167202	0	0.000296109	0	0.00062958	0	0.000552188	0	0.000359808	0	0.000355906	0	0.000281112	0	0.000143317	0	0.000279749	0	0.000244079	0	0.000260557	0	0.000235946	0	0.000165067	0	8.74679e-05	0	0.000244218	0	4.90054e-05	0	0.000353565	0	0.000191372	0
0.000267443	0	0.00017719	0	0.00019015	0	0.000187946	0	0.000267358	0	0.000144273	0	0.000247069	0	0.000167202	0	0.000260702	0	0.000535681	0	0.000541886	0	0.000334968	0	0.000349688	0	0.000281112	0	0.000131672	0	0.000279749	0	0.000190299	0	0.000260557	0	0.000221401	0	0.000165067	0	5.10754e-05	0	0.00020098	0	4.90054e-05	0	0.000353565	0	0.000186309	0
0.000228555	0	0.00017719	0	0.00019015	0	0.000187946	0	0.000265077	0	0.000140473	0	0.000247069	0	0.000138574	0	0.000260702	0	0.00047279	0	0.000431102	0	0.000304195	0	0.000267191	0	0.000281112	0	0.000131672	0	0.000162178	0	0.000167954	0	0.000238996	0	0.000170329	0	0.000165067	0	5.10754e-05	0	0.00020098	0	4.90054e-05	0	0.00034963	0	0.000177687	0
0.000228555	0	0.000143444	0	0.000158069	0	0.000124923	0	0.00022728	0	0.000127432	0	0.000223702	0	0.000135495	0	0.000108591	0	0.000443209	0	0.000431102	0	0.00028627	0	0.000237695	0	0.000281112	0	0.000131672	0	0.000162063	0	0.000167954	0	0.000238996	0	0.000170329	0	0.000154765	0	4.74936e-05	0	0.00020098	0	4.90054e-05	0	0.000284939	0	0.000138366	0
0.000228555	0	0.000143444	0	0.000129031	0	0.000124923	0	0.000189487	0	0.000127432	0	0.000223702	0	9.04695e-05	0	0.000108591	0	0.000411807	0	0.000431102	0	0.000221898	0	0.000122917	0	0.000241308	0	0.000131672	0	0.00011851	0	0.000119224	0	0.000189652	0	0.000134026	0	0.000137723	0	4.74936e-05	0	0.00020098	0	4.90054e-05	0	0.000284939	0	0.000138366	0
0.000174184	0	0.000143444	0	0.000129031	0	0.000124923	0	0.000179213	0	0.000110633	0	0.000223702	0	8.47436e-05	0	0.000108591	0	0.000411807	0	0.000431102	0	0.000221898	0	0.000122917	0	0.000221658	0	0.000131672	0	0.000115271	0	0.000115394	0	0.000189652	0	0.000134026	0	0.000131288	0	4.74936e-05	0	0.000176722	0	4.90054e-05	0	0.000284939	0	0.000114099	0
0.000174184	0	0.000136992	0	8.63101e-05	0	0.000124923	0	0.000160801	0	0.000110633	0	0.000167591	0	8.47436e-05	0	0.000108591	0	0.000407087	0	0.000317397	0	0.000173938	0	0.000122917	0	0.000186595	0	0.000105759	0	0.000115271	0	9.55267e-05	0	0.000161609	0	0.000134026	0	0.000128233	0	4.74936e-05	0	0.000171564	0	4.90054e-05	0	0.000264346	0	9.50563e-05	0
0.000174184	0	0.000110618	0	8.63101e-05	0	0.00011213	0	0.000153875	0	9.65912e-05	0	0.000127852	0	8.14975e-05	0	0.000102691	0	0.00037842	0	0.000302358	0	0.000173938	0	0.000122917	0	0.000169541	0	0.000105759	0	0.000115271	0	9.55267e-05	0	0.000161609	0	0.000130361	0	0.000114761	0	4.7047e-05	0	0.000156544	0	4.90054e-05	0	0.000124767	0	7.45688e-05	0
0.000174184	0	8.49777e-05	0	8.63101e-05	0	9.66967e-05	0	0.000153875	0	7.78775e-05	0	0.000127852	0	8.14975e-05	0	0.000101803	0	0.000255736	0	0.000302358	0	0.00016443	0	0.000122917	0	0.000156261	0	0.000105759	0	0.000115271	0	8.24987e-05	0	0.000145755	0	0.000129579	0	9.74885e-05	0	4.44192e-05	0	0.000156544	0	4.90054e-05	0	0.000124767	0	7.45688e-05	0
0.000139645	0	8.49777e-05	0	8.63101e-05	0	9.58903e-05	0	0.000114217	0	7.1941e-05	0	0.000105268	0	7.42847e-05	0	0.000101158	0	0.000255736	0	0.000252389	0	0.00016443	0	0.000122917	0	0.000156261	0	0.000105676	0	0.000106606	0	8.24987e-05	0	0.000145755	0	0.000104631	0	9.74885e-05	0	4.44192e-05	0	0.000148432	0	4.90054e-05	0	0.000124767	0	7.11446e-05	0
0.000131521	0	8.49777e-05	0	7.84009e-05	0	9.58903e-05	0	0.000114217	0	7.1941e-05	0	0.000105268	0	6.02713e-05	0	0.000101158	0	0.000245379	0	0.000252389	0	0.000149096	0	0.000122917	0	0.000113483	0	6.50712e-05	0	0.00010119	0	8.24987e-05	0	0.000123597	0	0.000104631	0	7.35598e-05	0	3.77208e-05	0	0.000103523	0	3.762e-05	0	0.000124767	0	7.11446e-05	0
0.000106922	0	7.73258e-05	0	7.84009e-05	0	6.04491e-05	0	6.54768e-05	0	7.1941e-05	0	0.000105268	0	6.02713e-05	0	9.92363e-05	0	0.000155983	0	0.00020545	0	0.000149096	0	0.000105131	0	0.000113483	0	6.50712e-05	0	0.00010119	0	7.66768e-05	0	9.18467e-05	0	0.000104631	0	7.35598e-05	0	2.57434e-05	0	0.000103523	0	3.762e-05	0	0.000124767	0	7.11446e-05	0
0.000106922	0	7.73258e-05	0	4.83838e-05	0	6.04491e-05	0	6.54768e-05	0	7.1941e-05	0	0.000105268	0	5.36701e-05	0	7.22143e-05	0	0.000155983	0	0.00020545	0	0.000121956	0	0.000105131	0	9.61775e-05	0	6.50712e-05	0	8.84303e-05	0	7.3558e-05	0	9.18467e-05	0	7.00564e-05	0	7.35598e-05	0	2.57434e-05	0	0.000103523	0	3.53272e-05	0	0.00011286	0	6.46775e-05	0
0.000106922	0	7.73258e-05	0	4.83838e-05	0	5.65167e-05	0	6.54768e-05	0	5.21009e-05	0	0.000105268	0	5.36701e-05	0	7.22143e-05	0	0.000155983	0	0.00020545	0	0.000115144	0	8.17134e-05	0	9.05951e-05	0	6.50712e-05	0	8.15943e-05	0	6.02733e-05	0	9.18467e-05	0	7.00564e-05	0	5.3405e-05	0	2.24571e-05	0	9.56268e-05	0	3.53272e-05	0	0.00011286	0	6.21281e-05	0
0.000104133	0	6.59414e-05	0	4.83838e-05	0	4.75446e-05	0	6.54768e-05	0	5.21009e-05	0	0.000105268	0	4.72088e-05	0	7.22143e-05	0	0.000134664	0	0.000183229	0	0.000115144	0	8.17134e-05	0	8.51252e-05	0	4.75975e-05	0	7.67945e-05	0	6.02733e-05	0	9.18467e-05	0	7.00564e-05	0	5.3405e-05	0	2.24571e-05	0	8.4115e-05	0	2.98132e-05	0	7.69474e-05	0	6.21281e-05	0
7.82664e-05	0	5.92509e-05	0	4.83838e-05	0	4.75446e-05	0	5.70859e-05	0	5.16522e-05	0	7.84564e-05	0	4.51757e-05	0	5.37114e-05	0	0.000134664	0	0.000148893	0	9.37932e-05	0	8.17134e-05	0	7.5273e-05	0	4.16989e-05	0	7.40705e-05	0	6.02733e-05	0	9.18467e-05	0	7.00564e-05	0	5.3405e-05	0	1.87102e-05	0	8.4115e-05	0	2.98132e-05	0	7.69474e-05	0	4.95069e-05	0
5.89142e-05	0	4.50244e-05	0	4.60905e-05	0	4.75446e-05	0	4.86806e-05	0	5.07606e-05	0	7.6502e-05	0	3.62892e-05	0	5.37114e-05	0	0.000121127	0	0.000148893	0	8.49056e-05	0	7.26832e-05	0	7.5273e-05	0	4.16989e-05	0	6.21078e-05	0	5.28294e-05	0	9.18467e-05	0	5.9216e-05	0	4.86419e-05	0	1.87102e-05	0	8.4115e-05	0	2.60845e-05	0	7.69474e-05	0	2.81022e-05	0
5.89142e-05	0	4.50244e-05	0	3.87883e-05	0	4.75446e-05	0	4.75228e-05	0	5.07606e-05	0	7.6502e-05	0	3.39118e-05	0	4.52715e-05	0	9.92299e-05	0	0.000148893	0	8.49056e-05	0	7.26832e-05	0	6.87169e-05	0	4.16989e-05	0	5.48125e-05	0	4.95539e-05	0	7.39493e-05	0	5.19195e-05	0	4.70487e-05	0	1.70753e-05	0	8.29535e-05	0	1.9849e-05	0	7.01471e-05	0	2.81022e-05	0
5.89142e-05	0	4.40323e-05	0	3.87883e-05	0	3.8183e-05	0	3.38745e-05	0	3.66772e-05	0	7.49194e-05	0	2.90631e-05	0	3.05133e-05	0	9.92299e-05	0	0.000147777	0	8.40784e-05	0	6.9567e-05	0	5.54268e-05	0	4.16989e-05	0	5.48125e-05	0	4.19065e-05	0	7.20939e-05	0	3.7976e-05	0	4.66167e-05	0	1.70753e-05	0	7.62839e-05	0	1.9849e-05	0	7.01471e-05	0	2.81022e-05	0
4.55669e-05	0	4.40323e-05	0	3.35718e-05	0	3.29851e-05	0	3.38745e-05	0	3.66772e-05	0	7.49194e-05	0	2.90631e-05	0	3.05133e-05	0	9.92299e-05	0	0.000147777	0	5.80878e-05	0	6.18833e-05	0	4.81266e-05	0	3.06114e-05	0	5.48125e-05	0	4.19065e-05	0	7.20939e-05	0	3.7976e-05	0	4.66167e-05	0	1.50149e-05	0	6.87058e-05	0	1.48126e-05	0	7.01471e-05	0	2.81022e-05	0
4.55669e-05	0	3.66404e-05	0	3.18368e-05	0	3.29851e-05	0	3.38745e-05	0	3.66772e-05	0	5.61949e-05	0	2.75346e-05	0	3.05133e-05	0	9.2361e-05	0	0.000128598	0	5.80878e-05	0	5.34073e-05	0	4.81266e-05	0	2.54024e-05	0	4.15651e-05	0	4.13074e-05	0	6.72195e-05	0	3.7976e-05	0	4.10819e-05	0	1.4075e-05	0	6.01267e-05	0	1.48126e-05	0	5.58996e-05	0	2.81022e-05	0
4.12761e-05	0	3.66404e-05	0	2.82587e-05	0	3.09097e-05	0	3.25886e-05	0	3.52269e-05	0	5.61949e-05	0	2.65968e-05	0	3.05133e-05	0	9.2361e-05	0	0.000121397	0	5.80878e-05	0	3.76598e-05	0	4.81266e-05	0	2.24318e-05	0	2.87735e-05	0	2.9668e-05	0	5.6133e-05	0	3.7976e-05	0	3.72575e-05	0	1.24782e-05	0	6.01267e-05	0	1.48126e-05	0	5.58996e-05	0	2.81022e-05	0
4.12761e-05	0	3.64031e-05	0	2.82587e-05	0	2.4912e-05	0	3.25886e-05	0	2.66705e-05	0	5.61949e-05	0	2.01183e-05	0	3.04904e-05	0	9.2361e-05	0	8.68353e-05	0	5.60129e-05	0	3.71854e-05	0	4.81266e-05	0	2.24318e-05	0	2.87735e-05	0	2.25456e-05	0	5.6133e-05	0	3.7976e-05	0	3.66964e-05	0	1.02905e-05	0	5.87489e-05	0	1.48126e-05	0	5.58996e-05	0	2.81022e-05	0
4.12761e-05	0	3.07726e-05	0	2.82587e-05	0	2.4912e-05	0	2.36543e-05	0	2.23433e-05	0	5.61949e-05	0	2.01183e-05	0	2.06835e-05	0	7.95813e-05	0	8.68353e-05	0	5.15045e-05	0	3.71854e-05	0	3.98076e-05	0	2.24318e-05	0	2.87735e-05	0	2.25456e-05	0	5.6133e-05	0	3.7976e-05	0	3.66964e-05	0	9.59174e-06	0	5.87489e-05	0	1.48126e-05	0	5.58996e-05	0	2.81022e-05	0
4.12761e-05	0	2.69477e-05	0	2.73517e-05	0	1.6799e-05	0	2.36543e-05	0	2.23433e-05	0	5.61949e-05	0	1.767e-05	0	2.06835e-05	0	7.95813e-05	0	8.11492e-05	0	4.67295e-05	0	3.71854e-05	0	3.98076e-05	0	2.24318e-05	0	2.87735e-05	0	1.5838e-05	0	5.44251e-05	0	2.72346e-05	0	2.46376e-05	0	8.75016e-06	0	4.10215e-05	0	1.48126e-05	0	5.58996e-05	0	2.81022e-05	0
4.12761e-05	0	2.69477e-05	0	2.73517e-05	0	1.6799e-05	0	2.36543e-05	0	2.23433e-05	0	5.51818e-05	0	1.767e-05	0	2.06835e-05	0	7.47596e-05	0	7.37137e-05	0	4.22961e-05	0	3.23283e-05	0	3.98076e-05	0	1.71784e-05	0	2.50409e-05	0	1.5838e-05	0	4.48631e-05	0	2.72346e-05	0	2.46376e-05	0	7.12383e-06	0	3.83252e-05	0	1.48126e-05	0	5.58996e-05	0	2.5917e-05	0
4.06834e-05	0	2.69477e-05	0	2.22815e-05	0	1.6799e-05	0	2.36543e-05	0	2.23433e-05	0	4.67605e-05	0	1.12152e-05	0	1.00245e-05	0	7.47596e-05	0	5.65334e-05	0	4.06638e-05	0	2.41267e-05	0	3.98076e-05	0	1.71784e-05	0	2.3577e-05	0	1.5838e-05	0	4.48631e-05	0	2.54008e-05	0	2.46376e-05	0	7.12383e-06	0	3.73175e-05	0	1.33951e-05	0	4.00058e-05	0	2.55384e-05	0
3.74538e-05	0	2.55352e-05	0	2.17771e-05	0	1.6799e-05	0	2.36543e-05	0	1.92945e-05	0	3.70004e-05	0	1.08683e-05	0	1.00245e-05	0	5.92012e-05	0	5.65334e-05	0	3.56595e-05	0	2.33006e-05	0	3.77675e-05	0	1.50465e-05	0	2.20633e-05	0	1.56162e-05	0	4.22396e-05	0	2.42275e-05	0	2.46376e-05	0	6.49981e-06	0	3.73175e-05	0	1.33951e-05	0	4.00058e-05	0	2.31567e-05	0
2.54895e-05	0	2.37299e-05	0	1.47835e-05	0	1.6799e-05	0	2.10814e-05	0	1.3086e-05	0	2.99718e-05	0	1.08683e-05	0	1.00245e-05	0	5.42342e-05	0	5.65334e-05	0	3.56595e-05	0	2.33006e-05	0	2.76433e-05	0	1.50465e-05	0	2.06216e-05	0	1.56162e-05	0	2.88848e-05	0	2.26189e-05	0	2.24948e-05	0	6.49981e-06	0	3.30251e-05	0	1.31364e-05	0	3.92473e-05	0	1.47891e-05	0
2.54895e-05	0	1.51176e-05	0	1.47835e-05	0	1.6799e-05	0	2.10814e-05	0	1.28088e-05	0	2.76607e-05	0	7.99406e-06	0	1.00245e-05	0	4.77647e-05	0	4.55111e-05	0	2.74681e-05	0	2.33006e-05	0	2.63553e-05	0	1.50465e-05	0	1.81919e-05	0	1.2218e-05	0	2.88848e-05	0	2.09062e-05	0	1.58214e-05	0	6.49981e-06	0	3.30251e-05	0	1.01038e-05	0	3.64637e-05	0	1.47891e-05	0
2.54895e-05	0	1.51176e-05	0	1.47835e-05	0	1.406e-05	0	1.63783e-05	0	1.28088e-05	0	2.76607e-05	0	7.99406e-06	0	9.22367e-06	0	3.45613e-05	0	4.55111e-05	0	2.74681e-05	0	2.33006e-05	0	2.57616e-05	0	1.50465e-05	0	1.81919e-05	0	1.2218e-05	0	2.7933e-05	0	1.17994e-05	0	1.58214e-05	0	4.45559e-06	0	2.56095e-05	0	1.01038e-05	0	2.39415e-05	0	9.28536e-06	0
2.54895e-05	0	1.51176e-05	0	1.03383e-05	0	1.406e-05	0	1.48952e-05	0	1.20516e-05	0	2.3673e-05	0	7.70747e-06	0	7.27818e-06	0	3.45613e-05	0	3.27913e-05	0	2.32159e-05	0	2.05657e-05	0	2.57616e-05	0	1.50465e-05	0	1.67812e-05	0	1.15535e-05	0	2.13399e-05	0	1.17994e-05	0	1.55915e-05	0	4.45559e-06	0	2.31492e-05	0	6.40144e-06	0	2.39415e-05	0	9.28536e-06	0
2.16801e-05	0	1.35686e-05	0	1.03383e-05	0	1.2942e-05	0	1.48952e-05	0	1.00708e-05	0	2.3673e-05	0	6.85652e-06	0	7.27818e-06	0	3.45613e-05	0	3.27913e-05	0	2.32159e-05	0	2.05657e-05	0	2.22084e-05	0	1.29606e-05	0	1.07856e-05	0	9.42598e-06	0	2.13399e-05	0	1.17994e-05	0	1.55915e-05	0	4.45559e-06	0	2.31492e-05	0	6.40144e-06	0	2.14817e-05	0	9.28536e-06	0
2.16801e-05	0	1.27271e-05	0	1.03383e-05	0	1.05413e-05	0	1.48952e-05	0	9.03199e-06	0	2.3673e-05	0	6.04692e-06	0	6.72338e-06	0	3.42074e-05	0	3.27687e-05	0	2.25002e-05	0	1.70895e-05	0	1.52987e-05	0	1.29606e-05	0	1.07856e-05	0	8.02322e-06	0	2.13399e-05	0	7.31495e-06	0	1.43578e-05	0	4.45559e-06	0	2.05905e-05	0	6.40144e-06	0	2.14817e-05	0	9.28536e-06	0
1.99264e-05	0	1.27271e-05	0	8.75544e-06	0	9.9897e-06	0	1.48952e-05	0	9.03199e-06	0	2.3673e-05	0	6.04692e-06	0	6.72338e-06	0	3.42074e-05	0	2.98922e-05	0	1.52827e-05	0	1.70895e-05	0	1.52987e-05	0	8.96568e-06	0	1.07856e-05	0	8.02322e-06	0	1.88488e-05	0	7.31495e-06	0	1.35832e-05	0	4.45559e-06	0	2.05905e-05	0	6.40144e-06	0	2.139e-05	0	9.28536e-06	0
1.99264e-05	0	1.24043e-05	0	8.75544e-06	0	8.04632e-06	0	1.07455e-05	0	9.03199e-06	0	1.4614e-05	0	6.04692e-06	0	6.72338e-06	0	3.42074e-05	0	2.07923e-05	0	1.52827e-05	0	1.51132e-05	0	1.45212e-05	0	8.96568e-06	0	9.17308e-06	0	7.23198e-06	0	1.88488e-05	0	7.31495e-06	0	1.01357e-05	0	4.32278e-06	0	1.76676e-05	0	6.05551e-06	0	2.139e-05	0	9.28536e-06	0
1.97714e-05	0	1.24043e-05	0	7.99961e-06	0	7.29794e-06	0	9.22294e-06	0	8.81092e-06	0	1.4614e-05	0	4.46181e-06	0	6.10309e-06	0	3.17235e-05	0	2.07923e-05	0	1.5218e-05	0	1.51132e-05	0	1.38259e-05	0	7.39325e-06	0	9.17308e-06	0	7.23198e-06	0	1.80987e-05	0	7.31495e-06	0	7.85277e-06	0	4.1191e-06	0	1.62011e-05	0	6.05551e-06	0	1.65079e-05	0	9.28536e-06	0
1.9515e-05	0	1.24043e-05	0	7.99961e-06	0	7.27929e-06	0	6.92063e-06	0	5.65309e-06	0	1.4614e-05	0	4.46181e-06	0	6.10309e-06	0	2.97143e-05	0	1.43107e-05	0	1.5218e-05	0	1.40014e-05	0	1.16565e-05	0	7.39325e-06	0	9.17308e-06	0	5.9275e-06	0	1.49378e-05	0	7.15171e-06	0	7.85277e-06	0	3.77102e-06	0	1.37107e-05	0	5.67421e-06	0	1.65079e-05	0	9.28536e-06	0
1.83211e-05	0	7.93043e-06	0	7.34203e-06	0	6.50519e-06	0	6.92063e-06	0	5.65309e-06	0	1.4443e-05	0	4.46181e-06	0	6.10309e-06	0	2.62245e-05	0	1.43107e-05	0	9.91536e-06	0	1.35862e-05	0	1.16565e-05	0	7.2361e-06	0	6.70513e-06	0	5.29588e-06	0	1.49378e-05	0	7.15171e-06	0	7.72763e-06	0	2.4195e-06	0	1.29519e-05	0	5.12475e-06	0	1.04155e-05	0	8.05732e-06	0
1.68177e-05	0	7.93043e-06	0	6.54625e-06	0	4.74407e-06	0	6.92063e-06	0	5.65309e-06	0	1.30267e-05	0	3.0977e-06	0	3.94909e-06	0	2.07401e-05	0	1.43107e-05	0	9.91536e-06	0	1.18389e-05	0	8.35989e-06	0	6.29075e-06	0	5.24084e-06	0	5.29588e-06	0	1.48747e-05	0	6.3531e-06	0	6.93037e-06	0	2.18833e-06	0	9.84303e-06	0	3.38997e-06	0	1.04155e-05	0	8.05732e-06	0
1.44881e-05	0	7.24928e-06	0	6.54625e-06	0	4.74407e-06	0	6.81261e-06	0	5.65309e-06	0	1.30267e-05	0	3.0977e-06	0	3.94909e-06	0	2.07401e-05	0	1.27897e-05	0	9.26466e-06	0	1.12668e-05	0	8.35989e-06	0	6.29075e-06	0	5.24084e-06	0	3.14666e-06	0	1.43098e-05	0	6.3531e-06	0	5.59652e-06	0	1.97889e-06	0	8.35723e-06	0	3.38997e-06	0	8.84004e-06	0	6.49714e-06	0
1.44881e-05	0	7.24928e-06	0	3.99284e-06	0	4.74407e-06	0	6.51828e-06	0	5.65309e-06	0	1.30267e-05	0	3.0977e-06	0	3.6806e-06	0	1.82975e-05	0	1.27897e-05	0	9.26466e-06	0	8.78334e-06	0	8.35989e-06	0	5.88409e-06	0	5.24084e-06	0	3.14666e-06	0	1.22858e-05	0	5.95042e-06	0	5.18764e-06	0	1.97889e-06	0	8.35723e-06	0	3.38997e-06	0	8.84004e-06	0	6.4115e-06	0
1.44881e-05	0	7.24928e-06	0	3.99284e-06	0	4.41309e-06	0	5.74917e-06	0	4.83066e-06	0	9.04836e-06	0	2.31636e-06	0	3.6806e-06	0	1.61085e-05	0	1.22441e-05	0	9.26466e-06	0	8.78334e-06	0	7.46972e-06	0	4.86724e-06	0	5.24084e-06	0	3.14666e-06	0	1.04771e-05	0	4.30701e-06	0	4.33458e-06	0	1.8441e-06	0	7.0374e-06	0	3.24296e-06	0	6.73016e-06	0	6.05576e-06	0
1.38505e-05	0	7.24928e-06	0	3.99284e-06	0	4.23733e-06	0	5.74917e-06	0	4.83066e-06	0	9.04836e-06	0	2.31636e-06	0	3.6806e-06	0	1.61085e-05	0	8.82101e-06	0	9.26466e-06	0	7.93661e-06	0	5.91036e-06	0	4.41569e-06	0	4.96443e-06	0	3.14666e-06	0	9.38095e-06	0	4.30701e-06	0	4.33458e-06	0	1.71567e-06	0	7.0374e-06	0	3.24296e-06	0	6.73016e-06	0	6.05576e-06	0
1.11401e-05	0	7.24928e-06	0	3.77599e-06	0	4.23733e-06	0	5.53835e-06	0	3.35223e-06	0	9.04836e-06	0	2.31636e-06	0	1.90947e-06	0	1.61085e-05	0	8.82101e-06	0	9.26466e-06	0	4.75738e-06	0	5.91036e-06	0	4.30327e-06	0	3.89662e-06	0	3.14666e-06	0	9.38095e-06	0	4.30701e-06	0	4.04168e-06	0	1.0495e-06	0	7.0374e-06	0	2.68e-06	0	6.73016e-06	0	4.17697e-06	0
1.11401e-05	0	6.59536e-06	0	2.74578e-06	0	2.45874e-06	0	5.53835e-06	0	2.86522e-06	0	8.77425e-06	0	1.76027e-06	0	1.90947e-06	0	1.39824e-05	0	8.82101e-06	0	7.823e-06	0	4.75738e-06	0	5.18521e-06	0	4.30327e-06	0	3.67117e-06	0	2.8739e-06	0	7.72465e-06	0	4.30701e-06	0	4.04168e-06	0	1.0495e-06	0	6.04467e-06	0	2.68e-06	0	5.48586e-06	0	3.43672e-06	0
1.11401e-05	0	3.84073e-06	0	2.74578e-06	0	2.45874e-06	0	5.12563e-06	0	2.86522e-06	0	7.96101e-06	0	1.71335e-06	0	1.90947e-06	0	1.22914e-05	0	7.47791e-06	0	7.45859e-06	0	4.75738e-06	0	3.77125e-06	0	2.6248e-06	0	3.67117e-06	0	2.74299e-06	0	7.72465e-06	0	3.77999e-06	0	3.91959e-06	0	1.0495e-06	0	4.7604e-06	0	2.37543e-06	0	5.48586e-06	0	3.43672e-06	0
1.04998e-05	0	3.84073e-06	0	2.74578e-06	0	2.45874e-06	0	4.68268e-06	0	2.12521e-06	0	7.61816e-06	0	1.71335e-06	0	1.90947e-06	0	1.2207e-05	0	7.47791e-06	0	7.45859e-06	0	4.75738e-06	0	3.77125e-06	0	2.6248e-06	0	2.92989e-06	0	1.76306e-06	0	6.02058e-06	0	3.77999e-06	0	3.63269e-06	0	1.0495e-06	0	4.7604e-06	0	2.19222e-06	0	5.48586e-06	0	3.43672e-06	0
1.04503e-05	0	3.84073e-06	0	2.63572e-06	0	2.28949e-06	0	4.68268e-06	0	2.12521e-06	0	7.27269e-06	0	1.71335e-06	0	1.90947e-06	0	1.16287e-05	0	7.47791e-06	0	6.2965e-06	0	4.45598e-06	0	3.41384e-06	0	2.6248e-06	0	2.92989e-06	0	1.76306e-06	0	6.02058e-06	0	3.77999e-06	0	3.63269e-06	0	1.0495e-06	0	3.73402e-06	0	2.19222e-06	0	5.48586e-06	0	3.43672e-06	0
1.03005e-05	0	3.84073e-06	0	2.30602e-06	0	2.11722e-06	0	3.28334e-06	0	2.12521e-06	0	6.5067e-06	0	1.71335e-06	0	1.90947e-06	0	1.04792e-05	0	6.69007e-06	0	6.2965e-06	0	3.65113e-06	0	2.99409e-06	0	2.6248e-06	0	2.92989e-06	0	1.76306e-06	0	5.78532e-06	0	3.77999e-06	0	3.63269e-06	0	1.0495e-06	0	3.73402e-06	0	2.09547e-06	0	5.48586e-06	0	2.85821e-06	0
8.87525e-06	0	3.84073e-06	0	2.30602e-06	0	2.11311e-06	0	3.28334e-06	0	2.12521e-06	0	6.09682e-06	0	1.71335e-06	0	1.90947e-06	0	8.97658e-06	0	6.54883e-06	0	6.13027e-06	0	3.65113e-06	0	2.99409e-06	0	2.6248e-06	0	2.48508e-06	0	1.76306e-06	0	5.78532e-06	0	3.31408e-06	0	2.32111e-06	0	1.0495e-06	0	3.43972e-06	0	1.97903e-06	0	5.48586e-06	0	1.96816e-06	0
8.52107e-06	0	3.84073e-06	0	2.109e-06	0	2.11311e-06	0	3.28334e-06	0	2.12521e-06	0	5.37306e-06	0	1.69457e-06	0	1.8377e-06	0	8.97658e-06	0	6.28349e-06	0	5.28843e-06	0	3.59258e-06	0	2.99409e-06	0	2.6248e-06	0	2.06013e-06	0	1.73512e-06	0	4.45011e-06	0	2.22113e-06	0	2.32111e-06	0	1.0495e-06	0	3.43972e-06	0	1.43737e-06	0	4.47384e-06	0	1.96816e-06	0
7.66112e-06	0	3.84073e-06	0	1.74314e-06	0	2.11311e-06	0	3.28334e-06	0	2.12521e-06	0	4.73785e-06	0	1.3702e-06	0	1.8377e-06	0	7.921e-06	0	6.28349e-06	0	5.04331e-06	0	2.69128e-06	0	2.64796e-06	0	2.03867e-06	0	2.06013e-06	0	1.73512e-06	0	4.45011e-06	0	2.22113e-06	0	1.751e-06	0	5.90072e-07	0	2.96073e-06	0	1.43737e-06	0	4.47384e-06	0	1.96816e-06	0
7.34015e-06	0	3.64195e-06	0	1.74314e-06	0	2.10925e-06	0	3.06378e-06	0	2.12521e-06	0	4.21103e-06	0	1.05161e-06	0	1.25276e-06	0	6.40408e-06	0	5.86019e-06	0	4.24641e-06	0	2.69128e-06	0	2.64796e-06	0	1.49089e-06	0	2.06013e-06	0	1.53859e-06	0	4.34267e-06	0	2.22113e-06	0	1.751e-06	0	5.90072e-07	0	2.91692e-06	0	1.05895e-06	0	3.74733e-06	0	1.96816e-06	0
7.34015e-06	0	3.24039e-06	0	1.74314e-06	0	1.73989e-06	0	2.83902e-06	0	2.12521e-06	0	4.21103e-06	0	1.0466e-06	0	1.25276e-06	0	6.40408e-06	0	3.76331e-06	0	3.74982e-06	0	2.16582e-06	0	2.304e-06	0	1.49089e-06	0	1.89742e-06	0	1.09834e-06	0	4.32571e-06	0	2.22113e-06	0	1.751e-06	0	5.90072e-07	0	2.30953e-06	0	1.05895e-06	0	3.74733e-06	0	1.83072e-06	0
5.58693e-06	0	3.24039e-06	0	1.44353e-06	0	1.51092e-06	0	2.37619e-06	0	1.40786e-06	0	3.00058e-06	0	9.79996e-07	0	1.25276e-06	0	5.97807e-06	0	3.76331e-06	0	2.30488e-06	0	2.16582e-06	0	2.304e-06	0	1.49089e-06	0	1.89742e-06	0	1.09834e-06	0	4.32571e-06	0	2.01846e-06	0	1.751e-06	0	5.90072e-07	0	2.19836e-06	0	1.05895e-06	0	3.30717e-06	0	1.83072e-06	0
5.58693e-06	0	3.24039e-06	0	1.44353e-06	0	1.47793e-06	0	1.84637e-06	0	1.40786e-06	0	3.00058e-06	0	9.79996e-07	0	1.25276e-06	0	4.63226e-06	0	3.76331e-06	0	2.30488e-06	0	1.7201e-06	0	2.24551e-06	0	1.49089e-06	0	1.89742e-06	0	9.27308e-07	0	4.03034e-06	0	1.46078e-06	0	1.47988e-06	0	5.90072e-07	0	2.19836e-06	0	1.05895e-06	0	3.2831e-06	0	1.43241e-06	0
4.26581e-06	0	2.63354e-06	0	1.06288e-06	0	1.18417e-06	0	1.84637e-06	0	1.40786e-06	0	3.00058e-06	0	9.79996e-07	0	8.98794e-07	0	4.63226e-06	0	3.76331e-06	0	2.05201e-06	0	1.7201e-06	0	1.56422e-06	0	1.12229e-06	0	1.78041e-06	0	9.27308e-07	0	3.71561e-06	0	1.46078e-06	0	1.47988e-06	0	4.70018e-07	0	2.05983e-06	0	1.00789e-06	0	3.07905e-06	0	1.43241e-06	0
4.26581e-06	0	2.42153e-06	0	1.04419e-06	0	1.18417e-06	0	1.72959e-06	0	1.40786e-06	0	2.59378e-06	0	7.84224e-07	0	8.98794e-07	0	4.59047e-06	0	3.76331e-06	0	2.05201e-06	0	1.64012e-06	0	1.55763e-06	0	9.87028e-07	0	1.51888e-06	0	9.27308e-07	0	3.31961e-06	0	1.3633e-06	0	1.05476e-06	0	4.70018e-07	0	2.02101e-06	0	1.00789e-06	0	3.01412e-06	0	1.39324e-06	0
4.26581e-06	0	2.25865e-06	0	1.04419e-06	0	1.03326e-06	0	1.46363e-06	0	1.40786e-06	0	2.53783e-06	0	6.34351e-07	0	8.59313e-07	0	2.52264e-06	0	3.4627e-06	0	2.05201e-06	0	1.64012e-06	0	1.41254e-06	0	9.87028e-07	0	1.3971e-06	0	8.81475e-07	0	3.31961e-06	0	1.3633e-06	0	9.09536e-07	0	4.16315e-07	0	2.02101e-06	0	1.00789e-06	0	1.89413e-06	0	1.2468e-06	0
3.77937e-06	0	2.25865e-06	0	1.04419e-06	0	1.03326e-06	0	1.35167e-06	0	9.45605e-07	0	2.44343e-06	0	4.20045e-07	0	8.40335e-07	0	2.52264e-06	0	2.89171e-06	0	1.87588e-06	0	1.42531e-06	0	9.22274e-07	0	9.28714e-07	0	9.0711e-07	0	8.2317e-07	0	3.31961e-06	0	6.30941e-07	0	9.09536e-07	0	4.16315e-07	0	1.86595e-06	0	7.71628e-07	0	1.84207e-06	0	1.2468e-06	0
3.77937e-06	0	1.6681e-06	0	6.28662e-07	0	1.03326e-06	0	1.35167e-06	0	9.45605e-07	0	2.12654e-06	0	4.20045e-07	0	8.24521e-07	0	2.52264e-06	0	2.89171e-06	0	1.87588e-06	0	1.42531e-06	0	9.22274e-07	0	6.82071e-07	0	8.98151e-07	0	8.2317e-07	0	3.10799e-06	0	6.30941e-07	0	9.09536e-07	0	4.16315e-07	0	1.46134e-06	0	6.76477e-07	0	1.84207e-06	0	1.2468e-06	0
3.4252e-06	0	1.6681e-06	0	6.28662e-07	0	7.23855e-07	0	9.66267e-07	0	9.45605e-07	0	2.12654e-06	0	4.20045e-07	0	6.60103e-07	0	2.52264e-06	0	1.92152e-06	0	1.87588e-06	0	1.42531e-06	0	9.14186e-07	0	6.82071e-07	0	7.76778e-07	0	5.78528e-07	0	3.07538e-06	0	6.30941e-07	0	9.09536e-07	0	4.16315e-07	0	1.3908e-06	0	6.33205e-07	0	1.84207e-06	0	8.76632e-07	0
2.86131e-06	0	1.43874e-06	0	6.28662e-07	0	7.20855e-07	0	9.66267e-07	0	9.45605e-07	0	1.39918e-06	0	4.20045e-07	0	6.60103e-07	0	2.52264e-06	0	1.92152e-06	0	1.10275e-06	0	1.28489e-06	0	9.14186e-07	0	6.82071e-07	0	7.76778e-07	0	5.78528e-07	0	2.3113e-06	0	6.30941e-07	0	7.6664e-07	0	3.16616e-07	0	1.30568e-06	0	5.96006e-07	0	1.83644e-06	0	8.76632e-07	0
2.86131e-06	0	1.43874e-06	0	6.28662e-07	0	7.20855e-07	0	8.6934e-07	0	9.31452e-07	0	1.39918e-06	0	3.80605e-07	0	4.27935e-07	0	2.09151e-06	0	1.92152e-06	0	1.10275e-06	0	1.1872e-06	0	8.81908e-07	0	6.82071e-07	0	7.76778e-07	0	5.78528e-07	0	2.3113e-06	0	6.30941e-07	0	7.6664e-07	0	3.16616e-07	0	1.00064e-06	0	5.73793e-07	0	1.56278e-06	0	8.34848e-07	0
2.44562e-06	0	1.32907e-06	0	6.28662e-07	0	6.07526e-07	0	8.6934e-07	0	9.31452e-07	0	1.15641e-06	0	3.80605e-07	0	4.27935e-07	0	1.76228e-06	0	1.92152e-06	0	1.10275e-06	0	9.41144e-07	0	7.73117e-07	0	6.45772e-07	0	7.36761e-07	0	5.05546e-07	0	2.15007e-06	0	6.30941e-07	0	7.6664e-07	0	2.82429e-07	0	1.00064e-06	0	4.49135e-07	0	1.30077e-06	0	7.34159e-07	0
2.31858e-06	0	1.32907e-06	0	4.84976e-07	0	6.07526e-07	0	7.87019e-07	0	7.94063e-07	0	1.12386e-06	0	3.74044e-07	0	4.27935e-07	0	1.76228e-06	0	1.92152e-06	0	1.10275e-06	0	9.41144e-07	0	5.4097e-07	0	6.45772e-07	0	7.11185e-07	0	4.54143e-07	0	2.09621e-06	0	6.30941e-07	0	6.06359e-07	0	2.82429e-07	0	7.84813e-07	0	4.49135e-07	0	1.05178e-06	0	7.05288e-07	0
2.31858e-06	0	1.32907e-06	0	4.77263e-07	0	6.07526e-07	0	6.8186e-07	0	5.54836e-07	0	1.12386e-06	0	3.17788e-07	0	4.27935e-07	0	1.76228e-06	0	1.47964e-06	0	9.98372e-07	0	9.41144e-07	0	5.4097e-07	0	6.00303e-07	0	6.09029e-07	0	3.88227e-07	0	1.95568e-06	0	6.30941e-07	0	6.06359e-07	0	2.11556e-07	0	7.84813e-07	0	2.59904e-07	0	8.28164e-07	0	6.64106e-07	0
1.68788e-06	0	1.32907e-06	0	3.97814e-07	0	6.07526e-07	0	4.95862e-07	0	5.54836e-07	0	9.50503e-07	0	2.84096e-07	0	4.12281e-07	0	1.76228e-06	0	1.47964e-06	0	9.98372e-07	0	7.9125e-07	0	3.92443e-07	0	5.41183e-07	0	6.09029e-07	0	3.88227e-07	0	1.60655e-06	0	5.25233e-07	0	5.7044e-07	0	2.11556e-07	0	5.46151e-07	0	2.59904e-07	0	7.10917e-07	0	6.27079e-07	0
1.68788e-06	0	1.06866e-06	0	3.86518e-07	0	5.90232e-07	0	4.95862e-07	0	4.57954e-07	0	7.34124e-07	0	2.35334e-07	0	4.05278e-07	0	1.60562e-06	0	1.41384e-06	0	8.36538e-07	0	7.9125e-07	0	3.92443e-07	0	5.20734e-07	0	4.3294e-07	0	3.07439e-07	0	1.60655e-06	0	4.73968e-07	0	4.04721e-07	0	2.11556e-07	0	5.46151e-07	0	2.59904e-07	0	7.10917e-07	0	4.41711e-07	0
1.66918e-06	0	1.06866e-06	0	3.86518e-07	0	4.5967e-07	0	3.94294e-07	0	4.57954e-07	0	6.72321e-07	0	2.34035e-07	0	3.33043e-07	0	1.41094e-06	0	1.41384e-06	0	8.36538e-07	0	7.88549e-07	0	3.92443e-07	0	4.94427e-07	0	4.3294e-07	0	3.05544e-07	0	1.60655e-06	0	4.73968e-07	0	4.04721e-07	0	1.88532e-07	0	4.81158e-07	0	2.59904e-07	0	6.14784e-07	0	4.41711e-07	0
1.55347e-06	0	1.06866e-06	0	3.86518e-07	0	4.26352e-07	0	3.94294e-07	0	4.57954e-07	0	6.72321e-07	0	2.34035e-07	0	2.24463e-07	0	1.37488e-06	0	8.9951e-07	0	7.45837e-07	0	7.43445e-07	0	3.66991e-07	0	4.8186e-07	0	4.2169e-07	0	3.05544e-07	0	1.37736e-06	0	4.73968e-07	0	2.94607e-07	0	1.85331e-07	0	3.60795e-07	0	2.59904e-07	0	6.14784e-07	0	4.41711e-07	0
1.29804e-06	0	9.40584e-07	0	3.11866e-07	0	3.30676e-07	0	3.94294e-07	0	4.57954e-07	0	4.56153e-07	0	2.34035e-07	0	2.24463e-07	0	1.37488e-06	0	8.9951e-07	0	7.45837e-07	0	7.43445e-07	0	3.59305e-07	0	3.74112e-07	0	3.99876e-07	0	3.05544e-07	0	1.37736e-06	0	3.22095e-07	0	2.94607e-07	0	1.67647e-07	0	3.60795e-07	0	2.59904e-07	0	6.14784e-07	0	4.41711e-07	0
1.03507e-06	0	9.40584e-07	0	3.11866e-07	0	3.30676e-07	0	3.94294e-07	0	4.07246e-07	0	4.47421e-07	0	2.33895e-07	0	2.24463e-07	0	1.15946e-06	0	8.9951e-07	0	5.21874e-07	0	5.76197e-07	0	2.53249e-07	0	3.74112e-07	0	3.28295e-07	0	2.49731e-07	0	1.31872e-06	0	3.22095e-07	0	2.92912e-07	0	1.52121e-07	0	3.60795e-07	0	2.33185e-07	0	6.14784e-07	0	3.1477e-07	0
1.03507e-06	0	7.88532e-07	0	2.441e-07	0	2.94879e-07	0	3.94294e-07	0	4.07246e-07	0	4.4512e-07	0	1.89842e-07	0	2.24463e-07	0	1.08793e-06	0	8.9951e-07	0	5.21874e-07	0	5.76197e-07	0	2.53249e-07	0	2.62404e-07	0	3.06795e-07	0	2.49731e-07	0	1.03215e-06	0	3.22095e-07	0	2.92912e-07	0	1.24939e-07	0	3.32434e-07	0	1.88455e-07	0	6.14784e-07	0	3.1477e-07	0
1.03507e-06	0	6.7892e-07	0	2.441e-07	0	2.72052e-07	0	2.72171e-07	0	4.07246e-07	0	4.4504e-07	0	1.89842e-07	0	2.24463e-07	0	1.04028e-06	0	8.91489e-07	0	5.21874e-07	0	5.60507e-07	0	2.53249e-07	0	2.62404e-07	0	2.20468e-07	0	2.22117e-07	0	1.03215e-06	0	2.25443e-07	0	2.92912e-07	0	1.18493e-07	0	3.32434e-07	0	1.88455e-07	0	6.14784e-07	0	3.11779e-07	0
9.64629e-07	0	5.33252e-07	0	2.441e-07	0	2.4636e-07	0	2.69306e-07	0	3.74243e-07	0	4.4504e-07	0	1.62431e-07	0	2.17788e-07	0	1.04028e-06	0	5.30495e-07	0	5.21874e-07	0	5.04939e-07	0	1.35796e-07	0	2.62404e-07	0	2.20468e-07	0	2.22117e-07	0	1.03215e-06	0	2.25443e-07	0	2.60878e-07	0	1.0258e-07	0	3.14133e-07	0	1.4002e-07	0	4.98092e-07	0	2.41239e-07	0
9.64629e-07	0	5.33252e-07	0	2.441e-07	0	2.00438e-07	0	2.38801e-07	0	3.40928e-07	0	4.4504e-07	0	1.62431e-07	0	1.99113e-07	0	6.7117e-07	0	5.30495e-07	0	4.05132e-07	0	5.04939e-07	0	1.35796e-07	0	2.62404e-07	0	2.20468e-07	0	2.16703e-07	0	1.03215e-06	0	2.25443e-07	0	2.23279e-07	0	8.57588e-08	0	2.76661e-07	0	1.4002e-07	0	4.54843e-07	0	2.41239e-07	0
7.29207e-07	0	5.33252e-07	0	1.98777e-07	0	2.00438e-07	0	2.06674e-07	0	2.8284e-07	0	3.16376e-07	0	1.38326e-07	0	1.48569e-07	0	6.7117e-07	0	5.30495e-07	0	3.16139e-07	0	3.70073e-07	0	1.35796e-07	0	2.46193e-07	0	2.20468e-07	0	1.74456e-07	0	8.32491e-07	0	2.25443e-07	0	2.23279e-07	0	8.57588e-08	0	2.45537e-07	0	1.4002e-07	0	4.54843e-07	0	2.21711e-07	0
7.29207e-07	0	3.64518e-07	0	1.59916e-07	0	1.7192e-07	0	1.33653e-07	0	2.8284e-07	0	3.16376e-07	0	1.38326e-07	0	1.48569e-07	0	6.58794e-07	0	5.30495e-07	0	3.16139e-07	0	3.38201e-07	0	1.35796e-07	0	2.39422e-07	0	2.20468e-07	0	1.70706e-07	0	8.32491e-07	0	1.67947e-07	0	2.23279e-07	0	8.03826e-08	0	2.45537e-07	0	1.01089e-07	0	4.09033e-07	0	2.14385e-07	0
7.29207e-07	0	3.64518e-07	0	1.59916e-07	0	1.7192e-07	0	1.2679e-07	0	2.8284e-07	0	3.16376e-07	0	1.38326e-07	0	1.26517e-07	0	6.09694e-07	0	5.30495e-07	0	2.41238e-07	0	2.51475e-07	0	1.35796e-07	0	2.17456e-07	0	1.40888e-07	0	1.70706e-07	0	7.89832e-07	0	1.67947e-07	0	2.01751e-07	0	6.15039e-08	0	2.24979e-07	0	1.01089e-07	0	4.08333e-07	0	1.2676e-07	0
6.91923e-07	0	3.64518e-07	0	1.5065e-07	0	1.7192e-07	0	1.2679e-07	0	2.7318e-07	0	2.65659e-07	0	1.10018e-07	0	1.26517e-07	0	6.00807e-07	0	5.28079e-07	0	2.41238e-07	0	2.51475e-07	0	1.35796e-07	0	1.95696e-07	0	9.60882e-08	0	1.40793e-07	0	5.72646e-07	0	1.58766e-07	0	1.79544e-07	0	6.15039e-08	0	1.74684e-07	0	1.01089e-07	0	3.26965e-07	0	1.2676e-07	0
6.06237e-07	0	3.64518e-07	0	1.1905e-07	0	1.4386e-07	0	1.2679e-07	0	1.75438e-07	0	2.65659e-07	0	1.08261e-07	0	1.26517e-07	0	4.28185e-07	0	5.24353e-07	0	2.41238e-07	0	2.51475e-07	0	1.27659e-07	0	1.95696e-07	0	9.60882e-08	0	1.36964e-07	0	5.72646e-07	0	1.28366e-07	0	1.76444e-07	0	6.15039e-08	0	1.74684e-07	0	1.01089e-07	0	2.49891e-07	0	1.2676e-07	0
5.38304e-07	0	3.44333e-07	0	1.1905e-07	0	1.22228e-07	0	1.16257e-07	0	1.75438e-07	0	2.65659e-07	0	1.07739e-07	0	1.15409e-07	0	4.28185e-07	0	5.13583e-07	0	2.41238e-07	0	2.51475e-07	0	1.1304e-07	0	1.95696e-07	0	8.34974e-08	0	1.36964e-07	0	5.72646e-07	0	1.04994e-07	0	1.61034e-07	0	6.15039e-08	0	1.74684e-07	0	9.38071e-08	0	2.49891e-07	0	1.2676e-07	0
5.38304e-07	0	3.44333e-07	0	1.1905e-07	0	1.22228e-07	0	7.67108e-08	0	1.66565e-07	0	2.38589e-07	0	1.03813e-07	0	1.15409e-07	0	4.28185e-07	0	3.57102e-07	0	2.18546e-07	0	2.46956e-07	0	1.1304e-07	0	1.67614e-07	0	8.34974e-08	0	1.36964e-07	0	5.72646e-07	0	1.04994e-07	0	1.50613e-07	0	5.92646e-08	0	1.47871e-07	0	5.26021e-08	0	2.49891e-07	0	1.25915e-07	0
4.60777e-07	0	2.9962e-07	0	1.1905e-07	0	1.22228e-07	0	7.67108e-08	0	1.66565e-07	0	2.04741e-07	0	8.07698e-08	0	7.12161e-08	0	4.28185e-07	0	3.57102e-07	0	2.08788e-07	0	2.24115e-07	0	1.1304e-07	0	1.55082e-07	0	8.34974e-08	0	1.36179e-07	0	5.05238e-07	0	1.04994e-07	0	1.31376e-07	0	5.20904e-08	0	1.36961e-07	0	5.26021e-08	0	2.49891e-07	0	1.25915e-07	0
4.45222e-07	0	2.59184e-07	0	7.77036e-08	0	1.22228e-07	0	7.67108e-08	0	1.66565e-07	0	1.8411e-07	0	7.25531e-08	0	7.12161e-08	0	4.28185e-07	0	2.84406e-07	0	1.61679e-07	0	2.11746e-07	0	1.1304e-07	0	1.21378e-07	0	8.34974e-08	0	1.18471e-07	0	5.00003e-07	0	1.04994e-07	0	1.11218e-07	0	4.50476e-08	0	1.12279e-07	0	5.26021e-08	0	2.15337e-07	0	1.25915e-07	0
3.06364e-07	0	2.59184e-07	0	7.77036e-08	0	9.84394e-08	0	7.18261e-08	0	1.5729e-07	0	1.82363e-07	0	7.25531e-08	0	6.84031e-08	0	3.16346e-07	0	2.84406e-07	0	1.61679e-07	0	1.88708e-07	0	1.1304e-07	0	1.21378e-07	0	7.31647e-08	0	9.10766e-08	0	4.14165e-07	0	8.08993e-08	0	9.68507e-08	0	2.95665e-08	0	1.02397e-07	0	5.26021e-08	0	1.9227e-07	0	1.04002e-07	0
3.06364e-07	0	2.43315e-07	0	7.77036e-08	0	9.84394e-08	0	7.18261e-08	0	1.10698e-07	0	1.61544e-07	0	5.37972e-08	0	5.69233e-08	0	3.16346e-07	0	2.84406e-07	0	1.61679e-07	0	1.88708e-07	0	6.8827e-08	0	1.10306e-07	0	7.31647e-08	0	9.10766e-08	0	4.14165e-07	0	8.08993e-08	0	7.84639e-08	0	2.95665e-08	0	1.02397e-07	0	5.26021e-08	0	1.82218e-07	0	1.04002e-07	0
3.06364e-07	0	2.38508e-07	0	6.14493e-08	0	8.59555e-08	0	5.024e-08	0	1.10698e-07	0	1.61544e-07	0	5.37972e-08	0	5.69233e-08	0	2.99658e-07	0	2.69566e-07	0	1.21196e-07	0	1.88708e-07	0	6.8827e-08	0	8.17921e-08	0	6.40256e-08	0	7.45034e-08	0	3.09732e-07	0	7.40672e-08	0	7.81164e-08	0	2.95665e-08	0	1.02397e-07	0	5.13344e-08	0	1.19696e-07	0	1.04002e-07	0
2.37604e-07	0	2.06435e-07	0	6.14493e-08	0	7.97714e-08	0	5.024e-08	0	1.10698e-07	0	1.61544e-07	0	5.37972e-08	0	4.68695e-08	0	2.45731e-07	0	2.60406e-07	0	1.21196e-07	0	1.48062e-07	0	6.8827e-08	0	8.17921e-08	0	5.10749e-08	0	7.45034e-08	0	2.9828e-07	0	5.7567e-08	0	7.04787e-08	0	2.80515e-08	0	6.95248e-08	0	4.4214e-08	0	1.19696e-07	0	7.13162e-08	0
2.09893e-07	0	1.66765e-07	0	6.14493e-08	0	7.1845e-08	0	4.94174e-08	0	1.03252e-07	0	1.26546e-07	0	4.20985e-08	0	3.98795e-08	0	2.45731e-07	0	2.29861e-07	0	1.1706e-07	0	8.89399e-08	0	6.7193e-08	0	7.42987e-08	0	5.10749e-08	0	7.45034e-08	0	2.9828e-07	0	5.7567e-08	0	6.44899e-08	0	2.80515e-08	0	6.95248e-08	0	4.4214e-08	0	1.19696e-07	0	7.12206e-08	0
2.09893e-07	0	1.45695e-07	0	6.14493e-08	0	7.1845e-08	0	4.94174e-08	0	9.96625e-08	0	1.0404e-07	0	3.84073e-08	0	3.42515e-08	0	2.45731e-07	0	2.29861e-07	0	8.667e-08	0	8.89399e-08	0	6.7193e-08	0	6.74891e-08	0	5.10749e-08	0	7.45034e-08	0	2.74159e-07	0	5.67537e-08	0	5.09584e-08	0	2.59067e-08	0	6.95248e-08	0	3.22492e-08	0	1.16036e-07	0	7.12206e-08	0
1.80438e-07	0	1.37184e-07	0	5.72114e-08	0	7.16822e-08	0	3.77307e-08	0	9.96625e-08	0	1.03233e-07	0	3.7519e-08	0	3.42515e-08	0	2.23933e-07	0	1.90796e-07	0	8.667e-08	0	8.89399e-08	0	5.61454e-08	0	5.31502e-08	0	4.77158e-08	0	6.42221e-08	0	2.46968e-07	0	5.38667e-08	0	5.09584e-08	0	2.181e-08	0	6.95248e-08	0	2.59452e-08	0	1.16036e-07	0	7.12206e-08	0
1.80438e-07	0	1.06636e-07	0	4.25943e-08	0	4.49411e-08	0	3.56251e-08	0	8.03412e-08	0	1.00319e-07	0	3.7519e-08	0	3.42515e-08	0	1.01117e-07	0	1.39413e-07	0	7.65142e-08	0	8.89399e-08	0	5.06177e-08	0	4.87146e-08	0	3.7936e-08	0	5.60551e-08	0	2.02551e-07	0	4.95828e-08	0	4.5092e-08	0	1.84644e-08	0	6.3407e-08	0	2.59452e-08	0	8.6723e-08	0	5.83767e-08	0
1.72225e-07	0	1.06636e-07	0	4.25943e-08	0	4.49411e-08	0	3.56251e-08	0	8.03412e-08	0	8.17656e-08	0	2.7568e-08	0	3.42515e-08	0	1.01117e-07	0	1.39413e-07	0	7.14856e-08	0	8.89399e-08	0	5.06177e-08	0	4.87146e-08	0	3.7936e-08	0	5.60551e-08	0	1.77729e-07	0	4.41966e-08	0	4.5092e-08	0	1.84644e-08	0	5.65513e-08	0	2.59452e-08	0	7.83673e-08	0	5.38893e-08	0
1.64269e-07	0	1.02445e-07	0	4.25943e-08	0	4.43784e-08	0	3.19611e-08	0	6.95754e-08	0	6.98638e-08	0	2.71845e-08	0	3.11713e-08	0	1.01117e-07	0	1.24443e-07	0	7.14856e-08	0	8.89399e-08	0	5.06177e-08	0	4.55856e-08	0	3.7936e-08	0	4.02797e-08	0	1.63142e-07	0	4.41966e-08	0	4.2592e-08	0	1.84644e-08	0	5.23829e-08	0	2.00819e-08	0	7.75305e-08	0	5.30304e-08	0
1.60165e-07	0	8.83711e-08	0	4.25943e-08	0	4.43784e-08	0	2.84709e-08	0	6.95754e-08	0	5.91409e-08	0	2.31824e-08	0	2.36493e-08	0	1.01117e-07	0	1.24443e-07	0	7.14856e-08	0	8.89399e-08	0	5.06177e-08	0	3.27712e-08	0	2.43552e-08	0	4.02797e-08	0	1.5716e-07	0	3.7599e-08	0	3.71895e-08	0	1.79883e-08	0	4.74836e-08	0	2.00819e-08	0	7.69514e-08	0	4.69673e-08	0
1.16951e-07	0	8.83711e-08	0	3.67082e-08	0	4.43784e-08	0	2.84709e-08	0	6.9436e-08	0	5.24403e-08	0	1.82847e-08	0	2.36493e-08	0	1.01117e-07	0	1.24443e-07	0	5.76469e-08	0	8.89399e-08	0	3.80289e-08	0	3.27712e-08	0	2.43552e-08	0	3.92377e-08	0	1.5716e-07	0	3.7599e-08	0	3.04163e-08	0	1.72967e-08	0	4.68089e-08	0	1.52767e-08	0	7.08398e-08	0	4.69673e-08	0
1.16951e-07	0	8.83711e-08	0	3.67082e-08	0	4.33404e-08	0	2.84709e-08	0	5.71878e-08	0	5.24403e-08	0	1.79869e-08	0	1.46193e-08	0	9.4667e-08	0	1.07036e-07	0	4.74149e-08	0	8.89399e-08	0	3.80289e-08	0	3.24844e-08	0	2.35838e-08	0	3.62619e-08	0	1.52531e-07	0	3.7599e-08	0	3.00958e-08	0	1.38155e-08	0	4.15668e-08	0	1.21076e-08	0	7.08398e-08	0	4.09542e-08	0
1.15523e-07	0	6.42976e-08	0	3.67082e-08	0	4.21077e-08	0	1.96897e-08	0	5.63569e-08	0	5.24403e-08	0	1.79869e-08	0	1.46193e-08	0	6.39922e-08	0	7.94142e-08	0	3.82174e-08	0	5.67408e-08	0	3.66701e-08	0	3.1188e-08	0	2.35838e-08	0	3.04425e-08	0	1.52531e-07	0	1.83501e-08	0	2.72205e-08	0	1.14076e-08	0	3.61813e-08	0	1.21076e-08	0	5.65411e-08	0	3.70187e-08	0
7.92331e-08	0	5.75352e-08	0	3.12881e-08	0	3.53693e-08	0	1.96897e-08	0	4.81857e-08	0	5.05378e-08	0	1.67968e-08	0	1.46193e-08	0	6.39922e-08	0	7.94142e-08	0	3.82174e-08	0	5.18218e-08	0	3.66701e-08	0	3.1188e-08	0	2.16393e-08	0	3.04425e-08	0	1.2247e-07	0	1.83501e-08	0	2.33661e-08	0	1.14076e-08	0	3.61813e-08	0	1.09184e-08	0	5.65411e-08	0	2.84566e-08	0
7.90017e-08	0	5.75352e-08	0	3.12881e-08	0	3.16598e-08	0	1.96897e-08	0	4.68547e-08	0	4.1779e-08	0	1.67968e-08	0	1.46193e-08	0	6.39922e-08	0	7.56142e-08	0	3.82174e-08	0	4.59598e-08	0	3.20184e-08	0	2.55018e-08	0	2.16393e-08	0	3.04425e-08	0	9.21138e-08	0	1.83501e-08	0	2.33661e-08	0	1.14076e-08	0	3.36746e-08	0	1.09184e-08	0	5.05421e-08	0	2.84566e-08	0
7.624e-08	0	5.00877e-08	0	2.69067e-08	0	3.13876e-08	0	1.96897e-08	0	4.16343e-08	0	4.03209e-08	0	1.31174e-08	0	1.46193e-08	0	6.39922e-08	0	7.56142e-08	0	3.41092e-08	0	4.59598e-08	0	2.87034e-08	0	2.46184e-08	0	1.68072e-08	0	2.68742e-08	0	9.21138e-08	0	1.83501e-08	0	2.33661e-08	0	1.14076e-08	0	2.08116e-08	0	1.09184e-08	0	5.05421e-08	0	2.29645e-08	0
7.624e-08	0	5.00877e-08	0	2.69067e-08	0	2.68463e-08	0	1.96897e-08	0	4.16343e-08	0	3.72808e-08	0	1.26093e-08	0	1.46193e-08	0	3.83268e-08	0	7.56142e-08	0	3.41092e-08	0	4.59598e-08	0	2.58934e-08	0	2.15198e-08	0	1.23357e-08	0	2.42733e-08	0	8.75802e-08	0	1.83501e-08	0	1.67572e-08	0	9.4723e-09	0	2.08116e-08	0	9.47199e-09	0	4.83566e-08	0	2.29645e-08	0
7.624e-08	0	4.52853e-08	0	2.65534e-08	0	2.6208e-08	0	1.74409e-08	0	3.43897e-08	0	2.89304e-08	0	1.0677e-08	0	1.46193e-08	0	3.83268e-08	0	5.95235e-08	0	3.29293e-08	0	3.56462e-08	0	2.48651e-08	0	2.15198e-08	0	1.23357e-08	0	2.42733e-08	0	8.75802e-08	0	1.24563e-08	0	1.36018e-08	0	9.28529e-09	0	2.08116e-08	0	6.62002e-09	0	3.58834e-08	0	1.62904e-08	0
7.10114e-08	0	3.47949e-08	0	2.23219e-08	0	2.6208e-08	0	1.1792e-08	0	3.43897e-08	0	2.89304e-08	0	1.0677e-08	0	1.24563e-08	0	3.83268e-08	0	5.07925e-08	0	2.78476e-08	0	3.56462e-08	0	2.13363e-08	0	2.05405e-08	0	9.98985e-09	0	1.91916e-08	0	6.27703e-08	0	1.24563e-08	0	1.36018e-08	0	9.16759e-09	0	2.08116e-08	0	5.68585e-09	0	3.58834e-08	0	1.62904e-08	0
5.8884e-08	0	3.47949e-08	0	1.36122e-08	0	2.36548e-08	0	1.1792e-08	0	2.83237e-08	0	2.89304e-08	0	1.00297e-08	0	1.15599e-08	0	3.83268e-08	0	5.07925e-08	0	2.782e-08	0	2.82726e-08	0	1.29684e-08	0	1.56707e-08	0	9.98985e-09	0	1.82844e-08	0	6.27703e-08	0	1.24563e-08	0	1.36018e-08	0	6.91437e-09	0	2.08116e-08	0	5.68585e-09	0	2.81072e-08	0	1.62904e-08	0
4.48407e-08	0	3.27534e-08	0	1.36122e-08	0	2.09841e-08	0	1.1792e-08	0	2.83237e-08	0	2.89304e-08	0	1.00297e-08	0	1.15599e-08	0	3.83268e-08	0	4.97146e-08	0	2.782e-08	0	2.82726e-08	0	1.29684e-08	0	1.48609e-08	0	9.98985e-09	0	1.82844e-08	0	6.27703e-08	0	1.24563e-08	0	1.36018e-08	0	6.91437e-09	0	2.00723e-08	0	5.68585e-09	0	2.81072e-08	0	1.27995e-08	0
4.48407e-08	0	3.27534e-08	0	1.36122e-08	0	2.09841e-08	0	1.1792e-08	0	2.83237e-08	0	2.5741e-08	0	9.30572e-09	0	1.14061e-08	0	3.51388e-08	0	4.51341e-08	0	2.782e-08	0	2.82726e-08	0	1.29684e-08	0	1.48609e-08	0	9.98985e-09	0	1.75925e-08	0	4.71373e-08	0	1.24563e-08	0	1.00961e-08	0	5.93476e-09	0	1.67203e-08	0	5.68585e-09	0	2.3782e-08	0	1.27995e-08	0
3.73639e-08	0	2.71138e-08	0	1.36122e-08	0	2.07891e-08	0	1.1792e-08	0	2.83237e-08	0	2.15995e-08	0	8.25109e-09	0	1.07132e-08	0	3.51388e-08	0	2.6434e-08	0	1.86723e-08	0	2.66844e-08	0	1.29684e-08	0	1.19328e-08	0	9.71551e-09	0	1.67405e-08	0	4.71373e-08	0	1.24563e-08	0	6.87205e-09	0	5.93476e-09	0	1.67203e-08	0	4.43721e-09	0	2.3782e-08	0	1.27995e-08	0
3.13351e-08	0	2.40768e-08	0	1.36122e-08	0	2.07891e-08	0	1.03084e-08	0	2.40488e-08	0	2.15995e-08	0	8.25109e-09	0	1.07132e-08	0	3.24211e-08	0	2.6434e-08	0	1.86723e-08	0	1.97688e-08	0	1.29684e-08	0	1.04117e-08	0	8.3756e-09	0	1.67405e-08	0	4.71373e-08	0	1.22357e-08	0	6.87205e-09	0	5.51778e-09	0	1.67203e-08	0	4.43721e-09	0	2.01812e-08	0	1.27995e-08	0
3.13351e-08	0	2.40768e-08	0	1.15562e-08	0	1.55386e-08	0	9.70234e-09	0	2.40488e-08	0	1.8983e-08	0	6.91658e-09	0	9.57684e-09	0	1.9372e-08	0	2.6434e-08	0	1.33849e-08	0	1.9333e-08	0	1.21417e-08	0	1.04117e-08	0	8.3756e-09	0	1.07819e-08	0	4.65823e-08	0	9.37998e-09	0	6.87205e-09	0	5.51778e-09	0	1.52081e-08	0	4.43721e-09	0	1.76801e-08	0	1.04139e-08	0
3.05682e-08	0	1.54148e-08	0	1.15562e-08	0	1.54472e-08	0	7.66658e-09	0	2.02393e-08	0	1.8983e-08	0	6.91658e-09	0	7.26472e-09	0	1.9372e-08	0	2.54341e-08	0	1.33849e-08	0	1.9333e-08	0	1.13584e-08	0	9.51971e-09	0	5.7058e-09	0	1.07819e-08	0	4.05335e-08	0	8.52933e-09	0	6.87205e-09	0	5.41502e-09	0	1.52081e-08	0	4.25987e-09	0	1.76801e-08	0	9.37865e-09	0
2.63757e-08	0	1.54148e-08	0	1.15562e-08	0	1.36921e-08	0	7.66658e-09	0	2.02393e-08	0	1.52515e-08	0	5.54875e-09	0	5.78135e-09	0	1.9372e-08	0	2.54341e-08	0	1.30161e-08	0	1.4346e-08	0	1.08735e-08	0	9.40819e-09	0	5.30371e-09	0	1.04483e-08	0	3.65758e-08	0	8.51659e-09	0	6.87205e-09	0	4.24567e-09	0	1.46365e-08	0	4.06151e-09	0	1.32226e-08	0	7.61676e-09	0
2.48331e-08	0	1.54148e-08	0	7.99207e-09	0	1.36921e-08	0	6.77439e-09	0	1.7151e-08	0	1.15141e-08	0	5.54875e-09	0	5.78135e-09	0	1.88519e-08	0	2.54341e-08	0	1.30161e-08	0	1.24484e-08	0	8.92871e-09	0	7.0817e-09	0	5.30371e-09	0	8.06378e-09	0	3.34502e-08	0	8.1018e-09	0	5.67505e-09	0	3.80302e-09	0	1.27119e-08	0	4.06151e-09	0	1.32226e-08	0	6.59546e-09	0
2.48134e-08	0	1.54148e-08	0	7.99207e-09	0	1.25889e-08	0	6.61471e-09	0	1.666e-08	0	1.15141e-08	0	4.17728e-09	0	4.27713e-09	0	1.51077e-08	0	2.23563e-08	0	1.17666e-08	0	1.24484e-08	0	7.96764e-09	0	7.0817e-09	0	3.86866e-09	0	8.06378e-09	0	3.34502e-08	0	6.18281e-09	0	5.67505e-09	0	3.15981e-09	0	1.27119e-08	0	3.20053e-09	0	9.53359e-09	0	6.59546e-09	0
2.45578e-08	0	1.36943e-08	0	7.99207e-09	0	1.20915e-08	0	6.61471e-09	0	1.666e-08	0	1.04498e-08	0	4.12352e-09	0	4.27713e-09	0	1.51077e-08	0	1.95163e-08	0	1.17666e-08	0	1.24484e-08	0	7.96764e-09	0	6.04776e-09	0	3.86866e-09	0	7.76468e-09	0	2.56489e-08	0	6.18281e-09	0	5.67505e-09	0	3.15981e-09	0	1.27119e-08	0	2.9026e-09	0	9.53359e-09	0	6.59546e-09	0
1.75665e-08	0	1.27972e-08	0	7.99207e-09	0	1.03366e-08	0	6.42942e-09	0	1.49691e-08	0	1.04498e-08	0	3.94109e-09	0	4.27713e-09	0	1.51077e-08	0	1.95163e-08	0	9.92264e-09	0	1.24484e-08	0	6.81567e-09	0	5.81866e-09	0	3.86866e-09	0	7.76468e-09	0	2.52407e-08	0	6.18281e-09	0	5.18579e-09	0	3.15981e-09	0	1.25595e-08	0	2.9026e-09	0	9.53359e-09	0	5.91581e-09	0
1.58342e-08	0	1.27972e-08	0	7.99207e-09	0	6.98024e-09	0	6.42942e-09	0	1.22334e-08	0	9.12083e-09	0	3.16797e-09	0	4.27713e-09	0	1.38557e-08	0	1.56132e-08	0	9.72829e-09	0	1.24484e-08	0	5.77722e-09	0	5.06728e-09	0	3.86866e-09	0	7.61348e-09	0	2.04829e-08	0	4.55142e-09	0	5.17256e-09	0	2.41871e-09	0	1.0577e-08	0	2.53917e-09	0	9.53359e-09	0	5.51274e-09	0
1.58342e-08	0	1.08634e-08	0	6.65938e-09	0	5.37496e-09	0	4.20515e-09	0	1.22334e-08	0	8.80354e-09	0	2.71686e-09	0	3.78622e-09	0	1.38557e-08	0	1.38902e-08	0	9.57045e-09	0	8.44947e-09	0	5.77722e-09	0	5.06728e-09	0	3.86866e-09	0	6.42722e-09	0	1.77568e-08	0	4.55142e-09	0	5.17256e-09	0	2.41871e-09	0	9.51312e-09	0	2.53917e-09	0	9.53359e-09	0	5.51274e-09	0
1.23133e-08	0	1.08634e-08	0	5.44916e-09	0	5.37496e-09	0	4.20515e-09	0	8.82976e-09	0	8.14481e-09	0	2.55264e-09	0	3.78622e-09	0	1.32869e-08	0	1.38902e-08	0	7.53665e-09	0	8.44947e-09	0	4.3807e-09	0	4.10157e-09	0	2.76853e-09	0	5.44194e-09	0	1.77568e-08	0	4.51895e-09	0	3.08474e-09	0	2.2388e-09	0	8.85976e-09	0	2.14577e-09	0	5.82709e-09	0	4.63094e-09	0
1.23133e-08	0	1.05262e-08	0	5.44916e-09	0	5.37496e-09	0	4.20515e-09	0	8.82976e-09	0	8.14481e-09	0	2.55264e-09	0	3.48603e-09	0	1.20694e-08	0	1.11327e-08	0	7.53665e-09	0	6.45117e-09	0	4.3807e-09	0	4.10157e-09	0	2.76853e-09	0	5.22465e-09	0	1.52885e-08	0	4.51895e-09	0	2.90339e-09	0	2.2388e-09	0	7.82121e-09	0	1.95363e-09	0	5.82709e-09	0	4.20708e-09	0
1.23133e-08	0	1.05262e-08	0	4.54654e-09	0	4.17627e-09	0	4.20515e-09	0	8.06118e-09	0	7.76417e-09	0	2.38254e-09	0	2.36376e-09	0	1.13984e-08	0	1.05666e-08	0	6.09941e-09	0	6.45117e-09	0	4.3807e-09	0	4.10157e-09	0	2.76853e-09	0	4.96204e-09	0	1.44456e-08	0	4.00473e-09	0	2.90339e-09	0	1.97703e-09	0	7.42171e-09	0	1.46457e-09	0	5.65651e-09	0	4.17215e-09	0
1.1687e-08	0	7.81132e-09	0	4.54654e-09	0	4.17627e-09	0	4.20515e-09	0	7.22591e-09	0	7.56588e-09	0	2.18953e-09	0	2.36376e-09	0	7.86966e-09	0	1.05666e-08	0	5.72549e-09	0	6.45117e-09	0	4.3807e-09	0	3.4201e-09	0	2.58758e-09	0	4.96204e-09	0	1.18891e-08	0	3.28482e-09	0	2.40887e-09	0	1.73813e-09	0	6.02841e-09	0	1.42036e-09	0	5.30542e-09	0	3.23169e-09	0
8.749e-09	0	7.81132e-09	0	3.19549e-09	0	4.17627e-09	0	4.20515e-09	0	6.49867e-09	0	5.47048e-09	0	1.96188e-09	0	2.36376e-09	0	7.25919e-09	0	7.76648e-09	0	5.58805e-09	0	5.15068e-09	0	4.3807e-09	0	3.09155e-09	0	2.39198e-09	0	3.70709e-09	0	1.14201e-08	0	3.28482e-09	0	2.40887e-09	0	1.63758e-09	0	5.5806e-09	0	1.36365e-09	0	5.30542e-09	0	2.72801e-09	0
6.40079e-09	0	7.81132e-09	0	3.19549e-09	0	2.7952e-09	0	3.1859e-09	0	6.49867e-09	0	5.47048e-09	0	1.76487e-09	0	1.99215e-09	0	7.25919e-09	0	7.76648e-09	0	4.48604e-09	0	5.15068e-09	0	4.3807e-09	0	3.07992e-09	0	2.21121e-09	0	3.60409e-09	0	1.14201e-08	0	3.11705e-09	0	2.40887e-09	0	1.63758e-09	0	5.5806e-09	0	1.07529e-09	0	5.30542e-09	0	1.89052e-09	0
6.40079e-09	0	6.91506e-09	0	3.19549e-09	0	2.7952e-09	0	3.1859e-09	0	5.8276e-09	0	4.98322e-09	0	1.4721e-09	0	1.99215e-09	0	5.56453e-09	0	7.76648e-09	0	3.83001e-09	0	4.48554e-09	0	3.21125e-09	0	2.35553e-09	0	1.83235e-09	0	3.24787e-09	0	9.81756e-09	0	3.11705e-09	0	2.40887e-09	0	1.42449e-09	0	4.49881e-09	0	1.07529e-09	0	5.30542e-09	0	1.87083e-09	0
6.40079e-09	0	6.46394e-09	0	3.19549e-09	0	2.7952e-09	0	3.1859e-09	0	5.29788e-09	0	4.98322e-09	0	1.4721e-09	0	1.42439e-09	0	5.20569e-09	0	7.34045e-09	0	3.7694e-09	0	4.48554e-09	0	3.1889e-09	0	2.35553e-09	0	1.45678e-09	0	3.24787e-09	0	6.95078e-09	0	2.53726e-09	0	1.80098e-09	0	1.24514e-09	0	4.20408e-09	0	1.00597e-09	0	3.88341e-09	0	1.87083e-09	0
6.32606e-09	0	5.49969e-09	0	2.96655e-09	0	2.7952e-09	0	2.97767e-09	0	4.29474e-09	0	4.06996e-09	0	1.10099e-09	0	1.42439e-09	0	5.20569e-09	0	7.34045e-09	0	3.7694e-09	0	4.48554e-09	0	3.1889e-09	0	2.27945e-09	0	1.45678e-09	0	2.84092e-09	0	6.95078e-09	0	2.34349e-09	0	1.67785e-09	0	1.24514e-09	0	3.64228e-09	0	7.46606e-10	0	3.88341e-09	0	1.62517e-09	0
3.32166e-09	0	3.91034e-09	0	2.96655e-09	0	2.55833e-09	0	2.38032e-09	0	4.29474e-09	0	3.45255e-09	0	1.09309e-09	0	1.42439e-09	0	4.60863e-09	0	6.19845e-09	0	3.7694e-09	0	2.92825e-09	0	2.30395e-09	0	1.92483e-09	0	1.45678e-09	0	2.75001e-09	0	6.47175e-09	0	1.71861e-09	0	1.67785e-09	0	1.17992e-09	0	3.64228e-09	0	7.46606e-10	0	3.1316e-09	0	1.62517e-09	0
3.32166e-09	0	3.61098e-09	0	2.29135e-09	0	2.17271e-09	0	2.33192e-09	0	4.15013e-09	0	3.4303e-09	0	1.09309e-09	0	1.42439e-09	0	4.22687e-09	0	5.0253e-09	0	3.7694e-09	0	2.92825e-09	0	2.30395e-09	0	1.92483e-09	0	1.45678e-09	0	2.22e-09	0	6.3138e-09	0	1.71861e-09	0	1.53568e-09	0	1.09795e-09	0	3.64228e-09	0	6.26805e-10	0	3.1316e-09	0	1.50113e-09	0
3.32166e-09	0	3.61098e-09	0	2.29135e-09	0	1.853e-09	0	1.64877e-09	0	2.74453e-09	0	3.4303e-09	0	1.09309e-09	0	1.40056e-09	0	4.09481e-09	0	4.62421e-09	0	2.98235e-09	0	2.92825e-09	0	1.99999e-09	0	1.54016e-09	0	8.43033e-10	0	2.10509e-09	0	4.49558e-09	0	1.71861e-09	0	1.37844e-09	0	9.456e-10	0	2.90588e-09	0	6.26805e-10	0	3.1316e-09	0	1.41919e-09	0
3.32166e-09	0	2.94055e-09	0	2.29135e-09	0	1.853e-09	0	1.64877e-09	0	2.74453e-09	0	2.32878e-09	0	7.21282e-10	0	1.40056e-09	0	2.84498e-09	0	4.62421e-09	0	2.86195e-09	0	2.44274e-09	0	1.96716e-09	0	1.54016e-09	0	8.43033e-10	0	1.61673e-09	0	4.27589e-09	0	1.71861e-09	0	1.31485e-09	0	9.456e-10	0	2.62165e-09	0	5.74607e-10	0	2.62015e-09	0	1.41919e-09	0
3.22582e-09	0	2.74706e-09	0	2.29135e-09	0	1.81429e-09	0	1.17309e-09	0	2.74453e-09	0	1.63106e-09	0	7.21282e-10	0	1.18925e-09	0	2.84498e-09	0	4.62421e-09	0	2.65593e-09	0	2.44274e-09	0	1.57976e-09	0	1.36218e-09	0	8.43033e-10	0	1.61673e-09	0	4.23262e-09	0	1.43195e-09	0	1.31485e-09	0	7.0273e-10	0	1.4879e-09	0	5.74607e-10	0	2.62015e-09	0	1.04301e-09	0
3.22582e-09	0	2.47593e-09	0	2.18152e-09	0	1.63881e-09	0	1.17309e-09	0	2.74453e-09	0	1.63106e-09	0	7.21282e-10	0	9.81512e-10	0	2.84498e-09	0	4.62421e-09	0	2.65593e-09	0	2.16195e-09	0	1.57976e-09	0	1.36218e-09	0	8.43033e-10	0	1.55289e-09	0	4.17626e-09	0	1.25058e-09	0	1.08795e-09	0	7.0273e-10	0	1.4879e-09	0	5.36673e-10	0	2.62015e-09	0	1.00464e-09	0
2.99506e-09	0	2.47593e-09	0	1.79921e-09	0	1.49229e-09	0	1.17309e-09	0	2.27486e-09	0	1.63106e-09	0	7.21282e-10	0	9.81512e-10	0	2.65449e-09	0	4.62421e-09	0	2.23468e-09	0	1.86237e-09	0	1.53705e-09	0	1.00441e-09	0	8.43033e-10	0	1.3913e-09	0	3.77004e-09	0	1.18563e-09	0	1.08527e-09	0	6.36856e-10	0	1.27176e-09	0	4.56855e-10	0	1.92635e-09	0	9.37834e-10	0
2.42289e-09	0	2.36957e-09	0	1.59445e-09	0	1.11332e-09	0	1.02783e-09	0	2.27486e-09	0	1.26953e-09	0	5.81046e-10	0	7.22524e-10	0	2.53863e-09	0	4.61872e-09	0	1.88893e-09	0	1.0606e-09	0	1.39581e-09	0	1.00441e-09	0	8.43033e-10	0	1.24293e-09	0	3.77004e-09	0	1.02409e-09	0	9.3732e-10	0	4.68849e-10	0	1.27176e-09	0	3.74194e-10	0	1.92635e-09	0	9.10375e-10	0
2.42289e-09	0	2.32515e-09	0	1.59445e-09	0	1.11332e-09	0	1.02783e-09	0	2.13986e-09	0	1.26953e-09	0	5.81046e-10	0	7.22524e-10	0	2.53863e-09	0	3.52627e-09	0	1.43784e-09	0	1.0606e-09	0	1.39325e-09	0	1.00441e-09	0	8.14835e-10	0	9.38232e-10	0	3.15389e-09	0	7.97021e-10	0	7.66661e-10	0	3.99034e-10	0	1.27176e-09	0	3.74194e-10	0	1.83188e-09	0	9.10375e-10	0
2.34099e-09	0	2.32515e-09	0	1.59327e-09	0	9.32694e-10	0	8.91708e-10	0	2.13986e-09	0	1.26953e-09	0	5.32177e-10	0	7.22524e-10	0	2.12059e-09	0	3.4468e-09	0	1.43784e-09	0	1.0606e-09	0	7.80428e-10	0	9.70766e-10	0	5.51352e-10	0	9.38232e-10	0	2.50126e-09	0	7.97021e-10	0	7.66661e-10	0	3.99034e-10	0	1.27176e-09	0	3.74194e-10	0	1.68823e-09	0	8.71089e-10	0
2.34099e-09	0	2.12766e-09	0	1.50372e-09	0	9.32694e-10	0	8.91708e-10	0	2.13986e-09	0	1.26953e-09	0	4.80032e-10	0	6.71455e-10	0	2.02029e-09	0	2.1439e-09	0	1.43784e-09	0	1.0606e-09	0	7.80428e-10	0	7.80734e-10	0	5.51352e-10	0	9.3109e-10	0	2.50126e-09	0	7.03582e-10	0	6.93066e-10	0	3.69459e-10	0	1.27176e-09	0	3.74194e-10	0	1.58217e-09	0	5.80309e-10	0
2.34099e-09	0	1.33512e-09	0	1.28319e-09	0	8.76838e-10	0	8.91708e-10	0	1.65816e-09	0	1.26953e-09	0	2.72913e-10	0	6.38445e-10	0	1.85509e-09	0	2.1439e-09	0	1.23558e-09	0	9.41068e-10	0	7.37695e-10	0	5.77279e-10	0	4.38583e-10	0	7.97823e-10	0	2.42279e-09	0	6.04795e-10	0	6.79776e-10	0	3.69459e-10	0	1.27176e-09	0	3.19003e-10	0	1.33651e-09	0	5.78379e-10	0
1.63583e-09	0	1.33512e-09	0	1.19533e-09	0	6.47373e-10	0	7.32282e-10	0	1.65816e-09	0	1.23633e-09	0	2.72913e-10	0	3.8366e-10	0	1.81053e-09	0	2.1439e-09	0	1.15479e-09	0	9.41068e-10	0	5.6789e-10	0	5.77279e-10	0	4.38583e-10	0	6.44458e-10	0	1.97578e-09	0	6.04795e-10	0	6.73738e-10	0	2.71741e-10	0	9.09229e-10	0	2.75021e-10	0	1.26662e-09	0	5.02121e-10	0
1.63583e-09	0	1.33512e-09	0	1.12712e-09	0	4.47671e-10	0	7.32282e-10	0	1.42904e-09	0	8.85931e-10	0	2.72913e-10	0	3.8366e-10	0	1.54127e-09	0	2.1439e-09	0	1.15479e-09	0	9.41068e-10	0	5.6789e-10	0	5.77279e-10	0	4.38583e-10	0	6.44458e-10	0	1.97578e-09	0	6.04795e-10	0	5.32688e-10	0	2.71741e-10	0	7.89843e-10	0	2.30845e-10	0	1.26662e-09	0	5.02121e-10	0
1.47315e-09	0	8.91728e-10	0	1.12712e-09	0	4.47671e-10	0	7.32282e-10	0	1.42904e-09	0	7.55436e-10	0	2.72913e-10	0	2.9248e-10	0	1.49393e-09	0	2.1439e-09	0	1.00494e-09	0	9.41068e-10	0	5.6789e-10	0	5.77279e-10	0	4.12841e-10	0	6.44458e-10	0	1.67455e-09	0	6.04795e-10	0	5.32688e-10	0	2.71741e-10	0	7.89843e-10	0	1.89738e-10	0	1.07169e-09	0	5.02121e-10	0
1.47315e-09	0	8.91728e-10	0	1.11181e-09	0	4.47671e-10	0	6.6433e-10	0	1.22133e-09	0	7.0927e-10	0	2.62966e-10	0	2.9248e-10	0	1.1563e-09	0	2.1439e-09	0	7.55309e-10	0	8.26341e-10	0	5.6789e-10	0	5.77279e-10	0	3.54845e-10	0	4.04742e-10	0	1.13217e-09	0	4.88979e-10	0	5.00398e-10	0	2.71741e-10	0	7.89843e-10	0	1.89738e-10	0	1.01821e-09	0	4.56652e-10	0
1.19765e-09	0	8.91728e-10	0	9.34091e-10	0	4.47671e-10	0	6.6433e-10	0	1.19642e-09	0	7.0927e-10	0	2.62966e-10	0	2.9248e-10	0	1.06934e-09	0	2.09366e-09	0	7.55309e-10	0	6.10893e-10	0	5.6789e-10	0	5.69405e-10	0	2.76781e-10	0	4.04742e-10	0	1.13217e-09	0	4.26442e-10	0	4.38824e-10	0	2.55527e-10	0	7.89843e-10	0	1.69711e-10	0	9.6853e-10	0	4.22858e-10	0
1.06061e-09	0	8.91728e-10	0	9.34091e-10	0	4.40318e-10	0	5.88533e-10	0	1.02787e-09	0	7.0927e-10	0	2.52869e-10	0	2.9248e-10	0	1.03774e-09	0	1.90859e-09	0	7.55309e-10	0	6.10893e-10	0	4.76462e-10	0	4.49362e-10	0	2.20772e-10	0	4.04742e-10	0	1.13217e-09	0	3.98101e-10	0	3.82938e-10	0	2.10006e-10	0	7.89843e-10	0	1.28506e-10	0	9.6853e-10	0	3.25349e-10	0
7.04831e-10	0	8.91728e-10	0	8.87536e-10	0	4.40318e-10	0	5.81043e-10	0	7.3733e-10	0	6.15713e-10	0	2.52869e-10	0	2.816e-10	0	9.79951e-10	0	1.81018e-09	0	7.43393e-10	0	6.10893e-10	0	3.08891e-10	0	4.49362e-10	0	2.20772e-10	0	4.04742e-10	0	7.65887e-10	0	3.87998e-10	0	3.82938e-10	0	1.71787e-10	0	7.24566e-10	0	1.28506e-10	0	9.39078e-10	0	3.25349e-10	0
5.71554e-10	0	8.73996e-10	0	8.87536e-10	0	4.35186e-10	0	4.36608e-10	0	7.29839e-10	0	6.15713e-10	0	1.98052e-10	0	2.78149e-10	0	7.3638e-10	0	1.65348e-09	0	6.84288e-10	0	6.10893e-10	0	3.08891e-10	0	3.54543e-10	0	2.20772e-10	0	4.04742e-10	0	6.65611e-10	0	3.22085e-10	0	3.82938e-10	0	1.48727e-10	0	5.83197e-10	0	1.28506e-10	0	7.97754e-10	0	2.90792e-10	0
5.71554e-10	0	6.85939e-10	0	7.95352e-10	0	3.76174e-10	0	3.90533e-10	0	7.29839e-10	0	4.39357e-10	0	1.40564e-10	0	2.68147e-10	0	7.3638e-10	0	1.5904e-09	0	5.73915e-10	0	6.10893e-10	0	3.08891e-10	0	3.46456e-10	0	1.95002e-10	0	3.0086e-10	0	6.65611e-10	0	3.22085e-10	0	2.61347e-10	0	1.26249e-10	0	5.10366e-10	0	1.22581e-10	0	7.78168e-10	0	2.2408e-10	0
5.71554e-10	0	6.85939e-10	0	6.6873e-10	0	3.76174e-10	0	3.51797e-10	0	6.38517e-10	0	4.39357e-10	0	1.40564e-10	0	2.4947e-10	0	7.3638e-10	0	1.06298e-09	0	5.61875e-10	0	5.35006e-10	0	3.08891e-10	0	3.32633e-10	0	1.67054e-10	0	2.82519e-10	0	6.65611e-10	0	3.22085e-10	0	2.02833e-10	0	1.26249e-10	0	5.10366e-10	0	1.01683e-10	0	7.71573e-10	0	2.2408e-10	0
5.5048e-10	0	6.56405e-10	0	6.6873e-10	0	3.49321e-10	0	2.90469e-10	0	6.38517e-10	0	4.39357e-10	0	1.40564e-10	0	1.88099e-10	0	7.3638e-10	0	1.06298e-09	0	4.32018e-10	0	5.35006e-10	0	2.36877e-10	0	3.30899e-10	0	1.3127e-10	0	2.82519e-10	0	6.65611e-10	0	2.90134e-10	0	2.02833e-10	0	1.22183e-10	0	4.68565e-10	0	8.12042e-11	0	6.9922e-10	0	1.87633e-10	0
5.01797e-10	0	3.98138e-10	0	5.63531e-10	0	3.15209e-10	0	2.90469e-10	0	4.97247e-10	0	4.39357e-10	0	1.40564e-10	0	1.75447e-10	0	6.26865e-10	0	1.06298e-09	0	4.32018e-10	0	3.47051e-10	0	2.36877e-10	0	3.14827e-10	0	1.3127e-10	0	2.82519e-10	0	6.65611e-10	0	2.46814e-10	0	2.02833e-10	0	1.15023e-10	0	4.29266e-10	0	6.97309e-11	0	6.297e-10	0	1.87633e-10	0
5.01797e-10	0	3.98138e-10	0	5.31023e-10	0	2.3443e-10	0	2.90469e-10	0	4.95745e-10	0	3.38677e-10	0	1.33665e-10	0	1.75447e-10	0	5.74541e-10	0	1.06298e-09	0	4.32018e-10	0	2.95261e-10	0	2.08987e-10	0	2.83187e-10	0	1.3127e-10	0	2.66119e-10	0	6.65611e-10	0	2.46814e-10	0	1.8404e-10	0	1.15023e-10	0	3.41731e-10	0	6.97309e-11	0	5.93535e-10	0	1.87633e-10	0
4.67515e-10	0	3.80314e-10	0	5.12573e-10	0	2.2662e-10	0	2.54603e-10	0	4.38932e-10	0	2.95929e-10	0	1.06503e-10	0	1.58286e-10	0	4.99615e-10	0	8.97658e-10	0	4.32018e-10	0	2.84458e-10	0	2.08987e-10	0	2.42483e-10	0	1.14586e-10	0	2.54286e-10	0	4.9237e-10	0	2.46814e-10	0	1.54408e-10	0	9.83213e-11	0	3.41731e-10	0	5.95768e-11	0	5.08305e-10	0	1.57913e-10	0
3.80382e-10	0	3.5417e-10	0	4.35703e-10	0	1.93733e-10	0	2.45382e-10	0	4.38932e-10	0	2.33822e-10	0	1.06503e-10	0	1.50894e-10	0	4.99615e-10	0	8.97658e-10	0	4.23731e-10	0	2.81503e-10	0	1.84196e-10	0	2.42483e-10	0	1.14586e-10	0	1.59683e-10	0	4.9237e-10	0	1.93252e-10	0	1.54408e-10	0	9.83213e-11	0	3.03167e-10	0	5.95768e-11	0	4.53235e-10	0	1.5003e-10	0
3.80382e-10	0	3.5417e-10	0	4.35703e-10	0	1.93733e-10	0	2.45382e-10	0	3.85171e-10	0	2.33822e-10	0	1.06503e-10	0	1.50894e-10	0	3.75337e-10	0	8.61496e-10	0	4.12402e-10	0	2.81503e-10	0	1.84196e-10	0	1.81295e-10	0	1.14586e-10	0	1.59683e-10	0	4.48487e-10	0	1.72669e-10	0	1.54408e-10	0	8.50809e-11	0	2.20106e-10	0	5.17909e-11	0	4.45129e-10	0	1.43329e-10	0
3.4035e-10	0	3.28803e-10	0	3.74615e-10	0	1.93733e-10	0	2.38303e-10	0	2.99494e-10	0	1.87511e-10	0	9.07634e-11	0	1.05575e-10	0	3.75337e-10	0	7.12743e-10	0	4.00002e-10	0	2.2086e-10	0	1.84196e-10	0	1.81295e-10	0	1.07341e-10	0	1.28021e-10	0	4.48487e-10	0	1.72669e-10	0	1.36823e-10	0	8.27993e-11	0	2.20106e-10	0	5.17909e-11	0	4.36331e-10	0	9.7706e-11	0
3.1323e-10	0	3.0098e-10	0	3.23108e-10	0	1.81253e-10	0	2.03543e-10	0	2.66781e-10	0	1.87511e-10	0	8.98343e-11	0	1.02435e-10	0	3.75337e-10	0	6.73126e-10	0	3.37842e-10	0	2.2086e-10	0	1.4919e-10	0	1.5965e-10	0	9.40874e-11	0	1.28021e-10	0	4.3307e-10	0	1.72669e-10	0	1.29024e-10	0	6.61605e-11	0	2.20106e-10	0	4.87965e-11	0	3.70938e-10	0	9.67506e-11	0
2.83039e-10	0	3.0098e-10	0	3.23108e-10	0	1.51884e-10	0	1.8456e-10	0	2.58966e-10	0	1.87511e-10	0	8.32833e-11	0	9.33987e-11	0	2.63242e-10	0	6.14182e-10	0	2.71015e-10	0	2.2086e-10	0	1.4919e-10	0	1.57978e-10	0	7.82584e-11	0	1.28021e-10	0	4.23994e-10	0	1.68385e-10	0	1.29024e-10	0	4.97937e-11	0	2.198e-10	0	3.79968e-11	0	3.70938e-10	0	8.81272e-11	0
2.57164e-10	0	2.7904e-10	0	3.23108e-10	0	1.44014e-10	0	1.61062e-10	0	2.54192e-10	0	1.82267e-10	0	7.19376e-11	0	8.73966e-11	0	2.63242e-10	0	4.85398e-10	0	2.71015e-10	0	1.83275e-10	0	1.17018e-10	0	1.53374e-10	0	7.82584e-11	0	9.90998e-11	0	4.23994e-10	0	1.09762e-10	0	8.48349e-11	0	4.97937e-11	0	1.78314e-10	0	3.28916e-11	0	3.32004e-10	0	7.77576e-11	0
2.46304e-10	0	2.23475e-10	0	3.16119e-10	0	1.44014e-10	0	1.42147e-10	0	2.47725e-10	0	1.6203e-10	0	5.80349e-11	0	8.73966e-11	0	2.63242e-10	0	4.67977e-10	0	2.41618e-10	0	1.83275e-10	0	1.17018e-10	0	1.42669e-10	0	7.21828e-11	0	9.90998e-11	0	3.13225e-10	0	1.09762e-10	0	8.48349e-11	0	4.69595e-11	0	1.77313e-10	0	3.28916e-11	0	3.31054e-10	0	6.97783e-11	0
2.20526e-10	0	2.09021e-10	0	2.89289e-10	0	1.39121e-10	0	1.42147e-10	0	1.62411e-10	0	1.11349e-10	0	5.80349e-11	0	8.73642e-11	0	2.63242e-10	0	4.67977e-10	0	1.9239e-10	0	1.66807e-10	0	8.46403e-11	0	1.17087e-10	0	7.21828e-11	0	8.64267e-11	0	2.49962e-10	0	1.09762e-10	0	8.48349e-11	0	4.63281e-11	0	1.54092e-10	0	2.85476e-11	0	3.31054e-10	0	6.97783e-11	0
1.88295e-10	0	2.09021e-10	0	2.42624e-10	0	1.08694e-10	0	1.27708e-10	0	1.31901e-10	0	1.11349e-10	0	5.80349e-11	0	7.73917e-11	0	2.53813e-10	0	4.00405e-10	0	1.5614e-10	0	1.48722e-10	0	8.46403e-11	0	1.17087e-10	0	4.76699e-11	0	8.3337e-11	0	2.16344e-10	0	1.01349e-10	0	8.48349e-11	0	4.35318e-11	0	1.44294e-10	0	2.42244e-11	0	3.29441e-10	0	6.97783e-11	0
1.8117e-10	0	1.97748e-10	0	2.42624e-10	0	1.05372e-10	0	1.15997e-10	0	1.31901e-10	0	8.39184e-11	0	5.72136e-11	0	6.50206e-11	0	2.03256e-10	0	3.00743e-10	0	1.5614e-10	0	1.48722e-10	0	8.46403e-11	0	9.05732e-11	0	4.76699e-11	0	8.3337e-11	0	1.97457e-10	0	1.01349e-10	0	7.93518e-11	0	4.32142e-11	0	1.28887e-10	0	2.42244e-11	0	2.69721e-10	0	5.40895e-11	0
1.49661e-10	0	1.42416e-10	0	2.25482e-10	0	1.05372e-10	0	1.07814e-10	0	1.31901e-10	0	8.39184e-11	0	5.30124e-11	0	4.64296e-11	0	1.68056e-10	0	3.00743e-10	0	1.5614e-10	0	1.28912e-10	0	7.28981e-11	0	8.25686e-11	0	4.73182e-11	0	7.78651e-11	0	1.97457e-10	0	9.18729e-11	0	4.47701e-11	0	3.24197e-11	0	1.28887e-10	0	2.42244e-11	0	2.56565e-10	0	4.00156e-11	0
1.45603e-10	0	1.42416e-10	0	2.25482e-10	0	1.05372e-10	0	8.28614e-11	0	1.2296e-10	0	8.39184e-11	0	3.74815e-11	0	4.64296e-11	0	1.68056e-10	0	2.48323e-10	0	1.37707e-10	0	1.28912e-10	0	7.28981e-11	0	8.25686e-11	0	4.73182e-11	0	7.15094e-11	0	1.97457e-10	0	9.18729e-11	0	4.47701e-11	0	3.24197e-11	0	1.04371e-10	0	2.42244e-11	0	2.42859e-10	0	4.00156e-11	0
1.45603e-10	0	1.42416e-10	0	2.02445e-10	0	9.09764e-11	0	6.42389e-11	0	1.08362e-10	0	7.91002e-11	0	3.74815e-11	0	4.64296e-11	0	1.51147e-10	0	2.48323e-10	0	1.26986e-10	0	1.19221e-10	0	7.21558e-11	0	8.00694e-11	0	4.73182e-11	0	5.95331e-11	0	1.97457e-10	0	7.84284e-11	0	4.47701e-11	0	2.88178e-11	0	1.00115e-10	0	2.42244e-11	0	2.36214e-10	0	3.81497e-11	0
1.35907e-10	0	1.26537e-10	0	2.02445e-10	0	6.47852e-11	0	6.42389e-11	0	9.88625e-11	0	7.79306e-11	0	3.74815e-11	0	4.04711e-11	0	1.36633e-10	0	2.43746e-10	0	1.14541e-10	0	1.11317e-10	0	5.11104e-11	0	6.93731e-11	0	2.63117e-11	0	5.95331e-11	0	1.51301e-10	0	6.74076e-11	0	3.95602e-11	0	2.49517e-11	0	1.00115e-10	0	2.37777e-11	0	2.29532e-10	0	3.81497e-11	0
1.22684e-10	0	1.11753e-10	0	1.43595e-10	0	6.47852e-11	0	6.42389e-11	0	9.40697e-11	0	5.36061e-11	0	3.06703e-11	0	4.04711e-11	0	1.36633e-10	0	2.43746e-10	0	1.07814e-10	0	1.11317e-10	0	4.48339e-11	0	6.82122e-11	0	2.63117e-11	0	5.95331e-11	0	1.27467e-10	0	6.74076e-11	0	3.95602e-11	0	2.49517e-11	0	7.5731e-11	0	1.72217e-11	0	1.86171e-10	0	2.96702e-11	0
1.01967e-10	0	1.04627e-10	0	1.43595e-10	0	6.47852e-11	0	5.50853e-11	0	7.48935e-11	0	5.36061e-11	0	3.06703e-11	0	3.81969e-11	0	1.18272e-10	0	2.43746e-10	0	7.79644e-11	0	6.80094e-11	0	3.90407e-11	0	6.82122e-11	0	2.63117e-11	0	5.88341e-11	0	1.27467e-10	0	5.35226e-11	0	3.5855e-11	0	1.84929e-11	0	5.67052e-11	0	1.68068e-11	0	1.86171e-10	0	2.96702e-11	0
7.27407e-11	0	1.04627e-10	0	1.29521e-10	0	5.47028e-11	0	4.38861e-11	0	7.43855e-11	0	5.36061e-11	0	2.2304e-11	0	3.81969e-11	0	9.95202e-11	0	2.37773e-10	0	7.79644e-11	0	6.80094e-11	0	3.49359e-11	0	6.63217e-11	0	2.63117e-11	0	5.88341e-11	0	1.27467e-10	0	5.20612e-11	0	3.5855e-11	0	1.84929e-11	0	5.67052e-11	0	1.29084e-11	0	1.86171e-10	0	2.96702e-11	0
7.27407e-11	0	9.87282e-11	0	1.29521e-10	0	5.47028e-11	0	4.38861e-11	0	6.28206e-11	0	5.36061e-11	0	2.2304e-11	0	3.81969e-11	0	9.3708e-11	0	1.83136e-10	0	7.79644e-11	0	6.80094e-11	0	3.49359e-11	0	6.63217e-11	0	2.33976e-11	0	5.29939e-11	0	1.27467e-10	0	4.64795e-11	0	3.5855e-11	0	1.62648e-11	0	5.67052e-11	0	1.29084e-11	0	1.86171e-10	0	2.81897e-11	0
7.27407e-11	0	8.70823e-11	0	1.29521e-10	0	4.76032e-11	0	4.38861e-11	0	4.70567e-11	0	4.07402e-11	0	1.67207e-11	0	3.81969e-11	0	8.35501e-11	0	1.68107e-10	0	7.79644e-11	0	6.80094e-11	0	3.27162e-11	0	4.99582e-11	0	2.12466e-11	0	4.97208e-11	0	1.04325e-10	0	4.45457e-11	0	3.15717e-11	0	1.62648e-11	0	5.67052e-11	0	1.25904e-11	0	1.6294e-10	0	2.31635e-11	0
7.27407e-11	0	8.70823e-11	0	1.02985e-10	0	4.64482e-11	0	3.62658e-11	0	4.70567e-11	0	3.81498e-11	0	1.67207e-11	0	3.37231e-11	0	7.63299e-11	0	1.68107e-10	0	6.97543e-11	0	6.17869e-11	0	3.01399e-11	0	4.99582e-11	0	2.12466e-11	0	4.49248e-11	0	1.04325e-10	0	3.76825e-11	0	2.23426e-11	0	1.40902e-11	0	5.67052e-11	0	1.25904e-11	0	1.6294e-10	0	1.40055e-11	0
5.92822e-11	0	6.75534e-11	0	9.66473e-11	0	4.51781e-11	0	3.53583e-11	0	4.70567e-11	0	3.37453e-11	0	1.48901e-11	0	3.04819e-11	0	6.43989e-11	0	1.68107e-10	0	6.3773e-11	0	4.7327e-11	0	2.17092e-11	0	4.30939e-11	0	2.12466e-11	0	4.49248e-11	0	5.3264e-11	0	3.76825e-11	0	2.23426e-11	0	1.04992e-11	0	5.51349e-11	0	9.30213e-12	0	1.62109e-10	0	1.40055e-11	0
5.92822e-11	0	6.75534e-11	0	8.66351e-11	0	3.36971e-11	0	3.53583e-11	0	4.70567e-11	0	3.37453e-11	0	1.48901e-11	0	3.04819e-11	0	6.43989e-11	0	1.65976e-10	0	6.3773e-11	0	4.7327e-11	0	2.17092e-11	0	4.30939e-11	0	1.8816e-11	0	4.49248e-11	0	5.3264e-11	0	2.45997e-11	0	2.23426e-11	0	1.04992e-11	0	4.3754e-11	0	8.36832e-12	0	1.51165e-10	0	1.40055e-11	0
5.92822e-11	0	6.75534e-11	0	7.21224e-11	0	3.28088e-11	0	2.46706e-11	0	3.95247e-11	0	3.37453e-11	0	1.43313e-11	0	2.30638e-11	0	4.8616e-11	0	1.28101e-10	0	6.0962e-11	0	3.90395e-11	0	2.06894e-11	0	2.93394e-11	0	1.45459e-11	0	4.11664e-11	0	5.3264e-11	0	2.45997e-11	0	1.07904e-11	0	1.04992e-11	0	4.25145e-11	0	8.36832e-12	0	1.48932e-10	0	1.40055e-11	0
3.73014e-11	0	4.82992e-11	0	5.96881e-11	0	2.29072e-11	0	2.46706e-11	0	3.59699e-11	0	2.96808e-11	0	1.3621e-11	0	2.30638e-11	0	4.8616e-11	0	1.28101e-10	0	5.62663e-11	0	3.90395e-11	0	1.89627e-11	0	2.93394e-11	0	1.45459e-11	0	3.5422e-11	0	5.3264e-11	0	2.45997e-11	0	1.07904e-11	0	1.04992e-11	0	3.86848e-11	0	8.36832e-12	0	1.32701e-10	0	1.40055e-11	0
3.73014e-11	0	4.54104e-11	0	5.96881e-11	0	2.29072e-11	0	2.05127e-11	0	3.59699e-11	0	2.96808e-11	0	1.16907e-11	0	2.1446e-11	0	4.52897e-11	0	1.11237e-10	0	5.36498e-11	0	3.8656e-11	0	1.57043e-11	0	2.93394e-11	0	1.45459e-11	0	3.5422e-11	0	5.3264e-11	0	2.14742e-11	0	1.07904e-11	0	9.5605e-12	0	3.73301e-11	0	8.36832e-12	0	1.29675e-10	0	9.18707e-12	0
3.73014e-11	0	4.53165e-11	0	5.96881e-11	0	2.29072e-11	0	2.05127e-11	0	3.35806e-11	0	2.68629e-11	0	1.16907e-11	0	2.141e-11	0	4.52897e-11	0	1.06747e-10	0	4.71264e-11	0	3.21539e-11	0	1.57043e-11	0	1.96279e-11	0	1.23804e-11	0	3.27943e-11	0	5.3264e-11	0	2.14742e-11	0	1.07904e-11	0	8.53345e-12	0	3.46193e-11	0	6.65284e-12	0	1.22868e-10	0	9.18707e-12	0
3.73014e-11	0	3.88442e-11	0	4.67611e-11	0	2.29072e-11	0	1.89894e-11	0	2.90728e-11	0	2.3385e-11	0	1.05042e-11	0	2.141e-11	0	4.02301e-11	0	1.06747e-10	0	3.10759e-11	0	3.17634e-11	0	1.46584e-11	0	1.96279e-11	0	1.23804e-11	0	3.27145e-11	0	5.11298e-11	0	1.84877e-11	0	1.07904e-11	0	8.37804e-12	0	3.46193e-11	0	6.65284e-12	0	1.20022e-10	0	9.0156e-12	0
2.87542e-11	0	3.88442e-11	0	4.67611e-11	0	2.09945e-11	0	1.60262e-11	0	2.0758e-11	0	1.37691e-11	0	8.75732e-12	0	2.141e-11	0	4.02301e-11	0	9.72706e-11	0	3.10759e-11	0	3.06312e-11	0	1.01351e-11	0	1.96279e-11	0	1.06595e-11	0	3.03381e-11	0	5.11298e-11	0	1.5783e-11	0	1.07904e-11	0	8.30375e-12	0	2.94259e-11	0	6.65284e-12	0	1.13595e-10	0	9.0156e-12	0
2.87542e-11	0	3.45763e-11	0	4.67611e-11	0	2.09945e-11	0	1.50005e-11	0	2.0758e-11	0	1.37691e-11	0	8.65639e-12	0	1.76816e-11	0	3.33691e-11	0	8.41404e-11	0	3.10759e-11	0	2.48771e-11	0	1.00755e-11	0	1.96279e-11	0	1.06595e-11	0	3.00614e-11	0	3.16505e-11	0	1.5783e-11	0	1.07904e-11	0	7.12997e-12	0	2.06955e-11	0	6.65284e-12	0	1.0343e-10	0	8.98277e-12	0
2.87542e-11	0	3.21242e-11	0	4.67611e-11	0	1.68752e-11	0	1.34889e-11	0	1.83952e-11	0	1.37691e-11	0	7.94271e-12	0	1.59983e-11	0	3.18476e-11	0	7.71531e-11	0	2.27637e-11	0	2.48771e-11	0	1.00755e-11	0	1.96279e-11	0	1.0307e-11	0	2.71175e-11	0	3.16505e-11	0	1.31494e-11	0	1.07904e-11	0	5.90545e-12	0	2.06955e-11	0	6.07023e-12	0	9.09683e-11	0	8.16713e-12	0
2.82042e-11	0	2.67062e-11	0	4.14374e-11	0	1.68752e-11	0	1.19262e-11	0	1.46493e-11	0	1.37691e-11	0	6.48781e-12	0	1.58397e-11	0	2.63224e-11	0	7.60902e-11	0	2.27637e-11	0	2.48771e-11	0	8.9091e-12	0	1.79942e-11	0	8.76487e-12	0	2.59043e-11	0	3.16505e-11	0	1.24766e-11	0	8.56376e-12	0	4.99472e-12	0	2.06955e-11	0	5.92773e-12	0	8.9026e-11	0	8.06282e-12	0
2.38082e-11	0	2.67062e-11	0	3.49701e-11	0	1.68752e-11	0	1.0753e-11	0	1.46493e-11	0	1.37691e-11	0	6.48781e-12	0	1.42161e-11	0	2.42818e-11	0	4.26535e-11	0	1.73401e-11	0	1.84794e-11	0	7.41751e-12	0	1.79942e-11	0	8.76487e-12	0	2.58529e-11	0	3.16505e-11	0	1.24766e-11	0	8.56376e-12	0	4.99472e-12	0	2.06955e-11	0	5.70251e-12	0	7.43264e-11	0	8.06282e-12	0
2.14171e-11	0	2.45615e-11	0	3.49701e-11	0	1.44793e-11	0	9.48225e-12	0	1.26788e-11	0	1.37691e-11	0	6.48781e-12	0	1.29231e-11	0	2.42818e-11	0	4.26535e-11	0	1.73401e-11	0	1.84794e-11	0	7.07503e-12	0	1.79942e-11	0	7.46016e-12	0	2.34797e-11	0	3.09546e-11	0	1.13701e-11	0	7.08701e-12	0	4.88832e-12	0	2.06955e-11	0	5.52692e-12	0	7.17496e-11	0	7.48549e-12	0
1.68215e-11	0	2.27477e-11	0	3.21621e-11	0	1.44793e-11	0	9.48225e-12	0	1.26788e-11	0	1.37691e-11	0	5.94941e-12	0	1.25367e-11	0	1.74335e-11	0	4.12762e-11	0	1.73401e-11	0	1.67229e-11	0	7.07503e-12	0	1.49266e-11	0	6.89842e-12	0	2.20644e-11	0	2.32222e-11	0	8.44326e-12	0	6.66141e-12	0	4.74606e-12	0	1.56073e-11	0	4.7893e-12	0	7.04027e-11	0	6.37687e-12	0
1.52628e-11	0	1.53152e-11	0	2.79991e-11	0	1.3602e-11	0	5.67917e-12	0	1.13602e-11	0	1.02575e-11	0	4.22551e-12	0	1.24613e-11	0	1.74335e-11	0	4.12762e-11	0	1.63747e-11	0	1.67229e-11	0	7.07503e-12	0	1.48278e-11	0	6.89842e-12	0	1.94499e-11	0	2.32222e-11	0	8.44326e-12	0	5.76166e-12	0	4.74606e-12	0	1.56073e-11	0	4.50027e-12	0	5.96974e-11	0	6.37687e-12	0
1.52628e-11	0	1.52014e-11	0	2.79991e-11	0	1.17528e-11	0	5.67917e-12	0	1.13602e-11	0	1.02575e-11	0	4.22551e-12	0	1.17776e-11	0	1.74335e-11	0	4.07655e-11	0	1.39192e-11	0	1.67229e-11	0	6.62782e-12	0	1.32966e-11	0	6.53907e-12	0	1.808e-11	0	2.273e-11	0	8.25151e-12	0	5.33522e-12	0	4.74606e-12	0	1.56073e-11	0	4.05088e-12	0	5.90102e-11	0	5.35544e-12	0
1.02627e-11	0	1.33855e-11	0	2.79991e-11	0	1.17528e-11	0	5.67917e-12	0	1.13602e-11	0	1.02575e-11	0	4.22551e-12	0	9.47716e-12	0	1.53121e-11	0	4.07655e-11	0	1.17191e-11	0	1.47288e-11	0	6.62782e-12	0	7.37108e-12	0	4.41621e-12	0	1.76187e-11	0	2.12263e-11	0	8.19014e-12	0	5.33522e-12	0	2.99229e-12	0	1.56073e-11	0	3.74724e-12	0	5.4882e-11	0	5.35544e-12	0
1.02627e-11	0	1.33855e-11	0	2.38951e-11	0	1.17528e-11	0	5.67917e-12	0	7.75921e-12	0	9.21572e-12	0	4.22551e-12	0	9.40716e-12	0	1.50958e-11	0	3.58504e-11	0	1.09776e-11	0	1.47288e-11	0	5.28988e-12	0	7.37108e-12	0	4.41621e-12	0	1.46393e-11	0	2.12263e-11	0	7.13713e-12	0	5.33522e-12	0	2.68681e-12	0	1.47123e-11	0	3.60911e-12	0	5.21038e-11	0	4.64385e-12	0
1.02627e-11	0	1.22851e-11	0	2.36688e-11	0	1.03786e-11	0	5.53125e-12	0	7.75921e-12	0	7.83263e-12	0	3.46456e-12	0	8.78643e-12	0	1.46246e-11	0	2.91716e-11	0	1.09776e-11	0	1.34063e-11	0	5.28988e-12	0	7.37108e-12	0	4.41621e-12	0	1.32047e-11	0	1.72708e-11	0	6.42416e-12	0	4.25692e-12	0	2.68681e-12	0	1.31692e-11	0	2.89242e-12	0	4.45044e-11	0	4.19292e-12	0
9.32629e-12	0	1.00919e-11	0	2.36688e-11	0	1.00654e-11	0	5.53125e-12	0	6.7498e-12	0	7.83263e-12	0	3.46456e-12	0	7.17113e-12	0	1.46246e-11	0	2.91716e-11	0	9.28755e-12	0	1.16434e-11	0	5.28988e-12	0	7.37108e-12	0	3.99695e-12	0	1.26358e-11	0	1.72708e-11	0	5.82506e-12	0	3.2695e-12	0	2.68681e-12	0	1.31692e-11	0	2.89242e-12	0	4.45044e-11	0	3.16304e-12	0
9.32629e-12	0	9.1918e-12	0	2.19401e-11	0	9.04567e-12	0	4.16652e-12	0	6.7498e-12	0	4.93346e-12	0	3.03321e-12	0	7.17113e-12	0	1.21726e-11	0	2.4341e-11	0	9.28755e-12	0	1.05331e-11	0	4.80531e-12	0	7.37108e-12	0	3.85174e-12	0	1.25796e-11	0	1.43296e-11	0	5.42884e-12	0	3.2695e-12	0	1.76926e-12	0	1.26857e-11	0	2.0279e-12	0	4.22271e-11	0	3.16304e-12	0
8.56169e-12	0	9.1918e-12	0	1.89526e-11	0	8.92195e-12	0	4.16652e-12	0	6.7498e-12	0	4.93346e-12	0	2.66017e-12	0	6.74552e-12	0	1.08064e-11	0	1.95108e-11	0	7.59992e-12	0	1.05331e-11	0	4.77568e-12	0	7.35584e-12	0	3.44834e-12	0	8.13288e-12	0	1.43296e-11	0	4.88848e-12	0	3.2695e-12	0	1.76926e-12	0	1.2216e-11	0	1.97155e-12	0	4.17027e-11	0	2.97608e-12	0
7.86023e-12	0	9.1918e-12	0	1.47239e-11	0	8.85274e-12	0	3.09765e-12	0	6.7498e-12	0	4.93346e-12	0	2.66017e-12	0	6.32113e-12	0	9.66606e-12	0	1.95108e-11	0	7.25428e-12	0	8.62541e-12	0	3.73268e-12	0	7.35584e-12	0	3.25183e-12	0	6.97825e-12	0	1.32555e-11	0	4.63976e-12	0	2.62594e-12	0	1.76926e-12	0	1.02962e-11	0	1.97155e-12	0	3.60046e-11	0	2.97608e-12	0
7.86023e-12	0	7.38019e-12	0	1.3782e-11	0	8.85274e-12	0	3.09765e-12	0	6.59835e-12	0	4.69044e-12	0	2.07947e-12	0	5.79763e-12	0	9.64448e-12	0	1.95108e-11	0	5.43921e-12	0	8.17503e-12	0	3.68833e-12	0	5.66513e-12	0	2.97743e-12	0	6.97825e-12	0	1.32555e-11	0	4.63976e-12	0	2.62594e-12	0	1.76926e-12	0	1.00388e-11	0	1.8215e-12	0	2.97656e-11	0	2.57589e-12	0
6.57298e-12	0	7.38019e-12	0	1.30989e-11	0	7.49307e-12	0	3.09765e-12	0	5.31646e-12	0	4.44889e-12	0	2.07947e-12	0	5.15933e-12	0	8.96545e-12	0	1.85176e-11	0	3.80786e-12	0	8.1605e-12	0	2.91778e-12	0	5.66513e-12	0	2.70575e-12	0	6.97825e-12	0	1.28194e-11	0	4.455e-12	0	2.52234e-12	0	1.59344e-12	0	1.00388e-11	0	1.8215e-12	0	2.68344e-11	0	2.57589e-12	0
6.57298e-12	0	7.23042e-12	0	1.30989e-11	0	7.44721e-12	0	2.60313e-12	0	4.35207e-12	0	4.44889e-12	0	1.72298e-12	0	5.12616e-12	0	8.21433e-12	0	1.30737e-11	0	3.80786e-12	0	6.83986e-12	0	2.31207e-12	0	4.0359e-12	0	2.37331e-12	0	5.17927e-12	0	1.05413e-11	0	3.77836e-12	0	2.46476e-12	0	1.59344e-12	0	9.17468e-12	0	1.482e-12	0	2.68344e-11	0	1.7996e-12	0
6.57298e-12	0	5.16229e-12	0	1.04229e-11	0	7.44721e-12	0	2.05315e-12	0	4.35207e-12	0	4.05979e-12	0	1.6038e-12	0	4.45703e-12	0	5.22596e-12	0	1.30737e-11	0	3.80786e-12	0	4.81412e-12	0	2.31207e-12	0	4.0359e-12	0	2.19686e-12	0	4.35147e-12	0	1.05413e-11	0	3.1625e-12	0	2.39628e-12	0	1.32254e-12	0	9.04674e-12	0	1.40503e-12	0	2.55494e-11	0	1.7996e-12	0
6.57298e-12	0	5.16229e-12	0	1.03743e-11	0	6.24935e-12	0	1.70801e-12	0	2.77538e-12	0	3.31222e-12	0	1.6038e-12	0	4.32755e-12	0	5.22596e-12	0	1.24484e-11	0	3.80786e-12	0	4.71223e-12	0	1.53365e-12	0	3.76357e-12	0	2.12732e-12	0	4.35147e-12	0	9.26955e-12	0	3.14399e-12	0	1.29889e-12	0	1.32254e-12	0	7.96671e-12	0	1.29479e-12	0	2.19161e-11	0	1.4005e-12	0
5.69396e-12	0	4.20617e-12	0	9.65032e-12	0	6.24935e-12	0	1.70801e-12	0	2.77538e-12	0	3.31222e-12	0	1.42578e-12	0	4.29125e-12	0	5.22596e-12	0	1.22782e-11	0	3.54355e-12	0	4.45954e-12	0	1.53365e-12	0	3.71334e-12	0	1.47556e-12	0	4.35147e-12	0	8.99092e-12	0	3.04781e-12	0	1.29889e-12	0	1.29002e-12	0	7.15022e-12	0	1.21413e-12	0	2.09571e-11	0	1.4005e-12	0
4.4257e-12	0	4.20617e-12	0	9.14196e-12	0	5.52882e-12	0	1.70801e-12	0	2.77538e-12	0	3.28124e-12	0	1.42578e-12	0	3.66925e-12	0	4.44492e-12	0	1.19514e-11	0	3.54355e-12	0	3.63742e-12	0	1.53365e-12	0	3.00561e-12	0	1.47556e-12	0	4.35147e-12	0	7.92098e-12	0	3.04781e-12	0	1.29889e-12	0	8.81804e-13	0	7.15022e-12	0	1.13429e-12	0	1.90467e-11	0	7.62595e-13	0
4.4257e-12	0	4.17775e-12	0	7.8032e-12	0	5.52882e-12	0	1.70728e-12	0	2.77538e-12	0	2.93471e-12	0	1.07988e-12	0	3.18206e-12	0	4.44492e-12	0	9.38294e-12	0	3.25335e-12	0	3.58206e-12	0	1.38652e-12	0	2.67338e-12	0	1.47556e-12	0	3.93333e-12	0	7.92098e-12	0	2.91594e-12	0	1.29889e-12	0	8.81804e-13	0	6.96614e-12	0	9.26112e-13	0	1.90467e-11	0	7.62595e-13	0
3.99978e-12	0	4.17775e-12	0	7.8032e-12	0	5.25317e-12	0	1.37848e-12	0	2.55625e-12	0	2.67006e-12	0	1.07988e-12	0	2.65404e-12	0	4.44492e-12	0	8.48895e-12	0	2.65884e-12	0	2.61908e-12	0	1.38652e-12	0	2.67338e-12	0	1.47556e-12	0	3.86473e-12	0	7.12071e-12	0	2.43525e-12	0	1.11825e-12	0	8.67261e-13	0	6.45087e-12	0	7.37507e-13	0	1.49545e-11	0	7.62595e-13	0
3.06728e-12	0	2.94284e-12	0	6.45854e-12	0	5.25317e-12	0	1.37848e-12	0	2.55625e-12	0	2.28733e-12	0	1.07988e-12	0	2.65404e-12	0	3.89825e-12	0	7.82757e-12	0	2.32622e-12	0	2.61908e-12	0	9.06463e-13	0	2.63488e-12	0	1.46406e-12	0	3.06354e-12	0	5.81319e-12	0	2.43525e-12	0	7.99722e-13	0	8.55941e-13	0	5.05226e-12	0	7.37507e-13	0	1.25209e-11	0	7.62595e-13	0
3.0359e-12	0	2.94284e-12	0	6.45854e-12	0	4.98013e-12	0	1.23251e-12	0	2.24125e-12	0	2.28733e-12	0	7.34532e-13	0	2.42149e-12	0	3.89825e-12	0	6.86755e-12	0	2.32622e-12	0	2.04735e-12	0	9.06463e-13	0	2.10171e-12	0	1.33301e-12	0	3.06354e-12	0	5.5133e-12	0	2.3631e-12	0	7.10015e-13	0	6.95533e-13	0	5.05226e-12	0	5.57186e-13	0	1.005e-11	0	7.62595e-13	0
3.0359e-12	0	2.6352e-12	0	5.18553e-12	0	4.53084e-12	0	1.13104e-12	0	2.09419e-12	0	2.15644e-12	0	7.34532e-13	0	2.01596e-12	0	3.72033e-12	0	6.49571e-12	0	2.32622e-12	0	2.04735e-12	0	9.06463e-13	0	2.10171e-12	0	1.26972e-12	0	2.74387e-12	0	5.5133e-12	0	2.17436e-12	0	3.73491e-13	0	6.80741e-13	0	4.22737e-12	0	5.57186e-13	0	1.005e-11	0	7.62595e-13	0
3.0359e-12	0	2.60325e-12	0	5.18553e-12	0	4.07815e-12	0	1.03568e-12	0	1.9692e-12	0	1.69731e-12	0	7.34532e-13	0	1.55253e-12	0	2.50304e-12	0	5.64891e-12	0	1.82545e-12	0	2.04735e-12	0	8.41469e-13	0	2.08575e-12	0	1.11599e-12	0	2.45541e-12	0	5.04265e-12	0	1.78723e-12	0	3.73491e-13	0	4.46978e-13	0	4.22737e-12	0	5.57186e-13	0	8.19528e-12	0	6.98158e-13	0
2.65209e-12	0	2.12061e-12	0	5.18553e-12	0	3.721e-12	0	6.56663e-13	0	1.43543e-12	0	1.42765e-12	0	6.27648e-13	0	1.53975e-12	0	2.50304e-12	0	5.03491e-12	0	1.7825e-12	0	1.83215e-12	0	8.41469e-13	0	2.01834e-12	0	9.16747e-13	0	2.12079e-12	0	3.87175e-12	0	1.67344e-12	0	3.73491e-13	0	4.46978e-13	0	4.22737e-12	0	4.08753e-13	0	7.49959e-12	0	5.98159e-13	0
2.25823e-12	0	2.12061e-12	0	4.81077e-12	0	2.85971e-12	0	6.56663e-13	0	1.43543e-12	0	1.39549e-12	0	5.76481e-13	0	1.34212e-12	0	2.3636e-12	0	4.88244e-12	0	1.66536e-12	0	1.55316e-12	0	6.20742e-13	0	1.71224e-12	0	9.16747e-13	0	1.93304e-12	0	3.87175e-12	0	1.53614e-12	0	3.73491e-13	0	4.46978e-13	0	3.88352e-12	0	4.08753e-13	0	7.21672e-12	0	5.92616e-13	0
1.96318e-12	0	2.12061e-12	0	4.15061e-12	0	2.85971e-12	0	5.44513e-13	0	1.38202e-12	0	1.39549e-12	0	5.6379e-13	0	1.31858e-12	0	1.73331e-12	0	4.18712e-12	0	1.52864e-12	0	1.55316e-12	0	6.20742e-13	0	1.50224e-12	0	8.1254e-13	0	1.83527e-12	0	3.78183e-12	0	1.28376e-12	0	3.73491e-13	0	4.05254e-13	0	3.85916e-12	0	3.87383e-13	0	5.88466e-12	0	5.88106e-13	0
1.96318e-12	0	1.27931e-12	0	4.15061e-12	0	2.85971e-12	0	5.44513e-13	0	1.10472e-12	0	1.02028e-12	0	4.60298e-13	0	1.14898e-12	0	1.73331e-12	0	3.80905e-12	0	1.52864e-12	0	1.22783e-12	0	4.57926e-13	0	1.2016e-12	0	7.78657e-13	0	1.4688e-12	0	3.36209e-12	0	1.2499e-12	0	3.73491e-13	0	3.79349e-13	0	3.70799e-12	0	3.02636e-13	0	5.35288e-12	0	5.70959e-13	0
1.49743e-12	0	1.27931e-12	0	3.45345e-12	0	2.85971e-12	0	5.44513e-13	0	1.10472e-12	0	1.02028e-12	0	2.90761e-13	0	1.01005e-12	0	1.58128e-12	0	3.22497e-12	0	1.37233e-12	0	1.22783e-12	0	4.57926e-13	0	1.2016e-12	0	7.6616e-13	0	1.40518e-12	0	3.05976e-12	0	7.76318e-13	0	3.13249e-13	0	3.79349e-13	0	3.12994e-12	0	3.02636e-13	0	5.35288e-12	0	4.78513e-13	0
1.49743e-12	0	1.18023e-12	0	3.44352e-12	0	2.58556e-12	0	3.78507e-13	0	1.10472e-12	0	1.02028e-12	0	2.90761e-13	0	9.56792e-13	0	1.58128e-12	0	3.22497e-12	0	1.1801e-12	0	8.62354e-13	0	3.84468e-13	0	1.17585e-12	0	7.04372e-13	0	9.98775e-13	0	2.3942e-12	0	6.95861e-13	0	3.13249e-13	0	3.13156e-13	0	3.12994e-12	0	2.06865e-13	0	4.73075e-12	0	3.89384e-13	0
1.29613e-12	0	9.5e-13	0	3.3388e-12	0	2.40787e-12	0	2.77968e-13	0	8.6503e-13	0	8.35497e-13	0	2.90761e-13	0	8.02935e-13	0	1.36551e-12	0	3.17006e-12	0	1.08442e-12	0	8.62354e-13	0	3.84468e-13	0	1.09792e-12	0	6.11873e-13	0	9.98775e-13	0	2.34886e-12	0	6.95861e-13	0	2.97846e-13	0	3.13156e-13	0	2.80683e-12	0	2.06865e-13	0	4.51297e-12	0	3.44819e-13	0
1.19634e-12	0	9.5e-13	0	3.11754e-12	0	2.06931e-12	0	2.77968e-13	0	8.6503e-13	0	8.35497e-13	0	2.90761e-13	0	7.88717e-13	0	1.1998e-12	0	2.85815e-12	0	9.14096e-13	0	8.62354e-13	0	3.84468e-13	0	1.06034e-12	0	5.27953e-13	0	9.98775e-13	0	1.61449e-12	0	6.95861e-13	0	2.97846e-13	0	2.13726e-13	0	2.22208e-12	0	2.06865e-13	0	4.03154e-12	0	3.44819e-13	0
1.10855e-12	0	9.5e-13	0	2.70617e-12	0	1.77175e-12	0	2.77968e-13	0	6.71261e-13	0	7.50304e-13	0	2.90761e-13	0	7.11311e-13	0	1.12121e-12	0	2.35912e-12	0	9.08749e-13	0	8.62354e-13	0	3.56454e-13	0	9.28182e-13	0	4.98724e-13	0	9.98775e-13	0	1.43522e-12	0	6.04538e-13	0	2.44159e-13	0	2.13726e-13	0	2.22208e-12	0	1.51953e-13	0	4.03154e-12	0	2.58023e-13	0
1.10855e-12	0	8.43484e-13	0	2.34372e-12	0	1.72236e-12	0	2.74384e-13	0	6.71261e-13	0	7.50304e-13	0	2.76109e-13	0	6.10562e-13	0	1.12121e-12	0	2.07537e-12	0	7.68829e-13	0	7.96632e-13	0	3.56454e-13	0	9.01549e-13	0	4.64449e-13	0	7.19682e-13	0	1.43522e-12	0	4.30728e-13	0	2.44159e-13	0	2.13726e-13	0	2.22208e-12	0	1.50979e-13	0	3.67016e-12	0	2.58023e-13	0
9.31894e-13	0	8.43484e-13	0	2.19368e-12	0	1.38568e-12	0	2.46175e-13	0	5.64924e-13	0	5.09923e-13	0	2.76109e-13	0	5.50145e-13	0	1.10357e-12	0	2.07537e-12	0	7.07821e-13	0	7.96632e-13	0	3.56454e-13	0	8.11714e-13	0	3.97802e-13	0	6.13006e-13	0	1.31107e-12	0	4.30728e-13	0	2.44159e-13	0	2.13726e-13	0	2.15051e-12	0	1.50979e-13	0	3.67016e-12	0	2.56896e-13	0
9.31894e-13	0	8.43484e-13	0	2.12163e-12	0	1.38568e-12	0	2.46175e-13	0	4.86542e-13	0	5.09923e-13	0	1.98632e-13	0	5.40197e-13	0	1.02084e-12	0	2.07537e-12	0	6.41562e-13	0	4.43456e-13	0	2.81519e-13	0	7.29227e-13	0	3.97802e-13	0	5.99278e-13	0	1.14337e-12	0	4.30728e-13	0	2.44159e-13	0	1.77945e-13	0	1.90538e-12	0	1.36446e-13	0	3.67016e-12	0	2.56896e-13	0
8.75639e-13	0	5.48022e-13	0	1.90459e-12	0	9.84254e-13	0	2.25213e-13	0	4.86542e-13	0	5.09923e-13	0	1.98632e-13	0	3.56885e-13	0	9.18418e-13	0	2.07537e-12	0	5.21244e-13	0	4.43456e-13	0	2.28705e-13	0	5.93305e-13	0	3.84004e-13	0	5.99278e-13	0	1.14337e-12	0	4.30728e-13	0	2.36167e-13	0	1.74017e-13	0	1.54913e-12	0	1.36446e-13	0	2.90499e-12	0	2.25056e-13	0
7.34786e-13	0	5.48022e-13	0	1.80264e-12	0	9.84254e-13	0	2.25213e-13	0	4.25832e-13	0	5.09923e-13	0	1.83072e-13	0	3.56885e-13	0	8.53019e-13	0	1.29971e-12	0	4.71001e-13	0	3.98901e-13	0	2.2345e-13	0	5.93305e-13	0	3.05689e-13	0	5.49405e-13	0	1.02894e-12	0	4.30728e-13	0	2.21908e-13	0	1.69926e-13	0	1.54913e-12	0	1.19375e-13	0	2.70172e-12	0	1.823e-13	0
5.87651e-13	0	5.11039e-13	0	1.53618e-12	0	9.29765e-13	0	2.08887e-13	0	4.25832e-13	0	4.35378e-13	0	1.83072e-13	0	2.89913e-13	0	7.33016e-13	0	1.29971e-12	0	4.6639e-13	0	3.98901e-13	0	1.85766e-13	0	5.4766e-13	0	3.05689e-13	0	5.49405e-13	0	8.70048e-13	0	4.00336e-13	0	1.66646e-13	0	1.46657e-13	0	1.42619e-12	0	9.35708e-14	0	2.38607e-12	0	1.54764e-13	0
5.86847e-13	0	5.11039e-13	0	1.53618e-12	0	7.42967e-13	0	2.08182e-13	0	3.2396e-13	0	3.77914e-13	0	1.17525e-13	0	2.84952e-13	0	7.33016e-13	0	1.24103e-12	0	4.02641e-13	0	3.98901e-13	0	1.85766e-13	0	4.58496e-13	0	2.98289e-13	0	5.32879e-13	0	8.60799e-13	0	4.00336e-13	0	1.66646e-13	0	1.16828e-13	0	1.2243e-12	0	9.35708e-14	0	2.00799e-12	0	1.54764e-13	0
4.69781e-13	0	5.00895e-13	0	1.44807e-12	0	7.42967e-13	0	1.90178e-13	0	3.18493e-13	0	3.77914e-13	0	1.17525e-13	0	2.84952e-13	0	7.02045e-13	0	1.24103e-12	0	3.50191e-13	0	3.49551e-13	0	1.73513e-13	0	4.58496e-13	0	2.15444e-13	0	4.69332e-13	0	8.60799e-13	0	2.83289e-13	0	1.12985e-13	0	1.16828e-13	0	1.03722e-12	0	8.9039e-14	0	1.80886e-12	0	1.48143e-13	0
4.32543e-13	0	5.00895e-13	0	1.44807e-12	0	6.01067e-13	0	1.6455e-13	0	2.79451e-13	0	3.77914e-13	0	1.17525e-13	0	2.5725e-13	0	7.02045e-13	0	1.09912e-12	0	2.55786e-13	0	3.49551e-13	0	1.589e-13	0	4.15558e-13	0	2.15444e-13	0	3.24518e-13	0	8.60799e-13	0	2.51746e-13	0	1.01737e-13	0	1.16828e-13	0	1.03722e-12	0	8.9039e-14	0	1.56655e-12	0	1.48143e-13	0
4.32543e-13	0	4.16577e-13	0	1.14131e-12	0	5.77864e-13	0	1.58971e-13	0	1.59069e-13	0	3.77914e-13	0	9.12122e-14	0	1.99749e-13	0	5.86699e-13	0	1.09232e-12	0	2.55786e-13	0	3.2391e-13	0	9.47466e-14	0	4.15558e-13	0	2.02564e-13	0	3.1246e-13	0	7.17085e-13	0	2.51746e-13	0	1.01737e-13	0	1.16828e-13	0	1.03722e-12	0	7.36998e-14	0	1.56655e-12	0	1.12256e-13	0
3.29224e-13	0	2.83258e-13	0	1.03628e-12	0	5.73016e-13	0	1.39775e-13	0	1.59069e-13	0	3.30045e-13	0	9.12122e-14	0	1.99749e-13	0	5.14732e-13	0	1.09014e-12	0	2.10068e-13	0	3.2391e-13	0	9.47466e-14	0	3.58973e-13	0	1.57811e-13	0	3.1246e-13	0	5.77004e-13	0	2.51746e-13	0	1.01737e-13	0	1.16828e-13	0	9.1217e-13	0	7.36998e-14	0	1.38027e-12	0	1.12256e-13	0
3.29224e-13	0	2.83258e-13	0	1.03628e-12	0	5.73016e-13	0	1.17094e-13	0	1.42573e-13	0	2.85313e-13	0	9.12122e-14	0	1.89485e-13	0	5.14732e-13	0	1.09014e-12	0	2.10068e-13	0	2.37511e-13	0	9.47466e-14	0	3.27263e-13	0	1.34267e-13	0	3.1246e-13	0	5.17799e-13	0	2.51746e-13	0	1.01737e-13	0	1.09647e-13	0	7.78624e-13	0	6.71829e-14	0	1.09064e-12	0	1.00416e-13	0
3.29224e-13	0	2.797e-13	0	1.03628e-12	0	3.91686e-13	0	1.17094e-13	0	1.36087e-13	0	2.63128e-13	0	8.07305e-14	0	1.7295e-13	0	4.91657e-13	0	9.01909e-13	0	2.10068e-13	0	2.28503e-13	0	9.47466e-14	0	3.26972e-13	0	1.32446e-13	0	2.67123e-13	0	5.17799e-13	0	1.95367e-13	0	9.5219e-14	0	9.75448e-14	0	7.78624e-13	0	6.71829e-14	0	1.09064e-12	0	9.72509e-14	0
3.11902e-13	0	2.54473e-13	0	9.68538e-13	0	3.91686e-13	0	1.17094e-13	0	1.36087e-13	0	2.38798e-13	0	6.80472e-14	0	1.22806e-13	0	4.31605e-13	0	8.84639e-13	0	2.05227e-13	0	2.28503e-13	0	7.68086e-14	0	2.70957e-13	0	1.32446e-13	0	2.47914e-13	0	5.17799e-13	0	1.95367e-13	0	9.04934e-14	0	9.75448e-14	0	7.02229e-13	0	5.84484e-14	0	9.18722e-13	0	9.26696e-14	0
2.95223e-13	0	1.92281e-13	0	8.19596e-13	0	3.69608e-13	0	1.08118e-13	0	1.36087e-13	0	2.31554e-13	0	6.80472e-14	0	1.22806e-13	0	4.21259e-13	0	8.84639e-13	0	1.92841e-13	0	1.47972e-13	0	6.68798e-14	0	2.32338e-13	0	1.06857e-13	0	2.04227e-13	0	4.54427e-13	0	1.95367e-13	0	7.35991e-14	0	8.90452e-14	0	6.47722e-13	0	5.15931e-14	0	9.00221e-13	0	6.36895e-14	0
2.3533e-13	0	1.92281e-13	0	7.65409e-13	0	3.69608e-13	0	8.3806e-14	0	9.08239e-14	0	2.00486e-13	0	5.67247e-14	0	1.13009e-13	0	3.29547e-13	0	7.06278e-13	0	1.88828e-13	0	1.47972e-13	0	6.43723e-14	0	1.89758e-13	0	1.06857e-13	0	2.04227e-13	0	3.59623e-13	0	1.95367e-13	0	6.46381e-14	0	7.5086e-14	0	6.36214e-13	0	4.4611e-14	0	8.54204e-13	0	5.01525e-14	0
2.3533e-13	0	1.92281e-13	0	6.74087e-13	0	3.15482e-13	0	8.3806e-14	0	9.08239e-14	0	2.00486e-13	0	5.27067e-14	0	1.03763e-13	0	3.26012e-13	0	7.06278e-13	0	1.49973e-13	0	1.47972e-13	0	6.26668e-14	0	1.82585e-13	0	1.06857e-13	0	1.9041e-13	0	3.59623e-13	0	1.79558e-13	0	6.46381e-14	0	7.46992e-14	0	4.65287e-13	0	3.82081e-14	0	7.9103e-13	0	5.01525e-14	0
2.3533e-13	0	1.53743e-13	0	6.74087e-13	0	2.4338e-13	0	7.36988e-14	0	7.6989e-14	0	1.76557e-13	0	4.30006e-14	0	6.96169e-14	0	2.47041e-13	0	5.31293e-13	0	1.47102e-13	0	1.40882e-13	0	4.69911e-14	0	1.18776e-13	0	8.06918e-14	0	1.80268e-13	0	3.12176e-13	0	1.75853e-13	0	6.37094e-14	0	6.4849e-14	0	4.46253e-13	0	3.5817e-14	0	6.64232e-13	0	5.01525e-14	0
2.2082e-13	0	1.48486e-13	0	6.42886e-13	0	1.79966e-13	0	4.694e-14	0	7.13895e-14	0	1.20665e-13	0	3.95043e-14	0	6.96169e-14	0	2.47041e-13	0	5.31293e-13	0	1.39636e-13	0	1.3118e-13	0	4.69911e-14	0	1.18776e-13	0	8.06918e-14	0	1.80268e-13	0	3.12176e-13	0	1.43028e-13	0	5.69089e-14	0	6.25984e-14	0	3.89265e-13	0	3.11256e-14	0	6.64232e-13	0	4.96562e-14	0
1.67421e-13	0	1.48486e-13	0	5.07655e-13	0	1.79966e-13	0	4.694e-14	0	6.12302e-14	0	1.20665e-13	0	3.95043e-14	0	5.96716e-14	0	2.05263e-13	0	4.5979e-13	0	1.08938e-13	0	1.3118e-13	0	4.69911e-14	0	1.04939e-13	0	6.53011e-14	0	1.66827e-13	0	2.98194e-13	0	1.43028e-13	0	4.75944e-14	0	5.53448e-14	0	3.22956e-13	0	3.11256e-14	0	5.40848e-13	0	3.75909e-14	0
1.6242e-13	0	1.37966e-13	0	4.69798e-13	0	1.79966e-13	0	4.694e-14	0	4.85868e-14	0	1.20665e-13	0	3.95043e-14	0	5.5895e-14	0	2.05263e-13	0	4.5979e-13	0	1.08884e-13	0	1.20568e-13	0	4.69911e-14	0	1.02833e-13	0	4.89189e-14	0	1.34599e-13	0	2.98194e-13	0	1.43028e-13	0	3.75258e-14	0	4.62261e-14	0	2.73022e-13	0	2.59481e-14	0	5.32643e-13	0	3.75909e-14	0
1.6242e-13	0	8.52883e-14	0	3.67781e-13	0	1.79966e-13	0	4.694e-14	0	4.85868e-14	0	1.16263e-13	0	2.84546e-14	0	5.5895e-14	0	1.96707e-13	0	3.85055e-13	0	1.08501e-13	0	9.67124e-14	0	4.40667e-14	0	1.02833e-13	0	4.89189e-14	0	1.28205e-13	0	2.56294e-13	0	1.23435e-13	0	3.75258e-14	0	4.30984e-14	0	2.17379e-13	0	2.40024e-14	0	4.29389e-13	0	3.65628e-14	0
1.51947e-13	0	8.52883e-14	0	3.67781e-13	0	1.79629e-13	0	4.694e-14	0	4.85868e-14	0	1.11169e-13	0	2.84546e-14	0	5.24858e-14	0	1.87314e-13	0	3.85055e-13	0	9.96572e-14	0	9.67124e-14	0	3.63037e-14	0	9.9135e-14	0	4.89189e-14	0	1.0806e-13	0	2.44369e-13	0	1.09331e-13	0	3.32816e-14	0	3.77859e-14	0	2.11813e-13	0	2.40024e-14	0	4.11762e-13	0	2.19891e-14	0
1.31912e-13	0	7.36056e-14	0	3.55072e-13	0	1.70428e-13	0	4.20537e-14	0	4.24152e-14	0	1.07464e-13	0	2.84546e-14	0	2.99527e-14	0	1.46156e-13	0	3.67502e-13	0	9.34753e-14	0	7.33448e-14	0	3.55234e-14	0	9.9135e-14	0	4.89189e-14	0	9.55882e-14	0	2.04039e-13	0	1.09331e-13	0	2.81759e-14	0	3.77859e-14	0	2.07554e-13	0	2.33209e-14	0	4.11762e-13	0	1.62521e-14	0
1.31912e-13	0	7.36056e-14	0	3.55072e-13	0	1.12803e-13	0	3.29042e-14	0	3.6611e-14	0	9.16172e-14	0	2.84546e-14	0	2.99527e-14	0	1.18999e-13	0	3.39499e-13	0	7.73493e-14	0	6.34882e-14	0	3.46129e-14	0	4.51486e-14	0	3.94152e-14	0	7.93766e-14	0	1.65598e-13	0	1.00323e-13	0	2.81759e-14	0	2.67473e-14	0	1.77962e-13	0	2.00067e-14	0	3.6147e-13	0	1.62521e-14	0
1.1806e-13	0	7.36056e-14	0	2.94739e-13	0	1.12803e-13	0	3.29042e-14	0	3.6611e-14	0	8.24358e-14	0	1.7233e-14	0	2.99527e-14	0	1.18999e-13	0	2.95579e-13	0	6.93461e-14	0	6.34882e-14	0	3.17662e-14	0	4.51486e-14	0	3.94152e-14	0	7.05251e-14	0	1.65598e-13	0	8.94568e-14	0	2.81759e-14	0	2.67473e-14	0	1.77962e-13	0	1.97545e-14	0	3.3238e-13	0	1.62521e-14	0
1.17013e-13	0	7.36056e-14	0	2.05567e-13	0	1.12803e-13	0	3.29042e-14	0	3.20718e-14	0	8.24358e-14	0	1.7233e-14	0	2.99527e-14	0	1.11042e-13	0	2.95579e-13	0	6.60531e-14	0	5.0472e-14	0	2.32327e-14	0	4.51486e-14	0	3.94152e-14	0	7.05251e-14	0	1.38405e-13	0	8.94568e-14	0	2.81759e-14	0	2.24787e-14	0	1.37081e-13	0	1.56162e-14	0	2.89443e-13	0	1.62521e-14	0
8.72827e-14	0	6.44752e-14	0	2.05567e-13	0	9.43438e-14	0	3.22442e-14	0	2.67389e-14	0	7.15036e-14	0	1.50415e-14	0	2.99527e-14	0	8.03286e-14	0	2.72829e-13	0	6.1846e-14	0	5.0472e-14	0	1.89481e-14	0	4.51486e-14	0	3.24228e-14	0	6.23783e-14	0	1.38405e-13	0	7.86295e-14	0	2.17572e-14	0	2.24787e-14	0	1.1949e-13	0	1.54604e-14	0	2.89443e-13	0	1.62521e-14	0
8.72827e-14	0	5.40046e-14	0	2.05567e-13	0	8.65882e-14	0	2.96053e-14	0	2.67389e-14	0	6.89245e-14	0	1.50415e-14	0	2.99527e-14	0	8.03286e-14	0	2.63633e-13	0	4.55301e-14	0	4.05732e-14	0	1.89481e-14	0	4.51486e-14	0	3.24228e-14	0	5.84695e-14	0	1.04733e-13	0	7.8521e-14	0	2.17572e-14	0	2.18236e-14	0	1.12291e-13	0	1.49435e-14	0	2.31387e-13	0	1.62521e-14	0
7.46494e-14	0	5.38969e-14	0	2.05567e-13	0	8.65882e-14	0	2.57058e-14	0	2.57747e-14	0	6.89245e-14	0	1.50415e-14	0	2.76146e-14	0	8.03286e-14	0	2.63633e-13	0	4.55301e-14	0	3.4565e-14	0	1.89481e-14	0	4.51486e-14	0	2.72192e-14	0	5.233e-14	0	1.04733e-13	0	7.5481e-14	0	1.52973e-14	0	1.79847e-14	0	1.12291e-13	0	1.33445e-14	0	2.00437e-13	0	1.32796e-14	0
7.4384e-14	0	2.53122e-14	0	2.05567e-13	0	7.03721e-14	0	2.03613e-14	0	2.57747e-14	0	6.10966e-14	0	1.2454e-14	0	2.76146e-14	0	8.03286e-14	0	2.08597e-13	0	4.07064e-14	0	3.16692e-14	0	1.38501e-14	0	3.2731e-14	0	2.72192e-14	0	4.91583e-14	0	1.04733e-13	0	7.02088e-14	0	1.52973e-14	0	1.48526e-14	0	9.48149e-14	0	1.33445e-14	0	2.00437e-13	0	1.13438e-14	0
6.50958e-14	0	2.53122e-14	0	1.55914e-13	0	6.89746e-14	0	2.03613e-14	0	1.91705e-14	0	4.68055e-14	0	1.06749e-14	0	2.22432e-14	0	7.32092e-14	0	2.03739e-13	0	4.07064e-14	0	3.16692e-14	0	1.36557e-14	0	3.2731e-14	0	2.64071e-14	0	4.84898e-14	0	1.04733e-13	0	6.02884e-14	0	1.51295e-14	0	1.33491e-14	0	8.01302e-14	0	1.10678e-14	0	1.95389e-13	0	1.07232e-14	0
4.82537e-14	0	2.53122e-14	0	1.4891e-13	0	6.89746e-14	0	1.9261e-14	0	1.91705e-14	0	4.68055e-14	0	1.06749e-14	0	2.10603e-14	0	6.02193e-14	0	1.98523e-13	0	4.07064e-14	0	2.89146e-14	0	1.3224e-14	0	3.2731e-14	0	2.33516e-14	0	4.60073e-14	0	8.0443e-14	0	6.02884e-14	0	1.01952e-14	0	1.33491e-14	0	8.01302e-14	0	1.02412e-14	0	1.84732e-13	0	8.83606e-15	0
4.82537e-14	0	2.53122e-14	0	1.05085e-13	0	4.63163e-14	0	1.69756e-14	0	1.91705e-14	0	4.68055e-14	0	8.29794e-15	0	1.47723e-14	0	4.84178e-14	0	1.65866e-13	0	2.68183e-14	0	2.89146e-14	0	1.01221e-14	0	2.6977e-14	0	2.01957e-14	0	3.75251e-14	0	7.15985e-14	0	5.35383e-14	0	1.01952e-14	0	1.27606e-14	0	8.01302e-14	0	9.97511e-15	0	1.37922e-13	0	8.83606e-15	0
4.17298e-14	0	2.53122e-14	0	1.05085e-13	0	4.53243e-14	0	1.69756e-14	0	1.55797e-14	0	4.68055e-14	0	5.93338e-15	0	1.47723e-14	0	4.22917e-14	0	1.4046e-13	0	2.55784e-14	0	2.89146e-14	0	1.01221e-14	0	2.6977e-14	0	2.01049e-14	0	3.4452e-14	0	7.15985e-14	0	5.35383e-14	0	1.01952e-14	0	9.422e-15	0	6.11236e-14	0	8.40934e-15	0	1.37922e-13	0	6.59382e-15	0
4.17298e-14	0	1.59421e-14	0	8.55881e-14	0	4.53243e-14	0	1.31355e-14	0	1.55797e-14	0	4.05352e-14	0	5.93338e-15	0	1.47723e-14	0	4.00868e-14	0	1.29913e-13	0	2.50414e-14	0	1.88539e-14	0	8.75662e-15	0	2.6976e-14	0	1.83721e-14	0	3.02202e-14	0	6.16216e-14	0	4.85172e-14	0	7.94054e-15	0	9.422e-15	0	5.39657e-14	0	8.40934e-15	0	1.04294e-13	0	6.59382e-15	0
4.10212e-14	0	1.59421e-14	0	8.55881e-14	0	3.7395e-14	0	1.3031e-14	0	1.55797e-14	0	3.44881e-14	0	5.78354e-15	0	1.2496e-14	0	3.92864e-14	0	9.76611e-14	0	2.50414e-14	0	1.29249e-14	0	8.58535e-15	0	2.6183e-14	0	1.73377e-14	0	3.02202e-14	0	5.82483e-14	0	4.52348e-14	0	7.66939e-15	0	8.27108e-15	0	4.63156e-14	0	8.28176e-15	0	1.04294e-13	0	5.94152e-15	0
4.10212e-14	0	1.59421e-14	0	8.40188e-14	0	3.7395e-14	0	1.3031e-14	0	1.45459e-14	0	3.22827e-14	0	5.78354e-15	0	1.2496e-14	0	3.61631e-14	0	8.52618e-14	0	2.50414e-14	0	1.29249e-14	0	8.04829e-15	0	2.12621e-14	0	1.73377e-14	0	2.27489e-14	0	5.82483e-14	0	4.44528e-14	0	6.502e-15	0	8.27108e-15	0	4.63156e-14	0	7.83932e-15	0	1.04294e-13	0	3.79627e-15	0
4.06694e-14	0	1.59421e-14	0	6.95186e-14	0	3.7395e-14	0	1.20263e-14	0	1.23371e-14	0	2.94222e-14	0	5.55505e-15	0	9.59042e-15	0	3.40762e-14	0	8.15558e-14	0	2.25379e-14	0	1.29249e-14	0	7.66487e-15	0	1.94106e-14	0	1.49756e-14	0	2.27489e-14	0	5.51772e-14	0	3.75e-14	0	6.14053e-15	0	6.88908e-15	0	3.68377e-14	0	7.68078e-15	0	9.08587e-14	0	3.79627e-15	0
3.49375e-14	0	1.57121e-14	0	5.07583e-14	0	3.01335e-14	0	1.15203e-14	0	1.20997e-14	0	2.61061e-14	0	5.55505e-15	0	9.59042e-15	0	3.25533e-14	0	5.96697e-14	0	1.86003e-14	0	1.29239e-14	0	5.42338e-15	0	1.46807e-14	0	1.43287e-14	0	2.27489e-14	0	5.06542e-14	0	3.39406e-14	0	4.08783e-15	0	5.77107e-15	0	3.68377e-14	0	6.26952e-15	0	8.71386e-14	0	3.79627e-15	0
3.49375e-14	0	1.3237e-14	0	4.9255e-14	0	2.91991e-14	0	1.02007e-14	0	1.13714e-14	0	2.05459e-14	0	3.77392e-15	0	9.59042e-15	0	2.8725e-14	0	3.7598e-14	0	1.75984e-14	0	1.05238e-14	0	5.42338e-15	0	1.44925e-14	0	1.34141e-14	0	2.18375e-14	0	5.06542e-14	0	3.37964e-14	0	4.08783e-15	0	5.77107e-15	0	3.68377e-14	0	5.74897e-15	0	7.98497e-14	0	3.79627e-15	0
3.33283e-14	0	1.3237e-14	0	4.16206e-14	0	2.84188e-14	0	7.75577e-15	0	8.67581e-15	0	2.05459e-14	0	3.67269e-15	0	7.5087e-15	0	2.8725e-14	0	3.7598e-14	0	1.66279e-14	0	8.91415e-15	0	5.42338e-15	0	1.40345e-14	0	1.17314e-14	0	2.18375e-14	0	4.95026e-14	0	3.00063e-14	0	4.08783e-15	0	5.77107e-15	0	3.30286e-14	0	5.74897e-15	0	6.12193e-14	0	3.79627e-15	0
3.33283e-14	0	1.10184e-14	0	3.79957e-14	0	2.64733e-14	0	6.80357e-15	0	8.67581e-15	0	1.88383e-14	0	3.67269e-15	0	7.44994e-15	0	2.61807e-14	0	3.7598e-14	0	1.50683e-14	0	8.91415e-15	0	3.1832e-15	0	1.01505e-14	0	1.14682e-14	0	2.09054e-14	0	4.27751e-14	0	2.51928e-14	0	4.03466e-15	0	5.32765e-15	0	2.93428e-14	0	5.06403e-15	0	6.12193e-14	0	2.69489e-15	0
2.73084e-14	0	1.02033e-14	0	3.79957e-14	0	2.24213e-14	0	6.58975e-15	0	6.75665e-15	0	1.66658e-14	0	3.6276e-15	0	7.44994e-15	0	2.27535e-14	0	3.7598e-14	0	1.50683e-14	0	8.53337e-15	0	3.1832e-15	0	1.01505e-14	0	1.03774e-14	0	1.86195e-14	0	3.01155e-14	0	2.51928e-14	0	4.03466e-15	0	5.32765e-15	0	2.93428e-14	0	4.7109e-15	0	6.12193e-14	0	2.69489e-15	0
2.73084e-14	0	8.96822e-15	0	2.87869e-14	0	1.96977e-14	0	4.92906e-15	0	6.75665e-15	0	1.66658e-14	0	3.6276e-15	0	5.48401e-15	0	1.74817e-14	0	3.7598e-14	0	1.34713e-14	0	7.91771e-15	0	3.1832e-15	0	1.01505e-14	0	9.36422e-15	0	1.64813e-14	0	3.01155e-14	0	1.64051e-14	0	3.83537e-15	0	3.98931e-15	0	2.73131e-14	0	4.56578e-15	0	5.47791e-14	0	2.04753e-15	0
2.32852e-14	0	6.26899e-15	0	2.87869e-14	0	1.84652e-14	0	4.76157e-15	0	6.39992e-15	0	1.39366e-14	0	2.59587e-15	0	5.48401e-15	0	1.37309e-14	0	3.7598e-14	0	1.03997e-14	0	7.67504e-15	0	3.1832e-15	0	8.65483e-15	0	8.45593e-15	0	1.63985e-14	0	2.22581e-14	0	1.58827e-14	0	2.16172e-15	0	3.98931e-15	0	2.73131e-14	0	3.74578e-15	0	5.47791e-14	0	2.04753e-15	0
2.13019e-14	0	6.26899e-15	0	2.43717e-14	0	1.75732e-14	0	4.60018e-15	0	6.39992e-15	0	1.39366e-14	0	2.59587e-15	0	5.48401e-15	0	1.37309e-14	0	3.31876e-14	0	9.75884e-15	0	7.19463e-15	0	3.1832e-15	0	8.65483e-15	0	7.31486e-15	0	1.35286e-14	0	2.22581e-14	0	1.58827e-14	0	2.16172e-15	0	3.98931e-15	0	2.17826e-14	0	3.46662e-15	0	4.99021e-14	0	2.04753e-15	0
1.96778e-14	0	6.26899e-15	0	2.43717e-14	0	1.55243e-14	0	4.60018e-15	0	5.48739e-15	0	1.31366e-14	0	2.59587e-15	0	4.93962e-15	0	1.37309e-14	0	1.9727e-14	0	9.42074e-15	0	5.49691e-15	0	2.70112e-15	0	7.76235e-15	0	7.31486e-15	0	1.21422e-14	0	2.22581e-14	0	1.48681e-14	0	2.16172e-15	0	3.48622e-15	0	2.07283e-14	0	3.02732e-15	0	4.37069e-14	0	1.83601e-15	0
1.83527e-14	0	5.36939e-15	0	2.40602e-14	0	1.38165e-14	0	4.27636e-15	0	5.48739e-15	0	1.31366e-14	0	2.59587e-15	0	4.91058e-15	0	1.37309e-14	0	1.9727e-14	0	8.24441e-15	0	4.41703e-15	0	2.52106e-15	0	7.22651e-15	0	6.65587e-15	0	1.19433e-14	0	1.86114e-14	0	1.30602e-14	0	2.16172e-15	0	3.09851e-15	0	1.12541e-14	0	2.18841e-15	0	3.59564e-14	0	1.83601e-15	0
1.83527e-14	0	5.36939e-15	0	1.57553e-14	0	1.32093e-14	0	3.99078e-15	0	4.74559e-15	0	1.20628e-14	0	2.59383e-15	0	4.87757e-15	0	1.13628e-14	0	1.9727e-14	0	7.79139e-15	0	4.41703e-15	0	2.52106e-15	0	7.18651e-15	0	6.487e-15	0	8.50187e-15	0	1.4974e-14	0	9.08687e-15	0	1.76056e-15	0	2.75582e-15	0	1.12541e-14	0	2.18841e-15	0	3.59564e-14	0	1.83601e-15	0
1.61645e-14	0	4.45454e-15	0	1.53077e-14	0	1.02085e-14	0	3.99078e-15	0	4.74559e-15	0	9.99884e-15	0	1.99492e-15	0	4.01518e-15	0	1.10833e-14	0	1.9727e-14	0	6.44502e-15	0	4.41703e-15	0	2.0211e-15	0	6.83727e-15	0	6.05401e-15	0	8.50187e-15	0	1.30649e-14	0	8.00159e-15	0	1.76056e-15	0	2.62849e-15	0	1.12541e-14	0	2.18841e-15	0	3.21318e-14	0	1.71871e-15	0
1.5714e-14	0	3.90046e-15	0	1.43296e-14	0	9.35086e-15	0	3.53272e-15	0	4.35581e-15	0	8.07386e-15	0	1.92886e-15	0	3.83403e-15	0	8.13883e-15	0	1.9727e-14	0	6.08783e-15	0	4.13595e-15	0	1.08391e-15	0	4.90161e-15	0	5.25634e-15	0	8.31083e-15	0	1.30649e-14	0	8.00159e-15	0	1.69729e-15	0	2.61124e-15	0	1.12541e-14	0	2.18841e-15	0	3.21318e-14	0	1.70248e-15	0
1.34962e-14	0	2.65227e-15	0	9.768e-15	0	8.48016e-15	0	3.28953e-15	0	4.14318e-15	0	8.07386e-15	0	1.92886e-15	0	3.52836e-15	0	7.88698e-15	0	1.9727e-14	0	6.02607e-15	0	4.13595e-15	0	1.08391e-15	0	4.42352e-15	0	3.38547e-15	0	7.11986e-15	0	1.28235e-14	0	8.00159e-15	0	1.49435e-15	0	2.19324e-15	0	1.12541e-14	0	2.18841e-15	0	3.10468e-14	0	1.21723e-15	0
1.23969e-14	0	2.65227e-15	0	9.768e-15	0	8.48016e-15	0	3.24756e-15	0	3.72304e-15	0	6.77395e-15	0	1.71594e-15	0	3.1468e-15	0	5.56604e-15	0	1.67428e-14	0	5.54303e-15	0	2.67465e-15	0	1.08391e-15	0	4.42352e-15	0	3.38547e-15	0	6.68377e-15	0	1.09287e-14	0	6.68161e-15	0	1.48638e-15	0	2.19324e-15	0	8.95754e-15	0	2.18841e-15	0	2.85403e-14	0	1.21723e-15	0
1.21135e-14	0	2.65227e-15	0	9.61659e-15	0	5.50967e-15	0	3.14088e-15	0	3.48724e-15	0	6.33779e-15	0	1.59202e-15	0	3.0232e-15	0	4.93111e-15	0	1.47949e-14	0	4.27426e-15	0	2.50017e-15	0	1.08391e-15	0	4.42352e-15	0	3.38547e-15	0	6.68377e-15	0	1.02318e-14	0	5.66989e-15	0	1.42903e-15	0	1.97127e-15	0	8.95754e-15	0	2.06348e-15	0	2.64406e-14	0	1.03967e-15	0
1.03696e-14	0	2.432e-15	0	9.61659e-15	0	5.50967e-15	0	2.58057e-15	0	2.85647e-15	0	5.8532e-15	0	1.54464e-15	0	2.72582e-15	0	4.93111e-15	0	1.47949e-14	0	3.72978e-15	0	2.10399e-15	0	1.08391e-15	0	2.90403e-15	0	3.34598e-15	0	3.73944e-15	0	8.56071e-15	0	5.66989e-15	0	1.2609e-15	0	1.77851e-15	0	8.95754e-15	0	1.9965e-15	0	2.64406e-14	0	1.03967e-15	0
9.97672e-15	0	2.432e-15	0	9.61659e-15	0	4.97331e-15	0	2.58057e-15	0	2.77681e-15	0	5.5198e-15	0	1.40341e-15	0	2.72582e-15	0	4.93111e-15	0	1.1751e-14	0	2.83744e-15	0	2.10399e-15	0	1.08391e-15	0	2.90403e-15	0	2.63901e-15	0	3.73944e-15	0	7.43506e-15	0	5.66989e-15	0	9.67581e-16	0	1.77851e-15	0	8.95754e-15	0	1.58975e-15	0	2.55122e-14	0	8.63785e-16	0
8.86602e-15	0	2.33449e-15	0	8.66518e-15	0	4.97331e-15	0	2.58057e-15	0	2.3277e-15	0	4.8525e-15	0	1.313e-15	0	2.72582e-15	0	4.93111e-15	0	1.1751e-14	0	2.83744e-15	0	2.10399e-15	0	9.21082e-16	0	2.90403e-15	0	2.51325e-15	0	3.73944e-15	0	6.07274e-15	0	5.5434e-15	0	9.67581e-16	0	1.56475e-15	0	7.63974e-15	0	1.58975e-15	0	2.32258e-14	0	7.17199e-16	0
8.86602e-15	0	2.17949e-15	0	6.7101e-15	0	4.97331e-15	0	2.43361e-15	0	2.29099e-15	0	4.48925e-15	0	1.27659e-15	0	2.32998e-15	0	4.35277e-15	0	9.04722e-15	0	2.83744e-15	0	2.0647e-15	0	9.21082e-16	0	2.3997e-15	0	1.91272e-15	0	3.73944e-15	0	6.07274e-15	0	5.33774e-15	0	9.67581e-16	0	1.4552e-15	0	6.96188e-15	0	1.46445e-15	0	2.03163e-14	0	7.17199e-16	0
7.9709e-15	0	2.17949e-15	0	6.10887e-15	0	3.94642e-15	0	2.21348e-15	0	1.71761e-15	0	3.71603e-15	0	1.27659e-15	0	2.32998e-15	0	3.78422e-15	0	9.04722e-15	0	2.70509e-15	0	2.0647e-15	0	7.49923e-16	0	2.37092e-15	0	1.91272e-15	0	3.73944e-15	0	5.55725e-15	0	4.61733e-15	0	7.97307e-16	0	1.25891e-15	0	6.0489e-15	0	1.20742e-15	0	1.88488e-14	0	7.17199e-16	0
7.88082e-15	0	1.92076e-15	0	6.10887e-15	0	3.65533e-15	0	1.99633e-15	0	1.71761e-15	0	3.41026e-15	0	1.01865e-15	0	2.24378e-15	0	2.94099e-15	0	7.33177e-15	0	2.70509e-15	0	1.89e-15	0	6.51474e-16	0	2.28468e-15	0	1.83087e-15	0	3.38806e-15	0	4.32284e-15	0	4.61733e-15	0	7.97307e-16	0	8.29679e-16	0	5.83503e-15	0	1.20742e-15	0	1.88488e-14	0	7.06222e-16	0
6.84257e-15	0	1.74151e-15	0	5.90082e-15	0	3.65533e-15	0	1.99195e-15	0	1.61655e-15	0	3.41026e-15	0	1.01865e-15	0	1.94208e-15	0	2.91553e-15	0	7.33177e-15	0	2.70509e-15	0	1.37631e-15	0	5.5849e-16	0	2.18246e-15	0	1.6131e-15	0	3.15555e-15	0	4.05539e-15	0	4.5293e-15	0	7.88723e-16	0	8.29679e-16	0	4.71549e-15	0	1.19243e-15	0	1.58184e-14	0	6.18135e-16	0
6.46538e-15	0	1.5627e-15	0	5.55554e-15	0	2.96942e-15	0	1.83586e-15	0	1.50653e-15	0	3.41026e-15	0	9.64444e-16	0	1.82917e-15	0	2.78098e-15	0	7.33177e-15	0	2.10709e-15	0	1.16721e-15	0	5.5849e-16	0	1.80045e-15	0	1.20396e-15	0	3.05652e-15	0	4.05539e-15	0	3.84175e-15	0	7.88723e-16	0	8.29679e-16	0	3.60712e-15	0	1.0639e-15	0	1.34245e-14	0	5.55471e-16	0
6.1019e-15	0	1.20905e-15	0	5.03286e-15	0	2.96942e-15	0	1.69906e-15	0	1.31443e-15	0	2.38841e-15	0	9.59487e-16	0	1.79396e-15	0	2.54304e-15	0	6.16855e-15	0	2.10709e-15	0	1.15064e-15	0	4.93293e-16	0	1.80045e-15	0	1.19678e-15	0	2.1399e-15	0	3.56229e-15	0	3.4723e-15	0	6.9128e-16	0	6.48933e-16	0	3.60712e-15	0	9.32192e-16	0	1.34245e-14	0	4.01417e-16	0
5.40807e-15	0	1.12756e-15	0	4.22069e-15	0	2.52901e-15	0	1.69106e-15	0	1.18558e-15	0	2.38841e-15	0	8.11183e-16	0	1.52199e-15	0	2.44974e-15	0	6.16855e-15	0	2.10709e-15	0	1.00146e-15	0	4.78662e-16	0	1.42371e-15	0	1.13117e-15	0	1.82545e-15	0	3.28065e-15	0	2.93982e-15	0	5.0167e-16	0	6.48933e-16	0	3.60712e-15	0	9.32192e-16	0	1.25594e-14	0	3.85102e-16	0
4.34483e-15	0	1.12756e-15	0	2.77289e-15	0	2.20019e-15	0	1.69106e-15	0	1.03314e-15	0	2.38841e-15	0	7.88496e-16	0	1.50645e-15	0	2.44974e-15	0	5.79612e-15	0	1.83087e-15	0	1.00146e-15	0	4.48949e-16	0	1.20659e-15	0	9.28776e-16	0	1.61929e-15	0	2.68974e-15	0	2.57299e-15	0	5.0167e-16	0	6.16967e-16	0	3.30203e-15	0	7.74684e-16	0	1.06924e-14	0	3.85102e-16	0
4.34483e-15	0	1.0964e-15	0	2.77289e-15	0	1.8314e-15	0	1.48926e-15	0	1.03314e-15	0	2.38841e-15	0	7.66114e-16	0	1.42504e-15	0	1.9877e-15	0	5.4386e-15	0	1.63602e-15	0	9.0879e-16	0	4.20889e-16	0	1.20659e-15	0	5.53422e-16	0	1.61929e-15	0	2.68974e-15	0	2.57299e-15	0	3.69753e-16	0	5.66616e-16	0	3.1228e-15	0	7.74684e-16	0	1.01299e-14	0	3.85102e-16	0
4.34483e-15	0	9.69758e-16	0	2.77289e-15	0	1.8314e-15	0	1.48926e-15	0	9.27604e-16	0	2.18873e-15	0	6.96968e-16	0	1.21167e-15	0	1.9877e-15	0	5.4386e-15	0	1.22116e-15	0	7.44638e-16	0	3.94429e-16	0	1.02102e-15	0	5.53422e-16	0	1.27937e-15	0	2.24798e-15	0	2.09181e-15	0	3.52372e-16	0	5.33251e-16	0	2.72165e-15	0	7.2948e-16	0	7.14399e-15	0	3.75508e-16	0
3.79041e-15	0	8.57089e-16	0	2.77289e-15	0	1.77255e-15	0	1.41044e-15	0	8.02431e-16	0	2.18873e-15	0	6.96968e-16	0	1.05457e-15	0	1.71235e-15	0	4.16222e-15	0	1.22116e-15	0	7.44638e-16	0	3.32958e-16	0	9.78821e-16	0	5.53422e-16	0	1.27937e-15	0	2.04022e-15	0	2.09181e-15	0	3.52372e-16	0	4.60185e-16	0	2.07356e-15	0	5.9141e-16	0	7.14399e-15	0	3.75508e-16	0
3.67224e-15	0	8.57089e-16	0	2.36743e-15	0	1.56668e-15	0	1.20289e-15	0	7.74479e-16	0	2.01058e-15	0	5.94751e-16	0	1.01304e-15	0	1.71235e-15	0	4.16222e-15	0	1.22116e-15	0	6.86657e-16	0	3.05216e-16	0	9.44798e-16	0	5.53422e-16	0	1.13947e-15	0	2.04022e-15	0	1.92044e-15	0	3.24435e-16	0	3.89789e-16	0	1.89543e-15	0	5.9141e-16	0	7.14399e-15	0	3.3596e-16	0
3.33649e-15	0	6.9809e-16	0	2.15265e-15	0	1.27933e-15	0	1.20289e-15	0	6.89727e-16	0	1.79523e-15	0	5.94751e-16	0	8.86595e-16	0	1.59786e-15	0	4.16222e-15	0	1.22116e-15	0	5.25546e-16	0	3.05216e-16	0	6.71787e-16	0	5.47628e-16	0	1.13947e-15	0	1.91729e-15	0	1.61618e-15	0	2.84961e-16	0	3.65968e-16	0	1.89543e-15	0	5.48445e-16	0	7.14399e-15	0	2.93156e-16	0
3.02643e-15	0	6.85128e-16	0	1.94206e-15	0	1.27933e-15	0	1.03927e-15	0	6.14018e-16	0	1.79523e-15	0	5.88995e-16	0	6.9415e-16	0	1.25464e-15	0	4.16222e-15	0	1.15943e-15	0	5.25546e-16	0	2.30028e-16	0	5.70853e-16	0	4.96851e-16	0	1.00931e-15	0	1.71854e-15	0	1.58204e-15	0	2.83217e-16	0	3.58819e-16	0	1.58618e-15	0	5.1742e-16	0	6.86629e-15	0	2.51045e-16	0
3.02643e-15	0	5.09238e-16	0	1.76733e-15	0	1.10511e-15	0	1.03927e-15	0	4.87461e-16	0	1.71015e-15	0	5.50601e-16	0	6.9415e-16	0	1.21135e-15	0	3.62645e-15	0	1.15943e-15	0	5.25546e-16	0	2.0976e-16	0	5.54678e-16	0	4.25687e-16	0	1.00931e-15	0	1.43184e-15	0	1.46825e-15	0	2.81136e-16	0	3.23015e-16	0	1.09464e-15	0	4.57621e-16	0	6.11227e-15	0	2.51045e-16	0
2.91582e-15	0	4.75347e-16	0	1.71173e-15	0	1.10511e-15	0	1.03927e-15	0	4.69952e-16	0	1.30216e-15	0	5.28812e-16	0	6.79527e-16	0	1.21135e-15	0	3.46011e-15	0	9.05149e-16	0	3.82463e-16	0	2.0976e-16	0	4.64657e-16	0	3.31791e-16	0	8.83177e-16	0	1.30964e-15	0	1.33527e-15	0	1.99085e-16	0	3.23015e-16	0	1.09464e-15	0	4.57621e-16	0	5.77387e-15	0	2.45482e-16	0
2.42554e-15	0	4.75347e-16	0	1.55585e-15	0	1.10511e-15	0	9.98745e-16	0	3.79698e-16	0	9.74357e-16	0	4.61364e-16	0	6.3249e-16	0	1.03041e-15	0	3.35296e-15	0	8.8721e-16	0	3.63509e-16	0	2.01063e-16	0	4.64657e-16	0	3.31791e-16	0	8.16138e-16	0	1.29494e-15	0	1.20448e-15	0	1.99085e-16	0	2.28749e-16	0	1.09464e-15	0	3.47961e-16	0	5.77387e-15	0	2.45482e-16	0
2.42554e-15	0	4.75347e-16	0	1.42874e-15	0	1.10511e-15	0	9.58581e-16	0	3.53392e-16	0	9.74357e-16	0	4.58468e-16	0	6.17201e-16	0	9.62698e-16	0	3.14877e-15	0	7.8636e-16	0	3.55258e-16	0	1.54357e-16	0	4.64657e-16	0	3.28992e-16	0	7.86994e-16	0	1.06494e-15	0	1.00697e-15	0	1.772e-16	0	2.1204e-16	0	9.99573e-16	0	3.47961e-16	0	5.23942e-15	0	2.27347e-16	0
2.34651e-15	0	3.89596e-16	0	1.42874e-15	0	9.03246e-16	0	8.23314e-16	0	2.97543e-16	0	9.74357e-16	0	4.30643e-16	0	5.32137e-16	0	8.50188e-16	0	2.9024e-15	0	7.10899e-16	0	2.88806e-16	0	1.49329e-16	0	3.70682e-16	0	2.86336e-16	0	5.48617e-16	0	1.06494e-15	0	9.54705e-16	0	1.772e-16	0	2.1204e-16	0	8.57236e-16	0	3.33807e-16	0	4.92264e-15	0	1.65892e-16	0
2.20655e-15	0	3.89596e-16	0	1.1207e-15	0	7.51488e-16	0	8.23314e-16	0	2.97543e-16	0	9.74357e-16	0	3.93073e-16	0	4.94917e-16	0	7.64778e-16	0	2.74589e-15	0	7.10899e-16	0	2.88806e-16	0	1.35045e-16	0	3.41325e-16	0	2.86336e-16	0	5.48617e-16	0	9.32123e-16	0	9.54705e-16	0	1.72261e-16	0	1.61799e-16	0	6.66321e-16	0	3.23322e-16	0	4.75592e-15	0	1.63024e-16	0
1.81289e-15	0	2.25153e-16	0	1.1207e-15	0	7.30358e-16	0	7.09913e-16	0	2.77238e-16	0	8.03918e-16	0	3.79565e-16	0	4.76912e-16	0	7.64778e-16	0	2.74589e-15	0	5.55602e-16	0	2.52126e-16	0	1.35045e-16	0	3.28992e-16	0	2.08155e-16	0	5.47121e-16	0	9.32123e-16	0	9.53466e-16	0	1.72261e-16	0	1.49022e-16	0	6.66321e-16	0	3.18949e-16	0	4.09149e-15	0	1.63024e-16	0
1.4756e-15	0	2.13441e-16	0	9.79799e-16	0	5.69521e-16	0	6.76301e-16	0	2.12765e-16	0	8.03918e-16	0	3.79565e-16	0	4.56493e-16	0	7.36285e-16	0	2.70899e-15	0	5.55602e-16	0	2.52126e-16	0	1.2132e-16	0	3.15997e-16	0	2.01273e-16	0	4.239e-16	0	8.90514e-16	0	8.0859e-16	0	1.46572e-16	0	1.04116e-16	0	6.66321e-16	0	2.99944e-16	0	3.7721e-15	0	1.56734e-16	0
1.4756e-15	0	2.13441e-16	0	9.79799e-16	0	5.69521e-16	0	6.26417e-16	0	2.12765e-16	0	6.56644e-16	0	3.59867e-16	0	4.04204e-16	0	6.78109e-16	0	2.5339e-15	0	5.55602e-16	0	1.89514e-16	0	1.04856e-16	0	2.49421e-16	0	1.44159e-16	0	4.239e-16	0	7.51642e-16	0	6.6001e-16	0	1.39513e-16	0	1.04116e-16	0	5.9375e-16	0	2.44148e-16	0	3.64068e-15	0	1.30333e-16	0
1.4756e-15	0	2.13441e-16	0	8.73674e-16	0	5.6642e-16	0	6.13556e-16	0	2.12765e-16	0	5.82392e-16	0	3.21777e-16	0	3.95528e-16	0	6.32334e-16	0	2.27738e-15	0	5.55602e-16	0	1.89514e-16	0	8.93125e-17	0	2.49421e-16	0	1.44159e-16	0	3.55731e-16	0	7.51642e-16	0	6.6001e-16	0	1.39513e-16	0	1.04116e-16	0	4.47438e-16	0	1.84291e-16	0	3.2257e-15	0	1.2211e-16	0
1.35389e-15	0	1.61138e-16	0	6.32417e-16	0	5.56424e-16	0	4.38435e-16	0	1.7285e-16	0	5.51418e-16	0	3.14015e-16	0	3.95528e-16	0	5.45194e-16	0	2.26836e-15	0	4.84251e-16	0	1.89514e-16	0	8.44629e-17	0	2.49421e-16	0	1.22905e-16	0	3.55731e-16	0	6.86408e-16	0	6.09412e-16	0	1.28582e-16	0	1.00573e-16	0	4.47438e-16	0	1.84291e-16	0	2.78407e-15	0	1.2211e-16	0
1.35193e-15	0	1.61138e-16	0	5.66882e-16	0	5.30388e-16	0	3.85003e-16	0	1.7285e-16	0	4.9473e-16	0	2.71869e-16	0	3.53663e-16	0	5.45194e-16	0	1.96213e-15	0	4.56267e-16	0	1.89514e-16	0	8.33182e-17	0	2.09035e-16	0	1.22905e-16	0	3.52222e-16	0	4.96114e-16	0	4.95351e-16	0	1.04929e-16	0	8.32575e-17	0	4.30972e-16	0	1.62805e-16	0	2.78407e-15	0	9.07951e-17	0
1.14726e-15	0	1.20651e-16	0	5.66882e-16	0	4.5373e-16	0	3.15199e-16	0	1.6894e-16	0	4.36208e-16	0	2.71869e-16	0	3.3206e-16	0	4.39957e-16	0	1.91196e-15	0	3.77708e-16	0	1.69834e-16	0	7.47198e-17	0	2.09035e-16	0	1.22905e-16	0	2.39682e-16	0	4.96114e-16	0	4.95351e-16	0	7.90398e-17	0	6.74903e-17	0	2.74982e-16	0	1.24684e-16	0	2.27523e-15	0	9.07951e-17	0
1.07711e-15	0	1.20651e-16	0	4.34961e-16	0	4.5373e-16	0	3.15199e-16	0	1.50883e-16	0	4.34019e-16	0	2.70222e-16	0	2.9588e-16	0	3.54799e-16	0	1.86632e-15	0	3.61574e-16	0	1.1023e-16	0	6.66926e-17	0	1.71285e-16	0	1.01405e-16	0	2.12735e-16	0	4.61435e-16	0	4.94844e-16	0	7.90398e-17	0	6.74903e-17	0	2.74982e-16	0	1.24684e-16	0	2.2106e-15	0	9.07951e-17	0
9.93219e-16	0	8.41301e-17	0	4.10373e-16	0	3.52723e-16	0	2.91696e-16	0	1.24656e-16	0	3.18695e-16	0	2.57191e-16	0	2.7875e-16	0	3.54799e-16	0	1.72027e-15	0	3.25388e-16	0	1.03143e-16	0	5.35217e-17	0	1.53776e-16	0	1.01405e-16	0	2.12735e-16	0	4.15551e-16	0	3.04811e-16	0	6.32284e-17	0	6.59718e-17	0	2.38381e-16	0	1.24684e-16	0	2.08023e-15	0	7.86413e-17	0
8.77629e-16	0	8.41301e-17	0	4.10373e-16	0	3.5171e-16	0	2.46011e-16	0	1.24656e-16	0	3.18695e-16	0	2.38682e-16	0	2.31943e-16	0	3.54799e-16	0	1.58888e-15	0	2.75976e-16	0	9.28394e-17	0	5.35217e-17	0	1.35292e-16	0	9.5609e-17	0	2.12735e-16	0	4.15551e-16	0	3.04811e-16	0	6.32284e-17	0	6.4602e-17	0	2.38381e-16	0	1.12071e-16	0	1.68254e-15	0	7.14804e-17	0
8.77629e-16	0	8.41301e-17	0	3.79952e-16	0	3.2893e-16	0	2.29633e-16	0	1.12023e-16	0	2.7518e-16	0	2.19435e-16	0	1.94891e-16	0	3.15018e-16	0	1.44748e-15	0	2.75976e-16	0	8.75126e-17	0	5.18742e-17	0	1.35292e-16	0	9.5609e-17	0	2.12735e-16	0	3.41089e-16	0	3.04811e-16	0	4.4421e-17	0	6.4602e-17	0	2.35711e-16	0	1.02761e-16	0	1.35455e-15	0	6.82455e-17	0
8.77629e-16	0	8.41301e-17	0	3.31315e-16	0	2.99776e-16	0	1.98731e-16	0	1.09324e-16	0	2.7518e-16	0	2.03137e-16	0	1.94891e-16	0	2.40413e-16	0	1.28239e-15	0	2.46356e-16	0	8.36208e-17	0	3.89388e-17	0	1.26673e-16	0	7.60337e-17	0	2.12735e-16	0	3.13076e-16	0	2.7034e-16	0	4.4421e-17	0	4.85954e-17	0	2.0991e-16	0	8.55957e-17	0	1.24567e-15	0	6.4331e-17	0
8.77629e-16	0	7.61621e-17	0	3.31315e-16	0	2.59666e-16	0	1.86842e-16	0	7.92821e-17	0	2.7518e-16	0	1.86012e-16	0	1.62397e-16	0	2.40413e-16	0	1.28239e-15	0	2.15787e-16	0	7.09916e-17	0	3.89388e-17	0	1.06743e-16	0	7.32062e-17	0	1.41284e-16	0	2.86489e-16	0	2.37468e-16	0	3.81885e-17	0	4.5944e-17	0	1.77326e-16	0	7.44038e-17	0	1.05726e-15	0	5.15694e-17	0
8.48671e-16	0	7.45541e-17	0	3.20929e-16	0	2.38846e-16	0	1.59176e-16	0	7.45884e-17	0	2.62971e-16	0	1.77913e-16	0	1.28013e-16	0	2.40413e-16	0	1.1242e-15	0	1.85706e-16	0	5.63323e-17	0	3.78519e-17	0	1.04108e-16	0	6.37916e-17	0	1.41284e-16	0	1.80804e-16	0	1.87703e-16	0	3.50386e-17	0	3.87164e-17	0	1.77326e-16	0	5.95737e-17	0	9.94701e-16	0	4.5878e-17	0
7.63546e-16	0	5.44984e-17	0	2.7365e-16	0	2.37683e-16	0	1.56593e-16	0	7.24065e-17	0	2.62971e-16	0	1.52671e-16	0	9.61278e-17	0	2.01802e-16	0	1.10425e-15	0	1.85706e-16	0	4.83378e-17	0	2.59809e-17	0	9.42729e-17	0	6.20655e-17	0	1.41284e-16	0	1.80804e-16	0	1.87703e-16	0	2.65045e-17	0	2.63838e-17	0	1.05092e-16	0	5.95737e-17	0	7.5407e-16	0	4.18782e-17	0
7.39182e-16	0	4.25919e-17	0	2.58968e-16	0	2.34175e-16	0	1.37002e-16	0	6.39621e-17	0	2.29994e-16	0	1.13853e-16	0	9.61278e-17	0	1.86027e-16	0	1.00403e-15	0	1.79569e-16	0	4.83378e-17	0	2.59809e-17	0	5.50869e-17	0	5.51656e-17	0	1.21445e-16	0	1.80804e-16	0	1.66722e-16	0	2.63048e-17	0	2.63838e-17	0	1.05092e-16	0	5.29118e-17	0	7.5407e-16	0	3.29337e-17	0
6.63853e-16	0	4.25919e-17	0	2.48755e-16	0	1.81133e-16	0	1.30209e-16	0	6.36642e-17	0	2.02085e-16	0	1.13853e-16	0	9.06273e-17	0	1.82198e-16	0	9.00066e-16	0	1.6719e-16	0	4.633e-17	0	2.12889e-17	0	5.50869e-17	0	5.51656e-17	0	1.21445e-16	0	1.80804e-16	0	1.63694e-16	0	2.62863e-17	0	2.18726e-17	0	1.05092e-16	0	5.13218e-17	0	6.13527e-16	0	2.8173e-17	0
5.70784e-16	0	4.09107e-17	0	2.48755e-16	0	1.81133e-16	0	1.0929e-16	0	6.34141e-17	0	1.65322e-16	0	1.10266e-16	0	8.87493e-17	0	1.51804e-16	0	8.05808e-16	0	1.60862e-16	0	3.73692e-17	0	1.58091e-17	0	5.50869e-17	0	4.97218e-17	0	1.02001e-16	0	1.65856e-16	0	1.13482e-16	0	2.62863e-17	0	2.18726e-17	0	1.05092e-16	0	4.46215e-17	0	6.13527e-16	0	2.47887e-17	0
5.03867e-16	0	3.53135e-17	0	2.41641e-16	0	1.49699e-16	0	9.12573e-17	0	5.75589e-17	0	1.65322e-16	0	1.03933e-16	0	6.81791e-17	0	1.10675e-16	0	7.98315e-16	0	1.54577e-16	0	3.66357e-17	0	1.58091e-17	0	5.50869e-17	0	4.09568e-17	0	1.00815e-16	0	1.37123e-16	0	1.06093e-16	0	1.5037e-17	0	1.69955e-17	0	8.87101e-17	0	3.7906e-17	0	6.13527e-16	0	1.94375e-17	0
4.20197e-16	0	3.53135e-17	0	2.21881e-16	0	1.49699e-16	0	8.09025e-17	0	4.72287e-17	0	1.65322e-16	0	8.89967e-17	0	5.66827e-17	0	1.10675e-16	0	7.11083e-16	0	1.37056e-16	0	3.66357e-17	0	1.54631e-17	0	5.50869e-17	0	3.39617e-17	0	9.87528e-17	0	1.29003e-16	0	1.06093e-16	0	1.5037e-17	0	1.54976e-17	0	8.4084e-17	0	3.7906e-17	0	4.98303e-16	0	1.94375e-17	0
4.20197e-16	0	2.84638e-17	0	2.07812e-16	0	1.33387e-16	0	7.46773e-17	0	4.72287e-17	0	1.53654e-16	0	7.77855e-17	0	5.66827e-17	0	9.59802e-17	0	6.25131e-16	0	9.12007e-17	0	3.2479e-17	0	1.22247e-17	0	5.50869e-17	0	3.39617e-17	0	8.4695e-17	0	1.1116e-16	0	9.52325e-17	0	1.5037e-17	0	1.54976e-17	0	8.4084e-17	0	3.54162e-17	0	4.72541e-16	0	1.87323e-17	0
4.04945e-16	0	2.84638e-17	0	1.65333e-16	0	8.36831e-17	0	5.97178e-17	0	3.69195e-17	0	1.25411e-16	0	7.37489e-17	0	5.66827e-17	0	7.65661e-17	0	6.23283e-16	0	9.12007e-17	0	2.98657e-17	0	1.18708e-17	0	4.30921e-17	0	3.39617e-17	0	7.16122e-17	0	1.1116e-16	0	8.60712e-17	0	1.5037e-17	0	1.45014e-17	0	7.6887e-17	0	2.90994e-17	0	4.61341e-16	0	1.79721e-17	0
3.6588e-16	0	2.84638e-17	0	1.65333e-16	0	8.36831e-17	0	5.61442e-17	0	3.69195e-17	0	1.25411e-16	0	6.15845e-17	0	4.88609e-17	0	7.65661e-17	0	6.19251e-16	0	9.12007e-17	0	2.14291e-17	0	1.07124e-17	0	4.30921e-17	0	3.14213e-17	0	7.16122e-17	0	9.2342e-17	0	7.95568e-17	0	1.15938e-17	0	8.53363e-18	0	6.08626e-17	0	2.59373e-17	0	3.60365e-16	0	1.39734e-17	0
3.03197e-16	0	2.84638e-17	0	1.53594e-16	0	8.36831e-17	0	5.61442e-17	0	2.88019e-17	0	9.32579e-17	0	4.9897e-17	0	4.69871e-17	0	6.48143e-17	0	6.19251e-16	0	9.12007e-17	0	2.14291e-17	0	1.07124e-17	0	3.66841e-17	0	2.14831e-17	0	6.45804e-17	0	9.22449e-17	0	7.11804e-17	0	1.15938e-17	0	8.53363e-18	0	6.08626e-17	0	2.59373e-17	0	3.60365e-16	0	1.39734e-17	0
3.03197e-16	0	2.69441e-17	0	1.26607e-16	0	8.04743e-17	0	4.29218e-17	0	2.85656e-17	0	8.15036e-17	0	4.9897e-17	0	4.44378e-17	0	6.48143e-17	0	4.91246e-16	0	7.85126e-17	0	1.84909e-17	0	6.79558e-18	0	3.66841e-17	0	2.14831e-17	0	6.45804e-17	0	8.41787e-17	0	5.77089e-17	0	9.3215e-18	0	8.53363e-18	0	4.67401e-17	0	2.45476e-17	0	3.60365e-16	0	1.36138e-17	0
2.49526e-16	0	2.02717e-17	0	1.1525e-16	0	7.26549e-17	0	3.42961e-17	0	2.46207e-17	0	6.66544e-17	0	4.98615e-17	0	3.25662e-17	0	5.90397e-17	0	4.91246e-16	0	7.29251e-17	0	1.84909e-17	0	6.79558e-18	0	3.66841e-17	0	2.01278e-17	0	6.06654e-17	0	8.41787e-17	0	5.77089e-17	0	9.3215e-18	0	8.26322e-18	0	4.67401e-17	0	2.08648e-17	0	3.17459e-16	0	1.26211e-17	0
2.41974e-16	0	1.98692e-17	0	1.01358e-16	0	6.35816e-17	0	3.09266e-17	0	1.65007e-17	0	4.47076e-17	0	4.05498e-17	0	3.25662e-17	0	5.90397e-17	0	4.55155e-16	0	6.53563e-17	0	1.84909e-17	0	5.21308e-18	0	3.66841e-17	0	1.98584e-17	0	4.81348e-17	0	7.45839e-17	0	5.70112e-17	0	9.3215e-18	0	8.26322e-18	0	4.55728e-17	0	1.79647e-17	0	2.82748e-16	0	9.1845e-18	0
2.3073e-16	0	1.57349e-17	0	8.63534e-17	0	5.31411e-17	0	3.09266e-17	0	1.65007e-17	0	4.38668e-17	0	3.80039e-17	0	3.14163e-17	0	5.23605e-17	0	4.0404e-16	0	6.53563e-17	0	1.67312e-17	0	5.21308e-18	0	3.41321e-17	0	1.98584e-17	0	4.81348e-17	0	6.66576e-17	0	4.96994e-17	0	9.3215e-18	0	5.24555e-18	0	4.34437e-17	0	1.58151e-17	0	2.51305e-16	0	9.1845e-18	0
1.92288e-16	0	1.22281e-17	0	6.46822e-17	0	5.31411e-17	0	2.9406e-17	0	1.65007e-17	0	4.38668e-17	0	3.13823e-17	0	3.07508e-17	0	5.23605e-17	0	3.2083e-16	0	6.22456e-17	0	1.6271e-17	0	5.21308e-18	0	3.1048e-17	0	1.64907e-17	0	4.79038e-17	0	5.75752e-17	0	4.96994e-17	0	6.43319e-18	0	4.89394e-18	0	4.34437e-17	0	1.58151e-17	0	2.06667e-16	0	9.1845e-18	0
1.79563e-16	0	1.10487e-17	0	6.46822e-17	0	4.91174e-17	0	2.52725e-17	0	1.58428e-17	0	4.32382e-17	0	3.01058e-17	0	2.746e-17	0	5.18458e-17	0	2.62777e-16	0	4.70764e-17	0	1.33921e-17	0	5.21308e-18	0	2.72528e-17	0	1.56991e-17	0	4.57514e-17	0	5.43543e-17	0	4.96994e-17	0	6.43319e-18	0	4.89394e-18	0	4.34437e-17	0	1.47861e-17	0	2.06667e-16	0	8.08378e-18	0
1.59259e-16	0	1.10487e-17	0	4.72756e-17	0	4.83126e-17	0	2.0436e-17	0	1.33833e-17	0	2.76368e-17	0	3.01058e-17	0	2.746e-17	0	4.16748e-17	0	2.62777e-16	0	4.20869e-17	0	1.24159e-17	0	4.77407e-18	0	2.72528e-17	0	1.36041e-17	0	4.57514e-17	0	4.34809e-17	0	3.25962e-17	0	5.48168e-18	0	4.89394e-18	0	4.34437e-17	0	1.40131e-17	0	1.91654e-16	0	8.08378e-18	0
1.40722e-16	0	7.9218e-18	0	4.72756e-17	0	3.32129e-17	0	1.81831e-17	0	1.33833e-17	0	2.76368e-17	0	2.88885e-17	0	2.61923e-17	0	3.49751e-17	0	1.86287e-16	0	3.5383e-17	0	8.57512e-18	0	4.07611e-18	0	2.66755e-17	0	1.33873e-17	0	3.64797e-17	0	4.16065e-17	0	3.25962e-17	0	5.48168e-18	0	4.89394e-18	0	4.02865e-17	0	1.37279e-17	0	1.8774e-16	0	8.08378e-18	0
1.24223e-16	0	7.9218e-18	0	4.50754e-17	0	3.32129e-17	0	1.71462e-17	0	1.07749e-17	0	2.21125e-17	0	2.51075e-17	0	2.45656e-17	0	3.1423e-17	0	1.83945e-16	0	3.5383e-17	0	8.57512e-18	0	4.04939e-18	0	2.51059e-17	0	1.27592e-17	0	3.35712e-17	0	3.71933e-17	0	3.06479e-17	0	4.38583e-18	0	4.8134e-18	0	3.34931e-17	0	1.1823e-17	0	1.63597e-16	0	8.08378e-18	0
1.08285e-16	0	7.9218e-18	0	4.50754e-17	0	3.26965e-17	0	1.29108e-17	0	1.07749e-17	0	2.21125e-17	0	2.33953e-17	0	2.20851e-17	0	2.16478e-17	0	1.63861e-16	0	2.84524e-17	0	6.58035e-18	0	3.25135e-18	0	2.41869e-17	0	1.14134e-17	0	3.35712e-17	0	3.71933e-17	0	3.06479e-17	0	3.7107e-18	0	4.34346e-18	0	2.39589e-17	0	1.10172e-17	0	1.47585e-16	0	7.98266e-18	0
9.88836e-17	0	7.9218e-18	0	4.10678e-17	0	2.80222e-17	0	1.29108e-17	0	1.02217e-17	0	2.21125e-17	0	1.90714e-17	0	1.7962e-17	0	2.16478e-17	0	1.28409e-16	0	2.84524e-17	0	6.58035e-18	0	2.78693e-18	0	2.17622e-17	0	1.0114e-17	0	3.35712e-17	0	3.71933e-17	0	2.73841e-17	0	3.29376e-18	0	3.83108e-18	0	2.39589e-17	0	9.86695e-18	0	1.42441e-16	0	6.56558e-18	0
9.14358e-17	0	6.26814e-18	0	3.957e-17	0	2.80222e-17	0	1.19062e-17	0	1.02217e-17	0	2.21125e-17	0	1.90714e-17	0	1.59311e-17	0	1.89672e-17	0	1.28409e-16	0	2.79342e-17	0	6.58035e-18	0	2.52549e-18	0	1.75917e-17	0	1.0114e-17	0	3.08977e-17	0	3.12272e-17	0	2.31753e-17	0	3.234e-18	0	3.57015e-18	0	2.37574e-17	0	9.54555e-18	0	1.32569e-16	0	6.46599e-18	0
9.14358e-17	0	6.26814e-18	0	3.33237e-17	0	2.23422e-17	0	8.19154e-18	0	9.81728e-18	0	2.06406e-17	0	1.57461e-17	0	1.42004e-17	0	1.82576e-17	0	1.28409e-16	0	2.22543e-17	0	5.396e-18	0	2.52549e-18	0	1.75215e-17	0	9.07914e-18	0	2.9392e-17	0	3.12272e-17	0	2.31753e-17	0	2.42128e-18	0	3.15495e-18	0	1.44982e-17	0	9.54555e-18	0	1.07199e-16	0	5.82424e-18	0
7.89162e-17	0	6.26814e-18	0	3.01349e-17	0	1.96868e-17	0	8.19154e-18	0	7.80388e-18	0	1.62542e-17	0	1.53954e-17	0	1.40967e-17	0	1.64181e-17	0	1.0407e-16	0	2.11709e-17	0	5.396e-18	0	1.85559e-18	0	1.42022e-17	0	5.97278e-18	0	2.49441e-17	0	2.41629e-17	0	2.20226e-17	0	2.42128e-18	0	3.15495e-18	0	1.44982e-17	0	8.38904e-18	0	9.70469e-17	0	5.07874e-18	0
7.20186e-17	0	4.72013e-18	0	3.01349e-17	0	1.96868e-17	0	8.19154e-18	0	5.49023e-18	0	1.62542e-17	0	1.27821e-17	0	1.21155e-17	0	1.17047e-17	0	9.28603e-17	0	1.99782e-17	0	5.396e-18	0	1.85559e-18	0	1.42022e-17	0	5.97278e-18	0	2.28795e-17	0	2.24901e-17	0	1.83582e-17	0	2.42128e-18	0	3.01845e-18	0	1.44982e-17	0	7.76749e-18	0	7.8681e-17	0	4.94848e-18	0
7.20186e-17	0	4.72013e-18	0	2.91657e-17	0	1.96868e-17	0	8.19154e-18	0	5.49023e-18	0	1.42824e-17	0	1.20151e-17	0	9.39079e-18	0	1.17047e-17	0	9.22757e-17	0	1.65162e-17	0	4.82275e-18	0	1.65416e-18	0	1.27605e-17	0	4.9815e-18	0	2.28795e-17	0	2.24901e-17	0	1.60052e-17	0	2.42128e-18	0	2.59313e-18	0	1.44982e-17	0	6.87343e-18	0	7.33997e-17	0	3.91629e-18	0
7.20186e-17	0	3.00852e-18	0	2.43572e-17	0	1.96868e-17	0	8.19154e-18	0	5.49023e-18	0	1.34574e-17	0	9.19716e-18	0	7.32641e-18	0	1.17047e-17	0	7.85354e-17	0	1.60218e-17	0	4.72401e-18	0	1.61554e-18	0	1.27056e-17	0	4.9815e-18	0	2.2406e-17	0	2.24901e-17	0	1.48708e-17	0	2.32723e-18	0	2.59313e-18	0	1.4454e-17	0	6.44205e-18	0	7.33997e-17	0	3.00709e-18	0
6.07338e-17	0	3.00852e-18	0	2.26029e-17	0	1.84761e-17	0	6.29518e-18	0	4.68239e-18	0	1.30149e-17	0	6.0535e-18	0	7.32641e-18	0	1.09622e-17	0	6.67995e-17	0	1.29314e-17	0	3.77835e-18	0	1.37e-18	0	1.19897e-17	0	4.01496e-18	0	2.08953e-17	0	1.96426e-17	0	1.25517e-17	0	2.12815e-18	0	2.13535e-18	0	1.14911e-17	0	6.399e-18	0	6.416e-17	0	3.00709e-18	0
6.07338e-17	0	3.00852e-18	0	2.26029e-17	0	1.45235e-17	0	5.68188e-18	0	4.68239e-18	0	1.16379e-17	0	6.0535e-18	0	7.32641e-18	0	9.38831e-18	0	6.67995e-17	0	9.32387e-18	0	3.5933e-18	0	1.15061e-18	0	1.05387e-17	0	4.01496e-18	0	2.0083e-17	0	1.55557e-17	0	1.19259e-17	0	2.12815e-18	0	2.13535e-18	0	1.04482e-17	0	5.53123e-18	0	4.36381e-17	0	2.92749e-18	0
5.66308e-17	0	2.48731e-18	0	2.04476e-17	0	1.44531e-17	0	4.91292e-18	0	3.74478e-18	0	1.02252e-17	0	5.08244e-18	0	7.32641e-18	0	8.86296e-18	0	6.37856e-17	0	9.32387e-18	0	3.5933e-18	0	1.15061e-18	0	1.01939e-17	0	4.01496e-18	0	1.78092e-17	0	1.55557e-17	0	1.00245e-17	0	1.79321e-18	0	2.11482e-18	0	1.00528e-17	0	5.53123e-18	0	4.36381e-17	0	2.30211e-18	0
5.33003e-17	0	2.48731e-18	0	1.94877e-17	0	1.41089e-17	0	4.91292e-18	0	3.23864e-18	0	8.71334e-18	0	5.08244e-18	0	7.32641e-18	0	8.86296e-18	0	5.52168e-17	0	8.45376e-18	0	3.27104e-18	0	1.15061e-18	0	8.38017e-18	0	3.97611e-18	0	1.67852e-17	0	1.46737e-17	0	7.97624e-18	0	1.79321e-18	0	2.06011e-18	0	8.77649e-18	0	5.14647e-18	0	4.15368e-17	0	2.30211e-18	0
4.69951e-17	0	2.25338e-18	0	1.66799e-17	0	1.16555e-17	0	3.89491e-18	0	1.89719e-18	0	8.41144e-18	0	5.08244e-18	0	5.36904e-18	0	8.09664e-18	0	5.3191e-17	0	7.82958e-18	0	2.62699e-18	0	9.88271e-19	0	8.07942e-18	0	3.64967e-18	0	1.4434e-17	0	1.33183e-17	0	7.30869e-18	0	1.65087e-18	0	1.52649e-18	0	8.77649e-18	0	5.03248e-18	0	3.99329e-17	0	2.25194e-18	0
4.44977e-17	0	2.21972e-18	0	1.54573e-17	0	9.70569e-18	0	3.89491e-18	0	1.89719e-18	0	6.5784e-18	0	4.82626e-18	0	5.36904e-18	0	6.99865e-18	0	5.3191e-17	0	7.10326e-18	0	2.051e-18	0	9.31983e-19	0	6.94679e-18	0	2.72309e-18	0	1.4434e-17	0	1.23373e-17	0	6.68337e-18	0	1.29178e-18	0	1.42393e-18	0	7.2377e-18	0	4.55331e-18	0	3.53654e-17	0	2.15149e-18	0
3.86581e-17	0	1.78527e-18	0	1.54573e-17	0	9.70569e-18	0	3.89491e-18	0	1.89719e-18	0	4.8897e-18	0	3.89778e-18	0	4.37041e-18	0	4.94227e-18	0	4.07104e-17	0	7.10326e-18	0	2.051e-18	0	9.31983e-19	0	6.94679e-18	0	2.55325e-18	0	1.15882e-17	0	1.08538e-17	0	5.95118e-18	0	1.1377e-18	0	1.42393e-18	0	7.2377e-18	0	4.55331e-18	0	2.77084e-17	0	1.95833e-18	0
3.15222e-17	0	1.78527e-18	0	1.2217e-17	0	9.52581e-18	0	3.89491e-18	0	1.89719e-18	0	4.8897e-18	0	3.36191e-18	0	4.37041e-18	0	4.94227e-18	0	4.07104e-17	0	6.43516e-18	0	2.051e-18	0	8.89813e-19	0	6.94679e-18	0	2.49985e-18	0	1.13419e-17	0	1.08538e-17	0	5.95118e-18	0	1.1377e-18	0	1.12257e-18	0	6.74421e-18	0	4.47199e-18	0	2.21694e-17	0	1.60798e-18	0
3.08509e-17	0	1.78527e-18	0	1.12243e-17	0	8.0874e-18	0	3.69453e-18	0	1.89719e-18	0	3.60619e-18	0	2.86397e-18	0	3.73701e-18	0	4.94227e-18	0	3.974e-17	0	5.69808e-18	0	2.051e-18	0	8.25936e-19	0	6.02795e-18	0	2.4705e-18	0	9.54734e-18	0	9.13672e-18	0	5.08916e-18	0	1.00723e-18	0	1.12257e-18	0	5.04571e-18	0	4.0119e-18	0	2.21694e-17	0	1.41251e-18	0
2.7435e-17	0	1.44919e-18	0	1.05526e-17	0	8.0874e-18	0	3.13256e-18	0	1.79764e-18	0	3.60619e-18	0	2.86397e-18	0	3.48959e-18	0	4.52297e-18	0	3.21168e-17	0	5.69808e-18	0	1.54088e-18	0	8.25936e-19	0	4.92127e-18	0	2.27895e-18	0	7.8346e-18	0	9.13672e-18	0	4.57483e-18	0	1.00723e-18	0	8.76202e-19	0	5.04571e-18	0	4.0119e-18	0	2.12088e-17	0	1.41251e-18	0
2.45763e-17	0	1.44919e-18	0	8.67094e-18	0	6.18641e-18	0	2.82136e-18	0	1.30705e-18	0	3.60619e-18	0	2.54631e-18	0	2.99498e-18	0	4.36064e-18	0	3.00876e-17	0	5.41538e-18	0	1.54088e-18	0	6.68589e-19	0	4.69719e-18	0	2.06504e-18	0	6.54078e-18	0	7.85292e-18	0	4.34589e-18	0	9.66052e-19	0	8.76202e-19	0	4.83078e-18	0	3.72765e-18	0	2.12088e-17	0	1.37579e-18	0
2.45763e-17	0	1.29164e-18	0	8.67094e-18	0	5.30799e-18	0	2.67749e-18	0	1.30705e-18	0	3.38653e-18	0	2.15797e-18	0	2.94439e-18	0	3.93858e-18	0	3.00876e-17	0	4.92792e-18	0	1.33354e-18	0	6.55893e-19	0	4.43354e-18	0	2.06504e-18	0	6.54078e-18	0	7.85292e-18	0	4.00315e-18	0	8.04628e-19	0	8.76202e-19	0	4.61437e-18	0	3.2401e-18	0	2.12088e-17	0	1.18844e-18	0
2.0394e-17	0	1.22183e-18	0	6.65329e-18	0	5.26234e-18	0	2.18966e-18	0	1.30705e-18	0	3.10366e-18	0	1.42031e-18	0	2.30422e-18	0	3.93858e-18	0	2.30527e-17	0	4.19485e-18	0	1.25344e-18	0	6.37359e-19	0	4.16505e-18	0	1.71538e-18	0	6.54078e-18	0	6.21518e-18	0	4.00315e-18	0	8.04628e-19	0	7.82389e-19	0	4.15392e-18	0	2.69629e-18	0	1.79795e-17	0	1.18844e-18	0
1.93206e-17	0	1.13231e-18	0	5.28107e-18	0	5.12984e-18	0	2.18966e-18	0	1.11116e-18	0	2.21557e-18	0	1.42031e-18	0	2.30422e-18	0	3.74423e-18	0	2.30527e-17	0	4.19485e-18	0	1.25185e-18	0	5.60367e-19	0	3.34956e-18	0	1.71538e-18	0	5.06291e-18	0	5.19414e-18	0	3.75838e-18	0	6.51952e-19	0	6.97542e-19	0	3.81079e-18	0	2.69629e-18	0	1.78957e-17	0	9.26793e-19	0
1.42882e-17	0	1.04853e-18	0	5.28107e-18	0	3.84601e-18	0	1.64549e-18	0	8.77419e-19	0	2.21557e-18	0	1.42031e-18	0	2.30422e-18	0	3.31332e-18	0	1.95511e-17	0	3.56696e-18	0	1.10792e-18	0	5.60367e-19	0	3.27655e-18	0	1.70506e-18	0	4.38979e-18	0	4.96669e-18	0	3.30409e-18	0	6.51952e-19	0	6.71689e-19	0	2.9687e-18	0	2.55113e-18	0	1.51584e-17	0	8.88453e-19	0
1.42882e-17	0	8.83627e-19	0	4.80823e-18	0	3.14837e-18	0	1.64549e-18	0	7.51912e-19	0	1.88702e-18	0	1.42031e-18	0	1.90866e-18	0	3.27405e-18	0	1.94948e-17	0	3.33906e-18	0	1.07522e-18	0	5.0359e-19	0	3.17094e-18	0	1.32767e-18	0	3.56496e-18	0	4.1921e-18	0	3.02739e-18	0	6.23809e-19	0	5.60793e-19	0	2.16389e-18	0	2.25148e-18	0	1.51584e-17	0	8.50393e-19	0
1.27655e-17	0	8.06281e-19	0	3.09708e-18	0	2.62809e-18	0	1.60815e-18	0	7.51912e-19	0	1.30209e-18	0	1.35299e-18	0	1.75125e-18	0	2.88387e-18	0	1.63624e-17	0	3.03586e-18	0	9.21058e-19	0	4.7649e-19	0	2.91912e-18	0	1.29904e-18	0	3.40566e-18	0	3.99353e-18	0	2.66932e-18	0	6.11049e-19	0	5.60793e-19	0	2.16389e-18	0	2.20758e-18	0	1.37466e-17	0	8.02847e-19	0
1.27655e-17	0	6.86433e-19	0	2.71339e-18	0	2.62809e-18	0	1.24335e-18	0	7.17153e-19	0	1.30209e-18	0	1.25539e-18	0	1.41608e-18	0	2.68884e-18	0	1.56986e-17	0	2.73652e-18	0	7.55784e-19	0	4.742e-19	0	2.46146e-18	0	1.29904e-18	0	2.58878e-18	0	3.43248e-18	0	2.66932e-18	0	5.8654e-19	0	4.58942e-19	0	2.16389e-18	0	1.89677e-18	0	1.27066e-17	0	6.80579e-19	0
1.16142e-17	0	6.44737e-19	0	2.34948e-18	0	2.52779e-18	0	1.21252e-18	0	7.17153e-19	0	1.30209e-18	0	1.09145e-18	0	1.28528e-18	0	2.67904e-18	0	1.4365e-17	0	2.57858e-18	0	7.30669e-19	0	4.19576e-19	0	2.01917e-18	0	1.29904e-18	0	2.58878e-18	0	3.43248e-18	0	1.83713e-18	0	5.09879e-19	0	4.58942e-19	0	2.0412e-18	0	1.72501e-18	0	1.24943e-17	0	6.65905e-19	0
8.51415e-18	0	6.41037e-19	0	2.34948e-18	0	2.04973e-18	0	1.21252e-18	0	5.07359e-19	0	1.30209e-18	0	1.09145e-18	0	1.2035e-18	0	2.53581e-18	0	1.32158e-17	0	2.49405e-18	0	6.39479e-19	0	4.15339e-19	0	1.9615e-18	0	1.09176e-18	0	2.58878e-18	0	3.43248e-18	0	1.83713e-18	0	4.00691e-19	0	3.79553e-19	0	1.98223e-18	0	1.59042e-18	0	1.05116e-17	0	5.09531e-19	0
8.51415e-18	0	6.05154e-19	0	2.34948e-18	0	2.04973e-18	0	1.13438e-18	0	4.88063e-19	0	1.12058e-18	0	8.64491e-19	0	1.2035e-18	0	2.1375e-18	0	1.32158e-17	0	1.78883e-18	0	6.32187e-19	0	3.65141e-19	0	1.61103e-18	0	1.04817e-18	0	2.44858e-18	0	3.40719e-18	0	1.83713e-18	0	4.00691e-19	0	3.79553e-19	0	1.75174e-18	0	1.46324e-18	0	9.13215e-18	0	4.98099e-19	0
8.51415e-18	0	5.56414e-19	0	2.34948e-18	0	1.89458e-18	0	1.0007e-18	0	4.88063e-19	0	1.07681e-18	0	8.41517e-19	0	8.99802e-19	0	1.97116e-18	0	1.0289e-17	0	1.78883e-18	0	4.51484e-19	0	3.39575e-19	0	1.61103e-18	0	8.0039e-19	0	2.12948e-18	0	2.90897e-18	0	1.6261e-18	0	3.66918e-19	0	3.79553e-19	0	1.4094e-18	0	1.08651e-18	0	8.12876e-18	0	4.12647e-19	0
8.51415e-18	0	4.74228e-19	0	2.00416e-18	0	1.65295e-18	0	8.17337e-19	0	4.57995e-19	0	8.02271e-19	0	7.45471e-19	0	8.40174e-19	0	1.76171e-18	0	1.0289e-17	0	1.54877e-18	0	4.51484e-19	0	3.01756e-19	0	1.26529e-18	0	8.0039e-19	0	1.76122e-18	0	2.82675e-18	0	1.6261e-18	0	3.21084e-19	0	3.38386e-19	0	1.4094e-18	0	1.0294e-18	0	7.61598e-18	0	3.43708e-19	0
7.45864e-18	0	4.21843e-19	0	2.00416e-18	0	1.40463e-18	0	6.60669e-19	0	4.57995e-19	0	8.02271e-19	0	6.93992e-19	0	7.87057e-19	0	1.68692e-18	0	9.45981e-18	0	1.54877e-18	0	4.51484e-19	0	2.82113e-19	0	1.1419e-18	0	7.1792e-19	0	1.52681e-18	0	2.50473e-18	0	1.56459e-18	0	3.21084e-19	0	2.88746e-19	0	1.4094e-18	0	1.0294e-18	0	7.61598e-18	0	3.18449e-19	0
7.22743e-18	0	4.06361e-19	0	1.93159e-18	0	1.11626e-18	0	6.41097e-19	0	3.21868e-19	0	6.58703e-19	0	6.93992e-19	0	7.56293e-19	0	1.36937e-18	0	9.45981e-18	0	1.25462e-18	0	4.28301e-19	0	2.64539e-19	0	1.13041e-18	0	6.79053e-19	0	1.52681e-18	0	2.29016e-18	0	1.41574e-18	0	3.12676e-19	0	2.69608e-19	0	1.17598e-18	0	7.27937e-19	0	6.75834e-18	0	2.45892e-19	0
6.74175e-18	0	3.3649e-19	0	1.82444e-18	0	1.11626e-18	0	5.94187e-19	0	3.21868e-19	0	6.58703e-19	0	6.28528e-19	0	6.90872e-19	0	1.3416e-18	0	8.71913e-18	0	1.10221e-18	0	3.9166e-19	0	2.25703e-19	0	9.35741e-19	0	6.23647e-19	0	1.49414e-18	0	1.97352e-18	0	1.41574e-18	0	2.88965e-19	0	2.69608e-19	0	8.85334e-19	0	7.27937e-19	0	6.43078e-18	0	2.44987e-19	0
6.38199e-18	0	3.3649e-19	0	1.61685e-18	0	9.77096e-19	0	5.11248e-19	0	3.21868e-19	0	6.31166e-19	0	5.02938e-19	0	6.13634e-19	0	1.12904e-18	0	7.40259e-18	0	1.10221e-18	0	3.9166e-19	0	2.05029e-19	0	7.52452e-19	0	5.60471e-19	0	1.49414e-18	0	1.97352e-18	0	1.20433e-18	0	2.71177e-19	0	2.50014e-19	0	8.85334e-19	0	5.44004e-19	0	6.2822e-18	0	2.0999e-19	0
4.79822e-18	0	3.3649e-19	0	1.34538e-18	0	9.06918e-19	0	4.53785e-19	0	2.90389e-19	0	5.66278e-19	0	5.02938e-19	0	5.11868e-19	0	1.12904e-18	0	6.35411e-18	0	9.6726e-19	0	3.51343e-19	0	1.7208e-19	0	7.52452e-19	0	5.14426e-19	0	1.02562e-18	0	1.93646e-18	0	1.15949e-18	0	2.54443e-19	0	2.20623e-19	0	8.62114e-19	0	5.22985e-19	0	5.26679e-18	0	1.47514e-19	0
4.79822e-18	0	3.3649e-19	0	1.29361e-18	0	9.06918e-19	0	4.53785e-19	0	2.30322e-19	0	5.36477e-19	0	4.88084e-19	0	5.11868e-19	0	9.62065e-19	0	6.34067e-18	0	9.49122e-19	0	2.94843e-19	0	1.45778e-19	0	7.0484e-19	0	5.01034e-19	0	1.02562e-18	0	1.7746e-18	0	9.33536e-19	0	2.54443e-19	0	2.04104e-19	0	6.86363e-19	0	5.01484e-19	0	5.26679e-18	0	1.47514e-19	0
4.54255e-18	0	3.03924e-19	0	1.13066e-18	0	9.06918e-19	0	4.25882e-19	0	1.81765e-19	0	4.82969e-19	0	4.28886e-19	0	4.49121e-19	0	7.91126e-19	0	5.94016e-18	0	8.05616e-19	0	2.94843e-19	0	1.45778e-19	0	5.16712e-19	0	4.07829e-19	0	1.02562e-18	0	1.62691e-18	0	8.90217e-19	0	2.30651e-19	0	1.95804e-19	0	6.86363e-19	0	4.08317e-19	0	4.90651e-18	0	1.39515e-19	0
3.81575e-18	0	3.03924e-19	0	1.04661e-18	0	7.42108e-19	0	3.20177e-19	0	1.81765e-19	0	3.75121e-19	0	3.95461e-19	0	4.39749e-19	0	6.78492e-19	0	5.94016e-18	0	8.05616e-19	0	2.62464e-19	0	1.19035e-19	0	5.16712e-19	0	4.07829e-19	0	1.02562e-18	0	1.53017e-18	0	7.85416e-19	0	2.13195e-19	0	1.73557e-19	0	6.86363e-19	0	3.98895e-19	0	4.28911e-18	0	1.03879e-19	0
3.43697e-18	0	2.50502e-19	0	8.84721e-19	0	7.05189e-19	0	3.20177e-19	0	1.62095e-19	0	3.72539e-19	0	3.95461e-19	0	3.4436e-19	0	5.68264e-19	0	5.93475e-18	0	6.88878e-19	0	2.13853e-19	0	1.19035e-19	0	4.50374e-19	0	4.07829e-19	0	9.8599e-19	0	1.4363e-18	0	7.60991e-19	0	2.11394e-19	0	1.43908e-19	0	6.16495e-19	0	3.26535e-19	0	4.05676e-18	0	1.03879e-19	0
3.31828e-18	0	2.42965e-19	0	8.33979e-19	0	5.90195e-19	0	2.67017e-19	0	1.38547e-19	0	3.34233e-19	0	3.57404e-19	0	3.4436e-19	0	5.68264e-19	0	5.07332e-18	0	6.4777e-19	0	1.8899e-19	0	8.10322e-20	0	4.45385e-19	0	4.07829e-19	0	8.53315e-19	0	1.37425e-18	0	6.27499e-19	0	2.01038e-19	0	1.24555e-19	0	5.48687e-19	0	2.94794e-19	0	3.8106e-18	0	1.03879e-19	0
2.96816e-18	0	2.40482e-19	0	6.66845e-19	0	4.61414e-19	0	1.99855e-19	0	1.38547e-19	0	2.69789e-19	0	2.76623e-19	0	3.4436e-19	0	5.17298e-19	0	5.07332e-18	0	6.4777e-19	0	1.79568e-19	0	8.10322e-20	0	3.98209e-19	0	3.6479e-19	0	8.53315e-19	0	1.05254e-18	0	4.71528e-19	0	1.69211e-19	0	1.24555e-19	0	4.29653e-19	0	2.94794e-19	0	3.39483e-18	0	7.98835e-20	0
2.01105e-18	0	2.16699e-19	0	6.66845e-19	0	3.92274e-19	0	1.36799e-19	0	1.07078e-19	0	2.54898e-19	0	2.76623e-19	0	3.1298e-19	0	4.35828e-19	0	4.42986e-18	0	5.2473e-19	0	1.70813e-19	0	7.12159e-20	0	3.63144e-19	0	3.6479e-19	0	7.36216e-19	0	1.05254e-18	0	4.71528e-19	0	1.60051e-19	0	1.24555e-19	0	4.29653e-19	0	2.38798e-19	0	3.39483e-18	0	7.98835e-20	0
1.79601e-18	0	1.94127e-19	0	6.06446e-19	0	3.92274e-19	0	1.36799e-19	0	1.06973e-19	0	2.27454e-19	0	2.42837e-19	0	3.1298e-19	0	4.15997e-19	0	4.13471e-18	0	4.52884e-19	0	1.59603e-19	0	6.78688e-20	0	3.63144e-19	0	3.39023e-19	0	6.22738e-19	0	9.29775e-19	0	4.58552e-19	0	1.5155e-19	0	1.19928e-19	0	3.55596e-19	0	2.38798e-19	0	2.66715e-18	0	7.98835e-20	0
1.79601e-18	0	1.64214e-19	0	5.68259e-19	0	3.84196e-19	0	1.36799e-19	0	9.067e-20	0	1.70396e-19	0	2.40749e-19	0	3.00443e-19	0	4.15997e-19	0	3.90601e-18	0	3.50344e-19	0	1.55343e-19	0	6.60988e-20	0	2.43286e-19	0	2.98267e-19	0	6.22738e-19	0	9.12304e-19	0	4.58552e-19	0	1.49991e-19	0	9.7414e-20	0	3.55596e-19	0	2.26574e-19	0	2.66129e-18	0	7.61854e-20	0
1.73995e-18	0	1.5835e-19	0	5.66114e-19	0	3.39404e-19	0	9.77722e-20	0	9.067e-20	0	1.70396e-19	0	1.93836e-19	0	2.63548e-19	0	3.86922e-19	0	3.58436e-18	0	3.50344e-19	0	1.42331e-19	0	5.55919e-20	0	2.43286e-19	0	2.78758e-19	0	5.64946e-19	0	8.13652e-19	0	4.03051e-19	0	1.40116e-19	0	9.72762e-20	0	2.87307e-19	0	1.5695e-19	0	2.52563e-18	0	7.23324e-20	0
1.27568e-18	0	1.42035e-19	0	4.11433e-19	0	2.87562e-19	0	9.77722e-20	0	7.27238e-20	0	1.70396e-19	0	1.62993e-19	0	2.27274e-19	0	3.68285e-19	0	3.32952e-18	0	3.40289e-19	0	1.3895e-19	0	5.14432e-20	0	2.43286e-19	0	2.78758e-19	0	4.85371e-19	0	8.13652e-19	0	2.94012e-19	0	1.30805e-19	0	8.83447e-20	0	2.47588e-19	0	1.5695e-19	0	2.34689e-18	0	6.04839e-20	0
1.10434e-18	0	1.29957e-19	0	3.70192e-19	0	2.33955e-19	0	9.69376e-20	0	7.27238e-20	0	1.14079e-19	0	1.62993e-19	0	2.27274e-19	0	2.78588e-19	0	2.87168e-18	0	3.21146e-19	0	1.05672e-19	0	4.14523e-20	0	2.43286e-19	0	2.47153e-19	0	4.74211e-19	0	8.04662e-19	0	2.48799e-19	0	1.11432e-19	0	6.97641e-20	0	2.47588e-19	0	1.5695e-19	0	2.26919e-18	0	6.04839e-20	0
1.10434e-18	0	1.23649e-19	0	3.1684e-19	0	2.33955e-19	0	9.56151e-20	0	6.82208e-20	0	1.14079e-19	0	1.37533e-19	0	2.10257e-19	0	2.78588e-19	0	2.75866e-18	0	2.79368e-19	0	9.82577e-20	0	4.14523e-20	0	2.11522e-19	0	2.29804e-19	0	4.70144e-19	0	7.17852e-19	0	2.48799e-19	0	1.11432e-19	0	6.95279e-20	0	2.1265e-19	0	1.5193e-19	0	2.01993e-18	0	5.09065e-20	0
1.07294e-18	0	1.07998e-19	0	3.1684e-19	0	2.33955e-19	0	8.51869e-20	0	6.82208e-20	0	1.14079e-19	0	1.09831e-19	0	1.56077e-19	0	2.62785e-19	0	2.69135e-18	0	2.79368e-19	0	9.82577e-20	0	3.30369e-20	0	2.01881e-19	0	2.05987e-19	0	4.08899e-19	0	6.36674e-19	0	1.53487e-19	0	1.07698e-19	0	6.51632e-20	0	2.00204e-19	0	1.06384e-19	0	1.89582e-18	0	4.88635e-20	0
8.11878e-19	0	1.07238e-19	0	3.01742e-19	0	2.33955e-19	0	8.51869e-20	0	6.1704e-20	0	1.12388e-19	0	9.7466e-20	0	1.33311e-19	0	2.53012e-19	0	2.35791e-18	0	2.13307e-19	0	9.82577e-20	0	3.30369e-20	0	1.92464e-19	0	2.05987e-19	0	3.83805e-19	0	6.36674e-19	0	1.53487e-19	0	9.8553e-20	0	5.66581e-20	0	1.9257e-19	0	8.94669e-20	0	1.75717e-18	0	4.88635e-20	0
7.0899e-19	0	7.7168e-20	0	3.01742e-19	0	2.33955e-19	0	4.72877e-20	0	5.6535e-20	0	1.08662e-19	0	7.79732e-20	0	1.30377e-19	0	2.22179e-19	0	2.11564e-18	0	1.62836e-19	0	9.66909e-20	0	2.79789e-20	0	1.92464e-19	0	1.80662e-19	0	3.07423e-19	0	5.60059e-19	0	1.53487e-19	0	9.20027e-20	0	5.66581e-20	0	1.92554e-19	0	8.8528e-20	0	1.50972e-18	0	3.79061e-20	0
7.0899e-19	0	7.7168e-20	0	2.4999e-19	0	2.06737e-19	0	4.72877e-20	0	5.48754e-20	0	1.02195e-19	0	5.70846e-20	0	8.65056e-20	0	1.98029e-19	0	1.59362e-18	0	1.62836e-19	0	7.89046e-20	0	2.79789e-20	0	1.65434e-19	0	1.80662e-19	0	2.9157e-19	0	5.29234e-19	0	1.53487e-19	0	8.03241e-20	0	4.44724e-20	0	1.62318e-19	0	8.8528e-20	0	1.18559e-18	0	3.10647e-20	0
6.42867e-19	0	7.70908e-20	0	1.9386e-19	0	1.89227e-19	0	4.72877e-20	0	5.05776e-20	0	8.25078e-20	0	5.70846e-20	0	8.10341e-20	0	1.98029e-19	0	1.59362e-18	0	1.62836e-19	0	7.45744e-20	0	2.5532e-20	0	1.46668e-19	0	1.80662e-19	0	2.83411e-19	0	4.76306e-19	0	1.17368e-19	0	8.03241e-20	0	4.11674e-20	0	1.36541e-19	0	8.8528e-20	0	1.18559e-18	0	3.10647e-20	0
5.72769e-19	0	6.97257e-20	0	1.9386e-19	0	1.47889e-19	0	4.51459e-20	0	4.8567e-20	0	7.70861e-20	0	5.31297e-20	0	6.13428e-20	0	1.66748e-19	0	1.27578e-18	0	1.16462e-19	0	7.45744e-20	0	2.5532e-20	0	1.18629e-19	0	1.61475e-19	0	2.77115e-19	0	4.64811e-19	0	8.7324e-20	0	7.44373e-20	0	3.41728e-20	0	1.27253e-19	0	7.28919e-20	0	1.073e-18	0	3.10647e-20	0
5.02385e-19	0	6.48194e-20	0	1.9386e-19	0	1.34747e-19	0	4.51459e-20	0	4.52932e-20	0	7.07663e-20	0	4.85291e-20	0	6.13428e-20	0	1.58031e-19	0	1.27578e-18	0	1.16462e-19	0	6.77979e-20	0	1.86494e-20	0	1.18629e-19	0	1.35573e-19	0	2.0642e-19	0	4.42549e-19	0	8.55038e-20	0	6.99808e-20	0	2.64158e-20	0	1.15848e-19	0	6.52232e-20	0	8.60174e-19	0	2.83291e-20	0
4.80965e-19	0	6.48194e-20	0	1.42809e-19	0	1.29116e-19	0	4.51459e-20	0	4.15664e-20	0	6.46284e-20	0	4.80201e-20	0	5.90902e-20	0	1.53009e-19	0	1.26984e-18	0	1.16462e-19	0	6.36965e-20	0	1.27984e-20	0	1.08625e-19	0	1.2466e-19	0	2.0642e-19	0	4.02531e-19	0	5.88679e-20	0	6.68793e-20	0	2.64158e-20	0	1.15848e-19	0	6.3333e-20	0	8.60174e-19	0	2.72528e-20	0
4.04629e-19	0	5.65704e-20	0	1.42809e-19	0	1.09407e-19	0	4.20604e-20	0	3.88763e-20	0	4.82364e-20	0	4.37206e-20	0	5.90902e-20	0	1.46235e-19	0	1.20231e-18	0	1.16462e-19	0	6.36965e-20	0	1.27984e-20	0	1.08625e-19	0	1.19927e-19	0	2.0642e-19	0	3.62273e-19	0	5.88679e-20	0	5.71807e-20	0	2.40489e-20	0	1.09408e-19	0	5.8902e-20	0	8.37444e-19	0	2.33565e-20	0
4.04629e-19	0	5.32451e-20	0	1.40246e-19	0	1.09407e-19	0	4.20604e-20	0	3.47706e-20	0	4.82364e-20	0	4.37206e-20	0	3.80704e-20	0	1.20659e-19	0	1.20231e-18	0	1.02957e-19	0	5.65158e-20	0	1.27984e-20	0	7.45e-20	0	1.1471e-19	0	1.95251e-19	0	3.5192e-19	0	5.88679e-20	0	5.54583e-20	0	2.40489e-20	0	1.07763e-19	0	4.9091e-20	0	8.01486e-19	0	1.9852e-20	0
4.04629e-19	0	5.32451e-20	0	1.06114e-19	0	1.09407e-19	0	2.82803e-20	0	3.47706e-20	0	4.6871e-20	0	3.43182e-20	0	3.11375e-20	0	9.50201e-20	0	1.0345e-18	0	8.92744e-20	0	5.28262e-20	0	1.27984e-20	0	6.77189e-20	0	1.0186e-19	0	1.62316e-19	0	3.42024e-19	0	5.83938e-20	0	5.54583e-20	0	2.0734e-20	0	8.76787e-20	0	4.67485e-20	0	6.14813e-19	0	1.87128e-20	0
3.84786e-19	0	4.88107e-20	0	1.00978e-19	0	8.92567e-20	0	2.38621e-20	0	3.35326e-20	0	4.2195e-20	0	3.19241e-20	0	3.11375e-20	0	7.44348e-20	0	9.1871e-19	0	7.67211e-20	0	5.14746e-20	0	1.15801e-20	0	5.79698e-20	0	1.0186e-19	0	1.51763e-19	0	3.11668e-19	0	5.17925e-20	0	4.73339e-20	0	2.0734e-20	0	8.66382e-20	0	3.86555e-20	0	6.14813e-19	0	1.67752e-20	0
3.32166e-19	0	4.48574e-20	0	9.79408e-20	0	8.68071e-20	0	1.77361e-20	0	3.08264e-20	0	3.30668e-20	0	2.19319e-20	0	3.11375e-20	0	7.16901e-20	0	9.02715e-19	0	7.2765e-20	0	3.40381e-20	0	1.15801e-20	0	5.73462e-20	0	9.41942e-20	0	1.35707e-19	0	2.92178e-19	0	4.25782e-20	0	4.26745e-20	0	1.85489e-20	0	7.47629e-20	0	3.52086e-20	0	5.96273e-19	0	1.29844e-20	0
3.30796e-19	0	4.42866e-20	0	8.60143e-20	0	6.98654e-20	0	1.77361e-20	0	2.98023e-20	0	3.30668e-20	0	2.09775e-20	0	3.09673e-20	0	7.16901e-20	0	7.83575e-19	0	6.673e-20	0	3.26068e-20	0	1.01147e-20	0	4.9083e-20	0	9.13243e-20	0	1.32276e-19	0	2.55013e-19	0	3.81389e-20	0	4.1057e-20	0	1.53789e-20	0	7.47629e-20	0	3.52086e-20	0	5.35686e-19	0	1.235e-20	0
2.51158e-19	0	3.95066e-20	0	5.9372e-20	0	6.98654e-20	0	1.77361e-20	0	2.78935e-20	0	3.24699e-20	0	1.78009e-20	0	3.09673e-20	0	6.56615e-20	0	7.65895e-19	0	5.29801e-20	0	2.91823e-20	0	7.9738e-21	0	4.63216e-20	0	7.28496e-20	0	1.20746e-19	0	2.29096e-19	0	3.81389e-20	0	3.73396e-20	0	1.21177e-20	0	7.07513e-20	0	3.03377e-20	0	5.0696e-19	0	1.235e-20	0
2.51158e-19	0	3.93092e-20	0	5.9372e-20	0	6.50494e-20	0	1.77361e-20	0	2.72771e-20	0	3.00791e-20	0	1.78009e-20	0	2.80441e-20	0	6.08679e-20	0	6.35847e-19	0	4.46135e-20	0	2.76865e-20	0	7.9738e-21	0	3.94046e-20	0	7.28496e-20	0	1.07525e-19	0	2.29096e-19	0	3.00973e-20	0	3.55041e-20	0	9.49399e-21	0	6.25562e-20	0	2.61849e-20	0	4.58855e-19	0	9.81636e-21	0
2.05554e-19	0	3.87139e-20	0	5.73654e-20	0	6.18005e-20	0	1.77361e-20	0	2.45171e-20	0	2.75229e-20	0	1.50643e-20	0	2.7189e-20	0	5.05079e-20	0	5.43843e-19	0	4.46135e-20	0	2.64671e-20	0	5.39429e-21	0	3.52049e-20	0	5.65485e-20	0	7.94595e-20	0	2.23958e-19	0	3.00973e-20	0	3.13575e-20	0	9.49399e-21	0	5.06614e-20	0	2.08935e-20	0	3.9213e-19	0	9.12072e-21	0
1.79672e-19	0	3.38477e-20	0	5.52397e-20	0	6.00317e-20	0	1.58596e-20	0	2.33751e-20	0	2.68172e-20	0	1.50643e-20	0	2.36746e-20	0	5.05079e-20	0	5.2724e-19	0	3.51967e-20	0	2.51301e-20	0	5.39429e-21	0	3.00573e-20	0	4.64361e-20	0	7.94595e-20	0	1.67859e-19	0	2.92735e-20	0	3.03824e-20	0	9.49399e-21	0	4.26151e-20	0	2.08935e-20	0	3.45402e-19	0	8.68158e-21	0
1.79672e-19	0	3.38477e-20	0	5.06091e-20	0	4.72516e-20	0	1.58596e-20	0	1.9954e-20	0	2.53846e-20	0	1.38869e-20	0	2.00918e-20	0	4.37149e-20	0	4.90619e-19	0	3.51967e-20	0	2.19364e-20	0	4.7104e-21	0	2.8465e-20	0	4.25455e-20	0	6.40305e-20	0	1.63606e-19	0	2.45745e-20	0	2.73653e-20	0	7.01892e-21	0	3.39017e-20	0	2.08935e-20	0	2.95755e-19	0	8.68158e-21	0
1.54451e-19	0	3.24474e-20	0	4.51801e-20	0	4.72516e-20	0	1.5626e-20	0	1.73329e-20	0	2.50195e-20	0	1.19621e-20	0	2.00918e-20	0	4.37149e-20	0	4.55394e-19	0	3.13948e-20	0	2.19364e-20	0	4.42204e-21	0	1.95791e-20	0	4.14144e-20	0	6.40305e-20	0	1.39913e-19	0	2.29176e-20	0	2.4447e-20	0	7.01892e-21	0	3.2769e-20	0	2.08935e-20	0	2.60878e-19	0	7.07994e-21	0
1.45628e-19	0	2.92918e-20	0	4.0404e-20	0	3.90928e-20	0	1.13125e-20	0	1.57934e-20	0	1.91173e-20	0	1.10071e-20	0	1.60895e-20	0	3.51608e-20	0	4.19604e-19	0	2.14345e-20	0	1.90459e-20	0	4.42204e-21	0	1.95791e-20	0	3.72166e-20	0	5.90351e-20	0	1.03708e-19	0	1.88069e-20	0	2.24292e-20	0	6.3923e-21	0	2.72836e-20	0	1.91049e-20	0	2.16302e-19	0	5.52169e-21	0
1.34851e-19	0	2.92918e-20	0	4.0404e-20	0	3.90928e-20	0	1.13125e-20	0	1.57934e-20	0	1.76594e-20	0	9.92622e-21	0	1.43421e-20	0	3.02409e-20	0	4.04734e-19	0	2.14345e-20	0	1.60262e-20	0	4.42204e-21	0	1.95791e-20	0	3.29762e-20	0	5.7896e-20	0	1.02256e-19	0	1.72194e-20	0	1.92125e-20	0	6.3923e-21	0	2.67165e-20	0	1.67114e-20	0	1.98546e-19	0	5.52169e-21	0
1.20924e-19	0	2.82643e-20	0	3.42667e-20	0	3.72697e-20	0	1.13125e-20	0	1.4356e-20	0	1.56865e-20	0	9.48232e-21	0	1.43421e-20	0	2.61891e-20	0	3.72429e-19	0	1.81367e-20	0	1.60262e-20	0	4.10726e-21	0	1.95791e-20	0	2.19935e-20	0	5.08878e-20	0	7.42467e-20	0	1.66864e-20	0	1.72029e-20	0	5.26911e-21	0	2.31819e-20	0	1.38656e-20	0	1.94379e-19	0	4.36652e-21	0
1.20924e-19	0	2.4068e-20	0	2.95095e-20	0	3.25312e-20	0	1.07766e-20	0	1.38349e-20	0	1.51677e-20	0	6.85237e-21	0	1.38988e-20	0	2.32857e-20	0	3.38885e-19	0	1.758e-20	0	1.55388e-20	0	3.75197e-21	0	1.70849e-20	0	2.19935e-20	0	4.24671e-20	0	7.28958e-20	0	1.1103e-20	0	1.07106e-20	0	4.63499e-21	0	2.07368e-20	0	1.38656e-20	0	1.39033e-19	0	4.36652e-21	0
1.16687e-19	0	2.36226e-20	0	2.7845e-20	0	2.48661e-20	0	9.25903e-21	0	1.09187e-20	0	1.35518e-20	0	6.85237e-21	0	1.22411e-20	0	2.22558e-20	0	3.38885e-19	0	1.758e-20	0	1.35955e-20	0	3.47332e-21	0	1.40542e-20	0	2.19935e-20	0	4.24671e-20	0	7.28958e-20	0	1.1103e-20	0	1.07106e-20	0	4.63499e-21	0	1.95207e-20	0	1.28174e-20	0	1.39033e-19	0	4.36652e-21	0
1.03082e-19	0	2.2896e-20	0	2.61571e-20	0	2.48661e-20	0	9.25903e-21	0	1.09187e-20	0	9.6861e-21	0	6.85237e-21	0	1.15268e-20	0	2.0181e-20	0	3.23357e-19	0	1.30615e-20	0	1.35943e-20	0	3.28886e-21	0	1.18129e-20	0	1.81979e-20	0	3.90883e-20	0	6.98599e-20	0	1.1103e-20	0	1.03892e-20	0	3.8156e-21	0	1.509e-20	0	1.17118e-20	0	1.33245e-19	0	3.79967e-21	0
9.60304e-20	0	2.05729e-20	0	1.71658e-20	0	2.39076e-20	0	8.73616e-21	0	9.71264e-21	0	9.5298e-21	0	5.06244e-21	0	1.01133e-20	0	1.44943e-20	0	3.0215e-19	0	1.30615e-20	0	1.02536e-20	0	3.28886e-21	0	1.15935e-20	0	1.77656e-20	0	3.49587e-20	0	6.79851e-20	0	8.21166e-21	0	9.88361e-21	0	3.8156e-21	0	1.20685e-20	0	1.06677e-20	0	1.33245e-19	0	3.67933e-21	0
7.76392e-20	0	1.93861e-20	0	1.71658e-20	0	1.98937e-20	0	8.12296e-21	0	9.42336e-21	0	9.5298e-21	0	5.06244e-21	0	9.08804e-21	0	1.42436e-20	0	2.59052e-19	0	1.30615e-20	0	9.82092e-21	0	2.94954e-21	0	9.11306e-21	0	1.31972e-20	0	3.05987e-20	0	6.35838e-20	0	8.21166e-21	0	7.23372e-21	0	3.06835e-21	0	1.20685e-20	0	1.00858e-20	0	1.12178e-19	0	3.65316e-21	0
6.56134e-20	0	1.84412e-20	0	1.71658e-20	0	1.92644e-20	0	7.87939e-21	0	8.54643e-21	0	7.61741e-21	0	4.84198e-21	0	8.14887e-21	0	1.42436e-20	0	2.59052e-19	0	1.30615e-20	0	9.82092e-21	0	2.87067e-21	0	9.11306e-21	0	1.31972e-20	0	3.05987e-20	0	4.84256e-20	0	6.8408e-21	0	6.48347e-21	0	3.06835e-21	0	1.14741e-20	0	8.40803e-21	0	9.76082e-20	0	3.23462e-21	0
6.56134e-20	0	1.62643e-20	0	1.68843e-20	0	1.85419e-20	0	7.23773e-21	0	8.54643e-21	0	7.15653e-21	0	4.84198e-21	0	6.70245e-21	0	1.12939e-20	0	2.56323e-19	0	1.24652e-20	0	8.27826e-21	0	2.87067e-21	0	9.11306e-21	0	1.14326e-20	0	2.81038e-20	0	4.56171e-20	0	6.8408e-21	0	4.72116e-21	0	2.65396e-21	0	1.14741e-20	0	8.40803e-21	0	9.76082e-20	0	2.73537e-21	0
6.22297e-20	0	1.42831e-20	0	1.3731e-20	0	1.74445e-20	0	6.03754e-21	0	8.34121e-21	0	7.06107e-21	0	3.8574e-21	0	6.70245e-21	0	1.12939e-20	0	2.03947e-19	0	9.66163e-21	0	7.56121e-21	0	2.58583e-21	0	9.11306e-21	0	8.97911e-21	0	2.404e-20	0	4.48815e-20	0	6.8408e-21	0	4.72116e-21	0	2.65396e-21	0	1.10595e-20	0	7.80718e-21	0	9.03835e-20	0	2.32348e-21	0
6.22297e-20	0	1.25343e-20	0	1.34137e-20	0	1.71132e-20	0	4.89122e-21	0	7.20021e-21	0	6.27175e-21	0	3.11899e-21	0	6.43263e-21	0	1.04682e-20	0	2.03947e-19	0	9.66163e-21	0	5.61031e-21	0	2.13943e-21	0	7.74261e-21	0	8.97911e-21	0	2.14831e-20	0	3.8061e-20	0	5.69675e-21	0	4.59062e-21	0	2.65396e-21	0	1.02896e-20	0	7.80718e-21	0	9.03835e-20	0	2.32348e-21	0
6.05648e-20	0	1.11104e-20	0	1.34137e-20	0	1.20421e-20	0	4.89122e-21	0	6.03545e-21	0	5.51208e-21	0	2.56456e-21	0	5.18538e-21	0	1.04682e-20	0	1.80563e-19	0	7.71014e-21	0	4.63539e-21	0	2.13943e-21	0	7.69369e-21	0	7.61809e-21	0	2.14831e-20	0	2.90326e-20	0	5.18202e-21	0	3.51357e-21	0	2.31552e-21	0	9.57226e-21	0	7.38574e-21	0	8.82824e-20	0	2.06685e-21	0
4.93161e-20	0	7.82624e-21	0	1.25361e-20	0	1.20421e-20	0	4.89122e-21	0	6.02519e-21	0	5.51208e-21	0	2.52145e-21	0	4.8327e-21	0	9.32916e-21	0	1.65719e-19	0	7.71014e-21	0	4.63539e-21	0	2.08066e-21	0	6.352e-21	0	7.61809e-21	0	1.64073e-20	0	2.23523e-20	0	5.18202e-21	0	3.43758e-21	0	2.04825e-21	0	8.18155e-21	0	6.53677e-21	0	7.08021e-20	0	2.0257e-21	0
4.60081e-20	0	7.79747e-21	0	1.04924e-20	0	1.20421e-20	0	4.50795e-21	0	5.33079e-21	0	4.63962e-21	0	2.23737e-21	0	4.78474e-21	0	8.55635e-21	0	1.49546e-19	0	6.86828e-21	0	4.30923e-21	0	1.67691e-21	0	5.84231e-21	0	7.48301e-21	0	1.64073e-20	0	2.16313e-20	0	5.18202e-21	0	2.85611e-21	0	1.82919e-21	0	8.18155e-21	0	6.53677e-21	0	6.73855e-20	0	1.67507e-21	0
4.05356e-20	0	6.74284e-21	0	1.04924e-20	0	1.20421e-20	0	4.43293e-21	0	5.26537e-21	0	3.72555e-21	0	1.95186e-21	0	4.34114e-21	0	8.21821e-21	0	1.43795e-19	0	6.33771e-21	0	3.68195e-21	0	1.67691e-21	0	5.03982e-21	0	6.57134e-21	0	1.62375e-20	0	2.16313e-20	0	4.00962e-21	0	2.85611e-21	0	1.45476e-21	0	7.96049e-21	0	5.54417e-21	0	6.73855e-20	0	1.60949e-21	0
4.05356e-20	0	6.35476e-21	0	8.05678e-21	0	1.20421e-20	0	3.91966e-21	0	5.01169e-21	0	3.72555e-21	0	1.95186e-21	0	3.54092e-21	0	6.91288e-21	0	1.3062e-19	0	5.94514e-21	0	3.13151e-21	0	1.57771e-21	0	5.03982e-21	0	6.0921e-21	0	1.36123e-20	0	1.75868e-20	0	3.85529e-21	0	2.37198e-21	0	1.42229e-21	0	7.68148e-21	0	5.19461e-21	0	6.73855e-20	0	1.39837e-21	0
3.47064e-20	0	5.74376e-21	0	6.92643e-21	0	1.01177e-20	0	3.91966e-21	0	4.39378e-21	0	3.6217e-21	0	1.92893e-21	0	3.54092e-21	0	6.6114e-21	0	1.19134e-19	0	5.94514e-21	0	2.92618e-21	0	1.31507e-21	0	4.23784e-21	0	5.83548e-21	0	1.03053e-20	0	1.67002e-20	0	3.57181e-21	0	2.22623e-21	0	1.04596e-21	0	6.82848e-21	0	4.89594e-21	0	6.71346e-20	0	1.30879e-21	0
3.47064e-20	0	4.70581e-21	0	6.92643e-21	0	7.9928e-21	0	3.41355e-21	0	3.60361e-21	0	2.59301e-21	0	1.70587e-21	0	3.25016e-21	0	5.63269e-21	0	1.14777e-19	0	5.22206e-21	0	2.72579e-21	0	1.31507e-21	0	4.04287e-21	0	5.6125e-21	0	9.15703e-21	0	1.2014e-20	0	3.49237e-21	0	1.96943e-21	0	1.04596e-21	0	6.57689e-21	0	4.65454e-21	0	5.52755e-20	0	1.30879e-21	0
3.47064e-20	0	4.33651e-21	0	6.8834e-21	0	7.9928e-21	0	3.41355e-21	0	3.34878e-21	0	2.56997e-21	0	1.37102e-21	0	2.85289e-21	0	5.38811e-21	0	1.05357e-19	0	3.46159e-21	0	2.69183e-21	0	1.26964e-21	0	3.08139e-21	0	4.69473e-21	0	8.09547e-21	0	1.18045e-20	0	3.01189e-21	0	1.95601e-21	0	9.28312e-22	0	6.00343e-21	0	4.19266e-21	0	4.755e-20	0	1.15278e-21	0
2.85645e-20	0	3.28594e-21	0	6.84051e-21	0	7.63961e-21	0	2.96482e-21	0	3.34878e-21	0	2.56997e-21	0	1.11953e-21	0	2.5452e-21	0	5.38811e-21	0	1.05357e-19	0	3.46159e-21	0	2.6218e-21	0	1.26964e-21	0	3.08139e-21	0	4.68369e-21	0	7.4656e-21	0	1.09735e-20	0	2.54525e-21	0	1.0519e-21	0	8.04318e-22	0	5.67453e-21	0	2.96896e-21	0	4.41149e-20	0	1.15278e-21	0
2.85645e-20	0	3.28594e-21	0	6.04991e-21	0	6.42673e-21	0	2.7902e-21	0	2.97642e-21	0	2.32278e-21	0	1.10884e-21	0	2.53214e-21	0	5.38811e-21	0	8.7335e-20	0	3.46159e-21	0	2.35382e-21	0	1.13574e-21	0	3.01315e-21	0	4.626e-21	0	6.57277e-21	0	1.06058e-20	0	2.54525e-21	0	1.0519e-21	0	8.04318e-22	0	5.41016e-21	0	2.96896e-21	0	4.12322e-20	0	9.31829e-22	0
2.71489e-20	0	2.48408e-21	0	5.8998e-21	0	5.83416e-21	0	2.30077e-21	0	2.7013e-21	0	2.2474e-21	0	9.39145e-22	0	2.32679e-21	0	5.00328e-21	0	8.7335e-20	0	3.04693e-21	0	1.87077e-21	0	1.03729e-21	0	2.99819e-21	0	3.7633e-21	0	5.8712e-21	0	8.76816e-21	0	2.21948e-21	0	1.0519e-21	0	7.79355e-22	0	5.04974e-21	0	2.77304e-21	0	3.43814e-20	0	8.66987e-22	0
2.5751e-20	0	2.3529e-21	0	5.0311e-21	0	5.64705e-21	0	2.30077e-21	0	2.56002e-21	0	2.06762e-21	0	7.68986e-22	0	2.04542e-21	0	4.63548e-21	0	8.61064e-20	0	3.04693e-21	0	1.82905e-21	0	9.89564e-22	0	2.67179e-21	0	3.4501e-21	0	4.34662e-21	0	7.99834e-21	0	2.21948e-21	0	1.02606e-21	0	6.63848e-22	0	4.41171e-21	0	2.48464e-21	0	3.43814e-20	0	8.66987e-22	0
2.38969e-20	0	1.91603e-21	0	4.27572e-21	0	4.68054e-21	0	2.05197e-21	0	2.25091e-21	0	2.0608e-21	0	7.68986e-22	0	1.69907e-21	0	4.40939e-21	0	7.60917e-20	0	2.89512e-21	0	1.63631e-21	0	9.73653e-22	0	2.67179e-21	0	3.10702e-21	0	4.34662e-21	0	7.70281e-21	0	2.10362e-21	0	7.2021e-22	0	5.57014e-22	0	3.67989e-21	0	2.1388e-21	0	2.6743e-20	0	7.93154e-22	0
2.38969e-20	0	1.67663e-21	0	4.27572e-21	0	4.55705e-21	0	1.92283e-21	0	2.11076e-21	0	1.58792e-21	0	6.7533e-22	0	1.64378e-21	0	4.06587e-21	0	6.95649e-20	0	2.52233e-21	0	1.53534e-21	0	9.06163e-22	0	2.35825e-21	0	2.96322e-21	0	3.0839e-21	0	7.59336e-21	0	2.08248e-21	0	7.2021e-22	0	5.18116e-22	0	3.23837e-21	0	2.12211e-21	0	2.6743e-20	0	7.6489e-22	0
2.00438e-20	0	1.67663e-21	0	4.24579e-21	0	4.0313e-21	0	1.78548e-21	0	1.8384e-21	0	1.3955e-21	0	5.78049e-22	0	1.49715e-21	0	3.64759e-21	0	6.26115e-20	0	2.52233e-21	0	1.25375e-21	0	7.82741e-22	0	2.25281e-21	0	2.51658e-21	0	3.0839e-21	0	6.60636e-21	0	1.81677e-21	0	5.2071e-22	0	4.28947e-22	0	2.87483e-21	0	1.80648e-21	0	2.59025e-20	0	5.5862e-22	0
1.86884e-20	0	1.54621e-21	0	3.80265e-21	0	3.38189e-21	0	1.70505e-21	0	1.72712e-21	0	1.27244e-21	0	5.57061e-22	0	1.28098e-21	0	3.40438e-21	0	6.22919e-20	0	2.27876e-21	0	1.19652e-21	0	7.69111e-22	0	1.91493e-21	0	2.04314e-21	0	3.07517e-21	0	4.98431e-21	0	1.51174e-21	0	5.2071e-22	0	3.67295e-22	0	2.86016e-21	0	1.51287e-21	0	2.33804e-20	0	5.5862e-22	0
1.79119e-20	0	1.16942e-21	0	3.5553e-21	0	3.0714e-21	0	1.4169e-21	0	1.47074e-21	0	1.21953e-21	0	4.78344e-22	0	1.28098e-21	0	2.72503e-21	0	6.22919e-20	0	2.06504e-21	0	1.19652e-21	0	7.36659e-22	0	1.85106e-21	0	1.71156e-21	0	3.07517e-21	0	4.98431e-21	0	1.46221e-21	0	5.03162e-22	0	3.41349e-22	0	2.53758e-21	0	1.51287e-21	0	2.07725e-20	0	5.5862e-22	0
1.79119e-20	0	1.16942e-21	0	3.37352e-21	0	3.0714e-21	0	1.29268e-21	0	1.47074e-21	0	1.01546e-21	0	4.78344e-22	0	1.20649e-21	0	2.52514e-21	0	5.46457e-20	0	1.74789e-21	0	1.06439e-21	0	6.52842e-22	0	1.6063e-21	0	1.71156e-21	0	3.07517e-21	0	4.98431e-21	0	1.45896e-21	0	5.03162e-22	0	3.37401e-22	0	2.2956e-21	0	1.44137e-21	0	1.50773e-20	0	4.2281e-22	0
1.77586e-20	0	1.09472e-21	0	3.1148e-21	0	2.65606e-21	0	1.14358e-21	0	1.47074e-21	0	9.81548e-22	0	4.52227e-22	0	1.1448e-21	0	2.2843e-21	0	5.10239e-20	0	1.71828e-21	0	8.79506e-22	0	5.77117e-22	0	1.6063e-21	0	1.71156e-21	0	2.76591e-21	0	4.98431e-21	0	1.24743e-21	0	4.97994e-22	0	2.66765e-22	0	2.02427e-21	0	1.19394e-21	0	1.50773e-20	0	4.16232e-22	0
1.48145e-20	0	1.09472e-21	0	2.77698e-21	0	2.51274e-21	0	1.01821e-21	0	1.17863e-21	0	8.71877e-22	0	3.85786e-22	0	1.09939e-21	0	2.08999e-21	0	5.04959e-20	0	1.68353e-21	0	8.13513e-22	0	5.59727e-22	0	1.54721e-21	0	1.41198e-21	0	2.17395e-21	0	4.83558e-21	0	1.16223e-21	0	4.49604e-22	0	2.66765e-22	0	1.90267e-21	0	1.18182e-21	0	1.40932e-20	0	3.36402e-22	0
1.4016e-20	0	9.38848e-22	0	2.46368e-21	0	2.46978e-21	0	9.21399e-22	0	1.06782e-21	0	8.40319e-22	0	3.4727e-22	0	9.70875e-22	0	1.88822e-21	0	4.72785e-20	0	1.50927e-21	0	6.99528e-22	0	5.59727e-22	0	1.44389e-21	0	1.41198e-21	0	2.13715e-21	0	2.89345e-21	0	1.10962e-21	0	3.77039e-22	0	2.44586e-22	0	1.62099e-21	0	8.14273e-22	0	1.40932e-20	0	3.36402e-22	0
1.19734e-20	0	9.38848e-22	0	2.20166e-21	0	1.95533e-21	0	8.0171e-22	0	1.06782e-21	0	5.99619e-22	0	3.3125e-22	0	7.90453e-22	0	1.54797e-21	0	4.51142e-20	0	1.27595e-21	0	6.99448e-22	0	4.73307e-22	0	1.2077e-21	0	1.35768e-21	0	1.57088e-21	0	2.89345e-21	0	1.03937e-21	0	3.69127e-22	0	2.36553e-22	0	1.23146e-21	0	8.14273e-22	0	1.23193e-20	0	2.55466e-22	0
9.22165e-21	0	8.56129e-22	0	2.07907e-21	0	1.81056e-21	0	7.94537e-22	0	9.68789e-22	0	5.99619e-22	0	3.25073e-22	0	7.89106e-22	0	1.54797e-21	0	4.08828e-20	0	1.16637e-21	0	6.48319e-22	0	4.50805e-22	0	1.18839e-21	0	1.15404e-21	0	1.26879e-21	0	2.89345e-21	0	1.0054e-21	0	2.54745e-22	0	1.83587e-22	0	1.23146e-21	0	8.14273e-22	0	8.64131e-21	0	2.14863e-22	0
9.22165e-21	0	8.56129e-22	0	1.69286e-21	0	1.80138e-21	0	7.44996e-22	0	7.74865e-22	0	5.88182e-22	0	2.99746e-22	0	6.75891e-22	0	1.54797e-21	0	3.78982e-20	0	9.45106e-22	0	4.80901e-22	0	3.87353e-22	0	1.06005e-21	0	1.0771e-21	0	1.19552e-21	0	2.84805e-21	0	9.28756e-22	0	2.31068e-22	0	1.65124e-22	0	1.15118e-21	0	6.93529e-22	0	8.55417e-21	0	2.14863e-22	0
7.74446e-21	0	8.56129e-22	0	1.17364e-21	0	1.65841e-21	0	6.00857e-22	0	6.66782e-22	0	4.87252e-22	0	2.39954e-22	0	6.25333e-22	0	1.1946e-21	0	3.03962e-20	0	8.35244e-22	0	4.80901e-22	0	2.89117e-22	0	9.70132e-22	0	1.0771e-21	0	9.30862e-22	0	2.42328e-21	0	9.04097e-22	0	2.31068e-22	0	1.47246e-22	0	1.15118e-21	0	5.63648e-22	0	7.17924e-21	0	2.14863e-22	0
7.62796e-21	0	7.40731e-22	0	1.17364e-21	0	1.55494e-21	0	6.00857e-22	0	5.74071e-22	0	4.87252e-22	0	1.9004e-22	0	6.25333e-22	0	1.1946e-21	0	2.57881e-20	0	8.35244e-22	0	4.80901e-22	0	2.89117e-22	0	9.08623e-22	0	7.59786e-22	0	9.30862e-22	0	2.05392e-21	0	8.26981e-22	0	1.67349e-22	0	1.42319e-22	0	9.9712e-22	0	5.63648e-22	0	7.17924e-21	0	2.01087e-22	0
5.96105e-21	0	6.68877e-22	0	1.16192e-21	0	1.55494e-21	0	5.95081e-22	0	5.36676e-22	0	3.96537e-22	0	1.57645e-22	0	5.68732e-22	0	9.64873e-22	0	2.33779e-20	0	7.85733e-22	0	4.5072e-22	0	2.81367e-22	0	8.25837e-22	0	7.59786e-22	0	9.30862e-22	0	1.72486e-21	0	7.38123e-22	0	1.67349e-22	0	1.19841e-22	0	9.9712e-22	0	5.63648e-22	0	4.65415e-21	0	1.70975e-22	0
5.96105e-21	0	6.68877e-22	0	9.191e-22	0	1.26495e-21	0	5.04074e-22	0	5.36676e-22	0	3.9367e-22	0	1.57645e-22	0	5.55129e-22	0	9.64873e-22	0	2.0213e-20	0	7.33476e-22	0	3.92681e-22	0	2.38288e-22	0	8.01327e-22	0	7.59786e-22	0	8.97457e-22	0	1.38642e-21	0	5.80455e-22	0	1.59627e-22	0	1.19841e-22	0	9.86684e-22	0	4.73469e-22	0	4.65415e-21	0	1.43436e-22	0
5.93345e-21	0	6.25621e-22	0	9.191e-22	0	1.26495e-21	0	5.04074e-22	0	4.57242e-22	0	2.59843e-22	0	1.57645e-22	0	4.70192e-22	0	9.64873e-22	0	1.51828e-20	0	6.65048e-22	0	3.8811e-22	0	2.0605e-22	0	7.22823e-22	0	6.65171e-22	0	7.87919e-22	0	1.1362e-21	0	5.80455e-22	0	1.59627e-22	0	8.05695e-23	0	9.02857e-22	0	4.73469e-22	0	4.57245e-21	0	1.38695e-22	0
4.90058e-21	0	5.54046e-22	0	9.13936e-22	0	1.10613e-21	0	4.2444e-22	0	4.57242e-22	0	2.43317e-22	0	1.32156e-22	0	4.70192e-22	0	9.64873e-22	0	1.51828e-20	0	6.2846e-22	0	3.82449e-22	0	1.9096e-22	0	6.62573e-22	0	6.43163e-22	0	7.31042e-22	0	1.1362e-21	0	5.65196e-22	0	1.15196e-22	0	8.05695e-23	0	8.74927e-22	0	4.55197e-22	0	3.44598e-21	0	1.31909e-22	0
4.90058e-21	0	5.05266e-22	0	7.81483e-22	0	1.01055e-21	0	4.2444e-22	0	4.43138e-22	0	2.43317e-22	0	1.27397e-22	0	4.11782e-22	0	9.64873e-22	0	1.51828e-20	0	5.6353e-22	0	3.48892e-22	0	1.58085e-22	0	6.34251e-22	0	6.12123e-22	0	6.90583e-22	0	1.08463e-21	0	4.81905e-22	0	1.07552e-22	0	6.529e-23	0	7.14681e-22	0	3.87468e-22	0	3.44598e-21	0	1.23344e-22	0
4.16015e-21	0	4.80996e-22	0	7.81483e-22	0	8.75832e-22	0	3.50624e-22	0	4.38142e-22	0	2.23463e-22	0	1.11663e-22	0	3.76753e-22	0	8.48713e-22	0	1.33546e-20	0	5.49862e-22	0	3.36676e-22	0	1.54942e-22	0	5.80391e-22	0	5.48781e-22	0	5.90948e-22	0	1.06605e-21	0	4.79549e-22	0	1.07552e-22	0	6.529e-23	0	7.14681e-22	0	3.29493e-22	0	2.73168e-21	0	9.95437e-23	0
3.20786e-21	0	4.24117e-22	0	7.25229e-22	0	7.97645e-22	0	3.50624e-22	0	3.48465e-22	0	2.23463e-22	0	1.03654e-22	0	3.61963e-22	0	8.05261e-22	0	1.27005e-20	0	4.82619e-22	0	2.56758e-22	0	1.54942e-22	0	5.39945e-22	0	5.48781e-22	0	5.01751e-22	0	1.04905e-21	0	4.14428e-22	0	1.01586e-22	0	6.529e-23	0	6.53588e-22	0	3.10569e-22	0	2.73168e-21	0	9.35771e-23	0
3.20786e-21	0	3.5541e-22	0	7.0251e-22	0	7.97645e-22	0	3.50624e-22	0	3.48465e-22	0	2.06971e-22	0	9.62162e-23	0	3.23646e-22	0	7.32492e-22	0	8.01705e-21	0	4.23488e-22	0	2.56758e-22	0	1.36069e-22	0	4.27071e-22	0	4.74863e-22	0	5.01751e-22	0	9.66612e-22	0	3.74214e-22	0	5.68533e-23	0	5.14865e-23	0	6.53588e-22	0	2.62834e-22	0	2.16992e-21	0	8.8717e-23	0
3.20786e-21	0	2.74229e-22	0	6.38363e-22	0	7.23255e-22	0	3.13741e-22	0	3.38733e-22	0	1.56891e-22	0	8.88975e-23	0	3.23646e-22	0	7.32492e-22	0	8.01705e-21	0	4.23488e-22	0	2.53914e-22	0	1.26087e-22	0	4.27071e-22	0	4.74863e-22	0	3.16049e-22	0	8.33137e-22	0	3.70517e-22	0	5.68533e-23	0	4.73666e-23	0	6.53588e-22	0	2.40241e-22	0	1.97032e-21	0	7.82459e-23	0
3.01829e-21	0	2.70071e-22	0	6.21607e-22	0	6.87714e-22	0	3.13741e-22	0	3.38733e-22	0	1.56891e-22	0	8.05874e-23	0	3.19184e-22	0	7.00281e-22	0	8.01705e-21	0	4.17488e-22	0	1.92978e-22	0	1.24828e-22	0	4.08296e-22	0	3.77751e-22	0	3.16049e-22	0	7.19981e-22	0	3.1487e-22	0	5.68533e-23	0	4.50016e-23	0	5.8714e-22	0	2.28488e-22	0	1.93391e-21	0	7.78942e-23	0
2.73927e-21	0	2.54903e-22	0	5.49791e-22	0	6.21168e-22	0	3.04971e-22	0	2.87335e-22	0	1.41451e-22	0	7.26392e-23	0	2.6896e-22	0	5.88967e-22	0	8.01705e-21	0	3.39558e-22	0	1.74767e-22	0	1.09839e-22	0	4.00762e-22	0	3.685e-22	0	3.16049e-22	0	6.5375e-22	0	2.93056e-22	0	4.89637e-23	0	3.68912e-23	0	5.16104e-22	0	2.28488e-22	0	1.80104e-21	0	6.94141e-23	0
2.23444e-21	0	2.11806e-22	0	4.37501e-22	0	5.69738e-22	0	2.8879e-22	0	2.78286e-22	0	1.11422e-22	0	6.90053e-23	0	2.38272e-22	0	5.88967e-22	0	7.35932e-21	0	3.29067e-22	0	1.74767e-22	0	1.05973e-22	0	3.7298e-22	0	3.24906e-22	0	3.16049e-22	0	6.49379e-22	0	2.7004e-22	0	3.58532e-23	0	2.88006e-23	0	5.15414e-22	0	1.99537e-22	0	1.48894e-21	0	6.94141e-23	0
2.06999e-21	0	1.77196e-22	0	4.36769e-22	0	4.90624e-22	0	2.75783e-22	0	2.68271e-22	0	9.69568e-23	0	6.15594e-23	0	1.93209e-22	0	5.30276e-22	0	6.33344e-21	0	3.29067e-22	0	1.74767e-22	0	8.40388e-23	0	3.52832e-22	0	2.40008e-22	0	3.00012e-22	0	5.79016e-22	0	2.5604e-22	0	3.58532e-23	0	2.48338e-23	0	4.85857e-22	0	1.68078e-22	0	1.38597e-21	0	5.99473e-23	0
1.93248e-21	0	1.77196e-22	0	4.05235e-22	0	4.90624e-22	0	2.2901e-22	0	2.5204e-22	0	8.78072e-23	0	5.72198e-23	0	1.85828e-22	0	5.30276e-22	0	6.33344e-21	0	3.06974e-22	0	1.36208e-22	0	8.40388e-23	0	3.07023e-22	0	2.40008e-22	0	3.00012e-22	0	5.62355e-22	0	2.5604e-22	0	3.44864e-23	0	2.37148e-23	0	4.85857e-22	0	1.67634e-22	0	1.30781e-21	0	5.99473e-23	0
1.59139e-21	0	1.30004e-22	0	3.60925e-22	0	4.25453e-22	0	2.13998e-22	0	2.29697e-22	0	8.11438e-23	0	4.51297e-23	0	1.64626e-22	0	5.14061e-22	0	6.11038e-21	0	2.69153e-22	0	1.26317e-22	0	7.17356e-23	0	2.78472e-22	0	2.40008e-22	0	2.29217e-22	0	4.55692e-22	0	2.33615e-22	0	2.69637e-23	0	2.37148e-23	0	4.51006e-22	0	1.56884e-22	0	1.099e-21	0	5.22094e-23	0
1.48556e-21	0	1.30004e-22	0	3.3727e-22	0	4.25453e-22	0	1.95804e-22	0	2.22635e-22	0	7.63419e-23	0	4.37309e-23	0	1.64626e-22	0	4.74931e-22	0	5.48694e-21	0	2.32317e-22	0	1.04632e-22	0	5.99483e-23	0	2.78472e-22	0	1.87522e-22	0	2.10848e-22	0	3.92326e-22	0	2.18191e-22	0	2.69637e-23	0	1.90317e-23	0	4.28038e-22	0	1.21531e-22	0	1.06101e-21	0	4.78926e-23	0
1.45489e-21	0	1.29769e-22	0	2.7913e-22	0	3.6118e-22	0	1.7163e-22	0	2.13482e-22	0	7.32343e-23	0	3.48691e-23	0	1.40149e-22	0	4.30498e-22	0	4.55288e-21	0	2.20364e-22	0	1.02057e-22	0	5.70519e-23	0	2.64471e-22	0	1.831e-22	0	1.66708e-22	0	3.92326e-22	0	1.99752e-22	0	2.14831e-23	0	1.81546e-23	0	3.58405e-22	0	1.21531e-22	0	9.81782e-22	0	4.78926e-23	0
1.2254e-21	0	1.04348e-22	0	2.56145e-22	0	3.6118e-22	0	1.7163e-22	0	1.80727e-22	0	6.16852e-23	0	3.36143e-23	0	1.20769e-22	0	3.71738e-22	0	4.55288e-21	0	2.04527e-22	0	8.88612e-23	0	5.68886e-23	0	2.49963e-22	0	1.69601e-22	0	1.66708e-22	0	3.54522e-22	0	1.69457e-22	0	2.14831e-23	0	1.26065e-23	0	3.51169e-22	0	1.08223e-22	0	9.48295e-22	0	4.25137e-23	0
1.12782e-21	0	1.04348e-22	0	2.56145e-22	0	3.34789e-22	0	1.41086e-22	0	1.57629e-22	0	6.00373e-23	0	2.45956e-23	0	1.0817e-22	0	3.71738e-22	0	4.55288e-21	0	1.65065e-22	0	8.66792e-23	0	5.06259e-23	0	2.41858e-22	0	1.55072e-22	0	1.66708e-22	0	3.54522e-22	0	1.69457e-22	0	2.14831e-23	0	1.26065e-23	0	3.16449e-22	0	9.78989e-23	0	8.35296e-22	0	4.10709e-23	0
8.40752e-22	0	9.53424e-23	0	2.25816e-22	0	3.17535e-22	0	1.16735e-22	0	1.23521e-22	0	5.25415e-23	0	2.45956e-23	0	7.70315e-23	0	3.52129e-22	0	3.46766e-21	0	1.59447e-22	0	8.06936e-23	0	4.70166e-23	0	2.21384e-22	0	1.26579e-22	0	1.64473e-22	0	3.3901e-22	0	1.40783e-22	0	1.63928e-23	0	1.26065e-23	0	3.16449e-22	0	9.72241e-23	0	8.11316e-22	0	3.91449e-23	0
8.40752e-22	0	7.87923e-23	0	2.18838e-22	0	3.0806e-22	0	1.06949e-22	0	1.23191e-22	0	5.15904e-23	0	2.12352e-23	0	7.70315e-23	0	2.9223e-22	0	3.36669e-21	0	1.42302e-22	0	7.00441e-23	0	3.95855e-23	0	2.12932e-22	0	9.38978e-23	0	1.21673e-22	0	3.2141e-22	0	1.40783e-22	0	1.63928e-23	0	1.26065e-23	0	2.87117e-22	0	9.72241e-23	0	6.87427e-22	0	3.59515e-23	0
8.40752e-22	0	7.2666e-23	0	2.07892e-22	0	2.64467e-22	0	9.12521e-23	0	1.14501e-22	0	4.17911e-23	0	2.12352e-23	0	7.2998e-23	0	2.82968e-22	0	2.84684e-21	0	1.39226e-22	0	5.61466e-23	0	3.95855e-23	0	2.12932e-22	0	8.34478e-23	0	1.21673e-22	0	2.94125e-22	0	1.33871e-22	0	1.46809e-23	0	1.06517e-23	0	2.56941e-22	0	8.00675e-23	0	6.85829e-22	0	3.33752e-23	0
8.15394e-22	0	6.34074e-23	0	1.80554e-22	0	2.49155e-22	0	8.46978e-23	0	1.09129e-22	0	4.17911e-23	0	1.83695e-23	0	7.16499e-23	0	2.34304e-22	0	2.4122e-21	0	1.20243e-22	0	5.61466e-23	0	3.69882e-23	0	2.02871e-22	0	8.34478e-23	0	1.21673e-22	0	2.77781e-22	0	1.14355e-22	0	1.11021e-23	0	1.02822e-23	0	2.35481e-22	0	7.73004e-23	0	5.64141e-22	0	3.02555e-23	0
7.05758e-22	0	5.70553e-23	0	1.74865e-22	0	2.26658e-22	0	7.77226e-23	0	8.99536e-23	0	3.49787e-23	0	1.50973e-23	0	6.40079e-23	0	2.34304e-22	0	2.4122e-21	0	1.14753e-22	0	5.61466e-23	0	3.08451e-23	0	1.85132e-22	0	8.34478e-23	0	1.21673e-22	0	2.53412e-22	0	1.14355e-22	0	1.11021e-23	0	7.01867e-24	0	2.254e-22	0	7.23084e-23	0	5.26818e-22	0	2.97314e-23	0
6.99976e-22	0	5.70553e-23	0	1.5455e-22	0	2.10321e-22	0	6.70201e-23	0	8.8079e-23	0	3.49787e-23	0	1.36713e-23	0	5.76622e-23	0	2.11289e-22	0	2.4122e-21	0	8.78882e-23	0	5.10875e-23	0	2.83819e-23	0	1.83429e-22	0	5.87993e-23	0	1.09165e-22	0	2.2573e-22	0	1.08092e-22	0	8.40377e-24	0	5.75133e-24	0	2.11276e-22	0	6.88181e-23	0	4.52835e-22	0	2.87107e-23	0
6.43167e-22	0	4.46183e-23	0	1.46165e-22	0	1.81886e-22	0	5.60542e-23	0	6.70448e-23	0	2.89661e-23	0	1.26951e-23	0	5.52376e-23	0	2.047e-22	0	1.90456e-21	0	8.31642e-23	0	4.45586e-23	0	2.63551e-23	0	1.67832e-22	0	5.79562e-23	0	1.04012e-22	0	1.91886e-22	0	9.8344e-23	0	7.86379e-24	0	5.29268e-24	0	1.90204e-22	0	6.88181e-23	0	4.23466e-22	0	2.69572e-23	0
5.36838e-22	0	4.46183e-23	0	1.35249e-22	0	1.7183e-22	0	5.22868e-23	0	6.70448e-23	0	2.76827e-23	0	1.00105e-23	0	4.32701e-23	0	1.74263e-22	0	1.90456e-21	0	7.25299e-23	0	4.45586e-23	0	2.22758e-23	0	1.63633e-22	0	5.43141e-23	0	8.9766e-23	0	1.46838e-22	0	8.89288e-23	0	7.86379e-24	0	5.29268e-24	0	1.72067e-22	0	6.44417e-23	0	4.11083e-22	0	2.50142e-23	0
5.36838e-22	0	4.46183e-23	0	1.34502e-22	0	1.66328e-22	0	4.48594e-23	0	6.70448e-23	0	2.53991e-23	0	9.71232e-24	0	4.11345e-23	0	1.64249e-22	0	1.35229e-21	0	6.82634e-23	0	3.20695e-23	0	2.22758e-23	0	1.39082e-22	0	4.14732e-23	0	8.9766e-23	0	1.46838e-22	0	7.60349e-23	0	7.86379e-24	0	4.5426e-24	0	1.72067e-22	0	6.28014e-23	0	3.77398e-22	0	2.45145e-23	0
4.97424e-22	0	4.46183e-23	0	1.2413e-22	0	1.63125e-22	0	4.48594e-23	0	5.78097e-23	0	2.37458e-23	0	8.60735e-24	0	4.11345e-23	0	1.45642e-22	0	1.3254e-21	0	6.65941e-23	0	3.20695e-23	0	2.14423e-23	0	1.27914e-22	0	4.14732e-23	0	8.66802e-23	0	1.22704e-22	0	6.93683e-23	0	6.29092e-24	0	3.6587e-24	0	1.48822e-22	0	5.58185e-23	0	3.03184e-22	0	2.18235e-23	0
4.25658e-22	0	3.81761e-23	0	1.17439e-22	0	1.52142e-22	0	4.06907e-23	0	5.61403e-23	0	1.96434e-23	0	6.02044e-24	0	3.66661e-23	0	1.34235e-22	0	1.29397e-21	0	5.87781e-23	0	3.20695e-23	0	1.96032e-23	0	1.24217e-22	0	4.14732e-23	0	7.49818e-23	0	1.04721e-22	0	6.63096e-23	0	6.29092e-24	0	3.6587e-24	0	1.3309e-22	0	5.21741e-23	0	2.7679e-22	0	1.85103e-23	0
4.16105e-22	0	3.69003e-23	0	1.00618e-22	0	1.49531e-22	0	3.30906e-23	0	5.61403e-23	0	1.83069e-23	0	6.02044e-24	0	3.26524e-23	0	1.34235e-22	0	1.07043e-21	0	5.05832e-23	0	2.9632e-23	0	1.94266e-23	0	1.16742e-22	0	3.63802e-23	0	7.29402e-23	0	1.04721e-22	0	5.93803e-23	0	5.01953e-24	0	3.64752e-24	0	1.06922e-22	0	4.85137e-23	0	2.7679e-22	0	1.49282e-23	0
4.16105e-22	0	3.20725e-23	0	9.15334e-23	0	1.31537e-22	0	3.11209e-23	0	5.14376e-23	0	1.80096e-23	0	6.02044e-24	0	2.9924e-23	0	1.34235e-22	0	1.07043e-21	0	4.85308e-23	0	2.3225e-23	0	1.51733e-23	0	1.09993e-22	0	2.83718e-23	0	7.00472e-23	0	1.01546e-22	0	5.42481e-23	0	4.64759e-24	0	2.49889e-24	0	1.04212e-22	0	4.85137e-23	0	2.40095e-22	0	1.4617e-23	0
3.28013e-22	0	3.02158e-23	0	8.63673e-23	0	1.23928e-22	0	3.11209e-23	0	4.77677e-23	0	1.559e-23	0	5.35122e-24	0	2.9924e-23	0	1.2257e-22	0	9.71681e-22	0	4.85308e-23	0	2.3225e-23	0	1.32203e-23	0	1.02711e-22	0	2.83718e-23	0	6.43023e-23	0	8.04251e-23	0	5.42481e-23	0	3.32511e-24	0	2.18218e-24	0	8.654e-23	0	3.9606e-23	0	2.30703e-22	0	1.30258e-23	0
3.28013e-22	0	2.92852e-23	0	8.63673e-23	0	1.11512e-22	0	2.63925e-23	0	4.18888e-23	0	1.29554e-23	0	4.14428e-24	0	2.48224e-23	0	1.08671e-22	0	8.91216e-22	0	3.84478e-23	0	2.30273e-23	0	1.21357e-23	0	1.00095e-22	0	2.20873e-23	0	6.20032e-23	0	6.28113e-23	0	4.48719e-23	0	3.32511e-24	0	1.85626e-24	0	8.14834e-23	0	3.71738e-23	0	2.15682e-22	0	1.13279e-23	0
2.88799e-22	0	2.40804e-23	0	6.97292e-23	0	8.72832e-23	0	1.69226e-23	0	3.75074e-23	0	1.29554e-23	0	3.56186e-24	0	2.48224e-23	0	9.73577e-23	0	7.53169e-22	0	3.67551e-23	0	1.76224e-23	0	1.21357e-23	0	9.18834e-23	0	2.10114e-23	0	5.93212e-23	0	6.28113e-23	0	4.41795e-23	0	3.32511e-24	0	1.85626e-24	0	7.30764e-23	0	3.37991e-23	0	1.87469e-22	0	1.13279e-23	0
2.88799e-22	0	2.23349e-23	0	6.8326e-23	0	8.67933e-23	0	1.55525e-23	0	3.73573e-23	0	1.2926e-23	0	3.47334e-24	0	2.39617e-23	0	9.71231e-23	0	5.98078e-22	0	3.07642e-23	0	1.52305e-23	0	8.71276e-24	0	9.18834e-23	0	1.64955e-23	0	5.67921e-23	0	6.28113e-23	0	4.41795e-23	0	2.96528e-24	0	1.65121e-24	0	6.08712e-23	0	2.75564e-23	0	1.87396e-22	0	9.93926e-24	0
2.88799e-22	0	1.80111e-23	0	6.34374e-23	0	5.80368e-23	0	1.52324e-23	0	3.3851e-23	0	1.14746e-23	0	3.01588e-24	0	2.38655e-23	0	8.67223e-23	0	5.98078e-22	0	2.81225e-23	0	1.31454e-23	0	7.96159e-24	0	8.18993e-23	0	1.37471e-23	0	4.98364e-23	0	6.28113e-23	0	4.00274e-23	0	2.39381e-24	0	1.65121e-24	0	6.08712e-23	0	2.02462e-23	0	1.81562e-22	0	9.63829e-24	0
2.88499e-22	0	1.6701e-23	0	6.16922e-23	0	5.80368e-23	0	1.40151e-23	0	3.0091e-23	0	9.54163e-24	0	2.24653e-24	0	2.21162e-23	0	8.67223e-23	0	5.07297e-22	0	2.65137e-23	0	1.26814e-23	0	7.96159e-24	0	7.80667e-23	0	1.37471e-23	0	4.45605e-23	0	5.69765e-23	0	3.63301e-23	0	2.39381e-24	0	1.60178e-24	0	5.57474e-23	0	1.91515e-23	0	1.64384e-22	0	9.34468e-24	0
2.76775e-22	0	1.6701e-23	0	6.15893e-23	0	5.40712e-23	0	1.33385e-23	0	2.91623e-23	0	8.72008e-24	0	2.24653e-24	0	1.78345e-23	0	6.95607e-23	0	5.07297e-22	0	2.3507e-23	0	1.13092e-23	0	6.73326e-24	0	7.44667e-23	0	7.95852e-24	0	4.45605e-23	0	4.66117e-23	0	3.48014e-23	0	2.09482e-24	0	1.39575e-24	0	4.82258e-23	0	1.78379e-23	0	1.39445e-22	0	9.29768e-24	0
2.62446e-22	0	1.6602e-23	0	5.27848e-23	0	5.40712e-23	0	1.05797e-23	0	2.70672e-23	0	6.54193e-24	0	2.16309e-24	0	1.66228e-23	0	6.95607e-23	0	4.86153e-22	0	2.0636e-23	0	1.01987e-23	0	6.73326e-24	0	6.8931e-23	0	7.95852e-24	0	4.16667e-23	0	3.8988e-23	0	3.18948e-23	0	2.09482e-24	0	1.23954e-24	0	4.06761e-23	0	1.6446e-23	0	1.39445e-22	0	7.53823e-24	0
2.52329e-22	0	1.36997e-23	0	5.27848e-23	0	4.67542e-23	0	9.32008e-24	0	2.10557e-23	0	6.54193e-24	0	1.61275e-24	0	1.4097e-23	0	6.95607e-23	0	4.37622e-22	0	1.80373e-23	0	8.49024e-24	0	6.42976e-24	0	6.50661e-23	0	7.95852e-24	0	3.71972e-23	0	3.8988e-23	0	3.06886e-23	0	1.89692e-24	0	1.1085e-24	0	4.06761e-23	0	1.37311e-23	0	1.23401e-22	0	7.17632e-24	0
2.42573e-22	0	1.09529e-23	0	5.17864e-23	0	2.82523e-23	0	9.32008e-24	0	1.99878e-23	0	6.54193e-24	0	1.61275e-24	0	1.27708e-23	0	6.95607e-23	0	3.62009e-22	0	1.69528e-23	0	8.15489e-24	0	5.03459e-24	0	5.963e-23	0	7.95852e-24	0	3.65403e-23	0	3.54142e-23	0	2.8737e-23	0	1.72994e-24	0	1.06509e-24	0	4.01425e-23	0	1.27809e-23	0	1.23401e-22	0	6.66448e-24	0
2.3042e-22	0	1.09529e-23	0	4.17778e-23	0	2.74775e-23	0	8.36468e-24	0	1.82874e-23	0	5.44983e-24	0	1.61275e-24	0	9.49543e-24	0	6.72801e-23	0	3.6108e-22	0	1.63579e-23	0	5.28345e-24	0	4.64622e-24	0	5.76416e-23	0	7.65149e-24	0	3.65403e-23	0	3.54142e-23	0	2.65773e-23	0	1.60987e-24	0	9.17314e-25	0	3.55896e-23	0	1.13945e-23	0	1.06784e-22	0	6.19244e-24	0
2.07865e-22	0	9.82819e-24	0	4.17778e-23	0	2.74775e-23	0	5.89339e-24	0	1.80909e-23	0	4.58367e-24	0	1.3988e-24	0	9.49543e-24	0	6.59998e-23	0	3.27005e-22	0	1.24277e-23	0	4.63369e-24	0	3.94264e-24	0	4.90509e-23	0	6.92658e-24	0	3.21282e-23	0	3.26669e-23	0	2.27404e-23	0	1.38047e-24	0	7.78674e-25	0	3.37255e-23	0	9.2763e-24	0	9.67435e-23	0	5.59262e-24	0
1.91846e-22	0	7.18594e-24	0	4.17778e-23	0	2.64443e-23	0	5.89339e-24	0	1.4816e-23	0	4.00454e-24	0	1.20995e-24	0	8.94389e-24	0	5.80629e-23	0	3.2305e-22	0	1.10647e-23	0	4.63369e-24	0	3.94264e-24	0	4.19904e-23	0	6.38508e-24	0	3.16755e-23	0	3.04396e-23	0	2.12879e-23	0	1.38047e-24	0	7.20619e-25	0	2.89713e-23	0	7.60152e-24	0	7.63479e-23	0	4.74645e-24	0
1.83474e-22	0	7.12873e-24	0	4.11067e-23	0	2.5989e-23	0	5.55094e-24	0	1.4816e-23	0	4.00454e-24	0	1.00503e-24	0	8.0411e-24	0	5.58776e-23	0	2.40374e-22	0	9.68354e-24	0	4.4867e-24	0	3.94264e-24	0	3.43643e-23	0	5.92679e-24	0	2.81351e-23	0	2.84522e-23	0	1.74928e-23	0	1.38047e-24	0	6.47226e-25	0	2.89713e-23	0	7.60152e-24	0	7.63479e-23	0	4.30695e-24	0
1.60243e-22	0	5.21714e-24	0	3.27383e-23	0	2.58219e-23	0	4.88404e-24	0	1.30414e-23	0	4.00454e-24	0	8.39638e-25	0	7.4006e-24	0	4.68485e-23	0	2.33819e-22	0	7.46093e-24	0	4.3871e-24	0	3.72969e-24	0	3.17334e-23	0	5.57029e-24	0	2.50154e-23	0	2.84522e-23	0	1.61308e-23	0	1.25024e-24	0	5.68762e-25	0	2.71869e-23	0	5.58812e-24	0	6.28911e-23	0	3.78928e-24	0
1.54589e-22	0	5.04116e-24	0	2.90073e-23	0	2.17916e-23	0	4.23166e-24	0	1.30414e-23	0	3.85349e-24	0	8.39638e-25	0	6.49005e-24	0	4.667e-23	0	2.33819e-22	0	7.46093e-24	0	3.62022e-24	0	3.60548e-24	0	2.96655e-23	0	4.33132e-24	0	2.27163e-23	0	2.54219e-23	0	1.53841e-23	0	1.18158e-24	0	5.42063e-25	0	2.56364e-23	0	5.38324e-24	0	6.0072e-23	0	3.06457e-24	0
1.18061e-22	0	3.89319e-24	0	2.66099e-23	0	1.76502e-23	0	3.1556e-24	0	9.57839e-24	0	3.44682e-24	0	7.24487e-25	0	5.9763e-24	0	4.1364e-23	0	2.13841e-22	0	5.51065e-24	0	2.98165e-24	0	3.08348e-24	0	2.56202e-23	0	4.31311e-24	0	2.06035e-23	0	2.43123e-23	0	1.4055e-23	0	1.13188e-24	0	5.42063e-25	0	2.12521e-23	0	5.38324e-24	0	5.61359e-23	0	2.4925e-24	0
1.15442e-22	0	3.70287e-24	0	2.37655e-23	0	1.73494e-23	0	3.1556e-24	0	9.57839e-24	0	2.99477e-24	0	6.43187e-25	0	5.35799e-24	0	4.02062e-23	0	1.89124e-22	0	5.51065e-24	0	2.98165e-24	0	2.8049e-24	0	2.31308e-23	0	3.57203e-24	0	1.8972e-23	0	2.23735e-23	0	1.38662e-23	0	9.41884e-25	0	4.17519e-25	0	1.87733e-23	0	4.11622e-24	0	4.73454e-23	0	2.44604e-24	0
1.15442e-22	0	3.70287e-24	0	2.31648e-23	0	1.73494e-23	0	3.1556e-24	0	8.86741e-24	0	2.61679e-24	0	6.19758e-25	0	5.05907e-24	0	3.60129e-23	0	1.47716e-22	0	5.11597e-24	0	2.98165e-24	0	2.48855e-24	0	1.90893e-23	0	3.4846e-24	0	1.72246e-23	0	2.08268e-23	0	1.15923e-23	0	9.41884e-25	0	3.66111e-25	0	1.4793e-23	0	4.00412e-24	0	4.63164e-23	0	2.2935e-24	0
1.09715e-22	0	3.63938e-24	0	2.18092e-23	0	1.72632e-23	0	3.1556e-24	0	7.69315e-24	0	2.61679e-24	0	4.7593e-25	0	4.57897e-24	0	3.54419e-23	0	1.47716e-22	0	3.58584e-24	0	2.29378e-24	0	2.35397e-24	0	1.56932e-23	0	3.0159e-24	0	1.45961e-23	0	1.99902e-23	0	9.57323e-24	0	8.79814e-25	0	3.15016e-25	0	1.41257e-23	0	3.32165e-24	0	4.39901e-23	0	1.89919e-24	0
9.6943e-23	0	2.19412e-24	0	1.77963e-23	0	1.56901e-23	0	2.70453e-24	0	7.18732e-24	0	2.61679e-24	0	3.62919e-25	0	4.20798e-24	0	3.44978e-23	0	1.47716e-22	0	3.58584e-24	0	1.60997e-24	0	1.88123e-24	0	1.42785e-23	0	2.46068e-24	0	1.45961e-23	0	1.82989e-23	0	7.5134e-24	0	8.11598e-25	0	2.84599e-25	0	1.31713e-23	0	3.23347e-24	0	3.58319e-23	0	1.58448e-24	0
9.6943e-23	0	2.19412e-24	0	1.58198e-23	0	1.39631e-23	0	2.70453e-24	0	6.43476e-24	0	2.191e-24	0	3.37576e-25	0	3.49792e-24	0	3.29014e-23	0	1.36003e-22	0	3.45681e-24	0	1.60922e-24	0	1.88123e-24	0	1.15144e-23	0	2.07062e-24	0	1.14961e-23	0	1.81994e-23	0	7.5134e-24	0	7.74484e-25	0	2.6586e-25	0	1.07286e-23	0	2.88338e-24	0	3.51878e-23	0	9.93306e-25	0
9.17782e-23	0	2.19412e-24	0	1.3216e-23	0	1.39631e-23	0	2.37934e-24	0	6.33799e-24	0	2.191e-24	0	3.2414e-25	0	3.33592e-24	0	2.87208e-23	0	1.21959e-22	0	3.45681e-24	0	1.49245e-24	0	1.70006e-24	0	1.03726e-23	0	1.75412e-24	0	1.14961e-23	0	1.64901e-23	0	5.6878e-24	0	7.2168e-25	0	2.6586e-25	0	1.07286e-23	0	2.2883e-24	0	2.73482e-23	0	9.93306e-25	0
8.54607e-23	0	2.16859e-24	0	1.3216e-23	0	1.25041e-23	0	2.10912e-24	0	5.65305e-24	0	1.83212e-24	0	1.86285e-25	0	2.92777e-24	0	2.61979e-23	0	1.21959e-22	0	2.56861e-24	0	1.39686e-24	0	1.70006e-24	0	1.00292e-23	0	1.75412e-24	0	1.09729e-23	0	1.64901e-23	0	5.6878e-24	0	7.10837e-25	0	2.03688e-25	0	9.20412e-24	0	2.2883e-24	0	2.19421e-23	0	9.67452e-25	0
8.006e-23	0	1.9565e-24	0	1.18521e-23	0	1.04078e-23	0	2.00467e-24	0	4.48757e-24	0	1.83212e-24	0	1.86285e-25	0	2.48903e-24	0	2.22028e-23	0	1.21959e-22	0	2.56861e-24	0	1.114e-24	0	1.46931e-24	0	8.91455e-24	0	1.75412e-24	0	9.46417e-24	0	1.48359e-23	0	4.20094e-24	0	6.84133e-25	0	1.83335e-25	0	8.94937e-24	0	2.04817e-24	0	1.91751e-23	0	8.98918e-25	0
7.54253e-23	0	1.71177e-24	0	1.16113e-23	0	1.04078e-23	0	1.86361e-24	0	4.37103e-24	0	1.66348e-24	0	1.77709e-25	0	2.33327e-24	0	2.03856e-23	0	9.10621e-23	0	2.55942e-24	0	8.6441e-25	0	1.35247e-24	0	8.83326e-24	0	1.75412e-24	0	6.97725e-24	0	1.41728e-23	0	3.8659e-24	0	6.74407e-25	0	1.59732e-25	0	7.11316e-24	0	1.96438e-24	0	1.77441e-23	0	8.98918e-25	0
6.68893e-23	0	1.65769e-24	0	8.54534e-24	0	9.20317e-24	0	1.57188e-24	0	4.20732e-24	0	1.44411e-24	0	1.77709e-25	0	1.99562e-24	0	1.9752e-23	0	9.10621e-23	0	2.05092e-24	0	8.6441e-25	0	1.27113e-24	0	7.47993e-24	0	1.53279e-24	0	6.97725e-24	0	1.27943e-23	0	3.02695e-24	0	5.80668e-25	0	1.42736e-25	0	7.11316e-24	0	1.75226e-24	0	1.42383e-23	0	6.40364e-25	0
5.74272e-23	0	1.45063e-24	0	8.54534e-24	0	9.20317e-24	0	1.57188e-24	0	3.86562e-24	0	1.38446e-24	0	1.77709e-25	0	1.99562e-24	0	1.82208e-23	0	9.01349e-23	0	1.94318e-24	0	7.13884e-25	0	1.18441e-24	0	7.29898e-24	0	1.53279e-24	0	6.53422e-24	0	1.27365e-23	0	2.23226e-24	0	5.59726e-25	0	1.0522e-25	0	7.04544e-24	0	1.2848e-24	0	1.24012e-23	0	6.40364e-25	0
4.9067e-23	0	1.21885e-24	0	7.34589e-24	0	7.53323e-24	0	1.37587e-24	0	3.28098e-24	0	1.33856e-24	0	1.51567e-25	0	1.91718e-24	0	1.7132e-23	0	8.32997e-23	0	1.76387e-24	0	7.13884e-25	0	1.15351e-24	0	5.92574e-24	0	1.43485e-24	0	5.68988e-24	0	1.14398e-23	0	2.23226e-24	0	5.16768e-25	0	1.0522e-25	0	6.50853e-24	0	1.2848e-24	0	1.13224e-23	0	5.32394e-25	0
3.9212e-23	0	1.02168e-24	0	6.72818e-24	0	6.53743e-24	0	1.27805e-24	0	3.14322e-24	0	1.14712e-24	0	1.16975e-25	0	1.48744e-24	0	1.60528e-23	0	6.75732e-23	0	1.63157e-24	0	6.72327e-25	0	9.69641e-25	0	5.92574e-24	0	1.43485e-24	0	5.0121e-24	0	1.14398e-23	0	2.15429e-24	0	5.16768e-25	0	9.74598e-26	0	6.06418e-24	0	1.24434e-24	0	1.0623e-23	0	5.32394e-25	0
3.6542e-23	0	9.65822e-25	0	6.21918e-24	0	6.24997e-24	0	1.06089e-24	0	2.88854e-24	0	1.08983e-24	0	1.16975e-25	0	1.48744e-24	0	1.49495e-23	0	5.9821e-23	0	1.29875e-24	0	6.56111e-25	0	8.94402e-25	0	5.68625e-24	0	1.38282e-24	0	4.24997e-24	0	1.10014e-23	0	1.78999e-24	0	4.82929e-25	0	6.81732e-26	0	4.65167e-24	0	1.03892e-24	0	9.96903e-24	0	4.52786e-25	0
3.01333e-23	0	7.33825e-25	0	6.01257e-24	0	5.71002e-24	0	1.04678e-24	0	2.87951e-24	0	9.19687e-25	0	1.10979e-25	0	1.41507e-24	0	1.37924e-23	0	5.55384e-23	0	1.29875e-24	0	4.57581e-25	0	7.84554e-25	0	5.68625e-24	0	1.16048e-24	0	3.66689e-24	0	9.26826e-24	0	1.46615e-24	0	4.3758e-25	0	6.81732e-26	0	4.65167e-24	0	6.98055e-25	0	7.14793e-24	0	4.29265e-25	0
3.01333e-23	0	6.6269e-25	0	5.79909e-24	0	4.42015e-24	0	9.11585e-25	0	2.74487e-24	0	8.43499e-25	0	1.0026e-25	0	1.33827e-24	0	1.29015e-23	0	5.55384e-23	0	1.28318e-24	0	4.57581e-25	0	7.23673e-25	0	4.87993e-24	0	1.00219e-24	0	3.23334e-24	0	9.26826e-24	0	1.22617e-24	0	4.20873e-25	0	6.52702e-26	0	4.26546e-24	0	6.98055e-25	0	7.14793e-24	0	3.3755e-25	0
1.91567e-23	0	6.6269e-25	0	5.43942e-24	0	3.73554e-24	0	7.08582e-25	0	2.42218e-24	0	8.43499e-25	0	9.4594e-26	0	1.21602e-24	0	1.01796e-23	0	4.96934e-23	0	1.10214e-24	0	4.04489e-25	0	5.85168e-25	0	4.58037e-24	0	1.00219e-24	0	2.79327e-24	0	8.60779e-24	0	1.22617e-24	0	3.9498e-25	0	6.30965e-26	0	3.80745e-24	0	4.85806e-25	0	7.14793e-24	0	3.13967e-25	0
1.91567e-23	0	5.45049e-25	0	5.09055e-24	0	3.73554e-24	0	6.71094e-25	0	2.06187e-24	0	7.25053e-25	0	9.32197e-26	0	1.19844e-24	0	9.64664e-24	0	4.88661e-23	0	9.73478e-25	0	3.78189e-25	0	5.06873e-25	0	4.47277e-24	0	1.00219e-24	0	2.4042e-24	0	7.69218e-24	0	1.13518e-24	0	3.48087e-25	0	5.52418e-26	0	3.6688e-24	0	4.85806e-25	0	6.56991e-24	0	2.6428e-25	0
1.91567e-23	0	5.45049e-25	0	4.86011e-24	0	3.70252e-24	0	6.63309e-25	0	2.01247e-24	0	7.25053e-25	0	8.19066e-26	0	1.10288e-24	0	9.13711e-24	0	4.0438e-23	0	6.69416e-25	0	3.60489e-25	0	4.40244e-25	0	3.95427e-24	0	9.40443e-25	0	1.88189e-24	0	6.83173e-24	0	9.79436e-25	0	3.3796e-25	0	4.63898e-26	0	3.34248e-24	0	4.75176e-25	0	6.56991e-24	0	2.55291e-25	0
1.77627e-23	0	4.88319e-25	0	4.31659e-24	0	3.51074e-24	0	5.99407e-25	0	1.74249e-24	0	6.81472e-25	0	6.89609e-26	0	9.67231e-25	0	8.46195e-24	0	3.78462e-23	0	6.69416e-25	0	3.60489e-25	0	4.17532e-25	0	3.32295e-24	0	8.13312e-25	0	1.77783e-24	0	6.71422e-24	0	8.19652e-25	0	3.37394e-25	0	4.43441e-26	0	2.89249e-24	0	4.64131e-25	0	5.94522e-24	0	2.55291e-25	0
1.42579e-23	0	3.87584e-25	0	4.24781e-24	0	3.18474e-24	0	5.01397e-25	0	1.47308e-24	0	6.10734e-25	0	6.13513e-26	0	9.67231e-25	0	7.83357e-24	0	3.18313e-23	0	6.61922e-25	0	3.09539e-25	0	4.17532e-25	0	3.18624e-24	0	8.00164e-25	0	1.27801e-24	0	6.58162e-24	0	7.70204e-25	0	3.11325e-25	0	4.0311e-26	0	2.59943e-24	0	4.13522e-25	0	5.55601e-24	0	2.08847e-25	0
1.42579e-23	0	3.70306e-25	0	4.01504e-24	0	3.18474e-24	0	4.88835e-25	0	1.37887e-24	0	5.9778e-25	0	6.13513e-26	0	9.22358e-25	0	7.43592e-24	0	3.07887e-23	0	4.8254e-25	0	3.02838e-25	0	4.01184e-25	0	3.16367e-24	0	7.28435e-25	0	1.27801e-24	0	5.67501e-24	0	7.31289e-25	0	2.59721e-25	0	3.57662e-26	0	2.19071e-24	0	4.06091e-25	0	5.16397e-24	0	1.81313e-25	0
1.2328e-23	0	3.56257e-25	0	3.93741e-24	0	2.78026e-24	0	3.54773e-25	0	1.31232e-24	0	5.43734e-25	0	5.93278e-26	0	7.77781e-25	0	6.22935e-24	0	3.00654e-23	0	4.8254e-25	0	2.79767e-25	0	3.30141e-25	0	3.16367e-24	0	6.61333e-25	0	1.24436e-24	0	5.54091e-24	0	5.5767e-25	0	2.59721e-25	0	3.57661e-26	0	1.93077e-24	0	3.57364e-25	0	4.59968e-24	0	1.60421e-25	0
1.21033e-23	0	3.2414e-25	0	3.59799e-24	0	2.62357e-24	0	3.13866e-25	0	1.17659e-24	0	5.25015e-25	0	4.54457e-26	0	7.19183e-25	0	5.75232e-24	0	3.00654e-23	0	4.8254e-25	0	2.52755e-25	0	3.05037e-25	0	2.72235e-24	0	6.61333e-25	0	1.21163e-24	0	5.30983e-24	0	5.5767e-25	0	2.59721e-25	0	3.14721e-26	0	1.60936e-24	0	3.4017e-25	0	4.59968e-24	0	1.60421e-25	0
1.168e-23	0	2.89562e-25	0	3.48111e-24	0	2.58574e-24	0	3.09855e-25	0	1.056e-24	0	4.98689e-25	0	4.00781e-26	0	6.7574e-25	0	5.59237e-24	0	2.48834e-23	0	4.66112e-25	0	2.16283e-25	0	2.75381e-25	0	2.40782e-24	0	6.15363e-25	0	9.36227e-25	0	4.58823e-24	0	5.5767e-25	0	2.41232e-25	0	2.85567e-26	0	1.60936e-24	0	2.60724e-25	0	4.40304e-24	0	1.31431e-25	0
1.13191e-23	0	2.89562e-25	0	3.20496e-24	0	2.26308e-24	0	2.92949e-25	0	9.32528e-25	0	4.77549e-25	0	4.00781e-26	0	6.26194e-25	0	5.08189e-24	0	2.48834e-23	0	3.47421e-25	0	1.92848e-25	0	2.75381e-25	0	2.3794e-24	0	5.85643e-25	0	9.36227e-25	0	4.15381e-24	0	4.12963e-25	0	2.28956e-25	0	2.57206e-26	0	1.50894e-24	0	2.32727e-25	0	4.33209e-24	0	1.31431e-25	0
1.06496e-23	0	2.89562e-25	0	2.8405e-24	0	2.26308e-24	0	2.59717e-25	0	8.5951e-25	0	4.30968e-25	0	3.4149e-26	0	4.13446e-25	0	5.04559e-24	0	2.34085e-23	0	2.65876e-25	0	1.9077e-25	0	2.42622e-25	0	1.90545e-24	0	5.27324e-25	0	9.36227e-25	0	4.03354e-24	0	3.82154e-25	0	2.08868e-25	0	2.12304e-26	0	6.06076e-25	0	2.17036e-25	0	3.99502e-24	0	1.26381e-25	0
9.53075e-24	0	2.28175e-25	0	2.64301e-24	0	2.07418e-24	0	2.42314e-25	0	8.43547e-25	0	3.56348e-25	0	2.80765e-26	0	4.13446e-25	0	4.26121e-24	0	1.96602e-23	0	2.45493e-25	0	1.7082e-25	0	2.4066e-25	0	1.90545e-24	0	5.27324e-25	0	8.90997e-25	0	3.45597e-24	0	3.27475e-25	0	1.94236e-25	0	2.0595e-26	0	6.06076e-25	0	2.13069e-25	0	3.88023e-24	0	7.7184e-26	0
9.24585e-24	0	2.21767e-25	0	2.32172e-24	0	2.07418e-24	0	2.15758e-25	0	7.70551e-25	0	3.56348e-25	0	2.80765e-26	0	3.73664e-25	0	4.18943e-24	0	1.91474e-23	0	2.19938e-25	0	1.54828e-25	0	2.00005e-25	0	1.90545e-24	0	5.25521e-25	0	7.41766e-25	0	3.00439e-24	0	2.55489e-25	0	1.73392e-25	0	1.96884e-26	0	6.06076e-25	0	1.99908e-25	0	3.76363e-24	0	7.7184e-26	0
9.16694e-24	0	2.04268e-25	0	2.32172e-24	0	1.805e-24	0	1.9429e-25	0	5.92131e-25	0	3.34593e-25	0	2.74612e-26	0	3.38466e-25	0	3.48087e-24	0	1.7584e-23	0	2.19938e-25	0	1.2034e-25	0	1.86852e-25	0	1.79783e-24	0	4.51245e-25	0	7.41766e-25	0	2.84965e-24	0	2.47763e-25	0	1.68543e-25	0	1.73445e-26	0	5.65566e-25	0	1.70463e-25	0	3.60923e-24	0	7.7184e-26	0
8.11534e-24	0	1.96374e-25	0	2.02123e-24	0	1.805e-24	0	1.85341e-25	0	5.92131e-25	0	3.3143e-25	0	2.20548e-26	0	2.92054e-25	0	3.33957e-24	0	1.49975e-23	0	2.17428e-25	0	1.2034e-25	0	1.74973e-25	0	1.57573e-24	0	4.48591e-25	0	6.72824e-25	0	2.50549e-24	0	1.94874e-25	0	1.54624e-25	0	1.67931e-26	0	5.39447e-25	0	1.61699e-25	0	3.53491e-24	0	7.7184e-26	0
7.71513e-24	0	1.63331e-25	0	1.73755e-24	0	1.57154e-24	0	1.71792e-25	0	5.73376e-25	0	3.17047e-25	0	2.20548e-26	0	2.48983e-25	0	2.97002e-24	0	1.49975e-23	0	1.92767e-25	0	1.00501e-25	0	1.411e-25	0	1.57573e-24	0	4.20539e-25	0	6.10587e-25	0	2.41948e-24	0	1.94874e-25	0	1.4366e-25	0	1.64735e-26	0	5.39447e-25	0	1.35921e-25	0	3.2264e-24	0	6.93857e-26	0
6.965e-24	0	1.58617e-25	0	1.54652e-24	0	1.53189e-24	0	1.35269e-25	0	5.37589e-25	0	2.8367e-25	0	2.05359e-26	0	2.43088e-25	0	2.69222e-24	0	1.44318e-23	0	1.32797e-25	0	9.02325e-26	0	1.411e-25	0	1.39935e-24	0	3.86938e-25	0	4.97347e-25	0	2.02089e-24	0	1.66871e-25	0	1.4366e-25	0	1.61865e-26	0	5.18252e-25	0	1.2245e-25	0	3.02712e-24	0	5.89826e-26	0
6.87929e-24	0	1.38452e-25	0	1.44916e-24	0	1.43971e-24	0	1.35269e-25	0	5.37589e-25	0	2.60363e-25	0	1.78158e-26	0	2.13663e-25	0	2.69222e-24	0	1.1228e-23	0	1.32797e-25	0	8.97529e-26	0	1.2177e-25	0	1.27261e-24	0	3.70989e-25	0	4.48015e-25	0	2.02089e-24	0	1.66871e-25	0	1.23511e-25	0	1.29963e-26	0	3.82355e-25	0	1.2245e-25	0	2.84022e-24	0	4.9648e-26	0
5.62893e-24	0	1.38452e-25	0	1.27863e-24	0	1.38742e-24	0	1.33302e-25	0	4.44705e-25	0	2.57978e-25	0	1.78158e-26	0	1.78678e-25	0	2.69222e-24	0	1.1228e-23	0	1.32702e-25	0	7.39707e-26	0	1.18468e-25	0	1.21534e-24	0	2.99323e-25	0	3.78127e-25	0	1.63373e-24	0	1.26503e-25	0	1.06187e-25	0	1.12364e-26	0	3.63467e-25	0	1.12631e-25	0	2.37003e-24	0	4.95245e-26	0
5.18113e-24	0	1.1474e-25	0	1.12501e-24	0	1.2547e-24	0	1.18206e-25	0	3.9572e-25	0	2.57978e-25	0	1.78158e-26	0	1.47811e-25	0	2.48647e-24	0	1.01856e-23	0	1.06889e-25	0	7.33177e-26	0	9.87691e-26	0	9.80665e-25	0	2.99323e-25	0	3.78127e-25	0	1.63373e-24	0	1.26503e-25	0	1.06172e-25	0	1.00975e-26	0	2.83498e-25	0	1.08176e-25	0	2.27227e-24	0	4.11435e-26	0
4.22486e-24	0	1.14728e-25	0	8.73534e-25	0	1.05006e-24	0	1.04023e-25	0	3.9572e-25	0	2.44732e-25	0	1.6372e-26	0	1.20851e-25	0	2.15318e-24	0	9.76017e-24	0	9.71604e-26	0	6.13689e-26	0	8.90056e-26	0	9.44232e-25	0	2.45958e-25	0	3.29145e-25	0	1.53387e-24	0	1.26503e-25	0	9.80576e-26	0	9.20104e-27	0	2.47166e-25	0	9.80404e-26	0	2.25301e-24	0	3.61048e-26	0
3.83466e-24	0	1.12883e-25	0	8.73534e-25	0	9.60107e-25	0	8.72393e-26	0	3.7721e-25	0	2.2276e-25	0	1.40491e-26	0	1.20851e-25	0	2.05758e-24	0	8.82912e-24	0	9.71604e-26	0	5.79207e-26	0	7.76083e-26	0	8.88489e-25	0	2.41082e-25	0	3.18783e-25	0	1.44616e-24	0	1.1683e-25	0	9.02972e-26	0	9.09739e-27	0	2.47166e-25	0	8.55836e-26	0	1.86467e-24	0	3.61048e-26	0
3.13868e-24	0	1.03151e-25	0	7.64136e-25	0	9.60107e-25	0	7.46351e-26	0	3.43369e-25	0	2.03876e-25	0	1.02781e-26	0	1.02113e-25	0	2.02628e-24	0	7.07973e-24	0	9.59564e-26	0	4.73662e-26	0	6.3018e-26	0	8.41204e-25	0	2.11348e-25	0	2.74282e-25	0	1.29711e-24	0	1.00179e-25	0	8.99635e-26	0	7.65511e-27	0	2.47166e-25	0	8.19889e-26	0	1.86467e-24	0	3.15842e-26	0
2.74971e-24	0	8.67962e-26	0	7.64136e-25	0	8.18007e-25	0	7.46351e-26	0	2.95381e-25	0	1.99922e-25	0	1.02781e-26	0	8.83059e-26	0	1.77867e-24	0	6.20102e-24	0	8.49121e-26	0	3.41512e-26	0	5.63876e-26	0	8.17237e-25	0	2.0955e-25	0	2.73064e-25	0	1.20212e-24	0	8.50181e-26	0	7.90321e-26	0	6.31784e-27	0	2.16938e-25	0	7.07079e-26	0	1.39241e-24	0	3.15842e-26	0
2.42196e-24	0	8.00418e-26	0	7.38884e-25	0	7.60803e-25	0	7.46351e-26	0	2.82349e-25	0	1.88556e-25	0	9.3837e-27	0	8.54125e-26	0	1.63395e-24	0	5.20221e-24	0	7.76664e-26	0	3.41512e-26	0	5.11877e-26	0	7.66199e-25	0	1.92698e-25	0	2.42877e-25	0	1.08109e-24	0	6.45825e-26	0	7.3375e-26	0	6.12141e-27	0	1.74147e-25	0	5.61915e-26	0	1.39241e-24	0	2.62464e-26	0
2.34005e-24	0	7.51814e-26	0	6.21315e-25	0	5.5524e-25	0	6.64955e-26	0	2.77382e-25	0	1.72839e-25	0	8.46986e-27	0	8.54125e-26	0	1.56019e-24	0	4.56561e-24	0	5.76932e-26	0	3.40293e-26	0	4.5922e-26	0	7.03777e-25	0	1.92698e-25	0	2.14703e-25	0	9.65395e-25	0	6.45825e-26	0	6.31104e-26	0	5.54575e-27	0	1.74147e-25	0	5.06871e-26	0	1.30843e-24	0	2.35502e-26	0
1.76937e-24	0	6.18463e-26	0	5.42616e-25	0	5.5524e-25	0	6.36511e-26	0	2.73238e-25	0	1.60054e-25	0	8.11265e-27	0	6.75827e-26	0	1.41121e-24	0	4.15423e-24	0	5.09902e-26	0	2.55278e-26	0	3.64562e-26	0	6.52809e-25	0	1.71875e-25	0	1.81822e-25	0	8.2143e-25	0	6.1307e-26	0	6.31104e-26	0	5.08446e-27	0	1.48837e-25	0	4.37117e-26	0	1.23954e-24	0	2.1247e-26	0
1.57835e-24	0	6.18463e-26	0	5.2526e-25	0	4.05211e-25	0	5.74204e-26	0	2.40237e-25	0	1.42368e-25	0	8.11265e-27	0	6.7405e-26	0	1.1621e-24	0	2.93161e-24	0	4.41026e-26	0	2.55278e-26	0	2.92791e-26	0	6.12163e-25	0	1.55938e-25	0	1.57475e-25	0	8.2143e-25	0	4.60198e-26	0	5.64365e-26	0	3.60983e-27	0	1.33413e-25	0	4.37117e-26	0	1.09949e-24	0	2.11797e-26	0
1.56697e-24	0	5.26302e-26	0	4.55949e-25	0	4.05211e-25	0	5.74204e-26	0	2.27806e-25	0	1.4074e-25	0	6.49652e-27	0	6.01491e-26	0	1.1621e-24	0	2.93161e-24	0	4.16205e-26	0	1.96583e-26	0	2.91445e-26	0	5.80074e-25	0	1.52197e-25	0	1.49975e-25	0	6.74558e-25	0	4.06723e-26	0	4.96287e-26	0	3.60983e-27	0	1.0962e-25	0	3.6073e-26	0	9.11917e-25	0	1.64684e-26	0
1.47171e-24	0	5.05961e-26	0	4.02347e-25	0	3.18542e-25	0	5.10139e-26	0	2.24607e-25	0	1.25766e-25	0	5.66201e-27	0	4.64176e-26	0	1.1621e-24	0	2.93161e-24	0	4.13e-26	0	1.93632e-26	0	2.68978e-26	0	5.3204e-25	0	1.40964e-25	0	1.46469e-25	0	6.74558e-25	0	3.73659e-26	0	4.95255e-26	0	3.60983e-27	0	1.0962e-25	0	3.6073e-26	0	8.92092e-25	0	1.63365e-26	0
1.31304e-24	0	4.1884e-26	0	3.81324e-25	0	3.18542e-25	0	5.10139e-26	0	1.94953e-25	0	1.116e-25	0	5.66201e-27	0	4.64176e-26	0	1.0565e-24	0	2.35148e-24	0	3.31925e-26	0	1.73466e-26	0	1.75721e-26	0	4.95509e-25	0	1.32642e-25	0	1.20952e-25	0	6.74558e-25	0	3.09304e-26	0	4.0103e-26	0	2.99458e-27	0	8.48224e-26	0	2.44376e-26	0	8.2585e-25	0	1.52309e-26	0
1.13753e-24	0	3.95687e-26	0	3.5434e-25	0	3.06586e-25	0	4.34748e-26	0	1.74869e-25	0	1.09293e-25	0	5.39265e-27	0	4.19786e-26	0	8.47746e-25	0	2.35148e-24	0	3.02583e-26	0	1.44482e-26	0	1.71656e-26	0	4.91279e-25	0	1.16239e-25	0	1.20952e-25	0	6.07073e-25	0	2.51655e-26	0	4.0103e-26	0	2.65161e-27	0	7.63565e-26	0	1.93218e-26	0	7.00099e-25	0	1.27818e-26	0
8.2825e-25	0	3.81464e-26	0	3.47574e-25	0	2.57021e-25	0	3.95167e-26	0	1.54688e-25	0	9.12983e-26	0	5.18222e-27	0	3.42825e-26	0	8.3381e-25	0	2.31324e-24	0	2.45935e-26	0	1.10701e-26	0	1.43976e-26	0	4.39622e-25	0	1.01546e-25	0	9.9813e-26	0	5.52341e-25	0	2.51655e-26	0	3.83676e-26	0	2.11597e-27	0	7.63565e-26	0	1.88028e-26	0	6.98004e-25	0	1.27818e-26	0
8.2825e-25	0	3.42037e-26	0	3.01934e-25	0	1.93874e-25	0	3.85471e-26	0	1.30874e-25	0	8.96578e-26	0	5.18222e-27	0	3.23136e-26	0	6.88203e-25	0	2.0576e-24	0	2.18319e-26	0	1.10701e-26	0	1.43976e-26	0	4.01787e-25	0	8.6401e-26	0	9.66717e-26	0	5.24477e-25	0	1.82999e-26	0	3.69086e-26	0	1.93054e-27	0	6.02731e-26	0	1.7307e-26	0	6.05405e-25	0	9.1991e-27	0
7.14705e-25	0	3.23357e-26	0	2.2753e-25	0	1.61813e-25	0	3.84178e-26	0	1.27031e-25	0	7.95377e-26	0	4.65769e-27	0	2.28018e-26	0	6.61542e-25	0	1.83125e-24	0	1.93675e-26	0	1.0341e-26	0	1.29257e-26	0	3.71353e-25	0	8.58731e-26	0	8.06699e-26	0	4.88226e-25	0	1.82999e-26	0	3.14265e-26	0	1.93054e-27	0	6.02731e-26	0	1.07665e-26	0	4.4612e-25	0	8.58853e-27	0
6.30843e-25	0	2.72914e-26	0	2.2753e-25	0	1.61813e-25	0	2.92331e-26	0	1.13248e-25	0	7.23419e-26	0	4.17465e-27	0	2.28018e-26	0	6.23315e-25	0	1.83125e-24	0	1.73564e-26	0	7.89547e-27	0	1.29257e-26	0	3.3449e-25	0	8.58731e-26	0	7.18571e-26	0	4.43961e-25	0	1.82265e-26	0	2.9275e-26	0	1.64977e-27	0	4.772e-26	0	1.07665e-26	0	4.4612e-25	0	7.94981e-27	0
4.87045e-25	0	2.50097e-26	0	1.83092e-25	0	1.44446e-25	0	2.92331e-26	0	1.02528e-25	0	6.36285e-26	0	4.17465e-27	0	1.87522e-26	0	5.36329e-25	0	1.71423e-24	0	1.48649e-26	0	7.89547e-27	0	1.29257e-26	0	3.24067e-25	0	7.40881e-26	0	6.70839e-26	0	3.74016e-25	0	1.29457e-26	0	2.49871e-26	0	1.54771e-27	0	4.52669e-26	0	1.07665e-26	0	4.21196e-25	0	7.30975e-27	0
4.84192e-25	0	2.22774e-26	0	1.83092e-25	0	1.23493e-25	0	2.78371e-26	0	8.90634e-26	0	6.29699e-26	0	3.68256e-27	0	1.87522e-26	0	4.95633e-25	0	1.45913e-24	0	1.48649e-26	0	7.89547e-27	0	9.55848e-27	0	2.94485e-25	0	7.23128e-26	0	6.63127e-26	0	3.43661e-25	0	1.29457e-26	0	2.36153e-26	0	1.39377e-27	0	4.52669e-26	0	1.07665e-26	0	3.48942e-25	0	6.81316e-27	0
4.29592e-25	0	2.1894e-26	0	1.44287e-25	0	1.03732e-25	0	2.70736e-26	0	8.60008e-26	0	5.69777e-26	0	3.68256e-27	0	1.57096e-26	0	4.94463e-25	0	1.45913e-24	0	9.66242e-27	0	7.89547e-27	0	9.43977e-27	0	2.60197e-25	0	5.90923e-26	0	5.48916e-26	0	3.06552e-25	0	1.29004e-26	0	2.16348e-26	0	1.39377e-27	0	4.13057e-26	0	1.06231e-26	0	3.36939e-25	0	5.82598e-27	0
3.63337e-25	0	1.72637e-26	0	1.38528e-25	0	9.37556e-26	0	2.45017e-26	0	7.88201e-26	0	5.35788e-26	0	3.21328e-27	0	1.41892e-26	0	4.25397e-25	0	1.35085e-24	0	8.38086e-27	0	5.47801e-27	0	8.275e-27	0	2.4546e-25	0	5.90923e-26	0	5.03532e-26	0	2.58368e-25	0	6.9733e-27	0	1.79948e-26	0	1.2502e-27	0	3.21214e-26	0	9.86313e-27	0	2.75369e-25	0	5.47415e-27	0
2.35806e-25	0	1.5865e-26	0	1.03255e-25	0	8.13018e-26	0	2.22101e-26	0	7.15614e-26	0	5.28121e-26	0	3.21328e-27	0	1.34129e-26	0	3.63846e-25	0	1.13357e-24	0	8.38086e-27	0	5.00272e-27	0	7.86964e-27	0	2.22106e-25	0	5.71953e-26	0	4.12715e-26	0	2.50874e-25	0	6.9733e-27	0	1.79948e-26	0	1.11265e-27	0	3.21214e-26	0	8.75083e-27	0	2.51377e-25	0	5.47415e-27	0
2.27257e-25	0	1.46015e-26	0	1.03255e-25	0	8.13018e-26	0	2.09189e-26	0	5.39386e-26	0	4.64409e-26	0	3.21328e-27	0	1.31044e-26	0	3.00898e-25	0	1.13357e-24	0	8.38086e-27	0	5.00272e-27	0	7.18495e-27	0	1.7627e-25	0	4.93179e-26	0	3.14971e-26	0	2.2583e-25	0	6.9733e-27	0	1.79948e-26	0	1.11265e-27	0	3.21214e-26	0	8.05886e-27	0	2.22832e-25	0	5.04896e-27	0
2.27257e-25	0	1.3183e-26	0	1.03255e-25	0	7.7783e-26	0	1.73082e-26	0	5.2195e-26	0	4.64409e-26	0	2.79045e-27	0	7.54176e-27	0	2.51391e-25	0	1.03115e-24	0	8.38086e-27	0	4.22007e-27	0	6.16007e-27	0	1.7627e-25	0	4.39482e-26	0	2.87014e-26	0	2.01316e-25	0	6.9733e-27	0	1.56605e-26	0	8.33592e-28	0	2.63104e-26	0	6.4487e-27	0	1.83404e-25	0	4.5746e-27	0
1.77757e-25	0	1.12319e-26	0	7.84759e-26	0	7.39015e-26	0	1.42782e-26	0	3.82499e-26	0	4.10987e-26	0	2.79045e-27	0	7.54176e-27	0	2.51391e-25	0	9.00347e-25	0	6.53162e-27	0	4.22007e-27	0	5.93485e-27	0	1.71974e-25	0	3.73289e-26	0	2.68007e-26	0	2.00163e-25	0	6.9733e-27	0	1.5544e-26	0	8.33592e-28	0	2.34743e-26	0	5.56587e-27	0	1.7219e-25	0	4.5746e-27	0
1.77757e-25	0	8.57516e-27	0	7.84759e-26	0	6.90631e-26	0	1.42782e-26	0	3.82499e-26	0	3.91092e-26	0	2.57958e-27	0	7.54176e-27	0	2.41363e-25	0	8.45405e-25	0	6.09538e-27	0	3.15485e-27	0	5.31905e-27	0	1.59501e-25	0	3.59601e-26	0	2.2768e-26	0	1.89294e-25	0	6.11195e-27	0	1.53235e-26	0	8.33592e-28	0	1.98725e-26	0	5.56587e-27	0	1.67337e-25	0	4.4265e-27	0
1.441e-25	0	8.43213e-27	0	7.49416e-26	0	5.56315e-26	0	1.39564e-26	0	3.46939e-26	0	3.80427e-26	0	2.03289e-27	0	7.43084e-27	0	2.41363e-25	0	7.15153e-25	0	6.09538e-27	0	3.15485e-27	0	4.58944e-27	0	1.2864e-25	0	3.50392e-26	0	1.88838e-26	0	1.81839e-25	0	6.11195e-27	0	1.42084e-26	0	7.21672e-28	0	1.67811e-26	0	5.14283e-27	0	1.34094e-25	0	4.33504e-27	0
1.441e-25	0	8.43213e-27	0	7.13812e-26	0	5.56315e-26	0	1.3614e-26	0	2.94127e-26	0	3.39597e-26	0	1.81484e-27	0	7.43084e-27	0	1.89225e-25	0	6.22291e-25	0	6.09538e-27	0	2.95425e-27	0	4.58944e-27	0	1.15608e-25	0	2.43506e-26	0	1.64338e-26	0	1.54978e-25	0	6.11195e-27	0	1.28833e-26	0	7.21672e-28	0	1.34137e-26	0	4.15873e-27	0	1.34094e-25	0	3.39235e-27	0
1.07522e-25	0	7.27566e-27	0	5.65854e-26	0	4.49272e-26	0	1.21016e-26	0	2.55988e-26	0	3.22873e-26	0	1.81484e-27	0	7.21114e-27	0	1.84849e-25	0	5.10468e-25	0	5.20905e-27	0	2.3692e-27	0	4.16377e-27	0	1.11677e-25	0	2.43506e-26	0	1.3563e-26	0	1.35252e-25	0	4.88469e-27	0	1.11561e-26	0	6.34885e-28	0	1.34137e-26	0	3.18483e-27	0	9.40202e-26	0	3.14938e-27	0
1.07522e-25	0	6.22963e-27	0	4.90056e-26	0	4.13109e-26	0	1.04548e-26	0	2.16739e-26	0	2.60728e-26	0	1.55169e-27	0	6.73575e-27	0	1.84849e-25	0	5.10468e-25	0	3.9275e-27	0	2.12776e-27	0	3.77802e-27	0	1.11643e-25	0	2.39877e-26	0	1.29996e-26	0	1.35252e-25	0	4.88469e-27	0	1.11561e-26	0	6.34885e-28	0	1.34137e-26	0	3.18483e-27	0	9.40202e-26	0	2.89892e-27	0
9.0819e-26	0	5.99835e-27	0	4.90056e-26	0	4.07287e-26	0	9.95756e-27	0	1.89636e-26	0	2.5238e-26	0	1.55169e-27	0	6.01053e-27	0	1.81129e-25	0	4.48095e-25	0	3.9275e-27	0	2.12776e-27	0	2.77704e-27	0	9.28665e-26	0	1.93451e-26	0	9.09739e-27	0	1.33921e-25	0	3.94692e-27	0	9.18333e-27	0	6.34885e-28	0	1.34137e-26	0	3.18483e-27	0	9.40202e-26	0	2.17002e-27	0
9.0819e-26	0	5.1597e-27	0	4.90056e-26	0	3.6545e-26	0	9.32971e-27	0	1.89636e-26	0	2.30647e-26	0	1.44664e-27	0	6.01053e-27	0	1.73309e-25	0	4.48095e-25	0	2.72413e-27	0	1.79926e-27	0	2.77704e-27	0	8.15643e-26	0	1.93451e-26	0	9.09739e-27	0	1.2166e-25	0	3.94692e-27	0	8.10732e-27	0	6.34885e-28	0	1.01774e-26	0	2.76068e-27	0	8.0083e-26	0	1.94612e-27	0
8.65219e-26	0	5.13693e-27	0	3.31019e-26	0	3.50283e-26	0	6.09415e-27	0	1.87105e-26	0	2.22553e-26	0	1.32529e-27	0	5.74938e-27	0	1.73309e-25	0	4.09602e-25	0	2.69047e-27	0	1.02381e-27	0	2.4149e-27	0	8.00925e-26	0	1.93451e-26	0	9.09739e-27	0	1.15606e-25	0	2.83344e-27	0	6.75975e-27	0	5.74537e-28	0	9.94188e-27	0	2.09942e-27	0	6.60093e-26	0	1.82785e-27	0
7.18802e-26	0	4.20094e-27	0	3.06652e-26	0	3.06075e-26	0	6.09415e-27	0	1.79693e-26	0	2.16703e-26	0	1.32529e-27	0	4.77474e-27	0	1.38714e-25	0	3.71715e-25	0	2.16883e-27	0	1.02381e-27	0	2.4149e-27	0	7.21988e-26	0	1.72153e-26	0	7.50381e-27	0	9.93009e-26	0	2.66226e-27	0	5.56084e-27	0	5.74537e-28	0	8.80582e-27	0	2.07792e-27	0	6.19588e-26	0	1.38008e-27	0
6.28037e-26	0	4.01397e-27	0	2.60656e-26	0	3.04682e-26	0	4.41387e-27	0	1.48198e-26	0	2.16703e-26	0	1.14933e-27	0	3.65988e-27	0	1.33978e-25	0	3.68408e-25	0	1.64226e-27	0	1.02381e-27	0	1.67027e-27	0	6.63052e-26	0	1.64234e-26	0	7.50381e-27	0	9.93009e-26	0	2.35539e-27	0	5.04591e-27	0	5.74537e-28	0	7.71767e-27	0	2.07792e-27	0	5.78179e-26	0	1.31352e-27	0
6.1516e-26	0	4.01397e-27	0	2.60656e-26	0	2.88363e-26	0	4.41387e-27	0	1.20477e-26	0	1.87516e-26	0	1.10368e-27	0	3.65988e-27	0	1.14491e-25	0	2.71039e-25	0	1.64226e-27	0	1.02381e-27	0	1.67027e-27	0	5.72497e-26	0	1.44602e-26	0	6.62742e-27	0	9.45515e-26	0	2.35539e-27	0	3.39483e-27	0	5.35107e-28	0	7.71767e-27	0	1.94006e-27	0	4.51641e-26	0	1.10204e-27	0
5.66376e-26	0	3.78007e-27	0	2.60656e-26	0	2.34696e-26	0	4.41387e-27	0	1.06413e-26	0	1.65613e-26	0	1.10368e-27	0	3.65988e-27	0	1.02644e-25	0	2.71039e-25	0	1.64226e-27	0	1.02381e-27	0	1.67027e-27	0	5.0129e-26	0	1.27499e-26	0	5.20023e-27	0	8.97134e-26	0	2.33582e-27	0	3.26352e-27	0	5.11034e-28	0	6.78997e-27	0	1.94006e-27	0	4.1615e-26	0	1.10204e-27	0
5.66376e-26	0	3.1018e-27	0	2.43366e-26	0	2.34696e-26	0	4.41387e-27	0	1.06413e-26	0	1.43736e-26	0	1.0171e-27	0	3.2623e-27	0	9.25423e-26	0	2.71039e-25	0	1.64226e-27	0	1.02381e-27	0	1.67027e-27	0	4.50576e-26	0	1.27499e-26	0	4.03207e-27	0	8.15158e-26	0	1.9448e-27	0	3.26352e-27	0	5.11034e-28	0	6.52236e-27	0	1.80389e-27	0	3.35576e-26	0	9.60993e-28	0
4.4806e-26	0	3.02791e-27	0	2.32885e-26	0	2.09536e-26	0	4.28782e-27	0	9.93024e-27	0	1.3115e-26	0	8.27971e-28	0	3.2623e-27	0	7.9231e-26	0	2.52938e-25	0	1.64226e-27	0	1.02381e-27	0	1.46153e-27	0	3.69777e-26	0	1.14207e-26	0	3.56995e-27	0	7.85266e-26	0	1.26283e-27	0	2.64748e-27	0	4.92804e-28	0	6.07271e-27	0	1.62186e-27	0	2.79389e-26	0	8.91672e-28	0
4.36357e-26	0	2.47885e-27	0	2.15886e-26	0	2.09536e-26	0	3.77613e-27	0	8.93291e-27	0	1.12932e-26	0	8.27971e-28	0	3.08579e-27	0	7.65804e-26	0	2.52651e-25	0	1.35684e-27	0	1.02381e-27	0	1.46153e-27	0	3.64425e-26	0	1.08356e-26	0	3.56995e-27	0	7.56886e-26	0	1.26283e-27	0	2.46634e-27	0	4.44375e-28	0	4.99137e-27	0	1.47405e-27	0	2.79389e-26	0	8.91672e-28	0
3.90288e-26	0	2.37936e-27	0	1.98385e-26	0	1.99457e-26	0	3.25588e-27	0	8.30805e-27	0	1.09429e-26	0	8.27971e-28	0	2.5826e-27	0	6.73856e-26	0	2.30102e-25	0	1.35684e-27	0	1.00694e-27	0	1.46153e-27	0	3.24593e-26	0	1.07612e-26	0	3.56995e-27	0	7.56886e-26	0	1.26283e-27	0	2.11372e-27	0	4.44375e-28	0	4.99137e-27	0	1.34841e-27	0	2.73386e-26	0	7.57947e-28	0
3.90288e-26	0	2.14831e-27	0	1.73658e-26	0	1.80435e-26	0	3.2339e-27	0	6.92718e-27	0	9.28272e-27	0	7.23632e-28	0	2.17091e-27	0	5.67753e-26	0	2.09677e-25	0	1.16107e-27	0	6.98142e-28	0	1.11012e-27	0	2.93403e-26	0	9.80712e-27	0	3.56995e-27	0	7.36869e-26	0	1.26283e-27	0	1.91571e-27	0	4.40973e-28	0	4.97204e-27	0	1.34841e-27	0	2.73386e-26	0	6.28587e-28	0
3.47536e-26	0	1.83908e-27	0	1.31766e-26	0	1.80435e-26	0	2.94191e-27	0	5.79576e-27	0	9.28272e-27	0	6.41344e-28	0	1.92192e-27	0	5.01692e-26	0	2.0123e-25	0	1.16107e-27	0	6.98142e-28	0	1.11012e-27	0	2.58363e-26	0	8.9905e-27	0	3.56995e-27	0	6.55452e-26	0	1.12161e-27	0	1.76159e-27	0	4.07693e-28	0	4.68116e-27	0	1.20641e-27	0	2.22977e-26	0	6.28587e-28	0
2.81702e-26	0	1.83908e-27	0	1.24885e-26	0	1.5611e-26	0	2.94191e-27	0	5.38417e-27	0	8.00315e-27	0	6.41344e-28	0	1.89746e-27	0	4.35341e-26	0	1.8947e-25	0	1.16107e-27	0	6.98142e-28	0	1.11012e-27	0	2.48144e-26	0	8.13025e-27	0	2.59679e-27	0	6.08871e-26	0	1.12161e-27	0	1.76159e-27	0	4.07693e-28	0	4.13882e-27	0	1.20641e-27	0	1.97493e-26	0	6.28587e-28	0
2.64482e-26	0	1.39684e-27	0	1.24885e-26	0	1.37847e-26	0	2.2354e-27	0	4.64142e-27	0	7.04755e-27	0	6.30152e-28	0	1.54662e-27	0	4.17933e-26	0	1.62237e-25	0	1.15903e-27	0	6.98142e-28	0	1.01986e-27	0	2.36207e-26	0	7.9718e-27	0	2.59679e-27	0	5.21608e-26	0	1.09888e-27	0	1.28955e-27	0	3.67856e-28	0	3.53908e-27	0	1.20641e-27	0	1.64594e-26	0	6.28587e-28	0
2.57528e-26	0	1.39684e-27	0	1.12278e-26	0	1.21542e-26	0	2.2354e-27	0	4.16583e-27	0	6.67633e-27	0	6.30152e-28	0	1.38984e-27	0	3.45878e-26	0	1.57429e-25	0	1.03602e-27	0	4.87282e-28	0	1.01986e-27	0	2.08149e-26	0	7.55438e-27	0	2.59679e-27	0	4.76987e-26	0	8.46509e-28	0	1.28955e-27	0	2.85025e-28	0	3.16606e-27	0	1.05392e-27	0	1.37992e-26	0	4.62038e-28	0
2.49866e-26	0	1.29787e-27	0	7.38488e-27	0	1.19812e-26	0	1.86117e-27	0	3.45363e-27	0	5.81139e-27	0	6.12797e-28	0	1.1543e-27	0	3.45878e-26	0	1.57429e-25	0	8.20576e-28	0	4.87282e-28	0	7.69201e-28	0	1.85756e-26	0	7.55438e-27	0	2.08305e-27	0	4.26808e-26	0	8.46509e-28	0	9.58626e-28	0	2.85025e-28	0	3.14032e-27	0	1.04964e-27	0	1.14963e-26	0	4.62038e-28	0
1.99803e-26	0	9.85928e-28	0	7.38488e-27	0	9.47862e-27	0	1.629e-27	0	3.01128e-27	0	4.45805e-27	0	5.97229e-28	0	1.1543e-27	0	3.07372e-26	0	1.48351e-25	0	8.20576e-28	0	4.87282e-28	0	6.87098e-28	0	1.36542e-26	0	6.35246e-27	0	2.08305e-27	0	3.87911e-26	0	5.49836e-28	0	9.58626e-28	0	2.85025e-28	0	3.057e-27	0	9.65566e-28	0	9.17323e-27	0	4.62038e-28	0
1.99803e-26	0	9.85928e-28	0	7.21982e-27	0	8.20126e-27	0	1.629e-27	0	2.35708e-27	0	4.45805e-27	0	5.31162e-28	0	1.08583e-27	0	3.07372e-26	0	1.17598e-25	0	7.39126e-28	0	4.87282e-28	0	6.87098e-28	0	1.36542e-26	0	6.26671e-27	0	1.68565e-27	0	3.51189e-26	0	5.49836e-28	0	9.58626e-28	0	2.85025e-28	0	2.99294e-27	0	9.21747e-28	0	7.66561e-27	0	4.62038e-28	0
1.66026e-26	0	9.85928e-28	0	4.91013e-27	0	8.20126e-27	0	1.53321e-27	0	2.18491e-27	0	4.45805e-27	0	5.31162e-28	0	9.05021e-28	0	3.07372e-26	0	9.23573e-26	0	7.39126e-28	0	4.87282e-28	0	6.87098e-28	0	1.34119e-26	0	5.80835e-27	0	1.49824e-27	0	3.44006e-26	0	5.49836e-28	0	9.04823e-28	0	2.85025e-28	0	2.70536e-27	0	9.21747e-28	0	7.66561e-27	0	4.62038e-28	0
1.35107e-26	0	8.13562e-28	0	4.91013e-27	0	7.89808e-27	0	1.36655e-27	0	2.18491e-27	0	4.16002e-27	0	4.16371e-28	0	9.05021e-28	0	2.90437e-26	0	9.01678e-26	0	5.84213e-28	0	4.50637e-28	0	6.87098e-28	0	1.19518e-26	0	5.62434e-27	0	1.49824e-27	0	2.70903e-26	0	5.49836e-28	0	9.04823e-28	0	2.85025e-28	0	2.34998e-27	0	6.82365e-28	0	7.66561e-27	0	4.62038e-28	0
1.12012e-26	0	8.13562e-28	0	4.91013e-27	0	6.71661e-27	0	1.23118e-27	0	1.99345e-27	0	3.62872e-27	0	4.16371e-28	0	8.15534e-28	0	2.90437e-26	0	8.66193e-26	0	5.84213e-28	0	4.50637e-28	0	6.87098e-28	0	1.10914e-26	0	5.10665e-27	0	1.14214e-27	0	2.45307e-26	0	5.49836e-28	0	8.23423e-28	0	2.85025e-28	0	2.11873e-27	0	6.82365e-28	0	6.6322e-27	0	4.4122e-28	0
1.10084e-26	0	6.82821e-28	0	4.91013e-27	0	6.17605e-27	0	1.0386e-27	0	1.99345e-27	0	3.4704e-27	0	4.16371e-28	0	8.15534e-28	0	2.59908e-26	0	8.11906e-26	0	5.84213e-28	0	4.33935e-28	0	5.62704e-28	0	1.03418e-26	0	4.95819e-27	0	1.14214e-27	0	2.23808e-26	0	5.49836e-28	0	8.23423e-28	0	2.85025e-28	0	2.11873e-27	0	6.82365e-28	0	5.97026e-27	0	4.19933e-28	0
1.03191e-26	0	6.61324e-28	0	4.59733e-27	0	5.72739e-27	0	1.0386e-27	0	1.63832e-27	0	3.4704e-27	0	4.16371e-28	0	7.63026e-28	0	2.4354e-26	0	6.81639e-26	0	5.84213e-28	0	4.33935e-28	0	5.595e-28	0	9.67286e-27	0	4.62509e-27	0	1.12748e-27	0	1.77749e-26	0	5.42736e-28	0	7.11318e-28	0	2.85025e-28	0	1.9803e-27	0	6.31643e-28	0	5.27389e-27	0	4.19933e-28	0
6.62668e-27	0	6.24778e-28	0	3.75849e-27	0	5.21236e-27	0	1.0386e-27	0	1.63832e-27	0	3.21998e-27	0	4.16371e-28	0	7.57159e-28	0	2.28971e-26	0	6.81639e-26	0	5.1716e-28	0	4.05475e-28	0	4.47346e-28	0	7.87398e-27	0	4.29669e-27	0	1.12748e-27	0	1.35773e-26	0	5.42736e-28	0	7.00755e-28	0	2.85025e-28	0	1.74678e-27	0	6.31643e-28	0	4.51659e-27	0	3.81476e-28	0
6.62668e-27	0	4.5463e-28	0	3.36671e-27	0	4.44164e-27	0	7.36007e-28	0	1.63832e-27	0	2.26862e-27	0	4.00014e-28	0	6.19256e-28	0	2.26033e-26	0	6.13646e-26	0	5.1716e-28	0	3.47851e-28	0	4.47346e-28	0	7.87398e-27	0	4.10666e-27	0	1.05535e-27	0	9.50307e-27	0	4.87516e-28	0	6.25813e-28	0	2.55258e-28	0	1.74678e-27	0	5.04279e-28	0	4.51659e-27	0	3.81476e-28	0
4.51963e-27	0	4.5463e-28	0	3.36671e-27	0	4.06339e-27	0	7.36007e-28	0	1.45215e-27	0	2.26862e-27	0	4.00014e-28	0	6.07879e-28	0	2.22708e-26	0	4.87111e-26	0	5.1716e-28	0	3.00014e-28	0	4.47346e-28	0	7.05321e-27	0	4.10627e-27	0	9.63162e-28	0	9.50307e-27	0	3.94677e-28	0	6.25813e-28	0	2.05104e-28	0	1.58449e-27	0	5.04279e-28	0	3.56033e-27	0	2.5781e-28	0
4.51963e-27	0	4.5463e-28	0	3.36671e-27	0	3.94259e-27	0	6.86864e-28	0	1.39911e-27	0	2.26862e-27	0	3.585e-28	0	5.29091e-28	0	2.00403e-26	0	4.32106e-26	0	5.1716e-28	0	3.00014e-28	0	4.47346e-28	0	6.2107e-27	0	3.31662e-27	0	9.63162e-28	0	9.50307e-27	0	3.94677e-28	0	6.25813e-28	0	2.05104e-28	0	1.55115e-27	0	5.04279e-28	0	3.50358e-27	0	2.5781e-28	0
4.29993e-27	0	4.5463e-28	0	2.97939e-27	0	3.94259e-27	0	6.86864e-28	0	1.13208e-27	0	2.26862e-27	0	3.585e-28	0	5.29091e-28	0	1.92434e-26	0	4.32106e-26	0	5.1716e-28	0	3.00014e-28	0	4.19144e-28	0	5.65363e-27	0	3.24163e-27	0	8.17112e-28	0	8.79773e-27	0	3.94677e-28	0	6.25813e-28	0	2.05104e-28	0	1.2786e-27	0	5.04279e-28	0	3.1801e-27	0	2.5781e-28	0
4.2246e-27	0	4.01777e-28	0	2.79005e-27	0	3.41405e-27	0	6.86864e-28	0	9.02703e-28	0	2.2276e-27	0	3.35623e-28	0	5.29091e-28	0	1.76151e-26	0	4.32106e-26	0	4.59906e-28	0	3.00014e-28	0	4.19144e-28	0	5.38102e-27	0	2.87086e-27	0	6.51168e-28	0	8.63591e-27	0	3.94677e-28	0	5.84792e-28	0	2.05104e-28	0	1.2786e-27	0	5.04279e-28	0	3.1801e-27	0	2.5781e-28	0
3.98568e-27	0	4.01777e-28	0	2.79005e-27	0	3.16793e-27	0	6.69595e-28	0	9.02703e-28	0	2.13249e-27	0	3.35623e-28	0	4.99201e-28	0	1.63736e-26	0	4.12063e-26	0	4.59906e-28	0	3.00014e-28	0	3.13178e-28	0	4.82073e-27	0	2.24416e-27	0	5.52757e-28	0	8.13125e-27	0	3.94677e-28	0	4.22102e-28	0	2.05104e-28	0	1.24625e-27	0	5.04279e-28	0	3.1801e-27	0	2.5781e-28	0
2.97544e-27	0	4.01777e-28	0	2.03782e-27	0	2.72655e-27	0	5.81588e-28	0	9.02703e-28	0	2.05045e-27	0	3.35623e-28	0	4.99201e-28	0	1.43595e-26	0	3.47732e-26	0	3.85815e-28	0	2.90547e-28	0	3.13178e-28	0	4.82073e-27	0	2.16148e-27	0	5.52757e-28	0	7.02308e-27	0	3.94677e-28	0	4.22102e-28	0	2.05104e-28	0	1.01385e-27	0	4.00409e-28	0	2.85682e-27	0	2.5781e-28	0
2.97544e-27	0	3.35032e-28	0	2.03782e-27	0	2.3621e-27	0	5.81588e-28	0	9.02703e-28	0	1.62521e-27	0	3.35623e-28	0	4.99201e-28	0	1.17513e-26	0	2.7857e-26	0	3.85815e-28	0	2.90547e-28	0	3.13178e-28	0	4.48152e-27	0	2.16148e-27	0	5.52757e-28	0	6.82547e-27	0	3.94677e-28	0	4.22102e-28	0	2.05104e-28	0	8.56765e-28	0	4.00409e-28	0	2.59614e-27	0	2.5781e-28	0
2.55532e-27	0	3.35032e-28	0	2.03782e-27	0	2.07732e-27	0	5.43377e-28	0	9.02703e-28	0	1.47898e-27	0	3.19341e-28	0	4.48073e-28	0	1.16642e-26	0	2.67497e-26	0	3.85815e-28	0	2.02996e-28	0	3.01406e-28	0	3.52448e-27	0	1.74049e-27	0	5.52757e-28	0	6.67598e-27	0	3.58007e-28	0	4.22102e-28	0	2.05104e-28	0	8.56765e-28	0	4.00409e-28	0	2.49819e-27	0	2.4218e-28	0
2.55532e-27	0	3.35032e-28	0	1.756e-27	0	2.07732e-27	0	5.43377e-28	0	8.43255e-28	0	1.47898e-27	0	3.19341e-28	0	4.48073e-28	0	9.67208e-27	0	2.50795e-26	0	3.85815e-28	0	2.02996e-28	0	3.01406e-28	0	3.33823e-27	0	1.54071e-27	0	5.52757e-28	0	5.98686e-27	0	3.21855e-28	0	3.83744e-28	0	2.05104e-28	0	8.38522e-28	0	4.00409e-28	0	2.3697e-27	0	2.4218e-28	0
2.55532e-27	0	2.85568e-28	0	1.756e-27	0	1.86641e-27	0	5.43377e-28	0	7.51254e-28	0	1.47898e-27	0	3.19341e-28	0	4.48073e-28	0	9.4788e-27	0	2.19375e-26	0	3.85815e-28	0	2.02996e-28	0	3.01406e-28	0	3.30184e-27	0	1.30556e-27	0	5.52757e-28	0	4.90865e-27	0	3.21855e-28	0	3.72996e-28	0	1.5458e-28	0	8.38522e-28	0	3.51043e-28	0	1.8883e-27	0	2.4218e-28	0
2.2836e-27	0	2.85568e-28	0	1.23187e-27	0	1.86641e-27	0	4.28117e-28	0	7.51254e-28	0	1.3642e-27	0	3.12389e-28	0	4.48073e-28	0	8.52232e-27	0	1.94812e-26	0	3.71406e-28	0	2.02996e-28	0	2.46285e-28	0	2.99261e-27	0	1.14006e-27	0	4.9379e-28	0	4.90865e-27	0	3.21855e-28	0	3.65206e-28	0	1.5458e-28	0	8.16533e-28	0	3.51043e-28	0	1.84219e-27	0	2.4218e-28	0
2.16085e-27	0	2.85568e-28	0	1.23187e-27	0	1.60322e-27	0	3.48738e-28	0	5.8992e-28	0	1.08021e-27	0	2.98054e-28	0	4.18343e-28	0	7.51603e-27	0	1.45608e-26	0	3.71406e-28	0	2.02996e-28	0	2.46285e-28	0	2.22873e-27	0	1.14006e-27	0	4.9379e-28	0	4.90865e-27	0	3.21855e-28	0	3.22891e-28	0	1.5458e-28	0	8.04996e-28	0	2.9125e-28	0	1.49568e-27	0	2.34538e-28	0
1.87538e-27	0	2.37299e-28	0	1.16146e-27	0	1.46911e-27	0	3.07816e-28	0	5.19231e-28	0	1.08021e-27	0	2.98054e-28	0	2.56343e-28	0	7.04666e-27	0	1.38019e-26	0	2.9883e-28	0	2.02996e-28	0	2.46285e-28	0	2.22873e-27	0	1.04727e-27	0	3.97943e-28	0	4.37916e-27	0	2.6147e-28	0	3.22891e-28	0	1.4658e-28	0	5.79283e-28	0	2.9125e-28	0	1.49568e-27	0	2.06682e-28	0
1.87538e-27	0	2.37299e-28	0	1.00659e-27	0	1.37741e-27	0	3.07816e-28	0	5.19231e-28	0	9.84166e-28	0	2.98054e-28	0	2.56343e-28	0	7.00923e-27	0	1.38019e-26	0	2.9883e-28	0	2.02996e-28	0	2.46285e-28	0	1.93139e-27	0	9.85645e-28	0	3.97943e-28	0	4.2326e-27	0	2.6147e-28	0	2.39222e-28	0	1.45902e-28	0	5.39581e-28	0	2.75559e-28	0	1.38667e-27	0	1.99434e-28	0
1.87538e-27	0	2.37299e-28	0	1.00659e-27	0	1.33669e-27	0	3.07816e-28	0	4.17505e-28	0	9.84166e-28	0	2.98054e-28	0	2.56343e-28	0	7.00923e-27	0	1.38019e-26	0	2.9883e-28	0	2.02996e-28	0	2.37447e-28	0	1.93139e-27	0	9.72037e-28	0	3.68595e-28	0	3.37264e-27	0	1.9194e-28	0	2.39222e-28	0	1.45902e-28	0	5.39581e-28	0	2.75559e-28	0	1.24581e-27	0	1.99434e-28	0
1.41548e-27	0	2.37299e-28	0	1.00659e-27	0	1.25277e-27	0	3.07816e-28	0	4.17505e-28	0	8.87715e-28	0	2.98054e-28	0	2.56343e-28	0	6.66824e-27	0	1.06364e-26	0	2.9883e-28	0	1.79269e-28	0	1.80846e-28	0	1.77203e-27	0	8.33037e-28	0	3.68595e-28	0	3.2265e-27	0	1.9194e-28	0	2.39222e-28	0	1.15531e-28	0	4.67265e-28	0	2.75559e-28	0	1.24581e-27	0	1.53988e-28	0
1.41548e-27	0	2.37299e-28	0	7.74513e-28	0	1.25277e-27	0	3.07816e-28	0	4.17505e-28	0	8.87715e-28	0	2.81623e-28	0	1.66647e-28	0	6.31627e-27	0	1.06364e-26	0	2.9883e-28	0	1.79269e-28	0	1.80846e-28	0	1.71913e-27	0	8.33037e-28	0	3.68595e-28	0	3.2265e-27	0	1.9194e-28	0	2.38396e-28	0	1.15531e-28	0	4.67265e-28	0	2.66401e-28	0	1.22653e-27	0	1.53988e-28	0
1.286e-27	0	2.37299e-28	0	7.74513e-28	0	1.18986e-27	0	3.07816e-28	0	4.17505e-28	0	7.75019e-28	0	2.81623e-28	0	1.66647e-28	0	6.01531e-27	0	1.06364e-26	0	2.96069e-28	0	1.79269e-28	0	1.80846e-28	0	1.66672e-27	0	7.52031e-28	0	3.68595e-28	0	3.08548e-27	0	1.9194e-28	0	2.38396e-28	0	1.15531e-28	0	4.48073e-28	0	2.66401e-28	0	1.06403e-27	0	1.53988e-28	0
1.06719e-27	0	2.10478e-28	0	7.3862e-28	0	1.15987e-27	0	2.96969e-28	0	4.17505e-28	0	7.75019e-28	0	2.58155e-28	0	1.66647e-28	0	5.54909e-27	0	9.71735e-27	0	2.46371e-28	0	1.79269e-28	0	1.80846e-28	0	1.56802e-27	0	7.52031e-28	0	3.68595e-28	0	2.24115e-27	0	1.87157e-28	0	2.33762e-28	0	1.15531e-28	0	4.48073e-28	0	2.66401e-28	0	9.15535e-28	0	1.53988e-28	0
1.06719e-27	0	2.10478e-28	0	7.3862e-28	0	9.4333e-28	0	2.96969e-28	0	3.65994e-28	0	7.15065e-28	0	2.56232e-28	0	1.66647e-28	0	5.11464e-27	0	6.37909e-27	0	2.46371e-28	0	1.79269e-28	0	1.80846e-28	0	1.56802e-27	0	7.05106e-28	0	2.49921e-28	0	2.24115e-27	0	1.87157e-28	0	2.04167e-28	0	1.15531e-28	0	4.24567e-28	0	2.66401e-28	0	9.02913e-28	0	1.53988e-28	0
1.01947e-27	0	1.7016e-28	0	6.68325e-28	0	7.41985e-28	0	2.96969e-28	0	3.65994e-28	0	5.93864e-28	0	2.56232e-28	0	1.66647e-28	0	4.61174e-27	0	6.37909e-27	0	2.46371e-28	0	1.53298e-28	0	1.39197e-28	0	1.47147e-27	0	5.90721e-28	0	2.49921e-28	0	1.97537e-27	0	1.87157e-28	0	2.00925e-28	0	1.15531e-28	0	4.24567e-28	0	2.66401e-28	0	9.02913e-28	0	1.53988e-28	0
9.14931e-28	0	1.7016e-28	0	6.68325e-28	0	5.87948e-28	0	2.96969e-28	0	3.65994e-28	0	5.93864e-28	0	2.56232e-28	0	1.66647e-28	0	4.18497e-27	0	5.07696e-27	0	2.36067e-28	0	1.53298e-28	0	1.39197e-28	0	1.35503e-27	0	5.90721e-28	0	2.49921e-28	0	1.84672e-27	0	1.67239e-28	0	1.89327e-28	0	1.15531e-28	0	4.19082e-28	0	2.66401e-28	0	8.68006e-28	0	1.53988e-28	0
7.13586e-28	0	1.7016e-28	0	5.50871e-28	0	5.87948e-28	0	2.96969e-28	0	3.65994e-28	0	5.93864e-28	0	2.21522e-28	0	1.66647e-28	0	3.65525e-27	0	5.07696e-27	0	2.36067e-28	0	1.53298e-28	0	1.27068e-28	0	1.2228e-27	0	5.90721e-28	0	2.49921e-28	0	1.52917e-27	0	1.67239e-28	0	1.89327e-28	0	1.15531e-28	0	4.19082e-28	0	2.53779e-28	0	8.68006e-28	0	1.41761e-28	0
7.13586e-28	0	1.7016e-28	0	4.74105e-28	0	5.87948e-28	0	2.96969e-28	0	3.29152e-28	0	5.93864e-28	0	2.21522e-28	0	1.66647e-28	0	3.33313e-27	0	4.89899e-27	0	2.36067e-28	0	1.53298e-28	0	1.27068e-28	0	1.15174e-27	0	5.22867e-28	0	2.49921e-28	0	1.43539e-27	0	1.67239e-28	0	1.3831e-28	0	1.15531e-28	0	3.69433e-28	0	1.74979e-28	0	8.68006e-28	0	1.41761e-28	0
7.13586e-28	0	1.66215e-28	0	4.74105e-28	0	5.87948e-28	0	2.74524e-28	0	3.0593e-28	0	5.67055e-28	0	2.21522e-28	0	1.59596e-28	0	3.14386e-27	0	4.89899e-27	0	2.17578e-28	0	1.53298e-28	0	1.21337e-28	0	1.09045e-27	0	4.67067e-28	0	2.49921e-28	0	1.41305e-27	0	1.67239e-28	0	1.3831e-28	0	1.0429e-28	0	3.69433e-28	0	1.74979e-28	0	7.56764e-28	0	1.13842e-28	0
6.66045e-28	0	1.66215e-28	0	4.12771e-28	0	5.87948e-28	0	2.35734e-28	0	2.58512e-28	0	4.86924e-28	0	2.21522e-28	0	1.59596e-28	0	3.14386e-27	0	3.39542e-27	0	2.17578e-28	0	1.53298e-28	0	1.21337e-28	0	1.04787e-27	0	4.67067e-28	0	2.49921e-28	0	1.41305e-27	0	1.67239e-28	0	1.3831e-28	0	1.0429e-28	0	3.08642e-28	0	1.74979e-28	0	7.56764e-28	0	1.13842e-28	0
6.66045e-28	0	1.66215e-28	0	4.12771e-28	0	5.87948e-28	0	2.35734e-28	0	2.58512e-28	0	4.32542e-28	0	2.21522e-28	0	1.45791e-28	0	2.6342e-27	0	3.39542e-27	0	2.17578e-28	0	1.53298e-28	0	1.16813e-28	0	1.04787e-27	0	4.58686e-28	0	2.49921e-28	0	1.27347e-27	0	1.39826e-28	0	1.3831e-28	0	1.0413e-28	0	3.08642e-28	0	1.74979e-28	0	6.02936e-28	0	1.13842e-28	0
6.66045e-28	0	1.66215e-28	0	4.12771e-28	0	5.20513e-28	0	2.35734e-28	0	2.58512e-28	0	4.32542e-28	0	2.21522e-28	0	1.45791e-28	0	2.6342e-27	0	3.39542e-27	0	2.17578e-28	0	1.00346e-28	0	1.16813e-28	0	9.98464e-28	0	4.23187e-28	0	2.49921e-28	0	1.09992e-27	0	1.34168e-28	0	1.3831e-28	0	1.0413e-28	0	3.08642e-28	0	1.74979e-28	0	6.02936e-28	0	1.09109e-28	0
5.4191e-28	0	1.65118e-28	0	4.12771e-28	0	5.20513e-28	0	2.28178e-28	0	2.58512e-28	0	3.74561e-28	0	2.21522e-28	0	1.45791e-28	0	2.62947e-27	0	3.39542e-27	0	1.98066e-28	0	1.00346e-28	0	1.16751e-28	0	9.98464e-28	0	4.23187e-28	0	2.21534e-28	0	1.09992e-27	0	1.34168e-28	0	1.1918e-28	0	1.01233e-28	0	3.08642e-28	0	1.74979e-28	0	4.95651e-28	0	1.09109e-28	0
5.4191e-28	0	1.33317e-28	0	4.12771e-28	0	3.97044e-28	0	2.15556e-28	0	2.58512e-28	0	3.74561e-28	0	2.21522e-28	0	1.45791e-28	0	2.43112e-27	0	3.05956e-27	0	1.9189e-28	0	1.00346e-28	0	1.1208e-28	0	9.49752e-28	0	3.44597e-28	0	2.20252e-28	0	1.00349e-27	0	1.19475e-28	0	1.1918e-28	0	9.9643e-29	0	3.08642e-28	0	1.56441e-28	0	4.69569e-28	0	8.22018e-29	0
4.83732e-28	0	1.33317e-28	0	4.12771e-28	0	3.56565e-28	0	2.15556e-28	0	2.58512e-28	0	3.74561e-28	0	2.21522e-28	0	1.45791e-28	0	2.05025e-27	0	2.67726e-27	0	1.90904e-28	0	1.00346e-28	0	1.05707e-28	0	9.49752e-28	0	2.89672e-28	0	1.96488e-28	0	9.32101e-28	0	1.19475e-28	0	1.1918e-28	0	8.93385e-29	0	3.08642e-28	0	1.56441e-28	0	4.69569e-28	0	8.22018e-29	0
4.83732e-28	0	1.33317e-28	0	4.1165e-28	0	3.41823e-28	0	2.10392e-28	0	2.58512e-28	0	3.74561e-28	0	2.21522e-28	0	1.45791e-28	0	1.88199e-27	0	2.45336e-27	0	1.63652e-28	0	1.00346e-28	0	8.38658e-29	0	8.48876e-28	0	2.89672e-28	0	1.73512e-28	0	8.73466e-28	0	1.19475e-28	0	1.1918e-28	0	8.93385e-29	0	3.08642e-28	0	1.56441e-28	0	4.47531e-28	0	8.22018e-29	0
4.83732e-28	0	1.33317e-28	0	3.67079e-28	0	3.18108e-28	0	2.10392e-28	0	2.39974e-28	0	3.74561e-28	0	2.21522e-28	0	1.32294e-28	0	1.65488e-27	0	2.37353e-27	0	1.63652e-28	0	1.00346e-28	0	8.38658e-29	0	8.42762e-28	0	2.89672e-28	0	1.73512e-28	0	8.73466e-28	0	1.19475e-28	0	1.1918e-28	0	8.93385e-29	0	2.44115e-28	0	1.40577e-28	0	4.05832e-28	0	8.22018e-29	0
4.55234e-28	0	1.1187e-28	0	2.85531e-28	0	3.18108e-28	0	2.02207e-28	0	2.39974e-28	0	3.74561e-28	0	1.94417e-28	0	1.32294e-28	0	1.65488e-27	0	2.12091e-27	0	1.63652e-28	0	1.00346e-28	0	8.38658e-29	0	8.00694e-28	0	2.89672e-28	0	1.73512e-28	0	8.73466e-28	0	1.17392e-28	0	1.14582e-28	0	8.93385e-29	0	2.44115e-28	0	1.40577e-28	0	3.57206e-28	0	7.71728e-29	0
4.55234e-28	0	1.1187e-28	0	2.85531e-28	0	3.18108e-28	0	1.93234e-28	0	2.23211e-28	0	3.58895e-28	0	1.94417e-28	0	1.32294e-28	0	1.47502e-27	0	2.00055e-27	0	1.63652e-28	0	1.00346e-28	0	8.38658e-29	0	7.44931e-28	0	1.84002e-28	0	1.73512e-28	0	8.56161e-28	0	1.17392e-28	0	1.04919e-28	0	7.33641e-29	0	2.44115e-28	0	1.40577e-28	0	3.57206e-28	0	7.71728e-29	0
4.55234e-28	0	1.1187e-28	0	2.85531e-28	0	3.18108e-28	0	1.93234e-28	0	2.19464e-28	0	3.58895e-28	0	1.90904e-28	0	1.32294e-28	0	1.43514e-27	0	1.96176e-27	0	1.63652e-28	0	1.00346e-28	0	8.38658e-29	0	7.44931e-28	0	1.84002e-28	0	1.73512e-28	0	7.77225e-28	0	1.17392e-28	0	1.04919e-28	0	7.33641e-29	0	2.40763e-28	0	1.34957e-28	0	3.38668e-28	0	7.71728e-29	0
3.94196e-28	0	1.1187e-28	0	2.85531e-28	0	3.18108e-28	0	1.5596e-28	0	2.19464e-28	0	3.58895e-28	0	1.90904e-28	0	8.88085e-29	0	1.43514e-27	0	1.53986e-27	0	1.63652e-28	0	9.93965e-29	0	8.38658e-29	0	7.39804e-28	0	1.84002e-28	0	1.72526e-28	0	7.06881e-28	0	9.40717e-29	0	1.04919e-28	0	7.33641e-29	0	2.40763e-28	0	1.26378e-28	0	3.29202e-28	0	7.71728e-29	0
3.20536e-28	0	1.1187e-28	0	2.85531e-28	0	3.18108e-28	0	1.27758e-28	0	2.19464e-28	0	3.58895e-28	0	1.65661e-28	0	8.88085e-29	0	1.20909e-27	0	1.49193e-27	0	1.22471e-28	0	9.80653e-29	0	8.38658e-29	0	7.39804e-28	0	1.84002e-28	0	1.49551e-28	0	7.06881e-28	0	8.66268e-29	0	1.04919e-28	0	7.33641e-29	0	1.89684e-28	0	1.24899e-28	0	3.29202e-28	0	7.71728e-29	0
3.20536e-28	0	1.1187e-28	0	2.01418e-28	0	3.18108e-28	0	1.22471e-28	0	1.76766e-28	0	3.52818e-28	0	1.65661e-28	0	8.88085e-29	0	1.20909e-27	0	1.42139e-27	0	1.22471e-28	0	9.80653e-29	0	7.37215e-29	0	6.75524e-28	0	1.84002e-28	0	1.49551e-28	0	6.04526e-28	0	8.16101e-29	0	8.22018e-29	0	7.33641e-29	0	1.89684e-28	0	1.24899e-28	0	3.10022e-28	0	7.71728e-29	0
3.20536e-28	0	1.11229e-28	0	2.01418e-28	0	3.18108e-28	0	1.22471e-28	0	1.76766e-28	0	3.10971e-28	0	1.65661e-28	0	8.88085e-29	0	9.15831e-28	0	1.25981e-27	0	1.22471e-28	0	9.22967e-29	0	7.37215e-29	0	5.95787e-28	0	1.84002e-28	0	1.49551e-28	0	4.79085e-28	0	8.16101e-29	0	8.22018e-29	0	7.33641e-29	0	1.89684e-28	0	1.24899e-28	0	2.44793e-28	0	7.06647e-29	0
3.20536e-28	0	1.11229e-28	0	2.01418e-28	0	3.17677e-28	0	1.22471e-28	0	1.76766e-28	0	3.10971e-28	0	1.65661e-28	0	8.43711e-29	0	9.15831e-28	0	1.25981e-27	0	9.24939e-29	0	9.22967e-29	0	7.37215e-29	0	5.86974e-28	0	1.84002e-28	0	1.49551e-28	0	4.79085e-28	0	8.16101e-29	0	8.22018e-29	0	6.65108e-29	0	1.73796e-28	0	1.24899e-28	0	2.44793e-28	0	7.06647e-29	0
3.15212e-28	0	8.20046e-29	0	2.01418e-28	0	2.86209e-28	0	1.22471e-28	0	1.76766e-28	0	3.10971e-28	0	1.37114e-28	0	8.43711e-29	0	9.15831e-28	0	1.25981e-27	0	9.24939e-29	0	9.22967e-29	0	7.37215e-29	0	5.83227e-28	0	1.6645e-28	0	1.49292e-28	0	4.32456e-28	0	8.16101e-29	0	8.22018e-29	0	6.65108e-29	0	1.73796e-28	0	9.75846e-29	0	2.44793e-28	0	7.06647e-29	0
3.15212e-28	0	8.20046e-29	0	2.01418e-28	0	2.86209e-28	0	1.22471e-28	0	1.61186e-28	0	2.91287e-28	0	1.37114e-28	0	8.43711e-29	0	9.15831e-28	0	1.23522e-27	0	9.24939e-29	0	9.22967e-29	0	5.6268e-29	0	5.83227e-28	0	1.6645e-28	0	1.2464e-28	0	4.32456e-28	0	8.16101e-29	0	8.03159e-29	0	6.56727e-29	0	1.73796e-28	0	9.75846e-29	0	2.44793e-28	0	6.98758e-29	0
2.97955e-28	0	8.20046e-29	0	1.90313e-28	0	2.69199e-28	0	1.02219e-28	0	1.61186e-28	0	2.91287e-28	0	1.37114e-28	0	8.43711e-29	0	9.08176e-28	0	9.6384e-28	0	9.24939e-29	0	8.30276e-29	0	5.6268e-29	0	5.46927e-28	0	1.6645e-28	0	1.2464e-28	0	4.32456e-28	0	8.15115e-29	0	8.03159e-29	0	6.43538e-29	0	1.73796e-28	0	9.73873e-29	0	2.44793e-28	0	6.98758e-29	0
2.97955e-28	0	7.5139e-29	0	1.90313e-28	0	2.63738e-28	0	1.02219e-28	0	1.61186e-28	0	2.91287e-28	0	1.37114e-28	0	8.43711e-29	0	9.08176e-28	0	9.6384e-28	0	9.24939e-29	0	8.30276e-29	0	5.6268e-29	0	5.46927e-28	0	1.58561e-28	0	1.11229e-28	0	4.32456e-28	0	6.56727e-29	0	8.03159e-29	0	6.02123e-29	0	1.73796e-28	0	9.73873e-29	0	2.44793e-28	0	6.72134e-29	0
2.44399e-28	0	7.5139e-29	0	1.90313e-28	0	2.56232e-28	0	1.0201e-28	0	1.61186e-28	0	2.91287e-28	0	1.37114e-28	0	8.43711e-29	0	7.44142e-28	0	9.6384e-28	0	8.89071e-29	0	7.86519e-29	0	5.6268e-29	0	5.46927e-28	0	1.58561e-28	0	1.11229e-28	0	3.2241e-28	0	6.56727e-29	0	8.03159e-29	0	6.02123e-29	0	1.73796e-28	0	9.73873e-29	0	2.29559e-28	0	6.72134e-29	0
2.32172e-28	0	7.5139e-29	0	1.64046e-28	0	2.56232e-28	0	1.0201e-28	0	1.61186e-28	0	2.91287e-28	0	1.37114e-28	0	8.43711e-29	0	7.44142e-28	0	9.6384e-28	0	8.11048e-29	0	7.86519e-29	0	5.6268e-29	0	5.30472e-28	0	1.58561e-28	0	1.10995e-28	0	3.2241e-28	0	5.27058e-29	0	7.32285e-29	0	6.02123e-29	0	1.73796e-28	0	9.72887e-29	0	2.02984e-28	0	6.02123e-29	0
2.32172e-28	0	7.5139e-29	0	1.64046e-28	0	2.56232e-28	0	8.89934e-29	0	1.61186e-28	0	2.73981e-28	0	1.37114e-28	0	8.43711e-29	0	6.64776e-28	0	9.6384e-28	0	8.11048e-29	0	7.52992e-29	0	5.20278e-29	0	5.30472e-28	0	1.58561e-28	0	1.10995e-28	0	3.2241e-28	0	5.27058e-29	0	7.32285e-29	0	6.02123e-29	0	1.73796e-28	0	9.30856e-29	0	1.63356e-28	0	6.02123e-29	0
2.27056e-28	0	7.5139e-29	0	1.64046e-28	0	1.92729e-28	0	8.89934e-29	0	1.60336e-28	0	2.49921e-28	0	1.30717e-28	0	6.08039e-29	0	6.64776e-28	0	7.92768e-28	0	8.11048e-29	0	7.52992e-29	0	4.15754e-29	0	5.17493e-28	0	1.58561e-28	0	1.10995e-28	0	3.2241e-28	0	4.18096e-29	0	5.61694e-29	0	5.57749e-29	0	1.47677e-28	0	8.98932e-29	0	1.63356e-28	0	6.02123e-29	0
2.27056e-28	0	7.04551e-29	0	1.64046e-28	0	1.92729e-28	0	8.89934e-29	0	1.50635e-28	0	2.24887e-28	0	1.30717e-28	0	6.08039e-29	0	5.96231e-28	0	7.92768e-28	0	8.11048e-29	0	7.52992e-29	0	4.15754e-29	0	5.07238e-28	0	1.58561e-28	0	1.10995e-28	0	3.2241e-28	0	4.18096e-29	0	5.61694e-29	0	5.57749e-29	0	1.47677e-28	0	8.83524e-29	0	1.63356e-28	0	6.02123e-29	0
2.27056e-28	0	7.04551e-29	0	1.49341e-28	0	1.80649e-28	0	8.59489e-29	0	1.4817e-28	0	2.24887e-28	0	9.97539e-29	0	6.08039e-29	0	5.7593e-28	0	7.92768e-28	0	8.11048e-29	0	6.29733e-29	0	3.65464e-29	0	4.30718e-28	0	1.56441e-28	0	1.10995e-28	0	3.2241e-28	0	4.18096e-29	0	5.44314e-29	0	4.91559e-29	0	1.47677e-28	0	8.83524e-29	0	1.63356e-28	0	6.02123e-29	0
2.01357e-28	0	7.04551e-29	0	1.43425e-28	0	1.80649e-28	0	8.59489e-29	0	1.4817e-28	0	2.24887e-28	0	9.97539e-29	0	6.08039e-29	0	4.931e-28	0	7.28316e-28	0	6.81009e-29	0	6.29733e-29	0	3.65464e-29	0	4.30718e-28	0	1.56441e-28	0	1.10995e-28	0	3.2241e-28	0	4.18096e-29	0	5.44314e-29	0	4.91559e-29	0	1.47677e-28	0	8.83524e-29	0	1.58758e-28	0	5.61694e-29	0
2.01357e-28	0	7.04551e-29	0	1.43425e-28	0	1.80649e-28	0	6.76941e-29	0	1.37508e-28	0	2.24887e-28	0	9.78188e-29	0	6.08039e-29	0	4.931e-28	0	7.28316e-28	0	6.81009e-29	0	6.29733e-29	0	3.65464e-29	0	4.17554e-28	0	1.56441e-28	0	1.05954e-28	0	3.15606e-28	0	4.14768e-29	0	5.44314e-29	0	4.91559e-29	0	1.47677e-28	0	8.83524e-29	0	1.58758e-28	0	5.61694e-29	0
2.01357e-28	0	6.27761e-29	0	1.43425e-28	0	1.7774e-28	0	6.76941e-29	0	1.37508e-28	0	2.24887e-28	0	9.78188e-29	0	6.08039e-29	0	4.931e-28	0	6.32124e-28	0	6.81009e-29	0	6.29733e-29	0	3.65464e-29	0	3.96859e-28	0	1.49354e-28	0	1.02712e-28	0	3.15606e-28	0	4.14768e-29	0	5.40986e-29	0	4.91559e-29	0	1.47677e-28	0	8.5197e-29	0	1.55603e-28	0	5.61694e-29	0
1.76113e-28	0	6.27761e-29	0	1.43425e-28	0	1.7774e-28	0	6.76941e-29	0	1.24887e-28	0	2.17183e-28	0	9.78188e-29	0	6.08039e-29	0	4.60103e-28	0	5.21684e-28	0	6.81009e-29	0	6.29733e-29	0	3.65464e-29	0	3.75498e-28	0	1.49354e-28	0	9.18653e-29	0	2.86418e-28	0	4.14768e-29	0	5.40986e-29	0	3.62876e-29	0	1.28745e-28	0	7.04058e-29	0	1.24048e-28	0	5.61694e-29	0
1.54383e-28	0	6.27761e-29	0	1.43425e-28	0	1.7774e-28	0	6.76941e-29	0	1.24887e-28	0	2.1335e-28	0	9.78188e-29	0	6.08039e-29	0	4.58784e-28	0	5.21684e-28	0	5.51833e-29	0	4.79849e-29	0	3.65464e-29	0	3.75498e-28	0	1.49354e-28	0	9.18653e-29	0	2.86418e-28	0	4.14768e-29	0	5.40986e-29	0	3.62876e-29	0	1.28745e-28	0	6.86309e-29	0	1.24048e-28	0	5.61694e-29	0
1.36473e-28	0	5.34083e-29	0	1.43425e-28	0	1.7774e-28	0	6.5722e-29	0	1.24887e-28	0	2.1335e-28	0	9.78188e-29	0	6.08039e-29	0	4.53595e-28	0	4.8669e-28	0	5.51833e-29	0	4.79849e-29	0	3.65464e-29	0	3.75498e-28	0	1.31986e-28	0	9.18653e-29	0	2.47111e-28	0	3.842e-29	0	5.40986e-29	0	3.62876e-29	0	1.28745e-28	0	6.86309e-29	0	1.10601e-28	0	5.03515e-29	0
1.36436e-28	0	5.34083e-29	0	1.43425e-28	0	1.7774e-28	0	5.54791e-29	0	1.24887e-28	0	1.95601e-28	0	9.78188e-29	0	6.08039e-29	0	3.62334e-28	0	4.8669e-28	0	5.51833e-29	0	4.79849e-29	0	3.65464e-29	0	3.68558e-28	0	1.31986e-28	0	6.37498e-29	0	2.47111e-28	0	3.842e-29	0	5.40986e-29	0	3.62876e-29	0	1.28745e-28	0	6.56357e-29	0	1.10601e-28	0	4.674e-29	0
1.25675e-28	0	4.75905e-29	0	1.43425e-28	0	1.68483e-28	0	5.54791e-29	0	1.24887e-28	0	1.95601e-28	0	9.78188e-29	0	6.08039e-29	0	3.62334e-28	0	4.46458e-28	0	5.51833e-29	0	4.79849e-29	0	3.65464e-29	0	3.24468e-28	0	1.31986e-28	0	6.37498e-29	0	2.47111e-28	0	3.842e-29	0	4.83177e-29	0	3.62876e-29	0	1.11476e-28	0	6.56357e-29	0	1.10601e-28	0	4.674e-29	0
1.25675e-28	0	4.75905e-29	0	1.0074e-28	0	1.57181e-28	0	5.54791e-29	0	1.19907e-28	0	1.95601e-28	0	9.64875e-29	0	4.24629e-29	0	2.77087e-28	0	4.46458e-28	0	5.51833e-29	0	4.79849e-29	0	3.65464e-29	0	3.24468e-28	0	8.59858e-29	0	6.37498e-29	0	2.47111e-28	0	3.59548e-29	0	4.83177e-29	0	3.62876e-29	0	1.11476e-28	0	5.51833e-29	0	7.37215e-29	0	4.674e-29	0
1.25675e-28	0	4.31532e-29	0	1.0074e-28	0	1.14249e-28	0	5.54791e-29	0	1.1542e-28	0	1.95601e-28	0	9.64875e-29	0	4.24629e-29	0	2.77087e-28	0	3.30003e-28	0	5.51833e-29	0	4.79849e-29	0	3.65464e-29	0	3.20043e-28	0	8.59858e-29	0	6.37498e-29	0	2.38483e-28	0	3.59548e-29	0	4.33873e-29	0	2.55024e-29	0	1.11476e-28	0	5.51833e-29	0	7.37215e-29	0	3.24049e-29	0
1.25675e-28	0	4.31532e-29	0	8.93385e-29	0	1.14249e-28	0	5.54791e-29	0	1.15026e-28	0	1.95601e-28	0	9.56494e-29	0	4.24629e-29	0	2.77087e-28	0	3.25467e-28	0	5.51833e-29	0	4.79849e-29	0	3.65464e-29	0	3.20043e-28	0	8.59858e-29	0	6.37498e-29	0	1.91853e-28	0	3.59548e-29	0	4.33873e-29	0	2.55024e-29	0	1.11476e-28	0	4.25985e-29	0	7.37215e-29	0	3.24049e-29	0
1.25675e-28	0	3.7323e-29	0	8.93385e-29	0	1.03797e-28	0	5.54791e-29	0	1.13855e-28	0	1.95601e-28	0	9.48235e-29	0	4.24629e-29	0	2.77087e-28	0	3.25467e-28	0	4.8478e-29	0	4.79849e-29	0	3.65464e-29	0	3.20043e-28	0	8.59858e-29	0	6.36635e-29	0	1.47517e-28	0	2.46519e-29	0	3.85063e-29	0	2.55024e-29	0	1.11476e-28	0	4.25985e-29	0	6.65108e-29	0	2.36658e-29	0
1.25675e-28	0	3.7323e-29	0	8.93385e-29	0	1.03797e-28	0	5.54791e-29	0	1.06693e-28	0	1.95601e-28	0	8.53572e-29	0	4.24629e-29	0	2.77087e-28	0	3.25467e-28	0	4.8478e-29	0	4.67893e-29	0	2.47012e-29	0	3.20043e-28	0	8.59858e-29	0	6.36635e-29	0	1.47517e-28	0	2.46519e-29	0	3.3884e-29	0	2.27414e-29	0	1.11476e-28	0	4.25985e-29	0	6.65108e-29	0	2.36658e-29	0
1.25675e-28	0	3.7323e-29	0	8.93385e-29	0	1.03797e-28	0	5.54791e-29	0	1.06693e-28	0	1.95601e-28	0	8.53572e-29	0	4.24629e-29	0	2.77087e-28	0	2.68459e-28	0	4.8478e-29	0	4.38434e-29	0	2.47012e-29	0	3.20043e-28	0	8.59858e-29	0	6.36635e-29	0	1.47517e-28	0	2.46519e-29	0	3.3884e-29	0	1.87848e-29	0	1.10897e-28	0	4.25985e-29	0	6.65108e-29	0	2.36658e-29	0
1.15815e-28	0	3.33787e-29	0	8.93385e-29	0	1.03797e-28	0	4.87738e-29	0	9.30486e-29	0	1.92482e-28	0	7.66797e-29	0	4.24629e-29	0	2.74524e-28	0	2.68459e-28	0	4.12673e-29	0	4.33873e-29	0	2.47012e-29	0	3.20043e-28	0	8.59858e-29	0	6.36635e-29	0	1.47517e-28	0	2.46519e-29	0	3.31322e-29	0	1.51856e-29	0	1.10897e-28	0	4.25985e-29	0	6.65108e-29	0	2.36658e-29	0
1.01036e-28	0	3.33787e-29	0	8.93385e-29	0	1.03797e-28	0	4.87738e-29	0	9.30486e-29	0	1.92482e-28	0	7.66797e-29	0	4.24629e-29	0	2.69951e-28	0	2.55837e-28	0	3.34896e-29	0	4.33873e-29	0	2.47012e-29	0	3.20043e-28	0	8.59858e-29	0	5.46286e-29	0	1.47517e-28	0	2.46519e-29	0	2.56996e-29	0	1.51856e-29	0	1.10897e-28	0	4.25985e-29	0	6.65108e-29	0	2.35302e-29	0
1.01036e-28	0	3.33787e-29	0	8.93385e-29	0	1.00974e-28	0	4.02319e-29	0	9.30486e-29	0	1.8129e-28	0	7.66797e-29	0	4.24629e-29	0	2.69951e-28	0	2.55837e-28	0	3.34896e-29	0	4.29559e-29	0	2.47012e-29	0	3.20043e-28	0	8.05254e-29	0	4.8367e-29	0	1.47517e-28	0	1.40516e-29	0	2.56996e-29	0	1.26218e-29	0	1.07532e-28	0	3.78653e-29	0	6.65108e-29	0	2.35302e-29	0
1.00185e-28	0	3.33787e-29	0	8.93385e-29	0	9.95567e-29	0	4.02319e-29	0	9.30486e-29	0	1.55603e-28	0	7.04058e-29	0	4.24629e-29	0	2.25861e-28	0	2.55837e-28	0	3.34896e-29	0	3.21954e-29	0	6.95184e-30	0	2.83201e-28	0	8.05254e-29	0	4.8367e-29	0	1.47517e-28	0	1.40516e-29	0	2.56996e-29	0	1.05017e-29	0	1.07532e-28	0	3.58562e-29	0	6.65108e-29	0	2.35302e-29	0
1.00185e-28	0	3.08272e-29	0	8.93385e-29	0	8.9696e-29	0	3.86542e-29	0	9.30486e-29	0	1.45311e-28	0	5.75868e-29	0	3.98991e-29	0	2.1759e-28	0	2.45102e-28	0	3.34896e-29	0	3.02232e-29	0	6.95184e-30	0	2.83201e-28	0	7.35613e-29	0	4.8367e-29	0	1.47517e-28	0	1.40516e-29	0	2.56996e-29	0	1.05017e-29	0	1.07532e-28	0	3.58562e-29	0	6.65108e-29	0	2.284e-29	0
1.00185e-28	0	2.58845e-29	0	8.93385e-29	0	8.9696e-29	0	3.86542e-29	0	9.30486e-29	0	1.45311e-28	0	3.92951e-29	0	3.98991e-29	0	2.1759e-28	0	2.45102e-28	0	2.53052e-29	0	2.68829e-29	0	6.95184e-30	0	2.83201e-28	0	7.35613e-29	0	4.8367e-29	0	1.47517e-28	0	1.28806e-29	0	2.56996e-29	0	1.05017e-29	0	1.07532e-28	0	3.58562e-29	0	6.65108e-29	0	2.284e-29	0
1.00185e-28	0	1.95736e-29	0	8.93385e-29	0	8.9696e-29	0	3.86542e-29	0	8.5197e-29	0	1.41268e-28	0	3.92951e-29	0	3.98991e-29	0	1.63935e-28	0	2.38236e-28	0	2.53052e-29	0	2.68829e-29	0	6.95184e-30	0	2.62456e-28	0	7.34257e-29	0	4.8367e-29	0	1.47517e-28	0	1.05017e-29	0	2.56996e-29	0	1.05017e-29	0	1.07532e-28	0	3.58562e-29	0	6.65108e-29	0	2.284e-29	0
9.7486e-29	0	1.95736e-29	0	8.93385e-29	0	8.9696e-29	0	3.86542e-29	0	8.5197e-29	0	1.41268e-28	0	3.92951e-29	0	3.98991e-29	0	1.63935e-28	0	2.38236e-28	0	2.53052e-29	0	2.68213e-29	0	6.31089e-30	0	2.62456e-28	0	7.34257e-29	0	4.8367e-29	0	1.47517e-28	0	4.97968e-30	0	2.56996e-29	0	7.88861e-30	0	1.07532e-28	0	3.58562e-29	0	6.65108e-29	0	2.284e-29	0
9.32458e-29	0	1.95736e-29	0	8.93385e-29	0	7.09605e-29	0	3.86542e-29	0	8.34713e-29	0	1.41268e-28	0	3.53508e-29	0	3.98991e-29	0	1.63935e-28	0	2.38236e-28	0	2.53052e-29	0	1.65291e-29	0	6.31089e-30	0	2.62456e-28	0	7.34257e-29	0	4.8367e-29	0	1.47517e-28	0	4.97968e-30	0	2.56996e-29	0	7.35859e-30	0	1.07532e-28	0	3.58562e-29	0	6.65108e-29	0	2.284e-29	0
9.03862e-29	0	1.36695e-29	0	8.93385e-29	0	7.09605e-29	0	3.7323e-29	0	5.86222e-29	0	1.41268e-28	0	3.53508e-29	0	3.98991e-29	0	1.63935e-28	0	1.67239e-28	0	2.46519e-29	0	1.65291e-29	0	4.69619e-30	0	2.37644e-28	0	3.8913e-29	0	4.21671e-29	0	1.47517e-28	0	4.97968e-30	0	2.56996e-29	0	7.35859e-30	0	1.07532e-28	0	3.58562e-29	0	6.65108e-29	0	2.284e-29	0
7.17863e-29	0	1.36695e-29	0	8.93385e-29	0	6.65232e-29	0	3.7323e-29	0	5.86222e-29	0	1.25195e-28	0	3.09258e-29	0	2.86455e-29	0	1.63935e-28	0	1.39826e-28	0	2.41219e-29	0	9.23214e-30	0	4.69619e-30	0	2.37644e-28	0	3.8913e-29	0	4.21671e-29	0	1.33971e-28	0	4.97968e-30	0	1.87848e-29	0	7.35859e-30	0	1.07532e-28	0	3.58562e-29	0	6.65108e-29	0	2.284e-29	0
6.81009e-29	0	1.36695e-29	0	8.86113e-29	0	6.65232e-29	0	3.67437e-29	0	5.86222e-29	0	1.25195e-28	0	3.09258e-29	0	2.86455e-29	0	1.56848e-28	0	1.39826e-28	0	5.76855e-30	0	9.23214e-30	0	3.00753e-30	0	2.37644e-28	0	3.8913e-29	0	3.65464e-29	0	1.33515e-28	0	1.03538e-30	0	1.87848e-29	0	4.99201e-30	0	9.99511e-29	0	3.58562e-29	0	6.65108e-29	0	2.284e-29	0
6.03109e-29	0	1.26218e-29	0	8.86113e-29	0	6.65232e-29	0	2.87564e-29	0	5.86222e-29	0	1.25195e-28	0	3.09258e-29	0	2.86455e-29	0	1.56848e-28	0	1.39826e-28	0	5.76855e-30	0	8.44328e-30	0	3.00753e-30	0	2.31136e-28	0	3.8913e-29	0	3.64478e-29	0	1.33515e-28	0	2.58845e-31	0	1.87848e-29	0	4.99201e-30	0	9.99511e-29	0	3.04328e-29	0	6.65108e-29	0	2.284e-29	0
6.03109e-29	0	1.26218e-29	0	8.23004e-29	0	6.57343e-29	0	2.87564e-29	0	5.86222e-29	0	1.25195e-28	0	2.39247e-29	0	2.86455e-29	0	1.56848e-28	0	1.39e-28	0	5.76855e-30	0	6.31089e-30	0	1.57772e-30	0	2.31136e-28	0	3.8913e-29	0	3.64478e-29	0	1.33515e-28	0	2.58845e-31	0	1.87848e-29	0	4.97968e-30	0	9.99511e-29	0	3.04328e-29	0	6.65108e-29	0	1.99804e-29	0
6.03109e-29	0	1.26218e-29	0	8.23004e-29	0	6.57343e-29	0	2.87564e-29	0	5.86222e-29	0	1.25195e-28	0	2.39247e-29	0	2.74622e-29	0	1.56848e-28	0	1.27265e-28	0	5.76855e-30	0	6.31089e-30	0	2.58845e-31	0	2.31136e-28	0	3.8913e-29	0	3.64478e-29	0	1.33515e-28	0	2.58845e-31	0	1.87848e-29	0	2.58845e-31	0	9.99511e-29	0	3.04328e-29	0	6.05944e-29	0	1.99804e-29	0
6.03109e-29	0	1.23876e-29	0	8.23004e-29	0	6.26775e-29	0	2.07569e-29	0	5.86222e-29	0	1.25195e-28	0	2.39123e-29	0	2.74622e-29	0	1.47764e-28	0	1.27265e-28	0	5.76855e-30	0	6.31089e-30	0	2.58845e-31	0	2.31136e-28	0	3.8913e-29	0	3.64478e-29	0	1.33515e-28	0	2.58845e-31	0	1.87848e-29	0	2.58845e-31	0	8.61831e-29	0	3.04328e-29	0	6.05944e-29	0	1.89327e-29	0
5.62063e-29	0	1.06126e-29	0	8.23004e-29	0	6.26775e-29	0	2.07569e-29	0	5.77841e-29	0	1.25195e-28	0	2.12992e-29	0	2.30742e-29	0	1.30951e-28	0	1.27265e-28	0	5.76855e-30	0	6.31089e-30	0	0	0	1.93037e-28	0	3.8913e-29	0	3.64478e-29	0	1.33515e-28	0	2.58845e-31	0	1.87848e-29	0	2.58845e-31	0	8.61831e-29	0	1.76138e-29	0	5.73527e-29	0	1.51856e-29	0
5.62063e-29	0	1.06126e-29	0	7.08619e-29	0	6.26775e-29	0	2.07569e-29	0	5.74389e-29	0	1.24504e-28	0	2.12992e-29	0	2.30742e-29	0	1.30951e-28	0	1.27265e-28	0	5.76855e-30	0	6.16298e-30	0	0	0	1.93037e-28	0	3.8913e-29	0	3.64478e-29	0	1.12869e-28	0	2.58845e-31	0	1.87848e-29	0	0	0	8.61831e-29	0	1.76138e-29	0	5.19169e-29	0	1.48528e-29	0
4.98955e-29	0	9.72518e-30	0	7.08619e-29	0	6.26775e-29	0	1.68249e-29	0	5.74389e-29	0	1.19907e-28	0	1.99804e-29	0	2.30742e-29	0	1.30951e-28	0	1.27265e-28	0	5.76855e-30	0	5.78087e-30	0	0	0	1.93037e-28	0	3.23433e-29	0	3.25898e-29	0	1.12869e-28	0	2.58845e-31	0	1.87848e-29	0	0	0	8.61831e-29	0	1.76138e-29	0	4.56183e-29	0	1.20301e-29	0
4.83177e-29	0	9.72518e-30	0	6.09888e-29	0	6.26775e-29	0	1.57772e-29	0	5.74389e-29	0	9.9643e-29	0	1.9968e-29	0	2.30742e-29	0	1.30951e-28	0	1.27265e-28	0	5.76855e-30	0	4.19082e-30	0	0	0	1.8484e-28	0	3.23433e-29	0	3.25898e-29	0	1.12869e-28	0	2.58845e-31	0	1.76138e-29	0	0	0	8.45684e-29	0	1.76138e-29	0	4.56183e-29	0	9.71285e-30	0
4.83177e-29	0	9.46633e-30	0	6.09888e-29	0	6.26775e-29	0	1.57772e-29	0	5.01543e-29	0	9.9643e-29	0	1.76015e-29	0	2.08678e-29	0	1.30951e-28	0	1.27265e-28	0	5.52203e-30	0	4.19082e-30	0	0	0	1.8484e-28	0	3.23433e-29	0	3.25898e-29	0	1.12869e-28	0	2.58845e-31	0	1.76138e-29	0	0	0	8.33851e-29	0	1.62333e-29	0	3.96896e-29	0	9.71285e-30	0
3.94061e-29	0	9.46633e-30	0	6.09888e-29	0	6.26775e-29	0	1.06126e-29	0	5.01543e-29	0	9.9643e-29	0	1.76015e-29	0	2.08678e-29	0	1.30951e-28	0	1.17737e-28	0	5.52203e-30	0	4.19082e-30	0	0	0	1.8484e-28	0	3.23433e-29	0	3.25898e-29	0	1.12869e-28	0	0	0	1.76138e-29	0	0	0	8.33851e-29	0	1.57772e-29	0	3.96896e-29	0	9.71285e-30	0
3.94061e-29	0	9.46633e-30	0	6.09888e-29	0	5.99534e-29	0	1.01196e-29	0	5.01543e-29	0	9.9643e-29	0	1.74166e-29	0	2.08678e-29	0	1.28042e-28	0	1.17737e-28	0	4.40036e-30	0	4.19082e-30	0	0	0	1.8484e-28	0	3.23433e-29	0	3.09628e-29	0	1.08136e-28	0	0	0	1.57772e-29	0	0	0	7.5139e-29	0	1.01073e-29	0	3.73353e-29	0	9.46633e-30	0
3.94061e-29	0	9.33075e-30	0	6.09888e-29	0	5.99534e-29	0	9.13353e-30	0	4.49651e-29	0	9.9643e-29	0	1.60237e-29	0	2.08678e-29	0	1.20893e-28	0	1.17737e-28	0	3.9443e-30	0	4.19082e-30	0	0	0	1.8484e-28	0	3.23433e-29	0	3.09628e-29	0	1.08136e-28	0	0	0	1.28806e-29	0	0	0	7.5139e-29	0	5.76855e-30	0	3.73353e-29	0	8.87469e-30	0
3.94061e-29	0	9.33075e-30	0	6.09888e-29	0	5.99534e-29	0	7.85163e-30	0	4.49651e-29	0	9.9643e-29	0	1.53458e-29	0	2.07692e-29	0	1.20893e-28	0	7.65195e-29	0	3.40196e-30	0	4.19082e-30	0	0	0	1.8484e-28	0	3.07656e-29	0	3.09628e-29	0	1.05769e-28	0	0	0	6.31089e-30	0	0	0	7.04551e-29	0	5.76855e-30	0	3.57453e-29	0	6.1753e-30	0
3.94061e-29	0	9.33075e-30	0	5.98055e-29	0	5.99534e-29	0	7.85163e-30	0	4.30545e-29	0	9.19639e-29	0	1.53458e-29	0	1.85999e-29	0	1.20893e-28	0	7.65195e-29	0	3.40196e-30	0	3.41429e-30	0	0	0	1.75127e-28	0	3.07656e-29	0	2.94467e-29	0	9.20625e-29	0	0	0	6.31089e-30	0	0	0	7.04551e-29	0	5.76855e-30	0	3.49687e-29	0	6.1753e-30	0
3.94061e-29	0	9.33075e-30	0	5.03515e-29	0	5.94111e-29	0	5.76855e-30	0	4.30545e-29	0	8.97946e-29	0	1.04524e-29	0	1.8341e-29	0	1.20893e-28	0	7.65195e-29	0	3.01986e-30	0	3.41429e-30	0	0	0	1.75127e-28	0	2.70678e-29	0	2.30742e-29	0	9.20625e-29	0	0	0	2.6131e-30	0	0	0	6.72134e-29	0	5.37411e-30	0	3.41182e-29	0	5.71924e-30	0
3.94061e-29	0	9.33075e-30	0	5.03515e-29	0	5.94111e-29	0	5.76855e-30	0	3.77297e-29	0	8.85127e-29	0	8.93631e-30	0	1.8341e-29	0	9.16681e-29	0	7.65195e-29	0	3.01986e-30	0	3.15544e-30	0	0	0	1.75127e-28	0	1.65291e-29	0	2.30742e-29	0	9.20625e-29	0	0	0	2.58845e-31	0	0	0	6.72134e-29	0	5.37411e-30	0	3.05314e-29	0	5.37411e-30	0
3.78283e-29	0	9.33075e-30	0	3.53508e-29	0	5.74513e-29	0	4.99201e-30	0	3.77297e-29	0	8.85127e-29	0	8.93631e-30	0	1.8341e-29	0	9.16681e-29	0	7.65195e-29	0	3.01986e-30	0	3.15544e-30	0	0	0	1.75127e-28	0	1.65291e-29	0	2.12623e-29	0	8.14499e-29	0	0	0	2.58845e-31	0	0	0	6.23816e-29	0	5.37411e-30	0	2.90523e-29	0	4.20315e-30	0
3.72737e-29	0	9.33075e-30	0	2.62789e-29	0	5.53805e-29	0	3.80872e-30	0	3.77297e-29	0	8.42602e-29	0	8.93631e-30	0	1.80082e-29	0	9.16681e-29	0	7.65195e-29	0	3.01986e-30	0	3.15544e-30	0	0	0	1.61174e-28	0	1.65291e-29	0	2.12623e-29	0	8.14499e-29	0	0	0	2.58845e-31	0	0	0	6.23816e-29	0	3.6115e-30	0	2.90523e-29	0	3.15544e-30	0
3.72737e-29	0	9.33075e-30	0	2.46519e-29	0	4.41392e-29	0	3.01986e-30	0	3.77297e-29	0	8.13143e-29	0	8.87469e-30	0	1.80082e-29	0	8.7428e-29	0	7.65195e-29	0	3.01986e-30	0	3.15544e-30	0	0	0	1.41403e-28	0	1.36079e-29	0	2.03748e-29	0	7.9675e-29	0	0	0	2.58845e-31	0	0	0	6.23816e-29	0	3.6115e-30	0	2.82634e-29	0	2.62543e-30	0
3.72737e-29	0	9.33075e-30	0	2.46519e-29	0	3.92089e-29	0	3.01986e-30	0	3.77297e-29	0	8.12157e-29	0	6.55741e-30	0	1.80082e-29	0	8.63433e-29	0	6.76941e-29	0	3.01986e-30	0	3.15544e-30	0	0	0	1.40269e-28	0	1.36079e-29	0	2.03748e-29	0	7.82944e-29	0	0	0	0	0	0	0	6.23816e-29	0	3.6115e-30	0	2.82634e-29	0	1.57772e-30	0
3.72737e-29	0	9.33075e-30	0	2.46519e-29	0	3.60534e-29	0	3.01986e-30	0	3.77297e-29	0	8.12157e-29	0	6.1753e-30	0	1.57772e-29	0	7.79616e-29	0	6.76941e-29	0	3.01986e-30	0	3.15544e-30	0	0	0	1.19315e-28	0	1.36079e-29	0	2.03748e-29	0	7.82944e-29	0	0	0	0	0	0	0	5.93618e-29	0	1.54074e-30	0	2.82634e-29	0	1.57772e-30	0
3.72737e-29	0	9.33075e-30	0	2.46519e-29	0	3.60534e-29	0	3.01986e-30	0	3.77297e-29	0	7.43994e-29	0	3.15544e-30	0	1.57772e-29	0	7.79616e-29	0	6.76941e-29	0	3.01986e-30	0	3.15544e-30	0	0	0	1.19315e-28	0	1.32627e-29	0	1.36572e-29	0	7.64825e-29	0	0	0	0	0	0	0	5.64652e-29	0	1.54074e-30	0	2.82634e-29	0	1.57772e-30	0
3.53632e-29	0	9.33075e-30	0	2.19402e-29	0	3.60534e-29	0	3.01986e-30	0	3.77297e-29	0	7.26368e-29	0	3.15544e-30	0	1.57772e-29	0	7.79616e-29	0	6.76941e-29	0	3.01986e-30	0	3.15544e-30	0	0	0	1.01529e-28	0	1.30778e-29	0	1.09085e-29	0	7.64825e-29	0	0	0	0	0	0	0	4.91682e-29	0	2.58845e-31	0	2.62789e-29	0	1.57772e-30	0
3.45743e-29	0	9.33075e-30	0	1.67633e-29	0	3.4562e-29	0	3.01986e-30	0	3.77297e-29	0	7.08496e-29	0	3.15544e-30	0	1.52472e-29	0	7.79616e-29	0	6.76941e-29	0	3.01986e-30	0	3.15544e-30	0	0	0	1.01233e-28	0	1.25848e-29	0	1.09085e-29	0	7.64825e-29	0	0	0	0	0	0	0	4.91682e-29	0	2.58845e-31	0	2.62789e-29	0	1.57772e-30	0
3.45743e-29	0	9.33075e-30	0	1.67633e-29	0	2.74745e-29	0	3.01986e-30	0	3.77297e-29	0	7.08496e-29	0	3.15544e-30	0	1.36572e-29	0	7.79616e-29	0	6.76941e-29	0	3.01986e-30	0	3.15544e-30	0	0	0	8.31878e-29	0	1.25848e-29	0	1.09085e-29	0	7.49048e-29	0	0	0	0	0	0	0	4.91682e-29	0	2.58845e-31	0	2.62789e-29	0	1.57772e-30	0
3.45743e-29	0	9.33075e-30	0	8.64049e-30	0	2.74745e-29	0	3.01986e-30	0	3.75325e-29	0	6.77065e-29	0	3.15544e-30	0	1.36572e-29	0	7.79616e-29	0	6.76941e-29	0	3.01986e-30	0	3.15544e-30	0	0	0	8.31878e-29	0	1.25848e-29	0	4.97968e-30	0	7.14535e-29	0	0	0	0	0	0	0	4.73317e-29	0	2.58845e-31	0	2.55024e-29	0	1.57772e-30	0
3.45743e-29	0	9.33075e-30	0	6.07669e-30	0	2.14965e-29	0	3.01986e-30	0	3.75325e-29	0	6.63259e-29	0	3.15544e-30	0	1.26218e-29	0	6.48468e-29	0	6.29733e-29	0	3.01986e-30	0	3.15544e-30	0	0	0	8.31878e-29	0	8.87469e-30	0	3.15544e-30	0	7.08496e-29	0	0	0	0	0	0	0	4.73317e-29	0	2.58845e-31	0	2.52435e-29	0	1.57772e-30	0
3.45743e-29	0	9.33075e-30	0	6.07669e-30	0	2.14965e-29	0	3.01986e-30	0	3.4562e-29	0	6.56727e-29	0	3.15544e-30	0	1.26218e-29	0	6.48468e-29	0	5.29153e-29	0	3.01986e-30	0	3.15544e-30	0	0	0	8.31878e-29	0	6.96416e-30	0	3.15544e-30	0	6.56727e-29	0	0	0	0	0	0	0	4.56183e-29	0	2.58845e-31	0	2.52435e-29	0	1.57772e-30	0
3.45743e-29	0	9.33075e-30	0	6.07669e-30	0	2.14965e-29	0	3.01986e-30	0	3.31322e-29	0	6.15312e-29	0	3.15544e-30	0	1.26218e-29	0	6.48468e-29	0	5.29153e-29	0	3.01986e-30	0	3.15544e-30	0	0	0	8.26825e-29	0	6.1753e-30	0	3.15544e-30	0	6.26775e-29	0	0	0	0	0	0	0	4.56183e-29	0	0	0	2.52435e-29	0	1.57772e-30	0
3.45743e-29	0	9.33075e-30	0	6.07669e-30	0	2.14965e-29	0	3.01986e-30	0	2.94467e-29	0	6.09025e-29	0	3.15544e-30	0	1.26218e-29	0	6.48468e-29	0	5.29153e-29	0	3.01986e-30	0	3.15544e-30	0	0	0	8.26825e-29	0	6.1753e-30	0	2.3296e-30	0	6.26775e-29	0	0	0	0	0	0	0	4.27587e-29	0	0	0	2.52435e-29	0	1.57772e-30	0
3.45743e-29	0	9.33075e-30	0	2.3296e-30	0	2.14965e-29	0	3.01986e-30	0	2.62789e-29	0	6.09025e-29	0	3.15544e-30	0	1.26218e-29	0	6.48468e-29	0	5.15348e-29	0	3.01986e-30	0	3.15544e-30	0	0	0	8.25962e-29	0	6.1753e-30	0	2.3296e-30	0	6.26775e-29	0	0	0	0	0	0	0	4.10208e-29	0	0	0	2.52435e-29	0	1.57772e-30	0
3.45743e-29	0	9.33075e-30	0	2.3296e-30	0	1.89327e-29	0	3.01986e-30	0	2.62789e-29	0	6.09025e-29	0	3.15544e-30	0	1.26218e-29	0	6.48468e-29	0	5.15348e-29	0	3.01986e-30	0	3.15544e-30	0	0	0	8.25962e-29	0	6.1753e-30	0	1.03538e-30	0	5.94111e-29	0	0	0	0	0	0	0	3.78653e-29	0	0	0	2.52435e-29	0	1.57772e-30	0
3.45743e-29	0	9.33075e-30	0	2.3296e-30	0	1.89327e-29	0	3.01986e-30	0	2.62789e-29	0	5.86222e-29	0	3.15544e-30	0	1.26218e-29	0	6.48468e-29	0	5.15348e-29	0	3.01986e-30	0	3.15544e-30	0	0	0	7.19466e-29	0	3.15544e-30	0	1.03538e-30	0	5.94111e-29	0	0	0	0	0	0	0	3.78653e-29	0	0	0	2.52435e-29	0	1.57772e-30	0
3.45743e-29	0	9.33075e-30	0	2.3296e-30	0	1.89327e-29	0	3.01986e-30	0	2.30742e-29	0	5.62063e-29	0	3.15544e-30	0	1.26218e-29	0	6.48468e-29	0	4.85766e-29	0	3.01986e-30	0	3.15544e-30	0	0	0	6.94198e-29	0	3.15544e-30	0	1.03538e-30	0	5.94111e-29	0	0	0	0	0	0	0	3.7323e-29	0	0	0	2.52435e-29	0	1.57772e-30	0
3.45743e-29	0	9.33075e-30	0	1.54074e-30	0	1.89327e-29	0	3.01986e-30	0	2.30742e-29	0	5.36425e-29	0	3.15544e-30	0	1.26218e-29	0	6.48468e-29	0	4.3449e-29	0	3.01986e-30	0	3.15544e-30	0	0	0	6.94198e-29	0	3.15544e-30	0	1.03538e-30	0	5.58612e-29	0	0	0	0	0	0	0	3.7323e-29	0	0	0	2.52435e-29	0	1.57772e-30	0
3.45743e-29	0	9.33075e-30	0	1.54074e-30	0	1.64182e-29	0	3.01986e-30	0	2.30742e-29	0	5.27058e-29	0	3.15544e-30	0	1.26218e-29	0	5.69582e-29	0	3.07286e-29	0	3.01986e-30	0	3.15544e-30	0	0	0	5.23237e-29	0	3.15544e-30	0	1.03538e-30	0	5.58612e-29	0	0	0	0	0	0	0	3.47099e-29	0	0	0	2.52435e-29	0	1.57772e-30	0
3.45743e-29	0	9.33075e-30	0	1.54074e-30	0	1.36572e-29	0	3.01986e-30	0	2.30742e-29	0	5.15348e-29	0	3.15544e-30	0	1.26218e-29	0	5.69582e-29	0	3.07286e-29	0	3.01986e-30	0	3.15544e-30	0	0	0	5.23237e-29	0	3.15544e-30	0	0	0	5.20648e-29	0	0	0	0	0	0	0	3.47099e-29	0	0	0	2.52435e-29	0	1.57772e-30	0
3.45743e-29	0	9.33075e-30	0	1.03538e-30	0	1.36572e-29	0	3.01986e-30	0	2.30742e-29	0	5.15348e-29	0	3.15544e-30	0	1.26218e-29	0	5.69582e-29	0	2.42205e-29	0	3.01986e-30	0	3.15544e-30	0	0	0	5.23237e-29	0	3.15544e-30	0	0	0	5.20648e-29	0	0	0	0	0	0	0	3.45743e-29	0	0	0	2.52435e-29	0	1.57772e-30	0
3.45743e-29	0	9.33075e-30	0	1.03538e-30	0	1.28683e-29	0	3.01986e-30	0	2.284e-29	0	5.03515e-29	0	3.15544e-30	0	1.26218e-29	0	5.6798e-29	0	2.42205e-29	0	3.01986e-30	0	3.15544e-30	0	0	0	5.23237e-29	0	3.15544e-30	0	0	0	5.20648e-29	0	0	0	0	0	0	0	3.15544e-29	0	0	0	2.52435e-29	0	1.57772e-30	0
3.45743e-29	0	9.33075e-30	0	1.03538e-30	0	1.0514e-29	0	3.01986e-30	0	2.14965e-29	0	4.88724e-29	0	3.15544e-30	0	1.26218e-29	0	5.6798e-29	0	2.42205e-29	0	3.01986e-30	0	3.15544e-30	0	0	0	5.23237e-29	0	3.15544e-30	0	0	0	5.03515e-29	0	0	0	0	0	0	0	3.15544e-29	0	0	0	2.52435e-29	0	1.57772e-30	0
3.45743e-29	0	9.33075e-30	0	0	0	1.05017e-29	0	3.01986e-30	0	2.14965e-29	0	4.88724e-29	0	3.15544e-30	0	1.26218e-29	0	5.1276e-29	0	2.42205e-29	0	3.01986e-30	0	3.15544e-30	0	0	0	5.23237e-29	0	3.15544e-30	0	0	0	5.03515e-29	0	0	0	0	0	0	0	3.15544e-29	0	0	0	2.52435e-29	0	1.57772e-30	0
3.45743e-29	0	9.33075e-30	0	0	0	1.02552e-29	0	3.01986e-30	0	2.14965e-29	0	4.8367e-29	0	3.15544e-30	0	1.26218e-29	0	4.70975e-29	0	2.42205e-29	0	3.01986e-30	0	3.15544e-30	0	0	0	5.23237e-29	0	3.15544e-30	0	0	0	5.03515e-29	0	0	0	0	0	0	0	3.07656e-29	0	0	0	2.52435e-29	0	1.57772e-30	0
3.45743e-29	0	9.33075e-30	0	0	0	6.96416e-30	0	3.01986e-30	0	2.14965e-29	0	4.8367e-29	0	3.15544e-30	0	1.26218e-29	0	3.88514e-29	0	2.42205e-29	0	3.01986e-30	0	3.15544e-30	0	0	0	4.98955e-29	0	3.15544e-30	0	0	0	4.99448e-29	0	0	0	0	0	0	0	2.7869e-29	0	0	0	2.52435e-29	0	1.57772e-30	0
3.45743e-29	0	9.33075e-30	0	0	0	5.78087e-30	0	3.01986e-30	0	2.14965e-29	0	4.73317e-29	0	3.15544e-30	0	1.26218e-29	0	3.88514e-29	0	2.42205e-29	0	3.01986e-30	0	3.15544e-30	0	0	0	4.98955e-29	0	3.15544e-30	0	0	0	4.99448e-29	0	0	0	0	0	0	0	2.52435e-29	0	0	0	2.52435e-29	0	1.57772e-30	0
3.45743e-29	0	9.33075e-30	0	0	0	5.78087e-30	0	3.01986e-30	0	2.14965e-29	0	4.73317e-29	0	3.15544e-30	0	1.26218e-29	0	3.86542e-29	0	2.42205e-29	0	3.01986e-30	0	3.15544e-30	0	0	0	4.88724e-29	0	3.15544e-30	0	0	0	4.99448e-29	0	0	0	0	0	0	0	2.52435e-29	0	0	0	2.52435e-29	0	1.57772e-30	0
3.45743e-29	0	9.33075e-30	0	0	0	4.99201e-30	0	3.01986e-30	0	2.14965e-29	0	4.73317e-29	0	3.15544e-30	0	1.26218e-29	0	3.86542e-29	0	2.38261e-29	0	3.01986e-30	0	3.15544e-30	0	0	0	4.88724e-29	0	3.15544e-30	0	0	0	4.99448e-29	0	0	0	0	0	0	0	2.52435e-29	0	0	0	2.52435e-29	0	1.57772e-30	0
3.45743e-29	0	9.33075e-30	0	0	0	4.99201e-30	0	3.01986e-30	0	2.14965e-29	0	4.73317e-29	0	3.15544e-30	0	1.26218e-29	0	3.54987e-29	0	2.38261e-29	0	3.01986e-30	0	3.15544e-30	0	0	0	4.88724e-29	0	3.15544e-30	0	0	0	4.91682e-29	0	0	0	0	0	0	0	2.52435e-29	0	0	0	2.52435e-29	0	1.57772e-30	0
3.45743e-29	0	9.33075e-30	0	0	0	4.20315e-30	0	3.01986e-30	0	2.12623e-29	0	4.73317e-29	0	3.15544e-30	0	1.26218e-29	0	3.4562e-29	0	2.38261e-29	0	3.01986e-30	0	3.15544e-30	0	0	0	4.88724e-29	0	3.15544e-30	0	0	0	4.89094e-29	0	0	0	0	0	0	0	2.5108e-29	0	0	0	2.52435e-29	0	1.57772e-30	0
3.45743e-29	0	9.33075e-30	0	0	0	4.20315e-30	0	3.01986e-30	0	2.12623e-29	0	4.73317e-29	0	3.15544e-30	0	1.26218e-29	0	3.02356e-29	0	2.16567e-29	0	3.01986e-30	0	3.15544e-30	0	0	0	4.674e-29	0	3.15544e-30	0	0	0	4.89094e-29	0	0	0	0	0	0	0	2.5108e-29	0	0	0	2.52435e-29	0	1.57772e-30	0
3.45743e-29	0	9.33075e-30	0	0	0	3.15544e-30	0	3.01986e-30	0	2.12623e-29	0	4.73317e-29	0	3.15544e-30	0	1.26218e-29	0	2.78567e-29	0	1.40516e-29	0	3.01986e-30	0	3.15544e-30	0	0	0	4.674e-29	0	3.15544e-30	0	0	0	4.89094e-29	0	0	0	0	0	0	0	2.5108e-29	0	0	0	2.52435e-29	0	1.57772e-30	0
3.45743e-29	0	9.33075e-30	0	0	0	3.15544e-30	0	3.01986e-30	0	2.07569e-29	0	4.73317e-29	0	3.15544e-30	0	1.26218e-29	0	2.78567e-29	0	1.02182e-29	0	3.01986e-30	0	3.15544e-30	0	0	0	4.35476e-29	0	3.15544e-30	0	0	0	4.89094e-29	0	0	0	0	0	0	0	2.5108e-29	0	0	0	2.52435e-29	0	1.57772e-30	0
3.45743e-29	0	9.33075e-30	0	0	0	3.15544e-30	0	3.01986e-30	0	2.07569e-29	0	4.73317e-29	0	3.15544e-30	0	1.26218e-29	0	2.61926e-29	0	9.13353e-30	0	3.01986e-30	0	3.15544e-30	0	0	0	4.35476e-29	0	3.15544e-30	0	0	0	4.89094e-29	0	0	0	0	0	0	0	2.5108e-29	0	0	0	2.52435e-29	0	1.57772e-30	0
3.45743e-29	0	9.33075e-30	0	0	0	3.15544e-30	0	3.01986e-30	0	2.07569e-29	0	4.73317e-29	0	3.15544e-30	0	1.26218e-29	0	2.15581e-29	0	9.13353e-30	0	3.01986e-30	0	3.15544e-30	0	0	0	4.35476e-29	0	3.15544e-30	0	0	0	4.89094e-29	0	0	0	0	0	0	0	2.5108e-29	0	0	0	2.52435e-29	0	1.57772e-30	0
3.45743e-29	0	9.33075e-30	0	0	0	3.15544e-30	0	3.01986e-30	0	2.07569e-29	0	4.73317e-29	0	3.15544e-30	0	1.26218e-29	0	1.8341e-29	0	6.16298e-30	0	3.01986e-30	0	3.15544e-30	0	0	0	4.25615e-29	0	3.15544e-30	0	0	0	4.89094e-29	0	0	0	0	0	0	0	2.5108e-29	0	0	0	2.52435e-29	0	1.57772e-30	0
3.45743e-29	0	9.33075e-30	0	0	0	3.15544e-30	0	3.01986e-30	0	2.07569e-29	0	4.73317e-29	0	3.15544e-30	0	1.26218e-29	0	1.8341e-29	0	6.16298e-30	0	3.01986e-30	0	3.15544e-30	0	0	0	3.89007e-29	0	3.15544e-30	0	0	0	4.89094e-29	0	0	0	0	0	0	0	2.5108e-29	0	0	0	2.52435e-29	0	1.57772e-30	0
3.45743e-29	0	9.33075e-30	0	0	0	3.01986e-30	0	3.01986e-30	0	2.07569e-29	0	4.73317e-29	0	3.15544e-30	0	1.26218e-29	0	1.8341e-29	0	6.16298e-30	0	3.01986e-30	0	3.15544e-30	0	0	0	3.89007e-29	0	3.15544e-30	0	0	0	4.89094e-29	0	0	0	0	0	0	0	2.5108e-29	0	0	0	2.52435e-29	0	1.57772e-30	0
3.45743e-29	0	9.33075e-30	0	0	0	3.01986e-30	0	3.01986e-30	0	2.07569e-29	0	4.73317e-29	0	3.15544e-30	0	1.26218e-29	0	1.8341e-29	0	6.16298e-30	0	3.01986e-30	0	3.15544e-30	0	0	0	3.89007e-29	0	3.15544e-30	0	0	0	4.89094e-29	0	0	0	0	0	0	0	2.5108e-29	0	0	0	2.52435e-29	0	1.57772e-30	0
3.45743e-29	0	9.33075e-30	0	0	0	3.01986e-30	0	3.01986e-30	0	2.07569e-29	0	4.73317e-29	0	3.15544e-30	0	1.26218e-29	0	1.52349e-29	0	6.16298e-30	0	3.01986e-30	0	3.15544e-30	0	0	0	3.69286e-29	0	3.15544e-30	0	0	0	4.89094e-29	0	0	0	0	0	0	0	2.5108e-29	0	0	0	2.52435e-29	0	1.57772e-30	0
3.45743e-29	0	9.33075e-30	0	0	0	3.01986e-30	0	3.01986e-30	0	2.07569e-29	0	4.73317e-29	0	3.15544e-30	0	1.26218e-29	0	1.52349e-29	0	5.76855e-30	0	3.01986e-30	0	3.15544e-30	0	0	0	3.15544e-29	0	3.15544e-30	0	0	0	4.89094e-29	0	0	0	0	0	0	0	2.5108e-29	0	0	0	2.52435e-29	0	1.57772e-30	0
3.45743e-29	0	9.33075e-30	0	0	0	3.01986e-30	0	3.01986e-30	0	2.07569e-29	0	4.73317e-29	0	3.15544e-30	0	1.26218e-29	0	1.52349e-29	0	5.48505e-30	0	3.01986e-30	0	3.15544e-30	0	0	0	3.15544e-29	0	3.15544e-30	0	0	0	4.89094e-29	0	0	0	0	0	0	0	2.5108e-29	0	0	0	2.52435e-29	0	1.57772e-30	0
3.45743e-29	0	9.33075e-30	0	0	0	3.01986e-30	0	3.01986e-30	0	2.07569e-29	0	4.73317e-29	0	3.15544e-30	0	1.26218e-29	0	1.52349e-29	0	4.19082e-30	0	3.01986e-30	0	3.15544e-30	0	0	0	3.03342e-29	0	3.15544e-30	0	0	0	4.89094e-29	0	0	0	0	0	0	0	2.5108e-29	0	0	0	2.52435e-29	0	1.57772e-30	0
3.45743e-29	0	9.33075e-30	0	0	0	3.01986e-30	0	3.01986e-30	0	2.07569e-29	0	4.73317e-29	0	3.15544e-30	0	1.26218e-29	0	1.48404e-29	0	3.01986e-30	0	3.01986e-30	0	3.15544e-30	0	0	0	3.02232e-29	0	3.15544e-30	0	0	0	4.89094e-29	0	0	0	0	0	0	0	2.5108e-29	0	0	0	2.52435e-29	0	1.57772e-30	0
3.45743e-29	0	9.33075e-30	0	0	0	3.01986e-30	0	3.01986e-30	0	2.07569e-29	0	4.73317e-29	0	3.15544e-30	0	1.26218e-29	0	1.48404e-29	0	3.01986e-30	0	3.01986e-30	0	3.15544e-30	0	0	0	3.02232e-29	0	3.15544e-30	0	0	0	4.89094e-29	0	0	0	0	0	0	0	2.5108e-29	0	0	0	2.52435e-29	0	1.57772e-30	0
3.45743e-29	0	9.33075e-30	0	0	0	3.01986e-30	0	3.01986e-30	0	2.07569e-29	0	4.73317e-29	0	3.15544e-30	0	1.26218e-29	0	1.48404e-29	0	1.57772e-30	0	3.01986e-30	0	3.15544e-30	0	0	0	2.91509e-29	0	3.15544e-30	0	0	0	4.89094e-29	0	0	0	0	0	0	0	2.5108e-29	0	0	0	2.52435e-29	0	1.57772e-30	0
3.45743e-29	0	9.33075e-30	0	0	0	3.01986e-30	0	3.01986e-30	0	2.07569e-29	0	4.73317e-29	0	3.15544e-30	0	1.26218e-29	0	1.24862e-29	0	1.04771e-30	0	3.01986e-30	0	3.15544e-30	0	0	0	2.86455e-29	0	3.15544e-30	0	0	0	4.89094e-29	0	0	0	0	0	0	0	2.5108e-29	0	0	0	2.52435e-29	0	1.57772e-30	0
3.45743e-29	0	9.33075e-30	0	0	0	3.01986e-30	0	3.01986e-30	0	2.07569e-29	0	4.73317e-29	0	3.15544e-30	0	1.26218e-29	0	1.24862e-29	0	1.03538e-30	0	3.01986e-30	0	3.15544e-30	0	0	0	2.62913e-29	0	3.15544e-30	0	0	0	4.89094e-29	0	0	0	0	0	0	0	2.5108e-29	0	0	0	2.52435e-29	0	1.57772e-30	0
3.45743e-29	0	9.33075e-30	0	0	0	3.01986e-30	0	3.01986e-30	0	2.07569e-29	0	4.73317e-29	0	3.15544e-30	0	1.26218e-29	0	1.24862e-29	0	1.03538e-30	0	3.01986e-30	0	3.15544e-30	0	0	0	2.62913e-29	0	3.15544e-30	0	0	0	4.89094e-29	0	0	0	0	0	0	0	2.5108e-29	0	0	0	2.52435e-29	0	1.57772e-30	0
3.45743e-29	0	9.33075e-30	0	0	0	3.01986e-30	0	3.01986e-30	0	2.07569e-29	0	4.73317e-29	0	3.15544e-30	0	1.26218e-29	0	1.24862e-29	0	1.03538e-30	0	3.01986e-30	0	3.15544e-30	0	0	0	2.5108e-29	0	3.15544e-30	0	0	0	4.89094e-29	0	0	0	0	0	0	0	2.5108e-29	0	0	0	2.52435e-29	0	1.57772e-30	0
3.45743e-29	0	9.33075e-30	0	0	0	3.01986e-30	0	3.01986e-30	0	2.07569e-29	0	4.73317e-29	0	3.15544e-30	0	1.26218e-29	0	1.24862e-29	0	2.58845e-31	0	3.01986e-30	0	3.15544e-30	0	0	0	2.5108e-29	0	3.15544e-30	0	0	0	4.89094e-29	0	0	0	0	0	0	0	2.5108e-29	0	0	0	2.52435e-29	0	1.57772e-30	0
3.45743e-29	0	9.33075e-30	0	0	0	3.01986e-30	0	3.01986e-30	0	2.07569e-29	0	4.73317e-29	0	3.15544e-30	0	1.26218e-29	0	1.24862e-29	0	0	0	3.01986e-30	0	3.15544e-30	0	0	0	2.5108e-29	0	3.15544e-30	0	0	0	4.89094e-29	0	0	0	0	0	0	0	2.5108e-29	0	0	0	2.52435e-29	0	1.57772e-30	0
3.45743e-29	0	9.33075e-30	0	0	0	3.01986e-30	0	3.01986e-30	0	2.07569e-29	0	4.73317e-29	0	3.15544e-30	0	1.26218e-29	0	1.24862e-29	0	0	0	3.01986e-30	0	3.15544e-30	0	0	0	2.5108e-29	0	3.15544e-30	0	0	0	4.89094e-29	0	0	0	0	0	0	0	2.5108e-29	0	0	0	2.52435e-29	0	1.57772e-30	0
3.45743e-29	0	9.33075e-30	0	0	0	3.01986e-30	0	3.01986e-30	0	2.07569e-29	0	4.73317e-29	0	3.15544e-30	0	1.26218e-29	0	1.24862e-29	0	0	0	3.01986e-30	0	3.15544e-30	0	0	0	2.5108e-29	0	3.15544e-30	0	0	0	4.89094e-29	0	0	0	0	0	0	0	2.5108e-29	0	0	0	2.52435e-29	0	1.57772e-30	0
3.45743e-29	0	9.33075e-30	0	0	0	3.01986e-30	0	3.01986e-30	0	2.07569e-29	0	4.73317e-29	0	3.15544e-30	0	1.26218e-29	0	1.24862e-29	0	0	0	3.01986e-30	0	3.15544e-30	0	0	0	2.5108e-29	0	3.15544e-30	0	0	0	4.89094e-29	0	0	0	0	0	0	0	2.5108e-29	0	0	0	2.52435e-29	0	1.57772e-30	0
3.45743e-29	0	9.33075e-30	0	0	0	3.01986e-30	0	3.01986e-30	0	2.07569e-29	0	4.73317e-29	0	3.15544e-30	0	1.26218e-29	0	1.24862e-29	0	0	0	3.01986e-30	0	3.15544e-30	0	0	0	2.5108e-29	0	3.15544e-30	0	0	0	4.89094e-29	0	0	0	0	0	0	0	2.5108e-29	0	0	0	2.52435e-29	0	1.57772e-30	0
3.45743e-29	0	9.33075e-30	0	0	0	3.01986e-30	0	3.01986e-30	0	2.07569e-29	0	4.73317e-29	0	3.15544e-30	0	1.26218e-29	0	1.24862e-29	0	0	0	3.01986e-30	0	3.15544e-30	0	0	0	2.5108e-29	0	3.15544e-30	0	0	0	4.89094e-29	0	0	0	0	0	0	0	2.5108e-29	0	0	0	2.52435e-29	0	1.57772e-30	0
3.45743e-29	0	9.33075e-30	0	0	0	3.01986e-30	0	3.01986e-30	0	2.07569e-29	0	4.73317e-29	0	3.15544e-30	0	1.26218e-29	0	1.24862e-29	0	0	0	3.01986e-30	0	3.15544e-30	0	0	0	2.5108e-29	0	3.15544e-30	0	0	0	4.89094e-29	0	0	0	0	0	0	0	2.5108e-29	0	0	0	2.52435e-29	0	1.57772e-30	0
3.45743e-29	0	9.33075e-30	0	0	0	3.01986e-30	0	3.01986e-30	0	2.07569e-29	0	4.73317e-29	0	3.15544e-30	0	1.26218e-29	0	1.24862e-29	0	0	0	3.01986e-30	0	3.15544e-30	0	0	0	2.5108e-29	0	3.15544e-30	0	0	0	4.89094e-29	0	0	0	0	0	0	0	2.5108e-29	0	0	0	2.52435e-29	0	1.57772e-30	0
3.45743e-29	0	9.33075e-30	0	0	0	3.01986e-30	0	3.01986e-30	0	2.07569e-29	0	4.73317e-29	0	3.15544e-30	0	1.26218e-29	0	1.24862e-29	0	0	0	3.01986e-30	0	3.15544e-30	0	0	0	2.5108e-29	0	3.15544e-30	0	0	0	4.89094e-29	0	0	0	0	0	0	0	2.5108e-29	0	0	0	2.52435e-29	0	1.57772e-30	0
3.45743e-29	0	9.33075e-30	0	0	0	3.01986e-30	0	3.01986e-30	0	2.07569e-29	0	4.73317e-29	0	3.15544e-30	0	1.26218e-29	0	1.24862e-29	0	0	0	3.01986e-30	0	3.15544e-30	0	0	0	2.5108e-29	0	3.15544e-30	0	0	0	4.89094e-29	0	0	0	0	0	0	0	2.5108e-29	0	0	0	2.52435e-29	0	1.57772e-30	0
3.45743e-29	0	9.33075e-30	0	0	0	3.01986e-30	0	3.01986e-30	0	2.07569e-29	0	4.73317e-29	0	3.15544e-30	0	1.26218e-29	0	1.24862e-29	0	0	0	3.01986e-30	0	3.15544e-30	0	0	0	2.5108e-29	0	3.15544e-30	0	0	0	4.89094e-29	0	0	0	0	0	0	0	2.5108e-29	0	0	0	2.52435e-29	0	1.57772e-30	0
3.45743e-29	0	9.33075e-30	0	0	0	3.01986e-30	0	3.01986e-30	0	2.07569e-29	0	4.73317e-29	0	3.15544e-30	0	1.26218e-29	0	1.24862e-29	0	0	0	3.01986e-30	0	3.15544e-30	0	0	0	2.5108e-29	0	3.15544e-30	0	0	0	4.89094e-29	0	0	0	0	0	0	0	2.5108e-29	0	0	0	2.52435e-29	0	1.57772e-30	0
3.45743e-29	0	9.33075e-30	0	0	0	3.01986e-30	0	3.01986e-30	0	2.07569e-29	0	4.73317e-29	0	3.15544e-30	0	1.26218e-29	0	1.24862e-29	0	0	0	3.01986e-30	0	3.15544e-30	0	0	0	2.5108e-29	0	3.15544e-30	0	0	0	4.89094e-29	0	0	0	0	0	0	0	2.5108e-29	0	0	0	2.52435e-29	0	1.57772e-30	0
3.45743e-29	0	9.33075e-30	0	0	0	3.01986e-30	0	3.01986e-30	0	2.07569e-29	0	4.73317e-29	0	3.15544e-30	0	1.26218e-29	0	1.24862e-29	0	0	0	3.01986e-30	0	3.15544e-30	0	0	0	2.5108e-29	0	3.15544e-30	0	0	0	4.89094e-29	0	0	0	0	0	0	0	2.5108e-29	0	0	0	2.52435e-29	0	1.57772e-30	0
3.45743e-29	0	9.33075e-30	0	0	0	3.01986e-30	0	3.01986e-30	0	2.07569e-29	0	4.73317e-29	0	3.15544e-30	0	1.26218e-29	0	1.24862e-29	0	0	0	3.01986e-30	0	3.15544e-30	0	0	0	2.5108e-29	0	3.15544e-30	0	0	0	4.89094e-29	0	0	0	0	0	0	0	2.5108e-29	0	0	0	2.52435e-29	0	1.57772e-30	0
3.45743e-29	0	9.33075e-30	0	0	0	3.01986e-30	0	3.01986e-30	0	2.07569e-29	0	4.73317e-29	0	3.15544e-30	0	1.26218e-29	0	1.24862e-29	0	0	0	3.01986e-30	0	3.15544e-30	0	0	0	2.5108e-29	0	3.15544e-30	0	0	0	4.89094e-29	0	0	0	0	0	0	0	2.5108e-29	0	0	0	2.52435e-29	0	1.57772e-30	0
3.45743e-29	0	9.33075e-30	0	0	0	3.01986e-30	0	3.01986e-30	0	2.07569e-29	0	4.73317e-29	0	3.15544e-30	0	1.26218e-29	0	1.24862e-29	0	0	0	3.01986e-30	0	3.15544e-30	0	0	0	2.5108e-29	0	3.15544e-30	0	0	0	4.89094e-29	0	0	0	0	0	0	0	2.5108e-29	0	0	0	2.52435e-29	0	1.57772e-30	0
3.45743e-29	0	9.33075e-30	0	0	0	3.01986e-30	0	3.01986e-30	0	2.07569e-29	0	4.73317e-29	0	3.15544e-30	0	1.26218e-29	0	1.24862e-29	0	0	0	3.01986e-30	0	3.15544e-30	0	0	0	2.5108e-29	0	3.15544e-30	0	0	0	4.89094e-29	0	0	0	0	0	0	0	2.5108e-29	0	0	0	2.52435e-29	0	1.57772e-30	0
3.45743e-29	0	9.33075e-30	0	0	0	3.01986e-30	0	3.01986e-30	0	2.07569e-29	0	4.73317e-29	0	3.15544e-30	0	1.26218e-29	0	1.24862e-29	0	0	0	3.01986e-30	0	3.15544e-30	0	0	0	2.5108e-29	0	3.15544e-30	0	0	0	4.89094e-29	0	0	0	0	0	0	0	2.5108e-29	0	0	0	2.52435e-29	0	1.57772e-30	0
3.45743e-29	0	9.33075e-30	0	0	0	3.01986e-30	0	3.01986e-30	0	2.07569e-29	0	4.73317e-29	0	3.15544e-30	0	1.26218e-29	0	1.24862e-29	0	0	0	3.01986e-30	0	3.15544e-30	0	0	0	2.5108e-29	0	3.15544e-30	0	0	0	4.89094e-29	0	0	0	0	0	0	0	2.5108e-29	0	0	0	2.52435e-29	0	1.57772e-30	0
3.45743e-29	0	9.33075e-30	0	0	0	3.01986e-30	0	3.01986e-30	0	2.07569e-29	0	4.73317e-29	0	3.15544e-30	0	1.26218e-29	0	1.24862e-29	0	0	0	3.01986e-30	0	3.15544e-30	0	0	0	2.5108e-29	0	3.15544e-30	0	0	0	4.89094e-29	0	0	0	0	0	0	0	2.5108e-29	0	0	0	2.52435e-29	0	1.57772e-30	0
3.45743e-29	0	9.33075e-30	0	0	0	3.01986e-30	0	3.01986e-30	0	2.07569e-29	0	4.73317e-29	0	3.15544e-30	0	1.26218e-29	0	1.24862e-29	0	0	0	3.01986e-30	0	3.15544e-30	0	0	0	2.5108e-29	0	3.15544e-30	0	0	0	4.89094e-29	0	0	0	0	0	0	0	2.5108e-29	0	0	0	2.52435e-29	0	1.57772e-30	0
3.45743e-29	0	9.33075e-30	0	0	0	3.01986e-30	0	3.01986e-30	0	2.07569e-29	0	4.73317e-29	0	3.15544e-30	0	1.26218e-29	0	1.24862e-29	0	0	0	3.01986e-30	0	3.15544e-30	0	0	0	2.5108e-29	0	3.15544e-30	0	0	0	4.89094e-29	0	0	0	0	0	0	0	2.5108e-29	0	0	0	2.52435e-29	0	1.57772e-30	0
3.45743e-29	0	9.33075e-30	0	0	0	3.01986e-30	0	3.01986e-30	0	2.07569e-29	0	4.73317e-29	0	3.15544e-30	0	1.26218e-29	0	1.24862e-29	0	0	0	3.01986e-30	0	3.15544e-30	0	0	0	2.5108e-29	0	3.15544e-30	0	0	0	4.89094e-29	0	0	0	0	0	0	0	2.5108e-29	0	0	0	2.52435e-29	0	1.57772e-30	0
3.45743e-29	0	9.33075e-30	0	0	0	3.01986e-30	0	3.01986e-30	0	2.07569e-29	0	4.73317e-29	0	3.15544e-30	0	1.26218e-29	0	1.24862e-29	0	0	0	3.01986e-30	0	3.15544e-30	0	0	0	2.5108e-29	0	3.15544e-30	0	0	0	4.89094e-29	0	0	0	0	0	0	0	2.5108e-29	0	0	0	2.52435e-29	0	1.57772e-30	0
3.45743e-29	0	9.33075e-30	0	0	0	3.01986e-30	0	3.01986e-30	0	2.07569e-29	0	4.73317e-29	0	3.15544e-30	0	1.26218e-29	0	1.24862e-29	0	0	0	3.01986e-30	0	3.15544e-30	0	0	0	2.5108e-29	0	3.15544e-30	0	0	0	4.89094e-29	0	0	0	0	0	0	0	2.5108e-29	0	0	0	2.52435e-29	0	1.57772e-30	0
3.45743e-29	0	9.33075e-30	0	0	0	3.01986e-30	0	3.01986e-30	0	2.07569e-29	0	4.73317e-29	0	3.15544e-30	0	1.26218e-29	0	1.24862e-29	0	0	0	3.01986e-30	0	3.15544e-30	0	0	0	2.5108e-29	0	3.15544e-30	0	0	0	4.89094e-29	0	0	0	0	0	0	0	2.5108e-29	0	0	0	2.52435e-29	0	1.57772e-30	0
3.45743e-29	0	9.33075e-30	0	0	0	3.01986e-30	0	3.01986e-30	0	2.07569e-29	0	4.73317e-29	0	3.15544e-30	0	1.26218e-29	0	1.24862e-29	0	0	0	3.01986e-30	0	3.15544e-30	0	0	0	2.5108e-29	0	3.15544e-30	0	0	0	4.89094e-29	0	0	0	0	0	0	0	2.5108e-29	0	0	0	2.52435e-29	0	1.57772e-30	0
3.45743e-29	0	9.33075e-30	0	0	0	3.01986e-30	0	3.01986e-30	0	2.07569e-29	0	4.73317e-29	0	3.15544e-30	0	1.26218e-29	0	1.24862e-29	0	0	0	3.01986e-30	0	3.15544e-30	0	0	0	2.5108e-29	0	3.15544e-30	0	0	0	4.89094e-29	0	0	0	0	0	0	0	2.5108e-29	0	0	0	2.52435e-29	0	1.57772e-30	0
3.45743e-29	0	9.33075e-30	0	0	0	3.01986e-30	0	3.01986e-30	0	2.07569e-29	0	4.73317e-29	0	3.15544e-30	0	1.26218e-29	0	1.24862e-29	0	0	0	3.01986e-30	0	3.15544e-30	0	0	0	2.5108e-29	0	3.15544e-30	0	0	0	4.89094e-29	0	0	0	0	0	0	0	2.5108e-29	0	0	0	2.52435e-29	0	1.57772e-30	0
3.45743e-29	0	9.33075e-30	0	0	0	3.01986e-30	0	3.01986e-30	0	2.07569e-29	0	4.73317e-29	0	3.15544e-30	0	1.26218e-29	0	1.24862e-29	0	0	0	3.01986e-30	0	3.15544e-30	0	0	0	2.5108e-29	0	3.15544e-30	0	0	0	4.89094e-29	0	0	0	0	0	0	0	2.5108e-29	0	0	0	2.52435e-29	0	1.57772e-30	0
3.45743e-29	0	9.33075e-30	0	0	0	3.01986e-30	0	3.01986e-30	0	2.07569e-29	0	4.73317e-29	0	3.15544e-30	0	1.26218e-29	0	1.24862e-29	0	0	0	3.01986e-30	0	3.15544e-30	0	0	0	2.5108e-29	0	3.15544e-30	0	0	0	4.89094e-29	0	0	0	0	0	0	0	2.5108e-29	0	0	0	2.52435e-29	0	1.57772e-30	0
3.45743e-29	0	9.33075e-30	0	0	0	3.01986e-30	0	3.01986e-30	0	2.07569e-29	0	4.73317e-29	0	3.15544e-30	0	1.26218e-29	0	1.24862e-29	0	0	0	3.01986e-30	0	3.15544e-30	0	0	0	2.5108e-29	0	3.15544e-30	0	0	0	4.89094e-29	0	0	0	0	0	0	0	2.5108e-29	0	0	0	2.52435e-29	0	1.57772e-30	0
3.45743e-29	0	9.33075e-30	0	0	0	3.01986e-30	0	3.01986e-30	0	2.07569e-29	0	4.73317e-29	0	3.15544e-30	0	1.26218e-29	0	1.24862e-29	0	0	0	3.01986e-30	0	3.15544e-30	0	0	0	2.5108e-29	0	3.15544e-30	0	0	0	4.89094e-29	0	0	0	0	0	0	0	2.5108e-29	0	0	0	2.52435e-29	0	1.57772e-30	0
3.45743e-29	0	9.33075e-30	0	0	0	3.01986e-30	0	3.01986e-30	0	2.07569e-29	0	4.73317e-29	0	3.15544e-30	0	1.26218e-29	0	1.24862e-29	0	0	0	3.01986e-30	0	3.15544e-30	0	0	0	2.5108e-29	0	3.15544e-30	0	0	0	4.89094e-29	0	0	0	0	0	0	0	2.5108e-29	0	0	0	2.52435e-29	0	1.57772e-30	0
3.45743e-29	0	9.33075e-30	0	0	0	3.01986e-30	0	3.01986e-30	0	2.07569e-29	0	4.73317e-29	0	3.15544e-30	0	1.26218e-29	0	1.24862e-29	0	0	0	3.01986e-30	0	3.15544e-30	0	0	0	2.5108e-29	0	3.15544e-30	0	0	0	4.89094e-29	0	0	0	0	0	0	0	2.5108e-29	0	0	0	2.52435e-29	0	1.57772e-30	0
3.45743e-29	0	9.33075e-30	0	0	0	3.01986e-30	0	3.01986e-30	0	2.07569e-29	0	4.73317e-29	0	3.15544e-30	0	1.26218e-29	0	1.24862e-29	0	0	0	3.01986e-30	0	3.15544e-30	0	0	0	2.5108e-29	0	3.15544e-30	0	0	0	4.89094e-29	0	0	0	0	0	0	0	2.5108e-29	0	0	0	2.52435e-29	0	1.57772e-30	0
3.45743e-29	0	9.33075e-30	0	0	0	3.01986e-30	0	3.01986e-30	0	2.07569e-29	0	4.73317e-29	0	3.15544e-30	0	1.26218e-29	0	1.24862e-29	0	0	0	3.01986e-30	0	3.15544e-30	0	0	0	2.5108e-29	0	3.15544e-30	0	0	0	4.89094e-29	0	0	0	0	0	0	0	2.5108e-29	0	0	0	2.52435e-29	0	1.57772e-30	0
3.45743e-29	0	9.33075e-30	0	0	0	3.01986e-30	0	3.01986e-30	0	2.07569e-29	0	4.73317e-29	0	3.15544e-30	0	1.26218e-29	0	1.24862e-29	0	0	0	3.01986e-30	0	3.15544e-30	0	0	0	2.5108e-29	0	3.15544e-30	0	0	0	4.89094e-29	0	0	0	0	0	0	0	2.5108e-29	0	0	0	2.52435e-29	0	1.57772e-30	0
3.45743e-29	0	9.33075e-30	0	0	0	3.01986e-30	0	3.01986e-30	0	2.07569e-29	0	4.73317e-29	0	3.15544e-30	0	1.26218e-29	0	1.24862e-29	0	0	0	3.01986e-30	0	3.15544e-30	0	0	0	2.5108e-29	0	3.15544e-30	0	0	0	4.89094e-29	0	0	0	0	0	0	0	2.5108e-29	0	0	0	2.52435e-29	0	1.57772e-30	0
3.45743e-29	0	9.33075e-30	0	0	0	3.01986e-30	0	3.01986e-30	0	2.07569e-29	0	4.73317e-29	0	3.15544e-30	0	1.26218e-29	0	1.24862e-29	0	0	0	3.01986e-30	0	3.15544e-30	0	0	0	2.5108e-29	0	3.15544e-30	0	0	0	4.89094e-29	0	0	0	0	0	0	0	2.5108e-29	0	0	0	2.52435e-29	0	1.57772e-30	0
3.45743e-29	0	9.33075e-30	0	0	0	3.01986e-30	0	3.01986e-30	0	2.07569e-29	0	4.73317e-29	0	3.15544e-30	0	1.26218e-29	0	1.24862e-29	0	0	0	3.01986e-30	0	3.15544e-30	0	0	0	2.5108e-29	0	3.15544e-30	0	0	0	4.89094e-29	0	0	0	0	0	0	0	2.5108e-29	0	0	0	2.52435e-29	0	1.57772e-30	0
3.45743e-29	0	9.33075e-30	0	0	0	3.01986e-30	0	3.01986e-30	0	2.07569e-29	0	4.73317e-29	0	3.15544e-30	0	1.26218e-29	0	1.24862e-29	0	0	0	3.01986e-30	0	3.15544e-30	0	0	0	2.5108e-29	0	3.15544e-30	0	0	0	4.89094e-29	0	0	0	0	0	0	0	2.5108e-29	0	0	0	2.52435e-29	0	1.57772e-30	0
3.45743e-29	0	9.33075e-30	0	0	0	3.01986e-30	0	3.01986e-30	0	2.07569e-29	0	4.73317e-29	0	3.15544e-30	0	1.26218e-29	0	1.24862e-29	0	0	0	3.01986e-30	0	3.15544e-30	0	0	0	2.5108e-29	0	3.15544e-30	0	0	0	4.89094e-29	0	0	0	0	0	0	0	2.5108e-29	0	0	0	2.52435e-29	0	1.57772e-30	0
3.45743e-29	0	9.33075e-30	0	0	0	3.01986e-30	0	3.01986e-30	0	2.07569e-29	0	4.73317e-29	0	3.15544e-30	0	1.26218e-29	0	1.24862e-29	0	0	0	3.01986e-30	0	3.15544e-30	0	0	0	2.5108e-29	0	3.15544e-30	0	0	0	4.89094e-29	0	0	0	0	0	0	0	2.5108e-29	0	0	0	2.52435e-29	0	1.57772e-30	0
3.45743e-29	0	9.33075e-30	0	0	0	3.01986e-30	0	3.01986e-30	0	2.07569e-29	0	4.73317e-29	0	3.15544e-30	0	1.26218e-29	0	1.24862e-29	0	0	0	3.01986e-30	0	3.15544e-30	0	0	0	2.5108e-29	0	3.15544e-30	0	0	0	4.89094e-29	0	0	0	0	0	0	0	2.5108e-29	0	0	0	2.52435e-29	0	1.57772e-30	0
3.45743e-29	0	9.33075e-30	0	0	0	3.01986e-30	0	3.01986e-30	0	2.07569e-29	0	4.73317e-29	0	3.15544e-30	0	1.26218e-29	0	1.24862e-29	0	0	0	3.01986e-30	0	3.15544e-30	0	0	0	2.5108e-29	0	3.15544e-30	0	0	0	4.89094e-29	0	0	0	0	0	0	0	2.5108e-29	0	0	0	2.52435e-29	0	1.57772e-30	0
3.45743e-29	0	9.33075e-30	0	0	0	3.01986e-30	0	3.01986e-30	0	2.07569e-29	0	4.73317e-29	0	3.15544e-30	0	1.26218e-29	0	1.24862e-29	0	0	0	3.01986e-30	0	3.15544e-30	0	0	0	2.5108e-29	0	3.15544e-30	0	0	0	4.89094e-29	0	0	0	0	0	0	0	2.5108e-29	0	0	0	2.52435e-29	0	1.57772e-30	0
3.45743e-29	0	9.33075e-30	0	0	0	3.01986e-30	0	3.01986e-30	0	2.07569e-29	0	4.73317e-29	0	3.15544e-30	0	1.26218e-29	0	1.24862e-29	0	0	0	3.01986e-30	0	3.15544e-30	0	0	0	2.5108e-29	0	3.15544e-30	0	0	0	4.89094e-29	0	0	0	0	0	0	0	2.5108e-29	0	0	0	2.52435e-29	0	1.57772e-30	0
3.45743e-29	0	9.33075e-30	0	0	0	3.01986e-30	0	3.01986e-30	0	2.07569e-29	0	4.73317e-29	0	3.15544e-30	0	1.26218e-29	0	1.24862e-29	0	0	0	3.01986e-30	0	3.15544e-30	0	0	0	2.5108e-29	0	3.15544e-30	0	0	0	4.89094e-29	0	0	0	0	0	0	0	2.5108e-29	0	0	0	2.52435e-29	0	1.57772e-30	0
3.45743e-29	0	9.33075e-30	0	0	0	3.01986e-30	0	3.01986e-30	0	2.07569e-29	0	4.73317e-29	0	3.15544e-30	0	1.26218e-29	0	1.24862e-29	0	0	0	3.01986e-30	0	3.15544e-30	0	0	0	2.5108e-29	0	3.15544e-30	0	0	0	4.89094e-29	0	0	0	0	0	0	0	2.5108e-29	0	0	0	2.52435e-29	0	1.57772e-30	0
3.45743e-29	0	9.33075e-30	0	0	0	3.01986e-30	0	3.01986e-30	0	2.07569e-29	0	4.73317e-29	0	3.15544e-30	0	1.26218e-29	0	1.24862e-29	0	0	0	3.01986e-30	0	3.15544e-30	0	0	0	2.5108e-29	0	3.15544e-30	0	0	0	4.89094e-29	0	0	0	0	0	0	0	2.5108e-29	0	0	0	2.52435e-29	0	1.57772e-30	0
3.45743e-29	0	9.33075e-30	0	0	0	3.01986e-30	0	3.01986e-30	0	2.07569e-29	0	4.73317e-29	0	3.15544e-30	0	1.26218e-29	0	1.24862e-29	0	0	0	3.01986e-30	0	3.15544e-30	0	0	0	2.5108e-29	0	3.15544e-30	0	0	0	4.89094e-29	0	0	0	0	0	0	0	2.5108e-29	0	0	0	2.52435e-29	0	1.57772e-30	0
3.45743e-29	0	9.33075e-30	0	0	0	3.01986e-30	0	3.01986e-30	0	2.07569e-29	0	4.73317e-29	0	3.15544e-30	0	1.26218e-29	0	1.24862e-29	0	0	0	3.01986e-30	0	3.15544e-30	0	0	0	2.5108e-29	0	3.15544e-30	0	0	0	4.89094e-29	0	0	0	0	0	0	0	2.5108e-29	0	0	0	2.52435e-29	0	1.57772e-30	0
3.45743e-29	0	9.33075e-30	0	0	0	3.01986e-30	0	3.01986e-30	0	2.07569e-29	0	4.73317e-29	0	3.15544e-30	0	1.26218e-29	0	1.24862e-29	0	0	0	3.01986e-30	0	3.15544e-30	0	0	0	2.5108e-29	0	3.15544e-30	0	0	0	4.89094e-29	0	0	0	0	0	0	0	2.5108e-29	0	0	0	2.52435e-29	0	1.57772e-30	0
3.45743e-29	0	9.33075e-30	0	0	0	3.01986e-30	0	3.01986e-30	0	2.07569e-29	0	4.73317e-29	0	3.15544e-30	0	1.26218e-29	0	1.24862e-29	0	0	0	3.01986e-30	0	3.15544e-30	0	0	0	2.5108e-29	0	3.15544e-30	0	0	0	4.89094e-29	0	0	0	0	0	0	0	2.5108e-29	0	0	0	2.52435e-29	0	1.57772e-30	0
3.45743e-29	0	9.33075e-30	0	0	0	3.01986e-30	0	3.01986e-30	0	2.07569e-29	0	4.73317e-29	0	3.15544e-30	0	1.26218e-29	0	1.24862e-29	0	0	0	3.01986e-30	0	3.15544e-30	0	0	0	2.5108e-29	0	3.15544e-30	0	0	0	4.89094e-29	0	0	0	0	0	0	0	2.5108e-29	0	0	0	2.52435e-29	0	1.57772e-30	0
3.45743e-29	0	9.33075e-30	0	0	0	3.01986e-30	0	3.01986e-30	0	2.07569e-29	0	4.73317e-29	0	3.15544e-30	0	1.26218e-29	0	1.24862e-29	0	0	0	3.01986e-30	0	3.15544e-30	0	0	0	2.5108e-29	0	3.15544e-30	0	0	0	4.89094e-29	0	0	0	0	0	0	0	2.5108e-29	0	0	0	2.52435e-29	0	1.57772e-30	0
3.45743e-29	0	9.33075e-30	0	0	0	3.01986e-30	0	3.01986e-30	0	2.07569e-29	0	4.73317e-29	0	3.15544e-30	0	1.26218e-29	0	1.24862e-29	0	0	0	3.01986e-30	0	3.15544e-30	0	0	0	2.5108e-29	0	3.15544e-30	0	0	0	4.89094e-29	0	0	0	0	0	0	0	2.5108e-29	0	0	0	2.52435e-29	0	1.57772e-30	0
3.45743e-29	0	9.33075e-30	0	0	0	3.01986e-30	0	3.01986e-30	0	2.07569e-29	0	4.73317e-29	0	3.15544e-30	0	1.26218e-29	0	1.24862e-29	0	0	0	3.01986e-30	0	3.15544e-30	0	0	0	2.5108e-29	0	3.15544e-30	0	0	0	4.89094e-29	0	0	0	0	0	0	0	2.5108e-29	0	0	0	2.52435e-29	0	1.57772e-30	0
3.45743e-29	0	9.33075e-30	0	0	0	3.01986e-30	0	3.01986e-30	0	2.07569e-29	0	4.73317e-29	0	3.15544e-30	0	1.26218e-29	0	1.24862e-29	0	0	0	3.01986e-30	0	3.15544e-30	0	0	0	2.5108e-29	0	3.15544e-30	0	0	0	4.89094e-29	0	0	0	0	0	0	0	2.5108e-29	0	0	0	2.52435e-29	0	1.57772e-30	0
3.45743e-29	0	9.33075e-30	0	0	0	3.01986e-30	0	3.01986e-30	0	2.07569e-29	0	4.73317e-29	0	3.15544e-30	0	1.26218e-29	0	1.24862e-29	0	0	0	3.01986e-30	0	3.15544e-30	0	0	0	2.5108e-29	0	3.15544e-30	0	0	0	4.89094e-29	0	0	0	0	0	0	0	2.5108e-29	0	0	0	2.52435e-29	0	1.57772e-30	0
3.45743e-29	0	9.33075e-30	0	0	0	3.01986e-30	0	3.01986e-30	0	2.07569e-29	0	4.73317e-29	0	3.15544e-30	0	1.26218e-29	0	1.24862e-29	0	0	0	3.01986e-30	0	3.15544e-30	0	0	0	2.5108e-29	0	3.15544e-30	0	0	0	4.89094e-29	0	0	0	0	0	0	0	2.5108e-29	0	0	0	2.52435e-29	0	1.57772e-30	0
3.45743e-29	0	9.33075e-30	0	0	0	3.01986e-30	0	3.01986e-30	0	2.07569e-29	0	4.73317e-29	0	3.15544e-30	0	1.26218e-29	0	1.24862e-29	0	0	0	3.01986e-30	0	3.15544e-30	0	0	0	2.5108e-29	0	3.15544e-30	0	0	0	4.89094e-29	0	0	0	0	0	0	0	2.5108e-29	0	0	0	2.52435e-29	0	1.57772e-30	0
3.45743e-29	0	9.33075e-30	0	0	0	3.01986e-30	0	3.01986e-30	0	2.07569e-29	0	4.73317e-29	0	3.15544e-30	0	1.26218e-29	0	1.24862e-29	0	0	0	3.01986e-30	0	3.15544e-30	0	0	0	2.5108e-29	0	3.15544e-30	0	0	0	4.89094e-29	0	0	0	0	0	0	0	2.5108e-29	0	0	0	2.52435e-29	0	1.57772e-30	0
3.45743e-29	0	9.33075e-30	0	0	0	3.01986e-30	0	3.01986e-30	0	2.07569e-29	0	4.73317e-29	0	3.15544e-30	0	1.26218e-29	0	1.24862e-29	0	0	0	3.01986e-30	0	3.15544e-30	0	0	0	2.5108e-29	0	3.15544e-30	0	0	0	4.89094e-29	0	0	0	0	0	0	0	2.5108e-29	0	0	0	2.52435e-29	0	1.57772e-30	0
3.45743e-29	0	9.33075e-30	0	0	0	3.01986e-30	0	3.01986e-30	0	2.07569e-29	0	4.73317e-29	0	3.15544e-30	0	1.26218e-29	0	1.24862e-29	0	0	0	3.01986e-30	0	3.15544e-30	0	0	0	2.5108e-29	0	3.15544e-30	0	0	0	4.89094e-29	0	0	0	0	0	0	0	2.5108e-29	0	0	0	2.52435e-29	0	1.57772e-30	0
3.45743e-29	0	9.33075e-30	0	0	0	3.01986e-30	0	3.01986e-30	0	2.07569e-29	0	4.73317e-29	0	3.15544e-30	0	1.26218e-29	0	1.24862e-29	0	0	0	3.01986e-30	0	3.15544e-30	0	0	0	2.5108e-29	0	3.15544e-30	0	0	0	4.89094e-29	0	0	0	0	0	0	0	2.5108e-29	0	0	0	2.52435e-29	0	1.57772e-30	0
3.45743e-29	0	9.33075e-30	0	0	0	3.01986e-30	0	3.01986e-30	0	2.07569e-29	0	4.73317e-29	0	3.15544e-30	0	1.26218e-29	0	1.24862e-29	0	0	0	3.01986e-30	0	3.15544e-30	0	0	0	2.5108e-29	0	3.15544e-30	0	0	0	4.89094e-29	0	0	0	0	0	0	0	2.5108e-29	0	0	0	2.52435e-29	0	1.57772e-30	0
3.45743e-29	0	9.33075e-30	0	0	0	3.01986e-30	0	3.01986e-30	0	2.07569e-29	0	4.73317e-29	0	3.15544e-30	0	1.26218e-29	0	1.24862e-29	0	0	0	3.01986e-30	0	3.15544e-30	0	0	0	2.5108e-29	0	3.15544e-30	0	0	0	4.89094e-29	0	0	0	0	0	0	0	2.5108e-29	0	0	0	2.52435e-29	0	1.57772e-30	0
3.45743e-29	0	9.33075e-30	0	0	0	3.01986e-30	0	3.01986e-30	0	2.07569e-29	0	4.73317e-29	0	3.15544e-30	0	1.26218e-29	0	1.24862e-29	0	0	0	3.01986e-30	0	3.15544e-30	0	0	0	2.5108e-29	0	3.15544e-30	0	0	0	4.89094e-29	0	0	0	0	0	0	0	2.5108e-29	0	0	0	2.52435e-29	0	1.57772e-30	0
3.45743e-29	0	9.33075e-30	0	0	0	3.01986e-30	0	3.01986e-30	0	2.07569e-29	0	4.73317e-29	0	3.15544e-30	0	1.26218e-29	0	1.24862e-29	0	0	0	3.01986e-30	0	3.15544e-30	0	0	0	2.5108e-29	0	3.15544e-30	0	0	0	4.89094e-29	0	0	0	0	0	0	0	2.5108e-29	0	0	0	2.52435e-29	0	1.57772e-30	0
3.45743e-29	0	9.33075e-30	0	0	0	3.01986e-30	0	3.01986e-30	0	2.07569e-29	0	4.73317e-29	0	3.15544e-30	0	1.26218e-29	0	1.24862e-29	0	0	0	3.01986e-30	0	3.15544e-30	0	0	0	2.5108e-29	0	3.15544e-30	0	0	0	4.89094e-29	0	0	0	0	0	0	0	2.5108e-29	0	0	0	2.52435e-29	0	1.57772e-30	0
3.45743e-29	0	9.33075e-30	0	0	0	3.01986e-30	0	3.01986e-30	0	2.07569e-29	0	4.73317e-29	0	3.15544e-30	0	1.26218e-29	0	1.24862e-29	0	0	0	3.01986e-30	0	3.15544e-30	0	0	0	2.5108e-29	0	3.15544e-30	0	0	0	4.89094e-29	0	0	0	0	0	0	0	2.5108e-29	0	0	0	2.52435e-29	0	1.57772e-30	0
3.45743e-29	0	9.33075e-30	0	0	0	3.01986e-30	0	3.01986e-30	0	2.07569e-29	0	4.73317e-29	0	3.15544e-30	0	1.26218e-29	0	1.24862e-29	0	0	0	3.01986e-30	0	3.15544e-30	0	0	0	2.5108e-29	0	3.15544e-30	0	0	0	4.89094e-29	0	0	0	0	0	0	0	2.5108e-29	0	0	0	2.52435e-29	0	1.57772e-30	0
3.45743e-29	0	9.33075e-30	0	0	0	3.01986e-30	0	3.01986e-30	0	2.07569e-29	0	4.73317e-29	0	3.15544e-30	0	1.26218e-29	0	1.24862e-29	0	0	0	3.01986e-30	0	3.15544e-30	0	0	0	2.5108e-29	0	3.15544e-30	0	0	0	4.89094e-29	0	0	0	0	0	0	0	2.5108e-29	0	0	0	2.52435e-29	0	1.57772e-30	0
3.45743e-29	0	9.33075e-30	0	0	0	3.01986e-30	0	3.01986e-30	0	2.07569e-29	0	4.73317e-29	0	3.15544e-30	0	1.26218e-29	0	1.24862e-29	0	0	0	3.01986e-30	0	3.15544e-30	0	0	0	2.5108e-29	0	3.15544e-30	0	0	0	4.89094e-29	0	0	0	0	0	0	0	2.5108e-29	0	0	0	2.52435e-29	0	1.57772e-30	0
3.45743e-29	0	9.33075e-30	0	0	0	3.01986e-30	0	3.01986e-30	0	2.07569e-29	0	4.73317e-29	0	3.15544e-30	0	1.26218e-29	0	1.24862e-29	0	0	0	3.01986e-30	0	3.15544e-30	0	0	0	2.5108e-29	0	3.15544e-30	0	0	0	4.89094e-29	0	0	0	0	0	0	0	2.5108e-29	0	0	0	2.52435e-29	0	1.57772e-30	0
3.45743e-29	0	9.33075e-30	0	0	0	3.01986e-30	0	3.01986e-30	0	2.07569e-29	0	4.73317e-29	0	3.15544e-30	0	1.26218e-29	0	1.24862e-29	0	0	0	3.01986e-30	0	3.15544e-30	0	0	0	2.5108e-29	0	3.15544e-30	0	0	0	4.89094e-29	0	0	0	0	0	0	0	2.5108e-29	0	0	0	2.52435e-29	0	1.57772e-30	0
3.45743e-29	0	9.33075e-30	0	0	0	3.01986e-30	0	3.01986e-30	0	2.07569e-29	0	4.73317e-29	0	3.15544e-30	0	1.26218e-29	0	1.24862e-29	0	0	0	3.01986e-30	0	3.15544e-30	0	0	0	2.5108e-29	0	3.15544e-30	0	0	0	4.89094e-29	0	0	0	0	0	0	0	2.5108e-29	0	0	0	2.52435e-29	0	1.57772e-30	0
3.45743e-29	0	9.33075e-30	0	0	0	3.01986e-30	0	3.01986e-30	0	2.07569e-29	0	4.73317e-29	0	3.15544e-30	0	1.26218e-29	0	1.24862e-29	0	0	0	3.01986e-30	0	3.15544e-30	0	0	0	2.5108e-29	0	3.15544e-30	0	0	0	4.89094e-29	0	0	0	0	0	0	0	2.5108e-29	0	0	0	2.52435e-29	0	1.57772e-30	0
3.45743e-29	0	9.33075e-30	0	0	0	3.01986e-30	0	3.01986e-30	0	2.07569e-29	0	4.73317e-29	0	3.15544e-30	0	1.26218e-29	0	1.24862e-29	0	0	0	3.01986e-30	0	3.15544e-30	0	0	0	2.5108e-29	0	3.15544e-30	0	0	0	4.89094e-29	0	0	0	0	0	0	0	2.5108e-29	0	0	0	2.52435e-29	0	1.57772e-30	0
3.45743e-29	0	9.33075e-30	0	0	0	3.01986e-30	0	3.01986e-30	0	2.07569e-29	0	4.73317e-29	0	3.15544e-30	0	1.26218e-29	0	1.24862e-29	0	0	0	3.01986e-30	0	3.15544e-30	0	0	0	2.5108e-29	0	3.15544e-30	0	0	0	4.89094e-29	0	0	0	0	0	0	0	2.5108e-29	0	0	0	2.52435e-29	0	1.57772e-30	0
3.45743e-29	0	9.33075e-30	0	0	0	3.01986e-30	0	3.01986e-30	0	2.07569e-29	0	4.73317e-29	0	3.15544e-30	0	1.26218e-29	0	1.24862e-29	0	0	0	3.01986e-30	0	3.15544e-30	0	0	0	2.5108e-29	0	3.15544e-30	0	0	0	4.89094e-29	0	0	0	0	0	0	0	2.5108e-29	0	0	0	2.52435e-29	0	1.57772e-30	0
3.45743e-29	0	9.33075e-30	0	0	0	3.01986e-30	0	3.01986e-30	0	2.07569e-29	0	4.73317e-29	0	3.15544e-30	0	1.26218e-29	0	1.24862e-29	0	0	0	3.01986e-30	0	3.15544e-30	0	0	0	2.5108e-29	0	3.15544e-30	0	0	0	4.89094e-29	0	0	0	0	0	0	0	2.5108e-29	0	0	0	2.52435e-29	0	1.57772e-30	0
3.45743e-29	0	9.33075e-30	0	0	0	3.01986e-30	0	3.01986e-30	0	2.07569e-29	0	4.73317e-29	0	3.15544e-30	0	1.26218e-29	0	1.24862e-29	0	0	0	3.01986e-30	0	3.15544e-30	0	0	0	2.5108e-29	0	3.15544e-30	0	0	0	4.89094e-29	0	0	0	0	0	0	0	2.5108e-29	0	0	0	2.52435e-29	0	1.57772e-30	0
3.45743e-29	0	9.33075e-30	0	0	0	3.01986e-30	0	3.01986e-30	0	2.07569e-29	0	4.73317e-29	0	3.15544e-30	0	1.26218e-29	0	1.24862e-29	0	0	0	3.01986e-30	0	3.15544e-30	0	0	0	2.5108e-29	0	3.15544e-30	0	0	0	4.89094e-29	0	0	0	0	0	0	0	2.5108e-29	0	0	0	2.52435e-29	0	1.57772e-30	0
3.45743e-29	0	9.33075e-30	0	0	0	3.01986e-30	0	3.01986e-30	0	2.07569e-29	0	4.73317e-29	0	3.15544e-30	0	1.26218e-29	0	1.24862e-29	0	0	0	3.01986e-30	0	3.15544e-30	0	0	0	2.5108e-29	0	3.15544e-30	0	0	0	4.89094e-29	0	0	0	0	0	0	0	2.5108e-29	0	0	0	2.52435e-29	0	1.57772e-30	0
3.45743e-29	0	9.33075e-30	0	0	0	3.01986e-30	0	3.01986e-30	0	2.07569e-29	0	4.73317e-29	0	3.15544e-30	0	1.26218e-29	0	1.24862e-29	0	0	0	3.01986e-30	0	3.15544e-30	0	0	0	2.5108e-29	0	3.15544e-30	0	0	0	4.89094e-29	0	0	0	0	0	0	0	2.5108e-29	0	0	0	2.52435e-29	0	1.57772e-30	0
3.45743e-29	0	9.33075e-30	0	0	0	3.01986e-30	0	3.01986e-30	0	2.07569e-29	0	4.73317e-29	0	3.15544e-30	0	1.26218e-29	0	1.24862e-29	0	0	0	3.01986e-30	0	3.15544e-30	0	0	0	2.5108e-29	0	3.15544e-30	0	0	0	4.89094e-29	0	0	0	0	0	0	0	2.5108e-29	0	0	0	2.52435e-29	0	1.57772e-30	0
3.45743e-29	0	9.33075e-30	0	0	0	3.01986e-30	0	3.01986e-30	0	2.07569e-29	0	4.73317e-29	0	3.15544e-30	0	1.26218e-29	0	1.24862e-29	0	0	0	3.01986e-30	0	3.15544e-30	0	0	0	2.5108e-29	0	3.15544e-30	0	0	0	4.89094e-29	0	0	0	0	0	0	0	2.5108e-29	0	0	0	2.52435e-29	0	1.57772e-30	0
3.45743e-29	0	9.33075e-30	0	0	0	3.01986e-30	0	3.01986e-30	0	2.07569e-29	0	4.73317e-29	0	3.15544e-30	0	1.26218e-29	0	1.24862e-29	0	0	0	3.01986e-30	0	3.15544e-30	0	0	0	2.5108e-29	0	3.15544e-30	0	0	0	4.89094e-29	0	0	0	0	0	0	0	2.5108e-29	0	0	0	2.52435e-29	0	1.57772e-30	0
3.45743e-29	0	9.33075e-30	0	0	0	3.01986e-30	0	3.01986e-30	0	2.07569e-29	0	4.73317e-29	0	3.15544e-30	0	1.26218e-29	0	1.24862e-29	0	0	0	3.01986e-30	0	3.15544e-30	0	0	0	2.5108e-29	0	3.15544e-30	0	0	0	4.89094e-29	0	0	0	0	0	0	0	2.5108e-29	0	0	0	2.52435e-29	0	1.57772e-30	0
3.45743e-29	0	9.33075e-30	0	0	0	3.01986e-30	0	3.01986e-30	0	2.07569e-29	0	4.73317e-29	0	3.15544e-30	0	1.26218e-29	0	1.24862e-29	0	0	0	3.01986e-30	0	3.15544e-30	0	0	0	2.5108e-29	0	3.15544e-30	0	0	0	4.89094e-29	0	0	0	0	0	0	0	2.5108e-29	0	0	0	2.52435e-29	0	1.57772e-30	0
3.45743e-29	0	9.33075e-30	0	0	0	3.01986e-30	0	3.01986e-30	0	2.07569e-29	0	4.73317e-29	0	3.15544e-30	0	1.26218e-29	0	1.24862e-29	0	0	0	3.01986e-30	0	3.15544e-30	0	0	0	2.5108e-29	0	3.15544e-30	0	0	0	4.89094e-29	0	0	0	0	0	0	0	2.5108e-29	0	0	0	2.52435e-29	0	1.57772e-30	0
3.45743e-29	0	9.33075e-30	0	0	0	3.01986e-30	0	3.01986e-30	0	2.07569e-29	0	4.73317e-29	0	3.15544e-30	0	1.26218e-29	0	1.24862e-29	0	0	0	3.01986e-30	0	3.15544e-30	0	0	0	2.5108e-29	0	3.15544e-30	0	0	0	4.89094e-29	0	0	0	0	0	0	0	2.5108e-29	0	0	0	2.52435e-29	0	1.57772e-30	0
3.45743e-29	0	9.33075e-30	0	0	0	3.01986e-30	0	3.01986e-30	0	2.07569e-29	0	4.73317e-29	0	3.15544e-30	0	1.26218e-29	0	1.24862e-29	0	0	0	3.01986e-30	0	3.15544e-30	0	0	0	2.5108e-29	0	3.15544e-30	0	0	0	4.89094e-29	0	0	0	0	0	0	0	2.5108e-29	0	0	0	2.52435e-29	0	1.57772e-30	0
3.45743e-29	0	9.33075e-30	0	0	0	3.01986e-30	0	3.01986e-30	0	2.07569e-29	0	4.73317e-29	0	3.15544e-30	0	1.26218e-29	0	1.24862e-29	0	0	0	3.01986e-30	0	3.15544e-30	0	0	0	2.5108e-29	0	3.15544e-30	0	0	0	4.89094e-29	0	0	0	0	0	0	0	2.5108e-29	0	0	0	2.52435e-29	0	1.57772e-30	0
3.45743e-29	0	9.33075e-30	0	0	0	3.01986e-30	0	3.01986e-30	0	2.07569e-29	0	4.73317e-29	0	3.15544e-30	0	1.26218e-29	0	1.24862e-29	0	0	0	3.01986e-30	0	3.15544e-30	0	0	0	2.5108e-29	0	3.15544e-30	0	0	0	4.89094e-29	0	0	0	0	0	0	0	2.5108e-29	0	0	0	2.52435e-29	0	1.57772e-30	0
3.45743e-29	0	9.33075e-30	0	0	0	3.01986e-30	0	3.01986e-30	0	2.07569e-29	0	4.73317e-29	0	3.15544e-30	0	1.26218e-29	0	1.24862e-29	0	0	0	3.01986e-30	0	3.15544e-30	0	0	0	2.5108e-29	0	3.15544e-30	0	0	0	4.89094e-29	0	0	0	0	0	0	0	2.5108e-29	0	0	0	2.52435e-29	0	1.57772e-30	0
3.45743e-29	0	9.33075e-30	0	0	0	3.01986e-30	0	3.01986e-30	0	2.07569e-29	0	4.73317e-29	0	3.15544e-30	0	1.26218e-29	0	1.24862e-29	0	0	0	3.01986e-30	0	3.15544e-30	0	0	0	2.5108e-29	0	3.15544e-30	0	0	0	4.89094e-29	0	0	0	0	0	0	0	2.5108e-29	0	0	0	2.52435e-29	0	1.57772e-30	0
3.45743e-29	0	9.33075e-30	0	0	0	3.01986e-30	0	3.01986e-30	0	2.07569e-29	0	4.73317e-29	0	3.15544e-30	0	1.26218e-29	0	1.24862e-29	0	0	0	3.01986e-30	0	3.15544e-30	0	0	0	2.5108e-29	0	3.15544e-30	0	0	0	4.89094e-29	0	0	0	0	0	0	0	2.5108e-29	0	0	0	2.52435e-29	0	1.57772e-30	0
3.45743e-29	0	9.33075e-30	0	0	0	3.01986e-30	0	3.01986e-30	0	2.07569e-29	0	4.73317e-29	0	3.15544e-30	0	1.26218e-29	0	1.24862e-29	0	0	0	3.01986e-30	0	3.15544e-30	0	0	0	2.5108e-29	0	3.15544e-30	0	0	0	4.89094e-29	0	0	0	0	0	0	0	2.5108e-29	0	0	0	2.52435e-29	0	1.57772e-30	0
3.45743e-29	0	9.33075e-30	0	0	0	3.01986e-30	0	3.01986e-30	0	2.07569e-29	0	4.73317e-29	0	3.15544e-30	0	1.26218e-29	0	1.24862e-29	0	0	0	3.01986e-30	0	3.15544e-30	0	0	0	2.5108e-29	0	3.15544e-30	0	0	0	4.89094e-29	0	0	0	0	0	0	0	2.5108e-29	0	0	0	2.52435e-29	0	1.57772e-30	0
3.45743e-29	0	9.33075e-30	0	0	0	3.01986e-30	0	3.01986e-30	0	2.07569e-29	0	4.73317e-29	0	3.15544e-30	0	1.26218e-29	0	1.24862e-29	0	0	0	3.01986e-30	0	3.15544e-30	0	0	0	2.5108e-29	0	3.15544e-30	0	0	0	4.89094e-29	0	0	0	0	0	0	0	2.5108e-29	0	0	0	2.52435e-29	0	1.57772e-30	0
3.45743e-29	0	9.33075e-30	0	0	0	3.01986e-30	0	3.01986e-30	0	2.07569e-29	0	4.73317e-29	0	3.15544e-30	0	1.26218e-29	0	1.24862e-29	0	0	0	3.01986e-30	0	3.15544e-30	0	0	0	2.5108e-29	0	3.15544e-30	0	0	0	4.89094e-29	0	0	0	0	0	0	0	2.5108e-29	0	0	0	2.52435e-29	0	1.57772e-30	0
3.45743e-29	0	9.33075e-30	0	0	0	3.01986e-30	0	3.01986e-30	0	2.07569e-29	0	4.73317e-29	0	3.15544e-30	0	1.26218e-29	0	1.24862e-29	0	0	0	3.01986e-30	0	3.15544e-30	0	0	0	2.5108e-29	0	3.15544e-30	0	0	0	4.89094e-29	0	0	0	0	0	0	0	2.5108e-29	0	0	0	2.52435e-29	0	1.57772e-30	0
3.45743e-29	0	9.33075e-30	0	0	0	3.01986e-30	0	3.01986e-30	0	2.07569e-29	0	4.73317e-29	0	3.15544e-30	0	1.26218e-29	0	1.24862e-29	0	0	0	3.01986e-30	0	3.15544e-30	0	0	0	2.5108e-29	0	3.15544e-30	0	0	0	4.89094e-29	0	0	0	0	0	0	0	2.5108e-29	0	0	0	2.52435e-29	0	1.57772e-30	0
3.45743e-29	0	9.33075e-30	0	0	0	3.01986e-30	0	3.01986e-30	0	2.07569e-29	0	4.73317e-29	0	3.15544e-30	0	1.26218e-29	0	1.24862e-29	0	0	0	3.01986e-30	0	3.15544e-30	0	0	0	2.5108e-29	0	3.15544e-30	0	0	0	4.89094e-29	0	0	0	0	0	0	0	2.5108e-29	0	0	0	2.52435e-29	0	1.57772e-30	0
3.45743e-29	0	9.33075e-30	0	0	0	3.01986e-30	0	3.01986e-30	0	2.07569e-29	0	4.73317e-29	0	3.15544e-30	0	1.26218e-29	0	1.24862e-29	0	0	0	3.01986e-30	0	3.15544e-30	0	0	0	2.5108e-29	0	3.15544e-30	0	0	0	4.89094e-29	0	0	0	0	0	0	0	2.5108e-29	0	0	0	2.52435e-29	0	1.57772e-30	0
3.45743e-29	0	9.33075e-30	0	0	0	3.01986e-30	0	3.01986e-30	0	2.07569e-29	0	4.73317e-29	0	3.15544e-30	0	1.26218e-29	0	1.24862e-29	0	0	0	3.01986e-30	0	3.15544e-30	0	0	0	2.5108e-29	0	3.15544e-30	0	0	0	4.89094e-29	0	0	0	0	0	0	0	2.5108e-29	0	0	0	2.52435e-29	0	1.57772e-30	0
3.45743e-29	0	9.33075e-30	0	0	0	3.01986e-30	0	3.01986e-30	0	2.07569e-29	0	4.73317e-29	0	3.15544e-30	0	1.26218e-29	0	1.24862e-29	0	0	0	3.01986e-30	0	3.15544e-30	0	0	0	2.5108e-29	0	3.15544e-30	0	0	0	4.89094e-29	0	0	0	0	0	0	0	2.5108e-29	0	0	0	2.52435e-29	0	1.57772e-30	0
3.45743e-29	0	9.33075e-30	0	0	0	3.01986e-30	0	3.01986e-30	0	2.07569e-29	0	4.73317e-29	0	3.15544e-30	0	1.26218e-29	0	1.24862e-29	0	0	0	3.01986e-30	0	3.15544e-30	0	0	0	2.5108e-29	0	3.15544e-30	0	0	0	4.89094e-29	0	0	0	0	0	0	0	2.5108e-29	0	0	0	2.52435e-29	0	1.57772e-30	0
3.45743e-29	0	9.33075e-30	0	0	0	3.01986e-30	0	3.01986e-30	0	2.07569e-29	0	4.73317e-29	0	3.15544e-30	0	1.26218e-29	0	1.24862e-29	0	0	0	3.01986e-30	0	3.15544e-30	0	0	0	2.5108e-29	0	3.15544e-30	0	0	0	4.89094e-29	0	0	0	0	0	0	0	2.5108e-29	0	0	0	2.52435e-29	0	1.57772e-30	0
3.45743e-29	0	9.33075e-30	0	0	0	3.01986e-30	0	3.01986e-30	0	2.07569e-29	0	4.73317e-29	0	3.15544e-30	0	1.26218e-29	0	1.24862e-29	0	0	0	3.01986e-30	0	3.15544e-30	0	0	0	2.5108e-29	0	3.15544e-30	0	0	0	4.89094e-29	0	0	0	0	0	0	0	2.5108e-29	0	0	0	2.52435e-29	0	1.57772e-30	0
3.45743e-29	0	9.33075e-30	0	0	0	3.01986e-30	0	3.01986e-30	0	2.07569e-29	0	4.73317e-29	0	3.15544e-30	0	1.26218e-29	0	1.24862e-29	0	0	0	3.01986e-30	0	3.15544e-30	0	0	0	2.5108e-29	0	3.15544e-30	0	0	0	4.89094e-29	0	0	0	0	0	0	0	2.5108e-29	0	0	0	2.52435e-29	0	1.57772e-30	0
3.45743e-29	0	9.33075e-30	0	0	0	3.01986e-30	0	3.01986e-30	0	2.07569e-29	0	4.73317e-29	0	3.15544e-30	0	1.26218e-29	0	1.24862e-29	0	0	0	3.01986e-30	0	3.15544e-30	0	0	0	2.5108e-29	0	3.15544e-30	0	0	0	4.89094e-29	0	0	0	0	0	0	0	2.5108e-29	0	0	0	2.52435e-29	0	1.57772e-30	0
3.45743e-29	0	9.33075e-30	0	0	0	3.01986e-30	0	3.01986e-30	0	2.07569e-29	0	4.73317e-29	0	3.15544e-30	0	1.26218e-29	0	1.24862e-29	0	0	0	3.01986e-30	0	3.15544e-30	0	0	0	2.5108e-29	0	3.15544e-30	0	0	0	4.89094e-29	0	0	0	0	0	0	0	2.5108e-29	0	0	0	2.52435e-29	0	1.57772e-30	0
3.45743e-29	0	9.33075e-30	0	0	0	3.01986e-30	0	3.01986e-30	0	2.07569e-29	0	4.73317e-29	0	3.15544e-30	0	1.26218e-29	0	1.24862e-29	0	0	0	3.01986e-30	0	3.15544e-30	0	0	0	2.5108e-29	0	3.15544e-30	0	0	0	4.89094e-29	0	0	0	0	0	0	0	2.5108e-29	0	0	0	2.52435e-29	0	1.57772e-30	0
3.45743e-29	0	9.33075e-30	0	0	0	3.01986e-30	0	3.01986e-30	0	2.07569e-29	0	4.73317e-29	0	3.15544e-30	0	1.26218e-29	0	1.24862e-29	0	0	0	3.01986e-30	0	3.15544e-30	0	0	0	2.5108e-29	0	3.15544e-30	0	0	0	4.89094e-29	0	0	0	0	0	0	0	2.5108e-29	0	0	0	2.52435e-29	0	1.57772e-30	0
3.45743e-29	0	9.33075e-30	0	0	0	3.01986e-30	0	3.01986e-30	0	2.07569e-29	0	4.73317e-29	0	3.15544e-30	0	1.26218e-29	0	1.24862e-29	0	0	0	3.01986e-30	0	3.15544e-30	0	0	0	2.5108e-29	0	3.15544e-30	0	0	0	4.89094e-29	0	0	0	0	0	0	0	2.5108e-29	0	0	0	2.52435e-29	0	1.57772e-30	0
3.45743e-29	0	9.33075e-30	0	0	0	3.01986e-30	0	3.01986e-30	0	2.07569e-29	0	4.73317e-29	0	3.15544e-30	0	1.26218e-29	0	1.24862e-29	0	0	0	3.01986e-30	0	3.15544e-30	0	0	0	2.5108e-29	0	3.15544e-30	0	0	0	4.89094e-29	0	0	0	0	0	0	0	2.5108e-29	0	0	0	2.52435e-29	0	1.57772e-30	0
3.45743e-29	0	9.33075e-30	0	0	0	3.01986e-30	0	3.01986e-30	0	2.07569e-29	0	4.73317e-29	0	3.15544e-30	0	1.26218e-29	0	1.24862e-29	0	0	0	3.01986e-30	0	3.15544e-30	0	0	0	2.5108e-29	0	3.15544e-30	0	0	0	4.89094e-29	0	0	0	0	0	0	0	2.5108e-29	0	0	0	2.52435e-29	0	1.57772e-30	0
3.45743e-29	0	9.33075e-30	0	0	0	3.01986e-30	0	3.01986e-30	0	2.07569e-29	0	4.73317e-29	0	3.15544e-30	0	1.26218e-29	0	1.24862e-29	0	0	0	3.01986e-30	0	3.15544e-30	0	0	0	2.5108e-29	0	3.15544e-30	0	0	0	4.89094e-29	0	0	0	0	0	0	0	2.5108e-29	0	0	0	2.52435e-29	0	1.57772e-30	0
3.45743e-29	0	9.33075e-30	0	0	0	3.01986e-30	0	3.01986e-30	0	2.07569e-29	0	4.73317e-29	0	3.15544e-30	0	1.26218e-29	0	1.24862e-29	0	0	0	3.01986e-30	0	3.15544e-30	0	0	0	2.5108e-29	0	3.15544e-30	0	0	0	4.89094e-29	0	0	0	0	0	0	0	2.5108e-29	0	0	0	2.52435e-29	0	1.57772e-30	0
3.45743e-29	0	9.33075e-30	0	0	0	3.01986e-30	0	3.01986e-30	0	2.07569e-29	0	4.73317e-29	0	3.15544e-30	0	1.26218e-29	0	1.24862e-29	0	0	0	3.01986e-30	0	3.15544e-30	0	0	0	2.5108e-29	0	3.15544e-30	0	0	0	4.89094e-29	0	0	0	0	0	0	0	2.5108e-29	0	0	0	2.52435e-29	0	1.57772e-30	0
3.45743e-29	0	9.33075e-30	0	0	0	3.01986e-30	0	3.01986e-30	0	2.07569e-29	0	4.73317e-29	0	3.15544e-30	0	1.26218e-29	0	1.24862e-29	0	0	0	3.01986e-30	0	3.15544e-30	0	0	0	2.5108e-29	0	3.15544e-30	0	0	0	4.89094e-29	0	0	0	0	0	0	0	2.5108e-29	0	0	0	2.52435e-29	0	1.57772e-30	0
3.45743e-29	0	9.33075e-30	0	0	0	3.01986e-30	0	3.01986e-30	0	2.07569e-29	0	4.73317e-29	0	3.15544e-30	0	1.26218e-29	0	1.24862e-29	0	0	0	3.01986e-30	0	3.15544e-30	0	0	0	2.5108e-29	0	3.15544e-30	0	0	0	4.89094e-29	0	0	0	0	0	0	0	2.5108e-29	0	0	0	2.52435e-29	0	1.57772e-30	0
3.45743e-29	0	9.33075e-30	0	0	0	3.01986e-30	0	3.01986e-30	0	2.07569e-29	0	4.73317e-29	0	3.15544e-30	0	1.26218e-29	0	1.24862e-29	0	0	0	3.01986e-30	0	3.15544e-30	0	0	0	2.5108e-29	0	3.15544e-30	0	0	0	4.89094e-29	0	0	0	0	0	0	0	2.5108e-29	0	0	0	2.52435e-29	0	1.57772e-30	0
3.45743e-29	0	9.33075e-30	0	0	0	3.01986e-30	0	3.01986e-30	0	2.07569e-29	0	4.73317e-29	0	3.15544e-30	0	1.26218e-29	0	1.24862e-29	0	0	0	3.01986e-30	0	3.15544e-30	0	0	0	2.5108e-29	0	3.15544e-30	0	0	0	4.89094e-29	0	0	0	0	0	0	0	2.5108e-29	0	0	0	2.52435e-29	0	1.57772e-30	0
3.45743e-29	0	9.33075e-30	0	0	0	3.01986e-30	0	3.01986e-30	0	2.07569e-29	0	4.73317e-29	0	3.15544e-30	0	1.26218e-29	0	1.24862e-29	0	0	0	3.01986e-30	0	3.15544e-30	0	0	0	2.5108e-29	0	3.15544e-30	0	0	0	4.89094e-29	0	0	0	0	0	0	0	2.5108e-29	0	0	0	2.52435e-29	0	1.57772e-30	0
3.45743e-29	0	9.33075e-30	0	0	0	3.01986e-30	0	3.01986e-30	0	2.07569e-29	0	4.73317e-29	0	3.15544e-30	0	1.26218e-29	0	1.24862e-29	0	0	0	3.01986e-30	0	3.15544e-30	0	0	0	2.5108e-29	0	3.15544e-30	0	0	0	4.89094e-29	0	0	0	0	0	0	0	2.5108e-29	0	0	0	2.52435e-29	0	1.57772e-30	0
3.45743e-29	0	9.33075e-30	0	0	0	3.01986e-30	0	3.01986e-30	0	2.07569e-29	0	4.73317e-29	0	3.15544e-30	0	1.26218e-29	0	1.24862e-29	0	0	0	3.01986e-30	0	3.15544e-30	0	0	0	2.5108e-29	0	3.15544e-30	0	0	0	4.89094e-29	0	0	0	0	0	0	0	2.5108e-29	0	0	0	2.52435e-29	0	1.57772e-30	0
3.45743e-29	0	9.33075e-30	0	0	0	3.01986e-30	0	3.01986e-30	0	2.07569e-29	0	4.73317e-29	0	3.15544e-30	0	1.26218e-29	0	1.24862e-29	0	0	0	3.01986e-30	0	3.15544e-30	0	0	0	2.5108e-29	0	3.15544e-30	0	0	0	4.89094e-29	0	0	0	0	0	0	0	2.5108e-29	0	0	0	2.52435e-29	0	1.57772e-30	0
3.45743e-29	0	9.33075e-30	0	0	0	3.01986e-30	0	3.01986e-30	0	2.07569e-29	0	4.73317e-29	0	3.15544e-30	0	1.26218e-29	0	1.24862e-29	0	0	0	3.01986e-30	0	3.15544e-30	0	0	0	2.5108e-29	0	3.15544e-30	0	0	0	4.89094e-29	0	0	0	0	0	0	0	2.5108e-29	0	0	0	2.52435e-29	0	1.57772e-30	0
3.45743e-29	0	9.33075e-30	0	0	0	3.01986e-30	0	3.01986e-30	0	2.07569e-29	0	4.73317e-29	0	3.15544e-30	0	1.26218e-29	0	1.24862e-29	0	0	0	3.01986e-30	0	3.15544e-30	0	0	0	2.5108e-29	0	3.15544e-30	0	0	0	4.89094e-29	0	0	0	0	0	0	0	2.5108e-29	0	0	0	2.52435e-29	0	1.57772e-30	0
3.45743e-29	0	9.33075e-30	0	0	0	3.01986e-30	0	3.01986e-30	0	2.07569e-29	0	4.73317e-29	0	3.15544e-30	0	1.26218e-29	0	1.24862e-29	0	0	0	3.01986e-30	0	3.15544e-30	0	0	0	2.5108e-29	0	3.15544e-30	0	0	0	4.89094e-29	0	0	0	0	0	0	0	2.5108e-29	0	0	0	2.52435e-29	0	1.57772e-30	0
3.45743e-29	0	9.33075e-30	0	0	0	3.01986e-30	0	3.01986e-30	0	2.07569e-29	0	4.73317e-29	0	3.15544e-30	0	1.26218e-29	0	1.24862e-29	0	0	0	3.01986e-30	0	3.15544e-30	0	0	0	2.5108e-29	0	3.15544e-30	0	0	0	4.89094e-29	0	0	0	0	0	0	0	2.5108e-29	0	0	0	2.52435e-29	0	1.57772e-30	0
3.45743e-29	0	9.33075e-30	0	0	0	3.01986e-30	0	3.01986e-30	0	2.07569e-29	0	4.73317e-29	0	3.15544e-30	0	1.26218e-29	0	1.24862e-29	0	0	0	3.01986e-30	0	3.15544e-30	0	0	0	2.5108e-29	0	3.15544e-30	0	0	0	4.89094e-29	0	0	0	0	0	0	0	2.5108e-29	0	0	0	2.52435e-29	0	1.57772e-30	0
3.45743e-29	0	9.33075e-30	0	0	0	3.01986e-30	0	3.01986e-30	0	2.07569e-29	0	4.73317e-29	0	3.15544e-30	0	1.26218e-29	0	1.24862e-29	0	0	0	3.01986e-30	0	3.15544e-30	0	0	0	2.5108e-29	0	3.15544e-30	0	0	0	4.89094e-29	0	0	0	0	0	0	0	2.5108e-29	0	0	0	2.52435e-29	0	1.57772e-30	0
3.45743e-29	0	9.33075e-30	0	0	0	3.01986e-30	0	3.01986e-30	0	2.07569e-29	0	4.73317e-29	0	3.15544e-30	0	1.26218e-29	0	1.24862e-29	0	0	0	3.01986e-30	0	3.15544e-30	0	0	0	2.5108e-29	0	3.15544e-30	0	0	0	4.89094e-29	0	0	0	0	0	0	0	2.5108e-29	0	0	0	2.52435e-29	0	1.57772e-30	0
3.45743e-29	0	9.33075e-30	0	0	0	3.01986e-30	0	3.01986e-30	0	2.07569e-29	0	4.73317e-29	0	3.15544e-30	0	1.26218e-29	0	1.24862e-29	0	0	0	3.01986e-30	0	3.15544e-30	0	0	0	2.5108e-29	0	3.15544e-30	0	0	0	4.89094e-29	0	0	0	0	0	0	0	2.5108e-29	0	0	0	2.52435e-29	0	1.57772e-30	0
3.45743e-29	0	9.33075e-30	0	0	0	3.01986e-30	0	3.01986e-30	0	2.07569e-29	0	4.73317e-29	0	3.15544e-30	0	1.26218e-29	0	1.24862e-29	0	0	0	3.01986e-30	0	3.15544e-30	0	0	0	2.5108e-29	0	3.15544e-30	0	0	0	4.89094e-29	0	0	0	0	0	0	0	2.5108e-29	0	0	0	2.52435e-29	0	1.57772e-30	0
3.45743e-29	0	9.33075e-30	0	0	0	3.01986e-30	0	3.01986e-30	0	2.07569e-29	0	4.73317e-29	0	3.15544e-30	0	1.26218e-29	0	1.24862e-29	0	0	0	3.01986e-30	0	3.15544e-30	0	0	0	2.5108e-29	0	3.15544e-30	0	0	0	4.89094e-29	0	0	0	0	0	0	0	2.5108e-29	0	0	0	2.52435e-29	0	1.57772e-30	0
3.45743e-29	0	9.33075e-30	0	0	0	3.01986e-30	0	3.01986e-30	0	2.07569e-29	0	4.73317e-29	0	3.15544e-30	0	1.26218e-29	0	1.24862e-29	0	0	0	3.01986e-30	0	3.15544e-30	0	0	0	2.5108e-29	0	3.15544e-30	0	0	0	4.89094e-29	0	0	0	0	0	0	0	2.5108e-29	0	0	0	2.52435e-29	0	1.57772e-30	0
3.45743e-29	0	9.33075e-30	0	0	0	3.01986e-30	0	3.01986e-30	0	2.07569e-29	0	4.73317e-29	0	3.15544e-30	0	1.26218e-29	0	1.24862e-29	0	0	0	3.01986e-30	0	3.15544e-30	0	0	0	2.5108e-29	0	3.15544e-30	0	0	0	4.89094e-29	0	0	0	0	0	0	0	2.5108e-29	0	0	0	2.52435e-29	0	1.57772e-30	0
3.45743e-29	0	9.33075e-30	0	0	0	3.01986e-30	0	3.01986e-30	0	2.07569e-29	0	4.73317e-29	0	3.15544e-30	0	1.26218e-29	0	1.24862e-29	0	0	0	3.01986e-30	0	3.15544e-30	0	0	0	2.5108e-29	0	3.15544e-30	0	0	0	4.89094e-29	0	0	0	0	0	0	0	2.5108e-29	0	0	0	2.52435e-29	0	1.57772e-30	0
3.45743e-29	0	9.33075e-30	0	0	0	3.01986e-30	0	3.01986e-30	0	2.07569e-29	0	4.73317e-29	0	3.15544e-30	0	1.26218e-29	0	1.24862e-29	0	0	0	3.01986e-30	0	3.15544e-30	0	0	0	2.5108e-29	0	3.15544e-30	0	0	0	4.89094e-29	0	0	0	0	0	0	0	2.5108e-29	0	0	0	2.52435e-29	0	1.57772e-30	0
3.45743e-29	0	9.33075e-30	0	0	0	3.01986e-30	0	3.01986e-30	0	2.07569e-29	0	4.73317e-29	0	3.15544e-30	0	1.26218e-29	0	1.24862e-29	0	0	0	3.01986e-30	0	3.15544e-30	0	0	0	2.5108e-29	0	3.15544e-30	0	0	0	4.89094e-29	0	0	0	0	0	0	0	2.5108e-29	0	0	0	2.52435e-29	0	1.57772e-30	0
3.45743e-29	0	9.33075e-30	0	0	0	3.01986e-30	0	3.01986e-30	0	2.07569e-29	0	4.73317e-29	0	3.15544e-30	0	1.26218e-29	0	1.24862e-29	0	0	0	3.01986e-30	0	3.15544e-30	0	0	0	2.5108e-29	0	3.15544e-30	0	0	0	4.89094e-29	0	0	0	0	0	0	0	2.5108e-29	0	0	0	2.52435e-29	0	1.57772e-30	0
3.45743e-29	0	9.33075e-30	0	0	0	3.01986e-30	0	3.01986e-30	0	2.07569e-29	0	4.73317e-29	0	3.15544e-30	0	1.26218e-29	0	1.24862e-29	0	0	0	3.01986e-30	0	3.15544e-30	0	0	0	2.5108e-29	0	3.15544e-30	0	0	0	4.89094e-29	0	0	0	0	0	0	0	2.5108e-29	0	0	0	2.52435e-29	0	1.57772e-30	0
3.45743e-29	0	9.33075e-30	0	0	0	3.01986e-30	0	3.01986e-30	0	2.07569e-29	0	4.73317e-29	0	3.15544e-30	0	1.26218e-29	0	1.24862e-29	0	0	0	3.01986e-30	0	3.15544e-30	0	0	0	2.5108e-29	0	3.15544e-30	0	0	0	4.89094e-29	0	0	0	0	0	0	0	2.5108e-29	0	0	0	2.52435e-29	0	1.57772e-30	0
3.45743e-29	0	9.33075e-30	0	0	0	3.01986e-30	0	3.01986e-30	0	2.07569e-29	0	4.73317e-29	0	3.15544e-30	0	1.26218e-29	0	1.24862e-29	0	0	0	3.01986e-30	0	3.15544e-30	0	0	0	2.5108e-29	0	3.15544e-30	0	0	0	4.89094e-29	0	0	0	0	0	0	0	2.5108e-29	0	0	0	2.52435e-29	0	1.57772e-30	0
3.45743e-29	0	9.33075e-30	0	0	0	3.01986e-30	0	3.01986e-30	0	2.07569e-29	0	4.73317e-29	0	3.15544e-30	0	1.26218e-29	0	1.24862e-29	0	0	0	3.01986e-30	0	3.15544e-30	0	0	0	2.5108e-29	0	3.15544e-30	0	0	0	4.89094e-29	0	0	0	0	0	0	0	2.5108e-29	0	0	0	2.52435e-29	0	1.57772e-30	0
3.45743e-29	0	9.33075e-30	0	0	0	3.01986e-30	0	3.01986e-30	0	2.07569e-29	0	4.73317e-29	0	3.15544e-30	0	1.26218e-29	0	1.24862e-29	0	0	0	3.01986e-30	0	3.15544e-30	0	0	0	2.5108e-29	0	3.15544e-30	0	0	0	4.89094e-29	0	0	0	0	0	0	0	2.5108e-29	0	0	0	2.52435e-29	0	1.57772e-30	0
3.45743e-29	0	9.33075e-30	0	0	0	3.01986e-30	0	3.01986e-30	0	2.07569e-29	0	4.73317e-29	0	3.15544e-30	0	1.26218e-29	0	1.24862e-29	0	0	0	3.01986e-30	0	3.15544e-30	0	0	0	2.5108e-29	0	3.15544e-30	0	0	0	4.89094e-29	0	0	0	0	0	0	0	2.5108e-29	0	0	0	2.52435e-29	0	1.57772e-30	0
3.45743e-29	0	9.33075e-30	0	0	0	3.01986e-30	0	3.01986e-30	0	2.07569e-29	0	4.73317e-29	0	3.15544e-30	0	1.26218e-29	0	1.24862e-29	0	0	0	3.01986e-30	0	3.15544e-30	0	0	0	2.5108e-29	0	3.15544e-30	0	0	0	4.89094e-29	0	0	0	0	0	0	0	2.5108e-29	0	0	0	2.52435e-29	0	1.57772e-30	0
3.45743e-29	0	9.33075e-30	0	0	0	3.01986e-30	0	3.01986e-30	0	2.07569e-29	0	4.73317e-29	0	3.15544e-30	0	1.26218e-29	0	1.24862e-29	0	0	0	3.01986e-30	0	3.15544e-30	0	0	0	2.5108e-29	0	3.15544e-30	0	0	0	4.89094e-29	0	0	0	0	0	0	0	2.5108e-29	0	0	0	2.52435e-29	0	1.57772e-30	0
3.45743e-29	0	9.33075e-30	0	0	0	3.01986e-30	0	3.01986e-30	0	2.07569e-29	0	4.73317e-29	0	3.15544e-30	0	1.26218e-29	0	1.24862e-29	0	0	0	3.01986e-30	0	3.15544e-30	0	0	0	2.5108e-29	0	3.15544e-30	0	0	0	4.89094e-29	0	0	0	0	0	0	0	2.5108e-29	0	0	0	2.52435e-29	0	1.57772e-30	0
3.45743e-29	0	9.33075e-30	0	0	0	3.01986e-30	0	3.01986e-30	0	2.07569e-29	0	4.73317e-29	0	3.15544e-30	0	1.26218e-29	0	1.24862e-29	0	0	0	3.01986e-30	0	3.15544e-30	0	0	0	2.5108e-29	0	3.15544e-30	0	0	0	4.89094e-29	0	0	0	0	0	0	0	2.5108e-29	0	0	0	2.52435e-29	0	1.57772e-30	0
3.45743e-29	0	9.33075e-30	0	0	0	3.01986e-30	0	3.01986e-30	0	2.07569e-29	0	4.73317e-29	0	3.15544e-30	0	1.26218e-29	0	1.24862e-29	0	0	0	3.01986e-30	0	3.15544e-30	0	0	0	2.5108e-29	0	3.15544e-30	0	0	0	4.89094e-29	0	0	0	0	0	0	0	2.5108e-29	0	0	0	2.52435e-29	0	1.57772e-30	0
3.45743e-29	0	9.33075e-30	0	0	0	3.01986e-30	0	3.01986e-30	0	2.07569e-29	0	4.73317e-29	0	3.15544e-30	0	1.26218e-29	0	1.24862e-29	0	0	0	3.01986e-30	0	3.15544e-30	0	0	0	2.5108e-29	0	3.15544e-30	0	0	0	4.89094e-29	0	0	0	0	0	0	0	2.5108e-29	0	0	0	2.52435e-29	0	1.57772e-30	0
3.45743e-29	0	9.33075e-30	0	0	0	3.01986e-30	0	3.01986e-30	0	2.07569e-29	0	4.73317e-29	0	3.15544e-30	0	1.26218e-29	0	1.24862e-29	0	0	0	3.01986e-30	0	3.15544e-30	0	0	0	2.5108e-29	0	3.15544e-30	0	0	0	4.89094e-29	0	0	0	0	0	0	0	2.5108e-29	0	0	0	2.52435e-29	0	1.57772e-30	0
3.45743e-29	0	9.33075e-30	0	0	0	3.01986e-30	0	3.01986e-30	0	2.07569e-29	0	4.73317e-29	0	3.15544e-30	0	1.26218e-29	0	1.24862e-29	0	0	0	3.01986e-30	0	3.15544e-30	0	0	0	2.5108e-29	0	3.15544e-30	0	0	0	4.89094e-29	0	0	0	0	0	0	0	2.5108e-29	0	0	0	2.52435e-29	0	1.57772e-30	0
3.45743e-29	0	9.33075e-30	0	0	0	3.01986e-30	0	3.01986e-30	0	2.07569e-29	0	4.73317e-29	0	3.15544e-30	0	1.26218e-29	0	1.24862e-29	0	0	0	3.01986e-30	0	3.15544e-30	0	0	0	2.5108e-29	0	3.15544e-30	0	0	0	4.89094e-29	0	0	0	0	0	0	0	2.5108e-29	0	0	0	2.52435e-29	0	1.57772e-30	0
3.45743e-29	0	9.33075e-30	0	0	0	3.01986e-30	0	3.01986e-30	0	2.07569e-29	0	4.73317e-29	0	3.15544e-30	0	1.26218e-29	0	1.24862e-29	0	0	0	3.01986e-30	0	3.15544e-30	0	0	0	2.5108e-29	0	3.15544e-30	0	0	0	4.89094e-29	0	0	0	0	0	0	0	2.5108e-29	0	0	0	2.52435e-29	0	1.57772e-30	0
3.45743e-29	0	9.33075e-30	0	0	0	3.01986e-30	0	3.01986e-30	0	2.07569e-29	0	4.73317e-29	0	3.15544e-30	0	1.26218e-29	0	1.24862e-29	0	0	0	3.01986e-30	0	3.15544e-30	0	0	0	2.5108e-29	0	3.15544e-30	0	0	0	4.89094e-29	0	0	0	0	0	0	0	2.5108e-29	0	0	0	2.52435e-29	0	1.57772e-30	0
3.45743e-29	0	9.33075e-30	0	0	0	3.01986e-30	0	3.01986e-30	0	2.07569e-29	0	4.73317e-29	0	3.15544e-30	0	1.26218e-29	0	1.24862e-29	0	0	0	3.01986e-30	0	3.15544e-30	0	0	0	2.5108e-29	0	3.15544e-30	0	0	0	4.89094e-29	0	0	0	0	0	0	0	2.5108e-29	0	0	0	2.52435e-29	0	1.57772e-30	0
3.45743e-29	0	9.33075e-30	0	0	0	3.01986e-30	0	3.01986e-30	0	2.07569e-29	0	4.73317e-29	0	3.15544e-30	0	1.26218e-29	0	1.24862e-29	0	0	0	3.01986e-30	0	3.15544e-30	0	0	0	2.5108e-29	0	3.15544e-30	0	0	0	4.89094e-29	0	0	0	0	0	0	0	2.5108e-29	0	0	0	2.52435e-29	0	1.57772e-30	0
3.45743e-29	0	9.33075e-30	0	0	0	3.01986e-30	0	3.01986e-30	0	2.07569e-29	0	4.73317e-29	0	3.15544e-30	0	1.26218e-29	0	1.24862e-29	0	0	0	3.01986e-30	0	3.15544e-30	0	0	0	2.5108e-29	0	3.15544e-30	0	0	0	4.89094e-29	0	0	0	0	0	0	0	2.5108e-29	0	0	0	2.52435e-29	0	1.57772e-30	0
3.45743e-29	0	9.33075e-30	0	0	0	3.01986e-30	0	3.01986e-30	0	2.07569e-29	0	4.73317e-29	0	3.15544e-30	0	1.26218e-29	0	1.24862e-29	0	0	0	3.01986e-30	0	3.15544e-30	0	0	0	2.5108e-29	0	3.15544e-30	0	0	0	4.89094e-29	0	0	0	0	0	0	0	2.5108e-29	0	0	0	2.52435e-29	0	1.57772e-30	0
3.45743e-29	0	9.33075e-30	0	0	0	3.01986e-30	0	3.01986e-30	0	2.07569e-29	0	4.73317e-29	0	3.15544e-30	0	1.26218e-29	0	1.24862e-29	0	0	0	3.01986e-30	0	3.15544e-30	0	0	0	2.5108e-29	0	3.15544e-30	0	0	0	4.89094e-29	0	0	0	0	0	0	0	2.5108e-29	0	0	0	2.52435e-29	0	1.57772e-30	0
3.45743e-29	0	9.33075e-30	0	0	0	3.01986e-30	0	3.01986e-30	0	2.07569e-29	0	4.73317e-29	0	3.15544e-30	0	1.26218e-29	0	1.24862e-29	0	0	0	3.01986e-30	0	3.15544e-30	0	0	0	2.5108e-29	0	3.15544e-30	0	0	0	4.89094e-29	0	0	0	0	0	0	0	2.5108e-29	0	0	0	2.52435e-29	0	1.57772e-30	0
3.45743e-29	0	9.33075e-30	0	0	0	3.01986e-30	0	3.01986e-30	0	2.07569e-29	0	4.73317e-29	0	3.15544e-30	0	1.26218e-29	0	1.24862e-29	0	0	0	3.01986e-30	0	3.15544e-30	0	0	0	2.5108e-29	0	3.15544e-30	0	0	0	4.89094e-29	0	0	0	0	0	0	0	2.5108e-29	0	0	0	2.52435e-29	0	1.57772e-30	0
3.45743e-29	0	9.33075e-30	0	0	0	3.01986e-30	0	3.01986e-30	0	2.07569e-29	0	4.73317e-29	0	3.15544e-30	0	1.26218e-29	0	1.24862e-29	0	0	0	3.01986e-30	0	3.15544e-30	0	0	0	2.5108e-29	0	3.15544e-30	0	0	0	4.89094e-29	0	0	0	0	0	0	0	2.5108e-29	0	0	0	2.52435e-29	0	1.57772e-30	0
3.45743e-29	0	9.33075e-30	0	0	0	3.01986e-30	0	3.01986e-30	0	2.07569e-29	0	4.73317e-29	0	3.15544e-30	0	1.26218e-29	0	1.24862e-29	0	0	0	3.01986e-30	0	3.15544e-30	0	0	0	2.5108e-29	0	3.15544e-30	0	0	0	4.89094e-29	0	0	0	0	0	0	0	2.5108e-29	0	0	0	2.52435e-29	0	1.57772e-30	0
3.45743e-29	0	9.33075e-30	0	0	0	3.01986e-30	0	3.01986e-30	0	2.07569e-29	0	4.73317e-29	0	3.15544e-30	0	1.26218e-29	0	1.24862e-29	0	0	0	3.01986e-30	0	3.15544e-30	0	0	0	2.5108e-29	0	3.15544e-30	0	0	0	4.89094e-29	0	0	0	0	0	0	0	2.5108e-29	0	0	0	2.52435e-29	0	1.57772e-30	0
3.45743e-29	0	9.33075e-30	0	0	0	3.01986e-30	0	3.01986e-30	0	2.07569e-29	0	4.73317e-29	0	3.15544e-30	0	1.26218e-29	0	1.24862e-29	0	0	0	3.01986e-30	0	3.15544e-30	0	0	0	2.5108e-29	0	3.15544e-30	0	0	0	4.89094e-29	0	0	0	0	0	0	0	2.5108e-29	0	0	0	2.52435e-29	0	1.57772e-30	0
3.45743e-29	0	9.33075e-30	0	0	0	3.01986e-30	0	3.01986e-30	0	2.07569e-29	0	4.73317e-29	0	3.15544e-30	0	1.26218e-29	0	1.24862e-29	0	0	0	3.01986e-30	0	3.15544e-30	0	0	0	2.5108e-29	0	3.15544e-30	0	0	0	4.89094e-29	0	0	0	0	0	0	0	2.5108e-29	0	0	0	2.52435e-29	0	1.57772e-30	0
3.45743e-29	0	9.33075e-30	0	0	0	3.01986e-30	0	3.01986e-30	0	2.07569e-29	0	4.73317e-29	0	3.15544e-30	0	1.26218e-29	0	1.24862e-29	0	0	0	3.01986e-30	0	3.15544e-30	0	0	0	2.5108e-29	0	3.15544e-30	0	0	0	4.89094e-29	0	0	0	0	0	0	0	2.5108e-29	0	0	0	2.52435e-29	0	1.57772e-30	0
3.45743e-29	0	9.33075e-30	0	0	0	3.01986e-30	0	3.01986e-30	0	2.07569e-29	0	4.73317e-29	0	3.15544e-30	0	1.26218e-29	0	1.24862e-29	0	0	0	3.01986e-30	0	3.15544e-30	0	0	0	2.5108e-29	0	3.15544e-30	0	0	0	4.89094e-29	0	0	0	0	0	0	0	2.5108e-29	0	0	0	2.52435e-29	0	1.57772e-30	0
3.45743e-29	0	9.33075e-30	0	0	0	3.01986e-30	0	3.01986e-30	0	2.07569e-29	0	4.73317e-29	0	3.15544e-30	0	1.26218e-29	0	1.24862e-29	0	0	0	3.01986e-30	0	3.15544e-30	0	0	0	2.5108e-29	0	3.15544e-30	0	0	0	4.89094e-29	0	0	0	0	0	0	0	2.5108e-29	0	0	0	2.52435e-29	0	1.57772e-30	0
3.45743e-29	0	9.33075e-30	0	0	0	3.01986e-30	0	3.01986e-30	0	2.07569e-29	0	4.73317e-29	0	3.15544e-30	0	1.26218e-29	0	1.24862e-29	0	0	0	3.01986e-30	0	3.15544e-30	0	0	0	2.5108e-29	0	3.15544e-30	0	0	0	4.89094e-29	0	0	0	0	0	0	0	2.5108e-29	0	0	0	2.52435e-29	0	1.57772e-30	0
3.45743e-29	0	9.33075e-30	0	0	0	3.01986e-30	0	3.01986e-30	0	2.07569e-29	0	4.73317e-29	0	3.15544e-30	0	1.26218e-29	0	1.24862e-29	0	0	0	3.01986e-30	0	3.15544e-30	0	0	0	2.5108e-29	0	3.15544e-30	0	0	0	4.89094e-29	0	0	0	0	0	0	0	2.5108e-29	0	0	0	2.52435e-29	0	1.57772e-30	0
3.45743e-29	0	9.33075e-30	0	0	0	3.01986e-30	0	3.01986e-30	0	2.07569e-29	0	4.73317e-29	0	3.15544e-30	0	1.26218e-29	0	1.24862e-29	0	0	0	3.01986e-30	0	3.15544e-30	0	0	0	2.5108e-29	0	3.15544e-30	0	0	0	4.89094e-29	0	0	0	0	0	0	0	2.5108e-29	0	0	0	2.52435e-29	0	1.57772e-30	0
3.45743e-29	0	9.33075e-30	0	0	0	3.01986e-30	0	3.01986e-30	0	2.07569e-29	0	4.73317e-29	0	3.15544e-30	0	1.26218e-29	0	1.24862e-29	0	0	0	3.01986e-30	0	3.15544e-30	0	0	0	2.5108e-29	0	3.15544e-30	0	0	0	4.89094e-29	0	0	0	0	0	0	0	2.5108e-29	0	0	0	2.52435e-29	0	1.57772e-30	0
3.45743e-29	0	9.33075e-30	0	0	0	3.01986e-30	0	3.01986e-30	0	2.07569e-29	0	4.73317e-29	0	3.15544e-30	0	1.26218e-29	0	1.24862e-29	0	0	0	3.01986e-30	0	3.15544e-30	0	0	0	2.5108e-29	0	3.15544e-30	0	0	0	4.89094e-29	0	0	0	0	0	0	0	2.5108e-29	0	0	0	2.52435e-29	0	1.57772e-30	0
3.45743e-29	0	9.33075e-30	0	0	0	3.01986e-30	0	3.01986e-30	0	2.07569e-29	0	4.73317e-29	0	3.15544e-30	0	1.26218e-29	0	1.24862e-29	0	0	0	3.01986e-30	0	3.15544e-30	0	0	0	2.5108e-29	0	3.15544e-30	0	0	0	4.89094e-29	0	0	0	0	0	0	0	2.5108e-29	0	0	0	2.52435e-29	0	1.57772e-30	0
3.45743e-29	0	9.33075e-30	0	0	0	3.01986e-30	0	3.01986e-30	0	2.07569e-29	0	4.73317e-29	0	3.15544e-30	0	1.26218e-29	0	1.24862e-29	0	0	0	3.01986e-30	0	3.15544e-30	0	0	0	2.5108e-29	0	3.15544e-30	0	0	0	4.89094e-29	0	0	0	0	0	0	0	2.5108e-29	0	0	0	2.52435e-29	0	1.57772e-30	0
3.45743e-29	0	9.33075e-30	0	0	0	3.01986e-30	0	3.01986e-30	0	2.07569e-29	0	4.73317e-29	0	3.15544e-30	0	1.26218e-29	0	1.24862e-29	0	0	0	3.01986e-30	0	3.15544e-30	0	0	0	2.5108e-29	0	3.15544e-30	0	0	0	4.89094e-29	0	0	0	0	0	0	0	2.5108e-29	0	0	0	2.52435e-29	0	1.57772e-30	0
3.45743e-29	0	9.33075e-30	0	0	0	3.01986e-30	0	3.01986e-30	0	2.07569e-29	0	4.73317e-29	0	3.15544e-30	0	1.26218e-29	0	1.24862e-29	0	0	0	3.01986e-30	0	3.15544e-30	0	0	0	2.5108e-29	0	3.15544e-30	0	0	0	4.89094e-29	0	0	0	0	0	0	0	2.5108e-29	0	0	0	2.52435e-29	0	1.57772e-30	0
3.45743e-29	0	9.33075e-30	0	0	0	3.01986e-30	0	3.01986e-30	0	2.07569e-29	0	4.73317e-29	0	3.15544e-30	0	1.26218e-29	0	1.24862e-29	0	0	0	3.01986e-30	0	3.15544e-30	0	0	0	2.5108e-29	0	3.15544e-30	0	0	0	4.89094e-29	0	0	0	0	0	0	0	2.5108e-29	0	0	0	2.52435e-29	0	1.57772e-30	0
3.45743e-29	0	9.33075e-30	0	0	0	3.01986e-30	0	3.01986e-30	0	2.07569e-29	0	4.73317e-29	0	3.15544e-30	0	1.26218e-29	0	1.24862e-29	0	0	0	3.01986e-30	0	3.15544e-30	0	0	0	2.5108e-29	0	3.15544e-30	0	0	0	4.89094e-29	0	0	0	0	0	0	0	2.5108e-29	0	0	0	2.52435e-29	0	1.57772e-30	0
3.45743e-29	0	9.33075e-30	0	0	0	3.01986e-30	0	3.01986e-30	0	2.07569e-29	0	4.73317e-29	0	3.15544e-30	0	1.26218e-29	0	1.24862e-29	0	0	0	3.01986e-30	0	3.15544e-30	0	0	0	2.5108e-29	0	3.15544e-30	0	0	0	4.89094e-29	0	0	0	0	0	0	0	2.5108e-29	0	0	0	2.52435e-29	0	1.57772e-30	0
3.45743e-29	0	9.33075e-30	0	0	0	3.01986e-30	0	3.01986e-30	0	2.07569e-29	0	4.73317e-29	0	3.15544e-30	0	1.26218e-29	0	1.24862e-29	0	0	0	3.01986e-30	0	3.15544e-30	0	0	0	2.5108e-29	0	3.15544e-30	0	0	0	4.89094e-29	0	0	0	0	0	0	0	2.5108e-29	0	0	0	2.52435e-29	0	1.57772e-30	0
3.45743e-29	0	9.33075e-30	0	0	0	3.01986e-30	0	3.01986e-30	0	2.07569e-29	0	4.73317e-29	0	3.15544e-30	0	1.26218e-29	0	1.24862e-29	0	0	0	3.01986e-30	0	3.15544e-30	0	0	0	2.5108e-29	0	3.15544e-30	0	0	0	4.89094e-29	0	0	0	0	0	0	0	2.5108e-29	0	0	0	2.52435e-29	0	1.57772e-30	0
3.45743e-29	0	9.33075e-30	0	0	0	3.01986e-30	0	3.01986e-30	0	2.07569e-29	0	4.73317e-29	0	3.15544e-30	0	1.26218e-29	0	1.24862e-29	0	0	0	3.01986e-30	0	3.15544e-30	0	0	0	2.5108e-29	0	3.15544e-30	0	0	0	4.89094e-29	0	0	0	0	0	0	0	2.5108e-29	0	0	0	2.52435e-29	0	1.57772e-30	0
3.45743e-29	0	9.33075e-30	0	0	0	3.01986e-30	0	3.01986e-30	0	2.07569e-29	0	4.73317e-29	0	3.15544e-30	0	1.26218e-29	0	1.24862e-29	0	0	0	3.01986e-30	0	3.15544e-30	0	0	0	2.5108e-29	0	3.15544e-30	0	0	0	4.89094e-29	0	0	0	0	0	0	0	2.5108e-29	0	0	0	2.52435e-29	0	1.57772e-30	0
3.45743e-29	0	9.33075e-30	0	0	0	3.01986e-30	0	3.01986e-30	0	2.07569e-29	0	4.73317e-29	0	3.15544e-30	0	1.26218e-29	0	1.24862e-29	0	0	0	3.01986e-30	0	3.15544e-30	0	0	0	2.5108e-29	0	3.15544e-30	0	0	0	4.89094e-29	0	0	0	0	0	0	0	2.5108e-29	0	0	0	2.52435e-29	0	1.57772e-30	0
3.45743e-29	0	9.33075e-30	0	0	0	3.01986e-30	0	3.01986e-30	0	2.07569e-29	0	4.73317e-29	0	3.15544e-30	0	1.26218e-29	0	1.24862e-29	0	0	0	3.01986e-30	0	3.15544e-30	0	0	0	2.5108e-29	0	3.15544e-30	0	0	0	4.89094e-29	0	0	0	0	0	0	0	2.5108e-29	0	0	0	2.52435e-29	0	1.57772e-30	0
3.45743e-29	0	9.33075e-30	0	0	0	3.01986e-30	0	3.01986e-30	0	2.07569e-29	0	4.73317e-29	0	3.15544e-30	0	1.26218e-29	0	1.24862e-29	0	0	0	3.01986e-30	0	3.15544e-30	0	0	0	2.5108e-29	0	3.15544e-30	0	0	0	4.89094e-29	0	0	0	0	0	0	0	2.5108e-29	0	0	0	2.52435e-29	0	1.57772e-30	0
3.45743e-29	0	9.33075e-30	0	0	0	3.01986e-30	0	3.01986e-30	0	2.07569e-29	0	4.73317e-29	0	3.15544e-30	0	1.26218e-29	0	1.24862e-29	0	0	0	3.01986e-30	0	3.15544e-30	0	0	0	2.5108e-29	0	3.15544e-30	0	0	0	4.89094e-29	0	0	0	0	0	0	0	2.5108e-29	0	0	0	2.52435e-29	0	1.57772e-30	0
3.45743e-29	0	9.33075e-30	0	0	0	3.01986e-30	0	3.01986e-30	0	2.07569e-29	0	4.73317e-29	0	3.15544e-30	0	1.26218e-29	0	1.24862e-29	0	0	0	3.01986e-30	0	3.15544e-30	0	0	0	2.5108e-29	0	3.15544e-30	0	0	0	4.89094e-29	0	0	0	0	0	0	0	2.5108e-29	0	0	0	2.52435e-29	0	1.57772e-30	0
3.45743e-29	0	9.33075e-30	0	0	0	3.01986e-30	0	3.01986e-30	0	2.07569e-29	0	4.73317e-29	0	3.15544e-30	0	1.26218e-29	0	1.24862e-29	0	0	0	3.01986e-30	0	3.15544e-30	0	0	0	2.5108e-29	0	3.15544e-30	0	0	0	4.89094e-29	0	0	0	0	0	0	0	2.5108e-29	0	0	0	2.52435e-29	0	1.57772e-30	0
3.45743e-29	0	9.33075e-30	0	0	0	3.01986e-30	0	3.01986e-30	0	2.07569e-29	0	4.73317e-29	0	3.15544e-30	0	1.26218e-29	0	1.24862e-29	0	0	0	3.01986e-30	0	3.15544e-30	0	0	0	2.5108e-29	0	3.15544e-30	0	0	0	4.89094e-29	0	0	0	0	0	0	0	2.5108e-29	0	0	0	2.52435e-29	0	1.57772e-30	0
3.45743e-29	0	9.33075e-30	0	0	0	3.01986e-30	0	3.01986e-30	0	2.07569e-29	0	4.73317e-29	0	3.15544e-30	0	1.26218e-29	0	1.24862e-29	0	0	0	3.01986e-30	0	3.15544e-30	0	0	0	2.5108e-29	0	3.15544e-30	0	0	0	4.89094e-29	0	0	0	0	0	0	0	2.5108e-29	0	0	0	2.52435e-29	0	1.57772e-30	0
3.45743e-29	0	9.33075e-30	0	0	0	3.01986e-30	0	3.01986e-30	0	2.07569e-29	0	4.73317e-29	0	3.15544e-30	0	1.26218e-29	0	1.24862e-29	0	0	0	3.01986e-30	0	3.15544e-30	0	0	0	2.5108e-29	0	3.15544e-30	0	0	0	4.89094e-29	0	0	0	0	0	0	0	2.5108e-29	0	0	0	2.52435e-29	0	1.57772e-30	0
3.45743e-29	0	9.33075e-30	0	0	0	3.01986e-30	0	3.01986e-30	0	2.07569e-29	0	4.73317e-29	0	3.15544e-30	0	1.26218e-29	0	1.24862e-29	0	0	0	3.01986e-30	0	3.15544e-30	0	0	0	2.5108e-29	0	3.15544e-30	0	0	0	4.89094e-29	0	0	0	0	0	0	0	2.5108e-29	0	0	0	2.52435e-29	0	1.57772e-30	0
3.45743e-29	0	9.33075e-30	0	0	0	3.01986e-30	0	3.01986e-30	0	2.07569e-29	0	4.73317e-29	0	3.15544e-30	0	1.26218e-29	0	1.24862e-29	0	0	0	3.01986e-30	0	3.15544e-30	0	0	0	2.5108e-29	0	3.15544e-30	0	0	0	4.89094e-29	0	0	0	0	0	0	0	2.5108e-29	0	0	0	2.52435e-29	0	1.57772e-30	0
3.45743e-29	0	9.33075e-30	0	0	0	3.01986e-30	0	3.01986e-30	0	2.07569e-29	0	4.73317e-29	0	3.15544e-30	0	1.26218e-29	0	1.24862e-29	0	0	0	3.01986e-30	0	3.15544e-30	0	0	0	2.5108e-29	0	3.15544e-30	0	0	0	4.89094e-29	0	0	0	0	0	0	0	2.5108e-29	0	0	0	2.52435e-29	0	1.57772e-30	0
3.45743e-29	0	9.33075e-30	0	0	0	3.01986e-30	0	3.01986e-30	0	2.07569e-29	0	4.73317e-29	0	3.15544e-30	0	1.26218e-29	0	1.24862e-29	0	0	0	3.01986e-30	0	3.15544e-30	0	0	0	2.5108e-29	0	3.15544e-30	0	0	0	4.89094e-29	0	0	0	0	0	0	0	2.5108e-29	0	0	0	2.52435e-29	0	1.57772e-30	0
3.45743e-29	0	9.33075e-30	0	0	0	3.01986e-30	0	3.01986e-30	0	2.07569e-29	0	4.73317e-29	0	3.15544e-30	0	1.26218e-29	0	1.24862e-29	0	0	0	3.01986e-30	0	3.15544e-30	0	0	0	2.5108e-29	0	3.15544e-30	0	0	0	4.89094e-29	0	0	0	0	0	0	0	2.5108e-29	0	0	0	2.52435e-29	0	1.57772e-30	0
3.45743e-29	0	9.33075e-30	0	0	0	3.01986e-30	0	3.01986e-30	0	2.07569e-29	0	4.73317e-29	0	3.15544e-30	0	1.26218e-29	0	1.24862e-29	0	0	0	3.01986e-30	0	3.15544e-30	0	0	0	2.5108e-29	0	3.15544e-30	0	0	0	4.89094e-29	0	0	0	0	0	0	0	2.5108e-29	0	0	0	2.52435e-29	0	1.57772e-30	0
3.45743e-29	0	9.33075e-30	0	0	0	3.01986e-30	0	3.01986e-30	0	2.07569e-29	0	4.73317e-29	0	3.15544e-30	0	1.26218e-29	0	1.24862e-29	0	0	0	3.01986e-30	0	3.15544e-30	0	0	0	2.5108e-29	0	3.15544e-30	0	0	0	4.89094e-29	0	0	0	0	0	0	0	2.5108e-29	0	0	0	2.52435e-29	0	1.57772e-30	0
3.45743e-29	0	9.33075e-30	0	0	0	3.01986e-30	0	3.01986e-30	0	2.07569e-29	0	4.73317e-29	0	3.15544e-30	0	1.26218e-29	0	1.24862e-29	0	0	0	3.01986e-30	0	3.15544e-30	0	0	0	2.5108e-29	0	3.15544e-30	0	0	0	4.89094e-29	0	0	0	0	0	0	0	2.5108e-29	0	0	0	2.52435e-29	0	1.57772e-30	0
3.45743e-29	0	9.33075e-30	0	0	0	3.01986e-30	0	3.01986e-30	0	2.07569e-29	0	4.73317e-29	0	3.15544e-30	0	1.26218e-29	0	1.24862e-29	0	0	0	3.01986e-30	0	3.15544e-30	0	0	0	2.5108e-29	0	3.15544e-30	0	0	0	4.89094e-29	0	0	0	0	0	0	0	2.5108e-29	0	0	0	2.52435e-29	0	1.57772e-30	0
3.45743e-29	0	9.33075e-30	0	0	0	3.01986e-30	0	3.01986e-30	0	2.07569e-29	0	4.73317e-29	0	3.15544e-30	0	1.26218e-29	0	1.24862e-29	0	0	0	3.01986e-30	0	3.15544e-30	0	0	0	2.5108e-29	0	3.15544e-30	0	0	0	4.89094e-29	0	0	0	0	0	0	0	2.5108e-29	0	0	0	2.52435e-29	0	1.57772e-30	0
3.45743e-29	0	9.33075e-30	0	0	0	3.01986e-30	0	3.01986e-30	0	2.07569e-29	0	4.73317e-29	0	3.15544e-30	0	1.26218e-29	0	1.24862e-29	0	0	0	3.01986e-30	0	3.15544e-30	0	0	0	2.5108e-29	0	3.15544e-30	0	0	0	4.89094e-29	0	0	0	0	0	0	0	2.5108e-29	0	0	0	2.52435e-29	0	1.57772e-30	0
3.45743e-29	0	9.33075e-30	0	0	0	3.01986e-30	0	3.01986e-30	0	2.07569e-29	0	4.73317e-29	0	3.15544e-30	0	1.26218e-29	0	1.24862e-29	0	0	0	3.01986e-30	0	3.15544e-30	0	0	0	2.5108e-29	0	3.15544e-30	0	0	0	4.89094e-29	0	0	0	0	0	0	0	2.5108e-29	0	0	0	2.52435e-29	0	1.57772e-30	0
3.45743e-29	0	9.33075e-30	0	0	0	3.01986e-30	0	3.01986e-30	0	2.07569e-29	0	4.73317e-29	0	3.15544e-30	0	1.26218e-29	0	1.24862e-29	0	0	0	3.01986e-30	0	3.15544e-30	0	0	0	2.5108e-29	0	3.15544e-30	0	0	0	4.89094e-29	0	0	0	0	0	0	0	2.5108e-29	0	0	0	2.52435e-29	0	1.57772e-30	0
3.45743e-29	0	9.33075e-30	0	0	0	3.01986e-30	0	3.01986e-30	0	2.07569e-29	0	4.73317e-29	0	3.15544e-30	0	1.26218e-29	0	1.24862e-29	0	0	0	3.01986e-30	0	3.15544e-30	0	0	0	2.5108e-29	0	3.15544e-30	0	0	0	4.89094e-29	0	0	0	0	0	0	0	2.5108e-29	0	0	0	2.52435e-29	0	1.57772e-30	0
3.45743e-29	0	9.33075e-30	0	0	0	3.01986e-30	0	3.01986e-30	0	2.07569e-29	0	4.73317e-29	0	3.15544e-30	0	1.26218e-29	0	1.24862e-29	0	0	0	3.01986e-30	0	3.15544e-30	0	0	0	2.5108e-29	0	3.15544e-30	0	0	0	4.89094e-29	0	0	0	0	0	0	0	2.5108e-29	0	0	0	2.52435e-29	0	1.57772e-30	0
3.45743e-29	0	9.33075e-30	0	0	0	3.01986e-30	0	3.01986e-30	0	2.07569e-29	0	4.73317e-29	0	3.15544e-30	0	1.26218e-29	0	1.24862e-29	0	0	0	3.01986e-30	0	3.15544e-30	0	0	0	2.5108e-29	0	3.15544e-30	0	0	0	4.89094e-29	0	0	0	0	0	0	0	2.5108e-29	0	0	0	2.52435e-29	0	1.57772e-30	0
3.45743e-29	0	9.33075e-30	0	0	0	3.01986e-30	0	3.01986e-30	0	2.07569e-29	0	4.73317e-29	0	3.15544e-30	0	1.26218e-29	0	1.24862e-29	0	0	0	3.01986e-30	0	3.15544e-30	0	0	0	2.5108e-29	0	3.15544e-30	0	0	0	4.89094e-29	0	0	0	0	0	0	0	2.5108e-29	0	0	0	2.52435e-29	0	1.57772e-30	0
3.45743e-29	0	9.33075e-30	0	0	0	3.01986e-30	0	3.01986e-30	0	2.07569e-29	0	4.73317e-29	0	3.15544e-30	0	1.26218e-29	0	1.24862e-29	0	0	0	3.01986e-30	0	3.15544e-30	0	0	0	2.5108e-29	0	3.15544e-30	0	0	0	4.89094e-29	0	0	0	0	0	0	0	2.5108e-29	0	0	0	2.52435e-29	0	1.57772e-30	0
3.45743e-29	0	9.33075e-30	0	0	0	3.01986e-30	0	3.01986e-30	0	2.07569e-29	0	4.73317e-29	0	3.15544e-30	0	1.26218e-29	0	1.24862e-29	0	0	0	3.01986e-30	0	3.15544e-30	0	0	0	2.5108e-29	0	3.15544e-30	0	0	0	4.89094e-29	0	0	0	0	0	0	0	2.5108e-29	0	0	0	2.52435e-29	0	1.57772e-30	0
3.45743e-29	0	9.33075e-30	0	0	0	3.01986e-30	0	3.01986e-30	0	2.07569e-29	0	4.73317e-29	0	3.15544e-30	0	1.26218e-29	0	1.24862e-29	0	0	0	3.01986e-30	0	3.15544e-30	0	0	0	2.5108e-29	0	3.15544e-30	0	0	0	4.89094e-29	0	0	0	0	0	0	0	2.5108e-29	0	0	0	2.52435e-29	0	1.57772e-30	0
3.45743e-29	0	9.33075e-30	0	0	0	3.01986e-30	0	3.01986e-30	0	2.07569e-29	0	4.73317e-29	0	3.15544e-30	0	1.26218e-29	0	1.24862e-29	0	0	0	3.01986e-30	0	3.15544e-30	0	0	0	2.5108e-29	0	3.15544e-30	0	0	0	4.89094e-29	0	0	0	0	0	0	0	2.5108e-29	0	0	0	2.52435e-29	0	1.57772e-30	0
3.45743e-29	0	9.33075e-30	0	0	0	3.01986e-30	0	3.01986e-30	0	2.07569e-29	0	4.73317e-29	0	3.15544e-30	0	1.26218e-29	0	1.24862e-29	0	0	0	3.01986e-30	0	3.15544e-30	0	0	0	2.5108e-29	0	3.15544e-30	0	0	0	4.89094e-29	0	0	0	0	0	0	0	2.5108e-29	0	0	0	2.52435e-29	0	1.57772e-30	0
3.45743e-29	0	9.33075e-30	0	0	0	3.01986e-30	0	3.01986e-30	0	2.07569e-29	0	4.73317e-29	0	3.15544e-30	0	1.26218e-29	0	1.24862e-29	0	0	0	3.01986e-30	0	3.15544e-30	0	0	0	2.5108e-29	0	3.15544e-30	0	0	0	4.89094e-29	0	0	0	0	0	0	0	2.5108e-29	0	0	0	2.52435e-29	0	1.57772e-30	0
3.45743e-29	0	9.33075e-30	0	0	0	3.01986e-30	0	3.01986e-30	0	2.07569e-29	0	4.73317e-29	0	3.15544e-30	0	1.26218e-29	0	1.24862e-29	0	0	0	3.01986e-30	0	3.15544e-30	0	0	0	2.5108e-29	0	3.15544e-30	0	0	0	4.89094e-29	0	0	0	0	0	0	0	2.5108e-29	0	0	0	2.52435e-29	0	1.57772e-30	0
3.45743e-29	0	9.33075e-30	0	0	0	3.01986e-30	0	3.01986e-30	0	2.07569e-29	0	4.73317e-29	0	3.15544e-30	0	1.26218e-29	0	1.24862e-29	0	0	0	3.01986e-30	0	3.15544e-30	0	0	0	2.5108e-29	0	3.15544e-30	0	0	0	4.89094e-29	0	0	0	0	0	0	0	2.5108e-29	0	0	0	2.52435e-29	0	1.57772e-30	0
3.45743e-29	0	9.33075e-30	0	0	0	3.01986e-30	0	3.01986e-30	0	2.07569e-29	0	4.73317e-29	0	3.15544e-30	0	1.26218e-29	0	1.24862e-29	0	0	0	3.01986e-30	0	3.15544e-30	0	0	0	2.5108e-29	0	3.15544e-30	0	0	0	4.89094e-29	0	0	0	0	0	0	0	2.5108e-29	0	0	0	2.52435e-29	0	1.57772e-30	0
3.45743e-29	0	9.33075e-30	0	0	0	3.01986e-30	0	3.01986e-30	0	2.07569e-29	0	4.73317e-29	0	3.15544e-30	0	1.26218e-29	0	1.24862e-29	0	0	0	3.01986e-30	0	3.15544e-30	0	0	0	2.5108e-29	0	3.15544e-30	0	0	0	4.89094e-29	0	0	0	0	0	0	0	2.5108e-29	0	0	0	2.52435e-29	0	1.57772e-30	0
3.45743e-29	0	9.33075e-30	0	0	0	3.01986e-30	0	3.01986e-30	0	2.07569e-29	0	4.73317e-29	0	3.15544e-30	0	1.26218e-29	0	1.24862e-29	0	0	0	3.01986e-30	0	3.15544e-30	0	0	0	2.5108e-29	0	3.15544e-30	0	0	0	4.89094e-29	0	0	0	0	0	0	0	2.5108e-29	0	0	0	2.52435e-29	0	1.57772e-30	0
3.45743e-29	0	9.33075e-30	0	0	0	3.01986e-30	0	3.01986e-30	0	2.07569e-29	0	4.73317e-29	0	3.15544e-30	0	1.26218e-29	0	1.24862e-29	0	0	0	3.01986e-30	0	3.15544e-30	0	0	0	2.5108e-29	0	3.15544e-30	0	0	0	4.89094e-29	0	0	0	0	0	0	0	2.5108e-29	0	0	0	2.52435e-29	0	1.57772e-30	0
3.45743e-29	0	9.33075e-30	0	0	0	3.01986e-30	0	3.01986e-30	0	2.07569e-29	0	4.73317e-29	0	3.15544e-30	0	1.26218e-29	0	1.24862e-29	0	0	0	3.01986e-30	0	3.15544e-30	0	0	0	2.5108e-29	0	3.15544e-30	0	0	0	4.89094e-29	0	0	0	0	0	0	0	2.5108e-29	0	0	0	2.52435e-29	0	1.57772e-30	0
3.45743e-29	0	9.33075e-30	0	0	0	3.01986e-30	0	3.01986e-30	0	2.07569e-29	0	4.73317e-29	0	3.15544e-30	0	1.26218e-29	0	1.24862e-29	0	0	0	3.01986e-30	0	3.15544e-30	0	0	0	2.5108e-29	0	3.15544e-30	0	0	0	4.89094e-29	0	0	0	0	0	0	0	2.5108e-29	0	0	0	2.52435e-29	0	1.57772e-30	0
3.45743e-29	0	9.33075e-30	0	0	0	3.01986e-30	0	3.01986e-30	0	2.07569e-29	0	4.73317e-29	0	3.15544e-30	0	1.26218e-29	0	1.24862e-29	0	0	0	3.01986e-30	0	3.15544e-30	0	0	0	2.5108e-29	0	3.15544e-30	0	0	0	4.89094e-29	0	0	0	0	0	0	0	2.5108e-29	0	0	0	2.52435e-29	0	1.57772e-30	0
3.45743e-29	0	9.33075e-30	0	0	0	3.01986e-30	0	3.01986e-30	0	2.07569e-29	0	4.73317e-29	0	3.15544e-30	0	1.26218e-29	0	1.24862e-29	0	0	0	3.01986e-30	0	3.15544e-30	0	0	0	2.5108e-29	0	3.15544e-30	0	0	0	4.89094e-29	0	0	0	0	0	0	0	2.5108e-29	0	0	0	2.52435e-29	0	1.57772e-30	0
3.45743e-29	0	9.33075e-30	0	0	0	3.01986e-30	0	3.01986e-30	0	2.07569e-29	0	4.73317e-29	0	3.15544e-30	0	1.26218e-29	0	1.24862e-29	0	0	0	3.01986e-30	0	3.15544e-30	0	0	0	2.5108e-29	0	3.15544e-30	0	0	0	4.89094e-29	0	0	0	0	0	0	0	2.5108e-29	0	0	0	2.52435e-29	0	1.57772e-30	0
3.45743e-29	0	9.33075e-30	0	0	0	3.01986e-30	0	3.01986e-30	0	2.07569e-29	0	4.73317e-29	0	3.15544e-30	0	1.26218e-29	0	1.24862e-29	0	0	0	3.01986e-30	0	3.15544e-30	0	0	0	2.5108e-29	0	3.15544e-30	0	0	0	4.89094e-29	0	0	0	0	0	0	0	2.5108e-29	0	0	0	2.52435e-29	0	1.57772e-30	0
3.45743e-29	0	9.33075e-30	0	0	0	3.01986e-30	0	3.01986e-30	0	2.07569e-29	0	4.73317e-29	0	3.15544e-30	0	1.26218e-29	0	1.24862e-29	0	0	0	3.01986e-30	0	3.15544e-30	0	0	0	2.5108e-29	0	3.15544e-30	0	0	0	4.89094e-29	0	0	0	0	0	0	0	2.5108e-29	0	0	0	2.52435e-29	0	1.57772e-30	0
3.45743e-29	0	9.33075e-30	0	0	0	3.01986e-30	0	3.01986e-30	0	2.07569e-29	0	4.73317e-29	0	3.15544e-30	0	1.26218e-29	0	1.24862e-29	0	0	0	3.01986e-30	0	3.15544e-30	0	0	0	2.5108e-29	0	3.15544e-30	0	0	0	4.89094e-29	0	0	0	0	0	0	0	2.5108e-29	0	0	0	2.52435e-29	0	1.57772e-30	0
3.45743e-29	0	9.33075e-30	0	0	0	3.01986e-30	0	3.01986e-30	0	2.07569e-29	0	4.73317e-29	0	3.15544e-30	0	1.26218e-29	0	1.24862e-29	0	0	0	3.01986e-30	0	3.15544e-30	0	0	0	2.5108e-29	0	3.15544e-30	0	0	0	4.89094e-29	0	0	0	0	0	0	0	2.5108e-29	0	0	0	2.52435e-29	0	1.57772e-30	0
3.45743e-29	0	9.33075e-30	0	0	0	3.01986e-30	0	3.01986e-30	0	2.07569e-29	0	4.73317e-29	0	3.15544e-30	0	1.26218e-29	0	1.24862e-29	0	0	0	3.01986e-30	0	3.15544e-30	0	0	0	2.5108e-29	0	3.15544e-30	0	0	0	4.89094e-29	0	0	0	0	0	0	0	2.5108e-29	0	0	0	2.52435e-29	0	1.57772e-30	0
3.45743e-29	0	9.33075e-30	0	0	0	3.01986e-30	0	3.01986e-30	0	2.07569e-29	0	4.73317e-29	0	3.15544e-30	0	1.26218e-29	0	1.24862e-29	0	0	0	3.01986e-30	0	3.15544e-30	0	0	0	2.5108e-29	0	3.15544e-30	0	0	0	4.89094e-29	0	0	0	0	0	0	0	2.5108e-29	0	0	0	2.52435e-29	0	1.57772e-30	0
3.45743e-29	0	9.33075e-30	0	0	0	3.01986e-30	0	3.01986e-30	0	2.07569e-29	0	4.73317e-29	0	3.15544e-30	0	1.26218e-29	0	1.24862e-29	0	0	0	3.01986e-30	0	3.15544e-30	0	0	0	2.5108e-29	0	3.15544e-30	0	0	0	4.89094e-29	0	0	0	0	0	0	0	2.5108e-29	0	0	0	2.52435e-29	0	1.57772e-30	0
3.45743e-29	0	9.33075e-30	0	0	0	3.01986e-30	0	3.01986e-30	0	2.07569e-29	0	4.73317e-29	0	3.15544e-30	0	1.26218e-29	0	1.24862e-29	0	0	0	3.01986e-30	0	3.15544e-30	0	0	0	2.5108e-29	0	3.15544e-30	0	0	0	4.89094e-29	0	0	0	0	0	0	0	2.5108e-29	0	0	0	2.52435e-29	0	1.57772e-30	0
3.45743e-29	0	9.33075e-30	0	0	0	3.01986e-30	0	3.01986e-30	0	2.07569e-29	0	4.73317e-29	0	3.15544e-30	0	1.26218e-29	0	1.24862e-29	0	0	0	3.01986e-30	0	3.15544e-30	0	0	0	2.5108e-29	0	3.15544e-30	0	0	0	4.89094e-29	0	0	0	0	0	0	0	2.5108e-29	0	0	0	2.52435e-29	0	1.57772e-30	0
3.45743e-29	0	9.33075e-30	0	0	0	3.01986e-30	0	3.01986e-30	0	2.07569e-29	0	4.73317e-29	0	3.15544e-30	0	1.26218e-29	0	1.24862e-29	0	0	0	3.01986e-30	0	3.15544e-30	0	0	0	2.5108e-29	0	3.15544e-30	0	0	0	4.89094e-29	0	0	0	0	0	0	0	2.5108e-29	0	0	0	2.52435e-29	0	1.57772e-30	0
3.45743e-29	0	9.33075e-30	0	0	0	3.01986e-30	0	3.01986e-30	0	2.07569e-29	0	4.73317e-29	0	3.15544e-30	0	1.26218e-29	0	1.24862e-29	0	0	0	3.01986e-30	0	3.15544e-30	0	0	0	2.5108e-29	0	3.15544e-30	0	0	0	4.89094e-29	0	0	0	0	0	0	0	2.5108e-29	0	0	0	2.52435e-29	0	1.57772e-30	0
3.45743e-29	0	9.33075e-30	0	0	0	3.01986e-30	0	3.01986e-30	0	2.07569e-29	0	4.73317e-29	0	3.15544e-30	0	1.26218e-29	0	1.24862e-29	0	0	0	3.01986e-30	0	3.15544e-30	0	0	0	2.5108e-29	0	3.15544e-30	0	0	0	4.89094e-29	0	0	0	0	0	0	0	2.5108e-29	0	0	0	2.52435e-29	0	1.57772e-30	0
3.45743e-29	0	9.33075e-30	0	0	0	3.01986e-30	0	3.01986e-30	0	2.07569e-29	0	4.73317e-29	0	3.15544e-30	0	1.26218e-29	0	1.24862e-29	0	0	0	3.01986e-30	0	3.15544e-30	0	0	0	2.5108e-29	0	3.15544e-30	0	0	0	4.89094e-29	0	0	0	0	0	0	0	2.5108e-29	0	0	0	2.52435e-29	0	1.57772e-30	0
3.45743e-29	0	9.33075e-30	0	0	0	3.01986e-30	0	3.01986e-30	0	2.07569e-29	0	4.73317e-29	0	3.15544e-30	0	1.26218e-29	0	1.24862e-29	0	0	0	3.01986e-30	0	3.15544e-30	0	0	0	2.5108e-29	0	3.15544e-30	0	0	0	4.89094e-29	0	0	0	0	0	0	0	2.5108e-29	0	0	0	2.52435e-29	0	1.57772e-30	0
3.45743e-29	0	9.33075e-30	0	0	0	3.01986e-30	0	3.01986e-30	0	2.07569e-29	0	4.73317e-29	0	3.15544e-30	0	1.26218e-29	0	1.24862e-29	0	0	0	3.01986e-30	0	3.15544e-30	0	0	0	2.5108e-29	0	3.15544e-30	0	0	0	4.89094e-29	0	0	0	0	0	0	0	2.5108e-29	0	0	0	2.52435e-29	0	1.57772e-30	0
3.45743e-29	0	9.33075e-30	0	0	0	3.01986e-30	0	3.01986e-30	0	2.07569e-29	0	4.73317e-29	0	3.15544e-30	0	1.26218e-29	0	1.24862e-29	0	0	0	3.01986e-30	0	3.15544e-30	0	0	0	2.5108e-29	0	3.15544e-30	0	0	0	4.89094e-29	0	0	0	0	0	0	0	2.5108e-29	0	0	0	2.52435e-29	0	1.57772e-30	0
3.45743e-29	0	9.33075e-30	0	0	0	3.01986e-30	0	3.01986e-30	0	2.07569e-29	0	4.73317e-29	0	3.15544e-30	0	1.26218e-29	0	1.24862e-29	0	0	0	3.01986e-30	0	3.15544e-30	0	0	0	2.5108e-29	0	3.15544e-30	0	0	0	4.89094e-29	0	0	0	0	0	0	0	2.5108e-29	0	0	0	2.52435e-29	0	1.57772e-30	0
3.45743e-29	0	9.33075e-30	0	0	0	3.01986e-30	0	3.01986e-30	0	2.07569e-29	0	4.73317e-29	0	3.15544e-30	0	1.26218e-29	0	1.24862e-29	0	0	0	3.01986e-30	0	3.15544e-30	0	0	0	2.5108e-29	0	3.15544e-30	0	0	0	4.89094e-29	0	0	0	0	0	0	0	2.5108e-29	0	0	0	2.52435e-29	0	1.57772e-30	0
3.45743e-29	0	9.33075e-30	0	0	0	3.01986e-30	0	3.01986e-30	0	2.07569e-29	0	4.73317e-29	0	3.15544e-30	0	1.26218e-29	0	1.24862e-29	0	0	0	3.01986e-30	0	3.15544e-30	0	0	0	2.5108e-29	0	3.15544e-30	0	0	0	4.89094e-29	0	0	0	0	0	0	0	2.5108e-29	0	0	0	2.52435e-29	0	1.57772e-30	0
3.45743e-29	0	9.33075e-30	0	0	0	3.01986e-30	0	3.01986e-30	0	2.07569e-29	0	4.73317e-29	0	3.15544e-30	0	1.26218e-29	0	1.24862e-29	0	0	0	3.01986e-30	0	3.15544e-30	0	0	0	2.5108e-29	0	3.15544e-30	0	0	0	4.89094e-29	0	0	0	0	0	0	0	2.5108e-29	0	0	0	2.52435e-29	0	1.57772e-30	0
3.45743e-29	0	9.33075e-30	0	0	0	3.01986e-30	0	3.01986e-30	0	2.07569e-29	0	4.73317e-29	0	3.15544e-30	0	1.26218e-29	0	1.24862e-29	0	0	0	3.01986e-30	0	3.15544e-30	0	0	0	2.5108e-29	0	3.15544e-30	0	0	0	4.89094e-29	0	0	0	0	0	0	0	2.5108e-29	0	0	0	2.52435e-29	0	1.57772e-30	0
3.45743e-29	0	9.33075e-30	0	0	0	3.01986e-30	0	3.01986e-30	0	2.07569e-29	0	4.73317e-29	0	3.15544e-30	0	1.26218e-29	0	1.24862e-29	0	0	0	3.01986e-30	0	3.15544e-30	0	0	0	2.5108e-29	0	3.15544e-30	0	0	0	4.89094e-29	0	0	0	0	0	0	0	2.5108e-29	0	0	0	2.52435e-29	0	1.57772e-30	0
3.45743e-29	0	9.33075e-30	0	0	0	3.01986e-30	0	3.01986e-30	0	2.07569e-29	0	4.73317e-29	0	3.15544e-30	0	1.26218e-29	0	1.24862e-29	0	0	0	3.01986e-30	0	3.15544e-30	0	0	0	2.5108e-29	0	3.15544e-30	0	0	0	4.89094e-29	0	0	0	0	0	0	0	2.5108e-29	0	0	0	2.52435e-29	0	1.57772e-30	0
3.45743e-29	0	9.33075e-30	0	0	0	3.01986e-30	0	3.01986e-30	0	2.07569e-29	0	4.73317e-29	0	3.15544e-30	0	1.26218e-29	0	1.24862e-29	0	0	0	3.01986e-30	0	3.15544e-30	0	0	0	2.5108e-29	0	3.15544e-30	0	0	0	4.89094e-29	0	0	0	0	0	0	0	2.5108e-29	0	0	0	2.52435e-29	0	1.57772e-30	0
3.45743e-29	0	9.33075e-30	0	0	0	3.01986e-30	0	3.01986e-30	0	2.07569e-29	0	4.73317e-29	0	3.15544e-30	0	1.26218e-29	0	1.24862e-29	0	0	0	3.01986e-30	0	3.15544e-30	0	0	0	2.5108e-29	0	3.15544e-30	0	0	0	4.89094e-29	0	0	0	0	0	0	0	2.5108e-29	0	0	0	2.52435e-29	0	1.57772e-30	0
3.45743e-29	0	9.33075e-30	0	0	0	3.01986e-30	0	3.01986e-30	0	2.07569e-29	0	4.73317e-29	0	3.15544e-30	0	1.26218e-29	0	1.24862e-29	0	0	0	3.01986e-30	0	3.15544e-30	0	0	0	2.5108e-29	0	3.15544e-30	0	0	0	4.89094e-29	0	0	0	0	0	0	0	2.5108e-29	0	0	0	2.52435e-29	0	1.57772e-30	0
3.45743e-29	0	9.33075e-30	0	0	0	3.01986e-30	0	3.01986e-30	0	2.07569e-29	0	4.73317e-29	0	3.15544e-30	0	1.26218e-29	0	1.24862e-29	0	0	0	3.01986e-30	0	3.15544e-30	0	0	0	2.5108e-29	0	3.15544e-30	0	0	0	4.89094e-29	0	0	0	0	0	0	0	2.5108e-29	0	0	0	2.52435e-29	0	1.57772e-30	0
3.45743e-29	0	9.33075e-30	0	0	0	3.01986e-30	0	3.01986e-30	0	2.07569e-29	0	4.73317e-29	0	3.15544e-30	0	1.26218e-29	0	1.24862e-29	0	0	0	3.01986e-30	0	3.15544e-30	0	0	0	2.5108e-29	0	3.15544e-30	0	0	0	4.89094e-29	0	0	0	0	0	0	0	2.5108e-29	0	0	0	2.52435e-29	0	1.57772e-30	0
3.45743e-29	0	9.33075e-30	0	0	0	3.01986e-30	0	3.01986e-30	0	2.07569e-29	0	4.73317e-29	0	3.15544e-30	0	1.26218e-29	0	1.24862e-29	0	0	0	3.01986e-30	0	3.15544e-30	0	0	0	2.5108e-29	0	3.15544e-30	0	0	0	4.89094e-29	0	0	0	0	0	0	0	2.5108e-29	0	0	0	2.52435e-29	0	1.57772e-30	0
3.45743e-29	0	9.33075e-30	0	0	0	3.01986e-30	0	3.01986e-30	0	2.07569e-29	0	4.73317e-29	0	3.15544e-30	0	1.26218e-29	0	1.24862e-29	0	0	0	3.01986e-30	0	3.15544e-30	0	0	0	2.5108e-29	0	3.15544e-30	0	0	0	4.89094e-29	0	0	0	0	0	0	0	2.5108e-29	0	0	0	2.52435e-29	0	1.57772e-30	0
3.45743e-29	0	9.33075e-30	0	0	0	3.01986e-30	0	3.01986e-30	0	2.07569e-29	0	4.73317e-29	0	3.15544e-30	0	1.26218e-29	0	1.24862e-29	0	0	0	3.01986e-30	0	3.15544e-30	0	0	0	2.5108e-29	0	3.15544e-30	0	0	0	4.89094e-29	0	0	0	0	0	0	0	2.5108e-29	0	0	0	2.52435e-29	0	1.57772e-30	0
3.45743e-29	0	9.33075e-30	0	0	0	3.01986e-30	0	3.01986e-30	0	2.07569e-29	0	4.73317e-29	0	3.15544e-30	0	1.26218e-29	0	1.24862e-29	0	0	0	3.01986e-30	0	3.15544e-30	0	0	0	2.5108e-29	0	3.15544e-30	0	0	0	4.89094e-29	0	0	0	0	0	0	0	2.5108e-29	0	0	0	2.52435e-29	0	1.57772e-30	0
3.45743e-29	0	9.33075e-30	0	0	0	3.01986e-30	0	3.01986e-30	0	2.07569e-29	0	4.73317e-29	0	3.15544e-30	0	1.26218e-29	0	1.24862e-29	0	0	0	3.01986e-30	0	3.15544e-30	0	0	0	2.5108e-29	0	3.15544e-30	0	0	0	4.89094e-29	0	0	0	0	0	0	0	2.5108e-29	0	0	0	2.52435e-29	0	1.57772e-30	0
3.45743e-29	0	9.33075e-30	0	0	0	3.01986e-30	0	3.01986e-30	0	2.07569e-29	0	4.73317e-29	0	3.15544e-30	0	1.26218e-29	0	1.24862e-29	0	0	0	3.01986e-30	0	3.15544e-30	0	0	0	2.5108e-29	0	3.15544e-30	0	0	0	4.89094e-29	0	0	0	0	0	0	0	2.5108e-29	0	0	0	2.52435e-29	0	1.57772e-30	0
3.45743e-29	0	9.33075e-30	0	0	0	3.01986e-30	0	3.01986e-30	0	2.07569e-29	0	4.73317e-29	0	3.15544e-30	0	1.26218e-29	0	1.24862e-29	0	0	0	3.01986e-30	0	3.15544e-30	0	0	0	2.5108e-29	0	3.15544e-30	0	0	0	4.89094e-29	0	0	0	0	0	0	0	2.5108e-29	0	0	0	2.52435e-29	0	1.57772e-30	0
3.45743e-29	0	9.33075e-30	0	0	0	3.01986e-30	0	3.01986e-30	0	2.07569e-29	0	4.73317e-29	0	3.15544e-30	0	1.26218e-29	0	1.24862e-29	0	0	0	3.01986e-30	0	3.15544e-30	0	0	0	2.5108e-29	0	3.15544e-30	0	0	0	4.89094e-29	0	0	0	0	0	0	0	2.5108e-29	0	0	0	2.52435e-29	0	1.57772e-30	0
3.45743e-29	0	9.33075e-30	0	0	0	3.01986e-30	0	3.01986e-30	0	2.07569e-29	0	4.73317e-29	0	3.15544e-30	0	1.26218e-29	0	1.24862e-29	0	0	0	3.01986e-30	0	3.15544e-30	0	0	0	2.5108e-29	0	3.15544e-30	0	0	0	4.89094e-29	0	0	0	0	0	0	0	2.5108e-29	0	0	0	2.52435e-29	0	1.57772e-30	0
3.45743e-29	0	9.33075e-30	0	0	0	3.01986e-30	0	3.01986e-30	0	2.07569e-29	0	4.73317e-29	0	3.15544e-30	0	1.26218e-29	0	1.24862e-29	0	0	0	3.01986e-30	0	3.15544e-30	0	0	0	2.5108e-29	0	3.15544e-30	0	0	0	4.89094e-29	0	0	0	0	0	0	0	2.5108e-29	0	0	0	2.52435e-29	0	1.57772e-30	0
3.45743e-29	0	9.33075e-30	0	0	0	3.01986e-30	0	3.01986e-30	0	2.07569e-29	0	4.73317e-29	0	3.15544e-30	0	1.26218e-29	0	1.24862e-29	0	0	0	3.01986e-30	0	3.15544e-30	0	0	0	2.5108e-29	0	3.15544e-30	0	0	0	4.89094e-29	0	0	0	0	0	0	0	2.5108e-29	0	0	0	2.52435e-29	0	1.57772e-30	0
3.45743e-29	0	9.33075e-30	0	0	0	3.01986e-30	0	3.01986e-30	0	2.07569e-29	0	4.73317e-29	0	3.15544e-30	0	1.26218e-29	0	1.24862e-29	0	0	0	3.01986e-30	0	3.15544e-30	0	0	0	2.5108e-29	0	3.15544e-30	0	0	0	4.89094e-29	0	0	0	0	0	0	0	2.5108e-29	0	0	0	2.52435e-29	0	1.57772e-30	0
3.45743e-29	0	9.33075e-30	0	0	0	3.01986e-30	0	3.01986e-30	0	2.07569e-29	0	4.73317e-29	0	3.15544e-30	0	1.26218e-29	0	1.24862e-29	0	0	0	3.01986e-30	0	3.15544e-30	0	0	0	2.5108e-29	0	3.15544e-30	0	0	0	4.89094e-29	0	0	0	0	0	0	0	2.5108e-29	0	0	0	2.52435e-29	0	1.57772e-30	0
3.45743e-29	0	9.33075e-30	0	0	0	3.01986e-30	0	3.01986e-30	0	2.07569e-29	0	4.73317e-29	0	3.15544e-30	0	1.26218e-29	0	1.24862e-29	0	0	0	3.01986e-30	0	3.15544e-30	0	0	0	2.5108e-29	0	3.15544e-30	0	0	0	4.89094e-29	0	0	0	0	0	0	0	2.5108e-29	0	0	0	2.52435e-29	0	1.57772e-30	0
3.45743e-29	0	9.33075e-30	0	0	0	3.01986e-30	0	3.01986e-30	0	2.07569e-29	0	4.73317e-29	0	3.15544e-30	0	1.26218e-29	0	1.24862e-29	0	0	0	3.01986e-30	0	3.15544e-30	0	0	0	2.5108e-29	0	3.15544e-30	0	0	0	4.89094e-29	0	0	0	0	0	0	0	2.5108e-29	0	0	0	2.52435e-29	0	1.57772e-30	0
3.45743e-29	0	9.33075e-30	0	0	0	3.01986e-30	0	3.01986e-30	0	2.07569e-29	0	4.73317e-29	0	3.15544e-30	0	1.26218e-29	0	1.24862e-29	0	0	0	3.01986e-30	0	3.15544e-30	0	0	0	2.5108e-29	0	3.15544e-30	0	0	0	4.89094e-29	0	0	0	0	0	0	0	2.5108e-29	0	0	0	2.52435e-29	0	1.57772e-30	0
3.45743e-29	0	9.33075e-30	0	0	0	3.01986e-30	0	3.01986e-30	0	2.07569e-29	0	4.73317e-29	0	3.15544e-30	0	1.26218e-29	0	1.24862e-29	0	0	0	3.01986e-30	0	3.15544e-30	0	0	0	2.5108e-29	0	3.15544e-30	0	0	0	4.89094e-29	0	0	0	0	0	0	0	2.5108e-29	0	0	0	2.52435e-29	0	1.57772e-30	0
3.45743e-29	0	9.33075e-30	0	0	0	3.01986e-30	0	3.01986e-30	0	2.07569e-29	0	4.73317e-29	0	3.15544e-30	0	1.26218e-29	0	1.24862e-29	0	0	0	3.01986e-30	0	3.15544e-30	0	0	0	2.5108e-29	0	3.15544e-30	0	0	0	4.89094e-29	0	0	0	0	0	0	0	2.5108e-29	0	0	0	2.52435e-29	0	1.57772e-30	0
3.45743e-29	0	9.33075e-30	0	0	0	3.01986e-30	0	3.01986e-30	0	2.07569e-29	0	4.73317e-29	0	3.15544e-30	0	1.26218e-29	0	1.24862e-29	0	0	0	3.01986e-30	0	3.15544e-30	0	0	0	2.5108e-29	0	3.15544e-30	0	0	0	4.89094e-29	0	0	0	0	0	0	0	2.5108e-29	0	0	0	2.52435e-29	0	1.57772e-30	0
3.45743e-29	0	9.33075e-30	0	0	0	3.01986e-30	0	3.01986e-30	0	2.07569e-29	0	4.73317e-29	0	3.15544e-30	0	1.26218e-29	0	1.24862e-29	0	0	0	3.01986e-30	0	3.15544e-30	0	0	0	2.5108e-29	0	3.15544e-30	0	0	0	4.89094e-29	0	0	0	0	0	0	0	2.5108e-29	0	0	0	2.52435e-29	0	1.57772e-30	0
3.45743e-29	0	9.33075e-30	0	0	0	3.01986e-30	0	3.01986e-30	0	2.07569e-29	0	4.73317e-29	0	3.15544e-30	0	1.26218e-29	0	1.24862e-29	0	0	0	3.01986e-30	0	3.15544e-30	0	0	0	2.5108e-29	0	3.15544e-30	0	0	0	4.89094e-29	0	0	0	0	0	0	0	2.5108e-29	0	0	0	2.52435e-29	0	1.57772e-30	0
3.45743e-29	0	9.33075e-30	0	0	0	3.01986e-30	0	3.01986e-30	0	2.07569e-29	0	4.73317e-29	0	3.15544e-30	0	1.26218e-29	0	1.24862e-29	0	0	0	3.01986e-30	0	3.15544e-30	0	0	0	2.5108e-29	0	3.15544e-30	0	0	0	4.89094e-29	0	0	0	0	0	0	0	2.5108e-29	0	0	0	2.52435e-29	0	1.57772e-30	0
3.45743e-29	0	9.33075e-30	0	0	0	3.01986e-30	0	3.01986e-30	0	2.07569e-29	0	4.73317e-29	0	3.15544e-30	0	1.26218e-29	0	1.24862e-29	0	0	0	3.01986e-30	0	3.15544e-30	0	0	0	2.5108e-29	0	3.15544e-30	0	0	0	4.89094e-29	0	0	0	0	0	0	0	2.5108e-29	0	0	0	2.52435e-29	0	1.57772e-30	0
3.45743e-29	0	9.33075e-30	0	0	0	3.01986e-30	0	3.01986e-30	0	2.07569e-29	0	4.73317e-29	0	3.15544e-30	0	1.26218e-29	0	1.24862e-29	0	0	0	3.01986e-30	0	3.15544e-30	0	0	0	2.5108e-29	0	3.15544e-30	0	0	0	4.89094e-29	0	0	0	0	0	0	0	2.5108e-29	0	0	0	2.52435e-29	0	1.57772e-30	0
3.45743e-29	0	9.33075e-30	0	0	0	3.01986e-30	0	3.01986e-30	0	2.07569e-29	0	4.73317e-29	0	3.15544e-30	0	1.26218e-29	0	1.24862e-29	0	0	0	3.01986e-30	0	3.15544e-30	0	0	0	2.5108e-29	0	3.15544e-30	0	0	0	4.89094e-29	0	0	0	0	0	0	0	2.5108e-29	0	0	0	2.52435e-29	0	1.57772e-30	0
3.45743e-29	0	9.33075e-30	0	0	0	3.01986e-30	0	3.01986e-30	0	2.07569e-29	0	4.73317e-29	0	3.15544e-30	0	1.26218e-29	0	1.24862e-29	0	0	0	3.01986e-30	0	3.15544e-30	0	0	0	2.5108e-29	0	3.15544e-30	0	0	0	4.89094e-29	0	0	0	0	0	0	0	2.5108e-29	0	0	0	2.52435e-29	0	1.57772e-30	0
3.45743e-29	0	9.33075e-30	0	0	0	3.01986e-30	0	3.01986e-30	0	2.07569e-29	0	4.73317e-29	0	3.15544e-30	0	1.26218e-29	0	1.24862e-29	0	0	0	3.01986e-30	0	3.15544e-30	0	0	0	2.5108e-29	0	3.15544e-30	0	0	0	4.89094e-29	0	0	0	0	0	0	0	2.5108e-29	0	0	0	2.52435e-29	0	1.57772e-30	0
3.45743e-29	0	9.33075e-30	0	0	0	3.01986e-30	0	3.01986e-30	0	2.07569e-29	0	4.73317e-29	0	3.15544e-30	0	1.26218e-29	0	1.24862e-29	0	0	0	3.01986e-30	0	3.15544e-30	0	0	0	2.5108e-29	0	3.15544e-30	0	0	0	4.89094e-29	0	0	0	0	0	0	0	2.5108e-29	0	0	0	2.52435e-29	0	1.57772e-30	0
3.45743e-29	0	9.33075e-30	0	0	0	3.01986e-30	0	3.01986e-30	0	2.07569e-29	0	4.73317e-29	0	3.15544e-30	0	1.26218e-29	0	1.24862e-29	0	0	0	3.01986e-30	0	3.15544e-30	0	0	0	2.5108e-29	0	3.15544e-30	0	0	0	4.89094e-29	0	0	0	0	0	0	0	2.5108e-29	0	0	0	2.52435e-29	0	1.57772e-30	0
3.45743e-29	0	9.33075e-30	0	0	0	3.01986e-30	0	3.01986e-30	0	2.07569e-29	0	4.73317e-29	0	3.15544e-30	0	1.26218e-29	0	1.24862e-29	0	0	0	3.01986e-30	0	3.15544e-30	0	0	0	2.5108e-29	0	3.15544e-30	0	0	0	4.89094e-29	0	0	0	0	0	0	0	2.5108e-29	0	0	0	2.52435e-29	0	1.57772e-30	0
3.45743e-29	0	9.33075e-30	0	0	0	3.01986e-30	0	3.01986e-30	0	2.07569e-29	0	4.73317e-29	0	3.15544e-30	0	1.26218e-29	0	1.24862e-29	0	0	0	3.01986e-30	0	3.15544e-30	0	0	0	2.5108e-29	0	3.15544e-30	0	0	0	4.89094e-29	0	0	0	0	0	0	0	2.5108e-29	0	0	0	2.52435e-29	0	1.57772e-30	0
3.45743e-29	0	9.33075e-30	0	0	0	3.01986e-30	0	3.01986e-30	0	2.07569e-29	0	4.73317e-29	0	3.15544e-30	0	1.26218e-29	0	1.24862e-29	0	0	0	3.01986e-30	0	3.15544e-30	0	0	0	2.5108e-29	0	3.15544e-30	0	0	0	4.89094e-29	0	0	0	0	0	0	0	2.5108e-29	0	0	0	2.52435e-29	0	1.57772e-30	0
3.45743e-29	0	9.33075e-30	0	0	0	3.01986e-30	0	3.01986e-30	0	2.07569e-29	0	4.73317e-29	0	3.15544e-30	0	1.26218e-29	0	1.24862e-29	0	0	0	3.01986e-30	0	3.15544e-30	0	0	0	2.5108e-29	0	3.15544e-30	0	0	0	4.89094e-29	0	0	0	0	0	0	0	2.5108e-29	0	0	0	2.52435e-29	0	1.57772e-30	0
3.45743e-29	0	9.33075e-30	0	0	0	3.01986e-30	0	3.01986e-30	0	2.07569e-29	0	4.73317e-29	0	3.15544e-30	0	1.26218e-29	0	1.24862e-29	0	0	0	3.01986e-30	0	3.15544e-30	0	0	0	2.5108e-29	0	3.15544e-30	0	0	0	4.89094e-29	0	0	0	0	0	0	0	2.5108e-29	0	0	0	2.52435e-29	0	1.57772e-30	0
3.45743e-29	0	9.33075e-30	0	0	0	3.01986e-30	0	3.01986e-30	0	2.07569e-29	0	4.73317e-29	0	3.15544e-30	0	1.26218e-29	0	1.24862e-29	0	0	0	3.01986e-30	0	3.15544e-30	0	0	0	2.5108e-29	0	3.15544e-30	0	0	0	4.89094e-29	0	0	0	0	0	0	0	2.5108e-29	0	0	0	2.52435e-29	0	1.57772e-30	0
3.45743e-29	0	9.33075e-30	0	0	0	3.01986e-30	0	3.01986e-30	0	2.07569e-29	0	4.73317e-29	0	3.15544e-30	0	1.26218e-29	0	1.24862e-29	0	0	0	3.01986e-30	0	3.15544e-30	0	0	0	2.5108e-29	0	3.15544e-30	0	0	0	4.89094e-29	0	0	0	0	0	0	0	2.5108e-29	0	0	0	2.52435e-29	0	1.57772e-30	0
3.45743e-29	0	9.33075e-30	0	0	0	3.01986e-30	0	3.01986e-30	0	2.07569e-29	0	4.73317e-29	0	3.15544e-30	0	1.26218e-29	0	1.24862e-29	0	0	0	3.01986e-30	0	3.15544e-30	0	0	0	2.5108e-29	0	3.15544e-30	0	0	0	4.89094e-29	0	0	0	0	0	0	0	2.5108e-29	0	0	0	2.52435e-29	0	1.57772e-30	0
3.45743e-29	0	9.33075e-30	0	0	0	3.01986e-30	0	3.01986e-30	0	2.07569e-29	0	4.73317e-29	0	3.15544e-30	0	1.26218e-29	0	1.24862e-29	0	0	0	3.01986e-30	0	3.15544e-30	0	0	0	2.5108e-29	0	3.15544e-30	0	0	0	4.89094e-29	0	0	0	0	0	0	0	2.5108e-29	0	0	0	2.52435e-29	0	1.57772e-30	0
3.45743e-29	0	9.33075e-30	0	0	0	3.01986e-30	0	3.01986e-30	0	2.07569e-29	0	4.73317e-29	0	3.15544e-30	0	1.26218e-29	0	1.24862e-29	0	0	0	3.01986e-30	0	3.15544e-30	0	0	0	2.5108e-29	0	3.15544e-30	0	0	0	4.89094e-29	0	0	0	0	0	0	0	2.5108e-29	0	0	0	2.52435e-29	0	1.57772e-30	0
3.45743e-29	0	9.33075e-30	0	0	0	3.01986e-30	0	3.01986e-30	0	2.07569e-29	0	4.73317e-29	0	3.15544e-30	0	1.26218e-29	0	1.24862e-29	0	0	0	3.01986e-30	0	3.15544e-30	0	0	0	2.5108e-29	0	3.15544e-30	0	0	0	4.89094e-29	0	0	0	0	0	0	0	2.5108e-29	0	0	0	2.52435e-29	0	1.57772e-30	0
3.45743e-29	0	9.33075e-30	0	0	0	3.01986e-30	0	3.01986e-30	0	2.07569e-29	0	4.73317e-29	0	3.15544e-30	0	1.26218e-29	0	1.24862e-29	0	0	0	3.01986e-30	0	3.15544e-30	0	0	0	2.5108e-29	0	3.15544e-30	0	0	0	4.89094e-29	0	0	0	0	0	0	0	2.5108e-29	0	0	0	2.52435e-29	0	1.57772e-30	0
3.45743e-29	0	9.33075e-30	0	0	0	3.01986e-30	0	3.01986e-30	0	2.07569e-29	0	4.73317e-29	0	3.15544e-30	0	1.26218e-29	0	1.24862e-29	0	0	0	3.01986e-30	0	3.15544e-30	0	0	0	2.5108e-29	0	3.15544e-30	0	0	0	4.89094e-29	0	0	0	0	0	0	0	2.5108e-29	0	0	0	2.52435e-29	0	1.57772e-30	0
3.45743e-29	0	9.33075e-30	0	0	0	3.01986e-30	0	3.01986e-30	0	2.07569e-29	0	4.73317e-29	0	3.15544e-30	0	1.26218e-29	0	1.24862e-29	0	0	0	3.01986e-30	0	3.15544e-30	0	0	0	2.5108e-29	0	3.15544e-30	0	0	0	4.89094e-29	0	0	0	0	0	0	0	2.5108e-29	0	0	0	2.52435e-29	0	1.57772e-30	0
3.45743e-29	0	9.33075e-30	0	0	0	3.01986e-30	0	3.01986e-30	0	2.07569e-29	0	4.73317e-29	0	3.15544e-30	0	1.26218e-29	0	1.24862e-29	0	0	0	3.01986e-30	0	3.15544e-30	0	0	0	2.5108e-29	0	3.15544e-30	0	0	0	4.89094e-29	0	0	0	0	0	0	0	2.5108e-29	0	0	0	2.52435e-29	0	1.57772e-30	0
3.45743e-29	0	9.33075e-30	0	0	0	3.01986e-30	0	3.01986e-30	0	2.07569e-29	0	4.73317e-29	0	3.15544e-30	0	1.26218e-29	0	1.24862e-29	0	0	0	3.01986e-30	0	3.15544e-30	0	0	0	2.5108e-29	0	3.15544e-30	0	0	0	4.89094e-29	0	0	0	0	0	0	0	2.5108e-29	0	0	0	2.52435e-29	0	1.57772e-30	0
3.45743e-29	0	9.33075e-30	0	0	0	3.01986e-30	0	3.01986e-30	0	2.07569e-29	0	4.73317e-29	0	3.15544e-30	0	1.26218e-29	0	1.24862e-29	0	0	0	3.01986e-30	0	3.15544e-30	0	0	0	2.5108e-29	0	3.15544e-30	0	0	0	4.89094e-29	0	0	0	0	0	0	0	2.5108e-29	0	0	0	2.52435e-29	0	1.57772e-30	0
3.45743e-29	0	9.33075e-30	0	0	0	3.01986e-30	0	3.01986e-30	0	2.07569e-29	0	4.73317e-29	0	3.15544e-30	0	1.26218e-29	0	1.24862e-29	0	0	0	3.01986e-30	0	3.15544e-30	0	0	0	2.5108e-29	0	3.15544e-30	0	0	0	4.89094e-29	0	0	0	0	0	0	0	2.5108e-29	0	0	0	2.52435e-29	0	1.57772e-30	0
3.45743e-29	0	9.33075e-30	0	0	0	3.01986e-30	0	3.01986e-30	0	2.07569e-29	0	4.73317e-29	0	3.15544e-30	0	1.26218e-29	0	1.24862e-29	0	0	0	3.01986e-30	0	3.15544e-30	0	0	0	2.5108e-29	0	3.15544e-30	0	0	0	4.89094e-29	0	0	0	0	0	0	0	2.5108e-29	0	0	0	2.52435e-29	0	1.57772e-30	0
3.45743e-29	0	9.33075e-30	0	0	0	3.01986e-30	0	3.01986e-30	0	2.07569e-29	0	4.73317e-29	0	3.15544e-30	0	1.26218e-29	0	1.24862e-29	0	0	0	3.01986e-30	0	3.15544e-30	0	0	0	2.5108e-29	0	3.15544e-30	0	0	0	4.89094e-29	0	0	0	0	0	0	0	2.5108e-29	0	0	0	2.52435e-29	0	1.57772e-30	0
3.45743e-29	0	9.33075e-30	0	0	0	3.01986e-30	0	3.01986e-30	0	2.07569e-29	0	4.73317e-29	0	3.15544e-30	0	1.26218e-29	0	1.24862e-29	0	0	0	3.01986e-30	0	3.15544e-30	0	0	0	2.5108e-29	0	3.15544e-30	0	0	0	4.89094e-29	0	0	0	0	0	0	0	2.5108e-29	0	0	0	2.52435e-29	0	1.57772e-30	0
3.45743e-29	0	9.33075e-30	0	0	0	3.01986e-30	0	3.01986e-30	0	2.07569e-29	0	4.73317e-29	0	3.15544e-30	0	1.26218e-29	0	1.24862e-29	0	0	0	3.01986e-30	0	3.15544e-30	0	0	0	2.5108e-29	0	3.15544e-30	0	0	0	4.89094e-29	0	0	0	0	0	0	0	2.5108e-29	0	0	0	2.52435e-29	0	1.57772e-30	0
3.45743e-29	0	9.33075e-30	0	0	0	3.01986e-30	0	3.01986e-30	0	2.07569e-29	0	4.73317e-29	0	3.15544e-30	0	1.26218e-29	0	1.24862e-29	0	0	0	3.01986e-30	0	3.15544e-30	0	0	0	2.5108e-29	0	3.15544e-30	0	0	0	4.89094e-29	0	0	0	0	0	0	0	2.5108e-29	0	0	0	2.52435e-29	0	1.57772e-30	0
3.45743e-29	0	9.33075e-30	0	0	0	3.01986e-30	0	3.01986e-30	0	2.07569e-29	0	4.73317e-29	0	3.15544e-30	0	1.26218e-29	0	1.24862e-29	0	0	0	3.01986e-30	0	3.15544e-30	0	0	0	2.5108e-29	0	3.15544e-30	0	0	0	4.89094e-29	0	0	0	0	0	0	0	2.5108e-29	0	0	0	2.52435e-29	0	1.57772e-30	0
3.45743e-29	0	9.33075e-30	0	0	0	3.01986e-30	0	3.01986e-30	0	2.07569e-29	0	4.73317e-29	0	3.15544e-30	0	1.26218e-29	0	1.24862e-29	0	0	0	3.01986e-30	0	3.15544e-30	0	0	0	2.5108e-29	0	3.15544e-30	0	0	0	4.89094e-29	0	0	0	0	0	0	0	2.5108e-29	0	0	0	2.52435e-29	0	1.57772e-30	0
3.45743e-29	0	9.33075e-30	0	0	0	3.01986e-30	0	3.01986e-30	0	2.07569e-29	0	4.73317e-29	0	3.15544e-30	0	1.26218e-29	0	1.24862e-29	0	0	0	3.01986e-30	0	3.15544e-30	0	0	0	2.5108e-29	0	3.15544e-30	0	0	0	4.89094e-29	0	0	0	0	0	0	0	2.5108e-29	0	0	0	2.52435e-29	0	1.57772e-30	0
3.45743e-29	0	9.33075e-30	0	0	0	3.01986e-30	0	3.01986e-30	0	2.07569e-29	0	4.73317e-29	0	3.15544e-30	0	1.26218e-29	0	1.24862e-29	0	0	0	3.01986e-30	0	3.15544e-30	0	0	0	2.5108e-29	0	3.15544e-30	0	0	0	4.89094e-29	0	0	0	0	0	0	0	2.5108e-29	0	0	0	2.52435e-29	0	1.57772e-30	0
3.45743e-29	0	9.33075e-30	0	0	0	3.01986e-30	0	3.01986e-30	0	2.07569e-29	0	4.73317e-29	0	3.15544e-30	0	1.26218e-29	0	1.24862e-29	0	0	0	3.01986e-30	0	3.15544e-30	0	0	0	2.5108e-29	0	3.15544e-30	0	0	0	4.89094e-29	0	0	0	0	0	0	0	2.5108e-29	0	0	0	2.52435e-29	0	1.57772e-30	0
3.45743e-29	0	9.33075e-30	0	0	0	3.01986e-30	0	3.01986e-30	0	2.07569e-29	0	4.73317e-29	0	3.15544e-30	0	1.26218e-29	0	1.24862e-29	0	0	0	3.01986e-30	0	3.15544e-30	0	0	0	2.5108e-29	0	3.15544e-30	0	0	0	4.89094e-29	0	0	0	0	0	0	0	2.5108e-29	0	0	0	2.52435e-29	0	1.57772e-30	0
3.45743e-29	0	9.33075e-30	0	0	0	3.01986e-30	0	3.01986e-30	0	2.07569e-29	0	4.73317e-29	0	3.15544e-30	0	1.26218e-29	0	1.24862e-29	0	0	0	3.01986e-30	0	3.15544e-30	0	0	0	2.5108e-29	0	3.15544e-30	0	0	0	4.89094e-29	0	0	0	0	0	0	0	2.5108e-29	0	0	0	2.52435e-29	0	1.57772e-30	0
3.45743e-29	0	9.33075e-30	0	0	0	3.01986e-30	0	3.01986e-30	0	2.07569e-29	0	4.73317e-29	0	3.15544e-30	0	1.26218e-29	0	1.24862e-29	0	0	0	3.01986e-30	0	3.15544e-30	0	0	0	2.5108e-29	0	3.15544e-30	0	0	0	4.89094e-29	0	0	0	0	0	0	0	2.5108e-29	0	0	0	2.52435e-29	0	1.57772e-30	0
3.45743e-29	0	9.33075e-30	0	0	0	3.01986e-30	0	3.01986e-30	0	2.07569e-29	0	4.73317e-29	0	3.15544e-30	0	1.26218e-29	0	1.24862e-29	0	0	0	3.01986e-30	0	3.15544e-30	0	0	0	2.5108e-29	0	3.15544e-30	0	0	0	4.89094e-29	0	0	0	0	0	0	0	2.5108e-29	0	0	0	2.52435e-29	0	1.57772e-30	0
3.45743e-29	0	9.33075e-30	0	0	0	3.01986e-30	0	3.01986e-30	0	2.07569e-29	0	4.73317e-29	0	3.15544e-30	0	1.26218e-29	0	1.24862e-29	0	0	0	3.01986e-30	0	3.15544e-30	0	0	0	2.5108e-29	0	3.15544e-30	0	0	0	4.89094e-29	0	0	0	0	0	0	0	2.5108e-29	0	0	0	2.52435e-29	0	1.57772e-30	0
3.45743e-29	0	9.33075e-30	0	0	0	3.01986e-30	0	3.01986e-30	0	2.07569e-29	0	4.73317e-29	0	3.15544e-30	0	1.26218e-29	0	1.24862e-29	0	0	0	3.01986e-30	0	3.15544e-30	0	0	0	2.5108e-29	0	3.15544e-30	0	0	0	4.89094e-29	0	0	0	0	0	0	0	2.5108e-29	0	0	0	2.52435e-29	0	1.57772e-30	0
3.45743e-29	0	9.33075e-30	0	0	0	3.01986e-30	0	3.01986e-30	0	2.07569e-29	0	4.73317e-29	0	3.15544e-30	0	1.26218e-29	0	1.24862e-29	0	0	0	3.01986e-30	0	3.15544e-30	0	0	0	2.5108e-29	0	3.15544e-30	0	0	0	4.89094e-29	0	0	0	0	0	0	0	2.5108e-29	0	0	0	2.52435e-29	0	1.57772e-30	0
3.45743e-29	0	9.33075e-30	0	0	0	3.01986e-30	0	3.01986e-30	0	2.07569e-29	0	4.73317e-29	0	3.15544e-30	0	1.26218e-29	0	1.24862e-29	0	0	0	3.01986e-30	0	3.15544e-30	0	0	0	2.5108e-29	0	3.15544e-30	0	0	0	4.89094e-29	0	0	0	0	0	0	0	2.5108e-29	0	0	0	2.52435e-29	0	1.57772e-30	0
3.45743e-29	0	9.33075e-30	0	0	0	3.01986e-30	0	3.01986e-30	0	2.07569e-29	0	4.73317e-29	0	3.15544e-30	0	1.26218e-29	0	1.24862e-29	0	0	0	3.01986e-30	0	3.15544e-30	0	0	0	2.5108e-29	0	3.15544e-30	0	0	0	4.89094e-29	0	0	0	0	0	0	0	2.5108e-29	0	0	0	2.52435e-29	0	1.57772e-30	0
3.45743e-29	0	9.33075e-30	0	0	0	3.01986e-30	0	3.01986e-30	0	2.07569e-29	0	4.73317e-29	0	3.15544e-30	0	1.26218e-29	0	1.24862e-29	0	0	0	3.01986e-30	0	3.15544e-30	0	0	0	2.5108e-29	0	3.15544e-30	0	0	0	4.89094e-29	0	0	0	0	0	0	0	2.5108e-29	0	0	0	2.52435e-29	0	1.57772e-30	0
3.45743e-29	0	9.33075e-30	0	0	0	3.01986e-30	0	3.01986e-30	0	2.07569e-29	0	4.73317e-29	0	3.15544e-30	0	1.26218e-29	0	1.24862e-29	0	0	0	3.01986e-30	0	3.15544e-30	0	0	0	2.5108e-29	0	3.15544e-30	0	0	0	4.89094e-29	0	0	0	0	0	0	0	2.5108e-29	0	0	0	2.52435e-29	0	1.57772e-30	0
3.45743e-29	0	9.33075e-30	0	0	0	3.01986e-30	0	3.01986e-30	0	2.07569e-29	0	4.73317e-29	0	3.15544e-30	0	1.26218e-29	0	1.24862e-29	0	0	0	3.01986e-30	0	3.15544e-30	0	0	0	2.5108e-29	0	3.15544e-30	0	0	0	4.89094e-29	0	0	0	0	0	0	0	2.5108e-29	0	0	0	2.52435e-29	0	1.57772e-30	0
3.45743e-29	0	9.33075e-30	0	0	0	3.01986e-30	0	3.01986e-30	0	2.07569e-29	0	4.73317e-29	0	3.15544e-30	0	1.26218e-29	0	1.24862e-29	0	0	0	3.01986e-30	0	3.15544e-30	0	0	0	2.5108e-29	0	3.15544e-30	0	0	0	4.89094e-29	0	0	0	0	0	0	0	2.5108e-29	0	0	0	2.52435e-29	0	1.57772e-30	0
3.45743e-29	0	9.33075e-30	0	0	0	3.01986e-30	0	3.01986e-30	0	2.07569e-29	0	4.73317e-29	0	3.15544e-30	0	1.26218e-29	0	1.24862e-29	0	0	0	3.01986e-30	0	3.15544e-30	0	0	0	2.5108e-29	0	3.15544e-30	0	0	0	4.89094e-29	0	0	0	0	0	0	0	2.5108e-29	0	0	0	2.52435e-29	0	1.57772e-30	0
3.45743e-29	0	9.33075e-30	0	0	0	3.01986e-30	0	3.01986e-30	0	2.07569e-29	0	4.73317e-29	0	3.15544e-30	0	1.26218e-29	0	1.24862e-29	0	0	0	3.01986e-30	0	3.15544e-30	0	0	0	2.5108e-29	0	3.15544e-30	0	0	0	4.89094e-29	0	0	0	0	0	0	0	2.5108e-29	0	0	0	2.52435e-29	0	1.57772e-30	0
3.45743e-29	0	9.33075e-30	0	0	0	3.01986e-30	0	3.01986e-30	0	2.07569e-29	0	4.73317e-29	0	3.15544e-30	0	1.26218e-29	0	1.24862e-29	0	0	0	3.01986e-30	0	3.15544e-30	0	0	0	2.5108e-29	0	3.15544e-30	0	0	0	4.89094e-29	0	0	0	0	0	0	0	2.5108e-29	0	0	0	2.52435e-29	0	1.57772e-30	0
3.45743e-29	0	9.33075e-30	0	0	0	3.01986e-30	0	3.01986e-30	0	2.07569e-29	0	4.73317e-29	0	3.15544e-30	0	1.26218e-29	0	1.24862e-29	0	0	0	3.01986e-30	0	3.15544e-30	0	0	0	2.5108e-29	0	3.15544e-30	0	0	0	4.89094e-29	0	0	0	0	0	0	0	2.5108e-29	0	0	0	2.52435e-29	0	1.57772e-30	0
3.45743e-29	0	9.33075e-30	0	0	0	3.01986e-30	0	3.01986e-30	0	2.07569e-29	0	4.73317e-29	0	3.15544e-30	0	1.26218e-29	0	1.24862e-29	0	0	0	3.01986e-30	0	3.15544e-30	0	0	0	2.5108e-29	0	3.15544e-30	0	0	0	4.89094e-29	0	0	0	0	0	0	0	2.5108e-29	0	0	0	2.52435e-29	0	1.57772e-30	0
3.45743e-29	0	9.33075e-30	0	0	0	3.01986e-30	0	3.01986e-30	0	2.07569e-29	0	4.73317e-29	0	3.15544e-30	0	1.26218e-29	0	1.24862e-29	0	0	0	3.01986e-30	0	3.15544e-30	0	0	0	2.5108e-29	0	3.15544e-30	0	0	0	4.89094e-29	0	0	0	0	0	0	0	2.5108e-29	0	0	0	2.52435e-29	0	1.57772e-30	0
3.45743e-29	0	9.33075e-30	0	0	0	3.01986e-30	0	3.01986e-30	0	2.07569e-29	0	4.73317e-29	0	3.15544e-30	0	1.26218e-29	0	1.24862e-29	0	0	0	3.01986e-30	0	3.15544e-30	0	0	0	2.5108e-29	0	3.15544e-30	0	0	0	4.89094e-29	0	0	0	0	0	0	0	2.5108e-29	0	0	0	2.52435e-29	0	1.57772e-30	0
3.45743e-29	0	9.33075e-30	0	0	0	3.01986e-30	0	3.01986e-30	0	2.07569e-29	0	4.73317e-29	0	3.15544e-30	0	1.26218e-29	0	1.24862e-29	0	0	0	3.01986e-30	0	3.15544e-30	0	0	0	2.5108e-29	0	3.15544e-30	0	0	0	4.89094e-29	0	0	0	0	0	0	0	2.5108e-29	0	0	0	2.52435e-29	0	1.57772e-30	0
3.45743e-29	0	9.33075e-30	0	0	0	3.01986e-30	0	3.01986e-30	0	2.07569e-29	0	4.73317e-29	0	3.15544e-30	0	1.26218e-29	0	1.24862e-29	0	0	0	3.01986e-30	0	3.15544e-30	0	0	0	2.5108e-29	0	3.15544e-30	0	0	0	4.89094e-29	0	0	0	0	0	0	0	2.5108e-29	0	0	0	2.52435e-29	0	1.57772e-30	0
3.45743e-29	0	9.33075e-30	0	0	0	3.01986e-30	0	3.01986e-30	0	2.07569e-29	0	4.73317e-29	0	3.15544e-30	0	1.26218e-29	0	1.24862e-29	0	0	0	3.01986e-30	0	3.15544e-30	0	0	0	2.5108e-29	0	3.15544e-30	0	0	0	4.89094e-29	0	0	0	0	0	0	0	2.5108e-29	0	0	0	2.52435e-29	0	1.57772e-30	0
3.45743e-29	0	9.33075e-30	0	0	0	3.01986e-30	0	3.01986e-30	0	2.07569e-29	0	4.73317e-29	0	3.15544e-30	0	1.26218e-29	0	1.24862e-29	0	0	0	3.01986e-30	0	3.15544e-30	0	0	0	2.5108e-29	0	3.15544e-30	0	0	0	4.89094e-29	0	0	0	0	0	0	0	2.5108e-29	0	0	0	2.52435e-29	0	1.57772e-30	0
3.45743e-29	0	9.33075e-30	0	0	0	3.01986e-30	0	3.01986e-30	0	2.07569e-29	0	4.73317e-29	0	3.15544e-30	0	1.26218e-29	0	1.24862e-29	0	0	0	3.01986e-30	0	3.15544e-30	0	0	0	2.5108e-29	0	3.15544e-30	0	0	0	4.89094e-29	0	0	0	0	0	0	0	2.5108e-29	0	0	0	2.52435e-29	0	1.57772e-30	0
3.45743e-29	0	9.33075e-30	0	0	0	3.01986e-30	0	3.01986e-30	0	2.07569e-29	0	4.73317e-29	0	3.15544e-30	0	1.26218e-29	0	1.24862e-29	0	0	0	3.01986e-30	0	3.15544e-30	0	0	0	2.5108e-29	0	3.15544e-30	0	0	0	4.89094e-29	0	0	0	0	0	0	0	2.5108e-29	0	0	0	2.52435e-29	0	1.57772e-30	0
3.45743e-29	0	9.33075e-30	0	0	0	3.01986e-30	0	3.01986e-30	0	2.07569e-29	0	4.73317e-29	0	3.15544e-30	0	1.26218e-29	0	1.24862e-29	0	0	0	3.01986e-30	0	3.15544e-30	0	0	0	2.5108e-29	0	3.15544e-30	0	0	0	4.89094e-29	0	0	0	0	0	0	0	2.5108e-29	0	0	0	2.52435e-29	0	1.57772e-30	0
3.45743e-29	0	9.33075e-30	0	0	0	3.01986e-30	0	3.01986e-30	0	2.07569e-29	0	4.73317e-29	0	3.15544e-30	0	1.26218e-29	0	1.24862e-29	0	0	0	3.01986e-30	0	3.15544e-30	0	0	0	2.5108e-29	0	3.15544e-30	0	0	0	4.89094e-29	0	0	0	0	0	0	0	2.5108e-29	0	0	0	2.52435e-29	0	1.57772e-30	0
3.45743e-29	0	9.33075e-30	0	0	0	3.01986e-30	0	3.01986e-30	0	2.07569e-29	0	4.73317e-29	0	3.15544e-30	0	1.26218e-29	0	1.24862e-29	0	0	0	3.01986e-30	0	3.15544e-30	0	0	0	2.5108e-29	0	3.15544e-30	0	0	0	4.89094e-29	0	0	0	0	0	0	0	2.5108e-29	0	0	0	2.52435e-29	0	1.57772e-30	0
3.45743e-29	0	9.33075e-30	0	0	0	3.01986e-30	0	3.01986e-30	0	2.07569e-29	0	4.73317e-29	0	3.15544e-30	0	1.26218e-29	0	1.24862e-29	0	0	0	3.01986e-30	0	3.15544e-30	0	0	0	2.5108e-29	0	3.15544e-30	0	0	0	4.89094e-29	0	0	0	0	0	0	0	2.5108e-29	0	0	0	2.52435e-29	0	1.57772e-30	0
3.45743e-29	0	9.33075e-30	0	0	0	3.01986e-30	0	3.01986e-30	0	2.07569e-29	0	4.73317e-29	0	3.15544e-30	0	1.26218e-29	0	1.24862e-29	0	0	0	3.01986e-30	0	3.15544e-30	0	0	0	2.5108e-29	0	3.15544e-30	0	0	0	4.89094e-29	0	0	0	0	0	0	0	2.5108e-29	0	0	0	2.52435e-29	0	1.57772e-30	0
3.45743e-29	0	9.33075e-30	0	0	0	3.01986e-30	0	3.01986e-30	0	2.07569e-29	0	4.73317e-29	0	3.15544e-30	0	1.26218e-29	0	1.24862e-29	0	0	0	3.01986e-30	0	3.15544e-30	0	0	0	2.5108e-29	0	3.15544e-30	0	0	0	4.89094e-29	0	0	0	0	0	0	0	2.5108e-29	0	0	0	2.52435e-29	0	1.57772e-30	0
3.45743e-29	0	9.33075e-30	0	0	0	3.01986e-30	0	3.01986e-30	0	2.07569e-29	0	4.73317e-29	0	3.15544e-30	0	1.26218e-29	0	1.24862e-29	0	0	0	3.01986e-30	0	3.15544e-30	0	0	0	2.5108e-29	0	3.15544e-30	0	0	0	4.89094e-29	0	0	0	0	0	0	0	2.5108e-29	0	0	0	2.52435e-29	0	1.57772e-30	0
3.45743e-29	0	9.33075e-30	0	0	0	3.01986e-30	0	3.01986e-30	0	2.07569e-29	0	4.73317e-29	0	3.15544e-30	0	1.26218e-29	0	1.24862e-29	0	0	0	3.01986e-30	0	3.15544e-30	0	0	0	2.5108e-29	0	3.15544e-30	0	0	0	4.89094e-29	0	0	0	0	0	0	0	2.5108e-29	0	0	0	2.52435e-29	0	1.57772e-30	0
3.45743e-29	0	9.33075e-30	0	0	0	3.01986e-30	0	3.01986e-30	0	2.07569e-29	0	4.73317e-29	0	3.15544e-30	0	1.26218e-29	0	1.24862e-29	0	0	0	3.01986e-30	0	3.15544e-30	0	0	0	2.5108e-29	0	3.15544e-30	0	0	0	4.89094e-29	0	0	0	0	0	0	0	2.5108e-29	0	0	0	2.52435e-29	0	1.57772e-30	0
3.45743e-29	0	9.33075e-30	0	0	0	3.01986e-30	0	3.01986e-30	0	2.07569e-29	0	4.73317e-29	0	3.15544e-30	0	1.26218e-29	0	1.24862e-29	0	0	0	3.01986e-30	0	3.15544e-30	0	0	0	2.5108e-29	0	3.15544e-30	0	0	0	4.89094e-29	0	0	0	0	0	0	0	2.5108e-29	0	0	0	2.52435e-29	0	1.57772e-30	0
3.45743e-29	0	9.33075e-30	0	0	0	3.01986e-30	0	3.01986e-30	0	2.07569e-29	0	4.73317e-29	0	3.15544e-30	0	1.26218e-29	0	1.24862e-29	0	0	0	3.01986e-30	0	3.15544e-30	0	0	0	2.5108e-29	0	3.15544e-30	0	0	0	4.89094e-29	0	0	0	0	0	0	0	2.5108e-29	0	0	0	2.52435e-29	0	1.57772e-30	0
3.45743e-29	0	9.33075e-30	0	0	0	3.01986e-30	0	3.01986e-30	0	2.07569e-29	0	4.73317e-29	0	3.15544e-30	0	1.26218e-29	0	1.24862e-29	0	0	0	3.01986e-30	0	3.15544e-30	0	0	0	2.5108e-29	0	3.15544e-30	0	0	0	4.89094e-29	0	0	0	0	0	0	0	2.5108e-29	0	0	0	2.52435e-29	0	1.57772e-30	0
3.45743e-29	0	9.33075e-30	0	0	0	3.01986e-30	0	3.01986e-30	0	2.07569e-29	0	4.73317e-29	0	3.15544e-30	0	1.26218e-29	0	1.24862e-29	0	0	0	3.01986e-30	0	3.15544e-30	0	0	0	2.5108e-29	0	3.15544e-30	0	0	0	4.89094e-29	0	0	0	0	0	0	0	2.5108e-29	0	0	0	2.52435e-29	0	1.57772e-30	0
3.45743e-29	0	9.33075e-30	0	0	0	3.01986e-30	0	3.01986e-30	0	2.07569e-29	0	4.73317e-29	0	3.15544e-30	0	1.26218e-29	0	1.24862e-29	0	0	0	3.01986e-30	0	3.15544e-30	0	0	0	2.5108e-29	0	3.15544e-30	0	0	0	4.89094e-29	0	0	0	0	0	0	0	2.5108e-29	0	0	0	2.52435e-29	0	1.57772e-30	0
3.45743e-29	0	9.33075e-30	0	0	0	3.01986e-30	0	3.01986e-30	0	2.07569e-29	0	4.73317e-29	0	3.15544e-30	0	1.26218e-29	0	1.24862e-29	0	0	0	3.01986e-30	0	3.15544e-30	0	0	0	2.5108e-29	0	3.15544e-30	0	0	0	4.89094e-29	0	0	0	0	0	0	0	2.5108e-29	0	0	0	2.52435e-29	0	1.57772e-30	0
3.45743e-29	0	9.33075e-30	0	0	0	3.01986e-30	0	3.01986e-30	0	2.07569e-29	0	4.73317e-29	0	3.15544e-30	0	1.26218e-29	0	1.24862e-29	0	0	0	3.01986e-30	0	3.15544e-30	0	0	0	2.5108e-29	0	3.15544e-30	0	0	0	4.89094e-29	0	0	0	0	0	0	0	2.5108e-29	0	0	0	2.52435e-29	0	1.57772e-30	0
3.45743e-29	0	9.33075e-30	0	0	0	3.01986e-30	0	3.01986e-30	0	2.07569e-29	0	4.73317e-29	0	3.15544e-30	0	1.26218e-29	0	1.24862e-29	0	0	0	3.01986e-30	0	3.15544e-30	0	0	0	2.5108e-29	0	3.15544e-30	0	0	0	4.89094e-29	0	0	0	0	0	0	0	2.5108e-29	0	0	0	2.52435e-29	0	1.57772e-30	0
3.45743e-29	0	9.33075e-30	0	0	0	3.01986e-30	0	3.01986e-30	0	2.07569e-29	0	4.73317e-29	0	3.15544e-30	0	1.26218e-29	0	1.24862e-29	0	0	0	3.01986e-30	0	3.15544e-30	0	0	0	2.5108e-29	0	3.15544e-30	0	0	0	4.89094e-29	0	0	0	0	0	0	0	2.5108e-29	0	0	0	2.52435e-29	0	1.57772e-30	0
3.45743e-29	0	9.33075e-30	0	0	0	3.01986e-30	0	3.01986e-30	0	2.07569e-29	0	4.73317e-29	0	3.15544e-30	0	1.26218e-29	0	1.24862e-29	0	0	0	3.01986e-30	0	3.15544e-30	0	0	0	2.5108e-29	0	3.15544e-30	0	0	0	4.89094e-29	0	0	0	0	0	0	0	2.5108e-29	0	0	0	2.52435e-29	0	1.57772e-30	0
3.45743e-29	0	9.33075e-30	0	0	0	3.01986e-30	0	3.01986e-30	0	2.07569e-29	0	4.73317e-29	0	3.15544e-30	0	1.26218e-29	0	1.24862e-29	0	0	0	3.01986e-30	0	3.15544e-30	0	0	0	2.5108e-29	0	3.15544e-30	0	0	0	4.89094e-29	0	0	0	0	0	0	0	2.5108e-29	0	0	0	2.52435e-29	0	1.57772e-30	0
3.45743e-29	0	9.33075e-30	0	0	0	3.01986e-30	0	3.01986e-30	0	2.07569e-29	0	4.73317e-29	0	3.15544e-30	0	1.26218e-29	0	1.24862e-29	0	0	0	3.01986e-30	0	3.15544e-30	0	0	0	2.5108e-29	0	3.15544e-30	0	0	0	4.89094e-29	0	0	0	0	0	0	0	2.5108e-29	0	0	0	2.52435e-29	0	1.57772e-30	0
3.45743e-29	0	9.33075e-30	0	0	0	3.01986e-30	0	3.01986e-30	0	2.07569e-29	0	4.73317e-29	0	3.15544e-30	0	1.26218e-29	0	1.24862e-29	0	0	0	3.01986e-30	0	3.15544e-30	0	0	0	2.5108e-29	0	3.15544e-30	0	0	0	4.89094e-29	0	0	0	0	0	0	0	2.5108e-29	0	0	0	2.52435e-29	0	1.57772e-30	0
3.45743e-29	0	9.33075e-30	0	0	0	3.01986e-30	0	3.01986e-30	0	2.07569e-29	0	4.73317e-29	0	3.15544e-30	0	1.26218e-29	0	1.24862e-29	0	0	0	3.01986e-30	0	3.15544e-30	0	0	0	2.5108e-29	0	3.15544e-30	0	0	0	4.89094e-29	0	0	0	0	0	0	0	2.5108e-29	0	0	0	2.52435e-29	0	1.57772e-30	0
3.45743e-29	0	9.33075e-30	0	0	0	3.01986e-30	0	3.01986e-30	0	2.07569e-29	0	4.73317e-29	0	3.15544e-30	0	1.26218e-29	0	1.24862e-29	0	0	0	3.01986e-30	0	3.15544e-30	0	0	0	2.5108e-29	0	3.15544e-30	0	0	0	4.89094e-29	0	0	0	0	0	0	0	2.5108e-29	0	0	0	2.52435e-29	0	1.57772e-30	0
3.45743e-29	0	9.33075e-30	0	0	0	3.01986e-30	0	3.01986e-30	0	2.07569e-29	0	4.73317e-29	0	3.15544e-30	0	1.26218e-29	0	1.24862e-29	0	0	0	3.01986e-30	0	3.15544e-30	0	0	0	2.5108e-29	0	3.15544e-30	0	0	0	4.89094e-29	0	0	0	0	0	0	0	2.5108e-29	0	0	0	2.52435e-29	0	1.57772e-30	0
3.45743e-29	0	9.33075e-30	0	0	0	3.01986e-30	0	3.01986e-30	0	2.07569e-29	0	4.73317e-29	0	3.15544e-30	0	1.26218e-29	0	1.24862e-29	0	0	0	3.01986e-30	0	3.15544e-30	0	0	0	2.5108e-29	0	3.15544e-30	0	0	0	4.89094e-29	0	0	0	0	0	0	0	2.5108e-29	0	0	0	2.52435e-29	0	1.57772e-30	0
3.45743e-29	0	9.33075e-30	0	0	0	3.01986e-30	0	3.01986e-30	0	2.07569e-29	0	4.73317e-29	0	3.15544e-30	0	1.26218e-29	0	1.24862e-29	0	0	0	3.01986e-30	0	3.15544e-30	0	0	0	2.5108e-29	0	3.15544e-30	0	0	0	4.89094e-29	0	0	0	0	0	0	0	2.5108e-29	0	0	0	2.52435e-29	0	1.57772e-30	0
3.45743e-29	0	9.33075e-30	0	0	0	3.01986e-30	0	3.01986e-30	0	2.07569e-29	0	4.73317e-29	0	3.15544e-30	0	1.26218e-29	0	1.24862e-29	0	0	0	3.01986e-30	0	3.15544e-30	0	0	0	2.5108e-29	0	3.15544e-30	0	0	0	4.89094e-29	0	0	0	0	0	0	0	2.5108e-29	0	0	0	2.52435e-29	0	1.57772e-30	0
3.45743e-29	0	9.33075e-30	0	0	0	3.01986e-30	0	3.01986e-30	0	2.07569e-29	0	4.73317e-29	0	3.15544e-30	0	1.26218e-29	0	1.24862e-29	0	0	0	3.01986e-30	0	3.15544e-30	0	0	0	2.5108e-29	0	3.15544e-30	0	0	0	4.89094e-29	0	0	0	0	0	0	0	2.5108e-29	0	0	0	2.52435e-29	0	1.57772e-30	0
3.45743e-29	0	9.33075e-30	0	0	0	3.01986e-30	0	3.01986e-30	0	2.07569e-29	0	4.73317e-29	0	3.15544e-30	0	1.26218e-29	0	1.24862e-29	0	0	0	3.01986e-30	0	3.15544e-30	0	0	0	2.5108e-29	0	3.15544e-30	0	0	0	4.89094e-29	0	0	0	0	0	0	0	2.5108e-29	0	0	0	2.52435e-29	0	1.57772e-30	0
3.45743e-29	0	9.33075e-30	0	0	0	3.01986e-30	0	3.01986e-30	0	2.07569e-29	0	4.73317e-29	0	3.15544e-30	0	1.26218e-29	0	1.24862e-29	0	0	0	3.01986e-30	0	3.15544e-30	0	0	0	2.5108e-29	0	3.15544e-30	0	0	0	4.89094e-29	0	0	0	0	0	0	0	2.5108e-29	0	0	0	2.52435e-29	0	1.57772e-30	0
3.45743e-29	0	9.33075e-30	0	0	0	3.01986e-30	0	3.01986e-30	0	2.07569e-29	0	4.73317e-29	0	3.15544e-30	0	1.26218e-29	0	1.24862e-29	0	0	0	3.01986e-30	0	3.15544e-30	0	0	0	2.5108e-29	0	3.15544e-30	0	0	0	4.89094e-29	0	0	0	0	0	0	0	2.5108e-29	0	0	0	2.52435e-29	0	1.57772e-30	0
3.45743e-29	0	9.33075e-30	0	0	0	3.01986e-30	0	3.01986e-30	0	2.07569e-29	0	4.73317e-29	0	3.15544e-30	0	1.26218e-29	0	1.24862e-29	0	0	0	3.01986e-30	0	3.15544e-30	0	0	0	2.5108e-29	0	3.15544e-30	0	0	0	4.89094e-29	0	0	0	0	0	0	0	2.5108e-29	0	0	0	2.52435e-29	0	1.57772e-30	0
3.45743e-29	0	9.33075e-30	0	0	0	3.01986e-30	0	3.01986e-30	0	2.07569e-29	0	4.73317e-29	0	3.15544e-30	0	1.26218e-29	0	1.24862e-29	0	0	0	3.01986e-30	0	3.15544e-30	0	0	0	2.5108e-29	0	3.15544e-30	0	0	0	4.89094e-29	0	0	0	0	0	0	0	2.5108e-29	0	0	0	2.52435e-29	0	1.57772e-30	0
3.45743e-29	0	9.33075e-30	0	0	0	3.01986e-30	0	3.01986e-30	0	2.07569e-29	0	4.73317e-29	0	3.15544e-30	0	1.26218e-29	0	1.24862e-29	0	0	0	3.01986e-30	0	3.15544e-30	0	0	0	2.5108e-29	0	3.15544e-30	0	0	0	4.89094e-29	0	0	0	0	0	0	0	2.5108e-29	0	0	0	2.52435e-29	0	1.57772e-30	0
3.45743e-29	0	9.33075e-30	0	0	0	3.01986e-30	0	3.01986e-30	0	2.07569e-29	0	4.73317e-29	0	3.15544e-30	0	1.26218e-29	0	1.24862e-29	0	0	0	3.01986e-30	0	3.15544e-30	0	0	0	2.5108e-29	0	3.15544e-30	0	0	0	4.89094e-29	0	0	0	0	0	0	0	2.5108e-29	0	0	0	2.52435e-29	0	1.57772e-30	0
3.45743e-29	0	9.33075e-30	0	0	0	3.01986e-30	0	3.01986e-30	0	2.07569e-29	0	4.73317e-29	0	3.15544e-30	0	1.26218e-29	0	1.24862e-29	0	0	0	3.01986e-30	0	3.15544e-30	0	0	0	2.5108e-29	0	3.15544e-30	0	0	0	4.89094e-29	0	0	0	0	0	0	0	2.5108e-29	0	0	0	2.52435e-29	0	1.57772e-30	0
3.45743e-29	0	9.33075e-30	0	0	0	3.01986e-30	0	3.01986e-30	0	2.07569e-29	0	4.73317e-29	0	3.15544e-30	0	1.26218e-29	0	1.24862e-29	0	0	0	3.01986e-30	0	3.15544e-30	0	0	0	2.5108e-29	0	3.15544e-30	0	0	0	4.89094e-29	0	0	0	0	0	0	0	2.5108e-29	0	0	0	2.52435e-29	0	1.57772e-30	0
3.45743e-29	0	9.33075e-30	0	0	0	3.01986e-30	0	3.01986e-30	0	2.07569e-29	0	4.73317e-29	0	3.15544e-30	0	1.26218e-29	0	1.24862e-29	0	0	0	3.01986e-30	0	3.15544e-30	0	0	0	2.5108e-29	0	3.15544e-30	0	0	0	4.89094e-29	0	0	0	0	0	0	0	2.5108e-29	0	0	0	2.52435e-29	0	1.57772e-30	0
3.45743e-29	0	9.33075e-30	0	0	0	3.01986e-30	0	3.01986e-30	0	2.07569e-29	0	4.73317e-29	0	3.15544e-30	0	1.26218e-29	0	1.24862e-29	0	0	0	3.01986e-30	0	3.15544e-30	0	0	0	2.5108e-29	0	3.15544e-30	0	0	0	4.89094e-29	0	0	0	0	0	0	0	2.5108e-29	0	0	0	2.52435e-29	0	1.57772e-30	0
3.45743e-29	0	9.33075e-30	0	0	0	3.01986e-30	0	3.01986e-30	0	2.07569e-29	0	4.73317e-29	0	3.15544e-30	0	1.26218e-29	0	1.24862e-29	0	0	0	3.01986e-30	0	3.15544e-30	0	0	0	2.5108e-29	0	3.15544e-30	0	0	0	4.89094e-29	0	0	0	0	0	0	0	2.5108e-29	0	0	0	2.52435e-29	0	1.57772e-30	0
3.45743e-29	0	9.33075e-30	0	0	0	3.01986e-30	0	3.01986e-30	0	2.07569e-29	0	4.73317e-29	0	3.15544e-30	0	1.26218e-29	0	1.24862e-29	0	0	0	3.01986e-30	0	3.15544e-30	0	0	0	2.5108e-29	0	3.15544e-30	0	0	0	4.89094e-29	0	0	0	0	0	0	0	2.5108e-29	0	0	0	2.52435e-29	0	1.57772e-30	0
3.45743e-29	0	9.33075e-30	0	0	0	3.01986e-30	0	3.01986e-30	0	2.07569e-29	0	4.73317e-29	0	3.15544e-30	0	1.26218e-29	0	1.24862e-29	0	0	0	3.01986e-30	0	3.15544e-30	0	0	0	2.5108e-29	0	3.15544e-30	0	0	0	4.89094e-29	0	0	0	0	0	0	0	2.5108e-29	0	0	0	2.52435e-29	0	1.57772e-30	0
3.45743e-29	0	9.33075e-30	0	0	0	3.01986e-30	0	3.01986e-30	0	2.07569e-29	0	4.73317e-29	0	3.15544e-30	0	1.26218e-29	0	1.24862e-29	0	0	0	3.01986e-30	0	3.15544e-30	0	0	0	2.5108e-29	0	3.15544e-30	0	0	0	4.89094e-29	0	0	0	0	0	0	0	2.5108e-29	0	0	0	2.52435e-29	0	1.57772e-30	0
3.45743e-29	0	9.33075e-30	0	0	0	3.01986e-30	0	3.01986e-30	0	2.07569e-29	0	4.73317e-29	0	3.15544e-30	0	1.26218e-29	0	1.24862e-29	0	0	0	3.01986e-30	0	3.15544e-30	0	0	0	2.5108e-29	0	3.15544e-30	0	0	0	4.89094e-29	0	0	0	0	0	0	0	2.5108e-29	0	0	0	2.52435e-29	0	1.57772e-30	0
3.45743e-29	0	9.33075e-30	0	0	0	3.01986e-30	0	3.01986e-30	0	2.07569e-29	0	4.73317e-29	0	3.15544e-30	0	1.26218e-29	0	1.24862e-29	0	0	0	3.01986e-30	0	3.15544e-30	0	0	0	2.5108e-29	0	3.15544e-30	0	0	0	4.89094e-29	0	0	0	0	0	0	0	2.5108e-29	0	0	0	2.52435e-29	0	1.57772e-30	0
3.45743e-29	0	9.33075e-30	0	0	0	3.01986e-30	0	3.01986e-30	0	2.07569e-29	0	4.73317e-29	0	3.15544e-30	0	1.26218e-29	0	1.24862e-29	0	0	0	3.01986e-30	0	3.15544e-30	0	0	0	2.5108e-29	0	3.15544e-30	0	0	0	4.89094e-29	0	0	0	0	0	0	0	2.5108e-29	0	0	0	2.52435e-29	0	1.57772e-30	0
3.45743e-29	0	9.33075e-30	0	0	0	3.01986e-30	0	3.01986e-30	0	2.07569e-29	0	4.73317e-29	0	3.15544e-30	0	1.26218e-29	0	1.24862e-29	0	0	0	3.01986e-30	0	3.15544e-30	0	0	0	2.5108e-29	0	3.15544e-30	0	0	0	4.89094e-29	0	0	0	0	0	0	0	2.5108e-29	0	0	0	2.52435e-29	0	1.57772e-30	0
3.45743e-29	0	9.33075e-30	0	0	0	3.01986e-30	0	3.01986e-30	0	2.07569e-29	0	4.73317e-29	0	3.15544e-30	0	1.26218e-29	0	1.24862e-29	0	0	0	3.01986e-30	0	3.15544e-30	0	0	0	2.5108e-29	0	3.15544e-30	0	0	0	4.89094e-29	0	0	0	0	0	0	0	2.5108e-29	0	0	0	2.52435e-29	0	1.57772e-30	0
3.45743e-29	0	9.33075e-30	0	0	0	3.01986e-30	0	3.01986e-30	0	2.07569e-29	0	4.73317e-29	0	3.15544e-30	0	1.26218e-29	0	1.24862e-29	0	0	0	3.01986e-30	0	3.15544e-30	0	0	0	2.5108e-29	0	3.15544e-30	0	0	0	4.89094e-29	0	0	0	0	0	0	0	2.5108e-29	0	0	0	2.52435e-29	0	1.57772e-30	0
3.45743e-29	0	9.33075e-30	0	0	0	3.01986e-30	0	3.01986e-30	0	2.07569e-29	0	4.73317e-29	0	3.15544e-30	0	1.26218e-29	0	1.24862e-29	0	0	0	3.01986e-30	0	3.15544e-30	0	0	0	2.5108e-29	0	3.15544e-30	0	0	0	4.89094e-29	0	0	0	0	0	0	0	2.5108e-29	0	0	0	2.52435e-29	0	1.57772e-30	0
3.45743e-29	0	9.33075e-30	0	0	0	3.01986e-30	0	3.01986e-30	0	2.07569e-29	0	4.73317e-29	0	3.15544e-30	0	1.26218e-29	0	1.24862e-29	0	0	0	3.01986e-30	0	3.15544e-30	0	0	0	2.5108e-29	0	3.15544e-30	0	0	0	4.89094e-29	0	0	0	0	0	0	0	2.5108e-29	0	0	0	2.52435e-29	0	1.57772e-30	0
3.45743e-29	0	9.33075e-30	0	0	0	3.01986e-30	0	3.01986e-30	0	2.07569e-29	0	4.73317e-29	0	3.15544e-30	0	1.26218e-29	0	1.24862e-29	0	0	0	3.01986e-30	0	3.15544e-30	0	0	0	2.5108e-29	0	3.15544e-30	0	0	0	4.89094e-29	0	0	0	0	0	0	0	2.5108e-29	0	0	0	2.52435e-29	0	1.57772e-30	0
3.45743e-29	0	9.33075e-30	0	0	0	3.01986e-30	0	3.01986e-30	0	2.07569e-29	0	4.73317e-29	0	3.15544e-30	0	1.26218e-29	0	1.24862e-29	0	0	0	3.01986e-30	0	3.15544e-30	0	0	0	2.5108e-29	0	3.15544e-30	0	0	0	4.89094e-29	0	0	0	0	0	0	0	2.5108e-29	0	0	0	2.52435e-29	0	1.57772e-30	0
3.45743e-29	0	9.33075e-30	0	0	0	3.01986e-30	0	3.01986e-30	0	2.07569e-29	0	4.73317e-29	0	3.15544e-30	0	1.26218e-29	0	1.24862e-29	0	0	0	3.01986e-30	0	3.15544e-30	0	0	0	2.5108e-29	0	3.15544e-30	0	0	0	4.89094e-29	0	0	0	0	0	0	0	2.5108e-29	0	0	0	2.52435e-29	0	1.57772e-30	0
3.45743e-29	0	9.33075e-30	0	0	0	3.01986e-30	0	3.01986e-30	0	2.07569e-29	0	4.73317e-29	0	3.15544e-30	0	1.26218e-29	0	1.24862e-29	0	0	0	3.01986e-30	0	3.15544e-30	0	0	0	2.5108e-29	0	3.15544e-30	0	0	0	4.89094e-29	0	0	0	0	0	0	0	2.5108e-29	0	0	0	2.52435e-29	0	1.57772e-30	0
3.45743e-29	0	9.33075e-30	0	0	0	3.01986e-30	0	3.01986e-30	0	2.07569e-29	0	4.73317e-29	0	3.15544e-30	0	1.26218e-29	0	1.24862e-29	0	0	0	3.01986e-30	0	3.15544e-30	0	0	0	2.5108e-29	0	3.15544e-30	0	0	0	4.89094e-29	0	0	0	0	0	0	0	2.5108e-29	0	0	0	2.52435e-29	0	1.57772e-30	0
3.45743e-29	0	9.33075e-30	0	0	0	3.01986e-30	0	3.01986e-30	0	2.07569e-29	0	4.73317e-29	0	3.15544e-30	0	1.26218e-29	0	1.24862e-29	0	0	0	3.01986e-30	0	3.15544e-30	0	0	0	2.5108e-29	0	3.15544e-30	0	0	0	4.89094e-29	0	0	0	0	0	0	0	2.5108e-29	0	0	0	2.52435e-29	0	1.57772e-30	0
3.45743e-29	0	9.33075e-30	0	0	0	3.01986e-30	0	3.01986e-30	0	2.07569e-29	0	4.73317e-29	0	3.15544e-30	0	1.26218e-29	0	1.24862e-29	0	0	0	3.01986e-30	0	3.15544e-30	0	0	0	2.5108e-29	0	3.15544e-30	0	0	0	4.89094e-29	0	0	0	0	0	0	0	2.5108e-29	0	0	0	2.52435e-29	0	1.57772e-30	0
3.45743e-29	0	9.33075e-30	0	0	0	3.01986e-30	0	3.01986e-30	0	2.07569e-29	0	4.73317e-29	0	3.15544e-30	0	1.26218e-29	0	1.24862e-29	0	0	0	3.01986e-30	0	3.15544e-30	0	0	0	2.5108e-29	0	3.15544e-30	0	0	0	4.89094e-29	0	0	0	0	0	0	0	2.5108e-29	0	0	0	2.52435e-29	0	1.57772e-30	0
3.45743e-29	0	9.33075e-30	0	0	0	3.01986e-30	0	3.01986e-30	0	2.07569e-29	0	4.73317e-29	0	3.15544e-30	0	1.26218e-29	0	1.24862e-29	0	0	0	3.01986e-30	0	3.15544e-30	0	0	0	2.5108e-29	0	3.15544e-30	0	0	0	4.89094e-29	0	0	0	0	0	0	0	2.5108e-29	0	0	0	2.52435e-29	0	1.57772e-30	0
3.45743e-29	0	9.33075e-30	0	0	0	3.01986e-30	0	3.01986e-30	0	2.07569e-29	0	4.73317e-29	0	3.15544e-30	0	1.26218e-29	0	1.24862e-29	0	0	0	3.01986e-30	0	3.15544e-30	0	0	0	2.5108e-29	0	3.15544e-30	0	0	0	4.89094e-29	0	0	0	0	0	0	0	2.5108e-29	0	0	0	2.52435e-29	0	1.57772e-30	0
3.45743e-29	0	9.33075e-30	0	0	0	3.01986e-30	0	3.01986e-30	0	2.07569e-29	0	4.73317e-29	0	3.15544e-30	0	1.26218e-29	0	1.24862e-29	0	0	0	3.01986e-30	0	3.15544e-30	0	0	0	2.5108e-29	0	3.15544e-30	0	0	0	4.89094e-29	0	0	0	0	0	0	0	2.5108e-29	0	0	0	2.52435e-29	0	1.57772e-30	0
3.45743e-29	0	9.33075e-30	0	0	0	3.01986e-30	0	3.01986e-30	0	2.07569e-29	0	4.73317e-29	0	3.15544e-30	0	1.26218e-29	0	1.24862e-29	0	0	0	3.01986e-30	0	3.15544e-30	0	0	0	2.5108e-29	0	3.15544e-30	0	0	0	4.89094e-29	0	0	0	0	0	0	0	2.5108e-29	0	0	0	2.52435e-29	0	1.57772e-30	0
3.45743e-29	0	9.33075e-30	0	0	0	3.01986e-30	0	3.01986e-30	0	2.07569e-29	0	4.73317e-29	0	3.15544e-30	0	1.26218e-29	0	1.24862e-29	0	0	0	3.01986e-30	0	3.15544e-30	0	0	0	2.5108e-29	0	3.15544e-30	0	0	0	4.89094e-29	0	0	0	0	0	0	0	2.5108e-29	0	0	0	2.52435e-29	0	1.57772e-30	0
3.45743e-29	0	9.33075e-30	0	0	0	3.01986e-30	0	3.01986e-30	0	2.07569e-29	0	4.73317e-29	0	3.15544e-30	0	1.26218e-29	0	1.24862e-29	0	0	0	3.01986e-30	0	3.15544e-30	0	0	0	2.5108e-29	0	3.15544e-30	0	0	0	4.89094e-29	0	0	0	0	0	0	0	2.5108e-29	0	0	0	2.52435e-29	0	1.57772e-30	0
3.45743e-29	0	9.33075e-30	0	0	0	3.01986e-30	0	3.01986e-30	0	2.07569e-29	0	4.73317e-29	0	3.15544e-30	0	1.26218e-29	0	1.24862e-29	0	0	0	3.01986e-30	0	3.15544e-30	0	0	0	2.5108e-29	0	3.15544e-30	0	0	0	4.89094e-29	0	0	0	0	0	0	0	2.5108e-29	0	0	0	2.52435e-29	0	1.57772e-30	0
3.45743e-29	0	9.33075e-30	0	0	0	3.01986e-30	0	3.01986e-30	0	2.07569e-29	0	4.73317e-29	0	3.15544e-30	0	1.26218e-29	0	1.24862e-29	0	0	0	3.01986e-30	0	3.15544e-30	0	0	0	2.5108e-29	0	3.15544e-30	0	0	0	4.89094e-29	0	0	0	0	0	0	0	2.5108e-29	0	0	0	2.52435e-29	0	1.57772e-30	0
3.45743e-29	0	9.33075e-30	0	0	0	3.01986e-30	0	3.01986e-30	0	2.07569e-29	0	4.73317e-29	0	3.15544e-30	0	1.26218e-29	0	1.24862e-29	0	0	0	3.01986e-30	0	3.15544e-30	0	0	0	2.5108e-29	0	3.15544e-30	0	0	0	4.89094e-29	0	0	0	0	0	0	0	2.5108e-29	0	0	0	2.52435e-29	0	1.57772e-30	0
3.45743e-29	0	9.33075e-30	0	0	0	3.01986e-30	0	3.01986e-30	0	2.07569e-29	0	4.73317e-29	0	3.15544e-30	0	1.26218e-29	0	1.24862e-29	0	0	0	3.01986e-30	0	3.15544e-30	0	0	0	2.5108e-29	0	3.15544e-30	0	0	0	4.89094e-29	0	0	0	0	0	0	0	2.5108e-29	0	0	0	2.52435e-29	0	1.57772e-30	0
3.45743e-29	0	9.33075e-30	0	0	0	3.01986e-30	0	3.01986e-30	0	2.07569e-29	0	4.73317e-29	0	3.15544e-30	0	1.26218e-29	0	1.24862e-29	0	0	0	3.01986e-30	0	3.15544e-30	0	0	0	2.5108e-29	0	3.15544e-30	0	0	0	4.89094e-29	0	0	0	0	0	0	0	2.5108e-29	0	0	0	2.52435e-29	0	1.57772e-30	0
3.45743e-29	0	9.33075e-30	0	0	0	3.01986e-30	0	3.01986e-30	0	2.07569e-29	0	4.73317e-29	0	3.15544e-30	0	1.26218e-29	0	1.24862e-29	0	0	0	3.01986e-30	0	3.15544e-30	0	0	0	2.5108e-29	0	3.15544e-30	0	0	0	4.89094e-29	0	0	0	0	0	0	0	2.5108e-29	0	0	0	2.52435e-29	0	1.57772e-30	0
3.45743e-29	0	9.33075e-30	0	0	0	3.01986e-30	0	3.01986e-30	0	2.07569e-29	0	4.73317e-29	0	3.15544e-30	0	1.26218e-29	0	1.24862e-29	0	0	0	3.01986e-30	0	3.15544e-30	0	0	0	2.5108e-29	0	3.15544e-30	0	0	0	4.89094e-29	0	0	0	0	0	0	0	2.5108e-29	0	0	0	2.52435e-29	0	1.57772e-30	0
3.45743e-29	0	9.33075e-30	0	0	0	3.01986e-30	0	3.01986e-30	0	2.07569e-29	0	4.73317e-29	0	3.15544e-30	0	1.26218e-29	0	1.24862e-29	0	0	0	3.01986e-30	0	3.15544e-30	0	0	0	2.5108e-29	0	3.15544e-30	0	0	0	4.89094e-29	0	0	0	0	0	0	0	2.5108e-29	0	0	0	2.52435e-29	0	1.57772e-30	0
3.45743e-29	0	9.33075e-30	0	0	0	3.01986e-30	0	3.01986e-30	0	2.07569e-29	0	4.73317e-29	0	3.15544e-30	0	1.26218e-29	0	1.24862e-29	0	0	0	3.01986e-30	0	3.15544e-30	0	0	0	2.5108e-29	0	3.15544e-30	0	0	0	4.89094e-29	0	0	0	0	0	0	0	2.5108e-29	0	0	0	2.52435e-29	0	1.57772e-30	0
3.45743e-29	0	9.33075e-30	0	0	0	3.01986e-30	0	3.01986e-30	0	2.07569e-29	0	4.73317e-29	0	3.15544e-30	0	1.26218e-29	0	1.24862e-29	0	0	0	3.01986e-30	0	3.15544e-30	0	0	0	2.5108e-29	0	3.15544e-30	0	0	0	4.89094e-29	0	0	0	0	0	0	0	2.5108e-29	0	0	0	2.52435e-29	0	1.57772e-30	0
3.45743e-29	0	9.33075e-30	0	0	0	3.01986e-30	0	3.01986e-30	0	2.07569e-29	0	4.73317e-29	0	3.15544e-30	0	1.26218e-29	0	1.24862e-29	0	0	0	3.01986e-30	0	3.15544e-30	0	0	0	2.5108e-29	0	3.15544e-30	0	0	0	4.89094e-29	0	0	0	0	0	0	0	2.5108e-29	0	0	0	2.52435e-29	0	1.57772e-30	0
3.45743e-29	0	9.33075e-30	0	0	0	3.01986e-30	0	3.01986e-30	0	2.07569e-29	0	4.73317e-29	0	3.15544e-30	0	1.26218e-29	0	1.24862e-29	0	0	0	3.01986e-30	0	3.15544e-30	0	0	0	2.5108e-29	0	3.15544e-30	0	0	0	4.89094e-29	0	0	0	0	0	0	0	2.5108e-29	0	0	0	2.52435e-29	0	1.57772e-30	0
3.45743e-29	0	9.33075e-30	0	0	0	3.01986e-30	0	3.01986e-30	0	2.07569e-29	0	4.73317e-29	0	3.15544e-30	0	1.26218e-29	0	1.24862e-29	0	0	0	3.01986e-30	0	3.15544e-30	0	0	0	2.5108e-29	0	3.15544e-30	0	0	0	4.89094e-29	0	0	0	0	0	0	0	2.5108e-29	0	0	0	2.52435e-29	0	1.57772e-30	0
3.45743e-29	0	9.33075e-30	0	0	0	3.01986e-30	0	3.01986e-30	0	2.07569e-29	0	4.73317e-29	0	3.15544e-30	0	1.26218e-29	0	1.24862e-29	0	0	0	3.01986e-30	0	3.15544e-30	0	0	0	2.5108e-29	0	3.15544e-30	0	0	0	4.89094e-29	0	0	0	0	0	0	0	2.5108e-29	0	0	0	2.52435e-29	0	1.57772e-30	0
3.45743e-29	0	9.33075e-30	0	0	0	3.01986e-30	0	3.01986e-30	0	2.07569e-29	0	4.73317e-29	0	3.15544e-30	0	1.26218e-29	0	1.24862e-29	0	0	0	3.01986e-30	0	3.15544e-30	0	0	0	2.5108e-29	0	3.15544e-30	0	0	0	4.89094e-29	0	0	0	0	0	0	0	2.5108e-29	0	0	0	2.52435e-29	0	1.57772e-30	0
3.45743e-29	0	9.33075e-30	0	0	0	3.01986e-30	0	3.01986e-30	0	2.07569e-29	0	4.73317e-29	0	3.15544e-30	0	1.26218e-29	0	1.24862e-29	0	0	0	3.01986e-30	0	3.15544e-30	0	0	0	2.5108e-29	0	3.15544e-30	0	0	0	4.89094e-29	0	0	0	0	0	0	0	2.5108e-29	0	0	0	2.52435e-29	0	1.57772e-30	0
3.45743e-29	0	9.33075e-30	0	0	0	3.01986e-30	0	3.01986e-30	0	2.07569e-29	0	4.73317e-29	0	3.15544e-30	0	1.26218e-29	0	1.24862e-29	0	0	0	3.01986e-30	0	3.15544e-30	0	0	0	2.5108e-29	0	3.15544e-30	0	0	0	4.89094e-29	0	0	0	0	0	0	0	2.5108e-29	0	0	0	2.52435e-29	0	1.57772e-30	0
3.45743e-29	0	9.33075e-30	0	0	0	3.01986e-30	0	3.01986e-30	0	2.07569e-29	0	4.73317e-29	0	3.15544e-30	0	1.26218e-29	0	1.24862e-29	0	0	0	3.01986e-30	0	3.15544e-30	0	0	0	2.5108e-29	0	3.15544e-30	0	0	0	4.89094e-29	0	0	0	0	0	0	0	2.5108e-29	0	0	0	2.52435e-29	0	1.57772e-30	0
3.45743e-29	0	9.33075e-30	0	0	0	3.01986e-30	0	3.01986e-30	0	2.07569e-29	0	4.73317e-29	0	3.15544e-30	0	1.26218e-29	0	1.24862e-29	0	0	0	3.01986e-30	0	3.15544e-30	0	0	0	2.5108e-29	0	3.15544e-30	0	0	0	4.89094e-29	0	0	0	0	0	0	0	2.5108e-29	0	0	0	2.52435e-29	0	1.57772e-30	0
3.45743e-29	0	9.33075e-30	0	0	0	3.01986e-30	0	3.01986e-30	0	2.07569e-29	0	4.73317e-29	0	3.15544e-30	0	1.26218e-29	0	1.24862e-29	0	0	0	3.01986e-30	0	3.15544e-30	0	0	0	2.5108e-29	0	3.15544e-30	0	0	0	4.89094e-29	0	0	0	0	0	0	0	2.5108e-29	0	0	0	2.52435e-29	0	1.57772e-30	0
3.45743e-29	0	9.33075e-30	0	0	0	3.01986e-30	0	3.01986e-30	0	2.07569e-29	0	4.73317e-29	0	3.15544e-30	0	1.26218e-29	0	1.24862e-29	0	0	0	3.01986e-30	0	3.15544e-30	0	0	0	2.5108e-29	0	3.15544e-30	0	0	0	4.89094e-29	0	0	0	0	0	0	0	2.5108e-29	0	0	0	2.52435e-29	0	1.57772e-30	0
3.45743e-29	0	9.33075e-30	0	0	0	3.01986e-30	0	3.01986e-30	0	2.07569e-29	0	4.73317e-29	0	3.15544e-30	0	1.26218e-29	0	1.24862e-29	0	0	0	3.01986e-30	0	3.15544e-30	0	0	0	2.5108e-29	0	3.15544e-30	0	0	0	4.89094e-29	0	0	0	0	0	0	0	2.5108e-29	0	0	0	2.52435e-29	0	1.57772e-30	0
3.45743e-29	0	9.33075e-30	0	0	0	3.01986e-30	0	3.01986e-30	0	2.07569e-29	0	4.73317e-29	0	3.15544e-30	0	1.26218e-29	0	1.24862e-29	0	0	0	3.01986e-30	0	3.15544e-30	0	0	0	2.5108e-29	0	3.15544e-30	0	0	0	4.89094e-29	0	0	0	0	0	0	0	2.5108e-29	0	0	0	2.52435e-29	0	1.57772e-30	0
3.45743e-29	0	9.33075e-30	0	0	0	3.01986e-30	0	3.01986e-30	0	2.07569e-29	0	4.73317e-29	0	3.15544e-30	0	1.26218e-29	0	1.24862e-29	0	0	0	3.01986e-30	0	3.15544e-30	0	0	0	2.5108e-29	0	3.15544e-30	0	0	0	4.89094e-29	0	0	0	0	0	0	0	2.5108e-29	0	0	0	2.52435e-29	0	1.57772e-30	0
3.45743e-29	0	9.33075e-30	0	0	0	3.01986e-30	0	3.01986e-30	0	2.07569e-29	0	4.73317e-29	0	3.15544e-30	0	1.26218e-29	0	1.24862e-29	0	0	0	3.01986e-30	0	3.15544e-30	0	0	0	2.5108e-29	0	3.15544e-30	0	0	0	4.89094e-29	0	0	0	0	0	0	0	2.5108e-29	0	0	0	2.52435e-29	0	1.57772e-30	0
3.45743e-29	0	9.33075e-30	0	0	0	3.01986e-30	0	3.01986e-30	0	2.07569e-29	0	4.73317e-29	0	3.15544e-30	0	1.26218e-29	0	1.24862e-29	0	0	0	3.01986e-30	0	3.15544e-30	0	0	0	2.5108e-29	0	3.15544e-30	0	0	0	4.89094e-29	0	0	0	0	0	0	0	2.5108e-29	0	0	0	2.52435e-29	0	1.57772e-30	0
3.45743e-29	0	9.33075e-30	0	0	0	3.01986e-30	0	3.01986e-30	0	2.07569e-29	0	4.73317e-29	0	3.15544e-30	0	1.26218e-29	0	1.24862e-29	0	0	0	3.01986e-30	0	3.15544e-30	0	0	0	2.5108e-29	0	3.15544e-30	0	0	0	4.89094e-29	0	0	0	0	0	0	0	2.5108e-29	0	0	0	2.52435e-29	0	1.57772e-30	0
3.45743e-29	0	9.33075e-30	0	0	0	3.01986e-30	0	3.01986e-30	0	2.07569e-29	0	4.73317e-29	0	3.15544e-30	0	1.26218e-29	0	1.24862e-29	0	0	0	3.01986e-30	0	3.15544e-30	0	0	0	2.5108e-29	0	3.15544e-30	0	0	0	4.89094e-29	0	0	0	0	0	0	0	2.5108e-29	0	0	0	2.52435e-29	0	1.57772e-30	0
3.45743e-29	0	9.33075e-30	0	0	0	3.01986e-30	0	3.01986e-30	0	2.07569e-29	0	4.73317e-29	0	3.15544e-30	0	1.26218e-29	0	1.24862e-29	0	0	0	3.01986e-30	0	3.15544e-30	0	0	0	2.5108e-29	0	3.15544e-30	0	0	0	4.89094e-29	0	0	0	0	0	0	0	2.5108e-29	0	0	0	2.52435e-29	0	1.57772e-30	0
3.45743e-29	0	9.33075e-30	0	0	0	3.01986e-30	0	3.01986e-30	0	2.07569e-29	0	4.73317e-29	0	3.15544e-30	0	1.26218e-29	0	1.24862e-29	0	0	0	3.01986e-30	0	3.15544e-30	0	0	0	2.5108e-29	0	3.15544e-30	0	0	0	4.89094e-29	0	0	0	0	0	0	0	2.5108e-29	0	0	0	2.52435e-29	0	1.57772e-30	0
3.45743e-29	0	9.33075e-30	0	0	0	3.01986e-30	0	3.01986e-30	0	2.07569e-29	0	4.73317e-29	0	3.15544e-30	0	1.26218e-29	0	1.24862e-29	0	0	0	3.01986e-30	0	3.15544e-30	0	0	0	2.5108e-29	0	3.15544e-30	0	0	0	4.89094e-29	0	0	0	0	0	0	0	2.5108e-29	0	0	0	2.52435e-29	0	1.57772e-30	0
3.45743e-29	0	9.33075e-30	0	0	0	3.01986e-30	0	3.01986e-30	0	2.07569e-29	0	4.73317e-29	0	3.15544e-30	0	1.26218e-29	0	1.24862e-29	0	0	0	3.01986e-30	0	3.15544e-30	0	0	0	2.5108e-29	0	3.15544e-30	0	0	0	4.89094e-29	0	0	0	0	0	0	0	2.5108e-29	0	0	0	2.52435e-29	0	1.57772e-30	0
3.45743e-29	0	9.33075e-30	0	0	0	3.01986e-30	0	3.01986e-30	0	2.07569e-29	0	4.73317e-29	0	3.15544e-30	0	1.26218e-29	0	1.24862e-29	0	0	0	3.01986e-30	0	3.15544e-30	0	0	0	2.5108e-29	0	3.15544e-30	0	0	0	4.89094e-29	0	0	0	0	0	0	0	2.5108e-29	0	0	0	2.52435e-29	0	1.57772e-30	0
3.45743e-29	0	9.33075e-30	0	0	0	3.01986e-30	0	3.01986e-30	0	2.07569e-29	0	4.73317e-29	0	3.15544e-30	0	1.26218e-29	0	1.24862e-29	0	0	0	3.01986e-30	0	3.15544e-30	0	0	0	2.5108e-29	0	3.15544e-30	0	0	0	4.89094e-29	0	0	0	0	0	0	0	2.5108e-29	0	0	0	2.52435e-29	0	1.57772e-30	0
3.45743e-29	0	9.33075e-30	0	0	0	3.01986e-30	0	3.01986e-30	0	2.07569e-29	0	4.73317e-29	0	3.15544e-30	0	1.26218e-29	0	1.24862e-29	0	0	0	3.01986e-30	0	3.15544e-30	0	0	0	2.5108e-29	0	3.15544e-30	0	0	0	4.89094e-29	0	0	0	0	0	0	0	2.5108e-29	0	0	0	2.52435e-29	0	1.57772e-30	0
3.45743e-29	0	9.33075e-30	0	0	0	3.01986e-30	0	3.01986e-30	0	2.07569e-29	0	4.73317e-29	0	3.15544e-30	0	1.26218e-29	0	1.24862e-29	0	0	0	3.01986e-30	0	3.15544e-30	0	0	0	2.5108e-29	0	3.15544e-30	0	0	0	4.89094e-29	0	0	0	0	0	0	0	2.5108e-29	0	0	0	2.52435e-29	0	1.57772e-30	0
3.45743e-29	0	9.33075e-30	0	0	0	3.01986e-30	0	3.01986e-30	0	2.07569e-29	0	4.73317e-29	0	3.15544e-30	0	1.26218e-29	0	1.24862e-29	0	0	0	3.01986e-30	0	3.15544e-30	0	0	0	2.5108e-29	0	3.15544e-30	0	0	0	4.89094e-29	0	0	0	0	0	0	0	2.5108e-29	0	0	0	2.52435e-29	0	1.57772e-30	0
3.45743e-29	0	9.33075e-30	0	0	0	3.01986e-30	0	3.01986e-30	0	2.07569e-29	0	4.73317e-29	0	3.15544e-30	0	1.26218e-29	0	1.24862e-29	0	0	0	3.01986e-30	0	3.15544e-30	0	0	0	2.5108e-29	0	3.15544e-30	0	0	0	4.89094e-29	0	0	0	0	0	0	0	2.5108e-29	0	0	0	2.52435e-29	0	1.57772e-30	0
3.45743e-29	0	9.33075e-30	0	0	0	3.01986e-30	0	3.01986e-30	0	2.07569e-29	0	4.73317e-29	0	3.15544e-30	0	1.26218e-29	0	1.24862e-29	0	0	0	3.01986e-30	0	3.15544e-30	0	0	0	2.5108e-29	0	3.15544e-30	0	0	0	4.89094e-29	0	0	0	0	0	0	0	2.5108e-29	0	0	0	2.52435e-29	0	1.57772e-30	0
3.45743e-29	0	9.33075e-30	0	0	0	3.01986e-30	0	3.01986e-30	0	2.07569e-29	0	4.73317e-29	0	3.15544e-30	0	1.26218e-29	0	1.24862e-29	0	0	0	3.01986e-30	0	3.15544e-30	0	0	0	2.5108e-29	0	3.15544e-30	0	0	0	4.89094e-29	0	0	0	0	0	0	0	2.5108e-29	0	0	0	2.52435e-29	0	1.57772e-30	0
3.45743e-29	0	9.33075e-30	0	0	0	3.01986e-30	0	3.01986e-30	0	2.07569e-29	0	4.73317e-29	0	3.15544e-30	0	1.26218e-29	0	1.24862e-29	0	0	0	3.01986e-30	0	3.15544e-30	0	0	0	2.5108e-29	0	3.15544e-30	0	0	0	4.89094e-29	0	0	0	0	0	0	0	2.5108e-29	0	0	0	2.52435e-29	0	1.57772e-30	0
3.45743e-29	0	9.33075e-30	0	0	0	3.01986e-30	0	3.01986e-30	0	2.07569e-29	0	4.73317e-29	0	3.15544e-30	0	1.26218e-29	0	1.24862e-29	0	0	0	3.01986e-30	0	3.15544e-30	0	0	0	2.5108e-29	0	3.15544e-30	0	0	0	4.89094e-29	0	0	0	0	0	0	0	2.5108e-29	0	0	0	2.52435e-29	0	1.57772e-30	0
3.45743e-29	0	9.33075e-30	0	0	0	3.01986e-30	0	3.01986e-30	0	2.07569e-29	0	4.73317e-29	0	3.15544e-30	0	1.26218e-29	0	1.24862e-29	0	0	0	3.01986e-30	0	3.15544e-30	0	0	0	2.5108e-29	0	3.15544e-30	0	0	0	4.89094e-29	0	0	0	0	0	0	0	2.5108e-29	0	0	0	2.52435e-29	0	1.57772e-30	0
3.45743e-29	0	9.33075e-30	0	0	0	3.01986e-30	0	3.01986e-30	0	2.07569e-29	0	4.73317e-29	0	3.15544e-30	0	1.26218e-29	0	1.24862e-29	0	0	0	3.01986e-30	0	3.15544e-30	0	0	0	2.5108e-29	0	3.15544e-30	0	0	0	4.89094e-29	0	0	0	0	0	0	0	2.5108e-29	0	0	0	2.52435e-29	0	1.57772e-30	0
3.45743e-29	0	9.33075e-30	0	0	0	3.01986e-30	0	3.01986e-30	0	2.07569e-29	0	4.73317e-29	0	3.15544e-30	0	1.26218e-29	0	1.24862e-29	0	0	0	3.01986e-30	0	3.15544e-30	0	0	0	2.5108e-29	0	3.15544e-30	0	0	0	4.89094e-29	0	0	0	0	0	0	0	2.5108e-29	0	0	0	2.52435e-29	0	1.57772e-30	0
3.45743e-29	0	9.33075e-30	0	0	0	3.01986e-30	0	3.01986e-30	0	2.07569e-29	0	4.73317e-29	0	3.15544e-30	0	1.26218e-29	0	1.24862e-29	0	0	0	3.01986e-30	0	3.15544e-30	0	0	0	2.5108e-29	0	3.15544e-30	0	0	0	4.89094e-29	0	0	0	0	0	0	0	2.5108e-29	0	0	0	2.52435e-29	0	1.57772e-30	0
3.45743e-29	0	9.33075e-30	0	0	0	3.01986e-30	0	3.01986e-30	0	2.07569e-29	0	4.73317e-29	0	3.15544e-30	0	1.26218e-29	0	1.24862e-29	0	0	0	3.01986e-30	0	3.15544e-30	0	0	0	2.5108e-29	0	3.15544e-30	0	0	0	4.89094e-29	0	0	0	0	0	0	0	2.5108e-29	0	0	0	2.52435e-29	0	1.57772e-30	0
3.45743e-29	0	9.33075e-30	0	0	0	3.01986e-30	0	3.01986e-30	0	2.07569e-29	0	4.73317e-29	0	3.15544e-30	0	1.26218e-29	0	1.24862e-29	0	0	0	3.01986e-30	0	3.15544e-30	0	0	0	2.5108e-29	0	3.15544e-30	0	0	0	4.89094e-29	0	0	0	0	0	0	0	2.5108e-29	0	0	0	2.52435e-29	0	1.57772e-30	0
3.45743e-29	0	9.33075e-30	0	0	0	3.01986e-30	0	3.01986e-30	0	2.07569e-29	0	4.73317e-29	0	3.15544e-30	0	1.26218e-29	0	1.24862e-29	0	0	0	3.01986e-30	0	3.15544e-30	0	0	0	2.5108e-29	0	3.15544e-30	0	0	0	4.89094e-29	0	0	0	0	0	0	0	2.5108e-29	0	0	0	2.52435e-29	0	1.57772e-30	0
3.45743e-29	0	9.33075e-30	0	0	0	3.01986e-30	0	3.01986e-30	0	2.07569e-29	0	4.73317e-29	0	3.15544e-30	0	1.26218e-29	0	1.24862e-29	0	0	0	3.01986e-30	0	3.15544e-30	0	0	0	2.5108e-29	0	3.15544e-30	0	0	0	4.89094e-29	0	0	0	0	0	0	0	2.5108e-29	0	0	0	2.52435e-29	0	1.57772e-30	0
3.45743e-29	0	9.33075e-30	0	0	0	3.01986e-30	0	3.01986e-30	0	2.07569e-29	0	4.73317e-29	0	3.15544e-30	0	1.26218e-29	0	1.24862e-29	0	0	0	3.01986e-30	0	3.15544e-30	0	0	0	2.5108e-29	0	3.15544e-30	0	0	0	4.89094e-29	0	0	0	0	0	0	0	2.5108e-29	0	0	0	2.52435e-29	0	1.57772e-30	0
3.45743e-29	0	9.33075e-30	0	0	0	3.01986e-30	0	3.01986e-30	0	2.07569e-29	0	4.73317e-29	0	3.15544e-30	0	1.26218e-29	0	1.24862e-29	0	0	0	3.01986e-30	0	3.15544e-30	0	0	0	2.5108e-29	0	3.15544e-30	0	0	0	4.89094e-29	0	0	0	0	0	0	0	2.5108e-29	0	0	0	2.52435e-29	0	1.57772e-30	0
3.45743e-29	0	9.33075e-30	0	0	0	3.01986e-30	0	3.01986e-30	0	2.07569e-29	0	4.73317e-29	0	3.15544e-30	0	1.26218e-29	0	1.24862e-29	0	0	0	3.01986e-30	0	3.15544e-30	0	0	0	2.5108e-29	0	3.15544e-30	0	0	0	4.89094e-29	0	0	0	0	0	0	0	2.5108e-29	0	0	0	2.52435e-29	0	1.57772e-30	0
3.45743e-29	0	9.33075e-30	0	0	0	3.01986e-30	0	3.01986e-30	0	2.07569e-29	0	4.73317e-29	0	3.15544e-30	0	1.26218e-29	0	1.24862e-29	0	0	0	3.01986e-30	0	3.15544e-30	0	0	0	2.5108e-29	0	3.15544e-30	0	0	0	4.89094e-29	0	0	0	0	0	0	0	2.5108e-29	0	0	0	2.52435e-29	0	1.57772e-30	0
3.45743e-29	0	9.33075e-30	0	0	0	3.01986e-30	0	3.01986e-30	0	2.07569e-29	0	4.73317e-29	0	3.15544e-30	0	1.26218e-29	0	1.24862e-29	0	0	0	3.01986e-30	0	3.15544e-30	0	0	0	2.5108e-29	0	3.15544e-30	0	0	0	4.89094e-29	0	0	0	0	0	0	0	2.5108e-29	0	0	0	2.52435e-29	0	1.57772e-30	0
3.45743e-29	0	9.33075e-30	0	0	0	3.01986e-30	0	3.01986e-30	0	2.07569e-29	0	4.73317e-29	0	3.15544e-30	0	1.26218e-29	0	1.24862e-29	0	0	0	3.01986e-30	0	3.15544e-30	0	0	0	2.5108e-29	0	3.15544e-30	0	0	0	4.89094e-29	0	0	0	0	0	0	0	2.5108e-29	0	0	0	2.52435e-29	0	1.57772e-30	0
3.45743e-29	0	9.33075e-30	0	0	0	3.01986e-30	0	3.01986e-30	0	2.07569e-29	0	4.73317e-29	0	3.15544e-30	0	1.26218e-29	0	1.24862e-29	0	0	0	3.01986e-30	0	3.15544e-30	0	0	0	2.5108e-29	0	3.15544e-30	0	0	0	4.89094e-29	0	0	0	0	0	0	0	2.5108e-29	0	0	0	2.52435e-29	0	1.57772e-30	0
3.45743e-29	0	9.33075e-30	0	0	0	3.01986e-30	0	3.01986e-30	0	2.07569e-29	0	4.73317e-29	0	3.15544e-30	0	1.26218e-29	0	1.24862e-29	0	0	0	3.01986e-30	0	3.15544e-30	0	0	0	2.5108e-29	0	3.15544e-30	0	0	0	4.89094e-29	0	0	0	0	0	0	0	2.5108e-29	0	0	0	2.52435e-29	0	1.57772e-30	0
3.45743e-29	0	9.33075e-30	0	0	0	3.01986e-30	0	3.01986e-30	0	2.07569e-29	0	4.73317e-29	0	3.15544e-30	0	1.26218e-29	0	1.24862e-29	0	0	0	3.01986e-30	0	3.15544e-30	0	0	0	2.5108e-29	0	3.15544e-30	0	0	0	4.89094e-29	0	0	0	0	0	0	0	2.5108e-29	0	0	0	2.52435e-29	0	1.57772e-30	0
3.45743e-29	0	9.33075e-30	0	0	0	3.01986e-30	0	3.01986e-30	0	2.07569e-29	0	4.73317e-29	0	3.15544e-30	0	1.26218e-29	0	1.24862e-29	0	0	0	3.01986e-30	0	3.15544e-30	0	0	0	2.5108e-29	0	3.15544e-30	0	0	0	4.89094e-29	0	0	0	0	0	0	0	2.5108e-29	0	0	0	2.52435e-29	0	1.57772e-30	0
3.45743e-29	0	9.33075e-30	0	0	0	3.01986e-30	0	3.01986e-30	0	2.07569e-29	0	4.73317e-29	0	3.15544e-30	0	1.26218e-29	0	1.24862e-29	0	0	0	3.01986e-30	0	3.15544e-30	0	0	0	2.5108e-29	0	3.15544e-30	0	0	0	4.89094e-29	0	0	0	0	0	0	0	2.5108e-29	0	0	0	2.52435e-29	0	1.57772e-30	0
3.45743e-29	0	9.33075e-30	0	0	0	3.01986e-30	0	3.01986e-30	0	2.07569e-29	0	4.73317e-29	0	3.15544e-30	0	1.26218e-29	0	1.24862e-29	0	0	0	3.01986e-30	0	3.15544e-30	0	0	0	2.5108e-29	0	3.15544e-30	0	0	0	4.89094e-29	0	0	0	0	0	0	0	2.5108e-29	0	0	0	2.52435e-29	0	1.57772e-30	0
3.45743e-29	0	9.33075e-30	0	0	0	3.01986e-30	0	3.01986e-30	0	2.07569e-29	0	4.73317e-29	0	3.15544e-30	0	1.26218e-29	0	1.24862e-29	0	0	0	3.01986e-30	0	3.15544e-30	0	0	0	2.5108e-29	0	3.15544e-30	0	0	0	4.89094e-29	0	0	0	0	0	0	0	2.5108e-29	0	0	0	2.52435e-29	0	1.57772e-30	0
3.45743e-29	0	9.33075e-30	0	0	0	3.01986e-30	0	3.01986e-30	0	2.07569e-29	0	4.73317e-29	0	3.15544e-30	0	1.26218e-29	0	1.24862e-29	0	0	0	3.01986e-30	0	3.15544e-30	0	0	0	2.5108e-29	0	3.15544e-30	0	0	0	4.89094e-29	0	0	0	0	0	0	0	2.5108e-29	0	0	0	2.52435e-29	0	1.57772e-30	0
3.45743e-29	0	9.33075e-30	0	0	0	3.01986e-30	0	3.01986e-30	0	2.07569e-29	0	4.73317e-29	0	3.15544e-30	0	1.26218e-29	0	1.24862e-29	0	0	0	3.01986e-30	0	3.15544e-30	0	0	0	2.5108e-29	0	3.15544e-30	0	0	0	4.89094e-29	0	0	0	0	0	0	0	2.5108e-29	0	0	0	2.52435e-29	0	1.57772e-30	0
3.45743e-29	0	9.33075e-30	0	0	0	3.01986e-30	0	3.01986e-30	0	2.07569e-29	0	4.73317e-29	0	3.15544e-30	0	1.26218e-29	0	1.24862e-29	0	0	0	3.01986e-30	0	3.15544e-30	0	0	0	2.5108e-29	0	3.15544e-30	0	0	0	4.89094e-29	0	0	0	0	0	0	0	2.5108e-29	0	0	0	2.52435e-29	0	1.57772e-30	0
3.45743e-29	0	9.33075e-30	0	0	0	3.01986e-30	0	3.01986e-30	0	2.07569e-29	0	4.73317e-29	0	3.15544e-30	0	1.26218e-29	0	1.24862e-29	0	0	0	3.01986e-30	0	3.15544e-30	0	0	0	2.5108e-29	0	3.15544e-30	0	0	0	4.89094e-29	0	0	0	0	0	0	0	2.5108e-29	0	0	0	2.52435e-29	0	1.57772e-30	0
3.45743e-29	0	9.33075e-30	0	0	0	3.01986e-30	0	3.01986e-30	0	2.07569e-29	0	4.73317e-29	0	3.15544e-30	0	1.26218e-29	0	1.24862e-29	0	0	0	3.01986e-30	0	3.15544e-30	0	0	0	2.5108e-29	0	3.15544e-30	0	0	0	4.89094e-29	0	0	0	0	0	0	0	2.5108e-29	0	0	0	2.52435e-29	0	1.57772e-30	0
3.45743e-29	0	9.33075e-30	0	0	0	3.01986e-30	0	3.01986e-30	0	2.07569e-29	0	4.73317e-29	0	3.15544e-30	0	1.26218e-29	0	1.24862e-29	0	0	0	3.01986e-30	0	3.15544e-30	0	0	0	2.5108e-29	0	3.15544e-30	0	0	0	4.89094e-29	0	0	0	0	0	0	0	2.5108e-29	0	0	0	2.52435e-29	0	1.57772e-30	0
3.45743e-29	0	9.33075e-30	0	0	0	3.01986e-30	0	3.01986e-30	0	2.07569e-29	0	4.73317e-29	0	3.15544e-30	0	1.26218e-29	0	1.24862e-29	0	0	0	3.01986e-30	0	3.15544e-30	0	0	0	2.5108e-29	0	3.15544e-30	0	0	0	4.89094e-29	0	0	0	0	0	0	0	2.5108e-29	0	0	0	2.52435e-29	0	1.57772e-30	0
3.45743e-29	0	9.33075e-30	0	0	0	3.01986e-30	0	3.01986e-30	0	2.07569e-29	0	4.73317e-29	0	3.15544e-30	0	1.26218e-29	0	1.24862e-29	0	0	0	3.01986e-30	0	3.15544e-30	0	0	0	2.5108e-29	0	3.15544e-30	0	0	0	4.89094e-29	0	0	0	0	0	0	0	2.5108e-29	0	0	0	2.52435e-29	0	1.57772e-30	0
3.45743e-29	0	9.33075e-30	0	0	0	3.01986e-30	0	3.01986e-30	0	2.07569e-29	0	4.73317e-29	0	3.15544e-30	0	1.26218e-29	0	1.24862e-29	0	0	0	3.01986e-30	0	3.15544e-30	0	0	0	2.5108e-29	0	3.15544e-30	0	0	0	4.89094e-29	0	0	0	0	0	0	0	2.5108e-29	0	0	0	2.52435e-29	0	1.57772e-30	0
3.45743e-29	0	9.33075e-30	0	0	0	3.01986e-30	0	3.01986e-30	0	2.07569e-29	0	4.73317e-29	0	3.15544e-30	0	1.26218e-29	0	1.24862e-29	0	0	0	3.01986e-30	0	3.15544e-30	0	0	0	2.5108e-29	0	3.15544e-30	0	0	0	4.89094e-29	0	0	0	0	0	0	0	2.5108e-29	0	0	0	2.52435e-29	0	1.57772e-30	0
3.45743e-29	0	9.33075e-30	0	0	0	3.01986e-30	0	3.01986e-30	0	2.07569e-29	0	4.73317e-29	0	3.15544e-30	0	1.26218e-29	0	1.24862e-29	0	0	0	3.01986e-30	0	3.15544e-30	0	0	0	2.5108e-29	0	3.15544e-30	0	0	0	4.89094e-29	0	0	0	0	0	0	0	2.5108e-29	0	0	0	2.52435e-29	0	1.57772e-30	0
3.45743e-29	0	9.33075e-30	0	0	0	3.01986e-30	0	3.01986e-30	0	2.07569e-29	0	4.73317e-29	0	3.15544e-30	0	1.26218e-29	0	1.24862e-29	0	0	0	3.01986e-30	0	3.15544e-30	0	0	0	2.5108e-29	0	3.15544e-30	0	0	0	4.89094e-29	0	0	0	0	0	0	0	2.5108e-29	0	0	0	2.52435e-29	0	1.57772e-30	0
3.45743e-29	0	9.33075e-30	0	0	0	3.01986e-30	0	3.01986e-30	0	2.07569e-29	0	4.73317e-29	0	3.15544e-30	0	1.26218e-29	0	1.24862e-29	0	0	0	3.01986e-30	0	3.15544e-30	0	0	0	2.5108e-29	0	3.15544e-30	0	0	0	4.89094e-29	0	0	0	0	0	0	0	2.5108e-29	0	0	0	2.52435e-29	0	1.57772e-30	0
3.45743e-29	0	9.33075e-30	0	0	0	3.01986e-30	0	3.01986e-30	0	2.07569e-29	0	4.73317e-29	0	3.15544e-30	0	1.26218e-29	0	1.24862e-29	0	0	0	3.01986e-30	0	3.15544e-30	0	0	0	2.5108e-29	0	3.15544e-30	0	0	0	4.89094e-29	0	0	0	0	0	0	0	2.5108e-29	0	0	0	2.52435e-29	0	1.57772e-30	0
3.45743e-29	0	9.33075e-30	0	0	0	3.01986e-30	0	3.01986e-30	0	2.07569e-29	0	4.73317e-29	0	3.15544e-30	0	1.26218e-29	0	1.24862e-29	0	0	0	3.01986e-30	0	3.15544e-30	0	0	0	2.5108e-29	0	3.15544e-30	0	0	0	4.89094e-29	0	0	0	0	0	0	0	2.5108e-29	0	0	0	2.52435e-29	0	1.57772e-30	0
3.45743e-29	0	9.33075e-30	0	0	0	3.01986e-30	0	3.01986e-30	0	2.07569e-29	0	4.73317e-29	0	3.15544e-30	0	1.26218e-29	0	1.24862e-29	0	0	0	3.01986e-30	0	3.15544e-30	0	0	0	2.5108e-29	0	3.15544e-30	0	0	0	4.89094e-29	0	0	0	0	0	0	0	2.5108e-29	0	0	0	2.52435e-29	0	1.57772e-30	0
3.45743e-29	0	9.33075e-30	0	0	0	3.01986e-30	0	3.01986e-30	0	2.07569e-29	0	4.73317e-29	0	3.15544e-30	0	1.26218e-29	0	1.24862e-29	0	0	0	3.01986e-30	0	3.15544e-30	0	0	0	2.5108e-29	0	3.15544e-30	0	0	0	4.89094e-29	0	0	0	0	0	0	0	2.5108e-29	0	0	0	2.52435e-29	0	1.57772e-30	0
3.45743e-29	0	9.33075e-30	0	0	0	3.01986e-30	0	3.01986e-30	0	2.07569e-29	0	4.73317e-29	0	3.15544e-30	0	1.26218e-29	0	1.24862e-29	0	0	0	3.01986e-30	0	3.15544e-30	0	0	0	2.5108e-29	0	3.15544e-30	0	0	0	4.89094e-29	0	0	0	0	0	0	0	2.5108e-29	0	0	0	2.52435e-29	0	1.57772e-30	0
3.45743e-29	0	9.33075e-30	0	0	0	3.01986e-30	0	3.01986e-30	0	2.07569e-29	0	4.73317e-29	0	3.15544e-30	0	1.26218e-29	0	1.24862e-29	0	0	0	3.01986e-30	0	3.15544e-30	0	0	0	2.5108e-29	0	3.15544e-30	0	0	0	4.89094e-29	0	0	0	0	0	0	0	2.5108e-29	0	0	0	2.52435e-29	0	1.57772e-30	0
3.45743e-29	0	9.33075e-30	0	0	0	3.01986e-30	0	3.01986e-30	0	2.07569e-29	0	4.73317e-29	0	3.15544e-30	0	1.26218e-29	0	1.24862e-29	0	0	0	3.01986e-30	0	3.15544e-30	0	0	0	2.5108e-29	0	3.15544e-30	0	0	0	4.89094e-29	0	0	0	0	0	0	0	2.5108e-29	0	0	0	2.52435e-29	0	1.57772e-30	0
3.45743e-29	0	9.33075e-30	0	0	0	3.01986e-30	0	3.01986e-30	0	2.07569e-29	0	4.73317e-29	0	3.15544e-30	0	1.26218e-29	0	1.24862e-29	0	0	0	3.01986e-30	0	3.15544e-30	0	0	0	2.5108e-29	0	3.15544e-30	0	0	0	4.89094e-29	0	0	0	0	0	0	0	2.5108e-29	0	0	0	2.52435e-29	0	1.57772e-30	0
3.45743e-29	0	9.33075e-30	0	0	0	3.01986e-30	0	3.01986e-30	0	2.07569e-29	0	4.73317e-29	0	3.15544e-30	0	1.26218e-29	0	1.24862e-29	0	0	0	3.01986e-30	0	3.15544e-30	0	0	0	2.5108e-29	0	3.15544e-30	0	0	0	4.89094e-29	0	0	0	0	0	0	0	2.5108e-29	0	0	0	2.52435e-29	0	1.57772e-30	0
3.45743e-29	0	9.33075e-30	0	0	0	3.01986e-30	0	3.01986e-30	0	2.07569e-29	0	4.73317e-29	0	3.15544e-30	0	1.26218e-29	0	1.24862e-29	0	0	0	3.01986e-30	0	3.15544e-30	0	0	0	2.5108e-29	0	3.15544e-30	0	0	0	4.89094e-29	0	0	0	0	0	0	0	2.5108e-29	0	0	0	2.52435e-29	0	1.57772e-30	0
3.45743e-29	0	9.33075e-30	0	0	0	3.01986e-30	0	3.01986e-30	0	2.07569e-29	0	4.73317e-29	0	3.15544e-30	0	1.26218e-29	0	1.24862e-29	0	0	0	3.01986e-30	0	3.15544e-30	0	0	0	2.5108e-29	0	3.15544e-30	0	0	0	4.89094e-29	0	0	0	0	0	0	0	2.5108e-29	0	0	0	2.52435e-29	0	1.57772e-30	0
3.45743e-29	0	9.33075e-30	0	0	0	3.01986e-30	0	3.01986e-30	0	2.07569e-29	0	4.73317e-29	0	3.15544e-30	0	1.26218e-29	0	1.24862e-29	0	0	0	3.01986e-30	0	3.15544e-30	0	0	0	2.5108e-29	0	3.15544e-30	0	0	0	4.89094e-29	0	0	0	0	0	0	0	2.5108e-29	0	0	0	2.52435e-29	0	1.57772e-30	0
3.45743e-29	0	9.33075e-30	0	0	0	3.01986e-30	0	3.01986e-30	0	2.07569e-29	0	4.73317e-29	0	3.15544e-30	0	1.26218e-29	0	1.24862e-29	0	0	0	3.01986e-30	0	3.15544e-30	0	0	0	2.5108e-29	0	3.15544e-30	0	0	0	4.89094e-29	0	0	0	0	0	0	0	2.5108e-29	0	0	0	2.52435e-29	0	1.57772e-30	0
3.45743e-29	0	9.33075e-30	0	0	0	3.01986e-30	0	3.01986e-30	0	2.07569e-29	0	4.73317e-29	0	3.15544e-30	0	1.26218e-29	0	1.24862e-29	0	0	0	3.01986e-30	0	3.15544e-30	0	0	0	2.5108e-29	0	3.15544e-30	0	0	0	4.89094e-29	0	0	0	0	0	0	0	2.5108e-29	0	0	0	2.52435e-29	0	1.57772e-30	0
3.45743e-29	0	9.33075e-30	0	0	0	3.01986e-30	0	3.01986e-30	0	2.07569e-29	0	4.73317e-29	0	3.15544e-30	0	1.26218e-29	0	1.24862e-29	0	0	0	3.01986e-30	0	3.15544e-30	0	0	0	2.5108e-29	0	3.15544e-30	0	0	0	4.89094e-29	0	0	0	0	0	0	0	2.5108e-29	0	0	0	2.52435e-29	0	1.57772e-30	0
3.45743e-29	0	9.33075e-30	0	0	0	3.01986e-30	0	3.01986e-30	0	2.07569e-29	0	4.73317e-29	0	3.15544e-30	0	1.26218e-29	0	1.24862e-29	0	0	0	3.01986e-30	0	3.15544e-30	0	0	0	2.5108e-29	0	3.15544e-30	0	0	0	4.89094e-29	0	0	0	0	0	0	0	2.5108e-29	0	0	0	2.52435e-29	0	1.57772e-30	0
3.45743e-29	0	9.33075e-30	0	0	0	3.01986e-30	0	3.01986e-30	0	2.07569e-29	0	4.73317e-29	0	3.15544e-30	0	1.26218e-29	0	1.24862e-29	0	0	0	3.01986e-30	0	3.15544e-30	0	0	0	2.5108e-29	0	3.15544e-30	0	0	0	4.89094e-29	0	0	0	0	0	0	0	2.5108e-29	0	0	0	2.52435e-29	0	1.57772e-30	0
3.45743e-29	0	9.33075e-30	0	0	0	3.01986e-30	0	3.01986e-30	0	2.07569e-29	0	4.73317e-29	0	3.15544e-30	0	1.26218e-29	0	1.24862e-29	0	0	0	3.01986e-30	0	3.15544e-30	0	0	0	2.5108e-29	0	3.15544e-30	0	0	0	4.89094e-29	0	0	0	0	0	0	0	2.5108e-29	0	0	0	2.52435e-29	0	1.57772e-30	0
3.45743e-29	0	9.33075e-30	0	0	0	3.01986e-30	0	3.01986e-30	0	2.07569e-29	0	4.73317e-29	0	3.15544e-30	0	1.26218e-29	0	1.24862e-29	0	0	0	3.01986e-30	0	3.15544e-30	0	0	0	2.5108e-29	0	3.15544e-30	0	0	0	4.89094e-29	0	0	0	0	0	0	0	2.5108e-29	0	0	0	2.52435e-29	0	1.57772e-30	0
3.45743e-29	0	9.33075e-30	0	0	0	3.01986e-30	0	3.01986e-30	0	2.07569e-29	0	4.73317e-29	0	3.15544e-30	0	1.26218e-29	0	1.24862e-29	0	0	0	3.01986e-30	0	3.15544e-30	0	0	0	2.5108e-29	0	3.15544e-30	0	0	0	4.89094e-29	0	0	0	0	0	0	0	2.5108e-29	0	0	0	2.52435e-29	0	1.57772e-30	0
3.45743e-29	0	9.33075e-30	0	0	0	3.01986e-30	0	3.01986e-30	0	2.07569e-29	0	4.73317e-29	0	3.15544e-30	0	1.26218e-29	0	1.24862e-29	0	0	0	3.01986e-30	0	3.15544e-30	0	0	0	2.5108e-29	0	3.15544e-30	0	0	0	4.89094e-29	0	0	0	0	0	0	0	2.5108e-29	0	0	0	2.52435e-29	0	1.57772e-30	0
3.45743e-29	0	9.33075e-30	0	0	0	3.01986e-30	0	3.01986e-30	0	2.07569e-29	0	4.73317e-29	0	3.15544e-30	0	1.26218e-29	0	1.24862e-29	0	0	0	3.01986e-30	0	3.15544e-30	0	0	0	2.5108e-29	0	3.15544e-30	0	0	0	4.89094e-29	0	0	0	0	0	0	0	2.5108e-29	0	0	0	2.52435e-29	0	1.57772e-30	0
3.45743e-29	0	9.33075e-30	0	0	0	3.01986e-30	0	3.01986e-30	0	2.07569e-29	0	4.73317e-29	0	3.15544e-30	0	1.26218e-29	0	1.24862e-29	0	0	0	3.01986e-30	0	3.15544e-30	0	0	0	2.5108e-29	0	3.15544e-30	0	0	0	4.89094e-29	0	0	0	0	0	0	0	2.5108e-29	0	0	0	2.52435e-29	0	1.57772e-30	0
3.45743e-29	0	9.33075e-30	0	0	0	3.01986e-30	0	3.01986e-30	0	2.07569e-29	0	4.73317e-29	0	3.15544e-30	0	1.26218e-29	0	1.24862e-29	0	0	0	3.01986e-30	0	3.15544e-30	0	0	0	2.5108e-29	0	3.15544e-30	0	0	0	4.89094e-29	0	0	0	0	0	0	0	2.5108e-29	0	0	0	2.52435e-29	0	1.57772e-30	0
3.45743e-29	0	9.33075e-30	0	0	0	3.01986e-30	0	3.01986e-30	0	2.07569e-29	0	4.73317e-29	0	3.15544e-30	0	1.26218e-29	0	1.24862e-29	0	0	0	3.01986e-30	0	3.15544e-30	0	0	0	2.5108e-29	0	3.15544e-30	0	0	0	4.89094e-29	0	0	0	0	0	0	0	2.5108e-29	0	0	0	2.52435e-29	0	1.57772e-30	0
3.45743e-29	0	9.33075e-30	0	0	0	3.01986e-30	0	3.01986e-30	0	2.07569e-29	0	4.73317e-29	0	3.15544e-30	0	1.26218e-29	0	1.24862e-29	0	0	0	3.01986e-30	0	3.15544e-30	0	0	0	2.5108e-29	0	3.15544e-30	0	0	0	4.89094e-29	0	0	0	0	0	0	0	2.5108e-29	0	0	0	2.52435e-29	0	1.57772e-30	0
3.45743e-29	0	9.33075e-30	0	0	0	3.01986e-30	0	3.01986e-30	0	2.07569e-29	0	4.73317e-29	0	3.15544e-30	0	1.26218e-29	0	1.24862e-29	0	0	0	3.01986e-30	0	3.15544e-30	0	0	0	2.5108e-29	0	3.15544e-30	0	0	0	4.89094e-29	0	0	0	0	0	0	0	2.5108e-29	0	0	0	2.52435e-29	0	1.57772e-30	0
3.45743e-29	0	9.33075e-30	0	0	0	3.01986e-30	0	3.01986e-30	0	2.07569e-29	0	4.73317e-29	0	3.15544e-30	0	1.26218e-29	0	1.24862e-29	0	0	0	3.01986e-30	0	3.15544e-30	0	0	0	2.5108e-29	0	3.15544e-30	0	0	0	4.89094e-29	0	0	0	0	0	0	0	2.5108e-29	0	0	0	2.52435e-29	0	1.57772e-30	0
3.45743e-29	0	9.33075e-30	0	0	0	3.01986e-30	0	3.01986e-30	0	2.07569e-29	0	4.73317e-29	0	3.15544e-30	0	1.26218e-29	0	1.24862e-29	0	0	0	3.01986e-30	0	3.15544e-30	0	0	0	2.5108e-29	0	3.15544e-30	0	0	0	4.89094e-29	0	0	0	0	0	0	0	2.5108e-29	0	0	0	2.52435e-29	0	1.57772e-30	0
3.45743e-29	0	9.33075e-30	0	0	0	3.01986e-30	0	3.01986e-30	0	2.07569e-29	0	4.73317e-29	0	3.15544e-30	0	1.26218e-29	0	1.24862e-29	0	0	0	3.01986e-30	0	3.15544e-30	0	0	0	2.5108e-29	0	3.15544e-30	0	0	0	4.89094e-29	0	0	0	0	0	0	0	2.5108e-29	0	0	0	2.52435e-29	0	1.57772e-30	0
3.45743e-29	0	9.33075e-30	0	0	0	3.01986e-30	0	3.01986e-30	0	2.07569e-29	0	4.73317e-29	0	3.15544e-30	0	1.26218e-29	0	1.24862e-29	0	0	0	3.01986e-30	0	3.15544e-30	0	0	0	2.5108e-29	0	3.15544e-30	0	0	0	4.89094e-29	0	0	0	0	0	0	0	2.5108e-29	0	0	0	2.52435e-29	0	1.57772e-30	0
3.45743e-29	0	9.33075e-30	0	0	0	3.01986e-30	0	3.01986e-30	0	2.07569e-29	0	4.73317e-29	0	3.15544e-30	0	1.26218e-29	0	1.24862e-29	0	0	0	3.01986e-30	0	3.15544e-30	0	0	0	2.5108e-29	0	3.15544e-30	0	0	0	4.89094e-29	0	0	0	0	0	0	0	2.5108e-29	0	0	0	2.52435e-29	0	1.57772e-30	0
3.45743e-29	0	9.33075e-30	0	0	0	3.01986e-30	0	3.01986e-30	0	2.07569e-29	0	4.73317e-29	0	3.15544e-30	0	1.26218e-29	0	1.24862e-29	0	0	0	3.01986e-30	0	3.15544e-30	0	0	0	2.5108e-29	0	3.15544e-30	0	0	0	4.89094e-29	0	0	0	0	0	0	0	2.5108e-29	0	0	0	2.52435e-29	0	1.57772e-30	0
3.45743e-29	0	9.33075e-30	0	0	0	3.01986e-30	0	3.01986e-30	0	2.07569e-29	0	4.73317e-29	0	3.15544e-30	0	1.26218e-29	0	1.24862e-29	0	0	0	3.01986e-30	0	3.15544e-30	0	0	0	2.5108e-29	0	3.15544e-30	0	0	0	4.89094e-29	0	0	0	0	0	0	0	2.5108e-29	0	0	0	2.52435e-29	0	1.57772e-30	0
3.45743e-29	0	9.33075e-30	0	0	0	3.01986e-30	0	3.01986e-30	0	2.07569e-29	0	4.73317e-29	0	3.15544e-30	0	1.26218e-29	0	1.24862e-29	0	0	0	3.01986e-30	0	3.15544e-30	0	0	0	2.5108e-29	0	3.15544e-30	0	0	0	4.89094e-29	0	0	0	0	0	0	0	2.5108e-29	0	0	0	2.52435e-29	0	1.57772e-30	0
3.45743e-29	0	9.33075e-30	0	0	0	3.01986e-30	0	3.01986e-30	0	2.07569e-29	0	4.73317e-29	0	3.15544e-30	0	1.26218e-29	0	1.24862e-29	0	0	0	3.01986e-30	0	3.15544e-30	0	0	0	2.5108e-29	0	3.15544e-30	0	0	0	4.89094e-29	0	0	0	0	0	0	0	2.5108e-29	0	0	0	2.52435e-29	0	1.57772e-30	0
3.45743e-29	0	9.33075e-30	0	0	0	3.01986e-30	0	3.01986e-30	0	2.07569e-29	0	4.73317e-29	0	3.15544e-30	0	1.26218e-29	0	1.24862e-29	0	0	0	3.01986e-30	0	3.15544e-30	0	0	0	2.5108e-29	0	3.15544e-30	0	0	0	4.89094e-29	0	0	0	0	0	0	0	2.5108e-29	0	0	0	2.52435e-29	0	1.57772e-30	0
3.45743e-29	0	9.33075e-30	0	0	0	3.01986e-30	0	3.01986e-30	0	2.07569e-29	0	4.73317e-29	0	3.15544e-30	0	1.26218e-29	0	1.24862e-29	0	0	0	3.01986e-30	0	3.15544e-30	0	0	0	2.5108e-29	0	3.15544e-30	0	0	0	4.89094e-29	0	0	0	0	0	0	0	2.5108e-29	0	0	0	2.52435e-29	0	1.57772e-30	0
3.45743e-29	0	9.33075e-30	0	0	0	3.01986e-30	0	3.01986e-30	0	2.07569e-29	0	4.73317e-29	0	3.15544e-30	0	1.26218e-29	0	1.24862e-29	0	0	0	3.01986e-30	0	3.15544e-30	0	0	0	2.5108e-29	0	3.15544e-30	0	0	0	4.89094e-29	0	0	0	0	0	0	0	2.5108e-29	0	0	0	2.52435e-29	0	1.57772e-30	0
3.45743e-29	0	9.33075e-30	0	0	0	3.01986e-30	0	3.01986e-30	0	2.07569e-29	0	4.73317e-29	0	3.15544e-30	0	1.26218e-29	0	1.24862e-29	0	0	0	3.01986e-30	0	3.15544e-30	0	0	0	2.5108e-29	0	3.15544e-30	0	0	0	4.89094e-29	0	0	0	0	0	0	0	2.5108e-29	0	0	0	2.52435e-29	0	1.57772e-30	0
3.45743e-29	0	9.33075e-30	0	0	0	3.01986e-30	0	3.01986e-30	0	2.07569e-29	0	4.73317e-29	0	3.15544e-30	0	1.26218e-29	0	1.24862e-29	0	0	0	3.01986e-30	0	3.15544e-30	0	0	0	2.5108e-29	0	3.15544e-30	0	0	0	4.89094e-29	0	0	0	0	0	0	0	2.5108e-29	0	0	0	2.52435e-29	0	1.57772e-30	0
3.45743e-29	0	9.33075e-30	0	0	0	3.01986e-30	0	3.01986e-30	0	2.07569e-29	0	4.73317e-29	0	3.15544e-30	0	1.26218e-29	0	1.24862e-29	0	0	0	3.01986e-30	0	3.15544e-30	0	0	0	2.5108e-29	0	3.15544e-30	0	0	0	4.89094e-29	0	0	0	0	0	0	0	2.5108e-29	0	0	0	2.52435e-29	0	1.57772e-30	0
3.45743e-29	0	9.33075e-30	0	0	0	3.01986e-30	0	3.01986e-30	0	2.07569e-29	0	4.73317e-29	0	3.15544e-30	0	1.26218e-29	0	1.24862e-29	0	0	0	3.01986e-30	0	3.15544e-30	0	0	0	2.5108e-29	0	3.15544e-30	0	0	0	4.89094e-29	0	0	0	0	0	0	0	2.5108e-29	0	0	0	2.52435e-29	0	1.57772e-30	0
3.45743e-29	0	9.33075e-30	0	0	0	3.01986e-30	0	3.01986e-30	0	2.07569e-29	0	4.73317e-29	0	3.15544e-30	0	1.26218e-29	0	1.24862e-29	0	0	0	3.01986e-30	0	3.15544e-30	0	0	0	2.5108e-29	0	3.15544e-30	0	0	0	4.89094e-29	0	0	0	0	0	0	0	2.5108e-29	0	0	0	2.52435e-29	0	1.57772e-30	0
3.45743e-29	0	9.33075e-30	0	0	0	3.01986e-30	0	3.01986e-30	0	2.07569e-29	0	4.73317e-29	0	3.15544e-30	0	1.26218e-29	0	1.24862e-29	0	0	0	3.01986e-30	0	3.15544e-30	0	0	0	2.5108e-29	0	3.15544e-30	0	0	0	4.89094e-29	0	0	0	0	0	0	0	2.5108e-29	0	0	0	2.52435e-29	0	1.57772e-30	0
3.45743e-29	0	9.33075e-30	0	0	0	3.01986e-30	0	3.01986e-30	0	2.07569e-29	0	4.73317e-29	0	3.15544e-30	0	1.26218e-29	0	1.24862e-29	0	0	0	3.01986e-30	0	3.15544e-30	0	0	0	2.5108e-29	0	3.15544e-30	0	0	0	4.89094e-29	0	0	0	0	0	0	0	2.5108e-29	0	0	0	2.52435e-29	0	1.57772e-30	0
3.45743e-29	0	9.33075e-30	0	0	0	3.01986e-30	0	3.01986e-30	0	2.07569e-29	0	4.73317e-29	0	3.15544e-30	0	1.26218e-29	0	1.24862e-29	0	0	0	3.01986e-30	0	3.15544e-30	0	0	0	2.5108e-29	0	3.15544e-30	0	0	0	4.89094e-29	0	0	0	0	0	0	0	2.5108e-29	0	0	0	2.52435e-29	0	1.57772e-30	0
3.45743e-29	0	9.33075e-30	0	0	0	3.01986e-30	0	3.01986e-30	0	2.07569e-29	0	4.73317e-29	0	3.15544e-30	0	1.26218e-29	0	1.24862e-29	0	0	0	3.01986e-30	0	3.15544e-30	0	0	0	2.5108e-29	0	3.15544e-30	0	0	0	4.89094e-29	0	0	0	0	0	0	0	2.5108e-29	0	0	0	2.52435e-29	0	1.57772e-30	0
3.45743e-29	0	9.33075e-30	0	0	0	3.01986e-30	0	3.01986e-30	0	2.07569e-29	0	4.73317e-29	0	3.15544e-30	0	1.26218e-29	0	1.24862e-29	0	0	0	3.01986e-30	0	3.15544e-30	0	0	0	2.5108e-29	0	3.15544e-30	0	0	0	4.89094e-29	0	0	0	0	0	0	0	2.5108e-29	0	0	0	2.52435e-29	0	1.57772e-30	0
3.45743e-29	0	9.33075e-30	0	0	0	3.01986e-30	0	3.01986e-30	0	2.07569e-29	0	4.73317e-29	0	3.15544e-30	0	1.26218e-29	0	1.24862e-29	0	0	0	3.01986e-30	0	3.15544e-30	0	0	0	2.5108e-29	0	3.15544e-30	0	0	0	4.89094e-29	0	0	0	0	0	0	0	2.5108e-29	0	0	0	2.52435e-29	0	1.57772e-30	0
3.45743e-29	0	9.33075e-30	0	0	0	3.01986e-30	0	3.01986e-30	0	2.07569e-29	0	4.73317e-29	0	3.15544e-30	0	1.26218e-29	0	1.24862e-29	0	0	0	3.01986e-30	0	3.15544e-30	0	0	0	2.5108e-29	0	3.15544e-30	0	0	0	4.89094e-29	0	0	0	0	0	0	0	2.5108e-29	0	0	0	2.52435e-29	0	1.57772e-30	0
3.45743e-29	0	9.33075e-30	0	0	0	3.01986e-30	0	3.01986e-30	0	2.07569e-29	0	4.73317e-29	0	3.15544e-30	0	1.26218e-29	0	1.24862e-29	0	0	0	3.01986e-30	0	3.15544e-30	0	0	0	2.5108e-29	0	3.15544e-30	0	0	0	4.89094e-29	0	0	0	0	0	0	0	2.5108e-29	0	0	0	2.52435e-29	0	1.57772e-30	0
3.45743e-29	0	9.33075e-30	0	0	0	3.01986e-30	0	3.01986e-30	0	2.07569e-29	0	4.73317e-29	0	3.15544e-30	0	1.26218e-29	0	1.24862e-29	0	0	0	3.01986e-30	0	3.15544e-30	0	0	0	2.5108e-29	0	3.15544e-30	0	0	0	4.89094e-29	0	0	0	0	0	0	0	2.5108e-29	0	0	0	2.52435e-29	0	1.57772e-30	0
3.45743e-29	0	9.33075e-30	0	0	0	3.01986e-30	0	3.01986e-30	0	2.07569e-29	0	4.73317e-29	0	3.15544e-30	0	1.26218e-29	0	1.24862e-29	0	0	0	3.01986e-30	0	3.15544e-30	0	0	0	2.5108e-29	0	3.15544e-30	0	0	0	4.89094e-29	0	0	0	0	0	0	0	2.5108e-29	0	0	0	2.52435e-29	0	1.57772e-30	0
3.45743e-29	0	9.33075e-30	0	0	0	3.01986e-30	0	3.01986e-30	0	2.07569e-29	0	4.73317e-29	0	3.15544e-30	0	1.26218e-29	0	1.24862e-29	0	0	0	3.01986e-30	0	3.15544e-30	0	0	0	2.5108e-29	0	3.15544e-30	0	0	0	4.89094e-29	0	0	0	0	0	0	0	2.5108e-29	0	0	0	2.52435e-29	0	1.57772e-30	0
3.45743e-29	0	9.33075e-30	0	0	0	3.01986e-30	0	3.01986e-30	0	2.07569e-29	0	4.73317e-29	0	3.15544e-30	0	1.26218e-29	0	1.24862e-29	0	0	0	3.01986e-30	0	3.15544e-30	0	0	0	2.5108e-29	0	3.15544e-30	0	0	0	4.89094e-29	0	0	0	0	0	0	0	2.5108e-29	0	0	0	2.52435e-29	0	1.57772e-30	0
3.45743e-29	0	9.33075e-30	0	0	0	3.01986e-30	0	3.01986e-30	0	2.07569e-29	0	4.73317e-29	0	3.15544e-30	0	1.26218e-29	0	1.24862e-29	0	0	0	3.01986e-30	0	3.15544e-30	0	0	0	2.5108e-29	0	3.15544e-30	0	0	0	4.89094e-29	0	0	0	0	0	0	0	2.5108e-29	0	0	0	2.52435e-29	0	1.57772e-30	0
3.45743e-29	0	9.33075e-30	0	0	0	3.01986e-30	0	3.01986e-30	0	2.07569e-29	0	4.73317e-29	0	3.15544e-30	0	1.26218e-29	0	1.24862e-29	0	0	0	3.01986e-30	0	3.15544e-30	0	0	0	2.5108e-29	0	3.15544e-30	0	0	0	4.89094e-29	0	0	0	0	0	0	0	2.5108e-29	0	0	0	2.52435e-29	0	1.57772e-30	0
3.45743e-29	0	9.33075e-30	0	0	0	3.01986e-30	0	3.01986e-30	0	2.07569e-29	0	4.73317e-29	0	3.15544e-30	0	1.26218e-29	0	1.24862e-29	0	0	0	3.01986e-30	0	3.15544e-30	0	0	0	2.5108e-29	0	3.15544e-30	0	0	0	4.89094e-29	0	0	0	0	0	0	0	2.5108e-29	0	0	0	2.52435e-29	0	1.57772e-30	0
3.45743e-29	0	9.33075e-30	0	0	0	3.01986e-30	0	3.01986e-30	0	2.07569e-29	0	4.73317e-29	0	3.15544e-30	0	1.26218e-29	0	1.24862e-29	0	0	0	3.01986e-30	0	3.15544e-30	0	0	0	2.5108e-29	0	3.15544e-30	0	0	0	4.89094e-29	0	0	0	0	0	0	0	2.5108e-29	0	0	0	2.52435e-29	0	1.57772e-30	0
3.45743e-29	0	9.33075e-30	0	0	0	3.01986e-30	0	3.01986e-30	0	2.07569e-29	0	4.73317e-29	0	3.15544e-30	0	1.26218e-29	0	1.24862e-29	0	0	0	3.01986e-30	0	3.15544e-30	0	0	0	2.5108e-29	0	3.15544e-30	0	0	0	4.89094e-29	0	0	0	0	0	0	0	2.5108e-29	0	0	0	2.52435e-29	0	1.57772e-30	0
3.45743e-29	0	9.33075e-30	0	0	0	3.01986e-30	0	3.01986e-30	0	2.07569e-29	0	4.73317e-29	0	3.15544e-30	0	1.26218e-29	0	1.24862e-29	0	0	0	3.01986e-30	0	3.15544e-30	0	0	0	2.5108e-29	0	3.15544e-30	0	0	0	4.89094e-29	0	0	0	0	0	0	0	2.5108e-29	0	0	0	2.52435e-29	0	1.57772e-30	0
3.45743e-29	0	9.33075e-30	0	0	0	3.01986e-30	0	3.01986e-30	0	2.07569e-29	0	4.73317e-29	0	3.15544e-30	0	1.26218e-29	0	1.24862e-29	0	0	0	3.01986e-30	0	3.15544e-30	0	0	0	2.5108e-29	0	3.15544e-30	0	0	0	4.89094e-29	0	0	0	0	0	0	0	2.5108e-29	0	0	0	2.52435e-29	0	1.57772e-30	0
3.45743e-29	0	9.33075e-30	0	0	0	3.01986e-30	0	3.01986e-30	0	2.07569e-29	0	4.73317e-29	0	3.15544e-30	0	1.26218e-29	0	1.24862e-29	0	0	0	3.01986e-30	0	3.15544e-30	0	0	0	2.5108e-29	0	3.15544e-30	0	0	0	4.89094e-29	0	0	0	0	0	0	0	2.5108e-29	0	0	0	2.52435e-29	0	1.57772e-30	0
3.45743e-29	0	9.33075e-30	0	0	0	3.01986e-30	0	3.01986e-30	0	2.07569e-29	0	4.73317e-29	0	3.15544e-30	0	1.26218e-29	0	1.24862e-29	0	0	0	3.01986e-30	0	3.15544e-30	0	0	0	2.5108e-29	0	3.15544e-30	0	0	0	4.89094e-29	0	0	0	0	0	0	0	2.5108e-29	0	0	0	2.52435e-29	0	1.57772e-30	0
3.45743e-29	0	9.33075e-30	0	0	0	3.01986e-30	0	3.01986e-30	0	2.07569e-29	0	4.73317e-29	0	3.15544e-30	0	1.26218e-29	0	1.24862e-29	0	0	0	3.01986e-30	0	3.15544e-30	0	0	0	2.5108e-29	0	3.15544e-30	0	0	0	4.89094e-29	0	0	0	0	0	0	0	2.5108e-29	0	0	0	2.52435e-29	0	1.57772e-30	0
3.45743e-29	0	9.33075e-30	0	0	0	3.01986e-30	0	3.01986e-30	0	2.07569e-29	0	4.73317e-29	0	3.15544e-30	0	1.26218e-29	0	1.24862e-29	0	0	0	3.01986e-30	0	3.15544e-30	0	0	0	2.5108e-29	0	3.15544e-30	0	0	0	4.89094e-29	0	0	0	0	0	0	0	2.5108e-29	0	0	0	2.52435e-29	0	1.57772e-30	0
3.45743e-29	0	9.33075e-30	0	0	0	3.01986e-30	0	3.01986e-30	0	2.07569e-29	0	4.73317e-29	0	3.15544e-30	0	1.26218e-29	0	1.24862e-29	0	0	0	3.01986e-30	0	3.15544e-30	0	0	0	2.5108e-29	0	3.15544e-30	0	0	0	4.89094e-29	0	0	0	0	0	0	0	2.5108e-29	0	0	0	2.52435e-29	0	1.57772e-30	0
3.45743e-29	0	9.33075e-30	0	0	0	3.01986e-30	0	3.01986e-30	0	2.07569e-29	0	4.73317e-29	0	3.15544e-30	0	1.26218e-29	0	1.24862e-29	0	0	0	3.01986e-30	0	3.15544e-30	0	0	0	2.5108e-29	0	3.15544e-30	0	0	0	4.89094e-29	0	0	0	0	0	0	0	2.5108e-29	0	0	0	2.52435e-29	0	1.57772e-30	0
3.45743e-29	0	9.33075e-30	0	0	0	3.01986e-30	0	3.01986e-30	0	2.07569e-29	0	4.73317e-29	0	3.15544e-30	0	1.26218e-29	0	1.24862e-29	0	0	0	3.01986e-30	0	3.15544e-30	0	0	0	2.5108e-29	0	3.15544e-30	0	0	0	4.89094e-29	0	0	0	0	0	0	0	2.5108e-29	0	0	0	2.52435e-29	0	1.57772e-30	0
3.45743e-29	0	9.33075e-30	0	0	0	3.01986e-30	0	3.01986e-30	0	2.07569e-29	0	4.73317e-29	0	3.15544e-30	0	1.26218e-29	0	1.24862e-29	0	0	0	3.01986e-30	0	3.15544e-30	0	0	0	2.5108e-29	0	3.15544e-30	0	0	0	4.89094e-29	0	0	0	0	0	0	0	2.5108e-29	0	0	0	2.52435e-29	0	1.57772e-30	0
3.45743e-29	0	9.33075e-30	0	0	0	3.01986e-30	0	3.01986e-30	0	2.07569e-29	0	4.73317e-29	0	3.15544e-30	0	1.26218e-29	0	1.24862e-29	0	0	0	3.01986e-30	0	3.15544e-30	0	0	0	2.5108e-29	0	3.15544e-30	0	0	0	4.89094e-29	0	0	0	0	0	0	0	2.5108e-29	0	0	0	2.52435e-29	0	1.57772e-30	0
3.45743e-29	0	9.33075e-30	0	0	0	3.01986e-30	0	3.01986e-30	0	2.07569e-29	0	4.73317e-29	0	3.15544e-30	0	1.26218e-29	0	1.24862e-29	0	0	0	3.01986e-30	0	3.15544e-30	0	0	0	2.5108e-29	0	3.15544e-30	0	0	0	4.89094e-29	0	0	0	0	0	0	0	2.5108e-29	0	0	0	2.52435e-29	0	1.57772e-30	0
3.45743e-29	0	9.33075e-30	0	0	0	3.01986e-30	0	3.01986e-30	0	2.07569e-29	0	4.73317e-29	0	3.15544e-30	0	1.26218e-29	0	1.24862e-29	0	0	0	3.01986e-30	0	3.15544e-30	0	0	0	2.5108e-29	0	3.15544e-30	0	0	0	4.89094e-29	0	0	0	0	0	0	0	2.5108e-29	0	0	0	2.52435e-29	0	1.57772e-30	0
3.45743e-29	0	9.33075e-30	0	0	0	3.01986e-30	0	3.01986e-30	0	2.07569e-29	0	4.73317e-29	0	3.15544e-30	0	1.26218e-29	0	1.24862e-29	0	0	0	3.01986e-30	0	3.15544e-30	0	0	0	2.5108e-29	0	3.15544e-30	0	0	0	4.89094e-29	0	0	0	0	0	0	0	2.5108e-29	0	0	0	2.52435e-29	0	1.57772e-30	0
3.45743e-29	0	9.33075e-30	0	0	0	3.01986e-30	0	3.01986e-30	0	2.07569e-29	0	4.73317e-29	0	3.15544e-30	0	1.26218e-29	0	1.24862e-29	0	0	0	3.01986e-30	0	3.15544e-30	0	0	0	2.5108e-29	0	3.15544e-30	0	0	0	4.89094e-29	0	0	0	0	0	0	0	2.5108e-29	0	0	0	2.52435e-29	0	1.57772e-30	0
3.45743e-29	0	9.33075e-30	0	0	0	3.01986e-30	0	3.01986e-30	0	2.07569e-29	0	4.73317e-29	0	3.15544e-30	0	1.26218e-29	0	1.24862e-29	0	0	0	3.01986e-30	0	3.15544e-30	0	0	0	2.5108e-29	0	3.15544e-30	0	0	0	4.89094e-29	0	0	0	0	0	0	0	2.5108e-29	0	0	0	2.52435e-29	0	1.57772e-30	0
3.45743e-29	0	9.33075e-30	0	0	0	3.01986e-30	0	3.01986e-30	0	2.07569e-29	0	4.73317e-29	0	3.15544e-30	0	1.26218e-29	0	1.24862e-29	0	0	0	3.01986e-30	0	3.15544e-30	0	0	0	2.5108e-29	0	3.15544e-30	0	0	0	4.89094e-29	0	0	0	0	0	0	0	2.5108e-29	0	0	0	2.52435e-29	0	1.57772e-30	0
3.45743e-29	0	9.33075e-30	0	0	0	3.01986e-30	0	3.01986e-30	0	2.07569e-29	0	4.73317e-29	0	3.15544e-30	0	1.26218e-29	0	1.24862e-29	0	0	0	3.01986e-30	0	3.15544e-30	0	0	0	2.5108e-29	0	3.15544e-30	0	0	0	4.89094e-29	0	0	0	0	0	0	0	2.5108e-29	0	0	0	2.52435e-29	0	1.57772e-30	0
3.45743e-29	0	9.33075e-30	0	0	0	3.01986e-30	0	3.01986e-30	0	2.07569e-29	0	4.73317e-29	0	3.15544e-30	0	1.26218e-29	0	1.24862e-29	0	0	0	3.01986e-30	0	3.15544e-30	0	0	0	2.5108e-29	0	3.15544e-30	0	0	0	4.89094e-29	0	0	0	0	0	0	0	2.5108e-29	0	0	0	2.52435e-29	0	1.57772e-30	0
3.45743e-29	0	9.33075e-30	0	0	0	3.01986e-30	0	3.01986e-30	0	2.07569e-29	0	4.73317e-29	0	3.15544e-30	0	1.26218e-29	0	1.24862e-29	0	0	0	3.01986e-30	0	3.15544e-30	0	0	0	2.5108e-29	0	3.15544e-30	0	0	0	4.89094e-29	0	0	0	0	0	0	0	2.5108e-29	0	0	0	2.52435e-29	0	1.57772e-30	0
3.45743e-29	0	9.33075e-30	0	0	0	3.01986e-30	0	3.01986e-30	0	2.07569e-29	0	4.73317e-29	0	3.15544e-30	0	1.26218e-29	0	1.24862e-29	0	0	0	3.01986e-30	0	3.15544e-30	0	0	0	2.5108e-29	0	3.15544e-30	0	0	0	4.89094e-29	0	0	0	0	0	0	0	2.5108e-29	0	0	0	2.52435e-29	0	1.57772e-30	0
3.45743e-29	0	9.33075e-30	0	0	0	3.01986e-30	0	3.01986e-30	0	2.07569e-29	0	4.73317e-29	0	3.15544e-30	0	1.26218e-29	0	1.24862e-29	0	0	0	3.01986e-30	0	3.15544e-30	0	0	0	2.5108e-29	0	3.15544e-30	0	0	0	4.89094e-29	0	0	0	0	0	0	0	2.5108e-29	0	0	0	2.52435e-29	0	1.57772e-30	0
3.45743e-29	0	9.33075e-30	0	0	0	3.01986e-30	0	3.01986e-30	0	2.07569e-29	0	4.73317e-29	0	3.15544e-30	0	1.26218e-29	0	1.24862e-29	0	0	0	3.01986e-30	0	3.15544e-30	0	0	0	2.5108e-29	0	3.15544e-30	0	0	0	4.89094e-29	0	0	0	0	0	0	0	2.5108e-29	0	0	0	2.52435e-29	0	1.57772e-30	0
3.45743e-29	0	9.33075e-30	0	0	0	3.01986e-30	0	3.01986e-30	0	2.07569e-29	0	4.73317e-29	0	3.15544e-30	0	1.26218e-29	0	1.24862e-29	0	0	0	3.01986e-30	0	3.15544e-30	0	0	0	2.5108e-29	0	3.15544e-30	0	0	0	4.89094e-29	0	0	0	0	0	0	0	2.5108e-29	0	0	0	2.52435e-29	0	1.57772e-30	0
3.45743e-29	0	9.33075e-30	0	0	0	3.01986e-30	0	3.01986e-30	0	2.07569e-29	0	4.73317e-29	0	3.15544e-30	0	1.26218e-29	0	1.24862e-29	0	0	0	3.01986e-30	0	3.15544e-30	0	0	0	2.5108e-29	0	3.15544e-30	0	0	0	4.89094e-29	0	0	0	0	0	0	0	2.5108e-29	0	0	0	2.52435e-29	0	1.57772e-30	0
3.45743e-29	0	9.33075e-30	0	0	0	3.01986e-30	0	3.01986e-30	0	2.07569e-29	0	4.73317e-29	0	3.15544e-30	0	1.26218e-29	0	1.24862e-29	0	0	0	3.01986e-30	0	3.15544e-30	0	0	0	2.5108e-29	0	3.15544e-30	0	0	0	4.89094e-29	0	0	0	0	0	0	0	2.5108e-29	0	0	0	2.52435e-29	0	1.57772e-30	0
3.45743e-29	0	9.33075e-30	0	0	0	3.01986e-30	0	3.01986e-30	0	2.07569e-29	0	4.73317e-29	0	3.15544e-30	0	1.26218e-29	0	1.24862e-29	0	0	0	3.01986e-30	0	3.15544e-30	0	0	0	2.5108e-29	0	3.15544e-30	0	0	0	4.89094e-29	0	0	0	0	0	0	0	2.5108e-29	0	0	0	2.52435e-29	0	1.57772e-30	0
3.45743e-29	0	9.33075e-30	0	0	0	3.01986e-30	0	3.01986e-30	0	2.07569e-29	0	4.73317e-29	0	3.15544e-30	0	1.26218e-29	0	1.24862e-29	0	0	0	3.01986e-30	0	3.15544e-30	0	0	0	2.5108e-29	0	3.15544e-30	0	0	0	4.89094e-29	0	0	0	0	0	0	0	2.5108e-29	0	0	0	2.52435e-29	0	1.57772e-30	0
3.45743e-29	0	9.33075e-30	0	0	0	3.01986e-30	0	3.01986e-30	0	2.07569e-29	0	4.73317e-29	0	3.15544e-30	0	1.26218e-29	0	1.24862e-29	0	0	0	3.01986e-30	0	3.15544e-30	0	0	0	2.5108e-29	0	3.15544e-30	0	0	0	4.89094e-29	0	0	0	0	0	0	0	2.5108e-29	0	0	0	2.52435e-29	0	1.57772e-30	0
3.45743e-29	0	9.33075e-30	0	0	0	3.01986e-30	0	3.01986e-30	0	2.07569e-29	0	4.73317e-29	0	3.15544e-30	0	1.26218e-29	0	1.24862e-29	0	0	0	3.01986e-30	0	3.15544e-30	0	0	0	2.5108e-29	0	3.15544e-30	0	0	0	4.89094e-29	0	0	0	0	0	0	0	2.5108e-29	0	0	0	2.52435e-29	0	1.57772e-30	0
3.45743e-29	0	9.33075e-30	0	0	0	3.01986e-30	0	3.01986e-30	0	2.07569e-29	0	4.73317e-29	0	3.15544e-30	0	1.26218e-29	0	1.24862e-29	0	0	0	3.01986e-30	0	3.15544e-30	0	0	0	2.5108e-29	0	3.15544e-30	0	0	0	4.89094e-29	0	0	0	0	0	0	0	2.5108e-29	0	0	0	2.52435e-29	0	1.57772e-30	0
3.45743e-29	0	9.33075e-30	0	0	0	3.01986e-30	0	3.01986e-30	0	2.07569e-29	0	4.73317e-29	0	3.15544e-30	0	1.26218e-29	0	1.24862e-29	0	0	0	3.01986e-30	0	3.15544e-30	0	0	0	2.5108e-29	0	3.15544e-30	0	0	0	4.89094e-29	0	0	0	0	0	0	0	2.5108e-29	0	0	0	2.52435e-29	0	1.57772e-30	0
3.45743e-29	0	9.33075e-30	0	0	0	3.01986e-30	0	3.01986e-30	0	2.07569e-29	0	4.73317e-29	0	3.15544e-30	0	1.26218e-29	0	1.24862e-29	0	0	0	3.01986e-30	0	3.15544e-30	0	0	0	2.5108e-29	0	3.15544e-30	0	0	0	4.89094e-29	0	0	0	0	0	0	0	2.5108e-29	0	0	0	2.52435e-29	0	1.57772e-30	0
3.45743e-29	0	9.33075e-30	0	0	0	3.01986e-30	0	3.01986e-30	0	2.07569e-29	0	4.73317e-29	0	3.15544e-30	0	1.26218e-29	0	1.24862e-29	0	0	0	3.01986e-30	0	3.15544e-30	0	0	0	2.5108e-29	0	3.15544e-30	0	0	0	4.89094e-29	0	0	0	0	0	0	0	2.5108e-29	0	0	0	2.52435e-29	0	1.57772e-30	0
3.45743e-29	0	9.33075e-30	0	0	0	3.01986e-30	0	3.01986e-30	0	2.07569e-29	0	4.73317e-29	0	3.15544e-30	0	1.26218e-29	0	1.24862e-29	0	0	0	3.01986e-30	0	3.15544e-30	0	0	0	2.5108e-29	0	3.15544e-30	0	0	0	4.89094e-29	0	0	0	0	0	0	0	2.5108e-29	0	0	0	2.52435e-29	0	1.57772e-30	0
3.45743e-29	0	9.33075e-30	0	0	0	3.01986e-30	0	3.01986e-30	0	2.07569e-29	0	4.73317e-29	0	3.15544e-30	0	1.26218e-29	0	1.24862e-29	0	0	0	3.01986e-30	0	3.15544e-30	0	0	0	2.5108e-29	0	3.15544e-30	0	0	0	4.89094e-29	0	0	0	0	0	0	0	2.5108e-29	0	0	0	2.52435e-29	0	1.57772e-30	0
3.45743e-29	0	9.33075e-30	0	0	0	3.01986e-30	0	3.01986e-30	0	2.07569e-29	0	4.73317e-29	0	3.15544e-30	0	1.26218e-29	0	1.24862e-29	0	0	0	3.01986e-30	0	3.15544e-30	0	0	0	2.5108e-29	0	3.15544e-30	0	0	0	4.89094e-29	0	0	0	0	0	0	0	2.5108e-29	0	0	0	2.52435e-29	0	1.57772e-30	0
3.45743e-29	0	9.33075e-30	0	0	0	3.01986e-30	0	3.01986e-30	0	2.07569e-29	0	4.73317e-29	0	3.15544e-30	0	1.26218e-29	0	1.24862e-29	0	0	0	3.01986e-30	0	3.15544e-30	0	0	0	2.5108e-29	0	3.15544e-30	0	0	0	4.89094e-29	0	0	0	0	0	0	0	2.5108e-29	0	0	0	2.52435e-29	0	1.57772e-30	0
3.45743e-29	0	9.33075e-30	0	0	0	3.01986e-30	0	3.01986e-30	0	2.07569e-29	0	4.73317e-29	0	3.15544e-30	0	1.26218e-29	0	1.24862e-29	0	0	0	3.01986e-30	0	3.15544e-30	0	0	0	2.5108e-29	0	3.15544e-30	0	0	0	4.89094e-29	0	0	0	0	0	0	0	2.5108e-29	0	0	0	2.52435e-29	0	1.57772e-30	0
3.45743e-29	0	9.33075e-30	0	0	0	3.01986e-30	0	3.01986e-30	0	2.07569e-29	0	4.73317e-29	0	3.15544e-30	0	1.26218e-29	0	1.24862e-29	0	0	0	3.01986e-30	0	3.15544e-30	0	0	0	2.5108e-29	0	3.15544e-30	0	0	0	4.89094e-29	0	0	0	0	0	0	0	2.5108e-29	0	0	0	2.52435e-29	0	1.57772e-30	0
3.45743e-29	0	9.33075e-30	0	0	0	3.01986e-30	0	3.01986e-30	0	2.07569e-29	0	4.73317e-29	0	3.15544e-30	0	1.26218e-29	0	1.24862e-29	0	0	0	3.01986e-30	0	3.15544e-30	0	0	0	2.5108e-29	0	3.15544e-30	0	0	0	4.89094e-29	0	0	0	0	0	0	0	2.5108e-29	0	0	0	2.52435e-29	0	1.57772e-30	0
3.45743e-29	0	9.33075e-30	0	0	0	3.01986e-30	0	3.01986e-30	0	2.07569e-29	0	4.73317e-29	0	3.15544e-30	0	1.26218e-29	0	1.24862e-29	0	0	0	3.01986e-30	0	3.15544e-30	0	0	0	2.5108e-29	0	3.15544e-30	0	0	0	4.89094e-29	0	0	0	0	0	0	0	2.5108e-29	0	0	0	2.52435e-29	0	1.57772e-30	0
3.45743e-29	0	9.33075e-30	0	0	0	3.01986e-30	0	3.01986e-30	0	2.07569e-29	0	4.73317e-29	0	3.15544e-30	0	1.26218e-29	0	1.24862e-29	0	0	0	3.01986e-30	0	3.15544e-30	0	0	0	2.5108e-29	0	3.15544e-30	0	0	0	4.89094e-29	0	0	0	0	0	0	0	2.5108e-29	0	0	0	2.52435e-29	0	1.57772e-30	0
3.45743e-29	0	9.33075e-30	0	0	0	3.01986e-30	0	3.01986e-30	0	2.07569e-29	0	4.73317e-29	0	3.15544e-30	0	1.26218e-29	0	1.24862e-29	0	0	0	3.01986e-30	0	3.15544e-30	0	0	0	2.5108e-29	0	3.15544e-30	0	0	0	4.89094e-29	0	0	0	0	0	0	0	2.5108e-29	0	0	0	2.52435e-29	0	1.57772e-30	0
3.45743e-29	0	9.33075e-30	0	0	0	3.01986e-30	0	3.01986e-30	0	2.07569e-29	0	4.73317e-29	0	3.15544e-30	0	1.26218e-29	0	1.24862e-29	0	0	0	3.01986e-30	0	3.15544e-30	0	0	0	2.5108e-29	0	3.15544e-30	0	0	0	4.89094e-29	0	0	0	0	0	0	0	2.5108e-29	0	0	0	2.52435e-29	0	1.57772e-30	0
3.45743e-29	0	9.33075e-30	0	0	0	3.01986e-30	0	3.01986e-30	0	2.07569e-29	0	4.73317e-29	0	3.15544e-30	0	1.26218e-29	0	1.24862e-29	0	0	0	3.01986e-30	0	3.15544e-30	0	0	0	2.5108e-29	0	3.15544e-30	0	0	0	4.89094e-29	0	0	0	0	0	0	0	2.5108e-29	0	0	0	2.52435e-29	0	1.57772e-30	0
3.45743e-29	0	9.33075e-30	0	0	0	3.01986e-30	0	3.01986e-30	0	2.07569e-29	0	4.73317e-29	0	3.15544e-30	0	1.26218e-29	0	1.24862e-29	0	0	0	3.01986e-30	0	3.15544e-30	0	0	0	2.5108e-29	0	3.15544e-30	0	0	0	4.89094e-29	0	0	0	0	0	0	0	2.5108e-29	0	0	0	2.52435e-29	0	1.57772e-30	0
3.45743e-29	0	9.33075e-30	0	0	0	3.01986e-30	0	3.01986e-30	0	2.07569e-29	0	4.73317e-29	0	3.15544e-30	0	1.26218e-29	0	1.24862e-29	0	0	0	3.01986e-30	0	3.15544e-30	0	0	0	2.5108e-29	0	3.15544e-30	0	0	0	4.89094e-29	0	0	0	0	0	0	0	2.5108e-29	0	0	0	2.52435e-29	0	1.57772e-30	0
3.45743e-29	0	9.33075e-30	0	0	0	3.01986e-30	0	3.01986e-30	0	2.07569e-29	0	4.73317e-29	0	3.15544e-30	0	1.26218e-29	0	1.24862e-29	0	0	0	3.01986e-30	0	3.15544e-30	0	0	0	2.5108e-29	0	3.15544e-30	0	0	0	4.89094e-29	0	0	0	0	0	0	0	2.5108e-29	0	0	0	2.52435e-29	0	1.57772e-30	0
3.45743e-29	0	9.33075e-30	0	0	0	3.01986e-30	0	3.01986e-30	0	2.07569e-29	0	4.73317e-29	0	3.15544e-30	0	1.26218e-29	0	1.24862e-29	0	0	0	3.01986e-30	0	3.15544e-30	0	0	0	2.5108e-29	0	3.15544e-30	0	0	0	4.89094e-29	0	0	0	0	0	0	0	2.5108e-29	0	0	0	2.52435e-29	0	1.57772e-30	0
3.45743e-29	0	9.33075e-30	0	0	0	3.01986e-30	0	3.01986e-30	0	2.07569e-29	0	4.73317e-29	0	3.15544e-30	0	1.26218e-29	0	1.24862e-29	0	0	0	3.01986e-30	0	3.15544e-30	0	0	0	2.5108e-29	0	3.15544e-30	0	0	0	4.89094e-29	0	0	0	0	0	0	0	2.5108e-29	0	0	0	2.52435e-29	0	1.57772e-30	0
3.45743e-29	0	9.33075e-30	0	0	0	3.01986e-30	0	3.01986e-30	0	2.07569e-29	0	4.73317e-29	0	3.15544e-30	0	1.26218e-29	0	1.24862e-29	0	0	0	3.01986e-30	0	3.15544e-30	0	0	0	2.5108e-29	0	3.15544e-30	0	0	0	4.89094e-29	0	0	0	0	0	0	0	2.5108e-29	0	0	0	2.52435e-29	0	1.57772e-30	0
3.45743e-29	0	9.33075e-30	0	0	0	3.01986e-30	0	3.01986e-30	0	2.07569e-29	0	4.73317e-29	0	3.15544e-30	0	1.26218e-29	0	1.24862e-29	0	0	0	3.01986e-30	0	3.15544e-30	0	0	0	2.5108e-29	0	3.15544e-30	0	0	0	4.89094e-29	0	0	0	0	0	0	0	2.5108e-29	0	0	0	2.52435e-29	0	1.57772e-30	0
3.45743e-29	0	9.33075e-30	0	0	0	3.01986e-30	0	3.01986e-30	0	2.07569e-29	0	4.73317e-29	0	3.15544e-30	0	1.26218e-29	0	1.24862e-29	0	0	0	3.01986e-30	0	3.15544e-30	0	0	0	2.5108e-29	0	3.15544e-30	0	0	0	4.89094e-29	0	0	0	0	0	0	0	2.5108e-29	0	0	0	2.52435e-29	0	1.57772e-30	0
3.45743e-29	0	9.33075e-30	0	0	0	3.01986e-30	0	3.01986e-30	0	2.07569e-29	0	4.73317e-29	0	3.15544e-30	0	1.26218e-29	0	1.24862e-29	0	0	0	3.01986e-30	0	3.15544e-30	0	0	0	2.5108e-29	0	3.15544e-30	0	0	0	4.89094e-29	0	0	0	0	0	0	0	2.5108e-29	0	0	0	2.52435e-29	0	1.57772e-30	0
3.45743e-29	0	9.33075e-30	0	0	0	3.01986e-30	0	3.01986e-30	0	2.07569e-29	0	4.73317e-29	0	3.15544e-30	0	1.26218e-29	0	1.24862e-29	0	0	0	3.01986e-30	0	3.15544e-30	0	0	0	2.5108e-29	0	3.15544e-30	0	0	0	4.89094e-29	0	0	0	0	0	0	0	2.5108e-29	0	0	0	2.52435e-29	0	1.57772e-30	0
3.45743e-29	0	9.33075e-30	0	0	0	3.01986e-30	0	3.01986e-30	0	2.07569e-29	0	4.73317e-29	0	3.15544e-30	0	1.26218e-29	0	1.24862e-29	0	0	0	3.01986e-30	0	3.15544e-30	0	0	0	2.5108e-29	0	3.15544e-30	0	0	0	4.89094e-29	0	0	0	0	0	0	0	2.5108e-29	0	0	0	2.52435e-29	0	1.57772e-30	0
3.45743e-29	0	9.33075e-30	0	0	0	3.01986e-30	0	3.01986e-30	0	2.07569e-29	0	4.73317e-29	0	3.15544e-30	0	1.26218e-29	0	1.24862e-29	0	0	0	3.01986e-30	0	3.15544e-30	0	0	0	2.5108e-29	0	3.15544e-30	0	0	0	4.89094e-29	0	0	0	0	0	0	0	2.5108e-29	0	0	0	2.52435e-29	0	1.57772e-30	0
3.45743e-29	0	9.33075e-30	0	0	0	3.01986e-30	0	3.01986e-30	0	2.07569e-29	0	4.73317e-29	0	3.15544e-30	0	1.26218e-29	0	1.24862e-29	0	0	0	3.01986e-30	0	3.15544e-30	0	0	0	2.5108e-29	0	3.15544e-30	0	0	0	4.89094e-29	0	0	0	0	0	0	0	2.5108e-29	0	0	0	2.52435e-29	0	1.57772e-30	0
3.45743e-29	0	9.33075e-30	0	0	0	3.01986e-30	0	3.01986e-30	0	2.07569e-29	0	4.73317e-29	0	3.15544e-30	0	1.26218e-29	0	1.24862e-29	0	0	0	3.01986e-30	0	3.15544e-30	0	0	0	2.5108e-29	0	3.15544e-30	0	0	0	4.89094e-29	0	0	0	0	0	0	0	2.5108e-29	0	0	0	2.52435e-29	0	1.57772e-30	0
3.45743e-29	0	9.33075e-30	0	0	0	3.01986e-30	0	3.01986e-30	0	2.07569e-29	0	4.73317e-29	0	3.15544e-30	0	1.26218e-29	0	1.24862e-29	0	0	0	3.01986e-30	0	3.15544e-30	0	0	0	2.5108e-29	0	3.15544e-30	0	0	0	4.89094e-29	0	0	0	0	0	0	0	2.5108e-29	0	0	0	2.52435e-29	0	1.57772e-30	0
3.45743e-29	0	9.33075e-30	0	0	0	3.01986e-30	0	3.01986e-30	0	2.07569e-29	0	4.73317e-29	0	3.15544e-30	0	1.26218e-29	0	1.24862e-29	0	0	0	3.01986e-30	0	3.15544e-30	0	0	0	2.5108e-29	0	3.15544e-30	0	0	0	4.89094e-29	0	0	0	0	0	0	0	2.5108e-29	0	0	0	2.52435e-29	0	1.57772e-30	0
3.45743e-29	0	9.33075e-30	0	0	0	3.01986e-30	0	3.01986e-30	0	2.07569e-29	0	4.73317e-29	0	3.15544e-30	0	1.26218e-29	0	1.24862e-29	0	0	0	3.01986e-30	0	3.15544e-30	0	0	0	2.5108e-29	0	3.15544e-30	0	0	0	4.89094e-29	0	0	0	0	0	0	0	2.5108e-29	0	0	0	2.52435e-29	0	1.57772e-30	0
3.45743e-29	0	9.33075e-30	0	0	0	3.01986e-30	0	3.01986e-30	0	2.07569e-29	0	4.73317e-29	0	3.15544e-30	0	1.26218e-29	0	1.24862e-29	0	0	0	3.01986e-30	0	3.15544e-30	0	0	0	2.5108e-29	0	3.15544e-30	0	0	0	4.89094e-29	0	0	0	0	0	0	0	2.5108e-29	0	0	0	2.52435e-29	0	1.57772e-30	0
3.45743e-29	0	9.33075e-30	0	0	0	3.01986e-30	0	3.01986e-30	0	2.07569e-29	0	4.73317e-29	0	3.15544e-30	0	1.26218e-29	0	1.24862e-29	0	0	0	3.01986e-30	0	3.15544e-30	0	0	0	2.5108e-29	0	3.15544e-30	0	0	0	4.89094e-29	0	0	0	0	0	0	0	2.5108e-29	0	0	0	2.52435e-29	0	1.57772e-30	0
3.45743e-29	0	9.33075e-30	0	0	0	3.01986e-30	0	3.01986e-30	0	2.07569e-29	0	4.73317e-29	0	3.15544e-30	0	1.26218e-29	0	1.24862e-29	0	0	0	3.01986e-30	0	3.15544e-30	0	0	0	2.5108e-29	0	3.15544e-30	0	0	0	4.89094e-29	0	0	0	0	0	0	0	2.5108e-29	0	0	0	2.52435e-29	0	1.57772e-30	0
3.45743e-29	0	9.33075e-30	0	0	0	3.01986e-30	0	3.01986e-30	0	2.07569e-29	0	4.73317e-29	0	3.15544e-30	0	1.26218e-29	0	1.24862e-29	0	0	0	3.01986e-30	0	3.15544e-30	0	0	0	2.5108e-29	0	3.15544e-30	0	0	0	4.89094e-29	0	0	0	0	0	0	0	2.5108e-29	0	0	0	2.52435e-29	0	1.57772e-30	0
3.45743e-29	0	9.33075e-30	0	0	0	3.01986e-30	0	3.01986e-30	0	2.07569e-29	0	4.73317e-29	0	3.15544e-30	0	1.26218e-29	0	1.24862e-29	0	0	0	3.01986e-30	0	3.15544e-30	0	0	0	2.5108e-29	0	3.15544e-30	0	0	0	4.89094e-29	0	0	0	0	0	0	0	2.5108e-29	0	0	0	2.52435e-29	0	1.57772e-30	0
3.45743e-29	0	9.33075e-30	0	0	0	3.01986e-30	0	3.01986e-30	0	2.07569e-29	0	4.73317e-29	0	3.15544e-30	0	1.26218e-29	0	1.24862e-29	0	0	0	3.01986e-30	0	3.15544e-30	0	0	0	2.5108e-29	0	3.15544e-30	0	0	0	4.89094e-29	0	0	0	0	0	0	0	2.5108e-29	0	0	0	2.52435e-29	0	1.57772e-30	0
3.45743e-29	0	9.33075e-30	0	0	0	3.01986e-30	0	3.01986e-30	0	2.07569e-29	0	4.73317e-29	0	3.15544e-30	0	1.26218e-29	0	1.24862e-29	0	0	0	3.01986e-30	0	3.15544e-30	0	0	0	2.5108e-29	0	3.15544e-30	0	0	0	4.89094e-29	0	0	0	0	0	0	0	2.5108e-29	0	0	0	2.52435e-29	0	1.57772e-30	0
3.45743e-29	0	9.33075e-30	0	0	0	3.01986e-30	0	3.01986e-30	0	2.07569e-29	0	4.73317e-29	0	3.15544e-30	0	1.26218e-29	0	1.24862e-29	0	0	0	3.01986e-30	0	3.15544e-30	0	0	0	2.5108e-29	0	3.15544e-30	0	0	0	4.89094e-29	0	0	0	0	0	0	0	2.5108e-29	0	0	0	2.52435e-29	0	1.57772e-30	0
3.45743e-29	0	9.33075e-30	0	0	0	3.01986e-30	0	3.01986e-30	0	2.07569e-29	0	4.73317e-29	0	3.15544e-30	0	1.26218e-29	0	1.24862e-29	0	0	0	3.01986e-30	0	3.15544e-30	0	0	0	2.5108e-29	0	3.15544e-30	0	0	0	4.89094e-29	0	0	0	0	0	0	0	2.5108e-29	0	0	0	2.52435e-29	0	1.57772e-30	0
3.45743e-29	0	9.33075e-30	0	0	0	3.01986e-30	0	3.01986e-30	0	2.07569e-29	0	4.73317e-29	0	3.15544e-30	0	1.26218e-29	0	1.24862e-29	0	0	0	3.01986e-30	0	3.15544e-30	0	0	0	2.5108e-29	0	3.15544e-30	0	0	0	4.89094e-29	0	0	0	0	0	0	0	2.5108e-29	0	0	0	2.52435e-29	0	1.57772e-30	0
3.45743e-29	0	9.33075e-30	0	0	0	3.01986e-30	0	3.01986e-30	0	2.07569e-29	0	4.73317e-29	0	3.15544e-30	0	1.26218e-29	0	1.24862e-29	0	0	0	3.01986e-30	0	3.15544e-30	0	0	0	2.5108e-29	0	3.15544e-30	0	0	0	4.89094e-29	0	0	0	0	0	0	0	2.5108e-29	0	0	0	2.52435e-29	0	1.57772e-30	0
3.45743e-29	0	9.33075e-30	0	0	0	3.01986e-30	0	3.01986e-30	0	2.07569e-29	0	4.73317e-29	0	3.15544e-30	0	1.26218e-29	0	1.24862e-29	0	0	0	3.01986e-30	0	3.15544e-30	0	0	0	2.5108e-29	0	3.15544e-30	0	0	0	4.89094e-29	0	0	0	0	0	0	0	2.5108e-29	0	0	0	2.52435e-29	0	1.57772e-30	0
3.45743e-29	0	9.33075e-30	0	0	0	3.01986e-30	0	3.01986e-30	0	2.07569e-29	0	4.73317e-29	0	3.15544e-30	0	1.26218e-29	0	1.24862e-29	0	0	0	3.01986e-30	0	3.15544e-30	0	0	0	2.5108e-29	0	3.15544e-30	0	0	0	4.89094e-29	0	0	0	0	0	0	0	2.5108e-29	0	0	0	2.52435e-29	0	1.57772e-30	0
3.45743e-29	0	9.33075e-30	0	0	0	3.01986e-30	0	3.01986e-30	0	2.07569e-29	0	4.73317e-29	0	3.15544e-30	0	1.26218e-29	0	1.24862e-29	0	0	0	3.01986e-30	0	3.15544e-30	0	0	0	2.5108e-29	0	3.15544e-30	0	0	0	4.89094e-29	0	0	0	0	0	0	0	2.5108e-29	0	0	0	2.52435e-29	0	1.57772e-30	0
3.45743e-29	0	9.33075e-30	0	0	0	3.01986e-30	0	3.01986e-30	0	2.07569e-29	0	4.73317e-29	0	3.15544e-30	0	1.26218e-29	0	1.24862e-29	0	0	0	3.01986e-30	0	3.15544e-30	0	0	0	2.5108e-29	0	3.15544e-30	0	0	0	4.89094e-29	0	0	0	0	0	0	0	2.5108e-29	0	0	0	2.52435e-29	0	1.57772e-30	0
3.45743e-29	0	9.33075e-30	0	0	0	3.01986e-30	0	3.01986e-30	0	2.07569e-29	0	4.73317e-29	0	3.15544e-30	0	1.26218e-29	0	1.24862e-29	0	0	0	3.01986e-30	0	3.15544e-30	0	0	0	2.5108e-29	0	3.15544e-30	0	0	0	4.89094e-29	0	0	0	0	0	0	0	2.5108e-29	0	0	0	2.52435e-29	0	1.57772e-30	0
3.45743e-29	0	9.33075e-30	0	0	0	3.01986e-30	0	3.01986e-30	0	2.07569e-29	0	4.73317e-29	0	3.15544e-30	0	1.26218e-29	0	1.24862e-29	0	0	0	3.01986e-30	0	3.15544e-30	0	0	0	2.5108e-29	0	3.15544e-30	0	0	0	4.89094e-29	0	0	0	0	0	0	0	2.5108e-29	0	0	0	2.52435e-29	0	1.57772e-30	0
3.45743e-29	0	9.33075e-30	0	0	0	3.01986e-30	0	3.01986e-30	0	2.07569e-29	0	4.73317e-29	0	3.15544e-30	0	1.26218e-29	0	1.24862e-29	0	0	0	3.01986e-30	0	3.15544e-30	0	0	0	2.5108e-29	0	3.15544e-30	0	0	0	4.89094e-29	0	0	0	0	0	0	0	2.5108e-29	0	0	0	2.52435e-29	0	1.57772e-30	0
3.45743e-29	0	9.33075e-30	0	0	0	3.01986e-30	0	3.01986e-30	0	2.07569e-29	0	4.73317e-29	0	3.15544e-30	0	1.26218e-29	0	1.24862e-29	0	0	0	3.01986e-30	0	3.15544e-30	0	0	0	2.5108e-29	0	3.15544e-30	0	0	0	4.89094e-29	0	0	0	0	0	0	0	2.5108e-29	0	0	0	2.52435e-29	0	1.57772e-30	0
3.45743e-29	0	9.33075e-30	0	0	0	3.01986e-30	0	3.01986e-30	0	2.07569e-29	0	4.73317e-29	0	3.15544e-30	0	1.26218e-29	0	1.24862e-29	0	0	0	3.01986e-30	0	3.15544e-30	0	0	0	2.5108e-29	0	3.15544e-30	0	0	0	4.89094e-29	0	0	0	0	0	0	0	2.5108e-29	0	0	0	2.52435e-29	0	1.57772e-30	0
3.45743e-29	0	9.33075e-30	0	0	0	3.01986e-30	0	3.01986e-30	0	2.07569e-29	0	4.73317e-29	0	3.15544e-30	0	1.26218e-29	0	1.24862e-29	0	0	0	3.01986e-30	0	3.15544e-30	0	0	0	2.5108e-29	0	3.15544e-30	0	0	0	4.89094e-29	0	0	0	0	0	0	0	2.5108e-29	0	0	0	2.52435e-29	0	1.57772e-30	0
3.45743e-29	0	9.33075e-30	0	0	0	3.01986e-30	0	3.01986e-30	0	2.07569e-29	0	4.73317e-29	0	3.15544e-30	0	1.26218e-29	0	1.24862e-29	0	0	0	3.01986e-30	0	3.15544e-30	0	0	0	2.5108e-29	0	3.15544e-30	0	0	0	4.89094e-29	0	0	0	0	0	0	0	2.5108e-29	0	0	0	2.52435e-29	0	1.57772e-30	0
3.45743e-29	0	9.33075e-30	0	0	0	3.01986e-30	0	3.01986e-30	0	2.07569e-29	0	4.73317e-29	0	3.15544e-30	0	1.26218e-29	0	1.24862e-29	0	0	0	3.01986e-30	0	3.15544e-30	0	0	0	2.5108e-29	0	3.15544e-30	0	0	0	4.89094e-29	0	0	0	0	0	0	0	2.5108e-29	0	0	0	2.52435e-29	0	1.57772e-30	0
3.45743e-29	0	9.33075e-30	0	0	0	3.01986e-30	0	3.01986e-30	0	2.07569e-29	0	4.73317e-29	0	3.15544e-30	0	1.26218e-29	0	1.24862e-29	0	0	0	3.01986e-30	0	3.15544e-30	0	0	0	2.5108e-29	0	3.15544e-30	0	0	0	4.89094e-29	0	0	0	0	0	0	0	2.5108e-29	0	0	0	2.52435e-29	0	1.57772e-30	0
3.45743e-29	0	9.33075e-30	0	0	0	3.01986e-30	0	3.01986e-30	0	2.07569e-29	0	4.73317e-29	0	3.15544e-30	0	1.26218e-29	0	1.24862e-29	0	0	0	3.01986e-30	0	3.15544e-30	0	0	0	2.5108e-29	0	3.15544e-30	0	0	0	4.89094e-29	0	0	0	0	0	0	0	2.5108e-29	0	0	0	2.52435e-29	0	1.57772e-30	0
3.45743e-29	0	9.33075e-30	0	0	0	3.01986e-30	0	3.01986e-30	0	2.07569e-29	0	4.73317e-29	0	3.15544e-30	0	1.26218e-29	0	1.24862e-29	0	0	0	3.01986e-30	0	3.15544e-30	0	0	0	2.5108e-29	0	3.15544e-30	0	0	0	4.89094e-29	0	0	0	0	0	0	0	2.5108e-29	0	0	0	2.52435e-29	0	1.57772e-30	0
3.45743e-29	0	9.33075e-30	0	0	0	3.01986e-30	0	3.01986e-30	0	2.07569e-29	0	4.73317e-29	0	3.15544e-30	0	1.26218e-29	0	1.24862e-29	0	0	0	3.01986e-30	0	3.15544e-30	0	0	0	2.5108e-29	0	3.15544e-30	0	0	0	4.89094e-29	0	0	0	0	0	0	0	2.5108e-29	0	0	0	2.52435e-29	0	1.57772e-30	0
3.45743e-29	0	9.33075e-30	0	0	0	3.01986e-30	0	3.01986e-30	0	2.07569e-29	0	4.73317e-29	0	3.15544e-30	0	1.26218e-29	0	1.24862e-29	0	0	0	3.01986e-30	0	3.15544e-30	0	0	0	2.5108e-29	0	3.15544e-30	0	0	0	4.89094e-29	0	0	0	0	0	0	0	2.5108e-29	0	0	0	2.52435e-29	0	1.57772e-30	0
3.45743e-29	0	9.33075e-30	0	0	0	3.01986e-30	0	3.01986e-30	0	2.07569e-29	0	4.73317e-29	0	3.15544e-30	0	1.26218e-29	0	1.24862e-29	0	0	0	3.01986e-30	0	3.15544e-30	0	0	0	2.5108e-29	0	3.15544e-30	0	0	0	4.89094e-29	0	0	0	0	0	0	0	2.5108e-29	0	0	0	2.52435e-29	0	1.57772e-30	0
3.45743e-29	0	9.33075e-30	0	0	0	3.01986e-30	0	3.01986e-30	0	2.07569e-29	0	4.73317e-29	0	3.15544e-30	0	1.26218e-29	0	1.24862e-29	0	0	0	3.01986e-30	0	3.15544e-30	0	0	0	2.5108e-29	0	3.15544e-30	0	0	0	4.89094e-29	0	0	0	0	0	0	0	2.5108e-29	0	0	0	2.52435e-29	0	1.57772e-30	0
3.45743e-29	0	9.33075e-30	0	0	0	3.01986e-30	0	3.01986e-30	0	2.07569e-29	0	4.73317e-29	0	3.15544e-30	0	1.26218e-29	0	1.24862e-29	0	0	0	3.01986e-30	0	3.15544e-30	0	0	0	2.5108e-29	0	3.15544e-30	0	0	0	4.89094e-29	0	0	0	0	0	0	0	2.5108e-29	0	0	0	2.52435e-29	0	1.57772e-30	0
3.45743e-29	0	9.33075e-30	0	0	0	3.01986e-30	0	3.01986e-30	0	2.07569e-29	0	4.73317e-29	0	3.15544e-30	0	1.26218e-29	0	1.24862e-29	0	0	0	3.01986e-30	0	3.15544e-30	0	0	0	2.5108e-29	0	3.15544e-30	0	0	0	4.89094e-29	0	0	0	0	0	0	0	2.5108e-29	0	0	0	2.52435e-29	0	1.57772e-30	0
3.45743e-29	0	9.33075e-30	0	0	0	3.01986e-30	0	3.01986e-30	0	2.07569e-29	0	4.73317e-29	0	3.15544e-30	0	1.26218e-29	0	1.24862e-29	0	0	0	3.01986e-30	0	3.15544e-30	0	0	0	2.5108e-29	0	3.15544e-30	0	0	0	4.89094e-29	0	0	0	0	0	0	0	2.5108e-29	0	0	0	2.52435e-29	0	1.57772e-30	0
3.45743e-29	0	9.33075e-30	0	0	0	3.01986e-30	0	3.01986e-30	0	2.07569e-29	0	4.73317e-29	0	3.15544e-30	0	1.26218e-29	0	1.24862e-29	0	0	0	3.01986e-30	0	3.15544e-30	0	0	0	2.5108e-29	0	3.15544e-30	0	0	0	4.89094e-29	0	0	0	0	0	0	0	2.5108e-29	0	0	0	2.52435e-29	0	1.57772e-30	0
3.45743e-29	0	9.33075e-30	0	0	0	3.01986e-30	0	3.01986e-30	0	2.07569e-29	0	4.73317e-29	0	3.15544e-30	0	1.26218e-29	0	1.24862e-29	0	0	0	3.01986e-30	0	3.15544e-30	0	0	0	2.5108e-29	0	3.15544e-30	0	0	0	4.89094e-29	0	0	0	0	0	0	0	2.5108e-29	0	0	0	2.52435e-29	0	1.57772e-30	0
3.45743e-29	0	9.33075e-30	0	0	0	3.01986e-30	0	3.01986e-30	0	2.07569e-29	0	4.73317e-29	0	3.15544e-30	0	1.26218e-29	0	1.24862e-29	0	0	0	3.01986e-30	0	3.15544e-30	0	0	0	2.5108e-29	0	3.15544e-30	0	0	0	4.89094e-29	0	0	0	0	0	0	0	2.5108e-29	0	0	0	2.52435e-29	0	1.57772e-30	0
3.45743e-29	0	9.33075e-30	0	0	0	3.01986e-30	0	3.01986e-30	0	2.07569e-29	0	4.73317e-29	0	3.15544e-30	0	1.26218e-29	0	1.24862e-29	0	0	0	3.01986e-30	0	3.15544e-30	0	0	0	2.5108e-29	0	3.15544e-30	0	0	0	4.89094e-29	0	0	0	0	0	0	0	2.5108e-29	0	0	0	2.52435e-29	0	1.57772e-30	0
3.45743e-29	0	9.33075e-30	0	0	0	3.01986e-30	0	3.01986e-30	0	2.07569e-29	0	4.73317e-29	0	3.15544e-30	0	1.26218e-29	0	1.24862e-29	0	0	0	3.01986e-30	0	3.15544e-30	0	0	0	2.5108e-29	0	3.15544e-30	0	0	0	4.89094e-29	0	0	0	0	0	0	0	2.5108e-29	0	0	0	2.52435e-29	0	1.57772e-30	0
3.45743e-29	0	9.33075e-30	0	0	0	3.01986e-30	0	3.01986e-30	0	2.07569e-29	0	4.73317e-29	0	3.15544e-30	0	1.26218e-29	0	1.24862e-29	0	0	0	3.01986e-30	0	3.15544e-30	0	0	0	2.5108e-29	0	3.15544e-30	0	0	0	4.89094e-29	0	0	0	0	0	0	0	2.5108e-29	0	0	0	2.52435e-29	0	1.57772e-30	0
3.45743e-29	0	9.33075e-30	0	0	0	3.01986e-30	0	3.01986e-30	0	2.07569e-29	0	4.73317e-29	0	3.15544e-30	0	1.26218e-29	0	1.24862e-29	0	0	0	3.01986e-30	0	3.15544e-30	0	0	0	2.5108e-29	0	3.15544e-30	0	0	0	4.89094e-29	0	0	0	0	0	0	0	2.5108e-29	0	0	0	2.52435e-29	0	1.57772e-30	0
3.45743e-29	0	9.33075e-30	0	0	0	3.01986e-30	0	3.01986e-30	0	2.07569e-29	0	4.73317e-29	0	3.15544e-30	0	1.26218e-29	0	1.24862e-29	0	0	0	3.01986e-30	0	3.15544e-30	0	0	0	2.5108e-29	0	3.15544e-30	0	0	0	4.89094e-29	0	0	0	0	0	0	0	2.5108e-29	0	0	0	2.52435e-29	0	1.57772e-30	0
3.45743e-29	0	9.33075e-30	0	0	0	3.01986e-30	0	3.01986e-30	0	2.07569e-29	0	4.73317e-29	0	3.15544e-30	0	1.26218e-29	0	1.24862e-29	0	0	0	3.01986e-30	0	3.15544e-30	0	0	0	2.5108e-29	0	3.15544e-30	0	0	0	4.89094e-29	0	0	0	0	0	0	0	2.5108e-29	0	0	0	2.52435e-29	0	1.57772e-30	0
3.45743e-29	0	9.33075e-30	0	0	0	3.01986e-30	0	3.01986e-30	0	2.07569e-29	0	4.73317e-29	0	3.15544e-30	0	1.26218e-29	0	1.24862e-29	0	0	0	3.01986e-30	0	3.15544e-30	0	0	0	2.5108e-29	0	3.15544e-30	0	0	0	4.89094e-29	0	0	0	0	0	0	0	2.5108e-29	0	0	0	2.52435e-29	0	1.57772e-30	0
3.45743e-29	0	9.33075e-30	0	0	0	3.01986e-30	0	3.01986e-30	0	2.07569e-29	0	4.73317e-29	0	3.15544e-30	0	1.26218e-29	0	1.24862e-29	0	0	0	3.01986e-30	0	3.15544e-30	0	0	0	2.5108e-29	0	3.15544e-30	0	0	0	4.89094e-29	0	0	0	0	0	0	0	2.5108e-29	0	0	0	2.52435e-29	0	1.57772e-30	0
3.45743e-29	0	9.33075e-30	0	0	0	3.01986e-30	0	3.01986e-30	0	2.07569e-29	0	4.73317e-29	0	3.15544e-30	0	1.26218e-29	0	1.24862e-29	0	0	0	3.01986e-30	0	3.15544e-30	0	0	0	2.5108e-29	0	3.15544e-30	0	0	0	4.89094e-29	0	0	0	0	0	0	0	2.5108e-29	0	0	0	2.52435e-29	0	1.57772e-30	0
3.45743e-29	0	9.33075e-30	0	0	0	3.01986e-30	0	3.01986e-30	0	2.07569e-29	0	4.73317e-29	0	3.15544e-30	0	1.26218e-29	0	1.24862e-29	0	0	0	3.01986e-30	0	3.15544e-30	0	0	0	2.5108e-29	0	3.15544e-30	0	0	0	4.89094e-29	0	0	0	0	0	0	0	2.5108e-29	0	0	0	2.52435e-29	0	1.57772e-30	0
3.45743e-29	0	9.33075e-30	0	0	0	3.01986e-30	0	3.01986e-30	0	2.07569e-29	0	4.73317e-29	0	3.15544e-30	0	1.26218e-29	0	1.24862e-29	0	0	0	3.01986e-30	0	3.15544e-30	0	0	0	2.5108e-29	0	3.15544e-30	0	0	0	4.89094e-29	0	0	0	0	0	0	0	2.5108e-29	0	0	0	2.52435e-29	0	1.57772e-30	0
3.45743e-29	0	9.33075e-30	0	0	0	3.01986e-30	0	3.01986e-30	0	2.07569e-29	0	4.73317e-29	0	3.15544e-30	0	1.26218e-29	0	1.24862e-29	0	0	0	3.01986e-30	0	3.15544e-30	0	0	0	2.5108e-29	0	3.15544e-30	0	0	0	4.89094e-29	0	0	0	0	0	0	0	2.5108e-29	0	0	0	2.52435e-29	0	1.57772e-30	0
3.45743e-29	0	9.33075e-30	0	0	0	3.01986e-30	0	3.01986e-30	0	2.07569e-29	0	4.73317e-29	0	3.15544e-30	0	1.26218e-29	0	1.24862e-29	0	0	0	3.01986e-30	0	3.15544e-30	0	0	0	2.5108e-29	0	3.15544e-30	0	0	0	4.89094e-29	0	0	0	0	0	0	0	2.5108e-29	0	0	0	2.52435e-29	0	1.57772e-30	0
3.45743e-29	0	9.33075e-30	0	0	0	3.01986e-30	0	3.01986e-30	0	2.07569e-29	0	4.73317e-29	0	3.15544e-30	0	1.26218e-29	0	1.24862e-29	0	0	0	3.01986e-30	0	3.15544e-30	0	0	0	2.5108e-29	0	3.15544e-30	0	0	0	4.89094e-29	0	0	0	0	0	0	0	2.5108e-29	0	0	0	2.52435e-29	0	1.57772e-30	0
3.45743e-29	0	9.33075e-30	0	0	0	3.01986e-30	0	3.01986e-30	0	2.07569e-29	0	4.73317e-29	0	3.15544e-30	0	1.26218e-29	0	1.24862e-29	0	0	0	3.01986e-30	0	3.15544e-30	0	0	0	2.5108e-29	0	3.15544e-30	0	0	0	4.89094e-29	0	0	0	0	0	0	0	2.5108e-29	0	0	0	2.52435e-29	0	1.57772e-30	0
3.45743e-29	0	9.33075e-30	0	0	0	3.01986e-30	0	3.01986e-30	0	2.07569e-29	0	4.73317e-29	0	3.15544e-30	0	1.26218e-29	0	1.24862e-29	0	0	0	3.01986e-30	0	3.15544e-30	0	0	0	2.5108e-29	0	3.15544e-30	0	0	0	4.89094e-29	0	0	0	0	0	0	0	2.5108e-29	0	0	0	2.52435e-29	0	1.57772e-30	0
3.45743e-29	0	9.33075e-30	0	0	0	3.01986e-30	0	3.01986e-30	0	2.07569e-29	0	4.73317e-29	0	3.15544e-30	0	1.26218e-29	0	1.24862e-29	0	0	0	3.01986e-30	0	3.15544e-30	0	0	0	2.5108e-29	0	3.15544e-30	0	0	0	4.89094e-29	0	0	0	0	0	0	0	2.5108e-29	0	0	0	2.52435e-29	0	1.57772e-30	0
3.45743e-29	0	9.33075e-30	0	0	0	3.01986e-30	0	3.01986e-30	0	2.07569e-29	0	4.73317e-29	0	3.15544e-30	0	1.26218e-29	0	1.24862e-29	0	0	0	3.01986e-30	0	3.15544e-30	0	0	0	2.5108e-29	0	3.15544e-30	0	0	0	4.89094e-29	0	0	0	0	0	0	0	2.5108e-29	0	0	0	2.52435e-29	0	1.57772e-30	0
3.45743e-29	0	9.33075e-30	0	0	0	3.01986e-30	0	3.01986e-30	0	2.07569e-29	0	4.73317e-29	0	3.15544e-30	0	1.26218e-29	0	1.24862e-29	0	0	0	3.01986e-30	0	3.15544e-30	0	0	0	2.5108e-29	0	3.15544e-30	0	0	0	4.89094e-29	0	0	0	0	0	0	0	2.5108e-29	0	0	0	2.52435e-29	0	1.57772e-30	0
3.45743e-29	0	9.33075e-30	0	0	0	3.01986e-30	0	3.01986e-30	0	2.07569e-29	0	4.73317e-29	0	3.15544e-30	0	1.26218e-29	0	1.24862e-29	0	0	0	3.01986e-30	0	3.15544e-30	0	0	0	2.5108e-29	0	3.15544e-30	0	0	0	4.89094e-29	0	0	0	0	0	0	0	2.5108e-29	0	0	0	2.52435e-29	0	1.57772e-30	0
3.45743e-29	0	9.33075e-30	0	0	0	3.01986e-30	0	3.01986e-30	0	2.07569e-29	0	4.73317e-29	0	3.15544e-30	0	1.26218e-29	0	1.24862e-29	0	0	0	3.01986e-30	0	3.15544e-30	0	0	0	2.5108e-29	0	3.15544e-30	0	0	0	4.89094e-29	0	0	0	0	0	0	0	2.5108e-29	0	0	0	2.52435e-29	0	1.57772e-30	0
3.45743e-29	0	9.33075e-30	0	0	0	3.01986e-30	0	3.01986e-30	0	2.07569e-29	0	4.73317e-29	0	3.15544e-30	0	1.26218e-29	0	1.24862e-29	0	0	0	3.01986e-30	0	3.15544e-30	0	0	0	2.5108e-29	0	3.15544e-30	0	0	0	4.89094e-29	0	0	0	0	0	0	0	2.5108e-29	0	0	0	2.52435e-29	0	1.57772e-30	0
3.45743e-29	0	9.33075e-30	0	0	0	3.01986e-30	0	3.01986e-30	0	2.07569e-29	0	4.73317e-29	0	3.15544e-30	0	1.26218e-29	0	1.24862e-29	0	0	0	3.01986e-30	0	3.15544e-30	0	0	0	2.5108e-29	0	3.15544e-30	0	0	0	4.89094e-29	0	0	0	0	0	0	0	2.5108e-29	0	0	0	2.52435e-29	0	1.57772e-30	0
3.45743e-29	0	9.33075e-30	0	0	0	3.01986e-30	0	3.01986e-30	0	2.07569e-29	0	4.73317e-29	0	3.15544e-30	0	1.26218e-29	0	1.24862e-29	0	0	0	3.01986e-30	0	3.15544e-30	0	0	0	2.5108e-29	0	3.15544e-30	0	0	0	4.89094e-29	0	0	0	0	0	0	0	2.5108e-29	0	0	0	2.52435e-29	0	1.57772e-30	0
3.45743e-29	0	9.33075e-30	0	0	0	3.01986e-30	0	3.01986e-30	0	2.07569e-29	0	4.73317e-29	0	3.15544e-30	0	1.26218e-29	0	1.24862e-29	0	0	0	3.01986e-30	0	3.15544e-30	0	0	0	2.5108e-29	0	3.15544e-30	0	0	0	4.89094e-29	0	0	0	0	0	0	0	2.5108e-29	0	0	0	2.52435e-29	0	1.57772e-30	0
3.45743e-29	0	9.33075e-30	0	0	0	3.01986e-30	0	3.01986e-30	0	2.07569e-29	0	4.73317e-29	0	3.15544e-30	0	1.26218e-29	0	1.24862e-29	0	0	0	3.01986e-30	0	3.15544e-30	0	0	0	2.5108e-29	0	3.15544e-30	0	0	0	4.89094e-29	0	0	0	0	0	0	0	2.5108e-29	0	0	0	2.52435e-29	0	1.57772e-30	0
3.45743e-29	0	9.33075e-30	0	0	0	3.01986e-30	0	3.01986e-30	0	2.07569e-29	0	4.73317e-29	0	3.15544e-30	0	1.26218e-29	0	1.24862e-29	0	0	0	3.01986e-30	0	3.15544e-30	0	0	0	2.5108e-29	0	3.15544e-30	0	0	0	4.89094e-29	0	0	0	0	0	0	0	2.5108e-29	0	0	0	2.52435e-29	0	1.57772e-30	0
3.45743e-29	0	9.33075e-30	0	0	0	3.01986e-30	0	3.01986e-30	0	2.07569e-29	0	4.73317e-29	0	3.15544e-30	0	1.26218e-29	0	1.24862e-29	0	0	0	3.01986e-30	0	3.15544e-30	0	0	0	2.5108e-29	0	3.15544e-30	0	0	0	4.89094e-29	0	0	0	0	0	0	0	2.5108e-29	0	0	0	2.52435e-29	0	1.57772e-30	0
3.45743e-29	0	9.33075e-30	0	0	0	3.01986e-30	0	3.01986e-30	0	2.07569e-29	0	4.73317e-29	0	3.15544e-30	0	1.26218e-29	0	1.24862e-29	0	0	0	3.01986e-30	0	3.15544e-30	0	0	0	2.5108e-29	0	3.15544e-30	0	0	0	4.89094e-29	0	0	0	0	0	0	0	2.5108e-29	0	0	0	2.52435e-29	0	1.57772e-30	0
3.45743e-29	0	9.33075e-30	0	0	0	3.01986e-30	0	3.01986e-30	0	2.07569e-29	0	4.73317e-29	0	3.15544e-30	0	1.26218e-29	0	1.24862e-29	0	0	0	3.01986e-30	0	3.15544e-30	0	0	0	2.5108e-29	0	3.15544e-30	0	0	0	4.89094e-29	0	0	0	0	0	0	0	2.5108e-29	0	0	0	2.52435e-29	0	1.57772e-30	0
3.45743e-29	0	9.33075e-30	0	0	0	3.01986e-30	0	3.01986e-30	0	2.07569e-29	0	4.73317e-29	0	3.15544e-30	0	1.26218e-29	0	1.24862e-29	0	0	0	3.01986e-30	0	3.15544e-30	0	0	0	2.5108e-29	0	3.15544e-30	0	0	0	4.89094e-29	0	0	0	0	0	0	0	2.5108e-29	0	0	0	2.52435e-29	0	1.57772e-30	0
3.45743e-29	0	9.33075e-30	0	0	0	3.01986e-30	0	3.01986e-30	0	2.07569e-29	0	4.73317e-29	0	3.15544e-30	0	1.26218e-29	0	1.24862e-29	0	0	0	3.01986e-30	0	3.15544e-30	0	0	0	2.5108e-29	0	3.15544e-30	0	0	0	4.89094e-29	0	0	0	0	0	0	0	2.5108e-29	0	0	0	2.52435e-29	0	1.57772e-30	0
3.45743e-29	0	9.33075e-30	0	0	0	3.01986e-30	0	3.01986e-30	0	2.07569e-29	0	4.73317e-29	0	3.15544e-30	0	1.26218e-29	0	1.24862e-29	0	0	0	3.01986e-30	0	3.15544e-30	0	0	0	2.5108e-29	0	3.15544e-30	0	0	0	4.89094e-29	0	0	0	0	0	0	0	2.5108e-29	0	0	0	2.52435e-29	0	1.57772e-30	0
3.45743e-29	0	9.33075e-30	0	0	0	3.01986e-30	0	3.01986e-30	0	2.07569e-29	0	4.73317e-29	0	3.15544e-30	0	1.26218e-29	0	1.24862e-29	0	0	0	3.01986e-30	0	3.15544e-30	0	0	0	2.5108e-29	0	3.15544e-30	0	0	0	4.89094e-29	0	0	0	0	0	0	0	2.5108e-29	0	0	0	2.52435e-29	0	1.57772e-30	0
3.45743e-29	0	9.33075e-30	0	0	0	3.01986e-30	0	3.01986e-30	0	2.07569e-29	0	4.73317e-29	0	3.15544e-30	0	1.26218e-29	0	1.24862e-29	0	0	0	3.01986e-30	0	3.15544e-30	0	0	0	2.5108e-29	0	3.15544e-30	0	0	0	4.89094e-29	0	0	0	0	0	0	0	2.5108e-29	0	0	0	2.52435e-29	0	1.57772e-30	0
3.45743e-29	0	9.33075e-30	0	0	0	3.01986e-30	0	3.01986e-30	0	2.07569e-29	0	4.73317e-29	0	3.15544e-30	0	1.26218e-29	0	1.24862e-29	0	0	0	3.01986e-30	0	3.15544e-30	0	0	0	2.5108e-29	0	3.15544e-30	0	0	0	4.89094e-29	0	0	0	0	0	0	0	2.5108e-29	0	0	0	2.52435e-29	0	1.57772e-30	0
3.45743e-29	0	9.33075e-30	0	0	0	3.01986e-30	0	3.01986e-30	0	2.07569e-29	0	4.73317e-29	0	3.15544e-30	0	1.26218e-29	0	1.24862e-29	0	0	0	3.01986e-30	0	3.15544e-30	0	0	0	2.5108e-29	0	3.15544e-30	0	0	0	4.89094e-29	0	0	0	0	0	0	0	2.5108e-29	0	0	0	2.52435e-29	0	1.57772e-30	0
3.45743e-29	0	9.33075e-30	0	0	0	3.01986e-30	0	3.01986e-30	0	2.07569e-29	0	4.73317e-29	0	3.15544e-30	0	1.26218e-29	0	1.24862e-29	0	0	0	3.01986e-30	0	3.15544e-30	0	0	0	2.5108e-29	0	3.15544e-30	0	0	0	4.89094e-29	0	0	0	0	0	0	0	2.5108e-29	0	0	0	2.52435e-29	0	1.57772e-30	0
3.45743e-29	0	9.33075e-30	0	0	0	3.01986e-30	0	3.01986e-30	0	2.07569e-29	0	4.73317e-29	0	3.15544e-30	0	1.26218e-29	0	1.24862e-29	0	0	0	3.01986e-30	0	3.15544e-30	0	0	0	2.5108e-29	0	3.15544e-30	0	0	0	4.89094e-29	0	0	0	0	0	0	0	2.5108e-29	0	0	0	2.52435e-29	0	1.57772e-30	0
3.45743e-29	0	9.33075e-30	0	0	0	3.01986e-30	0	3.01986e-30	0	2.07569e-29	0	4.73317e-29	0	3.15544e-30	0	1.26218e-29	0	1.24862e-29	0	0	0	3.01986e-30	0	3.15544e-30	0	0	0	2.5108e-29	0	3.15544e-30	0	0	0	4.89094e-29	0	0	0	0	0	0	0	2.5108e-29	0	0	0	2.52435e-29	0	1.57772e-30	0
3.45743e-29	0	9.33075e-30	0	0	0	3.01986e-30	0	3.01986e-30	0	2.07569e-29	0	4.73317e-29	0	3.15544e-30	0	1.26218e-29	0	1.24862e-29	0	0	0	3.01986e-30	0	3.15544e-30	0	0	0	2.5108e-29	0	3.15544e-30	0	0	0	4.89094e-29	0	0	0	0	0	0	0	2.5108e-29	0	0	0	2.52435e-29	0	1.57772e-30	0
3.45743e-29	0	9.33075e-30	0	0	0	3.01986e-30	0	3.01986e-30	0	2.07569e-29	0	4.73317e-29	0	3.15544e-30	0	1.26218e-29	0	1.24862e-29	0	0	0	3.01986e-30	0	3.15544e-30	0	0	0	2.5108e-29	0	3.15544e-30	0	0	0	4.89094e-29	0	0	0	0	0	0	0	2.5108e-29	0	0	0	2.52435e-29	0	1.57772e-30	0
3.45743e-29	0	9.33075e-30	0	0	0	3.01986e-30	0	3.01986e-30	0	2.07569e-29	0	4.73317e-29	0	3.15544e-30	0	1.26218e-29	0	1.24862e-29	0	0	0	3.01986e-30	0	3.15544e-30	0	0	0	2.5108e-29	0	3.15544e-30	0	0	0	4.89094e-29	0	0	0	0	0	0	0	2.5108e-29	0	0	0	2.52435e-29	0	1.57772e-30	0
3.45743e-29	0	9.33075e-30	0	0	0	3.01986e-30	0	3.01986e-30	0	2.07569e-29	0	4.73317e-29	0	3.15544e-30	0	1.26218e-29	0	1.24862e-29	0	0	0	3.01986e-30	0	3.15544e-30	0	0	0	2.5108e-29	0	3.15544e-30	0	0	0	4.89094e-29	0	0	0	0	0	0	0	2.5108e-29	0	0	0	2.52435e-29	0	1.57772e-30	0
3.45743e-29	0	9.33075e-30	0	0	0	3.01986e-30	0	3.01986e-30	0	2.07569e-29	0	4.73317e-29	0	3.15544e-30	0	1.26218e-29	0	1.24862e-29	0	0	0	3.01986e-30	0	3.15544e-30	0	0	0	2.5108e-29	0	3.15544e-30	0	0	0	4.89094e-29	0	0	0	0	0	0	0	2.5108e-29	0	0	0	2.52435e-29	0	1.57772e-30	0
3.45743e-29	0	9.33075e-30	0	0	0	3.01986e-30	0	3.01986e-30	0	2.07569e-29	0	4.73317e-29	0	3.15544e-30	0	1.26218e-29	0	1.24862e-29	0	0	0	3.01986e-30	0	3.15544e-30	0	0	0	2.5108e-29	0	3.15544e-30	0	0	0	4.89094e-29	0	0	0	0	0	0	0	2.5108e-29	0	0	0	2.52435e-29	0	1.57772e-30	0
3.45743e-29	0	9.33075e-30	0	0	0	3.01986e-30	0	3.01986e-30	0	2.07569e-29	0	4.73317e-29	0	3.15544e-30	0	1.26218e-29	0	1.24862e-29	0	0	0	3.01986e-30	0	3.15544e-30	0	0	0	2.5108e-29	0	3.15544e-30	0	0	0	4.89094e-29	0	0	0	0	0	0	0	2.5108e-29	0	0	0	2.52435e-29	0	1.57772e-30	0
3.45743e-29	0	9.33075e-30	0	0	0	3.01986e-30	0	3.01986e-30	0	2.07569e-29	0	4.73317e-29	0	3.15544e-30	0	1.26218e-29	0	1.24862e-29	0	0	0	3.01986e-30	0	3.15544e-30	0	0	0	2.5108e-29	0	3.15544e-30	0	0	0	4.89094e-29	0	0	0	0	0	0	0	2.5108e-29	0	0	0	2.52435e-29	0	1.57772e-30	0
3.45743e-29	0	9.33075e-30	0	0	0	3.01986e-30	0	3.01986e-30	0	2.07569e-29	0	4.73317e-29	0	3.15544e-30	0	1.26218e-29	0	1.24862e-29	0	0	0	3.01986e-30	0	3.15544e-30	0	0	0	2.5108e-29	0	3.15544e-30	0	0	0	4.89094e-29	0	0	0	0	0	0	0	2.5108e-29	0	0	0	2.52435e-29	0	1.57772e-30	0
3.45743e-29	0	9.33075e-30	0	0	0	3.01986e-30	0	3.01986e-30	0	2.07569e-29	0	4.73317e-29	0	3.15544e-30	0	1.26218e-29	0	1.24862e-29	0	0	0	3.01986e-30	0	3.15544e-30	0	0	0	2.5108e-29	0	3.15544e-30	0	0	0	4.89094e-29	0	0	0	0	0	0	0	2.5108e-29	0	0	0	2.52435e-29	0	1.57772e-30	0
3.45743e-29	0	9.33075e-30	0	0	0	3.01986e-30	0	3.01986e-30	0	2.07569e-29	0	4.73317e-29	0	3.15544e-30	0	1.26218e-29	0	1.24862e-29	0	0	0	3.01986e-30	0	3.15544e-30	0	0	0	2.5108e-29	0	3.15544e-30	0	0	0	4.89094e-29	0	0	0	0	0	0	0	2.5108e-29	0	0	0	2.52435e-29	0	1.57772e-30	0
3.45743e-29	0	9.33075e-30	0	0	0	3.01986e-30	0	3.01986e-30	0	2.07569e-29	0	4.73317e-29	0	3.15544e-30	0	1.26218e-29	0	1.24862e-29	0	0	0	3.01986e-30	0	3.15544e-30	0	0	0	2.5108e-29	0	3.15544e-30	0	0	0	4.89094e-29	0	0	0	0	0	0	0	2.5108e-29	0	0	0	2.52435e-29	0	1.57772e-30	0
3.45743e-29	0	9.33075e-30	0	0	0	3.01986e-30	0	3.01986e-30	0	2.07569e-29	0	4.73317e-29	0	3.15544e-30	0	1.26218e-29	0	1.24862e-29	0	0	0	3.01986e-30	0	3.15544e-30	0	0	0	2.5108e-29	0	3.15544e-30	0	0	0	4.89094e-29	0	0	0	0	0	0	0	2.5108e-29	0	0	0	2.52435e-29	0	1.57772e-30	0
3.45743e-29	0	9.33075e-30	0	0	0	3.01986e-30	0	3.01986e-30	0	2.07569e-29	0	4.73317e-29	0	3.15544e-30	0	1.26218e-29	0	1.24862e-29	0	0	0	3.01986e-30	0	3.15544e-30	0	0	0	2.5108e-29	0	3.15544e-30	0	0	0	4.89094e-29	0	0	0	0	0	0	0	2.5108e-29	0	0	0	2.52435e-29	0	1.57772e-30	0
3.45743e-29	0	9.33075e-30	0	0	0	3.01986e-30	0	3.01986e-30	0	2.07569e-29	0	4.73317e-29	0	3.15544e-30	0	1.26218e-29	0	1.24862e-29	0	0	0	3.01986e-30	0	3.15544e-30	0	0	0	2.5108e-29	0	3.15544e-30	0	0	0	4.89094e-29	0	0	0	0	0	0	0	2.5108e-29	0	0	0	2.52435e-29	0	1.57772e-30	0
3.45743e-29	0	9.33075e-30	0	0	0	3.01986e-30	0	3.01986e-30	0	2.07569e-29	0	4.73317e-29	0	3.15544e-30	0	1.26218e-29	0	1.24862e-29	0	0	0	3.01986e-30	0	3.15544e-30	0	0	0	2.5108e-29	0	3.15544e-30	0	0	0	4.89094e-29	0	0	0	0	0	0	0	2.5108e-29	0	0	0	2.52435e-29	0	1.57772e-30	0
3.45743e-29	0	9.33075e-30	0	0	0	3.01986e-30	0	3.01986e-30	0	2.07569e-29	0	4.73317e-29	0	3.15544e-30	0	1.26218e-29	0	1.24862e-29	0	0	0	3.01986e-30	0	3.15544e-30	0	0	0	2.5108e-29	0	3.15544e-30	0	0	0	4.89094e-29	0	0	0	0	0	0	0	2.5108e-29	0	0	0	2.52435e-29	0	1.57772e-30	0
3.45743e-29	0	9.33075e-30	0	0	0	3.01986e-30	0	3.01986e-30	0	2.07569e-29	0	4.73317e-29	0	3.15544e-30	0	1.26218e-29	0	1.24862e-29	0	0	0	3.01986e-30	0	3.15544e-30	0	0	0	2.5108e-29	0	3.15544e-30	0	0	0	4.89094e-29	0	0	0	0	0	0	0	2.5108e-29	0	0	0	2.52435e-29	0	1.57772e-30	0
3.45743e-29	0	9.33075e-30	0	0	0	3.01986e-30	0	3.01986e-30	0	2.07569e-29	0	4.73317e-29	0	3.15544e-30	0	1.26218e-29	0	1.24862e-29	0	0	0	3.01986e-30	0	3.15544e-30	0	0	0	2.5108e-29	0	3.15544e-30	0	0	0	4.89094e-29	0	0	0	0	0	0	0	2.5108e-29	0	0	0	2.52435e-29	0	1.57772e-30	0
3.45743e-29	0	9.33075e-30	0	0	0	3.01986e-30	0	3.01986e-30	0	2.07569e-29	0	4.73317e-29	0	3.15544e-30	0	1.26218e-29	0	1.24862e-29	0	0	0	3.01986e-30	0	3.15544e-30	0	0	0	2.5108e-29	0	3.15544e-30	0	0	0	4.89094e-29	0	0	0	0	0	0	0	2.5108e-29	0	0	0	2.52435e-29	0	1.57772e-30	0
3.45743e-29	0	9.33075e-30	0	0	0	3.01986e-30	0	3.01986e-30	0	2.07569e-29	0	4.73317e-29	0	3.15544e-30	0	1.26218e-29	0	1.24862e-29	0	0	0	3.01986e-30	0	3.15544e-30	0	0	0	2.5108e-29	0	3.15544e-30	0	0	0	4.89094e-29	0	0	0	0	0	0	0	2.5108e-29	0	0	0	2.52435e-29	0	1.57772e-30	0
3.45743e-29	0	9.33075e-30	0	0	0	3.01986e-30	0	3.01986e-30	0	2.07569e-29	0	4.73317e-29	0	3.15544e-30	0	1.26218e-29	0	1.24862e-29	0	0	0	3.01986e-30	0	3.15544e-30	0	0	0	2.5108e-29	0	3.15544e-30	0	0	0	4.89094e-29	0	0	0	0	0	0	0	2.5108e-29	0	0	0	2.52435e-29	0	1.57772e-30	0
3.45743e-29	0	9.33075e-30	0	0	0	3.01986e-30	0	3.01986e-30	0	2.07569e-29	0	4.73317e-29	0	3.15544e-30	0	1.26218e-29	0	1.24862e-29	0	0	0	3.01986e-30	0	3.15544e-30	0	0	0	2.5108e-29	0	3.15544e-30	0	0	0	4.89094e-29	0	0	0	0	0	0	0	2.5108e-29	0	0	0	2.52435e-29	0	1.57772e-30	0
3.45743e-29	0	9.33075e-30	0	0	0	3.01986e-30	0	3.01986e-30	0	2.07569e-29	0	4.73317e-29	0	3.15544e-30	0	1.26218e-29	0	1.24862e-29	0	0	0	3.01986e-30	0	3.15544e-30	0	0	0	2.5108e-29	0	3.15544e-30	0	0	0	4.89094e-29	0	0	0	0	0	0	0	2.5108e-29	0	0	0	2.52435e-29	0	1.57772e-30	0
3.45743e-29	0	9.33075e-30	0	0	0	3.01986e-30	0	3.01986e-30	0	2.07569e-29	0	4.73317e-29	0	3.15544e-30	0	1.26218e-29	0	1.24862e-29	0	0	0	3.01986e-30	0	3.15544e-30	0	0	0	2.5108e-29	0	3.15544e-30	0	0	0	4.89094e-29	0	0	0	0	0	0	0	2.5108e-29	0	0	0	2.52435e-29	0	1.57772e-30	0
3.45743e-29	0	9.33075e-30	0	0	0	3.01986e-30	0	3.01986e-30	0	2.07569e-29	0	4.73317e-29	0	3.15544e-30	0	1.26218e-29	0	1.24862e-29	0	0	0	3.01986e-30	0	3.15544e-30	0	0	0	2.5108e-29	0	3.15544e-30	0	0	0	4.89094e-29	0	0	0	0	0	0	0	2.5108e-29	0	0	0	2.52435e-29	0	1.57772e-30	0
3.45743e-29	0	9.33075e-30	0	0	0	3.01986e-30	0	3.01986e-30	0	2.07569e-29	0	4.73317e-29	0	3.15544e-30	0	1.26218e-29	0	1.24862e-29	0	0	0	3.01986e-30	0	3.15544e-30	0	0	0	2.5108e-29	0	3.15544e-30	0	0	0	4.89094e-29	0	0	0	0	0	0	0	2.5108e-29	0	0	0	2.52435e-29	0	1.57772e-30	0
3.45743e-29	0	9.33075e-30	0	0	0	3.01986e-30	0	3.01986e-30	0	2.07569e-29	0	4.73317e-29	0	3.15544e-30	0	1.26218e-29	0	1.24862e-29	0	0	0	3.01986e-30	0	3.15544e-30	0	0	0	2.5108e-29	0	3.15544e-30	0	0	0	4.89094e-29	0	0	0	0	0	0	0	2.5108e-29	0	0	0	2.52435e-29	0	1.57772e-30	0
3.45743e-29	0	9.33075e-30	0	0	0	3.01986e-30	0	3.01986e-30	0	2.07569e-29	0	4.73317e-29	0	3.15544e-30	0	1.26218e-29	0	1.24862e-29	0	0	0	3.01986e-30	0	3.15544e-30	0	0	0	2.5108e-29	0	3.15544e-30	0	0	0	4.89094e-29	0	0	0	0	0	0	0	2.5108e-29	0	0	0	2.52435e-29	0	1.57772e-30	0
3.45743e-29	0	9.33075e-30	0	0	0	3.01986e-30	0	3.01986e-30	0	2.07569e-29	0	4.73317e-29	0	3.15544e-30	0	1.26218e-29	0	1.24862e-29	0	0	0	3.01986e-30	0	3.15544e-30	0	0	0	2.5108e-29	0	3.15544e-30	0	0	0	4.89094e-29	0	0	0	0	0	0	0	2.5108e-29	0	0	0	2.52435e-29	0	1.57772e-30	0
3.45743e-29	0	9.33075e-30	0	0	0	3.01986e-30	0	3.01986e-30	0	2.07569e-29	0	4.73317e-29	0	3.15544e-30	0	1.26218e-29	0	1.24862e-29	0	0	0	3.01986e-30	0	3.15544e-30	0	0	0	2.5108e-29	0	3.15544e-30	0	0	0	4.89094e-29	0	0	0	0	0	0	0	2.5108e-29	0	0	0	2.52435e-29	0	1.57772e-30	0
3.45743e-29	0	9.33075e-30	0	0	0	3.01986e-30	0	3.01986e-30	0	2.07569e-29	0	4.73317e-29	0	3.15544e-30	0	1.26218e-29	0	1.24862e-29	0	0	0	3.01986e-30	0	3.15544e-30	0	0	0	2.5108e-29	0	3.15544e-30	0	0	0	4.89094e-29	0	0	0	0	0	0	0	2.5108e-29	0	0	0	2.52435e-29	0	1.57772e-30	0
3.45743e-29	0	9.33075e-30	0	0	0	3.01986e-30	0	3.01986e-30	0	2.07569e-29	0	4.73317e-29	0	3.15544e-30	0	1.26218e-29	0	1.24862e-29	0	0	0	3.01986e-30	0	3.15544e-30	0	0	0	2.5108e-29	0	3.15544e-30	0	0	0	4.89094e-29	0	0	0	0	0	0	0	2.5108e-29	0	0	0	2.52435e-29	0	1.57772e-30	0
3.45743e-29	0	9.33075e-30	0	0	0	3.01986e-30	0	3.01986e-30	0	2.07569e-29	0	4.73317e-29	0	3.15544e-30	0	1.26218e-29	0	1.24862e-29	0	0	0	3.01986e-30	0	3.15544e-30	0	0	0	2.5108e-29	0	3.15544e-30	0	0	0	4.89094e-29	0	0	0	0	0	0	0	2.5108e-29	0	0	0	2.52435e-29	0	1.57772e-30	0
3.45743e-29	0	9.33075e-30	0	0	0	3.01986e-30	0	3.01986e-30	0	2.07569e-29	0	4.73317e-29	0	3.15544e-30	0	1.26218e-29	0	1.24862e-29	0	0	0	3.01986e-30	0	3.15544e-30	0	0	0	2.5108e-29	0	3.15544e-30	0	0	0	4.89094e-29	0	0	0	0	0	0	0	2.5108e-29	0	0	0	2.52435e-29	0	1.57772e-30	0
3.45743e-29	0	9.33075e-30	0	0	0	3.01986e-30	0	3.01986e-30	0	2.07569e-29	0	4.73317e-29	0	3.15544e-30	0	1.26218e-29	0	1.24862e-29	0	0	0	3.01986e-30	0	3.15544e-30	0	0	0	2.5108e-29	0	3.15544e-30	0	0	0	4.89094e-29	0	0	0	0	0	0	0	2.5108e-29	0	0	0	2.52435e-29	0	1.57772e-30	0
3.45743e-29	0	9.33075e-30	0	0	0	3.01986e-30	0	3.01986e-30	0	2.07569e-29	0	4.73317e-29	0	3.15544e-30	0	1.26218e-29	0	1.24862e-29	0	0	0	3.01986e-30	0	3.15544e-30	0	0	0	2.5108e-29	0	3.15544e-30	0	0	0	4.89094e-29	0	0	0	0	0	0	0	2.5108e-29	0	0	0	2.52435e-29	0	1.57772e-30	0
3.45743e-29	0	9.33075e-30	0	0	0	3.01986e-30	0	3.01986e-30	0	2.07569e-29	0	4.73317e-29	0	3.15544e-30	0	1.26218e-29	0	1.24862e-29	0	0	0	3.01986e-30	0	3.15544e-30	0	0	0	2.5108e-29	0	3.15544e-30	0	0	0	4.89094e-29	0	0	0	0	0	0	0	2.5108e-29	0	0	0	2.52435e-29	0	1.57772e-30	0
3.45743e-29	0	9.33075e-30	0	0	0	3.01986e-30	0	3.01986e-30	0	2.07569e-29	0	4.73317e-29	0	3.15544e-30	0	1.26218e-29	0	1.24862e-29	0	0	0	3.01986e-30	0	3.15544e-30	0	0	0	2.5108e-29	0	3.15544e-30	0	0	0	4.89094e-29	0	0	0	0	0	0	0	2.5108e-29	0	0	0	2.52435e-29	0	1.57772e-30	0
3.45743e-29	0	9.33075e-30	0	0	0	3.01986e-30	0	3.01986e-30	0	2.07569e-29	0	4.73317e-29	0	3.15544e-30	0	1.26218e-29	0	1.24862e-29	0	0	0	3.01986e-30	0	3.15544e-30	0	0	0	2.5108e-29	0	3.15544e-30	0	0	0	4.89094e-29	0	0	0	0	0	0	0	2.5108e-29	0	0	0	2.52435e-29	0	1.57772e-30	0
3.45743e-29	0	9.33075e-30	0	0	0	3.01986e-30	0	3.01986e-30	0	2.07569e-29	0	4.73317e-29	0	3.15544e-30	0	1.26218e-29	0	1.24862e-29	0	0	0	3.01986e-30	0	3.15544e-30	0	0	0	2.5108e-29	0	3.15544e-30	0	0	0	4.89094e-29	0	0	0	0	0	0	0	2.5108e-29	0	0	0	2.52435e-29	0	1.57772e-30	0
3.45743e-29	0	9.33075e-30	0	0	0	3.01986e-30	0	3.01986e-30	0	2.07569e-29	0	4.73317e-29	0	3.15544e-30	0	1.26218e-29	0	1.24862e-29	0	0	0	3.01986e-30	0	3.15544e-30	0	0	0	2.5108e-29	0	3.15544e-30	0	0	0	4.89094e-29	0	0	0	0	0	0	0	2.5108e-29	0	0	0	2.52435e-29	0	1.57772e-30	0
3.45743e-29	0	9.33075e-30	0	0	0	3.01986e-30	0	3.01986e-30	0	2.07569e-29	0	4.73317e-29	0	3.15544e-30	0	1.26218e-29	0	1.24862e-29	0	0	0	3.01986e-30	0	3.15544e-30	0	0	0	2.5108e-29	0	3.15544e-30	0	0	0	4.89094e-29	0	0	0	0	0	0	0	2.5108e-29	0	0	0	2.52435e-29	0	1.57772e-30	0
3.45743e-29	0	9.33075e-30	0	0	0	3.01986e-30	0	3.01986e-30	0	2.07569e-29	0	4.73317e-29	0	3.15544e-30	0	1.26218e-29	0	1.24862e-29	0	0	0	3.01986e-30	0	3.15544e-30	0	0	0	2.5108e-29	0	3.15544e-30	0	0	0	4.89094e-29	0	0	0	0	0	0	0	2.5108e-29	0	0	0	2.52435e-29	0	1.57772e-30	0
3.45743e-29	0	9.33075e-30	0	0	0	3.01986e-30	0	3.01986e-30	0	2.07569e-29	0	4.73317e-29	0	3.15544e-30	0	1.26218e-29	0	1.24862e-29	0	0	0	3.01986e-30	0	3.15544e-30	0	0	0	2.5108e-29	0	3.15544e-30	0	0	0	4.89094e-29	0	0	0	0	0	0	0	2.5108e-29	0	0	0	2.52435e-29	0	1.57772e-30	0
3.45743e-29	0	9.33075e-30	0	0	0	3.01986e-30	0	3.01986e-30	0	2.07569e-29	0	4.73317e-29	0	3.15544e-30	0	1.26218e-29	0	1.24862e-29	0	0	0	3.01986e-30	0	3.15544e-30	0	0	0	2.5108e-29	0	3.15544e-30	0	0	0	4.89094e-29	0	0	0	0	0	0	0	2.5108e-29	0	0	0	2.52435e-29	0	1.57772e-30	0
3.45743e-29	0	9.33075e-30	0	0	0	3.01986e-30	0	3.01986e-30	0	2.07569e-29	0	4.73317e-29	0	3.15544e-30	0	1.26218e-29	0	1.24862e-29	0	0	0	3.01986e-30	0	3.15544e-30	0	0	0	2.5108e-29	0	3.15544e-30	0	0	0	4.89094e-29	0	0	0	0	0	0	0	2.5108e-29	0	0	0	2.52435e-29	0	1.57772e-30	0
3.45743e-29	0	9.33075e-30	0	0	0	3.01986e-30	0	3.01986e-30	0	2.07569e-29	0	4.73317e-29	0	3.15544e-30	0	1.26218e-29	0	1.24862e-29	0	0	0	3.01986e-30	0	3.15544e-30	0	0	0	2.5108e-29	0	3.15544e-30	0	0	0	4.89094e-29	0	0	0	0	0	0	0	2.5108e-29	0	0	0	2.52435e-29	0	1.57772e-30	0
3.45743e-29	0	9.33075e-30	0	0	0	3.01986e-30	0	3.01986e-30	0	2.07569e-29	0	4.73317e-29	0	3.15544e-30	0	1.26218e-29	0	1.24862e-29	0	0	0	3.01986e-30	0	3.15544e-30	0	0	0	2.5108e-29	0	3.15544e-30	0	0	0	4.89094e-29	0	0	0	0	0	0	0	2.5108e-29	0	0	0	2.52435e-29	0	1.57772e-30	0
3.45743e-29	0	9.33075e-30	0	0	0	3.01986e-30	0	3.01986e-30	0	2.07569e-29	0	4.73317e-29	0	3.15544e-30	0	1.26218e-29	0	1.24862e-29	0	0	0	3.01986e-30	0	3.15544e-30	0	0	0	2.5108e-29	0	3.15544e-30	0	0	0	4.89094e-29	0	0	0	0	0	0	0	2.5108e-29	0	0	0	2.52435e-29	0	1.57772e-30	0
3.45743e-29	0	9.33075e-30	0	0	0	3.01986e-30	0	3.01986e-30	0	2.07569e-29	0	4.73317e-29	0	3.15544e-30	0	1.26218e-29	0	1.24862e-29	0	0	0	3.01986e-30	0	3.15544e-30	0	0	0	2.5108e-29	0	3.15544e-30	0	0	0	4.89094e-29	0	0	0	0	0	0	0	2.5108e-29	0	0	0	2.52435e-29	0	1.57772e-30	0
3.45743e-29	0	9.33075e-30	0	0	0	3.01986e-30	0	3.01986e-30	0	2.07569e-29	0	4.73317e-29	0	3.15544e-30	0	1.26218e-29	0	1.24862e-29	0	0	0	3.01986e-30	0	3.15544e-30	0	0	0	2.5108e-29	0	3.15544e-30	0	0	0	4.89094e-29	0	0	0	0	0	0	0	2.5108e-29	0	0	0	2.52435e-29	0	1.57772e-30	0
3.45743e-29	0	9.33075e-30	0	0	0	3.01986e-30	0	3.01986e-30	0	2.07569e-29	0	4.73317e-29	0	3.15544e-30	0	1.26218e-29	0	1.24862e-29	0	0	0	3.01986e-30	0	3.15544e-30	0	0	0	2.5108e-29	0	3.15544e-30	0	0	0	4.89094e-29	0	0	0	0	0	0	0	2.5108e-29	0	0	0	2.52435e-29	0	1.57772e-30	0
3.45743e-29	0	9.33075e-30	0	0	0	3.01986e-30	0	3.01986e-30	0	2.07569e-29	0	4.73317e-29	0	3.15544e-30	0	1.26218e-29	0	1.24862e-29	0	0	0	3.01986e-30	0	3.15544e-30	0	0	0	2.5108e-29	0	3.15544e-30	0	0	0	4.89094e-29	0	0	0	0	0	0	0	2.5108e-29	0	0	0	2.52435e-29	0	1.57772e-30	0
3.45743e-29	0	9.33075e-30	0	0	0	3.01986e-30	0	3.01986e-30	0	2.07569e-29	0	4.73317e-29	0	3.15544e-30	0	1.26218e-29	0	1.24862e-29	0	0	0	3.01986e-30	0	3.15544e-30	0	0	0	2.5108e-29	0	3.15544e-30	0	0	0	4.89094e-29	0	0	0	0	0	0	0	2.5108e-29	0	0	0	2.52435e-29	0	1.57772e-30	0
3.45743e-29	0	9.33075e-30	0	0	0	3.01986e-30	0	3.01986e-30	0	2.07569e-29	0	4.73317e-29	0	3.15544e-30	0	1.26218e-29	0	1.24862e-29	0	0	0	3.01986e-30	0	3.15544e-30	0	0	0	2.5108e-29	0	3.15544e-30	0	0	0	4.89094e-29	0	0	0	0	0	0	0	2.5108e-29	0	0	0	2.52435e-29	0	1.57772e-30	0
3.45743e-29	0	9.33075e-30	0	0	0	3.01986e-30	0	3.01986e-30	0	2.07569e-29	0	4.73317e-29	0	3.15544e-30	0	1.26218e-29	0	1.24862e-29	0	0	0	3.01986e-30	0	3.15544e-30	0	0	0	2.5108e-29	0	3.15544e-30	0	0	0	4.89094e-29	0	0	0	0	0	0	0	2.5108e-29	0	0	0	2.52435e-29	0	1.57772e-30	0
3.45743e-29	0	9.33075e-30	0	0	0	3.01986e-30	0	3.01986e-30	0	2.07569e-29	0	4.73317e-29	0	3.15544e-30	0	1.26218e-29	0	1.24862e-29	0	0	0	3.01986e-30	0	3.15544e-30	0	0	0	2.5108e-29	0	3.15544e-30	0	0	0	4.89094e-29	0	0	0	0	0	0	0	2.5108e-29	0	0	0	2.52435e-29	0	1.57772e-30	0
3.45743e-29	0	9.33075e-30	0	0	0	3.01986e-30	0	3.01986e-30	0	2.07569e-29	0	4.73317e-29	0	3.15544e-30	0	1.26218e-29	0	1.24862e-29	0	0	0	3.01986e-30	0	3.15544e-30	0	0	0	2.5108e-29	0	3.15544e-30	0	0	0	4.89094e-29	0	0	0	0	0	0	0	2.5108e-29	0	0	0	2.52435e-29	0	1.57772e-30	0
3.45743e-29	0	9.33075e-30	0	0	0	3.01986e-30	0	3.01986e-30	0	2.07569e-29	0	4.73317e-29	0	3.15544e-30	0	1.26218e-29	0	1.24862e-29	0	0	0	3.01986e-30	0	3.15544e-30	0	0	0	2.5108e-29	0	3.15544e-30	0	0	0	4.89094e-29	0	0	0	0	0	0	0	2.5108e-29	0	0	0	2.52435e-29	0	1.57772e-30	0
3.45743e-29	0	9.33075e-30	0	0	0	3.01986e-30	0	3.01986e-30	0	2.07569e-29	0	4.73317e-29	0	3.15544e-30	0	1.26218e-29	0	1.24862e-29	0	0	0	3.01986e-30	0	3.15544e-30	0	0	0	2.5108e-29	0	3.15544e-30	0	0	0	4.89094e-29	0	0	0	0	0	0	0	2.5108e-29	0	0	0	2.52435e-29	0	1.57772e-30	0
3.45743e-29	0	9.33075e-30	0	0	0	3.01986e-30	0	3.01986e-30	0	2.07569e-29	0	4.73317e-29	0	3.15544e-30	0	1.26218e-29	0	1.24862e-29	0	0	0	3.01986e-30	0	3.15544e-30	0	0	0	2.5108e-29	0	3.15544e-30	0	0	0	4.89094e-29	0	0	0	0	0	0	0	2.5108e-29	0	0	0	2.52435e-29	0	1.57772e-30	0
3.45743e-29	0	9.33075e-30	0	0	0	3.01986e-30	0	3.01986e-30	0	2.07569e-29	0	4.73317e-29	0	3.15544e-30	0	1.26218e-29	0	1.24862e-29	0	0	0	3.01986e-30	0	3.15544e-30	0	0	0	2.5108e-29	0	3.15544e-30	0	0	0	4.89094e-29	0	0	0	0	0	0	0	2.5108e-29	0	0	0	2.52435e-29	0	1.57772e-30	0
3.45743e-29	0	9.33075e-30	0	0	0	3.01986e-30	0	3.01986e-30	0	2.07569e-29	0	4.73317e-29	0	3.15544e-30	0	1.26218e-29	0	1.24862e-29	0	0	0	3.01986e-30	0	3.15544e-30	0	0	0	2.5108e-29	0	3.15544e-30	0	0	0	4.89094e-29	0	0	0	0	0	0	0	2.5108e-29	0	0	0	2.52435e-29	0	1.57772e-30	0
3.45743e-29	0	9.33075e-30	0	0	0	3.01986e-30	0	3.01986e-30	0	2.07569e-29	0	4.73317e-29	0	3.15544e-30	0	1.26218e-29	0	1.24862e-29	0	0	0	3.01986e-30	0	3.15544e-30	0	0	0	2.5108e-29	0	3.15544e-30	0	0	0	4.89094e-29	0	0	0	0	0	0	0	2.5108e-29	0	0	0	2.52435e-29	0	1.57772e-30	0
3.45743e-29	0	9.33075e-30	0	0	0	3.01986e-30	0	3.01986e-30	0	2.07569e-29	0	4.73317e-29	0	3.15544e-30	0	1.26218e-29	0	1.24862e-29	0	0	0	3.01986e-30	0	3.15544e-30	0	0	0	2.5108e-29	0	3.15544e-30	0	0	0	4.89094e-29	0	0	0	0	0	0	0	2.5108e-29	0	0	0	2.52435e-29	0	1.57772e-30	0
3.45743e-29	0	9.33075e-30	0	0	0	3.01986e-30	0	3.01986e-30	0	2.07569e-29	0	4.73317e-29	0	3.15544e-30	0	1.26218e-29	0	1.24862e-29	0	0	0	3.01986e-30	0	3.15544e-30	0	0	0	2.5108e-29	0	3.15544e-30	0	0	0	4.89094e-29	0	0	0	0	0	0	0	2.5108e-29	0	0	0	2.52435e-29	0	1.57772e-30	0
3.45743e-29	0	9.33075e-30	0	0	0	3.01986e-30	0	3.01986e-30	0	2.07569e-29	0	4.73317e-29	0	3.15544e-30	0	1.26218e-29	0	1.24862e-29	0	0	0	3.01986e-30	0	3.15544e-30	0	0	0	2.5108e-29	0	3.15544e-30	0	0	0	4.89094e-29	0	0	0	0	0	0	0	2.5108e-29	0	0	0	2.52435e-29	0	1.57772e-30	0
3.45743e-29	0	9.33075e-30	0	0	0	3.01986e-30	0	3.01986e-30	0	2.07569e-29	0	4.73317e-29	0	3.15544e-30	0	1.26218e-29	0	1.24862e-29	0	0	0	3.01986e-30	0	3.15544e-30	0	0	0	2.5108e-29	0	3.15544e-30	0	0	0	4.89094e-29	0	0	0	0	0	0	0	2.5108e-29	0	0	0	2.52435e-29	0	1.57772e-30	0
3.45743e-29	0	9.33075e-30	0	0	0	3.01986e-30	0	3.01986e-30	0	2.07569e-29	0	4.73317e-29	0	3.15544e-30	0	1.26218e-29	0	1.24862e-29	0	0	0	3.01986e-30	0	3.15544e-30	0	0	0	2.5108e-29	0	3.15544e-30	0	0	0	4.89094e-29	0	0	0	0	0	0	0	2.5108e-29	0	0	0	2.52435e-29	0	1.57772e-30	0
3.45743e-29	0	9.33075e-30	0	0	0	3.01986e-30	0	3.01986e-30	0	2.07569e-29	0	4.73317e-29	0	3.15544e-30	0	1.26218e-29	0	1.24862e-29	0	0	0	3.01986e-30	0	3.15544e-30	0	0	0	2.5108e-29	0	3.15544e-30	0	0	0	4.89094e-29	0	0	0	0	0	0	0	2.5108e-29	0	0	0	2.52435e-29	0	1.57772e-30	0
3.45743e-29	0	9.33075e-30	0	0	0	3.01986e-30	0	3.01986e-30	0	2.07569e-29	0	4.73317e-29	0	3.15544e-30	0	1.26218e-29	0	1.24862e-29	0	0	0	3.01986e-30	0	3.15544e-30	0	0	0	2.5108e-29	0	3.15544e-30	0	0	0	4.89094e-29	0	0	0	0	0	0	0	2.5108e-29	0	0	0	2.52435e-29	0	1.57772e-30	0
3.45743e-29	0	9.33075e-30	0	0	0	3.01986e-30	0	3.01986e-30	0	2.07569e-29	0	4.73317e-29	0	3.15544e-30	0	1.26218e-29	0	1.24862e-29	0	0	0	3.01986e-30	0	3.15544e-30	0	0	0	2.5108e-29	0	3.15544e-30	0	0	0	4.89094e-29	0	0	0	0	0	0	0	2.5108e-29	0	0	0	2.52435e-29	0	1.57772e-30	0
3.45743e-29	0	9.33075e-30	0	0	0	3.01986e-30	0	3.01986e-30	0	2.07569e-29	0	4.73317e-29	0	3.15544e-30	0	1.26218e-29	0	1.24862e-29	0	0	0	3.01986e-30	0	3.15544e-30	0	0	0	2.5108e-29	0	3.15544e-30	0	0	0	4.89094e-29	0	0	0	0	0	0	0	2.5108e-29	0	0	0	2.52435e-29	0	1.57772e-30	0
3.45743e-29	0	9.33075e-30	0	0	0	3.01986e-30	0	3.01986e-30	0	2.07569e-29	0	4.73317e-29	0	3.15544e-30	0	1.26218e-29	0	1.24862e-29	0	0	0	3.01986e-30	0	3.15544e-30	0	0	0	2.5108e-29	0	3.15544e-30	0	0	0	4.89094e-29	0	0	0	0	0	0	0	2.5108e-29	0	0	0	2.52435e-29	0	1.57772e-30	0
3.45743e-29	0	9.33075e-30	0	0	0	3.01986e-30	0	3.01986e-30	0	2.07569e-29	0	4.73317e-29	0	3.15544e-30	0	1.26218e-29	0	1.24862e-29	0	0	0	3.01986e-30	0	3.15544e-30	0	0	0	2.5108e-29	0	3.15544e-30	0	0	0	4.89094e-29	0	0	0	0	0	0	0	2.5108e-29	0	0	0	2.52435e-29	0	1.57772e-30	0
3.45743e-29	0	9.33075e-30	0	0	0	3.01986e-30	0	3.01986e-30	0	2.07569e-29	0	4.73317e-29	0	3.15544e-30	0	1.26218e-29	0	1.24862e-29	0	0	0	3.01986e-30	0	3.15544e-30	0	0	0	2.5108e-29	0	3.15544e-30	0	0	0	4.89094e-29	0	0	0	0	0	0	0	2.5108e-29	0	0	0	2.52435e-29	0	1.57772e-30	0
3.45743e-29	0	9.33075e-30	0	0	0	3.01986e-30	0	3.01986e-30	0	2.07569e-29	0	4.73317e-29	0	3.15544e-30	0	1.26218e-29	0	1.24862e-29	0	0	0	3.01986e-30	0	3.15544e-30	0	0	0	2.5108e-29	0	3.15544e-30	0	0	0	4.89094e-29	0	0	0	0	0	0	0	2.5108e-29	0	0	0	2.52435e-29	0	1.57772e-30	0
3.45743e-29	0	9.33075e-30	0	0	0	3.01986e-30	0	3.01986e-30	0	2.07569e-29	0	4.73317e-29	0	3.15544e-30	0	1.26218e-29	0	1.24862e-29	0	0	0	3.01986e-30	0	3.15544e-30	0	0	0	2.5108e-29	0	3.15544e-30	0	0	0	4.89094e-29	0	0	0	0	0	0	0	2.5108e-29	0	0	0	2.52435e-29	0	1.57772e-30	0
3.45743e-29	0	9.33075e-30	0	0	0	3.01986e-30	0	3.01986e-30	0	2.07569e-29	0	4.73317e-29	0	3.15544e-30	0	1.26218e-29	0	1.24862e-29	0	0	0	3.01986e-30	0	3.15544e-30	0	0	0	2.5108e-29	0	3.15544e-30	0	0	0	4.89094e-29	0	0	0	0	0	0	0	2.5108e-29	0	0	0	2.52435e-29	0	1.57772e-30	0
3.45743e-29	0	9.33075e-30	0	0	0	3.01986e-30	0	3.01986e-30	0	2.07569e-29	0	4.73317e-29	0	3.15544e-30	0	1.26218e-29	0	1.24862e-29	0	0	0	3.01986e-30	0	3.15544e-30	0	0	0	2.5108e-29	0	3.15544e-30	0	0	0	4.89094e-29	0	0	0	0	0	0	0	2.5108e-29	0	0	0	2.52435e-29	0	1.57772e-30	0
3.45743e-29	0	9.33075e-30	0	0	0	3.01986e-30	0	3.01986e-30	0	2.07569e-29	0	4.73317e-29	0	3.15544e-30	0	1.26218e-29	0	1.24862e-29	0	0	0	3.01986e-30	0	3.15544e-30	0	0	0	2.5108e-29	0	3.15544e-30	0	0	0	4.89094e-29	0	0	0	0	0	0	0	2.5108e-29	0	0	0	2.52435e-29	0	1.57772e-30	0
3.45743e-29	0	9.33075e-30	0	0	0	3.01986e-30	0	3.01986e-30	0	2.07569e-29	0	4.73317e-29	0	3.15544e-30	0	1.26218e-29	0	1.24862e-29	0	0	0	3.01986e-30	0	3.15544e-30	0	0	0	2.5108e-29	0	3.15544e-30	0	0	0	4.89094e-29	0	0	0	0	0	0	0	2.5108e-29	0	0	0	2.52435e-29	0	1.57772e-30	0
3.45743e-29	0	9.33075e-30	0	0	0	3.01986e-30	0	3.01986e-30	0	2.07569e-29	0	4.73317e-29	0	3.15544e-30	0	1.26218e-29	0	1.24862e-29	0	0	0	3.01986e-30	0	3.15544e-30	0	0	0	2.5108e-29	0	3.15544e-30	0	0	0	4.89094e-29	0	0	0	0	0	0	0	2.5108e-29	0	0	0	2.52435e-29	0	1.57772e-30	0
3.45743e-29	0	9.33075e-30	0	0	0	3.01986e-30	0	3.01986e-30	0	2.07569e-29	0	4.73317e-29	0	3.15544e-30	0	1.26218e-29	0	1.24862e-29	0	0	0	3.01986e-30	0	3.15544e-30	0	0	0	2.5108e-29	0	3.15544e-30	0	0	0	4.89094e-29	0	0	0	0	0	0	0	2.5108e-29	0	0	0	2.52435e-29	0	1.57772e-30	0
3.45743e-29	0	9.33075e-30	0	0	0	3.01986e-30	0	3.01986e-30	0	2.07569e-29	0	4.73317e-29	0	3.15544e-30	0	1.26218e-29	0	1.24862e-29	0	0	0	3.01986e-30	0	3.15544e-30	0	0	0	2.5108e-29	0	3.15544e-30	0	0	0	4.89094e-29	0	0	0	0	0	0	0	2.5108e-29	0	0	0	2.52435e-29	0	1.57772e-30	0
3.45743e-29	0	9.33075e-30	0	0	0	3.01986e-30	0	3.01986e-30	0	2.07569e-29	0	4.73317e-29	0	3.15544e-30	0	1.26218e-29	0	1.24862e-29	0	0	0	3.01986e-30	0	3.15544e-30	0	0	0	2.5108e-29	0	3.15544e-30	0	0	0	4.89094e-29	0	0	0	0	0	0	0	2.5108e-29	0	0	0	2.52435e-29	0	1.57772e-30	0
3.45743e-29	0	9.33075e-30	0	0	0	3.01986e-30	0	3.01986e-30	0	2.07569e-29	0	4.73317e-29	0	3.15544e-30	0	1.26218e-29	0	1.24862e-29	0	0	0	3.01986e-30	0	3.15544e-30	0	0	0	2.5108e-29	0	3.15544e-30	0	0	0	4.89094e-29	0	0	0	0	0	0	0	2.5108e-29	0	0	0	2.52435e-29	0	1.57772e-30	0
3.45743e-29	0	9.33075e-30	0	0	0	3.01986e-30	0	3.01986e-30	0	2.07569e-29	0	4.73317e-29	0	3.15544e-30	0	1.26218e-29	0	1.24862e-29	0	0	0	3.01986e-30	0	3.15544e-30	0	0	0	2.5108e-29	0	3.15544e-30	0	0	0	4.89094e-29	0	0	0	0	0	0	0	2.5108e-29	0	0	0	2.52435e-29	0	1.57772e-30	0
3.45743e-29	0	9.33075e-30	0	0	0	3.01986e-30	0	3.01986e-30	0	2.07569e-29	0	4.73317e-29	0	3.15544e-30	0	1.26218e-29	0	1.24862e-29	0	0	0	3.01986e-30	0	3.15544e-30	0	0	0	2.5108e-29	0	3.15544e-30	0	0	0	4.89094e-29	0	0	0	0	0	0	0	2.5108e-29	0	0	0	2.52435e-29	0	1.57772e-30	0
3.45743e-29	0	9.33075e-30	0	0	0	3.01986e-30	0	3.01986e-30	0	2.07569e-29	0	4.73317e-29	0	3.15544e-30	0	1.26218e-29	0	1.24862e-29	0	0	0	3.01986e-30	0	3.15544e-30	0	0	0	2.5108e-29	0	3.15544e-30	0	0	0	4.89094e-29	0	0	0	0	0	0	0	2.5108e-29	0	0	0	2.52435e-29	0	1.57772e-30	0
3.45743e-29	0	9.33075e-30	0	0	0	3.01986e-30	0	3.01986e-30	0	2.07569e-29	0	4.73317e-29	0	3.15544e-30	0	1.26218e-29	0	1.24862e-29	0	0	0	3.01986e-30	0	3.15544e-30	0	0	0	2.5108e-29	0	3.15544e-30	0	0	0	4.89094e-29	0	0	0	0	0	0	0	2.5108e-29	0	0	0	2.52435e-29	0	1.57772e-30	0
3.45743e-29	0	9.33075e-30	0	0	0	3.01986e-30	0	3.01986e-30	0	2.07569e-29	0	4.73317e-29	0	3.15544e-30	0	1.26218e-29	0	1.24862e-29	0	0	0	3.01986e-30	0	3.15544e-30	0	0	0	2.5108e-29	0	3.15544e-30	0	0	0	4.89094e-29	0	0	0	0	0	0	0	2.5108e-29	0	0	0	2.52435e-29	0	1.57772e-30	0
3.45743e-29	0	9.33075e-30	0	0	0	3.01986e-30	0	3.01986e-30	0	2.07569e-29	0	4.73317e-29	0	3.15544e-30	0	1.26218e-29	0	1.24862e-29	0	0	0	3.01986e-30	0	3.15544e-30	0	0	0	2.5108e-29	0	3.15544e-30	0	0	0	4.89094e-29	0	0	0	0	0	0	0	2.5108e-29	0	0	0	2.52435e-29	0	1.57772e-30	0
3.45743e-29	0	9.33075e-30	0	0	0	3.01986e-30	0	3.01986e-30	0	2.07569e-29	0	4.73317e-29	0	3.15544e-30	0	1.26218e-29	0	1.24862e-29	0	0	0	3.01986e-30	0	3.15544e-30	0	0	0	2.5108e-29	0	3.15544e-30	0	0	0	4.89094e-29	0	0	0	0	0	0	0	2.5108e-29	0	0	0	2.52435e-29	0	1.57772e-30	0
3.45743e-29	0	9.33075e-30	0	0	0	3.01986e-30	0	3.01986e-30	0	2.07569e-29	0	4.73317e-29	0	3.15544e-30	0	1.26218e-29	0	1.24862e-29	0	0	0	3.01986e-30	0	3.15544e-30	0	0	0	2.5108e-29	0	3.15544e-30	0	0	0	4.89094e-29	0	0	0	0	0	0	0	2.5108e-29	0	0	0	2.52435e-29	0	1.57772e-30	0
3.45743e-29	0	9.33075e-30	0	0	0	3.01986e-30	0	3.01986e-30	0	2.07569e-29	0	4.73317e-29	0	3.15544e-30	0	1.26218e-29	0	1.24862e-29	0	0	0	3.01986e-30	0	3.15544e-30	0	0	0	2.5108e-29	0	3.15544e-30	0	0	0	4.89094e-29	0	0	0	0	0	0	0	2.5108e-29	0	0	0	2.52435e-29	0	1.57772e-30	0
3.45743e-29	0	9.33075e-30	0	0	0	3.01986e-30	0	3.01986e-30	0	2.07569e-29	0	4.73317e-29	0	3.15544e-30	0	1.26218e-29	0	1.24862e-29	0	0	0	3.01986e-30	0	3.15544e-30	0	0	0	2.5108e-29	0	3.15544e-30	0	0	0	4.89094e-29	0	0	0	0	0	0	0	2.5108e-29	0	0	0	2.52435e-29	0	1.57772e-30	0
3.45743e-29	0	9.33075e-30	0	0	0	3.01986e-30	0	3.01986e-30	0	2.07569e-29	0	4.73317e-29	0	3.15544e-30	0	1.26218e-29	0	1.24862e-29	0	0	0	3.01986e-30	0	3.15544e-30	0	0	0	2.5108e-29	0	3.15544e-30	0	0	0	4.89094e-29	0	0	0	0	0	0	0	2.5108e-29	0	0	0	2.52435e-29	0	1.57772e-30	0
3.45743e-29	0	9.33075e-30	0	0	0	3.01986e-30	0	3.01986e-30	0	2.07569e-29	0	4.73317e-29	0	3.15544e-30	0	1.26218e-29	0	1.24862e-29	0	0	0	3.01986e-30	0	3.15544e-30	0	0	0	2.5108e-29	0	3.15544e-30	0	0	0	4.89094e-29	0	0	0	0	0	0	0	2.5108e-29	0	0	0	2.52435e-29	0	1.57772e-30	0
3.45743e-29	0	9.33075e-30	0	0	0	3.01986e-30	0	3.01986e-30	0	2.07569e-29	0	4.73317e-29	0	3.15544e-30	0	1.26218e-29	0	1.24862e-29	0	0	0	3.01986e-30	0	3.15544e-30	0	0	0	2.5108e-29	0	3.15544e-30	0	0	0	4.89094e-29	0	0	0	0	0	0	0	2.5108e-29	0	0	0	2.52435e-29	0	1.57772e-30	0
3.45743e-29	0	9.33075e-30	0	0	0	3.01986e-30	0	3.01986e-30	0	2.07569e-29	0	4.73317e-29	0	3.15544e-30	0	1.26218e-29	0	1.24862e-29	0	0	0	3.01986e-30	0	3.15544e-30	0	0	0	2.5108e-29	0	3.15544e-30	0	0	0	4.89094e-29	0	0	0	0	0	0	0	2.5108e-29	0	0	0	2.52435e-29	0	1.57772e-30	0
3.45743e-29	0	9.33075e-30	0	0	0	3.01986e-30	0	3.01986e-30	0	2.07569e-29	0	4.73317e-29	0	3.15544e-30	0	1.26218e-29	0	1.24862e-29	0	0	0	3.01986e-30	0	3.15544e-30	0	0	0	2.5108e-29	0	3.15544e-30	0	0	0	4.89094e-29	0	0	0	0	0	0	0	2.5108e-29	0	0	0	2.52435e-29	0	1.57772e-30	0
3.45743e-29	0	9.33075e-30	0	0	0	3.01986e-30	0	3.01986e-30	0	2.07569e-29	0	4.73317e-29	0	3.15544e-30	0	1.26218e-29	0	1.24862e-29	0	0	0	3.01986e-30	0	3.15544e-30	0	0	0	2.5108e-29	0	3.15544e-30	0	0	0	4.89094e-29	0	0	0	0	0	0	0	2.5108e-29	0	0	0	2.52435e-29	0	1.57772e-30	0
3.45743e-29	0	9.33075e-30	0	0	0	3.01986e-30	0	3.01986e-30	0	2.07569e-29	0	4.73317e-29	0	3.15544e-30	0	1.26218e-29	0	1.24862e-29	0	0	0	3.01986e-30	0	3.15544e-30	0	0	0	2.5108e-29	0	3.15544e-30	0	0	0	4.89094e-29	0	0	0	0	0	0	0	2.5108e-29	0	0	0	2.52435e-29	0	1.57772e-30	0
3.45743e-29	0	9.33075e-30	0	0	0	3.01986e-30	0	3.01986e-30	0	2.07569e-29	0	4.73317e-29	0	3.15544e-30	0	1.26218e-29	0	1.24862e-29	0	0	0	3.01986e-30	0	3.15544e-30	0	0	0	2.5108e-29	0	3.15544e-30	0	0	0	4.89094e-29	0	0	0	0	0	0	0	2.5108e-29	0	0	0	2.52435e-29	0	1.57772e-30	0
3.45743e-29	0	9.33075e-30	0	0	0	3.01986e-30	0	3.01986e-30	0	2.07569e-29	0	4.73317e-29	0	3.15544e-30	0	1.26218e-29	0	1.24862e-29	0	0	0	3.01986e-30	0	3.15544e-30	0	0	0	2.5108e-29	0	3.15544e-30	0	0	0	4.89094e-29	0	0	0	0	0	0	0	2.5108e-29	0	0	0	2.52435e-29	0	1.57772e-30	0
3.45743e-29	0	9.33075e-30	0	0	0	3.01986e-30	0	3.01986e-30	0	2.07569e-29	0	4.73317e-29	0	3.15544e-30	0	1.26218e-29	0	1.24862e-29	0	0	0	3.01986e-30	0	3.15544e-30	0	0	0	2.5108e-29	0	3.15544e-30	0	0	0	4.89094e-29	0	0	0	0	0	0	0	2.5108e-29	0	0	0	2.52435e-29	0	1.57772e-30	0
3.45743e-29	0	9.33075e-30	0	0	0	3.01986e-30	0	3.01986e-30	0	2.07569e-29	0	4.73317e-29	0	3.15544e-30	0	1.26218e-29	0	1.24862e-29	0	0	0	3.01986e-30	0	3.15544e-30	0	0	0	2.5108e-29	0	3.15544e-30	0	0	0	4.89094e-29	0	0	0	0	0	0	0	2.5108e-29	0	0	0	2.52435e-29	0	1.57772e-30	0
3.45743e-29	0	9.33075e-30	0	0	0	3.01986e-30	0	3.01986e-30	0	2.07569e-29	0	4.73317e-29	0	3.15544e-30	0	1.26218e-29	0	1.24862e-29	0	0	0	3.01986e-30	0	3.15544e-30	0	0	0	2.5108e-29	0	3.15544e-30	0	0	0	4.89094e-29	0	0	0	0	0	0	0	2.5108e-29	0	0	0	2.52435e-29	0	1.57772e-30	0
3.45743e-29	0	9.33075e-30	0	0	0	3.01986e-30	0	3.01986e-30	0	2.07569e-29	0	4.73317e-29	0	3.15544e-30	0	1.26218e-29	0	1.24862e-29	0	0	0	3.01986e-30	0	3.15544e-30	0	0	0	2.5108e-29	0	3.15544e-30	0	0	0	4.89094e-29	0	0	0	0	0	0	0	2.5108e-29	0	0	0	2.52435e-29	0	1.57772e-30	0
3.45743e-29	0	9.33075e-30	0	0	0	3.01986e-30	0	3.01986e-30	0	2.07569e-29	0	4.73317e-29	0	3.15544e-30	0	1.26218e-29	0	1.24862e-29	0	0	0	3.01986e-30	0	3.15544e-30	0	0	0	2.5108e-29	0	3.15544e-30	0	0	0	4.89094e-29	0	0	0	0	0	0	0	2.5108e-29	0	0	0	2.52435e-29	0	1.57772e-30	0
3.45743e-29	0	9.33075e-30	0	0	0	3.01986e-30	0	3.01986e-30	0	2.07569e-29	0	4.73317e-29	0	3.15544e-30	0	1.26218e-29	0	1.24862e-29	0	0	0	3.01986e-30	0	3.15544e-30	0	0	0	2.5108e-29	0	3.15544e-30	0	0	0	4.89094e-29	0	0	0	0	0	0	0	2.5108e-29	0	0	0	2.52435e-29	0	1.57772e-30	0
3.45743e-29	0	9.33075e-30	0	0	0	3.01986e-30	0	3.01986e-30	0	2.07569e-29	0	4.73317e-29	0	3.15544e-30	0	1.26218e-29	0	1.24862e-29	0	0	0	3.01986e-30	0	3.15544e-30	0	0	0	2.5108e-29	0	3.15544e-30	0	0	0	4.89094e-29	0	0	0	0	0	0	0	2.5108e-29	0	0	0	2.52435e-29	0	1.57772e-30	0
3.45743e-29	0	9.33075e-30	0	0	0	3.01986e-30	0	3.01986e-30	0	2.07569e-29	0	4.73317e-29	0	3.15544e-30	0	1.26218e-29	0	1.24862e-29	0	0	0	3.01986e-30	0	3.15544e-30	0	0	0	2.5108e-29	0	3.15544e-30	0	0	0	4.89094e-29	0	0	0	0	0	0	0	2.5108e-29	0	0	0	2.52435e-29	0	1.57772e-30	0
3.45743e-29	0	9.33075e-30	0	0	0	3.01986e-30	0	3.01986e-30	0	2.07569e-29	0	4.73317e-29	0	3.15544e-30	0	1.26218e-29	0	1.24862e-29	0	0	0	3.01986e-30	0	3.15544e-30	0	0	0	2.5108e-29	0	3.15544e-30	0	0	0	4.89094e-29	0	0	0	0	0	0	0	2.5108e-29	0	0	0	2.52435e-29	0	1.57772e-30	0
3.45743e-29	0	9.33075e-30	0	0	0	3.01986e-30	0	3.01986e-30	0	2.07569e-29	0	4.73317e-29	0	3.15544e-30	0	1.26218e-29	0	1.24862e-29	0	0	0	3.01986e-30	0	3.15544e-30	0	0	0	2.5108e-29	0	3.15544e-30	0	0	0	4.89094e-29	0	0	0	0	0	0	0	2.5108e-29	0	0	0	2.52435e-29	0	1.57772e-30	0
3.45743e-29	0	9.33075e-30	0	0	0	3.01986e-30	0	3.01986e-30	0	2.07569e-29	0	4.73317e-29	0	3.15544e-30	0	1.26218e-29	0	1.24862e-29	0	0	0	3.01986e-30	0	3.15544e-30	0	0	0	2.5108e-29	0	3.15544e-30	0	0	0	4.89094e-29	0	0	0	0	0	0	0	2.5108e-29	0	0	0	2.52435e-29	0	1.57772e-30	0
3.45743e-29	0	9.33075e-30	0	0	0	3.01986e-30	0	3.01986e-30	0	2.07569e-29	0	4.73317e-29	0	3.15544e-30	0	1.26218e-29	0	1.24862e-29	0	0	0	3.01986e-30	0	3.15544e-30	0	0	0	2.5108e-29	0	3.15544e-30	0	0	0	4.89094e-29	0	0	0	0	0	0	0	2.5108e-29	0	0	0	2.52435e-29	0	1.57772e-30	0
3.45743e-29	0	9.33075e-30	0	0	0	3.01986e-30	0	3.01986e-30	0	2.07569e-29	0	4.73317e-29	0	3.15544e-30	0	1.26218e-29	0	1.24862e-29	0	0	0	3.01986e-30	0	3.15544e-30	0	0	0	2.5108e-29	0	3.15544e-30	0	0	0	4.89094e-29	0	0	0	0	0	0	0	2.5108e-29	0	0	0	2.52435e-29	0	1.57772e-30	0
3.45743e-29	0	9.33075e-30	0	0	0	3.01986e-30	0	3.01986e-30	0	2.07569e-29	0	4.73317e-29	0	3.15544e-30	0	1.26218e-29	0	1.24862e-29	0	0	0	3.01986e-30	0	3.15544e-30	0	0	0	2.5108e-29	0	3.15544e-30	0	0	0	4.89094e-29	0	0	0	0	0	0	0	2.5108e-29	0	0	0	2.52435e-29	0	1.57772e-30	0
3.45743e-29	0	9.33075e-30	0	0	0	3.01986e-30	0	3.01986e-30	0	2.07569e-29	0	4.73317e-29	0	3.15544e-30	0	1.26218e-29	0	1.24862e-29	0	0	0	3.01986e-30	0	3.15544e-30	0	0	0	2.5108e-29	0	3.15544e-30	0	0	0	4.89094e-29	0	0	0	0	0	0	0	2.5108e-29	0	0	0	2.52435e-29	0	1.57772e-30	0
3.45743e-29	0	9.33075e-30	0	0	0	3.01986e-30	0	3.01986e-30	0	2.07569e-29	0	4.73317e-29	0	3.15544e-30	0	1.26218e-29	0	1.24862e-29	0	0	0	3.01986e-30	0	3.15544e-30	0	0	0	2.5108e-29	0	3.15544e-30	0	0	0	4.89094e-29	0	0	0	0	0	0	0	2.5108e-29	0	0	0	2.52435e-29	0	1.57772e-30	0
3.45743e-29	0	9.33075e-30	0	0	0	3.01986e-30	0	3.01986e-30	0	2.07569e-29	0	4.73317e-29	0	3.15544e-30	0	1.26218e-29	0	1.24862e-29	0	0	0	3.01986e-30	0	3.15544e-30	0	0	0	2.5108e-29	0	3.15544e-30	0	0	0	4.89094e-29	0	0	0	0	0	0	0	2.5108e-29	0	0	0	2.52435e-29	0	1.57772e-30	0
3.45743e-29	0	9.33075e-30	0	0	0	3.01986e-30	0	3.01986e-30	0	2.07569e-29	0	4.73317e-29	0	3.15544e-30	0	1.26218e-29	0	1.24862e-29	0	0	0	3.01986e-30	0	3.15544e-30	0	0	0	2.5108e-29	0	3.15544e-30	0	0	0	4.89094e-29	0	0	0	0	0	0	0	2.5108e-29	0	0	0	2.52435e-29	0	1.57772e-30	0
3.45743e-29	0	9.33075e-30	0	0	0	3.01986e-30	0	3.01986e-30	0	2.07569e-29	0	4.73317e-29	0	3.15544e-30	0	1.26218e-29	0	1.24862e-29	0	0	0	3.01986e-30	0	3.15544e-30	0	0	0	2.5108e-29	0	3.15544e-30	0	0	0	4.89094e-29	0	0	0	0	0	0	0	2.5108e-29	0	0	0	2.52435e-29	0	1.57772e-30	0
3.45743e-29	0	9.33075e-30	0	0	0	3.01986e-30	0	3.01986e-30	0	2.07569e-29	0	4.73317e-29	0	3.15544e-30	0	1.26218e-29	0	1.24862e-29	0	0	0	3.01986e-30	0	3.15544e-30	0	0	0	2.5108e-29	0	3.15544e-30	0	0	0	4.89094e-29	0	0	0	0	0	0	0	2.5108e-29	0	0	0	2.52435e-29	0	1.57772e-30	0
3.45743e-29	0	9.33075e-30	0	0	0	3.01986e-30	0	3.01986e-30	0	2.07569e-29	0	4.73317e-29	0	3.15544e-30	0	1.26218e-29	0	1.24862e-29	0	0	0	3.01986e-30	0	3.15544e-30	0	0	0	2.5108e-29	0	3.15544e-30	0	0	0	4.89094e-29	0	0	0	0	0	0	0	2.5108e-29	0	0	0	2.52435e-29	0	1.57772e-30	0
3.45743e-29	0	9.33075e-30	0	0	0	3.01986e-30	0	3.01986e-30	0	2.07569e-29	0	4.73317e-29	0	3.15544e-30	0	1.26218e-29	0	1.24862e-29	0	0	0	3.01986e-30	0	3.15544e-30	0	0	0	2.5108e-29	0	3.15544e-30	0	0	0	4.89094e-29	0	0	0	0	0	0	0	2.5108e-29	0	0	0	2.52435e-29	0	1.57772e-30	0
3.45743e-29	0	9.33075e-30	0	0	0	3.01986e-30	0	3.01986e-30	0	2.07569e-29	0	4.73317e-29	0	3.15544e-30	0	1.26218e-29	0	1.24862e-29	0	0	0	3.01986e-30	0	3.15544e-30	0	0	0	2.5108e-29	0	3.15544e-30	0	0	0	4.89094e-29	0	0	0	0	0	0	0	2.5108e-29	0	0	0	2.52435e-29	0	1.57772e-30	0
3.45743e-29	0	9.33075e-30	0	0	0	3.01986e-30	0	3.01986e-30	0	2.07569e-29	0	4.73317e-29	0	3.15544e-30	0	1.26218e-29	0	1.24862e-29	0	0	0	3.01986e-30	0	3.15544e-30	0	0	0	2.5108e-29	0	3.15544e-30	0	0	0	4.89094e-29	0	0	0	0	0	0	0	2.5108e-29	0	0	0	2.52435e-29	0	1.57772e-30	0
3.45743e-29	0	9.33075e-30	0	0	0	3.01986e-30	0	3.01986e-30	0	2.07569e-29	0	4.73317e-29	0	3.15544e-30	0	1.26218e-29	0	1.24862e-29	0	0	0	3.01986e-30	0	3.15544e-30	0	0	0	2.5108e-29	0	3.15544e-30	0	0	0	4.89094e-29	0	0	0	0	0	0	0	2.5108e-29	0	0	0	2.52435e-29	0	1.57772e-30	0
3.45743e-29	0	9.33075e-30	0	0	0	3.01986e-30	0	3.01986e-30	0	2.07569e-29	0	4.73317e-29	0	3.15544e-30	0	1.26218e-29	0	1.24862e-29	0	0	0	3.01986e-30	0	3.15544e-30	0	0	0	2.5108e-29	0	3.15544e-30	0	0	0	4.89094e-29	0	0	0	0	0	0	0	2.5108e-29	0	0	0	2.52435e-29	0	1.57772e-30	0
3.45743e-29	0	9.33075e-30	0	0	0	3.01986e-30	0	3.01986e-30	0	2.07569e-29	0	4.73317e-29	0	3.15544e-30	0	1.26218e-29	0	1.24862e-29	0	0	0	3.01986e-30	0	3.15544e-30	0	0	0	2.5108e-29	0	3.15544e-30	0	0	0	4.89094e-29	0	0	0	0	0	0	0	2.5108e-29	0	0	0	2.52435e-29	0	1.57772e-30	0
3.45743e-29	0	9.33075e-30	0	0	0	3.01986e-30	0	3.01986e-30	0	2.07569e-29	0	4.73317e-29	0	3.15544e-30	0	1.26218e-29	0	1.24862e-29	0	0	0	3.01986e-30	0	3.15544e-30	0	0	0	2.5108e-29	0	3.15544e-30	0	0	0	4.89094e-29	0	0	0	0	0	0	0	2.5108e-29	0	0	0	2.52435e-29	0	1.57772e-30	0
3.45743e-29	0	9.33075e-30	0	0	0	3.01986e-30	0	3.01986e-30	0	2.07569e-29	0	4.73317e-29	0	3.15544e-30	0	1.26218e-29	0	1.24862e-29	0	0	0	3.01986e-30	0	3.15544e-30	0	0	0	2.5108e-29	0	3.15544e-30	0	0	0	4.89094e-29	0	0	0	0	0	0	0	2.5108e-29	0	0	0	2.52435e-29	0	1.57772e-30	0
3.45743e-29	0	9.33075e-30	0	0	0	3.01986e-30	0	3.01986e-30	0	2.07569e-29	0	4.73317e-29	0	3.15544e-30	0	1.26218e-29	0	1.24862e-29	0	0	0	3.01986e-30	0	3.15544e-30	0	0	0	2.5108e-29	0	3.15544e-30	0	0	0	4.89094e-29	0	0	0	0	0	0	0	2.5108e-29	0	0	0	2.52435e-29	0	1.57772e-30	0
3.45743e-29	0	9.33075e-30	0	0	0	3.01986e-30	0	3.01986e-30	0	2.07569e-29	0	4.73317e-29	0	3.15544e-30	0	1.26218e-29	0	1.24862e-29	0	0	0	3.01986e-30	0	3.15544e-30	0	0	0	2.5108e-29	0	3.15544e-30	0	0	0	4.89094e-29	0	0	0	0	0	0	0	2.5108e-29	0	0	0	2.52435e-29	0	1.57772e-30	0
3.45743e-29	0	9.33075e-30	0	0	0	3.01986e-30	0	3.01986e-30	0	2.07569e-29	0	4.73317e-29	0	3.15544e-30	0	1.26218e-29	0	1.24862e-29	0	0	0	3.01986e-30	0	3.15544e-30	0	0	0	2.5108e-29	0	3.15544e-30	0	0	0	4.89094e-29	0	0	0	0	0	0	0	2.5108e-29	0	0	0	2.52435e-29	0	1.57772e-30	0
3.45743e-29	0	9.33075e-30	0	0	0	3.01986e-30	0	3.01986e-30	0	2.07569e-29	0	4.73317e-29	0	3.15544e-30	0	1.26218e-29	0	1.24862e-29	0	0	0	3.01986e-30	0	3.15544e-30	0	0	0	2.5108e-29	0	3.15544e-30	0	0	0	4.89094e-29	0	0	0	0	0	0	0	2.5108e-29	0	0	0	2.52435e-29	0	1.57772e-30	0
3.45743e-29	0	9.33075e-30	0	0	0	3.01986e-30	0	3.01986e-30	0	2.07569e-29	0	4.73317e-29	0	3.15544e-30	0	1.26218e-29	0	1.24862e-29	0	0	0	3.01986e-30	0	3.15544e-30	0	0	0	2.5108e-29	0	3.15544e-30	0	0	0	4.89094e-29	0	0	0	0	0	0	0	2.5108e-29	0	0	0	2.52435e-29	0	1.57772e-30	0
3.45743e-29	0	9.33075e-30	0	0	0	3.01986e-30	0	3.01986e-30	0	2.07569e-29	0	4.73317e-29	0	3.15544e-30	0	1.26218e-29	0	1.24862e-29	0	0	0	3.01986e-30	0	3.15544e-30	0	0	0	2.5108e-29	0	3.15544e-30	0	0	0	4.89094e-29	0	0	0	0	0	0	0	2.5108e-29	0	0	0	2.52435e-29	0	1.57772e-30	0
3.45743e-29	0	9.33075e-30	0	0	0	3.01986e-30	0	3.01986e-30	0	2.07569e-29	0	4.73317e-29	0	3.15544e-30	0	1.26218e-29	0	1.24862e-29	0	0	0	3.01986e-30	0	3.15544e-30	0	0	0	2.5108e-29	0	3.15544e-30	0	0	0	4.89094e-29	0	0	0	0	0	0	0	2.5108e-29	0	0	0	2.52435e-29	0	1.57772e-30	0
3.45743e-29	0	9.33075e-30	0	0	0	3.01986e-30	0	3.01986e-30	0	2.07569e-29	0	4.73317e-29	0	3.15544e-30	0	1.26218e-29	0	1.24862e-29	0	0	0	3.01986e-30	0	3.15544e-30	0	0	0	2.5108e-29	0	3.15544e-30	0	0	0	4.89094e-29	0	0	0	0	0	0	0	2.5108e-29	0	0	0	2.52435e-29	0	1.57772e-30	0
3.45743e-29	0	9.33075e-30	0	0	0	3.01986e-30	0	3.01986e-30	0	2.07569e-29	0	4.73317e-29	0	3.15544e-30	0	1.26218e-29	0	1.24862e-29	0	0	0	3.01986e-30	0	3.15544e-30	0	0	0	2.5108e-29	0	3.15544e-30	0	0	0	4.89094e-29	0	0	0	0	0	0	0	2.5108e-29	0	0	0	2.52435e-29	0	1.57772e-30	0
3.45743e-29	0	9.33075e-30	0	0	0	3.01986e-30	0	3.01986e-30	0	2.07569e-29	0	4.73317e-29	0	3.15544e-30	0	1.26218e-29	0	1.24862e-29	0	0	0	3.01986e-30	0	3.15544e-30	0	0	0	2.5108e-29	0	3.15544e-30	0	0	0	4.89094e-29	0	0	0	0	0	0	0	2.5108e-29	0	0	0	2.52435e-29	0	1.57772e-30	0
3.45743e-29	0	9.33075e-30	0	0	0	3.01986e-30	0	3.01986e-30	0	2.07569e-29	0	4.73317e-29	0	3.15544e-30	0	1.26218e-29	0	1.24862e-29	0	0	0	3.01986e-30	0	3.15544e-30	0	0	0	2.5108e-29	0	3.15544e-30	0	0	0	4.89094e-29	0	0	0	0	0	0	0	2.5108e-29	0	0	0	2.52435e-29	0	1.57772e-30	0
3.45743e-29	0	9.33075e-30	0	0	0	3.01986e-30	0	3.01986e-30	0	2.07569e-29	0	4.73317e-29	0	3.15544e-30	0	1.26218e-29	0	1.24862e-29	0	0	0	3.01986e-30	0	3.15544e-30	0	0	0	2.5108e-29	0	3.15544e-30	0	0	0	4.89094e-29	0	0	0	0	0	0	0	2.5108e-29	0	0	0	2.52435e-29	0	1.57772e-30	0
3.45743e-29	0	9.33075e-30	0	0	0	3.01986e-30	0	3.01986e-30	0	2.07569e-29	0	4.73317e-29	0	3.15544e-30	0	1.26218e-29	0	1.24862e-29	0	0	0	3.01986e-30	0	3.15544e-30	0	0	0	2.5108e-29	0	3.15544e-30	0	0	0	4.89094e-29	0	0	0	0	0	0	0	2.5108e-29	0	0	0	2.52435e-29	0	1.57772e-30	0
3.45743e-29	0	9.33075e-30	0	0	0	3.01986e-30	0	3.01986e-30	0	2.07569e-29	0	4.73317e-29	0	3.15544e-30	0	1.26218e-29	0	1.24862e-29	0	0	0	3.01986e-30	0	3.15544e-30	0	0	0	2.5108e-29	0	3.15544e-30	0	0	0	4.89094e-29	0	0	0	0	0	0	0	2.5108e-29	0	0	0	2.52435e-29	0	1.57772e-30	0
3.45743e-29	0	9.33075e-30	0	0	0	3.01986e-30	0	3.01986e-30	0	2.07569e-29	0	4.73317e-29	0	3.15544e-30	0	1.26218e-29	0	1.24862e-29	0	0	0	3.01986e-30	0	3.15544e-30	0	0	0	2.5108e-29	0	3.15544e-30	0	0	0	4.89094e-29	0	0	0	0	0	0	0	2.5108e-29	0	0	0	2.52435e-29	0	1.57772e-30	0
3.45743e-29	0	9.33075e-30	0	0	0	3.01986e-30	0	3.01986e-30	0	2.07569e-29	0	4.73317e-29	0	3.15544e-30	0	1.26218e-29	0	1.24862e-29	0	0	0	3.01986e-30	0	3.15544e-30	0	0	0	2.5108e-29	0	3.15544e-30	0	0	0	4.89094e-29	0	0	0	0	0	0	0	2.5108e-29	0	0	0	2.52435e-29	0	1.57772e-30	0
3.45743e-29	0	9.33075e-30	0	0	0	3.01986e-30	0	3.01986e-30	0	2.07569e-29	0	4.73317e-29	0	3.15544e-30	0	1.26218e-29	0	1.24862e-29	0	0	0	3.01986e-30	0	3.15544e-30	0	0	0	2.5108e-29	0	3.15544e-30	0	0	0	4.89094e-29	0	0	0	0	0	0	0	2.5108e-29	0	0	0	2.52435e-29	0	1.57772e-30	0
3.45743e-29	0	9.33075e-30	0	0	0	3.01986e-30	0	3.01986e-30	0	2.07569e-29	0	4.73317e-29	0	3.15544e-30	0	1.26218e-29	0	1.24862e-29	0	0	0	3.01986e-30	0	3.15544e-30	0	0	0	2.5108e-29	0	3.15544e-30	0	0	0	4.89094e-29	0	0	0	0	0	0	0	2.5108e-29	0	0	0	2.52435e-29	0	1.57772e-30	0
3.45743e-29	0	9.33075e-30	0	0	0	3.01986e-30	0	3.01986e-30	0	2.07569e-29	0	4.73317e-29	0	3.15544e-30	0	1.26218e-29	0	1.24862e-29	0	0	0	3.01986e-30	0	3.15544e-30	0	0	0	2.5108e-29	0	3.15544e-30	0	0	0	4.89094e-29	0	0	0	0	0	0	0	2.5108e-29	0	0	0	2.52435e-29	0	1.57772e-30	0
3.45743e-29	0	9.33075e-30	0	0	0	3.01986e-30	0	3.01986e-30	0	2.07569e-29	0	4.73317e-29	0	3.15544e-30	0	1.26218e-29	0	1.24862e-29	0	0	0	3.01986e-30	0	3.15544e-30	0	0	0	2.5108e-29	0	3.15544e-30	0	0	0	4.89094e-29	0	0	0	0	0	0	0	2.5108e-29	0	0	0	2.52435e-29	0	1.57772e-30	0
3.45743e-29	0	9.33075e-30	0	0	0	3.01986e-30	0	3.01986e-30	0	2.07569e-29	0	4.73317e-29	0	3.15544e-30	0	1.26218e-29	0	1.24862e-29	0	0	0	3.01986e-30	0	3.15544e-30	0	0	0	2.5108e-29	0	3.15544e-30	0	0	0	4.89094e-29	0	0	0	0	0	0	0	2.5108e-29	0	0	0	2.52435e-29	0	1.57772e-30	0
3.45743e-29	0	9.33075e-30	0	0	0	3.01986e-30	0	3.01986e-30	0	2.07569e-29	0	4.73317e-29	0	3.15544e-30	0	1.26218e-29	0	1.24862e-29	0	0	0	3.01986e-30	0	3.15544e-30	0	0	0	2.5108e-29	0	3.15544e-30	0	0	0	4.89094e-29	0	0	0	0	0	0	0	2.5108e-29	0	0	0	2.52435e-29	0	1.57772e-30	0
3.45743e-29	0	9.33075e-30	0	0	0	3.01986e-30	0	3.01986e-30	0	2.07569e-29	0	4.73317e-29	0	3.15544e-30	0	1.26218e-29	0	1.24862e-29	0	0	0	3.01986e-30	0	3.15544e-30	0	0	0	2.5108e-29	0	3.15544e-30	0	0	0	4.89094e-29	0	0	0	0	0	0	0	2.5108e-29	0	0	0	2.52435e-29	0	1.57772e-30	0
3.45743e-29	0	9.33075e-30	0	0	0	3.01986e-30	0	3.01986e-30	0	2.07569e-29	0	4.73317e-29	0	3.15544e-30	0	1.26218e-29	0	1.24862e-29	0	0	0	3.01986e-30	0	3.15544e-30	0	0	0	2.5108e-29	0	3.15544e-30	0	0	0	4.89094e-29	0	0	0	0	0	0	0	2.5108e-29	0	0	0	2.52435e-29	0	1.57772e-30	0
3.45743e-29	0	9.33075e-30	0	0	0	3.01986e-30	0	3.01986e-30	0	2.07569e-29	0	4.73317e-29	0	3.15544e-30	0	1.26218e-29	0	1.24862e-29	0	0	0	3.01986e-30	0	3.15544e-30	0	0	0	2.5108e-29	0	3.15544e-30	0	0	0	4.89094e-29	0	0	0	0	0	0	0	2.5108e-29	0	0	0	2.52435e-29	0	1.57772e-30	0
3.45743e-29	0	9.33075e-30	0	0	0	3.01986e-30	0	3.01986e-30	0	2.07569e-29	0	4.73317e-29	0	3.15544e-30	0	1.26218e-29	0	1.24862e-29	0	0	0	3.01986e-30	0	3.15544e-30	0	0	0	2.5108e-29	0	3.15544e-30	0	0	0	4.89094e-29	0	0	0	0	0	0	0	2.5108e-29	0	0	0	2.52435e-29	0	1.57772e-30	0
3.45743e-29	0	9.33075e-30	0	0	0	3.01986e-30	0	3.01986e-30	0	2.07569e-29	0	4.73317e-29	0	3.15544e-30	0	1.26218e-29	0	1.24862e-29	0	0	0	3.01986e-30	0	3.15544e-30	0	0	0	2.5108e-29	0	3.15544e-30	0	0	0	4.89094e-29	0	0	0	0	0	0	0	2.5108e-29	0	0	0	2.52435e-29	0	1.57772e-30	0
3.45743e-29	0	9.33075e-30	0	0	0	3.01986e-30	0	3.01986e-30	0	2.07569e-29	0	4.73317e-29	0	3.15544e-30	0	1.26218e-29	0	1.24862e-29	0	0	0	3.01986e-30	0	3.15544e-30	0	0	0	2.5108e-29	0	3.15544e-30	0	0	0	4.89094e-29	0	0	0	0	0	0	0	2.5108e-29	0	0	0	2.52435e-29	0	1.57772e-30	0
3.45743e-29	0	9.33075e-30	0	0	0	3.01986e-30	0	3.01986e-30	0	2.07569e-29	0	4.73317e-29	0	3.15544e-30	0	1.26218e-29	0	1.24862e-29	0	0	0	3.01986e-30	0	3.15544e-30	0	0	0	2.5108e-29	0	3.15544e-30	0	0	0	4.89094e-29	0	0	0	0	0	0	0	2.5108e-29	0	0	0	2.52435e-29	0	1.57772e-30	0
3.45743e-29	0	9.33075e-30	0	0	0	3.01986e-30	0	3.01986e-30	0	2.07569e-29	0	4.73317e-29	0	3.15544e-30	0	1.26218e-29	0	1.24862e-29	0	0	0	3.01986e-30	0	3.15544e-30	0	0	0	2.5108e-29	0	3.15544e-30	0	0	0	4.89094e-29	0	0	0	0	0	0	0	2.5108e-29	0	0	0	2.52435e-29	0	1.57772e-30	0
3.45743e-29	0	9.33075e-30	0	0	0	3.01986e-30	0	3.01986e-30	0	2.07569e-29	0	4.73317e-29	0	3.15544e-30	0	1.26218e-29	0	1.24862e-29	0	0	0	3.01986e-30	0	3.15544e-30	0	0	0	2.5108e-29	0	3.15544e-30	0	0	0	4.89094e-29	0	0	0	0	0	0	0	2.5108e-29	0	0	0	2.52435e-29	0	1.57772e-30	0
3.45743e-29	0	9.33075e-30	0	0	0	3.01986e-30	0	3.01986e-30	0	2.07569e-29	0	4.73317e-29	0	3.15544e-30	0	1.26218e-29	0	1.24862e-29	0	0	0	3.01986e-30	0	3.15544e-30	0	0	0	2.5108e-29	0	3.15544e-30	0	0	0	4.89094e-29	0	0	0	0	0	0	0	2.5108e-29	0	0	0	2.52435e-29	0	1.57772e-30	0
3.45743e-29	0	9.33075e-30	0	0	0	3.01986e-30	0	3.01986e-30	0	2.07569e-29	0	4.73317e-29	0	3.15544e-30	0	1.26218e-29	0	1.24862e-29	0	0	0	3.01986e-30	0	3.15544e-30	0	0	0	2.5108e-29	0	3.15544e-30	0	0	0	4.89094e-29	0	0	0	0	0	0	0	2.5108e-29	0	0	0	2.52435e-29	0	1.57772e-30	0
3.45743e-29	0	9.33075e-30	0	0	0	3.01986e-30	0	3.01986e-30	0	2.07569e-29	0	4.73317e-29	0	3.15544e-30	0	1.26218e-29	0	1.24862e-29	0	0	0	3.01986e-30	0	3.15544e-30	0	0	0	2.5108e-29	0	3.15544e-30	0	0	0	4.89094e-29	0	0	0	0	0	0	0	2.5108e-29	0	0	0	2.52435e-29	0	1.57772e-30	0
3.45743e-29	0	9.33075e-30	0	0	0	3.01986e-30	0	3.01986e-30	0	2.07569e-29	0	4.73317e-29	0	3.15544e-30	0	1.26218e-29	0	1.24862e-29	0	0	0	3.01986e-30	0	3.15544e-30	0	0	0	2.5108e-29	0	3.15544e-30	0	0	0	4.89094e-29	0	0	0	0	0	0	0	2.5108e-29	0	0	0	2.52435e-29	0	1.57772e-30	0
3.45743e-29	0	9.33075e-30	0	0	0	3.01986e-30	0	3.01986e-30	0	2.07569e-29	0	4.73317e-29	0	3.15544e-30	0	1.26218e-29	0	1.24862e-29	0	0	0	3.01986e-30	0	3.15544e-30	0	0	0	2.5108e-29	0	3.15544e-30	0	0	0	4.89094e-29	0	0	0	0	0	0	0	2.5108e-29	0	0	0	2.52435e-29	0	1.57772e-30	0
3.45743e-29	0	9.33075e-30	0	0	0	3.01986e-30	0	3.01986e-30	0	2.07569e-29	0	4.73317e-29	0	3.15544e-30	0	1.26218e-29	0	1.24862e-29	0	0	0	3.01986e-30	0	3.15544e-30	0	0	0	2.5108e-29	0	3.15544e-30	0	0	0	4.89094e-29	0	0	0	0	0	0	0	2.5108e-29	0	0	0	2.52435e-29	0	1.57772e-30	0
3.45743e-29	0	9.33075e-30	0	0	0	3.01986e-30	0	3.01986e-30	0	2.07569e-29	0	4.73317e-29	0	3.15544e-30	0	1.26218e-29	0	1.24862e-29	0	0	0	3.01986e-30	0	3.15544e-30	0	0	0	2.5108e-29	0	3.15544e-30	0	0	0	4.89094e-29	0	0	0	0	0	0	0	2.5108e-29	0	0	0	2.52435e-29	0	1.57772e-30	0
3.45743e-29	0	9.33075e-30	0	0	0	3.01986e-30	0	3.01986e-30	0	2.07569e-29	0	4.73317e-29	0	3.15544e-30	0	1.26218e-29	0	1.24862e-29	0	0	0	3.01986e-30	0	3.15544e-30	0	0	0	2.5108e-29	0	3.15544e-30	0	0	0	4.89094e-29	0	0	0	0	0	0	0	2.5108e-29	0	0	0	2.52435e-29	0	1.57772e-30	0
3.45743e-29	0	9.33075e-30	0	0	0	3.01986e-30	0	3.01986e-30	0	2.07569e-29	0	4.73317e-29	0	3.15544e-30	0	1.26218e-29	0	1.24862e-29	0	0	0	3.01986e-30	0	3.15544e-30	0	0	0	2.5108e-29	0	3.15544e-30	0	0	0	4.89094e-29	0	0	0	0	0	0	0	2.5108e-29	0	0	0	2.52435e-29	0	1.57772e-30	0
3.45743e-29	0	9.33075e-30	0	0	0	3.01986e-30	0	3.01986e-30	0	2.07569e-29	0	4.73317e-29	0	3.15544e-30	0	1.26218e-29	0	1.24862e-29	0	0	0	3.01986e-30	0	3.15544e-30	0	0	0	2.5108e-29	0	3.15544e-30	0	0	0	4.89094e-29	0	0	0	0	0	0	0	2.5108e-29	0	0	0	2.52435e-29	0	1.57772e-30	0
3.45743e-29	0	9.33075e-30	0	0	0	3.01986e-30	0	3.01986e-30	0	2.07569e-29	0	4.73317e-29	0	3.15544e-30	0	1.26218e-29	0	1.24862e-29	0	0	0	3.01986e-30	0	3.15544e-30	0	0	0	2.5108e-29	0	3.15544e-30	0	0	0	4.89094e-29	0	0	0	0	0	0	0	2.5108e-29	0	0	0	2.52435e-29	0	1.57772e-30	0
3.45743e-29	0	9.33075e-30	0	0	0	3.01986e-30	0	3.01986e-30	0	2.07569e-29	0	4.73317e-29	0	3.15544e-30	0	1.26218e-29	0	1.24862e-29	0	0	0	3.01986e-30	0	3.15544e-30	0	0	0	2.5108e-29	0	3.15544e-30	0	0	0	4.89094e-29	0	0	0	0	0	0	0	2.5108e-29	0	0	0	2.52435e-29	0	1.57772e-30	0
3.45743e-29	0	9.33075e-30	0	0	0	3.01986e-30	0	3.01986e-30	0	2.07569e-29	0	4.73317e-29	0	3.15544e-30	0	1.26218e-29	0	1.24862e-29	0	0	0	3.01986e-30	0	3.15544e-30	0	0	0	2.5108e-29	0	3.15544e-30	0	0	0	4.89094e-29	0	0	0	0	0	0	0	2.5108e-29	0	0	0	2.52435e-29	0	1.57772e-30	0
3.45743e-29	0	9.33075e-30	0	0	0	3.01986e-30	0	3.01986e-30	0	2.07569e-29	0	4.73317e-29	0	3.15544e-30	0	1.26218e-29	0	1.24862e-29	0	0	0	3.01986e-30	0	3.15544e-30	0	0	0	2.5108e-29	0	3.15544e-30	0	0	0	4.89094e-29	0	0	0	0	0	0	0	2.5108e-29	0	0	0	2.52435e-29	0	1.57772e-30	0
3.45743e-29	0	9.33075e-30	0	0	0	3.01986e-30	0	3.01986e-30	0	2.07569e-29	0	4.73317e-29	0	3.15544e-30	0	1.26218e-29	0	1.24862e-29	0	0	0	3.01986e-30	0	3.15544e-30	0	0	0	2.5108e-29	0	3.15544e-30	0	0	0	4.89094e-29	0	0	0	0	0	0	0	2.5108e-29	0	0	0	2.52435e-29	0	1.57772e-30	0
3.45743e-29	0	9.33075e-30	0	0	0	3.01986e-30	0	3.01986e-30	0	2.07569e-29	0	4.73317e-29	0	3.15544e-30	0	1.26218e-29	0	1.24862e-29	0	0	0	3.01986e-30	0	3.15544e-30	0	0	0	2.5108e-29	0	3.15544e-30	0	0	0	4.89094e-29	0	0	0	0	0	0	0	2.5108e-29	0	0	0	2.52435e-29	0	1.57772e-30	0
3.45743e-29	0	9.33075e-30	0	0	0	3.01986e-30	0	3.01986e-30	0	2.07569e-29	0	4.73317e-29	0	3.15544e-30	0	1.26218e-29	0	1.24862e-29	0	0	0	3.01986e-30	0	3.15544e-30	0	0	0	2.5108e-29	0	3.15544e-30	0	0	0	4.89094e-29	0	0	0	0	0	0	0	2.5108e-29	0	0	0	2.52435e-29	0	1.57772e-30	0
3.45743e-29	0	9.33075e-30	0	0	0	3.01986e-30	0	3.01986e-30	0	2.07569e-29	0	4.73317e-29	0	3.15544e-30	0	1.26218e-29	0	1.24862e-29	0	0	0	3.01986e-30	0	3.15544e-30	0	0	0	2.5108e-29	0	3.15544e-30	0	0	0	4.89094e-29	0	0	0	0	0	0	0	2.5108e-29	0	0	0	2.52435e-29	0	1.57772e-30	0
3.45743e-29	0	9.33075e-30	0	0	0	3.01986e-30	0	3.01986e-30	0	2.07569e-29	0	4.73317e-29	0	3.15544e-30	0	1.26218e-29	0	1.24862e-29	0	0	0	3.01986e-30	0	3.15544e-30	0	0	0	2.5108e-29	0	3.15544e-30	0	0	0	4.89094e-29	0	0	0	0	0	0	0	2.5108e-29	0	0	0	2.52435e-29	0	1.57772e-30	0
3.45743e-29	0	9.33075e-30	0	0	0	3.01986e-30	0	3.01986e-30	0	2.07569e-29	0	4.73317e-29	0	3.15544e-30	0	1.26218e-29	0	1.24862e-29	0	0	0	3.01986e-30	0	3.15544e-30	0	0	0	2.5108e-29	0	3.15544e-30	0	0	0	4.89094e-29	0	0	0	0	0	0	0	2.5108e-29	0	0	0	2.52435e-29	0	1.57772e-30	0
3.45743e-29	0	9.33075e-30	0	0	0	3.01986e-30	0	3.01986e-30	0	2.07569e-29	0	4.73317e-29	0	3.15544e-30	0	1.26218e-29	0	1.24862e-29	0	0	0	3.01986e-30	0	3.15544e-30	0	0	0	2.5108e-29	0	3.15544e-30	0	0	0	4.89094e-29	0	0	0	0	0	0	0	2.5108e-29	0	0	0	2.52435e-29	0	1.57772e-30	0
3.45743e-29	0	9.33075e-30	0	0	0	3.01986e-30	0	3.01986e-30	0	2.07569e-29	0	4.73317e-29	0	3.15544e-30	0	1.26218e-29	0	1.24862e-29	0	0	0	3.01986e-30	0	3.15544e-30	0	0	0	2.5108e-29	0	3.15544e-30	0	0	0	4.89094e-29	0	0	0	0	0	0	0	2.5108e-29	0	0	0	2.52435e-29	0	1.57772e-30	0
3.45743e-29	0	9.33075e-30	0	0	0	3.01986e-30	0	3.01986e-30	0	2.07569e-29	0	4.73317e-29	0	3.15544e-30	0	1.26218e-29	0	1.24862e-29	0	0	0	3.01986e-30	0	3.15544e-30	0	0	0	2.5108e-29	0	3.15544e-30	0	0	0	4.89094e-29	0	0	0	0	0	0	0	2.5108e-29	0	0	0	2.52435e-29	0	1.57772e-30	0
3.45743e-29	0	9.33075e-30	0	0	0	3.01986e-30	0	3.01986e-30	0	2.07569e-29	0	4.73317e-29	0	3.15544e-30	0	1.26218e-29	0	1.24862e-29	0	0	0	3.01986e-30	0	3.15544e-30	0	0	0	2.5108e-29	0	3.15544e-30	0	0	0	4.89094e-29	0	0	0	0	0	0	0	2.5108e-29	0	0	0	2.52435e-29	0	1.57772e-30	0
3.45743e-29	0	9.33075e-30	0	0	0	3.01986e-30	0	3.01986e-30	0	2.07569e-29	0	4.73317e-29	0	3.15544e-30	0	1.26218e-29	0	1.24862e-29	0	0	0	3.01986e-30	0	3.15544e-30	0	0	0	2.5108e-29	0	3.15544e-30	0	0	0	4.89094e-29	0	0	0	0	0	0	0	2.5108e-29	0	0	0	2.52435e-29	0	1.57772e-30	0
3.45743e-29	0	9.33075e-30	0	0	0	3.01986e-30	0	3.01986e-30	0	2.07569e-29	0	4.73317e-29	0	3.15544e-30	0	1.26218e-29	0	1.24862e-29	0	0	0	3.01986e-30	0	3.15544e-30	0	0	0	2.5108e-29	0	3.15544e-30	0	0	0	4.89094e-29	0	0	0	0	0	0	0	2.5108e-29	0	0	0	2.52435e-29	0	1.57772e-30	0
3.45743e-29	0	9.33075e-30	0	0	0	3.01986e-30	0	3.01986e-30	0	2.07569e-29	0	4.73317e-29	0	3.15544e-30	0	1.26218e-29	0	1.24862e-29	0	0	0	3.01986e-30	0	3.15544e-30	0	0	0	2.5108e-29	0	3.15544e-30	0	0	0	4.89094e-29	0	0	0	0	0	0	0	2.5108e-29	0	0	0	2.52435e-29	0	1.57772e-30	0
3.45743e-29	0	9.33075e-30	0	0	0	3.01986e-30	0	3.01986e-30	0	2.07569e-29	0	4.73317e-29	0	3.15544e-30	0	1.26218e-29	0	1.24862e-29	0	0	0	3.01986e-30	0	3.15544e-30	0	0	0	2.5108e-29	0	3.15544e-30	0	0	0	4.89094e-29	0	0	0	0	0	0	0	2.5108e-29	0	0	0	2.52435e-29	0	1.57772e-30	0
3.45743e-29	0	9.33075e-30	0	0	0	3.01986e-30	0	3.01986e-30	0	2.07569e-29	0	4.73317e-29	0	3.15544e-30	0	1.26218e-29	0	1.24862e-29	0	0	0	3.01986e-30	0	3.15544e-30	0	0	0	2.5108e-29	0	3.15544e-30	0	0	0	4.89094e-29	0	0	0	0	0	0	0	2.5108e-29	0	0	0	2.52435e-29	0	1.57772e-30	0
3.45743e-29	0	9.33075e-30	0	0	0	3.01986e-30	0	3.01986e-30	0	2.07569e-29	0	4.73317e-29	0	3.15544e-30	0	1.26218e-29	0	1.24862e-29	0	0	0	3.01986e-30	0	3.15544e-30	0	0	0	2.5108e-29	0	3.15544e-30	0	0	0	4.89094e-29	0	0	0	0	0	0	0	2.5108e-29	0	0	0	2.52435e-29	0	1.57772e-30	0
3.45743e-29	0	9.33075e-30	0	0	0	3.01986e-30	0	3.01986e-30	0	2.07569e-29	0	4.73317e-29	0	3.15544e-30	0	1.26218e-29	0	1.24862e-29	0	0	0	3.01986e-30	0	3.15544e-30	0	0	0	2.5108e-29	0	3.15544e-30	0	0	0	4.89094e-29	0	0	0	0	0	0	0	2.5108e-29	0	0	0	2.52435e-29	0	1.57772e-30	0
3.45743e-29	0	9.33075e-30	0	0	0	3.01986e-30	0	3.01986e-30	0	2.07569e-29	0	4.73317e-29	0	3.15544e-30	0	1.26218e-29	0	1.24862e-29	0	0	0	3.01986e-30	0	3.15544e-30	0	0	0	2.5108e-29	0	3.15544e-30	0	0	0	4.89094e-29	0	0	0	0	0	0	0	2.5108e-29	0	0	0	2.52435e-29	0	1.57772e-30	0
3.45743e-29	0	9.33075e-30	0	0	0	3.01986e-30	0	3.01986e-30	0	2.07569e-29	0	4.73317e-29	0	3.15544e-30	0	1.26218e-29	0	1.24862e-29	0	0	0	3.01986e-30	0	3.15544e-30	0	0	0	2.5108e-29	0	3.15544e-30	0	0	0	4.89094e-29	0	0	0	0	0	0	0	2.5108e-29	0	0	0	2.52435e-29	0	1.57772e-30	0
3.45743e-29	0	9.33075e-30	0	0	0	3.01986e-30	0	3.01986e-30	0	2.07569e-29	0	4.73317e-29	0	3.15544e-30	0	1.26218e-29	0	1.24862e-29	0	0	0	3.01986e-30	0	3.15544e-30	0	0	0	2.5108e-29	0	3.15544e-30	0	0	0	4.89094e-29	0	0	0	0	0	0	0	2.5108e-29	0	0	0	2.52435e-29	0	1.57772e-30	0
3.45743e-29	0	9.33075e-30	0	0	0	3.01986e-30	0	3.01986e-30	0	2.07569e-29	0	4.73317e-29	0	3.15544e-30	0	1.26218e-29	0	1.24862e-29	0	0	0	3.01986e-30	0	3.15544e-30	0	0	0	2.5108e-29	0	3.15544e-30	0	0	0	4.89094e-29	0	0	0	0	0	0	0	2.5108e-29	0	0	0	2.52435e-29	0	1.57772e-30	0
3.45743e-29	0	9.33075e-30	0	0	0	3.01986e-30	0	3.01986e-30	0	2.07569e-29	0	4.73317e-29	0	3.15544e-30	0	1.26218e-29	0	1.24862e-29	0	0	0	3.01986e-30	0	3.15544e-30	0	0	0	2.5108e-29	0	3.15544e-30	0	0	0	4.89094e-29	0	0	0	0	0	0	0	2.5108e-29	0	0	0	2.52435e-29	0	1.57772e-30	0
3.45743e-29	0	9.33075e-30	0	0	0	3.01986e-30	0	3.01986e-30	0	2.07569e-29	0	4.73317e-29	0	3.15544e-30	0	1.26218e-29	0	1.24862e-29	0	0	0	3.01986e-30	0	3.15544e-30	0	0	0	2.5108e-29	0	3.15544e-30	0	0	0	4.89094e-29	0	0	0	0	0	0	0	2.5108e-29	0	0	0	2.52435e-29	0	1.57772e-30	0
3.45743e-29	0	9.33075e-30	0	0	0	3.01986e-30	0	3.01986e-30	0	2.07569e-29	0	4.73317e-29	0	3.15544e-30	0	1.26218e-29	0	1.24862e-29	0	0	0	3.01986e-30	0	3.15544e-30	0	0	0	2.5108e-29	0	3.15544e-30	0	0	0	4.89094e-29	0	0	0	0	0	0	0	2.5108e-29	0	0	0	2.52435e-29	0	1.57772e-30	0
3.45743e-29	0	9.33075e-30	0	0	0	3.01986e-30	0	3.01986e-30	0	2.07569e-29	0	4.73317e-29	0	3.15544e-30	0	1.26218e-29	0	1.24862e-29	0	0	0	3.01986e-30	0	3.15544e-30	0	0	0	2.5108e-29	0	3.15544e-30	0	0	0	4.89094e-29	0	0	0	0	0	0	0	2.5108e-29	0	0	0	2.52435e-29	0	1.57772e-30	0
3.45743e-29	0	9.33075e-30	0	0	0	3.01986e-30	0	3.01986e-30	0	2.07569e-29	0	4.73317e-29	0	3.15544e-30	0	1.26218e-29	0	1.24862e-29	0	0	0	3.01986e-30	0	3.15544e-30	0	0	0	2.5108e-29	0	3.15544e-30	0	0	0	4.89094e-29	0	0	0	0	0	0	0	2.5108e-29	0	0	0	2.52435e-29	0	1.57772e-30	0
3.45743e-29	0	9.33075e-30	0	0	0	3.01986e-30	0	3.01986e-30	0	2.07569e-29	0	4.73317e-29	0	3.15544e-30	0	1.26218e-29	0	1.24862e-29	0	0	0	3.01986e-30	0	3.15544e-30	0	0	0	2.5108e-29	0	3.15544e-30	0	0	0	4.89094e-29	0	0	0	0	0	0	0	2.5108e-29	0	0	0	2.52435e-29	0	1.57772e-30	0
3.45743e-29	0	9.33075e-30	0	0	0	3.01986e-30	0	3.01986e-30	0	2.07569e-29	0	4.73317e-29	0	3.15544e-30	0	1.26218e-29	0	1.24862e-29	0	0	0	3.01986e-30	0	3.15544e-30	0	0	0	2.5108e-29	0	3.15544e-30	0	0	0	4.89094e-29	0	0	0	0	0	0	0	2.5108e-29	0	0	0	2.52435e-29	0	1.57772e-30	0
3.45743e-29	0	9.33075e-30	0	0	0	3.01986e-30	0	3.01986e-30	0	2.07569e-29	0	4.73317e-29	0	3.15544e-30	0	1.26218e-29	0	1.24862e-29	0	0	0	3.01986e-30	0	3.15544e-30	0	0	0	2.5108e-29	0	3.15544e-30	0	0	0	4.89094e-29	0	0	0	0	0	0	0	2.5108e-29	0	0	0	2.52435e-29	0	1.57772e-30	0
3.45743e-29	0	9.33075e-30	0	0	0	3.01986e-30	0	3.01986e-30	0	2.07569e-29	0	4.73317e-29	0	3.15544e-30	0	1.26218e-29	0	1.24862e-29	0	0	0	3.01986e-30	0	3.15544e-30	0	0	0	2.5108e-29	0	3.15544e-30	0	0	0	4.89094e-29	0	0	0	0	0	0	0	2.5108e-29	0	0	0	2.52435e-29	0	1.57772e-30	0
3.45743e-29	0	9.33075e-30	0	0	0	3.01986e-30	0	3.01986e-30	0	2.07569e-29	0	4.73317e-29	0	3.15544e-30	0	1.26218e-29	0	1.24862e-29	0	0	0	3.01986e-30	0	3.15544e-30	0	0	0	2.5108e-29	0	3.15544e-30	0	0	0	4.89094e-29	0	0	0	0	0	0	0	2.5108e-29	0	0	0	2.52435e-29	0	1.57772e-30	0
3.45743e-29	0	9.33075e-30	0	0	0	3.01986e-30	0	3.01986e-30	0	2.07569e-29	0	4.73317e-29	0	3.15544e-30	0	1.26218e-29	0	1.24862e-29	0	0	0	3.01986e-30	0	3.15544e-30	0	0	0	2.5108e-29	0	3.15544e-30	0	0	0	4.89094e-29	0	0	0	0	0	0	0	2.5108e-29	0	0	0	2.52435e-29	0	1.57772e-30	0
3.45743e-29	0	9.33075e-30	0	0	0	3.01986e-30	0	3.01986e-30	0	2.07569e-29	0	4.73317e-29	0	3.15544e-30	0	1.26218e-29	0	1.24862e-29	0	0	0	3.01986e-30	0	3.15544e-30	0	0	0	2.5108e-29	0	3.15544e-30	0	0	0	4.89094e-29	0	0	0	0	0	0	0	2.5108e-29	0	0	0	2.52435e-29	0	1.57772e-30	0
3.45743e-29	0	9.33075e-30	0	0	0	3.01986e-30	0	3.01986e-30	0	2.07569e-29	0	4.73317e-29	0	3.15544e-30	0	1.26218e-29	0	1.24862e-29	0	0	0	3.01986e-30	0	3.15544e-30	0	0	0	2.5108e-29	0	3.15544e-30	0	0	0	4.89094e-29	0	0	0	0	0	0	0	2.5108e-29	0	0	0	2.52435e-29	0	1.57772e-30	0
3.45743e-29	0	9.33075e-30	0	0	0	3.01986e-30	0	3.01986e-30	0	2.07569e-29	0	4.73317e-29	0	3.15544e-30	0	1.26218e-29	0	1.24862e-29	0	0	0	3.01986e-30	0	3.15544e-30	0	0	0	2.5108e-29	0	3.15544e-30	0	0	0	4.89094e-29	0	0	0	0	0	0	0	2.5108e-29	0	0	0	2.52435e-29	0	1.57772e-30	0
3.45743e-29	0	9.33075e-30	0	0	0	3.01986e-30	0	3.01986e-30	0	2.07569e-29	0	4.73317e-29	0	3.15544e-30	0	1.26218e-29	0	1.24862e-29	0	0	0	3.01986e-30	0	3.15544e-30	0	0	0	2.5108e-29	0	3.15544e-30	0	0	0	4.89094e-29	0	0	0	0	0	0	0	2.5108e-29	0	0	0	2.52435e-29	0	1.57772e-30	0
3.45743e-29	0	9.33075e-30	0	0	0	3.01986e-30	0	3.01986e-30	0	2.07569e-29	0	4.73317e-29	0	3.15544e-30	0	1.26218e-29	0	1.24862e-29	0	0	0	3.01986e-30	0	3.15544e-30	0	0	0	2.5108e-29	0	3.15544e-30	0	0	0	4.89094e-29	0	0	0	0	0	0	0	2.5108e-29	0	0	0	2.52435e-29	0	1.57772e-30	0
3.45743e-29	0	9.33075e-30	0	0	0	3.01986e-30	0	3.01986e-30	0	2.07569e-29	0	4.73317e-29	0	3.15544e-30	0	1.26218e-29	0	1.24862e-29	0	0	0	3.01986e-30	0	3.15544e-30	0	0	0	2.5108e-29	0	3.15544e-30	0	0	0	4.89094e-29	0	0	0	0	0	0	0	2.5108e-29	0	0	0	2.52435e-29	0	1.57772e-30	0
3.45743e-29	0	9.33075e-30	0	0	0	3.01986e-30	0	3.01986e-30	0	2.07569e-29	0	4.73317e-29	0	3.15544e-30	0	1.26218e-29	0	1.24862e-29	0	0	0	3.01986e-30	0	3.15544e-30	0	0	0	2.5108e-29	0	3.15544e-30	0	0	0	4.89094e-29	0	0	0	0	0	0	0	2.5108e-29	0	0	0	2.52435e-29	0	1.57772e-30	0
3.45743e-29	0	9.33075e-30	0	0	0	3.01986e-30	0	3.01986e-30	0	2.07569e-29	0	4.73317e-29	0	3.15544e-30	0	1.26218e-29	0	1.24862e-29	0	0	0	3.01986e-30	0	3.15544e-30	0	0	0	2.5108e-29	0	3.15544e-30	0	0	0	4.89094e-29	0	0	0	0	0	0	0	2.5108e-29	0	0	0	2.52435e-29	0	1.57772e-30	0
3.45743e-29	0	9.33075e-30	0	0	0	3.01986e-30	0	3.01986e-30	0	2.07569e-29	0	4.73317e-29	0	3.15544e-30	0	1.26218e-29	0	1.24862e-29	0	0	0	3.01986e-30	0	3.15544e-30	0	0	0	2.5108e-29	0	3.15544e-30	0	0	0	4.89094e-29	0	0	0	0	0	0	0	2.5108e-29	0	0	0	2.52435e-29	0	1.57772e-30	0
3.45743e-29	0	9.33075e-30	0	0	0	3.01986e-30	0	3.01986e-30	0	2.07569e-29	0	4.73317e-29	0	3.15544e-30	0	1.26218e-29	0	1.24862e-29	0	0	0	3.01986e-30	0	3.15544e-30	0	0	0	2.5108e-29	0	3.15544e-30	0	0	0	4.89094e-29	0	0	0	0	0	0	0	2.5108e-29	0	0	0	2.52435e-29	0	1.57772e-30	0
3.45743e-29	0	9.33075e-30	0	0	0	3.01986e-30	0	3.01986e-30	0	2.07569e-29	0	4.73317e-29	0	3.15544e-30	0	1.26218e-29	0	1.24862e-29	0	0	0	3.01986e-30	0	3.15544e-30	0	0	0	2.5108e-29	0	3.15544e-30	0	0	0	4.89094e-29	0	0	0	0	0	0	0	2.5108e-29	0	0	0	2.52435e-29	0	1.57772e-30	0
3.45743e-29	0	9.33075e-30	0	0	0	3.01986e-30	0	3.01986e-30	0	2.07569e-29	0	4.73317e-29	0	3.15544e-30	0	1.26218e-29	0	1.24862e-29	0	0	0	3.01986e-30	0	3.15544e-30	0	0	0	2.5108e-29	0	3.15544e-30	0	0	0	4.89094e-29	0	0	0	0	0	0	0	2.5108e-29	0	0	0	2.52435e-29	0	1.57772e-30	0
3.45743e-29	0	9.33075e-30	0	0	0	3.01986e-30	0	3.01986e-30	0	2.07569e-29	0	4.73317e-29	0	3.15544e-30	0	1.26218e-29	0	1.24862e-29	0	0	0	3.01986e-30	0	3.15544e-30	0	0	0	2.5108e-29	0	3.15544e-30	0	0	0	4.89094e-29	0	0	0	0	0	0	0	2.5108e-29	0	0	0	2.52435e-29	0	1.57772e-30	0
3.45743e-29	0	9.33075e-30	0	0	0	3.01986e-30	0	3.01986e-30	0	2.07569e-29	0	4.73317e-29	0	3.15544e-30	0	1.26218e-29	0	1.24862e-29	0	0	0	3.01986e-30	0	3.15544e-30	0	0	0	2.5108e-29	0	3.15544e-30	0	0	0	4.89094e-29	0	0	0	0	0	0	0	2.5108e-29	0	0	0	2.52435e-29	0	1.57772e-30	0
3.45743e-29	0	9.33075e-30	0	0	0	3.01986e-30	0	3.01986e-30	0	2.07569e-29	0	4.73317e-29	0	3.15544e-30	0	1.26218e-29	0	1.24862e-29	0	0	0	3.01986e-30	0	3.15544e-30	0	0	0	2.5108e-29	0	3.15544e-30	0	0	0	4.89094e-29	0	0	0	0	0	0	0	2.5108e-29	0	0	0	2.52435e-29	0	1.57772e-30	0
3.45743e-29	0	9.33075e-30	0	0	0	3.01986e-30	0	3.01986e-30	0	2.07569e-29	0	4.73317e-29	0	3.15544e-30	0	1.26218e-29	0	1.24862e-29	0	0	0	3.01986e-30	0	3.15544e-30	0	0	0	2.5108e-29	0	3.15544e-30	0	0	0	4.89094e-29	0	0	0	0	0	0	0	2.5108e-29	0	0	0	2.52435e-29	0	1.57772e-30	0
3.45743e-29	0	9.33075e-30	0	0	0	3.01986e-30	0	3.01986e-30	0	2.07569e-29	0	4.73317e-29	0	3.15544e-30	0	1.26218e-29	0	1.24862e-29	0	0	0	3.01986e-30	0	3.15544e-30	0	0	0	2.5108e-29	0	3.15544e-30	0	0	0	4.89094e-29	0	0	0	0	0	0	0	2.5108e-29	0	0	0	2.52435e-29	0	1.57772e-30	0
3.45743e-29	0	9.33075e-30	0	0	0	3.01986e-30	0	3.01986e-30	0	2.07569e-29	0	4.73317e-29	0	3.15544e-30	0	1.26218e-29	0	1.24862e-29	0	0	0	3.01986e-30	0	3.15544e-30	0	0	0	2.5108e-29	0	3.15544e-30	0	0	0	4.89094e-29	0	0	0	0	0	0	0	2.5108e-29	0	0	0	2.52435e-29	0	1.57772e-30	0
3.45743e-29	0	9.33075e-30	0	0	0	3.01986e-30	0	3.01986e-30	0	2.07569e-29	0	4.73317e-29	0	3.15544e-30	0	1.26218e-29	0	1.24862e-29	0	0	0	3.01986e-30	0	3.15544e-30	0	0	0	2.5108e-29	0	3.15544e-30	0	0	0	4.89094e-29	0	0	0	0	0	0	0	2.5108e-29	0	0	0	2.52435e-29	0	1.57772e-30	0
3.45743e-29	0	9.33075e-30	0	0	0	3.01986e-30	0	3.01986e-30	0	2.07569e-29	0	4.73317e-29	0	3.15544e-30	0	1.26218e-29	0	1.24862e-29	0	0	0	3.01986e-30	0	3.15544e-30	0	0	0	2.5108e-29	0	3.15544e-30	0	0	0	4.89094e-29	0	0	0	0	0	0	0	2.5108e-29	0	0	0	2.52435e-29	0	1.57772e-30	0
3.45743e-29	0	9.33075e-30	0	0	0	3.01986e-30	0	3.01986e-30	0	2.07569e-29	0	4.73317e-29	0	3.15544e-30	0	1.26218e-29	0	1.24862e-29	0	0	0	3.01986e-30	0	3.15544e-30	0	0	0	2.5108e-29	0	3.15544e-30	0	0	0	4.89094e-29	0	0	0	0	0	0	0	2.5108e-29	0	0	0	2.52435e-29	0	1.57772e-30	0
3.45743e-29	0	9.33075e-30	0	0	0	3.01986e-30	0	3.01986e-30	0	2.07569e-29	0	4.73317e-29	0	3.15544e-30	0	1.26218e-29	0	1.24862e-29	0	0	0	3.01986e-30	0	3.15544e-30	0	0	0	2.5108e-29	0	3.15544e-30	0	0	0	4.89094e-29	0	0	0	0	0	0	0	2.5108e-29	0	0	0	2.52435e-29	0	1.57772e-30	0
3.45743e-29	0	9.33075e-30	0	0	0	3.01986e-30	0	3.01986e-30	0	2.07569e-29	0	4.73317e-29	0	3.15544e-30	0	1.26218e-29	0	1.24862e-29	0	0	0	3.01986e-30	0	3.15544e-30	0	0	0	2.5108e-29	0	3.15544e-30	0	0	0	4.89094e-29	0	0	0	0	0	0	0	2.5108e-29	0	0	0	2.52435e-29	0	1.57772e-30	0
3.45743e-29	0	9.33075e-30	0	0	0	3.01986e-30	0	3.01986e-30	0	2.07569e-29	0	4.73317e-29	0	3.15544e-30	0	1.26218e-29	0	1.24862e-29	0	0	0	3.01986e-30	0	3.15544e-30	0	0	0	2.5108e-29	0	3.15544e-30	0	0	0	4.89094e-29	0	0	0	0	0	0	0	2.5108e-29	0	0	0	2.52435e-29	0	1.57772e-30	0
3.45743e-29	0	9.33075e-30	0	0	0	3.01986e-30	0	3.01986e-30	0	2.07569e-29	0	4.73317e-29	0	3.15544e-30	0	1.26218e-29	0	1.24862e-29	0	0	0	3.01986e-30	0	3.15544e-30	0	0	0	2.5108e-29	0	3.15544e-30	0	0	0	4.89094e-29	0	0	0	0	0	0	0	2.5108e-29	0	0	0	2.52435e-29	0	1.57772e-30	0
3.45743e-29	0	9.33075e-30	0	0	0	3.01986e-30	0	3.01986e-30	0	2.07569e-29	0	4.73317e-29	0	3.15544e-30	0	1.26218e-29	0	1.24862e-29	0	0	0	3.01986e-30	0	3.15544e-30	0	0	0	2.5108e-29	0	3.15544e-30	0	0	0	4.89094e-29	0	0	0	0	0	0	0	2.5108e-29	0	0	0	2.52435e-29	0	1.57772e-30	0
3.45743e-29	0	9.33075e-30	0	0	0	3.01986e-30	0	3.01986e-30	0	2.07569e-29	0	4.73317e-29	0	3.15544e-30	0	1.26218e-29	0	1.24862e-29	0	0	0	3.01986e-30	0	3.15544e-30	0	0	0	2.5108e-29	0	3.15544e-30	0	0	0	4.89094e-29	0	0	0	0	0	0	0	2.5108e-29	0	0	0	2.52435e-29	0	1.57772e-30	0
3.45743e-29	0	9.33075e-30	0	0	0	3.01986e-30	0	3.01986e-30	0	2.07569e-29	0	4.73317e-29	0	3.15544e-30	0	1.26218e-29	0	1.24862e-29	0	0	0	3.01986e-30	0	3.15544e-30	0	0	0	2.5108e-29	0	3.15544e-30	0	0	0	4.89094e-29	0	0	0	0	0	0	0	2.5108e-29	0	0	0	2.52435e-29	0	1.57772e-30	0
3.45743e-29	0	9.33075e-30	0	0	0	3.01986e-30	0	3.01986e-30	0	2.07569e-29	0	4.73317e-29	0	3.15544e-30	0	1.26218e-29	0	1.24862e-29	0	0	0	3.01986e-30	0	3.15544e-30	0	0	0	2.5108e-29	0	3.15544e-30	0	0	0	4.89094e-29	0	0	0	0	0	0	0	2.5108e-29	0	0	0	2.52435e-29	0	1.57772e-30	0
3.45743e-29	0	9.33075e-30	0	0	0	3.01986e-30	0	3.01986e-30	0	2.07569e-29	0	4.73317e-29	0	3.15544e-30	0	1.26218e-29	0	1.24862e-29	0	0	0	3.01986e-30	0	3.15544e-30	0	0	0	2.5108e-29	0	3.15544e-30	0	0	0	4.89094e-29	0	0	0	0	0	0	0	2.5108e-29	0	0	0	2.52435e-29	0	1.57772e-30	0
3.45743e-29	0	9.33075e-30	0	0	0	3.01986e-30	0	3.01986e-30	0	2.07569e-29	0	4.73317e-29	0	3.15544e-30	0	1.26218e-29	0	1.24862e-29	0	0	0	3.01986e-30	0	3.15544e-30	0	0	0	2.5108e-29	0	3.15544e-30	0	0	0	4.89094e-29	0	0	0	0	0	0	0	2.5108e-29	0	0	0	2.52435e-29	0	1.57772e-30	0
3.45743e-29	0	9.33075e-30	0	0	0	3.01986e-30	0	3.01986e-30	0	2.07569e-29	0	4.73317e-29	0	3.15544e-30	0	1.26218e-29	0	1.24862e-29	0	0	0	3.01986e-30	0	3.15544e-30	0	0	0	2.5108e-29	0	3.15544e-30	0	0	0	4.89094e-29	0	0	0	0	0	0	0	2.5108e-29	0	0	0	2.52435e-29	0	1.57772e-30	0
3.45743e-29	0	9.33075e-30	0	0	0	3.01986e-30	0	3.01986e-30	0	2.07569e-29	0	4.73317e-29	0	3.15544e-30	0	1.26218e-29	0	1.24862e-29	0	0	0	3.01986e-30	0	3.15544e-30	0	0	0	2.5108e-29	0	3.15544e-30	0	0	0	4.89094e-29	0	0	0	0	0	0	0	2.5108e-29	0	0	0	2.52435e-29	0	1.57772e-30	0
3.45743e-29	0	9.33075e-30	0	0	0	3.01986e-30	0	3.01986e-30	0	2.07569e-29	0	4.73317e-29	0	3.15544e-30	0	1.26218e-29	0	1.24862e-29	0	0	0	3.01986e-30	0	3.15544e-30	0	0	0	2.5108e-29	0	3.15544e-30	0	0	0	4.89094e-29	0	0	0	0	0	0	0	2.5108e-29	0	0	0	2.52435e-29	0	1.57772e-30	0
3.45743e-29	0	9.33075e-30	0	0	0	3.01986e-30	0	3.01986e-30	0	2.07569e-29	0	4.73317e-29	0	3.15544e-30	0	1.26218e-29	0	1.24862e-29	0	0	0	3.01986e-30	0	3.15544e-30	0	0	0	2.5108e-29	0	3.15544e-30	0	0	0	4.89094e-29	0	0	0	0	0	0	0	2.5108e-29	0	0	0	2.52435e-29	0	1.57772e-30	0
3.45743e-29	0	9.33075e-30	0	0	0	3.01986e-30	0	3.01986e-30	0	2.07569e-29	0	4.73317e-29	0	3.15544e-30	0	1.26218e-29	0	1.24862e-29	0	0	0	3.01986e-30	0	3.15544e-30	0	0	0	2.5108e-29	0	3.15544e-30	0	0	0	4.89094e-29	0	0	0	0	0	0	0	2.5108e-29	0	0	0	2.52435e-29	0	1.57772e-30	0
3.45743e-29	0	9.33075e-30	0	0	0	3.01986e-30	0	3.01986e-30	0	2.07569e-29	0	4.73317e-29	0	3.15544e-30	0	1.26218e-29	0	1.24862e-29	0	0	0	3.01986e-30	0	3.15544e-30	0	0	0	2.5108e-29	0	3.15544e-30	0	0	0	4.89094e-29	0	0	0	0	0	0	0	2.5108e-29	0	0	0	2.52435e-29	0	1.57772e-30	0
3.45743e-29	0	9.33075e-30	0	0	0	3.01986e-30	0	3.01986e-30	0	2.07569e-29	0	4.73317e-29	0	3.15544e-30	0	1.26218e-29	0	1.24862e-29	0	0	0	3.01986e-30	0	3.15544e-30	0	0	0	2.5108e-29	0	3.15544e-30	0	0	0	4.89094e-29	0	0	0	0	0	0	0	2.5108e-29	0	0	0	2.52435e-29	0	1.57772e-30	0
3.45743e-29	0	9.33075e-30	0	0	0	3.01986e-30	0	3.01986e-30	0	2.07569e-29	0	4.73317e-29	0	3.15544e-30	0	1.26218e-29	0	1.24862e-29	0	0	0	3.01986e-30	0	3.15544e-30	0	0	0	2.5108e-29	0	3.15544e-30	0	0	0	4.89094e-29	0	0	0	0	0	0	0	2.5108e-29	0	0	0	2.52435e-29	0	1.57772e-30	0
3.45743e-29	0	9.33075e-30	0	0	0	3.01986e-30	0	3.01986e-30	0	2.07569e-29	0	4.73317e-29	0	3.15544e-30	0	1.26218e-29	0	1.24862e-29	0	0	0	3.01986e-30	0	3.15544e-30	0	0	0	2.5108e-29	0	3.15544e-30	0	0	0	4.89094e-29	0	0	0	0	0	0	0	2.5108e-29	0	0	0	2.52435e-29	0	1.57772e-30	0
3.45743e-29	0	9.33075e-30	0	0	0	3.01986e-30	0	3.01986e-30	0	2.07569e-29	0	4.73317e-29	0	3.15544e-30	0	1.26218e-29	0	1.24862e-29	0	0	0	3.01986e-30	0	3.15544e-30	0	0	0	2.5108e-29	0	3.15544e-30	0	0	0	4.89094e-29	0	0	0	0	0	0	0	2.5108e-29	0	0	0	2.52435e-29	0	1.57772e-30	0
3.45743e-29	0	9.33075e-30	0	0	0	3.01986e-30	0	3.01986e-30	0	2.07569e-29	0	4.73317e-29	0	3.15544e-30	0	1.26218e-29	0	1.24862e-29	0	0	0	3.01986e-30	0	3.15544e-30	0	0	0	2.5108e-29	0	3.15544e-30	0	0	0	4.89094e-29	0	0	0	0	0	0	0	2.5108e-29	0	0	0	2.52435e-29	0	1.57772e-30	0
3.45743e-29	0	9.33075e-30	0	0	0	3.01986e-30	0	3.01986e-30	0	2.07569e-29	0	4.73317e-29	0	3.15544e-30	0	1.26218e-29	0	1.24862e-29	0	0	0	3.01986e-30	0	3.15544e-30	0	0	0	2.5108e-29	0	3.15544e-30	0	0	0	4.89094e-29	0	0	0	0	0	0	0	2.5108e-29	0	0	0	2.52435e-29	0	1.57772e-30	0
3.45743e-29	0	9.33075e-30	0	0	0	3.01986e-30	0	3.01986e-30	0	2.07569e-29	0	4.73317e-29	0	3.15544e-30	0	1.26218e-29	0	1.24862e-29	0	0	0	3.01986e-30	0	3.15544e-30	0	0	0	2.5108e-29	0	3.15544e-30	0	0	0	4.89094e-29	0	0	0	0	0	0	0	2.5108e-29	0	0	0	2.52435e-29	0	1.57772e-30	0
3.45743e-29	0	9.33075e-30	0	0	0	3.01986e-30	0	3.01986e-30	0	2.07569e-29	0	4.73317e-29	0	3.15544e-30	0	1.26218e-29	0	1.24862e-29	0	0	0	3.01986e-30	0	3.15544e-30	0	0	0	2.5108e-29	0	3.15544e-30	0	0	0	4.89094e-29	0	0	0	0	0	0	0	2.5108e-29	0	0	0	2.52435e-29	0	1.57772e-30	0
3.45743e-29	0	9.33075e-30	0	0	0	3.01986e-30	0	3.01986e-30	0	2.07569e-29	0	4.73317e-29	0	3.15544e-30	0	1.26218e-29	0	1.24862e-29	0	0	0	3.01986e-30	0	3.15544e-30	0	0	0	2.5108e-29	0	3.15544e-30	0	0	0	4.89094e-29	0	0	0	0	0	0	0	2.5108e-29	0	0	0	2.52435e-29	0	1.57772e-30	0
3.45743e-29	0	9.33075e-30	0	0	0	3.01986e-30	0	3.01986e-30	0	2.07569e-29	0	4.73317e-29	0	3.15544e-30	0	1.26218e-29	0	1.24862e-29	0	0	0	3.01986e-30	0	3.15544e-30	0	0	0	2.5108e-29	0	3.15544e-30	0	0	0	4.89094e-29	0	0	0	0	0	0	0	2.5108e-29	0	0	0	2.52435e-29	0	1.57772e-30	0
3.45743e-29	0	9.33075e-30	0	0	0	3.01986e-30	0	3.01986e-30	0	2.07569e-29	0	4.73317e-29	0	3.15544e-30	0	1.26218e-29	0	1.24862e-29	0	0	0	3.01986e-30	0	3.15544e-30	0	0	0	2.5108e-29	0	3.15544e-30	0	0	0	4.89094e-29	0	0	0	0	0	0	0	2.5108e-29	0	0	0	2.52435e-29	0	1.57772e-30	0
3.45743e-29	0	9.33075e-30	0	0	0	3.01986e-30	0	3.01986e-30	0	2.07569e-29	0	4.73317e-29	0	3.15544e-30	0	1.26218e-29	0	1.24862e-29	0	0	0	3.01986e-30	0	3.15544e-30	0	0	0	2.5108e-29	0	3.15544e-30	0	0	0	4.89094e-29	0	0	0	0	0	0	0	2.5108e-29	0	0	0	2.52435e-29	0	1.57772e-30	0
3.45743e-29	0	9.33075e-30	0	0	0	3.01986e-30	0	3.01986e-30	0	2.07569e-29	0	4.73317e-29	0	3.15544e-30	0	1.26218e-29	0	1.24862e-29	0	0	0	3.01986e-30	0	3.15544e-30	0	0	0	2.5108e-29	0	3.15544e-30	0	0	0	4.89094e-29	0	0	0	0	0	0	0	2.5108e-29	0	0	0	2.52435e-29	0	1.57772e-30	0
3.45743e-29	0	9.33075e-30	0	0	0	3.01986e-30	0	3.01986e-30	0	2.07569e-29	0	4.73317e-29	0	3.15544e-30	0	1.26218e-29	0	1.24862e-29	0	0	0	3.01986e-30	0	3.15544e-30	0	0	0	2.5108e-29	0	3.15544e-30	0	0	0	4.89094e-29	0	0	0	0	0	0	0	2.5108e-29	0	0	0	2.52435e-29	0	1.57772e-30	0
3.45743e-29	0	9.33075e-30	0	0	0	3.01986e-30	0	3.01986e-30	0	2.07569e-29	0	4.73317e-29	0	3.15544e-30	0	1.26218e-29	0	1.24862e-29	0	0	0	3.01986e-30	0	3.15544e-30	0	0	0	2.5108e-29	0	3.15544e-30	0	0	0	4.89094e-29	0	0	0	0	0	0	0	2.5108e-29	0	0	0	2.52435e-29	0	1.57772e-30	0
3.45743e-29	0	9.33075e-30	0	0	0	3.01986e-30	0	3.01986e-30	0	2.07569e-29	0	4.73317e-29	0	3.15544e-30	0	1.26218e-29	0	1.24862e-29	0	0	0	3.01986e-30	0	3.15544e-30	0	0	0	2.5108e-29	0	3.15544e-30	0	0	0	4.89094e-29	0	0	0	0	0	0	0	2.5108e-29	0	0	0	2.52435e-29	0	1.57772e-30	0
3.45743e-29	0	9.33075e-30	0	0	0	3.01986e-30	0	3.01986e-30	0	2.07569e-29	0	4.73317e-29	0	3.15544e-30	0	1.26218e-29	0	1.24862e-29	0	0	0	3.01986e-30	0	3.15544e-30	0	0	0	2.5108e-29	0	3.15544e-30	0	0	0	4.89094e-29	0	0	0	0	0	0	0	2.5108e-29	0	0	0	2.52435e-29	0	1.57772e-30	0
3.45743e-29	0	9.33075e-30	0	0	0	3.01986e-30	0	3.01986e-30	0	2.07569e-29	0	4.73317e-29	0	3.15544e-30	0	1.26218e-29	0	1.24862e-29	0	0	0	3.01986e-30	0	3.15544e-30	0	0	0	2.5108e-29	0	3.15544e-30	0	0	0	4.89094e-29	0	0	0	0	0	0	0	2.5108e-29	0	0	0	2.52435e-29	0	1.57772e-30	0
3.45743e-29	0	9.33075e-30	0	0	0	3.01986e-30	0	3.01986e-30	0	2.07569e-29	0	4.73317e-29	0	3.15544e-30	0	1.26218e-29	0	1.24862e-29	0	0	0	3.01986e-30	0	3.15544e-30	0	0	0	2.5108e-29	0	3.15544e-30	0	0	0	4.89094e-29	0	0	0	0	0	0	0	2.5108e-29	0	0	0	2.52435e-29	0	1.57772e-30	0
3.45743e-29	0	9.33075e-30	0	0	0	3.01986e-30	0	3.01986e-30	0	2.07569e-29	0	4.73317e-29	0	3.15544e-30	0	1.26218e-29	0	1.24862e-29	0	0	0	3.01986e-30	0	3.15544e-30	0	0	0	2.5108e-29	0	3.15544e-30	0	0	0	4.89094e-29	0	0	0	0	0	0	0	2.5108e-29	0	0	0	2.52435e-29	0	1.57772e-30	0
3.45743e-29	0	9.33075e-30	0	0	0	3.01986e-30	0	3.01986e-30	0	2.07569e-29	0	4.73317e-29	0	3.15544e-30	0	1.26218e-29	0	1.24862e-29	0	0	0	3.01986e-30	0	3.15544e-30	0	0	0	2.5108e-29	0	3.15544e-30	0	0	0	4.89094e-29	0	0	0	0	0	0	0	2.5108e-29	0	0	0	2.52435e-29	0	1.57772e-30	0
3.45743e-29	0	9.33075e-30	0	0	0	3.01986e-30	0	3.01986e-30	0	2.07569e-29	0	4.73317e-29	0	3.15544e-30	0	1.26218e-29	0	1.24862e-29	0	0	0	3.01986e-30	0	3.15544e-30	0	0	0	2.5108e-29	0	3.15544e-30	0	0	0	4.89094e-29	0	0	0	0	0	0	0	2.5108e-29	0	0	0	2.52435e-29	0	1.57772e-30	0
3.45743e-29	0	9.33075e-30	0	0	0	3.01986e-30	0	3.01986e-30	0	2.07569e-29	0	4.73317e-29	0	3.15544e-30	0	1.26218e-29	0	1.24862e-29	0	0	0	3.01986e-30	0	3.15544e-30	0	0	0	2.5108e-29	0	3.15544e-30	0	0	0	4.89094e-29	0	0	0	0	0	0	0	2.5108e-29	0	0	0	2.52435e-29	0	1.57772e-30	0
3.45743e-29	0	9.33075e-30	0	0	0	3.01986e-30	0	3.01986e-30	0	2.07569e-29	0	4.73317e-29	0	3.15544e-30	0	1.26218e-29	0	1.24862e-29	0	0	0	3.01986e-30	0	3.15544e-30	0	0	0	2.5108e-29	0	3.15544e-30	0	0	0	4.89094e-29	0	0	0	0	0	0	0	2.5108e-29	0	0	0	2.52435e-29	0	1.57772e-30	0
3.45743e-29	0	9.33075e-30	0	0	0	3.01986e-30	0	3.01986e-30	0	2.07569e-29	0	4.73317e-29	0	3.15544e-30	0	1.26218e-29	0	1.24862e-29	0	0	0	3.01986e-30	0	3.15544e-30	0	0	0	2.5108e-29	0	3.15544e-30	0	0	0	4.89094e-29	0	0	0	0	0	0	0	2.5108e-29	0	0	0	2.52435e-29	0	1.57772e-30	0
3.45743e-29	0	9.33075e-30	0	0	0	3.01986e-30	0	3.01986e-30	0	2.07569e-29	0	4.73317e-29	0	3.15544e-30	0	1.26218e-29	0	1.24862e-29	0	0	0	3.01986e-30	0	3.15544e-30	0	0	0	2.5108e-29	0	3.15544e-30	0	0	0	4.89094e-29	0	0	0	0	0	0	0	2.5108e-29	0	0	0	2.52435e-29	0	1.57772e-30	0
3.45743e-29	0	9.33075e-30	0	0	0	3.01986e-30	0	3.01986e-30	0	2.07569e-29	0	4.73317e-29	0	3.15544e-30	0	1.26218e-29	0	1.24862e-29	0	0	0	3.01986e-30	0	3.15544e-30	0	0	0	2.5108e-29	0	3.15544e-30	0	0	0	4.89094e-29	0	0	0	0	0	0	0	2.5108e-29	0	0	0	2.52435e-29	0	1.57772e-30	0
3.45743e-29	0	9.33075e-30	0	0	0	3.01986e-30	0	3.01986e-30	0	2.07569e-29	0	4.73317e-29	0	3.15544e-30	0	1.26218e-29	0	1.24862e-29	0	0	0	3.01986e-30	0	3.15544e-30	0	0	0	2.5108e-29	0	3.15544e-30	0	0	0	4.89094e-29	0	0	0	0	0	0	0	2.5108e-29	0	0	0	2.52435e-29	0	1.57772e-30	0
3.45743e-29	0	9.33075e-30	0	0	0	3.01986e-30	0	3.01986e-30	0	2.07569e-29	0	4.73317e-29	0	3.15544e-30	0	1.26218e-29	0	1.24862e-29	0	0	0	3.01986e-30	0	3.15544e-30	0	0	0	2.5108e-29	0	3.15544e-30	0	0	0	4.89094e-29	0	0	0	0	0	0	0	2.5108e-29	0	0	0	2.52435e-29	0	1.57772e-30	0
3.45743e-29	0	9.33075e-30	0	0	0	3.01986e-30	0	3.01986e-30	0	2.07569e-29	0	4.73317e-29	0	3.15544e-30	0	1.26218e-29	0	1.24862e-29	0	0	0	3.01986e-30	0	3.15544e-30	0	0	0	2.5108e-29	0	3.15544e-30	0	0	0	4.89094e-29	0	0	0	0	0	0	0	2.5108e-29	0	0	0	2.52435e-29	0	1.57772e-30	0
3.45743e-29	0	9.33075e-30	0	0	0	3.01986e-30	0	3.01986e-30	0	2.07569e-29	0	4.73317e-29	0	3.15544e-30	0	1.26218e-29	0	1.24862e-29	0	0	0	3.01986e-30	0	3.15544e-30	0	0	0	2.5108e-29	0	3.15544e-30	0	0	0	4.89094e-29	0	0	0	0	0	0	0	2.5108e-29	0	0	0	2.52435e-29	0	1.57772e-30	0
3.45743e-29	0	9.33075e-30	0	0	0	3.01986e-30	0	3.01986e-30	0	2.07569e-29	0	4.73317e-29	0	3.15544e-30	0	1.26218e-29	0	1.24862e-29	0	0	0	3.01986e-30	0	3.15544e-30	0	0	0	2.5108e-29	0	3.15544e-30	0	0	0	4.89094e-29	0	0	0	0	0	0	0	2.5108e-29	0	0	0	2.52435e-29	0	1.57772e-30	0
3.45743e-29	0	9.33075e-30	0	0	0	3.01986e-30	0	3.01986e-30	0	2.07569e-29	0	4.73317e-29	0	3.15544e-30	0	1.26218e-29	0	1.24862e-29	0	0	0	3.01986e-30	0	3.15544e-30	0	0	0	2.5108e-29	0	3.15544e-30	0	0	0	4.89094e-29	0	0	0	0	0	0	0	2.5108e-29	0	0	0	2.52435e-29	0	1.57772e-30	0
3.45743e-29	0	9.33075e-30	0	0	0	3.01986e-30	0	3.01986e-30	0	2.07569e-29	0	4.73317e-29	0	3.15544e-30	0	1.26218e-29	0	1.24862e-29	0	0	0	3.01986e-30	0	3.15544e-30	0	0	0	2.5108e-29	0	3.15544e-30	0	0	0	4.89094e-29	0	0	0	0	0	0	0	2.5108e-29	0	0	0	2.52435e-29	0	1.57772e-30	0
3.45743e-29	0	9.33075e-30	0	0	0	3.01986e-30	0	3.01986e-30	0	2.07569e-29	0	4.73317e-29	0	3.15544e-30	0	1.26218e-29	0	1.24862e-29	0	0	0	3.01986e-30	0	3.15544e-30	0	0	0	2.5108e-29	0	3.15544e-30	0	0	0	4.89094e-29	0	0	0	0	0	0	0	2.5108e-29	0	0	0	2.52435e-29	0	1.57772e-30	0
3.45743e-29	0	9.33075e-30	0	0	0	3.01986e-30	0	3.01986e-30	0	2.07569e-29	0	4.73317e-29	0	3.15544e-30	0	1.26218e-29	0	1.24862e-29	0	0	0	3.01986e-30	0	3.15544e-30	0	0	0	2.5108e-29	0	3.15544e-30	0	0	0	4.89094e-29	0	0	0	0	0	0	0	2.5108e-29	0	0	0	2.52435e-29	0	1.57772e-30	0
3.45743e-29	0	9.33075e-30	0	0	0	3.01986e-30	0	3.01986e-30	0	2.07569e-29	0	4.73317e-29	0	3.15544e-30	0	1.26218e-29	0	1.24862e-29	0	0	0	3.01986e-30	0	3.15544e-30	0	0	0	2.5108e-29	0	3.15544e-30	0	0	0	4.89094e-29	0	0	0	0	0	0	0	2.5108e-29	0	0	0	2.52435e-29	0	1.57772e-30	0
3.45743e-29	0	9.33075e-30	0	0	0	3.01986e-30	0	3.01986e-30	0	2.07569e-29	0	4.73317e-29	0	3.15544e-30	0	1.26218e-29	0	1.24862e-29	0	0	0	3.01986e-30	0	3.15544e-30	0	0	0	2.5108e-29	0	3.15544e-30	0	0	0	4.89094e-29	0	0	0	0	0	0	0	2.5108e-29	0	0	0	2.52435e-29	0	1.57772e-30	0
3.45743e-29	0	9.33075e-30	0	0	0	3.01986e-30	0	3.01986e-30	0	2.07569e-29	0	4.73317e-29	0	3.15544e-30	0	1.26218e-29	0	1.24862e-29	0	0	0	3.01986e-30	0	3.15544e-30	0	0	0	2.5108e-29	0	3.15544e-30	0	0	0	4.89094e-29	0	0	0	0	0	0	0	2.5108e-29	0	0	0	2.52435e-29	0	1.57772e-30	0
3.45743e-29	0	9.33075e-30	0	0	0	3.01986e-30	0	3.01986e-30	0	2.07569e-29	0	4.73317e-29	0	3.15544e-30	0	1.26218e-29	0	1.24862e-29	0	0	0	3.01986e-30	0	3.15544e-30	0	0	0	2.5108e-29	0	3.15544e-30	0	0	0	4.89094e-29	0	0	0	0	0	0	0	2.5108e-29	0	0	0	2.52435e-29	0	1.57772e-30	0
3.45743e-29	0	9.33075e-30	0	0	0	3.01986e-30	0	3.01986e-30	0	2.07569e-29	0	4.73317e-29	0	3.15544e-30	0	1.26218e-29	0	1.24862e-29	0	0	0	3.01986e-30	0	3.15544e-30	0	0	0	2.5108e-29	0	3.15544e-30	0	0	0	4.89094e-29	0	0	0	0	0	0	0	2.5108e-29	0	0	0	2.52435e-29	0	1.57772e-30	0
3.45743e-29	0	9.33075e-30	0	0	0	3.01986e-30	0	3.01986e-30	0	2.07569e-29	0	4.73317e-29	0	3.15544e-30	0	1.26218e-29	0	1.24862e-29	0	0	0	3.01986e-30	0	3.15544e-30	0	0	0	2.5108e-29	0	3.15544e-30	0	0	0	4.89094e-29	0	0	0	0	0	0	0	2.5108e-29	0	0	0	2.52435e-29	0	1.57772e-30	0
3.45743e-29	0	9.33075e-30	0	0	0	3.01986e-30	0	3.01986e-30	0	2.07569e-29	0	4.73317e-29	0	3.15544e-30	0	1.26218e-29	0	1.24862e-29	0	0	0	3.01986e-30	0	3.15544e-30	0	0	0	2.5108e-29	0	3.15544e-30	0	0	0	4.89094e-29	0	0	0	0	0	0	0	2.5108e-29	0	0	0	2.52435e-29	0	1.57772e-30	0
3.45743e-29	0	9.33075e-30	0	0	0	3.01986e-30	0	3.01986e-30	0	2.07569e-29	0	4.73317e-29	0	3.15544e-30	0	1.26218e-29	0	1.24862e-29	0	0	0	3.01986e-30	0	3.15544e-30	0	0	0	2.5108e-29	0	3.15544e-30	0	0	0	4.89094e-29	0	0	0	0	0	0	0	2.5108e-29	0	0	0	2.52435e-29	0	1.57772e-30	0
3.45743e-29	0	9.33075e-30	0	0	0	3.01986e-30	0	3.01986e-30	0	2.07569e-29	0	4.73317e-29	0	3.15544e-30	0	1.26218e-29	0	1.24862e-29	0	0	0	3.01986e-30	0	3.15544e-30	0	0	0	2.5108e-29	0	3.15544e-30	0	0	0	4.89094e-29	0	0	0	0	0	0	0	2.5108e-29	0	0	0	2.52435e-29	0	1.57772e-30	0
3.45743e-29	0	9.33075e-30	0	0	0	3.01986e-30	0	3.01986e-30	0	2.07569e-29	0	4.73317e-29	0	3.15544e-30	0	1.26218e-29	0	1.24862e-29	0	0	0	3.01986e-30	0	3.15544e-30	0	0	0	2.5108e-29	0	3.15544e-30	0	0	0	4.89094e-29	0	0	0	0	0	0	0	2.5108e-29	0	0	0	2.52435e-29	0	1.57772e-30	0
3.45743e-29	0	9.33075e-30	0	0	0	3.01986e-30	0	3.01986e-30	0	2.07569e-29	0	4.73317e-29	0	3.15544e-30	0	1.26218e-29	0	1.24862e-29	0	0	0	3.01986e-30	0	3.15544e-30	0	0	0	2.5108e-29	0	3.15544e-30	0	0	0	4.89094e-29	0	0	0	0	0	0	0	2.5108e-29	0	0	0	2.52435e-29	0	1.57772e-30	0
3.45743e-29	0	9.33075e-30	0	0	0	3.01986e-30	0	3.01986e-30	0	2.07569e-29	0	4.73317e-29	0	3.15544e-30	0	1.26218e-29	0	1.24862e-29	0	0	0	3.01986e-30	0	3.15544e-30	0	0	0	2.5108e-29	0	3.15544e-30	0	0	0	4.89094e-29	0	0	0	0	0	0	0	2.5108e-29	0	0	0	2.52435e-29	0	1.57772e-30	0
3.45743e-29	0	9.33075e-30	0	0	0	3.01986e-30	0	3.01986e-30	0	2.07569e-29	0	4.73317e-29	0	3.15544e-30	0	1.26218e-29	0	1.24862e-29	0	0	0	3.01986e-30	0	3.15544e-30	0	0	0	2.5108e-29	0	3.15544e-30	0	0	0	4.89094e-29	0	0	0	0	0	0	0	2.5108e-29	0	0	0	2.52435e-29	0	1.57772e-30	0
3.45743e-29	0	9.33075e-30	0	0	0	3.01986e-30	0	3.01986e-30	0	2.07569e-29	0	4.73317e-29	0	3.15544e-30	0	1.26218e-29	0	1.24862e-29	0	0	0	3.01986e-30	0	3.15544e-30	0	0	0	2.5108e-29	0	3.15544e-30	0	0	0	4.89094e-29	0	0	0	0	0	0	0	2.5108e-29	0	0	0	2.52435e-29	0	1.57772e-30	0
3.45743e-29	0	9.33075e-30	0	0	0	3.01986e-30	0	3.01986e-30	0	2.07569e-29	0	4.73317e-29	0	3.15544e-30	0	1.26218e-29	0	1.24862e-29	0	0	0	3.01986e-30	0	3.15544e-30	0	0	0	2.5108e-29	0	3.15544e-30	0	0	0	4.89094e-29	0	0	0	0	0	0	0	2.5108e-29	0	0	0	2.52435e-29	0	1.57772e-30	0
3.45743e-29	0	9.33075e-30	0	0	0	3.01986e-30	0	3.01986e-30	0	2.07569e-29	0	4.73317e-29	0	3.15544e-30	0	1.26218e-29	0	1.24862e-29	0	0	0	3.01986e-30	0	3.15544e-30	0	0	0	2.5108e-29	0	3.15544e-30	0	0	0	4.89094e-29	0	0	0	0	0	0	0	2.5108e-29	0	0	0	2.52435e-29	0	1.57772e-30	0
3.45743e-29	0	9.33075e-30	0	0	0	3.01986e-30	0	3.01986e-30	0	2.07569e-29	0	4.73317e-29	0	3.15544e-30	0	1.26218e-29	0	1.24862e-29	0	0	0	3.01986e-30	0	3.15544e-30	0	0	0	2.5108e-29	0	3.15544e-30	0	0	0	4.89094e-29	0	0	0	0	0	0	0	2.5108e-29	0	0	0	2.52435e-29	0	1.57772e-30	0
3.45743e-29	0	9.33075e-30	0	0	0	3.01986e-30	0	3.01986e-30	0	2.07569e-29	0	4.73317e-29	0	3.15544e-30	0	1.26218e-29	0	1.24862e-29	0	0	0	3.01986e-30	0	3.15544e-30	0	0	0	2.5108e-29	0	3.15544e-30	0	0	0	4.89094e-29	0	0	0	0	0	0	0	2.5108e-29	0	0	0	2.52435e-29	0	1.57772e-30	0
3.45743e-29	0	9.33075e-30	0	0	0	3.01986e-30	0	3.01986e-30	0	2.07569e-29	0	4.73317e-29	0	3.15544e-30	0	1.26218e-29	0	1.24862e-29	0	0	0	3.01986e-30	0	3.15544e-30	0	0	0	2.5108e-29	0	3.15544e-30	0	0	0	4.89094e-29	0	0	0	0	0	0	0	2.5108e-29	0	0	0	2.52435e-29	0	1.57772e-30	0
3.45743e-29	0	9.33075e-30	0	0	0	3.01986e-30	0	3.01986e-30	0	2.07569e-29	0	4.73317e-29	0	3.15544e-30	0	1.26218e-29	0	1.24862e-29	0	0	0	3.01986e-30	0	3.15544e-30	0	0	0	2.5108e-29	0	3.15544e-30	0	0	0	4.89094e-29	0	0	0	0	0	0	0	2.5108e-29	0	0	0	2.52435e-29	0	1.57772e-30	0
3.45743e-29	0	9.33075e-30	0	0	0	3.01986e-30	0	3.01986e-30	0	2.07569e-29	0	4.73317e-29	0	3.15544e-30	0	1.26218e-29	0	1.24862e-29	0	0	0	3.01986e-30	0	3.15544e-30	0	0	0	2.5108e-29	0	3.15544e-30	0	0	0	4.89094e-29	0	0	0	0	0	0	0	2.5108e-29	0	0	0	2.52435e-29	0	1.57772e-30	0
3.45743e-29	0	9.33075e-30	0	0	0	3.01986e-30	0	3.01986e-30	0	2.07569e-29	0	4.73317e-29	0	3.15544e-30	0	1.26218e-29	0	1.24862e-29	0	0	0	3.01986e-30	0	3.15544e-30	0	0	0	2.5108e-29	0	3.15544e-30	0	0	0	4.89094e-29	0	0	0	0	0	0	0	2.5108e-29	0	0	0	2.52435e-29	0	1.57772e-30	0
3.45743e-29	0	9.33075e-30	0	0	0	3.01986e-30	0	3.01986e-30	0	2.07569e-29	0	4.73317e-29	0	3.15544e-30	0	1.26218e-29	0	1.24862e-29	0	0	0	3.01986e-30	0	3.15544e-30	0	0	0	2.5108e-29	0	3.15544e-30	0	0	0	4.89094e-29	0	0	0	0	0	0	0	2.5108e-29	0	0	0	2.52435e-29	0	1.57772e-30	0
3.45743e-29	0	9.33075e-30	0	0	0	3.01986e-30	0	3.01986e-30	0	2.07569e-29	0	4.73317e-29	0	3.15544e-30	0	1.26218e-29	0	1.24862e-29	0	0	0	3.01986e-30	0	3.15544e-30	0	0	0	2.5108e-29	0	3.15544e-30	0	0	0	4.89094e-29	0	0	0	0	0	0	0	2.5108e-29	0	0	0	2.52435e-29	0	1.57772e-30	0
3.45743e-29	0	9.33075e-30	0	0	0	3.01986e-30	0	3.01986e-30	0	2.07569e-29	0	4.73317e-29	0	3.15544e-30	0	1.26218e-29	0	1.24862e-29	0	0	0	3.01986e-30	0	3.15544e-30	0	0	0	2.5108e-29	0	3.15544e-30	0	0	0	4.89094e-29	0	0	0	0	0	0	0	2.5108e-29	0	0	0	2.52435e-29	0	1.57772e-30	0
3.45743e-29	0	9.33075e-30	0	0	0	3.01986e-30	0	3.01986e-30	0	2.07569e-29	0	4.73317e-29	0	3.15544e-30	0	1.26218e-29	0	1.24862e-29	0	0	0	3.01986e-30	0	3.15544e-30	0	0	0	2.5108e-29	0	3.15544e-30	0	0	0	4.89094e-29	0	0	0	0	0	0	0	2.5108e-29	0	0	0	2.52435e-29	0	1.57772e-30	0
3.45743e-29	0	9.33075e-30	0	0	0	3.01986e-30	0	3.01986e-30	0	2.07569e-29	0	4.73317e-29	0	3.15544e-30	0	1.26218e-29	0	1.24862e-29	0	0	0	3.01986e-30	0	3.15544e-30	0	0	0	2.5108e-29	0	3.15544e-30	0	0	0	4.89094e-29	0	0	0	0	0	0	0	2.5108e-29	0	0	0	2.52435e-29	0	1.57772e-30	0
3.45743e-29	0	9.33075e-30	0	0	0	3.01986e-30	0	3.01986e-30	0	2.07569e-29	0	4.73317e-29	0	3.15544e-30	0	1.26218e-29	0	1.24862e-29	0	0	0	3.01986e-30	0	3.15544e-30	0	0	0	2.5108e-29	0	3.15544e-30	0	0	0	4.89094e-29	0	0	0	0	0	0	0	2.5108e-29	0	0	0	2.52435e-29	0	1.57772e-30	0
3.45743e-29	0	9.33075e-30	0	0	0	3.01986e-30	0	3.01986e-30	0	2.07569e-29	0	4.73317e-29	0	3.15544e-30	0	1.26218e-29	0	1.24862e-29	0	0	0	3.01986e-30	0	3.15544e-30	0	0	0	2.5108e-29	0	3.15544e-30	0	0	0	4.89094e-29	0	0	0	0	0	0	0	2.5108e-29	0	0	0	2.52435e-29	0	1.57772e-30	0
3.45743e-29	0	9.33075e-30	0	0	0	3.01986e-30	0	3.01986e-30	0	2.07569e-29	0	4.73317e-29	0	3.15544e-30	0	1.26218e-29	0	1.24862e-29	0	0	0	3.01986e-30	0	3.15544e-30	0	0	0	2.5108e-29	0	3.15544e-30	0	0	0	4.89094e-29	0	0	0	0	0	0	0	2.5108e-29	0	0	0	2.52435e-29	0	1.57772e-30	0
3.45743e-29	0	9.33075e-30	0	0	0	3.01986e-30	0	3.01986e-30	0	2.07569e-29	0	4.73317e-29	0	3.15544e-30	0	1.26218e-29	0	1.24862e-29	0	0	0	3.01986e-30	0	3.15544e-30	0	0	0	2.5108e-29	0	3.15544e-30	0	0	0	4.89094e-29	0	0	0	0	0	0	0	2.5108e-29	0	0	0	2.52435e-29	0	1.57772e-30	0
3.45743e-29	0	9.33075e-30	0	0	0	3.01986e-30	0	3.01986e-30	0	2.07569e-29	0	4.73317e-29	0	3.15544e-30	0	1.26218e-29	0	1.24862e-29	0	0	0	3.01986e-30	0	3.15544e-30	0	0	0	2.5108e-29	0	3.15544e-30	0	0	0	4.89094e-29	0	0	0	0	0	0	0	2.5108e-29	0	0	0	2.52435e-29	0	1.57772e-30	0
3.45743e-29	0	9.33075e-30	0	0	0	3.01986e-30	0	3.01986e-30	0	2.07569e-29	0	4.73317e-29	0	3.15544e-30	0	1.26218e-29	0	1.24862e-29	0	0	0	3.01986e-30	0	3.15544e-30	0	0	0	2.5108e-29	0	3.15544e-30	0	0	0	4.89094e-29	0	0	0	0	0	0	0	2.5108e-29	0	0	0	2.52435e-29	0	1.57772e-30	0
3.45743e-29	0	9.33075e-30	0	0	0	3.01986e-30	0	3.01986e-30	0	2.07569e-29	0	4.73317e-29	0	3.15544e-30	0	1.26218e-29	0	1.24862e-29	0	0	0	3.01986e-30	0	3.15544e-30	0	0	0	2.5108e-29	0	3.15544e-30	0	0	0	4.89094e-29	0	0	0	0	0	0	0	2.5108e-29	0	0	0	2.52435e-29	0	1.57772e-30	0
3.45743e-29	0	9.33075e-30	0	0	0	3.01986e-30	0	3.01986e-30	0	2.07569e-29	0	4.73317e-29	0	3.15544e-30	0	1.26218e-29	0	1.24862e-29	0	0	0	3.01986e-30	0	3.15544e-30	0	0	0	2.5108e-29	0	3.15544e-30	0	0	0	4.89094e-29	0	0	0	0	0	0	0	2.5108e-29	0	0	0	2.52435e-29	0	1.57772e-30	0
3.45743e-29	0	9.33075e-30	0	0	0	3.01986e-30	0	3.01986e-30	0	2.07569e-29	0	4.73317e-29	0	3.15544e-30	0	1.26218e-29	0	1.24862e-29	0	0	0	3.01986e-30	0	3.15544e-30	0	0	0	2.5108e-29	0	3.15544e-30	0	0	0	4.89094e-29	0	0	0	0	0	0	0	2.5108e-29	0	0	0	2.52435e-29	0	1.57772e-30	0
3.45743e-29	0	9.33075e-30	0	0	0	3.01986e-30	0	3.01986e-30	0	2.07569e-29	0	4.73317e-29	0	3.15544e-30	0	1.26218e-29	0	1.24862e-29	0	0	0	3.01986e-30	0	3.15544e-30	0	0	0	2.5108e-29	0	3.15544e-30	0	0	0	4.89094e-29	0	0	0	0	0	0	0	2.5108e-29	0	0	0	2.52435e-29	0	1.57772e-30	0
3.45743e-29	0	9.33075e-30	0	0	0	3.01986e-30	0	3.01986e-30	0	2.07569e-29	0	4.73317e-29	0	3.15544e-30	0	1.26218e-29	0	1.24862e-29	0	0	0	3.01986e-30	0	3.15544e-30	0	0	0	2.5108e-29	0	3.15544e-30	0	0	0	4.89094e-29	0	0	0	0	0	0	0	2.5108e-29	0	0	0	2.52435e-29	0	1.57772e-30	0
3.45743e-29	0	9.33075e-30	0	0	0	3.01986e-30	0	3.01986e-30	0	2.07569e-29	0	4.73317e-29	0	3.15544e-30	0	1.26218e-29	0	1.24862e-29	0	0	0	3.01986e-30	0	3.15544e-30	0	0	0	2.5108e-29	0	3.15544e-30	0	0	0	4.89094e-29	0	0	0	0	0	0	0	2.5108e-29	0	0	0	2.52435e-29	0	1.57772e-30	0
3.45743e-29	0	9.33075e-30	0	0	0	3.01986e-30	0	3.01986e-30	0	2.07569e-29	0	4.73317e-29	0	3.15544e-30	0	1.26218e-29	0	1.24862e-29	0	0	0	3.01986e-30	0	3.15544e-30	0	0	0	2.5108e-29	0	3.15544e-30	0	0	0	4.89094e-29	0	0	0	0	0	0	0	2.5108e-29	0	0	0	2.52435e-29	0	1.57772e-30	0
3.45743e-29	0	9.33075e-30	0	0	0	3.01986e-30	0	3.01986e-30	0	2.07569e-29	0	4.73317e-29	0	3.15544e-30	0	1.26218e-29	0	1.24862e-29	0	0	0	3.01986e-30	0	3.15544e-30	0	0	0	2.5108e-29	0	3.15544e-30	0	0	0	4.89094e-29	0	0	0	0	0	0	0	2.5108e-29	0	0	0	2.52435e-29	0	1.57772e-30	0
3.45743e-29	0	9.33075e-30	0	0	0	3.01986e-30	0	3.01986e-30	0	2.07569e-29	0	4.73317e-29	0	3.15544e-30	0	1.26218e-29	0	1.24862e-29	0	0	0	3.01986e-30	0	3.15544e-30	0	0	0	2.5108e-29	0	3.15544e-30	0	0	0	4.89094e-29	0	0	0	0	0	0	0	2.5108e-29	0	0	0	2.52435e-29	0	1.57772e-30	0
3.45743e-29	0	9.33075e-30	0	0	0	3.01986e-30	0	3.01986e-30	0	2.07569e-29	0	4.73317e-29	0	3.15544e-30	0	1.26218e-29	0	1.24862e-29	0	0	0	3.01986e-30	0	3.15544e-30	0	0	0	2.5108e-29	0	3.15544e-30	0	0	0	4.89094e-29	0	0	0	0	0	0	0	2.5108e-29	0	0	0	2.52435e-29	0	1.57772e-30	0
3.45743e-29	0	9.33075e-30	0	0	0	3.01986e-30	0	3.01986e-30	0	2.07569e-29	0	4.73317e-29	0	3.15544e-30	0	1.26218e-29	0	1.24862e-29	0	0	0	3.01986e-30	0	3.15544e-30	0	0	0	2.5108e-29	0	3.15544e-30	0	0	0	4.89094e-29	0	0	0	0	0	0	0	2.5108e-29	0	0	0	2.52435e-29	0	1.57772e-30	0
3.45743e-29	0	9.33075e-30	0	0	0	3.01986e-30	0	3.01986e-30	0	2.07569e-29	0	4.73317e-29	0	3.15544e-30	0	1.26218e-29	0	1.24862e-29	0	0	0	3.01986e-30	0	3.15544e-30	0	0	0	2.5108e-29	0	3.15544e-30	0	0	0	4.89094e-29	0	0	0	0	0	0	0	2.5108e-29	0	0	0	2.52435e-29	0	1.57772e-30	0
3.45743e-29	0	9.33075e-30	0	0	0	3.01986e-30	0	3.01986e-30	0	2.07569e-29	0	4.73317e-29	0	3.15544e-30	0	1.26218e-29	0	1.24862e-29	0	0	0	3.01986e-30	0	3.15544e-30	0	0	0	2.5108e-29	0	3.15544e-30	0	0	0	4.89094e-29	0	0	0	0	0	0	0	2.5108e-29	0	0	0	2.52435e-29	0	1.57772e-30	0
3.45743e-29	0	9.33075e-30	0	0	0	3.01986e-30	0	3.01986e-30	0	2.07569e-29	0	4.73317e-29	0	3.15544e-30	0	1.26218e-29	0	1.24862e-29	0	0	0	3.01986e-30	0	3.15544e-30	0	0	0	2.5108e-29	0	3.15544e-30	0	0	0	4.89094e-29	0	0	0	0	0	0	0	2.5108e-29	0	0	0	2.52435e-29	0	1.57772e-30	0
3.45743e-29	0	9.33075e-30	0	0	0	3.01986e-30	0	3.01986e-30	0	2.07569e-29	0	4.73317e-29	0	3.15544e-30	0	1.26218e-29	0	1.24862e-29	0	0	0	3.01986e-30	0	3.15544e-30	0	0	0	2.5108e-29	0	3.15544e-30	0	0	0	4.89094e-29	0	0	0	0	0	0	0	2.5108e-29	0	0	0	2.52435e-29	0	1.57772e-30	0
3.45743e-29	0	9.33075e-30	0	0	0	3.01986e-30	0	3.01986e-30	0	2.07569e-29	0	4.73317e-29	0	3.15544e-30	0	1.26218e-29	0	1.24862e-29	0	0	0	3.01986e-30	0	3.15544e-30	0	0	0	2.5108e-29	0	3.15544e-30	0	0	0	4.89094e-29	0	0	0	0	0	0	0	2.5108e-29	0	0	0	2.52435e-29	0	1.57772e-30	0
3.45743e-29	0	9.33075e-30	0	0	0	3.01986e-30	0	3.01986e-30	0	2.07569e-29	0	4.73317e-29	0	3.15544e-30	0	1.26218e-29	0	1.24862e-29	0	0	0	3.01986e-30	0	3.15544e-30	0	0	0	2.5108e-29	0	3.15544e-30	0	0	0	4.89094e-29	0	0	0	0	0	0	0	2.5108e-29	0	0	0	2.52435e-29	0	1.57772e-30	0
3.45743e-29	0	9.33075e-30	0	0	0	3.01986e-30	0	3.01986e-30	0	2.07569e-29	0	4.73317e-29	0	3.15544e-30	0	1.26218e-29	0	1.24862e-29	0	0	0	3.01986e-30	0	3.15544e-30	0	0	0	2.5108e-29	0	3.15544e-30	0	0	0	4.89094e-29	0	0	0	0	0	0	0	2.5108e-29	0	0	0	2.52435e-29	0	1.57772e-30	0
3.45743e-29	0	9.33075e-30	0	0	0	3.01986e-30	0	3.01986e-30	0	2.07569e-29	0	4.73317e-29	0	3.15544e-30	0	1.26218e-29	0	1.24862e-29	0	0	0	3.01986e-30	0	3.15544e-30	0	0	0	2.5108e-29	0	3.15544e-30	0	0	0	4.89094e-29	0	0	0	0	0	0	0	2.5108e-29	0	0	0	2.52435e-29	0	1.57772e-30	0
3.45743e-29	0	9.33075e-30	0	0	0	3.01986e-30	0	3.01986e-30	0	2.07569e-29	0	4.73317e-29	0	3.15544e-30	0	1.26218e-29	0	1.24862e-29	0	0	0	3.01986e-30	0	3.15544e-30	0	0	0	2.5108e-29	0	3.15544e-30	0	0	0	4.89094e-29	0	0	0	0	0	0	0	2.5108e-29	0	0	0	2.52435e-29	0	1.57772e-30	0
3.45743e-29	0	9.33075e-30	0	0	0	3.01986e-30	0	3.01986e-30	0	2.07569e-29	0	4.73317e-29	0	3.15544e-30	0	1.26218e-29	0	1.24862e-29	0	0	0	3.01986e-30	0	3.15544e-30	0	0	0	2.5108e-29	0	3.15544e-30	0	0	0	4.89094e-29	0	0	0	0	0	0	0	2.5108e-29	0	0	0	2.52435e-29	0	1.57772e-30	0
3.45743e-29	0	9.33075e-30	0	0	0	3.01986e-30	0	3.01986e-30	0	2.07569e-29	0	4.73317e-29	0	3.15544e-30	0	1.26218e-29	0	1.24862e-29	0	0	0	3.01986e-30	0	3.15544e-30	0	0	0	2.5108e-29	0	3.15544e-30	0	0	0	4.89094e-29	0	0	0	0	0	0	0	2.5108e-29	0	0	0	2.52435e-29	0	1.57772e-30	0
3.45743e-29	0	9.33075e-30	0	0	0	3.01986e-30	0	3.01986e-30	0	2.07569e-29	0	4.73317e-29	0	3.15544e-30	0	1.26218e-29	0	1.24862e-29	0	0	0	3.01986e-30	0	3.15544e-30	0	0	0	2.5108e-29	0	3.15544e-30	0	0	0	4.89094e-29	0	0	0	0	0	0	0	2.5108e-29	0	0	0	2.52435e-29	0	1.57772e-30	0
3.45743e-29	0	9.33075e-30	0	0	0	3.01986e-30	0	3.01986e-30	0	2.07569e-29	0	4.73317e-29	0	3.15544e-30	0	1.26218e-29	0	1.24862e-29	0	0	0	3.01986e-30	0	3.15544e-30	0	0	0	2.5108e-29	0	3.15544e-30	0	0	0	4.89094e-29	0	0	0	0	0	0	0	2.5108e-29	0	0	0	2.52435e-29	0	1.57772e-30	0
3.45743e-29	0	9.33075e-30	0	0	0	3.01986e-30	0	3.01986e-30	0	2.07569e-29	0	4.73317e-29	0	3.15544e-30	0	1.26218e-29	0	1.24862e-29	0	0	0	3.01986e-30	0	3.15544e-30	0	0	0	2.5108e-29	0	3.15544e-30	0	0	0	4.89094e-29	0	0	0	0	0	0	0	2.5108e-29	0	0	0	2.52435e-29	0	1.57772e-30	0
