52347.8	51052.8	70350	68829.6	61154.6	59803.1	73906.1	72421.2	52535.4	51238.9	67622.7	66200.6	62399.9	61108	63951	62651.2	65753.3	64302.3	52487.3	51177.5	60554.5	59148.4	58472.9	57167.8	62802.6	61412.8	60733.7	59383.4	62728.9	61345.5	64672.6	63224	48856.9	47614.1	77058.3	75563.8	65331.4	63879.3	56201.2	54766.5	47391.5	46187.9	64326.5	62950.9	69485	68074.4	62379.8	60981	62126	60824.8
51092	49786.8	48733.3	47485.8	47141.3	45864.5	47101	45813.3	51731.1	50501.4	46822.7	45519.6	42010.9	40751.8	45873.1	44627.8	39681.6	38458	52487.3	51177.5	47773.5	46509.7	40434.9	39177.9	50971.5	49622.3	49542.6	48245.6	53618.4	52207.3	44542.1	43392.5	45104.6	43949.2	47871.2	46515.7	41715.1	40533.7	46822.7	45478.4	47391.5	46187.9	38868.7	37699.5	47708.1	46397.9	49233.5	47960.6	46170.8	44904.6
40320.3	39040.9	42216.4	41011.2	47141.3	45864.5	46956.2	45664.5	40050.1	38836.2	39746	38518.8	38545.6	37267.9	43430.9	42205.3	39681.6	38458	37971.1	36800.3	44531.3	43254.8	36014.5	34852.4	39377.6	38175.5	36430.1	35292.7	46725.7	45479.1	33635.5	32539.5	38528.1	37249.1	47871.2	46515.7	41715.1	40533.7	41623.2	40493.1	44432.7	43244.7	38033.2	36829.5	45149.4	43965.8	47382.5	46122.1	46170.8	44904.6
40320.3	39040.9	37565.9	36357.9	40028	38844.1	42590.7	41324.4	33102	32082.6	39746	38518.8	38545.6	37267.9	38402.2	37192.4	31204.4	30152.4	24568.4	23553.8	42061.1	40823.3	36014.5	34852.4	33843.6	32796.4	34431.5	33283.7	34248.2	33190.8	33635.5	32539.5	38528.1	37249.1	39339.7	38107	38283.9	37164.9	41623.2	40493.1	35791.6	34605.7	38033.2	36829.5	28573.8	27559.5	40690.6	39450.6	34876.6	33723.9
40320.3	39040.9	29513.8	28507	23608.9	22566.6	38515.7	37398.1	33102	32082.6	38457.2	37267.9	32829.3	31776.5	36596.5	35337.8	29272.5	28195.8	24568.4	23553.8	31314.4	30273	36014.5	34852.4	33843.6	32796.4	28909.8	27845.9	26989	25988.5	33635.5	32539.5	38528.1	37249.1	38985.9	37802.5	33676.2	32623.9	32515.2	31478.8	29790.9	28670.5	38033.2	36829.5	28573.8	27559.5	30669.8	29605.2	34315	33211.8
26024.1	25034	27063.4	25982.6	23608.9	22566.6	30835.5	29646.9	33102	32082.6	32463.8	31340.8	32447.1	31360.1	30970.9	29911.5	26715	25752.2	24568.4	23553.8	30861.3	29742.8	28691.2	27516.5	33843.6	32796.4	28909.8	27845.9	20201	19285.5	33635.5	32539.5	35298.9	34252.5	26392.3	25328.5	26108.3	25107	29657.7	28655.1	28810.1	27747.1	32757.3	31623.4	26523.2	25445.6	29548.2	28519.1	34279.5	33278.5
23966.8	22938.2	27063.4	25982.6	23608.9	22566.6	30835.5	29646.9	29557.7	28520.2	19049.6	18160.7	23058.6	22059.5	28671.8	27664.1	20369.4	19451.8	24568.4	23553.8	28218	27241.6	27864.3	26912.3	24105.1	23197.1	28909.8	27845.9	20201	19285.5	17896.9	16955.6	25250	24309.2	26392.3	25328.5	24209.3	23236.2	28394.7	27435.7	27819.7	26777.8	22962	22003.1	24866.4	23917.3	29548.2	28519.1	26233.7	25126.1
23966.8	22938.2	27063.4	25982.6	22667.5	21642.9	23927.3	22891.9	27860.9	26859.9	19049.6	18160.7	23058.6	22059.5	21078.8	20092.6	20369.4	19451.8	24568.4	23553.8	26677.1	25726	17427.1	16561.5	24105.1	23197.1	24867.2	23835.8	20201	19285.5	17896.9	16955.6	25250	24309.2	26392.3	25328.5	24209.3	23236.2	22681.9	21717	21831.2	20795.9	22962	22003.1	18324.5	17412.9	29548.2	28519.1	26233.7	25126.1
23966.8	22938.2	25748.7	24695.5	22667.5	21642.9	23927.3	22891.9	23698	22672	19049.6	18160.7	15590.5	14735.9	16482.7	15543.9	20369.4	19451.8	24568.4	23553.8	21981.1	21050.7	17427.1	16561.5	24105.1	23197.1	24867.2	23835.8	20201	19285.5	17896.9	16955.6	24867.6	23758.9	22285.7	21268.3	23343.5	22455.8	20659.8	19769	21831.2	20795.9	19131.9	18240.4	18324.5	17412.9	29548.2	28519.1	26233.7	25126.1
21801.9	20880.5	25748.7	24695.5	20980	20036.9	19084	18150.1	19773.1	18835.1	19049.6	18160.7	15590.5	14735.9	13509	12716.6	20369.4	19451.8	19157	18212.7	19844.6	18888.4	17427.1	16561.5	21653.1	20769.5	21134.6	20198.1	20201	19285.5	17896.9	16955.6	21906.6	21038.4	21700.5	20751.2	23343.5	22455.8	15632.1	14800.5	21005.9	20086.3	17840.5	17026.5	15344.7	14463	17991.4	17093.3	23979.9	23069.9
20066	19237.1	16445.7	15589.7	20980	20036.9	19084	18150.1	19773.1	18835.1	19049.6	18160.7	15590.5	14735.9	13509	12716.6	18813	17788	19157	18212.7	19844.6	18888.4	17427.1	16561.5	21653.1	20769.5	17937.9	17026.5	20201	19285.5	17896.9	16955.6	20615.9	19675.4	21261.9	20326.6	17964.8	17029.3	15632.1	14800.5	18494	17561.3	17840.5	17026.5	15344.7	14463	15512.5	14657.1	23979.9	23069.9
17539	16647	12616.5	11871.1	16470.7	15542.1	17159.6	16269.5	15246	14374.5	18607.7	17744.9	14118.5	13246.5	13509	12716.6	18813	17788	13891.6	13034.8	14041.3	13290.6	17427.1	16561.5	16872.3	15989.7	17937.9	17026.5	17449.3	16638.1	17341.9	16429.3	14842.9	14002.4	21261.9	20326.6	16278.4	15378.9	15632.1	14800.5	18494	17561.3	17561.4	16748.9	15344.7	14463	15512.5	14657.1	14060.2	13294.5
17539	16647	12616.5	11871.1	16470.7	15542.1	17159.6	16269.5	15246	14374.5	18607.7	17744.9	14118.5	13246.5	13509	12716.6	11804.2	11058.2	12878.3	12134.2	14041.3	13290.6	17427.1	16561.5	16872.3	15989.7	15682.7	14765.8	14083.4	13281.3	17341.9	16429.3	14842.9	14002.4	16985.4	16080.2	16278.4	15378.9	15632.1	14800.5	18494	17561.3	17561.4	16748.9	13824.4	12950.2	14884	14061.1	14060.2	13294.5
17018.2	16032.4	12616.5	11871.1	13991.3	13162.4	15923.7	15114.6	15246	14374.5	18607.7	17744.9	14118.5	13246.5	11887.5	11102.4	11804.2	11058.2	12878.3	12134.2	14041.3	13290.6	17427.1	16561.5	16872.3	15989.7	15098.4	14225	14083.4	13281.3	14481.8	13706.6	14842.9	14002.4	16668.1	15858	13733.5	12888	15632.1	14800.5	16802.6	16008.4	17561.4	16748.9	13824.4	12950.2	14884	14061.1	14060.2	13294.5
15183.8	14309	12616.5	11871.1	10873	10172.8	15214.6	14455.9	15246	14374.5	15644.4	14846.2	12023.8	11263.3	11887.5	11102.4	11804.2	11058.2	12878.3	12134.2	14041.3	13290.6	12436.7	11671.6	16275.6	15389.4	15098.4	14225	14083.4	13281.3	14481.8	13706.6	14842.9	14002.4	15004.4	14198.4	10198.2	9444.29	14411.9	13590.8	10735.2	10053	15963.4	15157.9	13824.4	12950.2	12115.5	11304.5	14060.2	13294.5
14563.7	13779.3	12616.5	11871.1	10873	10172.8	14882.1	14079.7	15246	14374.5	15485.7	14651.1	12023.8	11263.3	11887.5	11102.4	11804.2	11058.2	12878.3	12134.2	13738.5	12955.4	12436.7	11671.6	14800.2	13999.9	10988.4	10260.9	13760.1	12914.6	12822.8	11968.6	14842.9	14002.4	14577.7	13705.1	10198.2	9444.29	14411.9	13590.8	10735.2	10053	12464.7	11637.8	12500.5	11713.4	12115.5	11304.5	14060.2	13294.5
8645.15	7928.25	10202.9	9390.13	10873	10172.8	14882.1	14079.7	15246	14374.5	11095.3	10283.1	12023.8	11263.3	11887.5	11102.4	10629.5	10014.2	12878.3	12134.2	13738.5	12955.4	12436.7	11671.6	14800.2	13999.9	10988.4	10260.9	13760.1	12914.6	12498.6	11721.2	10147.8	9403.13	14577.7	13705.1	10198.2	9444.29	14411.9	13590.8	10735.2	10053	12464.7	11637.8	12500.5	11713.4	12115.5	11304.5	12576.7	11720.6
8645.15	7928.25	10202.9	9390.13	10622.5	9821.78	14882.1	14079.7	13469.3	12730.5	11095.3	10283.1	11531.4	10698.5	11887.5	11102.4	9535.82	8828.36	9835.44	9112.11	11851.5	11106.3	12436.7	11671.6	9897.9	9123.53	9099.67	8364.85	11758.6	10924	10575.9	9823.75	9305.1	8567.43	14577.7	13705.1	10198.2	9444.29	9096.65	8401.54	10735.2	10053	12464.7	11637.8	12500.5	11713.4	9808.8	9033.81	12576.7	11720.6
8645.15	7928.25	10202.9	9390.13	10622.5	9821.78	11923.5	11235.4	9105.58	8341.89	11095.3	10283.1	11427.6	10671.4	11887.5	11102.4	9535.82	8828.36	9835.44	9112.11	8166.98	7567.95	12436.7	11671.6	9897.9	9123.53	9099.67	8364.85	11758.6	10924	10575.9	9823.75	9305.1	8567.43	14453	13611.1	10198.2	9444.29	9096.65	8401.54	10735.2	10053	10881.6	10113.1	10334	9590.27	9808.8	9033.81	8428.45	7726.37
8645.15	7928.25	9296.07	8531.13	8278.54	7579.68	11923.5	11235.4	9105.58	8341.89	10310.9	9549.66	11427.6	10671.4	11566.7	10807.3	8240.31	7503.34	9835.44	9112.11	8166.98	7567.95	9422.86	8623.81	6083.09	5484.03	9099.67	8364.85	9272.46	8570.56	7030.74	6376.34	5941.65	5300.59	10995.5	10328.9	7076.01	6373.56	9096.65	8401.54	7618.9	6996.47	10881.6	10113.1	10334	9590.27	6876.86	6166.92	8428.45	7726.37
8645.15	7928.25	7164.46	6502.63	8278.54	7579.68	11391.2	10635.7	9105.58	8341.89	10310.9	9549.66	11007.7	10319.5	8783.16	8129.19	7064.24	6371.97	9835.44	9112.11	8166.98	7567.95	8963.6	8226.63	6083.09	5484.03	9099.67	8364.85	8700.44	7943.37	7030.74	6376.34	5941.65	5300.59	10165.3	9426.43	7076.01	6373.56	9096.65	8401.54	7618.9	6996.47	10881.6	10113.1	8971.69	8231.52	6876.86	6166.92	8428.45	7726.37
7254.99	6576.64	7164.46	6502.63	5535.69	4968.37	7050.69	6321.88	9105.58	8341.89	9085.6	8343.65	10817.2	10014.1	8783.16	8129.19	7064.24	6371.97	8331.43	7662.07	8166.98	7567.95	8963.6	8226.63	6083.09	5484.03	5122.78	4559.48	8700.44	7943.37	5036.62	4431.66	5941.65	5300.59	9797.08	9097	7076.01	6373.56	9060.47	8364.6	7618.9	6996.47	10881.6	10113.1	7562.35	6878.91	6876.86	6166.92	8428.45	7726.37
7254.99	6576.64	7164.46	6502.63	5535.69	4968.37	7050.69	6321.88	8535.83	7810.36	9085.6	8343.65	7817.61	7124.51	8714.42	7961.43	5498.19	4745.56	8331.43	7662.07	8166.98	7567.95	8963.6	8226.63	6083.09	5484.03	5122.78	4559.48	6259.49	5599.51	5036.62	4431.66	5941.65	5300.59	9797.08	9097	7076.01	6373.56	6975.83	6311.4	6414.27	5767.33	9553.33	8857.87	6034.57	5408.05	6876.86	6166.92	8428.45	7726.37
7254.99	6576.64	7164.46	6502.63	5535.69	4968.37	7050.69	6321.88	7366.02	6645.28	7094.38	6445.15	7817.61	7124.51	8238.61	7560.73	5498.19	4745.56	7456.28	6813.06	7749.94	7106.23	8808.39	8177.87	5807.21	5169.27	5122.78	4559.48	6259.49	5599.51	4687.95	4128.6	4798.59	4180.02	9797.08	9097	7076.01	6373.56	6975.83	6311.4	6414.27	5767.33	9553.33	8857.87	6034.57	5408.05	6876.86	6166.92	8428.45	7726.37
7254.99	6576.64	7164.46	6502.63	3344.74	2802.03	7050.69	6321.88	6124.81	5516.96	6719.76	6127.87	7817.61	7124.51	8238.61	7560.73	5257.06	4689.77	7456.28	6813.06	7073.5	6445.61	5408.95	4814.79	5807.21	5169.27	5122.78	4559.48	6003.44	5381.77	4494.35	3962.61	4798.59	4180.02	7104.26	6395.96	7076.01	6373.56	6737.33	6079.4	6414.27	5767.33	7017.55	6289.7	6034.57	5408.05	6029.18	5405.83	7348.09	6705.41
6002.95	5341.31	5043.24	4522.65	3344.74	2802.03	7050.69	6321.88	6124.81	5516.96	6428.66	5798.75	7130.96	6416.69	7423	6751.75	5257.06	4689.77	7456.28	6813.06	6162.29	5449.19	5408.95	4814.79	4847.06	4306.77	4336.13	3793.5	5606.2	5045.96	3341.38	2814.05	3916.43	3375.66	5552.1	4888.1	5530.23	4983.24	6737.33	6079.4	4575.86	4003.52	6132.26	5506.94	5407.97	4819.18	5684.33	5061.75	5134.88	4552.94
6002.95	5341.31	5043.24	4522.65	3344.74	2802.03	7050.69	6321.88	4669.57	4069.18	6268.21	5690.44	6318.68	5627.71	7423	6751.75	3064.83	2529.74	6294.08	5628.61	4905.99	4323.84	5408.95	4814.79	4761.36	4152.02	4336.13	3793.5	3990.75	3412.73	3341.38	2814.05	3916.43	3375.66	5489.11	4877.99	5530.23	4983.24	6540.81	5909.89	4575.86	4003.52	5012.87	4454.43	5407.97	4819.18	4971.19	4347.69	5134.88	4552.94
4220.47	3704.55	5043.24	4522.65	3344.74	2802.03	6211.18	5572.49	4669.57	4069.18	5541.8	4903.01	6242.3	5625.49	7170.74	6503.09	3064.83	2529.74	6156.66	5489.11	4905.99	4323.84	5408.95	4814.79	4199.59	3598.43	2934.03	2423.03	3990.75	3412.73	3341.38	2814.05	3028.32	2479.24	5415.05	4773.77	5530.23	4983.24	6162.95	5553.03	4575.86	4003.52	5012.87	4454.43	4822.81	4198.24	3591.62	3019.21	4140.96	3506.72
4220.47	3704.55	4311.82	3747.24	3344.74	2802.03	4147.91	3523.7	4597.26	4035.42	5541.8	4903.01	4713.89	4145.56	4744.79	4114.87	3064.83	2529.74	6156.66	5489.11	4125.67	3496.73	4821.65	4188.14	3307.44	2780.38	2934.03	2423.03	3298.14	2784.84	2924.52	2417.1	2806.78	2253.31	4582.31	4002.19	5543.95	4952.35	5821.08	5165.99	4513	3914.91	4715.66	4139.98	4822.81	4198.24	3284.43	2679.15	4140.96	3506.72
4220.47	3704.55	3535.13	2941.33	3268.25	2726.93	4147.91	3523.7	4247.67	3700.78	5541.8	4903.01	3907.33	3344.79	4744.79	4114.87	3064.83	2529.74	5737.78	5085.72	4125.67	3496.73	4821.65	4188.14	2428.16	1924.25	2874.13	2348.35	3130.9	2564.59	2924.52	2417.1	2393.45	1882.26	3556.44	2992.95	4243.15	3693.18	5189.47	4511.43	3536.2	3007.01	2847.11	2383.01	4305.75	3757.29	3057.99	2520.64	3758.42	3195.82
4124.63	3517.08	3535.13	2941.33	3268.25	2726.93	4007.97	3467.62	3400.96	2836.09	4572.38	4014.45	3907.33	3344.79	4744.79	4114.87	3064.83	2529.74	5671.91	5110.48	2981.67	2513.77	4821.65	4188.14	2428.16	1924.25	2874.13	2348.35	2131.71	1649.38	2218.64	1697.71	2393.45	1882.26	3330.53	2737.28	3608.04	3060.96	5189.47	4511.43	3536.2	3007.01	2637.39	2142.96	4118.91	3526.7	2478.61	2032.47	3452.32	2857.09
2876.05	2298.11	3535.13	2941.33	3021.98	2514.8	2968.41	2407.22	3400.96	2836.09	2905.42	2308.61	3275.36	2679.48	4744.79	4114.87	3064.83	2529.74	4663.59	4139.3	2491.68	1945.8	4821.65	4188.14	2428.16	1924.25	2874.13	2348.35	2131.71	1649.38	2218.64	1697.71	2034.5	1598.82	3330.53	2737.28	3528.37	3020.22	2709.67	2207.98	3091.19	2565.96	2469.96	1950.77	3158.23	2583.77	2303.43	1811	2876.11	2374.89
2876.05	2298.11	3471.53	2909.31	3021.98	2514.8	2852.75	2292.2	3044.69	2532.47	2905.42	2308.61	3275.36	2679.48	4391.74	3801.58	2698.9	2173.38	3464.99	2949.58	2491.68	1945.8	4505.74	3939.21	1540.71	1023.03	2874.13	2348.35	2131.71	1649.38	2218.64	1697.71	1752.68	1286.47	3330.53	2737.28	3528.37	3020.22	2709.67	2207.98	2510.97	2032.07	2469.96	1950.77	1972.7	1527.2	1454.08	1048.05	2069.61	1618.06
2788.02	2250.01	2670.77	2123.31	2186.94	1685.01	2852.75	2292.2	2668.49	2230.21	2905.42	2308.61	3275.36	2679.48	4167.77	3539.58	2698.9	2173.38	2575.9	2053.69	2491.68	1945.8	4505.74	3939.21	1540.71	1023.03	2874.13	2348.35	2131.71	1649.38	2218.64	1697.71	1752.68	1286.47	3330.53	2737.28	2773.56	2264.6	2709.67	2207.98	2324.85	1831.06	2469.96	1950.77	1972.7	1527.2	1454.08	1048.05	2069.61	1618.06
2626.25	2114.12	2670.77	2123.31	2186.94	1685.01	2339.41	1835.63	2483.43	2003.48	2905.42	2308.61	2884.36	2424.42	2473.31	1953.37	1942.59	1493.47	2575.9	2053.69	1801.74	1277.07	4053.63	3402.1	1540.71	1023.03	2874.13	2348.35	2131.71	1649.38	1536.71	1094.35	1752.68	1286.47	2575.39	2035.22	2592.57	2151.1	2709.67	2207.98	2324.85	1831.06	2469.96	1950.77	1972.7	1527.2	1462.77	1004.95	1863.63	1377.15
2216.29	1733.98	2670.77	2123.31	1280.6	902.849	2254.44	1813.68	2194.01	1760.46	2905.42	2308.61	2884.36	2424.42	2473.31	1953.37	1942.59	1493.47	2575.9	2053.69	1801.74	1277.07	3883.18	3321.1	1137.47	703.254	2488.15	2062.71	2131.71	1649.38	1536.71	1094.35	1752.68	1286.47	2575.39	2035.22	2205.87	1746.6	2709.67	2207.98	1771.03	1392.9	2469.96	1950.77	1972.7	1527.2	1462.77	1004.95	1392.17	961.701
2232.93	1706.7	2670.77	2123.31	1280.6	902.849	2205.49	1726.87	2021.6	1618.81	2905.42	2308.61	2884.36	2424.42	2473.31	1953.37	1894.72	1429.4	2575.9	2053.69	1801.74	1277.07	3883.18	3321.1	1137.47	703.254	1711.44	1172.04	1962.86	1428.58	1536.71	1094.35	1752.68	1286.47	2575.39	2035.22	2026.04	1587.53	2709.67	2207.98	1849.55	1368.13	2469.96	1950.77	1972.7	1527.2	1462.77	1004.95	1392.17	961.701
1902.65	1437.9	1829.28	1345.83	1280.6	902.849	1991.2	1523.68	1499.99	1115.38	2905.42	2308.61	2340.56	1848.45	2473.31	1953.37	1589.01	1057.86	2115.23	1604.27	1801.74	1277.07	2801.5	2293.75	1137.47	703.254	1711.44	1172.04	1501.13	1115.29	1536.71	1094.35	1741.91	1253.65	2474.89	1967.85	1481.98	1013.15	2709.67	2207.98	1632.85	1198.3	2359.73	1792.6	1917.49	1397.37	1462.77	1004.95	1140.78	740.823
1902.65	1437.9	1829.28	1345.83	1280.6	902.849	1798.27	1290.63	1499.99	1115.38	2448.73	1967.53	2198.82	1726.49	2473.31	1953.37	1589.01	1057.86	2115.23	1604.27	1801.74	1277.07	2860.33	2276.36	1137.47	703.254	1711.44	1172.04	1501.13	1115.29	1536.71	1094.35	1363.58	957.371	2474.89	1967.85	1481.98	1013.15	2766.18	2189.44	1609.73	1118.1	2281.12	1768.43	1617.09	1162.59	1434.29	978.129	1140.78	740.823
1896.41	1413.27	1829.28	1345.83	1280.6	902.849	1798.27	1290.63	1547.54	1045.93	2176.03	1695.03	2263.93	1745.84	2473.31	1953.37	1205.14	770.036	2024.82	1547.67	1801.74	1277.07	2466.91	1937.53	1049.19	592.061	1576.24	1122.65	1501.13	1115.29	1536.71	1094.35	1076.63	733.653	2474.89	1967.85	1260.49	867.151	2113.44	1592.66	1357.65	952.231	1444.36	973.795	1641.29	1174.84	1335.03	861.45	1140.78	740.823
1472.36	1080.84	1536.28	1054.68	1078.69	758.251	1735.18	1200.35	1317.35	884.793	1863.51	1456.4	2101.86	1632.54	2473.31	1953.37	1205.14	770.036	1681.69	1229.12	1801.74	1277.07	1838.08	1356.51	1049.19	592.061	1576.24	1122.65	1394.44	1041.89	1461.55	949.178	1076.63	733.653	2263.53	1749.45	1260.49	867.151	1738.63	1326.32	1271.12	860.018	1444.36	973.795	1372.74	877.564	1188.49	750.641	1140.78	740.823
1481.88	971.6	1536.28	1054.68	1078.69	758.251	1571.58	1099.43	1317.35	884.793	1619.44	1068.88	1954.49	1408.4	2028.38	1525.1	1033.76	589.236	1276.14	804.533	1801.74	1277.07	1633.45	1185.55	1049.19	592.061	1576.24	1122.65	1208.85	786.042	1236.15	814.83	1075.2	664.377	1311.76	857.776	1260.49	867.151	1738.63	1326.32	1190.07	762.372	1444.36	973.795	1372.74	877.564	1188.49	750.641	1114.44	699.513
1481.88	971.6	1536.28	1054.68	1064.36	636.315	1274.12	852.754	1317.35	884.793	1168.82	709.903	1696.87	1188.42	1494.87	1004.82	1033.76	589.236	1276.14	804.533	1779.9	1257.4	1508.66	1016.73	1049.19	592.061	1271.6	859.974	1208.85	786.042	932.979	502.509	1075.2	664.377	1311.76	857.776	1260.49	867.151	1658.07	1217	1117.45	772.26	1121.34	744.239	1029.66	559.188	1228.33	720.879	940.753	550.486
1481.88	971.6	1503.91	1036.22	1056.62	609.368	1186.26	697.063	1197.98	764.048	1187.16	711.654	1658.55	1149.37	1494.87	1004.82	893.713	492.148	1224.61	793.61	1659.93	1185	1131.65	665.122	990.581	539.619	1271.6	859.974	1208.85	786.042	932.979	502.509	997.154	597.201	1160.13	711.633	1174.4	774.507	1398.48	971.574	1117.45	772.26	1121.34	744.239	830.824	425.423	954.927	526.671	722.978	292.397
1172.66	673.022	1278.56	773.982	678.301	321.496	892.617	466.582	1080.06	645.509	961.094	579.54	1658.55	1149.37	1494.87	1004.82	850.71	403.381	861.281	469.022	1612.76	1142.11	1094.01	643.278	926.357	472.365	1153.57	779.384	1208.85	786.042	911.31	482.043	664.219	290.256	1160.13	711.633	1045.65	613.239	1378.11	948.084	873.214	489.613	1148.43	711.911	846.019	399.214	662.862	321.881	722.978	292.397
1172.66	673.022	1278.56	773.982	678.301	321.496	892.617	466.582	1080.06	645.509	961.094	579.54	703.641	332.865	1289.71	905.937	850.71	403.381	861.281	469.022	1036.46	609.772	1094.01	643.278	573.271	293.53	1105.93	731.944	1212.18	770.242	731.444	289.705	664.219	290.256	1160.13	711.633	930.041	529.743	1081.62	657.512	873.214	489.613	1148.43	711.911	846.019	399.214	662.862	321.881	722.978	292.397
1172.66	673.022	939.074	569.878	678.301	321.496	892.617	466.582	1083.12	617.582	976.376	558.227	703.641	332.865	1289.71	905.937	850.71	403.381	860.755	419.491	1036.46	609.772	1094.01	643.278	573.271	293.53	893.485	538.534	1032.51	617.354	652.942	287.923	664.219	290.256	1023.31	589.841	830.611	390.609	979.165	578.669	813.8	447.727	1148.43	711.911	846.019	399.214	662.862	321.881	722.978	292.397
1021.45	606.293	924.071	482.911	668.932	269.919	892.617	466.582	790.656	449.113	889.273	481.093	703.641	332.865	1289.71	905.937	710.126	269.974	860.755	419.491	858.293	476.661	966.919	593.335	573.271	293.53	895.993	527.652	1032.51	617.354	559.651	238.832	640.879	275.198	1023.31	589.841	830.611	390.609	734.624	346.142	813.8	447.727	1051.01	612.289	846.019	399.214	662.862	321.881	722.978	292.397
842.093	470.411	924.071	482.911	668.932	269.919	840.599	390.567	790.656	449.113	889.273	481.093	703.641	332.865	1231.21	820.57	710.126	269.974	687.281	314.419	858.293	476.661	966.919	593.335	642.289	251.64	873.232	476.402	1033.82	619.993	559.651	238.832	572.589	180.338	1025.04	597.313	830.611	390.609	734.624	346.142	792.155	402.935	1054.47	607.249	846.019	399.214	662.862	321.881	592.186	292.581
842.093	470.411	924.071	482.911	668.932	269.919	729.448	387.858	790.656	449.113	889.273	481.093	703.641	332.865	1231.21	820.57	710.126	269.974	687.281	314.419	888.546	434.784	966.919	593.335	642.289	251.64	873.232	476.402	1013.88	590.346	559.651	238.832	572.589	180.338	758.707	403.205	830.611	390.609	698.085	311.344	763.069	364.587	926.288	529.981	846.019	399.214	548.998	179.644	592.186	292.581
842.093	470.411	601.105	245.146	668.932	269.919	834.697	358.909	790.656	449.113	659.985	332.363	703.641	332.865	1149.51	726.846	710.126	269.974	545.605	175.544	888.546	434.784	966.919	593.335	510.572	161.722	789.157	363.398	1013.88	590.346	547.569	193.264	572.589	180.338	758.707	403.205	671.709	274.527	698.085	311.344	763.069	364.587	777.132	373.167	747.167	345.111	548.998	179.644	592.186	292.581
842.093	470.411	601.105	245.146	615.233	269.597	654.181	280.411	578.103	204.925	659.985	332.363	613.19	245.002	1149.51	726.846	710.126	269.974	545.605	175.544	744.106	351.035	751.047	384.834	510.572	161.722	618.4	253.833	823.77	435.473	519.77	184.463	572.589	180.338	758.707	403.205	671.709	274.527	698.085	311.344	513.814	222.415	777.132	373.167	747.167	345.111	548.998	179.644	627.945	224.842
834.16	379.328	613.576	228.351	583.355	192.455	654.181	280.411	578.103	204.925	588.411	196.108	613.19	245.002	811.939	455.801	710.126	269.974	545.605	175.544	744.106	351.035	751.047	384.834	572.39	149.451	618.4	253.833	823.77	435.473	519.77	184.463	507.206	136.869	754.583	375.888	564.695	202.003	698.085	311.344	513.814	222.415	777.132	373.167	726.073	280.934	548.998	179.644	594.018	220.96
651.482	247.377	613.576	228.351	583.355	192.455	652.779	250.411	526.42	157.371	588.411	196.108	546.905	181.697	811.939	455.801	596.776	224.469	545.605	175.544	744.106	351.035	751.047	384.834	572.39	149.451	618.4	253.833	823.77	435.473	519.77	184.463	507.206	136.869	697.205	325.754	641.496	173.57	605.861	242.583	513.814	222.415	651.219	303.858	726.073	280.934	518.214	150.417	469.046	172.429
651.482	247.377	518.887	181.658	583.355	192.455	537.974	179.784	526.42	157.371	522.13	197.134	546.905	181.697	811.939	455.801	596.776	224.469	545.605	175.544	744.106	351.035	750.151	344.759	411.434	106.942	500.143	154.585	822.692	429.535	519.77	184.463	457.048	105.131	697.205	325.754	457.561	120.055	605.861	242.583	641.294	175.316	517.514	248.979	642.143	227.558	518.214	150.417	469.046	172.429
534.574	174.669	519.426	120.695	583.355	192.455	537.974	179.784	566.262	137.155	522.13	197.134	518.44	149.291	811.939	455.801	501.356	165.205	545.605	175.544	575.395	234.943	609.121	250.903	411.434	106.942	500.143	154.585	734.553	309.494	489.522	140.217	425.478	84.5732	685.426	300.931	457.561	120.055	613.791	239.378	484.431	133.043	622.947	249.958	642.143	227.558	518.214	150.417	453.15	78.1153
510.02	165.164	468.765	113.946	518.295	121.556	476.904	115.792	566.262	137.155	491.321	180.223	518.44	149.291	811.939	455.801	501.356	165.205	555.618	156.305	575.395	234.943	609.121	250.903	397.286	97.0355	516.793	134.797	734.553	309.494	444.904	118.771	425.478	84.5732	685.426	300.931	436.783	102.195	621.054	200.477	344.794	58.3861	622.947	249.958	561.117	146.749	518.214	150.417	453.15	78.1153
510.02	165.164	468.765	113.946	518.295	121.556	476.904	115.792	483.462	137.895	491.321	180.223	518.44	149.291	811.939	455.801	469.957	125.091	555.618	156.305	581.845	186.108	519.129	159.901	397.286	97.0355	479.259	131.086	570.961	208.354	444.904	118.771	425.478	84.5732	668.671	228.513	436.783	102.195	643.196	196.434	344.794	58.3861	515.393	151.195	561.117	146.749	439.257	116.748	453.15	78.1153
508.544	103.121	477.458	113.208	441.267	78.5457	476.904	115.792	483.462	137.895	504.495	98.5064	518.44	149.291	774.787	397.616	469.957	125.091	584.468	131.136	468.287	145.414	519.129	159.901	459.306	93.0056	486.418	100.443	528.763	188.392	422.751	95.5375	332.786	69.647	668.671	228.513	436.783	102.195	643.196	196.434	344.794	58.3861	515.393	151.195	543.164	138.608	439.257	116.748	453.15	78.1153
508.544	103.121	477.458	113.208	441.267	78.5457	476.904	115.792	517.376	104.89	504.495	98.5064	518.44	149.291	774.787	397.616	409.048	105.049	584.468	131.136	468.287	145.414	462.716	125.405	459.306	93.0056	486.418	100.443	591.451	142.68	422.751	95.5375	332.786	69.647	438.531	134.94	436.783	102.195	471.904	124.099	344.794	58.3861	503.879	137.778	543.164	138.608	398.964	53.1897	432.836	79.5839
450.447	78.2024	404.258	101.13	441.267	78.5457	466.608	116.684	517.376	104.89	473.038	95.5455	326.816	75.6847	661.54	335.991	348.042	57.6875	445.506	90.7865	468.287	145.414	462.716	125.405	292.909	43.4736	363.185	85.4685	509.785	106.731	377.292	51.7984	389.832	33.5653	485.921	119.663	436.783	102.195	471.904	124.099	344.794	58.3861	503.879	137.778	501.723	121.591	398.964	53.1897	375.427	75.0875
450.447	78.2024	404.258	101.13	441.267	78.5457	466.608	116.684	517.376	104.89	473.038	95.5455	326.816	75.6847	804.636	308.061	348.042	57.6875	472.256	95.567	468.287	145.414	462.716	125.405	292.909	43.4736	363.185	85.4685	509.785	106.731	377.292	51.7984	389.832	33.5653	474.631	85.839	436.783	102.195	471.904	124.099	344.794	58.3861	448.655	105.408	501.723	121.591	386.661	55.0947	375.427	75.0875
366.496	35.8773	390.081	80.4934	403.73	60.9403	421.906	71.1278	517.376	104.89	473.038	95.5455	326.816	75.6847	476.949	136.075	348.042	57.6875	407.341	87.5939	530.864	145.706	462.716	125.405	365.772	39.0804	394.376	48.4115	509.785	106.731	383.533	50.8723	389.832	33.5653	474.631	85.839	436.783	102.195	471.904	124.099	428.676	48.3923	445.378	73.149	445.005	107.141	386.661	55.0947	375.427	75.0875
366.496	35.8773	409.972	70.401	403.73	60.9403	421.906	71.1278	452.198	68.1932	421.888	86.2497	326.816	75.6847	476.949	136.075	348.042	57.6875	447.717	80.4108	555.981	119.589	487.751	111.567	365.772	39.0804	394.376	48.4115	509.785	106.731	342.834	40.6398	389.832	33.5653	474.631	85.839	436.783	102.195	524.988	126.085	428.676	48.3923	445.378	73.149	445.005	107.141	416.861	39.4084	375.427	75.0875
366.496	35.8773	433.34	55.3729	403.159	42.0278	413.201	50.7674	452.198	68.1932	454.413	80.6872	326.816	75.6847	476.949	136.075	348.042	57.6875	439.132	63.9818	442.375	84.8275	487.751	111.567	370.311	25.3009	448.928	46.8444	509.785	106.731	330.765	28.9788	389.832	33.5653	474.631	85.839	368.499	60.8136	524.988	126.085	411.456	34.1156	445.378	73.149	423.831	90.6391	416.861	39.4084	482.936	76.8558
366.496	35.8773	433.34	55.3729	403.159	42.0278	388.639	28.5092	419.666	60.2165	454.413	80.6872	326.816	75.6847	476.949	136.075	397.981	37.8498	439.132	63.9818	442.375	84.8275	399.653	85.4709	370.311	25.3009	448.928	46.8444	391.255	57.4949	367.34	26.6221	374.008	30.5558	416.482	81.2464	368.499	60.8136	497.447	103.593	411.456	34.1156	290.385	55.5427	383.076	83.7345	348.739	31.7332	394.99	68.4219
366.496	35.8773	433.34	55.3729	414.708	43.6018	388.639	28.5092	361.56	44.5027	411.001	48.4257	421.725	72.6918	476.949	136.075	397.981	37.8498	400.708	35.2817	425.113	79.0208	399.653	85.4709	267.598	7.17118	448.928	46.8444	391.255	57.4949	367.34	26.6221	340.617	19.0786	416.482	81.2464	368.499	60.8136	497.447	103.593	411.456	34.1156	290.385	55.5427	400.608	56.4111	348.739	31.7332	394.799	36.0621
366.496	35.8773	433.34	55.3729	365.794	40.6997	395.506	31.3146	368.92	33.7388	411.001	48.4257	324.153	58.8502	476.949	136.075	362.84	36.654	400.708	35.2817	425.113	79.0208	400.817	69.4796	267.598	7.17118	448.928	46.8444	391.255	57.4949	367.34	26.6221	340.617	19.0786	407.494	39.6889	368.499	60.8136	480.078	96.0033	386.251	33.2075	408.529	51.9195	410.839	40.5116	348.739	31.7332	394.799	36.0621
366.496	35.8773	369.734	38.2684	366.712	30.3636	344.625	24.3377	375.898	30.7768	388.588	51.7783	324.153	58.8502	476.949	136.075	362.84	36.654	415.565	32.6368	430.639	66.1902	408.026	48.2717	267.598	7.17118	448.928	46.8444	391.255	57.4949	400.432	15.9813	340.617	19.0786	407.494	39.6889	368.499	60.8136	380.312	59.2298	406.295	15.3448	409.485	45.4066	410.839	40.5116	348.739	31.7332	394.799	36.0621
364.299	32.1693	369.734	38.2684	366.712	30.3636	344.625	24.3377	375.898	30.7768	388.588	51.7783	480.142	44.6249	461.188	125.941	281.748	33.999	415.565	32.6368	385.269	34.7021	408.026	48.2717	267.598	7.17118	356.649	43.4868	313.364	42.4921	400.432	15.9813	340.617	19.0786	407.494	39.6889	408.813	39.1653	380.312	59.2298	406.295	15.3448	431.928	25.8012	410.839	40.5116	348.739	31.7332	394.799	36.0621
422.976	25.2409	399.39	33.0685	366.712	30.3636	344.625	24.3377	384.414	26.5388	430.184	52.752	480.142	44.6249	431.887	93.2675	363.163	21.8792	415.565	32.6368	385.269	34.7021	408.026	48.2717	267.598	7.17118	385.792	39.7818	313.364	42.4921	400.432	15.9813	340.617	19.0786	407.494	39.6889	408.813	39.1653	380.312	59.2298	406.295	15.3448	350.182	24.0982	410.839	40.5116	390.147	28.6122	347.472	29.8823
336.303	12.5359	437.866	21.3908	326.211	15.884	348.771	20.4746	352.202	21.4795	430.184	52.752	480.142	44.6249	432.176	93.1228	343.253	18.6774	342.923	33.6523	385.269	34.7021	408.026	48.2717	267.598	7.17118	356.543	24.1671	313.364	42.4921	297.924	15.3935	340.617	19.0786	407.494	39.6889	375.695	34.7534	380.312	59.2298	406.295	15.3448	350.182	24.0982	344.998	26.4905	403.466	18.4498	261.221	30.8367
336.303	12.5359	437.866	21.3908	326.211	15.884	348.771	20.4746	352.202	21.4795	430.184	52.752	382.463	39.1308	379.936	58.0734	343.253	18.6774	342.923	33.6523	385.269	34.7021	429.418	44.599	267.598	7.17118	356.543	24.1671	313.364	42.4921	342.351	15.0621	348.789	15.3942	325.134	32.6453	396.421	38.4269	400.699	46.7249	406.295	15.3448	350.182	24.0982	344.998	26.4905	403.466	18.4498	349.779	24.7568
336.901	13.3735	437.866	21.3908	326.211	15.884	348.771	20.4746	352.202	21.4795	338.127	32.0095	382.463	39.1308	415.964	50.8779	343.253	18.6774	333.684	29.0589	385.269	34.7021	429.418	44.599	267.598	7.17118	368.514	23.4467	395.677	42.4481	342.351	15.0621	348.789	15.3942	306.332	25.0778	356.624	30.4845	324.071	47.8836	406.295	15.3448	350.182	24.0982	344.998	26.4905	403.466	18.4498	331.303	16.6969
336.901	13.3735	361.829	11.7646	376.039	10.8875	351.237	10.3688	272.271	14.3548	338.127	32.0095	356.703	34.9934	337.871	40.9208	305.431	5.28353	357.151	21.8057	373.357	27.8341	356.066	27.5613	314.584	4.30733	368.514	23.4467	361.308	17.341	338.113	12.4942	348.789	15.3942	306.332	25.0778	415.557	26.4061	395.963	33.2399	406.295	15.3448	350.182	24.0982	337.153	24.7407	401.041	12.7429	332.388	13.7945
336.901	13.3735	307.701	9.18836	376.039	10.8875	351.237	10.3688	272.271	14.3548	298.431	10.7989	399.035	21.4473	337.871	40.9208	305.431	5.28353	357.151	21.8057	373.357	27.8341	374.677	26.0185	314.584	4.30733	368.514	23.4467	361.308	17.341	333.878	9.63728	348.789	15.3942	299.769	14.4174	292.468	18.7129	395.963	33.2399	406.295	15.3448	350.182	24.0982	337.153	24.7407	401.041	12.7429	332.388	13.7945
336.901	13.3735	307.701	9.18836	341.637	7.56542	351.237	10.3688	272.271	14.3548	298.431	10.7989	372.359	21.374	382.577	25.9031	305.431	5.28353	357.151	21.8057	346.161	23.703	374.677	26.0185	314.584	4.30733	368.514	23.4467	337.352	13.8787	350.845	3.97577	307.915	8.71595	299.769	14.4174	292.468	18.7129	395.963	33.2399	406.295	15.3448	344.643	24.1339	337.153	24.7407	302.07	6.64785	332.388	13.7945
342.362	9.82498	307.701	9.18836	281.104	0.925529	351.237	10.3688	272.271	14.3548	298.431	10.7989	372.359	21.374	382.577	25.9031	305.431	5.28353	357.151	21.8057	330.708	10.812	374.677	26.0185	314.584	4.30733	381.46	12.8195	337.352	13.8787	350.845	3.97577	307.915	8.71595	299.769	14.4174	364.608	9.36939	373.333	31.6398	406.295	15.3448	344.643	24.1339	384.805	17.5094	302.07	6.64785	332.388	13.7945
342.362	9.82498	307.701	9.18836	281.104	0.925529	351.237	10.3688	272.271	14.3548	342.13	8.91535	372.359	21.374	382.577	25.9031	305.431	5.28353	357.151	21.8057	330.708	10.812	337.485	22.5074	363.904	0.347209	341.14	10.0602	337.352	13.8787	350.845	3.97577	389.221	1.59659	299.769	14.4174	364.608	9.36939	360.58	22.3089	406.295	15.3448	416.623	19.0637	384.805	17.5094	300.565	3.9301	335.442	9.31993
342.362	9.82498	368.081	9.96525	276.873	0	351.237	10.3688	355.958	13.2178	276.998	5.71125	310.44	13.5966	375.413	24.8933	305.431	5.28353	382.199	16.2141	330.708	10.812	337.485	22.5074	363.904	0.347209	332.685	11.4103	337.352	13.8787	350.845	3.97577	389.221	1.59659	299.769	14.4174	364.608	9.36939	360.58	22.3089	413.256	10.4699	390.11	11.8357	331.574	7.70462	300.565	3.9301	335.442	9.31993
342.362	9.82498	332.888	8.96712	276.873	0	351.237	10.3688	286.395	5.21476	276.998	5.71125	331.15	9.36442	375.413	24.8933	305.431	5.28353	277.317	8.98463	330.708	10.812	329.007	14.05	363.904	0.347209	332.685	11.4103	337.352	13.8787	350.845	3.97577	389.221	1.59659	299.769	14.4174	364.608	9.36939	360.58	22.3089	413.256	10.4699	390.11	11.8357	331.574	7.70462	335	1.54801	335.442	9.31993
398.084	8.15301	332.888	8.96712	276.873	0	416.751	0.144305	286.395	5.21476	276.998	5.71125	331.15	9.36442	342.471	11.9193	305.431	5.28353	381.471	8.40955	330.708	10.812	329.007	14.05	363.904	0.347209	337.3	1.74006	337.352	13.8787	350.845	3.97577	389.221	1.59659	299.769	14.4174	335.532	10.7851	360.58	22.3089	320.278	4.56598	380.827	2.04335	280.044	5.07842	335	1.54801	335.442	9.31993
398.084	8.15301	332.888	8.96712	276.873	0	416.751	0.144305	286.395	5.21476	276.998	5.71125	331.15	9.36442	342.471	11.9193	305.431	5.28353	362.565	4.46752	330.708	10.812	329.007	14.05	363.904	0.347209	337.3	1.74006	349.713	11.3353	350.845	3.97577	362.204	1.46915	309.233	8.59593	278.332	7.93838	261.479	9.45427	320.278	4.56598	380.827	2.04335	280.044	5.07842	335	1.54801	289.584	6.08665
321.942	7.82834	332.888	8.96712	276.873	0	382.531	0.00644809	286.395	5.21476	276.998	5.71125	331.15	9.36442	233.097	11.8068	305.431	5.28353	362.565	4.46752	300.738	7.75677	374.638	8.84912	363.904	0.347209	337.3	1.74006	336.636	9.46542	350.845	3.97577	362.204	1.46915	293.716	5.45351	360.225	2.41525	261.479	9.45427	320.278	4.56598	380.827	2.04335	280.044	5.07842	335	1.54801	356.609	5.84873
365.725	2.76735	332.888	8.96712	276.873	0	382.531	0.00644809	341.372	1.22697	276.998	5.71125	331.15	9.36442	233.097	11.8068	305.431	5.28353	362.565	4.46752	339.938	7.32763	374.638	8.84912	363.904	0.347209	337.3	1.74006	312.732	7.72986	350.845	3.97577	362.204	1.46915	293.716	5.45351	360.225	2.41525	261.479	9.45427	320.278	4.56598	380.827	2.04335	280.044	5.07842	335	1.54801	356.609	5.84873
365.725	2.76735	277.603	7.41686	276.873	0	382.531	0.00644809	341.372	1.22697	276.998	5.71125	331.15	9.36442	385.001	6.41993	305.431	5.28353	362.565	4.46752	339.938	7.32763	374.638	8.84912	306.352	0	337.3	1.74006	312.732	7.72986	350.845	3.97577	362.204	1.46915	293.716	5.45351	360.225	2.41525	261.479	9.45427	316.217	3.06019	380.827	2.04335	280.044	5.07842	298.287	1.93836	356.609	5.84873
365.725	2.76735	277.603	7.41686	276.873	0	382.531	0.00644809	341.372	1.22697	310.466	4.81698	325.988	6.10473	385.001	6.41993	360.558	5.43258	317.358	3.92096	339.938	7.32763	374.638	8.84912	306.352	0	337.3	1.74006	372.694	2.87083	281.731	3.07029	362.204	1.46915	293.716	5.45351	360.225	2.41525	261.479	9.45427	316.217	3.06019	380.827	2.04335	280.044	5.07842	298.287	1.93836	391.177	6.15991
365.725	2.76735	288.356	0.563904	276.873	0	382.531	0.00644809	341.372	1.22697	313.295	6.20022	325.988	6.10473	380.803	6.44564	360.558	5.43258	321.885	1.52653	339.938	7.32763	374.638	8.84912	306.352	0	337.3	1.74006	372.694	2.87083	281.731	3.07029	362.204	1.46915	293.716	5.45351	252.754	1.9495	261.479	9.45427	316.217	3.06019	380.827	2.04335	380.899	3.90703	298.287	1.93836	391.177	6.15991
365.725	2.76735	288.356	0.563904	276.873	0	382.531	0.00644809	380.881	4.10183	313.295	6.20022	360.571	0	380.803	6.44564	320.855	2.52627	321.885	1.52653	339.938	7.32763	374.638	8.84912	306.352	0	337.3	1.74006	372.694	2.87083	281.731	3.07029	362.204	1.46915	368.86	3.97279	252.754	1.9495	261.479	9.45427	316.217	3.06019	341.014	1.30639	380.899	3.90703	298.287	1.93836	271.523	2.26239
364.731	1.85198	288.356	0.563904	370.494	0	382.531	0.00644809	380.881	4.10183	398.463	4.09888	360.571	0	351.831	1.7343	320.855	2.52627	321.885	1.52653	339.938	7.32763	374.638	8.84912	378.715	0	303.795	3.23847	372.694	2.87083	330.953	0.192743	324.735	0	368.86	3.97279	252.754	1.9495	365.864	6.5897	303.723	2.53838	341.014	1.30639	307.546	0	298.287	1.93836	333.248	1.3907
364.731	1.85198	288.356	0.563904	370.494	0	382.531	0.00644809	370.724	0.947915	398.463	4.09888	360.571	0	351.831	1.7343	320.855	2.52627	321.885	1.52653	301.977	6.89542	374.638	8.84912	378.715	0	345.618	0	372.694	2.87083	330.953	0.192743	324.735	0	305.377	2.93915	252.754	1.9495	365.864	6.5897	301.081	0	329.581	1.60971	307.546	0	348.014	0.852157	338.382	1.40114
364.731	1.85198	288.356	0.563904	370.494	0	382.531	0.00644809	370.724	0.947915	398.463	4.09888	360.571	0	351.831	1.7343	284.808	0	321.885	1.52653	268.484	5.42278	370.167	2.88282	378.715	0	318.865	0	372.694	2.87083	330.953	0.192743	324.735	0	305.377	2.93915	252.754	1.9495	365.864	6.5897	301.081	0	329.581	1.60971	307.264	0	294.319	0	389.412	0
364.731	1.85198	288.356	0.563904	370.494	0	382.531	0.00644809	370.724	0.947915	337.394	0.534413	360.571	0	376.101	0	284.808	0	321.885	1.52653	298.621	3.40998	370.167	2.88282	288.781	0	318.865	0	372.694	2.87083	330.953	0.192743	324.735	0	248.092	3.20171	252.754	1.9495	365.864	6.5897	301.081	0	250.251	0	307.264	0	294.319	0	389.412	0
364.731	1.85198	288.356	0.563904	370.494	0	382.531	0.00644809	370.724	0.947915	337.394	0.534413	360.571	0	376.101	0	284.808	0	321.885	1.52653	334.359	4.2555	370.167	2.88282	288.781	0	318.865	0	372.694	2.87083	330.953	0.192743	344.818	0	248.092	3.20171	252.754	1.9495	365.864	6.5897	301.081	0	250.251	0	307.264	0	294.319	0	389.412	0
364.731	1.85198	279.835	3.04093	370.494	0	293.204	0.506548	370.724	0.947915	337.394	0.534413	360.571	0	376.101	0	284.808	0	345.881	0.123814	334.359	4.2555	345.572	0	321.834	0	318.865	0	372.694	2.87083	330.953	0.192743	344.818	0	352.913	0	252.754	1.9495	320.703	4.15192	301.081	0	347.779	0	307.264	0	268.37	0	389.412	0
265.444	1.77953	279.835	3.04093	370.494	0	293.204	0.506548	309.087	1.87282	337.394	0.534413	360.571	0	376.101	0	284.808	0	394.783	0	334.359	4.2555	345.572	0	335.588	0	318.865	0	372.694	2.87083	330.953	0.192743	344.818	0	311.563	0	252.754	1.9495	320.703	4.15192	301.081	0	347.779	0	307.264	0	268.37	0	389.412	0
312.552	0.584067	276.456	1.4769	370.494	0	318.964	0	309.087	1.87282	367.277	0	277.084	0.626256	376.101	0	284.808	0	239.595	0.488021	334.359	4.2555	345.572	0	335.588	0	318.865	0	353.348	0.911183	330.953	0.192743	344.818	0	311.563	0	252.754	1.9495	349.329	0	252.874	0	347.779	0	307.264	0	268.37	0	389.412	0
312.552	0.584067	287.844	0	310.674	0	251.044	0	260.577	0	367.277	0	285.221	0	376.101	0	361.657	0	239.595	0.488021	273.3	3.78513	345.572	0	328.439	0	318.865	0	353.348	0.911183	330.953	0.192743	344.818	0	311.563	0	252.754	1.9495	349.329	0	252.874	0	303.919	0	361.177	0	268.37	0	389.412	0
267.246	0	300.454	0	232.61	0	315.171	0	260.577	0	367.277	0	285.221	0	376.101	0	361.657	0	239.595	0.488021	273.3	3.78513	345.572	0	328.439	0	318.865	0	302.506	0	359.748	0.228253	276.9	0	311.563	0	252.754	1.9495	329.987	2.41261	252.874	0	303.919	0	302.499	0	297.554	0	389.412	0
315.283	1.06025	300.454	0	335.398	0	315.171	0	279.606	0	367.277	0	308.218	0	376.101	0	361.657	0	239.595	0.488021	273.3	3.78513	345.572	0	281.016	0	318.865	0	302.506	0	359.748	0.228253	276.9	0	311.563	0	297.655	0	368.126	0	252.874	0	303.919	0	337.957	0	297.554	0	389.412	0
373.774	0	354.931	0	335.398	0	315.171	0	279.606	0	367.277	0	308.218	0	325.154	0	361.657	0	239.595	0.488021	326.345	0.15895	345.572	0	289.067	0	318.865	0	302.506	0	359.748	0.228253	276.9	0	311.563	0	297.655	0	368.126	0	344.575	0	303.919	0	337.957	0	297.554	0	389.412	0
332.912	0	354.931	0	359.451	0	315.171	0	279.606	0	367.277	0	308.218	0	325.154	0	361.657	0	239.595	0.488021	326.345	0.15895	345.572	0	266.121	0	318.865	0	353.813	0	321.743	0	333.652	0	311.563	0	297.655	0	368.126	0	344.575	0	303.919	0	269.586	0	281.849	0	389.412	0
332.912	0	369.078	0	359.451	0	322.349	0	279.606	0	373.892	0	394.721	0	307.441	0	395.275	0	239.595	0.488021	323.138	0	345.572	0	266.121	0	275.097	0	353.813	0	371.373	0	333.652	0	311.563	0	297.655	0	368.126	0	271.962	0	303.919	0	269.586	0	281.849	0	389.412	0
332.912	0	369.078	0	359.451	0	322.349	0	279.606	0	201.236	0	394.721	0	307.441	0	331.58	0	239.595	0.488021	323.138	0	345.572	0	266.121	0	275.097	0	306.808	0	371.373	0	333.652	0	311.563	0	297.655	0	250.98	0.0590399	293.211	0	303.919	0	269.586	0	281.849	0	389.412	0
332.912	0	369.078	0	263.489	0	322.349	0	279.606	0	374.647	0	394.721	0	247.498	0	331.58	0	277.519	0	323.138	0	345.572	0	266.121	0	304.373	0	306.808	0	371.373	0	333.652	0	311.563	0	297.655	0	250.98	0.0590399	349.009	0	303.919	0	269.586	0	242.166	0	341.208	0
332.912	0	369.078	0	391.663	0	322.349	0	279.606	0	374.647	0	394.721	0	247.498	0	331.58	0	277.519	0	323.138	0	319.817	0	266.121	0	304.373	0	306.808	0	309.283	0	333.652	0	297.318	0	297.655	0	250.98	0.0590399	349.009	0	287.784	0	269.586	0	376.329	0	319.215	0
332.912	0	369.078	0	391.663	0	335.82	0	279.606	0	374.647	0	394.721	0	247.498	0	331.58	0	277.519	0	307.284	1.42633	319.817	0	230.488	0	304.373	0	306.808	0	309.283	0	328.697	0	297.318	0	297.655	0	250.98	0.0590399	349.009	0	287.784	0	387.331	0	376.329	0	319.215	0
332.912	0	369.078	0	303.205	0	335.82	0	323.97	0	323.655	0	282.307	0	247.498	0	331.58	0	277.519	0	307.284	1.42633	349.577	0	230.488	0	304.373	0	306.808	0	309.283	0	328.697	0	297.318	0	312.65	0	250.98	0.0590399	349.009	0	287.784	0	387.331	0	376.329	0	319.215	0
342.298	0	288.831	0	303.205	0	335.82	0	323.97	0	323.655	0	282.307	0	447.201	0	331.58	0	277.519	0	284.482	0	349.577	0	289.283	0	304.373	0	306.808	0	309.283	0	328.697	0	297.318	0	257.935	0	250.98	0.0590399	349.009	0	318.062	0	387.331	0	376.329	0	319.215	0
342.298	0	288.831	0	303.205	0	335.82	0	292.779	0	323.655	0	311.328	0	447.201	0	400.842	0	277.519	0	284.482	0	349.577	0	289.283	0	304.373	0	306.808	0	309.283	0	328.697	0	297.318	0	257.935	0	250.98	0.0590399	349.009	0	318.062	0	387.331	0	376.329	0	296.528	0
342.298	0	288.831	0	303.205	0	253.241	0	292.779	0	315.15	0	311.328	0	447.201	0	280.746	0	277.519	0	284.482	0	379.349	0	316.998	0	304.373	0	306.808	0	309.283	0	361.159	0	297.318	0	312.05	0	291.845	0	304.14	0	318.062	0	273.132	0	376.329	0	296.528	0
342.298	0	288.831	0	312.177	0	253.241	0	292.779	0	315.15	0	298.66	0	447.201	0	280.746	0	277.519	0	199.011	0	379.349	0	316.998	0	304.373	0	306.808	0	309.283	0	361.159	0	297.318	0	312.05	0	340.696	0	403.816	0	303.46	0	273.132	0	376.329	0	301.53	0
342.298	0	288.831	0	312.177	0	288.05	0	324.961	0	315.15	0	289.832	0	447.201	0	329.502	0	293.852	0	199.011	0	379.349	0	312.631	0	304.373	0	306.808	0	309.283	0	361.159	0	297.318	0	312.05	0	340.696	0	403.816	0	306.878	0	273.132	0	376.329	0	301.53	0
361.495	0	293.615	0	312.177	0	311.427	0	324.961	0	315.15	0	259.263	0	447.201	0	243.475	0	293.852	0	285.938	0	379.349	0	312.631	0	360.161	0	306.808	0	309.283	0	361.159	0	297.318	0	349.592	0	340.696	0	403.816	0	306.878	0	273.132	0	376.329	0	301.53	0
361.495	0	293.615	0	312.177	0	311.427	0	324.961	0	315.15	0	259.263	0	447.201	0	243.475	0	338.891	0	285.938	0	379.349	0	312.631	0	246.662	0	306.808	0	305.376	0	361.159	0	297.318	0	349.592	0	340.696	0	403.816	0	268.596	0	301.884	0	376.329	0	301.53	0
361.495	0	293.615	0	300.254	0	311.427	0	324.961	0	302.964	0	259.263	0	279.823	0	243.475	0	344.545	0	285.938	0	337.602	0	312.631	0	246.662	0	306.808	0	305.376	0	361.159	0	297.318	0	289.332	0	277.489	0	403.816	0	268.596	0	322.381	0	376.329	0	301.53	0
361.495	0	293.615	0	300.254	0	341.421	0	324.961	0	354.613	0	259.263	0	279.823	0	243.475	0	320.7	0	285.938	0	337.602	0	312.631	0	336.061	0	298.303	0	305.376	0	361.159	0	297.318	0	289.332	0	277.489	0	403.816	0	268.596	0	322.381	0	376.329	0	301.53	0
298.432	0	293.615	0	300.254	0	341.421	0	324.961	0	354.613	0	259.263	0	304.16	0	243.475	0	271.425	0	309.673	0	337.602	0	286.27	0	336.061	0	298.303	0	305.376	0	361.159	0	306.807	0	289.332	0	243.562	0	403.816	0	268.596	0	322.381	0	376.329	0	301.53	0
298.432	0	293.615	0	264.708	0	341.421	0	238.011	0	354.613	0	259.263	0	304.16	0	243.475	0	271.425	0	344.416	0	337.602	0	361.298	0	336.061	0	327.455	0	311.82	0	361.159	0	306.807	0	289.332	0	336.041	0	403.816	0	268.596	0	252.938	0	376.329	0	316.784	0
280.512	0	324.615	0	264.708	0	341.421	0	238.011	0	287.66	0	259.263	0	304.16	0	243.475	0	271.425	0	344.416	0	337.602	0	361.298	0	336.061	0	311.921	0	311.82	0	307.582	0	306.807	0	283.289	0	336.041	0	403.816	0	323.409	0	264.541	0	376.329	0	316.784	0
280.512	0	270.252	0	264.708	0	341.421	0	297.538	0	287.66	0	259.263	0	304.16	0	299.972	0	271.425	0	344.416	0	337.602	0	361.298	0	336.061	0	311.921	0	291.197	0	307.582	0	306.807	0	283.289	0	303.464	0	403.816	0	327.566	0	264.541	0	376.329	0	316.784	0
280.512	0	270.252	0	264.708	0	341.421	0	297.538	0	287.66	0	259.263	0	294.381	0	299.972	0	338.489	0	353.352	0	337.602	0	361.298	0	336.061	0	311.921	0	291.197	0	269.056	0	306.807	0	276.292	0	303.464	0	403.816	0	327.566	0	264.541	0	376.329	0	316.784	0
280.512	0	270.252	0	305.841	0	341.421	0	318.13	0	287.66	0	247.714	0	294.381	0	299.972	0	338.489	0	277.288	0	337.602	0	361.298	0	336.061	0	311.921	0	281.642	0	269.056	0	306.807	0	276.292	0	303.464	0	403.816	0	274.665	0	264.541	0	376.329	0	277.687	0
254.244	0	321.925	0	326.133	0	341.421	0	318.099	0	287.66	0	247.714	0	321.337	0	299.972	0	245.646	0	277.288	0	337.602	0	269.477	0	336.061	0	311.921	0	272.332	0	269.056	0	306.807	0	276.292	0	303.464	0	403.816	0	274.665	0	264.541	0	376.329	0	277.687	0
254.244	0	321.925	0	224.868	0	301.862	0	178.699	0	287.66	0	247.714	0	275.506	0	342.015	0	245.646	0	277.288	0	337.602	0	269.477	0	336.061	0	311.921	0	272.332	0	269.056	0	306.807	0	276.292	0	315.308	0	403.816	0	274.665	0	249.575	0	320.724	0	277.687	0
302.399	0	321.925	0	224.868	0	276.044	0	178.699	0	287.66	0	247.714	0	277.794	0	342.015	0	245.646	0	277.288	0	337.602	0	269.477	0	339.314	0	311.921	0	272.332	0	269.056	0	349.549	0	276.292	0	315.308	0	331.388	0	274.665	0	320.548	0	320.724	0	318.151	0
330.085	0	321.925	0	224.868	0	276.044	0	178.699	0	287.66	0	247.714	0	329.281	0	342.015	0	245.646	0	277.288	0	337.602	0	269.477	0	339.314	0	311.921	0	272.332	0	269.056	0	349.549	0	276.292	0	315.308	0	331.388	0	274.665	0	320.548	0	320.724	0	258.47	0
197.343	0	321.925	0	327.332	0	276.044	0	178.699	0	287.66	0	247.714	0	269.13	0	342.015	0	245.646	0	277.288	0	337.602	0	270.009	0	339.314	0	311.921	0	272.332	0	269.056	0	273.813	0	319.004	0	315.308	0	331.388	0	265.92	0	204.449	0	320.724	0	258.47	0
197.343	0	321.925	0	326.112	0	276.044	0	178.699	0	287.66	0	247.714	0	269.13	0	342.015	0	245.646	0	291.438	0	337.602	0	270.009	0	256.745	0	311.921	0	272.332	0	269.056	0	273.813	0	319.004	0	315.308	0	294.217	0	306.932	0	204.449	0	320.724	0	258.47	0
197.343	0	321.925	0	326.112	0	276.044	0	178.699	0	287.66	0	247.714	0	269.13	0	342.015	0	245.646	0	291.438	0	337.602	0	364.691	0	256.745	0	310.305	0	272.332	0	269.056	0	322.235	0	280.688	0	338.62	0	196.636	0	306.932	0	204.449	0	320.724	0	258.47	0
282.9	0	321.925	0	326.112	0	276.044	0	178.699	0	244.934	0	247.714	0	269.13	0	342.015	0	245.646	0	289.545	0	258.235	0	364.691	0	239.358	0	310.305	0	252.666	0	269.056	0	322.235	0	263.674	0	338.62	0	196.636	0	284.74	0	204.449	0	320.724	0	258.47	0
282.9	0	324.915	0	218.185	0	276.044	0	178.699	0	263.028	0	247.714	0	269.13	0	304.554	0	245.646	0	289.545	0	258.235	0	248.608	0	239.358	0	310.305	0	252.666	0	269.056	0	281.031	0	263.674	0	338.62	0	196.636	0	284.74	0	204.449	0	320.724	0	258.47	0
282.9	0	324.915	0	218.185	0	276.044	0	178.699	0	306.837	0	247.714	0	269.13	0	283.541	0	245.646	0	289.545	0	215.511	0	248.608	0	239.358	0	310.305	0	252.666	0	269.056	0	281.031	0	262.524	0	338.62	0	196.636	0	233.587	0	204.449	0	320.724	0	258.47	0
282.9	0	324.915	0	218.185	0	276.044	0	178.699	0	306.837	0	247.714	0	269.13	0	283.541	0	245.646	0	289.545	0	215.511	0	248.608	0	239.358	0	310.305	0	252.666	0	269.056	0	349.063	0	262.524	0	338.62	0	196.636	0	233.587	0	204.449	0	265.17	0	337.981	0
282.9	0	324.915	0	218.185	0	234.874	0	178.699	0	294.585	0	247.714	0	280.758	0	283.541	0	245.646	0	307.004	0	215.511	0	248.608	0	220.501	0	310.305	0	252.666	0	269.056	0	319.826	0	231.758	0	338.62	0	196.636	0	233.587	0	204.449	0	265.17	0	337.981	0
282.9	0	324.915	0	218.185	0	234.874	0	178.699	0	294.585	0	247.714	0	312.37	0	283.541	0	245.646	0	307.004	0	318.001	0	226.581	0	220.501	0	244.588	0	252.666	0	269.056	0	242.57	0	231.758	0	287.364	0	196.636	0	233.587	0	204.449	0	252.84	0	296.279	0
295.702	0	324.915	0	218.185	0	221.584	0	178.699	0	294.585	0	216.295	0	312.37	0	283.541	0	212.932	0	306.676	0	318.001	0	226.581	0	220.501	0	244.588	0	252.666	0	269.056	0	318.551	0	231.758	0	287.364	0	196.636	0	233.587	0	204.449	0	246.428	0	296.279	0
295.702	0	324.915	0	218.185	0	214.831	0	178.699	0	294.585	0	216.295	0	312.37	0	283.541	0	212.932	0	306.676	0	232.153	0	224.331	0	220.501	0	244.588	0	252.666	0	292.803	0	318.551	0	231.758	0	368.529	0	196.636	0	191.611	0	204.449	0	207.993	0	273.71	0
295.702	0	324.915	0	218.185	0	214.831	0	178.699	0	294.585	0	216.295	0	290.37	0	283.541	0	212.932	0	304.126	0	232.153	0	224.331	0	191.169	0	244.588	0	252.666	0	292.803	0	318.551	0	231.758	0	368.529	0	196.636	0	191.611	0	204.449	0	207.993	0	273.71	0
295.702	0	251.079	0	218.185	0	183.367	0	178.699	0	265.836	0	216.295	0	290.37	0	237.617	0	212.932	0	304.126	0	232.153	0	206.031	0	191.169	0	244.588	0	252.666	0	278.707	0	318.551	0	231.758	0	339.298	0	196.636	0	191.611	0	204.449	0	207.993	0	245.777	0
205.043	0	251.079	0	207.423	0	183.367	0	178.699	0	246.615	0	169.737	0	215.329	0	237.617	0	212.932	0	304.126	0	232.153	0	206.031	0	161.425	0	244.588	0	252.666	0	278.707	0	268.778	0	222.104	0	339.298	0	196.636	0	191.611	0	204.449	0	207.993	0	245.777	0
205.043	0	308.906	0	207.423	0	183.367	0	178.699	0	246.615	0	169.737	0	215.329	0	236.452	0	212.932	0	304.126	0	222.563	0	206.031	0	161.425	0	244.588	0	314.101	0	278.707	0	216.033	0	222.104	0	332.187	0	196.636	0	191.611	0	182.41	0	207.993	0	245.013	0
205.043	0	308.906	0	207.423	0	183.367	0	178.699	0	221.888	0	169.737	0	215.329	0	236.452	0	212.932	0	227.83	0	222.563	0	206.031	0	161.425	0	244.588	0	261.908	0	260.092	0	216.033	0	203.29	0	332.187	0	196.636	0	191.611	0	159.609	0	202.827	0	220.271	0
205.043	0	228.817	0	207.423	0	183.367	0	178.699	0	221.888	0	169.737	0	215.329	0	199.919	0	198.86	0	223.102	0	206.393	0	159.516	0	161.425	0	244.588	0	261.908	0	214.891	0	216.033	0	203.29	0	266.441	0	196.636	0	191.611	0	159.609	0	202.827	0	205.6	0
205.043	0	223.916	0	207.423	0	183.367	0	178.699	0	221.888	0	169.737	0	211.305	0	199.919	0	198.86	0	223.102	0	206.393	0	159.516	0	161.425	0	244.588	0	250.032	0	214.891	0	216.033	0	203.29	0	266.441	0	196.636	0	191.611	0	159.609	0	194.613	0	201.213	0
205.043	0	223.916	0	207.423	0	183.367	0	178.699	0	221.888	0	169.737	0	204.203	0	199.919	0	183.696	0	207.333	0	206.393	0	159.516	0	161.425	0	226.664	0	236.415	0	214.891	0	212.576	0	203.29	0	266.441	0	196.636	0	191.611	0	159.609	0	183.558	0	201.213	0
189.714	0	223.916	0	207.423	0	183.367	0	178.699	0	221.888	0	169.737	0	204.203	0	199.327	0	183.696	0	207.333	0	206.393	0	159.516	0	161.425	0	226.664	0	233.821	0	214.891	0	209.483	0	203.29	0	266.441	0	196.636	0	186.641	0	159.609	0	166.368	0	197.558	0
187.893	0	223.916	0	207.423	0	183.367	0	178.699	0	221.888	0	169.737	0	186.182	0	199.327	0	154.169	0	207.333	0	206.393	0	159.516	0	157.902	0	226.664	0	167.18	0	185.298	0	209.483	0	188.077	0	266.441	0	181.695	0	174.479	0	159.609	0	166.368	0	197.558	0
187.893	0	223.916	0	197.276	0	183.367	0	178.699	0	182.15	0	169.737	0	186.182	0	179.269	0	154.169	0	207.333	0	206.393	0	159.516	0	157.902	0	225.756	0	167.18	0	185.298	0	180.584	0	188.077	0	215.428	0	181.695	0	174.479	0	159.609	0	166.368	0	169.829	0
118.024	0	223.916	0	197.276	0	164.173	0	178.699	0	181.583	0	169.737	0	176.59	0	179.269	0	154.169	0	207.333	0	199.409	0	148.392	0	157.902	0	225.756	0	167.18	0	185.298	0	180.584	0	171.458	0	212.727	0	181.695	0	174.479	0	157.93	0	166.368	0	169.829	0
118.024	0	223.916	0	183.084	0	145.483	0	153.248	0	181.583	0	169.737	0	145.387	0	165.497	0	154.169	0	207.333	0	199.409	0	148.392	0	153.61	0	188.708	0	167.18	0	185.298	0	180.584	0	171.458	0	202.205	0	181.695	0	174.479	0	157.295	0	158.207	0	162.258	0
118.024	0	223.916	0	183.084	0	141.713	0	153.248	0	157.804	0	169.737	0	145.387	0	165.497	0	154.169	0	199.349	0	161.09	0	148.392	0	153.61	0	188.708	0	160.353	0	185.298	0	180.584	0	171.458	0	202.205	0	127.036	0	174.479	0	151.018	0	158.207	0	162.258	0
118.024	0	202.106	0	180.216	0	141.713	0	153.248	0	157.804	0	169.737	0	145.387	0	165.497	0	133.716	0	199.349	0	161.09	0	148.392	0	128.056	0	188.708	0	160.353	0	185.298	0	180.584	0	171.458	0	184.96	0	127.036	0	174.479	0	140.678	0	158.207	0	162.258	0
118.024	0	202.106	0	165.269	0	141.713	0	142.771	0	157.804	0	169.737	0	145.387	0	165.497	0	133.716	0	199.349	0	156.94	0	134.493	0	128.056	0	187.931	0	141.045	0	171.969	0	172.555	0	171.458	0	184.96	0	127.036	0	174.479	0	122.308	0	158.207	0	161.336	0
118.024	0	195.71	0	165.269	0	141.713	0	142.771	0	157.804	0	169.737	0	145.387	0	128.604	0	133.716	0	199.349	0	156.94	0	125.199	0	128.056	0	187.931	0	141.045	0	167.362	0	169.338	0	156.177	0	148.871	0	127.036	0	162.51	0	99.6217	0	158.207	0	161.336	0
118.024	0	195.71	0	165.269	0	120.058	0	129.104	0	153.96	0	165.318	0	145.387	0	121.431	0	133.716	0	190.848	0	156.94	0	125.199	0	124.835	0	187.931	0	141.045	0	121.386	0	169.338	0	156.177	0	148.871	0	127.036	0	162.51	0	99.6217	0	154.889	0	148	0
118.024	0	181.191	0	158.914	0	120.058	0	127.257	0	153.96	0	165.318	0	138.42	0	121.431	0	133.716	0	180.007	0	156.94	0	125.199	0	124.835	0	166.13	0	141.045	0	121.386	0	158.036	0	156.177	0	148.871	0	127.036	0	162.51	0	99.6217	0	117.752	0	146.275	0
118.024	0	181.191	0	158.914	0	120.058	0	127.257	0	153.96	0	159.815	0	129.777	0	121.431	0	133.716	0	143.819	0	156.94	0	95.1748	0	116.363	0	153.007	0	141.045	0	121.386	0	140.706	0	156.177	0	148.871	0	127.036	0	162.51	0	99.6217	0	117.752	0	140.574	0
118.024	0	147.443	0	157.936	0	120.058	0	127.257	0	153.96	0	143.801	0	129.777	0	121.431	0	128.889	0	143.819	0	133.061	0	95.1748	0	116.363	0	149.573	0	141.045	0	121.386	0	140.706	0	136.984	0	148.871	0	116.996	0	151.281	0	99.6217	0	114.342	0	140.574	0
118.024	0	147.443	0	140.748	0	120.058	0	126.594	0	153.96	0	143.801	0	129.777	0	121.431	0	124.176	0	143.819	0	133.061	0	95.1748	0	98.7518	0	129.503	0	141.045	0	104.03	0	140.706	0	136.984	0	141.052	0	116.996	0	151.281	0	99.6217	0	99.7684	0	137.683	0
118.024	0	147.443	0	140.748	0	119.009	0	126.594	0	148.345	0	143.801	0	129.777	0	121.431	0	124.176	0	140.745	0	133.061	0	95.1748	0	98.7518	0	129.503	0	141.045	0	104.03	0	140.706	0	110.612	0	141.052	0	116.996	0	140.458	0	99.6217	0	99.7684	0	134.976	0
111.917	0	147.443	0	140.748	0	119.009	0	118.516	0	134.14	0	143.801	0	128.366	0	121.431	0	124.176	0	140.745	0	133.061	0	95.1748	0	98.7518	0	124.852	0	141.045	0	104.03	0	140.706	0	110.612	0	141.052	0	116.996	0	136.96	0	99.6217	0	93.2675	0	132.131	0
111.917	0	147.443	0	140.748	0	94.5419	0	118.095	0	131.608	0	135.152	0	128.366	0	116.163	0	124.176	0	140.745	0	113.337	0	95.1748	0	86.3617	0	124.852	0	141.045	0	104.03	0	140.706	0	110.612	0	141.052	0	111.587	0	136.96	0	99.6217	0	93.2675	0	128.548	0
111.917	0	147.443	0	131.767	0	94.5419	0	108.288	0	131.608	0	135.152	0	128.366	0	112.446	0	124.176	0	140.745	0	113.337	0	95.1748	0	86.3617	0	124.852	0	141.045	0	104.03	0	137.823	0	110.612	0	136.764	0	111.587	0	136.96	0	99.6217	0	93.2675	0	127.954	0
107.59	0	147.443	0	131.767	0	94.5419	0	108.288	0	115.524	0	127.247	0	96.0298	0	98.5231	0	117.002	0	136.961	0	113.337	0	94.2488	0	86.3617	0	123.244	0	138.199	0	104.03	0	137.823	0	110.612	0	120.237	0	111.587	0	122.491	0	99.6217	0	93.2675	0	116.053	0
107.59	0	147.443	0	124.752	0	94.5419	0	106.869	0	115.524	0	127.247	0	96.0298	0	98.5231	0	115.32	0	136.961	0	113.337	0	94.2488	0	86.3617	0	112.834	0	123.76	0	100.185	0	127.789	0	110.612	0	120.237	0	111.587	0	122.491	0	99.6217	0	93.2675	0	116.053	0
71.7607	0	134.351	0	102.821	0	94.3733	0	104.531	0	115.524	0	122.141	0	96.0298	0	98.5231	0	115.32	0	136.961	0	113.337	0	89.8515	0	86.3617	0	107.638	0	123.76	0	100.185	0	127.789	0	110.612	0	114.283	0	107.63	0	122.491	0	99.6217	0	93.2675	0	110.513	0
71.7607	0	134.351	0	102.821	0	81.6978	0	101.459	0	115.524	0	122.141	0	96.0298	0	91.8569	0	115.32	0	130.984	0	113.337	0	89.8515	0	86.3617	0	107.638	0	123.76	0	78.4993	0	111.707	0	110.612	0	114.283	0	99.5526	0	110.142	0	99.6217	0	75.0768	0	110.513	0
71.7607	0	134.351	0	102.821	0	78.4907	0	94.87	0	106.888	0	122.141	0	96.0298	0	82.9366	0	107.024	0	130.984	0	113.337	0	89.8515	0	82.3715	0	107.638	0	123.76	0	78.4993	0	111.707	0	108.821	0	114.283	0	59.0925	0	110.142	0	91.6318	0	75.0768	0	97.9523	0
71.7607	0	120.549	0	102.821	0	78.4907	0	94.87	0	106.888	0	122.141	0	96.0298	0	82.9366	0	95.8228	0	130.984	0	113.337	0	89.8515	0	82.3715	0	107.638	0	123.76	0	78.4993	0	111.707	0	108.821	0	105.335	0	59.0925	0	80.7076	0	73.6631	0	75.0768	0	97.9523	0
70.1508	0	109.923	0	102.821	0	78.4907	0	94.87	0	106.888	0	102.521	0	96.0298	0	82.9366	0	95.8228	0	130.984	0	113.337	0	81.7877	0	82.3715	0	107.638	0	121.48	0	78.4993	0	111.707	0	108.821	0	105.335	0	59.0925	0	80.7076	0	73.6631	0	75.0768	0	97.9523	0
70.1508	0	109.923	0	102.821	0	78.4907	0	90.848	0	106.888	0	97.0134	0	96.0298	0	82.9366	0	95.8228	0	130.984	0	113.337	0	81.7877	0	76.5659	0	107.638	0	116.827	0	76.3603	0	105.757	0	108.821	0	105.335	0	59.0925	0	80.7076	0	73.6631	0	75.0768	0	97.9523	0
70.1508	0	109.923	0	102.821	0	62.0121	0	90.848	0	104.612	0	97.0134	0	96.0298	0	82.9366	0	95.8228	0	123.181	0	113.337	0	77.1255	0	64.9961	0	99.6688	0	106.725	0	76.3603	0	105.757	0	108.821	0	105.335	0	59.0925	0	80.7076	0	73.6631	0	75.0768	0	94.284	0
70.1508	0	109.923	0	102.821	0	62.0121	0	90.4746	0	104.612	0	97.0134	0	93.2659	0	82.9366	0	83.2216	0	108.356	0	113.337	0	77.1255	0	58.1975	0	92.9904	0	95.6028	0	76.3603	0	105.757	0	105.851	0	105.335	0	59.0925	0	80.7076	0	73.6631	0	75.0768	0	94.284	0
70.1508	0	109.923	0	100.428	0	62.0121	0	81.7365	0	93.3791	0	97.0134	0	91.6912	0	68.9274	0	83.2216	0	108.356	0	101.251	0	77.1255	0	58.1975	0	92.9904	0	95.6028	0	76.3603	0	105.757	0	105.851	0	105.335	0	59.0925	0	80.7076	0	73.6631	0	60.2897	0	89.1357	0
70.1508	0	109.923	0	100.428	0	62.0121	0	81.7365	0	85.9059	0	97.0134	0	89.6268	0	68.9274	0	83.2216	0	108.356	0	89.6647	0	77.1255	0	58.1975	0	82.951	0	95.6028	0	76.3603	0	98.7917	0	94.9933	0	105.335	0	59.0925	0	80.7076	0	64.8561	0	60.2897	0	87.514	0
70.1508	0	109.923	0	100.428	0	62.0121	0	79.1492	0	82.4231	0	97.0134	0	81.2357	0	65.2583	0	83.2216	0	108.356	0	89.6647	0	67.7432	0	58.1975	0	82.951	0	95.6028	0	76.3603	0	86.192	0	94.9933	0	105.335	0	59.0925	0	80.7076	0	58.6965	0	60.2897	0	87.514	0
63.0718	0	108.778	0	100.428	0	55.4708	0	63.4236	0	82.4231	0	77.9346	0	81.2357	0	65.2583	0	83.2216	0	108.356	0	89.6647	0	65.4726	0	58.1975	0	82.951	0	95.6028	0	76.3603	0	80.4873	0	94.9933	0	101.821	0	59.0925	0	80.7076	0	58.6965	0	58.8446	0	86.1352	0
63.0718	0	108.778	0	100.428	0	55.4708	0	63.4236	0	79.9786	0	77.9346	0	81.2357	0	65.2583	0	81.6005	0	98.5991	0	89.6647	0	65.4726	0	58.1975	0	82.6058	0	95.6028	0	69.9207	0	80.4873	0	88.7401	0	90.3302	0	59.0925	0	80.7076	0	51.5883	0	58.8446	0	86.1352	0
61.3872	0	108.778	0	87.0067	0	55.4708	0	52.2504	0	72.5787	0	77.9346	0	76.1035	0	65.2583	0	79.3052	0	98.5991	0	89.6647	0	65.4726	0	47.9794	0	65.5851	0	95.6028	0	66.7225	0	80.4873	0	66.2596	0	90.3302	0	59.0925	0	80.7076	0	51.5883	0	58.8446	0	76.3469	0
61.3872	0	96.8932	0	87.0067	0	55.4708	0	52.2504	0	72.5787	0	77.9346	0	75.4098	0	65.2583	0	79.3052	0	89.9504	0	89.6647	0	65.4726	0	47.9794	0	65.5851	0	95.6028	0	60.0796	0	80.4873	0	66.2596	0	90.3302	0	59.0925	0	76.3037	0	51.5883	0	57.0201	0	76.3469	0
53.0624	0	67.8513	0	87.0067	0	55.4708	0	52.2504	0	64.1632	0	77.9346	0	75.4098	0	65.2583	0	74.4219	0	89.9504	0	89.6647	0	65.4726	0	47.9794	0	65.5851	0	95.6028	0	60.0796	0	80.4873	0	66.2596	0	90.3302	0	59.0925	0	76.3037	0	51.5883	0	57.0201	0	62.1227	0
44.8884	0	67.8513	0	87.0067	0	52.55	0	52.2504	0	64.1632	0	77.9346	0	63.0369	0	65.2583	0	63.2436	0	89.9504	0	89.6647	0	65.4726	0	47.9794	0	62.7376	0	80.5433	0	56.1151	0	70.9343	0	66.2596	0	90.1391	0	59.0925	0	66.0295	0	51.5883	0	50.0411	0	62.1227	0
44.8884	0	67.8513	0	87.0067	0	52.55	0	52.2504	0	64.1632	0	77.9346	0	63.0369	0	65.2583	0	63.2436	0	89.9504	0	77.3957	0	60.8949	0	47.9794	0	62.7376	0	80.5433	0	56.1151	0	70.9343	0	66.2596	0	90.1391	0	59.0925	0	66.0295	0	51.5883	0	50.0411	0	59.0702	0
44.8884	0	67.8513	0	79.0767	0	52.55	0	52.2504	0	56.1897	0	77.9346	0	63.0369	0	55.1146	0	63.2436	0	89.9504	0	77.3957	0	59.1801	0	47.9794	0	62.7376	0	80.5433	0	46.6945	0	70.9343	0	66.2596	0	84.608	0	58.6072	0	66.0295	0	51.5883	0	50.0411	0	59.0702	0
44.8884	0	67.8513	0	79.0767	0	52.55	0	52.2504	0	56.1897	0	77.9346	0	63.0369	0	55.1146	0	63.2436	0	86.6394	0	77.3957	0	59.1801	0	47.9794	0	62.7376	0	70.7647	0	46.6945	0	70.9343	0	66.2596	0	82.3627	0	58.6072	0	66.0295	0	51.5883	0	35.4902	0	59.0702	0
44.8884	0	67.8513	0	79.0767	0	49.8253	0	52.2504	0	56.1897	0	77.9346	0	61.1017	0	55.1146	0	63.2436	0	86.6394	0	77.3957	0	49.4912	0	47.5705	0	62.7376	0	70.7647	0	45.3588	0	70.9343	0	54.6442	0	76.6287	0	58.6072	0	66.0295	0	48.5727	0	35.4902	0	59.0702	0
44.8884	0	67.8513	0	76.8216	0	49.8253	0	50.277	0	56.1897	0	58.5628	0	59.8342	0	52.9317	0	63.2436	0	80.603	0	56.7485	0	49.4912	0	46.971	0	55.706	0	70.7647	0	45.3588	0	70.9343	0	54.6442	0	76.6287	0	58.6072	0	66.0295	0	48.5727	0	35.4902	0	59.0702	0
44.8884	0	67.8513	0	48.7511	0	32.2679	0	50.277	0	56.1897	0	58.5628	0	59.8342	0	52.9317	0	57.3933	0	64.0147	0	56.7485	0	49.4912	0	37.5231	0	53.2739	0	70.7647	0	44.2144	0	70.9343	0	54.6442	0	76.3536	0	46.3666	0	66.0295	0	48.5727	0	35.4902	0	59.0702	0
44.8884	0	67.8513	0	48.7511	0	32.2679	0	50.277	0	56.1897	0	58.5628	0	59.8342	0	46.6646	0	57.3933	0	64.0147	0	56.7485	0	49.4912	0	35.8497	0	51.1319	0	58.371	0	36.6822	0	68.0517	0	54.6442	0	70.2375	0	46.3666	0	63.3624	0	46.63	0	35.4902	0	52.9897	0
41.4165	0	62.7499	0	48.7511	0	32.2679	0	50.277	0	56.1897	0	51.0756	0	59.8342	0	42.9137	0	57.3933	0	64.0147	0	56.7485	0	49.4912	0	35.8497	0	51.1319	0	58.371	0	36.6822	0	66.0587	0	54.6442	0	62.1598	0	46.3666	0	59.5131	0	46.63	0	35.4902	0	52.9897	0
41.4165	0	62.7499	0	48.7511	0	32.2679	0	47.0474	0	46.9627	0	51.0756	0	57.3865	0	42.9137	0	57.3933	0	64.0147	0	56.7485	0	49.4912	0	35.8497	0	51.1319	0	58.371	0	31.1538	0	51.7303	0	54.6442	0	59.875	0	43.5356	0	53.1341	0	46.63	0	35.4902	0	45.5447	0
41.4165	0	62.7499	0	48.7511	0	32.2679	0	47.0474	0	46.9627	0	51.0756	0	57.3865	0	37.7047	0	50.5215	0	64.0147	0	56.7485	0	49.4912	0	29.1914	0	46.0861	0	56.0135	0	29.6424	0	51.7303	0	54.6442	0	59.875	0	43.5356	0	53.1341	0	46.63	0	30.1307	0	45.5447	0
41.4165	0	57.4696	0	48.7511	0	32.2679	0	43.1583	0	36.9266	0	51.0756	0	57.3865	0	37.7047	0	42.2443	0	64.0147	0	56.7485	0	36.7025	0	29.1914	0	37.2744	0	56.0135	0	25.3903	0	51.7303	0	52.2076	0	51.4563	0	43.5356	0	53.1341	0	45.1952	0	30.1307	0	45.5447	0
41.4165	0	57.4696	0	48.7511	0	32.2679	0	33.9947	0	36.9266	0	51.0756	0	56.414	0	28.9554	0	34.2788	0	63.7351	0	56.7485	0	36.7025	0	28.081	0	37.2744	0	53.2271	0	25.3903	0	51.7303	0	41.903	0	51.4563	0	43.5356	0	53.1341	0	45.1952	0	30.1307	0	45.5447	0
36.5371	0	57.4696	0	48.7511	0	32.2679	0	33.9947	0	36.9266	0	51.0756	0	49.9039	0	23.1037	0	34.2788	0	63.7351	0	54.3964	0	36.7025	0	28.081	0	37.2744	0	53.2271	0	25.3903	0	44.5927	0	41.903	0	51.4563	0	43.5356	0	49.7321	0	37.6345	0	30.1307	0	41.1827	0
36.5371	0	57.4696	0	48.7511	0	24.174	0	33.9947	0	36.9266	0	51.0756	0	48.5873	0	23.1037	0	34.2788	0	63.7351	0	54.3964	0	36.7025	0	25.3358	0	30.006	0	53.2271	0	25.3903	0	44.5927	0	41.903	0	51.4563	0	33.2025	0	49.7321	0	37.6345	0	29.8082	0	41.1827	0
36.5371	0	51.0511	0	48.7511	0	24.174	0	33.9947	0	36.9266	0	50.4645	0	48.5873	0	23.1037	0	34.2788	0	61.6527	0	54.3964	0	36.7025	0	24.4932	0	29.9396	0	53.2271	0	22.3518	0	44.5927	0	41.903	0	51.4563	0	33.2025	0	40.1839	0	37.6345	0	29.8082	0	41.1827	0
36.5371	0	51.0511	0	48.7511	0	24.174	0	33.9947	0	36.9266	0	45.8907	0	39.0791	0	23.1037	0	34.2788	0	53.0871	0	54.3964	0	35.0762	0	22.8492	0	29.9396	0	53.2271	0	20.3278	0	44.5927	0	39.5652	0	49.1562	0	33.2025	0	40.1839	0	29.3845	0	29.3998	0	37.6775	0
35.7774	0	49.713	0	37.0484	0	24.174	0	33.9947	0	30.4215	0	45.8907	0	39.0791	0	23.1037	0	34.2788	0	40.5866	0	54.3964	0	35.0762	0	22.8492	0	29.9396	0	53.2271	0	19.4456	0	44.017	0	39.5652	0	49.1562	0	33.2025	0	40.1839	0	29.3845	0	25.5536	0	37.6775	0
31.4625	0	49.713	0	37.0484	0	24.174	0	33.9947	0	30.4215	0	44.6413	0	39.0791	0	23.1037	0	34.2788	0	40.5866	0	54.3964	0	33.7592	0	20.6961	0	29.9396	0	53.2271	0	16.9611	0	44.017	0	39.146	0	34.7388	0	33.2025	0	40.1839	0	29.3845	0	23.1568	0	37.6775	0
29.529	0	49.713	0	37.0484	0	24.174	0	33.9947	0	30.4215	0	44.6413	0	27.4765	0	23.1037	0	34.2788	0	40.5866	0	49.2118	0	33.7592	0	15.1138	0	29.9396	0	48.6368	0	16.9611	0	37.0749	0	37.4206	0	34.7388	0	31.5198	0	36.1688	0	29.3845	0	21.4245	0	37.6775	0
24.9139	0	47.8828	0	37.0484	0	23.6335	0	33.9947	0	30.4215	0	38.8565	0	27.4765	0	22.3259	0	34.2788	0	40.5866	0	49.2118	0	33.7592	0	15.1138	0	29.9396	0	48.6368	0	13.3748	0	37.0749	0	36.8334	0	34.7388	0	29.1248	0	36.1688	0	29.3845	0	18.6015	0	37.6775	0
23.8652	0	47.8828	0	37.0484	0	19.4333	0	33.003	0	30.4215	0	38.8565	0	27.4765	0	19.908	0	34.2788	0	40.5866	0	49.2118	0	33.7592	0	15.1138	0	29.9396	0	46.7074	0	13.3748	0	36.5313	0	33.2916	0	34.7388	0	28.354	0	36.1688	0	23.2595	0	18.6015	0	26.6593	0
23.8652	0	47.8828	0	37.0484	0	18.2761	0	32.0056	0	30.4215	0	38.8565	0	23.9397	0	18.2218	0	34.2788	0	40.5866	0	49.2118	0	30.2848	0	15.1138	0	21.1994	0	46.7074	0	13.3748	0	35.4993	0	33.2916	0	34.7388	0	28.354	0	30.9997	0	23.2595	0	18.6015	0	26.6593	0
20.6412	0	47.8828	0	37.0484	0	15.288	0	32.0056	0	30.4215	0	38.8565	0	23.9397	0	18.2218	0	34.2788	0	38.5104	0	49.2118	0	27.9325	0	15.1138	0	21.1994	0	46.2835	0	13.3748	0	25.5609	0	33.2916	0	34.7388	0	27.0173	0	30.9997	0	22.0915	0	17.6264	0	26.6593	0
20.6412	0	44.839	0	35.5497	0	15.288	0	29.1949	0	25.2281	0	37.0666	0	23.7976	0	16.7874	0	34.2788	0	35.0707	0	49.2118	0	27.0539	0	15.1138	0	21.1994	0	42.04	0	13.0005	0	25.5609	0	32.9186	0	29.9832	0	27.0173	0	30.9997	0	22.0915	0	17.6102	0	21.8582	0
19.922	0	35.5256	0	35.5497	0	15.288	0	29.1949	0	25.2281	0	27.1407	0	23.7976	0	16.3151	0	22.418	0	30.6588	0	49.2118	0	25.2002	0	15.1138	0	21.1994	0	42.04	0	13.0005	0	25.5609	0	23.1312	0	29.9832	0	24.9037	0	30.9997	0	16.8961	0	17.6102	0	21.8582	0
19.922	0	35.5256	0	22.2479	0	15.288	0	28.8799	0	25.2281	0	26.9662	0	18.0868	0	15.8963	0	22.418	0	30.6588	0	49.2118	0	25.2002	0	15.1138	0	21.1994	0	42.04	0	13.0005	0	25.5609	0	22.8619	0	29.9832	0	24.9037	0	30.9997	0	16.8961	0	17.2275	0	21.8582	0
18.5075	0	35.5256	0	22.2479	0	15.288	0	27.4069	0	22.3809	0	26.9662	0	18.0868	0	15.8963	0	22.418	0	28.9866	0	38.123	0	25.2002	0	15.1138	0	20.7517	0	41.6723	0	12.6789	0	25.5609	0	22.8619	0	27.8361	0	22.4093	0	24.8512	0	16.2827	0	15.5715	0	21.8582	0
16.4007	0	35.5256	0	22.2479	0	13.655	0	21.5544	0	22.3809	0	25.4083	0	16.8347	0	15.6507	0	22.418	0	28.9866	0	38.123	0	17.8556	0	14.881	0	18.4829	0	26.82	0	12.6789	0	25.5609	0	22.8619	0	27.8361	0	22.4093	0	24.8512	0	15.5566	0	12.8691	0	21.8582	0
16.4007	0	22.8645	0	19.5621	0	13.655	0	19.8152	0	20.6081	0	22.8402	0	16.8347	0	13.2307	0	22.418	0	18.1278	0	38.123	0	17.8556	0	13.689	0	18.4829	0	26.82	0	12.6789	0	18.6662	0	22.8619	0	27.8361	0	22.4093	0	24.8512	0	15.5566	0	12.8691	0	21.8582	0
16.4007	0	22.8645	0	18.8012	0	13.655	0	19.8152	0	20.6081	0	22.8402	0	15.9306	0	13.2307	0	22.418	0	18.1278	0	38.123	0	15.8953	0	12.2749	0	15.8006	0	26.82	0	12.6706	0	18.6662	0	22.8619	0	17.7239	0	19.7244	0	22.9632	0	15.5566	0	12.8691	0	21.8582	0
15.8083	0	22.8645	0	15.1357	0	13.655	0	19.8152	0	20.6081	0	22.5847	0	15.1328	0	13.2307	0	22.418	0	17.8353	0	38.123	0	15.8953	0	12.2749	0	15.8006	0	26.82	0	12.0283	0	18.6662	0	22.8619	0	17.7239	0	17.8519	0	20.0011	0	14.6761	0	12.8691	0	19.2694	0
15.0383	0	22.8645	0	15.1357	0	13.4878	0	18.6386	0	20.6081	0	20.9922	0	15.1328	0	13.2307	0	21.1669	0	17.8353	0	38.123	0	15.8953	0	12.2749	0	15.8006	0	26.82	0	12.0283	0	18.6662	0	22.8619	0	17.7239	0	15.0296	0	18.6305	0	14.6761	0	12.8691	0	18.9299	0
15.0383	0	22.8645	0	15.1357	0	13.4878	0	18.6386	0	20.6081	0	20.9922	0	14.5193	0	13.2307	0	21.1669	0	17.8353	0	35.866	0	15.8953	0	12.2749	0	15.8006	0	26.82	0	12.0283	0	18.6662	0	17.8997	0	17.7239	0	15.0296	0	18.6305	0	14.6761	0	12.8691	0	18.9299	0
15.0383	0	22.8645	0	15.1357	0	12.6533	0	18.6386	0	20.6081	0	20.7452	0	14.5193	0	12.5211	0	21.1669	0	17.8353	0	34.784	0	15.8953	0	12.2749	0	15.8006	0	26.82	0	12.0283	0	18.6662	0	17.8997	0	17.7239	0	15.0296	0	16.9766	0	13.22	0	12.8691	0	18.9299	0
13.5657	0	22.8645	0	15.1357	0	12.6533	0	18.6386	0	19.7152	0	18.4097	0	14.5193	0	12.5211	0	19.617	0	17.8353	0	34.784	0	15.8953	0	12.2749	0	13.9806	0	26.3484	0	12.0283	0	18.6662	0	17.8997	0	17.7239	0	15.0296	0	16.4644	0	12.9473	0	12.8691	0	18.9299	0
13.5657	0	22.8645	0	15.1357	0	12.6533	0	16.3377	0	16.836	0	18.4097	0	14.5193	0	12.1622	0	19.617	0	17.8353	0	27.7059	0	15.8953	0	12.2749	0	13.9806	0	26.3484	0	12.0283	0	18.6662	0	17.8997	0	17.7239	0	15.0296	0	16.4644	0	12.9473	0	12.6896	0	16.8092	0
13.5657	0	22.8645	0	15.1357	0	12.6533	0	16.3377	0	16.836	0	18.1407	0	14.5193	0	12.1622	0	19.617	0	15.1919	0	23.6506	0	15.5126	0	12.2749	0	13.8694	0	19.7264	0	11.8818	0	15.2755	0	17.8997	0	17.7239	0	14.6708	0	15.6463	0	12.9473	0	12.6896	0	16.8092	0
13.5657	0	22.8645	0	15.1357	0	12.6533	0	14.7934	0	16.836	0	18.1407	0	13.7939	0	12.1622	0	16.799	0	15.1919	0	23.6506	0	14.3542	0	12.2672	0	13.5908	0	16.6616	0	11.8818	0	15.2755	0	17.8997	0	17.7239	0	13.2381	0	15.6463	0	12.9473	0	12.663	0	16.8092	0
13.3738	0	22.8645	0	13.6363	0	12.6533	0	14.7934	0	16.836	0	17.1051	0	13.7939	0	12.1622	0	16.799	0	14.7368	0	22.0146	0	13.7203	0	12.2672	0	13.5908	0	16.6616	0	11.8818	0	15.2755	0	17.8997	0	17.7239	0	13.2381	0	15.6463	0	12.9473	0	12.4113	0	14.5139	0
13.183	0	22.8645	0	13.6363	0	12.6533	0	14.2998	0	15.4182	0	14.913	0	13.1312	0	12.1498	0	16.799	0	14.7368	0	16.3457	0	13.7203	0	12.2672	0	13.0158	0	16.6616	0	11.8818	0	15.2755	0	17.8997	0	17.7239	0	13.2381	0	13.9121	0	11.685	0	12.4113	0	14.5139	0
12.6265	0	22.0057	0	13.6363	0	12.6512	0	14.2998	0	15.4182	0	14.913	0	13.1312	0	12.1498	0	16.737	0	14.7368	0	16.3457	0	13.7203	0	12.2625	0	12.9593	0	16.1597	0	11.8818	0	15.2755	0	17.8997	0	15.7818	0	12.9701	0	13.9121	0	11.685	0	12.4113	0	14.5139	0
12.1487	0	22.0057	0	13.6363	0	12.4138	0	14.2998	0	13.8156	0	14.7679	0	13.1312	0	12.1498	0	16.737	0	14.7368	0	16.3457	0	13.6407	0	12.2625	0	12.9593	0	16.1597	0	11.8818	0	15.2755	0	17.8997	0	15.6169	0	12.7973	0	13.9121	0	11.685	0	12.2783	0	14.5139	0
12.1487	0	19.1262	0	12.8385	0	12.4138	0	14.2998	0	13.8156	0	14.7679	0	12.6371	0	12.1498	0	13.8653	0	14.7368	0	16.3457	0	13.2258	0	12.2625	0	12.5912	0	16.1597	0	11.5092	0	15.2755	0	17.8997	0	15.6169	0	12.7973	0	13.9121	0	11.685	0	12.2783	0	14.5139	0
11.9667	0	16.8406	0	12.8385	0	12.4138	0	13.9002	0	12.2804	0	14.7679	0	12.6371	0	12.0162	0	13.8653	0	13.3691	0	16.3457	0	13.2258	0	12.2625	0	12.4276	0	16.1597	0	11.5092	0	14.9961	0	15.7575	0	13.6455	0	12.7973	0	12.8861	0	11.685	0	12.2783	0	12.3422	0
11.9667	0	16.8406	0	12.8385	0	12.1763	0	13.3228	0	12.2804	0	14.7471	0	12.6371	0	12.0162	0	13.8653	0	12.9202	0	16.3457	0	12.8386	0	12.2625	0	12.4276	0	15.2731	0	11.5092	0	13.7755	0	15.7575	0	13.6455	0	12.5374	0	12.8861	0	11.685	0	12.2783	0	12.3422	0
11.9667	0	16.8406	0	12.8385	0	12.1763	0	13.3228	0	12.2804	0	13.0248	0	12.6371	0	12.0162	0	13.8653	0	12.9202	0	16.3457	0	12.8386	0	12.0832	0	11.9544	0	15.2731	0	11.5092	0	13.7755	0	15.7575	0	13.6455	0	12.5374	0	12.5444	0	11.685	0	12.2526	0	12.3422	0
11.9603	0	14.7644	0	12.7812	0	12.1763	0	13.3228	0	12.2804	0	12.9284	0	12.5836	0	12.0162	0	13.8653	0	12.9202	0	16.3457	0	12.8386	0	12.0832	0	11.91	0	13.0022	0	11.5092	0	13.7755	0	15.7575	0	13.6455	0	12.5374	0	12.5444	0	11.685	0	12.1023	0	12.3422	0
11.9603	0	14.7644	0	12.7812	0	11.4985	0	13.3228	0	12.2804	0	12.9284	0	12.5836	0	11.7256	0	13.7568	0	12.7005	0	16.3457	0	12.8386	0	11.4053	0	11.91	0	12.9481	0	11.5092	0	13.7755	0	15.7575	0	13.6435	0	12.0281	0	12.5444	0	11.685	0	11.8691	0	12.3422	0
11.9603	0	13.8444	0	12.7812	0	11.4985	0	12.5645	0	12.2804	0	12.9284	0	12.5836	0	11.7256	0	13.3565	0	12.3807	0	16.2202	0	12.5299	0	11.4053	0	11.91	0	12.9481	0	11.5092	0	13.0303	0	15.7575	0	13.3732	0	12.0281	0	12.5444	0	11.685	0	11.8691	0	12.3422	0
11.9603	0	13.8444	0	12.4696	0	11.4985	0	12.5645	0	12.2804	0	12.9284	0	12.1809	0	11.6784	0	12.83	0	12.3807	0	15.6666	0	12.5299	0	11.4053	0	11.91	0	12.9481	0	11.5092	0	13.0303	0	15.3878	0	13.3732	0	11.8662	0	12.5444	0	11.685	0	11.8691	0	12.3422	0
11.9603	0	13.8444	0	12.3568	0	11.1071	0	12.5645	0	12.2804	0	12.9284	0	12.1809	0	11.6784	0	12.83	0	12.3807	0	14.3292	0	11.7841	0	11.4053	0	11.91	0	12.9481	0	11.5092	0	13.0303	0	15.3878	0	12.2802	0	11.8662	0	12.5444	0	11.685	0	11.8691	0	12.3422	0
11.9603	0	13.8444	0	12.3568	0	11.1071	0	12.5645	0	12.2804	0	12.9284	0	11.8098	0	11.6784	0	12.537	0	11.7103	0	14.3125	0	11.7841	0	11.4053	0	11.5842	0	12.9481	0	11.5092	0	13.0303	0	15.3878	0	12.2802	0	11.8662	0	12.5444	0	11.685	0	11.5242	0	12.3422	0
11.9603	0	13.8444	0	12.3568	0	11.1071	0	12.5645	0	12.2804	0	11.9105	0	11.8098	0	11.6784	0	12.537	0	11.7103	0	13.6833	0	11.7841	0	11.4053	0	11.5842	0	12.5315	0	11.4983	0	12.5773	0	15.3878	0	12.2802	0	11.8662	0	12.5444	0	11.685	0	11.5242	0	12.3422	0
11.9603	0	13.8444	0	11.9758	0	11.1071	0	12.5645	0	12.2804	0	11.9105	0	11.8098	0	11.6784	0	12.3093	0	11.7103	0	13.5354	0	11.7841	0	11.4053	0	11.5842	0	12.5315	0	11.4983	0	12.5773	0	13.7514	0	12.0029	0	11.8662	0	12.3882	0	11.685	0	11.5242	0	12.2367	0
11.8177	0	13.1308	0	11.9758	0	11.1071	0	12.5645	0	12.2804	0	11.9105	0	11.8098	0	11.5979	0	12.3093	0	11.7103	0	13.4248	0	11.7841	0	11.4053	0	11.5842	0	12.0756	0	11.4983	0	12.3943	0	13.7514	0	12.0029	0	11.8662	0	12.3882	0	11.685	0	11.5242	0	12.2367	0
11.8177	0	13.1308	0	11.9758	0	11.1071	0	12.3635	0	12.2804	0	11.9105	0	11.8098	0	11.5979	0	12.3093	0	11.7103	0	13.4248	0	11.7841	0	11.4053	0	11.5842	0	11.831	0	11.4983	0	11.9171	0	13.7514	0	12.0029	0	11.8662	0	12.3882	0	11.6232	0	11.4849	0	11.9136	0
11.8177	0	13.1308	0	11.9758	0	11.1071	0	12.1512	0	12.2804	0	11.9105	0	11.8098	0	11.5979	0	12.3093	0	11.7103	0	13.3044	0	11.7841	0	11.3271	0	11.5842	0	11.831	0	11.4983	0	11.9171	0	13.1866	0	12.0029	0	11.8662	0	12.3882	0	11.6232	0	11.4849	0	11.9136	0
11.8177	0	13.0704	0	11.9758	0	11.1071	0	12.1512	0	12.2804	0	11.9105	0	11.8098	0	11.5979	0	12.1997	0	11.7103	0	13.2104	0	11.7841	0	11.3271	0	11.5842	0	11.831	0	11.4983	0	11.9171	0	13.1866	0	12.0029	0	11.8067	0	12.3882	0	11.6232	0	11.4849	0	11.9136	0
11.7157	0	12.6262	0	11.9758	0	11.1071	0	12.1512	0	12.2804	0	11.9105	0	11.6327	0	11.5979	0	11.2804	0	11.7103	0	12.7637	0	11.7841	0	11.3271	0	11.4132	0	11.831	0	11.4983	0	11.9171	0	13.1392	0	12.0029	0	11.8067	0	12.2225	0	11.6232	0	11.4849	0	11.9136	0
11.7157	0	12.6262	0	11.9758	0	11.1071	0	11.6057	0	12.2804	0	11.9105	0	11.6327	0	11.5979	0	11.2804	0	11.7103	0	12.3825	0	11.7841	0	11.1867	0	11.4132	0	11.831	0	11.4983	0	11.9171	0	13.1392	0	12.0029	0	11.8067	0	12.1318	0	11.6232	0	11.4849	0	11.9136	0
11.7157	0	12.28	0	11.9758	0	11.1071	0	11.6057	0	12.2804	0	11.3293	0	11.6327	0	11.5979	0	11.2804	0	11.7103	0	12.3825	0	11.7841	0	11.1867	0	11.4132	0	11.831	0	11.4983	0	11.9171	0	13.0765	0	12.0029	0	11.8067	0	11.9366	0	11.6232	0	11.4849	0	11.9136	0
11.7157	0	12.28	0	11.9758	0	11.1071	0	11.6057	0	12.2804	0	11.3293	0	11.6327	0	11.5979	0	11.2804	0	11.7103	0	12.217	0	11.7841	0	11.1867	0	11.4132	0	11.831	0	11.4983	0	11.9171	0	13.0765	0	12.0029	0	11.7164	0	11.6429	0	11.5245	0	11.4849	0	11.9136	0
11.7157	0	12.1204	0	11.8191	0	11.1071	0	11.6057	0	12.2804	0	11.3293	0	11.6327	0	11.5625	0	11.2804	0	11.7103	0	12.217	0	11.7841	0	11.1867	0	11.4132	0	11.7448	0	11.4983	0	11.9171	0	12.9651	0	12.0029	0	11.7164	0	11.6429	0	11.5245	0	11.4849	0	11.8657	0
11.7157	0	12.1204	0	11.3982	0	11.1071	0	11.6057	0	12.2804	0	11.3293	0	11.6327	0	11.5625	0	11.2804	0	11.7103	0	12.217	0	11.7841	0	11.1867	0	11.4132	0	11.7448	0	11.4983	0	11.9171	0	12.9651	0	11.2938	0	11.7164	0	11.6429	0	11.5245	0	11.4849	0	11.8657	0
11.6495	0	12.1204	0	11.3982	0	11.1071	0	11.6057	0	12.2804	0	11.3293	0	11.6327	0	11.5625	0	11.2804	0	11.2769	0	12.038	0	11.7841	0	11.1867	0	11.4132	0	11.7448	0	11.4983	0	11.9171	0	12.4532	0	11.2938	0	11.636	0	11.6118	0	11.5245	0	11.4849	0	11.5366	0
11.532	0	12.1204	0	11.3982	0	11.1071	0	11.6057	0	12.1262	0	11.3293	0	11.6327	0	11.5625	0	11.2804	0	11.2769	0	12.038	0	11.659	0	11.1281	0	11.4132	0	11.7448	0	11.4983	0	11.9171	0	12.4532	0	11.2938	0	11.636	0	11.6118	0	11.5245	0	11.4849	0	11.5366	0
11.532	0	12.1204	0	11.3982	0	11.1071	0	11.6057	0	12.1262	0	11.3293	0	11.6327	0	11.5625	0	11.2804	0	11.2769	0	11.2798	0	11.4495	0	11.1281	0	11.4132	0	11.7448	0	10.905	0	11.6019	0	12.4532	0	11.2938	0	11.636	0	11.6118	0	11.5245	0	11.4849	0	11.5366	0
11.532	0	12.1204	0	11.3982	0	11.1071	0	11.6057	0	12.0468	0	11.3293	0	10.917	0	11.5198	0	11.2804	0	11.2769	0	11.2798	0	11.4495	0	11.1281	0	11.4132	0	11.7448	0	10.905	0	11.6019	0	12.4532	0	11.2938	0	11.636	0	11.6118	0	11.5245	0	11.4849	0	11.5366	0
11.532	0	12.1204	0	11.3982	0	11.1071	0	11.6057	0	12.0468	0	11.3293	0	10.917	0	11.5198	0	11.2804	0	11.2769	0	11.2798	0	11.4495	0	11.1281	0	11.4132	0	11.7448	0	10.905	0	11.6019	0	12.1257	0	11.2938	0	11.636	0	11.6118	0	11.5245	0	11.4849	0	11.5366	0
11.532	0	11.6416	0	11.3982	0	11.1071	0	11.6057	0	11.504	0	11.3293	0	10.917	0	11.5198	0	11.2804	0	11.2769	0	11.2798	0	11.4495	0	11.1281	0	11.4132	0	11.7448	0	10.905	0	11.6019	0	12.1257	0	11.2938	0	11.636	0	11.6118	0	11.5245	0	11.4849	0	11.5366	0
11.5105	0	11.6416	0	11.3982	0	11.1071	0	11.6057	0	11.504	0	11.3293	0	10.917	0	11.5198	0	11.2804	0	11.2769	0	11.2798	0	11.4495	0	11.1281	0	11.4132	0	11.7448	0	10.905	0	11.6019	0	12.1257	0	11.2938	0	11.636	0	11.6118	0	11.5245	0	11.4849	0	11.5366	0
11.5105	0	11.6416	0	11.3982	0	11.1071	0	11.6057	0	11.504	0	11.3293	0	10.917	0	11.5198	0	11.2804	0	11.2769	0	11.2798	0	11.4495	0	11.1281	0	11.4132	0	11.7448	0	10.905	0	11.6019	0	11.7908	0	11.2938	0	11.2853	0	11.6118	0	11.434	0	11.4849	0	11.5366	0
11.3957	0	11.6416	0	11.3982	0	11.1071	0	11.6057	0	11.504	0	11.3293	0	10.917	0	11.5198	0	11.2804	0	11.2769	0	11.2798	0	11.4495	0	11.1281	0	11.4132	0	11.7448	0	10.905	0	11.558	0	11.7908	0	11.2938	0	11.2853	0	11.6118	0	11.4254	0	11.3952	0	11.5366	0
11.3957	0	11.6416	0	11.3982	0	11.1071	0	11.3612	0	11.504	0	11.3293	0	10.917	0	11.5198	0	11.2804	0	11.2382	0	11.2798	0	11.1889	0	11.1281	0	11.4132	0	11.7448	0	10.905	0	11.0343	0	11.7908	0	11.2938	0	11.2853	0	11.5121	0	11.4254	0	11.3952	0	11.5366	0
11.3957	0	11.6416	0	11.3982	0	11.0799	0	11.3612	0	11.504	0	11.3293	0	10.917	0	11.4815	0	11.2804	0	11.2382	0	11.2798	0	11.1889	0	10.8683	0	11.4132	0	11.7448	0	10.905	0	11.0343	0	11.7908	0	11.2938	0	11.2853	0	11.5121	0	11.4041	0	11.3952	0	11.3977	0
11.3957	0	11.6416	0	11.3982	0	11.0799	0	11.279	0	11.504	0	11.3293	0	10.917	0	11.4815	0	11.2804	0	11.1698	0	11.2798	0	11.1889	0	10.8683	0	11.4132	0	11.7448	0	10.905	0	11.0343	0	11.7908	0	11.2938	0	11.2853	0	11.4689	0	11.3188	0	11.3952	0	11.3977	0
11.3957	0	11.6416	0	11.3982	0	11.0799	0	11.279	0	11.482	0	11.3293	0	10.917	0	11.4815	0	11.2804	0	11.1698	0	11.2798	0	11.1889	0	10.8683	0	11.4132	0	11.7069	0	10.905	0	11.0343	0	11.7908	0	11.2938	0	11.2853	0	11.4689	0	11.3188	0	11.3952	0	11.3977	0
11.3569	0	11.6416	0	11.3982	0	11.0799	0	11.279	0	11.482	0	11.3293	0	10.917	0	11.4815	0	11.2804	0	11.1698	0	11.2798	0	11.1889	0	10.8683	0	11.4132	0	11.4233	0	10.905	0	11.0343	0	11.7908	0	11.2938	0	11.2853	0	11.4689	0	11.3188	0	11.349	0	11.3977	0
11.3569	0	11.6099	0	11.3982	0	11.0166	0	11.279	0	11.482	0	11.3293	0	10.917	0	11.0895	0	11.1681	0	11.1698	0	11.2798	0	11.1889	0	10.8259	0	11.4132	0	11.4233	0	10.905	0	11.0343	0	11.7908	0	11.2938	0	11.2853	0	11.4689	0	11.3188	0	11.1639	0	11.3977	0
11.3569	0	11.6099	0	11.3982	0	11.0166	0	11.279	0	11.482	0	11.3293	0	10.917	0	11.0895	0	11.1681	0	11.1698	0	11.2798	0	11.1889	0	10.8259	0	11.4132	0	11.4233	0	10.905	0	11.0343	0	11.7908	0	11.2938	0	11.2853	0	11.4689	0	11.3188	0	11.1639	0	11.3977	0
11.3569	0	11.6099	0	11.3331	0	11.0166	0	11.279	0	11.3538	0	11.3293	0	10.917	0	11.0895	0	11.1681	0	11.1698	0	11.2798	0	11.1889	0	10.8259	0	11.4132	0	11.4233	0	10.905	0	11.0343	0	11.3452	0	11.2938	0	11.2853	0	11.4689	0	11.3188	0	11.1639	0	11.3977	0
11.3569	0	11.6099	0	11.3331	0	11.0166	0	11.279	0	11.3538	0	11.3293	0	10.917	0	11.0895	0	11.0354	0	11.1698	0	11.2798	0	11.1889	0	10.8259	0	11.4132	0	11.4233	0	10.905	0	11.0343	0	11.3452	0	11.2938	0	11.2853	0	11.3398	0	11.3188	0	11.1639	0	11.3977	0
11.3569	0	11.6099	0	11.3331	0	11.0166	0	11.279	0	11.3538	0	11.3293	0	10.917	0	11.0895	0	11.0354	0	11.1698	0	11.2798	0	11.1889	0	10.8259	0	11.4132	0	11.4233	0	10.905	0	11.0343	0	11.3452	0	11.2938	0	11.2853	0	11.3398	0	11.2089	0	11.1639	0	11.3977	0
11.3569	0	11.6099	0	11.3331	0	11.0166	0	11.2572	0	11.3538	0	11.3293	0	10.917	0	11.0895	0	11.0354	0	11.1698	0	11.2798	0	11.1889	0	10.8259	0	11.1769	0	11.4233	0	10.905	0	11.0343	0	11.3452	0	11.2938	0	11.2853	0	11.3398	0	11.2089	0	11.1639	0	11.3977	0
11.3569	0	11.6099	0	11.3331	0	11.0166	0	11.1853	0	11.3538	0	11.3293	0	10.917	0	11.0895	0	11.0354	0	11.1698	0	11.2798	0	11.1889	0	10.8259	0	11.1769	0	11.4233	0	10.8234	0	11.0343	0	11.3452	0	11.23	0	10.6991	0	11.3398	0	11.2089	0	11.096	0	11.3977	0
11.2711	0	11.6099	0	11.1367	0	11.0166	0	11.1853	0	11.3538	0	11.3293	0	10.917	0	11.0895	0	11.0354	0	11.1698	0	11.2798	0	11.1889	0	10.8259	0	11.1769	0	11.4233	0	10.8234	0	11.0343	0	11.3452	0	11.23	0	10.6991	0	11.3398	0	11.2089	0	11.096	0	11.2886	0
11.157	0	11.3006	0	11.1367	0	11.0166	0	11.1853	0	11.3538	0	11.3293	0	10.917	0	10.9629	0	11.0354	0	11.1698	0	11.2798	0	11.1889	0	10.8259	0	11.1769	0	11.4233	0	10.8234	0	11.0343	0	11.3452	0	11.23	0	10.6991	0	11.1394	0	11.2089	0	11.096	0	11.2886	0
11.0699	0	11.3006	0	11.1367	0	11.0166	0	11.1853	0	11.3538	0	11.3293	0	10.917	0	10.9629	0	11.0354	0	11.1698	0	11.2798	0	11.1889	0	10.8259	0	11.1264	0	11.411	0	10.8234	0	11.0343	0	11.3452	0	11.23	0	10.6991	0	11.1394	0	11.2089	0	11.096	0	11.1305	0
10.942	0	11.3006	0	11.1263	0	10.97	0	11.1853	0	11.2984	0	11.3293	0	10.8989	0	10.9629	0	11.0354	0	11.1698	0	11.2798	0	11.1889	0	10.8259	0	11.1264	0	11.411	0	10.8234	0	11.0343	0	11.3452	0	11.23	0	10.6991	0	11.1394	0	11.2089	0	11.096	0	11.1305	0
10.942	0	11.3006	0	11.1263	0	10.97	0	11.1853	0	11.2984	0	11.3293	0	10.8989	0	10.9629	0	11.0354	0	11.1698	0	11.2798	0	11.1889	0	10.8259	0	11.1264	0	11.411	0	10.8234	0	11.0343	0	11.3452	0	11.23	0	10.6991	0	11.1394	0	11.2089	0	10.7963	0	11.1305	0
10.942	0	11.3006	0	11.1263	0	10.97	0	11.1853	0	11.2984	0	11.3293	0	10.8989	0	10.9629	0	11.0354	0	11.1698	0	11.2798	0	11.1889	0	10.8259	0	11.1264	0	11.411	0	10.8234	0	11.0343	0	11.3452	0	11.23	0	10.6991	0	11.1394	0	11.1814	0	10.7963	0	11.0907	0
10.7594	0	11.3006	0	11.1263	0	10.97	0	11.1853	0	11.2524	0	11.3293	0	10.8989	0	10.9629	0	11.0354	0	11.1698	0	11.2798	0	11.1889	0	10.8259	0	11.1264	0	11.2499	0	10.8234	0	11.0343	0	11.3452	0	11.23	0	10.6991	0	11.1394	0	11.1814	0	10.7963	0	11.0907	0
10.7594	0	11.3006	0	11.1263	0	10.97	0	11.1853	0	11.2524	0	11.3293	0	10.8989	0	10.9629	0	11.0354	0	11.1698	0	11.2798	0	11.1889	0	10.8259	0	10.912	0	11.2499	0	10.8234	0	11.0343	0	11.3452	0	11.23	0	10.6991	0	11.1394	0	11.1814	0	10.7963	0	11.0907	0
10.7594	0	11.3006	0	11.1263	0	10.97	0	11.1853	0	11.1271	0	11.3293	0	10.8989	0	10.9629	0	11.0354	0	11.1698	0	11.2798	0	11.1889	0	10.8259	0	10.912	0	11.2499	0	10.8234	0	11.0343	0	11.3452	0	11.23	0	10.6991	0	11.1394	0	11.1814	0	10.7963	0	10.9019	0
10.7594	0	11.3006	0	11.1263	0	10.97	0	11.1853	0	11.0735	0	11.3293	0	10.8989	0	10.9629	0	11.0354	0	11.1698	0	11.2798	0	11.1889	0	10.8259	0	10.912	0	11.1286	0	10.8234	0	11.0343	0	11.3452	0	11.23	0	10.6991	0	11.1394	0	11.1814	0	10.7963	0	10.9019	0
10.7594	0	11.3006	0	11.1263	0	10.9409	0	11.1853	0	11.0735	0	11.3293	0	10.8989	0	10.9138	0	11.0354	0	11.1698	0	11.2798	0	11.1889	0	10.8259	0	10.912	0	11.1286	0	10.8234	0	11.0343	0	11.3452	0	11.23	0	10.6991	0	11.1394	0	11.1814	0	10.7963	0	10.8848	0
10.7594	0	11.1906	0	11.1263	0	10.9409	0	11.1853	0	10.9664	0	11.3293	0	10.8989	0	10.9138	0	11.0354	0	11.1698	0	11.2798	0	11.1889	0	10.8259	0	10.912	0	11.1286	0	10.8234	0	11.0343	0	11.3452	0	11.23	0	10.6991	0	11.1394	0	11.1814	0	10.7963	0	10.8848	0
10.7594	0	11.1906	0	11.1263	0	10.8623	0	11.1853	0	10.9371	0	11.3293	0	10.7202	0	10.9138	0	11.0354	0	11.1698	0	11.2798	0	11.1889	0	10.8259	0	10.912	0	11.1286	0	10.8234	0	11.0343	0	11.3452	0	10.7877	0	10.6991	0	11.0886	0	11.1814	0	10.7963	0	10.8848	0
10.7594	0	11.1906	0	10.9676	0	10.6574	0	11.1853	0	10.9371	0	11.3293	0	10.7202	0	10.9138	0	11.0129	0	11.1698	0	11.2798	0	11.1889	0	10.8259	0	10.912	0	11.1286	0	10.8234	0	11.0343	0	11.3452	0	10.7877	0	10.6991	0	11.0886	0	11.1814	0	10.7963	0	10.8718	0
10.7594	0	10.9449	0	10.9676	0	10.6574	0	11.1853	0	10.6859	0	11.3293	0	10.62	0	10.9138	0	10.9079	0	11.1698	0	11.2798	0	11.1889	0	10.8259	0	10.912	0	11.1286	0	10.8234	0	11.0343	0	11.3452	0	10.7877	0	10.6991	0	11.0886	0	11.1712	0	10.6343	0	10.7646	0
10.7594	0	10.9449	0	10.9676	0	10.6574	0	11.1853	0	10.6859	0	11.3293	0	10.62	0	10.9138	0	10.9079	0	11.1698	0	11.2798	0	11.1889	0	10.8037	0	10.912	0	11.1286	0	10.8234	0	11.0343	0	11.3051	0	10.7877	0	10.6991	0	11.0886	0	11.1712	0	10.6343	0	10.7646	0
10.7594	0	10.9449	0	10.9676	0	10.6574	0	11.1853	0	10.6859	0	11.3293	0	10.62	0	10.9019	0	10.9079	0	11.1698	0	11.2798	0	11.1889	0	10.8037	0	10.912	0	11.1286	0	10.8234	0	11.0343	0	11.1658	0	10.7877	0	10.6991	0	11.0886	0	11.1177	0	10.6343	0	10.7646	0
10.7594	0	10.9449	0	10.9676	0	10.6574	0	11.1853	0	10.6859	0	11.3293	0	10.62	0	10.8712	0	10.9079	0	11.1698	0	11.2798	0	11.1889	0	10.7652	0	10.8907	0	11.1286	0	10.8234	0	11.0343	0	11.1658	0	10.7877	0	10.6991	0	11.0886	0	11.1177	0	10.6343	0	10.6589	0
10.7594	0	10.9449	0	10.9078	0	10.6574	0	11.1853	0	10.6859	0	11.3293	0	10.62	0	10.7241	0	10.9079	0	11.1698	0	11.1616	0	11.1889	0	10.7652	0	10.8907	0	11.1286	0	10.7952	0	11.0343	0	11.1658	0	10.7877	0	10.6991	0	11.0886	0	11.1177	0	10.6343	0	10.6589	0
10.7594	0	10.9449	0	10.9078	0	10.6574	0	11.1853	0	10.6859	0	11.3293	0	10.4105	0	10.7221	0	10.9079	0	11.1698	0	11.1616	0	11.1889	0	10.7315	0	10.8907	0	11.1286	0	10.7589	0	11.0343	0	11.1658	0	10.7877	0	10.6991	0	10.9139	0	10.9655	0	10.6343	0	10.6589	0
10.7594	0	10.9449	0	10.9078	0	10.6574	0	11.1853	0	10.6859	0	11.222	0	10.4105	0	10.7221	0	10.6847	0	11.1698	0	11.1616	0	11.1889	0	10.7138	0	10.8907	0	11.1286	0	10.7589	0	11.0343	0	11.1658	0	10.7877	0	10.6991	0	10.9108	0	10.9655	0	10.5897	0	10.6589	0
10.7594	0	10.9449	0	10.9078	0	10.4791	0	11.1669	0	10.642	0	11.222	0	10.4105	0	10.7016	0	10.6847	0	11.1437	0	11.1616	0	11.1889	0	10.7138	0	10.8907	0	11.1091	0	10.5581	0	10.8237	0	11.1658	0	10.7877	0	10.6991	0	10.9108	0	10.9655	0	10.5897	0	10.4907	0
10.7594	0	10.9449	0	10.9078	0	10.4791	0	11.1669	0	10.6286	0	11.0351	0	10.4105	0	10.5728	0	10.6847	0	11.1437	0	11.1616	0	11.1889	0	10.5524	0	10.8907	0	11.0652	0	10.5581	0	10.8237	0	11.1658	0	10.7877	0	10.6991	0	10.9108	0	10.9655	0	10.5897	0	10.4907	0
10.7594	0	10.9449	0	10.8091	0	10.4791	0	11.1669	0	10.6286	0	11.0351	0	10.4105	0	10.549	0	10.6847	0	11.1048	0	11.1616	0	11.1889	0	10.5524	0	10.8907	0	11.0652	0	10.5581	0	10.8237	0	11.0746	0	10.7877	0	10.6991	0	10.9108	0	10.9655	0	10.5897	0	10.4907	0
10.7594	0	10.9449	0	10.8091	0	10.4791	0	11.1669	0	10.3696	0	11.0351	0	10.4105	0	10.549	0	10.6847	0	11.1048	0	11.1616	0	11.1889	0	10.5524	0	10.8907	0	11.0652	0	10.5581	0	10.8237	0	10.8056	0	10.7877	0	10.6991	0	10.9108	0	10.9655	0	10.3982	0	10.4907	0
10.7594	0	10.9449	0	10.8091	0	10.4791	0	10.8854	0	10.3696	0	11.0351	0	10.4105	0	10.549	0	10.6847	0	11.1048	0	10.9403	0	11.172	0	10.5524	0	10.8907	0	11.0652	0	10.5581	0	10.8237	0	10.8056	0	10.7877	0	10.6991	0	10.9108	0	10.9655	0	10.3982	0	10.4907	0
10.498	0	10.9449	0	10.8091	0	10.4791	0	10.8854	0	10.3696	0	11.0351	0	10.4105	0	10.549	0	10.6758	0	11.1048	0	10.9403	0	11.172	0	10.506	0	10.8907	0	10.9316	0	10.5581	0	10.8237	0	10.8056	0	10.7877	0	10.6991	0	10.9108	0	10.9571	0	10.3982	0	10.4146	0
10.498	0	10.9449	0	10.8091	0	10.4791	0	10.8854	0	10.3696	0	11.0351	0	10.4105	0	10.549	0	10.6758	0	10.8122	0	10.9403	0	11.1008	0	10.506	0	10.8907	0	10.9316	0	10.5444	0	10.8237	0	10.8056	0	10.7877	0	10.6991	0	10.9108	0	10.8872	0	10.3982	0	10.4146	0
10.498	0	10.9449	0	10.7924	0	10.4228	0	10.8854	0	10.3696	0	11.0351	0	10.4105	0	10.4645	0	10.6758	0	10.8122	0	10.9403	0	11.1008	0	10.506	0	10.8907	0	10.9316	0	10.4232	0	10.8237	0	10.8056	0	10.7877	0	10.6991	0	10.8864	0	10.8872	0	10.3982	0	10.3104	0
10.4423	0	10.9449	0	10.7924	0	10.4228	0	10.8299	0	10.3696	0	11.0351	0	10.4105	0	10.4645	0	10.6758	0	10.8122	0	10.9403	0	11.1008	0	10.506	0	10.8907	0	10.9316	0	10.3876	0	10.8078	0	10.8056	0	10.7877	0	10.6991	0	10.8196	0	10.7359	0	10.3982	0	10.3104	0
10.4423	0	10.9449	0	10.7019	0	10.4228	0	10.691	0	10.3696	0	11.0351	0	10.3906	0	10.4208	0	10.6758	0	10.8122	0	10.9403	0	11.1008	0	10.506	0	10.8907	0	10.9316	0	10.3876	0	10.8078	0	10.7207	0	10.7877	0	10.6991	0	10.8196	0	10.7359	0	10.3982	0	10.3104	0
10.4423	0	10.9449	0	10.6713	0	10.4228	0	10.691	0	10.3696	0	11.0351	0	10.3906	0	10.3482	0	10.6758	0	10.8122	0	10.9403	0	10.9797	0	10.3216	0	10.8907	0	10.9316	0	10.3876	0	10.8078	0	10.7207	0	10.7877	0	10.6991	0	10.8196	0	10.5832	0	10.3982	0	10.3104	0
10.4423	0	10.8115	0	10.6713	0	10.4228	0	10.691	0	10.3651	0	11.0351	0	10.2957	0	10.3482	0	10.645	0	10.6532	0	10.9206	0	10.9797	0	10.3216	0	10.8907	0	10.9316	0	10.3045	0	10.8078	0	10.6685	0	10.7877	0	10.6991	0	10.8196	0	10.5832	0	10.3982	0	10.3104	0
10.4423	0	10.8115	0	10.6713	0	10.4228	0	10.691	0	10.2446	0	11.0351	0	10.2957	0	10.3482	0	10.645	0	10.6532	0	10.865	0	10.9797	0	10.3216	0	10.8907	0	10.9316	0	10.2703	0	10.8078	0	10.6685	0	10.5351	0	10.6991	0	10.8196	0	10.5832	0	10.3982	0	10.3104	0
10.4423	0	10.8115	0	10.6713	0	10.4228	0	10.691	0	10.2446	0	11.0351	0	10.2957	0	10.3482	0	10.645	0	10.6532	0	10.8163	0	10.7717	0	10.3216	0	10.8907	0	10.8766	0	10.2703	0	10.8078	0	10.6412	0	10.5351	0	10.6991	0	10.8196	0	10.5832	0	10.2222	0	10.2889	0
10.4423	0	10.8115	0	10.6713	0	10.3381	0	10.691	0	10.2446	0	11.0351	0	10.2957	0	10.3482	0	10.645	0	10.6532	0	10.8163	0	10.7717	0	10.2794	0	10.8907	0	10.8766	0	10.2703	0	10.8078	0	10.6412	0	10.5351	0	10.6991	0	10.8196	0	10.5832	0	10.2222	0	10.2705	0
10.4387	0	10.8115	0	10.6713	0	10.271	0	10.691	0	10.2405	0	11.0351	0	10.2957	0	10.2296	0	10.645	0	10.6532	0	10.7416	0	10.7104	0	10.2794	0	10.8907	0	10.8766	0	10.2703	0	10.6271	0	10.6269	0	10.5351	0	10.6991	0	10.8196	0	10.5571	0	10.2222	0	10.2536	0
10.4387	0	10.8115	0	10.6713	0	10.271	0	10.691	0	10.2405	0	11.0351	0	10.2957	0	10.2296	0	10.645	0	10.6532	0	10.7416	0	10.7104	0	10.2794	0	10.8907	0	10.8766	0	10.2703	0	10.6271	0	10.3483	0	10.5351	0	10.6991	0	10.5125	0	10.5571	0	10.2222	0	10.1269	0
10.4053	0	10.8115	0	10.6595	0	10.271	0	10.691	0	10.2405	0	11.0351	0	10.2957	0	10.2296	0	10.4631	0	10.6532	0	10.7357	0	10.7104	0	10.2794	0	10.8907	0	10.8766	0	10.2703	0	10.6271	0	10.3483	0	10.5351	0	10.6991	0	10.5125	0	10.5571	0	10.2222	0	10.1269	0
10.3181	0	10.8115	0	10.5489	0	10.271	0	10.691	0	10.2405	0	10.841	0	10.2957	0	10.2296	0	10.4631	0	10.5353	0	10.7357	0	10.7104	0	10.2131	0	10.8907	0	10.8683	0	10.1274	0	10.6271	0	10.3483	0	10.5351	0	10.6956	0	10.5125	0	10.5484	0	10.1387	0	10.1269	0
10.2769	0	10.8115	0	10.5489	0	10.271	0	10.6647	0	10.2191	0	10.841	0	10.2915	0	10.1801	0	10.418	0	10.5353	0	10.7357	0	10.7104	0	10.0896	0	10.8907	0	10.8683	0	10.1274	0	10.6271	0	10.3483	0	10.5351	0	10.6956	0	10.5125	0	10.5484	0	10.1387	0	10.0984	0
10.2618	0	10.8115	0	10.5489	0	10.2569	0	10.6647	0	10.2191	0	10.841	0	10.2915	0	10.1801	0	10.418	0	10.5353	0	10.7357	0	10.7104	0	10.0896	0	10.7604	0	10.8683	0	10.1274	0	10.6271	0	10.324	0	10.5351	0	10.6956	0	10.5125	0	10.5484	0	10.1387	0	10.0984	0
10.2618	0	10.8115	0	10.4324	0	10.2569	0	10.5233	0	10.2067	0	10.841	0	10.1597	0	10.1394	0	10.418	0	10.5353	0	10.7357	0	10.7104	0	10.0896	0	10.7604	0	10.8683	0	10.1274	0	10.6271	0	10.324	0	10.5351	0	10.6956	0	10.5125	0	10.5484	0	9.95211	0	9.98669	0
10.2618	0	10.8115	0	10.4324	0	10.2569	0	10.5233	0	10.1354	0	10.841	0	10.1597	0	10.0832	0	10.418	0	10.5353	0	10.7357	0	10.5656	0	10.0077	0	10.7286	0	10.6246	0	10.1274	0	10.6271	0	10.324	0	10.5351	0	10.5988	0	10.5125	0	10.5353	0	9.95211	0	9.98669	0
10.1043	0	10.8115	0	10.4324	0	10.2288	0	10.5233	0	10.1354	0	10.841	0	10.1597	0	10.0832	0	10.418	0	10.5353	0	10.7357	0	10.5656	0	10.0077	0	10.7286	0	10.6246	0	10.1274	0	10.6271	0	10.324	0	10.5351	0	10.5988	0	10.5125	0	10.5353	0	9.95211	0	9.98669	0
10.1043	0	10.7456	0	10.4324	0	10.1844	0	10.5233	0	10.1354	0	10.841	0	10.1597	0	9.99256	0	10.418	0	10.5353	0	10.7357	0	10.4194	0	10.0077	0	10.7286	0	10.5352	0	10.1274	0	10.6271	0	10.2355	0	10.5351	0	10.5988	0	10.5125	0	10.4592	0	9.95211	0	9.98669	0
10.0921	0	10.7456	0	10.4324	0	10.1325	0	10.5086	0	10.0217	0	10.841	0	10.1597	0	9.99256	0	10.418	0	10.4261	0	10.7357	0	10.4194	0	9.97338	0	10.643	0	10.5352	0	10.1131	0	10.5833	0	10.1971	0	10.4586	0	10.5988	0	10.5125	0	10.4592	0	9.95211	0	9.96711	0
10.0921	0	10.7456	0	10.4324	0	10.0931	0	10.5086	0	10.0217	0	10.841	0	10.1597	0	9.99256	0	10.4158	0	10.4261	0	10.6484	0	10.4194	0	9.96109	0	10.643	0	10.5352	0	10.1131	0	10.4672	0	10.1971	0	10.4586	0	10.5988	0	10.5125	0	10.4592	0	9.95211	0	9.93661	0
10.0904	0	10.617	0	10.4324	0	10.0931	0	10.3677	0	10.0217	0	10.841	0	10.0797	0	9.99256	0	10.4158	0	10.4261	0	10.5808	0	10.4194	0	9.93682	0	10.643	0	10.4291	0	10.1036	0	10.4672	0	10.1971	0	10.4392	0	10.5988	0	10.5125	0	10.4393	0	9.9511	0	9.93661	0
10.0904	0	10.617	0	10.3979	0	10.09	0	10.3677	0	10.0019	0	10.841	0	10.0797	0	9.99256	0	10.4158	0	10.317	0	10.5808	0	10.4194	0	9.93682	0	10.6062	0	10.4291	0	10.1036	0	10.4311	0	10.159	0	10.3791	0	10.5008	0	10.5125	0	10.4393	0	9.94296	0	9.91411	0
10.0887	0	10.617	0	10.3979	0	10.0893	0	10.3677	0	9.99278	0	10.841	0	10.0693	0	9.99256	0	10.3482	0	10.317	0	10.5808	0	10.4194	0	9.93682	0	10.6062	0	10.4291	0	9.98341	0	10.4311	0	10.1054	0	10.3791	0	10.5008	0	10.5125	0	10.4393	0	9.94296	0	9.91411	0
10.0537	0	10.617	0	10.3544	0	10.0276	0	10.3677	0	9.95433	0	10.841	0	10.0693	0	9.97169	0	10.2518	0	10.317	0	10.5224	0	10.4194	0	9.93682	0	10.5831	0	10.4291	0	9.98341	0	10.2801	0	10.1042	0	10.3791	0	10.5008	0	10.5125	0	10.2781	0	9.93451	0	9.86953	0
9.94407	0	10.6039	0	10.2564	0	10.0075	0	10.3677	0	9.95433	0	10.841	0	10.0619	0	9.97169	0	10.2518	0	10.287	0	10.4261	0	10.4194	0	9.91699	0	10.5831	0	10.4291	0	9.98341	0	10.2801	0	10.0669	0	10.3365	0	10.3528	0	10.4508	0	10.2781	0	9.89507	0	9.86953	0
9.94407	0	10.6039	0	10.2564	0	10.0012	0	10.3677	0	9.95433	0	10.841	0	10.0619	0	9.97169	0	10.2518	0	10.287	0	10.376	0	10.2312	0	9.90109	0	10.5831	0	10.4291	0	9.98341	0	10.2801	0	10.0339	0	10.3302	0	10.3528	0	10.4508	0	10.2781	0	9.89507	0	9.86953	0
9.92714	0	10.6039	0	10.2564	0	10.0012	0	10.3677	0	9.93763	0	10.7804	0	10.0532	0	9.93406	0	10.2518	0	10.2573	0	10.376	0	10.2312	0	9.89155	0	10.5831	0	10.3972	0	9.98341	0	10.2801	0	10.0053	0	10.3302	0	10.3528	0	10.3739	0	10.2781	0	9.89507	0	9.86953	0
9.92714	0	10.6039	0	10.2564	0	9.99112	0	10.3677	0	9.924	0	10.7804	0	9.97748	0	9.93406	0	10.2518	0	10.148	0	10.2985	0	10.2312	0	9.87765	0	10.5622	0	10.391	0	9.98341	0	10.2455	0	9.99635	0	10.3268	0	10.3528	0	10.2913	0	10.2781	0	9.89504	0	9.86953	0
9.89318	0	10.6039	0	10.2564	0	9.96906	0	10.3677	0	9.89688	0	10.7804	0	9.97748	0	9.9269	0	10.1656	0	10.148	0	10.2985	0	10.2312	0	9.87639	0	10.5552	0	10.391	0	9.95403	0	10.2455	0	9.97779	0	10.3268	0	10.3528	0	10.2913	0	10.2781	0	9.85581	0	9.86953	0
9.89318	0	10.6039	0	10.2297	0	9.90031	0	10.2515	0	9.89688	0	10.7804	0	9.95226	0	9.91129	0	10.1424	0	10.148	0	10.2985	0	10.2312	0	9.87622	0	10.2844	0	10.342	0	9.95403	0	10.2455	0	9.92577	0	10.316	0	10.3423	0	10.2913	0	10.2781	0	9.85581	0	9.85156	0
9.89318	0	10.5002	0	10.1978	0	9.90031	0	10.2515	0	9.88465	0	10.7804	0	9.89521	0	9.90979	0	10.1424	0	10.148	0	10.2985	0	10.2183	0	9.87622	0	10.2844	0	10.316	0	9.95403	0	10.2455	0	9.92439	0	10.2616	0	10.2012	0	10.2913	0	10.2781	0	9.85581	0	9.85156	0
9.89318	0	10.5002	0	10.1978	0	9.89334	0	10.2515	0	9.88465	0	10.7804	0	9.89521	0	9.89225	0	10.1424	0	10.1272	0	10.1482	0	10.2086	0	9.85244	0	10.2844	0	10.316	0	9.94337	0	10.238	0	9.90088	0	10.2616	0	10.2012	0	10.2913	0	10.2781	0	9.85581	0	9.85156	0
9.87078	0	10.5002	0	10.1532	0	9.88119	0	10.2515	0	9.86525	0	10.7804	0	9.89521	0	9.85511	0	10.0394	0	10.1091	0	10.1482	0	10.1676	0	9.83389	0	10.2844	0	10.2336	0	9.94337	0	10.2036	0	9.90088	0	10.2481	0	10.2012	0	10.2412	0	10.2781	0	9.85581	0	9.84474	0
9.87078	0	10.5002	0	10.1532	0	9.88119	0	10.2515	0	9.85008	0	10.6903	0	9.89521	0	9.85507	0	10.0394	0	10.038	0	10.1482	0	10.1676	0	9.83389	0	10.2844	0	10.2336	0	9.91173	0	10.1349	0	9.88032	0	10.1371	0	10.2012	0	10.2412	0	10.2781	0	9.83543	0	9.84332	0
9.85658	0	10.3987	0	10.1263	0	9.88119	0	10.2515	0	9.85008	0	10.6903	0	9.88627	0	9.85507	0	10.0038	0	10.0143	0	10.1482	0	10.1676	0	9.83389	0	10.2844	0	10.1934	0	9.9069	0	10.1349	0	9.88032	0	10.1371	0	10.2012	0	10.1855	0	10.1683	0	9.83482	0	9.83679	0
9.85658	0	10.3974	0	10.1263	0	9.87292	0	10.2515	0	9.82914	0	10.6903	0	9.88627	0	9.85507	0	9.94746	0	10.0036	0	10.1482	0	10.1676	0	9.83389	0	10.2844	0	10.1934	0	9.9069	0	10.1349	0	9.8742	0	10.1371	0	10.1123	0	10.1404	0	10.1149	0	9.83482	0	9.81621	0
9.8492	0	10.3974	0	10.0904	0	9.83355	0	10.1955	0	9.82914	0	10.6903	0	9.88627	0	9.85507	0	9.94746	0	9.9476	0	10.1482	0	10.1676	0	9.82688	0	10.2844	0	10.1934	0	9.9069	0	10.1349	0	9.86117	0	10.1371	0	10.1123	0	10.1002	0	10.1149	0	9.82942	0	9.81621	0
9.8492	0	10.3799	0	10.0904	0	9.83355	0	10.1955	0	9.82914	0	10.6903	0	9.85048	0	9.85297	0	9.94746	0	9.9476	0	10.1482	0	10.1465	0	9.82149	0	10.2844	0	10.0739	0	9.9069	0	10.1349	0	9.86117	0	10.1371	0	10.1123	0	10.1002	0	10.1149	0	9.82934	0	9.80419	0
9.84538	0	10.2927	0	10.0783	0	9.83355	0	10.1913	0	9.82914	0	10.6903	0	9.85048	0	9.83847	0	9.94746	0	9.9476	0	10.1482	0	10.1333	0	9.8115	0	10.2278	0	10.0739	0	9.9069	0	10.1349	0	9.85597	0	10.0674	0	10.0335	0	10.1002	0	10.1149	0	9.82123	0	9.80419	0
9.83226	0	10.2838	0	10.0635	0	9.83355	0	10.1394	0	9.82914	0	10.6903	0	9.85048	0	9.82342	0	9.94746	0	9.93941	0	10.1224	0	10.0581	0	9.8115	0	10.2278	0	10.0739	0	9.88833	0	10.1349	0	9.85185	0	10.0674	0	10.0335	0	10.0892	0	10.0188	0	9.82082	0	9.80419	0
9.83226	0	10.2838	0	9.97093	0	9.83355	0	10.1394	0	9.82267	0	10.6903	0	9.85048	0	9.81912	0	9.90964	0	9.8892	0	10.0934	0	10.0581	0	9.8115	0	10.1756	0	10.0634	0	9.87818	0	10.1349	0	9.82375	0	10.0674	0	9.96615	0	10.0892	0	10.0188	0	9.81324	0	9.80419	0
9.82365	0	10.2838	0	9.97093	0	9.82349	0	10.0729	0	9.81539	0	10.6903	0	9.85048	0	9.81912	0	9.90964	0	9.8892	0	10.0934	0	10.0581	0	9.80741	0	10.0981	0	10.0614	0	9.87818	0	10.0578	0	9.82375	0	10.062	0	9.95926	0	10.0695	0	10.0188	0	9.80828	0	9.80419	0
9.81324	0	10.2838	0	9.97093	0	9.82349	0	10.0729	0	9.81539	0	10.6903	0	9.85048	0	9.81487	0	9.90964	0	9.8892	0	10.0934	0	10.0581	0	9.80741	0	10.0981	0	9.95778	0	9.86098	0	10.0578	0	9.82375	0	10.062	0	9.95926	0	10.0578	0	10.0188	0	9.80682	0	9.80419	0
9.81324	0	10.1778	0	9.97093	0	9.82011	0	10.021	0	9.81497	0	10.6653	0	9.85048	0	9.81487	0	9.90964	0	9.86233	0	10.0934	0	10.0581	0	9.80337	0	10.0981	0	9.95778	0	9.85935	0	10.0578	0	9.82375	0	10.0201	0	9.87744	0	10.0045	0	9.98448	0	9.80219	0	9.80419	0
9.81324	0	10.1671	0	9.95267	0	9.82011	0	10.021	0	9.81248	0	10.6653	0	9.84854	0	9.81487	0	9.87047	0	9.85402	0	10.0934	0	10.0557	0	9.80169	0	10.0981	0	9.94501	0	9.85368	0	10.0578	0	9.82375	0	10.0071	0	9.87744	0	9.98099	0	9.98448	0	9.80219	0	9.80419	0
9.81324	0	10.1671	0	9.95267	0	9.82011	0	9.96239	0	9.80577	0	10.6653	0	9.83725	0	9.81342	0	9.87047	0	9.85402	0	10.0561	0	10.0557	0	9.79994	0	10.0734	0	9.94501	0	9.84546	0	10.0578	0	9.7991	0	10.0071	0	9.87744	0	9.98099	0	9.98242	0	9.79559	0	9.79658	0
9.80777	0	10.0738	0	9.95267	0	9.82011	0	9.96239	0	9.80577	0	10.6653	0	9.83725	0	9.80981	0	9.86539	0	9.84182	0	10.0561	0	10.0129	0	9.79859	0	10.0276	0	9.94501	0	9.82167	0	9.9151	0	9.7991	0	10.0071	0	9.87744	0	9.92724	0	9.98242	0	9.79559	0	9.79658	0
9.8046	0	10.0738	0	9.92685	0	9.81617	0	9.96239	0	9.80266	0	10.6653	0	9.83343	0	9.8065	0	9.86539	0	9.84182	0	10.0561	0	9.98866	0	9.79654	0	10.0276	0	9.92985	0	9.82167	0	9.9151	0	9.7991	0	10.0071	0	9.87744	0	9.92717	0	9.93378	0	9.79559	0	9.78986	0
9.8046	0	10.0738	0	9.92685	0	9.81232	0	9.96239	0	9.80266	0	10.6063	0	9.83343	0	9.8065	0	9.8629	0	9.83504	0	10.0561	0	9.92053	0	9.79402	0	10.0276	0	9.92985	0	9.82167	0	9.9151	0	9.7991	0	9.98096	0	9.87744	0	9.92379	0	9.93378	0	9.79559	0	9.78986	0
9.8046	0	10.0738	0	9.90452	0	9.80545	0	9.9412	0	9.79791	0	10.6063	0	9.81905	0	9.80201	0	9.83825	0	9.83504	0	10.0561	0	9.92053	0	9.79164	0	10.0115	0	9.90479	0	9.82167	0	9.9151	0	9.7991	0	9.94303	0	9.87682	0	9.91958	0	9.93378	0	9.79277	0	9.78667	0
9.798	0	10.0738	0	9.89791	0	9.80021	0	9.89945	0	9.79728	0	10.5395	0	9.81905	0	9.7974	0	9.83825	0	9.82473	0	10.0561	0	9.90908	0	9.78797	0	9.92312	0	9.90315	0	9.82167	0	9.9151	0	9.7991	0	9.94303	0	9.87568	0	9.90362	0	9.93214	0	9.79277	0	9.78667	0
9.798	0	10.0738	0	9.86733	0	9.80021	0	9.89945	0	9.79704	0	10.4341	0	9.81905	0	9.7974	0	9.83111	0	9.82473	0	10.0561	0	9.90908	0	9.78797	0	9.92312	0	9.88233	0	9.80895	0	9.9151	0	9.7991	0	9.94303	0	9.84717	0	9.87439	0	9.93214	0	9.79153	0	9.78667	0
9.798	0	10.0439	0	9.86733	0	9.7999	0	9.8953	0	9.79415	0	10.4341	0	9.81461	0	9.7964	0	9.83111	0	9.82461	0	10.0297	0	9.89326	0	9.78797	0	9.92312	0	9.87735	0	9.80844	0	9.90912	0	9.79621	0	9.94303	0	9.84717	0	9.87439	0	9.91341	0	9.79082	0	9.78667	0
9.79735	0	10.0439	0	9.86733	0	9.7999	0	9.88667	0	9.79415	0	10.4341	0	9.80762	0	9.7964	0	9.8208	0	9.81665	0	10.0297	0	9.89326	0	9.78797	0	9.92312	0	9.86468	0	9.80844	0	9.90912	0	9.79621	0	9.94135	0	9.84294	0	9.8566	0	9.87166	0	9.78773	0	9.78612	0
9.79099	0	9.98127	0	9.83879	0	9.79588	0	9.87982	0	9.79231	0	10.4341	0	9.80762	0	9.79376	0	9.81422	0	9.81191	0	10.0297	0	9.88596	0	9.78554	0	9.92312	0	9.86468	0	9.80844	0	9.90912	0	9.79292	0	9.94135	0	9.84294	0	9.8566	0	9.87166	0	9.78773	0	9.78612	0
9.79099	0	9.97267	0	9.83879	0	9.79392	0	9.87982	0	9.79042	0	10.4341	0	9.80669	0	9.78883	0	9.81422	0	9.81191	0	10.0297	0	9.88555	0	9.78554	0	9.92312	0	9.86468	0	9.79862	0	9.86183	0	9.79292	0	9.93768	0	9.83797	0	9.8566	0	9.86707	0	9.78666	0	9.78575	0
9.79099	0	9.97267	0	9.83879	0	9.79392	0	9.87892	0	9.78658	0	10.4341	0	9.80247	0	9.78883	0	9.81422	0	9.80627	0	10.0006	0	9.87226	0	9.78554	0	9.92312	0	9.84472	0	9.79862	0	9.84533	0	9.79218	0	9.93768	0	9.82399	0	9.8522	0	9.86707	0	9.78561	0	9.78282	0
9.79099	0	9.93313	0	9.83879	0	9.79145	0	9.86631	0	9.78658	0	10.4341	0	9.7991	0	9.78751	0	9.80196	0	9.80627	0	10.0006	0	9.87226	0	9.78506	0	9.91139	0	9.84472	0	9.79797	0	9.84533	0	9.79094	0	9.89415	0	9.8185	0	9.82666	0	9.86707	0	9.78481	0	9.78282	0
9.78795	0	9.93313	0	9.83838	0	9.79145	0	9.85642	0	9.78658	0	10.4341	0	9.7991	0	9.78484	0	9.80196	0	9.80627	0	9.98116	0	9.85687	0	9.78303	0	9.91139	0	9.83235	0	9.7967	0	9.84533	0	9.79094	0	9.89163	0	9.81563	0	9.82666	0	9.83414	0	9.78474	0	9.7816	0
9.78728	0	9.89229	0	9.82718	0	9.79125	0	9.84762	0	9.78658	0	10.4341	0	9.79444	0	9.78484	0	9.80196	0	9.80374	0	9.98116	0	9.85687	0	9.78201	0	9.89595	0	9.83108	0	9.7967	0	9.84533	0	9.78474	0	9.86038	0	9.81274	0	9.82162	0	9.83414	0	9.78467	0	9.7816	0
9.78728	0	9.88508	0	9.82527	0	9.79024	0	9.84374	0	9.78658	0	10.4308	0	9.79444	0	9.78484	0	9.80143	0	9.80374	0	9.98116	0	9.84461	0	9.78201	0	9.88001	0	9.83108	0	9.79629	0	9.84533	0	9.78474	0	9.86038	0	9.81274	0	9.82014	0	9.83414	0	9.78265	0	9.78045	0
9.78646	0	9.8741	0	9.81865	0	9.78552	0	9.83794	0	9.78617	0	10.4029	0	9.79406	0	9.78484	0	9.80143	0	9.79674	0	9.91168	0	9.84461	0	9.78201	0	9.88001	0	9.82589	0	9.79411	0	9.84533	0	9.78474	0	9.86038	0	9.81274	0	9.81071	0	9.83414	0	9.78265	0	9.78045	0
9.78352	0	9.8741	0	9.8098	0	9.78552	0	9.83794	0	9.78376	0	10.4029	0	9.79023	0	9.78298	0	9.79687	0	9.79674	0	9.91168	0	9.84306	0	9.78194	0	9.87199	0	9.82178	0	9.79411	0	9.83412	0	9.78296	0	9.85383	0	9.80764	0	9.80972	0	9.83414	0	9.78237	0	9.78045	0
9.78352	0	9.8741	0	9.8098	0	9.78552	0	9.83726	0	9.78298	0	10.4029	0	9.79023	0	9.78298	0	9.7946	0	9.79178	0	9.91168	0	9.8162	0	9.781	0	9.87144	0	9.82178	0	9.79135	0	9.83296	0	9.78296	0	9.85369	0	9.80037	0	9.80972	0	9.83414	0	9.78196	0	9.77919	0
9.78334	0	9.85971	0	9.8098	0	9.78474	0	9.82971	0	9.78156	0	10.4029	0	9.79009	0	9.78298	0	9.7946	0	9.79178	0	9.91168	0	9.8162	0	9.78053	0	9.85939	0	9.81399	0	9.79048	0	9.82802	0	9.78251	0	9.84	0	9.79852	0	9.80972	0	9.82309	0	9.78117	0	9.77919	0
9.78334	0	9.85971	0	9.8098	0	9.78474	0	9.81642	0	9.78053	0	10.3529	0	9.78704	0	9.78197	0	9.79385	0	9.79099	0	9.91168	0	9.81549	0	9.78041	0	9.85939	0	9.81195	0	9.78656	0	9.82802	0	9.78228	0	9.84	0	9.79808	0	9.8027	0	9.82309	0	9.7807	0	9.77859	0
9.78115	0	9.85971	0	9.80639	0	9.78183	0	9.81642	0	9.78053	0	10.3529	0	9.78704	0	9.78197	0	9.79304	0	9.78892	0	9.87163	0	9.81478	0	9.77961	0	9.85437	0	9.81195	0	9.78656	0	9.82585	0	9.78139	0	9.83806	0	9.79808	0	9.8027	0	9.81652	0	9.78035	0	9.77854	0
9.78115	0	9.85971	0	9.80445	0	9.78027	0	9.81642	0	9.77963	0	10.2645	0	9.78513	0	9.7819	0	9.78652	0	9.78892	0	9.84925	0	9.81047	0	9.77961	0	9.83596	0	9.79751	0	9.78656	0	9.8193	0	9.78139	0	9.8314	0	9.7967	0	9.80078	0	9.80521	0	9.77967	0	9.77845	0
9.78115	0	9.85009	0	9.80153	0	9.78027	0	9.81355	0	9.77914	0	10.204	0	9.78513	0	9.78078	0	9.78652	0	9.78501	0	9.84925	0	9.8079	0	9.77911	0	9.82609	0	9.79751	0	9.78656	0	9.81151	0	9.78137	0	9.81514	0	9.79128	0	9.79636	0	9.80521	0	9.77912	0	9.77792	0
9.78115	0	9.83993	0	9.79879	0	9.78024	0	9.80991	0	9.779	0	10.1987	0	9.78513	0	9.78078	0	9.78499	0	9.78501	0	9.84925	0	9.80208	0	9.779	0	9.82609	0	9.79542	0	9.78456	0	9.81053	0	9.78021	0	9.81514	0	9.79128	0	9.79636	0	9.80114	0	9.77912	0	9.77792	0
9.78064	0	9.81808	0	9.79707	0	9.78024	0	9.80836	0	9.77888	0	10.1987	0	9.7847	0	9.78038	0	9.78499	0	9.78501	0	9.8322	0	9.80208	0	9.77851	0	9.82609	0	9.79542	0	9.78456	0	9.80061	0	9.77993	0	9.81514	0	9.79128	0	9.79322	0	9.80114	0	9.77912	0	9.77729	0
9.78019	0	9.81808	0	9.79484	0	9.78024	0	9.80414	0	9.77837	0	10.1624	0	9.78401	0	9.77973	0	9.78499	0	9.78501	0	9.8322	0	9.80171	0	9.77824	0	9.82303	0	9.79542	0	9.78338	0	9.80061	0	9.77894	0	9.81514	0	9.79128	0	9.79322	0	9.79973	0	9.77889	0	9.77729	0
9.78004	0	9.81808	0	9.79484	0	9.77954	0	9.80027	0	9.77837	0	10.1229	0	9.78258	0	9.77926	0	9.78383	0	9.78501	0	9.8322	0	9.78992	0	9.77824	0	9.81385	0	9.79503	0	9.78281	0	9.79757	0	9.77856	0	9.81085	0	9.78788	0	9.78835	0	9.79746	0	9.77863	0	9.77707	0
9.78004	0	9.81808	0	9.79011	0	9.77954	0	9.80027	0	9.77826	0	10.1155	0	9.7814	0	9.77898	0	9.78303	0	9.78501	0	9.8322	0	9.78992	0	9.77782	0	9.81187	0	9.79503	0	9.78246	0	9.79463	0	9.77856	0	9.80257	0	9.78704	0	9.78835	0	9.79746	0	9.77829	0	9.77666	0
9.77897	0	9.81808	0	9.78771	0	9.77932	0	9.7979	0	9.77806	0	10.0577	0	9.78117	0	9.77893	0	9.78303	0	9.7829	0	9.82708	0	9.78992	0	9.7778	0	9.8095	0	9.7916	0	9.78064	0	9.79463	0	9.77856	0	9.80001	0	9.78704	0	9.78835	0	9.79662	0	9.77817	0	9.77666	0
9.77897	0	9.81808	0	9.78771	0	9.77874	0	9.79469	0	9.7772	0	10.0416	0	9.78117	0	9.77886	0	9.78303	0	9.7829	0	9.82708	0	9.78992	0	9.77757	0	9.80331	0	9.7916	0	9.78064	0	9.79463	0	9.77804	0	9.80001	0	9.78623	0	9.78779	0	9.79662	0	9.77809	0	9.77625	0
9.77881	0	9.81089	0	9.78321	0	9.77832	0	9.79418	0	9.7772	0	10.032	0	9.77997	0	9.7788	0	9.78258	0	9.78174	0	9.82708	0	9.78679	0	9.77741	0	9.80331	0	9.78878	0	9.78064	0	9.79241	0	9.77786	0	9.79969	0	9.78591	0	9.78691	0	9.79403	0	9.77772	0	9.77625	0
9.77845	0	9.81089	0	9.78321	0	9.77831	0	9.79369	0	9.7772	0	9.95634	0	9.77939	0	9.77855	0	9.7819	0	9.78174	0	9.81131	0	9.78679	0	9.77694	0	9.80166	0	9.78624	0	9.78064	0	9.78766	0	9.77786	0	9.79578	0	9.7853	0	9.78494	0	9.79253	0	9.77756	0	9.77625	0
9.77845	0	9.80986	0	9.78321	0	9.77831	0	9.7912	0	9.77688	0	9.95634	0	9.77895	0	9.77801	0	9.78093	0	9.78128	0	9.80797	0	9.78679	0	9.77674	0	9.80022	0	9.78589	0	9.78022	0	9.78691	0	9.77786	0	9.79578	0	9.78386	0	9.7847	0	9.79084	0	9.77744	0	9.77613	0
9.77838	0	9.80749	0	9.78321	0	9.77775	0	9.78755	0	9.77688	0	9.92617	0	9.77895	0	9.77801	0	9.78093	0	9.78108	0	9.80797	0	9.78679	0	9.77659	0	9.79696	0	9.78589	0	9.77992	0	9.78691	0	9.77752	0	9.79222	0	9.78147	0	9.78297	0	9.78821	0	9.77744	0	9.77591	0
9.77831	0	9.80117	0	9.78321	0	9.77764	0	9.78755	0	9.77688	0	9.92617	0	9.77851	0	9.7778	0	9.78028	0	9.78091	0	9.80797	0	9.7857	0	9.77659	0	9.79332	0	9.78589	0	9.77909	0	9.78691	0	9.77736	0	9.79021	0	9.78147	0	9.78297	0	9.78642	0	9.77702	0	9.77591	0
9.77772	0	9.80117	0	9.78321	0	9.77745	0	9.78755	0	9.77668	0	9.92617	0	9.77851	0	9.77757	0	9.77991	0	9.77975	0	9.80662	0	9.78492	0	9.77657	0	9.79332	0	9.78398	0	9.77909	0	9.78691	0	9.777	0	9.79021	0	9.78143	0	9.78297	0	9.78642	0	9.77681	0	9.7757	0
9.77772	0	9.80117	0	9.78274	0	9.77694	0	9.78755	0	9.77651	0	9.90314	0	9.77789	0	9.77756	0	9.77975	0	9.77975	0	9.79772	0	9.78374	0	9.77639	0	9.79195	0	9.78392	0	9.7786	0	9.7868	0	9.77694	0	9.79021	0	9.77992	0	9.78134	0	9.78517	0	9.77681	0	9.77568	0
9.77763	0	9.79051	0	9.78123	0	9.77661	0	9.78716	0	9.7765	0	9.90314	0	9.77756	0	9.77736	0	9.77975	0	9.77928	0	9.79772	0	9.78343	0	9.77609	0	9.79195	0	9.78343	0	9.77822	0	9.78658	0	9.77659	0	9.78982	0	9.77992	0	9.78073	0	9.78517	0	9.77676	0	9.77568	0
9.77763	0	9.79051	0	9.78123	0	9.77661	0	9.78641	0	9.7765	0	9.90314	0	9.77756	0	9.77719	0	9.77901	0	9.77883	0	9.79463	0	9.78089	0	9.77609	0	9.79173	0	9.78202	0	9.77822	0	9.78305	0	9.77648	0	9.78791	0	9.77932	0	9.77905	0	9.78516	0	9.7767	0	9.77568	0
9.77741	0	9.79051	0	9.78099	0	9.77649	0	9.78493	0	9.7764	0	9.90314	0	9.77756	0	9.77714	0	9.77886	0	9.77774	0	9.79463	0	9.78089	0	9.77596	0	9.7895	0	9.78167	0	9.77818	0	9.78158	0	9.77648	0	9.78694	0	9.77911	0	9.77867	0	9.78375	0	9.77659	0	9.77566	0
9.77724	0	9.78631	0	9.78099	0	9.77632	0	9.7841	0	9.77628	0	9.88068	0	9.77727	0	9.77675	0	9.7781	0	9.77774	0	9.79463	0	9.78038	0	9.77596	0	9.7895	0	9.78064	0	9.77778	0	9.78158	0	9.77648	0	9.78694	0	9.77911	0	9.77867	0	9.78208	0	9.77622	0	9.77564	0
9.77705	0	9.78631	0	9.78077	0	9.77625	0	9.78384	0	9.77621	0	9.88068	0	9.77697	0	9.77658	0	9.7781	0	9.77774	0	9.79133	0	9.77986	0	9.7759	0	9.78912	0	9.78014	0	9.7777	0	9.78041	0	9.77644	0	9.78694	0	9.77823	0	9.77739	0	9.78051	0	9.77622	0	9.77561	0
9.77705	0	9.78631	0	9.78062	0	9.77621	0	9.78212	0	9.77619	0	9.8636	0	9.77695	0	9.77644	0	9.7781	0	9.77714	0	9.78924	0	9.77986	0	9.77575	0	9.78705	0	9.78014	0	9.77767	0	9.77986	0	9.77618	0	9.78621	0	9.77823	0	9.77739	0	9.78051	0	9.77622	0	9.77559	0
9.77699	0	9.78631	0	9.78019	0	9.77614	0	9.78212	0	9.77611	0	9.8636	0	9.77695	0	9.77643	0	9.77755	0	9.77714	0	9.78526	0	9.77986	0	9.77566	0	9.78544	0	9.77891	0	9.77732	0	9.77986	0	9.77608	0	9.78452	0	9.7781	0	9.77739	0	9.78051	0	9.77617	0	9.77555	0
9.77697	0	9.78597	0	9.77962	0	9.77614	0	9.78212	0	9.77606	0	9.8636	0	9.77688	0	9.77632	0	9.77681	0	9.77714	0	9.78526	0	9.77971	0	9.77566	0	9.78413	0	9.7782	0	9.77732	0	9.77986	0	9.77604	0	9.78398	0	9.7781	0	9.77739	0	9.78051	0	9.77602	0	9.7755	0
9.77671	0	9.78597	0	9.77936	0	9.77614	0	9.78018	0	9.77606	0	9.85846	0	9.77678	0	9.77632	0	9.77681	0	9.77704	0	9.78526	0	9.77949	0	9.77566	0	9.78413	0	9.7782	0	9.77716	0	9.7795	0	9.77582	0	9.78173	0	9.77784	0	9.77734	0	9.78019	0	9.77602	0	9.7755	0
9.77669	0	9.78486	0	9.77922	0	9.77613	0	9.78018	0	9.77599	0	9.85846	0	9.77668	0	9.77607	0	9.77672	0	9.77704	0	9.78488	0	9.7782	0	9.77566	0	9.78303	0	9.7782	0	9.77709	0	9.7793	0	9.77582	0	9.78173	0	9.7777	0	9.77734	0	9.7799	0	9.77601	0	9.77548	0
9.77669	0	9.7831	0	9.77863	0	9.77603	0	9.78018	0	9.77586	0	9.83753	0	9.77668	0	9.77607	0	9.77672	0	9.77704	0	9.78488	0	9.7782	0	9.77562	0	9.78299	0	9.7781	0	9.77676	0	9.7793	0	9.77578	0	9.78173	0	9.77743	0	9.77734	0	9.77861	0	9.77601	0	9.77548	0
9.77663	0	9.7831	0	9.77833	0	9.77596	0	9.7798	0	9.77583	0	9.83725	0	9.77657	0	9.77607	0	9.77668	0	9.77685	0	9.78475	0	9.77751	0	9.77554	0	9.7816	0	9.77769	0	9.77651	0	9.77821	0	9.77578	0	9.78148	0	9.77736	0	9.77698	0	9.77861	0	9.77589	0	9.77544	0
9.77642	0	9.78257	0	9.77816	0	9.77596	0	9.77885	0	9.77576	0	9.82327	0	9.77646	0	9.77607	0	9.7765	0	9.77676	0	9.78201	0	9.7775	0	9.77554	0	9.78043	0	9.77742	0	9.77651	0	9.77808	0	9.77568	0	9.78127	0	9.77717	0	9.77633	0	9.77861	0	9.77588	0	9.77542	0
9.77642	0	9.78167	0	9.77816	0	9.77594	0	9.77874	0	9.77576	0	9.82327	0	9.77645	0	9.77606	0	9.7765	0	9.77667	0	9.78201	0	9.7775	0	9.77552	0	9.78043	0	9.77742	0	9.77651	0	9.77745	0	9.77568	0	9.78059	0	9.777	0	9.77633	0	9.77847	0	9.77588	0	9.77542	0
9.77642	0	9.78167	0	9.7778	0	9.77589	0	9.77874	0	9.77573	0	9.81165	0	9.77601	0	9.77588	0	9.77632	0	9.77664	0	9.78201	0	9.77739	0	9.77551	0	9.7802	0	9.7769	0	9.77651	0	9.77745	0	9.77567	0	9.78044	0	9.77678	0	9.77633	0	9.77847	0	9.77583	0	9.77538	0
9.77633	0	9.78167	0	9.77753	0	9.77583	0	9.77861	0	9.77571	0	9.81165	0	9.77601	0	9.77588	0	9.77626	0	9.77623	0	9.78164	0	9.777	0	9.77547	0	9.77916	0	9.7769	0	9.7763	0	9.77745	0	9.77567	0	9.78036	0	9.77669	0	9.77631	0	9.77738	0	9.77583	0	9.77537	0
9.77633	0	9.78152	0	9.77741	0	9.7758	0	9.77814	0	9.77563	0	9.81146	0	9.77601	0	9.77576	0	9.77607	0	9.77599	0	9.78003	0	9.77684	0	9.77544	0	9.77916	0	9.7766	0	9.7763	0	9.77745	0	9.77567	0	9.77954	0	9.77641	0	9.77631	0	9.77738	0	9.77577	0	9.77537	0
9.77623	0	9.78125	0	9.77729	0	9.7758	0	9.77789	0	9.77561	0	9.81037	0	9.776	0	9.77574	0	9.77594	0	9.77599	0	9.78003	0	9.7767	0	9.77544	0	9.77909	0	9.77641	0	9.7763	0	9.77745	0	9.77565	0	9.77928	0	9.77637	0	9.77631	0	9.77738	0	9.77568	0	9.77532	0
9.77618	0	9.77974	0	9.77721	0	9.77576	0	9.77786	0	9.77561	0	9.80847	0	9.77594	0	9.77574	0	9.77591	0	9.77599	0	9.78003	0	9.77649	0	9.77543	0	9.77838	0	9.77641	0	9.77613	0	9.77691	0	9.77562	0	9.77886	0	9.77637	0	9.77603	0	9.77716	0	9.77568	0	9.77532	0
9.77613	0	9.77974	0	9.77721	0	9.77571	0	9.77767	0	9.77561	0	9.79847	0	9.77584	0	9.77564	0	9.77587	0	9.77599	0	9.77996	0	9.77649	0	9.77541	0	9.77772	0	9.77637	0	9.77606	0	9.77691	0	9.77558	0	9.77817	0	9.77632	0	9.77588	0	9.77716	0	9.77563	0	9.77532	0
9.77611	0	9.7789	0	9.77715	0	9.77571	0	9.77735	0	9.77555	0	9.79478	0	9.77584	0	9.77556	0	9.77573	0	9.77599	0	9.77935	0	9.77629	0	9.77538	0	9.77718	0	9.77637	0	9.77606	0	9.77691	0	9.77553	0	9.77794	0	9.77628	0	9.77571	0	9.77715	0	9.77563	0	9.7753	0
9.77606	0	9.77868	0	9.77697	0	9.77564	0	9.77699	0	9.77552	0	9.79478	0	9.77572	0	9.77556	0	9.77573	0	9.77573	0	9.77885	0	9.77625	0	9.77535	0	9.77718	0	9.77621	0	9.77606	0	9.77691	0	9.77548	0	9.77794	0	9.77604	0	9.77571	0	9.77667	0	9.77556	0	9.77527	0
9.776	0	9.7786	0	9.77683	0	9.77564	0	9.77697	0	9.77551	0	9.79478	0	9.77568	0	9.77549	0	9.77572	0	9.77573	0	9.7786	0	9.77616	0	9.77535	0	9.77718	0	9.77607	0	9.77603	0	9.77682	0	9.77548	0	9.77787	0	9.77604	0	9.77559	0	9.77667	0	9.77555	0	9.77527	0
9.776	0	9.7784	0	9.77678	0	9.77562	0	9.77697	0	9.7755	0	9.79478	0	9.7756	0	9.77546	0	9.77565	0	9.77573	0	9.77809	0	9.77606	0	9.7753	0	9.77718	0	9.77597	0	9.77603	0	9.77643	0	9.77544	0	9.77744	0	9.77599	0	9.77559	0	9.77667	0	9.77554	0	9.77527	0
9.776	0	9.77836	0	9.77675	0	9.77562	0	9.77677	0	9.77548	0	9.79459	0	9.77558	0	9.77541	0	9.77561	0	9.77571	0	9.77785	0	9.77606	0	9.7753	0	9.77705	0	9.77597	0	9.77598	0	9.77643	0	9.77544	0	9.77707	0	9.77599	0	9.77559	0	9.77662	0	9.77551	0	9.77527	0
9.77596	0	9.77798	0	9.77652	0	9.7756	0	9.77669	0	9.77544	0	9.79409	0	9.77558	0	9.7754	0	9.77553	0	9.77563	0	9.77708	0	9.7759	0	9.7753	0	9.77687	0	9.77573	0	9.77596	0	9.77635	0	9.77544	0	9.77707	0	9.77591	0	9.7755	0	9.77646	0	9.77545	0	9.77526	0
9.77595	0	9.77784	0	9.77652	0	9.77559	0	9.77664	0	9.77544	0	9.79409	0	9.77558	0	9.77537	0	9.77552	0	9.77563	0	9.77708	0	9.7759	0	9.7753	0	9.7765	0	9.77573	0	9.77585	0	9.77635	0	9.77544	0	9.77672	0	9.77591	0	9.7755	0	9.77646	0	9.77543	0	9.77525	0
9.77587	0	9.77747	0	9.77652	0	9.77559	0	9.77664	0	9.7754	0	9.79301	0	9.77549	0	9.77537	0	9.77552	0	9.77561	0	9.77708	0	9.77579	0	9.77529	0	9.7765	0	9.77573	0	9.7758	0	9.77635	0	9.77541	0	9.7767	0	9.77588	0	9.77546	0	9.77646	0	9.77543	0	9.77525	0
9.77586	0	9.77719	0	9.77638	0	9.77556	0	9.77643	0	9.7754	0	9.78952	0	9.77549	0	9.77534	0	9.77546	0	9.77551	0	9.77708	0	9.77579	0	9.77528	0	9.77629	0	9.77562	0	9.7758	0	9.77635	0	9.77541	0	9.77651	0	9.77575	0	9.77546	0	9.77628	0	9.77541	0	9.77525	0
9.77582	0	9.77689	0	9.77638	0	9.77556	0	9.77643	0	9.77537	0	9.78695	0	9.77549	0	9.77529	0	9.77542	0	9.77551	0	9.77698	0	9.77579	0	9.77528	0	9.77627	0	9.77562	0	9.7758	0	9.7762	0	9.77538	0	9.77633	0	9.77575	0	9.77545	0	9.77616	0	9.7754	0	9.77525	0
9.77577	0	9.77689	0	9.77634	0	9.77554	0	9.77638	0	9.77536	0	9.78695	0	9.77548	0	9.77529	0	9.77539	0	9.77551	0	9.77698	0	9.7757	0	9.77528	0	9.77626	0	9.77562	0	9.77577	0	9.77614	0	9.77537	0	9.77619	0	9.77575	0	9.77545	0	9.77607	0	9.77539	0	9.77524	0
9.77577	0	9.77663	0	9.77632	0	9.77554	0	9.77622	0	9.77536	0	9.78621	0	9.77544	0	9.77525	0	9.77537	0	9.7755	0	9.77674	0	9.77564	0	9.77527	0	9.77606	0	9.77557	0	9.77574	0	9.77614	0	9.77536	0	9.77615	0	9.77572	0	9.77545	0	9.77593	0	9.77538	0	9.77524	0
9.77572	0	9.77651	0	9.77626	0	9.77551	0	9.77622	0	9.77534	0	9.78527	0	9.77544	0	9.77525	0	9.77536	0	9.77545	0	9.77672	0	9.77557	0	9.77526	0	9.77604	0	9.77555	0	9.77567	0	9.77614	0	9.77534	0	9.77611	0	9.77572	0	9.77541	0	9.77593	0	9.77537	0	9.77523	0
9.77568	0	9.7762	0	9.77624	0	9.77549	0	9.77617	0	9.77533	0	9.78498	0	9.77538	0	9.77525	0	9.77536	0	9.77542	0	9.7765	0	9.77552	0	9.77525	0	9.77598	0	9.77551	0	9.77565	0	9.77611	0	9.77533	0	9.7759	0	9.7757	0	9.7754	0	9.77592	0	9.77536	0	9.77522	0
9.77568	0	9.77604	0	9.77612	0	9.77549	0	9.77607	0	9.77532	0	9.78421	0	9.77538	0	9.77525	0	9.77534	0	9.77542	0	9.77648	0	9.77548	0	9.77525	0	9.77586	0	9.77548	0	9.77565	0	9.77595	0	9.77532	0	9.7759	0	9.77565	0	9.77536	0	9.77587	0	9.77535	0	9.77522	0
9.77566	0	9.77604	0	9.77612	0	9.77548	0	9.77594	0	9.77532	0	9.78182	0	9.77538	0	9.77524	0	9.77529	0	9.77537	0	9.77626	0	9.77544	0	9.77525	0	9.77582	0	9.77548	0	9.77565	0	9.77588	0	9.7753	0	9.77577	0	9.77563	0	9.77535	0	9.77583	0	9.77535	0	9.77521	0
9.77562	0	9.77604	0	9.7761	0	9.77548	0	9.77593	0	9.7753	0	9.78182	0	9.77538	0	9.77524	0	9.77529	0	9.77537	0	9.77622	0	9.77544	0	9.77525	0	9.77573	0	9.77548	0	9.77563	0	9.77588	0	9.7753	0	9.77575	0	9.77559	0	9.77531	0	9.77575	0	9.77534	0	9.77521	0
9.7756	0	9.77596	0	9.77606	0	9.77546	0	9.77587	0	9.7753	0	9.77996	0	9.77537	0	9.77523	0	9.77529	0	9.77537	0	9.77622	0	9.77544	0	9.77524	0	9.77573	0	9.77548	0	9.77562	0	9.77588	0	9.77529	0	9.77575	0	9.77558	0	9.77531	0	9.77571	0	9.77533	0	9.77521	0
9.77557	0	9.77596	0	9.77602	0	9.77546	0	9.7758	0	9.7753	0	9.77963	0	9.77535	0	9.77523	0	9.77529	0	9.77534	0	9.77622	0	9.77539	0	9.77524	0	9.77568	0	9.77542	0	9.7756	0	9.77587	0	9.77529	0	9.77575	0	9.77554	0	9.77531	0	9.77566	0	9.77532	0	9.77521	0
9.77551	0	9.77596	0	9.77596	0	9.77546	0	9.77574	0	9.77528	0	9.77849	0	9.77532	0	9.77523	0	9.77525	0	9.77533	0	9.776	0	9.77537	0	9.77524	0	9.77568	0	9.77541	0	9.7756	0	9.77579	0	9.77528	0	9.7757	0	9.77554	0	9.77531	0	9.77564	0	9.77532	0	9.77521	0
9.7755	0	9.77582	0	9.77596	0	9.77545	0	9.77574	0	9.77527	0	9.77849	0	9.77532	0	9.77522	0	9.77525	0	9.77533	0	9.77594	0	9.77536	0	9.77523	0	9.77564	0	9.77537	0	9.77559	0	9.77576	0	9.77528	0	9.77568	0	9.77552	0	9.77527	0	9.77559	0	9.77531	0	9.7752	0
9.77549	0	9.77572	0	9.77591	0	9.77545	0	9.77568	0	9.77527	0	9.77849	0	9.77531	0	9.77522	0	9.77525	0	9.77532	0	9.77594	0	9.77531	0	9.77523	0	9.77564	0	9.77537	0	9.77558	0	9.77572	0	9.77527	0	9.77564	0	9.77546	0	9.77527	0	9.77559	0	9.77531	0	9.7752	0
9.77548	0	9.77572	0	9.77591	0	9.77544	0	9.77568	0	9.77526	0	9.77812	0	9.7753	0	9.77522	0	9.77525	0	9.77531	0	9.77579	0	9.77531	0	9.77523	0	9.7756	0	9.77535	0	9.77557	0	9.77569	0	9.77526	0	9.77564	0	9.77544	0	9.77526	0	9.77553	0	9.7753	0	9.77519	0
9.77546	0	9.77567	0	9.77584	0	9.77544	0	9.77568	0	9.77526	0	9.77812	0	9.77529	0	9.77521	0	9.77525	0	9.7753	0	9.77579	0	9.77529	0	9.77523	0	9.77556	0	9.77534	0	9.77556	0	9.77569	0	9.77526	0	9.77561	0	9.77543	0	9.77524	0	9.77551	0	9.77528	0	9.77519	0
9.77544	0	9.77555	0	9.77582	0	9.77543	0	9.77563	0	9.77526	0	9.77809	0	9.77529	0	9.77521	0	9.77524	0	9.77528	0	9.77579	0	9.77529	0	9.77522	0	9.77549	0	9.77532	0	9.77555	0	9.77565	0	9.77526	0	9.77552	0	9.77543	0	9.77524	0	9.77546	0	9.77528	0	9.77519	0
9.77542	0	9.77555	0	9.77578	0	9.77543	0	9.7756	0	9.77525	0	9.77777	0	9.77529	0	9.77521	0	9.77524	0	9.77528	0	9.77576	0	9.77527	0	9.77522	0	9.77549	0	9.77532	0	9.77554	0	9.77565	0	9.77525	0	9.77551	0	9.77541	0	9.77524	0	9.77542	0	9.77528	0	9.77519	0
9.77541	0	9.77555	0	9.77578	0	9.77542	0	9.77556	0	9.77524	0	9.77764	0	9.77528	0	9.7752	0	9.77523	0	9.77528	0	9.77574	0	9.77526	0	9.77522	0	9.77549	0	9.77532	0	9.77552	0	9.77563	0	9.77525	0	9.77549	0	9.77541	0	9.77524	0	9.77542	0	9.77527	0	9.77519	0
9.77537	0	9.77555	0	9.77575	0	9.77542	0	9.77555	0	9.77523	0	9.77764	0	9.77526	0	9.7752	0	9.77522	0	9.77527	0	9.77566	0	9.77526	0	9.77522	0	9.77547	0	9.77531	0	9.7755	0	9.77561	0	9.77525	0	9.77545	0	9.77539	0	9.77522	0	9.77542	0	9.77527	0	9.77519	0
9.77537	0	9.77555	0	9.77574	0	9.77541	0	9.77552	0	9.77523	0	9.77704	0	9.77526	0	9.7752	0	9.77522	0	9.77527	0	9.77566	0	9.77526	0	9.77522	0	9.77547	0	9.7753	0	9.7755	0	9.77559	0	9.77524	0	9.77542	0	9.77537	0	9.77522	0	9.7754	0	9.77527	0	9.77519	0
9.77536	0	9.77553	0	9.77573	0	9.7754	0	9.77548	0	9.77523	0	9.77679	0	9.77526	0	9.7752	0	9.77522	0	9.77524	0	9.77566	0	9.77524	0	9.77521	0	9.77546	0	9.77527	0	9.7755	0	9.77558	0	9.77524	0	9.77539	0	9.77535	0	9.77521	0	9.7754	0	9.77527	0	9.77519	0
9.77535	0	9.77545	0	9.77571	0	9.7754	0	9.77546	0	9.77523	0	9.77679	0	9.77526	0	9.7752	0	9.77521	0	9.77524	0	9.7756	0	9.77524	0	9.77521	0	9.77545	0	9.77527	0	9.77549	0	9.77556	0	9.77524	0	9.77536	0	9.77534	0	9.77521	0	9.7754	0	9.77527	0	9.77519	0
9.77533	0	9.77545	0	9.7757	0	9.7754	0	9.77544	0	9.77523	0	9.77665	0	9.77526	0	9.77519	0	9.77521	0	9.77524	0	9.77557	0	9.77524	0	9.77521	0	9.77543	0	9.77527	0	9.77549	0	9.77555	0	9.77523	0	9.77534	0	9.77531	0	9.77521	0	9.77538	0	9.77527	0	9.77519	0
9.77532	0	9.77545	0	9.77569	0	9.7754	0	9.7754	0	9.77523	0	9.77665	0	9.77526	0	9.77519	0	9.77521	0	9.77524	0	9.77555	0	9.77523	0	9.77521	0	9.77543	0	9.77527	0	9.77547	0	9.77552	0	9.77523	0	9.7753	0	9.7753	0	9.77521	0	9.77537	0	9.77527	0	9.77518	0
9.77532	0	9.77545	0	9.77567	0	9.77539	0	9.77539	0	9.77522	0	9.77665	0	9.77525	0	9.77519	0	9.77521	0	9.77524	0	9.77553	0	9.77523	0	9.7752	0	9.77542	0	9.77527	0	9.77547	0	9.77552	0	9.77523	0	9.7753	0	9.77529	0	9.77519	0	9.77536	0	9.77526	0	9.77518	0
9.77531	0	9.77545	0	9.77563	0	9.77539	0	9.77539	0	9.77522	0	9.77644	0	9.77525	0	9.77519	0	9.77521	0	9.77523	0	9.77553	0	9.77523	0	9.7752	0	9.77542	0	9.77525	0	9.77547	0	9.77552	0	9.77523	0	9.77529	0	9.77528	0	9.77519	0	9.77536	0	9.77526	0	9.77518	0
9.77531	0	9.77543	0	9.77561	0	9.77538	0	9.77536	0	9.77522	0	9.77644	0	9.77525	0	9.77519	0	9.77521	0	9.77523	0	9.77553	0	9.77522	0	9.7752	0	9.77541	0	9.77525	0	9.77546	0	9.77552	0	9.77522	0	9.77529	0	9.77528	0	9.77519	0	9.77534	0	9.77525	0	9.77518	0
9.77529	0	9.77539	0	9.77559	0	9.77538	0	9.77533	0	9.77522	0	9.77634	0	9.77524	0	9.77519	0	9.7752	0	9.77523	0	9.7755	0	9.77522	0	9.7752	0	9.77539	0	9.77525	0	9.77544	0	9.77552	0	9.77522	0	9.77527	0	9.77528	0	9.77519	0	9.77534	0	9.77525	0	9.77518	0
9.77529	0	9.77539	0	9.77554	0	9.77538	0	9.77533	0	9.77521	0	9.7762	0	9.77524	0	9.77519	0	9.7752	0	9.77522	0	9.77547	0	9.77521	0	9.7752	0	9.77538	0	9.77525	0	9.77543	0	9.77551	0	9.77522	0	9.77527	0	9.77526	0	9.77518	0	9.77534	0	9.77525	0	9.77518	0
9.77528	0	9.77536	0	9.77552	0	9.77537	0	9.77533	0	9.77521	0	9.77617	0	9.77524	0	9.77519	0	9.7752	0	9.77522	0	9.77546	0	9.77521	0	9.77519	0	9.77538	0	9.77525	0	9.77541	0	9.7755	0	9.77522	0	9.77525	0	9.77526	0	9.77518	0	9.77532	0	9.77524	0	9.77518	0
9.77528	0	9.77536	0	9.77549	0	9.77536	0	9.7753	0	9.77521	0	9.77603	0	9.77524	0	9.77519	0	9.7752	0	9.77522	0	9.77544	0	9.77521	0	9.77519	0	9.77538	0	9.77524	0	9.7754	0	9.7755	0	9.77522	0	9.77525	0	9.77525	0	9.77518	0	9.77532	0	9.77524	0	9.77518	0
9.77527	0	9.77536	0	9.77546	0	9.77536	0	9.7753	0	9.77521	0	9.77603	0	9.77524	0	9.77518	0	9.77519	0	9.77521	0	9.77542	0	9.7752	0	9.77519	0	9.77537	0	9.77524	0	9.77538	0	9.77549	0	9.77522	0	9.77525	0	9.77525	0	9.77518	0	9.77529	0	9.77523	0	9.77518	0
9.77527	0	9.77535	0	9.77544	0	9.77536	0	9.7753	0	9.77521	0	9.77603	0	9.77523	0	9.77518	0	9.77519	0	9.77521	0	9.77541	0	9.7752	0	9.77519	0	9.77536	0	9.77524	0	9.77537	0	9.77548	0	9.77522	0	9.77524	0	9.77525	0	9.77518	0	9.77529	0	9.77523	0	9.77518	0
9.77527	0	9.77534	0	9.77542	0	9.77536	0	9.77529	0	9.77521	0	9.77594	0	9.77523	0	9.77518	0	9.77519	0	9.77521	0	9.7754	0	9.7752	0	9.77519	0	9.77536	0	9.77524	0	9.77537	0	9.77548	0	9.77521	0	9.77522	0	9.77524	0	9.77518	0	9.77528	0	9.77523	0	9.77518	0
9.77526	0	9.77534	0	9.7754	0	9.77535	0	9.77529	0	9.77521	0	9.77586	0	9.77523	0	9.77518	0	9.77519	0	9.77521	0	9.77537	0	9.7752	0	9.77519	0	9.77535	0	9.77523	0	9.77537	0	9.77547	0	9.77521	0	9.77522	0	9.77524	0	9.77518	0	9.77527	0	9.77522	0	9.77518	0
9.77526	0	9.77533	0	9.77538	0	9.77535	0	9.77528	0	9.7752	0	9.77586	0	9.77523	0	9.77518	0	9.77519	0	9.77521	0	9.77537	0	9.7752	0	9.77519	0	9.77535	0	9.77523	0	9.77536	0	9.77547	0	9.77521	0	9.77521	0	9.77523	0	9.77517	0	9.77527	0	9.77522	0	9.77518	0
9.77526	0	9.77531	0	9.77538	0	9.77534	0	9.77528	0	9.7752	0	9.77586	0	9.77523	0	9.77518	0	9.77519	0	9.77521	0	9.77535	0	9.77519	0	9.77519	0	9.77535	0	9.77523	0	9.77536	0	9.77546	0	9.77521	0	9.77521	0	9.77523	0	9.77517	0	9.77526	0	9.77522	0	9.77518	0
9.77525	0	9.77531	0	9.77537	0	9.77534	0	9.77528	0	9.7752	0	9.77586	0	9.77523	0	9.77518	0	9.77519	0	9.77521	0	9.77535	0	9.77519	0	9.77519	0	9.77534	0	9.77523	0	9.77535	0	9.77545	0	9.77521	0	9.77521	0	9.77522	0	9.77517	0	9.77524	0	9.77522	0	9.77518	0
9.77525	0	9.77531	0	9.77535	0	9.77533	0	9.77527	0	9.7752	0	9.7758	0	9.77523	0	9.77518	0	9.77519	0	9.77521	0	9.77533	0	9.77519	0	9.77519	0	9.77534	0	9.77522	0	9.77533	0	9.77545	0	9.77521	0	9.77521	0	9.77522	0	9.77517	0	9.77524	0	9.77522	0	9.77518	0
9.77525	0	9.7753	0	9.77535	0	9.77533	0	9.77526	0	9.77519	0	9.77577	0	9.77522	0	9.77518	0	9.77518	0	9.77521	0	9.77533	0	9.77519	0	9.77518	0	9.77534	0	9.77522	0	9.77533	0	9.77544	0	9.77521	0	9.77521	0	9.77521	0	9.77517	0	9.77524	0	9.77522	0	9.77518	0
9.77525	0	9.77528	0	9.77535	0	9.77532	0	9.77526	0	9.77519	0	9.77577	0	9.77522	0	9.77518	0	9.77518	0	9.7752	0	9.77532	0	9.77519	0	9.77518	0	9.77533	0	9.77522	0	9.77533	0	9.77543	0	9.77521	0	9.77521	0	9.77521	0	9.77517	0	9.77523	0	9.77522	0	9.77518	0
9.77524	0	9.77528	0	9.77535	0	9.77532	0	9.77526	0	9.77519	0	9.77568	0	9.77522	0	9.77518	0	9.77518	0	9.7752	0	9.77532	0	9.77519	0	9.77518	0	9.77532	0	9.77522	0	9.77532	0	9.77542	0	9.77521	0	9.77521	0	9.77521	0	9.77517	0	9.77523	0	9.77522	0	9.77518	0
9.77524	0	9.77528	0	9.77534	0	9.77531	0	9.77526	0	9.77519	0	9.77566	0	9.77521	0	9.77518	0	9.77518	0	9.7752	0	9.77532	0	9.77519	0	9.77518	0	9.77532	0	9.77521	0	9.77532	0	9.77542	0	9.77521	0	9.77521	0	9.77521	0	9.77517	0	9.77522	0	9.77522	0	9.77518	0
9.77524	0	9.77528	0	9.77533	0	9.7753	0	9.77526	0	9.77519	0	9.77564	0	9.77521	0	9.77518	0	9.77518	0	9.7752	0	9.77531	0	9.77518	0	9.77518	0	9.77531	0	9.77521	0	9.77531	0	9.77542	0	9.77521	0	9.77521	0	9.7752	0	9.77517	0	9.77522	0	9.77521	0	9.77518	0
9.77524	0	9.77527	0	9.77532	0	9.7753	0	9.77525	0	9.77519	0	9.77561	0	9.77521	0	9.77518	0	9.77518	0	9.7752	0	9.77531	0	9.77518	0	9.77518	0	9.77531	0	9.77521	0	9.77531	0	9.77542	0	9.7752	0	9.7752	0	9.7752	0	9.77517	0	9.77522	0	9.77521	0	9.77518	0
9.77524	0	9.77527	0	9.77532	0	9.7753	0	9.77525	0	9.77519	0	9.77556	0	9.77521	0	9.77518	0	9.77518	0	9.7752	0	9.77529	0	9.77518	0	9.77518	0	9.7753	0	9.7752	0	9.77531	0	9.77541	0	9.7752	0	9.7752	0	9.7752	0	9.77517	0	9.77522	0	9.77521	0	9.77518	0
9.77524	0	9.77526	0	9.77532	0	9.77529	0	9.77525	0	9.77519	0	9.77556	0	9.77521	0	9.77518	0	9.77518	0	9.7752	0	9.77529	0	9.77518	0	9.77518	0	9.77529	0	9.7752	0	9.77531	0	9.77541	0	9.7752	0	9.7752	0	9.77519	0	9.77517	0	9.77521	0	9.77521	0	9.77517	0
9.77523	0	9.77525	0	9.77532	0	9.77529	0	9.77525	0	9.77519	0	9.77554	0	9.77521	0	9.77517	0	9.77518	0	9.7752	0	9.77528	0	9.77518	0	9.77518	0	9.77529	0	9.7752	0	9.77531	0	9.7754	0	9.7752	0	9.7752	0	9.77519	0	9.77517	0	9.77521	0	9.77521	0	9.77517	0
9.77523	0	9.77525	0	9.77532	0	9.77528	0	9.77525	0	9.77519	0	9.77552	0	9.77521	0	9.77517	0	9.77518	0	9.7752	0	9.77528	0	9.77518	0	9.77518	0	9.77528	0	9.77519	0	9.77531	0	9.77539	0	9.7752	0	9.7752	0	9.77519	0	9.77517	0	9.77521	0	9.77521	0	9.77517	0
9.77523	0	9.77525	0	9.77531	0	9.77528	0	9.77525	0	9.77519	0	9.77548	0	9.77521	0	9.77517	0	9.77518	0	9.77519	0	9.77527	0	9.77518	0	9.77518	0	9.77526	0	9.77519	0	9.7753	0	9.77538	0	9.7752	0	9.7752	0	9.77519	0	9.77517	0	9.77521	0	9.77521	0	9.77517	0
9.77523	0	9.77524	0	9.77531	0	9.77527	0	9.77525	0	9.77519	0	9.77548	0	9.7752	0	9.77517	0	9.77518	0	9.77519	0	9.77527	0	9.77518	0	9.77518	0	9.77525	0	9.77519	0	9.7753	0	9.77538	0	9.7752	0	9.77519	0	9.77519	0	9.77517	0	9.77521	0	9.77521	0	9.77517	0
9.77523	0	9.77524	0	9.77531	0	9.77527	0	9.77524	0	9.77519	0	9.77548	0	9.7752	0	9.77517	0	9.77517	0	9.77519	0	9.77527	0	9.77518	0	9.77518	0	9.77525	0	9.77519	0	9.7753	0	9.77538	0	9.7752	0	9.77519	0	9.77519	0	9.77517	0	9.7752	0	9.77521	0	9.77517	0
9.77523	0	9.77524	0	9.7753	0	9.77526	0	9.77524	0	9.77519	0	9.77545	0	9.7752	0	9.77517	0	9.77517	0	9.77519	0	9.77526	0	9.77518	0	9.77518	0	9.77525	0	9.77519	0	9.7753	0	9.77537	0	9.7752	0	9.77519	0	9.77519	0	9.77517	0	9.7752	0	9.77521	0	9.77517	0
9.77523	0	9.77523	0	9.7753	0	9.77526	0	9.77524	0	9.77519	0	9.77542	0	9.7752	0	9.77517	0	9.77517	0	9.77519	0	9.77525	0	9.77518	0	9.77518	0	9.77524	0	9.77519	0	9.7753	0	9.77537	0	9.7752	0	9.77519	0	9.77519	0	9.77517	0	9.7752	0	9.77521	0	9.77517	0
9.77523	0	9.77523	0	9.7753	0	9.77526	0	9.77524	0	9.77518	0	9.7754	0	9.7752	0	9.77517	0	9.77517	0	9.77519	0	9.77525	0	9.77518	0	9.77518	0	9.77524	0	9.77518	0	9.7753	0	9.77536	0	9.7752	0	9.77519	0	9.77519	0	9.77517	0	9.7752	0	9.77521	0	9.77517	0
9.77522	0	9.77523	0	9.7753	0	9.77526	0	9.77523	0	9.77518	0	9.77539	0	9.7752	0	9.77517	0	9.77517	0	9.77519	0	9.77524	0	9.77518	0	9.77518	0	9.77523	0	9.77518	0	9.77529	0	9.77536	0	9.7752	0	9.77519	0	9.77519	0	9.77517	0	9.7752	0	9.77521	0	9.77517	0
9.77522	0	9.77522	0	9.77529	0	9.77525	0	9.77523	0	9.77518	0	9.77538	0	9.7752	0	9.77517	0	9.77517	0	9.77519	0	9.77524	0	9.77518	0	9.77518	0	9.77523	0	9.77518	0	9.77529	0	9.77535	0	9.7752	0	9.77519	0	9.77519	0	9.77517	0	9.77519	0	9.77521	0	9.77517	0
9.77522	0	9.77522	0	9.77529	0	9.77525	0	9.77523	0	9.77518	0	9.77536	0	9.7752	0	9.77517	0	9.77517	0	9.77519	0	9.77524	0	9.77518	0	9.77518	0	9.77523	0	9.77518	0	9.77529	0	9.77535	0	9.7752	0	9.77519	0	9.77518	0	9.77517	0	9.77519	0	9.77521	0	9.77517	0
9.77522	0	9.77522	0	9.77529	0	9.77525	0	9.77523	0	9.77518	0	9.77536	0	9.7752	0	9.77517	0	9.77517	0	9.77519	0	9.77523	0	9.77517	0	9.77518	0	9.77522	0	9.77518	0	9.77529	0	9.77535	0	9.7752	0	9.77518	0	9.77518	0	9.77517	0	9.77519	0	9.7752	0	9.77517	0
9.77522	0	9.77521	0	9.77528	0	9.77524	0	9.77523	0	9.77518	0	9.77533	0	9.7752	0	9.77517	0	9.77517	0	9.77518	0	9.77523	0	9.77517	0	9.77518	0	9.77522	0	9.77518	0	9.77529	0	9.77534	0	9.7752	0	9.77518	0	9.77518	0	9.77517	0	9.77519	0	9.7752	0	9.77517	0
9.77522	0	9.77521	0	9.77528	0	9.77524	0	9.77522	0	9.77518	0	9.77533	0	9.7752	0	9.77517	0	9.77517	0	9.77518	0	9.77521	0	9.77517	0	9.77518	0	9.77522	0	9.77518	0	9.77529	0	9.77534	0	9.7752	0	9.77518	0	9.77518	0	9.77517	0	9.77519	0	9.7752	0	9.77517	0
9.77522	0	9.77521	0	9.77528	0	9.77524	0	9.77522	0	9.77518	0	9.77533	0	9.7752	0	9.77517	0	9.77517	0	9.77518	0	9.77521	0	9.77517	0	9.77518	0	9.77522	0	9.77518	0	9.77529	0	9.77533	0	9.7752	0	9.77518	0	9.77518	0	9.77517	0	9.77519	0	9.7752	0	9.77517	0
9.77522	0	9.77521	0	9.77527	0	9.77524	0	9.77522	0	9.77518	0	9.77531	0	9.7752	0	9.77517	0	9.77517	0	9.77518	0	9.77521	0	9.77517	0	9.77518	0	9.77522	0	9.77518	0	9.77529	0	9.77533	0	9.7752	0	9.77518	0	9.77518	0	9.77517	0	9.77519	0	9.7752	0	9.77517	0
9.77522	0	9.77521	0	9.77527	0	9.77523	0	9.77521	0	9.77518	0	9.77531	0	9.7752	0	9.77517	0	9.77517	0	9.77518	0	9.77521	0	9.77517	0	9.77518	0	9.77522	0	9.77518	0	9.77529	0	9.77533	0	9.7752	0	9.77518	0	9.77518	0	9.77517	0	9.77518	0	9.7752	0	9.77517	0
9.77521	0	9.77521	0	9.77527	0	9.77523	0	9.77521	0	9.77518	0	9.77531	0	9.77519	0	9.77517	0	9.77517	0	9.77518	0	9.77521	0	9.77517	0	9.77518	0	9.77522	0	9.77518	0	9.77529	0	9.77533	0	9.7752	0	9.77518	0	9.77518	0	9.77517	0	9.77518	0	9.7752	0	9.77517	0
9.77521	0	9.7752	0	9.77527	0	9.77523	0	9.77521	0	9.77518	0	9.77531	0	9.77519	0	9.77517	0	9.77517	0	9.77518	0	9.77521	0	9.77517	0	9.77518	0	9.77522	0	9.77517	0	9.77529	0	9.77533	0	9.77519	0	9.77518	0	9.77518	0	9.77517	0	9.77518	0	9.7752	0	9.77517	0
9.77521	0	9.7752	0	9.77527	0	9.77523	0	9.77521	0	9.77518	0	9.7753	0	9.77519	0	9.77517	0	9.77517	0	9.77518	0	9.77521	0	9.77517	0	9.77518	0	9.77522	0	9.77517	0	9.77528	0	9.77532	0	9.77519	0	9.77518	0	9.77518	0	9.77517	0	9.77518	0	9.7752	0	9.77517	0
9.77521	0	9.7752	0	9.77527	0	9.77523	0	9.77521	0	9.77518	0	9.7753	0	9.77519	0	9.77517	0	9.77517	0	9.77518	0	9.77521	0	9.77517	0	9.77518	0	9.77522	0	9.77517	0	9.77528	0	9.77532	0	9.77519	0	9.77518	0	9.77518	0	9.77517	0	9.77518	0	9.7752	0	9.77517	0
9.77521	0	9.7752	0	9.77526	0	9.77522	0	9.7752	0	9.77518	0	9.77529	0	9.77519	0	9.77517	0	9.77517	0	9.77518	0	9.77521	0	9.77517	0	9.77518	0	9.77521	0	9.77517	0	9.77528	0	9.77532	0	9.77519	0	9.77518	0	9.77518	0	9.77517	0	9.77518	0	9.7752	0	9.77517	0
9.77521	0	9.7752	0	9.77526	0	9.77522	0	9.7752	0	9.77518	0	9.77529	0	9.77519	0	9.77517	0	9.77517	0	9.77518	0	9.77521	0	9.77517	0	9.77518	0	9.77521	0	9.77517	0	9.77528	0	9.77531	0	9.77519	0	9.77518	0	9.77518	0	9.77517	0	9.77518	0	9.7752	0	9.77517	0
9.77521	0	9.7752	0	9.77526	0	9.77522	0	9.7752	0	9.77518	0	9.77529	0	9.77519	0	9.77517	0	9.77517	0	9.77518	0	9.77521	0	9.77517	0	9.77518	0	9.77521	0	9.77517	0	9.77528	0	9.77531	0	9.77519	0	9.77518	0	9.77518	0	9.77517	0	9.77518	0	9.7752	0	9.77517	0
9.77521	0	9.7752	0	9.77525	0	9.77522	0	9.7752	0	9.77518	0	9.77528	0	9.77519	0	9.77517	0	9.77517	0	9.77518	0	9.77521	0	9.77517	0	9.77518	0	9.77521	0	9.77517	0	9.77528	0	9.77531	0	9.77519	0	9.77518	0	9.77518	0	9.77517	0	9.77518	0	9.7752	0	9.77517	0
9.77521	0	9.7752	0	9.77525	0	9.77522	0	9.7752	0	9.77518	0	9.77528	0	9.77519	0	9.77517	0	9.77517	0	9.77518	0	9.7752	0	9.77517	0	9.77517	0	9.7752	0	9.77517	0	9.77528	0	9.77531	0	9.77519	0	9.77518	0	9.77518	0	9.77517	0	9.77518	0	9.7752	0	9.77517	0
9.7752	0	9.7752	0	9.77525	0	9.77521	0	9.7752	0	9.77518	0	9.77528	0	9.77519	0	9.77517	0	9.77517	0	9.77518	0	9.7752	0	9.77517	0	9.77517	0	9.7752	0	9.77517	0	9.77528	0	9.7753	0	9.77519	0	9.77518	0	9.77518	0	9.77517	0	9.77518	0	9.7752	0	9.77517	0
9.7752	0	9.7752	0	9.77525	0	9.77521	0	9.7752	0	9.77518	0	9.77527	0	9.77519	0	9.77517	0	9.77517	0	9.77518	0	9.7752	0	9.77517	0	9.77517	0	9.7752	0	9.77517	0	9.77528	0	9.7753	0	9.77519	0	9.77518	0	9.77518	0	9.77517	0	9.77518	0	9.7752	0	9.77517	0
9.7752	0	9.7752	0	9.77524	0	9.77521	0	9.77519	0	9.77518	0	9.77527	0	9.77519	0	9.77517	0	9.77517	0	9.77518	0	9.7752	0	9.77517	0	9.77517	0	9.7752	0	9.77517	0	9.77528	0	9.7753	0	9.77519	0	9.77518	0	9.77518	0	9.77517	0	9.77518	0	9.7752	0	9.77517	0
9.7752	0	9.7752	0	9.77524	0	9.77521	0	9.77519	0	9.77518	0	9.77527	0	9.77519	0	9.77517	0	9.77517	0	9.77518	0	9.7752	0	9.77517	0	9.77517	0	9.7752	0	9.77517	0	9.77527	0	9.77529	0	9.77519	0	9.77518	0	9.77518	0	9.77517	0	9.77518	0	9.7752	0	9.77517	0
9.7752	0	9.7752	0	9.77524	0	9.77521	0	9.77519	0	9.77518	0	9.77526	0	9.77519	0	9.77517	0	9.77517	0	9.77518	0	9.7752	0	9.77517	0	9.77517	0	9.7752	0	9.77517	0	9.77527	0	9.77529	0	9.77519	0	9.77518	0	9.77518	0	9.77517	0	9.77517	0	9.7752	0	9.77517	0
9.7752	0	9.77519	0	9.77524	0	9.77521	0	9.77519	0	9.77518	0	9.77526	0	9.77518	0	9.77517	0	9.77517	0	9.77518	0	9.7752	0	9.77517	0	9.77517	0	9.7752	0	9.77517	0	9.77527	0	9.77528	0	9.77519	0	9.77518	0	9.77518	0	9.77517	0	9.77517	0	9.77519	0	9.77517	0
9.7752	0	9.77519	0	9.77524	0	9.77521	0	9.77519	0	9.77518	0	9.77525	0	9.77518	0	9.77517	0	9.77517	0	9.77518	0	9.7752	0	9.77517	0	9.77517	0	9.77519	0	9.77517	0	9.77527	0	9.77528	0	9.77519	0	9.77518	0	9.77518	0	9.77517	0	9.77517	0	9.77519	0	9.77517	0
9.7752	0	9.77519	0	9.77524	0	9.7752	0	9.77519	0	9.77518	0	9.77525	0	9.77518	0	9.77517	0	9.77517	0	9.77518	0	9.7752	0	9.77517	0	9.77517	0	9.77519	0	9.77517	0	9.77527	0	9.77528	0	9.77519	0	9.77518	0	9.77518	0	9.77517	0	9.77517	0	9.77519	0	9.77517	0
9.7752	0	9.77519	0	9.77523	0	9.7752	0	9.77519	0	9.77518	0	9.77524	0	9.77518	0	9.77517	0	9.77517	0	9.77518	0	9.7752	0	9.77517	0	9.77517	0	9.77519	0	9.77517	0	9.77527	0	9.77528	0	9.77519	0	9.77518	0	9.77518	0	9.77517	0	9.77517	0	9.77519	0	9.77517	0
9.7752	0	9.77519	0	9.77523	0	9.7752	0	9.77519	0	9.77518	0	9.77524	0	9.77518	0	9.77517	0	9.77517	0	9.77518	0	9.7752	0	9.77517	0	9.77517	0	9.77519	0	9.77517	0	9.77526	0	9.77528	0	9.77519	0	9.77518	0	9.77517	0	9.77517	0	9.77517	0	9.77519	0	9.77517	0
9.7752	0	9.77519	0	9.77523	0	9.7752	0	9.77519	0	9.77518	0	9.77523	0	9.77518	0	9.77517	0	9.77517	0	9.77518	0	9.77519	0	9.77517	0	9.77517	0	9.77519	0	9.77517	0	9.77526	0	9.77528	0	9.77519	0	9.77518	0	9.77517	0	9.77517	0	9.77517	0	9.77519	0	9.77517	0
9.7752	0	9.77519	0	9.77523	0	9.7752	0	9.77519	0	9.77518	0	9.77523	0	9.77518	0	9.77517	0	9.77517	0	9.77518	0	9.77519	0	9.77517	0	9.77517	0	9.77519	0	9.77517	0	9.77526	0	9.77527	0	9.77519	0	9.77518	0	9.77517	0	9.77517	0	9.77517	0	9.77519	0	9.77517	0
9.77519	0	9.77519	0	9.77523	0	9.7752	0	9.77519	0	9.77518	0	9.77523	0	9.77518	0	9.77517	0	9.77517	0	9.77518	0	9.77519	0	9.77517	0	9.77517	0	9.77519	0	9.77517	0	9.77526	0	9.77527	0	9.77519	0	9.77517	0	9.77517	0	9.77517	0	9.77517	0	9.77519	0	9.77517	0
9.77519	0	9.77519	0	9.77523	0	9.7752	0	9.77518	0	9.77518	0	9.77522	0	9.77518	0	9.77517	0	9.77517	0	9.77518	0	9.77519	0	9.77517	0	9.77517	0	9.77518	0	9.77517	0	9.77526	0	9.77527	0	9.77519	0	9.77517	0	9.77517	0	9.77517	0	9.77517	0	9.77519	0	9.77517	0
9.77519	0	9.77519	0	9.77523	0	9.7752	0	9.77518	0	9.77518	0	9.77522	0	9.77518	0	9.77517	0	9.77517	0	9.77518	0	9.77519	0	9.77517	0	9.77517	0	9.77518	0	9.77517	0	9.77526	0	9.77527	0	9.77519	0	9.77517	0	9.77517	0	9.77517	0	9.77517	0	9.77519	0	9.77517	0
9.77519	0	9.77519	0	9.77523	0	9.7752	0	9.77518	0	9.77518	0	9.77522	0	9.77518	0	9.77517	0	9.77517	0	9.77517	0	9.77519	0	9.77517	0	9.77517	0	9.77518	0	9.77517	0	9.77526	0	9.77527	0	9.77519	0	9.77517	0	9.77517	0	9.77517	0	9.77517	0	9.77519	0	9.77517	0
9.77519	0	9.77519	0	9.77522	0	9.7752	0	9.77518	0	9.77518	0	9.77522	0	9.77518	0	9.77517	0	9.77517	0	9.77517	0	9.77519	0	9.77517	0	9.77517	0	9.77518	0	9.77517	0	9.77526	0	9.77527	0	9.77519	0	9.77517	0	9.77517	0	9.77517	0	9.77517	0	9.77519	0	9.77517	0
9.77519	0	9.77519	0	9.77522	0	9.7752	0	9.77518	0	9.77518	0	9.77521	0	9.77518	0	9.77517	0	9.77517	0	9.77517	0	9.77519	0	9.77517	0	9.77517	0	9.77518	0	9.77517	0	9.77526	0	9.77527	0	9.77519	0	9.77517	0	9.77517	0	9.77517	0	9.77517	0	9.77519	0	9.77517	0
9.77519	0	9.77519	0	9.77522	0	9.7752	0	9.77518	0	9.77518	0	9.77521	0	9.77518	0	9.77517	0	9.77517	0	9.77517	0	9.77518	0	9.77517	0	9.77517	0	9.77518	0	9.77517	0	9.77526	0	9.77527	0	9.77519	0	9.77517	0	9.77517	0	9.77517	0	9.77517	0	9.77519	0	9.77517	0
9.77519	0	9.77519	0	9.77522	0	9.7752	0	9.77518	0	9.77518	0	9.77521	0	9.77518	0	9.77517	0	9.77517	0	9.77517	0	9.77518	0	9.77517	0	9.77517	0	9.77518	0	9.77517	0	9.77526	0	9.77527	0	9.77519	0	9.77517	0	9.77517	0	9.77517	0	9.77517	0	9.77519	0	9.77517	0
9.77519	0	9.77519	0	9.77521	0	9.7752	0	9.77518	0	9.77518	0	9.77521	0	9.77518	0	9.77517	0	9.77517	0	9.77517	0	9.77518	0	9.77517	0	9.77517	0	9.77518	0	9.77517	0	9.77526	0	9.77526	0	9.77519	0	9.77517	0	9.77517	0	9.77517	0	9.77517	0	9.77519	0	9.77517	0
9.77519	0	9.77518	0	9.77521	0	9.7752	0	9.77518	0	9.77517	0	9.77521	0	9.77518	0	9.77517	0	9.77517	0	9.77517	0	9.77518	0	9.77517	0	9.77517	0	9.77518	0	9.77517	0	9.77526	0	9.77526	0	9.77519	0	9.77517	0	9.77517	0	9.77517	0	9.77517	0	9.77519	0	9.77517	0
9.77518	0	9.77518	0	9.77521	0	9.7752	0	9.77518	0	9.77517	0	9.77521	0	9.77518	0	9.77517	0	9.77517	0	9.77517	0	9.77518	0	9.77517	0	9.77517	0	9.77518	0	9.77517	0	9.77526	0	9.77526	0	9.77519	0	9.77517	0	9.77517	0	9.77517	0	9.77517	0	9.77519	0	9.77517	0
9.77518	0	9.77518	0	9.77521	0	9.7752	0	9.77518	0	9.77517	0	9.77521	0	9.77518	0	9.77517	0	9.77517	0	9.77517	0	9.77518	0	9.77517	0	9.77517	0	9.77518	0	9.77517	0	9.77526	0	9.77526	0	9.77519	0	9.77517	0	9.77517	0	9.77517	0	9.77517	0	9.77519	0	9.77517	0
9.77518	0	9.77518	0	9.77521	0	9.7752	0	9.77518	0	9.77517	0	9.77521	0	9.77518	0	9.77517	0	9.77517	0	9.77517	0	9.77518	0	9.77517	0	9.77517	0	9.77518	0	9.77517	0	9.77526	0	9.77526	0	9.77519	0	9.77517	0	9.77517	0	9.77517	0	9.77517	0	9.77519	0	9.77517	0
9.77518	0	9.77518	0	9.77521	0	9.7752	0	9.77517	0	9.77517	0	9.7752	0	9.77518	0	9.77517	0	9.77517	0	9.77517	0	9.77518	0	9.77517	0	9.77517	0	9.77518	0	9.77517	0	9.77526	0	9.77526	0	9.77519	0	9.77517	0	9.77517	0	9.77517	0	9.77517	0	9.77519	0	9.77517	0
9.77518	0	9.77518	0	9.77521	0	9.7752	0	9.77517	0	9.77517	0	9.7752	0	9.77518	0	9.77517	0	9.77517	0	9.77517	0	9.77518	0	9.77517	0	9.77517	0	9.77518	0	9.77517	0	9.77525	0	9.77526	0	9.77518	0	9.77517	0	9.77517	0	9.77517	0	9.77517	0	9.77519	0	9.77517	0
9.77518	0	9.77518	0	9.77521	0	9.7752	0	9.77517	0	9.77517	0	9.7752	0	9.77518	0	9.77517	0	9.77517	0	9.77517	0	9.77518	0	9.77517	0	9.77517	0	9.77518	0	9.77517	0	9.77525	0	9.77526	0	9.77518	0	9.77517	0	9.77517	0	9.77517	0	9.77517	0	9.77519	0	9.77517	0
9.77518	0	9.77518	0	9.77521	0	9.77519	0	9.77517	0	9.77517	0	9.7752	0	9.77518	0	9.77517	0	9.77517	0	9.77517	0	9.77518	0	9.77517	0	9.77517	0	9.77518	0	9.77517	0	9.77525	0	9.77526	0	9.77518	0	9.77517	0	9.77517	0	9.77517	0	9.77517	0	9.77519	0	9.77517	0
9.77518	0	9.77518	0	9.77521	0	9.77519	0	9.77517	0	9.77517	0	9.7752	0	9.77518	0	9.77517	0	9.77517	0	9.77517	0	9.77517	0	9.77517	0	9.77517	0	9.77518	0	9.77517	0	9.77525	0	9.77526	0	9.77518	0	9.77517	0	9.77517	0	9.77517	0	9.77517	0	9.77519	0	9.77517	0
9.77518	0	9.77518	0	9.77521	0	9.77519	0	9.77517	0	9.77517	0	9.7752	0	9.77518	0	9.77517	0	9.77517	0	9.77517	0	9.77517	0	9.77517	0	9.77517	0	9.77518	0	9.77517	0	9.77525	0	9.77526	0	9.77518	0	9.77517	0	9.77517	0	9.77517	0	9.77517	0	9.77519	0	9.77517	0
9.77518	0	9.77518	0	9.77521	0	9.77519	0	9.77517	0	9.77517	0	9.7752	0	9.77518	0	9.77517	0	9.77517	0	9.77517	0	9.77517	0	9.77517	0	9.77517	0	9.77518	0	9.77517	0	9.77525	0	9.77526	0	9.77518	0	9.77517	0	9.77517	0	9.77517	0	9.77517	0	9.77519	0	9.77517	0
9.77518	0	9.77518	0	9.77521	0	9.77519	0	9.77517	0	9.77517	0	9.7752	0	9.77518	0	9.77517	0	9.77517	0	9.77517	0	9.77517	0	9.77517	0	9.77517	0	9.77518	0	9.77517	0	9.77525	0	9.77526	0	9.77518	0	9.77517	0	9.77517	0	9.77517	0	9.77517	0	9.77519	0	9.77517	0
9.77518	0	9.77518	0	9.77521	0	9.77519	0	9.77517	0	9.77517	0	9.7752	0	9.77518	0	9.77517	0	9.77517	0	9.77517	0	9.77517	0	9.77517	0	9.77517	0	9.77518	0	9.77517	0	9.77525	0	9.77526	0	9.77518	0	9.77517	0	9.77517	0	9.77517	0	9.77517	0	9.77519	0	9.77517	0
9.77518	0	9.77518	0	9.7752	0	9.77519	0	9.77517	0	9.77517	0	9.7752	0	9.77518	0	9.77517	0	9.77517	0	9.77517	0	9.77517	0	9.77517	0	9.77517	0	9.77518	0	9.77517	0	9.77525	0	9.77526	0	9.77518	0	9.77517	0	9.77517	0	9.77517	0	9.77517	0	9.77519	0	9.77517	0
9.77518	0	9.77518	0	9.7752	0	9.77519	0	9.77517	0	9.77517	0	9.7752	0	9.77518	0	9.77517	0	9.77517	0	9.77517	0	9.77517	0	9.77517	0	9.77517	0	9.77518	0	9.77517	0	9.77525	0	9.77526	0	9.77518	0	9.77517	0	9.77517	0	9.77517	0	9.77517	0	9.77519	0	9.77517	0
9.77518	0	9.77518	0	9.7752	0	9.77519	0	9.77517	0	9.77517	0	9.7752	0	9.77518	0	9.77517	0	9.77517	0	9.77517	0	9.77517	0	9.77517	0	9.77517	0	9.77518	0	9.77517	0	9.77525	0	9.77526	0	9.77518	0	9.77517	0	9.77517	0	9.77517	0	9.77517	0	9.77519	0	9.77517	0
9.77518	0	9.77518	0	9.7752	0	9.77519	0	9.77517	0	9.77517	0	9.7752	0	9.77518	0	9.77517	0	9.77517	0	9.77517	0	9.77517	0	9.77517	0	9.77517	0	9.77517	0	9.77517	0	9.77525	0	9.77526	0	9.77518	0	9.77517	0	9.77517	0	9.77517	0	9.77517	0	9.77519	0	9.77517	0
9.77518	0	9.77518	0	9.7752	0	9.77519	0	9.77517	0	9.77517	0	9.77519	0	9.77518	0	9.77517	0	9.77517	0	9.77517	0	9.77517	0	9.77517	0	9.77517	0	9.77517	0	9.77517	0	9.77525	0	9.77526	0	9.77518	0	9.77517	0	9.77517	0	9.77517	0	9.77517	0	9.77519	0	9.77517	0
9.77518	0	9.77518	0	9.7752	0	9.77519	0	9.77517	0	9.77517	0	9.77519	0	9.77518	0	9.77517	0	9.77517	0	9.77517	0	9.77517	0	9.77517	0	9.77517	0	9.77517	0	9.77517	0	9.77525	0	9.77526	0	9.77518	0	9.77517	0	9.77517	0	9.77517	0	9.77517	0	9.77519	0	9.77517	0
9.77518	0	9.77518	0	9.7752	0	9.77519	0	9.77517	0	9.77517	0	9.77519	0	9.77518	0	9.77517	0	9.77517	0	9.77517	0	9.77517	0	9.77517	0	9.77517	0	9.77517	0	9.77517	0	9.77524	0	9.77526	0	9.77518	0	9.77517	0	9.77517	0	9.77517	0	9.77517	0	9.77519	0	9.77517	0
9.77518	0	9.77518	0	9.77519	0	9.77519	0	9.77517	0	9.77517	0	9.77519	0	9.77518	0	9.77517	0	9.77517	0	9.77517	0	9.77517	0	9.77517	0	9.77517	0	9.77517	0	9.77517	0	9.77524	0	9.77526	0	9.77518	0	9.77517	0	9.77517	0	9.77517	0	9.77517	0	9.77519	0	9.77517	0
9.77518	0	9.77518	0	9.77519	0	9.77519	0	9.77517	0	9.77517	0	9.77519	0	9.77518	0	9.77517	0	9.77517	0	9.77517	0	9.77517	0	9.77517	0	9.77517	0	9.77517	0	9.77517	0	9.77524	0	9.77526	0	9.77518	0	9.77517	0	9.77517	0	9.77517	0	9.77517	0	9.77519	0	9.77517	0
9.77518	0	9.77518	0	9.77519	0	9.77519	0	9.77517	0	9.77517	0	9.77519	0	9.77518	0	9.77517	0	9.77517	0	9.77517	0	9.77517	0	9.77517	0	9.77517	0	9.77517	0	9.77517	0	9.77524	0	9.77526	0	9.77518	0	9.77517	0	9.77517	0	9.77517	0	9.77517	0	9.77519	0	9.77517	0
9.77518	0	9.77518	0	9.77519	0	9.77519	0	9.77517	0	9.77517	0	9.77519	0	9.77518	0	9.77517	0	9.77517	0	9.77517	0	9.77517	0	9.77517	0	9.77517	0	9.77517	0	9.77517	0	9.77524	0	9.77526	0	9.77518	0	9.77517	0	9.77517	0	9.77517	0	9.77517	0	9.77519	0	9.77517	0
9.77518	0	9.77518	0	9.77519	0	9.77519	0	9.77517	0	9.77517	0	9.77519	0	9.77518	0	9.77517	0	9.77517	0	9.77517	0	9.77517	0	9.77517	0	9.77517	0	9.77517	0	9.77517	0	9.77524	0	9.77526	0	9.77518	0	9.77517	0	9.77517	0	9.77517	0	9.77517	0	9.77519	0	9.77517	0
9.77518	0	9.77518	0	9.77519	0	9.77519	0	9.77517	0	9.77517	0	9.77519	0	9.77518	0	9.77517	0	9.77517	0	9.77517	0	9.77517	0	9.77517	0	9.77517	0	9.77517	0	9.77517	0	9.77524	0	9.77525	0	9.77518	0	9.77517	0	9.77517	0	9.77517	0	9.77517	0	9.77519	0	9.77517	0
9.77518	0	9.77518	0	9.77519	0	9.77519	0	9.77517	0	9.77517	0	9.77519	0	9.77518	0	9.77517	0	9.77517	0	9.77517	0	9.77517	0	9.77517	0	9.77517	0	9.77517	0	9.77517	0	9.77524	0	9.77525	0	9.77518	0	9.77517	0	9.77517	0	9.77517	0	9.77517	0	9.77519	0	9.77517	0
9.77518	0	9.77518	0	9.77518	0	9.77519	0	9.77517	0	9.77517	0	9.77519	0	9.77518	0	9.77517	0	9.77517	0	9.77517	0	9.77517	0	9.77517	0	9.77517	0	9.77517	0	9.77517	0	9.77524	0	9.77525	0	9.77518	0	9.77517	0	9.77517	0	9.77517	0	9.77517	0	9.77519	0	9.77517	0
9.77518	0	9.77518	0	9.77518	0	9.77519	0	9.77517	0	9.77517	0	9.77519	0	9.77518	0	9.77517	0	9.77517	0	9.77517	0	9.77517	0	9.77517	0	9.77517	0	9.77517	0	9.77517	0	9.77524	0	9.77525	0	9.77518	0	9.77517	0	9.77517	0	9.77517	0	9.77517	0	9.77519	0	9.77517	0
9.77518	0	9.77518	0	9.77518	0	9.77519	0	9.77517	0	9.77517	0	9.77519	0	9.77518	0	9.77517	0	9.77517	0	9.77517	0	9.77517	0	9.77517	0	9.77517	0	9.77517	0	9.77517	0	9.77524	0	9.77525	0	9.77518	0	9.77517	0	9.77517	0	9.77517	0	9.77517	0	9.77519	0	9.77517	0
9.77518	0	9.77518	0	9.77518	0	9.77519	0	9.77517	0	9.77517	0	9.77519	0	9.77518	0	9.77517	0	9.77517	0	9.77517	0	9.77517	0	9.77517	0	9.77517	0	9.77517	0	9.77517	0	9.77524	0	9.77525	0	9.77518	0	9.77517	0	9.77517	0	9.77517	0	9.77517	0	9.77519	0	9.77517	0
9.77518	0	9.77518	0	9.77518	0	9.77519	0	9.77517	0	9.77517	0	9.77519	0	9.77518	0	9.77517	0	9.77517	0	9.77517	0	9.77517	0	9.77517	0	9.77517	0	9.77517	0	9.77517	0	9.77524	0	9.77525	0	9.77518	0	9.77517	0	9.77517	0	9.77517	0	9.77517	0	9.77519	0	9.77517	0
9.77518	0	9.77518	0	9.77518	0	9.77519	0	9.77517	0	9.77517	0	9.77519	0	9.77518	0	9.77517	0	9.77517	0	9.77517	0	9.77517	0	9.77517	0	9.77517	0	9.77517	0	9.77517	0	9.77524	0	9.77525	0	9.77518	0	9.77517	0	9.77517	0	9.77517	0	9.77517	0	9.77519	0	9.77517	0
9.77518	0	9.77518	0	9.77518	0	9.77519	0	9.77517	0	9.77517	0	9.77519	0	9.77518	0	9.77517	0	9.77517	0	9.77517	0	9.77517	0	9.77517	0	9.77517	0	9.77517	0	9.77517	0	9.77523	0	9.77525	0	9.77518	0	9.77517	0	9.77517	0	9.77517	0	9.77517	0	9.77519	0	9.77517	0
9.77518	0	9.77518	0	9.77518	0	9.77519	0	9.77517	0	9.77517	0	9.77519	0	9.77518	0	9.77517	0	9.77517	0	9.77517	0	9.77517	0	9.77517	0	9.77517	0	9.77517	0	9.77517	0	9.77523	0	9.77525	0	9.77518	0	9.77517	0	9.77517	0	9.77517	0	9.77517	0	9.77519	0	9.77517	0
9.77518	0	9.77518	0	9.77518	0	9.77519	0	9.77517	0	9.77517	0	9.77519	0	9.77518	0	9.77517	0	9.77517	0	9.77517	0	9.77517	0	9.77517	0	9.77517	0	9.77517	0	9.77517	0	9.77523	0	9.77525	0	9.77518	0	9.77517	0	9.77517	0	9.77517	0	9.77517	0	9.77519	0	9.77517	0
9.77518	0	9.77518	0	9.77518	0	9.77519	0	9.77517	0	9.77517	0	9.77519	0	9.77518	0	9.77517	0	9.77517	0	9.77517	0	9.77517	0	9.77517	0	9.77517	0	9.77517	0	9.77517	0	9.77523	0	9.77525	0	9.77518	0	9.77517	0	9.77517	0	9.77517	0	9.77517	0	9.77519	0	9.77517	0
9.77518	0	9.77518	0	9.77518	0	9.77519	0	9.77517	0	9.77517	0	9.77519	0	9.77518	0	9.77517	0	9.77517	0	9.77517	0	9.77517	0	9.77517	0	9.77517	0	9.77517	0	9.77517	0	9.77523	0	9.77525	0	9.77518	0	9.77517	0	9.77517	0	9.77517	0	9.77517	0	9.77519	0	9.77517	0
9.77518	0	9.77518	0	9.77518	0	9.77519	0	9.77517	0	9.77517	0	9.77519	0	9.77518	0	9.77517	0	9.77517	0	9.77517	0	9.77517	0	9.77517	0	9.77517	0	9.77517	0	9.77517	0	9.77523	0	9.77525	0	9.77518	0	9.77517	0	9.77517	0	9.77517	0	9.77517	0	9.77519	0	9.77517	0
9.77518	0	9.77518	0	9.77518	0	9.77518	0	9.77517	0	9.77517	0	9.77519	0	9.77518	0	9.77517	0	9.77517	0	9.77517	0	9.77517	0	9.77517	0	9.77517	0	9.77517	0	9.77517	0	9.77523	0	9.77525	0	9.77518	0	9.77517	0	9.77517	0	9.77517	0	9.77517	0	9.77519	0	9.77517	0
9.77518	0	9.77518	0	9.77518	0	9.77518	0	9.77517	0	9.77517	0	9.77519	0	9.77518	0	9.77517	0	9.77517	0	9.77517	0	9.77517	0	9.77517	0	9.77517	0	9.77517	0	9.77517	0	9.77523	0	9.77525	0	9.77518	0	9.77517	0	9.77517	0	9.77517	0	9.77517	0	9.77519	0	9.77517	0
9.77518	0	9.77518	0	9.77518	0	9.77518	0	9.77517	0	9.77517	0	9.77519	0	9.77518	0	9.77517	0	9.77517	0	9.77517	0	9.77517	0	9.77517	0	9.77517	0	9.77517	0	9.77517	0	9.77523	0	9.77525	0	9.77518	0	9.77517	0	9.77517	0	9.77517	0	9.77517	0	9.77518	0	9.77517	0
9.77518	0	9.77518	0	9.77518	0	9.77518	0	9.77517	0	9.77517	0	9.77519	0	9.77518	0	9.77517	0	9.77517	0	9.77517	0	9.77517	0	9.77517	0	9.77517	0	9.77517	0	9.77517	0	9.77523	0	9.77525	0	9.77518	0	9.77517	0	9.77517	0	9.77517	0	9.77517	0	9.77518	0	9.77517	0
9.77518	0	9.77518	0	9.77518	0	9.77518	0	9.77517	0	9.77517	0	9.77519	0	9.77518	0	9.77517	0	9.77517	0	9.77517	0	9.77517	0	9.77517	0	9.77517	0	9.77517	0	9.77517	0	9.77523	0	9.77525	0	9.77518	0	9.77517	0	9.77517	0	9.77517	0	9.77517	0	9.77518	0	9.77517	0
9.77518	0	9.77518	0	9.77518	0	9.77518	0	9.77517	0	9.77517	0	9.77519	0	9.77518	0	9.77517	0	9.77517	0	9.77517	0	9.77517	0	9.77517	0	9.77517	0	9.77517	0	9.77517	0	9.77522	0	9.77525	0	9.77518	0	9.77517	0	9.77517	0	9.77517	0	9.77517	0	9.77518	0	9.77517	0
9.77518	0	9.77518	0	9.77518	0	9.77518	0	9.77517	0	9.77517	0	9.77519	0	9.77518	0	9.77517	0	9.77517	0	9.77517	0	9.77517	0	9.77517	0	9.77517	0	9.77517	0	9.77517	0	9.77522	0	9.77525	0	9.77518	0	9.77517	0	9.77517	0	9.77517	0	9.77517	0	9.77518	0	9.77517	0
9.77518	0	9.77518	0	9.77518	0	9.77518	0	9.77517	0	9.77517	0	9.77519	0	9.77518	0	9.77517	0	9.77517	0	9.77517	0	9.77517	0	9.77517	0	9.77517	0	9.77517	0	9.77517	0	9.77522	0	9.77525	0	9.77518	0	9.77517	0	9.77517	0	9.77517	0	9.77517	0	9.77518	0	9.77517	0
9.77518	0	9.77518	0	9.77518	0	9.77518	0	9.77517	0	9.77517	0	9.77518	0	9.77518	0	9.77517	0	9.77517	0	9.77517	0	9.77517	0	9.77517	0	9.77517	0	9.77517	0	9.77517	0	9.77522	0	9.77525	0	9.77518	0	9.77517	0	9.77517	0	9.77517	0	9.77517	0	9.77518	0	9.77517	0
9.77518	0	9.77518	0	9.77518	0	9.77518	0	9.77517	0	9.77517	0	9.77518	0	9.77518	0	9.77517	0	9.77517	0	9.77517	0	9.77517	0	9.77517	0	9.77517	0	9.77517	0	9.77517	0	9.77522	0	9.77525	0	9.77518	0	9.77517	0	9.77517	0	9.77517	0	9.77517	0	9.77518	0	9.77517	0
9.77518	0	9.77518	0	9.77518	0	9.77518	0	9.77517	0	9.77517	0	9.77518	0	9.77518	0	9.77517	0	9.77517	0	9.77517	0	9.77517	0	9.77517	0	9.77517	0	9.77517	0	9.77517	0	9.77522	0	9.77525	0	9.77518	0	9.77517	0	9.77517	0	9.77517	0	9.77517	0	9.77518	0	9.77517	0
9.77518	0	9.77518	0	9.77518	0	9.77518	0	9.77517	0	9.77517	0	9.77518	0	9.77518	0	9.77517	0	9.77517	0	9.77517	0	9.77517	0	9.77517	0	9.77517	0	9.77517	0	9.77517	0	9.77522	0	9.77525	0	9.77518	0	9.77517	0	9.77517	0	9.77517	0	9.77517	0	9.77518	0	9.77517	0
9.77518	0	9.77518	0	9.77518	0	9.77518	0	9.77517	0	9.77517	0	9.77518	0	9.77518	0	9.77517	0	9.77517	0	9.77517	0	9.77517	0	9.77517	0	9.77517	0	9.77517	0	9.77517	0	9.77522	0	9.77525	0	9.77518	0	9.77517	0	9.77517	0	9.77517	0	9.77517	0	9.77518	0	9.77517	0
9.77518	0	9.77518	0	9.77518	0	9.77518	0	9.77517	0	9.77517	0	9.77518	0	9.77518	0	9.77517	0	9.77517	0	9.77517	0	9.77517	0	9.77517	0	9.77517	0	9.77517	0	9.77517	0	9.77522	0	9.77525	0	9.77518	0	9.77517	0	9.77517	0	9.77517	0	9.77517	0	9.77518	0	9.77517	0
9.77518	0	9.77518	0	9.77518	0	9.77518	0	9.77517	0	9.77517	0	9.77518	0	9.77518	0	9.77517	0	9.77517	0	9.77517	0	9.77517	0	9.77517	0	9.77517	0	9.77517	0	9.77517	0	9.77522	0	9.77525	0	9.77518	0	9.77517	0	9.77517	0	9.77517	0	9.77517	0	9.77518	0	9.77517	0
9.77518	0	9.77518	0	9.77518	0	9.77518	0	9.77517	0	9.77517	0	9.77518	0	9.77518	0	9.77517	0	9.77517	0	9.77517	0	9.77517	0	9.77517	0	9.77517	0	9.77517	0	9.77517	0	9.77521	0	9.77525	0	9.77518	0	9.77517	0	9.77517	0	9.77517	0	9.77517	0	9.77518	0	9.77517	0
9.77518	0	9.77518	0	9.77518	0	9.77518	0	9.77517	0	9.77517	0	9.77518	0	9.77518	0	9.77517	0	9.77517	0	9.77517	0	9.77517	0	9.77517	0	9.77517	0	9.77517	0	9.77517	0	9.77521	0	9.77525	0	9.77518	0	9.77517	0	9.77517	0	9.77517	0	9.77517	0	9.77518	0	9.77517	0
9.77518	0	9.77517	0	9.77518	0	9.77518	0	9.77517	0	9.77517	0	9.77518	0	9.77518	0	9.77517	0	9.77517	0	9.77517	0	9.77517	0	9.77517	0	9.77517	0	9.77517	0	9.77517	0	9.77521	0	9.77525	0	9.77518	0	9.77517	0	9.77517	0	9.77517	0	9.77517	0	9.77518	0	9.77517	0
9.77518	0	9.77517	0	9.77518	0	9.77518	0	9.77517	0	9.77517	0	9.77518	0	9.77518	0	9.77517	0	9.77517	0	9.77517	0	9.77517	0	9.77517	0	9.77517	0	9.77517	0	9.77517	0	9.77521	0	9.77525	0	9.77518	0	9.77517	0	9.77517	0	9.77517	0	9.77517	0	9.77518	0	9.77517	0
9.77518	0	9.77517	0	9.77518	0	9.77518	0	9.77517	0	9.77517	0	9.77518	0	9.77518	0	9.77517	0	9.77517	0	9.77517	0	9.77517	0	9.77517	0	9.77517	0	9.77517	0	9.77517	0	9.77521	0	9.77525	0	9.77518	0	9.77517	0	9.77517	0	9.77517	0	9.77517	0	9.77518	0	9.77517	0
9.77518	0	9.77517	0	9.77517	0	9.77518	0	9.77517	0	9.77517	0	9.77518	0	9.77518	0	9.77517	0	9.77517	0	9.77517	0	9.77517	0	9.77517	0	9.77517	0	9.77517	0	9.77517	0	9.77521	0	9.77525	0	9.77518	0	9.77517	0	9.77517	0	9.77517	0	9.77517	0	9.77518	0	9.77517	0
9.77518	0	9.77517	0	9.77517	0	9.77518	0	9.77517	0	9.77517	0	9.77518	0	9.77518	0	9.77517	0	9.77517	0	9.77517	0	9.77517	0	9.77517	0	9.77517	0	9.77517	0	9.77517	0	9.7752	0	9.77525	0	9.77518	0	9.77517	0	9.77517	0	9.77517	0	9.77517	0	9.77518	0	9.77517	0
9.77518	0	9.77517	0	9.77517	0	9.77518	0	9.77517	0	9.77517	0	9.77518	0	9.77518	0	9.77517	0	9.77517	0	9.77517	0	9.77517	0	9.77517	0	9.77517	0	9.77517	0	9.77517	0	9.7752	0	9.77525	0	9.77518	0	9.77517	0	9.77517	0	9.77517	0	9.77517	0	9.77518	0	9.77517	0
9.77518	0	9.77517	0	9.77517	0	9.77518	0	9.77517	0	9.77517	0	9.77518	0	9.77518	0	9.77517	0	9.77517	0	9.77517	0	9.77517	0	9.77517	0	9.77517	0	9.77517	0	9.77517	0	9.7752	0	9.77525	0	9.77518	0	9.77517	0	9.77517	0	9.77517	0	9.77517	0	9.77518	0	9.77517	0
9.77518	0	9.77517	0	9.77517	0	9.77518	0	9.77517	0	9.77517	0	9.77518	0	9.77518	0	9.77517	0	9.77517	0	9.77517	0	9.77517	0	9.77517	0	9.77517	0	9.77517	0	9.77517	0	9.7752	0	9.77525	0	9.77517	0	9.77517	0	9.77517	0	9.77517	0	9.77517	0	9.77518	0	9.77517	0
9.77518	0	9.77517	0	9.77517	0	9.77518	0	9.77517	0	9.77517	0	9.77518	0	9.77518	0	9.77517	0	9.77517	0	9.77517	0	9.77517	0	9.77517	0	9.77517	0	9.77517	0	9.77517	0	9.7752	0	9.77525	0	9.77517	0	9.77517	0	9.77517	0	9.77517	0	9.77517	0	9.77518	0	9.77517	0
9.77518	0	9.77517	0	9.77517	0	9.77518	0	9.77517	0	9.77517	0	9.77518	0	9.77518	0	9.77517	0	9.77517	0	9.77517	0	9.77517	0	9.77517	0	9.77517	0	9.77517	0	9.77517	0	9.7752	0	9.77525	0	9.77517	0	9.77517	0	9.77517	0	9.77517	0	9.77517	0	9.77518	0	9.77517	0
9.77518	0	9.77517	0	9.77517	0	9.77518	0	9.77517	0	9.77517	0	9.77518	0	9.77518	0	9.77517	0	9.77517	0	9.77517	0	9.77517	0	9.77517	0	9.77517	0	9.77517	0	9.77517	0	9.7752	0	9.77525	0	9.77517	0	9.77517	0	9.77517	0	9.77517	0	9.77517	0	9.77518	0	9.77517	0
9.77518	0	9.77517	0	9.77517	0	9.77518	0	9.77517	0	9.77517	0	9.77518	0	9.77518	0	9.77517	0	9.77517	0	9.77517	0	9.77517	0	9.77517	0	9.77517	0	9.77517	0	9.77517	0	9.77519	0	9.77525	0	9.77517	0	9.77517	0	9.77517	0	9.77517	0	9.77517	0	9.77518	0	9.77517	0
9.77518	0	9.77517	0	9.77517	0	9.77518	0	9.77517	0	9.77517	0	9.77518	0	9.77518	0	9.77517	0	9.77517	0	9.77517	0	9.77517	0	9.77517	0	9.77517	0	9.77517	0	9.77517	0	9.77519	0	9.77525	0	9.77517	0	9.77517	0	9.77517	0	9.77517	0	9.77517	0	9.77518	0	9.77517	0
9.77518	0	9.77517	0	9.77517	0	9.77518	0	9.77517	0	9.77517	0	9.77518	0	9.77518	0	9.77517	0	9.77517	0	9.77517	0	9.77517	0	9.77517	0	9.77517	0	9.77517	0	9.77517	0	9.77519	0	9.77525	0	9.77517	0	9.77517	0	9.77517	0	9.77517	0	9.77517	0	9.77518	0	9.77517	0
9.77518	0	9.77517	0	9.77517	0	9.77518	0	9.77517	0	9.77517	0	9.77518	0	9.77518	0	9.77517	0	9.77517	0	9.77517	0	9.77517	0	9.77517	0	9.77517	0	9.77517	0	9.77517	0	9.77519	0	9.77525	0	9.77517	0	9.77517	0	9.77517	0	9.77517	0	9.77517	0	9.77518	0	9.77517	0
9.77518	0	9.77517	0	9.77517	0	9.77518	0	9.77517	0	9.77517	0	9.77518	0	9.77518	0	9.77517	0	9.77517	0	9.77517	0	9.77517	0	9.77517	0	9.77517	0	9.77517	0	9.77517	0	9.77519	0	9.77525	0	9.77517	0	9.77517	0	9.77517	0	9.77517	0	9.77517	0	9.77518	0	9.77517	0
9.77518	0	9.77517	0	9.77517	0	9.77518	0	9.77517	0	9.77517	0	9.77518	0	9.77518	0	9.77517	0	9.77517	0	9.77517	0	9.77517	0	9.77517	0	9.77517	0	9.77517	0	9.77517	0	9.77519	0	9.77525	0	9.77517	0	9.77517	0	9.77517	0	9.77517	0	9.77517	0	9.77518	0	9.77517	0
9.77518	0	9.77517	0	9.77517	0	9.77518	0	9.77517	0	9.77517	0	9.77518	0	9.77518	0	9.77517	0	9.77517	0	9.77517	0	9.77517	0	9.77517	0	9.77517	0	9.77517	0	9.77517	0	9.77519	0	9.77525	0	9.77517	0	9.77517	0	9.77517	0	9.77517	0	9.77517	0	9.77518	0	9.77517	0
9.77518	0	9.77517	0	9.77517	0	9.77518	0	9.77517	0	9.77517	0	9.77518	0	9.77518	0	9.77517	0	9.77517	0	9.77517	0	9.77517	0	9.77517	0	9.77517	0	9.77517	0	9.77517	0	9.77519	0	9.77525	0	9.77517	0	9.77517	0	9.77517	0	9.77517	0	9.77517	0	9.77518	0	9.77517	0
9.77518	0	9.77517	0	9.77517	0	9.77518	0	9.77517	0	9.77517	0	9.77518	0	9.77518	0	9.77517	0	9.77517	0	9.77517	0	9.77517	0	9.77517	0	9.77517	0	9.77517	0	9.77517	0	9.77519	0	9.77525	0	9.77517	0	9.77517	0	9.77517	0	9.77517	0	9.77517	0	9.77518	0	9.77517	0
9.77518	0	9.77517	0	9.77517	0	9.77518	0	9.77517	0	9.77517	0	9.77518	0	9.77518	0	9.77517	0	9.77517	0	9.77517	0	9.77517	0	9.77517	0	9.77517	0	9.77517	0	9.77517	0	9.77519	0	9.77525	0	9.77517	0	9.77517	0	9.77517	0	9.77517	0	9.77517	0	9.77518	0	9.77517	0
9.77518	0	9.77517	0	9.77517	0	9.77518	0	9.77517	0	9.77517	0	9.77518	0	9.77518	0	9.77517	0	9.77517	0	9.77517	0	9.77517	0	9.77517	0	9.77517	0	9.77517	0	9.77517	0	9.77519	0	9.77525	0	9.77517	0	9.77517	0	9.77517	0	9.77517	0	9.77517	0	9.77518	0	9.77517	0
9.77518	0	9.77517	0	9.77517	0	9.77518	0	9.77517	0	9.77517	0	9.77518	0	9.77518	0	9.77517	0	9.77517	0	9.77517	0	9.77517	0	9.77517	0	9.77517	0	9.77517	0	9.77517	0	9.77519	0	9.77525	0	9.77517	0	9.77517	0	9.77517	0	9.77517	0	9.77517	0	9.77518	0	9.77517	0
9.77518	0	9.77517	0	9.77517	0	9.77517	0	9.77517	0	9.77517	0	9.77518	0	9.77518	0	9.77517	0	9.77517	0	9.77517	0	9.77517	0	9.77517	0	9.77517	0	9.77517	0	9.77517	0	9.77519	0	9.77525	0	9.77517	0	9.77517	0	9.77517	0	9.77517	0	9.77517	0	9.77518	0	9.77517	0
9.77518	0	9.77517	0	9.77517	0	9.77517	0	9.77517	0	9.77517	0	9.77518	0	9.77518	0	9.77517	0	9.77517	0	9.77517	0	9.77517	0	9.77517	0	9.77517	0	9.77517	0	9.77517	0	9.77519	0	9.77525	0	9.77517	0	9.77517	0	9.77517	0	9.77517	0	9.77517	0	9.77518	0	9.77517	0
9.77518	0	9.77517	0	9.77517	0	9.77517	0	9.77517	0	9.77517	0	9.77518	0	9.77518	0	9.77517	0	9.77517	0	9.77517	0	9.77517	0	9.77517	0	9.77517	0	9.77517	0	9.77517	0	9.77519	0	9.77525	0	9.77517	0	9.77517	0	9.77517	0	9.77517	0	9.77517	0	9.77518	0	9.77517	0
9.77518	0	9.77517	0	9.77517	0	9.77517	0	9.77517	0	9.77517	0	9.77518	0	9.77518	0	9.77517	0	9.77517	0	9.77517	0	9.77517	0	9.77517	0	9.77517	0	9.77517	0	9.77517	0	9.77519	0	9.77525	0	9.77517	0	9.77517	0	9.77517	0	9.77517	0	9.77517	0	9.77518	0	9.77517	0
9.77518	0	9.77517	0	9.77517	0	9.77517	0	9.77517	0	9.77517	0	9.77518	0	9.77518	0	9.77517	0	9.77517	0	9.77517	0	9.77517	0	9.77517	0	9.77517	0	9.77517	0	9.77517	0	9.77519	0	9.77525	0	9.77517	0	9.77517	0	9.77517	0	9.77517	0	9.77517	0	9.77518	0	9.77517	0
9.77518	0	9.77517	0	9.77517	0	9.77517	0	9.77517	0	9.77517	0	9.77518	0	9.77518	0	9.77517	0	9.77517	0	9.77517	0	9.77517	0	9.77517	0	9.77517	0	9.77517	0	9.77517	0	9.77519	0	9.77525	0	9.77517	0	9.77517	0	9.77517	0	9.77517	0	9.77517	0	9.77518	0	9.77517	0
9.77518	0	9.77517	0	9.77517	0	9.77517	0	9.77517	0	9.77517	0	9.77518	0	9.77518	0	9.77517	0	9.77517	0	9.77517	0	9.77517	0	9.77517	0	9.77517	0	9.77517	0	9.77517	0	9.77519	0	9.77525	0	9.77517	0	9.77517	0	9.77517	0	9.77517	0	9.77517	0	9.77518	0	9.77517	0
9.77518	0	9.77517	0	9.77517	0	9.77517	0	9.77517	0	9.77517	0	9.77518	0	9.77518	0	9.77517	0	9.77517	0	9.77517	0	9.77517	0	9.77517	0	9.77517	0	9.77517	0	9.77517	0	9.77519	0	9.77525	0	9.77517	0	9.77517	0	9.77517	0	9.77517	0	9.77517	0	9.77518	0	9.77517	0
9.77518	0	9.77517	0	9.77517	0	9.77517	0	9.77517	0	9.77517	0	9.77518	0	9.77518	0	9.77517	0	9.77517	0	9.77517	0	9.77517	0	9.77517	0	9.77517	0	9.77517	0	9.77517	0	9.77519	0	9.77525	0	9.77517	0	9.77517	0	9.77517	0	9.77517	0	9.77517	0	9.77518	0	9.77517	0
9.77518	0	9.77517	0	9.77517	0	9.77517	0	9.77517	0	9.77517	0	9.77518	0	9.77518	0	9.77517	0	9.77517	0	9.77517	0	9.77517	0	9.77517	0	9.77517	0	9.77517	0	9.77517	0	9.77519	0	9.77525	0	9.77517	0	9.77517	0	9.77517	0	9.77517	0	9.77517	0	9.77518	0	9.77517	0
9.77518	0	9.77517	0	9.77517	0	9.77517	0	9.77517	0	9.77517	0	9.77518	0	9.77518	0	9.77517	0	9.77517	0	9.77517	0	9.77517	0	9.77517	0	9.77517	0	9.77517	0	9.77517	0	9.77519	0	9.77525	0	9.77517	0	9.77517	0	9.77517	0	9.77517	0	9.77517	0	9.77518	0	9.77517	0
9.77518	0	9.77517	0	9.77517	0	9.77517	0	9.77517	0	9.77517	0	9.77518	0	9.77518	0	9.77517	0	9.77517	0	9.77517	0	9.77517	0	9.77517	0	9.77517	0	9.77517	0	9.77517	0	9.77519	0	9.77525	0	9.77517	0	9.77517	0	9.77517	0	9.77517	0	9.77517	0	9.77518	0	9.77517	0
9.77518	0	9.77517	0	9.77517	0	9.77517	0	9.77517	0	9.77517	0	9.77518	0	9.77517	0	9.77517	0	9.77517	0	9.77517	0	9.77517	0	9.77517	0	9.77517	0	9.77517	0	9.77517	0	9.77519	0	9.77525	0	9.77517	0	9.77517	0	9.77517	0	9.77517	0	9.77517	0	9.77518	0	9.77517	0
9.77518	0	9.77517	0	9.77517	0	9.77517	0	9.77517	0	9.77517	0	9.77518	0	9.77517	0	9.77517	0	9.77517	0	9.77517	0	9.77517	0	9.77517	0	9.77517	0	9.77517	0	9.77517	0	9.77519	0	9.77525	0	9.77517	0	9.77517	0	9.77517	0	9.77517	0	9.77517	0	9.77517	0	9.77517	0
9.77518	0	9.77517	0	9.77517	0	9.77517	0	9.77517	0	9.77517	0	9.77518	0	9.77517	0	9.77517	0	9.77517	0	9.77517	0	9.77517	0	9.77517	0	9.77517	0	9.77517	0	9.77517	0	9.77519	0	9.77525	0	9.77517	0	9.77517	0	9.77517	0	9.77517	0	9.77517	0	9.77517	0	9.77517	0
9.77518	0	9.77517	0	9.77517	0	9.77517	0	9.77517	0	9.77517	0	9.77518	0	9.77517	0	9.77517	0	9.77517	0	9.77517	0	9.77517	0	9.77517	0	9.77517	0	9.77517	0	9.77517	0	9.77519	0	9.77525	0	9.77517	0	9.77517	0	9.77517	0	9.77517	0	9.77517	0	9.77517	0	9.77517	0
9.77518	0	9.77517	0	9.77517	0	9.77517	0	9.77517	0	9.77517	0	9.77518	0	9.77517	0	9.77517	0	9.77517	0	9.77517	0	9.77517	0	9.77517	0	9.77517	0	9.77517	0	9.77517	0	9.77519	0	9.77525	0	9.77517	0	9.77517	0	9.77517	0	9.77517	0	9.77517	0	9.77517	0	9.77517	0
9.77518	0	9.77517	0	9.77517	0	9.77517	0	9.77517	0	9.77517	0	9.77518	0	9.77517	0	9.77517	0	9.77517	0	9.77517	0	9.77517	0	9.77517	0	9.77517	0	9.77517	0	9.77517	0	9.77519	0	9.77525	0	9.77517	0	9.77517	0	9.77517	0	9.77517	0	9.77517	0	9.77517	0	9.77517	0
9.77518	0	9.77517	0	9.77517	0	9.77517	0	9.77517	0	9.77517	0	9.77518	0	9.77517	0	9.77517	0	9.77517	0	9.77517	0	9.77517	0	9.77517	0	9.77517	0	9.77517	0	9.77517	0	9.77519	0	9.77525	0	9.77517	0	9.77517	0	9.77517	0	9.77517	0	9.77517	0	9.77517	0	9.77517	0
9.77518	0	9.77517	0	9.77517	0	9.77517	0	9.77517	0	9.77517	0	9.77518	0	9.77517	0	9.77517	0	9.77517	0	9.77517	0	9.77517	0	9.77517	0	9.77517	0	9.77517	0	9.77517	0	9.77519	0	9.77525	0	9.77517	0	9.77517	0	9.77517	0	9.77517	0	9.77517	0	9.77517	0	9.77517	0
9.77518	0	9.77517	0	9.77517	0	9.77517	0	9.77517	0	9.77517	0	9.77518	0	9.77517	0	9.77517	0	9.77517	0	9.77517	0	9.77517	0	9.77517	0	9.77517	0	9.77517	0	9.77517	0	9.77519	0	9.77525	0	9.77517	0	9.77517	0	9.77517	0	9.77517	0	9.77517	0	9.77517	0	9.77517	0
9.77518	0	9.77517	0	9.77517	0	9.77517	0	9.77517	0	9.77517	0	9.77518	0	9.77517	0	9.77517	0	9.77517	0	9.77517	0	9.77517	0	9.77517	0	9.77517	0	9.77517	0	9.77517	0	9.77519	0	9.77525	0	9.77517	0	9.77517	0	9.77517	0	9.77517	0	9.77517	0	9.77517	0	9.77517	0
9.77518	0	9.77517	0	9.77517	0	9.77517	0	9.77517	0	9.77517	0	9.77518	0	9.77517	0	9.77517	0	9.77517	0	9.77517	0	9.77517	0	9.77517	0	9.77517	0	9.77517	0	9.77517	0	9.77519	0	9.77525	0	9.77517	0	9.77517	0	9.77517	0	9.77517	0	9.77517	0	9.77517	0	9.77517	0
9.77518	0	9.77517	0	9.77517	0	9.77517	0	9.77517	0	9.77517	0	9.77518	0	9.77517	0	9.77517	0	9.77517	0	9.77517	0	9.77517	0	9.77517	0	9.77517	0	9.77517	0	9.77517	0	9.77519	0	9.77525	0	9.77517	0	9.77517	0	9.77517	0	9.77517	0	9.77517	0	9.77517	0	9.77517	0
9.77518	0	9.77517	0	9.77517	0	9.77517	0	9.77517	0	9.77517	0	9.77518	0	9.77517	0	9.77517	0	9.77517	0	9.77517	0	9.77517	0	9.77517	0	9.77517	0	9.77517	0	9.77517	0	9.77519	0	9.77525	0	9.77517	0	9.77517	0	9.77517	0	9.77517	0	9.77517	0	9.77517	0	9.77517	0
9.77518	0	9.77517	0	9.77517	0	9.77517	0	9.77517	0	9.77517	0	9.77517	0	9.77517	0	9.77517	0	9.77517	0	9.77517	0	9.77517	0	9.77517	0	9.77517	0	9.77517	0	9.77517	0	9.77519	0	9.77525	0	9.77517	0	9.77517	0	9.77517	0	9.77517	0	9.77517	0	9.77517	0	9.77517	0
9.77518	0	9.77517	0	9.77517	0	9.77517	0	9.77517	0	9.77517	0	9.77517	0	9.77517	0	9.77517	0	9.77517	0	9.77517	0	9.77517	0	9.77517	0	9.77517	0	9.77517	0	9.77517	0	9.77519	0	9.77525	0	9.77517	0	9.77517	0	9.77517	0	9.77517	0	9.77517	0	9.77517	0	9.77517	0
9.77518	0	9.77517	0	9.77517	0	9.77517	0	9.77517	0	9.77517	0	9.77517	0	9.77517	0	9.77517	0	9.77517	0	9.77517	0	9.77517	0	9.77517	0	9.77517	0	9.77517	0	9.77517	0	9.77519	0	9.77525	0	9.77517	0	9.77517	0	9.77517	0	9.77517	0	9.77517	0	9.77517	0	9.77517	0
9.77518	0	9.77517	0	9.77517	0	9.77517	0	9.77517	0	9.77517	0	9.77517	0	9.77517	0	9.77517	0	9.77517	0	9.77517	0	9.77517	0	9.77517	0	9.77517	0	9.77517	0	9.77517	0	9.77519	0	9.77525	0	9.77517	0	9.77517	0	9.77517	0	9.77517	0	9.77517	0	9.77517	0	9.77517	0
9.77518	0	9.77517	0	9.77517	0	9.77517	0	9.77517	0	9.77517	0	9.77517	0	9.77517	0	9.77517	0	9.77517	0	9.77517	0	9.77517	0	9.77517	0	9.77517	0	9.77517	0	9.77517	0	9.77519	0	9.77525	0	9.77517	0	9.77517	0	9.77517	0	9.77517	0	9.77517	0	9.77517	0	9.77517	0
9.77518	0	9.77517	0	9.77517	0	9.77517	0	9.77517	0	9.77517	0	9.77517	0	9.77517	0	9.77517	0	9.77517	0	9.77517	0	9.77517	0	9.77517	0	9.77517	0	9.77517	0	9.77517	0	9.77519	0	9.77525	0	9.77517	0	9.77517	0	9.77517	0	9.77517	0	9.77517	0	9.77517	0	9.77517	0
9.77518	0	9.77517	0	9.77517	0	9.77517	0	9.77517	0	9.77517	0	9.77517	0	9.77517	0	9.77517	0	9.77517	0	9.77517	0	9.77517	0	9.77517	0	9.77517	0	9.77517	0	9.77517	0	9.77519	0	9.77525	0	9.77517	0	9.77517	0	9.77517	0	9.77517	0	9.77517	0	9.77517	0	9.77517	0
9.77518	0	9.77517	0	9.77517	0	9.77517	0	9.77517	0	9.77517	0	9.77517	0	9.77517	0	9.77517	0	9.77517	0	9.77517	0	9.77517	0	9.77517	0	9.77517	0	9.77517	0	9.77517	0	9.77519	0	9.77525	0	9.77517	0	9.77517	0	9.77517	0	9.77517	0	9.77517	0	9.77517	0	9.77517	0
9.77518	0	9.77517	0	9.77517	0	9.77517	0	9.77517	0	9.77517	0	9.77517	0	9.77517	0	9.77517	0	9.77517	0	9.77517	0	9.77517	0	9.77517	0	9.77517	0	9.77517	0	9.77517	0	9.77519	0	9.77525	0	9.77517	0	9.77517	0	9.77517	0	9.77517	0	9.77517	0	9.77517	0	9.77517	0
9.77518	0	9.77517	0	9.77517	0	9.77517	0	9.77517	0	9.77517	0	9.77517	0	9.77517	0	9.77517	0	9.77517	0	9.77517	0	9.77517	0	9.77517	0	9.77517	0	9.77517	0	9.77517	0	9.77519	0	9.77525	0	9.77517	0	9.77517	0	9.77517	0	9.77517	0	9.77517	0	9.77517	0	9.77517	0
9.77518	0	9.77517	0	9.77517	0	9.77517	0	9.77517	0	9.77517	0	9.77517	0	9.77517	0	9.77517	0	9.77517	0	9.77517	0	9.77517	0	9.77517	0	9.77517	0	9.77517	0	9.77517	0	9.77519	0	9.77525	0	9.77517	0	9.77517	0	9.77517	0	9.77517	0	9.77517	0	9.77517	0	9.77517	0
9.77518	0	9.77517	0	9.77517	0	9.77517	0	9.77517	0	9.77517	0	9.77517	0	9.77517	0	9.77517	0	9.77517	0	9.77517	0	9.77517	0	9.77517	0	9.77517	0	9.77517	0	9.77517	0	9.77519	0	9.77525	0	9.77517	0	9.77517	0	9.77517	0	9.77517	0	9.77517	0	9.77517	0	9.77517	0
9.77518	0	9.77517	0	9.77517	0	9.77517	0	9.77517	0	9.77517	0	9.77517	0	9.77517	0	9.77517	0	9.77517	0	9.77517	0	9.77517	0	9.77517	0	9.77517	0	9.77517	0	9.77517	0	9.77519	0	9.77525	0	9.77517	0	9.77517	0	9.77517	0	9.77517	0	9.77517	0	9.77517	0	9.77517	0
9.77518	0	9.77517	0	9.77517	0	9.77517	0	9.77517	0	9.77517	0	9.77517	0	9.77517	0	9.77517	0	9.77517	0	9.77517	0	9.77517	0	9.77517	0	9.77517	0	9.77517	0	9.77517	0	9.77519	0	9.77525	0	9.77517	0	9.77517	0	9.77517	0	9.77517	0	9.77517	0	9.77517	0	9.77517	0
9.77518	0	9.77517	0	9.77517	0	9.77517	0	9.77517	0	9.77517	0	9.77517	0	9.77517	0	9.77517	0	9.77517	0	9.77517	0	9.77517	0	9.77517	0	9.77517	0	9.77517	0	9.77517	0	9.77519	0	9.77525	0	9.77517	0	9.77517	0	9.77517	0	9.77517	0	9.77517	0	9.77517	0	9.77517	0
9.77518	0	9.77517	0	9.77517	0	9.77517	0	9.77517	0	9.77517	0	9.77517	0	9.77517	0	9.77517	0	9.77517	0	9.77517	0	9.77517	0	9.77517	0	9.77517	0	9.77517	0	9.77517	0	9.77519	0	9.77525	0	9.77517	0	9.77517	0	9.77517	0	9.77517	0	9.77517	0	9.77517	0	9.77517	0
9.77518	0	9.77517	0	9.77517	0	9.77517	0	9.77517	0	9.77517	0	9.77517	0	9.77517	0	9.77517	0	9.77517	0	9.77517	0	9.77517	0	9.77517	0	9.77517	0	9.77517	0	9.77517	0	9.77519	0	9.77525	0	9.77517	0	9.77517	0	9.77517	0	9.77517	0	9.77517	0	9.77517	0	9.77517	0
9.77518	0	9.77517	0	9.77517	0	9.77517	0	9.77517	0	9.77517	0	9.77517	0	9.77517	0	9.77517	0	9.77517	0	9.77517	0	9.77517	0	9.77517	0	9.77517	0	9.77517	0	9.77517	0	9.77519	0	9.77525	0	9.77517	0	9.77517	0	9.77517	0	9.77517	0	9.77517	0	9.77517	0	9.77517	0
9.77518	0	9.77517	0	9.77517	0	9.77517	0	9.77517	0	9.77517	0	9.77517	0	9.77517	0	9.77517	0	9.77517	0	9.77517	0	9.77517	0	9.77517	0	9.77517	0	9.77517	0	9.77517	0	9.77519	0	9.77525	0	9.77517	0	9.77517	0	9.77517	0	9.77517	0	9.77517	0	9.77517	0	9.77517	0
9.77518	0	9.77517	0	9.77517	0	9.77517	0	9.77517	0	9.77517	0	9.77517	0	9.77517	0	9.77517	0	9.77517	0	9.77517	0	9.77517	0	9.77517	0	9.77517	0	9.77517	0	9.77517	0	9.77519	0	9.77525	0	9.77517	0	9.77517	0	9.77517	0	9.77517	0	9.77517	0	9.77517	0	9.77517	0
9.77518	0	9.77517	0	9.77517	0	9.77517	0	9.77517	0	9.77517	0	9.77517	0	9.77517	0	9.77517	0	9.77517	0	9.77517	0	9.77517	0	9.77517	0	9.77517	0	9.77517	0	9.77517	0	9.77519	0	9.77525	0	9.77517	0	9.77517	0	9.77517	0	9.77517	0	9.77517	0	9.77517	0	9.77517	0
9.77518	0	9.77517	0	9.77517	0	9.77517	0	9.77517	0	9.77517	0	9.77517	0	9.77517	0	9.77517	0	9.77517	0	9.77517	0	9.77517	0	9.77517	0	9.77517	0	9.77517	0	9.77517	0	9.77519	0	9.77525	0	9.77517	0	9.77517	0	9.77517	0	9.77517	0	9.77517	0	9.77517	0	9.77517	0
9.77518	0	9.77517	0	9.77517	0	9.77517	0	9.77517	0	9.77517	0	9.77517	0	9.77517	0	9.77517	0	9.77517	0	9.77517	0	9.77517	0	9.77517	0	9.77517	0	9.77517	0	9.77517	0	9.77519	0	9.77525	0	9.77517	0	9.77517	0	9.77517	0	9.77517	0	9.77517	0	9.77517	0	9.77517	0
9.77518	0	9.77517	0	9.77517	0	9.77517	0	9.77517	0	9.77517	0	9.77517	0	9.77517	0	9.77517	0	9.77517	0	9.77517	0	9.77517	0	9.77517	0	9.77517	0	9.77517	0	9.77517	0	9.77519	0	9.77525	0	9.77517	0	9.77517	0	9.77517	0	9.77517	0	9.77517	0	9.77517	0	9.77517	0
9.77518	0	9.77517	0	9.77517	0	9.77517	0	9.77517	0	9.77517	0	9.77517	0	9.77517	0	9.77517	0	9.77517	0	9.77517	0	9.77517	0	9.77517	0	9.77517	0	9.77517	0	9.77517	0	9.77519	0	9.77525	0	9.77517	0	9.77517	0	9.77517	0	9.77517	0	9.77517	0	9.77517	0	9.77517	0
9.77518	0	9.77517	0	9.77517	0	9.77517	0	9.77517	0	9.77517	0	9.77517	0	9.77517	0	9.77517	0	9.77517	0	9.77517	0	9.77517	0	9.77517	0	9.77517	0	9.77517	0	9.77517	0	9.77519	0	9.77525	0	9.77517	0	9.77517	0	9.77517	0	9.77517	0	9.77517	0	9.77517	0	9.77517	0
9.77518	0	9.77517	0	9.77517	0	9.77517	0	9.77517	0	9.77517	0	9.77517	0	9.77517	0	9.77517	0	9.77517	0	9.77517	0	9.77517	0	9.77517	0	9.77517	0	9.77517	0	9.77517	0	9.77519	0	9.77525	0	9.77517	0	9.77517	0	9.77517	0	9.77517	0	9.77517	0	9.77517	0	9.77517	0
9.77518	0	9.77517	0	9.77517	0	9.77517	0	9.77517	0	9.77517	0	9.77517	0	9.77517	0	9.77517	0	9.77517	0	9.77517	0	9.77517	0	9.77517	0	9.77517	0	9.77517	0	9.77517	0	9.77519	0	9.77525	0	9.77517	0	9.77517	0	9.77517	0	9.77517	0	9.77517	0	9.77517	0	9.77517	0
9.77518	0	9.77517	0	9.77517	0	9.77517	0	9.77517	0	9.77517	0	9.77517	0	9.77517	0	9.77517	0	9.77517	0	9.77517	0	9.77517	0	9.77517	0	9.77517	0	9.77517	0	9.77517	0	9.77519	0	9.77525	0	9.77517	0	9.77517	0	9.77517	0	9.77517	0	9.77517	0	9.77517	0	9.77517	0
9.77518	0	9.77517	0	9.77517	0	9.77517	0	9.77517	0	9.77517	0	9.77517	0	9.77517	0	9.77517	0	9.77517	0	9.77517	0	9.77517	0	9.77517	0	9.77517	0	9.77517	0	9.77517	0	9.77519	0	9.77525	0	9.77517	0	9.77517	0	9.77517	0	9.77517	0	9.77517	0	9.77517	0	9.77517	0
9.77518	0	9.77517	0	9.77517	0	9.77517	0	9.77517	0	9.77517	0	9.77517	0	9.77517	0	9.77517	0	9.77517	0	9.77517	0	9.77517	0	9.77517	0	9.77517	0	9.77517	0	9.77517	0	9.77519	0	9.77525	0	9.77517	0	9.77517	0	9.77517	0	9.77517	0	9.77517	0	9.77517	0	9.77517	0
9.77518	0	9.77517	0	9.77517	0	9.77517	0	9.77517	0	9.77517	0	9.77517	0	9.77517	0	9.77517	0	9.77517	0	9.77517	0	9.77517	0	9.77517	0	9.77517	0	9.77517	0	9.77517	0	9.77519	0	9.77525	0	9.77517	0	9.77517	0	9.77517	0	9.77517	0	9.77517	0	9.77517	0	9.77517	0
9.77518	0	9.77517	0	9.77517	0	9.77517	0	9.77517	0	9.77517	0	9.77517	0	9.77517	0	9.77517	0	9.77517	0	9.77517	0	9.77517	0	9.77517	0	9.77517	0	9.77517	0	9.77517	0	9.77519	0	9.77524	0	9.77517	0	9.77517	0	9.77517	0	9.77517	0	9.77517	0	9.77517	0	9.77517	0
9.77518	0	9.77517	0	9.77517	0	9.77517	0	9.77517	0	9.77517	0	9.77517	0	9.77517	0	9.77517	0	9.77517	0	9.77517	0	9.77517	0	9.77517	0	9.77517	0	9.77517	0	9.77517	0	9.77519	0	9.77524	0	9.77517	0	9.77517	0	9.77517	0	9.77517	0	9.77517	0	9.77517	0	9.77517	0
9.77518	0	9.77517	0	9.77517	0	9.77517	0	9.77517	0	9.77517	0	9.77517	0	9.77517	0	9.77517	0	9.77517	0	9.77517	0	9.77517	0	9.77517	0	9.77517	0	9.77517	0	9.77517	0	9.77519	0	9.77524	0	9.77517	0	9.77517	0	9.77517	0	9.77517	0	9.77517	0	9.77517	0	9.77517	0
9.77518	0	9.77517	0	9.77517	0	9.77517	0	9.77517	0	9.77517	0	9.77517	0	9.77517	0	9.77517	0	9.77517	0	9.77517	0	9.77517	0	9.77517	0	9.77517	0	9.77517	0	9.77517	0	9.77519	0	9.77524	0	9.77517	0	9.77517	0	9.77517	0	9.77517	0	9.77517	0	9.77517	0	9.77517	0
9.77518	0	9.77517	0	9.77517	0	9.77517	0	9.77517	0	9.77517	0	9.77517	0	9.77517	0	9.77517	0	9.77517	0	9.77517	0	9.77517	0	9.77517	0	9.77517	0	9.77517	0	9.77517	0	9.77519	0	9.77524	0	9.77517	0	9.77517	0	9.77517	0	9.77517	0	9.77517	0	9.77517	0	9.77517	0
9.77518	0	9.77517	0	9.77517	0	9.77517	0	9.77517	0	9.77517	0	9.77517	0	9.77517	0	9.77517	0	9.77517	0	9.77517	0	9.77517	0	9.77517	0	9.77517	0	9.77517	0	9.77517	0	9.77519	0	9.77524	0	9.77517	0	9.77517	0	9.77517	0	9.77517	0	9.77517	0	9.77517	0	9.77517	0
9.77518	0	9.77517	0	9.77517	0	9.77517	0	9.77517	0	9.77517	0	9.77517	0	9.77517	0	9.77517	0	9.77517	0	9.77517	0	9.77517	0	9.77517	0	9.77517	0	9.77517	0	9.77517	0	9.77519	0	9.77524	0	9.77517	0	9.77517	0	9.77517	0	9.77517	0	9.77517	0	9.77517	0	9.77517	0
9.77518	0	9.77517	0	9.77517	0	9.77517	0	9.77517	0	9.77517	0	9.77517	0	9.77517	0	9.77517	0	9.77517	0	9.77517	0	9.77517	0	9.77517	0	9.77517	0	9.77517	0	9.77517	0	9.77519	0	9.77524	0	9.77517	0	9.77517	0	9.77517	0	9.77517	0	9.77517	0	9.77517	0	9.77517	0
9.77518	0	9.77517	0	9.77517	0	9.77517	0	9.77517	0	9.77517	0	9.77517	0	9.77517	0	9.77517	0	9.77517	0	9.77517	0	9.77517	0	9.77517	0	9.77517	0	9.77517	0	9.77517	0	9.77519	0	9.77524	0	9.77517	0	9.77517	0	9.77517	0	9.77517	0	9.77517	0	9.77517	0	9.77517	0
9.77518	0	9.77517	0	9.77517	0	9.77517	0	9.77517	0	9.77517	0	9.77517	0	9.77517	0	9.77517	0	9.77517	0	9.77517	0	9.77517	0	9.77517	0	9.77517	0	9.77517	0	9.77517	0	9.77519	0	9.77524	0	9.77517	0	9.77517	0	9.77517	0	9.77517	0	9.77517	0	9.77517	0	9.77517	0
9.77518	0	9.77517	0	9.77517	0	9.77517	0	9.77517	0	9.77517	0	9.77517	0	9.77517	0	9.77517	0	9.77517	0	9.77517	0	9.77517	0	9.77517	0	9.77517	0	9.77517	0	9.77517	0	9.77519	0	9.77524	0	9.77517	0	9.77517	0	9.77517	0	9.77517	0	9.77517	0	9.77517	0	9.77517	0
9.77518	0	9.77517	0	9.77517	0	9.77517	0	9.77517	0	9.77517	0	9.77517	0	9.77517	0	9.77517	0	9.77517	0	9.77517	0	9.77517	0	9.77517	0	9.77517	0	9.77517	0	9.77517	0	9.77519	0	9.77524	0	9.77517	0	9.77517	0	9.77517	0	9.77517	0	9.77517	0	9.77517	0	9.77517	0
9.77518	0	9.77517	0	9.77517	0	9.77517	0	9.77517	0	9.77517	0	9.77517	0	9.77517	0	9.77517	0	9.77517	0	9.77517	0	9.77517	0	9.77517	0	9.77517	0	9.77517	0	9.77517	0	9.77519	0	9.77524	0	9.77517	0	9.77517	0	9.77517	0	9.77517	0	9.77517	0	9.77517	0	9.77517	0
9.77518	0	9.77517	0	9.77517	0	9.77517	0	9.77517	0	9.77517	0	9.77517	0	9.77517	0	9.77517	0	9.77517	0	9.77517	0	9.77517	0	9.77517	0	9.77517	0	9.77517	0	9.77517	0	9.77519	0	9.77524	0	9.77517	0	9.77517	0	9.77517	0	9.77517	0	9.77517	0	9.77517	0	9.77517	0
9.77518	0	9.77517	0	9.77517	0	9.77517	0	9.77517	0	9.77517	0	9.77517	0	9.77517	0	9.77517	0	9.77517	0	9.77517	0	9.77517	0	9.77517	0	9.77517	0	9.77517	0	9.77517	0	9.77519	0	9.77524	0	9.77517	0	9.77517	0	9.77517	0	9.77517	0	9.77517	0	9.77517	0	9.77517	0
9.77518	0	9.77517	0	9.77517	0	9.77517	0	9.77517	0	9.77517	0	9.77517	0	9.77517	0	9.77517	0	9.77517	0	9.77517	0	9.77517	0	9.77517	0	9.77517	0	9.77517	0	9.77517	0	9.77519	0	9.77524	0	9.77517	0	9.77517	0	9.77517	0	9.77517	0	9.77517	0	9.77517	0	9.77517	0
9.77518	0	9.77517	0	9.77517	0	9.77517	0	9.77517	0	9.77517	0	9.77517	0	9.77517	0	9.77517	0	9.77517	0	9.77517	0	9.77517	0	9.77517	0	9.77517	0	9.77517	0	9.77517	0	9.77518	0	9.77524	0	9.77517	0	9.77517	0	9.77517	0	9.77517	0	9.77517	0	9.77517	0	9.77517	0
9.77518	0	9.77517	0	9.77517	0	9.77517	0	9.77517	0	9.77517	0	9.77517	0	9.77517	0	9.77517	0	9.77517	0	9.77517	0	9.77517	0	9.77517	0	9.77517	0	9.77517	0	9.77517	0	9.77518	0	9.77524	0	9.77517	0	9.77517	0	9.77517	0	9.77517	0	9.77517	0	9.77517	0	9.77517	0
9.77518	0	9.77517	0	9.77517	0	9.77517	0	9.77517	0	9.77517	0	9.77517	0	9.77517	0	9.77517	0	9.77517	0	9.77517	0	9.77517	0	9.77517	0	9.77517	0	9.77517	0	9.77517	0	9.77518	0	9.77524	0	9.77517	0	9.77517	0	9.77517	0	9.77517	0	9.77517	0	9.77517	0	9.77517	0
9.77518	0	9.77517	0	9.77517	0	9.77517	0	9.77517	0	9.77517	0	9.77517	0	9.77517	0	9.77517	0	9.77517	0	9.77517	0	9.77517	0	9.77517	0	9.77517	0	9.77517	0	9.77517	0	9.77518	0	9.77524	0	9.77517	0	9.77517	0	9.77517	0	9.77517	0	9.77517	0	9.77517	0	9.77517	0
9.77518	0	9.77517	0	9.77517	0	9.77517	0	9.77517	0	9.77517	0	9.77517	0	9.77517	0	9.77517	0	9.77517	0	9.77517	0	9.77517	0	9.77517	0	9.77517	0	9.77517	0	9.77517	0	9.77518	0	9.77524	0	9.77517	0	9.77517	0	9.77517	0	9.77517	0	9.77517	0	9.77517	0	9.77517	0
9.77518	0	9.77517	0	9.77517	0	9.77517	0	9.77517	0	9.77517	0	9.77517	0	9.77517	0	9.77517	0	9.77517	0	9.77517	0	9.77517	0	9.77517	0	9.77517	0	9.77517	0	9.77517	0	9.77518	0	9.77524	0	9.77517	0	9.77517	0	9.77517	0	9.77517	0	9.77517	0	9.77517	0	9.77517	0
9.77518	0	9.77517	0	9.77517	0	9.77517	0	9.77517	0	9.77517	0	9.77517	0	9.77517	0	9.77517	0	9.77517	0	9.77517	0	9.77517	0	9.77517	0	9.77517	0	9.77517	0	9.77517	0	9.77518	0	9.77524	0	9.77517	0	9.77517	0	9.77517	0	9.77517	0	9.77517	0	9.77517	0	9.77517	0
9.77518	0	9.77517	0	9.77517	0	9.77517	0	9.77517	0	9.77517	0	9.77517	0	9.77517	0	9.77517	0	9.77517	0	9.77517	0	9.77517	0	9.77517	0	9.77517	0	9.77517	0	9.77517	0	9.77518	0	9.77524	0	9.77517	0	9.77517	0	9.77517	0	9.77517	0	9.77517	0	9.77517	0	9.77517	0
9.77518	0	9.77517	0	9.77517	0	9.77517	0	9.77517	0	9.77517	0	9.77517	0	9.77517	0	9.77517	0	9.77517	0	9.77517	0	9.77517	0	9.77517	0	9.77517	0	9.77517	0	9.77517	0	9.77518	0	9.77524	0	9.77517	0	9.77517	0	9.77517	0	9.77517	0	9.77517	0	9.77517	0	9.77517	0
9.77518	0	9.77517	0	9.77517	0	9.77517	0	9.77517	0	9.77517	0	9.77517	0	9.77517	0	9.77517	0	9.77517	0	9.77517	0	9.77517	0	9.77517	0	9.77517	0	9.77517	0	9.77517	0	9.77518	0	9.77524	0	9.77517	0	9.77517	0	9.77517	0	9.77517	0	9.77517	0	9.77517	0	9.77517	0
9.77518	0	9.77517	0	9.77517	0	9.77517	0	9.77517	0	9.77517	0	9.77517	0	9.77517	0	9.77517	0	9.77517	0	9.77517	0	9.77517	0	9.77517	0	9.77517	0	9.77517	0	9.77517	0	9.77518	0	9.77524	0	9.77517	0	9.77517	0	9.77517	0	9.77517	0	9.77517	0	9.77517	0	9.77517	0
9.77518	0	9.77517	0	9.77517	0	9.77517	0	9.77517	0	9.77517	0	9.77517	0	9.77517	0	9.77517	0	9.77517	0	9.77517	0	9.77517	0	9.77517	0	9.77517	0	9.77517	0	9.77517	0	9.77518	0	9.77524	0	9.77517	0	9.77517	0	9.77517	0	9.77517	0	9.77517	0	9.77517	0	9.77517	0
9.77518	0	9.77517	0	9.77517	0	9.77517	0	9.77517	0	9.77517	0	9.77517	0	9.77517	0	9.77517	0	9.77517	0	9.77517	0	9.77517	0	9.77517	0	9.77517	0	9.77517	0	9.77517	0	9.77518	0	9.77524	0	9.77517	0	9.77517	0	9.77517	0	9.77517	0	9.77517	0	9.77517	0	9.77517	0
9.77518	0	9.77517	0	9.77517	0	9.77517	0	9.77517	0	9.77517	0	9.77517	0	9.77517	0	9.77517	0	9.77517	0	9.77517	0	9.77517	0	9.77517	0	9.77517	0	9.77517	0	9.77517	0	9.77518	0	9.77524	0	9.77517	0	9.77517	0	9.77517	0	9.77517	0	9.77517	0	9.77517	0	9.77517	0
9.77518	0	9.77517	0	9.77517	0	9.77517	0	9.77517	0	9.77517	0	9.77517	0	9.77517	0	9.77517	0	9.77517	0	9.77517	0	9.77517	0	9.77517	0	9.77517	0	9.77517	0	9.77517	0	9.77518	0	9.77524	0	9.77517	0	9.77517	0	9.77517	0	9.77517	0	9.77517	0	9.77517	0	9.77517	0
9.77518	0	9.77517	0	9.77517	0	9.77517	0	9.77517	0	9.77517	0	9.77517	0	9.77517	0	9.77517	0	9.77517	0	9.77517	0	9.77517	0	9.77517	0	9.77517	0	9.77517	0	9.77517	0	9.77518	0	9.77524	0	9.77517	0	9.77517	0	9.77517	0	9.77517	0	9.77517	0	9.77517	0	9.77517	0
9.77518	0	9.77517	0	9.77517	0	9.77517	0	9.77517	0	9.77517	0	9.77517	0	9.77517	0	9.77517	0	9.77517	0	9.77517	0	9.77517	0	9.77517	0	9.77517	0	9.77517	0	9.77517	0	9.77518	0	9.77524	0	9.77517	0	9.77517	0	9.77517	0	9.77517	0	9.77517	0	9.77517	0	9.77517	0
9.77518	0	9.77517	0	9.77517	0	9.77517	0	9.77517	0	9.77517	0	9.77517	0	9.77517	0	9.77517	0	9.77517	0	9.77517	0	9.77517	0	9.77517	0	9.77517	0	9.77517	0	9.77517	0	9.77518	0	9.77524	0	9.77517	0	9.77517	0	9.77517	0	9.77517	0	9.77517	0	9.77517	0	9.77517	0
9.77518	0	9.77517	0	9.77517	0	9.77517	0	9.77517	0	9.77517	0	9.77517	0	9.77517	0	9.77517	0	9.77517	0	9.77517	0	9.77517	0	9.77517	0	9.77517	0	9.77517	0	9.77517	0	9.77518	0	9.77524	0	9.77517	0	9.77517	0	9.77517	0	9.77517	0	9.77517	0	9.77517	0	9.77517	0
9.77518	0	9.77517	0	9.77517	0	9.77517	0	9.77517	0	9.77517	0	9.77517	0	9.77517	0	9.77517	0	9.77517	0	9.77517	0	9.77517	0	9.77517	0	9.77517	0	9.77517	0	9.77517	0	9.77518	0	9.77524	0	9.77517	0	9.77517	0	9.77517	0	9.77517	0	9.77517	0	9.77517	0	9.77517	0
9.77518	0	9.77517	0	9.77517	0	9.77517	0	9.77517	0	9.77517	0	9.77517	0	9.77517	0	9.77517	0	9.77517	0	9.77517	0	9.77517	0	9.77517	0	9.77517	0	9.77517	0	9.77517	0	9.77518	0	9.77524	0	9.77517	0	9.77517	0	9.77517	0	9.77517	0	9.77517	0	9.77517	0	9.77517	0
9.77518	0	9.77517	0	9.77517	0	9.77517	0	9.77517	0	9.77517	0	9.77517	0	9.77517	0	9.77517	0	9.77517	0	9.77517	0	9.77517	0	9.77517	0	9.77517	0	9.77517	0	9.77517	0	9.77518	0	9.77524	0	9.77517	0	9.77517	0	9.77517	0	9.77517	0	9.77517	0	9.77517	0	9.77517	0
9.77518	0	9.77517	0	9.77517	0	9.77517	0	9.77517	0	9.77517	0	9.77517	0	9.77517	0	9.77517	0	9.77517	0	9.77517	0	9.77517	0	9.77517	0	9.77517	0	9.77517	0	9.77517	0	9.77518	0	9.77524	0	9.77517	0	9.77517	0	9.77517	0	9.77517	0	9.77517	0	9.77517	0	9.77517	0
9.77518	0	9.77517	0	9.77517	0	9.77517	0	9.77517	0	9.77517	0	9.77517	0	9.77517	0	9.77517	0	9.77517	0	9.77517	0	9.77517	0	9.77517	0	9.77517	0	9.77517	0	9.77517	0	9.77518	0	9.77524	0	9.77517	0	9.77517	0	9.77517	0	9.77517	0	9.77517	0	9.77517	0	9.77517	0
9.77518	0	9.77517	0	9.77517	0	9.77517	0	9.77517	0	9.77517	0	9.77517	0	9.77517	0	9.77517	0	9.77517	0	9.77517	0	9.77517	0	9.77517	0	9.77517	0	9.77517	0	9.77517	0	9.77518	0	9.77524	0	9.77517	0	9.77517	0	9.77517	0	9.77517	0	9.77517	0	9.77517	0	9.77517	0
9.77518	0	9.77517	0	9.77517	0	9.77517	0	9.77517	0	9.77517	0	9.77517	0	9.77517	0	9.77517	0	9.77517	0	9.77517	0	9.77517	0	9.77517	0	9.77517	0	9.77517	0	9.77517	0	9.77518	0	9.77524	0	9.77517	0	9.77517	0	9.77517	0	9.77517	0	9.77517	0	9.77517	0	9.77517	0
9.77518	0	9.77517	0	9.77517	0	9.77517	0	9.77517	0	9.77517	0	9.77517	0	9.77517	0	9.77517	0	9.77517	0	9.77517	0	9.77517	0	9.77517	0	9.77517	0	9.77517	0	9.77517	0	9.77518	0	9.77524	0	9.77517	0	9.77517	0	9.77517	0	9.77517	0	9.77517	0	9.77517	0	9.77517	0
9.77518	0	9.77517	0	9.77517	0	9.77517	0	9.77517	0	9.77517	0	9.77517	0	9.77517	0	9.77517	0	9.77517	0	9.77517	0	9.77517	0	9.77517	0	9.77517	0	9.77517	0	9.77517	0	9.77518	0	9.77524	0	9.77517	0	9.77517	0	9.77517	0	9.77517	0	9.77517	0	9.77517	0	9.77517	0
9.77518	0	9.77517	0	9.77517	0	9.77517	0	9.77517	0	9.77517	0	9.77517	0	9.77517	0	9.77517	0	9.77517	0	9.77517	0	9.77517	0	9.77517	0	9.77517	0	9.77517	0	9.77517	0	9.77518	0	9.77524	0	9.77517	0	9.77517	0	9.77517	0	9.77517	0	9.77517	0	9.77517	0	9.77517	0
9.77518	0	9.77517	0	9.77517	0	9.77517	0	9.77517	0	9.77517	0	9.77517	0	9.77517	0	9.77517	0	9.77517	0	9.77517	0	9.77517	0	9.77517	0	9.77517	0	9.77517	0	9.77517	0	9.77518	0	9.77524	0	9.77517	0	9.77517	0	9.77517	0	9.77517	0	9.77517	0	9.77517	0	9.77517	0
9.77518	0	9.77517	0	9.77517	0	9.77517	0	9.77517	0	9.77517	0	9.77517	0	9.77517	0	9.77517	0	9.77517	0	9.77517	0	9.77517	0	9.77517	0	9.77517	0	9.77517	0	9.77517	0	9.77518	0	9.77524	0	9.77517	0	9.77517	0	9.77517	0	9.77517	0	9.77517	0	9.77517	0	9.77517	0
9.77518	0	9.77517	0	9.77517	0	9.77517	0	9.77517	0	9.77517	0	9.77517	0	9.77517	0	9.77517	0	9.77517	0	9.77517	0	9.77517	0	9.77517	0	9.77517	0	9.77517	0	9.77517	0	9.77518	0	9.77524	0	9.77517	0	9.77517	0	9.77517	0	9.77517	0	9.77517	0	9.77517	0	9.77517	0
9.77518	0	9.77517	0	9.77517	0	9.77517	0	9.77517	0	9.77517	0	9.77517	0	9.77517	0	9.77517	0	9.77517	0	9.77517	0	9.77517	0	9.77517	0	9.77517	0	9.77517	0	9.77517	0	9.77518	0	9.77524	0	9.77517	0	9.77517	0	9.77517	0	9.77517	0	9.77517	0	9.77517	0	9.77517	0
9.77518	0	9.77517	0	9.77517	0	9.77517	0	9.77517	0	9.77517	0	9.77517	0	9.77517	0	9.77517	0	9.77517	0	9.77517	0	9.77517	0	9.77517	0	9.77517	0	9.77517	0	9.77517	0	9.77518	0	9.77524	0	9.77517	0	9.77517	0	9.77517	0	9.77517	0	9.77517	0	9.77517	0	9.77517	0
9.77518	0	9.77517	0	9.77517	0	9.77517	0	9.77517	0	9.77517	0	9.77517	0	9.77517	0	9.77517	0	9.77517	0	9.77517	0	9.77517	0	9.77517	0	9.77517	0	9.77517	0	9.77517	0	9.77518	0	9.77524	0	9.77517	0	9.77517	0	9.77517	0	9.77517	0	9.77517	0	9.77517	0	9.77517	0
9.77518	0	9.77517	0	9.77517	0	9.77517	0	9.77517	0	9.77517	0	9.77517	0	9.77517	0	9.77517	0	9.77517	0	9.77517	0	9.77517	0	9.77517	0	9.77517	0	9.77517	0	9.77517	0	9.77518	0	9.77523	0	9.77517	0	9.77517	0	9.77517	0	9.77517	0	9.77517	0	9.77517	0	9.77517	0
9.77518	0	9.77517	0	9.77517	0	9.77517	0	9.77517	0	9.77517	0	9.77517	0	9.77517	0	9.77517	0	9.77517	0	9.77517	0	9.77517	0	9.77517	0	9.77517	0	9.77517	0	9.77517	0	9.77518	0	9.77523	0	9.77517	0	9.77517	0	9.77517	0	9.77517	0	9.77517	0	9.77517	0	9.77517	0
9.77518	0	9.77517	0	9.77517	0	9.77517	0	9.77517	0	9.77517	0	9.77517	0	9.77517	0	9.77517	0	9.77517	0	9.77517	0	9.77517	0	9.77517	0	9.77517	0	9.77517	0	9.77517	0	9.77518	0	9.77523	0	9.77517	0	9.77517	0	9.77517	0	9.77517	0	9.77517	0	9.77517	0	9.77517	0
9.77518	0	9.77517	0	9.77517	0	9.77517	0	9.77517	0	9.77517	0	9.77517	0	9.77517	0	9.77517	0	9.77517	0	9.77517	0	9.77517	0	9.77517	0	9.77517	0	9.77517	0	9.77517	0	9.77518	0	9.77523	0	9.77517	0	9.77517	0	9.77517	0	9.77517	0	9.77517	0	9.77517	0	9.77517	0
9.77518	0	9.77517	0	9.77517	0	9.77517	0	9.77517	0	9.77517	0	9.77517	0	9.77517	0	9.77517	0	9.77517	0	9.77517	0	9.77517	0	9.77517	0	9.77517	0	9.77517	0	9.77517	0	9.77518	0	9.77523	0	9.77517	0	9.77517	0	9.77517	0	9.77517	0	9.77517	0	9.77517	0	9.77517	0
9.77518	0	9.77517	0	9.77517	0	9.77517	0	9.77517	0	9.77517	0	9.77517	0	9.77517	0	9.77517	0	9.77517	0	9.77517	0	9.77517	0	9.77517	0	9.77517	0	9.77517	0	9.77517	0	9.77518	0	9.77523	0	9.77517	0	9.77517	0	9.77517	0	9.77517	0	9.77517	0	9.77517	0	9.77517	0
9.77518	0	9.77517	0	9.77517	0	9.77517	0	9.77517	0	9.77517	0	9.77517	0	9.77517	0	9.77517	0	9.77517	0	9.77517	0	9.77517	0	9.77517	0	9.77517	0	9.77517	0	9.77517	0	9.77518	0	9.77523	0	9.77517	0	9.77517	0	9.77517	0	9.77517	0	9.77517	0	9.77517	0	9.77517	0
9.77518	0	9.77517	0	9.77517	0	9.77517	0	9.77517	0	9.77517	0	9.77517	0	9.77517	0	9.77517	0	9.77517	0	9.77517	0	9.77517	0	9.77517	0	9.77517	0	9.77517	0	9.77517	0	9.77518	0	9.77523	0	9.77517	0	9.77517	0	9.77517	0	9.77517	0	9.77517	0	9.77517	0	9.77517	0
9.77518	0	9.77517	0	9.77517	0	9.77517	0	9.77517	0	9.77517	0	9.77517	0	9.77517	0	9.77517	0	9.77517	0	9.77517	0	9.77517	0	9.77517	0	9.77517	0	9.77517	0	9.77517	0	9.77518	0	9.77523	0	9.77517	0	9.77517	0	9.77517	0	9.77517	0	9.77517	0	9.77517	0	9.77517	0
9.77518	0	9.77517	0	9.77517	0	9.77517	0	9.77517	0	9.77517	0	9.77517	0	9.77517	0	9.77517	0	9.77517	0	9.77517	0	9.77517	0	9.77517	0	9.77517	0	9.77517	0	9.77517	0	9.77518	0	9.77523	0	9.77517	0	9.77517	0	9.77517	0	9.77517	0	9.77517	0	9.77517	0	9.77517	0
9.77518	0	9.77517	0	9.77517	0	9.77517	0	9.77517	0	9.77517	0	9.77517	0	9.77517	0	9.77517	0	9.77517	0	9.77517	0	9.77517	0	9.77517	0	9.77517	0	9.77517	0	9.77517	0	9.77518	0	9.77523	0	9.77517	0	9.77517	0	9.77517	0	9.77517	0	9.77517	0	9.77517	0	9.77517	0
9.77518	0	9.77517	0	9.77517	0	9.77517	0	9.77517	0	9.77517	0	9.77517	0	9.77517	0	9.77517	0	9.77517	0	9.77517	0	9.77517	0	9.77517	0	9.77517	0	9.77517	0	9.77517	0	9.77518	0	9.77523	0	9.77517	0	9.77517	0	9.77517	0	9.77517	0	9.77517	0	9.77517	0	9.77517	0
9.77518	0	9.77517	0	9.77517	0	9.77517	0	9.77517	0	9.77517	0	9.77517	0	9.77517	0	9.77517	0	9.77517	0	9.77517	0	9.77517	0	9.77517	0	9.77517	0	9.77517	0	9.77517	0	9.77518	0	9.77523	0	9.77517	0	9.77517	0	9.77517	0	9.77517	0	9.77517	0	9.77517	0	9.77517	0
9.77518	0	9.77517	0	9.77517	0	9.77517	0	9.77517	0	9.77517	0	9.77517	0	9.77517	0	9.77517	0	9.77517	0	9.77517	0	9.77517	0	9.77517	0	9.77517	0	9.77517	0	9.77517	0	9.77518	0	9.77523	0	9.77517	0	9.77517	0	9.77517	0	9.77517	0	9.77517	0	9.77517	0	9.77517	0
9.77518	0	9.77517	0	9.77517	0	9.77517	0	9.77517	0	9.77517	0	9.77517	0	9.77517	0	9.77517	0	9.77517	0	9.77517	0	9.77517	0	9.77517	0	9.77517	0	9.77517	0	9.77517	0	9.77518	0	9.77523	0	9.77517	0	9.77517	0	9.77517	0	9.77517	0	9.77517	0	9.77517	0	9.77517	0
9.77518	0	9.77517	0	9.77517	0	9.77517	0	9.77517	0	9.77517	0	9.77517	0	9.77517	0	9.77517	0	9.77517	0	9.77517	0	9.77517	0	9.77517	0	9.77517	0	9.77517	0	9.77517	0	9.77518	0	9.77523	0	9.77517	0	9.77517	0	9.77517	0	9.77517	0	9.77517	0	9.77517	0	9.77517	0
9.77518	0	9.77517	0	9.77517	0	9.77517	0	9.77517	0	9.77517	0	9.77517	0	9.77517	0	9.77517	0	9.77517	0	9.77517	0	9.77517	0	9.77517	0	9.77517	0	9.77517	0	9.77517	0	9.77518	0	9.77523	0	9.77517	0	9.77517	0	9.77517	0	9.77517	0	9.77517	0	9.77517	0	9.77517	0
9.77518	0	9.77517	0	9.77517	0	9.77517	0	9.77517	0	9.77517	0	9.77517	0	9.77517	0	9.77517	0	9.77517	0	9.77517	0	9.77517	0	9.77517	0	9.77517	0	9.77517	0	9.77517	0	9.77518	0	9.77523	0	9.77517	0	9.77517	0	9.77517	0	9.77517	0	9.77517	0	9.77517	0	9.77517	0
9.77518	0	9.77517	0	9.77517	0	9.77517	0	9.77517	0	9.77517	0	9.77517	0	9.77517	0	9.77517	0	9.77517	0	9.77517	0	9.77517	0	9.77517	0	9.77517	0	9.77517	0	9.77517	0	9.77518	0	9.77523	0	9.77517	0	9.77517	0	9.77517	0	9.77517	0	9.77517	0	9.77517	0	9.77517	0
9.77518	0	9.77517	0	9.77517	0	9.77517	0	9.77517	0	9.77517	0	9.77517	0	9.77517	0	9.77517	0	9.77517	0	9.77517	0	9.77517	0	9.77517	0	9.77517	0	9.77517	0	9.77517	0	9.77518	0	9.77523	0	9.77517	0	9.77517	0	9.77517	0	9.77517	0	9.77517	0	9.77517	0	9.77517	0
9.77518	0	9.77517	0	9.77517	0	9.77517	0	9.77517	0	9.77517	0	9.77517	0	9.77517	0	9.77517	0	9.77517	0	9.77517	0	9.77517	0	9.77517	0	9.77517	0	9.77517	0	9.77517	0	9.77518	0	9.77523	0	9.77517	0	9.77517	0	9.77517	0	9.77517	0	9.77517	0	9.77517	0	9.77517	0
9.77518	0	9.77517	0	9.77517	0	9.77517	0	9.77517	0	9.77517	0	9.77517	0	9.77517	0	9.77517	0	9.77517	0	9.77517	0	9.77517	0	9.77517	0	9.77517	0	9.77517	0	9.77517	0	9.77518	0	9.77523	0	9.77517	0	9.77517	0	9.77517	0	9.77517	0	9.77517	0	9.77517	0	9.77517	0
9.77518	0	9.77517	0	9.77517	0	9.77517	0	9.77517	0	9.77517	0	9.77517	0	9.77517	0	9.77517	0	9.77517	0	9.77517	0	9.77517	0	9.77517	0	9.77517	0	9.77517	0	9.77517	0	9.77518	0	9.77523	0	9.77517	0	9.77517	0	9.77517	0	9.77517	0	9.77517	0	9.77517	0	9.77517	0
9.77518	0	9.77517	0	9.77517	0	9.77517	0	9.77517	0	9.77517	0	9.77517	0	9.77517	0	9.77517	0	9.77517	0	9.77517	0	9.77517	0	9.77517	0	9.77517	0	9.77517	0	9.77517	0	9.77518	0	9.77523	0	9.77517	0	9.77517	0	9.77517	0	9.77517	0	9.77517	0	9.77517	0	9.77517	0
9.77518	0	9.77517	0	9.77517	0	9.77517	0	9.77517	0	9.77517	0	9.77517	0	9.77517	0	9.77517	0	9.77517	0	9.77517	0	9.77517	0	9.77517	0	9.77517	0	9.77517	0	9.77517	0	9.77518	0	9.77523	0	9.77517	0	9.77517	0	9.77517	0	9.77517	0	9.77517	0	9.77517	0	9.77517	0
9.77518	0	9.77517	0	9.77517	0	9.77517	0	9.77517	0	9.77517	0	9.77517	0	9.77517	0	9.77517	0	9.77517	0	9.77517	0	9.77517	0	9.77517	0	9.77517	0	9.77517	0	9.77517	0	9.77518	0	9.77523	0	9.77517	0	9.77517	0	9.77517	0	9.77517	0	9.77517	0	9.77517	0	9.77517	0
9.77518	0	9.77517	0	9.77517	0	9.77517	0	9.77517	0	9.77517	0	9.77517	0	9.77517	0	9.77517	0	9.77517	0	9.77517	0	9.77517	0	9.77517	0	9.77517	0	9.77517	0	9.77517	0	9.77518	0	9.77523	0	9.77517	0	9.77517	0	9.77517	0	9.77517	0	9.77517	0	9.77517	0	9.77517	0
9.77518	0	9.77517	0	9.77517	0	9.77517	0	9.77517	0	9.77517	0	9.77517	0	9.77517	0	9.77517	0	9.77517	0	9.77517	0	9.77517	0	9.77517	0	9.77517	0	9.77517	0	9.77517	0	9.77518	0	9.77523	0	9.77517	0	9.77517	0	9.77517	0	9.77517	0	9.77517	0	9.77517	0	9.77517	0
9.77518	0	9.77517	0	9.77517	0	9.77517	0	9.77517	0	9.77517	0	9.77517	0	9.77517	0	9.77517	0	9.77517	0	9.77517	0	9.77517	0	9.77517	0	9.77517	0	9.77517	0	9.77517	0	9.77518	0	9.77523	0	9.77517	0	9.77517	0	9.77517	0	9.77517	0	9.77517	0	9.77517	0	9.77517	0
9.77518	0	9.77517	0	9.77517	0	9.77517	0	9.77517	0	9.77517	0	9.77517	0	9.77517	0	9.77517	0	9.77517	0	9.77517	0	9.77517	0	9.77517	0	9.77517	0	9.77517	0	9.77517	0	9.77518	0	9.77523	0	9.77517	0	9.77517	0	9.77517	0	9.77517	0	9.77517	0	9.77517	0	9.77517	0
9.77518	0	9.77517	0	9.77517	0	9.77517	0	9.77517	0	9.77517	0	9.77517	0	9.77517	0	9.77517	0	9.77517	0	9.77517	0	9.77517	0	9.77517	0	9.77517	0	9.77517	0	9.77517	0	9.77518	0	9.77523	0	9.77517	0	9.77517	0	9.77517	0	9.77517	0	9.77517	0	9.77517	0	9.77517	0
9.77518	0	9.77517	0	9.77517	0	9.77517	0	9.77517	0	9.77517	0	9.77517	0	9.77517	0	9.77517	0	9.77517	0	9.77517	0	9.77517	0	9.77517	0	9.77517	0	9.77517	0	9.77517	0	9.77518	0	9.77523	0	9.77517	0	9.77517	0	9.77517	0	9.77517	0	9.77517	0	9.77517	0	9.77517	0
9.77518	0	9.77517	0	9.77517	0	9.77517	0	9.77517	0	9.77517	0	9.77517	0	9.77517	0	9.77517	0	9.77517	0	9.77517	0	9.77517	0	9.77517	0	9.77517	0	9.77517	0	9.77517	0	9.77518	0	9.77523	0	9.77517	0	9.77517	0	9.77517	0	9.77517	0	9.77517	0	9.77517	0	9.77517	0
9.77518	0	9.77517	0	9.77517	0	9.77517	0	9.77517	0	9.77517	0	9.77517	0	9.77517	0	9.77517	0	9.77517	0	9.77517	0	9.77517	0	9.77517	0	9.77517	0	9.77517	0	9.77517	0	9.77518	0	9.77523	0	9.77517	0	9.77517	0	9.77517	0	9.77517	0	9.77517	0	9.77517	0	9.77517	0
9.77518	0	9.77517	0	9.77517	0	9.77517	0	9.77517	0	9.77517	0	9.77517	0	9.77517	0	9.77517	0	9.77517	0	9.77517	0	9.77517	0	9.77517	0	9.77517	0	9.77517	0	9.77517	0	9.77518	0	9.77523	0	9.77517	0	9.77517	0	9.77517	0	9.77517	0	9.77517	0	9.77517	0	9.77517	0
9.77518	0	9.77517	0	9.77517	0	9.77517	0	9.77517	0	9.77517	0	9.77517	0	9.77517	0	9.77517	0	9.77517	0	9.77517	0	9.77517	0	9.77517	0	9.77517	0	9.77517	0	9.77517	0	9.77518	0	9.77523	0	9.77517	0	9.77517	0	9.77517	0	9.77517	0	9.77517	0	9.77517	0	9.77517	0
9.77518	0	9.77517	0	9.77517	0	9.77517	0	9.77517	0	9.77517	0	9.77517	0	9.77517	0	9.77517	0	9.77517	0	9.77517	0	9.77517	0	9.77517	0	9.77517	0	9.77517	0	9.77517	0	9.77518	0	9.77523	0	9.77517	0	9.77517	0	9.77517	0	9.77517	0	9.77517	0	9.77517	0	9.77517	0
9.77518	0	9.77517	0	9.77517	0	9.77517	0	9.77517	0	9.77517	0	9.77517	0	9.77517	0	9.77517	0	9.77517	0	9.77517	0	9.77517	0	9.77517	0	9.77517	0	9.77517	0	9.77517	0	9.77518	0	9.77523	0	9.77517	0	9.77517	0	9.77517	0	9.77517	0	9.77517	0	9.77517	0	9.77517	0
9.77518	0	9.77517	0	9.77517	0	9.77517	0	9.77517	0	9.77517	0	9.77517	0	9.77517	0	9.77517	0	9.77517	0	9.77517	0	9.77517	0	9.77517	0	9.77517	0	9.77517	0	9.77517	0	9.77518	0	9.77523	0	9.77517	0	9.77517	0	9.77517	0	9.77517	0	9.77517	0	9.77517	0	9.77517	0
9.77518	0	9.77517	0	9.77517	0	9.77517	0	9.77517	0	9.77517	0	9.77517	0	9.77517	0	9.77517	0	9.77517	0	9.77517	0	9.77517	0	9.77517	0	9.77517	0	9.77517	0	9.77517	0	9.77518	0	9.77523	0	9.77517	0	9.77517	0	9.77517	0	9.77517	0	9.77517	0	9.77517	0	9.77517	0
9.77518	0	9.77517	0	9.77517	0	9.77517	0	9.77517	0	9.77517	0	9.77517	0	9.77517	0	9.77517	0	9.77517	0	9.77517	0	9.77517	0	9.77517	0	9.77517	0	9.77517	0	9.77517	0	9.77518	0	9.77523	0	9.77517	0	9.77517	0	9.77517	0	9.77517	0	9.77517	0	9.77517	0	9.77517	0
9.77518	0	9.77517	0	9.77517	0	9.77517	0	9.77517	0	9.77517	0	9.77517	0	9.77517	0	9.77517	0	9.77517	0	9.77517	0	9.77517	0	9.77517	0	9.77517	0	9.77517	0	9.77517	0	9.77518	0	9.77523	0	9.77517	0	9.77517	0	9.77517	0	9.77517	0	9.77517	0	9.77517	0	9.77517	0
9.77518	0	9.77517	0	9.77517	0	9.77517	0	9.77517	0	9.77517	0	9.77517	0	9.77517	0	9.77517	0	9.77517	0	9.77517	0	9.77517	0	9.77517	0	9.77517	0	9.77517	0	9.77517	0	9.77518	0	9.77523	0	9.77517	0	9.77517	0	9.77517	0	9.77517	0	9.77517	0	9.77517	0	9.77517	0
9.77518	0	9.77517	0	9.77517	0	9.77517	0	9.77517	0	9.77517	0	9.77517	0	9.77517	0	9.77517	0	9.77517	0	9.77517	0	9.77517	0	9.77517	0	9.77517	0	9.77517	0	9.77517	0	9.77518	0	9.77523	0	9.77517	0	9.77517	0	9.77517	0	9.77517	0	9.77517	0	9.77517	0	9.77517	0
9.77518	0	9.77517	0	9.77517	0	9.77517	0	9.77517	0	9.77517	0	9.77517	0	9.77517	0	9.77517	0	9.77517	0	9.77517	0	9.77517	0	9.77517	0	9.77517	0	9.77517	0	9.77517	0	9.77518	0	9.77523	0	9.77517	0	9.77517	0	9.77517	0	9.77517	0	9.77517	0	9.77517	0	9.77517	0
9.77518	0	9.77517	0	9.77517	0	9.77517	0	9.77517	0	9.77517	0	9.77517	0	9.77517	0	9.77517	0	9.77517	0	9.77517	0	9.77517	0	9.77517	0	9.77517	0	9.77517	0	9.77517	0	9.77518	0	9.77523	0	9.77517	0	9.77517	0	9.77517	0	9.77517	0	9.77517	0	9.77517	0	9.77517	0
9.77518	0	9.77517	0	9.77517	0	9.77517	0	9.77517	0	9.77517	0	9.77517	0	9.77517	0	9.77517	0	9.77517	0	9.77517	0	9.77517	0	9.77517	0	9.77517	0	9.77517	0	9.77517	0	9.77518	0	9.77523	0	9.77517	0	9.77517	0	9.77517	0	9.77517	0	9.77517	0	9.77517	0	9.77517	0
9.77518	0	9.77517	0	9.77517	0	9.77517	0	9.77517	0	9.77517	0	9.77517	0	9.77517	0	9.77517	0	9.77517	0	9.77517	0	9.77517	0	9.77517	0	9.77517	0	9.77517	0	9.77517	0	9.77518	0	9.77523	0	9.77517	0	9.77517	0	9.77517	0	9.77517	0	9.77517	0	9.77517	0	9.77517	0
9.77518	0	9.77517	0	9.77517	0	9.77517	0	9.77517	0	9.77517	0	9.77517	0	9.77517	0	9.77517	0	9.77517	0	9.77517	0	9.77517	0	9.77517	0	9.77517	0	9.77517	0	9.77517	0	9.77518	0	9.77523	0	9.77517	0	9.77517	0	9.77517	0	9.77517	0	9.77517	0	9.77517	0	9.77517	0
9.77518	0	9.77517	0	9.77517	0	9.77517	0	9.77517	0	9.77517	0	9.77517	0	9.77517	0	9.77517	0	9.77517	0	9.77517	0	9.77517	0	9.77517	0	9.77517	0	9.77517	0	9.77517	0	9.77518	0	9.77523	0	9.77517	0	9.77517	0	9.77517	0	9.77517	0	9.77517	0	9.77517	0	9.77517	0
9.77518	0	9.77517	0	9.77517	0	9.77517	0	9.77517	0	9.77517	0	9.77517	0	9.77517	0	9.77517	0	9.77517	0	9.77517	0	9.77517	0	9.77517	0	9.77517	0	9.77517	0	9.77517	0	9.77518	0	9.77523	0	9.77517	0	9.77517	0	9.77517	0	9.77517	0	9.77517	0	9.77517	0	9.77517	0
9.77518	0	9.77517	0	9.77517	0	9.77517	0	9.77517	0	9.77517	0	9.77517	0	9.77517	0	9.77517	0	9.77517	0	9.77517	0	9.77517	0	9.77517	0	9.77517	0	9.77517	0	9.77517	0	9.77518	0	9.77523	0	9.77517	0	9.77517	0	9.77517	0	9.77517	0	9.77517	0	9.77517	0	9.77517	0
9.77518	0	9.77517	0	9.77517	0	9.77517	0	9.77517	0	9.77517	0	9.77517	0	9.77517	0	9.77517	0	9.77517	0	9.77517	0	9.77517	0	9.77517	0	9.77517	0	9.77517	0	9.77517	0	9.77518	0	9.77523	0	9.77517	0	9.77517	0	9.77517	0	9.77517	0	9.77517	0	9.77517	0	9.77517	0
9.77518	0	9.77517	0	9.77517	0	9.77517	0	9.77517	0	9.77517	0	9.77517	0	9.77517	0	9.77517	0	9.77517	0	9.77517	0	9.77517	0	9.77517	0	9.77517	0	9.77517	0	9.77517	0	9.77518	0	9.77523	0	9.77517	0	9.77517	0	9.77517	0	9.77517	0	9.77517	0	9.77517	0	9.77517	0
9.77518	0	9.77517	0	9.77517	0	9.77517	0	9.77517	0	9.77517	0	9.77517	0	9.77517	0	9.77517	0	9.77517	0	9.77517	0	9.77517	0	9.77517	0	9.77517	0	9.77517	0	9.77517	0	9.77518	0	9.77523	0	9.77517	0	9.77517	0	9.77517	0	9.77517	0	9.77517	0	9.77517	0	9.77517	0
9.77518	0	9.77517	0	9.77517	0	9.77517	0	9.77517	0	9.77517	0	9.77517	0	9.77517	0	9.77517	0	9.77517	0	9.77517	0	9.77517	0	9.77517	0	9.77517	0	9.77517	0	9.77517	0	9.77518	0	9.77522	0	9.77517	0	9.77517	0	9.77517	0	9.77517	0	9.77517	0	9.77517	0	9.77517	0
9.77518	0	9.77517	0	9.77517	0	9.77517	0	9.77517	0	9.77517	0	9.77517	0	9.77517	0	9.77517	0	9.77517	0	9.77517	0	9.77517	0	9.77517	0	9.77517	0	9.77517	0	9.77517	0	9.77518	0	9.77522	0	9.77517	0	9.77517	0	9.77517	0	9.77517	0	9.77517	0	9.77517	0	9.77517	0
9.77518	0	9.77517	0	9.77517	0	9.77517	0	9.77517	0	9.77517	0	9.77517	0	9.77517	0	9.77517	0	9.77517	0	9.77517	0	9.77517	0	9.77517	0	9.77517	0	9.77517	0	9.77517	0	9.77518	0	9.77522	0	9.77517	0	9.77517	0	9.77517	0	9.77517	0	9.77517	0	9.77517	0	9.77517	0
9.77518	0	9.77517	0	9.77517	0	9.77517	0	9.77517	0	9.77517	0	9.77517	0	9.77517	0	9.77517	0	9.77517	0	9.77517	0	9.77517	0	9.77517	0	9.77517	0	9.77517	0	9.77517	0	9.77518	0	9.77522	0	9.77517	0	9.77517	0	9.77517	0	9.77517	0	9.77517	0	9.77517	0	9.77517	0
9.77518	0	9.77517	0	9.77517	0	9.77517	0	9.77517	0	9.77517	0	9.77517	0	9.77517	0	9.77517	0	9.77517	0	9.77517	0	9.77517	0	9.77517	0	9.77517	0	9.77517	0	9.77517	0	9.77518	0	9.77522	0	9.77517	0	9.77517	0	9.77517	0	9.77517	0	9.77517	0	9.77517	0	9.77517	0
9.77518	0	9.77517	0	9.77517	0	9.77517	0	9.77517	0	9.77517	0	9.77517	0	9.77517	0	9.77517	0	9.77517	0	9.77517	0	9.77517	0	9.77517	0	9.77517	0	9.77517	0	9.77517	0	9.77518	0	9.77522	0	9.77517	0	9.77517	0	9.77517	0	9.77517	0	9.77517	0	9.77517	0	9.77517	0
9.77518	0	9.77517	0	9.77517	0	9.77517	0	9.77517	0	9.77517	0	9.77517	0	9.77517	0	9.77517	0	9.77517	0	9.77517	0	9.77517	0	9.77517	0	9.77517	0	9.77517	0	9.77517	0	9.77518	0	9.77522	0	9.77517	0	9.77517	0	9.77517	0	9.77517	0	9.77517	0	9.77517	0	9.77517	0
9.77518	0	9.77517	0	9.77517	0	9.77517	0	9.77517	0	9.77517	0	9.77517	0	9.77517	0	9.77517	0	9.77517	0	9.77517	0	9.77517	0	9.77517	0	9.77517	0	9.77517	0	9.77517	0	9.77518	0	9.77522	0	9.77517	0	9.77517	0	9.77517	0	9.77517	0	9.77517	0	9.77517	0	9.77517	0
9.77518	0	9.77517	0	9.77517	0	9.77517	0	9.77517	0	9.77517	0	9.77517	0	9.77517	0	9.77517	0	9.77517	0	9.77517	0	9.77517	0	9.77517	0	9.77517	0	9.77517	0	9.77517	0	9.77518	0	9.77522	0	9.77517	0	9.77517	0	9.77517	0	9.77517	0	9.77517	0	9.77517	0	9.77517	0
9.77518	0	9.77517	0	9.77517	0	9.77517	0	9.77517	0	9.77517	0	9.77517	0	9.77517	0	9.77517	0	9.77517	0	9.77517	0	9.77517	0	9.77517	0	9.77517	0	9.77517	0	9.77517	0	9.77518	0	9.77522	0	9.77517	0	9.77517	0	9.77517	0	9.77517	0	9.77517	0	9.77517	0	9.77517	0
9.77518	0	9.77517	0	9.77517	0	9.77517	0	9.77517	0	9.77517	0	9.77517	0	9.77517	0	9.77517	0	9.77517	0	9.77517	0	9.77517	0	9.77517	0	9.77517	0	9.77517	0	9.77517	0	9.77518	0	9.77522	0	9.77517	0	9.77517	0	9.77517	0	9.77517	0	9.77517	0	9.77517	0	9.77517	0
9.77518	0	9.77517	0	9.77517	0	9.77517	0	9.77517	0	9.77517	0	9.77517	0	9.77517	0	9.77517	0	9.77517	0	9.77517	0	9.77517	0	9.77517	0	9.77517	0	9.77517	0	9.77517	0	9.77518	0	9.77522	0	9.77517	0	9.77517	0	9.77517	0	9.77517	0	9.77517	0	9.77517	0	9.77517	0
9.77518	0	9.77517	0	9.77517	0	9.77517	0	9.77517	0	9.77517	0	9.77517	0	9.77517	0	9.77517	0	9.77517	0	9.77517	0	9.77517	0	9.77517	0	9.77517	0	9.77517	0	9.77517	0	9.77518	0	9.77522	0	9.77517	0	9.77517	0	9.77517	0	9.77517	0	9.77517	0	9.77517	0	9.77517	0
9.77518	0	9.77517	0	9.77517	0	9.77517	0	9.77517	0	9.77517	0	9.77517	0	9.77517	0	9.77517	0	9.77517	0	9.77517	0	9.77517	0	9.77517	0	9.77517	0	9.77517	0	9.77517	0	9.77518	0	9.77522	0	9.77517	0	9.77517	0	9.77517	0	9.77517	0	9.77517	0	9.77517	0	9.77517	0
9.77518	0	9.77517	0	9.77517	0	9.77517	0	9.77517	0	9.77517	0	9.77517	0	9.77517	0	9.77517	0	9.77517	0	9.77517	0	9.77517	0	9.77517	0	9.77517	0	9.77517	0	9.77517	0	9.77518	0	9.77522	0	9.77517	0	9.77517	0	9.77517	0	9.77517	0	9.77517	0	9.77517	0	9.77517	0
9.77518	0	9.77517	0	9.77517	0	9.77517	0	9.77517	0	9.77517	0	9.77517	0	9.77517	0	9.77517	0	9.77517	0	9.77517	0	9.77517	0	9.77517	0	9.77517	0	9.77517	0	9.77517	0	9.77518	0	9.77522	0	9.77517	0	9.77517	0	9.77517	0	9.77517	0	9.77517	0	9.77517	0	9.77517	0
9.77518	0	9.77517	0	9.77517	0	9.77517	0	9.77517	0	9.77517	0	9.77517	0	9.77517	0	9.77517	0	9.77517	0	9.77517	0	9.77517	0	9.77517	0	9.77517	0	9.77517	0	9.77517	0	9.77518	0	9.77522	0	9.77517	0	9.77517	0	9.77517	0	9.77517	0	9.77517	0	9.77517	0	9.77517	0
9.77518	0	9.77517	0	9.77517	0	9.77517	0	9.77517	0	9.77517	0	9.77517	0	9.77517	0	9.77517	0	9.77517	0	9.77517	0	9.77517	0	9.77517	0	9.77517	0	9.77517	0	9.77517	0	9.77518	0	9.77522	0	9.77517	0	9.77517	0	9.77517	0	9.77517	0	9.77517	0	9.77517	0	9.77517	0
9.77518	0	9.77517	0	9.77517	0	9.77517	0	9.77517	0	9.77517	0	9.77517	0	9.77517	0	9.77517	0	9.77517	0	9.77517	0	9.77517	0	9.77517	0	9.77517	0	9.77517	0	9.77517	0	9.77518	0	9.77522	0	9.77517	0	9.77517	0	9.77517	0	9.77517	0	9.77517	0	9.77517	0	9.77517	0
9.77518	0	9.77517	0	9.77517	0	9.77517	0	9.77517	0	9.77517	0	9.77517	0	9.77517	0	9.77517	0	9.77517	0	9.77517	0	9.77517	0	9.77517	0	9.77517	0	9.77517	0	9.77517	0	9.77518	0	9.77522	0	9.77517	0	9.77517	0	9.77517	0	9.77517	0	9.77517	0	9.77517	0	9.77517	0
9.77518	0	9.77517	0	9.77517	0	9.77517	0	9.77517	0	9.77517	0	9.77517	0	9.77517	0	9.77517	0	9.77517	0	9.77517	0	9.77517	0	9.77517	0	9.77517	0	9.77517	0	9.77517	0	9.77518	0	9.77522	0	9.77517	0	9.77517	0	9.77517	0	9.77517	0	9.77517	0	9.77517	0	9.77517	0
9.77518	0	9.77517	0	9.77517	0	9.77517	0	9.77517	0	9.77517	0	9.77517	0	9.77517	0	9.77517	0	9.77517	0	9.77517	0	9.77517	0	9.77517	0	9.77517	0	9.77517	0	9.77517	0	9.77518	0	9.77522	0	9.77517	0	9.77517	0	9.77517	0	9.77517	0	9.77517	0	9.77517	0	9.77517	0
9.77518	0	9.77517	0	9.77517	0	9.77517	0	9.77517	0	9.77517	0	9.77517	0	9.77517	0	9.77517	0	9.77517	0	9.77517	0	9.77517	0	9.77517	0	9.77517	0	9.77517	0	9.77517	0	9.77518	0	9.77522	0	9.77517	0	9.77517	0	9.77517	0	9.77517	0	9.77517	0	9.77517	0	9.77517	0
9.77518	0	9.77517	0	9.77517	0	9.77517	0	9.77517	0	9.77517	0	9.77517	0	9.77517	0	9.77517	0	9.77517	0	9.77517	0	9.77517	0	9.77517	0	9.77517	0	9.77517	0	9.77517	0	9.77518	0	9.77522	0	9.77517	0	9.77517	0	9.77517	0	9.77517	0	9.77517	0	9.77517	0	9.77517	0
9.77518	0	9.77517	0	9.77517	0	9.77517	0	9.77517	0	9.77517	0	9.77517	0	9.77517	0	9.77517	0	9.77517	0	9.77517	0	9.77517	0	9.77517	0	9.77517	0	9.77517	0	9.77517	0	9.77518	0	9.77522	0	9.77517	0	9.77517	0	9.77517	0	9.77517	0	9.77517	0	9.77517	0	9.77517	0
9.77518	0	9.77517	0	9.77517	0	9.77517	0	9.77517	0	9.77517	0	9.77517	0	9.77517	0	9.77517	0	9.77517	0	9.77517	0	9.77517	0	9.77517	0	9.77517	0	9.77517	0	9.77517	0	9.77518	0	9.77522	0	9.77517	0	9.77517	0	9.77517	0	9.77517	0	9.77517	0	9.77517	0	9.77517	0
9.77518	0	9.77517	0	9.77517	0	9.77517	0	9.77517	0	9.77517	0	9.77517	0	9.77517	0	9.77517	0	9.77517	0	9.77517	0	9.77517	0	9.77517	0	9.77517	0	9.77517	0	9.77517	0	9.77518	0	9.77522	0	9.77517	0	9.77517	0	9.77517	0	9.77517	0	9.77517	0	9.77517	0	9.77517	0
9.77518	0	9.77517	0	9.77517	0	9.77517	0	9.77517	0	9.77517	0	9.77517	0	9.77517	0	9.77517	0	9.77517	0	9.77517	0	9.77517	0	9.77517	0	9.77517	0	9.77517	0	9.77517	0	9.77518	0	9.77522	0	9.77517	0	9.77517	0	9.77517	0	9.77517	0	9.77517	0	9.77517	0	9.77517	0
9.77518	0	9.77517	0	9.77517	0	9.77517	0	9.77517	0	9.77517	0	9.77517	0	9.77517	0	9.77517	0	9.77517	0	9.77517	0	9.77517	0	9.77517	0	9.77517	0	9.77517	0	9.77517	0	9.77518	0	9.77522	0	9.77517	0	9.77517	0	9.77517	0	9.77517	0	9.77517	0	9.77517	0	9.77517	0
9.77518	0	9.77517	0	9.77517	0	9.77517	0	9.77517	0	9.77517	0	9.77517	0	9.77517	0	9.77517	0	9.77517	0	9.77517	0	9.77517	0	9.77517	0	9.77517	0	9.77517	0	9.77517	0	9.77518	0	9.77522	0	9.77517	0	9.77517	0	9.77517	0	9.77517	0	9.77517	0	9.77517	0	9.77517	0
9.77518	0	9.77517	0	9.77517	0	9.77517	0	9.77517	0	9.77517	0	9.77517	0	9.77517	0	9.77517	0	9.77517	0	9.77517	0	9.77517	0	9.77517	0	9.77517	0	9.77517	0	9.77517	0	9.77518	0	9.77522	0	9.77517	0	9.77517	0	9.77517	0	9.77517	0	9.77517	0	9.77517	0	9.77517	0
9.77518	0	9.77517	0	9.77517	0	9.77517	0	9.77517	0	9.77517	0	9.77517	0	9.77517	0	9.77517	0	9.77517	0	9.77517	0	9.77517	0	9.77517	0	9.77517	0	9.77517	0	9.77517	0	9.77518	0	9.77522	0	9.77517	0	9.77517	0	9.77517	0	9.77517	0	9.77517	0	9.77517	0	9.77517	0
9.77518	0	9.77517	0	9.77517	0	9.77517	0	9.77517	0	9.77517	0	9.77517	0	9.77517	0	9.77517	0	9.77517	0	9.77517	0	9.77517	0	9.77517	0	9.77517	0	9.77517	0	9.77517	0	9.77518	0	9.77522	0	9.77517	0	9.77517	0	9.77517	0	9.77517	0	9.77517	0	9.77517	0	9.77517	0
9.77518	0	9.77517	0	9.77517	0	9.77517	0	9.77517	0	9.77517	0	9.77517	0	9.77517	0	9.77517	0	9.77517	0	9.77517	0	9.77517	0	9.77517	0	9.77517	0	9.77517	0	9.77517	0	9.77518	0	9.77522	0	9.77517	0	9.77517	0	9.77517	0	9.77517	0	9.77517	0	9.77517	0	9.77517	0
9.77518	0	9.77517	0	9.77517	0	9.77517	0	9.77517	0	9.77517	0	9.77517	0	9.77517	0	9.77517	0	9.77517	0	9.77517	0	9.77517	0	9.77517	0	9.77517	0	9.77517	0	9.77517	0	9.77518	0	9.77522	0	9.77517	0	9.77517	0	9.77517	0	9.77517	0	9.77517	0	9.77517	0	9.77517	0
9.77518	0	9.77517	0	9.77517	0	9.77517	0	9.77517	0	9.77517	0	9.77517	0	9.77517	0	9.77517	0	9.77517	0	9.77517	0	9.77517	0	9.77517	0	9.77517	0	9.77517	0	9.77517	0	9.77518	0	9.77522	0	9.77517	0	9.77517	0	9.77517	0	9.77517	0	9.77517	0	9.77517	0	9.77517	0
9.77518	0	9.77517	0	9.77517	0	9.77517	0	9.77517	0	9.77517	0	9.77517	0	9.77517	0	9.77517	0	9.77517	0	9.77517	0	9.77517	0	9.77517	0	9.77517	0	9.77517	0	9.77517	0	9.77518	0	9.77522	0	9.77517	0	9.77517	0	9.77517	0	9.77517	0	9.77517	0	9.77517	0	9.77517	0
9.77518	0	9.77517	0	9.77517	0	9.77517	0	9.77517	0	9.77517	0	9.77517	0	9.77517	0	9.77517	0	9.77517	0	9.77517	0	9.77517	0	9.77517	0	9.77517	0	9.77517	0	9.77517	0	9.77518	0	9.77522	0	9.77517	0	9.77517	0	9.77517	0	9.77517	0	9.77517	0	9.77517	0	9.77517	0
9.77518	0	9.77517	0	9.77517	0	9.77517	0	9.77517	0	9.77517	0	9.77517	0	9.77517	0	9.77517	0	9.77517	0	9.77517	0	9.77517	0	9.77517	0	9.77517	0	9.77517	0	9.77517	0	9.77518	0	9.77522	0	9.77517	0	9.77517	0	9.77517	0	9.77517	0	9.77517	0	9.77517	0	9.77517	0
9.77518	0	9.77517	0	9.77517	0	9.77517	0	9.77517	0	9.77517	0	9.77517	0	9.77517	0	9.77517	0	9.77517	0	9.77517	0	9.77517	0	9.77517	0	9.77517	0	9.77517	0	9.77517	0	9.77518	0	9.77522	0	9.77517	0	9.77517	0	9.77517	0	9.77517	0	9.77517	0	9.77517	0	9.77517	0
9.77518	0	9.77517	0	9.77517	0	9.77517	0	9.77517	0	9.77517	0	9.77517	0	9.77517	0	9.77517	0	9.77517	0	9.77517	0	9.77517	0	9.77517	0	9.77517	0	9.77517	0	9.77517	0	9.77518	0	9.77522	0	9.77517	0	9.77517	0	9.77517	0	9.77517	0	9.77517	0	9.77517	0	9.77517	0
9.77518	0	9.77517	0	9.77517	0	9.77517	0	9.77517	0	9.77517	0	9.77517	0	9.77517	0	9.77517	0	9.77517	0	9.77517	0	9.77517	0	9.77517	0	9.77517	0	9.77517	0	9.77517	0	9.77518	0	9.77522	0	9.77517	0	9.77517	0	9.77517	0	9.77517	0	9.77517	0	9.77517	0	9.77517	0
9.77518	0	9.77517	0	9.77517	0	9.77517	0	9.77517	0	9.77517	0	9.77517	0	9.77517	0	9.77517	0	9.77517	0	9.77517	0	9.77517	0	9.77517	0	9.77517	0	9.77517	0	9.77517	0	9.77518	0	9.77522	0	9.77517	0	9.77517	0	9.77517	0	9.77517	0	9.77517	0	9.77517	0	9.77517	0
9.77518	0	9.77517	0	9.77517	0	9.77517	0	9.77517	0	9.77517	0	9.77517	0	9.77517	0	9.77517	0	9.77517	0	9.77517	0	9.77517	0	9.77517	0	9.77517	0	9.77517	0	9.77517	0	9.77518	0	9.77522	0	9.77517	0	9.77517	0	9.77517	0	9.77517	0	9.77517	0	9.77517	0	9.77517	0
9.77518	0	9.77517	0	9.77517	0	9.77517	0	9.77517	0	9.77517	0	9.77517	0	9.77517	0	9.77517	0	9.77517	0	9.77517	0	9.77517	0	9.77517	0	9.77517	0	9.77517	0	9.77517	0	9.77518	0	9.77522	0	9.77517	0	9.77517	0	9.77517	0	9.77517	0	9.77517	0	9.77517	0	9.77517	0
9.77518	0	9.77517	0	9.77517	0	9.77517	0	9.77517	0	9.77517	0	9.77517	0	9.77517	0	9.77517	0	9.77517	0	9.77517	0	9.77517	0	9.77517	0	9.77517	0	9.77517	0	9.77517	0	9.77518	0	9.77522	0	9.77517	0	9.77517	0	9.77517	0	9.77517	0	9.77517	0	9.77517	0	9.77517	0
9.77518	0	9.77517	0	9.77517	0	9.77517	0	9.77517	0	9.77517	0	9.77517	0	9.77517	0	9.77517	0	9.77517	0	9.77517	0	9.77517	0	9.77517	0	9.77517	0	9.77517	0	9.77517	0	9.77518	0	9.77521	0	9.77517	0	9.77517	0	9.77517	0	9.77517	0	9.77517	0	9.77517	0	9.77517	0
9.77518	0	9.77517	0	9.77517	0	9.77517	0	9.77517	0	9.77517	0	9.77517	0	9.77517	0	9.77517	0	9.77517	0	9.77517	0	9.77517	0	9.77517	0	9.77517	0	9.77517	0	9.77517	0	9.77518	0	9.77521	0	9.77517	0	9.77517	0	9.77517	0	9.77517	0	9.77517	0	9.77517	0	9.77517	0
9.77518	0	9.77517	0	9.77517	0	9.77517	0	9.77517	0	9.77517	0	9.77517	0	9.77517	0	9.77517	0	9.77517	0	9.77517	0	9.77517	0	9.77517	0	9.77517	0	9.77517	0	9.77517	0	9.77518	0	9.77521	0	9.77517	0	9.77517	0	9.77517	0	9.77517	0	9.77517	0	9.77517	0	9.77517	0
9.77518	0	9.77517	0	9.77517	0	9.77517	0	9.77517	0	9.77517	0	9.77517	0	9.77517	0	9.77517	0	9.77517	0	9.77517	0	9.77517	0	9.77517	0	9.77517	0	9.77517	0	9.77517	0	9.77518	0	9.77521	0	9.77517	0	9.77517	0	9.77517	0	9.77517	0	9.77517	0	9.77517	0	9.77517	0
9.77518	0	9.77517	0	9.77517	0	9.77517	0	9.77517	0	9.77517	0	9.77517	0	9.77517	0	9.77517	0	9.77517	0	9.77517	0	9.77517	0	9.77517	0	9.77517	0	9.77517	0	9.77517	0	9.77518	0	9.77521	0	9.77517	0	9.77517	0	9.77517	0	9.77517	0	9.77517	0	9.77517	0	9.77517	0
9.77518	0	9.77517	0	9.77517	0	9.77517	0	9.77517	0	9.77517	0	9.77517	0	9.77517	0	9.77517	0	9.77517	0	9.77517	0	9.77517	0	9.77517	0	9.77517	0	9.77517	0	9.77517	0	9.77518	0	9.77521	0	9.77517	0	9.77517	0	9.77517	0	9.77517	0	9.77517	0	9.77517	0	9.77517	0
9.77518	0	9.77517	0	9.77517	0	9.77517	0	9.77517	0	9.77517	0	9.77517	0	9.77517	0	9.77517	0	9.77517	0	9.77517	0	9.77517	0	9.77517	0	9.77517	0	9.77517	0	9.77517	0	9.77518	0	9.77521	0	9.77517	0	9.77517	0	9.77517	0	9.77517	0	9.77517	0	9.77517	0	9.77517	0
9.77518	0	9.77517	0	9.77517	0	9.77517	0	9.77517	0	9.77517	0	9.77517	0	9.77517	0	9.77517	0	9.77517	0	9.77517	0	9.77517	0	9.77517	0	9.77517	0	9.77517	0	9.77517	0	9.77518	0	9.77521	0	9.77517	0	9.77517	0	9.77517	0	9.77517	0	9.77517	0	9.77517	0	9.77517	0
9.77518	0	9.77517	0	9.77517	0	9.77517	0	9.77517	0	9.77517	0	9.77517	0	9.77517	0	9.77517	0	9.77517	0	9.77517	0	9.77517	0	9.77517	0	9.77517	0	9.77517	0	9.77517	0	9.77518	0	9.77521	0	9.77517	0	9.77517	0	9.77517	0	9.77517	0	9.77517	0	9.77517	0	9.77517	0
9.77518	0	9.77517	0	9.77517	0	9.77517	0	9.77517	0	9.77517	0	9.77517	0	9.77517	0	9.77517	0	9.77517	0	9.77517	0	9.77517	0	9.77517	0	9.77517	0	9.77517	0	9.77517	0	9.77518	0	9.77521	0	9.77517	0	9.77517	0	9.77517	0	9.77517	0	9.77517	0	9.77517	0	9.77517	0
9.77518	0	9.77517	0	9.77517	0	9.77517	0	9.77517	0	9.77517	0	9.77517	0	9.77517	0	9.77517	0	9.77517	0	9.77517	0	9.77517	0	9.77517	0	9.77517	0	9.77517	0	9.77517	0	9.77518	0	9.77521	0	9.77517	0	9.77517	0	9.77517	0	9.77517	0	9.77517	0	9.77517	0	9.77517	0
9.77518	0	9.77517	0	9.77517	0	9.77517	0	9.77517	0	9.77517	0	9.77517	0	9.77517	0	9.77517	0	9.77517	0	9.77517	0	9.77517	0	9.77517	0	9.77517	0	9.77517	0	9.77517	0	9.77518	0	9.77521	0	9.77517	0	9.77517	0	9.77517	0	9.77517	0	9.77517	0	9.77517	0	9.77517	0
9.77518	0	9.77517	0	9.77517	0	9.77517	0	9.77517	0	9.77517	0	9.77517	0	9.77517	0	9.77517	0	9.77517	0	9.77517	0	9.77517	0	9.77517	0	9.77517	0	9.77517	0	9.77517	0	9.77518	0	9.77521	0	9.77517	0	9.77517	0	9.77517	0	9.77517	0	9.77517	0	9.77517	0	9.77517	0
9.77518	0	9.77517	0	9.77517	0	9.77517	0	9.77517	0	9.77517	0	9.77517	0	9.77517	0	9.77517	0	9.77517	0	9.77517	0	9.77517	0	9.77517	0	9.77517	0	9.77517	0	9.77517	0	9.77518	0	9.77521	0	9.77517	0	9.77517	0	9.77517	0	9.77517	0	9.77517	0	9.77517	0	9.77517	0
9.77517	0	9.77517	0	9.77517	0	9.77517	0	9.77517	0	9.77517	0	9.77517	0	9.77517	0	9.77517	0	9.77517	0	9.77517	0	9.77517	0	9.77517	0	9.77517	0	9.77517	0	9.77517	0	9.77518	0	9.77521	0	9.77517	0	9.77517	0	9.77517	0	9.77517	0	9.77517	0	9.77517	0	9.77517	0
9.77517	0	9.77517	0	9.77517	0	9.77517	0	9.77517	0	9.77517	0	9.77517	0	9.77517	0	9.77517	0	9.77517	0	9.77517	0	9.77517	0	9.77517	0	9.77517	0	9.77517	0	9.77517	0	9.77518	0	9.77521	0	9.77517	0	9.77517	0	9.77517	0	9.77517	0	9.77517	0	9.77517	0	9.77517	0
9.77517	0	9.77517	0	9.77517	0	9.77517	0	9.77517	0	9.77517	0	9.77517	0	9.77517	0	9.77517	0	9.77517	0	9.77517	0	9.77517	0	9.77517	0	9.77517	0	9.77517	0	9.77517	0	9.77518	0	9.77521	0	9.77517	0	9.77517	0	9.77517	0	9.77517	0	9.77517	0	9.77517	0	9.77517	0
9.77517	0	9.77517	0	9.77517	0	9.77517	0	9.77517	0	9.77517	0	9.77517	0	9.77517	0	9.77517	0	9.77517	0	9.77517	0	9.77517	0	9.77517	0	9.77517	0	9.77517	0	9.77517	0	9.77518	0	9.77521	0	9.77517	0	9.77517	0	9.77517	0	9.77517	0	9.77517	0	9.77517	0	9.77517	0
9.77517	0	9.77517	0	9.77517	0	9.77517	0	9.77517	0	9.77517	0	9.77517	0	9.77517	0	9.77517	0	9.77517	0	9.77517	0	9.77517	0	9.77517	0	9.77517	0	9.77517	0	9.77517	0	9.77518	0	9.77521	0	9.77517	0	9.77517	0	9.77517	0	9.77517	0	9.77517	0	9.77517	0	9.77517	0
9.77517	0	9.77517	0	9.77517	0	9.77517	0	9.77517	0	9.77517	0	9.77517	0	9.77517	0	9.77517	0	9.77517	0	9.77517	0	9.77517	0	9.77517	0	9.77517	0	9.77517	0	9.77517	0	9.77518	0	9.77521	0	9.77517	0	9.77517	0	9.77517	0	9.77517	0	9.77517	0	9.77517	0	9.77517	0
9.77517	0	9.77517	0	9.77517	0	9.77517	0	9.77517	0	9.77517	0	9.77517	0	9.77517	0	9.77517	0	9.77517	0	9.77517	0	9.77517	0	9.77517	0	9.77517	0	9.77517	0	9.77517	0	9.77518	0	9.77521	0	9.77517	0	9.77517	0	9.77517	0	9.77517	0	9.77517	0	9.77517	0	9.77517	0
9.77517	0	9.77517	0	9.77517	0	9.77517	0	9.77517	0	9.77517	0	9.77517	0	9.77517	0	9.77517	0	9.77517	0	9.77517	0	9.77517	0	9.77517	0	9.77517	0	9.77517	0	9.77517	0	9.77518	0	9.77521	0	9.77517	0	9.77517	0	9.77517	0	9.77517	0	9.77517	0	9.77517	0	9.77517	0
9.77517	0	9.77517	0	9.77517	0	9.77517	0	9.77517	0	9.77517	0	9.77517	0	9.77517	0	9.77517	0	9.77517	0	9.77517	0	9.77517	0	9.77517	0	9.77517	0	9.77517	0	9.77517	0	9.77518	0	9.7752	0	9.77517	0	9.77517	0	9.77517	0	9.77517	0	9.77517	0	9.77517	0	9.77517	0
9.77517	0	9.77517	0	9.77517	0	9.77517	0	9.77517	0	9.77517	0	9.77517	0	9.77517	0	9.77517	0	9.77517	0	9.77517	0	9.77517	0	9.77517	0	9.77517	0	9.77517	0	9.77517	0	9.77518	0	9.7752	0	9.77517	0	9.77517	0	9.77517	0	9.77517	0	9.77517	0	9.77517	0	9.77517	0
9.77517	0	9.77517	0	9.77517	0	9.77517	0	9.77517	0	9.77517	0	9.77517	0	9.77517	0	9.77517	0	9.77517	0	9.77517	0	9.77517	0	9.77517	0	9.77517	0	9.77517	0	9.77517	0	9.77518	0	9.7752	0	9.77517	0	9.77517	0	9.77517	0	9.77517	0	9.77517	0	9.77517	0	9.77517	0
9.77517	0	9.77517	0	9.77517	0	9.77517	0	9.77517	0	9.77517	0	9.77517	0	9.77517	0	9.77517	0	9.77517	0	9.77517	0	9.77517	0	9.77517	0	9.77517	0	9.77517	0	9.77517	0	9.77518	0	9.7752	0	9.77517	0	9.77517	0	9.77517	0	9.77517	0	9.77517	0	9.77517	0	9.77517	0
9.77517	0	9.77517	0	9.77517	0	9.77517	0	9.77517	0	9.77517	0	9.77517	0	9.77517	0	9.77517	0	9.77517	0	9.77517	0	9.77517	0	9.77517	0	9.77517	0	9.77517	0	9.77517	0	9.77518	0	9.7752	0	9.77517	0	9.77517	0	9.77517	0	9.77517	0	9.77517	0	9.77517	0	9.77517	0
9.77517	0	9.77517	0	9.77517	0	9.77517	0	9.77517	0	9.77517	0	9.77517	0	9.77517	0	9.77517	0	9.77517	0	9.77517	0	9.77517	0	9.77517	0	9.77517	0	9.77517	0	9.77517	0	9.77518	0	9.7752	0	9.77517	0	9.77517	0	9.77517	0	9.77517	0	9.77517	0	9.77517	0	9.77517	0
9.77517	0	9.77517	0	9.77517	0	9.77517	0	9.77517	0	9.77517	0	9.77517	0	9.77517	0	9.77517	0	9.77517	0	9.77517	0	9.77517	0	9.77517	0	9.77517	0	9.77517	0	9.77517	0	9.77518	0	9.7752	0	9.77517	0	9.77517	0	9.77517	0	9.77517	0	9.77517	0	9.77517	0	9.77517	0
9.77517	0	9.77517	0	9.77517	0	9.77517	0	9.77517	0	9.77517	0	9.77517	0	9.77517	0	9.77517	0	9.77517	0	9.77517	0	9.77517	0	9.77517	0	9.77517	0	9.77517	0	9.77517	0	9.77518	0	9.7752	0	9.77517	0	9.77517	0	9.77517	0	9.77517	0	9.77517	0	9.77517	0	9.77517	0
9.77517	0	9.77517	0	9.77517	0	9.77517	0	9.77517	0	9.77517	0	9.77517	0	9.77517	0	9.77517	0	9.77517	0	9.77517	0	9.77517	0	9.77517	0	9.77517	0	9.77517	0	9.77517	0	9.77518	0	9.7752	0	9.77517	0	9.77517	0	9.77517	0	9.77517	0	9.77517	0	9.77517	0	9.77517	0
9.77517	0	9.77517	0	9.77517	0	9.77517	0	9.77517	0	9.77517	0	9.77517	0	9.77517	0	9.77517	0	9.77517	0	9.77517	0	9.77517	0	9.77517	0	9.77517	0	9.77517	0	9.77517	0	9.77518	0	9.7752	0	9.77517	0	9.77517	0	9.77517	0	9.77517	0	9.77517	0	9.77517	0	9.77517	0
9.77517	0	9.77517	0	9.77517	0	9.77517	0	9.77517	0	9.77517	0	9.77517	0	9.77517	0	9.77517	0	9.77517	0	9.77517	0	9.77517	0	9.77517	0	9.77517	0	9.77517	0	9.77517	0	9.77518	0	9.7752	0	9.77517	0	9.77517	0	9.77517	0	9.77517	0	9.77517	0	9.77517	0	9.77517	0
9.77517	0	9.77517	0	9.77517	0	9.77517	0	9.77517	0	9.77517	0	9.77517	0	9.77517	0	9.77517	0	9.77517	0	9.77517	0	9.77517	0	9.77517	0	9.77517	0	9.77517	0	9.77517	0	9.77518	0	9.7752	0	9.77517	0	9.77517	0	9.77517	0	9.77517	0	9.77517	0	9.77517	0	9.77517	0
9.77517	0	9.77517	0	9.77517	0	9.77517	0	9.77517	0	9.77517	0	9.77517	0	9.77517	0	9.77517	0	9.77517	0	9.77517	0	9.77517	0	9.77517	0	9.77517	0	9.77517	0	9.77517	0	9.77518	0	9.7752	0	9.77517	0	9.77517	0	9.77517	0	9.77517	0	9.77517	0	9.77517	0	9.77517	0
9.77517	0	9.77517	0	9.77517	0	9.77517	0	9.77517	0	9.77517	0	9.77517	0	9.77517	0	9.77517	0	9.77517	0	9.77517	0	9.77517	0	9.77517	0	9.77517	0	9.77517	0	9.77517	0	9.77518	0	9.7752	0	9.77517	0	9.77517	0	9.77517	0	9.77517	0	9.77517	0	9.77517	0	9.77517	0
9.77517	0	9.77517	0	9.77517	0	9.77517	0	9.77517	0	9.77517	0	9.77517	0	9.77517	0	9.77517	0	9.77517	0	9.77517	0	9.77517	0	9.77517	0	9.77517	0	9.77517	0	9.77517	0	9.77518	0	9.7752	0	9.77517	0	9.77517	0	9.77517	0	9.77517	0	9.77517	0	9.77517	0	9.77517	0
9.77517	0	9.77517	0	9.77517	0	9.77517	0	9.77517	0	9.77517	0	9.77517	0	9.77517	0	9.77517	0	9.77517	0	9.77517	0	9.77517	0	9.77517	0	9.77517	0	9.77517	0	9.77517	0	9.77518	0	9.7752	0	9.77517	0	9.77517	0	9.77517	0	9.77517	0	9.77517	0	9.77517	0	9.77517	0
9.77517	0	9.77517	0	9.77517	0	9.77517	0	9.77517	0	9.77517	0	9.77517	0	9.77517	0	9.77517	0	9.77517	0	9.77517	0	9.77517	0	9.77517	0	9.77517	0	9.77517	0	9.77517	0	9.77518	0	9.7752	0	9.77517	0	9.77517	0	9.77517	0	9.77517	0	9.77517	0	9.77517	0	9.77517	0
9.77517	0	9.77517	0	9.77517	0	9.77517	0	9.77517	0	9.77517	0	9.77517	0	9.77517	0	9.77517	0	9.77517	0	9.77517	0	9.77517	0	9.77517	0	9.77517	0	9.77517	0	9.77517	0	9.77518	0	9.7752	0	9.77517	0	9.77517	0	9.77517	0	9.77517	0	9.77517	0	9.77517	0	9.77517	0
9.77517	0	9.77517	0	9.77517	0	9.77517	0	9.77517	0	9.77517	0	9.77517	0	9.77517	0	9.77517	0	9.77517	0	9.77517	0	9.77517	0	9.77517	0	9.77517	0	9.77517	0	9.77517	0	9.77518	0	9.7752	0	9.77517	0	9.77517	0	9.77517	0	9.77517	0	9.77517	0	9.77517	0	9.77517	0
9.77517	0	9.77517	0	9.77517	0	9.77517	0	9.77517	0	9.77517	0	9.77517	0	9.77517	0	9.77517	0	9.77517	0	9.77517	0	9.77517	0	9.77517	0	9.77517	0	9.77517	0	9.77517	0	9.77518	0	9.7752	0	9.77517	0	9.77517	0	9.77517	0	9.77517	0	9.77517	0	9.77517	0	9.77517	0
9.77517	0	9.77517	0	9.77517	0	9.77517	0	9.77517	0	9.77517	0	9.77517	0	9.77517	0	9.77517	0	9.77517	0	9.77517	0	9.77517	0	9.77517	0	9.77517	0	9.77517	0	9.77517	0	9.77518	0	9.7752	0	9.77517	0	9.77517	0	9.77517	0	9.77517	0	9.77517	0	9.77517	0	9.77517	0
9.77517	0	9.77517	0	9.77517	0	9.77517	0	9.77517	0	9.77517	0	9.77517	0	9.77517	0	9.77517	0	9.77517	0	9.77517	0	9.77517	0	9.77517	0	9.77517	0	9.77517	0	9.77517	0	9.77518	0	9.7752	0	9.77517	0	9.77517	0	9.77517	0	9.77517	0	9.77517	0	9.77517	0	9.77517	0
9.77517	0	9.77517	0	9.77517	0	9.77517	0	9.77517	0	9.77517	0	9.77517	0	9.77517	0	9.77517	0	9.77517	0	9.77517	0	9.77517	0	9.77517	0	9.77517	0	9.77517	0	9.77517	0	9.77518	0	9.7752	0	9.77517	0	9.77517	0	9.77517	0	9.77517	0	9.77517	0	9.77517	0	9.77517	0
9.77517	0	9.77517	0	9.77517	0	9.77517	0	9.77517	0	9.77517	0	9.77517	0	9.77517	0	9.77517	0	9.77517	0	9.77517	0	9.77517	0	9.77517	0	9.77517	0	9.77517	0	9.77517	0	9.77518	0	9.7752	0	9.77517	0	9.77517	0	9.77517	0	9.77517	0	9.77517	0	9.77517	0	9.77517	0
9.77517	0	9.77517	0	9.77517	0	9.77517	0	9.77517	0	9.77517	0	9.77517	0	9.77517	0	9.77517	0	9.77517	0	9.77517	0	9.77517	0	9.77517	0	9.77517	0	9.77517	0	9.77517	0	9.77518	0	9.7752	0	9.77517	0	9.77517	0	9.77517	0	9.77517	0	9.77517	0	9.77517	0	9.77517	0
9.77517	0	9.77517	0	9.77517	0	9.77517	0	9.77517	0	9.77517	0	9.77517	0	9.77517	0	9.77517	0	9.77517	0	9.77517	0	9.77517	0	9.77517	0	9.77517	0	9.77517	0	9.77517	0	9.77518	0	9.7752	0	9.77517	0	9.77517	0	9.77517	0	9.77517	0	9.77517	0	9.77517	0	9.77517	0
9.77517	0	9.77517	0	9.77517	0	9.77517	0	9.77517	0	9.77517	0	9.77517	0	9.77517	0	9.77517	0	9.77517	0	9.77517	0	9.77517	0	9.77517	0	9.77517	0	9.77517	0	9.77517	0	9.77518	0	9.7752	0	9.77517	0	9.77517	0	9.77517	0	9.77517	0	9.77517	0	9.77517	0	9.77517	0
9.77517	0	9.77517	0	9.77517	0	9.77517	0	9.77517	0	9.77517	0	9.77517	0	9.77517	0	9.77517	0	9.77517	0	9.77517	0	9.77517	0	9.77517	0	9.77517	0	9.77517	0	9.77517	0	9.77518	0	9.7752	0	9.77517	0	9.77517	0	9.77517	0	9.77517	0	9.77517	0	9.77517	0	9.77517	0
9.77517	0	9.77517	0	9.77517	0	9.77517	0	9.77517	0	9.77517	0	9.77517	0	9.77517	0	9.77517	0	9.77517	0	9.77517	0	9.77517	0	9.77517	0	9.77517	0	9.77517	0	9.77517	0	9.77518	0	9.7752	0	9.77517	0	9.77517	0	9.77517	0	9.77517	0	9.77517	0	9.77517	0	9.77517	0
9.77517	0	9.77517	0	9.77517	0	9.77517	0	9.77517	0	9.77517	0	9.77517	0	9.77517	0	9.77517	0	9.77517	0	9.77517	0	9.77517	0	9.77517	0	9.77517	0	9.77517	0	9.77517	0	9.77518	0	9.7752	0	9.77517	0	9.77517	0	9.77517	0	9.77517	0	9.77517	0	9.77517	0	9.77517	0
9.77517	0	9.77517	0	9.77517	0	9.77517	0	9.77517	0	9.77517	0	9.77517	0	9.77517	0	9.77517	0	9.77517	0	9.77517	0	9.77517	0	9.77517	0	9.77517	0	9.77517	0	9.77517	0	9.77518	0	9.7752	0	9.77517	0	9.77517	0	9.77517	0	9.77517	0	9.77517	0	9.77517	0	9.77517	0
9.77517	0	9.77517	0	9.77517	0	9.77517	0	9.77517	0	9.77517	0	9.77517	0	9.77517	0	9.77517	0	9.77517	0	9.77517	0	9.77517	0	9.77517	0	9.77517	0	9.77517	0	9.77517	0	9.77518	0	9.7752	0	9.77517	0	9.77517	0	9.77517	0	9.77517	0	9.77517	0	9.77517	0	9.77517	0
9.77517	0	9.77517	0	9.77517	0	9.77517	0	9.77517	0	9.77517	0	9.77517	0	9.77517	0	9.77517	0	9.77517	0	9.77517	0	9.77517	0	9.77517	0	9.77517	0	9.77517	0	9.77517	0	9.77518	0	9.7752	0	9.77517	0	9.77517	0	9.77517	0	9.77517	0	9.77517	0	9.77517	0	9.77517	0
9.77517	0	9.77517	0	9.77517	0	9.77517	0	9.77517	0	9.77517	0	9.77517	0	9.77517	0	9.77517	0	9.77517	0	9.77517	0	9.77517	0	9.77517	0	9.77517	0	9.77517	0	9.77517	0	9.77518	0	9.7752	0	9.77517	0	9.77517	0	9.77517	0	9.77517	0	9.77517	0	9.77517	0	9.77517	0
9.77517	0	9.77517	0	9.77517	0	9.77517	0	9.77517	0	9.77517	0	9.77517	0	9.77517	0	9.77517	0	9.77517	0	9.77517	0	9.77517	0	9.77517	0	9.77517	0	9.77517	0	9.77517	0	9.77518	0	9.7752	0	9.77517	0	9.77517	0	9.77517	0	9.77517	0	9.77517	0	9.77517	0	9.77517	0
9.77517	0	9.77517	0	9.77517	0	9.77517	0	9.77517	0	9.77517	0	9.77517	0	9.77517	0	9.77517	0	9.77517	0	9.77517	0	9.77517	0	9.77517	0	9.77517	0	9.77517	0	9.77517	0	9.77518	0	9.7752	0	9.77517	0	9.77517	0	9.77517	0	9.77517	0	9.77517	0	9.77517	0	9.77517	0
9.77517	0	9.77517	0	9.77517	0	9.77517	0	9.77517	0	9.77517	0	9.77517	0	9.77517	0	9.77517	0	9.77517	0	9.77517	0	9.77517	0	9.77517	0	9.77517	0	9.77517	0	9.77517	0	9.77518	0	9.7752	0	9.77517	0	9.77517	0	9.77517	0	9.77517	0	9.77517	0	9.77517	0	9.77517	0
9.77517	0	9.77517	0	9.77517	0	9.77517	0	9.77517	0	9.77517	0	9.77517	0	9.77517	0	9.77517	0	9.77517	0	9.77517	0	9.77517	0	9.77517	0	9.77517	0	9.77517	0	9.77517	0	9.77518	0	9.7752	0	9.77517	0	9.77517	0	9.77517	0	9.77517	0	9.77517	0	9.77517	0	9.77517	0
9.77517	0	9.77517	0	9.77517	0	9.77517	0	9.77517	0	9.77517	0	9.77517	0	9.77517	0	9.77517	0	9.77517	0	9.77517	0	9.77517	0	9.77517	0	9.77517	0	9.77517	0	9.77517	0	9.77518	0	9.7752	0	9.77517	0	9.77517	0	9.77517	0	9.77517	0	9.77517	0	9.77517	0	9.77517	0
9.77517	0	9.77517	0	9.77517	0	9.77517	0	9.77517	0	9.77517	0	9.77517	0	9.77517	0	9.77517	0	9.77517	0	9.77517	0	9.77517	0	9.77517	0	9.77517	0	9.77517	0	9.77517	0	9.77518	0	9.7752	0	9.77517	0	9.77517	0	9.77517	0	9.77517	0	9.77517	0	9.77517	0	9.77517	0
9.77517	0	9.77517	0	9.77517	0	9.77517	0	9.77517	0	9.77517	0	9.77517	0	9.77517	0	9.77517	0	9.77517	0	9.77517	0	9.77517	0	9.77517	0	9.77517	0	9.77517	0	9.77517	0	9.77518	0	9.7752	0	9.77517	0	9.77517	0	9.77517	0	9.77517	0	9.77517	0	9.77517	0	9.77517	0
9.77517	0	9.77517	0	9.77517	0	9.77517	0	9.77517	0	9.77517	0	9.77517	0	9.77517	0	9.77517	0	9.77517	0	9.77517	0	9.77517	0	9.77517	0	9.77517	0	9.77517	0	9.77517	0	9.77518	0	9.7752	0	9.77517	0	9.77517	0	9.77517	0	9.77517	0	9.77517	0	9.77517	0	9.77517	0
9.77517	0	9.77517	0	9.77517	0	9.77517	0	9.77517	0	9.77517	0	9.77517	0	9.77517	0	9.77517	0	9.77517	0	9.77517	0	9.77517	0	9.77517	0	9.77517	0	9.77517	0	9.77517	0	9.77518	0	9.7752	0	9.77517	0	9.77517	0	9.77517	0	9.77517	0	9.77517	0	9.77517	0	9.77517	0
9.77517	0	9.77517	0	9.77517	0	9.77517	0	9.77517	0	9.77517	0	9.77517	0	9.77517	0	9.77517	0	9.77517	0	9.77517	0	9.77517	0	9.77517	0	9.77517	0	9.77517	0	9.77517	0	9.77518	0	9.7752	0	9.77517	0	9.77517	0	9.77517	0	9.77517	0	9.77517	0	9.77517	0	9.77517	0
9.77517	0	9.77517	0	9.77517	0	9.77517	0	9.77517	0	9.77517	0	9.77517	0	9.77517	0	9.77517	0	9.77517	0	9.77517	0	9.77517	0	9.77517	0	9.77517	0	9.77517	0	9.77517	0	9.77518	0	9.7752	0	9.77517	0	9.77517	0	9.77517	0	9.77517	0	9.77517	0	9.77517	0	9.77517	0
9.77517	0	9.77517	0	9.77517	0	9.77517	0	9.77517	0	9.77517	0	9.77517	0	9.77517	0	9.77517	0	9.77517	0	9.77517	0	9.77517	0	9.77517	0	9.77517	0	9.77517	0	9.77517	0	9.77518	0	9.7752	0	9.77517	0	9.77517	0	9.77517	0	9.77517	0	9.77517	0	9.77517	0	9.77517	0
9.77517	0	9.77517	0	9.77517	0	9.77517	0	9.77517	0	9.77517	0	9.77517	0	9.77517	0	9.77517	0	9.77517	0	9.77517	0	9.77517	0	9.77517	0	9.77517	0	9.77517	0	9.77517	0	9.77518	0	9.7752	0	9.77517	0	9.77517	0	9.77517	0	9.77517	0	9.77517	0	9.77517	0	9.77517	0
9.77517	0	9.77517	0	9.77517	0	9.77517	0	9.77517	0	9.77517	0	9.77517	0	9.77517	0	9.77517	0	9.77517	0	9.77517	0	9.77517	0	9.77517	0	9.77517	0	9.77517	0	9.77517	0	9.77518	0	9.7752	0	9.77517	0	9.77517	0	9.77517	0	9.77517	0	9.77517	0	9.77517	0	9.77517	0
9.77517	0	9.77517	0	9.77517	0	9.77517	0	9.77517	0	9.77517	0	9.77517	0	9.77517	0	9.77517	0	9.77517	0	9.77517	0	9.77517	0	9.77517	0	9.77517	0	9.77517	0	9.77517	0	9.77518	0	9.7752	0	9.77517	0	9.77517	0	9.77517	0	9.77517	0	9.77517	0	9.77517	0	9.77517	0
9.77517	0	9.77517	0	9.77517	0	9.77517	0	9.77517	0	9.77517	0	9.77517	0	9.77517	0	9.77517	0	9.77517	0	9.77517	0	9.77517	0	9.77517	0	9.77517	0	9.77517	0	9.77517	0	9.77518	0	9.7752	0	9.77517	0	9.77517	0	9.77517	0	9.77517	0	9.77517	0	9.77517	0	9.77517	0
9.77517	0	9.77517	0	9.77517	0	9.77517	0	9.77517	0	9.77517	0	9.77517	0	9.77517	0	9.77517	0	9.77517	0	9.77517	0	9.77517	0	9.77517	0	9.77517	0	9.77517	0	9.77517	0	9.77518	0	9.7752	0	9.77517	0	9.77517	0	9.77517	0	9.77517	0	9.77517	0	9.77517	0	9.77517	0
9.77517	0	9.77517	0	9.77517	0	9.77517	0	9.77517	0	9.77517	0	9.77517	0	9.77517	0	9.77517	0	9.77517	0	9.77517	0	9.77517	0	9.77517	0	9.77517	0	9.77517	0	9.77517	0	9.77518	0	9.7752	0	9.77517	0	9.77517	0	9.77517	0	9.77517	0	9.77517	0	9.77517	0	9.77517	0
9.77517	0	9.77517	0	9.77517	0	9.77517	0	9.77517	0	9.77517	0	9.77517	0	9.77517	0	9.77517	0	9.77517	0	9.77517	0	9.77517	0	9.77517	0	9.77517	0	9.77517	0	9.77517	0	9.77518	0	9.7752	0	9.77517	0	9.77517	0	9.77517	0	9.77517	0	9.77517	0	9.77517	0	9.77517	0
9.77517	0	9.77517	0	9.77517	0	9.77517	0	9.77517	0	9.77517	0	9.77517	0	9.77517	0	9.77517	0	9.77517	0	9.77517	0	9.77517	0	9.77517	0	9.77517	0	9.77517	0	9.77517	0	9.77518	0	9.7752	0	9.77517	0	9.77517	0	9.77517	0	9.77517	0	9.77517	0	9.77517	0	9.77517	0
9.77517	0	9.77517	0	9.77517	0	9.77517	0	9.77517	0	9.77517	0	9.77517	0	9.77517	0	9.77517	0	9.77517	0	9.77517	0	9.77517	0	9.77517	0	9.77517	0	9.77517	0	9.77517	0	9.77518	0	9.7752	0	9.77517	0	9.77517	0	9.77517	0	9.77517	0	9.77517	0	9.77517	0	9.77517	0
9.77517	0	9.77517	0	9.77517	0	9.77517	0	9.77517	0	9.77517	0	9.77517	0	9.77517	0	9.77517	0	9.77517	0	9.77517	0	9.77517	0	9.77517	0	9.77517	0	9.77517	0	9.77517	0	9.77518	0	9.7752	0	9.77517	0	9.77517	0	9.77517	0	9.77517	0	9.77517	0	9.77517	0	9.77517	0
9.77517	0	9.77517	0	9.77517	0	9.77517	0	9.77517	0	9.77517	0	9.77517	0	9.77517	0	9.77517	0	9.77517	0	9.77517	0	9.77517	0	9.77517	0	9.77517	0	9.77517	0	9.77517	0	9.77518	0	9.7752	0	9.77517	0	9.77517	0	9.77517	0	9.77517	0	9.77517	0	9.77517	0	9.77517	0
9.77517	0	9.77517	0	9.77517	0	9.77517	0	9.77517	0	9.77517	0	9.77517	0	9.77517	0	9.77517	0	9.77517	0	9.77517	0	9.77517	0	9.77517	0	9.77517	0	9.77517	0	9.77517	0	9.77518	0	9.7752	0	9.77517	0	9.77517	0	9.77517	0	9.77517	0	9.77517	0	9.77517	0	9.77517	0
9.77517	0	9.77517	0	9.77517	0	9.77517	0	9.77517	0	9.77517	0	9.77517	0	9.77517	0	9.77517	0	9.77517	0	9.77517	0	9.77517	0	9.77517	0	9.77517	0	9.77517	0	9.77517	0	9.77518	0	9.7752	0	9.77517	0	9.77517	0	9.77517	0	9.77517	0	9.77517	0	9.77517	0	9.77517	0
9.77517	0	9.77517	0	9.77517	0	9.77517	0	9.77517	0	9.77517	0	9.77517	0	9.77517	0	9.77517	0	9.77517	0	9.77517	0	9.77517	0	9.77517	0	9.77517	0	9.77517	0	9.77517	0	9.77518	0	9.7752	0	9.77517	0	9.77517	0	9.77517	0	9.77517	0	9.77517	0	9.77517	0	9.77517	0
9.77517	0	9.77517	0	9.77517	0	9.77517	0	9.77517	0	9.77517	0	9.77517	0	9.77517	0	9.77517	0	9.77517	0	9.77517	0	9.77517	0	9.77517	0	9.77517	0	9.77517	0	9.77517	0	9.77518	0	9.7752	0	9.77517	0	9.77517	0	9.77517	0	9.77517	0	9.77517	0	9.77517	0	9.77517	0
9.77517	0	9.77517	0	9.77517	0	9.77517	0	9.77517	0	9.77517	0	9.77517	0	9.77517	0	9.77517	0	9.77517	0	9.77517	0	9.77517	0	9.77517	0	9.77517	0	9.77517	0	9.77517	0	9.77518	0	9.7752	0	9.77517	0	9.77517	0	9.77517	0	9.77517	0	9.77517	0	9.77517	0	9.77517	0
9.77517	0	9.77517	0	9.77517	0	9.77517	0	9.77517	0	9.77517	0	9.77517	0	9.77517	0	9.77517	0	9.77517	0	9.77517	0	9.77517	0	9.77517	0	9.77517	0	9.77517	0	9.77517	0	9.77518	0	9.7752	0	9.77517	0	9.77517	0	9.77517	0	9.77517	0	9.77517	0	9.77517	0	9.77517	0
9.77517	0	9.77517	0	9.77517	0	9.77517	0	9.77517	0	9.77517	0	9.77517	0	9.77517	0	9.77517	0	9.77517	0	9.77517	0	9.77517	0	9.77517	0	9.77517	0	9.77517	0	9.77517	0	9.77518	0	9.7752	0	9.77517	0	9.77517	0	9.77517	0	9.77517	0	9.77517	0	9.77517	0	9.77517	0
9.77517	0	9.77517	0	9.77517	0	9.77517	0	9.77517	0	9.77517	0	9.77517	0	9.77517	0	9.77517	0	9.77517	0	9.77517	0	9.77517	0	9.77517	0	9.77517	0	9.77517	0	9.77517	0	9.77518	0	9.7752	0	9.77517	0	9.77517	0	9.77517	0	9.77517	0	9.77517	0	9.77517	0	9.77517	0
9.77517	0	9.77517	0	9.77517	0	9.77517	0	9.77517	0	9.77517	0	9.77517	0	9.77517	0	9.77517	0	9.77517	0	9.77517	0	9.77517	0	9.77517	0	9.77517	0	9.77517	0	9.77517	0	9.77518	0	9.7752	0	9.77517	0	9.77517	0	9.77517	0	9.77517	0	9.77517	0	9.77517	0	9.77517	0
9.77517	0	9.77517	0	9.77517	0	9.77517	0	9.77517	0	9.77517	0	9.77517	0	9.77517	0	9.77517	0	9.77517	0	9.77517	0	9.77517	0	9.77517	0	9.77517	0	9.77517	0	9.77517	0	9.77518	0	9.7752	0	9.77517	0	9.77517	0	9.77517	0	9.77517	0	9.77517	0	9.77517	0	9.77517	0
9.77517	0	9.77517	0	9.77517	0	9.77517	0	9.77517	0	9.77517	0	9.77517	0	9.77517	0	9.77517	0	9.77517	0	9.77517	0	9.77517	0	9.77517	0	9.77517	0	9.77517	0	9.77517	0	9.77518	0	9.7752	0	9.77517	0	9.77517	0	9.77517	0	9.77517	0	9.77517	0	9.77517	0	9.77517	0
9.77517	0	9.77517	0	9.77517	0	9.77517	0	9.77517	0	9.77517	0	9.77517	0	9.77517	0	9.77517	0	9.77517	0	9.77517	0	9.77517	0	9.77517	0	9.77517	0	9.77517	0	9.77517	0	9.77518	0	9.7752	0	9.77517	0	9.77517	0	9.77517	0	9.77517	0	9.77517	0	9.77517	0	9.77517	0
9.77517	0	9.77517	0	9.77517	0	9.77517	0	9.77517	0	9.77517	0	9.77517	0	9.77517	0	9.77517	0	9.77517	0	9.77517	0	9.77517	0	9.77517	0	9.77517	0	9.77517	0	9.77517	0	9.77518	0	9.7752	0	9.77517	0	9.77517	0	9.77517	0	9.77517	0	9.77517	0	9.77517	0	9.77517	0
9.77517	0	9.77517	0	9.77517	0	9.77517	0	9.77517	0	9.77517	0	9.77517	0	9.77517	0	9.77517	0	9.77517	0	9.77517	0	9.77517	0	9.77517	0	9.77517	0	9.77517	0	9.77517	0	9.77518	0	9.7752	0	9.77517	0	9.77517	0	9.77517	0	9.77517	0	9.77517	0	9.77517	0	9.77517	0
9.77517	0	9.77517	0	9.77517	0	9.77517	0	9.77517	0	9.77517	0	9.77517	0	9.77517	0	9.77517	0	9.77517	0	9.77517	0	9.77517	0	9.77517	0	9.77517	0	9.77517	0	9.77517	0	9.77518	0	9.7752	0	9.77517	0	9.77517	0	9.77517	0	9.77517	0	9.77517	0	9.77517	0	9.77517	0
9.77517	0	9.77517	0	9.77517	0	9.77517	0	9.77517	0	9.77517	0	9.77517	0	9.77517	0	9.77517	0	9.77517	0	9.77517	0	9.77517	0	9.77517	0	9.77517	0	9.77517	0	9.77517	0	9.77518	0	9.7752	0	9.77517	0	9.77517	0	9.77517	0	9.77517	0	9.77517	0	9.77517	0	9.77517	0
9.77517	0	9.77517	0	9.77517	0	9.77517	0	9.77517	0	9.77517	0	9.77517	0	9.77517	0	9.77517	0	9.77517	0	9.77517	0	9.77517	0	9.77517	0	9.77517	0	9.77517	0	9.77517	0	9.77518	0	9.7752	0	9.77517	0	9.77517	0	9.77517	0	9.77517	0	9.77517	0	9.77517	0	9.77517	0
9.77517	0	9.77517	0	9.77517	0	9.77517	0	9.77517	0	9.77517	0	9.77517	0	9.77517	0	9.77517	0	9.77517	0	9.77517	0	9.77517	0	9.77517	0	9.77517	0	9.77517	0	9.77517	0	9.77518	0	9.7752	0	9.77517	0	9.77517	0	9.77517	0	9.77517	0	9.77517	0	9.77517	0	9.77517	0
9.77517	0	9.77517	0	9.77517	0	9.77517	0	9.77517	0	9.77517	0	9.77517	0	9.77517	0	9.77517	0	9.77517	0	9.77517	0	9.77517	0	9.77517	0	9.77517	0	9.77517	0	9.77517	0	9.77518	0	9.7752	0	9.77517	0	9.77517	0	9.77517	0	9.77517	0	9.77517	0	9.77517	0	9.77517	0
9.77517	0	9.77517	0	9.77517	0	9.77517	0	9.77517	0	9.77517	0	9.77517	0	9.77517	0	9.77517	0	9.77517	0	9.77517	0	9.77517	0	9.77517	0	9.77517	0	9.77517	0	9.77517	0	9.77518	0	9.7752	0	9.77517	0	9.77517	0	9.77517	0	9.77517	0	9.77517	0	9.77517	0	9.77517	0
9.77517	0	9.77517	0	9.77517	0	9.77517	0	9.77517	0	9.77517	0	9.77517	0	9.77517	0	9.77517	0	9.77517	0	9.77517	0	9.77517	0	9.77517	0	9.77517	0	9.77517	0	9.77517	0	9.77518	0	9.7752	0	9.77517	0	9.77517	0	9.77517	0	9.77517	0	9.77517	0	9.77517	0	9.77517	0
9.77517	0	9.77517	0	9.77517	0	9.77517	0	9.77517	0	9.77517	0	9.77517	0	9.77517	0	9.77517	0	9.77517	0	9.77517	0	9.77517	0	9.77517	0	9.77517	0	9.77517	0	9.77517	0	9.77518	0	9.7752	0	9.77517	0	9.77517	0	9.77517	0	9.77517	0	9.77517	0	9.77517	0	9.77517	0
9.77517	0	9.77517	0	9.77517	0	9.77517	0	9.77517	0	9.77517	0	9.77517	0	9.77517	0	9.77517	0	9.77517	0	9.77517	0	9.77517	0	9.77517	0	9.77517	0	9.77517	0	9.77517	0	9.77518	0	9.7752	0	9.77517	0	9.77517	0	9.77517	0	9.77517	0	9.77517	0	9.77517	0	9.77517	0
9.77517	0	9.77517	0	9.77517	0	9.77517	0	9.77517	0	9.77517	0	9.77517	0	9.77517	0	9.77517	0	9.77517	0	9.77517	0	9.77517	0	9.77517	0	9.77517	0	9.77517	0	9.77517	0	9.77518	0	9.7752	0	9.77517	0	9.77517	0	9.77517	0	9.77517	0	9.77517	0	9.77517	0	9.77517	0
9.77517	0	9.77517	0	9.77517	0	9.77517	0	9.77517	0	9.77517	0	9.77517	0	9.77517	0	9.77517	0	9.77517	0	9.77517	0	9.77517	0	9.77517	0	9.77517	0	9.77517	0	9.77517	0	9.77518	0	9.7752	0	9.77517	0	9.77517	0	9.77517	0	9.77517	0	9.77517	0	9.77517	0	9.77517	0
9.77517	0	9.77517	0	9.77517	0	9.77517	0	9.77517	0	9.77517	0	9.77517	0	9.77517	0	9.77517	0	9.77517	0	9.77517	0	9.77517	0	9.77517	0	9.77517	0	9.77517	0	9.77517	0	9.77518	0	9.7752	0	9.77517	0	9.77517	0	9.77517	0	9.77517	0	9.77517	0	9.77517	0	9.77517	0
9.77517	0	9.77517	0	9.77517	0	9.77517	0	9.77517	0	9.77517	0	9.77517	0	9.77517	0	9.77517	0	9.77517	0	9.77517	0	9.77517	0	9.77517	0	9.77517	0	9.77517	0	9.77517	0	9.77518	0	9.7752	0	9.77517	0	9.77517	0	9.77517	0	9.77517	0	9.77517	0	9.77517	0	9.77517	0
9.77517	0	9.77517	0	9.77517	0	9.77517	0	9.77517	0	9.77517	0	9.77517	0	9.77517	0	9.77517	0	9.77517	0	9.77517	0	9.77517	0	9.77517	0	9.77517	0	9.77517	0	9.77517	0	9.77518	0	9.7752	0	9.77517	0	9.77517	0	9.77517	0	9.77517	0	9.77517	0	9.77517	0	9.77517	0
9.77517	0	9.77517	0	9.77517	0	9.77517	0	9.77517	0	9.77517	0	9.77517	0	9.77517	0	9.77517	0	9.77517	0	9.77517	0	9.77517	0	9.77517	0	9.77517	0	9.77517	0	9.77517	0	9.77518	0	9.7752	0	9.77517	0	9.77517	0	9.77517	0	9.77517	0	9.77517	0	9.77517	0	9.77517	0
9.77517	0	9.77517	0	9.77517	0	9.77517	0	9.77517	0	9.77517	0	9.77517	0	9.77517	0	9.77517	0	9.77517	0	9.77517	0	9.77517	0	9.77517	0	9.77517	0	9.77517	0	9.77517	0	9.77518	0	9.7752	0	9.77517	0	9.77517	0	9.77517	0	9.77517	0	9.77517	0	9.77517	0	9.77517	0
9.77517	0	9.77517	0	9.77517	0	9.77517	0	9.77517	0	9.77517	0	9.77517	0	9.77517	0	9.77517	0	9.77517	0	9.77517	0	9.77517	0	9.77517	0	9.77517	0	9.77517	0	9.77517	0	9.77518	0	9.7752	0	9.77517	0	9.77517	0	9.77517	0	9.77517	0	9.77517	0	9.77517	0	9.77517	0
9.77517	0	9.77517	0	9.77517	0	9.77517	0	9.77517	0	9.77517	0	9.77517	0	9.77517	0	9.77517	0	9.77517	0	9.77517	0	9.77517	0	9.77517	0	9.77517	0	9.77517	0	9.77517	0	9.77518	0	9.7752	0	9.77517	0	9.77517	0	9.77517	0	9.77517	0	9.77517	0	9.77517	0	9.77517	0
9.77517	0	9.77517	0	9.77517	0	9.77517	0	9.77517	0	9.77517	0	9.77517	0	9.77517	0	9.77517	0	9.77517	0	9.77517	0	9.77517	0	9.77517	0	9.77517	0	9.77517	0	9.77517	0	9.77518	0	9.7752	0	9.77517	0	9.77517	0	9.77517	0	9.77517	0	9.77517	0	9.77517	0	9.77517	0
9.77517	0	9.77517	0	9.77517	0	9.77517	0	9.77517	0	9.77517	0	9.77517	0	9.77517	0	9.77517	0	9.77517	0	9.77517	0	9.77517	0	9.77517	0	9.77517	0	9.77517	0	9.77517	0	9.77518	0	9.7752	0	9.77517	0	9.77517	0	9.77517	0	9.77517	0	9.77517	0	9.77517	0	9.77517	0
9.77517	0	9.77517	0	9.77517	0	9.77517	0	9.77517	0	9.77517	0	9.77517	0	9.77517	0	9.77517	0	9.77517	0	9.77517	0	9.77517	0	9.77517	0	9.77517	0	9.77517	0	9.77517	0	9.77518	0	9.7752	0	9.77517	0	9.77517	0	9.77517	0	9.77517	0	9.77517	0	9.77517	0	9.77517	0
9.77517	0	9.77517	0	9.77517	0	9.77517	0	9.77517	0	9.77517	0	9.77517	0	9.77517	0	9.77517	0	9.77517	0	9.77517	0	9.77517	0	9.77517	0	9.77517	0	9.77517	0	9.77517	0	9.77518	0	9.7752	0	9.77517	0	9.77517	0	9.77517	0	9.77517	0	9.77517	0	9.77517	0	9.77517	0
9.77517	0	9.77517	0	9.77517	0	9.77517	0	9.77517	0	9.77517	0	9.77517	0	9.77517	0	9.77517	0	9.77517	0	9.77517	0	9.77517	0	9.77517	0	9.77517	0	9.77517	0	9.77517	0	9.77518	0	9.7752	0	9.77517	0	9.77517	0	9.77517	0	9.77517	0	9.77517	0	9.77517	0	9.77517	0
9.77517	0	9.77517	0	9.77517	0	9.77517	0	9.77517	0	9.77517	0	9.77517	0	9.77517	0	9.77517	0	9.77517	0	9.77517	0	9.77517	0	9.77517	0	9.77517	0	9.77517	0	9.77517	0	9.77518	0	9.7752	0	9.77517	0	9.77517	0	9.77517	0	9.77517	0	9.77517	0	9.77517	0	9.77517	0
9.77517	0	9.77517	0	9.77517	0	9.77517	0	9.77517	0	9.77517	0	9.77517	0	9.77517	0	9.77517	0	9.77517	0	9.77517	0	9.77517	0	9.77517	0	9.77517	0	9.77517	0	9.77517	0	9.77518	0	9.7752	0	9.77517	0	9.77517	0	9.77517	0	9.77517	0	9.77517	0	9.77517	0	9.77517	0
9.77517	0	9.77517	0	9.77517	0	9.77517	0	9.77517	0	9.77517	0	9.77517	0	9.77517	0	9.77517	0	9.77517	0	9.77517	0	9.77517	0	9.77517	0	9.77517	0	9.77517	0	9.77517	0	9.77518	0	9.7752	0	9.77517	0	9.77517	0	9.77517	0	9.77517	0	9.77517	0	9.77517	0	9.77517	0
9.77517	0	9.77517	0	9.77517	0	9.77517	0	9.77517	0	9.77517	0	9.77517	0	9.77517	0	9.77517	0	9.77517	0	9.77517	0	9.77517	0	9.77517	0	9.77517	0	9.77517	0	9.77517	0	9.77518	0	9.7752	0	9.77517	0	9.77517	0	9.77517	0	9.77517	0	9.77517	0	9.77517	0	9.77517	0
9.77517	0	9.77517	0	9.77517	0	9.77517	0	9.77517	0	9.77517	0	9.77517	0	9.77517	0	9.77517	0	9.77517	0	9.77517	0	9.77517	0	9.77517	0	9.77517	0	9.77517	0	9.77517	0	9.77518	0	9.7752	0	9.77517	0	9.77517	0	9.77517	0	9.77517	0	9.77517	0	9.77517	0	9.77517	0
9.77517	0	9.77517	0	9.77517	0	9.77517	0	9.77517	0	9.77517	0	9.77517	0	9.77517	0	9.77517	0	9.77517	0	9.77517	0	9.77517	0	9.77517	0	9.77517	0	9.77517	0	9.77517	0	9.77518	0	9.7752	0	9.77517	0	9.77517	0	9.77517	0	9.77517	0	9.77517	0	9.77517	0	9.77517	0
9.77517	0	9.77517	0	9.77517	0	9.77517	0	9.77517	0	9.77517	0	9.77517	0	9.77517	0	9.77517	0	9.77517	0	9.77517	0	9.77517	0	9.77517	0	9.77517	0	9.77517	0	9.77517	0	9.77518	0	9.7752	0	9.77517	0	9.77517	0	9.77517	0	9.77517	0	9.77517	0	9.77517	0	9.77517	0
9.77517	0	9.77517	0	9.77517	0	9.77517	0	9.77517	0	9.77517	0	9.77517	0	9.77517	0	9.77517	0	9.77517	0	9.77517	0	9.77517	0	9.77517	0	9.77517	0	9.77517	0	9.77517	0	9.77518	0	9.7752	0	9.77517	0	9.77517	0	9.77517	0	9.77517	0	9.77517	0	9.77517	0	9.77517	0
9.77517	0	9.77517	0	9.77517	0	9.77517	0	9.77517	0	9.77517	0	9.77517	0	9.77517	0	9.77517	0	9.77517	0	9.77517	0	9.77517	0	9.77517	0	9.77517	0	9.77517	0	9.77517	0	9.77518	0	9.7752	0	9.77517	0	9.77517	0	9.77517	0	9.77517	0	9.77517	0	9.77517	0	9.77517	0
9.77517	0	9.77517	0	9.77517	0	9.77517	0	9.77517	0	9.77517	0	9.77517	0	9.77517	0	9.77517	0	9.77517	0	9.77517	0	9.77517	0	9.77517	0	9.77517	0	9.77517	0	9.77517	0	9.77518	0	9.7752	0	9.77517	0	9.77517	0	9.77517	0	9.77517	0	9.77517	0	9.77517	0	9.77517	0
9.77517	0	9.77517	0	9.77517	0	9.77517	0	9.77517	0	9.77517	0	9.77517	0	9.77517	0	9.77517	0	9.77517	0	9.77517	0	9.77517	0	9.77517	0	9.77517	0	9.77517	0	9.77517	0	9.77518	0	9.7752	0	9.77517	0	9.77517	0	9.77517	0	9.77517	0	9.77517	0	9.77517	0	9.77517	0
9.77517	0	9.77517	0	9.77517	0	9.77517	0	9.77517	0	9.77517	0	9.77517	0	9.77517	0	9.77517	0	9.77517	0	9.77517	0	9.77517	0	9.77517	0	9.77517	0	9.77517	0	9.77517	0	9.77518	0	9.7752	0	9.77517	0	9.77517	0	9.77517	0	9.77517	0	9.77517	0	9.77517	0	9.77517	0
9.77517	0	9.77517	0	9.77517	0	9.77517	0	9.77517	0	9.77517	0	9.77517	0	9.77517	0	9.77517	0	9.77517	0	9.77517	0	9.77517	0	9.77517	0	9.77517	0	9.77517	0	9.77517	0	9.77518	0	9.7752	0	9.77517	0	9.77517	0	9.77517	0	9.77517	0	9.77517	0	9.77517	0	9.77517	0
9.77517	0	9.77517	0	9.77517	0	9.77517	0	9.77517	0	9.77517	0	9.77517	0	9.77517	0	9.77517	0	9.77517	0	9.77517	0	9.77517	0	9.77517	0	9.77517	0	9.77517	0	9.77517	0	9.77518	0	9.7752	0	9.77517	0	9.77517	0	9.77517	0	9.77517	0	9.77517	0	9.77517	0	9.77517	0
9.77517	0	9.77517	0	9.77517	0	9.77517	0	9.77517	0	9.77517	0	9.77517	0	9.77517	0	9.77517	0	9.77517	0	9.77517	0	9.77517	0	9.77517	0	9.77517	0	9.77517	0	9.77517	0	9.77518	0	9.7752	0	9.77517	0	9.77517	0	9.77517	0	9.77517	0	9.77517	0	9.77517	0	9.77517	0
9.77517	0	9.77517	0	9.77517	0	9.77517	0	9.77517	0	9.77517	0	9.77517	0	9.77517	0	9.77517	0	9.77517	0	9.77517	0	9.77517	0	9.77517	0	9.77517	0	9.77517	0	9.77517	0	9.77518	0	9.7752	0	9.77517	0	9.77517	0	9.77517	0	9.77517	0	9.77517	0	9.77517	0	9.77517	0
9.77517	0	9.77517	0	9.77517	0	9.77517	0	9.77517	0	9.77517	0	9.77517	0	9.77517	0	9.77517	0	9.77517	0	9.77517	0	9.77517	0	9.77517	0	9.77517	0	9.77517	0	9.77517	0	9.77518	0	9.7752	0	9.77517	0	9.77517	0	9.77517	0	9.77517	0	9.77517	0	9.77517	0	9.77517	0
9.77517	0	9.77517	0	9.77517	0	9.77517	0	9.77517	0	9.77517	0	9.77517	0	9.77517	0	9.77517	0	9.77517	0	9.77517	0	9.77517	0	9.77517	0	9.77517	0	9.77517	0	9.77517	0	9.77518	0	9.7752	0	9.77517	0	9.77517	0	9.77517	0	9.77517	0	9.77517	0	9.77517	0	9.77517	0
9.77517	0	9.77517	0	9.77517	0	9.77517	0	9.77517	0	9.77517	0	9.77517	0	9.77517	0	9.77517	0	9.77517	0	9.77517	0	9.77517	0	9.77517	0	9.77517	0	9.77517	0	9.77517	0	9.77518	0	9.7752	0	9.77517	0	9.77517	0	9.77517	0	9.77517	0	9.77517	0	9.77517	0	9.77517	0
9.77517	0	9.77517	0	9.77517	0	9.77517	0	9.77517	0	9.77517	0	9.77517	0	9.77517	0	9.77517	0	9.77517	0	9.77517	0	9.77517	0	9.77517	0	9.77517	0	9.77517	0	9.77517	0	9.77518	0	9.7752	0	9.77517	0	9.77517	0	9.77517	0	9.77517	0	9.77517	0	9.77517	0	9.77517	0
9.77517	0	9.77517	0	9.77517	0	9.77517	0	9.77517	0	9.77517	0	9.77517	0	9.77517	0	9.77517	0	9.77517	0	9.77517	0	9.77517	0	9.77517	0	9.77517	0	9.77517	0	9.77517	0	9.77518	0	9.7752	0	9.77517	0	9.77517	0	9.77517	0	9.77517	0	9.77517	0	9.77517	0	9.77517	0
9.77517	0	9.77517	0	9.77517	0	9.77517	0	9.77517	0	9.77517	0	9.77517	0	9.77517	0	9.77517	0	9.77517	0	9.77517	0	9.77517	0	9.77517	0	9.77517	0	9.77517	0	9.77517	0	9.77518	0	9.7752	0	9.77517	0	9.77517	0	9.77517	0	9.77517	0	9.77517	0	9.77517	0	9.77517	0
9.77517	0	9.77517	0	9.77517	0	9.77517	0	9.77517	0	9.77517	0	9.77517	0	9.77517	0	9.77517	0	9.77517	0	9.77517	0	9.77517	0	9.77517	0	9.77517	0	9.77517	0	9.77517	0	9.77518	0	9.7752	0	9.77517	0	9.77517	0	9.77517	0	9.77517	0	9.77517	0	9.77517	0	9.77517	0
9.77517	0	9.77517	0	9.77517	0	9.77517	0	9.77517	0	9.77517	0	9.77517	0	9.77517	0	9.77517	0	9.77517	0	9.77517	0	9.77517	0	9.77517	0	9.77517	0	9.77517	0	9.77517	0	9.77518	0	9.7752	0	9.77517	0	9.77517	0	9.77517	0	9.77517	0	9.77517	0	9.77517	0	9.77517	0
9.77517	0	9.77517	0	9.77517	0	9.77517	0	9.77517	0	9.77517	0	9.77517	0	9.77517	0	9.77517	0	9.77517	0	9.77517	0	9.77517	0	9.77517	0	9.77517	0	9.77517	0	9.77517	0	9.77518	0	9.7752	0	9.77517	0	9.77517	0	9.77517	0	9.77517	0	9.77517	0	9.77517	0	9.77517	0
9.77517	0	9.77517	0	9.77517	0	9.77517	0	9.77517	0	9.77517	0	9.77517	0	9.77517	0	9.77517	0	9.77517	0	9.77517	0	9.77517	0	9.77517	0	9.77517	0	9.77517	0	9.77517	0	9.77518	0	9.7752	0	9.77517	0	9.77517	0	9.77517	0	9.77517	0	9.77517	0	9.77517	0	9.77517	0
9.77517	0	9.77517	0	9.77517	0	9.77517	0	9.77517	0	9.77517	0	9.77517	0	9.77517	0	9.77517	0	9.77517	0	9.77517	0	9.77517	0	9.77517	0	9.77517	0	9.77517	0	9.77517	0	9.77518	0	9.7752	0	9.77517	0	9.77517	0	9.77517	0	9.77517	0	9.77517	0	9.77517	0	9.77517	0
9.77517	0	9.77517	0	9.77517	0	9.77517	0	9.77517	0	9.77517	0	9.77517	0	9.77517	0	9.77517	0	9.77517	0	9.77517	0	9.77517	0	9.77517	0	9.77517	0	9.77517	0	9.77517	0	9.77518	0	9.7752	0	9.77517	0	9.77517	0	9.77517	0	9.77517	0	9.77517	0	9.77517	0	9.77517	0
9.77517	0	9.77517	0	9.77517	0	9.77517	0	9.77517	0	9.77517	0	9.77517	0	9.77517	0	9.77517	0	9.77517	0	9.77517	0	9.77517	0	9.77517	0	9.77517	0	9.77517	0	9.77517	0	9.77518	0	9.7752	0	9.77517	0	9.77517	0	9.77517	0	9.77517	0	9.77517	0	9.77517	0	9.77517	0
9.77517	0	9.77517	0	9.77517	0	9.77517	0	9.77517	0	9.77517	0	9.77517	0	9.77517	0	9.77517	0	9.77517	0	9.77517	0	9.77517	0	9.77517	0	9.77517	0	9.77517	0	9.77517	0	9.77518	0	9.7752	0	9.77517	0	9.77517	0	9.77517	0	9.77517	0	9.77517	0	9.77517	0	9.77517	0
9.77517	0	9.77517	0	9.77517	0	9.77517	0	9.77517	0	9.77517	0	9.77517	0	9.77517	0	9.77517	0	9.77517	0	9.77517	0	9.77517	0	9.77517	0	9.77517	0	9.77517	0	9.77517	0	9.77518	0	9.7752	0	9.77517	0	9.77517	0	9.77517	0	9.77517	0	9.77517	0	9.77517	0	9.77517	0
9.77517	0	9.77517	0	9.77517	0	9.77517	0	9.77517	0	9.77517	0	9.77517	0	9.77517	0	9.77517	0	9.77517	0	9.77517	0	9.77517	0	9.77517	0	9.77517	0	9.77517	0	9.77517	0	9.77518	0	9.7752	0	9.77517	0	9.77517	0	9.77517	0	9.77517	0	9.77517	0	9.77517	0	9.77517	0
9.77517	0	9.77517	0	9.77517	0	9.77517	0	9.77517	0	9.77517	0	9.77517	0	9.77517	0	9.77517	0	9.77517	0	9.77517	0	9.77517	0	9.77517	0	9.77517	0	9.77517	0	9.77517	0	9.77518	0	9.7752	0	9.77517	0	9.77517	0	9.77517	0	9.77517	0	9.77517	0	9.77517	0	9.77517	0
9.77517	0	9.77517	0	9.77517	0	9.77517	0	9.77517	0	9.77517	0	9.77517	0	9.77517	0	9.77517	0	9.77517	0	9.77517	0	9.77517	0	9.77517	0	9.77517	0	9.77517	0	9.77517	0	9.77518	0	9.7752	0	9.77517	0	9.77517	0	9.77517	0	9.77517	0	9.77517	0	9.77517	0	9.77517	0
9.77517	0	9.77517	0	9.77517	0	9.77517	0	9.77517	0	9.77517	0	9.77517	0	9.77517	0	9.77517	0	9.77517	0	9.77517	0	9.77517	0	9.77517	0	9.77517	0	9.77517	0	9.77517	0	9.77518	0	9.7752	0	9.77517	0	9.77517	0	9.77517	0	9.77517	0	9.77517	0	9.77517	0	9.77517	0
9.77517	0	9.77517	0	9.77517	0	9.77517	0	9.77517	0	9.77517	0	9.77517	0	9.77517	0	9.77517	0	9.77517	0	9.77517	0	9.77517	0	9.77517	0	9.77517	0	9.77517	0	9.77517	0	9.77518	0	9.7752	0	9.77517	0	9.77517	0	9.77517	0	9.77517	0	9.77517	0	9.77517	0	9.77517	0
9.77517	0	9.77517	0	9.77517	0	9.77517	0	9.77517	0	9.77517	0	9.77517	0	9.77517	0	9.77517	0	9.77517	0	9.77517	0	9.77517	0	9.77517	0	9.77517	0	9.77517	0	9.77517	0	9.77518	0	9.7752	0	9.77517	0	9.77517	0	9.77517	0	9.77517	0	9.77517	0	9.77517	0	9.77517	0
9.77517	0	9.77517	0	9.77517	0	9.77517	0	9.77517	0	9.77517	0	9.77517	0	9.77517	0	9.77517	0	9.77517	0	9.77517	0	9.77517	0	9.77517	0	9.77517	0	9.77517	0	9.77517	0	9.77518	0	9.7752	0	9.77517	0	9.77517	0	9.77517	0	9.77517	0	9.77517	0	9.77517	0	9.77517	0
9.77517	0	9.77517	0	9.77517	0	9.77517	0	9.77517	0	9.77517	0	9.77517	0	9.77517	0	9.77517	0	9.77517	0	9.77517	0	9.77517	0	9.77517	0	9.77517	0	9.77517	0	9.77517	0	9.77518	0	9.7752	0	9.77517	0	9.77517	0	9.77517	0	9.77517	0	9.77517	0	9.77517	0	9.77517	0
9.77517	0	9.77517	0	9.77517	0	9.77517	0	9.77517	0	9.77517	0	9.77517	0	9.77517	0	9.77517	0	9.77517	0	9.77517	0	9.77517	0	9.77517	0	9.77517	0	9.77517	0	9.77517	0	9.77518	0	9.7752	0	9.77517	0	9.77517	0	9.77517	0	9.77517	0	9.77517	0	9.77517	0	9.77517	0
9.77517	0	9.77517	0	9.77517	0	9.77517	0	9.77517	0	9.77517	0	9.77517	0	9.77517	0	9.77517	0	9.77517	0	9.77517	0	9.77517	0	9.77517	0	9.77517	0	9.77517	0	9.77517	0	9.77518	0	9.7752	0	9.77517	0	9.77517	0	9.77517	0	9.77517	0	9.77517	0	9.77517	0	9.77517	0
9.77517	0	9.77517	0	9.77517	0	9.77517	0	9.77517	0	9.77517	0	9.77517	0	9.77517	0	9.77517	0	9.77517	0	9.77517	0	9.77517	0	9.77517	0	9.77517	0	9.77517	0	9.77517	0	9.77518	0	9.7752	0	9.77517	0	9.77517	0	9.77517	0	9.77517	0	9.77517	0	9.77517	0	9.77517	0
9.77517	0	9.77517	0	9.77517	0	9.77517	0	9.77517	0	9.77517	0	9.77517	0	9.77517	0	9.77517	0	9.77517	0	9.77517	0	9.77517	0	9.77517	0	9.77517	0	9.77517	0	9.77517	0	9.77518	0	9.7752	0	9.77517	0	9.77517	0	9.77517	0	9.77517	0	9.77517	0	9.77517	0	9.77517	0
9.77517	0	9.77517	0	9.77517	0	9.77517	0	9.77517	0	9.77517	0	9.77517	0	9.77517	0	9.77517	0	9.77517	0	9.77517	0	9.77517	0	9.77517	0	9.77517	0	9.77517	0	9.77517	0	9.77518	0	9.7752	0	9.77517	0	9.77517	0	9.77517	0	9.77517	0	9.77517	0	9.77517	0	9.77517	0
9.77517	0	9.77517	0	9.77517	0	9.77517	0	9.77517	0	9.77517	0	9.77517	0	9.77517	0	9.77517	0	9.77517	0	9.77517	0	9.77517	0	9.77517	0	9.77517	0	9.77517	0	9.77517	0	9.77518	0	9.7752	0	9.77517	0	9.77517	0	9.77517	0	9.77517	0	9.77517	0	9.77517	0	9.77517	0
9.77517	0	9.77517	0	9.77517	0	9.77517	0	9.77517	0	9.77517	0	9.77517	0	9.77517	0	9.77517	0	9.77517	0	9.77517	0	9.77517	0	9.77517	0	9.77517	0	9.77517	0	9.77517	0	9.77518	0	9.7752	0	9.77517	0	9.77517	0	9.77517	0	9.77517	0	9.77517	0	9.77517	0	9.77517	0
9.77517	0	9.77517	0	9.77517	0	9.77517	0	9.77517	0	9.77517	0	9.77517	0	9.77517	0	9.77517	0	9.77517	0	9.77517	0	9.77517	0	9.77517	0	9.77517	0	9.77517	0	9.77517	0	9.77518	0	9.7752	0	9.77517	0	9.77517	0	9.77517	0	9.77517	0	9.77517	0	9.77517	0	9.77517	0
9.77517	0	9.77517	0	9.77517	0	9.77517	0	9.77517	0	9.77517	0	9.77517	0	9.77517	0	9.77517	0	9.77517	0	9.77517	0	9.77517	0	9.77517	0	9.77517	0	9.77517	0	9.77517	0	9.77518	0	9.7752	0	9.77517	0	9.77517	0	9.77517	0	9.77517	0	9.77517	0	9.77517	0	9.77517	0
9.77517	0	9.77517	0	9.77517	0	9.77517	0	9.77517	0	9.77517	0	9.77517	0	9.77517	0	9.77517	0	9.77517	0	9.77517	0	9.77517	0	9.77517	0	9.77517	0	9.77517	0	9.77517	0	9.77518	0	9.7752	0	9.77517	0	9.77517	0	9.77517	0	9.77517	0	9.77517	0	9.77517	0	9.77517	0
9.77517	0	9.77517	0	9.77517	0	9.77517	0	9.77517	0	9.77517	0	9.77517	0	9.77517	0	9.77517	0	9.77517	0	9.77517	0	9.77517	0	9.77517	0	9.77517	0	9.77517	0	9.77517	0	9.77518	0	9.7752	0	9.77517	0	9.77517	0	9.77517	0	9.77517	0	9.77517	0	9.77517	0	9.77517	0
9.77517	0	9.77517	0	9.77517	0	9.77517	0	9.77517	0	9.77517	0	9.77517	0	9.77517	0	9.77517	0	9.77517	0	9.77517	0	9.77517	0	9.77517	0	9.77517	0	9.77517	0	9.77517	0	9.77518	0	9.7752	0	9.77517	0	9.77517	0	9.77517	0	9.77517	0	9.77517	0	9.77517	0	9.77517	0
9.77517	0	9.77517	0	9.77517	0	9.77517	0	9.77517	0	9.77517	0	9.77517	0	9.77517	0	9.77517	0	9.77517	0	9.77517	0	9.77517	0	9.77517	0	9.77517	0	9.77517	0	9.77517	0	9.77518	0	9.7752	0	9.77517	0	9.77517	0	9.77517	0	9.77517	0	9.77517	0	9.77517	0	9.77517	0
9.77517	0	9.77517	0	9.77517	0	9.77517	0	9.77517	0	9.77517	0	9.77517	0	9.77517	0	9.77517	0	9.77517	0	9.77517	0	9.77517	0	9.77517	0	9.77517	0	9.77517	0	9.77517	0	9.77518	0	9.7752	0	9.77517	0	9.77517	0	9.77517	0	9.77517	0	9.77517	0	9.77517	0	9.77517	0
9.77517	0	9.77517	0	9.77517	0	9.77517	0	9.77517	0	9.77517	0	9.77517	0	9.77517	0	9.77517	0	9.77517	0	9.77517	0	9.77517	0	9.77517	0	9.77517	0	9.77517	0	9.77517	0	9.77518	0	9.7752	0	9.77517	0	9.77517	0	9.77517	0	9.77517	0	9.77517	0	9.77517	0	9.77517	0
9.77517	0	9.77517	0	9.77517	0	9.77517	0	9.77517	0	9.77517	0	9.77517	0	9.77517	0	9.77517	0	9.77517	0	9.77517	0	9.77517	0	9.77517	0	9.77517	0	9.77517	0	9.77517	0	9.77518	0	9.7752	0	9.77517	0	9.77517	0	9.77517	0	9.77517	0	9.77517	0	9.77517	0	9.77517	0
9.77517	0	9.77517	0	9.77517	0	9.77517	0	9.77517	0	9.77517	0	9.77517	0	9.77517	0	9.77517	0	9.77517	0	9.77517	0	9.77517	0	9.77517	0	9.77517	0	9.77517	0	9.77517	0	9.77518	0	9.7752	0	9.77517	0	9.77517	0	9.77517	0	9.77517	0	9.77517	0	9.77517	0	9.77517	0
9.77517	0	9.77517	0	9.77517	0	9.77517	0	9.77517	0	9.77517	0	9.77517	0	9.77517	0	9.77517	0	9.77517	0	9.77517	0	9.77517	0	9.77517	0	9.77517	0	9.77517	0	9.77517	0	9.77518	0	9.7752	0	9.77517	0	9.77517	0	9.77517	0	9.77517	0	9.77517	0	9.77517	0	9.77517	0
9.77517	0	9.77517	0	9.77517	0	9.77517	0	9.77517	0	9.77517	0	9.77517	0	9.77517	0	9.77517	0	9.77517	0	9.77517	0	9.77517	0	9.77517	0	9.77517	0	9.77517	0	9.77517	0	9.77518	0	9.7752	0	9.77517	0	9.77517	0	9.77517	0	9.77517	0	9.77517	0	9.77517	0	9.77517	0
9.77517	0	9.77517	0	9.77517	0	9.77517	0	9.77517	0	9.77517	0	9.77517	0	9.77517	0	9.77517	0	9.77517	0	9.77517	0	9.77517	0	9.77517	0	9.77517	0	9.77517	0	9.77517	0	9.77518	0	9.7752	0	9.77517	0	9.77517	0	9.77517	0	9.77517	0	9.77517	0	9.77517	0	9.77517	0
9.77517	0	9.77517	0	9.77517	0	9.77517	0	9.77517	0	9.77517	0	9.77517	0	9.77517	0	9.77517	0	9.77517	0	9.77517	0	9.77517	0	9.77517	0	9.77517	0	9.77517	0	9.77517	0	9.77518	0	9.7752	0	9.77517	0	9.77517	0	9.77517	0	9.77517	0	9.77517	0	9.77517	0	9.77517	0
9.77517	0	9.77517	0	9.77517	0	9.77517	0	9.77517	0	9.77517	0	9.77517	0	9.77517	0	9.77517	0	9.77517	0	9.77517	0	9.77517	0	9.77517	0	9.77517	0	9.77517	0	9.77517	0	9.77518	0	9.7752	0	9.77517	0	9.77517	0	9.77517	0	9.77517	0	9.77517	0	9.77517	0	9.77517	0
9.77517	0	9.77517	0	9.77517	0	9.77517	0	9.77517	0	9.77517	0	9.77517	0	9.77517	0	9.77517	0	9.77517	0	9.77517	0	9.77517	0	9.77517	0	9.77517	0	9.77517	0	9.77517	0	9.77518	0	9.7752	0	9.77517	0	9.77517	0	9.77517	0	9.77517	0	9.77517	0	9.77517	0	9.77517	0
9.77517	0	9.77517	0	9.77517	0	9.77517	0	9.77517	0	9.77517	0	9.77517	0	9.77517	0	9.77517	0	9.77517	0	9.77517	0	9.77517	0	9.77517	0	9.77517	0	9.77517	0	9.77517	0	9.77518	0	9.7752	0	9.77517	0	9.77517	0	9.77517	0	9.77517	0	9.77517	0	9.77517	0	9.77517	0
9.77517	0	9.77517	0	9.77517	0	9.77517	0	9.77517	0	9.77517	0	9.77517	0	9.77517	0	9.77517	0	9.77517	0	9.77517	0	9.77517	0	9.77517	0	9.77517	0	9.77517	0	9.77517	0	9.77518	0	9.7752	0	9.77517	0	9.77517	0	9.77517	0	9.77517	0	9.77517	0	9.77517	0	9.77517	0
9.77517	0	9.77517	0	9.77517	0	9.77517	0	9.77517	0	9.77517	0	9.77517	0	9.77517	0	9.77517	0	9.77517	0	9.77517	0	9.77517	0	9.77517	0	9.77517	0	9.77517	0	9.77517	0	9.77518	0	9.7752	0	9.77517	0	9.77517	0	9.77517	0	9.77517	0	9.77517	0	9.77517	0	9.77517	0
9.77517	0	9.77517	0	9.77517	0	9.77517	0	9.77517	0	9.77517	0	9.77517	0	9.77517	0	9.77517	0	9.77517	0	9.77517	0	9.77517	0	9.77517	0	9.77517	0	9.77517	0	9.77517	0	9.77518	0	9.7752	0	9.77517	0	9.77517	0	9.77517	0	9.77517	0	9.77517	0	9.77517	0	9.77517	0
9.77517	0	9.77517	0	9.77517	0	9.77517	0	9.77517	0	9.77517	0	9.77517	0	9.77517	0	9.77517	0	9.77517	0	9.77517	0	9.77517	0	9.77517	0	9.77517	0	9.77517	0	9.77517	0	9.77518	0	9.7752	0	9.77517	0	9.77517	0	9.77517	0	9.77517	0	9.77517	0	9.77517	0	9.77517	0
9.77517	0	9.77517	0	9.77517	0	9.77517	0	9.77517	0	9.77517	0	9.77517	0	9.77517	0	9.77517	0	9.77517	0	9.77517	0	9.77517	0	9.77517	0	9.77517	0	9.77517	0	9.77517	0	9.77518	0	9.7752	0	9.77517	0	9.77517	0	9.77517	0	9.77517	0	9.77517	0	9.77517	0	9.77517	0
9.77517	0	9.77517	0	9.77517	0	9.77517	0	9.77517	0	9.77517	0	9.77517	0	9.77517	0	9.77517	0	9.77517	0	9.77517	0	9.77517	0	9.77517	0	9.77517	0	9.77517	0	9.77517	0	9.77518	0	9.7752	0	9.77517	0	9.77517	0	9.77517	0	9.77517	0	9.77517	0	9.77517	0	9.77517	0
9.77517	0	9.77517	0	9.77517	0	9.77517	0	9.77517	0	9.77517	0	9.77517	0	9.77517	0	9.77517	0	9.77517	0	9.77517	0	9.77517	0	9.77517	0	9.77517	0	9.77517	0	9.77517	0	9.77518	0	9.7752	0	9.77517	0	9.77517	0	9.77517	0	9.77517	0	9.77517	0	9.77517	0	9.77517	0
9.77517	0	9.77517	0	9.77517	0	9.77517	0	9.77517	0	9.77517	0	9.77517	0	9.77517	0	9.77517	0	9.77517	0	9.77517	0	9.77517	0	9.77517	0	9.77517	0	9.77517	0	9.77517	0	9.77518	0	9.7752	0	9.77517	0	9.77517	0	9.77517	0	9.77517	0	9.77517	0	9.77517	0	9.77517	0
9.77517	0	9.77517	0	9.77517	0	9.77517	0	9.77517	0	9.77517	0	9.77517	0	9.77517	0	9.77517	0	9.77517	0	9.77517	0	9.77517	0	9.77517	0	9.77517	0	9.77517	0	9.77517	0	9.77518	0	9.7752	0	9.77517	0	9.77517	0	9.77517	0	9.77517	0	9.77517	0	9.77517	0	9.77517	0
9.77517	0	9.77517	0	9.77517	0	9.77517	0	9.77517	0	9.77517	0	9.77517	0	9.77517	0	9.77517	0	9.77517	0	9.77517	0	9.77517	0	9.77517	0	9.77517	0	9.77517	0	9.77517	0	9.77518	0	9.7752	0	9.77517	0	9.77517	0	9.77517	0	9.77517	0	9.77517	0	9.77517	0	9.77517	0
9.77517	0	9.77517	0	9.77517	0	9.77517	0	9.77517	0	9.77517	0	9.77517	0	9.77517	0	9.77517	0	9.77517	0	9.77517	0	9.77517	0	9.77517	0	9.77517	0	9.77517	0	9.77517	0	9.77518	0	9.7752	0	9.77517	0	9.77517	0	9.77517	0	9.77517	0	9.77517	0	9.77517	0	9.77517	0
9.77517	0	9.77517	0	9.77517	0	9.77517	0	9.77517	0	9.77517	0	9.77517	0	9.77517	0	9.77517	0	9.77517	0	9.77517	0	9.77517	0	9.77517	0	9.77517	0	9.77517	0	9.77517	0	9.77518	0	9.7752	0	9.77517	0	9.77517	0	9.77517	0	9.77517	0	9.77517	0	9.77517	0	9.77517	0
9.77517	0	9.77517	0	9.77517	0	9.77517	0	9.77517	0	9.77517	0	9.77517	0	9.77517	0	9.77517	0	9.77517	0	9.77517	0	9.77517	0	9.77517	0	9.77517	0	9.77517	0	9.77517	0	9.77518	0	9.7752	0	9.77517	0	9.77517	0	9.77517	0	9.77517	0	9.77517	0	9.77517	0	9.77517	0
9.77517	0	9.77517	0	9.77517	0	9.77517	0	9.77517	0	9.77517	0	9.77517	0	9.77517	0	9.77517	0	9.77517	0	9.77517	0	9.77517	0	9.77517	0	9.77517	0	9.77517	0	9.77517	0	9.77518	0	9.7752	0	9.77517	0	9.77517	0	9.77517	0	9.77517	0	9.77517	0	9.77517	0	9.77517	0
9.77517	0	9.77517	0	9.77517	0	9.77517	0	9.77517	0	9.77517	0	9.77517	0	9.77517	0	9.77517	0	9.77517	0	9.77517	0	9.77517	0	9.77517	0	9.77517	0	9.77517	0	9.77517	0	9.77518	0	9.7752	0	9.77517	0	9.77517	0	9.77517	0	9.77517	0	9.77517	0	9.77517	0	9.77517	0
9.77517	0	9.77517	0	9.77517	0	9.77517	0	9.77517	0	9.77517	0	9.77517	0	9.77517	0	9.77517	0	9.77517	0	9.77517	0	9.77517	0	9.77517	0	9.77517	0	9.77517	0	9.77517	0	9.77518	0	9.7752	0	9.77517	0	9.77517	0	9.77517	0	9.77517	0	9.77517	0	9.77517	0	9.77517	0
9.77517	0	9.77517	0	9.77517	0	9.77517	0	9.77517	0	9.77517	0	9.77517	0	9.77517	0	9.77517	0	9.77517	0	9.77517	0	9.77517	0	9.77517	0	9.77517	0	9.77517	0	9.77517	0	9.77518	0	9.7752	0	9.77517	0	9.77517	0	9.77517	0	9.77517	0	9.77517	0	9.77517	0	9.77517	0
9.77517	0	9.77517	0	9.77517	0	9.77517	0	9.77517	0	9.77517	0	9.77517	0	9.77517	0	9.77517	0	9.77517	0	9.77517	0	9.77517	0	9.77517	0	9.77517	0	9.77517	0	9.77517	0	9.77518	0	9.7752	0	9.77517	0	9.77517	0	9.77517	0	9.77517	0	9.77517	0	9.77517	0	9.77517	0
9.77517	0	9.77517	0	9.77517	0	9.77517	0	9.77517	0	9.77517	0	9.77517	0	9.77517	0	9.77517	0	9.77517	0	9.77517	0	9.77517	0	9.77517	0	9.77517	0	9.77517	0	9.77517	0	9.77518	0	9.77519	0	9.77517	0	9.77517	0	9.77517	0	9.77517	0	9.77517	0	9.77517	0	9.77517	0
9.77517	0	9.77517	0	9.77517	0	9.77517	0	9.77517	0	9.77517	0	9.77517	0	9.77517	0	9.77517	0	9.77517	0	9.77517	0	9.77517	0	9.77517	0	9.77517	0	9.77517	0	9.77517	0	9.77518	0	9.77519	0	9.77517	0	9.77517	0	9.77517	0	9.77517	0	9.77517	0	9.77517	0	9.77517	0
9.77517	0	9.77517	0	9.77517	0	9.77517	0	9.77517	0	9.77517	0	9.77517	0	9.77517	0	9.77517	0	9.77517	0	9.77517	0	9.77517	0	9.77517	0	9.77517	0	9.77517	0	9.77517	0	9.77518	0	9.77519	0	9.77517	0	9.77517	0	9.77517	0	9.77517	0	9.77517	0	9.77517	0	9.77517	0
9.77517	0	9.77517	0	9.77517	0	9.77517	0	9.77517	0	9.77517	0	9.77517	0	9.77517	0	9.77517	0	9.77517	0	9.77517	0	9.77517	0	9.77517	0	9.77517	0	9.77517	0	9.77517	0	9.77518	0	9.77519	0	9.77517	0	9.77517	0	9.77517	0	9.77517	0	9.77517	0	9.77517	0	9.77517	0
9.77517	0	9.77517	0	9.77517	0	9.77517	0	9.77517	0	9.77517	0	9.77517	0	9.77517	0	9.77517	0	9.77517	0	9.77517	0	9.77517	0	9.77517	0	9.77517	0	9.77517	0	9.77517	0	9.77518	0	9.77519	0	9.77517	0	9.77517	0	9.77517	0	9.77517	0	9.77517	0	9.77517	0	9.77517	0
9.77517	0	9.77517	0	9.77517	0	9.77517	0	9.77517	0	9.77517	0	9.77517	0	9.77517	0	9.77517	0	9.77517	0	9.77517	0	9.77517	0	9.77517	0	9.77517	0	9.77517	0	9.77517	0	9.77518	0	9.77519	0	9.77517	0	9.77517	0	9.77517	0	9.77517	0	9.77517	0	9.77517	0	9.77517	0
9.77517	0	9.77517	0	9.77517	0	9.77517	0	9.77517	0	9.77517	0	9.77517	0	9.77517	0	9.77517	0	9.77517	0	9.77517	0	9.77517	0	9.77517	0	9.77517	0	9.77517	0	9.77517	0	9.77518	0	9.77519	0	9.77517	0	9.77517	0	9.77517	0	9.77517	0	9.77517	0	9.77517	0	9.77517	0
9.77517	0	9.77517	0	9.77517	0	9.77517	0	9.77517	0	9.77517	0	9.77517	0	9.77517	0	9.77517	0	9.77517	0	9.77517	0	9.77517	0	9.77517	0	9.77517	0	9.77517	0	9.77517	0	9.77518	0	9.77519	0	9.77517	0	9.77517	0	9.77517	0	9.77517	0	9.77517	0	9.77517	0	9.77517	0
9.77517	0	9.77517	0	9.77517	0	9.77517	0	9.77517	0	9.77517	0	9.77517	0	9.77517	0	9.77517	0	9.77517	0	9.77517	0	9.77517	0	9.77517	0	9.77517	0	9.77517	0	9.77517	0	9.77518	0	9.77519	0	9.77517	0	9.77517	0	9.77517	0	9.77517	0	9.77517	0	9.77517	0	9.77517	0
9.77517	0	9.77517	0	9.77517	0	9.77517	0	9.77517	0	9.77517	0	9.77517	0	9.77517	0	9.77517	0	9.77517	0	9.77517	0	9.77517	0	9.77517	0	9.77517	0	9.77517	0	9.77517	0	9.77518	0	9.77519	0	9.77517	0	9.77517	0	9.77517	0	9.77517	0	9.77517	0	9.77517	0	9.77517	0
9.77517	0	9.77517	0	9.77517	0	9.77517	0	9.77517	0	9.77517	0	9.77517	0	9.77517	0	9.77517	0	9.77517	0	9.77517	0	9.77517	0	9.77517	0	9.77517	0	9.77517	0	9.77517	0	9.77518	0	9.77519	0	9.77517	0	9.77517	0	9.77517	0	9.77517	0	9.77517	0	9.77517	0	9.77517	0
9.77517	0	9.77517	0	9.77517	0	9.77517	0	9.77517	0	9.77517	0	9.77517	0	9.77517	0	9.77517	0	9.77517	0	9.77517	0	9.77517	0	9.77517	0	9.77517	0	9.77517	0	9.77517	0	9.77518	0	9.77519	0	9.77517	0	9.77517	0	9.77517	0	9.77517	0	9.77517	0	9.77517	0	9.77517	0
9.77517	0	9.77517	0	9.77517	0	9.77517	0	9.77517	0	9.77517	0	9.77517	0	9.77517	0	9.77517	0	9.77517	0	9.77517	0	9.77517	0	9.77517	0	9.77517	0	9.77517	0	9.77517	0	9.77518	0	9.77519	0	9.77517	0	9.77517	0	9.77517	0	9.77517	0	9.77517	0	9.77517	0	9.77517	0
9.77517	0	9.77517	0	9.77517	0	9.77517	0	9.77517	0	9.77517	0	9.77517	0	9.77517	0	9.77517	0	9.77517	0	9.77517	0	9.77517	0	9.77517	0	9.77517	0	9.77517	0	9.77517	0	9.77518	0	9.77519	0	9.77517	0	9.77517	0	9.77517	0	9.77517	0	9.77517	0	9.77517	0	9.77517	0
9.77517	0	9.77517	0	9.77517	0	9.77517	0	9.77517	0	9.77517	0	9.77517	0	9.77517	0	9.77517	0	9.77517	0	9.77517	0	9.77517	0	9.77517	0	9.77517	0	9.77517	0	9.77517	0	9.77518	0	9.77519	0	9.77517	0	9.77517	0	9.77517	0	9.77517	0	9.77517	0	9.77517	0	9.77517	0
9.77517	0	9.77517	0	9.77517	0	9.77517	0	9.77517	0	9.77517	0	9.77517	0	9.77517	0	9.77517	0	9.77517	0	9.77517	0	9.77517	0	9.77517	0	9.77517	0	9.77517	0	9.77517	0	9.77518	0	9.77519	0	9.77517	0	9.77517	0	9.77517	0	9.77517	0	9.77517	0	9.77517	0	9.77517	0
9.77517	0	9.77517	0	9.77517	0	9.77517	0	9.77517	0	9.77517	0	9.77517	0	9.77517	0	9.77517	0	9.77517	0	9.77517	0	9.77517	0	9.77517	0	9.77517	0	9.77517	0	9.77517	0	9.77518	0	9.77519	0	9.77517	0	9.77517	0	9.77517	0	9.77517	0	9.77517	0	9.77517	0	9.77517	0
9.77517	0	9.77517	0	9.77517	0	9.77517	0	9.77517	0	9.77517	0	9.77517	0	9.77517	0	9.77517	0	9.77517	0	9.77517	0	9.77517	0	9.77517	0	9.77517	0	9.77517	0	9.77517	0	9.77518	0	9.77519	0	9.77517	0	9.77517	0	9.77517	0	9.77517	0	9.77517	0	9.77517	0	9.77517	0
9.77517	0	9.77517	0	9.77517	0	9.77517	0	9.77517	0	9.77517	0	9.77517	0	9.77517	0	9.77517	0	9.77517	0	9.77517	0	9.77517	0	9.77517	0	9.77517	0	9.77517	0	9.77517	0	9.77518	0	9.77519	0	9.77517	0	9.77517	0	9.77517	0	9.77517	0	9.77517	0	9.77517	0	9.77517	0
9.77517	0	9.77517	0	9.77517	0	9.77517	0	9.77517	0	9.77517	0	9.77517	0	9.77517	0	9.77517	0	9.77517	0	9.77517	0	9.77517	0	9.77517	0	9.77517	0	9.77517	0	9.77517	0	9.77518	0	9.77519	0	9.77517	0	9.77517	0	9.77517	0	9.77517	0	9.77517	0	9.77517	0	9.77517	0
9.77517	0	9.77517	0	9.77517	0	9.77517	0	9.77517	0	9.77517	0	9.77517	0	9.77517	0	9.77517	0	9.77517	0	9.77517	0	9.77517	0	9.77517	0	9.77517	0	9.77517	0	9.77517	0	9.77518	0	9.77519	0	9.77517	0	9.77517	0	9.77517	0	9.77517	0	9.77517	0	9.77517	0	9.77517	0
9.77517	0	9.77517	0	9.77517	0	9.77517	0	9.77517	0	9.77517	0	9.77517	0	9.77517	0	9.77517	0	9.77517	0	9.77517	0	9.77517	0	9.77517	0	9.77517	0	9.77517	0	9.77517	0	9.77518	0	9.77519	0	9.77517	0	9.77517	0	9.77517	0	9.77517	0	9.77517	0	9.77517	0	9.77517	0
9.77517	0	9.77517	0	9.77517	0	9.77517	0	9.77517	0	9.77517	0	9.77517	0	9.77517	0	9.77517	0	9.77517	0	9.77517	0	9.77517	0	9.77517	0	9.77517	0	9.77517	0	9.77517	0	9.77518	0	9.77519	0	9.77517	0	9.77517	0	9.77517	0	9.77517	0	9.77517	0	9.77517	0	9.77517	0
9.77517	0	9.77517	0	9.77517	0	9.77517	0	9.77517	0	9.77517	0	9.77517	0	9.77517	0	9.77517	0	9.77517	0	9.77517	0	9.77517	0	9.77517	0	9.77517	0	9.77517	0	9.77517	0	9.77518	0	9.77519	0	9.77517	0	9.77517	0	9.77517	0	9.77517	0	9.77517	0	9.77517	0	9.77517	0
9.77517	0	9.77517	0	9.77517	0	9.77517	0	9.77517	0	9.77517	0	9.77517	0	9.77517	0	9.77517	0	9.77517	0	9.77517	0	9.77517	0	9.77517	0	9.77517	0	9.77517	0	9.77517	0	9.77518	0	9.77519	0	9.77517	0	9.77517	0	9.77517	0	9.77517	0	9.77517	0	9.77517	0	9.77517	0
9.77517	0	9.77517	0	9.77517	0	9.77517	0	9.77517	0	9.77517	0	9.77517	0	9.77517	0	9.77517	0	9.77517	0	9.77517	0	9.77517	0	9.77517	0	9.77517	0	9.77517	0	9.77517	0	9.77518	0	9.77519	0	9.77517	0	9.77517	0	9.77517	0	9.77517	0	9.77517	0	9.77517	0	9.77517	0
9.77517	0	9.77517	0	9.77517	0	9.77517	0	9.77517	0	9.77517	0	9.77517	0	9.77517	0	9.77517	0	9.77517	0	9.77517	0	9.77517	0	9.77517	0	9.77517	0	9.77517	0	9.77517	0	9.77518	0	9.77519	0	9.77517	0	9.77517	0	9.77517	0	9.77517	0	9.77517	0	9.77517	0	9.77517	0
9.77517	0	9.77517	0	9.77517	0	9.77517	0	9.77517	0	9.77517	0	9.77517	0	9.77517	0	9.77517	0	9.77517	0	9.77517	0	9.77517	0	9.77517	0	9.77517	0	9.77517	0	9.77517	0	9.77518	0	9.77519	0	9.77517	0	9.77517	0	9.77517	0	9.77517	0	9.77517	0	9.77517	0	9.77517	0
9.77517	0	9.77517	0	9.77517	0	9.77517	0	9.77517	0	9.77517	0	9.77517	0	9.77517	0	9.77517	0	9.77517	0	9.77517	0	9.77517	0	9.77517	0	9.77517	0	9.77517	0	9.77517	0	9.77518	0	9.77519	0	9.77517	0	9.77517	0	9.77517	0	9.77517	0	9.77517	0	9.77517	0	9.77517	0
9.77517	0	9.77517	0	9.77517	0	9.77517	0	9.77517	0	9.77517	0	9.77517	0	9.77517	0	9.77517	0	9.77517	0	9.77517	0	9.77517	0	9.77517	0	9.77517	0	9.77517	0	9.77517	0	9.77518	0	9.77519	0	9.77517	0	9.77517	0	9.77517	0	9.77517	0	9.77517	0	9.77517	0	9.77517	0
9.77517	0	9.77517	0	9.77517	0	9.77517	0	9.77517	0	9.77517	0	9.77517	0	9.77517	0	9.77517	0	9.77517	0	9.77517	0	9.77517	0	9.77517	0	9.77517	0	9.77517	0	9.77517	0	9.77518	0	9.77519	0	9.77517	0	9.77517	0	9.77517	0	9.77517	0	9.77517	0	9.77517	0	9.77517	0
9.77517	0	9.77517	0	9.77517	0	9.77517	0	9.77517	0	9.77517	0	9.77517	0	9.77517	0	9.77517	0	9.77517	0	9.77517	0	9.77517	0	9.77517	0	9.77517	0	9.77517	0	9.77517	0	9.77518	0	9.77519	0	9.77517	0	9.77517	0	9.77517	0	9.77517	0	9.77517	0	9.77517	0	9.77517	0
9.77517	0	9.77517	0	9.77517	0	9.77517	0	9.77517	0	9.77517	0	9.77517	0	9.77517	0	9.77517	0	9.77517	0	9.77517	0	9.77517	0	9.77517	0	9.77517	0	9.77517	0	9.77517	0	9.77518	0	9.77519	0	9.77517	0	9.77517	0	9.77517	0	9.77517	0	9.77517	0	9.77517	0	9.77517	0
9.77517	0	9.77517	0	9.77517	0	9.77517	0	9.77517	0	9.77517	0	9.77517	0	9.77517	0	9.77517	0	9.77517	0	9.77517	0	9.77517	0	9.77517	0	9.77517	0	9.77517	0	9.77517	0	9.77518	0	9.77519	0	9.77517	0	9.77517	0	9.77517	0	9.77517	0	9.77517	0	9.77517	0	9.77517	0
9.77517	0	9.77517	0	9.77517	0	9.77517	0	9.77517	0	9.77517	0	9.77517	0	9.77517	0	9.77517	0	9.77517	0	9.77517	0	9.77517	0	9.77517	0	9.77517	0	9.77517	0	9.77517	0	9.77518	0	9.77519	0	9.77517	0	9.77517	0	9.77517	0	9.77517	0	9.77517	0	9.77517	0	9.77517	0
9.77517	0	9.77517	0	9.77517	0	9.77517	0	9.77517	0	9.77517	0	9.77517	0	9.77517	0	9.77517	0	9.77517	0	9.77517	0	9.77517	0	9.77517	0	9.77517	0	9.77517	0	9.77517	0	9.77518	0	9.77519	0	9.77517	0	9.77517	0	9.77517	0	9.77517	0	9.77517	0	9.77517	0	9.77517	0
9.77517	0	9.77517	0	9.77517	0	9.77517	0	9.77517	0	9.77517	0	9.77517	0	9.77517	0	9.77517	0	9.77517	0	9.77517	0	9.77517	0	9.77517	0	9.77517	0	9.77517	0	9.77517	0	9.77518	0	9.77519	0	9.77517	0	9.77517	0	9.77517	0	9.77517	0	9.77517	0	9.77517	0	9.77517	0
9.77517	0	9.77517	0	9.77517	0	9.77517	0	9.77517	0	9.77517	0	9.77517	0	9.77517	0	9.77517	0	9.77517	0	9.77517	0	9.77517	0	9.77517	0	9.77517	0	9.77517	0	9.77517	0	9.77518	0	9.77519	0	9.77517	0	9.77517	0	9.77517	0	9.77517	0	9.77517	0	9.77517	0	9.77517	0
9.77517	0	9.77517	0	9.77517	0	9.77517	0	9.77517	0	9.77517	0	9.77517	0	9.77517	0	9.77517	0	9.77517	0	9.77517	0	9.77517	0	9.77517	0	9.77517	0	9.77517	0	9.77517	0	9.77518	0	9.77519	0	9.77517	0	9.77517	0	9.77517	0	9.77517	0	9.77517	0	9.77517	0	9.77517	0
9.77517	0	9.77517	0	9.77517	0	9.77517	0	9.77517	0	9.77517	0	9.77517	0	9.77517	0	9.77517	0	9.77517	0	9.77517	0	9.77517	0	9.77517	0	9.77517	0	9.77517	0	9.77517	0	9.77518	0	9.77519	0	9.77517	0	9.77517	0	9.77517	0	9.77517	0	9.77517	0	9.77517	0	9.77517	0
9.77517	0	9.77517	0	9.77517	0	9.77517	0	9.77517	0	9.77517	0	9.77517	0	9.77517	0	9.77517	0	9.77517	0	9.77517	0	9.77517	0	9.77517	0	9.77517	0	9.77517	0	9.77517	0	9.77518	0	9.77519	0	9.77517	0	9.77517	0	9.77517	0	9.77517	0	9.77517	0	9.77517	0	9.77517	0
9.77517	0	9.77517	0	9.77517	0	9.77517	0	9.77517	0	9.77517	0	9.77517	0	9.77517	0	9.77517	0	9.77517	0	9.77517	0	9.77517	0	9.77517	0	9.77517	0	9.77517	0	9.77517	0	9.77518	0	9.77519	0	9.77517	0	9.77517	0	9.77517	0	9.77517	0	9.77517	0	9.77517	0	9.77517	0
9.77517	0	9.77517	0	9.77517	0	9.77517	0	9.77517	0	9.77517	0	9.77517	0	9.77517	0	9.77517	0	9.77517	0	9.77517	0	9.77517	0	9.77517	0	9.77517	0	9.77517	0	9.77517	0	9.77518	0	9.77519	0	9.77517	0	9.77517	0	9.77517	0	9.77517	0	9.77517	0	9.77517	0	9.77517	0
9.77517	0	9.77517	0	9.77517	0	9.77517	0	9.77517	0	9.77517	0	9.77517	0	9.77517	0	9.77517	0	9.77517	0	9.77517	0	9.77517	0	9.77517	0	9.77517	0	9.77517	0	9.77517	0	9.77518	0	9.77519	0	9.77517	0	9.77517	0	9.77517	0	9.77517	0	9.77517	0	9.77517	0	9.77517	0
9.77517	0	9.77517	0	9.77517	0	9.77517	0	9.77517	0	9.77517	0	9.77517	0	9.77517	0	9.77517	0	9.77517	0	9.77517	0	9.77517	0	9.77517	0	9.77517	0	9.77517	0	9.77517	0	9.77518	0	9.77519	0	9.77517	0	9.77517	0	9.77517	0	9.77517	0	9.77517	0	9.77517	0	9.77517	0
9.77517	0	9.77517	0	9.77517	0	9.77517	0	9.77517	0	9.77517	0	9.77517	0	9.77517	0	9.77517	0	9.77517	0	9.77517	0	9.77517	0	9.77517	0	9.77517	0	9.77517	0	9.77517	0	9.77518	0	9.77519	0	9.77517	0	9.77517	0	9.77517	0	9.77517	0	9.77517	0	9.77517	0	9.77517	0
9.77517	0	9.77517	0	9.77517	0	9.77517	0	9.77517	0	9.77517	0	9.77517	0	9.77517	0	9.77517	0	9.77517	0	9.77517	0	9.77517	0	9.77517	0	9.77517	0	9.77517	0	9.77517	0	9.77518	0	9.77519	0	9.77517	0	9.77517	0	9.77517	0	9.77517	0	9.77517	0	9.77517	0	9.77517	0
9.77517	0	9.77517	0	9.77517	0	9.77517	0	9.77517	0	9.77517	0	9.77517	0	9.77517	0	9.77517	0	9.77517	0	9.77517	0	9.77517	0	9.77517	0	9.77517	0	9.77517	0	9.77517	0	9.77518	0	9.77519	0	9.77517	0	9.77517	0	9.77517	0	9.77517	0	9.77517	0	9.77517	0	9.77517	0
9.77517	0	9.77517	0	9.77517	0	9.77517	0	9.77517	0	9.77517	0	9.77517	0	9.77517	0	9.77517	0	9.77517	0	9.77517	0	9.77517	0	9.77517	0	9.77517	0	9.77517	0	9.77517	0	9.77518	0	9.77519	0	9.77517	0	9.77517	0	9.77517	0	9.77517	0	9.77517	0	9.77517	0	9.77517	0
9.77517	0	9.77517	0	9.77517	0	9.77517	0	9.77517	0	9.77517	0	9.77517	0	9.77517	0	9.77517	0	9.77517	0	9.77517	0	9.77517	0	9.77517	0	9.77517	0	9.77517	0	9.77517	0	9.77518	0	9.77519	0	9.77517	0	9.77517	0	9.77517	0	9.77517	0	9.77517	0	9.77517	0	9.77517	0
9.77517	0	9.77517	0	9.77517	0	9.77517	0	9.77517	0	9.77517	0	9.77517	0	9.77517	0	9.77517	0	9.77517	0	9.77517	0	9.77517	0	9.77517	0	9.77517	0	9.77517	0	9.77517	0	9.77518	0	9.77519	0	9.77517	0	9.77517	0	9.77517	0	9.77517	0	9.77517	0	9.77517	0	9.77517	0
9.77517	0	9.77517	0	9.77517	0	9.77517	0	9.77517	0	9.77517	0	9.77517	0	9.77517	0	9.77517	0	9.77517	0	9.77517	0	9.77517	0	9.77517	0	9.77517	0	9.77517	0	9.77517	0	9.77518	0	9.77519	0	9.77517	0	9.77517	0	9.77517	0	9.77517	0	9.77517	0	9.77517	0	9.77517	0
9.77517	0	9.77517	0	9.77517	0	9.77517	0	9.77517	0	9.77517	0	9.77517	0	9.77517	0	9.77517	0	9.77517	0	9.77517	0	9.77517	0	9.77517	0	9.77517	0	9.77517	0	9.77517	0	9.77518	0	9.77519	0	9.77517	0	9.77517	0	9.77517	0	9.77517	0	9.77517	0	9.77517	0	9.77517	0
9.77517	0	9.77517	0	9.77517	0	9.77517	0	9.77517	0	9.77517	0	9.77517	0	9.77517	0	9.77517	0	9.77517	0	9.77517	0	9.77517	0	9.77517	0	9.77517	0	9.77517	0	9.77517	0	9.77518	0	9.77519	0	9.77517	0	9.77517	0	9.77517	0	9.77517	0	9.77517	0	9.77517	0	9.77517	0
9.77517	0	9.77517	0	9.77517	0	9.77517	0	9.77517	0	9.77517	0	9.77517	0	9.77517	0	9.77517	0	9.77517	0	9.77517	0	9.77517	0	9.77517	0	9.77517	0	9.77517	0	9.77517	0	9.77518	0	9.77519	0	9.77517	0	9.77517	0	9.77517	0	9.77517	0	9.77517	0	9.77517	0	9.77517	0
9.77517	0	9.77517	0	9.77517	0	9.77517	0	9.77517	0	9.77517	0	9.77517	0	9.77517	0	9.77517	0	9.77517	0	9.77517	0	9.77517	0	9.77517	0	9.77517	0	9.77517	0	9.77517	0	9.77518	0	9.77519	0	9.77517	0	9.77517	0	9.77517	0	9.77517	0	9.77517	0	9.77517	0	9.77517	0
9.77517	0	9.77517	0	9.77517	0	9.77517	0	9.77517	0	9.77517	0	9.77517	0	9.77517	0	9.77517	0	9.77517	0	9.77517	0	9.77517	0	9.77517	0	9.77517	0	9.77517	0	9.77517	0	9.77518	0	9.77519	0	9.77517	0	9.77517	0	9.77517	0	9.77517	0	9.77517	0	9.77517	0	9.77517	0
9.77517	0	9.77517	0	9.77517	0	9.77517	0	9.77517	0	9.77517	0	9.77517	0	9.77517	0	9.77517	0	9.77517	0	9.77517	0	9.77517	0	9.77517	0	9.77517	0	9.77517	0	9.77517	0	9.77518	0	9.77519	0	9.77517	0	9.77517	0	9.77517	0	9.77517	0	9.77517	0	9.77517	0	9.77517	0
9.77517	0	9.77517	0	9.77517	0	9.77517	0	9.77517	0	9.77517	0	9.77517	0	9.77517	0	9.77517	0	9.77517	0	9.77517	0	9.77517	0	9.77517	0	9.77517	0	9.77517	0	9.77517	0	9.77518	0	9.77519	0	9.77517	0	9.77517	0	9.77517	0	9.77517	0	9.77517	0	9.77517	0	9.77517	0
9.77517	0	9.77517	0	9.77517	0	9.77517	0	9.77517	0	9.77517	0	9.77517	0	9.77517	0	9.77517	0	9.77517	0	9.77517	0	9.77517	0	9.77517	0	9.77517	0	9.77517	0	9.77517	0	9.77518	0	9.77519	0	9.77517	0	9.77517	0	9.77517	0	9.77517	0	9.77517	0	9.77517	0	9.77517	0
9.77517	0	9.77517	0	9.77517	0	9.77517	0	9.77517	0	9.77517	0	9.77517	0	9.77517	0	9.77517	0	9.77517	0	9.77517	0	9.77517	0	9.77517	0	9.77517	0	9.77517	0	9.77517	0	9.77518	0	9.77519	0	9.77517	0	9.77517	0	9.77517	0	9.77517	0	9.77517	0	9.77517	0	9.77517	0
9.77517	0	9.77517	0	9.77517	0	9.77517	0	9.77517	0	9.77517	0	9.77517	0	9.77517	0	9.77517	0	9.77517	0	9.77517	0	9.77517	0	9.77517	0	9.77517	0	9.77517	0	9.77517	0	9.77518	0	9.77519	0	9.77517	0	9.77517	0	9.77517	0	9.77517	0	9.77517	0	9.77517	0	9.77517	0
9.77517	0	9.77517	0	9.77517	0	9.77517	0	9.77517	0	9.77517	0	9.77517	0	9.77517	0	9.77517	0	9.77517	0	9.77517	0	9.77517	0	9.77517	0	9.77517	0	9.77517	0	9.77517	0	9.77518	0	9.77519	0	9.77517	0	9.77517	0	9.77517	0	9.77517	0	9.77517	0	9.77517	0	9.77517	0
9.77517	0	9.77517	0	9.77517	0	9.77517	0	9.77517	0	9.77517	0	9.77517	0	9.77517	0	9.77517	0	9.77517	0	9.77517	0	9.77517	0	9.77517	0	9.77517	0	9.77517	0	9.77517	0	9.77518	0	9.77519	0	9.77517	0	9.77517	0	9.77517	0	9.77517	0	9.77517	0	9.77517	0	9.77517	0
9.77517	0	9.77517	0	9.77517	0	9.77517	0	9.77517	0	9.77517	0	9.77517	0	9.77517	0	9.77517	0	9.77517	0	9.77517	0	9.77517	0	9.77517	0	9.77517	0	9.77517	0	9.77517	0	9.77518	0	9.77519	0	9.77517	0	9.77517	0	9.77517	0	9.77517	0	9.77517	0	9.77517	0	9.77517	0
9.77517	0	9.77517	0	9.77517	0	9.77517	0	9.77517	0	9.77517	0	9.77517	0	9.77517	0	9.77517	0	9.77517	0	9.77517	0	9.77517	0	9.77517	0	9.77517	0	9.77517	0	9.77517	0	9.77518	0	9.77519	0	9.77517	0	9.77517	0	9.77517	0	9.77517	0	9.77517	0	9.77517	0	9.77517	0
9.77517	0	9.77517	0	9.77517	0	9.77517	0	9.77517	0	9.77517	0	9.77517	0	9.77517	0	9.77517	0	9.77517	0	9.77517	0	9.77517	0	9.77517	0	9.77517	0	9.77517	0	9.77517	0	9.77518	0	9.77519	0	9.77517	0	9.77517	0	9.77517	0	9.77517	0	9.77517	0	9.77517	0	9.77517	0
9.77517	0	9.77517	0	9.77517	0	9.77517	0	9.77517	0	9.77517	0	9.77517	0	9.77517	0	9.77517	0	9.77517	0	9.77517	0	9.77517	0	9.77517	0	9.77517	0	9.77517	0	9.77517	0	9.77518	0	9.77519	0	9.77517	0	9.77517	0	9.77517	0	9.77517	0	9.77517	0	9.77517	0	9.77517	0
9.77517	0	9.77517	0	9.77517	0	9.77517	0	9.77517	0	9.77517	0	9.77517	0	9.77517	0	9.77517	0	9.77517	0	9.77517	0	9.77517	0	9.77517	0	9.77517	0	9.77517	0	9.77517	0	9.77518	0	9.77519	0	9.77517	0	9.77517	0	9.77517	0	9.77517	0	9.77517	0	9.77517	0	9.77517	0
9.77517	0	9.77517	0	9.77517	0	9.77517	0	9.77517	0	9.77517	0	9.77517	0	9.77517	0	9.77517	0	9.77517	0	9.77517	0	9.77517	0	9.77517	0	9.77517	0	9.77517	0	9.77517	0	9.77518	0	9.77519	0	9.77517	0	9.77517	0	9.77517	0	9.77517	0	9.77517	0	9.77517	0	9.77517	0
9.77517	0	9.77517	0	9.77517	0	9.77517	0	9.77517	0	9.77517	0	9.77517	0	9.77517	0	9.77517	0	9.77517	0	9.77517	0	9.77517	0	9.77517	0	9.77517	0	9.77517	0	9.77517	0	9.77518	0	9.77519	0	9.77517	0	9.77517	0	9.77517	0	9.77517	0	9.77517	0	9.77517	0	9.77517	0
9.77517	0	9.77517	0	9.77517	0	9.77517	0	9.77517	0	9.77517	0	9.77517	0	9.77517	0	9.77517	0	9.77517	0	9.77517	0	9.77517	0	9.77517	0	9.77517	0	9.77517	0	9.77517	0	9.77518	0	9.77519	0	9.77517	0	9.77517	0	9.77517	0	9.77517	0	9.77517	0	9.77517	0	9.77517	0
9.77517	0	9.77517	0	9.77517	0	9.77517	0	9.77517	0	9.77517	0	9.77517	0	9.77517	0	9.77517	0	9.77517	0	9.77517	0	9.77517	0	9.77517	0	9.77517	0	9.77517	0	9.77517	0	9.77518	0	9.77519	0	9.77517	0	9.77517	0	9.77517	0	9.77517	0	9.77517	0	9.77517	0	9.77517	0
9.77517	0	9.77517	0	9.77517	0	9.77517	0	9.77517	0	9.77517	0	9.77517	0	9.77517	0	9.77517	0	9.77517	0	9.77517	0	9.77517	0	9.77517	0	9.77517	0	9.77517	0	9.77517	0	9.77518	0	9.77519	0	9.77517	0	9.77517	0	9.77517	0	9.77517	0	9.77517	0	9.77517	0	9.77517	0
9.77517	0	9.77517	0	9.77517	0	9.77517	0	9.77517	0	9.77517	0	9.77517	0	9.77517	0	9.77517	0	9.77517	0	9.77517	0	9.77517	0	9.77517	0	9.77517	0	9.77517	0	9.77517	0	9.77518	0	9.77519	0	9.77517	0	9.77517	0	9.77517	0	9.77517	0	9.77517	0	9.77517	0	9.77517	0
9.77517	0	9.77517	0	9.77517	0	9.77517	0	9.77517	0	9.77517	0	9.77517	0	9.77517	0	9.77517	0	9.77517	0	9.77517	0	9.77517	0	9.77517	0	9.77517	0	9.77517	0	9.77517	0	9.77518	0	9.77519	0	9.77517	0	9.77517	0	9.77517	0	9.77517	0	9.77517	0	9.77517	0	9.77517	0
9.77517	0	9.77517	0	9.77517	0	9.77517	0	9.77517	0	9.77517	0	9.77517	0	9.77517	0	9.77517	0	9.77517	0	9.77517	0	9.77517	0	9.77517	0	9.77517	0	9.77517	0	9.77517	0	9.77518	0	9.77519	0	9.77517	0	9.77517	0	9.77517	0	9.77517	0	9.77517	0	9.77517	0	9.77517	0
9.77517	0	9.77517	0	9.77517	0	9.77517	0	9.77517	0	9.77517	0	9.77517	0	9.77517	0	9.77517	0	9.77517	0	9.77517	0	9.77517	0	9.77517	0	9.77517	0	9.77517	0	9.77517	0	9.77518	0	9.77519	0	9.77517	0	9.77517	0	9.77517	0	9.77517	0	9.77517	0	9.77517	0	9.77517	0
9.77517	0	9.77517	0	9.77517	0	9.77517	0	9.77517	0	9.77517	0	9.77517	0	9.77517	0	9.77517	0	9.77517	0	9.77517	0	9.77517	0	9.77517	0	9.77517	0	9.77517	0	9.77517	0	9.77518	0	9.77519	0	9.77517	0	9.77517	0	9.77517	0	9.77517	0	9.77517	0	9.77517	0	9.77517	0
9.77517	0	9.77517	0	9.77517	0	9.77517	0	9.77517	0	9.77517	0	9.77517	0	9.77517	0	9.77517	0	9.77517	0	9.77517	0	9.77517	0	9.77517	0	9.77517	0	9.77517	0	9.77517	0	9.77518	0	9.77519	0	9.77517	0	9.77517	0	9.77517	0	9.77517	0	9.77517	0	9.77517	0	9.77517	0
9.77517	0	9.77517	0	9.77517	0	9.77517	0	9.77517	0	9.77517	0	9.77517	0	9.77517	0	9.77517	0	9.77517	0	9.77517	0	9.77517	0	9.77517	0	9.77517	0	9.77517	0	9.77517	0	9.77518	0	9.77519	0	9.77517	0	9.77517	0	9.77517	0	9.77517	0	9.77517	0	9.77517	0	9.77517	0
9.77517	0	9.77517	0	9.77517	0	9.77517	0	9.77517	0	9.77517	0	9.77517	0	9.77517	0	9.77517	0	9.77517	0	9.77517	0	9.77517	0	9.77517	0	9.77517	0	9.77517	0	9.77517	0	9.77518	0	9.77519	0	9.77517	0	9.77517	0	9.77517	0	9.77517	0	9.77517	0	9.77517	0	9.77517	0
9.77517	0	9.77517	0	9.77517	0	9.77517	0	9.77517	0	9.77517	0	9.77517	0	9.77517	0	9.77517	0	9.77517	0	9.77517	0	9.77517	0	9.77517	0	9.77517	0	9.77517	0	9.77517	0	9.77518	0	9.77519	0	9.77517	0	9.77517	0	9.77517	0	9.77517	0	9.77517	0	9.77517	0	9.77517	0
9.77517	0	9.77517	0	9.77517	0	9.77517	0	9.77517	0	9.77517	0	9.77517	0	9.77517	0	9.77517	0	9.77517	0	9.77517	0	9.77517	0	9.77517	0	9.77517	0	9.77517	0	9.77517	0	9.77518	0	9.77519	0	9.77517	0	9.77517	0	9.77517	0	9.77517	0	9.77517	0	9.77517	0	9.77517	0
9.77517	0	9.77517	0	9.77517	0	9.77517	0	9.77517	0	9.77517	0	9.77517	0	9.77517	0	9.77517	0	9.77517	0	9.77517	0	9.77517	0	9.77517	0	9.77517	0	9.77517	0	9.77517	0	9.77518	0	9.77519	0	9.77517	0	9.77517	0	9.77517	0	9.77517	0	9.77517	0	9.77517	0	9.77517	0
9.77517	0	9.77517	0	9.77517	0	9.77517	0	9.77517	0	9.77517	0	9.77517	0	9.77517	0	9.77517	0	9.77517	0	9.77517	0	9.77517	0	9.77517	0	9.77517	0	9.77517	0	9.77517	0	9.77518	0	9.77519	0	9.77517	0	9.77517	0	9.77517	0	9.77517	0	9.77517	0	9.77517	0	9.77517	0
9.77517	0	9.77517	0	9.77517	0	9.77517	0	9.77517	0	9.77517	0	9.77517	0	9.77517	0	9.77517	0	9.77517	0	9.77517	0	9.77517	0	9.77517	0	9.77517	0	9.77517	0	9.77517	0	9.77518	0	9.77519	0	9.77517	0	9.77517	0	9.77517	0	9.77517	0	9.77517	0	9.77517	0	9.77517	0
9.77517	0	9.77517	0	9.77517	0	9.77517	0	9.77517	0	9.77517	0	9.77517	0	9.77517	0	9.77517	0	9.77517	0	9.77517	0	9.77517	0	9.77517	0	9.77517	0	9.77517	0	9.77517	0	9.77518	0	9.77519	0	9.77517	0	9.77517	0	9.77517	0	9.77517	0	9.77517	0	9.77517	0	9.77517	0
9.77517	0	9.77517	0	9.77517	0	9.77517	0	9.77517	0	9.77517	0	9.77517	0	9.77517	0	9.77517	0	9.77517	0	9.77517	0	9.77517	0	9.77517	0	9.77517	0	9.77517	0	9.77517	0	9.77518	0	9.77519	0	9.77517	0	9.77517	0	9.77517	0	9.77517	0	9.77517	0	9.77517	0	9.77517	0
9.77517	0	9.77517	0	9.77517	0	9.77517	0	9.77517	0	9.77517	0	9.77517	0	9.77517	0	9.77517	0	9.77517	0	9.77517	0	9.77517	0	9.77517	0	9.77517	0	9.77517	0	9.77517	0	9.77517	0	9.77519	0	9.77517	0	9.77517	0	9.77517	0	9.77517	0	9.77517	0	9.77517	0	9.77517	0
9.77517	0	9.77517	0	9.77517	0	9.77517	0	9.77517	0	9.77517	0	9.77517	0	9.77517	0	9.77517	0	9.77517	0	9.77517	0	9.77517	0	9.77517	0	9.77517	0	9.77517	0	9.77517	0	9.77517	0	9.77519	0	9.77517	0	9.77517	0	9.77517	0	9.77517	0	9.77517	0	9.77517	0	9.77517	0
9.77517	0	9.77517	0	9.77517	0	9.77517	0	9.77517	0	9.77517	0	9.77517	0	9.77517	0	9.77517	0	9.77517	0	9.77517	0	9.77517	0	9.77517	0	9.77517	0	9.77517	0	9.77517	0	9.77517	0	9.77519	0	9.77517	0	9.77517	0	9.77517	0	9.77517	0	9.77517	0	9.77517	0	9.77517	0
9.77517	0	9.77517	0	9.77517	0	9.77517	0	9.77517	0	9.77517	0	9.77517	0	9.77517	0	9.77517	0	9.77517	0	9.77517	0	9.77517	0	9.77517	0	9.77517	0	9.77517	0	9.77517	0	9.77517	0	9.77519	0	9.77517	0	9.77517	0	9.77517	0	9.77517	0	9.77517	0	9.77517	0	9.77517	0
9.77517	0	9.77517	0	9.77517	0	9.77517	0	9.77517	0	9.77517	0	9.77517	0	9.77517	0	9.77517	0	9.77517	0	9.77517	0	9.77517	0	9.77517	0	9.77517	0	9.77517	0	9.77517	0	9.77517	0	9.77519	0	9.77517	0	9.77517	0	9.77517	0	9.77517	0	9.77517	0	9.77517	0	9.77517	0
9.77517	0	9.77517	0	9.77517	0	9.77517	0	9.77517	0	9.77517	0	9.77517	0	9.77517	0	9.77517	0	9.77517	0	9.77517	0	9.77517	0	9.77517	0	9.77517	0	9.77517	0	9.77517	0	9.77517	0	9.77519	0	9.77517	0	9.77517	0	9.77517	0	9.77517	0	9.77517	0	9.77517	0	9.77517	0
9.77517	0	9.77517	0	9.77517	0	9.77517	0	9.77517	0	9.77517	0	9.77517	0	9.77517	0	9.77517	0	9.77517	0	9.77517	0	9.77517	0	9.77517	0	9.77517	0	9.77517	0	9.77517	0	9.77517	0	9.77519	0	9.77517	0	9.77517	0	9.77517	0	9.77517	0	9.77517	0	9.77517	0	9.77517	0
9.77517	0	9.77517	0	9.77517	0	9.77517	0	9.77517	0	9.77517	0	9.77517	0	9.77517	0	9.77517	0	9.77517	0	9.77517	0	9.77517	0	9.77517	0	9.77517	0	9.77517	0	9.77517	0	9.77517	0	9.77519	0	9.77517	0	9.77517	0	9.77517	0	9.77517	0	9.77517	0	9.77517	0	9.77517	0
9.77517	0	9.77517	0	9.77517	0	9.77517	0	9.77517	0	9.77517	0	9.77517	0	9.77517	0	9.77517	0	9.77517	0	9.77517	0	9.77517	0	9.77517	0	9.77517	0	9.77517	0	9.77517	0	9.77517	0	9.77519	0	9.77517	0	9.77517	0	9.77517	0	9.77517	0	9.77517	0	9.77517	0	9.77517	0
9.77517	0	9.77517	0	9.77517	0	9.77517	0	9.77517	0	9.77517	0	9.77517	0	9.77517	0	9.77517	0	9.77517	0	9.77517	0	9.77517	0	9.77517	0	9.77517	0	9.77517	0	9.77517	0	9.77517	0	9.77519	0	9.77517	0	9.77517	0	9.77517	0	9.77517	0	9.77517	0	9.77517	0	9.77517	0
9.77517	0	9.77517	0	9.77517	0	9.77517	0	9.77517	0	9.77517	0	9.77517	0	9.77517	0	9.77517	0	9.77517	0	9.77517	0	9.77517	0	9.77517	0	9.77517	0	9.77517	0	9.77517	0	9.77517	0	9.77519	0	9.77517	0	9.77517	0	9.77517	0	9.77517	0	9.77517	0	9.77517	0	9.77517	0
9.77517	0	9.77517	0	9.77517	0	9.77517	0	9.77517	0	9.77517	0	9.77517	0	9.77517	0	9.77517	0	9.77517	0	9.77517	0	9.77517	0	9.77517	0	9.77517	0	9.77517	0	9.77517	0	9.77517	0	9.77519	0	9.77517	0	9.77517	0	9.77517	0	9.77517	0	9.77517	0	9.77517	0	9.77517	0
9.77517	0	9.77517	0	9.77517	0	9.77517	0	9.77517	0	9.77517	0	9.77517	0	9.77517	0	9.77517	0	9.77517	0	9.77517	0	9.77517	0	9.77517	0	9.77517	0	9.77517	0	9.77517	0	9.77517	0	9.77519	0	9.77517	0	9.77517	0	9.77517	0	9.77517	0	9.77517	0	9.77517	0	9.77517	0
9.77517	0	9.77517	0	9.77517	0	9.77517	0	9.77517	0	9.77517	0	9.77517	0	9.77517	0	9.77517	0	9.77517	0	9.77517	0	9.77517	0	9.77517	0	9.77517	0	9.77517	0	9.77517	0	9.77517	0	9.77519	0	9.77517	0	9.77517	0	9.77517	0	9.77517	0	9.77517	0	9.77517	0	9.77517	0
9.77517	0	9.77517	0	9.77517	0	9.77517	0	9.77517	0	9.77517	0	9.77517	0	9.77517	0	9.77517	0	9.77517	0	9.77517	0	9.77517	0	9.77517	0	9.77517	0	9.77517	0	9.77517	0	9.77517	0	9.77519	0	9.77517	0	9.77517	0	9.77517	0	9.77517	0	9.77517	0	9.77517	0	9.77517	0
9.77517	0	9.77517	0	9.77517	0	9.77517	0	9.77517	0	9.77517	0	9.77517	0	9.77517	0	9.77517	0	9.77517	0	9.77517	0	9.77517	0	9.77517	0	9.77517	0	9.77517	0	9.77517	0	9.77517	0	9.77519	0	9.77517	0	9.77517	0	9.77517	0	9.77517	0	9.77517	0	9.77517	0	9.77517	0
9.77517	0	9.77517	0	9.77517	0	9.77517	0	9.77517	0	9.77517	0	9.77517	0	9.77517	0	9.77517	0	9.77517	0	9.77517	0	9.77517	0	9.77517	0	9.77517	0	9.77517	0	9.77517	0	9.77517	0	9.77519	0	9.77517	0	9.77517	0	9.77517	0	9.77517	0	9.77517	0	9.77517	0	9.77517	0
9.77517	0	9.77517	0	9.77517	0	9.77517	0	9.77517	0	9.77517	0	9.77517	0	9.77517	0	9.77517	0	9.77517	0	9.77517	0	9.77517	0	9.77517	0	9.77517	0	9.77517	0	9.77517	0	9.77517	0	9.77519	0	9.77517	0	9.77517	0	9.77517	0	9.77517	0	9.77517	0	9.77517	0	9.77517	0
9.77517	0	9.77517	0	9.77517	0	9.77517	0	9.77517	0	9.77517	0	9.77517	0	9.77517	0	9.77517	0	9.77517	0	9.77517	0	9.77517	0	9.77517	0	9.77517	0	9.77517	0	9.77517	0	9.77517	0	9.77519	0	9.77517	0	9.77517	0	9.77517	0	9.77517	0	9.77517	0	9.77517	0	9.77517	0
9.77517	0	9.77517	0	9.77517	0	9.77517	0	9.77517	0	9.77517	0	9.77517	0	9.77517	0	9.77517	0	9.77517	0	9.77517	0	9.77517	0	9.77517	0	9.77517	0	9.77517	0	9.77517	0	9.77517	0	9.77519	0	9.77517	0	9.77517	0	9.77517	0	9.77517	0	9.77517	0	9.77517	0	9.77517	0
9.77517	0	9.77517	0	9.77517	0	9.77517	0	9.77517	0	9.77517	0	9.77517	0	9.77517	0	9.77517	0	9.77517	0	9.77517	0	9.77517	0	9.77517	0	9.77517	0	9.77517	0	9.77517	0	9.77517	0	9.77519	0	9.77517	0	9.77517	0	9.77517	0	9.77517	0	9.77517	0	9.77517	0	9.77517	0
9.77517	0	9.77517	0	9.77517	0	9.77517	0	9.77517	0	9.77517	0	9.77517	0	9.77517	0	9.77517	0	9.77517	0	9.77517	0	9.77517	0	9.77517	0	9.77517	0	9.77517	0	9.77517	0	9.77517	0	9.77519	0	9.77517	0	9.77517	0	9.77517	0	9.77517	0	9.77517	0	9.77517	0	9.77517	0
9.77517	0	9.77517	0	9.77517	0	9.77517	0	9.77517	0	9.77517	0	9.77517	0	9.77517	0	9.77517	0	9.77517	0	9.77517	0	9.77517	0	9.77517	0	9.77517	0	9.77517	0	9.77517	0	9.77517	0	9.77519	0	9.77517	0	9.77517	0	9.77517	0	9.77517	0	9.77517	0	9.77517	0	9.77517	0
9.77517	0	9.77517	0	9.77517	0	9.77517	0	9.77517	0	9.77517	0	9.77517	0	9.77517	0	9.77517	0	9.77517	0	9.77517	0	9.77517	0	9.77517	0	9.77517	0	9.77517	0	9.77517	0	9.77517	0	9.77519	0	9.77517	0	9.77517	0	9.77517	0	9.77517	0	9.77517	0	9.77517	0	9.77517	0
9.77517	0	9.77517	0	9.77517	0	9.77517	0	9.77517	0	9.77517	0	9.77517	0	9.77517	0	9.77517	0	9.77517	0	9.77517	0	9.77517	0	9.77517	0	9.77517	0	9.77517	0	9.77517	0	9.77517	0	9.77519	0	9.77517	0	9.77517	0	9.77517	0	9.77517	0	9.77517	0	9.77517	0	9.77517	0
9.77517	0	9.77517	0	9.77517	0	9.77517	0	9.77517	0	9.77517	0	9.77517	0	9.77517	0	9.77517	0	9.77517	0	9.77517	0	9.77517	0	9.77517	0	9.77517	0	9.77517	0	9.77517	0	9.77517	0	9.77519	0	9.77517	0	9.77517	0	9.77517	0	9.77517	0	9.77517	0	9.77517	0	9.77517	0
9.77517	0	9.77517	0	9.77517	0	9.77517	0	9.77517	0	9.77517	0	9.77517	0	9.77517	0	9.77517	0	9.77517	0	9.77517	0	9.77517	0	9.77517	0	9.77517	0	9.77517	0	9.77517	0	9.77517	0	9.77519	0	9.77517	0	9.77517	0	9.77517	0	9.77517	0	9.77517	0	9.77517	0	9.77517	0
9.77517	0	9.77517	0	9.77517	0	9.77517	0	9.77517	0	9.77517	0	9.77517	0	9.77517	0	9.77517	0	9.77517	0	9.77517	0	9.77517	0	9.77517	0	9.77517	0	9.77517	0	9.77517	0	9.77517	0	9.77519	0	9.77517	0	9.77517	0	9.77517	0	9.77517	0	9.77517	0	9.77517	0	9.77517	0
9.77517	0	9.77517	0	9.77517	0	9.77517	0	9.77517	0	9.77517	0	9.77517	0	9.77517	0	9.77517	0	9.77517	0	9.77517	0	9.77517	0	9.77517	0	9.77517	0	9.77517	0	9.77517	0	9.77517	0	9.77519	0	9.77517	0	9.77517	0	9.77517	0	9.77517	0	9.77517	0	9.77517	0	9.77517	0
9.77517	0	9.77517	0	9.77517	0	9.77517	0	9.77517	0	9.77517	0	9.77517	0	9.77517	0	9.77517	0	9.77517	0	9.77517	0	9.77517	0	9.77517	0	9.77517	0	9.77517	0	9.77517	0	9.77517	0	9.77519	0	9.77517	0	9.77517	0	9.77517	0	9.77517	0	9.77517	0	9.77517	0	9.77517	0
9.77517	0	9.77517	0	9.77517	0	9.77517	0	9.77517	0	9.77517	0	9.77517	0	9.77517	0	9.77517	0	9.77517	0	9.77517	0	9.77517	0	9.77517	0	9.77517	0	9.77517	0	9.77517	0	9.77517	0	9.77519	0	9.77517	0	9.77517	0	9.77517	0	9.77517	0	9.77517	0	9.77517	0	9.77517	0
9.77517	0	9.77517	0	9.77517	0	9.77517	0	9.77517	0	9.77517	0	9.77517	0	9.77517	0	9.77517	0	9.77517	0	9.77517	0	9.77517	0	9.77517	0	9.77517	0	9.77517	0	9.77517	0	9.77517	0	9.77519	0	9.77517	0	9.77517	0	9.77517	0	9.77517	0	9.77517	0	9.77517	0	9.77517	0
9.77517	0	9.77517	0	9.77517	0	9.77517	0	9.77517	0	9.77517	0	9.77517	0	9.77517	0	9.77517	0	9.77517	0	9.77517	0	9.77517	0	9.77517	0	9.77517	0	9.77517	0	9.77517	0	9.77517	0	9.77519	0	9.77517	0	9.77517	0	9.77517	0	9.77517	0	9.77517	0	9.77517	0	9.77517	0
9.77517	0	9.77517	0	9.77517	0	9.77517	0	9.77517	0	9.77517	0	9.77517	0	9.77517	0	9.77517	0	9.77517	0	9.77517	0	9.77517	0	9.77517	0	9.77517	0	9.77517	0	9.77517	0	9.77517	0	9.77519	0	9.77517	0	9.77517	0	9.77517	0	9.77517	0	9.77517	0	9.77517	0	9.77517	0
9.77517	0	9.77517	0	9.77517	0	9.77517	0	9.77517	0	9.77517	0	9.77517	0	9.77517	0	9.77517	0	9.77517	0	9.77517	0	9.77517	0	9.77517	0	9.77517	0	9.77517	0	9.77517	0	9.77517	0	9.77519	0	9.77517	0	9.77517	0	9.77517	0	9.77517	0	9.77517	0	9.77517	0	9.77517	0
9.77517	0	9.77517	0	9.77517	0	9.77517	0	9.77517	0	9.77517	0	9.77517	0	9.77517	0	9.77517	0	9.77517	0	9.77517	0	9.77517	0	9.77517	0	9.77517	0	9.77517	0	9.77517	0	9.77517	0	9.77519	0	9.77517	0	9.77517	0	9.77517	0	9.77517	0	9.77517	0	9.77517	0	9.77517	0
9.77517	0	9.77517	0	9.77517	0	9.77517	0	9.77517	0	9.77517	0	9.77517	0	9.77517	0	9.77517	0	9.77517	0	9.77517	0	9.77517	0	9.77517	0	9.77517	0	9.77517	0	9.77517	0	9.77517	0	9.77519	0	9.77517	0	9.77517	0	9.77517	0	9.77517	0	9.77517	0	9.77517	0	9.77517	0
9.77517	0	9.77517	0	9.77517	0	9.77517	0	9.77517	0	9.77517	0	9.77517	0	9.77517	0	9.77517	0	9.77517	0	9.77517	0	9.77517	0	9.77517	0	9.77517	0	9.77517	0	9.77517	0	9.77517	0	9.77519	0	9.77517	0	9.77517	0	9.77517	0	9.77517	0	9.77517	0	9.77517	0	9.77517	0
9.77517	0	9.77517	0	9.77517	0	9.77517	0	9.77517	0	9.77517	0	9.77517	0	9.77517	0	9.77517	0	9.77517	0	9.77517	0	9.77517	0	9.77517	0	9.77517	0	9.77517	0	9.77517	0	9.77517	0	9.77519	0	9.77517	0	9.77517	0	9.77517	0	9.77517	0	9.77517	0	9.77517	0	9.77517	0
9.77517	0	9.77517	0	9.77517	0	9.77517	0	9.77517	0	9.77517	0	9.77517	0	9.77517	0	9.77517	0	9.77517	0	9.77517	0	9.77517	0	9.77517	0	9.77517	0	9.77517	0	9.77517	0	9.77517	0	9.77519	0	9.77517	0	9.77517	0	9.77517	0	9.77517	0	9.77517	0	9.77517	0	9.77517	0
9.77517	0	9.77517	0	9.77517	0	9.77517	0	9.77517	0	9.77517	0	9.77517	0	9.77517	0	9.77517	0	9.77517	0	9.77517	0	9.77517	0	9.77517	0	9.77517	0	9.77517	0	9.77517	0	9.77517	0	9.77519	0	9.77517	0	9.77517	0	9.77517	0	9.77517	0	9.77517	0	9.77517	0	9.77517	0
9.77517	0	9.77517	0	9.77517	0	9.77517	0	9.77517	0	9.77517	0	9.77517	0	9.77517	0	9.77517	0	9.77517	0	9.77517	0	9.77517	0	9.77517	0	9.77517	0	9.77517	0	9.77517	0	9.77517	0	9.77519	0	9.77517	0	9.77517	0	9.77517	0	9.77517	0	9.77517	0	9.77517	0	9.77517	0
9.77517	0	9.77517	0	9.77517	0	9.77517	0	9.77517	0	9.77517	0	9.77517	0	9.77517	0	9.77517	0	9.77517	0	9.77517	0	9.77517	0	9.77517	0	9.77517	0	9.77517	0	9.77517	0	9.77517	0	9.77519	0	9.77517	0	9.77517	0	9.77517	0	9.77517	0	9.77517	0	9.77517	0	9.77517	0
9.77517	0	9.77517	0	9.77517	0	9.77517	0	9.77517	0	9.77517	0	9.77517	0	9.77517	0	9.77517	0	9.77517	0	9.77517	0	9.77517	0	9.77517	0	9.77517	0	9.77517	0	9.77517	0	9.77517	0	9.77519	0	9.77517	0	9.77517	0	9.77517	0	9.77517	0	9.77517	0	9.77517	0	9.77517	0
9.77517	0	9.77517	0	9.77517	0	9.77517	0	9.77517	0	9.77517	0	9.77517	0	9.77517	0	9.77517	0	9.77517	0	9.77517	0	9.77517	0	9.77517	0	9.77517	0	9.77517	0	9.77517	0	9.77517	0	9.77519	0	9.77517	0	9.77517	0	9.77517	0	9.77517	0	9.77517	0	9.77517	0	9.77517	0
9.77517	0	9.77517	0	9.77517	0	9.77517	0	9.77517	0	9.77517	0	9.77517	0	9.77517	0	9.77517	0	9.77517	0	9.77517	0	9.77517	0	9.77517	0	9.77517	0	9.77517	0	9.77517	0	9.77517	0	9.77519	0	9.77517	0	9.77517	0	9.77517	0	9.77517	0	9.77517	0	9.77517	0	9.77517	0
9.77517	0	9.77517	0	9.77517	0	9.77517	0	9.77517	0	9.77517	0	9.77517	0	9.77517	0	9.77517	0	9.77517	0	9.77517	0	9.77517	0	9.77517	0	9.77517	0	9.77517	0	9.77517	0	9.77517	0	9.77519	0	9.77517	0	9.77517	0	9.77517	0	9.77517	0	9.77517	0	9.77517	0	9.77517	0
9.77517	0	9.77517	0	9.77517	0	9.77517	0	9.77517	0	9.77517	0	9.77517	0	9.77517	0	9.77517	0	9.77517	0	9.77517	0	9.77517	0	9.77517	0	9.77517	0	9.77517	0	9.77517	0	9.77517	0	9.77519	0	9.77517	0	9.77517	0	9.77517	0	9.77517	0	9.77517	0	9.77517	0	9.77517	0
9.77517	0	9.77517	0	9.77517	0	9.77517	0	9.77517	0	9.77517	0	9.77517	0	9.77517	0	9.77517	0	9.77517	0	9.77517	0	9.77517	0	9.77517	0	9.77517	0	9.77517	0	9.77517	0	9.77517	0	9.77519	0	9.77517	0	9.77517	0	9.77517	0	9.77517	0	9.77517	0	9.77517	0	9.77517	0
9.77517	0	9.77517	0	9.77517	0	9.77517	0	9.77517	0	9.77517	0	9.77517	0	9.77517	0	9.77517	0	9.77517	0	9.77517	0	9.77517	0	9.77517	0	9.77517	0	9.77517	0	9.77517	0	9.77517	0	9.77519	0	9.77517	0	9.77517	0	9.77517	0	9.77517	0	9.77517	0	9.77517	0	9.77517	0
9.77517	0	9.77517	0	9.77517	0	9.77517	0	9.77517	0	9.77517	0	9.77517	0	9.77517	0	9.77517	0	9.77517	0	9.77517	0	9.77517	0	9.77517	0	9.77517	0	9.77517	0	9.77517	0	9.77517	0	9.77519	0	9.77517	0	9.77517	0	9.77517	0	9.77517	0	9.77517	0	9.77517	0	9.77517	0
9.77517	0	9.77517	0	9.77517	0	9.77517	0	9.77517	0	9.77517	0	9.77517	0	9.77517	0	9.77517	0	9.77517	0	9.77517	0	9.77517	0	9.77517	0	9.77517	0	9.77517	0	9.77517	0	9.77517	0	9.77519	0	9.77517	0	9.77517	0	9.77517	0	9.77517	0	9.77517	0	9.77517	0	9.77517	0
9.77517	0	9.77517	0	9.77517	0	9.77517	0	9.77517	0	9.77517	0	9.77517	0	9.77517	0	9.77517	0	9.77517	0	9.77517	0	9.77517	0	9.77517	0	9.77517	0	9.77517	0	9.77517	0	9.77517	0	9.77519	0	9.77517	0	9.77517	0	9.77517	0	9.77517	0	9.77517	0	9.77517	0	9.77517	0
9.77517	0	9.77517	0	9.77517	0	9.77517	0	9.77517	0	9.77517	0	9.77517	0	9.77517	0	9.77517	0	9.77517	0	9.77517	0	9.77517	0	9.77517	0	9.77517	0	9.77517	0	9.77517	0	9.77517	0	9.77519	0	9.77517	0	9.77517	0	9.77517	0	9.77517	0	9.77517	0	9.77517	0	9.77517	0
9.77517	0	9.77517	0	9.77517	0	9.77517	0	9.77517	0	9.77517	0	9.77517	0	9.77517	0	9.77517	0	9.77517	0	9.77517	0	9.77517	0	9.77517	0	9.77517	0	9.77517	0	9.77517	0	9.77517	0	9.77519	0	9.77517	0	9.77517	0	9.77517	0	9.77517	0	9.77517	0	9.77517	0	9.77517	0
9.77517	0	9.77517	0	9.77517	0	9.77517	0	9.77517	0	9.77517	0	9.77517	0	9.77517	0	9.77517	0	9.77517	0	9.77517	0	9.77517	0	9.77517	0	9.77517	0	9.77517	0	9.77517	0	9.77517	0	9.77519	0	9.77517	0	9.77517	0	9.77517	0	9.77517	0	9.77517	0	9.77517	0	9.77517	0
9.77517	0	9.77517	0	9.77517	0	9.77517	0	9.77517	0	9.77517	0	9.77517	0	9.77517	0	9.77517	0	9.77517	0	9.77517	0	9.77517	0	9.77517	0	9.77517	0	9.77517	0	9.77517	0	9.77517	0	9.77519	0	9.77517	0	9.77517	0	9.77517	0	9.77517	0	9.77517	0	9.77517	0	9.77517	0
9.77517	0	9.77517	0	9.77517	0	9.77517	0	9.77517	0	9.77517	0	9.77517	0	9.77517	0	9.77517	0	9.77517	0	9.77517	0	9.77517	0	9.77517	0	9.77517	0	9.77517	0	9.77517	0	9.77517	0	9.77519	0	9.77517	0	9.77517	0	9.77517	0	9.77517	0	9.77517	0	9.77517	0	9.77517	0
9.77517	0	9.77517	0	9.77517	0	9.77517	0	9.77517	0	9.77517	0	9.77517	0	9.77517	0	9.77517	0	9.77517	0	9.77517	0	9.77517	0	9.77517	0	9.77517	0	9.77517	0	9.77517	0	9.77517	0	9.77519	0	9.77517	0	9.77517	0	9.77517	0	9.77517	0	9.77517	0	9.77517	0	9.77517	0
9.77517	0	9.77517	0	9.77517	0	9.77517	0	9.77517	0	9.77517	0	9.77517	0	9.77517	0	9.77517	0	9.77517	0	9.77517	0	9.77517	0	9.77517	0	9.77517	0	9.77517	0	9.77517	0	9.77517	0	9.77519	0	9.77517	0	9.77517	0	9.77517	0	9.77517	0	9.77517	0	9.77517	0	9.77517	0
9.77517	0	9.77517	0	9.77517	0	9.77517	0	9.77517	0	9.77517	0	9.77517	0	9.77517	0	9.77517	0	9.77517	0	9.77517	0	9.77517	0	9.77517	0	9.77517	0	9.77517	0	9.77517	0	9.77517	0	9.77519	0	9.77517	0	9.77517	0	9.77517	0	9.77517	0	9.77517	0	9.77517	0	9.77517	0
9.77517	0	9.77517	0	9.77517	0	9.77517	0	9.77517	0	9.77517	0	9.77517	0	9.77517	0	9.77517	0	9.77517	0	9.77517	0	9.77517	0	9.77517	0	9.77517	0	9.77517	0	9.77517	0	9.77517	0	9.77519	0	9.77517	0	9.77517	0	9.77517	0	9.77517	0	9.77517	0	9.77517	0	9.77517	0
9.77517	0	9.77517	0	9.77517	0	9.77517	0	9.77517	0	9.77517	0	9.77517	0	9.77517	0	9.77517	0	9.77517	0	9.77517	0	9.77517	0	9.77517	0	9.77517	0	9.77517	0	9.77517	0	9.77517	0	9.77519	0	9.77517	0	9.77517	0	9.77517	0	9.77517	0	9.77517	0	9.77517	0	9.77517	0
9.77517	0	9.77517	0	9.77517	0	9.77517	0	9.77517	0	9.77517	0	9.77517	0	9.77517	0	9.77517	0	9.77517	0	9.77517	0	9.77517	0	9.77517	0	9.77517	0	9.77517	0	9.77517	0	9.77517	0	9.77519	0	9.77517	0	9.77517	0	9.77517	0	9.77517	0	9.77517	0	9.77517	0	9.77517	0
9.77517	0	9.77517	0	9.77517	0	9.77517	0	9.77517	0	9.77517	0	9.77517	0	9.77517	0	9.77517	0	9.77517	0	9.77517	0	9.77517	0	9.77517	0	9.77517	0	9.77517	0	9.77517	0	9.77517	0	9.77519	0	9.77517	0	9.77517	0	9.77517	0	9.77517	0	9.77517	0	9.77517	0	9.77517	0
9.77517	0	9.77517	0	9.77517	0	9.77517	0	9.77517	0	9.77517	0	9.77517	0	9.77517	0	9.77517	0	9.77517	0	9.77517	0	9.77517	0	9.77517	0	9.77517	0	9.77517	0	9.77517	0	9.77517	0	9.77519	0	9.77517	0	9.77517	0	9.77517	0	9.77517	0	9.77517	0	9.77517	0	9.77517	0
9.77517	0	9.77517	0	9.77517	0	9.77517	0	9.77517	0	9.77517	0	9.77517	0	9.77517	0	9.77517	0	9.77517	0	9.77517	0	9.77517	0	9.77517	0	9.77517	0	9.77517	0	9.77517	0	9.77517	0	9.77519	0	9.77517	0	9.77517	0	9.77517	0	9.77517	0	9.77517	0	9.77517	0	9.77517	0
9.77517	0	9.77517	0	9.77517	0	9.77517	0	9.77517	0	9.77517	0	9.77517	0	9.77517	0	9.77517	0	9.77517	0	9.77517	0	9.77517	0	9.77517	0	9.77517	0	9.77517	0	9.77517	0	9.77517	0	9.77519	0	9.77517	0	9.77517	0	9.77517	0	9.77517	0	9.77517	0	9.77517	0	9.77517	0
9.77517	0	9.77517	0	9.77517	0	9.77517	0	9.77517	0	9.77517	0	9.77517	0	9.77517	0	9.77517	0	9.77517	0	9.77517	0	9.77517	0	9.77517	0	9.77517	0	9.77517	0	9.77517	0	9.77517	0	9.77519	0	9.77517	0	9.77517	0	9.77517	0	9.77517	0	9.77517	0	9.77517	0	9.77517	0
9.77517	0	9.77517	0	9.77517	0	9.77517	0	9.77517	0	9.77517	0	9.77517	0	9.77517	0	9.77517	0	9.77517	0	9.77517	0	9.77517	0	9.77517	0	9.77517	0	9.77517	0	9.77517	0	9.77517	0	9.77519	0	9.77517	0	9.77517	0	9.77517	0	9.77517	0	9.77517	0	9.77517	0	9.77517	0
9.77517	0	9.77517	0	9.77517	0	9.77517	0	9.77517	0	9.77517	0	9.77517	0	9.77517	0	9.77517	0	9.77517	0	9.77517	0	9.77517	0	9.77517	0	9.77517	0	9.77517	0	9.77517	0	9.77517	0	9.77519	0	9.77517	0	9.77517	0	9.77517	0	9.77517	0	9.77517	0	9.77517	0	9.77517	0
9.77517	0	9.77517	0	9.77517	0	9.77517	0	9.77517	0	9.77517	0	9.77517	0	9.77517	0	9.77517	0	9.77517	0	9.77517	0	9.77517	0	9.77517	0	9.77517	0	9.77517	0	9.77517	0	9.77517	0	9.77519	0	9.77517	0	9.77517	0	9.77517	0	9.77517	0	9.77517	0	9.77517	0	9.77517	0
9.77517	0	9.77517	0	9.77517	0	9.77517	0	9.77517	0	9.77517	0	9.77517	0	9.77517	0	9.77517	0	9.77517	0	9.77517	0	9.77517	0	9.77517	0	9.77517	0	9.77517	0	9.77517	0	9.77517	0	9.77519	0	9.77517	0	9.77517	0	9.77517	0	9.77517	0	9.77517	0	9.77517	0	9.77517	0
9.77517	0	9.77517	0	9.77517	0	9.77517	0	9.77517	0	9.77517	0	9.77517	0	9.77517	0	9.77517	0	9.77517	0	9.77517	0	9.77517	0	9.77517	0	9.77517	0	9.77517	0	9.77517	0	9.77517	0	9.77519	0	9.77517	0	9.77517	0	9.77517	0	9.77517	0	9.77517	0	9.77517	0	9.77517	0
9.77517	0	9.77517	0	9.77517	0	9.77517	0	9.77517	0	9.77517	0	9.77517	0	9.77517	0	9.77517	0	9.77517	0	9.77517	0	9.77517	0	9.77517	0	9.77517	0	9.77517	0	9.77517	0	9.77517	0	9.77519	0	9.77517	0	9.77517	0	9.77517	0	9.77517	0	9.77517	0	9.77517	0	9.77517	0
9.77517	0	9.77517	0	9.77517	0	9.77517	0	9.77517	0	9.77517	0	9.77517	0	9.77517	0	9.77517	0	9.77517	0	9.77517	0	9.77517	0	9.77517	0	9.77517	0	9.77517	0	9.77517	0	9.77517	0	9.77519	0	9.77517	0	9.77517	0	9.77517	0	9.77517	0	9.77517	0	9.77517	0	9.77517	0
9.77517	0	9.77517	0	9.77517	0	9.77517	0	9.77517	0	9.77517	0	9.77517	0	9.77517	0	9.77517	0	9.77517	0	9.77517	0	9.77517	0	9.77517	0	9.77517	0	9.77517	0	9.77517	0	9.77517	0	9.77519	0	9.77517	0	9.77517	0	9.77517	0	9.77517	0	9.77517	0	9.77517	0	9.77517	0
9.77517	0	9.77517	0	9.77517	0	9.77517	0	9.77517	0	9.77517	0	9.77517	0	9.77517	0	9.77517	0	9.77517	0	9.77517	0	9.77517	0	9.77517	0	9.77517	0	9.77517	0	9.77517	0	9.77517	0	9.77519	0	9.77517	0	9.77517	0	9.77517	0	9.77517	0	9.77517	0	9.77517	0	9.77517	0
9.77517	0	9.77517	0	9.77517	0	9.77517	0	9.77517	0	9.77517	0	9.77517	0	9.77517	0	9.77517	0	9.77517	0	9.77517	0	9.77517	0	9.77517	0	9.77517	0	9.77517	0	9.77517	0	9.77517	0	9.77519	0	9.77517	0	9.77517	0	9.77517	0	9.77517	0	9.77517	0	9.77517	0	9.77517	0
9.77517	0	9.77517	0	9.77517	0	9.77517	0	9.77517	0	9.77517	0	9.77517	0	9.77517	0	9.77517	0	9.77517	0	9.77517	0	9.77517	0	9.77517	0	9.77517	0	9.77517	0	9.77517	0	9.77517	0	9.77519	0	9.77517	0	9.77517	0	9.77517	0	9.77517	0	9.77517	0	9.77517	0	9.77517	0
9.77517	0	9.77517	0	9.77517	0	9.77517	0	9.77517	0	9.77517	0	9.77517	0	9.77517	0	9.77517	0	9.77517	0	9.77517	0	9.77517	0	9.77517	0	9.77517	0	9.77517	0	9.77517	0	9.77517	0	9.77519	0	9.77517	0	9.77517	0	9.77517	0	9.77517	0	9.77517	0	9.77517	0	9.77517	0
9.77517	0	9.77517	0	9.77517	0	9.77517	0	9.77517	0	9.77517	0	9.77517	0	9.77517	0	9.77517	0	9.77517	0	9.77517	0	9.77517	0	9.77517	0	9.77517	0	9.77517	0	9.77517	0	9.77517	0	9.77519	0	9.77517	0	9.77517	0	9.77517	0	9.77517	0	9.77517	0	9.77517	0	9.77517	0
9.77517	0	9.77517	0	9.77517	0	9.77517	0	9.77517	0	9.77517	0	9.77517	0	9.77517	0	9.77517	0	9.77517	0	9.77517	0	9.77517	0	9.77517	0	9.77517	0	9.77517	0	9.77517	0	9.77517	0	9.77519	0	9.77517	0	9.77517	0	9.77517	0	9.77517	0	9.77517	0	9.77517	0	9.77517	0
9.77517	0	9.77517	0	9.77517	0	9.77517	0	9.77517	0	9.77517	0	9.77517	0	9.77517	0	9.77517	0	9.77517	0	9.77517	0	9.77517	0	9.77517	0	9.77517	0	9.77517	0	9.77517	0	9.77517	0	9.77519	0	9.77517	0	9.77517	0	9.77517	0	9.77517	0	9.77517	0	9.77517	0	9.77517	0
9.77517	0	9.77517	0	9.77517	0	9.77517	0	9.77517	0	9.77517	0	9.77517	0	9.77517	0	9.77517	0	9.77517	0	9.77517	0	9.77517	0	9.77517	0	9.77517	0	9.77517	0	9.77517	0	9.77517	0	9.77519	0	9.77517	0	9.77517	0	9.77517	0	9.77517	0	9.77517	0	9.77517	0	9.77517	0
9.77517	0	9.77517	0	9.77517	0	9.77517	0	9.77517	0	9.77517	0	9.77517	0	9.77517	0	9.77517	0	9.77517	0	9.77517	0	9.77517	0	9.77517	0	9.77517	0	9.77517	0	9.77517	0	9.77517	0	9.77519	0	9.77517	0	9.77517	0	9.77517	0	9.77517	0	9.77517	0	9.77517	0	9.77517	0
9.77517	0	9.77517	0	9.77517	0	9.77517	0	9.77517	0	9.77517	0	9.77517	0	9.77517	0	9.77517	0	9.77517	0	9.77517	0	9.77517	0	9.77517	0	9.77517	0	9.77517	0	9.77517	0	9.77517	0	9.77519	0	9.77517	0	9.77517	0	9.77517	0	9.77517	0	9.77517	0	9.77517	0	9.77517	0
9.77517	0	9.77517	0	9.77517	0	9.77517	0	9.77517	0	9.77517	0	9.77517	0	9.77517	0	9.77517	0	9.77517	0	9.77517	0	9.77517	0	9.77517	0	9.77517	0	9.77517	0	9.77517	0	9.77517	0	9.77519	0	9.77517	0	9.77517	0	9.77517	0	9.77517	0	9.77517	0	9.77517	0	9.77517	0
9.77517	0	9.77517	0	9.77517	0	9.77517	0	9.77517	0	9.77517	0	9.77517	0	9.77517	0	9.77517	0	9.77517	0	9.77517	0	9.77517	0	9.77517	0	9.77517	0	9.77517	0	9.77517	0	9.77517	0	9.77519	0	9.77517	0	9.77517	0	9.77517	0	9.77517	0	9.77517	0	9.77517	0	9.77517	0
9.77517	0	9.77517	0	9.77517	0	9.77517	0	9.77517	0	9.77517	0	9.77517	0	9.77517	0	9.77517	0	9.77517	0	9.77517	0	9.77517	0	9.77517	0	9.77517	0	9.77517	0	9.77517	0	9.77517	0	9.77519	0	9.77517	0	9.77517	0	9.77517	0	9.77517	0	9.77517	0	9.77517	0	9.77517	0
9.77517	0	9.77517	0	9.77517	0	9.77517	0	9.77517	0	9.77517	0	9.77517	0	9.77517	0	9.77517	0	9.77517	0	9.77517	0	9.77517	0	9.77517	0	9.77517	0	9.77517	0	9.77517	0	9.77517	0	9.77519	0	9.77517	0	9.77517	0	9.77517	0	9.77517	0	9.77517	0	9.77517	0	9.77517	0
9.77517	0	9.77517	0	9.77517	0	9.77517	0	9.77517	0	9.77517	0	9.77517	0	9.77517	0	9.77517	0	9.77517	0	9.77517	0	9.77517	0	9.77517	0	9.77517	0	9.77517	0	9.77517	0	9.77517	0	9.77519	0	9.77517	0	9.77517	0	9.77517	0	9.77517	0	9.77517	0	9.77517	0	9.77517	0
9.77517	0	9.77517	0	9.77517	0	9.77517	0	9.77517	0	9.77517	0	9.77517	0	9.77517	0	9.77517	0	9.77517	0	9.77517	0	9.77517	0	9.77517	0	9.77517	0	9.77517	0	9.77517	0	9.77517	0	9.77519	0	9.77517	0	9.77517	0	9.77517	0	9.77517	0	9.77517	0	9.77517	0	9.77517	0
9.77517	0	9.77517	0	9.77517	0	9.77517	0	9.77517	0	9.77517	0	9.77517	0	9.77517	0	9.77517	0	9.77517	0	9.77517	0	9.77517	0	9.77517	0	9.77517	0	9.77517	0	9.77517	0	9.77517	0	9.77519	0	9.77517	0	9.77517	0	9.77517	0	9.77517	0	9.77517	0	9.77517	0	9.77517	0
9.77517	0	9.77517	0	9.77517	0	9.77517	0	9.77517	0	9.77517	0	9.77517	0	9.77517	0	9.77517	0	9.77517	0	9.77517	0	9.77517	0	9.77517	0	9.77517	0	9.77517	0	9.77517	0	9.77517	0	9.77519	0	9.77517	0	9.77517	0	9.77517	0	9.77517	0	9.77517	0	9.77517	0	9.77517	0
9.77517	0	9.77517	0	9.77517	0	9.77517	0	9.77517	0	9.77517	0	9.77517	0	9.77517	0	9.77517	0	9.77517	0	9.77517	0	9.77517	0	9.77517	0	9.77517	0	9.77517	0	9.77517	0	9.77517	0	9.77519	0	9.77517	0	9.77517	0	9.77517	0	9.77517	0	9.77517	0	9.77517	0	9.77517	0
9.77517	0	9.77517	0	9.77517	0	9.77517	0	9.77517	0	9.77517	0	9.77517	0	9.77517	0	9.77517	0	9.77517	0	9.77517	0	9.77517	0	9.77517	0	9.77517	0	9.77517	0	9.77517	0	9.77517	0	9.77519	0	9.77517	0	9.77517	0	9.77517	0	9.77517	0	9.77517	0	9.77517	0	9.77517	0
9.77517	0	9.77517	0	9.77517	0	9.77517	0	9.77517	0	9.77517	0	9.77517	0	9.77517	0	9.77517	0	9.77517	0	9.77517	0	9.77517	0	9.77517	0	9.77517	0	9.77517	0	9.77517	0	9.77517	0	9.77519	0	9.77517	0	9.77517	0	9.77517	0	9.77517	0	9.77517	0	9.77517	0	9.77517	0
9.77517	0	9.77517	0	9.77517	0	9.77517	0	9.77517	0	9.77517	0	9.77517	0	9.77517	0	9.77517	0	9.77517	0	9.77517	0	9.77517	0	9.77517	0	9.77517	0	9.77517	0	9.77517	0	9.77517	0	9.77519	0	9.77517	0	9.77517	0	9.77517	0	9.77517	0	9.77517	0	9.77517	0	9.77517	0
9.77517	0	9.77517	0	9.77517	0	9.77517	0	9.77517	0	9.77517	0	9.77517	0	9.77517	0	9.77517	0	9.77517	0	9.77517	0	9.77517	0	9.77517	0	9.77517	0	9.77517	0	9.77517	0	9.77517	0	9.77519	0	9.77517	0	9.77517	0	9.77517	0	9.77517	0	9.77517	0	9.77517	0	9.77517	0
9.77517	0	9.77517	0	9.77517	0	9.77517	0	9.77517	0	9.77517	0	9.77517	0	9.77517	0	9.77517	0	9.77517	0	9.77517	0	9.77517	0	9.77517	0	9.77517	0	9.77517	0	9.77517	0	9.77517	0	9.77519	0	9.77517	0	9.77517	0	9.77517	0	9.77517	0	9.77517	0	9.77517	0	9.77517	0
9.77517	0	9.77517	0	9.77517	0	9.77517	0	9.77517	0	9.77517	0	9.77517	0	9.77517	0	9.77517	0	9.77517	0	9.77517	0	9.77517	0	9.77517	0	9.77517	0	9.77517	0	9.77517	0	9.77517	0	9.77519	0	9.77517	0	9.77517	0	9.77517	0	9.77517	0	9.77517	0	9.77517	0	9.77517	0
9.77517	0	9.77517	0	9.77517	0	9.77517	0	9.77517	0	9.77517	0	9.77517	0	9.77517	0	9.77517	0	9.77517	0	9.77517	0	9.77517	0	9.77517	0	9.77517	0	9.77517	0	9.77517	0	9.77517	0	9.77519	0	9.77517	0	9.77517	0	9.77517	0	9.77517	0	9.77517	0	9.77517	0	9.77517	0
9.77517	0	9.77517	0	9.77517	0	9.77517	0	9.77517	0	9.77517	0	9.77517	0	9.77517	0	9.77517	0	9.77517	0	9.77517	0	9.77517	0	9.77517	0	9.77517	0	9.77517	0	9.77517	0	9.77517	0	9.77519	0	9.77517	0	9.77517	0	9.77517	0	9.77517	0	9.77517	0	9.77517	0	9.77517	0
9.77517	0	9.77517	0	9.77517	0	9.77517	0	9.77517	0	9.77517	0	9.77517	0	9.77517	0	9.77517	0	9.77517	0	9.77517	0	9.77517	0	9.77517	0	9.77517	0	9.77517	0	9.77517	0	9.77517	0	9.77519	0	9.77517	0	9.77517	0	9.77517	0	9.77517	0	9.77517	0	9.77517	0	9.77517	0
9.77517	0	9.77517	0	9.77517	0	9.77517	0	9.77517	0	9.77517	0	9.77517	0	9.77517	0	9.77517	0	9.77517	0	9.77517	0	9.77517	0	9.77517	0	9.77517	0	9.77517	0	9.77517	0	9.77517	0	9.77519	0	9.77517	0	9.77517	0	9.77517	0	9.77517	0	9.77517	0	9.77517	0	9.77517	0
9.77517	0	9.77517	0	9.77517	0	9.77517	0	9.77517	0	9.77517	0	9.77517	0	9.77517	0	9.77517	0	9.77517	0	9.77517	0	9.77517	0	9.77517	0	9.77517	0	9.77517	0	9.77517	0	9.77517	0	9.77519	0	9.77517	0	9.77517	0	9.77517	0	9.77517	0	9.77517	0	9.77517	0	9.77517	0
9.77517	0	9.77517	0	9.77517	0	9.77517	0	9.77517	0	9.77517	0	9.77517	0	9.77517	0	9.77517	0	9.77517	0	9.77517	0	9.77517	0	9.77517	0	9.77517	0	9.77517	0	9.77517	0	9.77517	0	9.77519	0	9.77517	0	9.77517	0	9.77517	0	9.77517	0	9.77517	0	9.77517	0	9.77517	0
9.77517	0	9.77517	0	9.77517	0	9.77517	0	9.77517	0	9.77517	0	9.77517	0	9.77517	0	9.77517	0	9.77517	0	9.77517	0	9.77517	0	9.77517	0	9.77517	0	9.77517	0	9.77517	0	9.77517	0	9.77519	0	9.77517	0	9.77517	0	9.77517	0	9.77517	0	9.77517	0	9.77517	0	9.77517	0
9.77517	0	9.77517	0	9.77517	0	9.77517	0	9.77517	0	9.77517	0	9.77517	0	9.77517	0	9.77517	0	9.77517	0	9.77517	0	9.77517	0	9.77517	0	9.77517	0	9.77517	0	9.77517	0	9.77517	0	9.77519	0	9.77517	0	9.77517	0	9.77517	0	9.77517	0	9.77517	0	9.77517	0	9.77517	0
9.77517	0	9.77517	0	9.77517	0	9.77517	0	9.77517	0	9.77517	0	9.77517	0	9.77517	0	9.77517	0	9.77517	0	9.77517	0	9.77517	0	9.77517	0	9.77517	0	9.77517	0	9.77517	0	9.77517	0	9.77519	0	9.77517	0	9.77517	0	9.77517	0	9.77517	0	9.77517	0	9.77517	0	9.77517	0
9.77517	0	9.77517	0	9.77517	0	9.77517	0	9.77517	0	9.77517	0	9.77517	0	9.77517	0	9.77517	0	9.77517	0	9.77517	0	9.77517	0	9.77517	0	9.77517	0	9.77517	0	9.77517	0	9.77517	0	9.77519	0	9.77517	0	9.77517	0	9.77517	0	9.77517	0	9.77517	0	9.77517	0	9.77517	0
9.77517	0	9.77517	0	9.77517	0	9.77517	0	9.77517	0	9.77517	0	9.77517	0	9.77517	0	9.77517	0	9.77517	0	9.77517	0	9.77517	0	9.77517	0	9.77517	0	9.77517	0	9.77517	0	9.77517	0	9.77519	0	9.77517	0	9.77517	0	9.77517	0	9.77517	0	9.77517	0	9.77517	0	9.77517	0
9.77517	0	9.77517	0	9.77517	0	9.77517	0	9.77517	0	9.77517	0	9.77517	0	9.77517	0	9.77517	0	9.77517	0	9.77517	0	9.77517	0	9.77517	0	9.77517	0	9.77517	0	9.77517	0	9.77517	0	9.77519	0	9.77517	0	9.77517	0	9.77517	0	9.77517	0	9.77517	0	9.77517	0	9.77517	0
9.77517	0	9.77517	0	9.77517	0	9.77517	0	9.77517	0	9.77517	0	9.77517	0	9.77517	0	9.77517	0	9.77517	0	9.77517	0	9.77517	0	9.77517	0	9.77517	0	9.77517	0	9.77517	0	9.77517	0	9.77519	0	9.77517	0	9.77517	0	9.77517	0	9.77517	0	9.77517	0	9.77517	0	9.77517	0
9.77517	0	9.77517	0	9.77517	0	9.77517	0	9.77517	0	9.77517	0	9.77517	0	9.77517	0	9.77517	0	9.77517	0	9.77517	0	9.77517	0	9.77517	0	9.77517	0	9.77517	0	9.77517	0	9.77517	0	9.77519	0	9.77517	0	9.77517	0	9.77517	0	9.77517	0	9.77517	0	9.77517	0	9.77517	0
9.77517	0	9.77517	0	9.77517	0	9.77517	0	9.77517	0	9.77517	0	9.77517	0	9.77517	0	9.77517	0	9.77517	0	9.77517	0	9.77517	0	9.77517	0	9.77517	0	9.77517	0	9.77517	0	9.77517	0	9.77519	0	9.77517	0	9.77517	0	9.77517	0	9.77517	0	9.77517	0	9.77517	0	9.77517	0
9.77517	0	9.77517	0	9.77517	0	9.77517	0	9.77517	0	9.77517	0	9.77517	0	9.77517	0	9.77517	0	9.77517	0	9.77517	0	9.77517	0	9.77517	0	9.77517	0	9.77517	0	9.77517	0	9.77517	0	9.77519	0	9.77517	0	9.77517	0	9.77517	0	9.77517	0	9.77517	0	9.77517	0	9.77517	0
9.77517	0	9.77517	0	9.77517	0	9.77517	0	9.77517	0	9.77517	0	9.77517	0	9.77517	0	9.77517	0	9.77517	0	9.77517	0	9.77517	0	9.77517	0	9.77517	0	9.77517	0	9.77517	0	9.77517	0	9.77519	0	9.77517	0	9.77517	0	9.77517	0	9.77517	0	9.77517	0	9.77517	0	9.77517	0
9.77517	0	9.77517	0	9.77517	0	9.77517	0	9.77517	0	9.77517	0	9.77517	0	9.77517	0	9.77517	0	9.77517	0	9.77517	0	9.77517	0	9.77517	0	9.77517	0	9.77517	0	9.77517	0	9.77517	0	9.77519	0	9.77517	0	9.77517	0	9.77517	0	9.77517	0	9.77517	0	9.77517	0	9.77517	0
9.77517	0	9.77517	0	9.77517	0	9.77517	0	9.77517	0	9.77517	0	9.77517	0	9.77517	0	9.77517	0	9.77517	0	9.77517	0	9.77517	0	9.77517	0	9.77517	0	9.77517	0	9.77517	0	9.77517	0	9.77519	0	9.77517	0	9.77517	0	9.77517	0	9.77517	0	9.77517	0	9.77517	0	9.77517	0
9.77517	0	9.77517	0	9.77517	0	9.77517	0	9.77517	0	9.77517	0	9.77517	0	9.77517	0	9.77517	0	9.77517	0	9.77517	0	9.77517	0	9.77517	0	9.77517	0	9.77517	0	9.77517	0	9.77517	0	9.77519	0	9.77517	0	9.77517	0	9.77517	0	9.77517	0	9.77517	0	9.77517	0	9.77517	0
9.77517	0	9.77517	0	9.77517	0	9.77517	0	9.77517	0	9.77517	0	9.77517	0	9.77517	0	9.77517	0	9.77517	0	9.77517	0	9.77517	0	9.77517	0	9.77517	0	9.77517	0	9.77517	0	9.77517	0	9.77519	0	9.77517	0	9.77517	0	9.77517	0	9.77517	0	9.77517	0	9.77517	0	9.77517	0
9.77517	0	9.77517	0	9.77517	0	9.77517	0	9.77517	0	9.77517	0	9.77517	0	9.77517	0	9.77517	0	9.77517	0	9.77517	0	9.77517	0	9.77517	0	9.77517	0	9.77517	0	9.77517	0	9.77517	0	9.77519	0	9.77517	0	9.77517	0	9.77517	0	9.77517	0	9.77517	0	9.77517	0	9.77517	0
9.77517	0	9.77517	0	9.77517	0	9.77517	0	9.77517	0	9.77517	0	9.77517	0	9.77517	0	9.77517	0	9.77517	0	9.77517	0	9.77517	0	9.77517	0	9.77517	0	9.77517	0	9.77517	0	9.77517	0	9.77519	0	9.77517	0	9.77517	0	9.77517	0	9.77517	0	9.77517	0	9.77517	0	9.77517	0
9.77517	0	9.77517	0	9.77517	0	9.77517	0	9.77517	0	9.77517	0	9.77517	0	9.77517	0	9.77517	0	9.77517	0	9.77517	0	9.77517	0	9.77517	0	9.77517	0	9.77517	0	9.77517	0	9.77517	0	9.77519	0	9.77517	0	9.77517	0	9.77517	0	9.77517	0	9.77517	0	9.77517	0	9.77517	0
9.77517	0	9.77517	0	9.77517	0	9.77517	0	9.77517	0	9.77517	0	9.77517	0	9.77517	0	9.77517	0	9.77517	0	9.77517	0	9.77517	0	9.77517	0	9.77517	0	9.77517	0	9.77517	0	9.77517	0	9.77519	0	9.77517	0	9.77517	0	9.77517	0	9.77517	0	9.77517	0	9.77517	0	9.77517	0
9.77517	0	9.77517	0	9.77517	0	9.77517	0	9.77517	0	9.77517	0	9.77517	0	9.77517	0	9.77517	0	9.77517	0	9.77517	0	9.77517	0	9.77517	0	9.77517	0	9.77517	0	9.77517	0	9.77517	0	9.77519	0	9.77517	0	9.77517	0	9.77517	0	9.77517	0	9.77517	0	9.77517	0	9.77517	0
9.77517	0	9.77517	0	9.77517	0	9.77517	0	9.77517	0	9.77517	0	9.77517	0	9.77517	0	9.77517	0	9.77517	0	9.77517	0	9.77517	0	9.77517	0	9.77517	0	9.77517	0	9.77517	0	9.77517	0	9.77519	0	9.77517	0	9.77517	0	9.77517	0	9.77517	0	9.77517	0	9.77517	0	9.77517	0
9.77517	0	9.77517	0	9.77517	0	9.77517	0	9.77517	0	9.77517	0	9.77517	0	9.77517	0	9.77517	0	9.77517	0	9.77517	0	9.77517	0	9.77517	0	9.77517	0	9.77517	0	9.77517	0	9.77517	0	9.77519	0	9.77517	0	9.77517	0	9.77517	0	9.77517	0	9.77517	0	9.77517	0	9.77517	0
9.77517	0	9.77517	0	9.77517	0	9.77517	0	9.77517	0	9.77517	0	9.77517	0	9.77517	0	9.77517	0	9.77517	0	9.77517	0	9.77517	0	9.77517	0	9.77517	0	9.77517	0	9.77517	0	9.77517	0	9.77519	0	9.77517	0	9.77517	0	9.77517	0	9.77517	0	9.77517	0	9.77517	0	9.77517	0
9.77517	0	9.77517	0	9.77517	0	9.77517	0	9.77517	0	9.77517	0	9.77517	0	9.77517	0	9.77517	0	9.77517	0	9.77517	0	9.77517	0	9.77517	0	9.77517	0	9.77517	0	9.77517	0	9.77517	0	9.77519	0	9.77517	0	9.77517	0	9.77517	0	9.77517	0	9.77517	0	9.77517	0	9.77517	0
9.77517	0	9.77517	0	9.77517	0	9.77517	0	9.77517	0	9.77517	0	9.77517	0	9.77517	0	9.77517	0	9.77517	0	9.77517	0	9.77517	0	9.77517	0	9.77517	0	9.77517	0	9.77517	0	9.77517	0	9.77519	0	9.77517	0	9.77517	0	9.77517	0	9.77517	0	9.77517	0	9.77517	0	9.77517	0
9.77517	0	9.77517	0	9.77517	0	9.77517	0	9.77517	0	9.77517	0	9.77517	0	9.77517	0	9.77517	0	9.77517	0	9.77517	0	9.77517	0	9.77517	0	9.77517	0	9.77517	0	9.77517	0	9.77517	0	9.77519	0	9.77517	0	9.77517	0	9.77517	0	9.77517	0	9.77517	0	9.77517	0	9.77517	0
9.77517	0	9.77517	0	9.77517	0	9.77517	0	9.77517	0	9.77517	0	9.77517	0	9.77517	0	9.77517	0	9.77517	0	9.77517	0	9.77517	0	9.77517	0	9.77517	0	9.77517	0	9.77517	0	9.77517	0	9.77519	0	9.77517	0	9.77517	0	9.77517	0	9.77517	0	9.77517	0	9.77517	0	9.77517	0
9.77517	0	9.77517	0	9.77517	0	9.77517	0	9.77517	0	9.77517	0	9.77517	0	9.77517	0	9.77517	0	9.77517	0	9.77517	0	9.77517	0	9.77517	0	9.77517	0	9.77517	0	9.77517	0	9.77517	0	9.77519	0	9.77517	0	9.77517	0	9.77517	0	9.77517	0	9.77517	0	9.77517	0	9.77517	0
9.77517	0	9.77517	0	9.77517	0	9.77517	0	9.77517	0	9.77517	0	9.77517	0	9.77517	0	9.77517	0	9.77517	0	9.77517	0	9.77517	0	9.77517	0	9.77517	0	9.77517	0	9.77517	0	9.77517	0	9.77519	0	9.77517	0	9.77517	0	9.77517	0	9.77517	0	9.77517	0	9.77517	0	9.77517	0
9.77517	0	9.77517	0	9.77517	0	9.77517	0	9.77517	0	9.77517	0	9.77517	0	9.77517	0	9.77517	0	9.77517	0	9.77517	0	9.77517	0	9.77517	0	9.77517	0	9.77517	0	9.77517	0	9.77517	0	9.77519	0	9.77517	0	9.77517	0	9.77517	0	9.77517	0	9.77517	0	9.77517	0	9.77517	0
9.77517	0	9.77517	0	9.77517	0	9.77517	0	9.77517	0	9.77517	0	9.77517	0	9.77517	0	9.77517	0	9.77517	0	9.77517	0	9.77517	0	9.77517	0	9.77517	0	9.77517	0	9.77517	0	9.77517	0	9.77519	0	9.77517	0	9.77517	0	9.77517	0	9.77517	0	9.77517	0	9.77517	0	9.77517	0
9.77517	0	9.77517	0	9.77517	0	9.77517	0	9.77517	0	9.77517	0	9.77517	0	9.77517	0	9.77517	0	9.77517	0	9.77517	0	9.77517	0	9.77517	0	9.77517	0	9.77517	0	9.77517	0	9.77517	0	9.77519	0	9.77517	0	9.77517	0	9.77517	0	9.77517	0	9.77517	0	9.77517	0	9.77517	0
9.77517	0	9.77517	0	9.77517	0	9.77517	0	9.77517	0	9.77517	0	9.77517	0	9.77517	0	9.77517	0	9.77517	0	9.77517	0	9.77517	0	9.77517	0	9.77517	0	9.77517	0	9.77517	0	9.77517	0	9.77519	0	9.77517	0	9.77517	0	9.77517	0	9.77517	0	9.77517	0	9.77517	0	9.77517	0
9.77517	0	9.77517	0	9.77517	0	9.77517	0	9.77517	0	9.77517	0	9.77517	0	9.77517	0	9.77517	0	9.77517	0	9.77517	0	9.77517	0	9.77517	0	9.77517	0	9.77517	0	9.77517	0	9.77517	0	9.77519	0	9.77517	0	9.77517	0	9.77517	0	9.77517	0	9.77517	0	9.77517	0	9.77517	0
9.77517	0	9.77517	0	9.77517	0	9.77517	0	9.77517	0	9.77517	0	9.77517	0	9.77517	0	9.77517	0	9.77517	0	9.77517	0	9.77517	0	9.77517	0	9.77517	0	9.77517	0	9.77517	0	9.77517	0	9.77519	0	9.77517	0	9.77517	0	9.77517	0	9.77517	0	9.77517	0	9.77517	0	9.77517	0
9.77517	0	9.77517	0	9.77517	0	9.77517	0	9.77517	0	9.77517	0	9.77517	0	9.77517	0	9.77517	0	9.77517	0	9.77517	0	9.77517	0	9.77517	0	9.77517	0	9.77517	0	9.77517	0	9.77517	0	9.77519	0	9.77517	0	9.77517	0	9.77517	0	9.77517	0	9.77517	0	9.77517	0	9.77517	0
9.77517	0	9.77517	0	9.77517	0	9.77517	0	9.77517	0	9.77517	0	9.77517	0	9.77517	0	9.77517	0	9.77517	0	9.77517	0	9.77517	0	9.77517	0	9.77517	0	9.77517	0	9.77517	0	9.77517	0	9.77519	0	9.77517	0	9.77517	0	9.77517	0	9.77517	0	9.77517	0	9.77517	0	9.77517	0
9.77517	0	9.77517	0	9.77517	0	9.77517	0	9.77517	0	9.77517	0	9.77517	0	9.77517	0	9.77517	0	9.77517	0	9.77517	0	9.77517	0	9.77517	0	9.77517	0	9.77517	0	9.77517	0	9.77517	0	9.77519	0	9.77517	0	9.77517	0	9.77517	0	9.77517	0	9.77517	0	9.77517	0	9.77517	0
9.77517	0	9.77517	0	9.77517	0	9.77517	0	9.77517	0	9.77517	0	9.77517	0	9.77517	0	9.77517	0	9.77517	0	9.77517	0	9.77517	0	9.77517	0	9.77517	0	9.77517	0	9.77517	0	9.77517	0	9.77519	0	9.77517	0	9.77517	0	9.77517	0	9.77517	0	9.77517	0	9.77517	0	9.77517	0
9.77517	0	9.77517	0	9.77517	0	9.77517	0	9.77517	0	9.77517	0	9.77517	0	9.77517	0	9.77517	0	9.77517	0	9.77517	0	9.77517	0	9.77517	0	9.77517	0	9.77517	0	9.77517	0	9.77517	0	9.77519	0	9.77517	0	9.77517	0	9.77517	0	9.77517	0	9.77517	0	9.77517	0	9.77517	0
9.77517	0	9.77517	0	9.77517	0	9.77517	0	9.77517	0	9.77517	0	9.77517	0	9.77517	0	9.77517	0	9.77517	0	9.77517	0	9.77517	0	9.77517	0	9.77517	0	9.77517	0	9.77517	0	9.77517	0	9.77519	0	9.77517	0	9.77517	0	9.77517	0	9.77517	0	9.77517	0	9.77517	0	9.77517	0
9.77517	0	9.77517	0	9.77517	0	9.77517	0	9.77517	0	9.77517	0	9.77517	0	9.77517	0	9.77517	0	9.77517	0	9.77517	0	9.77517	0	9.77517	0	9.77517	0	9.77517	0	9.77517	0	9.77517	0	9.77519	0	9.77517	0	9.77517	0	9.77517	0	9.77517	0	9.77517	0	9.77517	0	9.77517	0
9.77517	0	9.77517	0	9.77517	0	9.77517	0	9.77517	0	9.77517	0	9.77517	0	9.77517	0	9.77517	0	9.77517	0	9.77517	0	9.77517	0	9.77517	0	9.77517	0	9.77517	0	9.77517	0	9.77517	0	9.77519	0	9.77517	0	9.77517	0	9.77517	0	9.77517	0	9.77517	0	9.77517	0	9.77517	0
9.77517	0	9.77517	0	9.77517	0	9.77517	0	9.77517	0	9.77517	0	9.77517	0	9.77517	0	9.77517	0	9.77517	0	9.77517	0	9.77517	0	9.77517	0	9.77517	0	9.77517	0	9.77517	0	9.77517	0	9.77519	0	9.77517	0	9.77517	0	9.77517	0	9.77517	0	9.77517	0	9.77517	0	9.77517	0
9.77517	0	9.77517	0	9.77517	0	9.77517	0	9.77517	0	9.77517	0	9.77517	0	9.77517	0	9.77517	0	9.77517	0	9.77517	0	9.77517	0	9.77517	0	9.77517	0	9.77517	0	9.77517	0	9.77517	0	9.77519	0	9.77517	0	9.77517	0	9.77517	0	9.77517	0	9.77517	0	9.77517	0	9.77517	0
9.77517	0	9.77517	0	9.77517	0	9.77517	0	9.77517	0	9.77517	0	9.77517	0	9.77517	0	9.77517	0	9.77517	0	9.77517	0	9.77517	0	9.77517	0	9.77517	0	9.77517	0	9.77517	0	9.77517	0	9.77519	0	9.77517	0	9.77517	0	9.77517	0	9.77517	0	9.77517	0	9.77517	0	9.77517	0
9.77517	0	9.77517	0	9.77517	0	9.77517	0	9.77517	0	9.77517	0	9.77517	0	9.77517	0	9.77517	0	9.77517	0	9.77517	0	9.77517	0	9.77517	0	9.77517	0	9.77517	0	9.77517	0	9.77517	0	9.77519	0	9.77517	0	9.77517	0	9.77517	0	9.77517	0	9.77517	0	9.77517	0	9.77517	0
9.77517	0	9.77517	0	9.77517	0	9.77517	0	9.77517	0	9.77517	0	9.77517	0	9.77517	0	9.77517	0	9.77517	0	9.77517	0	9.77517	0	9.77517	0	9.77517	0	9.77517	0	9.77517	0	9.77517	0	9.77519	0	9.77517	0	9.77517	0	9.77517	0	9.77517	0	9.77517	0	9.77517	0	9.77517	0
9.77517	0	9.77517	0	9.77517	0	9.77517	0	9.77517	0	9.77517	0	9.77517	0	9.77517	0	9.77517	0	9.77517	0	9.77517	0	9.77517	0	9.77517	0	9.77517	0	9.77517	0	9.77517	0	9.77517	0	9.77519	0	9.77517	0	9.77517	0	9.77517	0	9.77517	0	9.77517	0	9.77517	0	9.77517	0
9.77517	0	9.77517	0	9.77517	0	9.77517	0	9.77517	0	9.77517	0	9.77517	0	9.77517	0	9.77517	0	9.77517	0	9.77517	0	9.77517	0	9.77517	0	9.77517	0	9.77517	0	9.77517	0	9.77517	0	9.77519	0	9.77517	0	9.77517	0	9.77517	0	9.77517	0	9.77517	0	9.77517	0	9.77517	0
9.77517	0	9.77517	0	9.77517	0	9.77517	0	9.77517	0	9.77517	0	9.77517	0	9.77517	0	9.77517	0	9.77517	0	9.77517	0	9.77517	0	9.77517	0	9.77517	0	9.77517	0	9.77517	0	9.77517	0	9.77519	0	9.77517	0	9.77517	0	9.77517	0	9.77517	0	9.77517	0	9.77517	0	9.77517	0
9.77517	0	9.77517	0	9.77517	0	9.77517	0	9.77517	0	9.77517	0	9.77517	0	9.77517	0	9.77517	0	9.77517	0	9.77517	0	9.77517	0	9.77517	0	9.77517	0	9.77517	0	9.77517	0	9.77517	0	9.77519	0	9.77517	0	9.77517	0	9.77517	0	9.77517	0	9.77517	0	9.77517	0	9.77517	0
9.77517	0	9.77517	0	9.77517	0	9.77517	0	9.77517	0	9.77517	0	9.77517	0	9.77517	0	9.77517	0	9.77517	0	9.77517	0	9.77517	0	9.77517	0	9.77517	0	9.77517	0	9.77517	0	9.77517	0	9.77519	0	9.77517	0	9.77517	0	9.77517	0	9.77517	0	9.77517	0	9.77517	0	9.77517	0
9.77517	0	9.77517	0	9.77517	0	9.77517	0	9.77517	0	9.77517	0	9.77517	0	9.77517	0	9.77517	0	9.77517	0	9.77517	0	9.77517	0	9.77517	0	9.77517	0	9.77517	0	9.77517	0	9.77517	0	9.77519	0	9.77517	0	9.77517	0	9.77517	0	9.77517	0	9.77517	0	9.77517	0	9.77517	0
9.77517	0	9.77517	0	9.77517	0	9.77517	0	9.77517	0	9.77517	0	9.77517	0	9.77517	0	9.77517	0	9.77517	0	9.77517	0	9.77517	0	9.77517	0	9.77517	0	9.77517	0	9.77517	0	9.77517	0	9.77519	0	9.77517	0	9.77517	0	9.77517	0	9.77517	0	9.77517	0	9.77517	0	9.77517	0
9.77517	0	9.77517	0	9.77517	0	9.77517	0	9.77517	0	9.77517	0	9.77517	0	9.77517	0	9.77517	0	9.77517	0	9.77517	0	9.77517	0	9.77517	0	9.77517	0	9.77517	0	9.77517	0	9.77517	0	9.77519	0	9.77517	0	9.77517	0	9.77517	0	9.77517	0	9.77517	0	9.77517	0	9.77517	0
9.77517	0	9.77517	0	9.77517	0	9.77517	0	9.77517	0	9.77517	0	9.77517	0	9.77517	0	9.77517	0	9.77517	0	9.77517	0	9.77517	0	9.77517	0	9.77517	0	9.77517	0	9.77517	0	9.77517	0	9.77519	0	9.77517	0	9.77517	0	9.77517	0	9.77517	0	9.77517	0	9.77517	0	9.77517	0
9.77517	0	9.77517	0	9.77517	0	9.77517	0	9.77517	0	9.77517	0	9.77517	0	9.77517	0	9.77517	0	9.77517	0	9.77517	0	9.77517	0	9.77517	0	9.77517	0	9.77517	0	9.77517	0	9.77517	0	9.77519	0	9.77517	0	9.77517	0	9.77517	0	9.77517	0	9.77517	0	9.77517	0	9.77517	0
9.77517	0	9.77517	0	9.77517	0	9.77517	0	9.77517	0	9.77517	0	9.77517	0	9.77517	0	9.77517	0	9.77517	0	9.77517	0	9.77517	0	9.77517	0	9.77517	0	9.77517	0	9.77517	0	9.77517	0	9.77519	0	9.77517	0	9.77517	0	9.77517	0	9.77517	0	9.77517	0	9.77517	0	9.77517	0
9.77517	0	9.77517	0	9.77517	0	9.77517	0	9.77517	0	9.77517	0	9.77517	0	9.77517	0	9.77517	0	9.77517	0	9.77517	0	9.77517	0	9.77517	0	9.77517	0	9.77517	0	9.77517	0	9.77517	0	9.77519	0	9.77517	0	9.77517	0	9.77517	0	9.77517	0	9.77517	0	9.77517	0	9.77517	0
9.77517	0	9.77517	0	9.77517	0	9.77517	0	9.77517	0	9.77517	0	9.77517	0	9.77517	0	9.77517	0	9.77517	0	9.77517	0	9.77517	0	9.77517	0	9.77517	0	9.77517	0	9.77517	0	9.77517	0	9.77519	0	9.77517	0	9.77517	0	9.77517	0	9.77517	0	9.77517	0	9.77517	0	9.77517	0
9.77517	0	9.77517	0	9.77517	0	9.77517	0	9.77517	0	9.77517	0	9.77517	0	9.77517	0	9.77517	0	9.77517	0	9.77517	0	9.77517	0	9.77517	0	9.77517	0	9.77517	0	9.77517	0	9.77517	0	9.77519	0	9.77517	0	9.77517	0	9.77517	0	9.77517	0	9.77517	0	9.77517	0	9.77517	0
9.77517	0	9.77517	0	9.77517	0	9.77517	0	9.77517	0	9.77517	0	9.77517	0	9.77517	0	9.77517	0	9.77517	0	9.77517	0	9.77517	0	9.77517	0	9.77517	0	9.77517	0	9.77517	0	9.77517	0	9.77519	0	9.77517	0	9.77517	0	9.77517	0	9.77517	0	9.77517	0	9.77517	0	9.77517	0
9.77517	0	9.77517	0	9.77517	0	9.77517	0	9.77517	0	9.77517	0	9.77517	0	9.77517	0	9.77517	0	9.77517	0	9.77517	0	9.77517	0	9.77517	0	9.77517	0	9.77517	0	9.77517	0	9.77517	0	9.77519	0	9.77517	0	9.77517	0	9.77517	0	9.77517	0	9.77517	0	9.77517	0	9.77517	0
9.77517	0	9.77517	0	9.77517	0	9.77517	0	9.77517	0	9.77517	0	9.77517	0	9.77517	0	9.77517	0	9.77517	0	9.77517	0	9.77517	0	9.77517	0	9.77517	0	9.77517	0	9.77517	0	9.77517	0	9.77519	0	9.77517	0	9.77517	0	9.77517	0	9.77517	0	9.77517	0	9.77517	0	9.77517	0
9.77517	0	9.77517	0	9.77517	0	9.77517	0	9.77517	0	9.77517	0	9.77517	0	9.77517	0	9.77517	0	9.77517	0	9.77517	0	9.77517	0	9.77517	0	9.77517	0	9.77517	0	9.77517	0	9.77517	0	9.77519	0	9.77517	0	9.77517	0	9.77517	0	9.77517	0	9.77517	0	9.77517	0	9.77517	0
9.77517	0	9.77517	0	9.77517	0	9.77517	0	9.77517	0	9.77517	0	9.77517	0	9.77517	0	9.77517	0	9.77517	0	9.77517	0	9.77517	0	9.77517	0	9.77517	0	9.77517	0	9.77517	0	9.77517	0	9.77519	0	9.77517	0	9.77517	0	9.77517	0	9.77517	0	9.77517	0	9.77517	0	9.77517	0
9.77517	0	9.77517	0	9.77517	0	9.77517	0	9.77517	0	9.77517	0	9.77517	0	9.77517	0	9.77517	0	9.77517	0	9.77517	0	9.77517	0	9.77517	0	9.77517	0	9.77517	0	9.77517	0	9.77517	0	9.77519	0	9.77517	0	9.77517	0	9.77517	0	9.77517	0	9.77517	0	9.77517	0	9.77517	0
9.77517	0	9.77517	0	9.77517	0	9.77517	0	9.77517	0	9.77517	0	9.77517	0	9.77517	0	9.77517	0	9.77517	0	9.77517	0	9.77517	0	9.77517	0	9.77517	0	9.77517	0	9.77517	0	9.77517	0	9.77519	0	9.77517	0	9.77517	0	9.77517	0	9.77517	0	9.77517	0	9.77517	0	9.77517	0
9.77517	0	9.77517	0	9.77517	0	9.77517	0	9.77517	0	9.77517	0	9.77517	0	9.77517	0	9.77517	0	9.77517	0	9.77517	0	9.77517	0	9.77517	0	9.77517	0	9.77517	0	9.77517	0	9.77517	0	9.77518	0	9.77517	0	9.77517	0	9.77517	0	9.77517	0	9.77517	0	9.77517	0	9.77517	0
9.77517	0	9.77517	0	9.77517	0	9.77517	0	9.77517	0	9.77517	0	9.77517	0	9.77517	0	9.77517	0	9.77517	0	9.77517	0	9.77517	0	9.77517	0	9.77517	0	9.77517	0	9.77517	0	9.77517	0	9.77518	0	9.77517	0	9.77517	0	9.77517	0	9.77517	0	9.77517	0	9.77517	0	9.77517	0
9.77517	0	9.77517	0	9.77517	0	9.77517	0	9.77517	0	9.77517	0	9.77517	0	9.77517	0	9.77517	0	9.77517	0	9.77517	0	9.77517	0	9.77517	0	9.77517	0	9.77517	0	9.77517	0	9.77517	0	9.77518	0	9.77517	0	9.77517	0	9.77517	0	9.77517	0	9.77517	0	9.77517	0	9.77517	0
9.77517	0	9.77517	0	9.77517	0	9.77517	0	9.77517	0	9.77517	0	9.77517	0	9.77517	0	9.77517	0	9.77517	0	9.77517	0	9.77517	0	9.77517	0	9.77517	0	9.77517	0	9.77517	0	9.77517	0	9.77518	0	9.77517	0	9.77517	0	9.77517	0	9.77517	0	9.77517	0	9.77517	0	9.77517	0
9.77517	0	9.77517	0	9.77517	0	9.77517	0	9.77517	0	9.77517	0	9.77517	0	9.77517	0	9.77517	0	9.77517	0	9.77517	0	9.77517	0	9.77517	0	9.77517	0	9.77517	0	9.77517	0	9.77517	0	9.77518	0	9.77517	0	9.77517	0	9.77517	0	9.77517	0	9.77517	0	9.77517	0	9.77517	0
9.77517	0	9.77517	0	9.77517	0	9.77517	0	9.77517	0	9.77517	0	9.77517	0	9.77517	0	9.77517	0	9.77517	0	9.77517	0	9.77517	0	9.77517	0	9.77517	0	9.77517	0	9.77517	0	9.77517	0	9.77518	0	9.77517	0	9.77517	0	9.77517	0	9.77517	0	9.77517	0	9.77517	0	9.77517	0
9.77517	0	9.77517	0	9.77517	0	9.77517	0	9.77517	0	9.77517	0	9.77517	0	9.77517	0	9.77517	0	9.77517	0	9.77517	0	9.77517	0	9.77517	0	9.77517	0	9.77517	0	9.77517	0	9.77517	0	9.77518	0	9.77517	0	9.77517	0	9.77517	0	9.77517	0	9.77517	0	9.77517	0	9.77517	0
9.77517	0	9.77517	0	9.77517	0	9.77517	0	9.77517	0	9.77517	0	9.77517	0	9.77517	0	9.77517	0	9.77517	0	9.77517	0	9.77517	0	9.77517	0	9.77517	0	9.77517	0	9.77517	0	9.77517	0	9.77518	0	9.77517	0	9.77517	0	9.77517	0	9.77517	0	9.77517	0	9.77517	0	9.77517	0
9.77517	0	9.77517	0	9.77517	0	9.77517	0	9.77517	0	9.77517	0	9.77517	0	9.77517	0	9.77517	0	9.77517	0	9.77517	0	9.77517	0	9.77517	0	9.77517	0	9.77517	0	9.77517	0	9.77517	0	9.77518	0	9.77517	0	9.77517	0	9.77517	0	9.77517	0	9.77517	0	9.77517	0	9.77517	0
9.77517	0	9.77517	0	9.77517	0	9.77517	0	9.77517	0	9.77517	0	9.77517	0	9.77517	0	9.77517	0	9.77517	0	9.77517	0	9.77517	0	9.77517	0	9.77517	0	9.77517	0	9.77517	0	9.77517	0	9.77518	0	9.77517	0	9.77517	0	9.77517	0	9.77517	0	9.77517	0	9.77517	0	9.77517	0
9.77517	0	9.77517	0	9.77517	0	9.77517	0	9.77517	0	9.77517	0	9.77517	0	9.77517	0	9.77517	0	9.77517	0	9.77517	0	9.77517	0	9.77517	0	9.77517	0	9.77517	0	9.77517	0	9.77517	0	9.77518	0	9.77517	0	9.77517	0	9.77517	0	9.77517	0	9.77517	0	9.77517	0	9.77517	0
9.77517	0	9.77517	0	9.77517	0	9.77517	0	9.77517	0	9.77517	0	9.77517	0	9.77517	0	9.77517	0	9.77517	0	9.77517	0	9.77517	0	9.77517	0	9.77517	0	9.77517	0	9.77517	0	9.77517	0	9.77518	0	9.77517	0	9.77517	0	9.77517	0	9.77517	0	9.77517	0	9.77517	0	9.77517	0
9.77517	0	9.77517	0	9.77517	0	9.77517	0	9.77517	0	9.77517	0	9.77517	0	9.77517	0	9.77517	0	9.77517	0	9.77517	0	9.77517	0	9.77517	0	9.77517	0	9.77517	0	9.77517	0	9.77517	0	9.77518	0	9.77517	0	9.77517	0	9.77517	0	9.77517	0	9.77517	0	9.77517	0	9.77517	0
9.77517	0	9.77517	0	9.77517	0	9.77517	0	9.77517	0	9.77517	0	9.77517	0	9.77517	0	9.77517	0	9.77517	0	9.77517	0	9.77517	0	9.77517	0	9.77517	0	9.77517	0	9.77517	0	9.77517	0	9.77518	0	9.77517	0	9.77517	0	9.77517	0	9.77517	0	9.77517	0	9.77517	0	9.77517	0
9.77517	0	9.77517	0	9.77517	0	9.77517	0	9.77517	0	9.77517	0	9.77517	0	9.77517	0	9.77517	0	9.77517	0	9.77517	0	9.77517	0	9.77517	0	9.77517	0	9.77517	0	9.77517	0	9.77517	0	9.77518	0	9.77517	0	9.77517	0	9.77517	0	9.77517	0	9.77517	0	9.77517	0	9.77517	0
9.77517	0	9.77517	0	9.77517	0	9.77517	0	9.77517	0	9.77517	0	9.77517	0	9.77517	0	9.77517	0	9.77517	0	9.77517	0	9.77517	0	9.77517	0	9.77517	0	9.77517	0	9.77517	0	9.77517	0	9.77518	0	9.77517	0	9.77517	0	9.77517	0	9.77517	0	9.77517	0	9.77517	0	9.77517	0
9.77517	0	9.77517	0	9.77517	0	9.77517	0	9.77517	0	9.77517	0	9.77517	0	9.77517	0	9.77517	0	9.77517	0	9.77517	0	9.77517	0	9.77517	0	9.77517	0	9.77517	0	9.77517	0	9.77517	0	9.77518	0	9.77517	0	9.77517	0	9.77517	0	9.77517	0	9.77517	0	9.77517	0	9.77517	0
9.77517	0	9.77517	0	9.77517	0	9.77517	0	9.77517	0	9.77517	0	9.77517	0	9.77517	0	9.77517	0	9.77517	0	9.77517	0	9.77517	0	9.77517	0	9.77517	0	9.77517	0	9.77517	0	9.77517	0	9.77518	0	9.77517	0	9.77517	0	9.77517	0	9.77517	0	9.77517	0	9.77517	0	9.77517	0
9.77517	0	9.77517	0	9.77517	0	9.77517	0	9.77517	0	9.77517	0	9.77517	0	9.77517	0	9.77517	0	9.77517	0	9.77517	0	9.77517	0	9.77517	0	9.77517	0	9.77517	0	9.77517	0	9.77517	0	9.77518	0	9.77517	0	9.77517	0	9.77517	0	9.77517	0	9.77517	0	9.77517	0	9.77517	0
9.77517	0	9.77517	0	9.77517	0	9.77517	0	9.77517	0	9.77517	0	9.77517	0	9.77517	0	9.77517	0	9.77517	0	9.77517	0	9.77517	0	9.77517	0	9.77517	0	9.77517	0	9.77517	0	9.77517	0	9.77518	0	9.77517	0	9.77517	0	9.77517	0	9.77517	0	9.77517	0	9.77517	0	9.77517	0
9.77517	0	9.77517	0	9.77517	0	9.77517	0	9.77517	0	9.77517	0	9.77517	0	9.77517	0	9.77517	0	9.77517	0	9.77517	0	9.77517	0	9.77517	0	9.77517	0	9.77517	0	9.77517	0	9.77517	0	9.77518	0	9.77517	0	9.77517	0	9.77517	0	9.77517	0	9.77517	0	9.77517	0	9.77517	0
9.77517	0	9.77517	0	9.77517	0	9.77517	0	9.77517	0	9.77517	0	9.77517	0	9.77517	0	9.77517	0	9.77517	0	9.77517	0	9.77517	0	9.77517	0	9.77517	0	9.77517	0	9.77517	0	9.77517	0	9.77518	0	9.77517	0	9.77517	0	9.77517	0	9.77517	0	9.77517	0	9.77517	0	9.77517	0
9.77517	0	9.77517	0	9.77517	0	9.77517	0	9.77517	0	9.77517	0	9.77517	0	9.77517	0	9.77517	0	9.77517	0	9.77517	0	9.77517	0	9.77517	0	9.77517	0	9.77517	0	9.77517	0	9.77517	0	9.77518	0	9.77517	0	9.77517	0	9.77517	0	9.77517	0	9.77517	0	9.77517	0	9.77517	0
9.77517	0	9.77517	0	9.77517	0	9.77517	0	9.77517	0	9.77517	0	9.77517	0	9.77517	0	9.77517	0	9.77517	0	9.77517	0	9.77517	0	9.77517	0	9.77517	0	9.77517	0	9.77517	0	9.77517	0	9.77518	0	9.77517	0	9.77517	0	9.77517	0	9.77517	0	9.77517	0	9.77517	0	9.77517	0
9.77517	0	9.77517	0	9.77517	0	9.77517	0	9.77517	0	9.77517	0	9.77517	0	9.77517	0	9.77517	0	9.77517	0	9.77517	0	9.77517	0	9.77517	0	9.77517	0	9.77517	0	9.77517	0	9.77517	0	9.77518	0	9.77517	0	9.77517	0	9.77517	0	9.77517	0	9.77517	0	9.77517	0	9.77517	0
9.77517	0	9.77517	0	9.77517	0	9.77517	0	9.77517	0	9.77517	0	9.77517	0	9.77517	0	9.77517	0	9.77517	0	9.77517	0	9.77517	0	9.77517	0	9.77517	0	9.77517	0	9.77517	0	9.77517	0	9.77518	0	9.77517	0	9.77517	0	9.77517	0	9.77517	0	9.77517	0	9.77517	0	9.77517	0
9.77517	0	9.77517	0	9.77517	0	9.77517	0	9.77517	0	9.77517	0	9.77517	0	9.77517	0	9.77517	0	9.77517	0	9.77517	0	9.77517	0	9.77517	0	9.77517	0	9.77517	0	9.77517	0	9.77517	0	9.77518	0	9.77517	0	9.77517	0	9.77517	0	9.77517	0	9.77517	0	9.77517	0	9.77517	0
9.77517	0	9.77517	0	9.77517	0	9.77517	0	9.77517	0	9.77517	0	9.77517	0	9.77517	0	9.77517	0	9.77517	0	9.77517	0	9.77517	0	9.77517	0	9.77517	0	9.77517	0	9.77517	0	9.77517	0	9.77518	0	9.77517	0	9.77517	0	9.77517	0	9.77517	0	9.77517	0	9.77517	0	9.77517	0
9.77517	0	9.77517	0	9.77517	0	9.77517	0	9.77517	0	9.77517	0	9.77517	0	9.77517	0	9.77517	0	9.77517	0	9.77517	0	9.77517	0	9.77517	0	9.77517	0	9.77517	0	9.77517	0	9.77517	0	9.77518	0	9.77517	0	9.77517	0	9.77517	0	9.77517	0	9.77517	0	9.77517	0	9.77517	0
9.77517	0	9.77517	0	9.77517	0	9.77517	0	9.77517	0	9.77517	0	9.77517	0	9.77517	0	9.77517	0	9.77517	0	9.77517	0	9.77517	0	9.77517	0	9.77517	0	9.77517	0	9.77517	0	9.77517	0	9.77518	0	9.77517	0	9.77517	0	9.77517	0	9.77517	0	9.77517	0	9.77517	0	9.77517	0
9.77517	0	9.77517	0	9.77517	0	9.77517	0	9.77517	0	9.77517	0	9.77517	0	9.77517	0	9.77517	0	9.77517	0	9.77517	0	9.77517	0	9.77517	0	9.77517	0	9.77517	0	9.77517	0	9.77517	0	9.77518	0	9.77517	0	9.77517	0	9.77517	0	9.77517	0	9.77517	0	9.77517	0	9.77517	0
9.77517	0	9.77517	0	9.77517	0	9.77517	0	9.77517	0	9.77517	0	9.77517	0	9.77517	0	9.77517	0	9.77517	0	9.77517	0	9.77517	0	9.77517	0	9.77517	0	9.77517	0	9.77517	0	9.77517	0	9.77518	0	9.77517	0	9.77517	0	9.77517	0	9.77517	0	9.77517	0	9.77517	0	9.77517	0
9.77517	0	9.77517	0	9.77517	0	9.77517	0	9.77517	0	9.77517	0	9.77517	0	9.77517	0	9.77517	0	9.77517	0	9.77517	0	9.77517	0	9.77517	0	9.77517	0	9.77517	0	9.77517	0	9.77517	0	9.77518	0	9.77517	0	9.77517	0	9.77517	0	9.77517	0	9.77517	0	9.77517	0	9.77517	0
9.77517	0	9.77517	0	9.77517	0	9.77517	0	9.77517	0	9.77517	0	9.77517	0	9.77517	0	9.77517	0	9.77517	0	9.77517	0	9.77517	0	9.77517	0	9.77517	0	9.77517	0	9.77517	0	9.77517	0	9.77518	0	9.77517	0	9.77517	0	9.77517	0	9.77517	0	9.77517	0	9.77517	0	9.77517	0
9.77517	0	9.77517	0	9.77517	0	9.77517	0	9.77517	0	9.77517	0	9.77517	0	9.77517	0	9.77517	0	9.77517	0	9.77517	0	9.77517	0	9.77517	0	9.77517	0	9.77517	0	9.77517	0	9.77517	0	9.77518	0	9.77517	0	9.77517	0	9.77517	0	9.77517	0	9.77517	0	9.77517	0	9.77517	0
9.77517	0	9.77517	0	9.77517	0	9.77517	0	9.77517	0	9.77517	0	9.77517	0	9.77517	0	9.77517	0	9.77517	0	9.77517	0	9.77517	0	9.77517	0	9.77517	0	9.77517	0	9.77517	0	9.77517	0	9.77518	0	9.77517	0	9.77517	0	9.77517	0	9.77517	0	9.77517	0	9.77517	0	9.77517	0
9.77517	0	9.77517	0	9.77517	0	9.77517	0	9.77517	0	9.77517	0	9.77517	0	9.77517	0	9.77517	0	9.77517	0	9.77517	0	9.77517	0	9.77517	0	9.77517	0	9.77517	0	9.77517	0	9.77517	0	9.77518	0	9.77517	0	9.77517	0	9.77517	0	9.77517	0	9.77517	0	9.77517	0	9.77517	0
9.77517	0	9.77517	0	9.77517	0	9.77517	0	9.77517	0	9.77517	0	9.77517	0	9.77517	0	9.77517	0	9.77517	0	9.77517	0	9.77517	0	9.77517	0	9.77517	0	9.77517	0	9.77517	0	9.77517	0	9.77518	0	9.77517	0	9.77517	0	9.77517	0	9.77517	0	9.77517	0	9.77517	0	9.77517	0
9.77517	0	9.77517	0	9.77517	0	9.77517	0	9.77517	0	9.77517	0	9.77517	0	9.77517	0	9.77517	0	9.77517	0	9.77517	0	9.77517	0	9.77517	0	9.77517	0	9.77517	0	9.77517	0	9.77517	0	9.77518	0	9.77517	0	9.77517	0	9.77517	0	9.77517	0	9.77517	0	9.77517	0	9.77517	0
9.77517	0	9.77517	0	9.77517	0	9.77517	0	9.77517	0	9.77517	0	9.77517	0	9.77517	0	9.77517	0	9.77517	0	9.77517	0	9.77517	0	9.77517	0	9.77517	0	9.77517	0	9.77517	0	9.77517	0	9.77518	0	9.77517	0	9.77517	0	9.77517	0	9.77517	0	9.77517	0	9.77517	0	9.77517	0
9.77517	0	9.77517	0	9.77517	0	9.77517	0	9.77517	0	9.77517	0	9.77517	0	9.77517	0	9.77517	0	9.77517	0	9.77517	0	9.77517	0	9.77517	0	9.77517	0	9.77517	0	9.77517	0	9.77517	0	9.77518	0	9.77517	0	9.77517	0	9.77517	0	9.77517	0	9.77517	0	9.77517	0	9.77517	0
9.77517	0	9.77517	0	9.77517	0	9.77517	0	9.77517	0	9.77517	0	9.77517	0	9.77517	0	9.77517	0	9.77517	0	9.77517	0	9.77517	0	9.77517	0	9.77517	0	9.77517	0	9.77517	0	9.77517	0	9.77518	0	9.77517	0	9.77517	0	9.77517	0	9.77517	0	9.77517	0	9.77517	0	9.77517	0
9.77517	0	9.77517	0	9.77517	0	9.77517	0	9.77517	0	9.77517	0	9.77517	0	9.77517	0	9.77517	0	9.77517	0	9.77517	0	9.77517	0	9.77517	0	9.77517	0	9.77517	0	9.77517	0	9.77517	0	9.77518	0	9.77517	0	9.77517	0	9.77517	0	9.77517	0	9.77517	0	9.77517	0	9.77517	0
9.77517	0	9.77517	0	9.77517	0	9.77517	0	9.77517	0	9.77517	0	9.77517	0	9.77517	0	9.77517	0	9.77517	0	9.77517	0	9.77517	0	9.77517	0	9.77517	0	9.77517	0	9.77517	0	9.77517	0	9.77518	0	9.77517	0	9.77517	0	9.77517	0	9.77517	0	9.77517	0	9.77517	0	9.77517	0
9.77517	0	9.77517	0	9.77517	0	9.77517	0	9.77517	0	9.77517	0	9.77517	0	9.77517	0	9.77517	0	9.77517	0	9.77517	0	9.77517	0	9.77517	0	9.77517	0	9.77517	0	9.77517	0	9.77517	0	9.77518	0	9.77517	0	9.77517	0	9.77517	0	9.77517	0	9.77517	0	9.77517	0	9.77517	0
9.77517	0	9.77517	0	9.77517	0	9.77517	0	9.77517	0	9.77517	0	9.77517	0	9.77517	0	9.77517	0	9.77517	0	9.77517	0	9.77517	0	9.77517	0	9.77517	0	9.77517	0	9.77517	0	9.77517	0	9.77518	0	9.77517	0	9.77517	0	9.77517	0	9.77517	0	9.77517	0	9.77517	0	9.77517	0
9.77517	0	9.77517	0	9.77517	0	9.77517	0	9.77517	0	9.77517	0	9.77517	0	9.77517	0	9.77517	0	9.77517	0	9.77517	0	9.77517	0	9.77517	0	9.77517	0	9.77517	0	9.77517	0	9.77517	0	9.77518	0	9.77517	0	9.77517	0	9.77517	0	9.77517	0	9.77517	0	9.77517	0	9.77517	0
9.77517	0	9.77517	0	9.77517	0	9.77517	0	9.77517	0	9.77517	0	9.77517	0	9.77517	0	9.77517	0	9.77517	0	9.77517	0	9.77517	0	9.77517	0	9.77517	0	9.77517	0	9.77517	0	9.77517	0	9.77518	0	9.77517	0	9.77517	0	9.77517	0	9.77517	0	9.77517	0	9.77517	0	9.77517	0
9.77517	0	9.77517	0	9.77517	0	9.77517	0	9.77517	0	9.77517	0	9.77517	0	9.77517	0	9.77517	0	9.77517	0	9.77517	0	9.77517	0	9.77517	0	9.77517	0	9.77517	0	9.77517	0	9.77517	0	9.77518	0	9.77517	0	9.77517	0	9.77517	0	9.77517	0	9.77517	0	9.77517	0	9.77517	0
9.77517	0	9.77517	0	9.77517	0	9.77517	0	9.77517	0	9.77517	0	9.77517	0	9.77517	0	9.77517	0	9.77517	0	9.77517	0	9.77517	0	9.77517	0	9.77517	0	9.77517	0	9.77517	0	9.77517	0	9.77518	0	9.77517	0	9.77517	0	9.77517	0	9.77517	0	9.77517	0	9.77517	0	9.77517	0
9.77517	0	9.77517	0	9.77517	0	9.77517	0	9.77517	0	9.77517	0	9.77517	0	9.77517	0	9.77517	0	9.77517	0	9.77517	0	9.77517	0	9.77517	0	9.77517	0	9.77517	0	9.77517	0	9.77517	0	9.77518	0	9.77517	0	9.77517	0	9.77517	0	9.77517	0	9.77517	0	9.77517	0	9.77517	0
9.77517	0	9.77517	0	9.77517	0	9.77517	0	9.77517	0	9.77517	0	9.77517	0	9.77517	0	9.77517	0	9.77517	0	9.77517	0	9.77517	0	9.77517	0	9.77517	0	9.77517	0	9.77517	0	9.77517	0	9.77518	0	9.77517	0	9.77517	0	9.77517	0	9.77517	0	9.77517	0	9.77517	0	9.77517	0
9.77517	0	9.77517	0	9.77517	0	9.77517	0	9.77517	0	9.77517	0	9.77517	0	9.77517	0	9.77517	0	9.77517	0	9.77517	0	9.77517	0	9.77517	0	9.77517	0	9.77517	0	9.77517	0	9.77517	0	9.77518	0	9.77517	0	9.77517	0	9.77517	0	9.77517	0	9.77517	0	9.77517	0	9.77517	0
9.77517	0	9.77517	0	9.77517	0	9.77517	0	9.77517	0	9.77517	0	9.77517	0	9.77517	0	9.77517	0	9.77517	0	9.77517	0	9.77517	0	9.77517	0	9.77517	0	9.77517	0	9.77517	0	9.77517	0	9.77518	0	9.77517	0	9.77517	0	9.77517	0	9.77517	0	9.77517	0	9.77517	0	9.77517	0
9.77517	0	9.77517	0	9.77517	0	9.77517	0	9.77517	0	9.77517	0	9.77517	0	9.77517	0	9.77517	0	9.77517	0	9.77517	0	9.77517	0	9.77517	0	9.77517	0	9.77517	0	9.77517	0	9.77517	0	9.77518	0	9.77517	0	9.77517	0	9.77517	0	9.77517	0	9.77517	0	9.77517	0	9.77517	0
9.77517	0	9.77517	0	9.77517	0	9.77517	0	9.77517	0	9.77517	0	9.77517	0	9.77517	0	9.77517	0	9.77517	0	9.77517	0	9.77517	0	9.77517	0	9.77517	0	9.77517	0	9.77517	0	9.77517	0	9.77518	0	9.77517	0	9.77517	0	9.77517	0	9.77517	0	9.77517	0	9.77517	0	9.77517	0
9.77517	0	9.77517	0	9.77517	0	9.77517	0	9.77517	0	9.77517	0	9.77517	0	9.77517	0	9.77517	0	9.77517	0	9.77517	0	9.77517	0	9.77517	0	9.77517	0	9.77517	0	9.77517	0	9.77517	0	9.77518	0	9.77517	0	9.77517	0	9.77517	0	9.77517	0	9.77517	0	9.77517	0	9.77517	0
9.77517	0	9.77517	0	9.77517	0	9.77517	0	9.77517	0	9.77517	0	9.77517	0	9.77517	0	9.77517	0	9.77517	0	9.77517	0	9.77517	0	9.77517	0	9.77517	0	9.77517	0	9.77517	0	9.77517	0	9.77518	0	9.77517	0	9.77517	0	9.77517	0	9.77517	0	9.77517	0	9.77517	0	9.77517	0
9.77517	0	9.77517	0	9.77517	0	9.77517	0	9.77517	0	9.77517	0	9.77517	0	9.77517	0	9.77517	0	9.77517	0	9.77517	0	9.77517	0	9.77517	0	9.77517	0	9.77517	0	9.77517	0	9.77517	0	9.77518	0	9.77517	0	9.77517	0	9.77517	0	9.77517	0	9.77517	0	9.77517	0	9.77517	0
9.77517	0	9.77517	0	9.77517	0	9.77517	0	9.77517	0	9.77517	0	9.77517	0	9.77517	0	9.77517	0	9.77517	0	9.77517	0	9.77517	0	9.77517	0	9.77517	0	9.77517	0	9.77517	0	9.77517	0	9.77518	0	9.77517	0	9.77517	0	9.77517	0	9.77517	0	9.77517	0	9.77517	0	9.77517	0
9.77517	0	9.77517	0	9.77517	0	9.77517	0	9.77517	0	9.77517	0	9.77517	0	9.77517	0	9.77517	0	9.77517	0	9.77517	0	9.77517	0	9.77517	0	9.77517	0	9.77517	0	9.77517	0	9.77517	0	9.77518	0	9.77517	0	9.77517	0	9.77517	0	9.77517	0	9.77517	0	9.77517	0	9.77517	0
9.77517	0	9.77517	0	9.77517	0	9.77517	0	9.77517	0	9.77517	0	9.77517	0	9.77517	0	9.77517	0	9.77517	0	9.77517	0	9.77517	0	9.77517	0	9.77517	0	9.77517	0	9.77517	0	9.77517	0	9.77518	0	9.77517	0	9.77517	0	9.77517	0	9.77517	0	9.77517	0	9.77517	0	9.77517	0
9.77517	0	9.77517	0	9.77517	0	9.77517	0	9.77517	0	9.77517	0	9.77517	0	9.77517	0	9.77517	0	9.77517	0	9.77517	0	9.77517	0	9.77517	0	9.77517	0	9.77517	0	9.77517	0	9.77517	0	9.77518	0	9.77517	0	9.77517	0	9.77517	0	9.77517	0	9.77517	0	9.77517	0	9.77517	0
9.77517	0	9.77517	0	9.77517	0	9.77517	0	9.77517	0	9.77517	0	9.77517	0	9.77517	0	9.77517	0	9.77517	0	9.77517	0	9.77517	0	9.77517	0	9.77517	0	9.77517	0	9.77517	0	9.77517	0	9.77518	0	9.77517	0	9.77517	0	9.77517	0	9.77517	0	9.77517	0	9.77517	0	9.77517	0
9.77517	0	9.77517	0	9.77517	0	9.77517	0	9.77517	0	9.77517	0	9.77517	0	9.77517	0	9.77517	0	9.77517	0	9.77517	0	9.77517	0	9.77517	0	9.77517	0	9.77517	0	9.77517	0	9.77517	0	9.77518	0	9.77517	0	9.77517	0	9.77517	0	9.77517	0	9.77517	0	9.77517	0	9.77517	0
9.77517	0	9.77517	0	9.77517	0	9.77517	0	9.77517	0	9.77517	0	9.77517	0	9.77517	0	9.77517	0	9.77517	0	9.77517	0	9.77517	0	9.77517	0	9.77517	0	9.77517	0	9.77517	0	9.77517	0	9.77518	0	9.77517	0	9.77517	0	9.77517	0	9.77517	0	9.77517	0	9.77517	0	9.77517	0
9.77517	0	9.77517	0	9.77517	0	9.77517	0	9.77517	0	9.77517	0	9.77517	0	9.77517	0	9.77517	0	9.77517	0	9.77517	0	9.77517	0	9.77517	0	9.77517	0	9.77517	0	9.77517	0	9.77517	0	9.77518	0	9.77517	0	9.77517	0	9.77517	0	9.77517	0	9.77517	0	9.77517	0	9.77517	0
9.77517	0	9.77517	0	9.77517	0	9.77517	0	9.77517	0	9.77517	0	9.77517	0	9.77517	0	9.77517	0	9.77517	0	9.77517	0	9.77517	0	9.77517	0	9.77517	0	9.77517	0	9.77517	0	9.77517	0	9.77518	0	9.77517	0	9.77517	0	9.77517	0	9.77517	0	9.77517	0	9.77517	0	9.77517	0
9.77517	0	9.77517	0	9.77517	0	9.77517	0	9.77517	0	9.77517	0	9.77517	0	9.77517	0	9.77517	0	9.77517	0	9.77517	0	9.77517	0	9.77517	0	9.77517	0	9.77517	0	9.77517	0	9.77517	0	9.77518	0	9.77517	0	9.77517	0	9.77517	0	9.77517	0	9.77517	0	9.77517	0	9.77517	0
9.77517	0	9.77517	0	9.77517	0	9.77517	0	9.77517	0	9.77517	0	9.77517	0	9.77517	0	9.77517	0	9.77517	0	9.77517	0	9.77517	0	9.77517	0	9.77517	0	9.77517	0	9.77517	0	9.77517	0	9.77518	0	9.77517	0	9.77517	0	9.77517	0	9.77517	0	9.77517	0	9.77517	0	9.77517	0
9.77517	0	9.77517	0	9.77517	0	9.77517	0	9.77517	0	9.77517	0	9.77517	0	9.77517	0	9.77517	0	9.77517	0	9.77517	0	9.77517	0	9.77517	0	9.77517	0	9.77517	0	9.77517	0	9.77517	0	9.77518	0	9.77517	0	9.77517	0	9.77517	0	9.77517	0	9.77517	0	9.77517	0	9.77517	0
9.77517	0	9.77517	0	9.77517	0	9.77517	0	9.77517	0	9.77517	0	9.77517	0	9.77517	0	9.77517	0	9.77517	0	9.77517	0	9.77517	0	9.77517	0	9.77517	0	9.77517	0	9.77517	0	9.77517	0	9.77518	0	9.77517	0	9.77517	0	9.77517	0	9.77517	0	9.77517	0	9.77517	0	9.77517	0
9.77517	0	9.77517	0	9.77517	0	9.77517	0	9.77517	0	9.77517	0	9.77517	0	9.77517	0	9.77517	0	9.77517	0	9.77517	0	9.77517	0	9.77517	0	9.77517	0	9.77517	0	9.77517	0	9.77517	0	9.77518	0	9.77517	0	9.77517	0	9.77517	0	9.77517	0	9.77517	0	9.77517	0	9.77517	0
9.77517	0	9.77517	0	9.77517	0	9.77517	0	9.77517	0	9.77517	0	9.77517	0	9.77517	0	9.77517	0	9.77517	0	9.77517	0	9.77517	0	9.77517	0	9.77517	0	9.77517	0	9.77517	0	9.77517	0	9.77518	0	9.77517	0	9.77517	0	9.77517	0	9.77517	0	9.77517	0	9.77517	0	9.77517	0
9.77517	0	9.77517	0	9.77517	0	9.77517	0	9.77517	0	9.77517	0	9.77517	0	9.77517	0	9.77517	0	9.77517	0	9.77517	0	9.77517	0	9.77517	0	9.77517	0	9.77517	0	9.77517	0	9.77517	0	9.77518	0	9.77517	0	9.77517	0	9.77517	0	9.77517	0	9.77517	0	9.77517	0	9.77517	0
9.77517	0	9.77517	0	9.77517	0	9.77517	0	9.77517	0	9.77517	0	9.77517	0	9.77517	0	9.77517	0	9.77517	0	9.77517	0	9.77517	0	9.77517	0	9.77517	0	9.77517	0	9.77517	0	9.77517	0	9.77518	0	9.77517	0	9.77517	0	9.77517	0	9.77517	0	9.77517	0	9.77517	0	9.77517	0
9.77517	0	9.77517	0	9.77517	0	9.77517	0	9.77517	0	9.77517	0	9.77517	0	9.77517	0	9.77517	0	9.77517	0	9.77517	0	9.77517	0	9.77517	0	9.77517	0	9.77517	0	9.77517	0	9.77517	0	9.77518	0	9.77517	0	9.77517	0	9.77517	0	9.77517	0	9.77517	0	9.77517	0	9.77517	0
9.77517	0	9.77517	0	9.77517	0	9.77517	0	9.77517	0	9.77517	0	9.77517	0	9.77517	0	9.77517	0	9.77517	0	9.77517	0	9.77517	0	9.77517	0	9.77517	0	9.77517	0	9.77517	0	9.77517	0	9.77518	0	9.77517	0	9.77517	0	9.77517	0	9.77517	0	9.77517	0	9.77517	0	9.77517	0
9.77517	0	9.77517	0	9.77517	0	9.77517	0	9.77517	0	9.77517	0	9.77517	0	9.77517	0	9.77517	0	9.77517	0	9.77517	0	9.77517	0	9.77517	0	9.77517	0	9.77517	0	9.77517	0	9.77517	0	9.77518	0	9.77517	0	9.77517	0	9.77517	0	9.77517	0	9.77517	0	9.77517	0	9.77517	0
9.77517	0	9.77517	0	9.77517	0	9.77517	0	9.77517	0	9.77517	0	9.77517	0	9.77517	0	9.77517	0	9.77517	0	9.77517	0	9.77517	0	9.77517	0	9.77517	0	9.77517	0	9.77517	0	9.77517	0	9.77518	0	9.77517	0	9.77517	0	9.77517	0	9.77517	0	9.77517	0	9.77517	0	9.77517	0
9.77517	0	9.77517	0	9.77517	0	9.77517	0	9.77517	0	9.77517	0	9.77517	0	9.77517	0	9.77517	0	9.77517	0	9.77517	0	9.77517	0	9.77517	0	9.77517	0	9.77517	0	9.77517	0	9.77517	0	9.77518	0	9.77517	0	9.77517	0	9.77517	0	9.77517	0	9.77517	0	9.77517	0	9.77517	0
9.77517	0	9.77517	0	9.77517	0	9.77517	0	9.77517	0	9.77517	0	9.77517	0	9.77517	0	9.77517	0	9.77517	0	9.77517	0	9.77517	0	9.77517	0	9.77517	0	9.77517	0	9.77517	0	9.77517	0	9.77518	0	9.77517	0	9.77517	0	9.77517	0	9.77517	0	9.77517	0	9.77517	0	9.77517	0
9.77517	0	9.77517	0	9.77517	0	9.77517	0	9.77517	0	9.77517	0	9.77517	0	9.77517	0	9.77517	0	9.77517	0	9.77517	0	9.77517	0	9.77517	0	9.77517	0	9.77517	0	9.77517	0	9.77517	0	9.77518	0	9.77517	0	9.77517	0	9.77517	0	9.77517	0	9.77517	0	9.77517	0	9.77517	0
9.77517	0	9.77517	0	9.77517	0	9.77517	0	9.77517	0	9.77517	0	9.77517	0	9.77517	0	9.77517	0	9.77517	0	9.77517	0	9.77517	0	9.77517	0	9.77517	0	9.77517	0	9.77517	0	9.77517	0	9.77518	0	9.77517	0	9.77517	0	9.77517	0	9.77517	0	9.77517	0	9.77517	0	9.77517	0
9.77517	0	9.77517	0	9.77517	0	9.77517	0	9.77517	0	9.77517	0	9.77517	0	9.77517	0	9.77517	0	9.77517	0	9.77517	0	9.77517	0	9.77517	0	9.77517	0	9.77517	0	9.77517	0	9.77517	0	9.77518	0	9.77517	0	9.77517	0	9.77517	0	9.77517	0	9.77517	0	9.77517	0	9.77517	0
9.77517	0	9.77517	0	9.77517	0	9.77517	0	9.77517	0	9.77517	0	9.77517	0	9.77517	0	9.77517	0	9.77517	0	9.77517	0	9.77517	0	9.77517	0	9.77517	0	9.77517	0	9.77517	0	9.77517	0	9.77518	0	9.77517	0	9.77517	0	9.77517	0	9.77517	0	9.77517	0	9.77517	0	9.77517	0
9.77517	0	9.77517	0	9.77517	0	9.77517	0	9.77517	0	9.77517	0	9.77517	0	9.77517	0	9.77517	0	9.77517	0	9.77517	0	9.77517	0	9.77517	0	9.77517	0	9.77517	0	9.77517	0	9.77517	0	9.77518	0	9.77517	0	9.77517	0	9.77517	0	9.77517	0	9.77517	0	9.77517	0	9.77517	0
9.77517	0	9.77517	0	9.77517	0	9.77517	0	9.77517	0	9.77517	0	9.77517	0	9.77517	0	9.77517	0	9.77517	0	9.77517	0	9.77517	0	9.77517	0	9.77517	0	9.77517	0	9.77517	0	9.77517	0	9.77518	0	9.77517	0	9.77517	0	9.77517	0	9.77517	0	9.77517	0	9.77517	0	9.77517	0
9.77517	0	9.77517	0	9.77517	0	9.77517	0	9.77517	0	9.77517	0	9.77517	0	9.77517	0	9.77517	0	9.77517	0	9.77517	0	9.77517	0	9.77517	0	9.77517	0	9.77517	0	9.77517	0	9.77517	0	9.77518	0	9.77517	0	9.77517	0	9.77517	0	9.77517	0	9.77517	0	9.77517	0	9.77517	0
9.77517	0	9.77517	0	9.77517	0	9.77517	0	9.77517	0	9.77517	0	9.77517	0	9.77517	0	9.77517	0	9.77517	0	9.77517	0	9.77517	0	9.77517	0	9.77517	0	9.77517	0	9.77517	0	9.77517	0	9.77518	0	9.77517	0	9.77517	0	9.77517	0	9.77517	0	9.77517	0	9.77517	0	9.77517	0
9.77517	0	9.77517	0	9.77517	0	9.77517	0	9.77517	0	9.77517	0	9.77517	0	9.77517	0	9.77517	0	9.77517	0	9.77517	0	9.77517	0	9.77517	0	9.77517	0	9.77517	0	9.77517	0	9.77517	0	9.77518	0	9.77517	0	9.77517	0	9.77517	0	9.77517	0	9.77517	0	9.77517	0	9.77517	0
9.77517	0	9.77517	0	9.77517	0	9.77517	0	9.77517	0	9.77517	0	9.77517	0	9.77517	0	9.77517	0	9.77517	0	9.77517	0	9.77517	0	9.77517	0	9.77517	0	9.77517	0	9.77517	0	9.77517	0	9.77518	0	9.77517	0	9.77517	0	9.77517	0	9.77517	0	9.77517	0	9.77517	0	9.77517	0
9.77517	0	9.77517	0	9.77517	0	9.77517	0	9.77517	0	9.77517	0	9.77517	0	9.77517	0	9.77517	0	9.77517	0	9.77517	0	9.77517	0	9.77517	0	9.77517	0	9.77517	0	9.77517	0	9.77517	0	9.77518	0	9.77517	0	9.77517	0	9.77517	0	9.77517	0	9.77517	0	9.77517	0	9.77517	0
9.77517	0	9.77517	0	9.77517	0	9.77517	0	9.77517	0	9.77517	0	9.77517	0	9.77517	0	9.77517	0	9.77517	0	9.77517	0	9.77517	0	9.77517	0	9.77517	0	9.77517	0	9.77517	0	9.77517	0	9.77518	0	9.77517	0	9.77517	0	9.77517	0	9.77517	0	9.77517	0	9.77517	0	9.77517	0
9.77517	0	9.77517	0	9.77517	0	9.77517	0	9.77517	0	9.77517	0	9.77517	0	9.77517	0	9.77517	0	9.77517	0	9.77517	0	9.77517	0	9.77517	0	9.77517	0	9.77517	0	9.77517	0	9.77517	0	9.77518	0	9.77517	0	9.77517	0	9.77517	0	9.77517	0	9.77517	0	9.77517	0	9.77517	0
9.77517	0	9.77517	0	9.77517	0	9.77517	0	9.77517	0	9.77517	0	9.77517	0	9.77517	0	9.77517	0	9.77517	0	9.77517	0	9.77517	0	9.77517	0	9.77517	0	9.77517	0	9.77517	0	9.77517	0	9.77518	0	9.77517	0	9.77517	0	9.77517	0	9.77517	0	9.77517	0	9.77517	0	9.77517	0
9.77517	0	9.77517	0	9.77517	0	9.77517	0	9.77517	0	9.77517	0	9.77517	0	9.77517	0	9.77517	0	9.77517	0	9.77517	0	9.77517	0	9.77517	0	9.77517	0	9.77517	0	9.77517	0	9.77517	0	9.77518	0	9.77517	0	9.77517	0	9.77517	0	9.77517	0	9.77517	0	9.77517	0	9.77517	0
9.77517	0	9.77517	0	9.77517	0	9.77517	0	9.77517	0	9.77517	0	9.77517	0	9.77517	0	9.77517	0	9.77517	0	9.77517	0	9.77517	0	9.77517	0	9.77517	0	9.77517	0	9.77517	0	9.77517	0	9.77518	0	9.77517	0	9.77517	0	9.77517	0	9.77517	0	9.77517	0	9.77517	0	9.77517	0
9.77517	0	9.77517	0	9.77517	0	9.77517	0	9.77517	0	9.77517	0	9.77517	0	9.77517	0	9.77517	0	9.77517	0	9.77517	0	9.77517	0	9.77517	0	9.77517	0	9.77517	0	9.77517	0	9.77517	0	9.77518	0	9.77517	0	9.77517	0	9.77517	0	9.77517	0	9.77517	0	9.77517	0	9.77517	0
9.77517	0	9.77517	0	9.77517	0	9.77517	0	9.77517	0	9.77517	0	9.77517	0	9.77517	0	9.77517	0	9.77517	0	9.77517	0	9.77517	0	9.77517	0	9.77517	0	9.77517	0	9.77517	0	9.77517	0	9.77518	0	9.77517	0	9.77517	0	9.77517	0	9.77517	0	9.77517	0	9.77517	0	9.77517	0
9.77517	0	9.77517	0	9.77517	0	9.77517	0	9.77517	0	9.77517	0	9.77517	0	9.77517	0	9.77517	0	9.77517	0	9.77517	0	9.77517	0	9.77517	0	9.77517	0	9.77517	0	9.77517	0	9.77517	0	9.77518	0	9.77517	0	9.77517	0	9.77517	0	9.77517	0	9.77517	0	9.77517	0	9.77517	0
9.77517	0	9.77517	0	9.77517	0	9.77517	0	9.77517	0	9.77517	0	9.77517	0	9.77517	0	9.77517	0	9.77517	0	9.77517	0	9.77517	0	9.77517	0	9.77517	0	9.77517	0	9.77517	0	9.77517	0	9.77518	0	9.77517	0	9.77517	0	9.77517	0	9.77517	0	9.77517	0	9.77517	0	9.77517	0
9.77517	0	9.77517	0	9.77517	0	9.77517	0	9.77517	0	9.77517	0	9.77517	0	9.77517	0	9.77517	0	9.77517	0	9.77517	0	9.77517	0	9.77517	0	9.77517	0	9.77517	0	9.77517	0	9.77517	0	9.77518	0	9.77517	0	9.77517	0	9.77517	0	9.77517	0	9.77517	0	9.77517	0	9.77517	0
9.77517	0	9.77517	0	9.77517	0	9.77517	0	9.77517	0	9.77517	0	9.77517	0	9.77517	0	9.77517	0	9.77517	0	9.77517	0	9.77517	0	9.77517	0	9.77517	0	9.77517	0	9.77517	0	9.77517	0	9.77518	0	9.77517	0	9.77517	0	9.77517	0	9.77517	0	9.77517	0	9.77517	0	9.77517	0
9.77517	0	9.77517	0	9.77517	0	9.77517	0	9.77517	0	9.77517	0	9.77517	0	9.77517	0	9.77517	0	9.77517	0	9.77517	0	9.77517	0	9.77517	0	9.77517	0	9.77517	0	9.77517	0	9.77517	0	9.77518	0	9.77517	0	9.77517	0	9.77517	0	9.77517	0	9.77517	0	9.77517	0	9.77517	0
9.77517	0	9.77517	0	9.77517	0	9.77517	0	9.77517	0	9.77517	0	9.77517	0	9.77517	0	9.77517	0	9.77517	0	9.77517	0	9.77517	0	9.77517	0	9.77517	0	9.77517	0	9.77517	0	9.77517	0	9.77518	0	9.77517	0	9.77517	0	9.77517	0	9.77517	0	9.77517	0	9.77517	0	9.77517	0
9.77517	0	9.77517	0	9.77517	0	9.77517	0	9.77517	0	9.77517	0	9.77517	0	9.77517	0	9.77517	0	9.77517	0	9.77517	0	9.77517	0	9.77517	0	9.77517	0	9.77517	0	9.77517	0	9.77517	0	9.77518	0	9.77517	0	9.77517	0	9.77517	0	9.77517	0	9.77517	0	9.77517	0	9.77517	0
9.77517	0	9.77517	0	9.77517	0	9.77517	0	9.77517	0	9.77517	0	9.77517	0	9.77517	0	9.77517	0	9.77517	0	9.77517	0	9.77517	0	9.77517	0	9.77517	0	9.77517	0	9.77517	0	9.77517	0	9.77518	0	9.77517	0	9.77517	0	9.77517	0	9.77517	0	9.77517	0	9.77517	0	9.77517	0
9.77517	0	9.77517	0	9.77517	0	9.77517	0	9.77517	0	9.77517	0	9.77517	0	9.77517	0	9.77517	0	9.77517	0	9.77517	0	9.77517	0	9.77517	0	9.77517	0	9.77517	0	9.77517	0	9.77517	0	9.77518	0	9.77517	0	9.77517	0	9.77517	0	9.77517	0	9.77517	0	9.77517	0	9.77517	0
9.77517	0	9.77517	0	9.77517	0	9.77517	0	9.77517	0	9.77517	0	9.77517	0	9.77517	0	9.77517	0	9.77517	0	9.77517	0	9.77517	0	9.77517	0	9.77517	0	9.77517	0	9.77517	0	9.77517	0	9.77518	0	9.77517	0	9.77517	0	9.77517	0	9.77517	0	9.77517	0	9.77517	0	9.77517	0
9.77517	0	9.77517	0	9.77517	0	9.77517	0	9.77517	0	9.77517	0	9.77517	0	9.77517	0	9.77517	0	9.77517	0	9.77517	0	9.77517	0	9.77517	0	9.77517	0	9.77517	0	9.77517	0	9.77517	0	9.77518	0	9.77517	0	9.77517	0	9.77517	0	9.77517	0	9.77517	0	9.77517	0	9.77517	0
9.77517	0	9.77517	0	9.77517	0	9.77517	0	9.77517	0	9.77517	0	9.77517	0	9.77517	0	9.77517	0	9.77517	0	9.77517	0	9.77517	0	9.77517	0	9.77517	0	9.77517	0	9.77517	0	9.77517	0	9.77518	0	9.77517	0	9.77517	0	9.77517	0	9.77517	0	9.77517	0	9.77517	0	9.77517	0
9.77517	0	9.77517	0	9.77517	0	9.77517	0	9.77517	0	9.77517	0	9.77517	0	9.77517	0	9.77517	0	9.77517	0	9.77517	0	9.77517	0	9.77517	0	9.77517	0	9.77517	0	9.77517	0	9.77517	0	9.77518	0	9.77517	0	9.77517	0	9.77517	0	9.77517	0	9.77517	0	9.77517	0	9.77517	0
9.77517	0	9.77517	0	9.77517	0	9.77517	0	9.77517	0	9.77517	0	9.77517	0	9.77517	0	9.77517	0	9.77517	0	9.77517	0	9.77517	0	9.77517	0	9.77517	0	9.77517	0	9.77517	0	9.77517	0	9.77518	0	9.77517	0	9.77517	0	9.77517	0	9.77517	0	9.77517	0	9.77517	0	9.77517	0
9.77517	0	9.77517	0	9.77517	0	9.77517	0	9.77517	0	9.77517	0	9.77517	0	9.77517	0	9.77517	0	9.77517	0	9.77517	0	9.77517	0	9.77517	0	9.77517	0	9.77517	0	9.77517	0	9.77517	0	9.77518	0	9.77517	0	9.77517	0	9.77517	0	9.77517	0	9.77517	0	9.77517	0	9.77517	0
9.77517	0	9.77517	0	9.77517	0	9.77517	0	9.77517	0	9.77517	0	9.77517	0	9.77517	0	9.77517	0	9.77517	0	9.77517	0	9.77517	0	9.77517	0	9.77517	0	9.77517	0	9.77517	0	9.77517	0	9.77518	0	9.77517	0	9.77517	0	9.77517	0	9.77517	0	9.77517	0	9.77517	0	9.77517	0
9.77517	0	9.77517	0	9.77517	0	9.77517	0	9.77517	0	9.77517	0	9.77517	0	9.77517	0	9.77517	0	9.77517	0	9.77517	0	9.77517	0	9.77517	0	9.77517	0	9.77517	0	9.77517	0	9.77517	0	9.77518	0	9.77517	0	9.77517	0	9.77517	0	9.77517	0	9.77517	0	9.77517	0	9.77517	0
9.77517	0	9.77517	0	9.77517	0	9.77517	0	9.77517	0	9.77517	0	9.77517	0	9.77517	0	9.77517	0	9.77517	0	9.77517	0	9.77517	0	9.77517	0	9.77517	0	9.77517	0	9.77517	0	9.77517	0	9.77518	0	9.77517	0	9.77517	0	9.77517	0	9.77517	0	9.77517	0	9.77517	0	9.77517	0
9.77517	0	9.77517	0	9.77517	0	9.77517	0	9.77517	0	9.77517	0	9.77517	0	9.77517	0	9.77517	0	9.77517	0	9.77517	0	9.77517	0	9.77517	0	9.77517	0	9.77517	0	9.77517	0	9.77517	0	9.77518	0	9.77517	0	9.77517	0	9.77517	0	9.77517	0	9.77517	0	9.77517	0	9.77517	0
9.77517	0	9.77517	0	9.77517	0	9.77517	0	9.77517	0	9.77517	0	9.77517	0	9.77517	0	9.77517	0	9.77517	0	9.77517	0	9.77517	0	9.77517	0	9.77517	0	9.77517	0	9.77517	0	9.77517	0	9.77518	0	9.77517	0	9.77517	0	9.77517	0	9.77517	0	9.77517	0	9.77517	0	9.77517	0
9.77517	0	9.77517	0	9.77517	0	9.77517	0	9.77517	0	9.77517	0	9.77517	0	9.77517	0	9.77517	0	9.77517	0	9.77517	0	9.77517	0	9.77517	0	9.77517	0	9.77517	0	9.77517	0	9.77517	0	9.77518	0	9.77517	0	9.77517	0	9.77517	0	9.77517	0	9.77517	0	9.77517	0	9.77517	0
9.77517	0	9.77517	0	9.77517	0	9.77517	0	9.77517	0	9.77517	0	9.77517	0	9.77517	0	9.77517	0	9.77517	0	9.77517	0	9.77517	0	9.77517	0	9.77517	0	9.77517	0	9.77517	0	9.77517	0	9.77518	0	9.77517	0	9.77517	0	9.77517	0	9.77517	0	9.77517	0	9.77517	0	9.77517	0
9.77517	0	9.77517	0	9.77517	0	9.77517	0	9.77517	0	9.77517	0	9.77517	0	9.77517	0	9.77517	0	9.77517	0	9.77517	0	9.77517	0	9.77517	0	9.77517	0	9.77517	0	9.77517	0	9.77517	0	9.77518	0	9.77517	0	9.77517	0	9.77517	0	9.77517	0	9.77517	0	9.77517	0	9.77517	0
9.77517	0	9.77517	0	9.77517	0	9.77517	0	9.77517	0	9.77517	0	9.77517	0	9.77517	0	9.77517	0	9.77517	0	9.77517	0	9.77517	0	9.77517	0	9.77517	0	9.77517	0	9.77517	0	9.77517	0	9.77518	0	9.77517	0	9.77517	0	9.77517	0	9.77517	0	9.77517	0	9.77517	0	9.77517	0
9.77517	0	9.77517	0	9.77517	0	9.77517	0	9.77517	0	9.77517	0	9.77517	0	9.77517	0	9.77517	0	9.77517	0	9.77517	0	9.77517	0	9.77517	0	9.77517	0	9.77517	0	9.77517	0	9.77517	0	9.77518	0	9.77517	0	9.77517	0	9.77517	0	9.77517	0	9.77517	0	9.77517	0	9.77517	0
9.77517	0	9.77517	0	9.77517	0	9.77517	0	9.77517	0	9.77517	0	9.77517	0	9.77517	0	9.77517	0	9.77517	0	9.77517	0	9.77517	0	9.77517	0	9.77517	0	9.77517	0	9.77517	0	9.77517	0	9.77518	0	9.77517	0	9.77517	0	9.77517	0	9.77517	0	9.77517	0	9.77517	0	9.77517	0
9.77517	0	9.77517	0	9.77517	0	9.77517	0	9.77517	0	9.77517	0	9.77517	0	9.77517	0	9.77517	0	9.77517	0	9.77517	0	9.77517	0	9.77517	0	9.77517	0	9.77517	0	9.77517	0	9.77517	0	9.77518	0	9.77517	0	9.77517	0	9.77517	0	9.77517	0	9.77517	0	9.77517	0	9.77517	0
9.77517	0	9.77517	0	9.77517	0	9.77517	0	9.77517	0	9.77517	0	9.77517	0	9.77517	0	9.77517	0	9.77517	0	9.77517	0	9.77517	0	9.77517	0	9.77517	0	9.77517	0	9.77517	0	9.77517	0	9.77518	0	9.77517	0	9.77517	0	9.77517	0	9.77517	0	9.77517	0	9.77517	0	9.77517	0
9.77517	0	9.77517	0	9.77517	0	9.77517	0	9.77517	0	9.77517	0	9.77517	0	9.77517	0	9.77517	0	9.77517	0	9.77517	0	9.77517	0	9.77517	0	9.77517	0	9.77517	0	9.77517	0	9.77517	0	9.77518	0	9.77517	0	9.77517	0	9.77517	0	9.77517	0	9.77517	0	9.77517	0	9.77517	0
9.77517	0	9.77517	0	9.77517	0	9.77517	0	9.77517	0	9.77517	0	9.77517	0	9.77517	0	9.77517	0	9.77517	0	9.77517	0	9.77517	0	9.77517	0	9.77517	0	9.77517	0	9.77517	0	9.77517	0	9.77518	0	9.77517	0	9.77517	0	9.77517	0	9.77517	0	9.77517	0	9.77517	0	9.77517	0
9.77517	0	9.77517	0	9.77517	0	9.77517	0	9.77517	0	9.77517	0	9.77517	0	9.77517	0	9.77517	0	9.77517	0	9.77517	0	9.77517	0	9.77517	0	9.77517	0	9.77517	0	9.77517	0	9.77517	0	9.77518	0	9.77517	0	9.77517	0	9.77517	0	9.77517	0	9.77517	0	9.77517	0	9.77517	0
9.77517	0	9.77517	0	9.77517	0	9.77517	0	9.77517	0	9.77517	0	9.77517	0	9.77517	0	9.77517	0	9.77517	0	9.77517	0	9.77517	0	9.77517	0	9.77517	0	9.77517	0	9.77517	0	9.77517	0	9.77518	0	9.77517	0	9.77517	0	9.77517	0	9.77517	0	9.77517	0	9.77517	0	9.77517	0
9.77517	0	9.77517	0	9.77517	0	9.77517	0	9.77517	0	9.77517	0	9.77517	0	9.77517	0	9.77517	0	9.77517	0	9.77517	0	9.77517	0	9.77517	0	9.77517	0	9.77517	0	9.77517	0	9.77517	0	9.77518	0	9.77517	0	9.77517	0	9.77517	0	9.77517	0	9.77517	0	9.77517	0	9.77517	0
9.77517	0	9.77517	0	9.77517	0	9.77517	0	9.77517	0	9.77517	0	9.77517	0	9.77517	0	9.77517	0	9.77517	0	9.77517	0	9.77517	0	9.77517	0	9.77517	0	9.77517	0	9.77517	0	9.77517	0	9.77518	0	9.77517	0	9.77517	0	9.77517	0	9.77517	0	9.77517	0	9.77517	0	9.77517	0
9.77517	0	9.77517	0	9.77517	0	9.77517	0	9.77517	0	9.77517	0	9.77517	0	9.77517	0	9.77517	0	9.77517	0	9.77517	0	9.77517	0	9.77517	0	9.77517	0	9.77517	0	9.77517	0	9.77517	0	9.77518	0	9.77517	0	9.77517	0	9.77517	0	9.77517	0	9.77517	0	9.77517	0	9.77517	0
9.77517	0	9.77517	0	9.77517	0	9.77517	0	9.77517	0	9.77517	0	9.77517	0	9.77517	0	9.77517	0	9.77517	0	9.77517	0	9.77517	0	9.77517	0	9.77517	0	9.77517	0	9.77517	0	9.77517	0	9.77518	0	9.77517	0	9.77517	0	9.77517	0	9.77517	0	9.77517	0	9.77517	0	9.77517	0
9.77517	0	9.77517	0	9.77517	0	9.77517	0	9.77517	0	9.77517	0	9.77517	0	9.77517	0	9.77517	0	9.77517	0	9.77517	0	9.77517	0	9.77517	0	9.77517	0	9.77517	0	9.77517	0	9.77517	0	9.77518	0	9.77517	0	9.77517	0	9.77517	0	9.77517	0	9.77517	0	9.77517	0	9.77517	0
9.77517	0	9.77517	0	9.77517	0	9.77517	0	9.77517	0	9.77517	0	9.77517	0	9.77517	0	9.77517	0	9.77517	0	9.77517	0	9.77517	0	9.77517	0	9.77517	0	9.77517	0	9.77517	0	9.77517	0	9.77518	0	9.77517	0	9.77517	0	9.77517	0	9.77517	0	9.77517	0	9.77517	0	9.77517	0
9.77517	0	9.77517	0	9.77517	0	9.77517	0	9.77517	0	9.77517	0	9.77517	0	9.77517	0	9.77517	0	9.77517	0	9.77517	0	9.77517	0	9.77517	0	9.77517	0	9.77517	0	9.77517	0	9.77517	0	9.77518	0	9.77517	0	9.77517	0	9.77517	0	9.77517	0	9.77517	0	9.77517	0	9.77517	0
9.77517	0	9.77517	0	9.77517	0	9.77517	0	9.77517	0	9.77517	0	9.77517	0	9.77517	0	9.77517	0	9.77517	0	9.77517	0	9.77517	0	9.77517	0	9.77517	0	9.77517	0	9.77517	0	9.77517	0	9.77518	0	9.77517	0	9.77517	0	9.77517	0	9.77517	0	9.77517	0	9.77517	0	9.77517	0
9.77517	0	9.77517	0	9.77517	0	9.77517	0	9.77517	0	9.77517	0	9.77517	0	9.77517	0	9.77517	0	9.77517	0	9.77517	0	9.77517	0	9.77517	0	9.77517	0	9.77517	0	9.77517	0	9.77517	0	9.77518	0	9.77517	0	9.77517	0	9.77517	0	9.77517	0	9.77517	0	9.77517	0	9.77517	0
9.77517	0	9.77517	0	9.77517	0	9.77517	0	9.77517	0	9.77517	0	9.77517	0	9.77517	0	9.77517	0	9.77517	0	9.77517	0	9.77517	0	9.77517	0	9.77517	0	9.77517	0	9.77517	0	9.77517	0	9.77518	0	9.77517	0	9.77517	0	9.77517	0	9.77517	0	9.77517	0	9.77517	0	9.77517	0
9.77517	0	9.77517	0	9.77517	0	9.77517	0	9.77517	0	9.77517	0	9.77517	0	9.77517	0	9.77517	0	9.77517	0	9.77517	0	9.77517	0	9.77517	0	9.77517	0	9.77517	0	9.77517	0	9.77517	0	9.77518	0	9.77517	0	9.77517	0	9.77517	0	9.77517	0	9.77517	0	9.77517	0	9.77517	0
9.77517	0	9.77517	0	9.77517	0	9.77517	0	9.77517	0	9.77517	0	9.77517	0	9.77517	0	9.77517	0	9.77517	0	9.77517	0	9.77517	0	9.77517	0	9.77517	0	9.77517	0	9.77517	0	9.77517	0	9.77518	0	9.77517	0	9.77517	0	9.77517	0	9.77517	0	9.77517	0	9.77517	0	9.77517	0
9.77517	0	9.77517	0	9.77517	0	9.77517	0	9.77517	0	9.77517	0	9.77517	0	9.77517	0	9.77517	0	9.77517	0	9.77517	0	9.77517	0	9.77517	0	9.77517	0	9.77517	0	9.77517	0	9.77517	0	9.77518	0	9.77517	0	9.77517	0	9.77517	0	9.77517	0	9.77517	0	9.77517	0	9.77517	0
9.77517	0	9.77517	0	9.77517	0	9.77517	0	9.77517	0	9.77517	0	9.77517	0	9.77517	0	9.77517	0	9.77517	0	9.77517	0	9.77517	0	9.77517	0	9.77517	0	9.77517	0	9.77517	0	9.77517	0	9.77518	0	9.77517	0	9.77517	0	9.77517	0	9.77517	0	9.77517	0	9.77517	0	9.77517	0
9.77517	0	9.77517	0	9.77517	0	9.77517	0	9.77517	0	9.77517	0	9.77517	0	9.77517	0	9.77517	0	9.77517	0	9.77517	0	9.77517	0	9.77517	0	9.77517	0	9.77517	0	9.77517	0	9.77517	0	9.77518	0	9.77517	0	9.77517	0	9.77517	0	9.77517	0	9.77517	0	9.77517	0	9.77517	0
9.77517	0	9.77517	0	9.77517	0	9.77517	0	9.77517	0	9.77517	0	9.77517	0	9.77517	0	9.77517	0	9.77517	0	9.77517	0	9.77517	0	9.77517	0	9.77517	0	9.77517	0	9.77517	0	9.77517	0	9.77518	0	9.77517	0	9.77517	0	9.77517	0	9.77517	0	9.77517	0	9.77517	0	9.77517	0
9.77517	0	9.77517	0	9.77517	0	9.77517	0	9.77517	0	9.77517	0	9.77517	0	9.77517	0	9.77517	0	9.77517	0	9.77517	0	9.77517	0	9.77517	0	9.77517	0	9.77517	0	9.77517	0	9.77517	0	9.77518	0	9.77517	0	9.77517	0	9.77517	0	9.77517	0	9.77517	0	9.77517	0	9.77517	0
9.77517	0	9.77517	0	9.77517	0	9.77517	0	9.77517	0	9.77517	0	9.77517	0	9.77517	0	9.77517	0	9.77517	0	9.77517	0	9.77517	0	9.77517	0	9.77517	0	9.77517	0	9.77517	0	9.77517	0	9.77518	0	9.77517	0	9.77517	0	9.77517	0	9.77517	0	9.77517	0	9.77517	0	9.77517	0
9.77517	0	9.77517	0	9.77517	0	9.77517	0	9.77517	0	9.77517	0	9.77517	0	9.77517	0	9.77517	0	9.77517	0	9.77517	0	9.77517	0	9.77517	0	9.77517	0	9.77517	0	9.77517	0	9.77517	0	9.77518	0	9.77517	0	9.77517	0	9.77517	0	9.77517	0	9.77517	0	9.77517	0	9.77517	0
9.77517	0	9.77517	0	9.77517	0	9.77517	0	9.77517	0	9.77517	0	9.77517	0	9.77517	0	9.77517	0	9.77517	0	9.77517	0	9.77517	0	9.77517	0	9.77517	0	9.77517	0	9.77517	0	9.77517	0	9.77518	0	9.77517	0	9.77517	0	9.77517	0	9.77517	0	9.77517	0	9.77517	0	9.77517	0
9.77517	0	9.77517	0	9.77517	0	9.77517	0	9.77517	0	9.77517	0	9.77517	0	9.77517	0	9.77517	0	9.77517	0	9.77517	0	9.77517	0	9.77517	0	9.77517	0	9.77517	0	9.77517	0	9.77517	0	9.77518	0	9.77517	0	9.77517	0	9.77517	0	9.77517	0	9.77517	0	9.77517	0	9.77517	0
9.77517	0	9.77517	0	9.77517	0	9.77517	0	9.77517	0	9.77517	0	9.77517	0	9.77517	0	9.77517	0	9.77517	0	9.77517	0	9.77517	0	9.77517	0	9.77517	0	9.77517	0	9.77517	0	9.77517	0	9.77518	0	9.77517	0	9.77517	0	9.77517	0	9.77517	0	9.77517	0	9.77517	0	9.77517	0
9.77517	0	9.77517	0	9.77517	0	9.77517	0	9.77517	0	9.77517	0	9.77517	0	9.77517	0	9.77517	0	9.77517	0	9.77517	0	9.77517	0	9.77517	0	9.77517	0	9.77517	0	9.77517	0	9.77517	0	9.77518	0	9.77517	0	9.77517	0	9.77517	0	9.77517	0	9.77517	0	9.77517	0	9.77517	0
9.77517	0	9.77517	0	9.77517	0	9.77517	0	9.77517	0	9.77517	0	9.77517	0	9.77517	0	9.77517	0	9.77517	0	9.77517	0	9.77517	0	9.77517	0	9.77517	0	9.77517	0	9.77517	0	9.77517	0	9.77518	0	9.77517	0	9.77517	0	9.77517	0	9.77517	0	9.77517	0	9.77517	0	9.77517	0
9.77517	0	9.77517	0	9.77517	0	9.77517	0	9.77517	0	9.77517	0	9.77517	0	9.77517	0	9.77517	0	9.77517	0	9.77517	0	9.77517	0	9.77517	0	9.77517	0	9.77517	0	9.77517	0	9.77517	0	9.77518	0	9.77517	0	9.77517	0	9.77517	0	9.77517	0	9.77517	0	9.77517	0	9.77517	0
9.77517	0	9.77517	0	9.77517	0	9.77517	0	9.77517	0	9.77517	0	9.77517	0	9.77517	0	9.77517	0	9.77517	0	9.77517	0	9.77517	0	9.77517	0	9.77517	0	9.77517	0	9.77517	0	9.77517	0	9.77518	0	9.77517	0	9.77517	0	9.77517	0	9.77517	0	9.77517	0	9.77517	0	9.77517	0
9.77517	0	9.77517	0	9.77517	0	9.77517	0	9.77517	0	9.77517	0	9.77517	0	9.77517	0	9.77517	0	9.77517	0	9.77517	0	9.77517	0	9.77517	0	9.77517	0	9.77517	0	9.77517	0	9.77517	0	9.77518	0	9.77517	0	9.77517	0	9.77517	0	9.77517	0	9.77517	0	9.77517	0	9.77517	0
9.77517	0	9.77517	0	9.77517	0	9.77517	0	9.77517	0	9.77517	0	9.77517	0	9.77517	0	9.77517	0	9.77517	0	9.77517	0	9.77517	0	9.77517	0	9.77517	0	9.77517	0	9.77517	0	9.77517	0	9.77518	0	9.77517	0	9.77517	0	9.77517	0	9.77517	0	9.77517	0	9.77517	0	9.77517	0
9.77517	0	9.77517	0	9.77517	0	9.77517	0	9.77517	0	9.77517	0	9.77517	0	9.77517	0	9.77517	0	9.77517	0	9.77517	0	9.77517	0	9.77517	0	9.77517	0	9.77517	0	9.77517	0	9.77517	0	9.77518	0	9.77517	0	9.77517	0	9.77517	0	9.77517	0	9.77517	0	9.77517	0	9.77517	0
9.77517	0	9.77517	0	9.77517	0	9.77517	0	9.77517	0	9.77517	0	9.77517	0	9.77517	0	9.77517	0	9.77517	0	9.77517	0	9.77517	0	9.77517	0	9.77517	0	9.77517	0	9.77517	0	9.77517	0	9.77518	0	9.77517	0	9.77517	0	9.77517	0	9.77517	0	9.77517	0	9.77517	0	9.77517	0
9.77517	0	9.77517	0	9.77517	0	9.77517	0	9.77517	0	9.77517	0	9.77517	0	9.77517	0	9.77517	0	9.77517	0	9.77517	0	9.77517	0	9.77517	0	9.77517	0	9.77517	0	9.77517	0	9.77517	0	9.77518	0	9.77517	0	9.77517	0	9.77517	0	9.77517	0	9.77517	0	9.77517	0	9.77517	0
9.77517	0	9.77517	0	9.77517	0	9.77517	0	9.77517	0	9.77517	0	9.77517	0	9.77517	0	9.77517	0	9.77517	0	9.77517	0	9.77517	0	9.77517	0	9.77517	0	9.77517	0	9.77517	0	9.77517	0	9.77518	0	9.77517	0	9.77517	0	9.77517	0	9.77517	0	9.77517	0	9.77517	0	9.77517	0
9.77517	0	9.77517	0	9.77517	0	9.77517	0	9.77517	0	9.77517	0	9.77517	0	9.77517	0	9.77517	0	9.77517	0	9.77517	0	9.77517	0	9.77517	0	9.77517	0	9.77517	0	9.77517	0	9.77517	0	9.77518	0	9.77517	0	9.77517	0	9.77517	0	9.77517	0	9.77517	0	9.77517	0	9.77517	0
9.77517	0	9.77517	0	9.77517	0	9.77517	0	9.77517	0	9.77517	0	9.77517	0	9.77517	0	9.77517	0	9.77517	0	9.77517	0	9.77517	0	9.77517	0	9.77517	0	9.77517	0	9.77517	0	9.77517	0	9.77518	0	9.77517	0	9.77517	0	9.77517	0	9.77517	0	9.77517	0	9.77517	0	9.77517	0
9.77517	0	9.77517	0	9.77517	0	9.77517	0	9.77517	0	9.77517	0	9.77517	0	9.77517	0	9.77517	0	9.77517	0	9.77517	0	9.77517	0	9.77517	0	9.77517	0	9.77517	0	9.77517	0	9.77517	0	9.77518	0	9.77517	0	9.77517	0	9.77517	0	9.77517	0	9.77517	0	9.77517	0	9.77517	0
9.77517	0	9.77517	0	9.77517	0	9.77517	0	9.77517	0	9.77517	0	9.77517	0	9.77517	0	9.77517	0	9.77517	0	9.77517	0	9.77517	0	9.77517	0	9.77517	0	9.77517	0	9.77517	0	9.77517	0	9.77518	0	9.77517	0	9.77517	0	9.77517	0	9.77517	0	9.77517	0	9.77517	0	9.77517	0
9.77517	0	9.77517	0	9.77517	0	9.77517	0	9.77517	0	9.77517	0	9.77517	0	9.77517	0	9.77517	0	9.77517	0	9.77517	0	9.77517	0	9.77517	0	9.77517	0	9.77517	0	9.77517	0	9.77517	0	9.77518	0	9.77517	0	9.77517	0	9.77517	0	9.77517	0	9.77517	0	9.77517	0	9.77517	0
9.77517	0	9.77517	0	9.77517	0	9.77517	0	9.77517	0	9.77517	0	9.77517	0	9.77517	0	9.77517	0	9.77517	0	9.77517	0	9.77517	0	9.77517	0	9.77517	0	9.77517	0	9.77517	0	9.77517	0	9.77518	0	9.77517	0	9.77517	0	9.77517	0	9.77517	0	9.77517	0	9.77517	0	9.77517	0
9.77517	0	9.77517	0	9.77517	0	9.77517	0	9.77517	0	9.77517	0	9.77517	0	9.77517	0	9.77517	0	9.77517	0	9.77517	0	9.77517	0	9.77517	0	9.77517	0	9.77517	0	9.77517	0	9.77517	0	9.77518	0	9.77517	0	9.77517	0	9.77517	0	9.77517	0	9.77517	0	9.77517	0	9.77517	0
9.77517	0	9.77517	0	9.77517	0	9.77517	0	9.77517	0	9.77517	0	9.77517	0	9.77517	0	9.77517	0	9.77517	0	9.77517	0	9.77517	0	9.77517	0	9.77517	0	9.77517	0	9.77517	0	9.77517	0	9.77518	0	9.77517	0	9.77517	0	9.77517	0	9.77517	0	9.77517	0	9.77517	0	9.77517	0
9.77517	0	9.77517	0	9.77517	0	9.77517	0	9.77517	0	9.77517	0	9.77517	0	9.77517	0	9.77517	0	9.77517	0	9.77517	0	9.77517	0	9.77517	0	9.77517	0	9.77517	0	9.77517	0	9.77517	0	9.77518	0	9.77517	0	9.77517	0	9.77517	0	9.77517	0	9.77517	0	9.77517	0	9.77517	0
9.77517	0	9.77517	0	9.77517	0	9.77517	0	9.77517	0	9.77517	0	9.77517	0	9.77517	0	9.77517	0	9.77517	0	9.77517	0	9.77517	0	9.77517	0	9.77517	0	9.77517	0	9.77517	0	9.77517	0	9.77518	0	9.77517	0	9.77517	0	9.77517	0	9.77517	0	9.77517	0	9.77517	0	9.77517	0
9.77517	0	9.77517	0	9.77517	0	9.77517	0	9.77517	0	9.77517	0	9.77517	0	9.77517	0	9.77517	0	9.77517	0	9.77517	0	9.77517	0	9.77517	0	9.77517	0	9.77517	0	9.77517	0	9.77517	0	9.77518	0	9.77517	0	9.77517	0	9.77517	0	9.77517	0	9.77517	0	9.77517	0	9.77517	0
9.77517	0	9.77517	0	9.77517	0	9.77517	0	9.77517	0	9.77517	0	9.77517	0	9.77517	0	9.77517	0	9.77517	0	9.77517	0	9.77517	0	9.77517	0	9.77517	0	9.77517	0	9.77517	0	9.77517	0	9.77518	0	9.77517	0	9.77517	0	9.77517	0	9.77517	0	9.77517	0	9.77517	0	9.77517	0
9.77517	0	9.77517	0	9.77517	0	9.77517	0	9.77517	0	9.77517	0	9.77517	0	9.77517	0	9.77517	0	9.77517	0	9.77517	0	9.77517	0	9.77517	0	9.77517	0	9.77517	0	9.77517	0	9.77517	0	9.77518	0	9.77517	0	9.77517	0	9.77517	0	9.77517	0	9.77517	0	9.77517	0	9.77517	0
9.77517	0	9.77517	0	9.77517	0	9.77517	0	9.77517	0	9.77517	0	9.77517	0	9.77517	0	9.77517	0	9.77517	0	9.77517	0	9.77517	0	9.77517	0	9.77517	0	9.77517	0	9.77517	0	9.77517	0	9.77518	0	9.77517	0	9.77517	0	9.77517	0	9.77517	0	9.77517	0	9.77517	0	9.77517	0
9.77517	0	9.77517	0	9.77517	0	9.77517	0	9.77517	0	9.77517	0	9.77517	0	9.77517	0	9.77517	0	9.77517	0	9.77517	0	9.77517	0	9.77517	0	9.77517	0	9.77517	0	9.77517	0	9.77517	0	9.77518	0	9.77517	0	9.77517	0	9.77517	0	9.77517	0	9.77517	0	9.77517	0	9.77517	0
9.77517	0	9.77517	0	9.77517	0	9.77517	0	9.77517	0	9.77517	0	9.77517	0	9.77517	0	9.77517	0	9.77517	0	9.77517	0	9.77517	0	9.77517	0	9.77517	0	9.77517	0	9.77517	0	9.77517	0	9.77518	0	9.77517	0	9.77517	0	9.77517	0	9.77517	0	9.77517	0	9.77517	0	9.77517	0
9.77517	0	9.77517	0	9.77517	0	9.77517	0	9.77517	0	9.77517	0	9.77517	0	9.77517	0	9.77517	0	9.77517	0	9.77517	0	9.77517	0	9.77517	0	9.77517	0	9.77517	0	9.77517	0	9.77517	0	9.77518	0	9.77517	0	9.77517	0	9.77517	0	9.77517	0	9.77517	0	9.77517	0	9.77517	0
9.77517	0	9.77517	0	9.77517	0	9.77517	0	9.77517	0	9.77517	0	9.77517	0	9.77517	0	9.77517	0	9.77517	0	9.77517	0	9.77517	0	9.77517	0	9.77517	0	9.77517	0	9.77517	0	9.77517	0	9.77518	0	9.77517	0	9.77517	0	9.77517	0	9.77517	0	9.77517	0	9.77517	0	9.77517	0
9.77517	0	9.77517	0	9.77517	0	9.77517	0	9.77517	0	9.77517	0	9.77517	0	9.77517	0	9.77517	0	9.77517	0	9.77517	0	9.77517	0	9.77517	0	9.77517	0	9.77517	0	9.77517	0	9.77517	0	9.77518	0	9.77517	0	9.77517	0	9.77517	0	9.77517	0	9.77517	0	9.77517	0	9.77517	0
9.77517	0	9.77517	0	9.77517	0	9.77517	0	9.77517	0	9.77517	0	9.77517	0	9.77517	0	9.77517	0	9.77517	0	9.77517	0	9.77517	0	9.77517	0	9.77517	0	9.77517	0	9.77517	0	9.77517	0	9.77518	0	9.77517	0	9.77517	0	9.77517	0	9.77517	0	9.77517	0	9.77517	0	9.77517	0
9.77517	0	9.77517	0	9.77517	0	9.77517	0	9.77517	0	9.77517	0	9.77517	0	9.77517	0	9.77517	0	9.77517	0	9.77517	0	9.77517	0	9.77517	0	9.77517	0	9.77517	0	9.77517	0	9.77517	0	9.77518	0	9.77517	0	9.77517	0	9.77517	0	9.77517	0	9.77517	0	9.77517	0	9.77517	0
9.77517	0	9.77517	0	9.77517	0	9.77517	0	9.77517	0	9.77517	0	9.77517	0	9.77517	0	9.77517	0	9.77517	0	9.77517	0	9.77517	0	9.77517	0	9.77517	0	9.77517	0	9.77517	0	9.77517	0	9.77518	0	9.77517	0	9.77517	0	9.77517	0	9.77517	0	9.77517	0	9.77517	0	9.77517	0
9.77517	0	9.77517	0	9.77517	0	9.77517	0	9.77517	0	9.77517	0	9.77517	0	9.77517	0	9.77517	0	9.77517	0	9.77517	0	9.77517	0	9.77517	0	9.77517	0	9.77517	0	9.77517	0	9.77517	0	9.77518	0	9.77517	0	9.77517	0	9.77517	0	9.77517	0	9.77517	0	9.77517	0	9.77517	0
9.77517	0	9.77517	0	9.77517	0	9.77517	0	9.77517	0	9.77517	0	9.77517	0	9.77517	0	9.77517	0	9.77517	0	9.77517	0	9.77517	0	9.77517	0	9.77517	0	9.77517	0	9.77517	0	9.77517	0	9.77518	0	9.77517	0	9.77517	0	9.77517	0	9.77517	0	9.77517	0	9.77517	0	9.77517	0
9.77517	0	9.77517	0	9.77517	0	9.77517	0	9.77517	0	9.77517	0	9.77517	0	9.77517	0	9.77517	0	9.77517	0	9.77517	0	9.77517	0	9.77517	0	9.77517	0	9.77517	0	9.77517	0	9.77517	0	9.77518	0	9.77517	0	9.77517	0	9.77517	0	9.77517	0	9.77517	0	9.77517	0	9.77517	0
9.77517	0	9.77517	0	9.77517	0	9.77517	0	9.77517	0	9.77517	0	9.77517	0	9.77517	0	9.77517	0	9.77517	0	9.77517	0	9.77517	0	9.77517	0	9.77517	0	9.77517	0	9.77517	0	9.77517	0	9.77518	0	9.77517	0	9.77517	0	9.77517	0	9.77517	0	9.77517	0	9.77517	0	9.77517	0
9.77517	0	9.77517	0	9.77517	0	9.77517	0	9.77517	0	9.77517	0	9.77517	0	9.77517	0	9.77517	0	9.77517	0	9.77517	0	9.77517	0	9.77517	0	9.77517	0	9.77517	0	9.77517	0	9.77517	0	9.77518	0	9.77517	0	9.77517	0	9.77517	0	9.77517	0	9.77517	0	9.77517	0	9.77517	0
9.77517	0	9.77517	0	9.77517	0	9.77517	0	9.77517	0	9.77517	0	9.77517	0	9.77517	0	9.77517	0	9.77517	0	9.77517	0	9.77517	0	9.77517	0	9.77517	0	9.77517	0	9.77517	0	9.77517	0	9.77518	0	9.77517	0	9.77517	0	9.77517	0	9.77517	0	9.77517	0	9.77517	0	9.77517	0
9.77517	0	9.77517	0	9.77517	0	9.77517	0	9.77517	0	9.77517	0	9.77517	0	9.77517	0	9.77517	0	9.77517	0	9.77517	0	9.77517	0	9.77517	0	9.77517	0	9.77517	0	9.77517	0	9.77517	0	9.77518	0	9.77517	0	9.77517	0	9.77517	0	9.77517	0	9.77517	0	9.77517	0	9.77517	0
9.77517	0	9.77517	0	9.77517	0	9.77517	0	9.77517	0	9.77517	0	9.77517	0	9.77517	0	9.77517	0	9.77517	0	9.77517	0	9.77517	0	9.77517	0	9.77517	0	9.77517	0	9.77517	0	9.77517	0	9.77518	0	9.77517	0	9.77517	0	9.77517	0	9.77517	0	9.77517	0	9.77517	0	9.77517	0
9.77517	0	9.77517	0	9.77517	0	9.77517	0	9.77517	0	9.77517	0	9.77517	0	9.77517	0	9.77517	0	9.77517	0	9.77517	0	9.77517	0	9.77517	0	9.77517	0	9.77517	0	9.77517	0	9.77517	0	9.77518	0	9.77517	0	9.77517	0	9.77517	0	9.77517	0	9.77517	0	9.77517	0	9.77517	0
9.77517	0	9.77517	0	9.77517	0	9.77517	0	9.77517	0	9.77517	0	9.77517	0	9.77517	0	9.77517	0	9.77517	0	9.77517	0	9.77517	0	9.77517	0	9.77517	0	9.77517	0	9.77517	0	9.77517	0	9.77518	0	9.77517	0	9.77517	0	9.77517	0	9.77517	0	9.77517	0	9.77517	0	9.77517	0
9.77517	0	9.77517	0	9.77517	0	9.77517	0	9.77517	0	9.77517	0	9.77517	0	9.77517	0	9.77517	0	9.77517	0	9.77517	0	9.77517	0	9.77517	0	9.77517	0	9.77517	0	9.77517	0	9.77517	0	9.77518	0	9.77517	0	9.77517	0	9.77517	0	9.77517	0	9.77517	0	9.77517	0	9.77517	0
9.77517	0	9.77517	0	9.77517	0	9.77517	0	9.77517	0	9.77517	0	9.77517	0	9.77517	0	9.77517	0	9.77517	0	9.77517	0	9.77517	0	9.77517	0	9.77517	0	9.77517	0	9.77517	0	9.77517	0	9.77518	0	9.77517	0	9.77517	0	9.77517	0	9.77517	0	9.77517	0	9.77517	0	9.77517	0
9.77517	0	9.77517	0	9.77517	0	9.77517	0	9.77517	0	9.77517	0	9.77517	0	9.77517	0	9.77517	0	9.77517	0	9.77517	0	9.77517	0	9.77517	0	9.77517	0	9.77517	0	9.77517	0	9.77517	0	9.77518	0	9.77517	0	9.77517	0	9.77517	0	9.77517	0	9.77517	0	9.77517	0	9.77517	0
9.77517	0	9.77517	0	9.77517	0	9.77517	0	9.77517	0	9.77517	0	9.77517	0	9.77517	0	9.77517	0	9.77517	0	9.77517	0	9.77517	0	9.77517	0	9.77517	0	9.77517	0	9.77517	0	9.77517	0	9.77518	0	9.77517	0	9.77517	0	9.77517	0	9.77517	0	9.77517	0	9.77517	0	9.77517	0
9.77517	0	9.77517	0	9.77517	0	9.77517	0	9.77517	0	9.77517	0	9.77517	0	9.77517	0	9.77517	0	9.77517	0	9.77517	0	9.77517	0	9.77517	0	9.77517	0	9.77517	0	9.77517	0	9.77517	0	9.77518	0	9.77517	0	9.77517	0	9.77517	0	9.77517	0	9.77517	0	9.77517	0	9.77517	0
9.77517	0	9.77517	0	9.77517	0	9.77517	0	9.77517	0	9.77517	0	9.77517	0	9.77517	0	9.77517	0	9.77517	0	9.77517	0	9.77517	0	9.77517	0	9.77517	0	9.77517	0	9.77517	0	9.77517	0	9.77518	0	9.77517	0	9.77517	0	9.77517	0	9.77517	0	9.77517	0	9.77517	0	9.77517	0
9.77517	0	9.77517	0	9.77517	0	9.77517	0	9.77517	0	9.77517	0	9.77517	0	9.77517	0	9.77517	0	9.77517	0	9.77517	0	9.77517	0	9.77517	0	9.77517	0	9.77517	0	9.77517	0	9.77517	0	9.77518	0	9.77517	0	9.77517	0	9.77517	0	9.77517	0	9.77517	0	9.77517	0	9.77517	0
9.77517	0	9.77517	0	9.77517	0	9.77517	0	9.77517	0	9.77517	0	9.77517	0	9.77517	0	9.77517	0	9.77517	0	9.77517	0	9.77517	0	9.77517	0	9.77517	0	9.77517	0	9.77517	0	9.77517	0	9.77518	0	9.77517	0	9.77517	0	9.77517	0	9.77517	0	9.77517	0	9.77517	0	9.77517	0
9.77517	0	9.77517	0	9.77517	0	9.77517	0	9.77517	0	9.77517	0	9.77517	0	9.77517	0	9.77517	0	9.77517	0	9.77517	0	9.77517	0	9.77517	0	9.77517	0	9.77517	0	9.77517	0	9.77517	0	9.77518	0	9.77517	0	9.77517	0	9.77517	0	9.77517	0	9.77517	0	9.77517	0	9.77517	0
9.77517	0	9.77517	0	9.77517	0	9.77517	0	9.77517	0	9.77517	0	9.77517	0	9.77517	0	9.77517	0	9.77517	0	9.77517	0	9.77517	0	9.77517	0	9.77517	0	9.77517	0	9.77517	0	9.77517	0	9.77518	0	9.77517	0	9.77517	0	9.77517	0	9.77517	0	9.77517	0	9.77517	0	9.77517	0
9.77517	0	9.77517	0	9.77517	0	9.77517	0	9.77517	0	9.77517	0	9.77517	0	9.77517	0	9.77517	0	9.77517	0	9.77517	0	9.77517	0	9.77517	0	9.77517	0	9.77517	0	9.77517	0	9.77517	0	9.77518	0	9.77517	0	9.77517	0	9.77517	0	9.77517	0	9.77517	0	9.77517	0	9.77517	0
9.77517	0	9.77517	0	9.77517	0	9.77517	0	9.77517	0	9.77517	0	9.77517	0	9.77517	0	9.77517	0	9.77517	0	9.77517	0	9.77517	0	9.77517	0	9.77517	0	9.77517	0	9.77517	0	9.77517	0	9.77518	0	9.77517	0	9.77517	0	9.77517	0	9.77517	0	9.77517	0	9.77517	0	9.77517	0
9.77517	0	9.77517	0	9.77517	0	9.77517	0	9.77517	0	9.77517	0	9.77517	0	9.77517	0	9.77517	0	9.77517	0	9.77517	0	9.77517	0	9.77517	0	9.77517	0	9.77517	0	9.77517	0	9.77517	0	9.77518	0	9.77517	0	9.77517	0	9.77517	0	9.77517	0	9.77517	0	9.77517	0	9.77517	0
9.77517	0	9.77517	0	9.77517	0	9.77517	0	9.77517	0	9.77517	0	9.77517	0	9.77517	0	9.77517	0	9.77517	0	9.77517	0	9.77517	0	9.77517	0	9.77517	0	9.77517	0	9.77517	0	9.77517	0	9.77518	0	9.77517	0	9.77517	0	9.77517	0	9.77517	0	9.77517	0	9.77517	0	9.77517	0
9.77517	0	9.77517	0	9.77517	0	9.77517	0	9.77517	0	9.77517	0	9.77517	0	9.77517	0	9.77517	0	9.77517	0	9.77517	0	9.77517	0	9.77517	0	9.77517	0	9.77517	0	9.77517	0	9.77517	0	9.77518	0	9.77517	0	9.77517	0	9.77517	0	9.77517	0	9.77517	0	9.77517	0	9.77517	0
9.77517	0	9.77517	0	9.77517	0	9.77517	0	9.77517	0	9.77517	0	9.77517	0	9.77517	0	9.77517	0	9.77517	0	9.77517	0	9.77517	0	9.77517	0	9.77517	0	9.77517	0	9.77517	0	9.77517	0	9.77518	0	9.77517	0	9.77517	0	9.77517	0	9.77517	0	9.77517	0	9.77517	0	9.77517	0
9.77517	0	9.77517	0	9.77517	0	9.77517	0	9.77517	0	9.77517	0	9.77517	0	9.77517	0	9.77517	0	9.77517	0	9.77517	0	9.77517	0	9.77517	0	9.77517	0	9.77517	0	9.77517	0	9.77517	0	9.77518	0	9.77517	0	9.77517	0	9.77517	0	9.77517	0	9.77517	0	9.77517	0	9.77517	0
9.77517	0	9.77517	0	9.77517	0	9.77517	0	9.77517	0	9.77517	0	9.77517	0	9.77517	0	9.77517	0	9.77517	0	9.77517	0	9.77517	0	9.77517	0	9.77517	0	9.77517	0	9.77517	0	9.77517	0	9.77518	0	9.77517	0	9.77517	0	9.77517	0	9.77517	0	9.77517	0	9.77517	0	9.77517	0
9.77517	0	9.77517	0	9.77517	0	9.77517	0	9.77517	0	9.77517	0	9.77517	0	9.77517	0	9.77517	0	9.77517	0	9.77517	0	9.77517	0	9.77517	0	9.77517	0	9.77517	0	9.77517	0	9.77517	0	9.77518	0	9.77517	0	9.77517	0	9.77517	0	9.77517	0	9.77517	0	9.77517	0	9.77517	0
9.77517	0	9.77517	0	9.77517	0	9.77517	0	9.77517	0	9.77517	0	9.77517	0	9.77517	0	9.77517	0	9.77517	0	9.77517	0	9.77517	0	9.77517	0	9.77517	0	9.77517	0	9.77517	0	9.77517	0	9.77518	0	9.77517	0	9.77517	0	9.77517	0	9.77517	0	9.77517	0	9.77517	0	9.77517	0
9.77517	0	9.77517	0	9.77517	0	9.77517	0	9.77517	0	9.77517	0	9.77517	0	9.77517	0	9.77517	0	9.77517	0	9.77517	0	9.77517	0	9.77517	0	9.77517	0	9.77517	0	9.77517	0	9.77517	0	9.77518	0	9.77517	0	9.77517	0	9.77517	0	9.77517	0	9.77517	0	9.77517	0	9.77517	0
9.77517	0	9.77517	0	9.77517	0	9.77517	0	9.77517	0	9.77517	0	9.77517	0	9.77517	0	9.77517	0	9.77517	0	9.77517	0	9.77517	0	9.77517	0	9.77517	0	9.77517	0	9.77517	0	9.77517	0	9.77518	0	9.77517	0	9.77517	0	9.77517	0	9.77517	0	9.77517	0	9.77517	0	9.77517	0
9.77517	0	9.77517	0	9.77517	0	9.77517	0	9.77517	0	9.77517	0	9.77517	0	9.77517	0	9.77517	0	9.77517	0	9.77517	0	9.77517	0	9.77517	0	9.77517	0	9.77517	0	9.77517	0	9.77517	0	9.77518	0	9.77517	0	9.77517	0	9.77517	0	9.77517	0	9.77517	0	9.77517	0	9.77517	0
9.77517	0	9.77517	0	9.77517	0	9.77517	0	9.77517	0	9.77517	0	9.77517	0	9.77517	0	9.77517	0	9.77517	0	9.77517	0	9.77517	0	9.77517	0	9.77517	0	9.77517	0	9.77517	0	9.77517	0	9.77518	0	9.77517	0	9.77517	0	9.77517	0	9.77517	0	9.77517	0	9.77517	0	9.77517	0
9.77517	0	9.77517	0	9.77517	0	9.77517	0	9.77517	0	9.77517	0	9.77517	0	9.77517	0	9.77517	0	9.77517	0	9.77517	0	9.77517	0	9.77517	0	9.77517	0	9.77517	0	9.77517	0	9.77517	0	9.77518	0	9.77517	0	9.77517	0	9.77517	0	9.77517	0	9.77517	0	9.77517	0	9.77517	0
9.77517	0	9.77517	0	9.77517	0	9.77517	0	9.77517	0	9.77517	0	9.77517	0	9.77517	0	9.77517	0	9.77517	0	9.77517	0	9.77517	0	9.77517	0	9.77517	0	9.77517	0	9.77517	0	9.77517	0	9.77518	0	9.77517	0	9.77517	0	9.77517	0	9.77517	0	9.77517	0	9.77517	0	9.77517	0
9.77517	0	9.77517	0	9.77517	0	9.77517	0	9.77517	0	9.77517	0	9.77517	0	9.77517	0	9.77517	0	9.77517	0	9.77517	0	9.77517	0	9.77517	0	9.77517	0	9.77517	0	9.77517	0	9.77517	0	9.77518	0	9.77517	0	9.77517	0	9.77517	0	9.77517	0	9.77517	0	9.77517	0	9.77517	0
9.77517	0	9.77517	0	9.77517	0	9.77517	0	9.77517	0	9.77517	0	9.77517	0	9.77517	0	9.77517	0	9.77517	0	9.77517	0	9.77517	0	9.77517	0	9.77517	0	9.77517	0	9.77517	0	9.77517	0	9.77518	0	9.77517	0	9.77517	0	9.77517	0	9.77517	0	9.77517	0	9.77517	0	9.77517	0
9.77517	0	9.77517	0	9.77517	0	9.77517	0	9.77517	0	9.77517	0	9.77517	0	9.77517	0	9.77517	0	9.77517	0	9.77517	0	9.77517	0	9.77517	0	9.77517	0	9.77517	0	9.77517	0	9.77517	0	9.77518	0	9.77517	0	9.77517	0	9.77517	0	9.77517	0	9.77517	0	9.77517	0	9.77517	0
9.77517	0	9.77517	0	9.77517	0	9.77517	0	9.77517	0	9.77517	0	9.77517	0	9.77517	0	9.77517	0	9.77517	0	9.77517	0	9.77517	0	9.77517	0	9.77517	0	9.77517	0	9.77517	0	9.77517	0	9.77518	0	9.77517	0	9.77517	0	9.77517	0	9.77517	0	9.77517	0	9.77517	0	9.77517	0
9.77517	0	9.77517	0	9.77517	0	9.77517	0	9.77517	0	9.77517	0	9.77517	0	9.77517	0	9.77517	0	9.77517	0	9.77517	0	9.77517	0	9.77517	0	9.77517	0	9.77517	0	9.77517	0	9.77517	0	9.77518	0	9.77517	0	9.77517	0	9.77517	0	9.77517	0	9.77517	0	9.77517	0	9.77517	0
9.77517	0	9.77517	0	9.77517	0	9.77517	0	9.77517	0	9.77517	0	9.77517	0	9.77517	0	9.77517	0	9.77517	0	9.77517	0	9.77517	0	9.77517	0	9.77517	0	9.77517	0	9.77517	0	9.77517	0	9.77518	0	9.77517	0	9.77517	0	9.77517	0	9.77517	0	9.77517	0	9.77517	0	9.77517	0
9.77517	0	9.77517	0	9.77517	0	9.77517	0	9.77517	0	9.77517	0	9.77517	0	9.77517	0	9.77517	0	9.77517	0	9.77517	0	9.77517	0	9.77517	0	9.77517	0	9.77517	0	9.77517	0	9.77517	0	9.77518	0	9.77517	0	9.77517	0	9.77517	0	9.77517	0	9.77517	0	9.77517	0	9.77517	0
9.77517	0	9.77517	0	9.77517	0	9.77517	0	9.77517	0	9.77517	0	9.77517	0	9.77517	0	9.77517	0	9.77517	0	9.77517	0	9.77517	0	9.77517	0	9.77517	0	9.77517	0	9.77517	0	9.77517	0	9.77518	0	9.77517	0	9.77517	0	9.77517	0	9.77517	0	9.77517	0	9.77517	0	9.77517	0
9.77517	0	9.77517	0	9.77517	0	9.77517	0	9.77517	0	9.77517	0	9.77517	0	9.77517	0	9.77517	0	9.77517	0	9.77517	0	9.77517	0	9.77517	0	9.77517	0	9.77517	0	9.77517	0	9.77517	0	9.77518	0	9.77517	0	9.77517	0	9.77517	0	9.77517	0	9.77517	0	9.77517	0	9.77517	0
9.77517	0	9.77517	0	9.77517	0	9.77517	0	9.77517	0	9.77517	0	9.77517	0	9.77517	0	9.77517	0	9.77517	0	9.77517	0	9.77517	0	9.77517	0	9.77517	0	9.77517	0	9.77517	0	9.77517	0	9.77518	0	9.77517	0	9.77517	0	9.77517	0	9.77517	0	9.77517	0	9.77517	0	9.77517	0
9.77517	0	9.77517	0	9.77517	0	9.77517	0	9.77517	0	9.77517	0	9.77517	0	9.77517	0	9.77517	0	9.77517	0	9.77517	0	9.77517	0	9.77517	0	9.77517	0	9.77517	0	9.77517	0	9.77517	0	9.77518	0	9.77517	0	9.77517	0	9.77517	0	9.77517	0	9.77517	0	9.77517	0	9.77517	0
9.77517	0	9.77517	0	9.77517	0	9.77517	0	9.77517	0	9.77517	0	9.77517	0	9.77517	0	9.77517	0	9.77517	0	9.77517	0	9.77517	0	9.77517	0	9.77517	0	9.77517	0	9.77517	0	9.77517	0	9.77518	0	9.77517	0	9.77517	0	9.77517	0	9.77517	0	9.77517	0	9.77517	0	9.77517	0
9.77517	0	9.77517	0	9.77517	0	9.77517	0	9.77517	0	9.77517	0	9.77517	0	9.77517	0	9.77517	0	9.77517	0	9.77517	0	9.77517	0	9.77517	0	9.77517	0	9.77517	0	9.77517	0	9.77517	0	9.77518	0	9.77517	0	9.77517	0	9.77517	0	9.77517	0	9.77517	0	9.77517	0	9.77517	0
9.77517	0	9.77517	0	9.77517	0	9.77517	0	9.77517	0	9.77517	0	9.77517	0	9.77517	0	9.77517	0	9.77517	0	9.77517	0	9.77517	0	9.77517	0	9.77517	0	9.77517	0	9.77517	0	9.77517	0	9.77518	0	9.77517	0	9.77517	0	9.77517	0	9.77517	0	9.77517	0	9.77517	0	9.77517	0
9.77517	0	9.77517	0	9.77517	0	9.77517	0	9.77517	0	9.77517	0	9.77517	0	9.77517	0	9.77517	0	9.77517	0	9.77517	0	9.77517	0	9.77517	0	9.77517	0	9.77517	0	9.77517	0	9.77517	0	9.77518	0	9.77517	0	9.77517	0	9.77517	0	9.77517	0	9.77517	0	9.77517	0	9.77517	0
9.77517	0	9.77517	0	9.77517	0	9.77517	0	9.77517	0	9.77517	0	9.77517	0	9.77517	0	9.77517	0	9.77517	0	9.77517	0	9.77517	0	9.77517	0	9.77517	0	9.77517	0	9.77517	0	9.77517	0	9.77518	0	9.77517	0	9.77517	0	9.77517	0	9.77517	0	9.77517	0	9.77517	0	9.77517	0
9.77517	0	9.77517	0	9.77517	0	9.77517	0	9.77517	0	9.77517	0	9.77517	0	9.77517	0	9.77517	0	9.77517	0	9.77517	0	9.77517	0	9.77517	0	9.77517	0	9.77517	0	9.77517	0	9.77517	0	9.77518	0	9.77517	0	9.77517	0	9.77517	0	9.77517	0	9.77517	0	9.77517	0	9.77517	0
9.77517	0	9.77517	0	9.77517	0	9.77517	0	9.77517	0	9.77517	0	9.77517	0	9.77517	0	9.77517	0	9.77517	0	9.77517	0	9.77517	0	9.77517	0	9.77517	0	9.77517	0	9.77517	0	9.77517	0	9.77518	0	9.77517	0	9.77517	0	9.77517	0	9.77517	0	9.77517	0	9.77517	0	9.77517	0
9.77517	0	9.77517	0	9.77517	0	9.77517	0	9.77517	0	9.77517	0	9.77517	0	9.77517	0	9.77517	0	9.77517	0	9.77517	0	9.77517	0	9.77517	0	9.77517	0	9.77517	0	9.77517	0	9.77517	0	9.77518	0	9.77517	0	9.77517	0	9.77517	0	9.77517	0	9.77517	0	9.77517	0	9.77517	0
9.77517	0	9.77517	0	9.77517	0	9.77517	0	9.77517	0	9.77517	0	9.77517	0	9.77517	0	9.77517	0	9.77517	0	9.77517	0	9.77517	0	9.77517	0	9.77517	0	9.77517	0	9.77517	0	9.77517	0	9.77518	0	9.77517	0	9.77517	0	9.77517	0	9.77517	0	9.77517	0	9.77517	0	9.77517	0
9.77517	0	9.77517	0	9.77517	0	9.77517	0	9.77517	0	9.77517	0	9.77517	0	9.77517	0	9.77517	0	9.77517	0	9.77517	0	9.77517	0	9.77517	0	9.77517	0	9.77517	0	9.77517	0	9.77517	0	9.77518	0	9.77517	0	9.77517	0	9.77517	0	9.77517	0	9.77517	0	9.77517	0	9.77517	0
9.77517	0	9.77517	0	9.77517	0	9.77517	0	9.77517	0	9.77517	0	9.77517	0	9.77517	0	9.77517	0	9.77517	0	9.77517	0	9.77517	0	9.77517	0	9.77517	0	9.77517	0	9.77517	0	9.77517	0	9.77518	0	9.77517	0	9.77517	0	9.77517	0	9.77517	0	9.77517	0	9.77517	0	9.77517	0
9.77517	0	9.77517	0	9.77517	0	9.77517	0	9.77517	0	9.77517	0	9.77517	0	9.77517	0	9.77517	0	9.77517	0	9.77517	0	9.77517	0	9.77517	0	9.77517	0	9.77517	0	9.77517	0	9.77517	0	9.77518	0	9.77517	0	9.77517	0	9.77517	0	9.77517	0	9.77517	0	9.77517	0	9.77517	0
9.77517	0	9.77517	0	9.77517	0	9.77517	0	9.77517	0	9.77517	0	9.77517	0	9.77517	0	9.77517	0	9.77517	0	9.77517	0	9.77517	0	9.77517	0	9.77517	0	9.77517	0	9.77517	0	9.77517	0	9.77518	0	9.77517	0	9.77517	0	9.77517	0	9.77517	0	9.77517	0	9.77517	0	9.77517	0
9.77517	0	9.77517	0	9.77517	0	9.77517	0	9.77517	0	9.77517	0	9.77517	0	9.77517	0	9.77517	0	9.77517	0	9.77517	0	9.77517	0	9.77517	0	9.77517	0	9.77517	0	9.77517	0	9.77517	0	9.77518	0	9.77517	0	9.77517	0	9.77517	0	9.77517	0	9.77517	0	9.77517	0	9.77517	0
9.77517	0	9.77517	0	9.77517	0	9.77517	0	9.77517	0	9.77517	0	9.77517	0	9.77517	0	9.77517	0	9.77517	0	9.77517	0	9.77517	0	9.77517	0	9.77517	0	9.77517	0	9.77517	0	9.77517	0	9.77518	0	9.77517	0	9.77517	0	9.77517	0	9.77517	0	9.77517	0	9.77517	0	9.77517	0
9.77517	0	9.77517	0	9.77517	0	9.77517	0	9.77517	0	9.77517	0	9.77517	0	9.77517	0	9.77517	0	9.77517	0	9.77517	0	9.77517	0	9.77517	0	9.77517	0	9.77517	0	9.77517	0	9.77517	0	9.77518	0	9.77517	0	9.77517	0	9.77517	0	9.77517	0	9.77517	0	9.77517	0	9.77517	0
9.77517	0	9.77517	0	9.77517	0	9.77517	0	9.77517	0	9.77517	0	9.77517	0	9.77517	0	9.77517	0	9.77517	0	9.77517	0	9.77517	0	9.77517	0	9.77517	0	9.77517	0	9.77517	0	9.77517	0	9.77518	0	9.77517	0	9.77517	0	9.77517	0	9.77517	0	9.77517	0	9.77517	0	9.77517	0
9.77517	0	9.77517	0	9.77517	0	9.77517	0	9.77517	0	9.77517	0	9.77517	0	9.77517	0	9.77517	0	9.77517	0	9.77517	0	9.77517	0	9.77517	0	9.77517	0	9.77517	0	9.77517	0	9.77517	0	9.77518	0	9.77517	0	9.77517	0	9.77517	0	9.77517	0	9.77517	0	9.77517	0	9.77517	0
9.77517	0	9.77517	0	9.77517	0	9.77517	0	9.77517	0	9.77517	0	9.77517	0	9.77517	0	9.77517	0	9.77517	0	9.77517	0	9.77517	0	9.77517	0	9.77517	0	9.77517	0	9.77517	0	9.77517	0	9.77518	0	9.77517	0	9.77517	0	9.77517	0	9.77517	0	9.77517	0	9.77517	0	9.77517	0
9.77517	0	9.77517	0	9.77517	0	9.77517	0	9.77517	0	9.77517	0	9.77517	0	9.77517	0	9.77517	0	9.77517	0	9.77517	0	9.77517	0	9.77517	0	9.77517	0	9.77517	0	9.77517	0	9.77517	0	9.77518	0	9.77517	0	9.77517	0	9.77517	0	9.77517	0	9.77517	0	9.77517	0	9.77517	0
9.77517	0	9.77517	0	9.77517	0	9.77517	0	9.77517	0	9.77517	0	9.77517	0	9.77517	0	9.77517	0	9.77517	0	9.77517	0	9.77517	0	9.77517	0	9.77517	0	9.77517	0	9.77517	0	9.77517	0	9.77518	0	9.77517	0	9.77517	0	9.77517	0	9.77517	0	9.77517	0	9.77517	0	9.77517	0
9.77517	0	9.77517	0	9.77517	0	9.77517	0	9.77517	0	9.77517	0	9.77517	0	9.77517	0	9.77517	0	9.77517	0	9.77517	0	9.77517	0	9.77517	0	9.77517	0	9.77517	0	9.77517	0	9.77517	0	9.77518	0	9.77517	0	9.77517	0	9.77517	0	9.77517	0	9.77517	0	9.77517	0	9.77517	0
9.77517	0	9.77517	0	9.77517	0	9.77517	0	9.77517	0	9.77517	0	9.77517	0	9.77517	0	9.77517	0	9.77517	0	9.77517	0	9.77517	0	9.77517	0	9.77517	0	9.77517	0	9.77517	0	9.77517	0	9.77518	0	9.77517	0	9.77517	0	9.77517	0	9.77517	0	9.77517	0	9.77517	0	9.77517	0
9.77517	0	9.77517	0	9.77517	0	9.77517	0	9.77517	0	9.77517	0	9.77517	0	9.77517	0	9.77517	0	9.77517	0	9.77517	0	9.77517	0	9.77517	0	9.77517	0	9.77517	0	9.77517	0	9.77517	0	9.77518	0	9.77517	0	9.77517	0	9.77517	0	9.77517	0	9.77517	0	9.77517	0	9.77517	0
9.77517	0	9.77517	0	9.77517	0	9.77517	0	9.77517	0	9.77517	0	9.77517	0	9.77517	0	9.77517	0	9.77517	0	9.77517	0	9.77517	0	9.77517	0	9.77517	0	9.77517	0	9.77517	0	9.77517	0	9.77518	0	9.77517	0	9.77517	0	9.77517	0	9.77517	0	9.77517	0	9.77517	0	9.77517	0
9.77517	0	9.77517	0	9.77517	0	9.77517	0	9.77517	0	9.77517	0	9.77517	0	9.77517	0	9.77517	0	9.77517	0	9.77517	0	9.77517	0	9.77517	0	9.77517	0	9.77517	0	9.77517	0	9.77517	0	9.77518	0	9.77517	0	9.77517	0	9.77517	0	9.77517	0	9.77517	0	9.77517	0	9.77517	0
9.77517	0	9.77517	0	9.77517	0	9.77517	0	9.77517	0	9.77517	0	9.77517	0	9.77517	0	9.77517	0	9.77517	0	9.77517	0	9.77517	0	9.77517	0	9.77517	0	9.77517	0	9.77517	0	9.77517	0	9.77518	0	9.77517	0	9.77517	0	9.77517	0	9.77517	0	9.77517	0	9.77517	0	9.77517	0
9.77517	0	9.77517	0	9.77517	0	9.77517	0	9.77517	0	9.77517	0	9.77517	0	9.77517	0	9.77517	0	9.77517	0	9.77517	0	9.77517	0	9.77517	0	9.77517	0	9.77517	0	9.77517	0	9.77517	0	9.77518	0	9.77517	0	9.77517	0	9.77517	0	9.77517	0	9.77517	0	9.77517	0	9.77517	0
9.77517	0	9.77517	0	9.77517	0	9.77517	0	9.77517	0	9.77517	0	9.77517	0	9.77517	0	9.77517	0	9.77517	0	9.77517	0	9.77517	0	9.77517	0	9.77517	0	9.77517	0	9.77517	0	9.77517	0	9.77518	0	9.77517	0	9.77517	0	9.77517	0	9.77517	0	9.77517	0	9.77517	0	9.77517	0
9.77517	0	9.77517	0	9.77517	0	9.77517	0	9.77517	0	9.77517	0	9.77517	0	9.77517	0	9.77517	0	9.77517	0	9.77517	0	9.77517	0	9.77517	0	9.77517	0	9.77517	0	9.77517	0	9.77517	0	9.77518	0	9.77517	0	9.77517	0	9.77517	0	9.77517	0	9.77517	0	9.77517	0	9.77517	0
9.77517	0	9.77517	0	9.77517	0	9.77517	0	9.77517	0	9.77517	0	9.77517	0	9.77517	0	9.77517	0	9.77517	0	9.77517	0	9.77517	0	9.77517	0	9.77517	0	9.77517	0	9.77517	0	9.77517	0	9.77518	0	9.77517	0	9.77517	0	9.77517	0	9.77517	0	9.77517	0	9.77517	0	9.77517	0
9.77517	0	9.77517	0	9.77517	0	9.77517	0	9.77517	0	9.77517	0	9.77517	0	9.77517	0	9.77517	0	9.77517	0	9.77517	0	9.77517	0	9.77517	0	9.77517	0	9.77517	0	9.77517	0	9.77517	0	9.77518	0	9.77517	0	9.77517	0	9.77517	0	9.77517	0	9.77517	0	9.77517	0	9.77517	0
9.77517	0	9.77517	0	9.77517	0	9.77517	0	9.77517	0	9.77517	0	9.77517	0	9.77517	0	9.77517	0	9.77517	0	9.77517	0	9.77517	0	9.77517	0	9.77517	0	9.77517	0	9.77517	0	9.77517	0	9.77518	0	9.77517	0	9.77517	0	9.77517	0	9.77517	0	9.77517	0	9.77517	0	9.77517	0
9.77517	0	9.77517	0	9.77517	0	9.77517	0	9.77517	0	9.77517	0	9.77517	0	9.77517	0	9.77517	0	9.77517	0	9.77517	0	9.77517	0	9.77517	0	9.77517	0	9.77517	0	9.77517	0	9.77517	0	9.77518	0	9.77517	0	9.77517	0	9.77517	0	9.77517	0	9.77517	0	9.77517	0	9.77517	0
9.77517	0	9.77517	0	9.77517	0	9.77517	0	9.77517	0	9.77517	0	9.77517	0	9.77517	0	9.77517	0	9.77517	0	9.77517	0	9.77517	0	9.77517	0	9.77517	0	9.77517	0	9.77517	0	9.77517	0	9.77518	0	9.77517	0	9.77517	0	9.77517	0	9.77517	0	9.77517	0	9.77517	0	9.77517	0
9.77517	0	9.77517	0	9.77517	0	9.77517	0	9.77517	0	9.77517	0	9.77517	0	9.77517	0	9.77517	0	9.77517	0	9.77517	0	9.77517	0	9.77517	0	9.77517	0	9.77517	0	9.77517	0	9.77517	0	9.77518	0	9.77517	0	9.77517	0	9.77517	0	9.77517	0	9.77517	0	9.77517	0	9.77517	0
9.77517	0	9.77517	0	9.77517	0	9.77517	0	9.77517	0	9.77517	0	9.77517	0	9.77517	0	9.77517	0	9.77517	0	9.77517	0	9.77517	0	9.77517	0	9.77517	0	9.77517	0	9.77517	0	9.77517	0	9.77518	0	9.77517	0	9.77517	0	9.77517	0	9.77517	0	9.77517	0	9.77517	0	9.77517	0
9.77517	0	9.77517	0	9.77517	0	9.77517	0	9.77517	0	9.77517	0	9.77517	0	9.77517	0	9.77517	0	9.77517	0	9.77517	0	9.77517	0	9.77517	0	9.77517	0	9.77517	0	9.77517	0	9.77517	0	9.77518	0	9.77517	0	9.77517	0	9.77517	0	9.77517	0	9.77517	0	9.77517	0	9.77517	0
9.77517	0	9.77517	0	9.77517	0	9.77517	0	9.77517	0	9.77517	0	9.77517	0	9.77517	0	9.77517	0	9.77517	0	9.77517	0	9.77517	0	9.77517	0	9.77517	0	9.77517	0	9.77517	0	9.77517	0	9.77518	0	9.77517	0	9.77517	0	9.77517	0	9.77517	0	9.77517	0	9.77517	0	9.77517	0
9.77517	0	9.77517	0	9.77517	0	9.77517	0	9.77517	0	9.77517	0	9.77517	0	9.77517	0	9.77517	0	9.77517	0	9.77517	0	9.77517	0	9.77517	0	9.77517	0	9.77517	0	9.77517	0	9.77517	0	9.77518	0	9.77517	0	9.77517	0	9.77517	0	9.77517	0	9.77517	0	9.77517	0	9.77517	0
9.77517	0	9.77517	0	9.77517	0	9.77517	0	9.77517	0	9.77517	0	9.77517	0	9.77517	0	9.77517	0	9.77517	0	9.77517	0	9.77517	0	9.77517	0	9.77517	0	9.77517	0	9.77517	0	9.77517	0	9.77518	0	9.77517	0	9.77517	0	9.77517	0	9.77517	0	9.77517	0	9.77517	0	9.77517	0
9.77517	0	9.77517	0	9.77517	0	9.77517	0	9.77517	0	9.77517	0	9.77517	0	9.77517	0	9.77517	0	9.77517	0	9.77517	0	9.77517	0	9.77517	0	9.77517	0	9.77517	0	9.77517	0	9.77517	0	9.77518	0	9.77517	0	9.77517	0	9.77517	0	9.77517	0	9.77517	0	9.77517	0	9.77517	0
9.77517	0	9.77517	0	9.77517	0	9.77517	0	9.77517	0	9.77517	0	9.77517	0	9.77517	0	9.77517	0	9.77517	0	9.77517	0	9.77517	0	9.77517	0	9.77517	0	9.77517	0	9.77517	0	9.77517	0	9.77518	0	9.77517	0	9.77517	0	9.77517	0	9.77517	0	9.77517	0	9.77517	0	9.77517	0
9.77517	0	9.77517	0	9.77517	0	9.77517	0	9.77517	0	9.77517	0	9.77517	0	9.77517	0	9.77517	0	9.77517	0	9.77517	0	9.77517	0	9.77517	0	9.77517	0	9.77517	0	9.77517	0	9.77517	0	9.77518	0	9.77517	0	9.77517	0	9.77517	0	9.77517	0	9.77517	0	9.77517	0	9.77517	0
9.77517	0	9.77517	0	9.77517	0	9.77517	0	9.77517	0	9.77517	0	9.77517	0	9.77517	0	9.77517	0	9.77517	0	9.77517	0	9.77517	0	9.77517	0	9.77517	0	9.77517	0	9.77517	0	9.77517	0	9.77518	0	9.77517	0	9.77517	0	9.77517	0	9.77517	0	9.77517	0	9.77517	0	9.77517	0
9.77517	0	9.77517	0	9.77517	0	9.77517	0	9.77517	0	9.77517	0	9.77517	0	9.77517	0	9.77517	0	9.77517	0	9.77517	0	9.77517	0	9.77517	0	9.77517	0	9.77517	0	9.77517	0	9.77517	0	9.77518	0	9.77517	0	9.77517	0	9.77517	0	9.77517	0	9.77517	0	9.77517	0	9.77517	0
9.77517	0	9.77517	0	9.77517	0	9.77517	0	9.77517	0	9.77517	0	9.77517	0	9.77517	0	9.77517	0	9.77517	0	9.77517	0	9.77517	0	9.77517	0	9.77517	0	9.77517	0	9.77517	0	9.77517	0	9.77518	0	9.77517	0	9.77517	0	9.77517	0	9.77517	0	9.77517	0	9.77517	0	9.77517	0
9.77517	0	9.77517	0	9.77517	0	9.77517	0	9.77517	0	9.77517	0	9.77517	0	9.77517	0	9.77517	0	9.77517	0	9.77517	0	9.77517	0	9.77517	0	9.77517	0	9.77517	0	9.77517	0	9.77517	0	9.77518	0	9.77517	0	9.77517	0	9.77517	0	9.77517	0	9.77517	0	9.77517	0	9.77517	0
9.77517	0	9.77517	0	9.77517	0	9.77517	0	9.77517	0	9.77517	0	9.77517	0	9.77517	0	9.77517	0	9.77517	0	9.77517	0	9.77517	0	9.77517	0	9.77517	0	9.77517	0	9.77517	0	9.77517	0	9.77518	0	9.77517	0	9.77517	0	9.77517	0	9.77517	0	9.77517	0	9.77517	0	9.77517	0
9.77517	0	9.77517	0	9.77517	0	9.77517	0	9.77517	0	9.77517	0	9.77517	0	9.77517	0	9.77517	0	9.77517	0	9.77517	0	9.77517	0	9.77517	0	9.77517	0	9.77517	0	9.77517	0	9.77517	0	9.77518	0	9.77517	0	9.77517	0	9.77517	0	9.77517	0	9.77517	0	9.77517	0	9.77517	0
9.77517	0	9.77517	0	9.77517	0	9.77517	0	9.77517	0	9.77517	0	9.77517	0	9.77517	0	9.77517	0	9.77517	0	9.77517	0	9.77517	0	9.77517	0	9.77517	0	9.77517	0	9.77517	0	9.77517	0	9.77518	0	9.77517	0	9.77517	0	9.77517	0	9.77517	0	9.77517	0	9.77517	0	9.77517	0
9.77517	0	9.77517	0	9.77517	0	9.77517	0	9.77517	0	9.77517	0	9.77517	0	9.77517	0	9.77517	0	9.77517	0	9.77517	0	9.77517	0	9.77517	0	9.77517	0	9.77517	0	9.77517	0	9.77517	0	9.77518	0	9.77517	0	9.77517	0	9.77517	0	9.77517	0	9.77517	0	9.77517	0	9.77517	0
9.77517	0	9.77517	0	9.77517	0	9.77517	0	9.77517	0	9.77517	0	9.77517	0	9.77517	0	9.77517	0	9.77517	0	9.77517	0	9.77517	0	9.77517	0	9.77517	0	9.77517	0	9.77517	0	9.77517	0	9.77518	0	9.77517	0	9.77517	0	9.77517	0	9.77517	0	9.77517	0	9.77517	0	9.77517	0
9.77517	0	9.77517	0	9.77517	0	9.77517	0	9.77517	0	9.77517	0	9.77517	0	9.77517	0	9.77517	0	9.77517	0	9.77517	0	9.77517	0	9.77517	0	9.77517	0	9.77517	0	9.77517	0	9.77517	0	9.77518	0	9.77517	0	9.77517	0	9.77517	0	9.77517	0	9.77517	0	9.77517	0	9.77517	0
9.77517	0	9.77517	0	9.77517	0	9.77517	0	9.77517	0	9.77517	0	9.77517	0	9.77517	0	9.77517	0	9.77517	0	9.77517	0	9.77517	0	9.77517	0	9.77517	0	9.77517	0	9.77517	0	9.77517	0	9.77518	0	9.77517	0	9.77517	0	9.77517	0	9.77517	0	9.77517	0	9.77517	0	9.77517	0
9.77517	0	9.77517	0	9.77517	0	9.77517	0	9.77517	0	9.77517	0	9.77517	0	9.77517	0	9.77517	0	9.77517	0	9.77517	0	9.77517	0	9.77517	0	9.77517	0	9.77517	0	9.77517	0	9.77517	0	9.77518	0	9.77517	0	9.77517	0	9.77517	0	9.77517	0	9.77517	0	9.77517	0	9.77517	0
9.77517	0	9.77517	0	9.77517	0	9.77517	0	9.77517	0	9.77517	0	9.77517	0	9.77517	0	9.77517	0	9.77517	0	9.77517	0	9.77517	0	9.77517	0	9.77517	0	9.77517	0	9.77517	0	9.77517	0	9.77518	0	9.77517	0	9.77517	0	9.77517	0	9.77517	0	9.77517	0	9.77517	0	9.77517	0
9.77517	0	9.77517	0	9.77517	0	9.77517	0	9.77517	0	9.77517	0	9.77517	0	9.77517	0	9.77517	0	9.77517	0	9.77517	0	9.77517	0	9.77517	0	9.77517	0	9.77517	0	9.77517	0	9.77517	0	9.77518	0	9.77517	0	9.77517	0	9.77517	0	9.77517	0	9.77517	0	9.77517	0	9.77517	0
9.77517	0	9.77517	0	9.77517	0	9.77517	0	9.77517	0	9.77517	0	9.77517	0	9.77517	0	9.77517	0	9.77517	0	9.77517	0	9.77517	0	9.77517	0	9.77517	0	9.77517	0	9.77517	0	9.77517	0	9.77518	0	9.77517	0	9.77517	0	9.77517	0	9.77517	0	9.77517	0	9.77517	0	9.77517	0
9.77517	0	9.77517	0	9.77517	0	9.77517	0	9.77517	0	9.77517	0	9.77517	0	9.77517	0	9.77517	0	9.77517	0	9.77517	0	9.77517	0	9.77517	0	9.77517	0	9.77517	0	9.77517	0	9.77517	0	9.77518	0	9.77517	0	9.77517	0	9.77517	0	9.77517	0	9.77517	0	9.77517	0	9.77517	0
9.77517	0	9.77517	0	9.77517	0	9.77517	0	9.77517	0	9.77517	0	9.77517	0	9.77517	0	9.77517	0	9.77517	0	9.77517	0	9.77517	0	9.77517	0	9.77517	0	9.77517	0	9.77517	0	9.77517	0	9.77518	0	9.77517	0	9.77517	0	9.77517	0	9.77517	0	9.77517	0	9.77517	0	9.77517	0
9.77517	0	9.77517	0	9.77517	0	9.77517	0	9.77517	0	9.77517	0	9.77517	0	9.77517	0	9.77517	0	9.77517	0	9.77517	0	9.77517	0	9.77517	0	9.77517	0	9.77517	0	9.77517	0	9.77517	0	9.77518	0	9.77517	0	9.77517	0	9.77517	0	9.77517	0	9.77517	0	9.77517	0	9.77517	0
9.77517	0	9.77517	0	9.77517	0	9.77517	0	9.77517	0	9.77517	0	9.77517	0	9.77517	0	9.77517	0	9.77517	0	9.77517	0	9.77517	0	9.77517	0	9.77517	0	9.77517	0	9.77517	0	9.77517	0	9.77518	0	9.77517	0	9.77517	0	9.77517	0	9.77517	0	9.77517	0	9.77517	0	9.77517	0
9.77517	0	9.77517	0	9.77517	0	9.77517	0	9.77517	0	9.77517	0	9.77517	0	9.77517	0	9.77517	0	9.77517	0	9.77517	0	9.77517	0	9.77517	0	9.77517	0	9.77517	0	9.77517	0	9.77517	0	9.77518	0	9.77517	0	9.77517	0	9.77517	0	9.77517	0	9.77517	0	9.77517	0	9.77517	0
9.77517	0	9.77517	0	9.77517	0	9.77517	0	9.77517	0	9.77517	0	9.77517	0	9.77517	0	9.77517	0	9.77517	0	9.77517	0	9.77517	0	9.77517	0	9.77517	0	9.77517	0	9.77517	0	9.77517	0	9.77518	0	9.77517	0	9.77517	0	9.77517	0	9.77517	0	9.77517	0	9.77517	0	9.77517	0
9.77517	0	9.77517	0	9.77517	0	9.77517	0	9.77517	0	9.77517	0	9.77517	0	9.77517	0	9.77517	0	9.77517	0	9.77517	0	9.77517	0	9.77517	0	9.77517	0	9.77517	0	9.77517	0	9.77517	0	9.77518	0	9.77517	0	9.77517	0	9.77517	0	9.77517	0	9.77517	0	9.77517	0	9.77517	0
9.77517	0	9.77517	0	9.77517	0	9.77517	0	9.77517	0	9.77517	0	9.77517	0	9.77517	0	9.77517	0	9.77517	0	9.77517	0	9.77517	0	9.77517	0	9.77517	0	9.77517	0	9.77517	0	9.77517	0	9.77518	0	9.77517	0	9.77517	0	9.77517	0	9.77517	0	9.77517	0	9.77517	0	9.77517	0
9.77517	0	9.77517	0	9.77517	0	9.77517	0	9.77517	0	9.77517	0	9.77517	0	9.77517	0	9.77517	0	9.77517	0	9.77517	0	9.77517	0	9.77517	0	9.77517	0	9.77517	0	9.77517	0	9.77517	0	9.77518	0	9.77517	0	9.77517	0	9.77517	0	9.77517	0	9.77517	0	9.77517	0	9.77517	0
9.77517	0	9.77517	0	9.77517	0	9.77517	0	9.77517	0	9.77517	0	9.77517	0	9.77517	0	9.77517	0	9.77517	0	9.77517	0	9.77517	0	9.77517	0	9.77517	0	9.77517	0	9.77517	0	9.77517	0	9.77518	0	9.77517	0	9.77517	0	9.77517	0	9.77517	0	9.77517	0	9.77517	0	9.77517	0
9.77517	0	9.77517	0	9.77517	0	9.77517	0	9.77517	0	9.77517	0	9.77517	0	9.77517	0	9.77517	0	9.77517	0	9.77517	0	9.77517	0	9.77517	0	9.77517	0	9.77517	0	9.77517	0	9.77517	0	9.77518	0	9.77517	0	9.77517	0	9.77517	0	9.77517	0	9.77517	0	9.77517	0	9.77517	0
9.77517	0	9.77517	0	9.77517	0	9.77517	0	9.77517	0	9.77517	0	9.77517	0	9.77517	0	9.77517	0	9.77517	0	9.77517	0	9.77517	0	9.77517	0	9.77517	0	9.77517	0	9.77517	0	9.77517	0	9.77518	0	9.77517	0	9.77517	0	9.77517	0	9.77517	0	9.77517	0	9.77517	0	9.77517	0
9.77517	0	9.77517	0	9.77517	0	9.77517	0	9.77517	0	9.77517	0	9.77517	0	9.77517	0	9.77517	0	9.77517	0	9.77517	0	9.77517	0	9.77517	0	9.77517	0	9.77517	0	9.77517	0	9.77517	0	9.77518	0	9.77517	0	9.77517	0	9.77517	0	9.77517	0	9.77517	0	9.77517	0	9.77517	0
9.77517	0	9.77517	0	9.77517	0	9.77517	0	9.77517	0	9.77517	0	9.77517	0	9.77517	0	9.77517	0	9.77517	0	9.77517	0	9.77517	0	9.77517	0	9.77517	0	9.77517	0	9.77517	0	9.77517	0	9.77518	0	9.77517	0	9.77517	0	9.77517	0	9.77517	0	9.77517	0	9.77517	0	9.77517	0
9.77517	0	9.77517	0	9.77517	0	9.77517	0	9.77517	0	9.77517	0	9.77517	0	9.77517	0	9.77517	0	9.77517	0	9.77517	0	9.77517	0	9.77517	0	9.77517	0	9.77517	0	9.77517	0	9.77517	0	9.77518	0	9.77517	0	9.77517	0	9.77517	0	9.77517	0	9.77517	0	9.77517	0	9.77517	0
9.77517	0	9.77517	0	9.77517	0	9.77517	0	9.77517	0	9.77517	0	9.77517	0	9.77517	0	9.77517	0	9.77517	0	9.77517	0	9.77517	0	9.77517	0	9.77517	0	9.77517	0	9.77517	0	9.77517	0	9.77518	0	9.77517	0	9.77517	0	9.77517	0	9.77517	0	9.77517	0	9.77517	0	9.77517	0
9.77517	0	9.77517	0	9.77517	0	9.77517	0	9.77517	0	9.77517	0	9.77517	0	9.77517	0	9.77517	0	9.77517	0	9.77517	0	9.77517	0	9.77517	0	9.77517	0	9.77517	0	9.77517	0	9.77517	0	9.77518	0	9.77517	0	9.77517	0	9.77517	0	9.77517	0	9.77517	0	9.77517	0	9.77517	0
9.77517	0	9.77517	0	9.77517	0	9.77517	0	9.77517	0	9.77517	0	9.77517	0	9.77517	0	9.77517	0	9.77517	0	9.77517	0	9.77517	0	9.77517	0	9.77517	0	9.77517	0	9.77517	0	9.77517	0	9.77518	0	9.77517	0	9.77517	0	9.77517	0	9.77517	0	9.77517	0	9.77517	0	9.77517	0
9.77517	0	9.77517	0	9.77517	0	9.77517	0	9.77517	0	9.77517	0	9.77517	0	9.77517	0	9.77517	0	9.77517	0	9.77517	0	9.77517	0	9.77517	0	9.77517	0	9.77517	0	9.77517	0	9.77517	0	9.77518	0	9.77517	0	9.77517	0	9.77517	0	9.77517	0	9.77517	0	9.77517	0	9.77517	0
9.77517	0	9.77517	0	9.77517	0	9.77517	0	9.77517	0	9.77517	0	9.77517	0	9.77517	0	9.77517	0	9.77517	0	9.77517	0	9.77517	0	9.77517	0	9.77517	0	9.77517	0	9.77517	0	9.77517	0	9.77518	0	9.77517	0	9.77517	0	9.77517	0	9.77517	0	9.77517	0	9.77517	0	9.77517	0
9.77517	0	9.77517	0	9.77517	0	9.77517	0	9.77517	0	9.77517	0	9.77517	0	9.77517	0	9.77517	0	9.77517	0	9.77517	0	9.77517	0	9.77517	0	9.77517	0	9.77517	0	9.77517	0	9.77517	0	9.77518	0	9.77517	0	9.77517	0	9.77517	0	9.77517	0	9.77517	0	9.77517	0	9.77517	0
9.77517	0	9.77517	0	9.77517	0	9.77517	0	9.77517	0	9.77517	0	9.77517	0	9.77517	0	9.77517	0	9.77517	0	9.77517	0	9.77517	0	9.77517	0	9.77517	0	9.77517	0	9.77517	0	9.77517	0	9.77518	0	9.77517	0	9.77517	0	9.77517	0	9.77517	0	9.77517	0	9.77517	0	9.77517	0
9.77517	0	9.77517	0	9.77517	0	9.77517	0	9.77517	0	9.77517	0	9.77517	0	9.77517	0	9.77517	0	9.77517	0	9.77517	0	9.77517	0	9.77517	0	9.77517	0	9.77517	0	9.77517	0	9.77517	0	9.77518	0	9.77517	0	9.77517	0	9.77517	0	9.77517	0	9.77517	0	9.77517	0	9.77517	0
9.77517	0	9.77517	0	9.77517	0	9.77517	0	9.77517	0	9.77517	0	9.77517	0	9.77517	0	9.77517	0	9.77517	0	9.77517	0	9.77517	0	9.77517	0	9.77517	0	9.77517	0	9.77517	0	9.77517	0	9.77518	0	9.77517	0	9.77517	0	9.77517	0	9.77517	0	9.77517	0	9.77517	0	9.77517	0
9.77517	0	9.77517	0	9.77517	0	9.77517	0	9.77517	0	9.77517	0	9.77517	0	9.77517	0	9.77517	0	9.77517	0	9.77517	0	9.77517	0	9.77517	0	9.77517	0	9.77517	0	9.77517	0	9.77517	0	9.77518	0	9.77517	0	9.77517	0	9.77517	0	9.77517	0	9.77517	0	9.77517	0	9.77517	0
9.77517	0	9.77517	0	9.77517	0	9.77517	0	9.77517	0	9.77517	0	9.77517	0	9.77517	0	9.77517	0	9.77517	0	9.77517	0	9.77517	0	9.77517	0	9.77517	0	9.77517	0	9.77517	0	9.77517	0	9.77518	0	9.77517	0	9.77517	0	9.77517	0	9.77517	0	9.77517	0	9.77517	0	9.77517	0
9.77517	0	9.77517	0	9.77517	0	9.77517	0	9.77517	0	9.77517	0	9.77517	0	9.77517	0	9.77517	0	9.77517	0	9.77517	0	9.77517	0	9.77517	0	9.77517	0	9.77517	0	9.77517	0	9.77517	0	9.77518	0	9.77517	0	9.77517	0	9.77517	0	9.77517	0	9.77517	0	9.77517	0	9.77517	0
9.77517	0	9.77517	0	9.77517	0	9.77517	0	9.77517	0	9.77517	0	9.77517	0	9.77517	0	9.77517	0	9.77517	0	9.77517	0	9.77517	0	9.77517	0	9.77517	0	9.77517	0	9.77517	0	9.77517	0	9.77518	0	9.77517	0	9.77517	0	9.77517	0	9.77517	0	9.77517	0	9.77517	0	9.77517	0
9.77517	0	9.77517	0	9.77517	0	9.77517	0	9.77517	0	9.77517	0	9.77517	0	9.77517	0	9.77517	0	9.77517	0	9.77517	0	9.77517	0	9.77517	0	9.77517	0	9.77517	0	9.77517	0	9.77517	0	9.77518	0	9.77517	0	9.77517	0	9.77517	0	9.77517	0	9.77517	0	9.77517	0	9.77517	0
9.77517	0	9.77517	0	9.77517	0	9.77517	0	9.77517	0	9.77517	0	9.77517	0	9.77517	0	9.77517	0	9.77517	0	9.77517	0	9.77517	0	9.77517	0	9.77517	0	9.77517	0	9.77517	0	9.77517	0	9.77518	0	9.77517	0	9.77517	0	9.77517	0	9.77517	0	9.77517	0	9.77517	0	9.77517	0
9.77517	0	9.77517	0	9.77517	0	9.77517	0	9.77517	0	9.77517	0	9.77517	0	9.77517	0	9.77517	0	9.77517	0	9.77517	0	9.77517	0	9.77517	0	9.77517	0	9.77517	0	9.77517	0	9.77517	0	9.77518	0	9.77517	0	9.77517	0	9.77517	0	9.77517	0	9.77517	0	9.77517	0	9.77517	0
9.77517	0	9.77517	0	9.77517	0	9.77517	0	9.77517	0	9.77517	0	9.77517	0	9.77517	0	9.77517	0	9.77517	0	9.77517	0	9.77517	0	9.77517	0	9.77517	0	9.77517	0	9.77517	0	9.77517	0	9.77518	0	9.77517	0	9.77517	0	9.77517	0	9.77517	0	9.77517	0	9.77517	0	9.77517	0
9.77517	0	9.77517	0	9.77517	0	9.77517	0	9.77517	0	9.77517	0	9.77517	0	9.77517	0	9.77517	0	9.77517	0	9.77517	0	9.77517	0	9.77517	0	9.77517	0	9.77517	0	9.77517	0	9.77517	0	9.77518	0	9.77517	0	9.77517	0	9.77517	0	9.77517	0	9.77517	0	9.77517	0	9.77517	0
9.77517	0	9.77517	0	9.77517	0	9.77517	0	9.77517	0	9.77517	0	9.77517	0	9.77517	0	9.77517	0	9.77517	0	9.77517	0	9.77517	0	9.77517	0	9.77517	0	9.77517	0	9.77517	0	9.77517	0	9.77518	0	9.77517	0	9.77517	0	9.77517	0	9.77517	0	9.77517	0	9.77517	0	9.77517	0
9.77517	0	9.77517	0	9.77517	0	9.77517	0	9.77517	0	9.77517	0	9.77517	0	9.77517	0	9.77517	0	9.77517	0	9.77517	0	9.77517	0	9.77517	0	9.77517	0	9.77517	0	9.77517	0	9.77517	0	9.77518	0	9.77517	0	9.77517	0	9.77517	0	9.77517	0	9.77517	0	9.77517	0	9.77517	0
9.77517	0	9.77517	0	9.77517	0	9.77517	0	9.77517	0	9.77517	0	9.77517	0	9.77517	0	9.77517	0	9.77517	0	9.77517	0	9.77517	0	9.77517	0	9.77517	0	9.77517	0	9.77517	0	9.77517	0	9.77518	0	9.77517	0	9.77517	0	9.77517	0	9.77517	0	9.77517	0	9.77517	0	9.77517	0
9.77517	0	9.77517	0	9.77517	0	9.77517	0	9.77517	0	9.77517	0	9.77517	0	9.77517	0	9.77517	0	9.77517	0	9.77517	0	9.77517	0	9.77517	0	9.77517	0	9.77517	0	9.77517	0	9.77517	0	9.77518	0	9.77517	0	9.77517	0	9.77517	0	9.77517	0	9.77517	0	9.77517	0	9.77517	0
9.77517	0	9.77517	0	9.77517	0	9.77517	0	9.77517	0	9.77517	0	9.77517	0	9.77517	0	9.77517	0	9.77517	0	9.77517	0	9.77517	0	9.77517	0	9.77517	0	9.77517	0	9.77517	0	9.77517	0	9.77518	0	9.77517	0	9.77517	0	9.77517	0	9.77517	0	9.77517	0	9.77517	0	9.77517	0
9.77517	0	9.77517	0	9.77517	0	9.77517	0	9.77517	0	9.77517	0	9.77517	0	9.77517	0	9.77517	0	9.77517	0	9.77517	0	9.77517	0	9.77517	0	9.77517	0	9.77517	0	9.77517	0	9.77517	0	9.77518	0	9.77517	0	9.77517	0	9.77517	0	9.77517	0	9.77517	0	9.77517	0	9.77517	0
9.77517	0	9.77517	0	9.77517	0	9.77517	0	9.77517	0	9.77517	0	9.77517	0	9.77517	0	9.77517	0	9.77517	0	9.77517	0	9.77517	0	9.77517	0	9.77517	0	9.77517	0	9.77517	0	9.77517	0	9.77518	0	9.77517	0	9.77517	0	9.77517	0	9.77517	0	9.77517	0	9.77517	0	9.77517	0
9.77517	0	9.77517	0	9.77517	0	9.77517	0	9.77517	0	9.77517	0	9.77517	0	9.77517	0	9.77517	0	9.77517	0	9.77517	0	9.77517	0	9.77517	0	9.77517	0	9.77517	0	9.77517	0	9.77517	0	9.77518	0	9.77517	0	9.77517	0	9.77517	0	9.77517	0	9.77517	0	9.77517	0	9.77517	0
9.77517	0	9.77517	0	9.77517	0	9.77517	0	9.77517	0	9.77517	0	9.77517	0	9.77517	0	9.77517	0	9.77517	0	9.77517	0	9.77517	0	9.77517	0	9.77517	0	9.77517	0	9.77517	0	9.77517	0	9.77518	0	9.77517	0	9.77517	0	9.77517	0	9.77517	0	9.77517	0	9.77517	0	9.77517	0
9.77517	0	9.77517	0	9.77517	0	9.77517	0	9.77517	0	9.77517	0	9.77517	0	9.77517	0	9.77517	0	9.77517	0	9.77517	0	9.77517	0	9.77517	0	9.77517	0	9.77517	0	9.77517	0	9.77517	0	9.77518	0	9.77517	0	9.77517	0	9.77517	0	9.77517	0	9.77517	0	9.77517	0	9.77517	0
9.77517	0	9.77517	0	9.77517	0	9.77517	0	9.77517	0	9.77517	0	9.77517	0	9.77517	0	9.77517	0	9.77517	0	9.77517	0	9.77517	0	9.77517	0	9.77517	0	9.77517	0	9.77517	0	9.77517	0	9.77518	0	9.77517	0	9.77517	0	9.77517	0	9.77517	0	9.77517	0	9.77517	0	9.77517	0
9.77517	0	9.77517	0	9.77517	0	9.77517	0	9.77517	0	9.77517	0	9.77517	0	9.77517	0	9.77517	0	9.77517	0	9.77517	0	9.77517	0	9.77517	0	9.77517	0	9.77517	0	9.77517	0	9.77517	0	9.77518	0	9.77517	0	9.77517	0	9.77517	0	9.77517	0	9.77517	0	9.77517	0	9.77517	0
9.77517	0	9.77517	0	9.77517	0	9.77517	0	9.77517	0	9.77517	0	9.77517	0	9.77517	0	9.77517	0	9.77517	0	9.77517	0	9.77517	0	9.77517	0	9.77517	0	9.77517	0	9.77517	0	9.77517	0	9.77518	0	9.77517	0	9.77517	0	9.77517	0	9.77517	0	9.77517	0	9.77517	0	9.77517	0
9.77517	0	9.77517	0	9.77517	0	9.77517	0	9.77517	0	9.77517	0	9.77517	0	9.77517	0	9.77517	0	9.77517	0	9.77517	0	9.77517	0	9.77517	0	9.77517	0	9.77517	0	9.77517	0	9.77517	0	9.77518	0	9.77517	0	9.77517	0	9.77517	0	9.77517	0	9.77517	0	9.77517	0	9.77517	0
9.77517	0	9.77517	0	9.77517	0	9.77517	0	9.77517	0	9.77517	0	9.77517	0	9.77517	0	9.77517	0	9.77517	0	9.77517	0	9.77517	0	9.77517	0	9.77517	0	9.77517	0	9.77517	0	9.77517	0	9.77518	0	9.77517	0	9.77517	0	9.77517	0	9.77517	0	9.77517	0	9.77517	0	9.77517	0
9.77517	0	9.77517	0	9.77517	0	9.77517	0	9.77517	0	9.77517	0	9.77517	0	9.77517	0	9.77517	0	9.77517	0	9.77517	0	9.77517	0	9.77517	0	9.77517	0	9.77517	0	9.77517	0	9.77517	0	9.77518	0	9.77517	0	9.77517	0	9.77517	0	9.77517	0	9.77517	0	9.77517	0	9.77517	0
9.77517	0	9.77517	0	9.77517	0	9.77517	0	9.77517	0	9.77517	0	9.77517	0	9.77517	0	9.77517	0	9.77517	0	9.77517	0	9.77517	0	9.77517	0	9.77517	0	9.77517	0	9.77517	0	9.77517	0	9.77518	0	9.77517	0	9.77517	0	9.77517	0	9.77517	0	9.77517	0	9.77517	0	9.77517	0
9.77517	0	9.77517	0	9.77517	0	9.77517	0	9.77517	0	9.77517	0	9.77517	0	9.77517	0	9.77517	0	9.77517	0	9.77517	0	9.77517	0	9.77517	0	9.77517	0	9.77517	0	9.77517	0	9.77517	0	9.77518	0	9.77517	0	9.77517	0	9.77517	0	9.77517	0	9.77517	0	9.77517	0	9.77517	0
9.77517	0	9.77517	0	9.77517	0	9.77517	0	9.77517	0	9.77517	0	9.77517	0	9.77517	0	9.77517	0	9.77517	0	9.77517	0	9.77517	0	9.77517	0	9.77517	0	9.77517	0	9.77517	0	9.77517	0	9.77518	0	9.77517	0	9.77517	0	9.77517	0	9.77517	0	9.77517	0	9.77517	0	9.77517	0
9.77517	0	9.77517	0	9.77517	0	9.77517	0	9.77517	0	9.77517	0	9.77517	0	9.77517	0	9.77517	0	9.77517	0	9.77517	0	9.77517	0	9.77517	0	9.77517	0	9.77517	0	9.77517	0	9.77517	0	9.77518	0	9.77517	0	9.77517	0	9.77517	0	9.77517	0	9.77517	0	9.77517	0	9.77517	0
9.77517	0	9.77517	0	9.77517	0	9.77517	0	9.77517	0	9.77517	0	9.77517	0	9.77517	0	9.77517	0	9.77517	0	9.77517	0	9.77517	0	9.77517	0	9.77517	0	9.77517	0	9.77517	0	9.77517	0	9.77518	0	9.77517	0	9.77517	0	9.77517	0	9.77517	0	9.77517	0	9.77517	0	9.77517	0
9.77517	0	9.77517	0	9.77517	0	9.77517	0	9.77517	0	9.77517	0	9.77517	0	9.77517	0	9.77517	0	9.77517	0	9.77517	0	9.77517	0	9.77517	0	9.77517	0	9.77517	0	9.77517	0	9.77517	0	9.77518	0	9.77517	0	9.77517	0	9.77517	0	9.77517	0	9.77517	0	9.77517	0	9.77517	0
9.77517	0	9.77517	0	9.77517	0	9.77517	0	9.77517	0	9.77517	0	9.77517	0	9.77517	0	9.77517	0	9.77517	0	9.77517	0	9.77517	0	9.77517	0	9.77517	0	9.77517	0	9.77517	0	9.77517	0	9.77518	0	9.77517	0	9.77517	0	9.77517	0	9.77517	0	9.77517	0	9.77517	0	9.77517	0
9.77517	0	9.77517	0	9.77517	0	9.77517	0	9.77517	0	9.77517	0	9.77517	0	9.77517	0	9.77517	0	9.77517	0	9.77517	0	9.77517	0	9.77517	0	9.77517	0	9.77517	0	9.77517	0	9.77517	0	9.77518	0	9.77517	0	9.77517	0	9.77517	0	9.77517	0	9.77517	0	9.77517	0	9.77517	0
9.77517	0	9.77517	0	9.77517	0	9.77517	0	9.77517	0	9.77517	0	9.77517	0	9.77517	0	9.77517	0	9.77517	0	9.77517	0	9.77517	0	9.77517	0	9.77517	0	9.77517	0	9.77517	0	9.77517	0	9.77518	0	9.77517	0	9.77517	0	9.77517	0	9.77517	0	9.77517	0	9.77517	0	9.77517	0
9.77517	0	9.77517	0	9.77517	0	9.77517	0	9.77517	0	9.77517	0	9.77517	0	9.77517	0	9.77517	0	9.77517	0	9.77517	0	9.77517	0	9.77517	0	9.77517	0	9.77517	0	9.77517	0	9.77517	0	9.77518	0	9.77517	0	9.77517	0	9.77517	0	9.77517	0	9.77517	0	9.77517	0	9.77517	0
9.77517	0	9.77517	0	9.77517	0	9.77517	0	9.77517	0	9.77517	0	9.77517	0	9.77517	0	9.77517	0	9.77517	0	9.77517	0	9.77517	0	9.77517	0	9.77517	0	9.77517	0	9.77517	0	9.77517	0	9.77518	0	9.77517	0	9.77517	0	9.77517	0	9.77517	0	9.77517	0	9.77517	0	9.77517	0
9.77517	0	9.77517	0	9.77517	0	9.77517	0	9.77517	0	9.77517	0	9.77517	0	9.77517	0	9.77517	0	9.77517	0	9.77517	0	9.77517	0	9.77517	0	9.77517	0	9.77517	0	9.77517	0	9.77517	0	9.77518	0	9.77517	0	9.77517	0	9.77517	0	9.77517	0	9.77517	0	9.77517	0	9.77517	0
9.77517	0	9.77517	0	9.77517	0	9.77517	0	9.77517	0	9.77517	0	9.77517	0	9.77517	0	9.77517	0	9.77517	0	9.77517	0	9.77517	0	9.77517	0	9.77517	0	9.77517	0	9.77517	0	9.77517	0	9.77518	0	9.77517	0	9.77517	0	9.77517	0	9.77517	0	9.77517	0	9.77517	0	9.77517	0
9.77517	0	9.77517	0	9.77517	0	9.77517	0	9.77517	0	9.77517	0	9.77517	0	9.77517	0	9.77517	0	9.77517	0	9.77517	0	9.77517	0	9.77517	0	9.77517	0	9.77517	0	9.77517	0	9.77517	0	9.77518	0	9.77517	0	9.77517	0	9.77517	0	9.77517	0	9.77517	0	9.77517	0	9.77517	0
9.77517	0	9.77517	0	9.77517	0	9.77517	0	9.77517	0	9.77517	0	9.77517	0	9.77517	0	9.77517	0	9.77517	0	9.77517	0	9.77517	0	9.77517	0	9.77517	0	9.77517	0	9.77517	0	9.77517	0	9.77518	0	9.77517	0	9.77517	0	9.77517	0	9.77517	0	9.77517	0	9.77517	0	9.77517	0
9.77517	0	9.77517	0	9.77517	0	9.77517	0	9.77517	0	9.77517	0	9.77517	0	9.77517	0	9.77517	0	9.77517	0	9.77517	0	9.77517	0	9.77517	0	9.77517	0	9.77517	0	9.77517	0	9.77517	0	9.77518	0	9.77517	0	9.77517	0	9.77517	0	9.77517	0	9.77517	0	9.77517	0	9.77517	0
9.77517	0	9.77517	0	9.77517	0	9.77517	0	9.77517	0	9.77517	0	9.77517	0	9.77517	0	9.77517	0	9.77517	0	9.77517	0	9.77517	0	9.77517	0	9.77517	0	9.77517	0	9.77517	0	9.77517	0	9.77518	0	9.77517	0	9.77517	0	9.77517	0	9.77517	0	9.77517	0	9.77517	0	9.77517	0
9.77517	0	9.77517	0	9.77517	0	9.77517	0	9.77517	0	9.77517	0	9.77517	0	9.77517	0	9.77517	0	9.77517	0	9.77517	0	9.77517	0	9.77517	0	9.77517	0	9.77517	0	9.77517	0	9.77517	0	9.77518	0	9.77517	0	9.77517	0	9.77517	0	9.77517	0	9.77517	0	9.77517	0	9.77517	0
9.77517	0	9.77517	0	9.77517	0	9.77517	0	9.77517	0	9.77517	0	9.77517	0	9.77517	0	9.77517	0	9.77517	0	9.77517	0	9.77517	0	9.77517	0	9.77517	0	9.77517	0	9.77517	0	9.77517	0	9.77518	0	9.77517	0	9.77517	0	9.77517	0	9.77517	0	9.77517	0	9.77517	0	9.77517	0
9.77517	0	9.77517	0	9.77517	0	9.77517	0	9.77517	0	9.77517	0	9.77517	0	9.77517	0	9.77517	0	9.77517	0	9.77517	0	9.77517	0	9.77517	0	9.77517	0	9.77517	0	9.77517	0	9.77517	0	9.77518	0	9.77517	0	9.77517	0	9.77517	0	9.77517	0	9.77517	0	9.77517	0	9.77517	0
9.77517	0	9.77517	0	9.77517	0	9.77517	0	9.77517	0	9.77517	0	9.77517	0	9.77517	0	9.77517	0	9.77517	0	9.77517	0	9.77517	0	9.77517	0	9.77517	0	9.77517	0	9.77517	0	9.77517	0	9.77518	0	9.77517	0	9.77517	0	9.77517	0	9.77517	0	9.77517	0	9.77517	0	9.77517	0
9.77517	0	9.77517	0	9.77517	0	9.77517	0	9.77517	0	9.77517	0	9.77517	0	9.77517	0	9.77517	0	9.77517	0	9.77517	0	9.77517	0	9.77517	0	9.77517	0	9.77517	0	9.77517	0	9.77517	0	9.77518	0	9.77517	0	9.77517	0	9.77517	0	9.77517	0	9.77517	0	9.77517	0	9.77517	0
9.77517	0	9.77517	0	9.77517	0	9.77517	0	9.77517	0	9.77517	0	9.77517	0	9.77517	0	9.77517	0	9.77517	0	9.77517	0	9.77517	0	9.77517	0	9.77517	0	9.77517	0	9.77517	0	9.77517	0	9.77518	0	9.77517	0	9.77517	0	9.77517	0	9.77517	0	9.77517	0	9.77517	0	9.77517	0
9.77517	0	9.77517	0	9.77517	0	9.77517	0	9.77517	0	9.77517	0	9.77517	0	9.77517	0	9.77517	0	9.77517	0	9.77517	0	9.77517	0	9.77517	0	9.77517	0	9.77517	0	9.77517	0	9.77517	0	9.77518	0	9.77517	0	9.77517	0	9.77517	0	9.77517	0	9.77517	0	9.77517	0	9.77517	0
9.77517	0	9.77517	0	9.77517	0	9.77517	0	9.77517	0	9.77517	0	9.77517	0	9.77517	0	9.77517	0	9.77517	0	9.77517	0	9.77517	0	9.77517	0	9.77517	0	9.77517	0	9.77517	0	9.77517	0	9.77518	0	9.77517	0	9.77517	0	9.77517	0	9.77517	0	9.77517	0	9.77517	0	9.77517	0
9.77517	0	9.77517	0	9.77517	0	9.77517	0	9.77517	0	9.77517	0	9.77517	0	9.77517	0	9.77517	0	9.77517	0	9.77517	0	9.77517	0	9.77517	0	9.77517	0	9.77517	0	9.77517	0	9.77517	0	9.77518	0	9.77517	0	9.77517	0	9.77517	0	9.77517	0	9.77517	0	9.77517	0	9.77517	0
9.77517	0	9.77517	0	9.77517	0	9.77517	0	9.77517	0	9.77517	0	9.77517	0	9.77517	0	9.77517	0	9.77517	0	9.77517	0	9.77517	0	9.77517	0	9.77517	0	9.77517	0	9.77517	0	9.77517	0	9.77518	0	9.77517	0	9.77517	0	9.77517	0	9.77517	0	9.77517	0	9.77517	0	9.77517	0
9.77517	0	9.77517	0	9.77517	0	9.77517	0	9.77517	0	9.77517	0	9.77517	0	9.77517	0	9.77517	0	9.77517	0	9.77517	0	9.77517	0	9.77517	0	9.77517	0	9.77517	0	9.77517	0	9.77517	0	9.77518	0	9.77517	0	9.77517	0	9.77517	0	9.77517	0	9.77517	0	9.77517	0	9.77517	0
9.77517	0	9.77517	0	9.77517	0	9.77517	0	9.77517	0	9.77517	0	9.77517	0	9.77517	0	9.77517	0	9.77517	0	9.77517	0	9.77517	0	9.77517	0	9.77517	0	9.77517	0	9.77517	0	9.77517	0	9.77518	0	9.77517	0	9.77517	0	9.77517	0	9.77517	0	9.77517	0	9.77517	0	9.77517	0
9.77517	0	9.77517	0	9.77517	0	9.77517	0	9.77517	0	9.77517	0	9.77517	0	9.77517	0	9.77517	0	9.77517	0	9.77517	0	9.77517	0	9.77517	0	9.77517	0	9.77517	0	9.77517	0	9.77517	0	9.77518	0	9.77517	0	9.77517	0	9.77517	0	9.77517	0	9.77517	0	9.77517	0	9.77517	0
9.77517	0	9.77517	0	9.77517	0	9.77517	0	9.77517	0	9.77517	0	9.77517	0	9.77517	0	9.77517	0	9.77517	0	9.77517	0	9.77517	0	9.77517	0	9.77517	0	9.77517	0	9.77517	0	9.77517	0	9.77518	0	9.77517	0	9.77517	0	9.77517	0	9.77517	0	9.77517	0	9.77517	0	9.77517	0
9.77517	0	9.77517	0	9.77517	0	9.77517	0	9.77517	0	9.77517	0	9.77517	0	9.77517	0	9.77517	0	9.77517	0	9.77517	0	9.77517	0	9.77517	0	9.77517	0	9.77517	0	9.77517	0	9.77517	0	9.77518	0	9.77517	0	9.77517	0	9.77517	0	9.77517	0	9.77517	0	9.77517	0	9.77517	0
9.77517	0	9.77517	0	9.77517	0	9.77517	0	9.77517	0	9.77517	0	9.77517	0	9.77517	0	9.77517	0	9.77517	0	9.77517	0	9.77517	0	9.77517	0	9.77517	0	9.77517	0	9.77517	0	9.77517	0	9.77518	0	9.77517	0	9.77517	0	9.77517	0	9.77517	0	9.77517	0	9.77517	0	9.77517	0
9.77517	0	9.77517	0	9.77517	0	9.77517	0	9.77517	0	9.77517	0	9.77517	0	9.77517	0	9.77517	0	9.77517	0	9.77517	0	9.77517	0	9.77517	0	9.77517	0	9.77517	0	9.77517	0	9.77517	0	9.77518	0	9.77517	0	9.77517	0	9.77517	0	9.77517	0	9.77517	0	9.77517	0	9.77517	0
9.77517	0	9.77517	0	9.77517	0	9.77517	0	9.77517	0	9.77517	0	9.77517	0	9.77517	0	9.77517	0	9.77517	0	9.77517	0	9.77517	0	9.77517	0	9.77517	0	9.77517	0	9.77517	0	9.77517	0	9.77518	0	9.77517	0	9.77517	0	9.77517	0	9.77517	0	9.77517	0	9.77517	0	9.77517	0
9.77517	0	9.77517	0	9.77517	0	9.77517	0	9.77517	0	9.77517	0	9.77517	0	9.77517	0	9.77517	0	9.77517	0	9.77517	0	9.77517	0	9.77517	0	9.77517	0	9.77517	0	9.77517	0	9.77517	0	9.77518	0	9.77517	0	9.77517	0	9.77517	0	9.77517	0	9.77517	0	9.77517	0	9.77517	0
9.77517	0	9.77517	0	9.77517	0	9.77517	0	9.77517	0	9.77517	0	9.77517	0	9.77517	0	9.77517	0	9.77517	0	9.77517	0	9.77517	0	9.77517	0	9.77517	0	9.77517	0	9.77517	0	9.77517	0	9.77518	0	9.77517	0	9.77517	0	9.77517	0	9.77517	0	9.77517	0	9.77517	0	9.77517	0
9.77517	0	9.77517	0	9.77517	0	9.77517	0	9.77517	0	9.77517	0	9.77517	0	9.77517	0	9.77517	0	9.77517	0	9.77517	0	9.77517	0	9.77517	0	9.77517	0	9.77517	0	9.77517	0	9.77517	0	9.77518	0	9.77517	0	9.77517	0	9.77517	0	9.77517	0	9.77517	0	9.77517	0	9.77517	0
9.77517	0	9.77517	0	9.77517	0	9.77517	0	9.77517	0	9.77517	0	9.77517	0	9.77517	0	9.77517	0	9.77517	0	9.77517	0	9.77517	0	9.77517	0	9.77517	0	9.77517	0	9.77517	0	9.77517	0	9.77518	0	9.77517	0	9.77517	0	9.77517	0	9.77517	0	9.77517	0	9.77517	0	9.77517	0
9.77517	0	9.77517	0	9.77517	0	9.77517	0	9.77517	0	9.77517	0	9.77517	0	9.77517	0	9.77517	0	9.77517	0	9.77517	0	9.77517	0	9.77517	0	9.77517	0	9.77517	0	9.77517	0	9.77517	0	9.77518	0	9.77517	0	9.77517	0	9.77517	0	9.77517	0	9.77517	0	9.77517	0	9.77517	0
9.77517	0	9.77517	0	9.77517	0	9.77517	0	9.77517	0	9.77517	0	9.77517	0	9.77517	0	9.77517	0	9.77517	0	9.77517	0	9.77517	0	9.77517	0	9.77517	0	9.77517	0	9.77517	0	9.77517	0	9.77518	0	9.77517	0	9.77517	0	9.77517	0	9.77517	0	9.77517	0	9.77517	0	9.77517	0
9.77517	0	9.77517	0	9.77517	0	9.77517	0	9.77517	0	9.77517	0	9.77517	0	9.77517	0	9.77517	0	9.77517	0	9.77517	0	9.77517	0	9.77517	0	9.77517	0	9.77517	0	9.77517	0	9.77517	0	9.77518	0	9.77517	0	9.77517	0	9.77517	0	9.77517	0	9.77517	0	9.77517	0	9.77517	0
9.77517	0	9.77517	0	9.77517	0	9.77517	0	9.77517	0	9.77517	0	9.77517	0	9.77517	0	9.77517	0	9.77517	0	9.77517	0	9.77517	0	9.77517	0	9.77517	0	9.77517	0	9.77517	0	9.77517	0	9.77518	0	9.77517	0	9.77517	0	9.77517	0	9.77517	0	9.77517	0	9.77517	0	9.77517	0
9.77517	0	9.77517	0	9.77517	0	9.77517	0	9.77517	0	9.77517	0	9.77517	0	9.77517	0	9.77517	0	9.77517	0	9.77517	0	9.77517	0	9.77517	0	9.77517	0	9.77517	0	9.77517	0	9.77517	0	9.77518	0	9.77517	0	9.77517	0	9.77517	0	9.77517	0	9.77517	0	9.77517	0	9.77517	0
9.77517	0	9.77517	0	9.77517	0	9.77517	0	9.77517	0	9.77517	0	9.77517	0	9.77517	0	9.77517	0	9.77517	0	9.77517	0	9.77517	0	9.77517	0	9.77517	0	9.77517	0	9.77517	0	9.77517	0	9.77517	0	9.77517	0	9.77517	0	9.77517	0	9.77517	0	9.77517	0	9.77517	0	9.77517	0
9.77517	0	9.77517	0	9.77517	0	9.77517	0	9.77517	0	9.77517	0	9.77517	0	9.77517	0	9.77517	0	9.77517	0	9.77517	0	9.77517	0	9.77517	0	9.77517	0	9.77517	0	9.77517	0	9.77517	0	9.77517	0	9.77517	0	9.77517	0	9.77517	0	9.77517	0	9.77517	0	9.77517	0	9.77517	0
9.77517	0	9.77517	0	9.77517	0	9.77517	0	9.77517	0	9.77517	0	9.77517	0	9.77517	0	9.77517	0	9.77517	0	9.77517	0	9.77517	0	9.77517	0	9.77517	0	9.77517	0	9.77517	0	9.77517	0	9.77517	0	9.77517	0	9.77517	0	9.77517	0	9.77517	0	9.77517	0	9.77517	0	9.77517	0
9.77517	0	9.77517	0	9.77517	0	9.77517	0	9.77517	0	9.77517	0	9.77517	0	9.77517	0	9.77517	0	9.77517	0	9.77517	0	9.77517	0	9.77517	0	9.77517	0	9.77517	0	9.77517	0	9.77517	0	9.77517	0	9.77517	0	9.77517	0	9.77517	0	9.77517	0	9.77517	0	9.77517	0	9.77517	0
9.77517	0	9.77517	0	9.77517	0	9.77517	0	9.77517	0	9.77517	0	9.77517	0	9.77517	0	9.77517	0	9.77517	0	9.77517	0	9.77517	0	9.77517	0	9.77517	0	9.77517	0	9.77517	0	9.77517	0	9.77517	0	9.77517	0	9.77517	0	9.77517	0	9.77517	0	9.77517	0	9.77517	0	9.77517	0
9.77517	0	9.77517	0	9.77517	0	9.77517	0	9.77517	0	9.77517	0	9.77517	0	9.77517	0	9.77517	0	9.77517	0	9.77517	0	9.77517	0	9.77517	0	9.77517	0	9.77517	0	9.77517	0	9.77517	0	9.77517	0	9.77517	0	9.77517	0	9.77517	0	9.77517	0	9.77517	0	9.77517	0	9.77517	0
9.77517	0	9.77517	0	9.77517	0	9.77517	0	9.77517	0	9.77517	0	9.77517	0	9.77517	0	9.77517	0	9.77517	0	9.77517	0	9.77517	0	9.77517	0	9.77517	0	9.77517	0	9.77517	0	9.77517	0	9.77517	0	9.77517	0	9.77517	0	9.77517	0	9.77517	0	9.77517	0	9.77517	0	9.77517	0
9.77517	0	9.77517	0	9.77517	0	9.77517	0	9.77517	0	9.77517	0	9.77517	0	9.77517	0	9.77517	0	9.77517	0	9.77517	0	9.77517	0	9.77517	0	9.77517	0	9.77517	0	9.77517	0	9.77517	0	9.77517	0	9.77517	0	9.77517	0	9.77517	0	9.77517	0	9.77517	0	9.77517	0	9.77517	0
9.77517	0	9.77517	0	9.77517	0	9.77517	0	9.77517	0	9.77517	0	9.77517	0	9.77517	0	9.77517	0	9.77517	0	9.77517	0	9.77517	0	9.77517	0	9.77517	0	9.77517	0	9.77517	0	9.77517	0	9.77517	0	9.77517	0	9.77517	0	9.77517	0	9.77517	0	9.77517	0	9.77517	0	9.77517	0
9.77517	0	9.77517	0	9.77517	0	9.77517	0	9.77517	0	9.77517	0	9.77517	0	9.77517	0	9.77517	0	9.77517	0	9.77517	0	9.77517	0	9.77517	0	9.77517	0	9.77517	0	9.77517	0	9.77517	0	9.77517	0	9.77517	0	9.77517	0	9.77517	0	9.77517	0	9.77517	0	9.77517	0	9.77517	0
9.77517	0	9.77517	0	9.77517	0	9.77517	0	9.77517	0	9.77517	0	9.77517	0	9.77517	0	9.77517	0	9.77517	0	9.77517	0	9.77517	0	9.77517	0	9.77517	0	9.77517	0	9.77517	0	9.77517	0	9.77517	0	9.77517	0	9.77517	0	9.77517	0	9.77517	0	9.77517	0	9.77517	0	9.77517	0
9.77517	0	9.77517	0	9.77517	0	9.77517	0	9.77517	0	9.77517	0	9.77517	0	9.77517	0	9.77517	0	9.77517	0	9.77517	0	9.77517	0	9.77517	0	9.77517	0	9.77517	0	9.77517	0	9.77517	0	9.77517	0	9.77517	0	9.77517	0	9.77517	0	9.77517	0	9.77517	0	9.77517	0	9.77517	0
9.77517	0	9.77517	0	9.77517	0	9.77517	0	9.77517	0	9.77517	0	9.77517	0	9.77517	0	9.77517	0	9.77517	0	9.77517	0	9.77517	0	9.77517	0	9.77517	0	9.77517	0	9.77517	0	9.77517	0	9.77517	0	9.77517	0	9.77517	0	9.77517	0	9.77517	0	9.77517	0	9.77517	0	9.77517	0
9.77517	0	9.77517	0	9.77517	0	9.77517	0	9.77517	0	9.77517	0	9.77517	0	9.77517	0	9.77517	0	9.77517	0	9.77517	0	9.77517	0	9.77517	0	9.77517	0	9.77517	0	9.77517	0	9.77517	0	9.77517	0	9.77517	0	9.77517	0	9.77517	0	9.77517	0	9.77517	0	9.77517	0	9.77517	0
9.77517	0	9.77517	0	9.77517	0	9.77517	0	9.77517	0	9.77517	0	9.77517	0	9.77517	0	9.77517	0	9.77517	0	9.77517	0	9.77517	0	9.77517	0	9.77517	0	9.77517	0	9.77517	0	9.77517	0	9.77517	0	9.77517	0	9.77517	0	9.77517	0	9.77517	0	9.77517	0	9.77517	0	9.77517	0
9.77517	0	9.77517	0	9.77517	0	9.77517	0	9.77517	0	9.77517	0	9.77517	0	9.77517	0	9.77517	0	9.77517	0	9.77517	0	9.77517	0	9.77517	0	9.77517	0	9.77517	0	9.77517	0	9.77517	0	9.77517	0	9.77517	0	9.77517	0	9.77517	0	9.77517	0	9.77517	0	9.77517	0	9.77517	0
9.77517	0	9.77517	0	9.77517	0	9.77517	0	9.77517	0	9.77517	0	9.77517	0	9.77517	0	9.77517	0	9.77517	0	9.77517	0	9.77517	0	9.77517	0	9.77517	0	9.77517	0	9.77517	0	9.77517	0	9.77517	0	9.77517	0	9.77517	0	9.77517	0	9.77517	0	9.77517	0	9.77517	0	9.77517	0
9.77517	0	9.77517	0	9.77517	0	9.77517	0	9.77517	0	9.77517	0	9.77517	0	9.77517	0	9.77517	0	9.77517	0	9.77517	0	9.77517	0	9.77517	0	9.77517	0	9.77517	0	9.77517	0	9.77517	0	9.77517	0	9.77517	0	9.77517	0	9.77517	0	9.77517	0	9.77517	0	9.77517	0	9.77517	0
9.77517	0	9.77517	0	9.77517	0	9.77517	0	9.77517	0	9.77517	0	9.77517	0	9.77517	0	9.77517	0	9.77517	0	9.77517	0	9.77517	0	9.77517	0	9.77517	0	9.77517	0	9.77517	0	9.77517	0	9.77517	0	9.77517	0	9.77517	0	9.77517	0	9.77517	0	9.77517	0	9.77517	0	9.77517	0
9.77517	0	9.77517	0	9.77517	0	9.77517	0	9.77517	0	9.77517	0	9.77517	0	9.77517	0	9.77517	0	9.77517	0	9.77517	0	9.77517	0	9.77517	0	9.77517	0	9.77517	0	9.77517	0	9.77517	0	9.77517	0	9.77517	0	9.77517	0	9.77517	0	9.77517	0	9.77517	0	9.77517	0	9.77517	0
9.77517	0	9.77517	0	9.77517	0	9.77517	0	9.77517	0	9.77517	0	9.77517	0	9.77517	0	9.77517	0	9.77517	0	9.77517	0	9.77517	0	9.77517	0	9.77517	0	9.77517	0	9.77517	0	9.77517	0	9.77517	0	9.77517	0	9.77517	0	9.77517	0	9.77517	0	9.77517	0	9.77517	0	9.77517	0
9.77517	0	9.77517	0	9.77517	0	9.77517	0	9.77517	0	9.77517	0	9.77517	0	9.77517	0	9.77517	0	9.77517	0	9.77517	0	9.77517	0	9.77517	0	9.77517	0	9.77517	0	9.77517	0	9.77517	0	9.77517	0	9.77517	0	9.77517	0	9.77517	0	9.77517	0	9.77517	0	9.77517	0	9.77517	0
9.77517	0	9.77517	0	9.77517	0	9.77517	0	9.77517	0	9.77517	0	9.77517	0	9.77517	0	9.77517	0	9.77517	0	9.77517	0	9.77517	0	9.77517	0	9.77517	0	9.77517	0	9.77517	0	9.77517	0	9.77517	0	9.77517	0	9.77517	0	9.77517	0	9.77517	0	9.77517	0	9.77517	0	9.77517	0
9.77517	0	9.77517	0	9.77517	0	9.77517	0	9.77517	0	9.77517	0	9.77517	0	9.77517	0	9.77517	0	9.77517	0	9.77517	0	9.77517	0	9.77517	0	9.77517	0	9.77517	0	9.77517	0	9.77517	0	9.77517	0	9.77517	0	9.77517	0	9.77517	0	9.77517	0	9.77517	0	9.77517	0	9.77517	0
9.77517	0	9.77517	0	9.77517	0	9.77517	0	9.77517	0	9.77517	0	9.77517	0	9.77517	0	9.77517	0	9.77517	0	9.77517	0	9.77517	0	9.77517	0	9.77517	0	9.77517	0	9.77517	0	9.77517	0	9.77517	0	9.77517	0	9.77517	0	9.77517	0	9.77517	0	9.77517	0	9.77517	0	9.77517	0
9.77517	0	9.77517	0	9.77517	0	9.77517	0	9.77517	0	9.77517	0	9.77517	0	9.77517	0	9.77517	0	9.77517	0	9.77517	0	9.77517	0	9.77517	0	9.77517	0	9.77517	0	9.77517	0	9.77517	0	9.77517	0	9.77517	0	9.77517	0	9.77517	0	9.77517	0	9.77517	0	9.77517	0	9.77517	0
9.77517	0	9.77517	0	9.77517	0	9.77517	0	9.77517	0	9.77517	0	9.77517	0	9.77517	0	9.77517	0	9.77517	0	9.77517	0	9.77517	0	9.77517	0	9.77517	0	9.77517	0	9.77517	0	9.77517	0	9.77517	0	9.77517	0	9.77517	0	9.77517	0	9.77517	0	9.77517	0	9.77517	0	9.77517	0
9.77517	0	9.77517	0	9.77517	0	9.77517	0	9.77517	0	9.77517	0	9.77517	0	9.77517	0	9.77517	0	9.77517	0	9.77517	0	9.77517	0	9.77517	0	9.77517	0	9.77517	0	9.77517	0	9.77517	0	9.77517	0	9.77517	0	9.77517	0	9.77517	0	9.77517	0	9.77517	0	9.77517	0	9.77517	0
9.77517	0	9.77517	0	9.77517	0	9.77517	0	9.77517	0	9.77517	0	9.77517	0	9.77517	0	9.77517	0	9.77517	0	9.77517	0	9.77517	0	9.77517	0	9.77517	0	9.77517	0	9.77517	0	9.77517	0	9.77517	0	9.77517	0	9.77517	0	9.77517	0	9.77517	0	9.77517	0	9.77517	0	9.77517	0
9.77517	0	9.77517	0	9.77517	0	9.77517	0	9.77517	0	9.77517	0	9.77517	0	9.77517	0	9.77517	0	9.77517	0	9.77517	0	9.77517	0	9.77517	0	9.77517	0	9.77517	0	9.77517	0	9.77517	0	9.77517	0	9.77517	0	9.77517	0	9.77517	0	9.77517	0	9.77517	0	9.77517	0	9.77517	0
9.77517	0	9.77517	0	9.77517	0	9.77517	0	9.77517	0	9.77517	0	9.77517	0	9.77517	0	9.77517	0	9.77517	0	9.77517	0	9.77517	0	9.77517	0	9.77517	0	9.77517	0	9.77517	0	9.77517	0	9.77517	0	9.77517	0	9.77517	0	9.77517	0	9.77517	0	9.77517	0	9.77517	0	9.77517	0
9.77517	0	9.77517	0	9.77517	0	9.77517	0	9.77517	0	9.77517	0	9.77517	0	9.77517	0	9.77517	0	9.77517	0	9.77517	0	9.77517	0	9.77517	0	9.77517	0	9.77517	0	9.77517	0	9.77517	0	9.77517	0	9.77517	0	9.77517	0	9.77517	0	9.77517	0	9.77517	0	9.77517	0	9.77517	0
9.77517	0	9.77517	0	9.77517	0	9.77517	0	9.77517	0	9.77517	0	9.77517	0	9.77517	0	9.77517	0	9.77517	0	9.77517	0	9.77517	0	9.77517	0	9.77517	0	9.77517	0	9.77517	0	9.77517	0	9.77517	0	9.77517	0	9.77517	0	9.77517	0	9.77517	0	9.77517	0	9.77517	0	9.77517	0
9.77517	0	9.77517	0	9.77517	0	9.77517	0	9.77517	0	9.77517	0	9.77517	0	9.77517	0	9.77517	0	9.77517	0	9.77517	0	9.77517	0	9.77517	0	9.77517	0	9.77517	0	9.77517	0	9.77517	0	9.77517	0	9.77517	0	9.77517	0	9.77517	0	9.77517	0	9.77517	0	9.77517	0	9.77517	0
9.77517	0	9.77517	0	9.77517	0	9.77517	0	9.77517	0	9.77517	0	9.77517	0	9.77517	0	9.77517	0	9.77517	0	9.77517	0	9.77517	0	9.77517	0	9.77517	0	9.77517	0	9.77517	0	9.77517	0	9.77517	0	9.77517	0	9.77517	0	9.77517	0	9.77517	0	9.77517	0	9.77517	0	9.77517	0
9.77517	0	9.77517	0	9.77517	0	9.77517	0	9.77517	0	9.77517	0	9.77517	0	9.77517	0	9.77517	0	9.77517	0	9.77517	0	9.77517	0	9.77517	0	9.77517	0	9.77517	0	9.77517	0	9.77517	0	9.77517	0	9.77517	0	9.77517	0	9.77517	0	9.77517	0	9.77517	0	9.77517	0	9.77517	0
9.77517	0	9.77517	0	9.77517	0	9.77517	0	9.77517	0	9.77517	0	9.77517	0	9.77517	0	9.77517	0	9.77517	0	9.77517	0	9.77517	0	9.77517	0	9.77517	0	9.77517	0	9.77517	0	9.77517	0	9.77517	0	9.77517	0	9.77517	0	9.77517	0	9.77517	0	9.77517	0	9.77517	0	9.77517	0
9.77517	0	9.77517	0	9.77517	0	9.77517	0	9.77517	0	9.77517	0	9.77517	0	9.77517	0	9.77517	0	9.77517	0	9.77517	0	9.77517	0	9.77517	0	9.77517	0	9.77517	0	9.77517	0	9.77517	0	9.77517	0	9.77517	0	9.77517	0	9.77517	0	9.77517	0	9.77517	0	9.77517	0	9.77517	0
9.77517	0	9.77517	0	9.77517	0	9.77517	0	9.77517	0	9.77517	0	9.77517	0	9.77517	0	9.77517	0	9.77517	0	9.77517	0	9.77517	0	9.77517	0	9.77517	0	9.77517	0	9.77517	0	9.77517	0	9.77517	0	9.77517	0	9.77517	0	9.77517	0	9.77517	0	9.77517	0	9.77517	0	9.77517	0
9.77517	0	9.77517	0	9.77517	0	9.77517	0	9.77517	0	9.77517	0	9.77517	0	9.77517	0	9.77517	0	9.77517	0	9.77517	0	9.77517	0	9.77517	0	9.77517	0	9.77517	0	9.77517	0	9.77517	0	9.77517	0	9.77517	0	9.77517	0	9.77517	0	9.77517	0	9.77517	0	9.77517	0	9.77517	0
9.77517	0	9.77517	0	9.77517	0	9.77517	0	9.77517	0	9.77517	0	9.77517	0	9.77517	0	9.77517	0	9.77517	0	9.77517	0	9.77517	0	9.77517	0	9.77517	0	9.77517	0	9.77517	0	9.77517	0	9.77517	0	9.77517	0	9.77517	0	9.77517	0	9.77517	0	9.77517	0	9.77517	0	9.77517	0
9.77517	0	9.77517	0	9.77517	0	9.77517	0	9.77517	0	9.77517	0	9.77517	0	9.77517	0	9.77517	0	9.77517	0	9.77517	0	9.77517	0	9.77517	0	9.77517	0	9.77517	0	9.77517	0	9.77517	0	9.77517	0	9.77517	0	9.77517	0	9.77517	0	9.77517	0	9.77517	0	9.77517	0	9.77517	0
9.77517	0	9.77517	0	9.77517	0	9.77517	0	9.77517	0	9.77517	0	9.77517	0	9.77517	0	9.77517	0	9.77517	0	9.77517	0	9.77517	0	9.77517	0	9.77517	0	9.77517	0	9.77517	0	9.77517	0	9.77517	0	9.77517	0	9.77517	0	9.77517	0	9.77517	0	9.77517	0	9.77517	0	9.77517	0
9.77517	0	9.77517	0	9.77517	0	9.77517	0	9.77517	0	9.77517	0	9.77517	0	9.77517	0	9.77517	0	9.77517	0	9.77517	0	9.77517	0	9.77517	0	9.77517	0	9.77517	0	9.77517	0	9.77517	0	9.77517	0	9.77517	0	9.77517	0	9.77517	0	9.77517	0	9.77517	0	9.77517	0	9.77517	0
9.77517	0	9.77517	0	9.77517	0	9.77517	0	9.77517	0	9.77517	0	9.77517	0	9.77517	0	9.77517	0	9.77517	0	9.77517	0	9.77517	0	9.77517	0	9.77517	0	9.77517	0	9.77517	0	9.77517	0	9.77517	0	9.77517	0	9.77517	0	9.77517	0	9.77517	0	9.77517	0	9.77517	0	9.77517	0
9.77517	0	9.77517	0	9.77517	0	9.77517	0	9.77517	0	9.77517	0	9.77517	0	9.77517	0	9.77517	0	9.77517	0	9.77517	0	9.77517	0	9.77517	0	9.77517	0	9.77517	0	9.77517	0	9.77517	0	9.77517	0	9.77517	0	9.77517	0	9.77517	0	9.77517	0	9.77517	0	9.77517	0	9.77517	0
9.77517	0	9.77517	0	9.77517	0	9.77517	0	9.77517	0	9.77517	0	9.77517	0	9.77517	0	9.77517	0	9.77517	0	9.77517	0	9.77517	0	9.77517	0	9.77517	0	9.77517	0	9.77517	0	9.77517	0	9.77517	0	9.77517	0	9.77517	0	9.77517	0	9.77517	0	9.77517	0	9.77517	0	9.77517	0
9.77517	0	9.77517	0	9.77517	0	9.77517	0	9.77517	0	9.77517	0	9.77517	0	9.77517	0	9.77517	0	9.77517	0	9.77517	0	9.77517	0	9.77517	0	9.77517	0	9.77517	0	9.77517	0	9.77517	0	9.77517	0	9.77517	0	9.77517	0	9.77517	0	9.77517	0	9.77517	0	9.77517	0	9.77517	0
9.77517	0	9.77517	0	9.77517	0	9.77517	0	9.77517	0	9.77517	0	9.77517	0	9.77517	0	9.77517	0	9.77517	0	9.77517	0	9.77517	0	9.77517	0	9.77517	0	9.77517	0	9.77517	0	9.77517	0	9.77517	0	9.77517	0	9.77517	0	9.77517	0	9.77517	0	9.77517	0	9.77517	0	9.77517	0
9.77517	0	9.77517	0	9.77517	0	9.77517	0	9.77517	0	9.77517	0	9.77517	0	9.77517	0	9.77517	0	9.77517	0	9.77517	0	9.77517	0	9.77517	0	9.77517	0	9.77517	0	9.77517	0	9.77517	0	9.77517	0	9.77517	0	9.77517	0	9.77517	0	9.77517	0	9.77517	0	9.77517	0	9.77517	0
9.77517	0	9.77517	0	9.77517	0	9.77517	0	9.77517	0	9.77517	0	9.77517	0	9.77517	0	9.77517	0	9.77517	0	9.77517	0	9.77517	0	9.77517	0	9.77517	0	9.77517	0	9.77517	0	9.77517	0	9.77517	0	9.77517	0	9.77517	0	9.77517	0	9.77517	0	9.77517	0	9.77517	0	9.77517	0
9.77517	0	9.77517	0	9.77517	0	9.77517	0	9.77517	0	9.77517	0	9.77517	0	9.77517	0	9.77517	0	9.77517	0	9.77517	0	9.77517	0	9.77517	0	9.77517	0	9.77517	0	9.77517	0	9.77517	0	9.77517	0	9.77517	0	9.77517	0	9.77517	0	9.77517	0	9.77517	0	9.77517	0	9.77517	0
9.77517	0	9.77517	0	9.77517	0	9.77517	0	9.77517	0	9.77517	0	9.77517	0	9.77517	0	9.77517	0	9.77517	0	9.77517	0	9.77517	0	9.77517	0	9.77517	0	9.77517	0	9.77517	0	9.77517	0	9.77517	0	9.77517	0	9.77517	0	9.77517	0	9.77517	0	9.77517	0	9.77517	0	9.77517	0
9.77517	0	9.77517	0	9.77517	0	9.77517	0	9.77517	0	9.77517	0	9.77517	0	9.77517	0	9.77517	0	9.77517	0	9.77517	0	9.77517	0	9.77517	0	9.77517	0	9.77517	0	9.77517	0	9.77517	0	9.77517	0	9.77517	0	9.77517	0	9.77517	0	9.77517	0	9.77517	0	9.77517	0	9.77517	0
9.77517	0	9.77517	0	9.77517	0	9.77517	0	9.77517	0	9.77517	0	9.77517	0	9.77517	0	9.77517	0	9.77517	0	9.77517	0	9.77517	0	9.77517	0	9.77517	0	9.77517	0	9.77517	0	9.77517	0	9.77517	0	9.77517	0	9.77517	0	9.77517	0	9.77517	0	9.77517	0	9.77517	0	9.77517	0
9.77517	0	9.77517	0	9.77517	0	9.77517	0	9.77517	0	9.77517	0	9.77517	0	9.77517	0	9.77517	0	9.77517	0	9.77517	0	9.77517	0	9.77517	0	9.77517	0	9.77517	0	9.77517	0	9.77517	0	9.77517	0	9.77517	0	9.77517	0	9.77517	0	9.77517	0	9.77517	0	9.77517	0	9.77517	0
9.77517	0	9.77517	0	9.77517	0	9.77517	0	9.77517	0	9.77517	0	9.77517	0	9.77517	0	9.77517	0	9.77517	0	9.77517	0	9.77517	0	9.77517	0	9.77517	0	9.77517	0	9.77517	0	9.77517	0	9.77517	0	9.77517	0	9.77517	0	9.77517	0	9.77517	0	9.77517	0	9.77517	0	9.77517	0
9.77517	0	9.77517	0	9.77517	0	9.77517	0	9.77517	0	9.77517	0	9.77517	0	9.77517	0	9.77517	0	9.77517	0	9.77517	0	9.77517	0	9.77517	0	9.77517	0	9.77517	0	9.77517	0	9.77517	0	9.77517	0	9.77517	0	9.77517	0	9.77517	0	9.77517	0	9.77517	0	9.77517	0	9.77517	0
9.77517	0	9.77517	0	9.77517	0	9.77517	0	9.77517	0	9.77517	0	9.77517	0	9.77517	0	9.77517	0	9.77517	0	9.77517	0	9.77517	0	9.77517	0	9.77517	0	9.77517	0	9.77517	0	9.77517	0	9.77517	0	9.77517	0	9.77517	0	9.77517	0	9.77517	0	9.77517	0	9.77517	0	9.77517	0
9.77517	0	9.77517	0	9.77517	0	9.77517	0	9.77517	0	9.77517	0	9.77517	0	9.77517	0	9.77517	0	9.77517	0	9.77517	0	9.77517	0	9.77517	0	9.77517	0	9.77517	0	9.77517	0	9.77517	0	9.77517	0	9.77517	0	9.77517	0	9.77517	0	9.77517	0	9.77517	0	9.77517	0	9.77517	0
9.77517	0	9.77517	0	9.77517	0	9.77517	0	9.77517	0	9.77517	0	9.77517	0	9.77517	0	9.77517	0	9.77517	0	9.77517	0	9.77517	0	9.77517	0	9.77517	0	9.77517	0	9.77517	0	9.77517	0	9.77517	0	9.77517	0	9.77517	0	9.77517	0	9.77517	0	9.77517	0	9.77517	0	9.77517	0
9.77517	0	9.77517	0	9.77517	0	9.77517	0	9.77517	0	9.77517	0	9.77517	0	9.77517	0	9.77517	0	9.77517	0	9.77517	0	9.77517	0	9.77517	0	9.77517	0	9.77517	0	9.77517	0	9.77517	0	9.77517	0	9.77517	0	9.77517	0	9.77517	0	9.77517	0	9.77517	0	9.77517	0	9.77517	0
9.77517	0	9.77517	0	9.77517	0	9.77517	0	9.77517	0	9.77517	0	9.77517	0	9.77517	0	9.77517	0	9.77517	0	9.77517	0	9.77517	0	9.77517	0	9.77517	0	9.77517	0	9.77517	0	9.77517	0	9.77517	0	9.77517	0	9.77517	0	9.77517	0	9.77517	0	9.77517	0	9.77517	0	9.77517	0
9.77517	0	9.77517	0	9.77517	0	9.77517	0	9.77517	0	9.77517	0	9.77517	0	9.77517	0	9.77517	0	9.77517	0	9.77517	0	9.77517	0	9.77517	0	9.77517	0	9.77517	0	9.77517	0	9.77517	0	9.77517	0	9.77517	0	9.77517	0	9.77517	0	9.77517	0	9.77517	0	9.77517	0	9.77517	0
9.77517	0	9.77273	0	9.77273	0	9.77273	0	9.77273	0	9.77273	0	9.77273	0	9.77274	0	9.77273	0	9.77273	0	9.77517	0	9.77273	0	9.77273	0	9.77517	0	9.77273	0	9.77273	0	9.77273	0	9.77517	0	9.77274	0	9.77273	0	9.77274	0	9.77273	0	9.77273	0	9.77273	0	9.77273	0
9.77517	0	9.77258	0	9.77258	0	9.77258	0	9.77258	0	9.77258	0	9.77258	0	9.77258	0	9.77258	0	9.77258	0	9.77517	0	9.77258	0	9.77258	0	9.77517	0	9.77258	0	9.77258	0	9.77258	0	9.77517	0	9.77258	0	9.77258	0	9.77259	0	9.77258	0	9.77258	0	9.77258	0	9.77258	0
9.77517	0	9.77517	0	9.77517	0	9.77517	0	9.77517	0	9.77517	0	9.77517	0	9.77517	0	9.77517	0	9.77517	0	9.77517	0	9.77517	0	9.77517	0	9.77517	0	9.77517	0	9.77254	0	9.77517	0	9.77517	0	9.77517	0	9.77517	0	9.77517	0	9.77517	0	9.77254	0	9.77517	0	9.77517	0
9.77517	0	9.77517	0	9.77517	0	9.77517	0	9.77517	0	9.77517	0	9.77517	0	9.77517	0	9.77517	0	9.77517	0	9.77517	0	9.77517	0	9.77517	0	9.77517	0	9.77517	0	9.77254	0	9.77517	0	9.77517	0	9.77517	0	9.77517	0	9.77517	0	9.77517	0	9.77254	0	9.77517	0	9.77517	0
9.77517	0	9.77517	0	9.77517	0	9.77517	0	9.77517	0	9.77517	0	9.77517	0	9.77517	0	9.77517	0	9.77517	0	9.77517	0	9.77517	0	9.77517	0	9.77517	0	9.77517	0	9.77254	0	9.77517	0	9.77517	0	9.77517	0	9.77517	0	9.77517	0	9.77517	0	9.77254	0	9.77517	0	9.77517	0
9.77517	0	9.77517	0	9.77273	0	9.77517	0	9.77517	0	9.77517	0	9.77273	0	9.77517	0	9.77517	0	9.77273	0	9.77517	0	9.77517	0	9.77517	0	9.77517	0	9.77273	0	9.77254	0	9.77273	0	9.77517	0	9.77274	0	9.77517	0	9.77274	0	9.77273	0	9.77254	0	9.77273	0	9.77517	0
9.77517	0	9.77273	0	9.77517	0	9.77273	0	9.77273	0	9.77273	0	9.77517	0	9.77274	0	9.77273	0	9.77517	0	9.77517	0	9.77273	0	9.77273	0	9.77517	0	9.77517	0	9.77254	0	9.77517	0	9.77517	0	9.77517	0	9.77273	0	9.77517	0	9.77517	0	9.77254	0	9.77517	0	9.77273	0
9.77517	0	9.77517	0	9.77517	0	9.77517	0	9.77517	0	9.77517	0	9.77517	0	9.77517	0	9.77517	0	9.77517	0	9.77517	0	9.77254	0	9.77517	0	9.77517	0	9.77517	0	9.77254	0	9.77517	0	9.77517	0	9.77517	0	9.77517	0	9.77517	0	9.77517	0	9.77254	0	9.77517	0	9.77517	0
9.77517	0	9.77517	0	9.77517	0	9.77517	0	9.77517	0	9.77517	0	9.77517	0	9.77517	0	9.77517	0	9.77517	0	9.77517	0	9.77517	0	9.77517	0	9.77517	0	9.77517	0	9.77254	0	9.77517	0	9.77517	0	9.77517	0	9.77517	0	9.77517	0	9.77517	0	9.77254	0	9.77517	0	9.77517	0
9.77517	0	9.77517	0	9.77517	0	9.77517	0	9.77517	0	9.77517	0	9.77517	0	9.77517	0	9.77517	0	9.77517	0	9.77517	0	9.77517	0	9.77517	0	9.77517	0	9.77517	0	9.77254	0	9.77517	0	9.77517	0	9.77517	0	9.77517	0	9.77517	0	9.77517	0	9.77254	0	9.77517	0	9.77517	0
9.77517	0	9.77517	0	9.77517	0	9.77517	0	9.77517	0	9.77517	0	9.77517	0	9.77517	0	9.77517	0	9.77517	0	9.77517	0	9.77517	0	9.77517	0	9.77517	0	9.77517	0	9.77254	0	9.77517	0	9.77517	0	9.77517	0	9.77517	0	9.77517	0	9.77517	0	9.77254	0	9.77517	0	9.77517	0
9.77517	0	9.77517	0	9.77517	0	9.77517	0	9.77517	0	9.77517	0	9.77517	0	9.77517	0	9.77517	0	9.77517	0	9.77517	0	9.77517	0	9.77517	0	9.77517	0	9.77517	0	9.77254	0	9.77517	0	9.77517	0	9.77517	0	9.77517	0	9.77517	0	9.77517	0	9.77254	0	9.77517	0	9.77517	0
9.77517	0	9.77517	0	9.77517	0	9.77517	0	9.77517	0	9.77517	0	9.77517	0	9.77517	0	9.77517	0	9.77517	0	9.77517	0	9.77517	0	9.77517	0	9.77517	0	9.77517	0	9.77254	0	9.77517	0	9.77517	0	9.77517	0	9.77517	0	9.77517	0	9.77517	0	9.77254	0	9.77517	0	9.77517	0
9.77517	0	9.77517	0	9.77517	0	9.77517	0	9.77517	0	9.77517	0	9.77517	0	9.77517	0	9.77517	0	9.77517	0	9.77517	0	9.77517	0	9.77517	0	9.77517	0	9.77517	0	9.77254	0	9.77517	0	9.77517	0	9.77517	0	9.77517	0	9.77517	0	9.77517	0	9.77254	0	9.77517	0	9.77517	0
9.77517	0	9.77517	0	9.77517	0	9.77517	0	9.77517	0	9.77517	0	9.77517	0	9.77517	0	9.77517	0	9.77517	0	9.77517	0	9.77517	0	9.77517	0	9.77517	0	9.77517	0	9.77254	0	9.77517	0	9.77517	0	9.77517	0	9.77517	0	9.77517	0	9.77517	0	9.77254	0	9.77517	0	9.77517	0
9.77517	0	9.77517	0	9.77517	0	9.77517	0	9.77517	0	9.77517	0	9.77517	0	9.77517	0	9.77517	0	9.77517	0	9.77517	0	9.77517	0	9.77517	0	9.77517	0	9.77517	0	9.77254	0	9.77517	0	9.77517	0	9.77517	0	9.77517	0	9.77517	0	9.77517	0	9.77254	0	9.77517	0	9.77517	0
9.77517	0	9.77517	0	9.77517	0	9.77517	0	9.77517	0	9.77517	0	9.77517	0	9.77517	0	9.77517	0	9.77517	0	9.77517	0	9.77517	0	9.77517	0	9.77517	0	9.77517	0	9.77254	0	9.77517	0	9.77517	0	9.77517	0	9.77517	0	9.77517	0	9.77517	0	9.77254	0	9.77517	0	9.77517	0
9.77517	0	9.77517	0	9.77517	0	9.77517	0	9.77517	0	9.77517	0	9.77517	0	9.77517	0	9.77517	0	9.77517	0	9.77517	0	9.77517	0	9.77517	0	9.77517	0	9.77517	0	9.77254	0	9.77517	0	9.77517	0	9.77517	0	9.77517	0	9.77517	0	9.77517	0	9.77254	0	9.77517	0	9.77517	0
9.77517	0	9.77517	0	9.77517	0	9.77517	0	9.77517	0	9.77517	0	9.77517	0	9.77517	0	9.77517	0	9.77517	0	9.77517	0	9.77517	0	9.77517	0	9.77517	0	9.77517	0	9.77254	0	9.77517	0	9.77517	0	9.77517	0	9.77517	0	9.77517	0	9.77517	0	9.77254	0	9.77517	0	9.77517	0
9.77517	0	9.77517	0	9.77517	0	9.77517	0	9.77517	0	9.77517	0	9.77517	0	9.77517	0	9.77517	0	9.77517	0	9.77517	0	9.77517	0	9.77517	0	9.77517	0	9.77517	0	9.77254	0	9.77517	0	9.77517	0	9.77517	0	9.77517	0	9.77517	0	9.77517	0	9.77254	0	9.77517	0	9.77517	0
9.77274	0	9.77517	0	9.77517	0	9.77517	0	9.77517	0	9.77517	0	9.77517	0	9.77517	0	9.77517	0	9.77517	0	9.77517	0	9.77517	0	9.77517	0	9.77517	0	9.77517	0	9.77254	0	9.77517	0	9.77517	0	9.77517	0	9.77517	0	9.77517	0	9.77517	0	9.77254	0	9.77517	0	9.77517	0
9.77517	0	9.77517	0	9.77517	0	9.77517	0	9.77517	0	9.77517	0	9.77517	0	9.77517	0	9.77517	0	9.77517	0	9.77517	0	9.77517	0	9.77517	0	9.77517	0	9.77517	0	9.77254	0	9.77517	0	9.77517	0	9.77517	0	9.77517	0	9.77517	0	9.77517	0	9.77254	0	9.77517	0	9.77517	0
9.77517	0	9.77517	0	9.77517	0	9.77517	0	9.77517	0	9.77517	0	9.77517	0	9.77517	0	9.77517	0	9.77517	0	9.77517	0	9.77517	0	9.77517	0	9.77273	0	9.77517	0	9.77254	0	9.77517	0	9.77517	0	9.77517	0	9.77517	0	9.77517	0	9.77517	0	9.77254	0	9.77517	0	9.77517	0
9.77517	0	9.77517	0	9.77517	0	9.77517	0	9.77517	0	9.77517	0	9.77517	0	9.77517	0	9.77517	0	9.77517	0	9.77517	0	9.77517	0	9.77517	0	9.77254	0	9.77517	0	9.77254	0	9.77517	0	9.77517	0	9.77517	0	9.77517	0	9.77517	0	9.77517	0	9.77254	0	9.77517	0	9.77517	0
9.77274	0	9.77517	0	9.77517	0	9.77517	0	9.77517	0	9.77517	0	9.77517	0	9.77517	0	9.77517	0	9.77517	0	9.77517	0	9.77517	0	9.77517	0	9.77517	0	9.77517	0	9.77254	0	9.77517	0	9.77517	0	9.77517	0	9.77517	0	9.77517	0	9.77517	0	9.77254	0	9.77517	0	9.77517	0
9.77255	0	9.77517	0	9.77517	0	9.77517	0	9.77517	0	9.77517	0	9.77517	0	9.77517	0	9.77517	0	9.77517	0	9.77517	0	9.77517	0	9.77517	0	9.77517	0	9.77517	0	9.77254	0	9.77517	0	9.77517	0	9.77517	0	9.77517	0	9.77517	0	9.77517	0	9.77254	0	9.77517	0	9.77517	0
9.77517	0	9.77517	0	9.77517	0	9.77517	0	9.77517	0	9.77517	0	9.77517	0	9.77517	0	9.77517	0	9.77517	0	9.77517	0	9.77517	0	9.77517	0	9.77517	0	9.77517	0	9.77254	0	9.77517	0	9.77517	0	9.77517	0	9.77517	0	9.77517	0	9.77517	0	9.77254	0	9.77517	0	9.77517	0
9.77517	0	9.77517	0	9.77517	0	9.77517	0	9.77517	0	9.77517	0	9.77517	0	9.77517	0	9.77517	0	9.77517	0	9.77517	0	9.77517	0	9.77517	0	9.77258	0	9.77517	0	9.77254	0	9.77517	0	9.77517	0	9.77517	0	9.77517	0	9.77517	0	9.77517	0	9.77254	0	9.77517	0	9.77517	0
9.77517	0	9.77517	0	9.77517	0	9.77517	0	9.77517	0	9.77517	0	9.77517	0	9.77517	0	9.77517	0	9.77517	0	9.77273	0	9.77517	0	9.77517	0	9.77517	0	9.77517	0	9.77254	0	9.77517	0	9.77517	0	9.77517	0	9.77517	0	9.77517	0	9.77517	0	9.77254	0	9.77517	0	9.77517	0
9.77517	0	9.77517	0	9.77517	0	9.77517	0	9.77517	0	9.77517	0	9.77517	0	9.77517	0	9.77517	0	9.77517	0	9.77258	0	9.77517	0	9.77517	0	9.77517	0	9.77517	0	9.77254	0	9.77517	0	9.77517	0	9.77517	0	9.77517	0	9.77517	0	9.77517	0	9.77254	0	9.77517	0	9.77517	0
9.77517	0	9.77517	0	9.77517	0	9.77517	0	9.77517	0	9.77517	0	9.77517	0	9.77517	0	9.77517	0	9.77517	0	9.77517	0	9.77517	0	9.77517	0	9.77517	0	9.77517	0	9.77254	0	9.77517	0	9.77517	0	9.77517	0	9.77517	0	9.77517	0	9.77517	0	9.77254	0	9.77517	0	9.77517	0
9.77517	0	9.77517	0	9.77517	0	9.77517	0	9.77517	0	9.77517	0	9.77517	0	9.77517	0	9.77517	0	9.77517	0	9.77517	0	9.77517	0	9.77517	0	9.77517	0	9.77517	0	9.77254	0	9.77517	0	9.77517	0	9.77517	0	9.77517	0	9.77517	0	9.77517	0	9.77254	0	9.77517	0	9.77517	0
9.77517	0	9.77517	0	9.77517	0	9.77517	0	9.77517	0	9.77517	0	9.77517	0	9.77517	0	9.77517	0	9.77517	0	9.77517	0	9.77517	0	9.77517	0	9.77517	0	9.77517	0	9.77254	0	9.77517	0	9.77517	0	9.77517	0	9.77517	0	9.77517	0	9.77517	0	9.77254	0	9.77517	0	9.77517	0
9.77517	0	9.77517	0	9.77517	0	9.77517	0	9.77517	0	9.77517	0	9.77517	0	9.77517	0	9.77517	0	9.77517	0	9.77273	0	9.77517	0	9.77517	0	9.77517	0	9.77517	0	9.77254	0	9.77517	0	9.77517	0	9.77517	0	9.77517	0	9.77517	0	9.77517	0	9.77254	0	9.77517	0	9.77517	0
9.77517	0	9.77517	0	9.77517	0	9.77517	0	9.77517	0	9.77517	0	9.77517	0	9.77517	0	9.77517	0	9.77517	0	9.77517	0	9.77517	0	9.77517	0	9.77517	0	9.77517	0	9.77254	0	9.77517	0	9.77517	0	9.77517	0	9.77517	0	9.77517	0	9.77517	0	9.77254	0	9.77517	0	9.77517	0
9.77517	0	9.77517	0	9.77517	0	9.77517	0	9.77517	0	9.77517	0	9.77517	0	9.77517	0	9.77517	0	9.77517	0	9.77517	0	9.77517	0	9.77517	0	9.77517	0	9.77517	0	9.77254	0	9.77517	0	9.77517	0	9.77517	0	9.77517	0	9.77517	0	9.77517	0	9.77254	0	9.77517	0	9.77517	0
9.77517	0	9.77517	0	9.77517	0	9.77517	0	9.77517	0	9.77517	0	9.77517	0	9.77517	0	9.77517	0	9.77517	0	9.77517	0	9.77517	0	9.77517	0	9.77517	0	9.77517	0	9.77254	0	9.77517	0	9.77517	0	9.77517	0	9.77517	0	9.77517	0	9.77517	0	9.77254	0	9.77517	0	9.77517	0
9.77517	0	9.77517	0	9.77517	0	9.77517	0	9.77517	0	9.77517	0	9.77517	0	9.77517	0	9.77517	0	9.77517	0	9.77517	0	9.77517	0	9.77517	0	9.77517	0	9.77517	0	9.77254	0	9.77517	0	9.77517	0	9.77517	0	9.77517	0	9.77517	0	9.77517	0	9.77254	0	9.77517	0	9.77517	0
9.77517	0	9.77517	0	9.77517	0	9.77517	0	9.77517	0	9.77517	0	9.77517	0	9.77517	0	9.77517	0	9.77517	0	9.77517	0	9.77517	0	9.77517	0	9.77517	0	9.77517	0	9.77254	0	9.77517	0	9.77517	0	9.77517	0	9.77517	0	9.77517	0	9.77517	0	9.77254	0	9.77517	0	9.77517	0
9.77517	0	9.77517	0	9.77517	0	9.77517	0	9.77517	0	9.77517	0	9.77517	0	9.77517	0	9.77517	0	9.77517	0	9.77517	0	9.77517	0	9.77517	0	9.77517	0	9.77517	0	9.77254	0	9.77517	0	9.77517	0	9.77517	0	9.77517	0	9.77517	0	9.77517	0	9.77254	0	9.77517	0	9.77517	0
9.77517	0	9.77517	0	9.77517	0	9.77517	0	9.77517	0	9.77517	0	9.77517	0	9.77517	0	9.77517	0	9.77517	0	9.77517	0	9.77517	0	9.77517	0	9.77517	0	9.77517	0	9.77254	0	9.77517	0	9.77517	0	9.77517	0	9.77517	0	9.77517	0	9.77517	0	9.77254	0	9.77517	0	9.77517	0
9.77517	0	9.77517	0	9.77517	0	9.77517	0	9.77517	0	9.77517	0	9.77517	0	9.77517	0	9.77517	0	9.77517	0	9.77517	0	9.77517	0	9.77517	0	9.77517	0	9.77517	0	9.77254	0	9.77517	0	9.77517	0	9.77517	0	9.77517	0	9.77517	0	9.77517	0	9.77254	0	9.77517	0	9.77517	0
9.77517	0	9.77517	0	9.77517	0	9.77517	0	9.77517	0	9.77517	0	9.77517	0	9.77517	0	9.77517	0	9.77517	0	9.77517	0	9.77517	0	9.77517	0	9.77517	0	9.77517	0	9.77254	0	9.77517	0	9.77517	0	9.77517	0	9.77517	0	9.77517	0	9.77517	0	9.77254	0	9.77517	0	9.77517	0
9.77517	0	9.77517	0	9.77517	0	9.77517	0	9.77517	0	9.77517	0	9.77517	0	9.77517	0	9.77517	0	9.77517	0	9.77517	0	9.77517	0	9.77517	0	9.77517	0	9.77517	0	9.77465	0	9.77517	0	9.77517	0	9.77517	0	9.77517	0	9.77517	0	9.77517	0	9.77254	0	9.77517	0	9.77517	0
9.77517	0	9.77517	0	9.77517	0	9.77517	0	9.77517	0	9.77517	0	9.77517	0	9.77517	0	9.77517	0	9.77517	0	9.77517	0	9.77517	0	9.77517	0	9.77517	0	9.77517	0	9.77465	0	9.77517	0	9.77517	0	9.77517	0	9.77517	0	9.77517	0	9.77517	0	9.77254	0	9.77517	0	9.77517	0
9.77517	0	9.77517	0	9.77517	0	9.77517	0	9.77517	0	9.77517	0	9.77517	0	9.77517	0	9.77517	0	9.77517	0	9.77517	0	9.77517	0	9.77517	0	9.77517	0	9.77517	0	9.77465	0	9.77517	0	9.77517	0	9.77517	0	9.77517	0	9.77517	0	9.77517	0	9.77254	0	9.77517	0	9.77517	0
9.77517	0	9.77517	0	9.77517	0	9.77517	0	9.77517	0	9.77517	0	9.77517	0	9.77517	0	9.77517	0	9.77517	0	9.77517	0	9.77517	0	9.77517	0	9.77517	0	9.77517	0	9.77465	0	9.77517	0	9.77517	0	9.77517	0	9.77517	0	9.77517	0	9.77517	0	9.77254	0	9.77517	0	9.77517	0
9.77517	0	9.77517	0	9.77517	0	9.77517	0	9.77517	0	9.77517	0	9.77517	0	9.77517	0	9.77517	0	9.77517	0	9.77517	0	9.77517	0	9.77517	0	9.77517	0	9.77517	0	9.77465	0	9.77517	0	9.77517	0	9.77517	0	9.77517	0	9.77517	0	9.77517	0	9.77254	0	9.77517	0	9.77517	0
9.77517	0	9.77517	0	9.77517	0	9.77517	0	9.77517	0	9.77517	0	9.77517	0	9.77517	0	9.77517	0	9.77517	0	9.77517	0	9.77517	0	9.77517	0	9.77517	0	9.77517	0	9.77465	0	9.77517	0	9.77517	0	9.77517	0	9.77517	0	9.77517	0	9.77517	0	9.77254	0	9.77517	0	9.77517	0
9.77517	0	9.77517	0	9.77517	0	9.77517	0	9.77517	0	9.77517	0	9.77517	0	9.77517	0	9.77517	0	9.77517	0	9.77517	0	9.77517	0	9.77517	0	9.77517	0	9.77517	0	9.77465	0	9.77517	0	9.77517	0	9.77517	0	9.77517	0	9.77517	0	9.77517	0	9.77254	0	9.77517	0	9.77517	0
9.77517	0	9.77517	0	9.77517	0	9.77517	0	9.77517	0	9.77517	0	9.77517	0	9.77517	0	9.77517	0	9.77517	0	9.77517	0	9.77517	0	9.77517	0	9.77517	0	9.77517	0	9.77465	0	9.77517	0	9.77517	0	9.77517	0	9.77517	0	9.77517	0	9.77517	0	9.77254	0	9.77517	0	9.77517	0
9.77517	0	9.77517	0	9.77517	0	9.77517	0	9.77517	0	9.77517	0	9.77517	0	9.77517	0	9.77517	0	9.77517	0	9.77517	0	9.77517	0	9.77517	0	9.77517	0	9.77517	0	9.77465	0	9.77517	0	9.77517	0	9.77517	0	9.77517	0	9.77517	0	9.77517	0	9.77254	0	9.77517	0	9.77517	0
9.77517	0	9.77517	0	9.77517	0	9.77517	0	9.77517	0	9.77517	0	9.77517	0	9.77517	0	9.77517	0	9.77517	0	9.77517	0	9.77517	0	9.77517	0	9.77517	0	9.77517	0	9.77465	0	9.77517	0	9.77517	0	9.77517	0	9.77517	0	9.77517	0	9.77517	0	9.77254	0	9.77517	0	9.77517	0
9.77517	0	9.77517	0	9.77517	0	9.77517	0	9.77517	0	9.77517	0	9.77517	0	9.77517	0	9.77517	0	9.77517	0	9.77517	0	9.77517	0	9.77517	0	9.77517	0	9.77517	0	9.77465	0	9.77517	0	9.77517	0	9.77517	0	9.77517	0	9.77517	0	9.77517	0	9.77254	0	9.77517	0	9.77517	0
9.77517	0	9.77517	0	9.77517	0	9.77517	0	9.77517	0	9.77517	0	9.77517	0	9.77517	0	9.77517	0	9.77517	0	9.77517	0	9.77517	0	9.77517	0	9.77517	0	9.77517	0	9.77465	0	9.77517	0	9.77517	0	9.77517	0	9.77517	0	9.77517	0	9.77517	0	9.77254	0	9.77517	0	9.77517	0
9.77517	0	9.77517	0	9.77517	0	9.77517	0	9.77517	0	9.77517	0	9.77517	0	9.77517	0	9.77517	0	9.77517	0	9.77517	0	9.77517	0	9.77517	0	9.77517	0	9.77517	0	9.77465	0	9.77517	0	9.77517	0	9.77517	0	9.77517	0	9.77517	0	9.77517	0	9.77254	0	9.77517	0	9.77517	0
9.77517	0	9.77517	0	9.77517	0	9.77517	0	9.77517	0	9.77517	0	9.77517	0	9.77517	0	9.77517	0	9.77517	0	9.77517	0	9.77517	0	9.77517	0	9.77517	0	9.77517	0	9.77465	0	9.77517	0	9.77517	0	9.77517	0	9.77517	0	9.77517	0	9.77517	0	9.77254	0	9.77517	0	9.77517	0
9.77517	0	9.77517	0	9.77517	0	9.77517	0	9.77517	0	9.77517	0	9.77517	0	9.77517	0	9.77517	0	9.77517	0	9.77517	0	9.77517	0	9.77517	0	9.77517	0	9.77517	0	9.77465	0	9.77517	0	9.77517	0	9.77517	0	9.77517	0	9.77517	0	9.77517	0	9.77254	0	9.77517	0	9.77517	0
9.77517	0	9.77517	0	9.77517	0	9.77517	0	9.77517	0	9.77517	0	9.77517	0	9.77517	0	9.77517	0	9.77517	0	9.77517	0	9.77517	0	9.77517	0	9.77517	0	9.77517	0	9.77465	0	9.77517	0	9.77517	0	9.77517	0	9.77517	0	9.77517	0	9.77517	0	9.77254	0	9.77517	0	9.77517	0
9.77517	0	9.77517	0	9.77517	0	9.77517	0	9.77517	0	9.77517	0	9.77517	0	9.77517	0	9.77517	0	9.77517	0	9.77517	0	9.77517	0	9.77517	0	9.77517	0	9.77517	0	9.77465	0	9.77517	0	9.77517	0	9.77517	0	9.77517	0	9.77517	0	9.77517	0	9.77254	0	9.77517	0	9.77517	0
9.77517	0	9.77517	0	9.77517	0	9.77517	0	9.77517	0	9.77517	0	9.77517	0	9.77517	0	9.77517	0	9.77517	0	9.77517	0	9.77517	0	9.77517	0	9.77517	0	9.77517	0	9.77465	0	9.77517	0	9.77517	0	9.77517	0	9.77517	0	9.77517	0	9.77517	0	9.77254	0	9.77517	0	9.77517	0
9.77517	0	9.77517	0	9.77517	0	9.77517	0	9.77517	0	9.77517	0	9.77517	0	9.77517	0	9.77517	0	9.77517	0	9.77517	0	9.77517	0	9.77517	0	9.77517	0	9.77517	0	9.77465	0	9.77517	0	9.77517	0	9.77517	0	9.77517	0	9.77517	0	9.77517	0	9.77254	0	9.77517	0	9.77517	0
9.77517	0	9.77517	0	9.77517	0	9.77517	0	9.77517	0	9.77517	0	9.77517	0	9.77517	0	9.77517	0	9.77517	0	9.77517	0	9.77517	0	9.77517	0	9.77517	0	9.77517	0	9.77465	0	9.77517	0	9.77517	0	9.77517	0	9.77517	0	9.77517	0	9.77517	0	9.77254	0	9.77517	0	9.77517	0
9.77517	0	9.77517	0	9.77517	0	9.77517	0	9.77517	0	9.77517	0	9.77517	0	9.77517	0	9.77517	0	9.77517	0	9.77517	0	9.77517	0	9.77517	0	9.77517	0	9.77517	0	9.77465	0	9.77517	0	9.77517	0	9.77517	0	9.77517	0	9.77517	0	9.77517	0	9.77254	0	9.77517	0	9.77517	0
9.77517	0	9.77517	0	9.77517	0	9.77517	0	9.77517	0	9.77517	0	9.77517	0	9.77517	0	9.77517	0	9.77517	0	9.77517	0	9.77517	0	9.77517	0	9.77517	0	9.77517	0	9.77465	0	9.77517	0	9.77517	0	9.77517	0	9.77517	0	9.77517	0	9.77517	0	9.77254	0	9.77517	0	9.77517	0
9.77517	0	9.77517	0	9.77517	0	9.77517	0	9.77517	0	9.77517	0	9.77517	0	9.77517	0	9.77517	0	9.77517	0	9.77517	0	9.77517	0	9.77517	0	9.77517	0	9.77517	0	9.77465	0	9.77517	0	9.77517	0	9.77517	0	9.77517	0	9.77517	0	9.77517	0	9.77254	0	9.77517	0	9.77517	0
9.77517	0	9.77517	0	9.77517	0	9.77517	0	9.77517	0	9.77517	0	9.77517	0	9.77517	0	9.77517	0	9.77517	0	9.77517	0	9.77517	0	9.77517	0	9.77517	0	9.77517	0	9.77465	0	9.77517	0	9.77517	0	9.77517	0	9.77517	0	9.77517	0	9.77517	0	9.77254	0	9.77517	0	9.77517	0
9.77517	0	9.77517	0	9.77517	0	9.77517	0	9.77517	0	9.77517	0	9.77517	0	9.77517	0	9.77517	0	9.77517	0	9.77517	0	9.77517	0	9.77517	0	9.77517	0	9.77517	0	9.77465	0	9.77517	0	9.77517	0	9.77517	0	9.77517	0	9.77517	0	9.77517	0	9.77254	0	9.77517	0	9.77517	0
9.77517	0	9.77517	0	9.77517	0	9.77517	0	9.77517	0	9.77517	0	9.77517	0	9.77517	0	9.77517	0	9.77517	0	9.77517	0	9.77517	0	9.77517	0	9.77517	0	9.77517	0	9.77465	0	9.77517	0	9.77517	0	9.77517	0	9.77517	0	9.77517	0	9.77517	0	9.77254	0	9.77517	0	9.77517	0
9.77517	0	9.77517	0	9.77517	0	9.77517	0	9.77517	0	9.77517	0	9.77517	0	9.77517	0	9.77517	0	9.77517	0	9.77517	0	9.77517	0	9.77517	0	9.77517	0	9.77517	0	9.77465	0	9.77517	0	9.77517	0	9.77517	0	9.77517	0	9.77517	0	9.77517	0	9.77254	0	9.77517	0	9.77517	0
9.77517	0	9.77517	0	9.77517	0	9.77517	0	9.77517	0	9.77517	0	9.77517	0	9.77517	0	9.77517	0	9.77517	0	9.77517	0	9.77517	0	9.77517	0	9.77517	0	9.77517	0	9.77465	0	9.77517	0	9.77517	0	9.77517	0	9.77517	0	9.77517	0	9.77517	0	9.77254	0	9.77517	0	9.77517	0
9.77517	0	9.77517	0	9.77517	0	9.77517	0	9.77517	0	9.77517	0	9.77517	0	9.77517	0	9.77517	0	9.77517	0	9.77517	0	9.77517	0	9.77517	0	9.77517	0	9.77517	0	9.77465	0	9.77517	0	9.77274	0	9.77517	0	9.77517	0	9.77517	0	9.77517	0	9.77254	0	9.77517	0	9.77517	0
9.77517	0	9.77517	0	9.77517	0	9.77517	0	9.77517	0	9.77517	0	9.77517	0	9.77517	0	9.77517	0	9.77517	0	9.77517	0	9.77517	0	9.77517	0	9.77517	0	9.77517	0	9.77465	0	9.77517	0	9.77517	0	9.77517	0	9.77517	0	9.77517	0	9.77517	0	9.77254	0	9.77517	0	9.77517	0
9.77517	0	9.77517	0	9.77517	0	9.77517	0	9.77517	0	9.77517	0	9.77517	0	9.77517	0	9.77517	0	9.77517	0	9.77517	0	9.77517	0	9.77517	0	9.77517	0	9.77517	0	9.77465	0	9.77517	0	9.77517	0	9.77517	0	9.77517	0	9.77517	0	9.77517	0	9.77254	0	9.77517	0	9.77517	0
9.77517	0	9.77517	0	9.77517	0	9.77517	0	9.77517	0	9.77517	0	9.77517	0	9.77517	0	9.77517	0	9.77517	0	9.77517	0	9.77517	0	9.77517	0	9.77517	0	9.77517	0	9.77465	0	9.77517	0	9.77517	0	9.77517	0	9.77517	0	9.77517	0	9.77517	0	9.77254	0	9.77517	0	9.77517	0
9.77517	0	9.77517	0	9.77517	0	9.77517	0	9.77517	0	9.77517	0	9.77517	0	9.77517	0	9.77517	0	9.77517	0	9.77517	0	9.77517	0	9.77517	0	9.77517	0	9.77517	0	9.77465	0	9.77517	0	9.77517	0	9.77517	0	9.77517	0	9.77517	0	9.77517	0	9.77254	0	9.77517	0	9.77517	0
9.77517	0	9.77517	0	9.77517	0	9.77517	0	9.77517	0	9.77517	0	9.77517	0	9.77517	0	9.77517	0	9.77517	0	9.77517	0	9.77517	0	9.77517	0	9.77517	0	9.77517	0	9.77465	0	9.77517	0	9.77274	0	9.77517	0	9.77517	0	9.77517	0	9.77517	0	9.77254	0	9.77517	0	9.77517	0
9.77517	0	9.77517	0	9.77517	0	9.77517	0	9.77517	0	9.77517	0	9.77517	0	9.77517	0	9.77517	0	9.77517	0	9.77517	0	9.77517	0	9.77517	0	9.77517	0	9.77517	0	9.77465	0	9.77517	0	9.77255	0	9.77517	0	9.77517	0	9.77517	0	9.77517	0	9.77254	0	9.77517	0	9.77517	0
9.77517	0	9.77517	0	9.77517	0	9.77517	0	9.77517	0	9.77517	0	9.77517	0	9.77517	0	9.77517	0	9.77517	0	9.77517	0	9.77517	0	9.77517	0	9.77517	0	9.77517	0	9.77465	0	9.77517	0	9.77517	0	9.77517	0	9.77517	0	9.77517	0	9.77517	0	9.77254	0	9.77517	0	9.77517	0
9.77517	0	9.77517	0	9.77517	0	9.77517	0	9.77517	0	9.77517	0	9.77517	0	9.77517	0	9.77517	0	9.77517	0	9.77517	0	9.77517	0	9.77517	0	9.77517	0	9.77517	0	9.77465	0	9.77517	0	9.77517	0	9.77517	0	9.77517	0	9.77517	0	9.77517	0	9.77254	0	9.77517	0	9.77517	0
9.77517	0	9.77517	0	9.77517	0	9.77517	0	9.77517	0	9.77517	0	9.77517	0	9.77517	0	9.77517	0	9.77517	0	9.77517	0	9.77517	0	9.77517	0	9.77517	0	9.77517	0	9.77465	0	9.77517	0	9.77517	0	9.77517	0	9.77517	0	9.77517	0	9.77517	0	9.77254	0	9.77517	0	9.77517	0
9.77517	0	9.77517	0	9.77517	0	9.77517	0	9.77517	0	9.77517	0	9.77517	0	9.77517	0	9.77517	0	9.77517	0	9.77517	0	9.77517	0	9.77517	0	9.77517	0	9.77517	0	9.77465	0	9.77517	0	9.77517	0	9.77517	0	9.77517	0	9.77517	0	9.77517	0	9.77254	0	9.77517	0	9.77517	0
9.77517	0	9.77517	0	9.77517	0	9.77517	0	9.77517	0	9.77517	0	9.77517	0	9.77517	0	9.77517	0	9.77517	0	9.77517	0	9.77517	0	9.77517	0	9.77517	0	9.77517	0	9.77465	0	9.77517	0	9.77517	0	9.77517	0	9.77517	0	9.77517	0	9.77517	0	9.77254	0	9.77517	0	9.77517	0
9.77517	0	9.77517	0	9.77517	0	9.77517	0	9.77517	0	9.77517	0	9.77517	0	9.77517	0	9.77517	0	9.77517	0	9.77517	0	9.77517	0	9.77517	0	9.77517	0	9.77517	0	9.77465	0	9.77517	0	9.77517	0	9.77517	0	9.77517	0	9.77517	0	9.77517	0	9.77254	0	9.77517	0	9.77517	0
9.77517	0	9.77517	0	9.77517	0	9.77517	0	9.77517	0	9.77517	0	9.77517	0	9.77517	0	9.77517	0	9.77517	0	9.77517	0	9.77517	0	9.77517	0	9.77517	0	9.77517	0	9.77465	0	9.77517	0	9.77517	0	9.77517	0	9.77517	0	9.77517	0	9.77517	0	9.77254	0	9.77517	0	9.77517	0
9.77517	0	9.77517	0	9.77517	0	9.77517	0	9.77517	0	9.77517	0	9.77517	0	9.77517	0	9.77517	0	9.77517	0	9.77517	0	9.77517	0	9.77517	0	9.77517	0	9.77517	0	9.77465	0	9.77517	0	9.77517	0	9.77517	0	9.77517	0	9.77517	0	9.77517	0	9.77254	0	9.77517	0	9.77517	0
9.77517	0	9.77517	0	9.77517	0	9.77517	0	9.77517	0	9.77517	0	9.77517	0	9.77517	0	9.77517	0	9.77517	0	9.77517	0	9.77517	0	9.77517	0	9.77517	0	9.77517	0	9.77465	0	9.77517	0	9.77517	0	9.77517	0	9.77517	0	9.77517	0	9.77517	0	9.77254	0	9.77517	0	9.77517	0
9.77517	0	9.77517	0	9.77517	0	9.77517	0	9.77517	0	9.77517	0	9.77517	0	9.77517	0	9.77517	0	9.77517	0	9.77517	0	9.77517	0	9.77517	0	9.77517	0	9.77517	0	9.77465	0	9.77517	0	9.77517	0	9.77517	0	9.77517	0	9.77517	0	9.77517	0	9.77254	0	9.77517	0	9.77517	0
9.77517	0	9.77517	0	9.77517	0	9.77517	0	9.77517	0	9.77517	0	9.77517	0	9.77517	0	9.77517	0	9.77517	0	9.77517	0	9.77517	0	9.77517	0	9.77517	0	9.77517	0	9.77465	0	9.77517	0	9.77517	0	9.77517	0	9.77517	0	9.77517	0	9.77517	0	9.77254	0	9.77517	0	9.77517	0
9.77517	0	9.77517	0	9.77517	0	9.77517	0	9.77517	0	9.77517	0	9.77517	0	9.77517	0	9.77517	0	9.77517	0	9.77517	0	9.77517	0	9.77517	0	9.77517	0	9.77517	0	9.77465	0	9.77517	0	9.77517	0	9.77517	0	9.77517	0	9.77517	0	9.77517	0	9.77254	0	9.77517	0	9.77517	0
9.77517	0	9.77517	0	9.77517	0	9.77517	0	9.77517	0	9.77517	0	9.77517	0	9.77517	0	9.77517	0	9.77517	0	9.77517	0	9.77517	0	9.77517	0	9.77517	0	9.77517	0	9.77465	0	9.77517	0	9.77517	0	9.77517	0	9.77517	0	9.77517	0	9.77517	0	9.77254	0	9.77517	0	9.77517	0
9.77517	0	9.77517	0	9.77517	0	9.77517	0	9.77517	0	9.77517	0	9.77517	0	9.77517	0	9.77517	0	9.77517	0	9.77517	0	9.77517	0	9.77517	0	9.77517	0	9.77517	0	9.77465	0	9.77517	0	9.77517	0	9.77517	0	9.77517	0	9.77517	0	9.77517	0	9.77254	0	9.77517	0	9.77517	0
9.77517	0	9.77517	0	9.77517	0	9.77517	0	9.77517	0	9.77517	0	9.77517	0	9.77517	0	9.77517	0	9.77517	0	9.77517	0	9.77517	0	9.77517	0	9.77517	0	9.77517	0	9.77465	0	9.77517	0	9.77517	0	9.77517	0	9.77517	0	9.77517	0	9.77517	0	9.77254	0	9.77517	0	9.77517	0
9.77517	0	9.77517	0	9.77517	0	9.77517	0	9.77517	0	9.77517	0	9.77517	0	9.77517	0	9.77517	0	9.77517	0	9.77517	0	9.77517	0	9.77517	0	9.77517	0	9.77517	0	9.77465	0	9.77517	0	9.77517	0	9.77517	0	9.77517	0	9.77517	0	9.77517	0	9.77254	0	9.77517	0	9.77517	0
9.77517	0	9.77517	0	9.77517	0	9.77517	0	9.77517	0	9.77517	0	9.77517	0	9.77517	0	9.77517	0	9.77517	0	9.77517	0	9.77517	0	9.77517	0	9.77517	0	9.77517	0	9.77465	0	9.77517	0	9.77517	0	9.77517	0	9.77517	0	9.77517	0	9.77517	0	9.77254	0	9.77517	0	9.77517	0
9.77517	0	9.77517	0	9.77517	0	9.77517	0	9.77517	0	9.77517	0	9.77517	0	9.77517	0	9.77517	0	9.77517	0	9.77517	0	9.77517	0	9.77517	0	9.77517	0	9.77517	0	9.77465	0	9.77517	0	9.77517	0	9.77517	0	9.77517	0	9.77517	0	9.77517	0	9.77254	0	9.77517	0	9.77517	0
9.77517	0	9.77517	0	9.77517	0	9.77517	0	9.77517	0	9.77517	0	9.77517	0	9.77517	0	9.77517	0	9.77517	0	9.77517	0	9.77517	0	9.77517	0	9.77517	0	9.77517	0	9.77465	0	9.77517	0	9.77517	0	9.77517	0	9.77517	0	9.77517	0	9.77517	0	9.77254	0	9.77517	0	9.77517	0
9.77517	0	9.77517	0	9.77517	0	9.77517	0	9.77517	0	9.77517	0	9.77517	0	9.77517	0	9.77517	0	9.77517	0	9.77517	0	9.77517	0	9.77517	0	9.77517	0	9.77517	0	9.77465	0	9.77517	0	9.77517	0	9.77517	0	9.77517	0	9.77517	0	9.77517	0	9.77254	0	9.77517	0	9.77517	0
9.77517	0	9.77517	0	9.77517	0	9.77517	0	9.77517	0	9.77517	0	9.77517	0	9.77517	0	9.77517	0	9.77517	0	9.77517	0	9.77517	0	9.77517	0	9.77517	0	9.77517	0	9.77465	0	9.77517	0	9.77517	0	9.77517	0	9.77517	0	9.77517	0	9.77517	0	9.77254	0	9.77517	0	9.77517	0
9.77517	0	9.77517	0	9.77517	0	9.77517	0	9.77517	0	9.77517	0	9.77517	0	9.77517	0	9.77517	0	9.77517	0	9.77517	0	9.77517	0	9.77517	0	9.77517	0	9.77517	0	9.77465	0	9.77517	0	9.77517	0	9.77517	0	9.77517	0	9.77517	0	9.77517	0	9.77254	0	9.77517	0	9.77517	0
9.77517	0	9.77517	0	9.77517	0	9.77517	0	9.77517	0	9.77517	0	9.77517	0	9.77517	0	9.77517	0	9.77517	0	9.77517	0	9.77517	0	9.77517	0	9.77517	0	9.77517	0	9.77465	0	9.77517	0	9.77517	0	9.77517	0	9.77517	0	9.77517	0	9.77517	0	9.77254	0	9.77517	0	9.77517	0
9.77517	0	9.77517	0	9.77517	0	9.77517	0	9.77517	0	9.77517	0	9.77517	0	9.77517	0	9.77517	0	9.77517	0	9.77517	0	9.77517	0	9.77517	0	9.77517	0	9.77517	0	9.77465	0	9.77517	0	9.77517	0	9.77517	0	9.77517	0	9.77517	0	9.77517	0	9.77254	0	9.77517	0	9.77517	0
9.77517	0	9.77517	0	9.77517	0	9.77517	0	9.77517	0	9.77517	0	9.77517	0	9.77517	0	9.77517	0	9.77517	0	9.77517	0	9.77517	0	9.77517	0	9.77517	0	9.77517	0	9.77465	0	9.77517	0	9.77517	0	9.77517	0	9.77517	0	9.77517	0	9.77517	0	9.77254	0	9.77517	0	9.77517	0
9.77517	0	9.77517	0	9.77517	0	9.77517	0	9.77517	0	9.77517	0	9.77517	0	9.77517	0	9.77517	0	9.77517	0	9.77517	0	9.77517	0	9.77517	0	9.77517	0	9.77517	0	9.77465	0	9.77517	0	9.77517	0	9.77517	0	9.77517	0	9.77517	0	9.77517	0	9.77254	0	9.77517	0	9.77517	0
9.77517	0	9.77517	0	9.77517	0	9.77517	0	9.77517	0	9.77517	0	9.77517	0	9.77517	0	9.77517	0	9.77517	0	9.77517	0	9.77517	0	9.77517	0	9.77517	0	9.77517	0	9.77465	0	9.77517	0	9.77517	0	9.77517	0	9.77517	0	9.77517	0	9.77517	0	9.77254	0	9.77517	0	9.77517	0
9.77517	0	9.77517	0	9.77517	0	9.77517	0	9.77517	0	9.77517	0	9.77517	0	9.77517	0	9.77517	0	9.77517	0	9.77517	0	9.77517	0	9.77517	0	9.77517	0	9.77517	0	9.77465	0	9.77517	0	9.77517	0	9.77517	0	9.77517	0	9.77517	0	9.77517	0	9.77254	0	9.77517	0	9.77517	0
9.77517	0	9.77517	0	9.77517	0	9.77517	0	9.77517	0	9.77517	0	9.77517	0	9.77517	0	9.77517	0	9.77517	0	9.77517	0	9.77517	0	9.77517	0	9.77517	0	9.77517	0	9.77465	0	9.77517	0	9.77517	0	9.77517	0	9.77517	0	9.77517	0	9.77517	0	9.77254	0	9.77517	0	9.77517	0
9.77517	0	9.77517	0	9.77517	0	9.77517	0	9.77517	0	9.77517	0	9.77517	0	9.77517	0	9.77517	0	9.77517	0	9.77517	0	9.77517	0	9.77517	0	9.77517	0	9.77517	0	9.77465	0	9.77517	0	9.77517	0	9.77517	0	9.77517	0	9.77517	0	9.77517	0	9.77254	0	9.77517	0	9.77517	0
9.77517	0	9.77517	0	9.77517	0	9.77517	0	9.77517	0	9.77517	0	9.77517	0	9.77517	0	9.77517	0	9.77517	0	9.77517	0	9.77517	0	9.77517	0	9.77517	0	9.77517	0	9.77465	0	9.77517	0	9.77517	0	9.77517	0	9.77517	0	9.77517	0	9.77517	0	9.77254	0	9.77517	0	9.77517	0
9.77517	0	9.77517	0	9.77517	0	9.77517	0	9.77517	0	9.77517	0	9.77517	0	9.77517	0	9.77517	0	9.77517	0	9.77517	0	9.77517	0	9.77517	0	9.77517	0	9.77517	0	9.77465	0	9.77517	0	9.77517	0	9.77517	0	9.77517	0	9.77517	0	9.77517	0	9.77254	0	9.77517	0	9.77517	0
9.77517	0	9.77517	0	9.77517	0	9.77517	0	9.77517	0	9.77517	0	9.77517	0	9.77517	0	9.77517	0	9.77517	0	9.77517	0	9.77517	0	9.77517	0	9.77517	0	9.77517	0	9.77465	0	9.77517	0	9.77517	0	9.77517	0	9.77517	0	9.77517	0	9.77517	0	9.77254	0	9.77517	0	9.77517	0
9.77517	0	9.77517	0	9.77517	0	9.77517	0	9.77517	0	9.77517	0	9.77517	0	9.77517	0	9.77517	0	9.77517	0	9.77517	0	9.77517	0	9.77517	0	9.77517	0	9.77517	0	9.77465	0	9.77517	0	9.77517	0	9.77517	0	9.77517	0	9.77517	0	9.77517	0	9.77254	0	9.77517	0	9.77517	0
9.77517	0	9.77517	0	9.77517	0	9.77517	0	9.77517	0	9.77517	0	9.77517	0	9.77517	0	9.77517	0	9.77517	0	9.77517	0	9.77517	0	9.77517	0	9.77517	0	9.77517	0	9.77465	0	9.77517	0	9.77517	0	9.77517	0	9.77517	0	9.77517	0	9.77517	0	9.77254	0	9.77517	0	9.77517	0
9.77517	0	9.77517	0	9.77517	0	9.77517	0	9.77517	0	9.77517	0	9.77517	0	9.77517	0	9.77517	0	9.77517	0	9.77517	0	9.77517	0	9.77517	0	9.77517	0	9.77517	0	9.77465	0	9.77517	0	9.77517	0	9.77517	0	9.77517	0	9.77517	0	9.77517	0	9.77254	0	9.77517	0	9.77517	0
9.77517	0	9.77517	0	9.77517	0	9.77517	0	9.77517	0	9.77517	0	9.77517	0	9.77517	0	9.77517	0	9.77517	0	9.77517	0	9.77517	0	9.77517	0	9.77517	0	9.77517	0	9.77465	0	9.77517	0	9.77517	0	9.77517	0	9.77517	0	9.77517	0	9.77517	0	9.77254	0	9.77517	0	9.77517	0
9.77517	0	9.77517	0	9.77517	0	9.77517	0	9.77517	0	9.77517	0	9.77517	0	9.77517	0	9.77517	0	9.77517	0	9.77517	0	9.77517	0	9.77517	0	9.77517	0	9.77517	0	9.77465	0	9.77517	0	9.77517	0	9.77517	0	9.77517	0	9.77517	0	9.77517	0	9.77254	0	9.77517	0	9.77517	0
9.77517	0	9.77517	0	9.77517	0	9.77517	0	9.77517	0	9.77517	0	9.77517	0	9.77517	0	9.77517	0	9.77517	0	9.77517	0	9.77517	0	9.77517	0	9.77517	0	9.77517	0	9.77465	0	9.77517	0	9.77517	0	9.77517	0	9.77517	0	9.77517	0	9.77517	0	9.77254	0	9.77517	0	9.77517	0
9.77517	0	9.77517	0	9.77517	0	9.77517	0	9.77517	0	9.77517	0	9.77517	0	9.77517	0	9.77517	0	9.77517	0	9.77517	0	9.77517	0	9.77517	0	9.77517	0	9.77517	0	9.77465	0	9.77517	0	9.77517	0	9.77517	0	9.77517	0	9.77517	0	9.77517	0	9.77254	0	9.77517	0	9.77517	0
9.77517	0	9.77517	0	9.77517	0	9.77517	0	9.77517	0	9.77517	0	9.77517	0	9.77517	0	9.77517	0	9.77517	0	9.77517	0	9.77517	0	9.77517	0	9.77517	0	9.77517	0	9.77465	0	9.77517	0	9.77517	0	9.77517	0	9.77517	0	9.77517	0	9.77517	0	9.77254	0	9.77517	0	9.77517	0
9.77517	0	9.77517	0	9.77517	0	9.77517	0	9.77517	0	9.77517	0	9.77517	0	9.77517	0	9.77517	0	9.77517	0	9.77517	0	9.77517	0	9.77517	0	9.77517	0	9.77517	0	9.77465	0	9.77517	0	9.77517	0	9.77517	0	9.77517	0	9.77517	0	9.77517	0	9.77254	0	9.77517	0	9.77517	0
9.77517	0	9.77517	0	9.77517	0	9.77517	0	9.77517	0	9.77517	0	9.77517	0	9.77517	0	9.77517	0	9.77517	0	9.77517	0	9.77517	0	9.77517	0	9.77517	0	9.77517	0	9.77465	0	9.77517	0	9.77517	0	9.77517	0	9.77517	0	9.77517	0	9.77517	0	9.77254	0	9.77517	0	9.77517	0
9.77517	0	9.77517	0	9.77517	0	9.77517	0	9.77517	0	9.77517	0	9.77517	0	9.77517	0	9.77517	0	9.77517	0	9.77517	0	9.77517	0	9.77517	0	9.77517	0	9.77517	0	9.77465	0	9.77517	0	9.77517	0	9.77517	0	9.77517	0	9.77517	0	9.77517	0	9.77254	0	9.77517	0	9.77517	0
9.77517	0	9.77517	0	9.77517	0	9.77517	0	9.77517	0	9.77517	0	9.77517	0	9.77517	0	9.77517	0	9.77517	0	9.77517	0	9.77517	0	9.77517	0	9.77517	0	9.77517	0	9.77465	0	9.77517	0	9.77517	0	9.77517	0	9.77517	0	9.77517	0	9.77517	0	9.77254	0	9.77517	0	9.77517	0
9.77517	0	9.77517	0	9.77517	0	9.77517	0	9.77517	0	9.77517	0	9.77517	0	9.77517	0	9.77517	0	9.77517	0	9.77517	0	9.77517	0	9.77517	0	9.77517	0	9.77517	0	9.77465	0	9.77517	0	9.77517	0	9.77517	0	9.77517	0	9.77517	0	9.77517	0	9.77254	0	9.77517	0	9.77517	0
9.77517	0	9.77517	0	9.77517	0	9.77517	0	9.77517	0	9.77517	0	9.77517	0	9.77517	0	9.77517	0	9.77517	0	9.77517	0	9.77517	0	9.77517	0	9.77517	0	9.77517	0	9.77465	0	9.77517	0	9.77517	0	9.77517	0	9.77517	0	9.77517	0	9.77517	0	9.77254	0	9.77517	0	9.77517	0
9.77517	0	9.77517	0	9.77517	0	9.77517	0	9.77517	0	9.77517	0	9.77517	0	9.77517	0	9.77517	0	9.77517	0	9.77517	0	9.77517	0	9.77517	0	9.77517	0	9.77517	0	9.77465	0	9.77517	0	9.77517	0	9.77517	0	9.77517	0	9.77517	0	9.77517	0	9.77254	0	9.77517	0	9.77517	0
9.77517	0	9.77517	0	9.77517	0	9.77517	0	9.77517	0	9.77517	0	9.77517	0	9.77517	0	9.77517	0	9.77517	0	9.77517	0	9.77517	0	9.77517	0	9.77517	0	9.77517	0	9.77465	0	9.77517	0	9.77517	0	9.77517	0	9.77517	0	9.77517	0	9.77517	0	9.77254	0	9.77517	0	9.77517	0
9.77517	0	9.77517	0	9.77517	0	9.77517	0	9.77517	0	9.77517	0	9.77517	0	9.77517	0	9.77517	0	9.77517	0	9.77517	0	9.77517	0	9.77517	0	9.77517	0	9.77517	0	9.77465	0	9.77517	0	9.77517	0	9.77517	0	9.77517	0	9.77517	0	9.77517	0	9.77254	0	9.77517	0	9.77517	0
9.77517	0	9.77517	0	9.77517	0	9.77517	0	9.77517	0	9.77517	0	9.77517	0	9.77517	0	9.77517	0	9.77517	0	9.77517	0	9.77517	0	9.77517	0	9.77517	0	9.77517	0	9.77465	0	9.77517	0	9.77517	0	9.77517	0	9.77517	0	9.77517	0	9.77517	0	9.77254	0	9.77517	0	9.77517	0
9.77517	0	9.77517	0	9.77517	0	9.77517	0	9.77517	0	9.77517	0	9.77517	0	9.77517	0	9.77517	0	9.77517	0	9.77517	0	9.77517	0	9.77517	0	9.77517	0	9.77517	0	9.77465	0	9.77517	0	9.77517	0	9.77517	0	9.77517	0	9.77517	0	9.77517	0	9.77254	0	9.77517	0	9.77517	0
9.77517	0	9.77517	0	9.77517	0	9.77517	0	9.77517	0	9.77517	0	9.77517	0	9.77517	0	9.77517	0	9.77517	0	9.77517	0	9.77517	0	9.77517	0	9.77517	0	9.77517	0	9.77465	0	9.77517	0	9.77517	0	9.77517	0	9.77517	0	9.77517	0	9.77517	0	9.77254	0	9.77517	0	9.77517	0
9.77517	0	9.77517	0	9.77517	0	9.77517	0	9.77517	0	9.77517	0	9.77517	0	9.77517	0	9.77517	0	9.77517	0	9.77517	0	9.77517	0	9.77517	0	9.77517	0	9.77517	0	9.77465	0	9.77517	0	9.77517	0	9.77517	0	9.77517	0	9.77517	0	9.77517	0	9.77254	0	9.77517	0	9.77517	0
9.77517	0	9.77517	0	9.77517	0	9.77517	0	9.77517	0	9.77517	0	9.77517	0	9.77517	0	9.77517	0	9.77517	0	9.77517	0	9.77517	0	9.77517	0	9.77517	0	9.77517	0	9.77465	0	9.77517	0	9.77517	0	9.77517	0	9.77517	0	9.77517	0	9.77517	0	9.77254	0	9.77517	0	9.77517	0
9.77517	0	9.77517	0	9.77517	0	9.77517	0	9.77517	0	9.77517	0	9.77517	0	9.77517	0	9.77517	0	9.77517	0	9.77517	0	9.77517	0	9.77517	0	9.77517	0	9.77517	0	9.77465	0	9.77517	0	9.77517	0	9.77517	0	9.77517	0	9.77517	0	9.77517	0	9.77254	0	9.77517	0	9.77517	0
9.77517	0	9.77517	0	9.77517	0	9.77517	0	9.77517	0	9.77517	0	9.77517	0	9.77517	0	9.77517	0	9.77517	0	9.77517	0	9.77517	0	9.77517	0	9.77517	0	9.77517	0	9.77465	0	9.77517	0	9.77517	0	9.77517	0	9.77517	0	9.77517	0	9.77517	0	9.77254	0	9.77517	0	9.77517	0
9.77517	0	9.77517	0	9.77517	0	9.77517	0	9.77517	0	9.77517	0	9.77517	0	9.77517	0	9.77517	0	9.77517	0	9.77517	0	9.77517	0	9.77517	0	9.77517	0	9.77517	0	9.77465	0	9.77517	0	9.77517	0	9.77517	0	9.77517	0	9.77517	0	9.77517	0	9.77254	0	9.77517	0	9.77517	0
9.77517	0	9.77517	0	9.77517	0	9.77517	0	9.77517	0	9.77517	0	9.77517	0	9.77517	0	9.77517	0	9.77517	0	9.77517	0	9.77517	0	9.77517	0	9.77517	0	9.77517	0	9.77465	0	9.77517	0	9.77517	0	9.77517	0	9.77517	0	9.77517	0	9.77517	0	9.77254	0	9.77517	0	9.77517	0
9.77517	0	9.77517	0	9.77517	0	9.77517	0	9.77517	0	9.77517	0	9.77517	0	9.77517	0	9.77517	0	9.77517	0	9.77517	0	9.77517	0	9.77517	0	9.77517	0	9.77517	0	9.77465	0	9.77517	0	9.77517	0	9.77517	0	9.77517	0	9.77517	0	9.77517	0	9.77254	0	9.77517	0	9.77517	0
9.77517	0	9.77517	0	9.77517	0	9.77517	0	9.77517	0	9.77517	0	9.77517	0	9.77517	0	9.77517	0	9.77517	0	9.77517	0	9.77517	0	9.77517	0	9.77517	0	9.77517	0	9.77465	0	9.77517	0	9.77517	0	9.77517	0	9.77517	0	9.77517	0	9.77517	0	9.77254	0	9.77517	0	9.77517	0
9.77517	0	9.77517	0	9.77517	0	9.77517	0	9.77517	0	9.77517	0	9.77517	0	9.77517	0	9.77517	0	9.77517	0	9.77517	0	9.77517	0	9.77517	0	9.77517	0	9.77517	0	9.77465	0	9.77517	0	9.77517	0	9.77517	0	9.77517	0	9.77517	0	9.77517	0	9.77254	0	9.77517	0	9.77517	0
9.77517	0	9.77517	0	9.77517	0	9.77517	0	9.77517	0	9.77517	0	9.77517	0	9.77517	0	9.77517	0	9.77517	0	9.77517	0	9.77517	0	9.77517	0	9.77517	0	9.77517	0	9.77465	0	9.77517	0	9.77517	0	9.77517	0	9.77517	0	9.77517	0	9.77517	0	9.77254	0	9.77517	0	9.77517	0
9.77517	0	9.77517	0	9.77517	0	9.77517	0	9.77517	0	9.77517	0	9.77517	0	9.77517	0	9.77517	0	9.77517	0	9.77517	0	9.77517	0	9.77517	0	9.77517	0	9.77517	0	9.77465	0	9.77517	0	9.77517	0	9.77517	0	9.77517	0	9.77517	0	9.77517	0	9.77254	0	9.77517	0	9.77517	0
9.77517	0	9.77517	0	9.77517	0	9.77517	0	9.77517	0	9.77517	0	9.77517	0	9.77517	0	9.77517	0	9.77517	0	9.77517	0	9.77517	0	9.77517	0	9.77517	0	9.77517	0	9.77465	0	9.77517	0	9.77517	0	9.77517	0	9.77517	0	9.77517	0	9.77517	0	9.77254	0	9.77517	0	9.77517	0
9.77517	0	9.77517	0	9.77517	0	9.77517	0	9.77517	0	9.77517	0	9.77517	0	9.77517	0	9.77517	0	9.77517	0	9.77517	0	9.77517	0	9.77517	0	9.77517	0	9.77517	0	9.77465	0	9.77517	0	9.77517	0	9.77517	0	9.77517	0	9.77517	0	9.77517	0	9.77254	0	9.77517	0	9.77517	0
9.77517	0	9.77517	0	9.77517	0	9.77517	0	9.77517	0	9.77517	0	9.77517	0	9.77517	0	9.77517	0	9.77517	0	9.77517	0	9.77517	0	9.77517	0	9.77517	0	9.77517	0	9.77465	0	9.77517	0	9.77517	0	9.77517	0	9.77517	0	9.77517	0	9.77517	0	9.77254	0	9.77517	0	9.77517	0
9.77517	0	9.77517	0	9.77517	0	9.77517	0	9.77517	0	9.77517	0	9.77517	0	9.77517	0	9.77517	0	9.77517	0	9.77517	0	9.77517	0	9.77517	0	9.77517	0	9.77517	0	9.77465	0	9.77517	0	9.77517	0	9.77517	0	9.77517	0	9.77517	0	9.77517	0	9.77254	0	9.77517	0	9.77517	0
9.77517	0	9.77517	0	9.77517	0	9.77517	0	9.77517	0	9.77517	0	9.77517	0	9.77517	0	9.77517	0	9.77517	0	9.77517	0	9.77517	0	9.77517	0	9.77517	0	9.77517	0	9.77465	0	9.77517	0	9.77517	0	9.77517	0	9.77517	0	9.77517	0	9.77517	0	9.77254	0	9.77517	0	9.77517	0
9.77517	0	9.77517	0	9.77517	0	9.77517	0	9.77517	0	9.77517	0	9.77517	0	9.77517	0	9.77517	0	9.77517	0	9.77517	0	9.77517	0	9.77517	0	9.77517	0	9.77517	0	9.77465	0	9.77517	0	9.77517	0	9.77517	0	9.77517	0	9.77517	0	9.77517	0	9.77254	0	9.77517	0	9.77517	0
9.77517	0	9.77517	0	9.77517	0	9.77517	0	9.77517	0	9.77517	0	9.77517	0	9.77517	0	9.77517	0	9.77517	0	9.77517	0	9.77517	0	9.77517	0	9.77517	0	9.77517	0	9.77465	0	9.77517	0	9.77517	0	9.77517	0	9.77517	0	9.77517	0	9.77517	0	9.77254	0	9.77517	0	9.77517	0
9.77517	0	9.77517	0	9.77517	0	9.77517	0	9.77517	0	9.77517	0	9.77517	0	9.77517	0	9.77517	0	9.77517	0	9.77517	0	9.77517	0	9.77517	0	9.77517	0	9.77517	0	9.77465	0	9.77517	0	9.77517	0	9.77517	0	9.77517	0	9.77517	0	9.77517	0	9.77254	0	9.77517	0	9.77517	0
9.77517	0	9.77517	0	9.77517	0	9.77517	0	9.77517	0	9.77517	0	9.77517	0	9.77517	0	9.77517	0	9.77517	0	9.77517	0	9.77517	0	9.77517	0	9.77517	0	9.77517	0	9.77465	0	9.77517	0	9.77517	0	9.77517	0	9.77517	0	9.77517	0	9.77517	0	9.77254	0	9.77517	0	9.77517	0
9.77517	0	9.77517	0	9.77517	0	9.77517	0	9.77517	0	9.77517	0	9.77517	0	9.77517	0	9.77517	0	9.77517	0	9.77517	0	9.77517	0	9.77517	0	9.77517	0	9.77517	0	9.77465	0	9.77517	0	9.77517	0	9.77517	0	9.77517	0	9.77517	0	9.77517	0	9.77254	0	9.77517	0	9.77517	0
9.77517	0	9.77517	0	9.77517	0	9.77517	0	9.77517	0	9.77517	0	9.77517	0	9.77517	0	9.77517	0	9.77517	0	9.77517	0	9.77517	0	9.77517	0	9.77517	0	9.77517	0	9.77465	0	9.77517	0	9.77517	0	9.77517	0	9.77517	0	9.77517	0	9.77517	0	9.77254	0	9.77517	0	9.77517	0
9.77517	0	9.77517	0	9.77517	0	9.77517	0	9.77517	0	9.77517	0	9.77517	0	9.77517	0	9.77517	0	9.77517	0	9.77517	0	9.77517	0	9.77517	0	9.77517	0	9.77517	0	9.77465	0	9.77517	0	9.77517	0	9.77517	0	9.77517	0	9.77517	0	9.77517	0	9.77254	0	9.77517	0	9.77517	0
9.77517	0	9.77517	0	9.77517	0	9.77517	0	9.77517	0	9.77517	0	9.77517	0	9.77517	0	9.77517	0	9.77517	0	9.77517	0	9.77517	0	9.77517	0	9.77517	0	9.77517	0	9.77465	0	9.77517	0	9.77517	0	9.77517	0	9.77517	0	9.77517	0	9.77517	0	9.77254	0	9.77517	0	9.77517	0
9.77517	0	9.77517	0	9.77517	0	9.77517	0	9.77517	0	9.77517	0	9.77517	0	9.77517	0	9.77517	0	9.77517	0	9.77517	0	9.77517	0	9.77517	0	9.77517	0	9.77517	0	9.77465	0	9.77517	0	9.77517	0	9.77517	0	9.77517	0	9.77517	0	9.77517	0	9.77254	0	9.77517	0	9.77517	0
9.77517	0	9.77517	0	9.77517	0	9.77517	0	9.77517	0	9.77517	0	9.77517	0	9.77517	0	9.77517	0	9.77517	0	9.77517	0	9.77517	0	9.77517	0	9.77517	0	9.77517	0	9.77465	0	9.77517	0	9.77517	0	9.77517	0	9.77517	0	9.77517	0	9.77517	0	9.77254	0	9.77517	0	9.77517	0
9.77517	0	9.77517	0	9.77517	0	9.77517	0	9.77517	0	9.77517	0	9.77517	0	9.77517	0	9.77517	0	9.77517	0	9.77517	0	9.77517	0	9.77517	0	9.77517	0	9.77517	0	9.77465	0	9.77517	0	9.77517	0	9.77517	0	9.77517	0	9.77517	0	9.77517	0	9.77254	0	9.77517	0	9.77517	0
9.77517	0	9.77517	0	9.77517	0	9.77517	0	9.77517	0	9.77517	0	9.77517	0	9.77517	0	9.77517	0	9.77517	0	9.77517	0	9.77517	0	9.77517	0	9.77517	0	9.77517	0	9.77465	0	9.77517	0	9.77517	0	9.77517	0	9.77517	0	9.77517	0	9.77517	0	9.77254	0	9.77517	0	9.77517	0
9.77517	0	9.77517	0	9.77517	0	9.77517	0	9.77517	0	9.77517	0	9.77517	0	9.77517	0	9.77517	0	9.77517	0	9.77517	0	9.77517	0	9.77517	0	9.77517	0	9.77517	0	9.77465	0	9.77517	0	9.77517	0	9.77517	0	9.77517	0	9.77517	0	9.77517	0	9.77254	0	9.77517	0	9.77517	0
9.77517	0	9.77517	0	9.77517	0	9.77517	0	9.77517	0	9.77517	0	9.77517	0	9.77517	0	9.77517	0	9.77517	0	9.77517	0	9.77517	0	9.77517	0	9.77517	0	9.77517	0	9.77465	0	9.77517	0	9.77517	0	9.77517	0	9.77517	0	9.77517	0	9.77517	0	9.77254	0	9.77517	0	9.77517	0
9.77517	0	9.77517	0	9.77517	0	9.77517	0	9.77517	0	9.77517	0	9.77517	0	9.77517	0	9.77517	0	9.77517	0	9.77517	0	9.77517	0	9.77517	0	9.77517	0	9.77517	0	9.77465	0	9.77517	0	9.77517	0	9.77517	0	9.77517	0	9.77517	0	9.77517	0	9.77254	0	9.77517	0	9.77517	0
9.77517	0	9.77517	0	9.77517	0	9.77517	0	9.77517	0	9.77517	0	9.77517	0	9.77517	0	9.77517	0	9.77517	0	9.77517	0	9.77517	0	9.77517	0	9.77517	0	9.77517	0	9.77465	0	9.77517	0	9.77517	0	9.77517	0	9.77517	0	9.77517	0	9.77517	0	9.77254	0	9.77517	0	9.77517	0
9.77517	0	9.77517	0	9.77517	0	9.77517	0	9.77517	0	9.77517	0	9.77517	0	9.77517	0	9.77517	0	9.77517	0	9.77517	0	9.77517	0	9.77517	0	9.77517	0	9.77517	0	9.77465	0	9.77517	0	9.77517	0	9.77517	0	9.77517	0	9.77517	0	9.77517	0	9.77254	0	9.77517	0	9.77517	0
9.77517	0	9.77517	0	9.77517	0	9.77517	0	9.77517	0	9.77517	0	9.77517	0	9.77517	0	9.77517	0	9.77517	0	9.77517	0	9.77517	0	9.77517	0	9.77517	0	9.77517	0	9.77465	0	9.77517	0	9.77517	0	9.77517	0	9.77517	0	9.77517	0	9.77517	0	9.77254	0	9.77517	0	9.77517	0
9.77517	0	9.77517	0	9.77517	0	9.77517	0	9.77517	0	9.77517	0	9.77517	0	9.77517	0	9.77517	0	9.77517	0	9.77517	0	9.77517	0	9.77517	0	9.77517	0	9.77517	0	9.77465	0	9.77517	0	9.77517	0	9.77517	0	9.77517	0	9.77517	0	9.77517	0	9.77254	0	9.77517	0	9.77517	0
9.77517	0	9.77517	0	9.77517	0	9.77517	0	9.77517	0	9.77517	0	9.77517	0	9.77517	0	9.77517	0	9.77517	0	9.77517	0	9.77517	0	9.77517	0	9.77517	0	9.77517	0	9.77465	0	9.77517	0	9.77517	0	9.77517	0	9.77517	0	9.77517	0	9.77517	0	9.77254	0	9.77517	0	9.77517	0
9.77517	0	9.77517	0	9.77517	0	9.77517	0	9.77517	0	9.77517	0	9.77517	0	9.77517	0	9.77517	0	9.77517	0	9.77517	0	9.77517	0	9.77517	0	9.77517	0	9.77517	0	9.77465	0	9.77517	0	9.77517	0	9.77517	0	9.77517	0	9.77517	0	9.77517	0	9.77254	0	9.77517	0	9.77517	0
9.77517	0	9.77517	0	9.77517	0	9.77517	0	9.77517	0	9.77517	0	9.77517	0	9.77517	0	9.77517	0	9.77517	0	9.77517	0	9.77517	0	9.77517	0	9.77517	0	9.77517	0	9.77465	0	9.77517	0	9.77517	0	9.77517	0	9.77517	0	9.77517	0	9.77517	0	9.77254	0	9.77517	0	9.77517	0
9.77517	0	9.77517	0	9.77517	0	9.77517	0	9.77517	0	9.77517	0	9.77517	0	9.77517	0	9.77517	0	9.77517	0	9.77517	0	9.77517	0	9.77517	0	9.77517	0	9.77517	0	9.77465	0	9.77517	0	9.77517	0	9.77517	0	9.77517	0	9.77517	0	9.77517	0	9.77254	0	9.77517	0	9.77517	0
9.77517	0	9.77517	0	9.77517	0	9.77517	0	9.77517	0	9.77517	0	9.77517	0	9.77517	0	9.77517	0	9.77517	0	9.77517	0	9.77517	0	9.77517	0	9.77517	0	9.77517	0	9.77465	0	9.77517	0	9.77517	0	9.77517	0	9.77517	0	9.77517	0	9.77517	0	9.77254	0	9.77517	0	9.77517	0
9.77517	0	9.77517	0	9.77517	0	9.77517	0	9.77517	0	9.77517	0	9.77517	0	9.77517	0	9.77517	0	9.77517	0	9.77517	0	9.77517	0	9.77517	0	9.77517	0	9.77517	0	9.77465	0	9.77517	0	9.77517	0	9.77517	0	9.77517	0	9.77517	0	9.77517	0	9.77254	0	9.77517	0	9.77517	0
9.77517	0	9.77517	0	9.77517	0	9.77517	0	9.77517	0	9.77517	0	9.77517	0	9.77517	0	9.77517	0	9.77517	0	9.77517	0	9.77517	0	9.77517	0	9.77517	0	9.77517	0	9.77465	0	9.77517	0	9.77517	0	9.77517	0	9.77517	0	9.77517	0	9.77517	0	9.77254	0	9.77517	0	9.77517	0
9.77517	0	9.77517	0	9.77517	0	9.77517	0	9.77517	0	9.77517	0	9.77517	0	9.77517	0	9.77517	0	9.77517	0	9.77517	0	9.77517	0	9.77517	0	9.77517	0	9.77517	0	9.77465	0	9.77517	0	9.77517	0	9.77517	0	9.77517	0	9.77517	0	9.77517	0	9.77254	0	9.77517	0	9.77517	0
9.77517	0	9.77517	0	9.77517	0	9.77517	0	9.77517	0	9.77517	0	9.77517	0	9.77517	0	9.77517	0	9.77517	0	9.77517	0	9.77517	0	9.77517	0	9.77517	0	9.77517	0	9.77465	0	9.77517	0	9.77517	0	9.77517	0	9.77517	0	9.77517	0	9.77517	0	9.77254	0	9.77517	0	9.77517	0
9.77517	0	9.77517	0	9.77517	0	9.77517	0	9.77517	0	9.77517	0	9.77517	0	9.77517	0	9.77517	0	9.77517	0	9.77517	0	9.77517	0	9.77517	0	9.77517	0	9.77517	0	9.77465	0	9.77517	0	9.77517	0	9.77517	0	9.77517	0	9.77517	0	9.77517	0	9.77254	0	9.77517	0	9.77517	0
9.77517	0	9.77517	0	9.77517	0	9.77517	0	9.77517	0	9.77517	0	9.77517	0	9.77517	0	9.77517	0	9.77517	0	9.77517	0	9.77517	0	9.77517	0	9.77517	0	9.77517	0	9.77465	0	9.77517	0	9.77517	0	9.77517	0	9.77517	0	9.77517	0	9.77517	0	9.77254	0	9.77517	0	9.77517	0
9.77517	0	9.77517	0	9.77517	0	9.77517	0	9.77517	0	9.77517	0	9.77517	0	9.77517	0	9.77517	0	9.77517	0	9.77517	0	9.77517	0	9.77517	0	9.77517	0	9.77517	0	9.77465	0	9.77517	0	9.77517	0	9.77517	0	9.77517	0	9.77517	0	9.77517	0	9.77254	0	9.77517	0	9.77517	0
9.77517	0	9.77517	0	9.77517	0	9.77517	0	9.77517	0	9.77517	0	9.77517	0	9.77517	0	9.77517	0	9.77517	0	9.77517	0	9.77517	0	9.77517	0	9.77517	0	9.77517	0	9.77465	0	9.77517	0	9.77517	0	9.77517	0	9.77517	0	9.77517	0	9.77517	0	9.77254	0	9.77517	0	9.77517	0
9.77517	0	9.77517	0	9.77517	0	9.77517	0	9.77517	0	9.77517	0	9.77517	0	9.77517	0	9.77517	0	9.77517	0	9.77517	0	9.77517	0	9.77517	0	9.77517	0	9.77517	0	9.77465	0	9.77517	0	9.77517	0	9.77517	0	9.77517	0	9.77517	0	9.77517	0	9.77254	0	9.77517	0	9.77517	0
9.77517	0	9.77517	0	9.77517	0	9.77517	0	9.77517	0	9.77517	0	9.77517	0	9.77517	0	9.77517	0	9.77517	0	9.77517	0	9.77517	0	9.77517	0	9.77517	0	9.77517	0	9.77465	0	9.77517	0	9.77517	0	9.77517	0	9.77517	0	9.77517	0	9.77517	0	9.77254	0	9.77517	0	9.77517	0
9.77517	0	9.77517	0	9.77517	0	9.77517	0	9.77517	0	9.77517	0	9.77517	0	9.77517	0	9.77517	0	9.77517	0	9.77517	0	9.77517	0	9.77517	0	9.77517	0	9.77517	0	9.77465	0	9.77517	0	9.77517	0	9.77517	0	9.77517	0	9.77517	0	9.77517	0	9.77254	0	9.77517	0	9.77517	0
9.77517	0	9.77517	0	9.77517	0	9.77517	0	9.77517	0	9.77517	0	9.77517	0	9.77517	0	9.77517	0	9.77517	0	9.77517	0	9.77517	0	9.77517	0	9.77517	0	9.77517	0	9.77465	0	9.77517	0	9.77517	0	9.77517	0	9.77517	0	9.77517	0	9.77517	0	9.77254	0	9.77517	0	9.77517	0
9.77517	0	9.77517	0	9.77517	0	9.77517	0	9.77517	0	9.77517	0	9.77517	0	9.77517	0	9.77517	0	9.77517	0	9.77517	0	9.77517	0	9.77517	0	9.77517	0	9.77517	0	9.77465	0	9.77517	0	9.77517	0	9.77517	0	9.77517	0	9.77517	0	9.77517	0	9.77254	0	9.77517	0	9.77517	0
9.77517	0	9.77517	0	9.77517	0	9.77517	0	9.77517	0	9.77517	0	9.77517	0	9.77517	0	9.77517	0	9.77517	0	9.77517	0	9.77517	0	9.77517	0	9.77517	0	9.77517	0	9.77465	0	9.77517	0	9.77517	0	9.77517	0	9.77517	0	9.77517	0	9.77517	0	9.77254	0	9.77517	0	9.77517	0
9.77517	0	9.77517	0	9.77517	0	9.77517	0	9.77517	0	9.77517	0	9.77517	0	9.77517	0	9.77517	0	9.77517	0	9.77517	0	9.77517	0	9.77517	0	9.77517	0	9.77517	0	9.77465	0	9.77517	0	9.77517	0	9.77517	0	9.77517	0	9.77517	0	9.77517	0	9.77254	0	9.77517	0	9.77517	0
9.77517	0	9.77517	0	9.77517	0	9.77517	0	9.77517	0	9.77517	0	9.77517	0	9.77517	0	9.77517	0	9.77517	0	9.77517	0	9.77517	0	9.77517	0	9.77517	0	9.77517	0	9.77465	0	9.77517	0	9.77517	0	9.77517	0	9.77517	0	9.77517	0	9.77517	0	9.77254	0	9.77517	0	9.77517	0
9.77517	0	9.77517	0	9.77517	0	9.77517	0	9.77517	0	9.77517	0	9.77517	0	9.77517	0	9.77517	0	9.77517	0	9.77517	0	9.77517	0	9.77517	0	9.77517	0	9.77517	0	9.77465	0	9.77517	0	9.77517	0	9.77517	0	9.77517	0	9.77517	0	9.77517	0	9.77254	0	9.77517	0	9.77517	0
9.77517	0	9.77517	0	9.77517	0	9.77517	0	9.77517	0	9.77517	0	9.77517	0	9.77517	0	9.77517	0	9.77517	0	9.77517	0	9.77517	0	9.77517	0	9.77517	0	9.77517	0	9.77465	0	9.77517	0	9.77517	0	9.77517	0	9.77517	0	9.77517	0	9.77517	0	9.77254	0	9.77517	0	9.77517	0
9.77517	0	9.77517	0	9.77517	0	9.77517	0	9.77517	0	9.77517	0	9.77517	0	9.77517	0	9.77517	0	9.77517	0	9.77517	0	9.77517	0	9.77517	0	9.77517	0	9.77517	0	9.77465	0	9.77517	0	9.77517	0	9.77517	0	9.77517	0	9.77517	0	9.77517	0	9.77254	0	9.77517	0	9.77517	0
9.77517	0	9.77517	0	9.77517	0	9.77517	0	9.77517	0	9.77517	0	9.77517	0	9.77517	0	9.77517	0	9.77517	0	9.77517	0	9.77517	0	9.77517	0	9.77517	0	9.77517	0	9.77465	0	9.77517	0	9.77517	0	9.77517	0	9.77517	0	9.77517	0	9.77517	0	9.77254	0	9.77517	0	9.77517	0
9.77517	0	9.77517	0	9.77517	0	9.77517	0	9.77517	0	9.77517	0	9.77517	0	9.77517	0	9.77517	0	9.77517	0	9.77517	0	9.77517	0	9.77517	0	9.77517	0	9.77517	0	9.77465	0	9.77517	0	9.77517	0	9.77517	0	9.77517	0	9.77517	0	9.77517	0	9.77254	0	9.77517	0	9.77517	0
9.77517	0	9.77517	0	9.77517	0	9.77517	0	9.77517	0	9.77517	0	9.77517	0	9.77517	0	9.77517	0	9.77517	0	9.77517	0	9.77517	0	9.77517	0	9.77517	0	9.77517	0	9.77465	0	9.77517	0	9.77517	0	9.77517	0	9.77517	0	9.77517	0	9.77517	0	9.77254	0	9.77517	0	9.77517	0
9.77517	0	9.77517	0	9.77517	0	9.77517	0	9.77517	0	9.77517	0	9.77517	0	9.77517	0	9.77517	0	9.77517	0	9.77517	0	9.77517	0	9.77517	0	9.77517	0	9.77517	0	9.77465	0	9.77517	0	9.77517	0	9.77517	0	9.77517	0	9.77517	0	9.77517	0	9.77254	0	9.77517	0	9.77517	0
9.77517	0	9.77517	0	9.77517	0	9.77517	0	9.77517	0	9.77517	0	9.77517	0	9.77517	0	9.77517	0	9.77517	0	9.77517	0	9.77517	0	9.77517	0	9.77517	0	9.77517	0	9.77465	0	9.77517	0	9.77517	0	9.77517	0	9.77517	0	9.77517	0	9.77517	0	9.77254	0	9.77517	0	9.77517	0
9.77517	0	9.77517	0	9.77517	0	9.77517	0	9.77517	0	9.77517	0	9.77517	0	9.77517	0	9.77517	0	9.77517	0	9.77517	0	9.77517	0	9.77517	0	9.77517	0	9.77517	0	9.77465	0	9.77517	0	9.77517	0	9.77517	0	9.77517	0	9.77517	0	9.77517	0	9.77254	0	9.77517	0	9.77517	0
9.77517	0	9.77517	0	9.77517	0	9.77517	0	9.77517	0	9.77517	0	9.77517	0	9.77517	0	9.77517	0	9.77517	0	9.77517	0	9.77517	0	9.77517	0	9.77517	0	9.77517	0	9.77465	0	9.77517	0	9.77517	0	9.77517	0	9.77517	0	9.77517	0	9.77517	0	9.77254	0	9.77517	0	9.77517	0
9.77517	0	9.77517	0	9.77517	0	9.77517	0	9.77517	0	9.77517	0	9.77517	0	9.77517	0	9.77517	0	9.77517	0	9.77517	0	9.77517	0	9.77517	0	9.77517	0	9.77517	0	9.77465	0	9.77517	0	9.77517	0	9.77517	0	9.77517	0	9.77517	0	9.77517	0	9.77254	0	9.77517	0	9.77517	0
9.77517	0	9.77517	0	9.77517	0	9.77517	0	9.77517	0	9.77517	0	9.77517	0	9.77517	0	9.77517	0	9.77517	0	9.77517	0	9.77517	0	9.77517	0	9.77517	0	9.77517	0	9.77465	0	9.77517	0	9.77517	0	9.77517	0	9.77517	0	9.77517	0	9.77517	0	9.77254	0	9.77517	0	9.77517	0
9.77517	0	9.77517	0	9.77517	0	9.77517	0	9.77517	0	9.77517	0	9.77517	0	9.77517	0	9.77517	0	9.77517	0	9.77517	0	9.77517	0	9.77517	0	9.77517	0	9.77517	0	9.77465	0	9.77517	0	9.77517	0	9.77517	0	9.77517	0	9.77517	0	9.77517	0	9.77254	0	9.77517	0	9.77517	0
9.77517	0	9.77517	0	9.77517	0	9.77517	0	9.77517	0	9.77517	0	9.77517	0	9.77517	0	9.77517	0	9.77517	0	9.77517	0	9.77517	0	9.77517	0	9.77517	0	9.77517	0	9.77465	0	9.77517	0	9.77517	0	9.77517	0	9.77517	0	9.77517	0	9.77517	0	9.77254	0	9.77517	0	9.77517	0
9.77517	0	9.77517	0	9.77517	0	9.77517	0	9.77517	0	9.77517	0	9.77517	0	9.77517	0	9.77517	0	9.77517	0	9.77517	0	9.77517	0	9.77517	0	9.77517	0	9.77517	0	9.77465	0	9.77517	0	9.77517	0	9.77517	0	9.77517	0	9.77517	0	9.77517	0	9.77254	0	9.77517	0	9.77517	0
9.77517	0	9.77517	0	9.77517	0	9.77517	0	9.77517	0	9.77517	0	9.77517	0	9.77517	0	9.77517	0	9.77517	0	9.77517	0	9.77517	0	9.77517	0	9.77517	0	9.77517	0	9.77465	0	9.77517	0	9.77517	0	9.77517	0	9.77517	0	9.77517	0	9.77517	0	9.77254	0	9.77517	0	9.77517	0
9.77517	0	9.77517	0	9.77517	0	9.77517	0	9.77517	0	9.77517	0	9.77517	0	9.77517	0	9.77517	0	9.77517	0	9.77517	0	9.77517	0	9.77517	0	9.77517	0	9.77517	0	9.77465	0	9.77517	0	9.77517	0	9.77517	0	9.77517	0	9.77517	0	9.77517	0	9.77254	0	9.77517	0	9.77517	0
9.77517	0	9.77517	0	9.77517	0	9.77517	0	9.77517	0	9.77517	0	9.77517	0	9.77517	0	9.77517	0	9.77517	0	9.77517	0	9.77517	0	9.77517	0	9.77517	0	9.77517	0	9.77465	0	9.77517	0	9.77517	0	9.77517	0	9.77517	0	9.77517	0	9.77517	0	9.77254	0	9.77517	0	9.77517	0
9.77517	0	9.77517	0	9.77517	0	9.77517	0	9.77517	0	9.77517	0	9.77517	0	9.77517	0	9.77517	0	9.77517	0	9.77517	0	9.77517	0	9.77517	0	9.77517	0	9.77517	0	9.77465	0	9.77517	0	9.77517	0	9.77517	0	9.77517	0	9.77517	0	9.77517	0	9.77254	0	9.77517	0	9.77517	0
9.77517	0	9.77517	0	9.77517	0	9.77517	0	9.77517	0	9.77517	0	9.77517	0	9.77517	0	9.77517	0	9.77517	0	9.77517	0	9.77517	0	9.77517	0	9.77517	0	9.77517	0	9.77465	0	9.77517	0	9.77517	0	9.77517	0	9.77517	0	9.77517	0	9.77517	0	9.77254	0	9.77517	0	9.77517	0
9.77517	0	9.77517	0	9.77517	0	9.77517	0	9.77517	0	9.77517	0	9.77517	0	9.77517	0	9.77517	0	9.77517	0	9.77517	0	9.77517	0	9.77517	0	9.77517	0	9.77517	0	9.77465	0	9.77517	0	9.77517	0	9.77517	0	9.77517	0	9.77517	0	9.77517	0	9.77254	0	9.77517	0	9.77517	0
9.77517	0	9.77517	0	9.77517	0	9.77517	0	9.77517	0	9.77517	0	9.77517	0	9.77517	0	9.77517	0	9.77517	0	9.77517	0	9.77517	0	9.77517	0	9.77517	0	9.77517	0	9.77465	0	9.77517	0	9.77517	0	9.77517	0	9.77517	0	9.77517	0	9.77517	0	9.77254	0	9.77517	0	9.77517	0
9.77517	0	9.77517	0	9.77517	0	9.77517	0	9.77517	0	9.77517	0	9.77517	0	9.77517	0	9.77517	0	9.77517	0	9.77517	0	9.77517	0	9.77517	0	9.77517	0	9.77517	0	9.77465	0	9.77517	0	9.77517	0	9.77517	0	9.77517	0	9.77517	0	9.77517	0	9.77254	0	9.77517	0	9.77517	0
9.77517	0	9.77517	0	9.77517	0	9.77517	0	9.77517	0	9.77517	0	9.77517	0	9.77517	0	9.77517	0	9.77517	0	9.77517	0	9.77517	0	9.77517	0	9.77517	0	9.77517	0	9.77465	0	9.77517	0	9.77517	0	9.77517	0	9.77517	0	9.77517	0	9.77517	0	9.77254	0	9.77517	0	9.77517	0
9.77517	0	9.77517	0	9.77517	0	9.77517	0	9.77517	0	9.77517	0	9.77517	0	9.77517	0	9.77517	0	9.77517	0	9.77517	0	9.77517	0	9.77517	0	9.77517	0	9.77517	0	9.77465	0	9.77517	0	9.77517	0	9.77517	0	9.77517	0	9.77517	0	9.77517	0	9.77254	0	9.77517	0	9.77517	0
9.77517	0	9.77517	0	9.77517	0	9.77517	0	9.77517	0	9.77517	0	9.77517	0	9.77517	0	9.77517	0	9.77517	0	9.77517	0	9.77517	0	9.77517	0	9.77517	0	9.77517	0	9.77465	0	9.77517	0	9.77517	0	9.77517	0	9.77517	0	9.77517	0	9.77517	0	9.77254	0	9.77517	0	9.77517	0
9.77517	0	9.77517	0	9.77517	0	9.77517	0	9.77517	0	9.77517	0	9.77517	0	9.77517	0	9.77517	0	9.77517	0	9.77517	0	9.77517	0	9.77517	0	9.77517	0	9.77517	0	9.77465	0	9.77517	0	9.77517	0	9.77517	0	9.77517	0	9.77517	0	9.77517	0	9.77254	0	9.77517	0	9.77517	0
9.77517	0	9.77517	0	9.77517	0	9.77517	0	9.77517	0	9.77517	0	9.77517	0	9.77517	0	9.77517	0	9.77517	0	9.77517	0	9.77517	0	9.77517	0	9.77517	0	9.77517	0	9.77465	0	9.77517	0	9.77517	0	9.77517	0	9.77517	0	9.77517	0	9.77517	0	9.77254	0	9.77517	0	9.77517	0
9.77517	0	9.77517	0	9.77517	0	9.77517	0	9.77517	0	9.77517	0	9.77517	0	9.77517	0	9.77517	0	9.77517	0	9.77517	0	9.77517	0	9.77517	0	9.77517	0	9.77517	0	9.77465	0	9.77517	0	9.77517	0	9.77517	0	9.77517	0	9.77517	0	9.77517	0	9.77254	0	9.77517	0	9.77517	0
9.77517	0	9.77517	0	9.77517	0	9.77517	0	9.77517	0	9.77517	0	9.77517	0	9.77517	0	9.77517	0	9.77517	0	9.77517	0	9.77517	0	9.77517	0	9.77517	0	9.77517	0	9.77465	0	9.77517	0	9.77517	0	9.77517	0	9.77517	0	9.77517	0	9.77517	0	9.77254	0	9.77517	0	9.77517	0
9.77517	0	9.77517	0	9.77517	0	9.77517	0	9.77517	0	9.77517	0	9.77517	0	9.77517	0	9.77517	0	9.77517	0	9.77517	0	9.77517	0	9.77517	0	9.77517	0	9.77517	0	9.77465	0	9.77517	0	9.77517	0	9.77517	0	9.77517	0	9.77517	0	9.77517	0	9.77254	0	9.77517	0	9.77517	0
9.77517	0	9.77517	0	9.77517	0	9.77517	0	9.77517	0	9.77517	0	9.77517	0	9.77517	0	9.77517	0	9.77517	0	9.77517	0	9.77517	0	9.77517	0	9.77517	0	9.77517	0	9.77465	0	9.77517	0	9.77517	0	9.77517	0	9.77517	0	9.77517	0	9.77517	0	9.77254	0	9.77517	0	9.77517	0
9.77517	0	9.77517	0	9.77517	0	9.77517	0	9.77517	0	9.77517	0	9.77517	0	9.77517	0	9.77517	0	9.77517	0	9.77517	0	9.77517	0	9.77517	0	9.77517	0	9.77517	0	9.77465	0	9.77517	0	9.77517	0	9.77517	0	9.77517	0	9.77517	0	9.77517	0	9.77254	0	9.77517	0	9.77517	0
9.77517	0	9.77517	0	9.77517	0	9.77517	0	9.77517	0	9.77517	0	9.77517	0	9.77517	0	9.77517	0	9.77517	0	9.77517	0	9.77517	0	9.77517	0	9.77517	0	9.77517	0	9.77465	0	9.77517	0	9.77517	0	9.77517	0	9.77517	0	9.77517	0	9.77517	0	9.77254	0	9.77517	0	9.77517	0
9.77517	0	9.77517	0	9.77517	0	9.77517	0	9.77517	0	9.77517	0	9.77517	0	9.77517	0	9.77517	0	9.77517	0	9.77517	0	9.77517	0	9.77517	0	9.77517	0	9.77517	0	9.77465	0	9.77517	0	9.77517	0	9.77517	0	9.77517	0	9.77517	0	9.77517	0	9.77254	0	9.77517	0	9.77517	0
9.77517	0	9.77517	0	9.77517	0	9.77517	0	9.77517	0	9.77517	0	9.77517	0	9.77517	0	9.77517	0	9.77517	0	9.77517	0	9.77517	0	9.77517	0	9.77517	0	9.77517	0	9.77465	0	9.77517	0	9.77517	0	9.77517	0	9.77517	0	9.77517	0	9.77517	0	9.77254	0	9.77517	0	9.77517	0
9.77517	0	9.77517	0	9.77517	0	9.77517	0	9.77517	0	9.77517	0	9.77517	0	9.77517	0	9.77517	0	9.77517	0	9.77517	0	9.77517	0	9.77517	0	9.77517	0	9.77517	0	9.77465	0	9.77517	0	9.77517	0	9.77517	0	9.77517	0	9.77517	0	9.77517	0	9.77254	0	9.77517	0	9.77517	0
9.77517	0	9.77517	0	9.77517	0	9.77517	0	9.77517	0	9.77517	0	9.77517	0	9.77517	0	9.77517	0	9.77517	0	9.77517	0	9.77517	0	9.77517	0	9.77517	0	9.77517	0	9.77465	0	9.77517	0	9.77517	0	9.77517	0	9.77517	0	9.77517	0	9.77517	0	9.77254	0	9.77517	0	9.77517	0
9.77517	0	9.77517	0	9.77517	0	9.77517	0	9.77517	0	9.77517	0	9.77517	0	9.77517	0	9.77517	0	9.77517	0	9.77517	0	9.77517	0	9.77517	0	9.77517	0	9.77517	0	9.77465	0	9.77517	0	9.77517	0	9.77517	0	9.77517	0	9.77517	0	9.77517	0	9.77254	0	9.77517	0	9.77517	0
9.77517	0	9.77517	0	9.77517	0	9.77517	0	9.77517	0	9.77517	0	9.77517	0	9.77517	0	9.77517	0	9.77517	0	9.77517	0	9.77517	0	9.77517	0	9.77517	0	9.77517	0	9.77465	0	9.77517	0	9.77517	0	9.77517	0	9.77517	0	9.77517	0	9.77517	0	9.77254	0	9.77517	0	9.77517	0
9.77517	0	9.77517	0	9.77517	0	9.77517	0	9.77517	0	9.77517	0	9.77517	0	9.77517	0	9.77517	0	9.77517	0	9.77517	0	9.77517	0	9.77517	0	9.77517	0	9.77517	0	9.77465	0	9.77517	0	9.77517	0	9.77517	0	9.77517	0	9.77517	0	9.77517	0	9.77254	0	9.77517	0	9.77517	0
9.77517	0	9.77517	0	9.77517	0	9.77517	0	9.77517	0	9.77517	0	9.77517	0	9.77517	0	9.77517	0	9.77517	0	9.77517	0	9.77517	0	9.77517	0	9.77517	0	9.77517	0	9.77465	0	9.77517	0	9.77517	0	9.77517	0	9.77517	0	9.77517	0	9.77517	0	9.77254	0	9.77517	0	9.77517	0
9.77517	0	9.77517	0	9.77517	0	9.77517	0	9.77517	0	9.77517	0	9.77517	0	9.77517	0	9.77517	0	9.77517	0	9.77517	0	9.77517	0	9.77517	0	9.77517	0	9.77517	0	9.77465	0	9.77517	0	9.77517	0	9.77517	0	9.77517	0	9.77517	0	9.77517	0	9.77254	0	9.77517	0	9.77517	0
9.77517	0	9.77517	0	9.77517	0	9.77517	0	9.77517	0	9.77517	0	9.77517	0	9.77517	0	9.77517	0	9.77517	0	9.77517	0	9.77517	0	9.77517	0	9.77517	0	9.77517	0	9.77465	0	9.77517	0	9.77517	0	9.77517	0	9.77517	0	9.77517	0	9.77517	0	9.77254	0	9.77517	0	9.77517	0
9.77517	0	9.77517	0	9.77517	0	9.77517	0	9.77517	0	9.77517	0	9.77517	0	9.77517	0	9.77517	0	9.77517	0	9.77517	0	9.77517	0	9.77517	0	9.77517	0	9.77517	0	9.77465	0	9.77517	0	9.77517	0	9.77517	0	9.77517	0	9.77517	0	9.77517	0	9.77254	0	9.77517	0	9.77517	0
9.77517	0	9.77517	0	9.77517	0	9.77517	0	9.77517	0	9.77517	0	9.77517	0	9.77517	0	9.77517	0	9.77517	0	9.77517	0	9.77517	0	9.77517	0	9.77517	0	9.77517	0	9.77465	0	9.77517	0	9.77517	0	9.77517	0	9.77517	0	9.77517	0	9.77517	0	9.77254	0	9.77517	0	9.77517	0
9.77517	0	9.77517	0	9.77517	0	9.77517	0	9.77517	0	9.77517	0	9.77517	0	9.77517	0	9.77517	0	9.77517	0	9.77517	0	9.77517	0	9.77517	0	9.77517	0	9.77517	0	9.77465	0	9.77517	0	9.77517	0	9.77517	0	9.77517	0	9.77517	0	9.77517	0	9.77254	0	9.77517	0	9.77517	0
9.77517	0	9.77517	0	9.77517	0	9.77517	0	9.77517	0	9.77517	0	9.77517	0	9.77517	0	9.77517	0	9.77517	0	9.77517	0	9.77517	0	9.77517	0	9.77517	0	9.77517	0	9.77465	0	9.77517	0	9.77517	0	9.77517	0	9.77517	0	9.77517	0	9.77517	0	9.77254	0	9.77517	0	9.77517	0
9.77517	0	9.77517	0	9.77517	0	9.77517	0	9.77517	0	9.77517	0	9.77517	0	9.77517	0	9.77517	0	9.77517	0	9.77517	0	9.77517	0	9.77517	0	9.77517	0	9.77517	0	9.77465	0	9.77517	0	9.77517	0	9.77517	0	9.77517	0	9.77517	0	9.77517	0	9.77254	0	9.77517	0	9.77517	0
9.77517	0	9.77517	0	9.77517	0	9.77517	0	9.77517	0	9.77517	0	9.77517	0	9.77517	0	9.77517	0	9.77517	0	9.77517	0	9.77517	0	9.77517	0	9.77517	0	9.77517	0	9.77465	0	9.77517	0	9.77517	0	9.77517	0	9.77517	0	9.77517	0	9.77517	0	9.77254	0	9.77517	0	9.77517	0
9.77517	0	9.77517	0	9.77517	0	9.77517	0	9.77517	0	9.77517	0	9.77517	0	9.77517	0	9.77517	0	9.77517	0	9.77517	0	9.77517	0	9.77517	0	9.77517	0	9.77517	0	9.77465	0	9.77517	0	9.77517	0	9.77517	0	9.77517	0	9.77517	0	9.77517	0	9.77254	0	9.77517	0	9.77517	0
9.77517	0	9.77517	0	9.77517	0	9.77517	0	9.77517	0	9.77517	0	9.77517	0	9.77517	0	9.77517	0	9.77517	0	9.77517	0	9.77517	0	9.77517	0	9.77517	0	9.77517	0	9.77465	0	9.77517	0	9.77517	0	9.77517	0	9.77517	0	9.77517	0	9.77517	0	9.77254	0	9.77517	0	9.77517	0
9.77517	0	9.77517	0	9.77517	0	9.77517	0	9.77517	0	9.77517	0	9.77517	0	9.77517	0	9.77517	0	9.77517	0	9.77517	0	9.77517	0	9.77517	0	9.77517	0	9.77517	0	9.77465	0	9.77517	0	9.77517	0	9.77517	0	9.77517	0	9.77517	0	9.77517	0	9.77254	0	9.77517	0	9.77517	0
9.77517	0	9.77517	0	9.77517	0	9.77517	0	9.77517	0	9.77517	0	9.77517	0	9.77517	0	9.77517	0	9.77517	0	9.77517	0	9.77517	0	9.77517	0	9.77517	0	9.77517	0	9.77465	0	9.77517	0	9.77517	0	9.77517	0	9.77517	0	9.77517	0	9.77517	0	9.77254	0	9.77517	0	9.77517	0
9.77517	0	9.77517	0	9.77517	0	9.77517	0	9.77517	0	9.77517	0	9.77517	0	9.77517	0	9.77517	0	9.77517	0	9.77517	0	9.77517	0	9.77517	0	9.77517	0	9.77517	0	9.77465	0	9.77517	0	9.77517	0	9.77517	0	9.77517	0	9.77517	0	9.77517	0	9.77254	0	9.77517	0	9.77517	0
9.77517	0	9.77517	0	9.77517	0	9.77517	0	9.77517	0	9.77517	0	9.77517	0	9.77517	0	9.77517	0	9.77517	0	9.77517	0	9.77517	0	9.77517	0	9.77517	0	9.77517	0	9.77465	0	9.77517	0	9.77517	0	9.77517	0	9.77517	0	9.77517	0	9.77517	0	9.77254	0	9.77517	0	9.77517	0
9.77517	0	9.77517	0	9.77517	0	9.77517	0	9.77517	0	9.77517	0	9.77517	0	9.77517	0	9.77517	0	9.77517	0	9.77517	0	9.77517	0	9.77517	0	9.77517	0	9.77517	0	9.77465	0	9.77517	0	9.77517	0	9.77517	0	9.77517	0	9.77517	0	9.77517	0	9.77254	0	9.77517	0	9.77517	0
9.77517	0	9.77517	0	9.77517	0	9.77517	0	9.77517	0	9.77517	0	9.77517	0	9.77517	0	9.77517	0	9.77517	0	9.77517	0	9.77517	0	9.77517	0	9.77517	0	9.77517	0	9.77465	0	9.77517	0	9.77517	0	9.77517	0	9.77517	0	9.77517	0	9.77517	0	9.77254	0	9.77517	0	9.77517	0
9.77517	0	9.77517	0	9.77517	0	9.77517	0	9.77517	0	9.77517	0	9.77517	0	9.77517	0	9.77517	0	9.77517	0	9.77517	0	9.77517	0	9.77517	0	9.77517	0	9.77517	0	9.77465	0	9.77517	0	9.77517	0	9.77517	0	9.77517	0	9.77517	0	9.77517	0	9.77254	0	9.77517	0	9.77517	0
9.77517	0	9.77517	0	9.77517	0	9.77517	0	9.77517	0	9.77517	0	9.77517	0	9.77517	0	9.77517	0	9.77517	0	9.77517	0	9.77517	0	9.77517	0	9.77517	0	9.77517	0	9.77465	0	9.77517	0	9.77517	0	9.77517	0	9.77517	0	9.77517	0	9.77517	0	9.77254	0	9.77517	0	9.77517	0
9.77517	0	9.77517	0	9.77517	0	9.77517	0	9.77517	0	9.77517	0	9.77517	0	9.77517	0	9.77517	0	9.77517	0	9.77517	0	9.77517	0	9.77517	0	9.77517	0	9.77517	0	9.77465	0	9.77517	0	9.77517	0	9.77517	0	9.77517	0	9.77517	0	9.77517	0	9.77254	0	9.77517	0	9.77517	0
9.77517	0	9.77517	0	9.77517	0	9.77517	0	9.77517	0	9.77517	0	9.77517	0	9.77517	0	9.77517	0	9.77517	0	9.77517	0	9.77517	0	9.77517	0	9.77517	0	9.77517	0	9.77465	0	9.77517	0	9.77517	0	9.77517	0	9.77517	0	9.77517	0	9.77517	0	9.77254	0	9.77517	0	9.77517	0
9.77517	0	9.77517	0	9.77517	0	9.77517	0	9.77517	0	9.77517	0	9.77517	0	9.77517	0	9.77517	0	9.77517	0	9.77517	0	9.77517	0	9.77517	0	9.77517	0	9.77517	0	9.77465	0	9.77517	0	9.77517	0	9.77517	0	9.77517	0	9.77517	0	9.77517	0	9.77254	0	9.77517	0	9.77517	0
9.77517	0	9.77517	0	9.77517	0	9.77517	0	9.77517	0	9.77517	0	9.77517	0	9.77517	0	9.77517	0	9.77517	0	9.77517	0	9.77517	0	9.77517	0	9.77517	0	9.77517	0	9.77465	0	9.77517	0	9.77517	0	9.77517	0	9.77517	0	9.77517	0	9.77517	0	9.77254	0	9.77517	0	9.77517	0
9.77517	0	9.77517	0	9.77517	0	9.77517	0	9.77517	0	9.77517	0	9.77517	0	9.77517	0	9.77517	0	9.77517	0	9.77517	0	9.77517	0	9.77517	0	9.77517	0	9.77517	0	9.77465	0	9.77517	0	9.77517	0	9.77517	0	9.77517	0	9.77517	0	9.77517	0	9.77254	0	9.77517	0	9.77517	0
9.77517	0	9.77517	0	9.77517	0	9.77517	0	9.77517	0	9.77517	0	9.77517	0	9.77517	0	9.77517	0	9.77517	0	9.77517	0	9.77517	0	9.77517	0	9.77517	0	9.77517	0	9.77465	0	9.77517	0	9.77517	0	9.77517	0	9.77517	0	9.77517	0	9.77517	0	9.77254	0	9.77517	0	9.77517	0
9.77517	0	9.77517	0	9.77517	0	9.77517	0	9.77517	0	9.77517	0	9.77517	0	9.77517	0	9.77517	0	9.77517	0	9.77517	0	9.77517	0	9.77517	0	9.77517	0	9.77517	0	9.77465	0	9.77517	0	9.77517	0	9.77517	0	9.77517	0	9.77517	0	9.77517	0	9.77254	0	9.77517	0	9.77517	0
9.77517	0	9.77517	0	9.77517	0	9.77517	0	9.77517	0	9.77517	0	9.77517	0	9.77517	0	9.77517	0	9.77517	0	9.77517	0	9.77517	0	9.77517	0	9.77517	0	9.77517	0	9.77465	0	9.77517	0	9.77517	0	9.77517	0	9.77517	0	9.77517	0	9.77517	0	9.77254	0	9.77517	0	9.77517	0
9.77517	0	9.77517	0	9.77517	0	9.77517	0	9.77517	0	9.77517	0	9.77517	0	9.77517	0	9.77517	0	9.77517	0	9.77517	0	9.77517	0	9.77517	0	9.77517	0	9.77517	0	9.77465	0	9.77517	0	9.77517	0	9.77517	0	9.77517	0	9.77517	0	9.77517	0	9.77254	0	9.77517	0	9.77517	0
9.77517	0	9.77517	0	9.77517	0	9.77517	0	9.77517	0	9.77517	0	9.77517	0	9.77517	0	9.77517	0	9.77517	0	9.77517	0	9.77517	0	9.77517	0	9.77517	0	9.77517	0	9.77465	0	9.77517	0	9.77517	0	9.77517	0	9.77517	0	9.77517	0	9.77517	0	9.77254	0	9.77517	0	9.77517	0
9.77517	0	9.77517	0	9.77517	0	9.77517	0	9.77517	0	9.77517	0	9.77517	0	9.77517	0	9.77517	0	9.77517	0	9.77517	0	9.77517	0	9.77517	0	9.77517	0	9.77517	0	9.77465	0	9.77517	0	9.77517	0	9.77517	0	9.77517	0	9.77517	0	9.77517	0	9.77254	0	9.77517	0	9.77517	0
9.77517	0	9.77517	0	9.77517	0	9.77517	0	9.77517	0	9.77517	0	9.77517	0	9.77517	0	9.77517	0	9.77517	0	9.77517	0	9.77517	0	9.77517	0	9.77517	0	9.77517	0	9.77465	0	9.77517	0	9.77517	0	9.77517	0	9.77517	0	9.77517	0	9.77517	0	9.77254	0	9.77517	0	9.77517	0
9.77517	0	9.77517	0	9.77517	0	9.77517	0	9.77517	0	9.77517	0	9.77517	0	9.77517	0	9.77517	0	9.77517	0	9.77517	0	9.77517	0	9.77517	0	9.77517	0	9.77517	0	9.77465	0	9.77517	0	9.77517	0	9.77517	0	9.77517	0	9.77517	0	9.77517	0	9.77254	0	9.77517	0	9.77517	0
9.77517	0	9.77517	0	9.77517	0	9.77517	0	9.77517	0	9.77517	0	9.77517	0	9.77517	0	9.77517	0	9.77517	0	9.77517	0	9.77517	0	9.77517	0	9.77517	0	9.77517	0	9.77465	0	9.77517	0	9.77517	0	9.77517	0	9.77517	0	9.77517	0	9.77517	0	9.77254	0	9.77517	0	9.77517	0
9.77517	0	9.77517	0	9.77517	0	9.77517	0	9.77517	0	9.77517	0	9.77517	0	9.77517	0	9.77517	0	9.77517	0	9.77517	0	9.77517	0	9.77517	0	9.77517	0	9.77517	0	9.77465	0	9.77517	0	9.77517	0	9.77517	0	9.77517	0	9.77517	0	9.77517	0	9.77254	0	9.77517	0	9.77517	0
9.77517	0	9.77517	0	9.77517	0	9.77517	0	9.77517	0	9.77517	0	9.77517	0	9.77517	0	9.77517	0	9.77517	0	9.77517	0	9.77517	0	9.77517	0	9.77517	0	9.77517	0	9.77465	0	9.77517	0	9.77517	0	9.77517	0	9.77517	0	9.77517	0	9.77517	0	9.77254	0	9.77517	0	9.77517	0
9.77517	0	9.77517	0	9.77517	0	9.77517	0	9.77517	0	9.77517	0	9.77517	0	9.77517	0	9.77517	0	9.77517	0	9.77517	0	9.77517	0	9.77517	0	9.77517	0	9.77517	0	9.77465	0	9.77517	0	9.77517	0	9.77517	0	9.77517	0	9.77517	0	9.77517	0	9.77254	0	9.77517	0	9.77517	0
9.77517	0	9.77517	0	9.77517	0	9.77517	0	9.77517	0	9.77517	0	9.77517	0	9.77517	0	9.77517	0	9.77517	0	9.77517	0	9.77517	0	9.77517	0	9.77517	0	9.77517	0	9.77465	0	9.77517	0	9.77517	0	9.77517	0	9.77517	0	9.77517	0	9.77517	0	9.77254	0	9.77517	0	9.77517	0
9.77517	0	9.77517	0	9.77517	0	9.77517	0	9.77517	0	9.77517	0	9.77517	0	9.77517	0	9.77517	0	9.77517	0	9.77517	0	9.77517	0	9.77517	0	9.77517	0	9.77517	0	9.77465	0	9.77517	0	9.77517	0	9.77517	0	9.77517	0	9.77517	0	9.77517	0	9.77254	0	9.77517	0	9.77517	0
9.77517	0	9.77517	0	9.77517	0	9.77517	0	9.77517	0	9.77517	0	9.77517	0	9.77517	0	9.77517	0	9.77517	0	9.77517	0	9.77517	0	9.77517	0	9.77517	0	9.77517	0	9.77465	0	9.77517	0	9.77517	0	9.77517	0	9.77517	0	9.77517	0	9.77517	0	9.77254	0	9.77517	0	9.77517	0
9.77517	0	9.77517	0	9.77517	0	9.77517	0	9.77517	0	9.77517	0	9.77517	0	9.77517	0	9.77517	0	9.77517	0	9.77517	0	9.77517	0	9.77517	0	9.77517	0	9.77517	0	9.77465	0	9.77517	0	9.77517	0	9.77517	0	9.77517	0	9.77517	0	9.77517	0	9.77254	0	9.77517	0	9.77517	0
9.77517	0	9.77517	0	9.77517	0	9.77517	0	9.77517	0	9.77517	0	9.77517	0	9.77517	0	9.77517	0	9.77517	0	9.77517	0	9.77517	0	9.77517	0	9.77517	0	9.77517	0	9.77465	0	9.77517	0	9.77517	0	9.77517	0	9.77517	0	9.77517	0	9.77517	0	9.77254	0	9.77517	0	9.77517	0
9.77517	0	9.77517	0	9.77517	0	9.77517	0	9.77517	0	9.77517	0	9.77517	0	9.77517	0	9.77517	0	9.77517	0	9.77517	0	9.77517	0	9.77517	0	9.77517	0	9.77517	0	9.77465	0	9.77517	0	9.77517	0	9.77517	0	9.77517	0	9.77517	0	9.77517	0	9.77254	0	9.77517	0	9.77517	0
9.77517	0	9.77517	0	9.77517	0	9.77517	0	9.77517	0	9.77517	0	9.77517	0	9.77517	0	9.77517	0	9.77517	0	9.77517	0	9.77517	0	9.77517	0	9.77517	0	9.77517	0	9.77465	0	9.77517	0	9.77517	0	9.77517	0	9.77517	0	9.77517	0	9.77517	0	9.77254	0	9.77517	0	9.77517	0
9.77517	0	9.77517	0	9.77517	0	9.77517	0	9.77517	0	9.77517	0	9.77517	0	9.77517	0	9.77517	0	9.77517	0	9.77517	0	9.77517	0	9.77517	0	9.77517	0	9.77517	0	9.77465	0	9.77517	0	9.77517	0	9.77517	0	9.77517	0	9.77517	0	9.77517	0	9.77254	0	9.77517	0	9.77517	0
9.77517	0	9.77517	0	9.77517	0	9.77517	0	9.77517	0	9.77517	0	9.77517	0	9.77517	0	9.77517	0	9.77517	0	9.77517	0	9.77517	0	9.77517	0	9.77517	0	9.77517	0	9.77465	0	9.77517	0	9.77517	0	9.77517	0	9.77517	0	9.77517	0	9.77517	0	9.77254	0	9.77517	0	9.77517	0
9.77517	0	9.77517	0	9.77517	0	9.77517	0	9.77517	0	9.77517	0	9.77517	0	9.77517	0	9.77517	0	9.77517	0	9.77517	0	9.77517	0	9.77517	0	9.77517	0	9.77517	0	9.77465	0	9.77517	0	9.77517	0	9.77517	0	9.77517	0	9.77517	0	9.77517	0	9.77254	0	9.77517	0	9.77517	0
9.77517	0	9.77517	0	9.77517	0	9.77517	0	9.77517	0	9.77517	0	9.77517	0	9.77517	0	9.77517	0	9.77517	0	9.77517	0	9.77517	0	9.77517	0	9.77517	0	9.77517	0	9.77465	0	9.77517	0	9.77517	0	9.77517	0	9.77517	0	9.77517	0	9.77517	0	9.77254	0	9.77517	0	9.77517	0
9.77517	0	9.77517	0	9.77517	0	9.77517	0	9.77517	0	9.77517	0	9.77517	0	9.77517	0	9.77517	0	9.77517	0	9.77517	0	9.77517	0	9.77517	0	9.77517	0	9.77517	0	9.77465	0	9.77517	0	9.77517	0	9.77517	0	9.77517	0	9.77517	0	9.77517	0	9.77254	0	9.77517	0	9.77517	0
9.77517	0	9.77517	0	9.77517	0	9.77517	0	9.77517	0	9.77517	0	9.77517	0	9.77517	0	9.77517	0	9.77517	0	9.77517	0	9.77517	0	9.77517	0	9.77517	0	9.77517	0	9.77465	0	9.77517	0	9.77517	0	9.77517	0	9.77517	0	9.77517	0	9.77517	0	9.77254	0	9.77517	0	9.77517	0
9.77517	0	9.77517	0	9.77517	0	9.77517	0	9.77517	0	9.77517	0	9.77517	0	9.77517	0	9.77517	0	9.77517	0	9.77517	0	9.77517	0	9.77517	0	9.77517	0	9.77517	0	9.77503	0	9.77517	0	9.77517	0	9.77517	0	9.77517	0	9.77517	0	9.77517	0	9.77254	0	9.77517	0	9.77517	0
9.77517	0	9.77517	0	9.77517	0	9.77517	0	9.77517	0	9.77517	0	9.77517	0	9.77517	0	9.77517	0	9.77517	0	9.77517	0	9.77517	0	9.77517	0	9.77517	0	9.77517	0	9.77503	0	9.77517	0	9.77517	0	9.77517	0	9.77517	0	9.77517	0	9.77517	0	9.77254	0	9.77517	0	9.77517	0
9.77517	0	9.77517	0	9.77517	0	9.77517	0	9.77517	0	9.77517	0	9.77517	0	9.77517	0	9.77517	0	9.77517	0	9.77517	0	9.77517	0	9.77517	0	9.77517	0	9.77517	0	9.77503	0	9.77517	0	9.77517	0	9.77517	0	9.77517	0	9.77517	0	9.77517	0	9.77254	0	9.77517	0	9.77517	0
9.77517	0	9.77517	0	9.77517	0	9.77517	0	9.77517	0	9.77517	0	9.77517	0	9.77517	0	9.77517	0	9.77517	0	9.77517	0	9.77517	0	9.77517	0	9.77517	0	9.77517	0	9.77503	0	9.77517	0	9.77517	0	9.77517	0	9.77517	0	9.77517	0	9.77517	0	9.77254	0	9.77517	0	9.77517	0
9.77517	0	9.77517	0	9.77517	0	9.77517	0	9.77517	0	9.77517	0	9.77517	0	9.77517	0	9.77517	0	9.77517	0	9.77517	0	9.77517	0	9.77517	0	9.77517	0	9.77517	0	9.77503	0	9.77517	0	9.77517	0	9.77517	0	9.77517	0	9.77517	0	9.77517	0	9.77254	0	9.77517	0	9.77517	0
9.77517	0	9.77517	0	9.77517	0	9.77517	0	9.77517	0	9.77517	0	9.77517	0	9.77517	0	9.77517	0	9.77517	0	9.77517	0	9.77517	0	9.77517	0	9.77517	0	9.77517	0	9.77503	0	9.77517	0	9.77517	0	9.77517	0	9.77517	0	9.77517	0	9.77517	0	9.77254	0	9.77517	0	9.77517	0
9.77517	0	9.77517	0	9.77517	0	9.77517	0	9.77517	0	9.77517	0	9.77517	0	9.77517	0	9.77517	0	9.77517	0	9.77517	0	9.77517	0	9.77517	0	9.77517	0	9.77517	0	9.77503	0	9.77517	0	9.77517	0	9.77517	0	9.77517	0	9.77517	0	9.77517	0	9.77254	0	9.77517	0	9.77517	0
9.77517	0	9.77517	0	9.77517	0	9.77517	0	9.77517	0	9.77517	0	9.77517	0	9.77517	0	9.77517	0	9.77517	0	9.77517	0	9.77517	0	9.77517	0	9.77517	0	9.77517	0	9.77503	0	9.77517	0	9.77517	0	9.77517	0	9.77517	0	9.77517	0	9.77517	0	9.77254	0	9.77517	0	9.77517	0
9.77517	0	9.77517	0	9.77517	0	9.77517	0	9.77517	0	9.77517	0	9.77517	0	9.77517	0	9.77517	0	9.77517	0	9.77517	0	9.77517	0	9.77517	0	9.77517	0	9.77517	0	9.77503	0	9.77517	0	9.77517	0	9.77517	0	9.77517	0	9.77517	0	9.77517	0	9.77254	0	9.77517	0	9.77517	0
9.77517	0	9.77517	0	9.77517	0	9.77517	0	9.77517	0	9.77517	0	9.77517	0	9.77517	0	9.77517	0	9.77517	0	9.77517	0	9.77517	0	9.77517	0	9.77517	0	9.77517	0	9.77503	0	9.77517	0	9.77517	0	9.77517	0	9.77517	0	9.77517	0	9.77517	0	9.77254	0	9.77517	0	9.77517	0
9.77517	0	9.77517	0	9.77517	0	9.77517	0	9.77517	0	9.77517	0	9.77517	0	9.77517	0	9.77517	0	9.77517	0	9.77517	0	9.77517	0	9.77517	0	9.77517	0	9.77517	0	9.77503	0	9.77517	0	9.77517	0	9.77517	0	9.77517	0	9.77517	0	9.77517	0	9.77254	0	9.77517	0	9.77517	0
9.77517	0	9.77517	0	9.77517	0	9.77517	0	9.77517	0	9.77517	0	9.77517	0	9.77517	0	9.77517	0	9.77517	0	9.77517	0	9.77517	0	9.77517	0	9.77517	0	9.77517	0	9.77503	0	9.77517	0	9.77517	0	9.77517	0	9.77517	0	9.77517	0	9.77517	0	9.77254	0	9.77517	0	9.77517	0
9.77517	0	9.77517	0	9.77517	0	9.77517	0	9.77517	0	9.77517	0	9.77517	0	9.77517	0	9.77517	0	9.77517	0	9.77517	0	9.77517	0	9.77517	0	9.77517	0	9.77517	0	9.77503	0	9.77517	0	9.77517	0	9.77517	0	9.77517	0	9.77517	0	9.77517	0	9.77254	0	9.77517	0	9.77517	0
9.77517	0	9.77517	0	9.77517	0	9.77517	0	9.77517	0	9.77517	0	9.77517	0	9.77517	0	9.77517	0	9.77517	0	9.77517	0	9.77517	0	9.77517	0	9.77517	0	9.77517	0	9.77503	0	9.77517	0	9.77517	0	9.77517	0	9.77517	0	9.77517	0	9.77517	0	9.77254	0	9.77517	0	9.77517	0
9.77517	0	9.77517	0	9.77517	0	9.77517	0	9.77517	0	9.77517	0	9.77517	0	9.77517	0	9.77517	0	9.77517	0	9.77517	0	9.77517	0	9.77517	0	9.77517	0	9.77517	0	9.77503	0	9.77517	0	9.77517	0	9.77517	0	9.77517	0	9.77517	0	9.77517	0	9.77254	0	9.77517	0	9.77517	0
9.77517	0	9.77517	0	9.77517	0	9.77517	0	9.77517	0	9.77517	0	9.77517	0	9.77517	0	9.77517	0	9.77517	0	9.77517	0	9.77517	0	9.77517	0	9.77517	0	9.77517	0	9.77503	0	9.77517	0	9.77517	0	9.77517	0	9.77517	0	9.77517	0	9.77517	0	9.77254	0	9.77517	0	9.77517	0
9.77517	0	9.77517	0	9.77517	0	9.77517	0	9.77517	0	9.77517	0	9.77517	0	9.77517	0	9.77517	0	9.77517	0	9.77517	0	9.77517	0	9.77517	0	9.77517	0	9.77517	0	9.77503	0	9.77517	0	9.77517	0	9.77517	0	9.77517	0	9.77517	0	9.77517	0	9.77254	0	9.77517	0	9.77517	0
9.77517	0	9.77517	0	9.77517	0	9.77517	0	9.77517	0	9.77517	0	9.77517	0	9.77517	0	9.77517	0	9.77517	0	9.77517	0	9.77517	0	9.77517	0	9.77517	0	9.77517	0	9.77503	0	9.77517	0	9.77517	0	9.77517	0	9.77517	0	9.77517	0	9.77517	0	9.77254	0	9.77517	0	9.77517	0
9.77517	0	9.77517	0	9.77517	0	9.77517	0	9.77517	0	9.77517	0	9.77517	0	9.77517	0	9.77517	0	9.77517	0	9.77517	0	9.77517	0	9.77517	0	9.77517	0	9.77517	0	9.77503	0	9.77517	0	9.77517	0	9.77517	0	9.77517	0	9.77517	0	9.77517	0	9.77254	0	9.77517	0	9.77517	0
9.77517	0	9.77517	0	9.77517	0	9.77517	0	9.77517	0	9.77517	0	9.77517	0	9.77517	0	9.77517	0	9.77517	0	9.77517	0	9.77517	0	9.77517	0	9.77517	0	9.77517	0	9.77503	0	9.77517	0	9.77517	0	9.77517	0	9.77517	0	9.77517	0	9.77517	0	9.77254	0	9.77517	0	9.77517	0
9.77517	0	9.77517	0	9.77517	0	9.77517	0	9.77517	0	9.77517	0	9.77517	0	9.77517	0	9.77517	0	9.77517	0	9.77517	0	9.77517	0	9.77517	0	9.77517	0	9.77517	0	9.77503	0	9.77517	0	9.77517	0	9.77517	0	9.77517	0	9.77517	0	9.77517	0	9.77254	0	9.77517	0	9.77517	0
