-40.2301	0	-49.0048	0	46.1564	0	-97.3164	0	-132.64	0	-10.1154	0	63.6751	0	-150.989	0	-3.38045	0	-174.74	0	179.523	0	307.323	0	127.569	0	-19.5273	0	-96.9687	0	-30.9833	0	-49.3471	0	257.804	0	146.428	0	45.201	0	297.33	0	-46.6155	0	-99.7499	0	54.3458	0	42.7456	0
-40.2301	0	81.5423	0	46.1564	0	-92.6509	0	33.6729	0	12.9642	0	63.6751	0	-32.1626	0	-3.38045	0	100.014	0	72.1653	0	-37.1732	0	40.5386	0	-19.5273	0	-96.9687	0	-219.011	0	-49.3471	0	-89.0015	0	228.287	0	155.96	0	80.4931	0	47.688	0	-100.064	0	151.199	0	-101.399	0
-154.54	0	-207.907	0	46.1564	0	-92.6509	0	33.6729	0	88.2448	0	-29.3597	0	-32.1626	0	-3.38045	0	100.014	0	72.1653	0	-37.1732	0	40.5386	0	-19.5273	0	-96.9687	0	-219.011	0	-49.3471	0	-9.82198	0	228.287	0	155.96	0	80.4931	0	47.688	0	-100.064	0	151.199	0	-101.399	0
-154.54	0	189.818	0	-32.2156	0	-92.6509	0	-267.932	0	88.2448	0	-29.3597	0	-32.1626	0	-3.38045	0	-27.0095	0	72.1653	0	-37.1732	0	40.5386	0	-19.5273	0	-96.9687	0	-219.011	0	-49.3471	0	-9.82198	0	228.287	0	155.96	0	80.4931	0	47.688	0	-100.064	0	151.199	0	-101.399	0
-154.54	0	-305.698	0	-32.2156	0	-92.6509	0	-267.932	0	88.2448	0	179.826	0	-174.547	0	-74.2278	0	-27.0095	0	72.1653	0	-37.1732	0	-37.5794	0	92.6612	0	232.562	0	-219.011	0	-49.3471	0	-9.82198	0	228.287	0	53.1397	0	80.4931	0	47.688	0	-22.3396	0	151.199	0	-101.399	0
-154.54	0	-305.698	0	33.1537	0	-92.6509	0	-267.932	0	88.2448	0	145.419	0	-174.547	0	-74.2278	0	-107.903	0	72.1653	0	-186.914	0	-58.1676	0	92.6612	0	232.562	0	-219.011	0	-49.3471	0	-9.82198	0	228.287	0	53.1397	0	80.4931	0	47.688	0	-22.3396	0	151.199	0	-101.399	0
-154.54	0	-305.698	0	33.1537	0	-92.6509	0	-267.932	0	88.2448	0	145.419	0	-174.547	0	-74.2278	0	-107.903	0	72.1653	0	198.539	0	-74.7192	0	92.6612	0	232.562	0	-219.011	0	-49.3471	0	-9.82198	0	228.287	0	53.1397	0	80.4931	0	47.688	0	-22.3396	0	151.199	0	-101.399	0
-154.54	0	-305.698	0	33.1537	0	-92.6509	0	-267.932	0	198.199	0	145.419	0	-174.547	0	-74.2278	0	-107.903	0	72.1653	0	-37.7679	0	-74.7192	0	92.6612	0	232.562	0	-219.011	0	-49.3471	0	-9.82198	0	228.287	0	42.0399	0	80.4931	0	-171.349	0	142.971	0	151.199	0	-101.399	0
110.205	0	-108.068	0	33.1537	0	-92.6509	0	-267.932	0	198.199	0	145.419	0	-174.547	0	-74.2278	0	-107.903	0	72.1653	0	-81.7042	0	-74.7192	0	92.6612	0	232.562	0	-219.011	0	-49.3471	0	38.9045	0	228.287	0	42.0399	0	80.4931	0	-171.349	0	142.971	0	-73.0654	0	-101.399	0
110.205	0	-108.068	0	33.1537	0	180.503	0	-267.932	0	198.199	0	145.419	0	-174.547	0	-74.2278	0	31.9646	0	72.1653	0	-81.7042	0	-74.7192	0	92.6612	0	232.562	0	-219.011	0	-49.3471	0	38.9045	0	228.287	0	42.0399	0	80.4931	0	81.1716	0	142.971	0	-73.0654	0	-101.399	0
110.205	0	-108.068	0	33.1537	0	180.503	0	-267.932	0	198.199	0	145.419	0	-174.547	0	-74.2278	0	31.9646	0	72.1653	0	-81.7042	0	-74.7192	0	124.633	0	232.562	0	67.5715	0	-49.3471	0	38.9045	0	228.287	0	42.0399	0	-90.5974	0	81.1716	0	142.971	0	-73.0654	0	-101.399	0
110.205	0	-92.8501	0	33.1537	0	180.503	0	-187.249	0	198.199	0	145.419	0	-174.547	0	-74.2278	0	31.9646	0	72.1653	0	-81.7042	0	-74.7192	0	124.633	0	232.562	0	67.5715	0	-49.3471	0	38.9045	0	-2622.2	0	-73.7639	0	-90.5974	0	81.1716	0	142.971	0	-73.0654	0	-101.399	0
110.205	0	-92.8501	0	33.1537	0	180.503	0	-187.249	0	198.199	0	-126.948	0	-174.547	0	-74.2278	0	31.9646	0	72.1653	0	-81.7042	0	-74.7192	0	124.633	0	232.562	0	67.5715	0	-49.3471	0	38.9045	0	-1247.93	0	-73.7639	0	-90.5974	0	81.1716	0	142.971	0	-73.0654	0	-101.399	0
110.205	0	-92.8501	0	33.1537	0	180.503	0	-187.249	0	198.199	0	-126.948	0	-174.547	0	-74.2278	0	31.9646	0	72.1653	0	-61.8308	0	-74.7192	0	124.633	0	232.562	0	67.5715	0	-49.3471	0	38.9045	0	-1247.93	0	-73.7639	0	-90.5974	0	81.1716	0	142.971	0	-73.0654	0	-3.37763	0
110.205	0	-92.8501	0	33.1537	0	180.503	0	-187.249	0	198.199	0	-126.948	0	-174.547	0	-74.2278	0	31.9646	0	72.1653	0	-61.8308	0	-78.7262	0	124.633	0	232.562	0	67.5715	0	-49.3471	0	38.9045	0	-1247.93	0	-73.7639	0	-90.5974	0	27.3962	0	142.971	0	-73.0654	0	-3.37763	0
61.8752	0	-92.8501	0	33.1537	0	-134.936	0	-187.249	0	198.199	0	-126.948	0	-174.547	0	-74.2278	0	31.9646	0	72.1653	0	-61.8308	0	-78.7262	0	83.0874	0	232.562	0	67.5715	0	-49.3471	0	38.9045	0	-1109.03	0	-73.7639	0	-90.5974	0	27.3962	0	142.971	0	-73.0654	0	-3.37763	0
61.8752	0	-92.8501	0	33.1537	0	-134.936	0	-187.249	0	-169.431	0	-126.948	0	-174.547	0	-74.2278	0	31.9646	0	72.1653	0	-61.8308	0	88.1324	0	83.0874	0	232.562	0	67.5715	0	-49.3471	0	38.9045	0	-1109.03	0	-73.7639	0	-90.5974	0	27.3962	0	142.971	0	-73.0654	0	-3.37763	0
61.8752	0	-92.8501	0	33.1537	0	-32.818	0	-187.249	0	-169.431	0	-126.948	0	-174.547	0	-74.2278	0	31.9646	0	72.1653	0	-61.8308	0	88.1324	0	83.0874	0	11.2258	0	67.5715	0	-49.3471	0	38.9045	0	-1109.03	0	-73.7639	0	-90.5974	0	27.3962	0	142.971	0	-73.0654	0	-11.2597	0
61.8752	0	-92.8501	0	33.1537	0	-32.818	0	-187.249	0	-169.431	0	-126.948	0	-174.547	0	-8.58145	0	31.9646	0	-20.2398	0	-61.8308	0	88.1324	0	83.0874	0	11.2258	0	67.5715	0	-49.3471	0	38.9045	0	-1109.03	0	-73.7639	0	-90.2125	0	27.3962	0	142.971	0	-73.0654	0	-11.2597	0
61.8752	0	-92.8501	0	33.1537	0	-32.818	0	-187.249	0	-169.431	0	-126.948	0	-174.547	0	-8.58145	0	31.9646	0	-20.2398	0	-61.8308	0	88.1324	0	99.7778	0	11.2258	0	67.5715	0	-49.3471	0	38.9045	0	-1109.03	0	-73.7639	0	-90.2125	0	27.3962	0	142.971	0	-73.0654	0	-11.2597	0
61.8752	0	-92.8501	0	33.1537	0	-32.818	0	-187.249	0	-10.9857	0	-126.948	0	-174.547	0	-8.58145	0	31.9646	0	-20.2398	0	-61.8308	0	88.1324	0	99.7778	0	11.2258	0	98.692	0	-49.3471	0	38.9045	0	-1109.03	0	-73.7639	0	-90.2125	0	27.3962	0	142.971	0	-73.0654	0	-11.2597	0
61.8752	0	-92.8501	0	33.1537	0	-32.818	0	-187.249	0	-10.9857	0	-126.948	0	-174.547	0	-8.58145	0	31.9646	0	-20.2398	0	-61.8308	0	88.1324	0	99.7778	0	11.2258	0	98.692	0	-49.3471	0	38.9045	0	-1109.03	0	-73.7639	0	-90.2125	0	27.3962	0	142.971	0	-73.0654	0	-11.2597	0
61.8752	0	-92.8501	0	33.1537	0	-32.818	0	-187.249	0	-10.9857	0	-126.948	0	-174.547	0	-8.58145	0	31.9646	0	-123.784	0	-61.8308	0	-14.7583	0	99.7778	0	11.2258	0	-146.255	0	-49.3471	0	38.9045	0	-1109.03	0	-73.7639	0	-90.2125	0	27.3962	0	142.971	0	-73.0654	0	-11.2597	0
61.8752	0	-92.8501	0	33.1537	0	-32.818	0	-25.4535	0	-10.9857	0	-126.948	0	-174.547	0	-8.58145	0	31.9646	0	-123.784	0	133.109	0	-14.7583	0	99.7778	0	-24.2333	0	-146.255	0	-49.3471	0	38.9045	0	-1109.03	0	-73.7639	0	-90.2125	0	27.3962	0	142.971	0	71.5409	0	-11.2597	0
61.8752	0	-92.8501	0	33.1537	0	-32.818	0	-25.4535	0	-10.9857	0	-126.948	0	-174.547	0	-276.813	0	31.9646	0	-123.784	0	133.109	0	-14.7583	0	-20.8216	0	-24.2333	0	-146.255	0	-49.3471	0	282.792	0	-1109.03	0	-73.7639	0	-90.2125	0	27.3962	0	-38.2578	0	71.5409	0	-11.2597	0
61.8752	0	-92.8501	0	33.1537	0	-32.818	0	-25.4535	0	-10.9857	0	-126.948	0	-64.4794	0	-276.813	0	31.9646	0	-123.784	0	133.109	0	-14.7583	0	-20.8216	0	-24.2333	0	-146.255	0	-49.3471	0	282.792	0	-1109.03	0	-73.7639	0	-90.2125	0	27.3962	0	-38.2578	0	71.5409	0	-11.2597	0
61.8752	0	-92.8501	0	33.1537	0	-32.818	0	-25.4535	0	-10.9857	0	13.4111	0	-64.4794	0	-276.813	0	31.9646	0	-123.784	0	44.4518	0	-14.7583	0	-20.8216	0	-24.2333	0	-146.255	0	-49.3471	0	282.792	0	-1109.03	0	-73.7639	0	-90.2125	0	27.3962	0	-38.2578	0	71.5409	0	-11.2597	0
61.8752	0	-92.8501	0	33.1537	0	-32.818	0	-25.4535	0	-10.9857	0	13.4111	0	-64.4794	0	-276.813	0	31.9646	0	-123.784	0	44.4518	0	-14.7583	0	-20.8216	0	-24.2333	0	-146.255	0	-49.3471	0	282.792	0	-1109.03	0	-73.7639	0	-90.2125	0	27.3962	0	-38.2578	0	71.5409	0	-11.2597	0
61.8752	0	-92.8501	0	33.1537	0	-32.818	0	-25.4535	0	-10.9857	0	13.4111	0	-64.4794	0	-276.813	0	31.9646	0	1172.26	0	44.4518	0	-14.7583	0	-20.8216	0	-24.2333	0	-146.255	0	27.3426	0	282.792	0	-1109.03	0	-73.7639	0	-90.2125	0	27.3962	0	-38.2578	0	71.5409	0	-11.2597	0
61.8752	0	-92.8501	0	33.1537	0	-32.818	0	-25.4535	0	-10.9857	0	13.4111	0	-64.4794	0	-276.813	0	31.9646	0	1172.26	0	44.4518	0	-14.7583	0	-20.8216	0	-24.2333	0	-146.255	0	27.3426	0	282.792	0	-1109.03	0	-73.7639	0	-90.2125	0	27.3962	0	-38.2578	0	71.5409	0	-11.2597	0
61.8752	0	-92.8501	0	33.1537	0	-32.818	0	-25.4535	0	-10.9857	0	13.4111	0	-64.4794	0	-276.813	0	31.9646	0	1172.26	0	44.4518	0	-36.8082	0	-20.8216	0	-24.2333	0	-146.255	0	27.3426	0	282.792	0	-1109.03	0	-73.7639	0	-90.2125	0	27.3962	0	-38.2578	0	71.5409	0	-11.2597	0
61.8752	0	-92.8501	0	33.1537	0	-32.818	0	-25.4535	0	-10.9857	0	13.4111	0	-64.4794	0	-276.813	0	31.9646	0	1172.26	0	44.4518	0	-36.8082	0	-20.8216	0	-24.2333	0	-146.255	0	27.3426	0	282.792	0	-1109.03	0	-73.7639	0	-90.2125	0	27.3962	0	-38.2578	0	71.5409	0	-11.2597	0
61.8752	0	-92.8501	0	33.1537	0	195.831	0	-25.4535	0	-10.9857	0	13.4111	0	-64.4794	0	-276.813	0	-68.8053	0	1172.26	0	44.4518	0	-36.8082	0	-20.8216	0	-24.2333	0	-146.255	0	27.3426	0	282.792	0	-1109.03	0	26.5619	0	-90.2125	0	27.3962	0	-38.2578	0	41.699	0	-11.2597	0
61.8752	0	-92.8501	0	33.1537	0	195.831	0	-25.4535	0	-10.9857	0	13.4111	0	-64.4794	0	-276.813	0	-68.8053	0	1172.26	0	44.4518	0	-36.8082	0	-20.8216	0	-24.2333	0	-146.255	0	27.3426	0	282.792	0	-1109.03	0	26.5619	0	-90.2125	0	27.3962	0	-38.2578	0	41.699	0	-11.2597	0
61.8752	0	-92.8501	0	33.1537	0	195.831	0	-25.4535	0	4.91023	0	13.4111	0	-64.4794	0	-276.813	0	-68.8053	0	1172.26	0	44.4518	0	-36.8082	0	-15.3755	0	-24.2333	0	-146.255	0	27.3426	0	282.792	0	-1109.03	0	26.5619	0	-90.2125	0	27.3962	0	-38.2578	0	41.699	0	-11.2597	0
61.8752	0	-92.8501	0	33.1537	0	195.831	0	176.431	0	4.91023	0	13.4111	0	-64.4794	0	-276.813	0	-68.8053	0	1172.26	0	44.4518	0	-36.8082	0	-15.3755	0	-24.2333	0	-146.255	0	27.3426	0	282.792	0	-1109.03	0	-48.8959	0	137.65	0	27.3962	0	-38.2578	0	41.699	0	-11.2597	0
61.8752	0	-92.8501	0	33.1537	0	195.831	0	176.431	0	4.91023	0	13.4111	0	-64.4794	0	-276.813	0	-68.8053	0	1172.26	0	44.4518	0	-36.8082	0	-15.3755	0	-24.2333	0	-146.255	0	27.3426	0	282.792	0	-1109.03	0	-48.8959	0	137.65	0	27.3962	0	-38.2578	0	41.699	0	-11.2597	0
61.8752	0	-92.8501	0	33.1537	0	195.831	0	176.431	0	4.91023	0	13.4111	0	-64.4794	0	-276.813	0	-68.8053	0	1172.26	0	44.4518	0	-36.8082	0	-15.3755	0	-24.2333	0	-146.255	0	27.3426	0	282.792	0	-1109.03	0	-48.8959	0	137.65	0	27.3962	0	-38.2578	0	-620.474	0	-11.2597	0
61.8752	0	-92.8501	0	33.1537	0	195.831	0	176.431	0	4.91023	0	13.4111	0	-64.4794	0	-276.813	0	-68.8053	0	1172.26	0	44.4518	0	-36.8082	0	-15.3755	0	-24.2333	0	-146.255	0	27.3426	0	282.792	0	-1109.03	0	-48.8959	0	137.65	0	27.3962	0	-38.2578	0	-478.455	0	-11.2597	0
61.8752	0	-92.8501	0	33.1537	0	195.831	0	176.431	0	4.91023	0	13.4111	0	-64.4794	0	-276.813	0	-68.8053	0	1172.26	0	44.4518	0	-36.8082	0	-15.3755	0	-24.2333	0	-146.255	0	27.3426	0	282.792	0	-656.224	0	-48.8959	0	137.65	0	27.3962	0	-38.2578	0	-478.455	0	-11.2597	0
61.8752	0	28.0696	0	33.1537	0	195.831	0	176.431	0	4.91023	0	13.4111	0	-64.4794	0	-276.813	0	-68.8053	0	1172.26	0	44.4518	0	-36.8082	0	-15.3755	0	57.6937	0	-146.255	0	27.3426	0	282.792	0	-656.224	0	-52.6175	0	137.65	0	27.3962	0	-38.2578	0	-478.455	0	-11.2597	0
61.8752	0	28.0696	0	33.1537	0	195.831	0	176.431	0	4.91023	0	13.4111	0	47.499	0	-276.813	0	-68.8053	0	1172.26	0	44.4518	0	-36.8082	0	-15.3755	0	57.6937	0	-146.255	0	27.3426	0	282.792	0	-632.894	0	-52.6175	0	137.65	0	27.3962	0	-38.2578	0	-478.455	0	-11.2597	0
61.8752	0	28.0696	0	33.1537	0	195.831	0	176.431	0	4.91023	0	13.4111	0	47.499	0	-276.813	0	-68.8053	0	1172.26	0	-125.11	0	-36.8082	0	-15.3755	0	57.6937	0	-146.255	0	27.3426	0	282.792	0	-632.894	0	-52.6175	0	137.65	0	29.0973	0	-38.2578	0	-478.455	0	-11.2597	0
61.8752	0	28.0696	0	33.1537	0	195.831	0	176.431	0	4.91023	0	13.4111	0	47.499	0	-276.813	0	-68.8053	0	1172.26	0	-125.11	0	-36.8082	0	-15.3755	0	57.6937	0	-146.255	0	27.3426	0	282.792	0	-632.894	0	-64.3755	0	137.65	0	29.0973	0	-38.2578	0	-478.455	0	-11.2597	0
61.8752	0	28.0696	0	33.1537	0	195.831	0	176.431	0	4.91023	0	164.088	0	47.499	0	-276.813	0	-68.8053	0	1172.26	0	-125.11	0	-36.8082	0	-15.3755	0	57.6937	0	-146.255	0	27.3426	0	-78.5315	0	-632.894	0	-64.3755	0	137.65	0	29.0973	0	-38.2578	0	-478.455	0	-11.2597	0
61.8752	0	28.0696	0	33.1537	0	195.831	0	176.431	0	4.91023	0	164.088	0	47.499	0	-276.813	0	-68.8053	0	1172.26	0	-125.11	0	-36.8082	0	-15.3755	0	57.6937	0	44.3539	0	27.3426	0	-78.5315	0	-632.894	0	-64.3755	0	137.65	0	29.0973	0	-38.2578	0	-478.455	0	42.7438	0
61.8752	0	28.0696	0	33.1537	0	195.831	0	25.7363	0	4.91023	0	164.088	0	47.499	0	-276.813	0	-68.8053	0	1172.26	0	-125.11	0	-36.8082	0	-15.3755	0	57.6937	0	44.3539	0	27.3426	0	-78.5315	0	-632.894	0	67.1611	0	137.65	0	29.0973	0	-38.2578	0	-478.455	0	42.7438	0
61.8752	0	28.0696	0	33.1537	0	195.831	0	25.7363	0	4.91023	0	164.088	0	47.499	0	-276.813	0	-68.8053	0	1172.26	0	-125.11	0	-36.8082	0	-15.3755	0	57.6937	0	44.3539	0	27.3426	0	-78.5315	0	-632.894	0	67.1611	0	137.65	0	29.0973	0	-38.2578	0	-478.455	0	42.7438	0
61.8752	0	28.0696	0	33.1537	0	195.831	0	25.7363	0	4.91023	0	164.088	0	47.499	0	-276.813	0	-68.8053	0	1172.26	0	-125.11	0	-36.8082	0	-15.3755	0	57.6937	0	44.3539	0	27.3426	0	96.3781	0	-632.894	0	67.1611	0	137.65	0	29.0973	0	-38.2578	0	-478.455	0	42.7438	0
61.8752	0	28.0696	0	33.1537	0	195.831	0	25.7363	0	4.91023	0	164.088	0	47.499	0	-276.813	0	-68.8053	0	1172.26	0	-125.11	0	-36.8082	0	-15.3755	0	57.6937	0	44.3539	0	27.3426	0	96.3781	0	-632.894	0	67.1611	0	137.65	0	29.0973	0	-38.2578	0	-478.455	0	42.7438	0
61.8752	0	28.0696	0	33.1537	0	195.831	0	25.7363	0	4.91023	0	164.088	0	47.499	0	-276.813	0	-68.8053	0	1172.26	0	-125.11	0	-209.023	0	-15.3755	0	57.6937	0	44.3539	0	27.3426	0	96.3781	0	-632.894	0	67.1611	0	137.65	0	29.0973	0	-38.2578	0	-478.455	0	42.7438	0
61.8752	0	28.0696	0	33.1537	0	195.831	0	25.7363	0	4.91023	0	164.088	0	47.499	0	-276.813	0	-68.8053	0	1172.26	0	-125.11	0	-209.023	0	-15.3755	0	57.6937	0	44.3539	0	27.3426	0	96.3781	0	-632.894	0	67.1611	0	137.65	0	29.0973	0	-38.2578	0	-478.455	0	119.566	0
61.8752	0	28.0696	0	33.1537	0	195.831	0	25.7363	0	4.91023	0	164.088	0	47.499	0	-276.813	0	144.209	0	1172.26	0	-125.11	0	-209.023	0	-15.3755	0	57.6937	0	44.3539	0	27.3426	0	96.3781	0	-632.894	0	67.1611	0	137.65	0	29.0973	0	-38.2578	0	-478.455	0	119.566	0
61.8752	0	28.0696	0	33.1537	0	195.831	0	25.7363	0	4.91023	0	-79.5633	0	47.499	0	73.1224	0	144.209	0	1172.26	0	-125.11	0	-209.023	0	184.205	0	57.6937	0	44.3539	0	27.3426	0	96.3781	0	-632.894	0	67.1611	0	137.65	0	29.0973	0	-38.2578	0	-478.455	0	119.566	0
61.8752	0	28.0696	0	33.1537	0	195.831	0	25.7363	0	4.91023	0	-79.5633	0	47.499	0	73.1224	0	144.209	0	1172.26	0	-125.11	0	-209.023	0	184.205	0	57.6937	0	44.3539	0	27.3426	0	12.1501	0	-632.894	0	67.1611	0	137.65	0	29.0973	0	-38.2578	0	-478.455	0	119.566	0
61.8752	0	28.0696	0	33.1537	0	195.831	0	25.7363	0	4.91023	0	-79.5633	0	47.499	0	73.1224	0	144.209	0	1172.26	0	-125.11	0	-209.023	0	184.205	0	57.6937	0	44.3539	0	27.3426	0	12.1501	0	-632.894	0	67.1611	0	137.65	0	29.0973	0	-38.2578	0	-478.455	0	119.566	0
61.8752	0	28.0696	0	33.1537	0	195.831	0	25.7363	0	4.91023	0	-79.5633	0	47.499	0	73.1224	0	144.209	0	1172.26	0	-125.11	0	-209.023	0	184.205	0	57.6937	0	44.3539	0	-136.612	0	12.1501	0	-632.894	0	67.1611	0	137.65	0	29.0973	0	-38.2578	0	-478.455	0	119.566	0
61.8752	0	28.0696	0	33.1537	0	195.831	0	25.7363	0	4.91023	0	-79.5633	0	47.499	0	73.1224	0	144.209	0	1172.26	0	-125.11	0	-209.023	0	-132.394	0	57.6937	0	44.3539	0	-136.612	0	12.1501	0	-632.894	0	67.1611	0	137.65	0	29.0973	0	-38.2578	0	-478.455	0	119.566	0
61.8752	0	28.0696	0	33.1537	0	195.831	0	25.7363	0	4.91023	0	-79.5633	0	47.499	0	78.0804	0	144.209	0	1172.26	0	-125.11	0	-209.023	0	-132.394	0	57.6937	0	44.3539	0	-136.612	0	12.1501	0	-632.894	0	67.1611	0	137.65	0	29.0973	0	-38.2578	0	-478.455	0	119.566	0
61.8752	0	28.0696	0	33.1537	0	195.831	0	25.7363	0	4.91023	0	-79.5633	0	47.499	0	78.0804	0	144.209	0	1172.26	0	-125.11	0	-209.023	0	-132.394	0	57.6937	0	44.3539	0	-136.612	0	12.1501	0	-632.894	0	67.1611	0	137.65	0	29.0973	0	-38.2578	0	-478.455	0	119.566	0
61.8752	0	28.0696	0	33.1537	0	195.831	0	25.7363	0	4.91023	0	-79.5633	0	47.499	0	78.0804	0	144.209	0	1172.26	0	-125.11	0	15.5845	0	-132.394	0	57.6937	0	44.3539	0	-136.612	0	12.1501	0	-632.894	0	67.1611	0	137.65	0	29.0973	0	-38.2578	0	-478.455	0	119.566	0
61.8752	0	28.0696	0	33.1537	0	195.831	0	25.7363	0	4.91023	0	-79.5633	0	47.499	0	78.0804	0	144.209	0	1172.26	0	-125.11	0	15.5845	0	-132.394	0	57.6937	0	44.3539	0	-136.612	0	12.1501	0	-632.894	0	67.1611	0	137.65	0	29.0973	0	-38.2578	0	-478.455	0	119.566	0
61.8752	0	28.0696	0	33.1537	0	195.831	0	25.7363	0	4.91023	0	-79.5633	0	47.499	0	78.0804	0	144.209	0	1172.26	0	-125.11	0	15.5845	0	-132.394	0	57.6937	0	44.3539	0	-136.612	0	12.1501	0	-632.894	0	67.1611	0	137.65	0	29.0973	0	-38.2578	0	-478.455	0	119.566	0
61.8752	0	28.0696	0	33.1537	0	195.831	0	25.7363	0	4.91023	0	-79.5633	0	47.499	0	78.0804	0	144.209	0	1172.26	0	-118.713	0	15.5845	0	-132.394	0	57.6937	0	44.3539	0	-136.612	0	12.1501	0	-632.894	0	67.1611	0	137.65	0	29.0973	0	-10.3871	0	-478.455	0	119.566	0
61.8752	0	28.0696	0	33.1537	0	195.831	0	25.7363	0	4.91023	0	-79.5633	0	47.499	0	78.0804	0	144.209	0	1172.26	0	-118.713	0	15.5845	0	-132.394	0	57.6937	0	44.3539	0	-136.612	0	12.1501	0	-632.894	0	67.1611	0	137.65	0	29.0973	0	-10.3871	0	-478.455	0	119.566	0
61.8752	0	28.0696	0	33.1537	0	195.831	0	25.7363	0	4.91023	0	-79.5633	0	47.499	0	78.0804	0	144.209	0	1172.26	0	-118.713	0	15.5845	0	-132.394	0	57.6937	0	44.3539	0	-136.612	0	12.1501	0	-632.894	0	67.1611	0	137.65	0	29.0973	0	-10.3871	0	-478.455	0	119.566	0
61.8752	0	28.0696	0	33.1537	0	195.831	0	25.7363	0	4.91023	0	-79.5633	0	47.499	0	78.0804	0	144.209	0	1172.26	0	-118.713	0	15.5845	0	-252.283	0	57.6937	0	44.3539	0	-136.612	0	12.1501	0	-632.894	0	67.1611	0	137.65	0	29.0973	0	-10.3871	0	-478.455	0	119.566	0
61.8752	0	28.0696	0	33.1537	0	195.831	0	25.7363	0	4.91023	0	60.1262	0	47.499	0	78.0804	0	144.209	0	1172.26	0	-118.713	0	15.5845	0	-252.283	0	57.6937	0	44.3539	0	-136.612	0	12.1501	0	-632.894	0	67.1611	0	137.65	0	29.0973	0	-10.3871	0	-478.455	0	119.566	0
61.8752	0	28.0696	0	33.1537	0	195.831	0	11.1254	0	4.91023	0	60.1262	0	47.499	0	78.0804	0	144.209	0	1172.26	0	-118.713	0	15.5845	0	-252.283	0	57.6937	0	44.3539	0	-136.612	0	12.1501	0	-632.894	0	67.1611	0	137.65	0	29.0973	0	-10.3871	0	-478.455	0	119.566	0
61.8752	0	28.0696	0	33.1537	0	195.831	0	11.1254	0	4.91023	0	60.1262	0	47.499	0	78.0804	0	144.209	0	1172.26	0	-118.713	0	15.5845	0	-252.283	0	57.6937	0	44.3539	0	-136.612	0	12.1501	0	-632.894	0	67.1611	0	137.65	0	29.0973	0	-10.3871	0	-478.455	0	119.566	0
61.8752	0	-35.2719	0	33.1537	0	195.831	0	11.1254	0	4.91023	0	60.1262	0	47.499	0	78.0804	0	144.209	0	1172.26	0	-118.713	0	15.5845	0	-252.283	0	57.6937	0	44.3539	0	-136.612	0	12.1501	0	-632.894	0	67.1611	0	137.65	0	29.0973	0	-10.3871	0	-478.455	0	119.566	0
61.8752	0	-35.2719	0	33.1537	0	195.831	0	11.1254	0	4.91023	0	53.1628	0	47.499	0	78.0804	0	144.209	0	1172.26	0	-118.713	0	15.5845	0	-252.283	0	57.6937	0	44.3539	0	-136.612	0	12.1501	0	-632.894	0	67.1611	0	-49.1072	0	29.0973	0	-10.3871	0	-478.455	0	119.566	0
61.8752	0	-35.2719	0	33.1537	0	195.831	0	11.1254	0	4.91023	0	53.1628	0	47.499	0	78.0804	0	44.4161	0	1172.26	0	-118.713	0	15.5845	0	-252.283	0	57.6937	0	44.3539	0	-136.612	0	-100.372	0	-632.894	0	67.1611	0	-49.1072	0	48.3988	0	-10.3871	0	-478.455	0	119.566	0
61.8752	0	-35.2719	0	33.1537	0	10.3933	0	11.1254	0	4.91023	0	53.1628	0	47.499	0	78.0804	0	44.4161	0	1172.26	0	-118.713	0	15.5845	0	-252.283	0	57.6937	0	44.3539	0	-136.612	0	-100.372	0	-632.894	0	67.1611	0	-49.1072	0	48.3988	0	-65.4425	0	-478.455	0	119.566	0
61.8752	0	-35.2719	0	33.1537	0	10.3933	0	11.1254	0	4.91023	0	53.1628	0	47.499	0	78.0804	0	44.4161	0	1172.26	0	-118.713	0	15.5845	0	-252.283	0	57.6937	0	44.3539	0	-136.612	0	-100.372	0	-632.894	0	67.1611	0	-49.1072	0	48.3988	0	-65.4425	0	-478.455	0	119.566	0
61.8752	0	-35.2719	0	33.1537	0	10.3933	0	11.1254	0	4.91023	0	53.1628	0	47.499	0	78.0804	0	44.4161	0	1172.26	0	-118.713	0	15.5845	0	-252.283	0	-83.6683	0	44.3539	0	-136.612	0	-100.372	0	-632.894	0	67.1611	0	-49.1072	0	48.3988	0	-65.4425	0	-478.455	0	119.566	0
61.8752	0	-35.2719	0	33.1537	0	10.3933	0	11.1254	0	4.91023	0	53.1628	0	47.499	0	78.0804	0	44.4161	0	1172.26	0	53.8729	0	15.5845	0	-252.283	0	-83.6683	0	44.3539	0	-136.612	0	-100.372	0	-632.894	0	67.1611	0	-49.1072	0	48.3988	0	-65.4425	0	-478.455	0	119.566	0
-273.29	0	-35.2719	0	33.1537	0	10.3933	0	11.1254	0	4.91023	0	53.1628	0	47.499	0	78.0804	0	44.4161	0	1172.26	0	53.8729	0	15.5845	0	-252.283	0	-83.6683	0	44.3539	0	-136.612	0	-100.372	0	-632.894	0	67.1611	0	-49.1072	0	48.3988	0	-65.4425	0	-478.455	0	119.566	0
-273.29	0	-35.2719	0	33.1537	0	10.3933	0	11.1254	0	4.91023	0	53.1628	0	47.499	0	78.0804	0	44.4161	0	1172.26	0	53.8729	0	15.5845	0	-252.283	0	-115.655	0	44.3539	0	-136.612	0	-100.372	0	-632.894	0	67.1611	0	-49.1072	0	48.3988	0	-65.4425	0	-478.455	0	119.566	0
-273.29	0	-35.2719	0	33.1537	0	10.3933	0	11.1254	0	4.91023	0	53.1628	0	47.499	0	78.0804	0	44.4161	0	1172.26	0	53.8729	0	15.5845	0	-252.283	0	-115.655	0	44.3539	0	-136.612	0	-100.372	0	-632.894	0	67.1611	0	-49.1072	0	48.3988	0	-65.4425	0	-478.455	0	119.566	0
-273.29	0	-35.2719	0	33.1537	0	33.9052	0	11.1254	0	-89.7294	0	53.1628	0	47.499	0	78.0804	0	44.4161	0	1172.26	0	53.8729	0	15.5845	0	-252.283	0	-115.655	0	44.3539	0	-136.612	0	-100.372	0	-632.894	0	67.1611	0	-49.1072	0	48.3988	0	-65.4425	0	-478.455	0	119.566	0
-273.29	0	-35.2719	0	33.1537	0	33.9052	0	11.1254	0	-89.7294	0	53.1628	0	47.499	0	78.0804	0	44.4161	0	1172.26	0	53.8729	0	15.5845	0	-252.283	0	-115.655	0	44.3539	0	-136.612	0	-100.372	0	-632.894	0	67.1611	0	-49.1072	0	48.3988	0	-8.7265	0	-28.8759	0	119.566	0
-273.29	0	-35.2719	0	33.1537	0	33.9052	0	11.1254	0	-89.7294	0	53.1628	0	91.4079	0	78.0804	0	44.4161	0	1172.26	0	53.8729	0	15.5845	0	-252.283	0	-115.655	0	44.3539	0	-136.612	0	-100.372	0	-632.894	0	67.1611	0	-49.1072	0	48.3988	0	-8.7265	0	-28.8759	0	-1.3359	0
-273.29	0	-164.901	0	33.1537	0	33.9052	0	11.1254	0	-89.7294	0	-101.091	0	91.4079	0	78.0804	0	44.4161	0	1172.26	0	53.8729	0	55.7029	0	-252.283	0	-115.655	0	44.3539	0	-136.612	0	-100.372	0	-632.894	0	67.1611	0	-49.1072	0	48.3988	0	-8.7265	0	-28.8759	0	-1.3359	0
-273.29	0	-164.901	0	33.1537	0	33.9052	0	11.1254	0	-89.7294	0	-101.091	0	91.4079	0	78.0804	0	44.4161	0	1172.26	0	53.8729	0	55.7029	0	-252.283	0	-115.655	0	44.3539	0	-136.612	0	-100.372	0	-632.894	0	67.1611	0	-49.1072	0	48.3988	0	-8.7265	0	-28.8759	0	-1.3359	0
-273.29	0	-164.901	0	33.1537	0	33.9052	0	11.1254	0	17.3219	0	-101.091	0	91.4079	0	78.0804	0	44.4161	0	1172.26	0	22.349	0	55.7029	0	-252.283	0	-115.655	0	44.3539	0	-136.612	0	-100.372	0	-632.894	0	67.1611	0	-49.1072	0	48.3988	0	-8.7265	0	-28.8759	0	-1.3359	0
-273.29	0	-65.3977	0	33.1537	0	33.9052	0	11.1254	0	17.3219	0	-101.091	0	91.4079	0	78.0804	0	44.4161	0	1172.26	0	22.349	0	55.7029	0	-252.283	0	-115.655	0	44.3539	0	-136.612	0	-100.372	0	-632.894	0	67.1611	0	-49.1072	0	48.3988	0	-8.7265	0	-28.8759	0	-1.3359	0
-273.29	0	-65.3977	0	33.1537	0	33.9052	0	11.1254	0	17.3219	0	-101.091	0	91.4079	0	78.0804	0	44.4161	0	1172.26	0	22.349	0	55.7029	0	-252.283	0	-115.655	0	-172.059	0	-117.365	0	-117.62	0	-632.894	0	-135.161	0	-49.1072	0	48.3988	0	-8.7265	0	-28.8759	0	10.1926	0
-273.29	0	-65.3977	0	33.1537	0	33.9052	0	11.1254	0	17.3219	0	-101.091	0	91.4079	0	78.0804	0	44.4161	0	1172.26	0	22.349	0	-161.732	0	-252.283	0	-115.655	0	-172.059	0	-117.365	0	-117.62	0	-632.894	0	-135.161	0	-49.1072	0	48.3988	0	-8.7265	0	-28.8759	0	10.1926	0
-273.29	0	-65.3977	0	81.2399	0	33.9052	0	11.1254	0	17.3219	0	-101.091	0	91.4079	0	78.0804	0	44.4161	0	1172.26	0	22.349	0	-161.732	0	-252.283	0	-115.655	0	-172.059	0	-117.365	0	-117.62	0	-632.894	0	-135.161	0	-49.1072	0	48.3988	0	-8.7265	0	-28.8759	0	10.1926	0
-273.29	0	-65.3977	0	81.2399	0	33.9052	0	11.1254	0	17.3219	0	-101.091	0	91.4079	0	78.0804	0	44.4161	0	1172.26	0	22.349	0	-161.732	0	-252.283	0	-115.655	0	-172.059	0	-117.365	0	-117.62	0	-632.894	0	-135.161	0	-49.1072	0	48.3988	0	-8.7265	0	-28.8759	0	10.1926	0
-273.29	0	-65.3977	0	81.2399	0	33.9052	0	11.1254	0	-62.2458	0	-101.091	0	91.4079	0	78.0804	0	164.773	0	1172.26	0	22.349	0	-161.732	0	-252.283	0	-115.655	0	-172.059	0	-117.365	0	-117.62	0	-632.894	0	273.323	0	-49.1072	0	48.3988	0	-8.7265	0	-28.8759	0	10.1926	0
-273.29	0	-65.3977	0	81.2399	0	33.9052	0	-69.3147	0	-62.2458	0	-101.091	0	91.4079	0	78.0804	0	164.773	0	1172.26	0	22.349	0	-99.9392	0	-252.283	0	-115.655	0	-172.059	0	-117.365	0	-117.62	0	-632.894	0	273.323	0	-49.1072	0	48.3988	0	-8.7265	0	-28.8759	0	10.1926	0
6.89239	0	-65.3977	0	81.2399	0	33.9052	0	-69.3147	0	-62.2458	0	-101.091	0	91.4079	0	78.0804	0	164.773	0	1172.26	0	22.349	0	-99.9392	0	-252.283	0	-115.655	0	-172.059	0	-117.365	0	-117.62	0	-632.894	0	273.323	0	-49.1072	0	48.3988	0	-2513.01	0	-28.8759	0	10.1926	0
6.89239	0	-65.3977	0	81.2399	0	33.9052	0	4.70014	0	-62.2458	0	-101.091	0	91.4079	0	163.56	0	164.773	0	1172.26	0	22.349	0	-99.9392	0	-252.283	0	-115.655	0	3.0661	0	-117.365	0	-117.62	0	-632.894	0	273.323	0	-49.1072	0	48.3988	0	-2513.01	0	-28.8759	0	10.1926	0
6.89239	0	-65.3977	0	81.2399	0	33.9052	0	4.70014	0	-62.2458	0	-101.091	0	91.4079	0	163.56	0	164.773	0	1172.26	0	22.349	0	-99.9392	0	-252.283	0	-115.655	0	3.0661	0	-117.365	0	-117.62	0	-632.894	0	273.323	0	-49.1072	0	48.3988	0	-2513.01	0	-28.8759	0	10.1926	0
6.89239	0	-65.3977	0	81.2399	0	33.9052	0	4.70014	0	-62.2458	0	-101.091	0	91.4079	0	163.56	0	164.773	0	1172.26	0	22.349	0	-99.9392	0	-252.283	0	-115.655	0	3.0661	0	-117.365	0	-117.62	0	-632.894	0	273.323	0	-49.1072	0	48.3988	0	-2513.01	0	-28.8759	0	10.1926	0
6.89239	0	-65.3977	0	81.2399	0	33.9052	0	4.70014	0	-62.2458	0	-101.091	0	91.4079	0	163.56	0	164.773	0	1172.26	0	22.349	0	-99.9392	0	-252.283	0	-115.655	0	3.0661	0	-117.365	0	-117.62	0	-632.894	0	273.323	0	-49.1072	0	48.3988	0	-2513.01	0	-28.8759	0	10.1926	0
6.89239	0	-65.3977	0	81.2399	0	33.9052	0	4.70014	0	-62.2458	0	-101.091	0	91.4079	0	163.56	0	164.773	0	1172.26	0	22.349	0	-99.9392	0	-252.283	0	-115.655	0	3.0661	0	-117.365	0	-117.62	0	-632.894	0	273.323	0	-49.1072	0	48.3988	0	-2513.01	0	-28.8759	0	10.1926	0
6.89239	0	-65.3977	0	81.2399	0	33.9052	0	4.70014	0	-62.2458	0	-101.091	0	91.4079	0	163.56	0	164.773	0	1172.26	0	22.349	0	-99.9392	0	-252.283	0	-115.655	0	3.0661	0	-117.365	0	-117.62	0	-632.894	0	273.323	0	-49.1072	0	48.3988	0	-2513.01	0	-28.8759	0	10.1926	0
6.89239	0	-65.3977	0	81.2399	0	33.9052	0	4.70014	0	-62.2458	0	-101.091	0	91.4079	0	163.56	0	164.773	0	1172.26	0	22.349	0	-99.9392	0	-252.283	0	-115.655	0	3.0661	0	-117.365	0	-117.62	0	-632.894	0	273.323	0	-49.1072	0	48.3988	0	-2513.01	0	-28.8759	0	10.1926	0
-4.91175	0	-65.3977	0	81.2399	0	33.9052	0	4.70014	0	-62.2458	0	-101.091	0	91.4079	0	163.56	0	164.773	0	1172.26	0	22.349	0	-99.9392	0	-252.283	0	-115.655	0	-115.921	0	-117.365	0	-117.62	0	-632.894	0	273.323	0	-49.1072	0	48.3988	0	-2513.01	0	-28.8759	0	10.1926	0
-4.91175	0	-65.3977	0	81.2399	0	33.9052	0	4.70014	0	-62.2458	0	-101.091	0	91.4079	0	163.56	0	164.773	0	1172.26	0	-87.9309	0	-99.9392	0	-252.283	0	-115.655	0	-115.921	0	108.737	0	-117.62	0	-632.894	0	273.323	0	-49.1072	0	48.3988	0	-2513.01	0	-28.8759	0	10.1926	0
-4.91175	0	-65.3977	0	81.2399	0	33.9052	0	4.70014	0	-62.2458	0	-101.091	0	91.4079	0	163.56	0	164.773	0	1172.26	0	-87.9309	0	-99.9392	0	-252.283	0	-115.655	0	-115.921	0	108.737	0	-117.62	0	-632.894	0	-55.2027	0	-49.1072	0	48.3988	0	-2513.01	0	-28.8759	0	10.1926	0
-115.84	0	-65.3977	0	81.2399	0	33.9052	0	4.70014	0	-62.2458	0	-101.091	0	91.4079	0	163.56	0	-20.2456	0	1172.26	0	-87.9309	0	-99.9392	0	-252.283	0	-115.655	0	-115.921	0	108.737	0	-117.62	0	-632.894	0	-55.2027	0	-49.1072	0	48.3988	0	-2513.01	0	-28.8759	0	10.1926	0
-115.84	0	-65.3977	0	81.2399	0	33.9052	0	4.70014	0	-62.2458	0	-101.091	0	91.4079	0	163.56	0	-20.2456	0	1172.26	0	-87.9309	0	-42.4701	0	-252.283	0	-115.655	0	-115.921	0	108.737	0	-117.62	0	-632.894	0	-55.2027	0	-49.1072	0	48.3988	0	-2513.01	0	-28.8759	0	5.0708	0
-115.84	0	-65.3977	0	81.2399	0	33.9052	0	4.70014	0	-62.2458	0	-101.091	0	91.4079	0	-164.629	0	-20.2456	0	1172.26	0	-87.9309	0	-42.4701	0	-252.283	0	-115.655	0	-115.921	0	108.737	0	-117.62	0	-632.894	0	-55.2027	0	-49.1072	0	48.3988	0	-2513.01	0	-28.8759	0	5.0708	0
-115.84	0	-65.3977	0	81.2399	0	33.9052	0	4.70014	0	-62.2458	0	-101.091	0	91.4079	0	-164.629	0	-20.2456	0	1172.26	0	-87.9309	0	-42.4701	0	-252.283	0	-115.655	0	-115.921	0	108.737	0	-117.62	0	-632.894	0	-55.2027	0	-49.1072	0	48.3988	0	-2513.01	0	-28.8759	0	5.0708	0
-115.84	0	-65.3977	0	81.2399	0	33.9052	0	4.70014	0	-62.2458	0	-101.091	0	91.4079	0	-164.629	0	-20.2456	0	1172.26	0	-87.9309	0	-42.4701	0	-252.283	0	-115.655	0	-115.921	0	108.737	0	-117.62	0	-632.894	0	-55.2027	0	-49.1072	0	48.3988	0	-2513.01	0	-28.8759	0	5.0708	0
-115.84	0	-65.3977	0	81.2399	0	33.9052	0	4.70014	0	-62.2458	0	-101.091	0	91.4079	0	-164.629	0	-20.2456	0	1172.26	0	-87.9309	0	-42.4701	0	-252.283	0	-115.655	0	-115.921	0	108.737	0	-117.62	0	-632.894	0	-55.2027	0	-49.1072	0	48.3988	0	-2513.01	0	-28.8759	0	5.0708	0
-115.84	0	-65.3977	0	-69.1091	0	33.9052	0	4.70014	0	-62.2458	0	-101.091	0	91.4079	0	-164.629	0	-20.2456	0	1172.26	0	-87.9309	0	-42.4701	0	-252.283	0	-115.655	0	-115.921	0	108.737	0	-117.62	0	-632.894	0	-55.2027	0	-49.1072	0	48.3988	0	-2513.01	0	-28.8759	0	5.0708	0
-115.84	0	-65.3977	0	-69.1091	0	33.9052	0	4.70014	0	-62.2458	0	-101.091	0	91.4079	0	-164.629	0	-20.2456	0	1172.26	0	-87.9309	0	-42.4701	0	-252.283	0	-115.655	0	-115.921	0	108.737	0	-117.62	0	-632.894	0	54.1974	0	-49.1072	0	48.3988	0	-2513.01	0	-28.8759	0	5.0708	0
-115.84	0	-65.3977	0	-69.1091	0	33.9052	0	4.70014	0	-62.2458	0	-101.091	0	91.4079	0	-164.629	0	-128.103	0	1172.26	0	-87.9309	0	-42.4701	0	-252.283	0	-115.655	0	-115.921	0	108.737	0	-117.62	0	-632.894	0	54.1974	0	-49.1072	0	48.3988	0	-2513.01	0	-28.8759	0	5.0708	0
-115.84	0	-65.3977	0	-69.1091	0	33.9052	0	4.70014	0	-62.2458	0	-101.091	0	91.4079	0	-164.629	0	-128.103	0	1172.26	0	-87.9309	0	131.612	0	-252.283	0	-115.655	0	-115.921	0	108.737	0	-117.62	0	-632.894	0	54.1974	0	-49.1072	0	48.3988	0	-2513.01	0	-28.8759	0	90.3275	0
-115.84	0	-65.3977	0	-69.1091	0	33.9052	0	4.70014	0	-62.2458	0	-101.091	0	91.4079	0	-164.629	0	-128.103	0	1172.26	0	-87.9309	0	131.612	0	-252.283	0	-19.6321	0	-115.921	0	108.737	0	-117.62	0	-632.894	0	54.1974	0	-49.1072	0	48.3988	0	-2513.01	0	-28.8759	0	90.3275	0
-115.84	0	-65.3977	0	-69.1091	0	33.9052	0	4.70014	0	-62.2458	0	-101.091	0	91.4079	0	-164.629	0	-128.103	0	1172.26	0	-87.9309	0	131.612	0	-252.283	0	-19.6321	0	-115.921	0	108.737	0	-117.62	0	-632.894	0	54.1974	0	-49.1072	0	48.3988	0	-2513.01	0	-28.8759	0	90.3275	0
-115.84	0	-65.3977	0	-69.1091	0	33.9052	0	-155.169	0	-62.2458	0	-101.091	0	91.4079	0	-164.629	0	-128.103	0	1172.26	0	-87.9309	0	131.612	0	-252.283	0	-19.6321	0	-115.921	0	108.737	0	-117.62	0	-632.894	0	54.1974	0	-49.1072	0	48.3988	0	-2513.01	0	-28.8759	0	90.3275	0
-115.84	0	-65.3977	0	-69.1091	0	33.9052	0	-155.169	0	-62.2458	0	-101.091	0	91.4079	0	-164.629	0	-128.103	0	1172.26	0	-87.9309	0	131.612	0	-252.283	0	-19.6321	0	-115.921	0	108.737	0	20.6969	0	-632.894	0	54.1974	0	-49.1072	0	99.0336	0	-2513.01	0	-28.8759	0	90.3275	0
-115.84	0	-65.3977	0	-69.1091	0	33.9052	0	-155.169	0	-62.2458	0	-101.091	0	91.4079	0	-164.629	0	-128.103	0	1172.26	0	-87.9309	0	131.612	0	-252.283	0	-19.6321	0	-115.921	0	108.737	0	20.6969	0	-632.894	0	54.1974	0	-49.1072	0	99.0336	0	-2513.01	0	-28.8759	0	90.3275	0
-115.84	0	-65.3977	0	-69.1091	0	33.9052	0	75.9875	0	-62.2458	0	-101.091	0	91.4079	0	-164.629	0	-128.103	0	1172.26	0	-87.9309	0	131.612	0	-252.283	0	-19.6321	0	-115.921	0	108.737	0	20.6969	0	-632.894	0	54.1974	0	-49.1072	0	99.0336	0	-2513.01	0	-28.8759	0	90.3275	0
-115.84	0	-65.3977	0	-69.1091	0	33.9052	0	75.9875	0	-62.2458	0	-101.091	0	91.4079	0	-164.629	0	-128.103	0	1172.26	0	-87.9309	0	131.612	0	-252.283	0	-19.6321	0	-115.921	0	108.737	0	20.6969	0	-632.894	0	54.1974	0	-49.1072	0	99.0336	0	-2513.01	0	-28.8759	0	90.3275	0
-115.84	0	-65.3977	0	-69.1091	0	33.9052	0	75.9875	0	74.7068	0	-101.091	0	91.4079	0	-164.629	0	-128.103	0	1172.26	0	-87.9309	0	131.612	0	-252.283	0	-19.6321	0	-115.921	0	108.737	0	20.6969	0	-632.894	0	54.1974	0	-49.1072	0	99.0336	0	-2513.01	0	-28.8759	0	90.3275	0
-115.84	0	-65.3977	0	-69.1091	0	33.9052	0	75.9875	0	74.7068	0	-101.091	0	91.4079	0	-164.629	0	-128.103	0	1172.26	0	-87.9309	0	131.612	0	-252.283	0	-724.622	0	-115.921	0	108.737	0	20.6969	0	-632.894	0	54.1974	0	-49.1072	0	99.0336	0	-2513.01	0	-28.8759	0	90.3275	0
-115.84	0	-65.3977	0	-69.1091	0	33.9052	0	75.9875	0	74.7068	0	-101.091	0	91.4079	0	-164.629	0	-128.103	0	1172.26	0	-87.9309	0	131.612	0	-252.283	0	-724.622	0	30.4698	0	108.737	0	20.6969	0	-632.894	0	54.1974	0	-49.1072	0	99.0336	0	-2513.01	0	-28.8759	0	90.3275	0
-77.4569	0	-65.3977	0	-69.1091	0	33.9052	0	75.9875	0	74.7068	0	-101.091	0	91.4079	0	-164.629	0	-128.103	0	1172.26	0	-87.9309	0	131.612	0	-252.283	0	-724.622	0	30.4698	0	108.737	0	20.6969	0	-632.894	0	54.1974	0	-49.1072	0	99.0336	0	-2513.01	0	-28.8759	0	90.3275	0
-77.4569	0	-65.3977	0	-69.1091	0	33.9052	0	75.9875	0	74.7068	0	-101.091	0	91.4079	0	-164.629	0	-128.103	0	1172.26	0	-87.9309	0	131.612	0	-252.283	0	-724.622	0	31.3437	0	108.737	0	20.6969	0	-632.894	0	54.1974	0	-49.1072	0	99.0336	0	-2513.01	0	-28.8759	0	90.3275	0
-77.4569	0	-65.3977	0	-69.1091	0	33.9052	0	75.9875	0	74.7068	0	-101.091	0	91.4079	0	-164.629	0	-128.103	0	1172.26	0	-87.9309	0	131.612	0	-252.283	0	-627.271	0	31.3437	0	108.737	0	20.6969	0	-632.894	0	54.1974	0	-49.1072	0	99.0336	0	-2513.01	0	-28.8759	0	90.3275	0
-77.4569	0	-65.3977	0	-69.1091	0	33.9052	0	75.9875	0	37.4329	0	-101.091	0	91.4079	0	-212.766	0	772.695	0	1172.26	0	72.4225	0	131.612	0	-252.283	0	-627.271	0	31.3437	0	108.737	0	20.6969	0	-632.894	0	54.1974	0	-49.1072	0	99.0336	0	-2513.01	0	-28.8759	0	90.3275	0
-77.4569	0	-65.3977	0	-69.1091	0	33.9052	0	75.9875	0	37.4329	0	-101.091	0	91.4079	0	91.5781	0	740.216	0	1172.26	0	72.4225	0	131.612	0	-252.283	0	-521.926	0	31.3437	0	108.737	0	20.6969	0	-632.894	0	45.881	0	-49.1072	0	99.0336	0	-2513.01	0	-28.8759	0	90.3275	0
-77.4569	0	-65.3977	0	-69.1091	0	33.9052	0	75.9875	0	-31.9793	0	-101.091	0	91.4079	0	91.5781	0	935.852	0	1172.26	0	72.4225	0	131.612	0	163.333	0	-521.926	0	31.3437	0	108.737	0	20.6969	0	-632.894	0	45.881	0	-49.1072	0	99.0336	0	-2513.01	0	14.0568	0	90.3275	0
-77.4569	0	-65.3977	0	-69.1091	0	33.9052	0	75.9875	0	-31.9793	0	-101.091	0	91.4079	0	91.5781	0	935.852	0	1172.26	0	48.5736	0	131.612	0	163.333	0	-755.034	0	31.3437	0	108.737	0	20.6969	0	-632.894	0	45.881	0	-49.1072	0	99.0336	0	-2513.01	0	14.0568	0	1295.44	0
-77.4569	0	-65.3977	0	-69.1091	0	33.9052	0	75.9875	0	-31.9793	0	-101.091	0	91.4079	0	91.5781	0	935.852	0	1172.26	0	48.5736	0	131.612	0	163.333	0	-755.034	0	31.3437	0	108.737	0	20.6969	0	-632.894	0	45.881	0	-91.2612	0	99.0336	0	-2513.01	0	14.0568	0	1295.44	0
-77.4569	0	-65.3977	0	-69.1091	0	33.9052	0	75.9875	0	-31.9793	0	-101.091	0	91.4079	0	91.5781	0	935.852	0	1172.26	0	48.5736	0	131.612	0	163.333	0	-755.034	0	31.3437	0	108.737	0	20.6969	0	-632.894	0	45.881	0	-91.2612	0	99.0336	0	-2513.01	0	14.0568	0	1295.44	0
-96.2935	0	-65.3977	0	-69.1091	0	33.9052	0	75.9875	0	-31.9793	0	-115.168	0	91.4079	0	91.5781	0	935.852	0	1172.26	0	307.07	0	131.612	0	163.333	0	-755.034	0	31.3437	0	108.737	0	20.6969	0	-632.894	0	45.881	0	-91.2612	0	99.0336	0	-2513.01	0	14.0568	0	-525.663	0
-96.2935	0	-65.3977	0	-69.1091	0	33.9052	0	75.9875	0	-508.735	0	-115.168	0	91.4079	0	91.5781	0	935.852	0	1172.26	0	307.07	0	131.612	0	163.333	0	-755.034	0	31.3437	0	108.737	0	20.6969	0	-632.894	0	45.881	0	-91.2612	0	99.0336	0	-2513.01	0	14.0568	0	-525.663	0
-96.2935	0	-65.3977	0	-69.1091	0	33.9052	0	75.9875	0	-508.735	0	-115.168	0	91.4079	0	91.5781	0	935.852	0	1172.26	0	307.07	0	131.612	0	163.333	0	-755.034	0	31.3437	0	108.737	0	20.6969	0	-632.894	0	45.881	0	-91.2612	0	99.0336	0	-2513.01	0	14.0568	0	-525.663	0
-96.2935	0	-65.3977	0	-69.1091	0	33.9052	0	75.9875	0	-508.735	0	-115.168	0	91.4079	0	91.5781	0	935.852	0	1172.26	0	307.07	0	131.612	0	163.333	0	-902.787	0	31.3437	0	108.737	0	20.6969	0	-632.894	0	45.881	0	-91.2612	0	99.0336	0	-2513.01	0	14.0568	0	-525.663	0
-96.2935	0	-65.3977	0	-173.311	0	33.9052	0	75.9875	0	-508.735	0	-115.168	0	1006.34	0	-28.6477	0	935.852	0	1172.26	0	307.07	0	131.612	0	163.333	0	-902.787	0	31.3437	0	108.737	0	20.6969	0	-632.894	0	45.881	0	-91.2612	0	105.001	0	-2513.01	0	14.0568	0	-525.663	0
-96.2935	0	-65.3977	0	-173.311	0	33.9052	0	75.9875	0	-508.735	0	-115.168	0	1006.34	0	-174.007	0	935.852	0	1172.26	0	307.07	0	131.612	0	163.333	0	-902.787	0	31.3437	0	108.737	0	20.6969	0	-632.894	0	45.881	0	-91.2612	0	105.001	0	-2513.01	0	14.0568	0	-525.663	0
-96.2935	0	-65.3977	0	-173.311	0	33.9052	0	75.9875	0	-508.735	0	-115.168	0	1006.34	0	-174.007	0	935.852	0	1172.26	0	307.07	0	131.612	0	163.333	0	-902.787	0	31.3437	0	108.737	0	20.6969	0	-632.894	0	45.881	0	-91.2612	0	105.001	0	-2513.01	0	14.0568	0	-525.663	0
-96.2935	0	-65.3977	0	-173.311	0	33.9052	0	75.9875	0	-508.735	0	-115.168	0	-121.068	0	-174.007	0	935.852	0	1172.26	0	307.07	0	131.612	0	163.333	0	-902.787	0	31.3437	0	108.737	0	20.6969	0	-632.894	0	45.881	0	-91.2612	0	105.001	0	-2513.01	0	14.0568	0	-525.663	0
-96.2935	0	-65.3977	0	-173.311	0	33.9052	0	75.9875	0	-508.735	0	-115.168	0	-121.068	0	-174.007	0	935.852	0	1172.26	0	307.07	0	131.612	0	10.501	0	-902.787	0	31.3437	0	108.737	0	20.6969	0	-632.894	0	45.881	0	-91.2612	0	105.001	0	-2513.01	0	14.0568	0	-525.663	0
-96.2935	0	-65.3977	0	-173.311	0	33.9052	0	75.9875	0	-508.735	0	-115.168	0	-121.068	0	-174.007	0	935.852	0	1172.26	0	307.07	0	131.612	0	10.501	0	-902.787	0	31.3437	0	108.737	0	20.6969	0	-632.894	0	45.881	0	-91.2612	0	105.001	0	-2513.01	0	14.0568	0	-525.663	0
-96.2935	0	-65.3977	0	-173.311	0	33.9052	0	75.9875	0	-508.735	0	-115.168	0	-121.068	0	-174.007	0	935.852	0	1172.26	0	307.07	0	131.612	0	10.501	0	-902.787	0	31.3437	0	108.737	0	20.6969	0	-632.894	0	45.881	0	-91.2612	0	105.001	0	-2513.01	0	-53.0887	0	-525.663	0
-96.2935	0	-65.3977	0	-173.311	0	33.9052	0	75.9875	0	-508.735	0	-115.168	0	-121.068	0	-174.007	0	935.852	0	1172.26	0	307.07	0	131.612	0	10.501	0	-902.787	0	31.3437	0	108.737	0	20.6969	0	-632.894	0	45.881	0	-91.2612	0	105.001	0	-2513.01	0	-53.0887	0	-525.663	0
-96.2935	0	-65.3977	0	-173.311	0	33.9052	0	75.9875	0	-508.735	0	-115.168	0	-121.068	0	-118.088	0	935.852	0	1172.26	0	307.07	0	131.612	0	10.501	0	-902.787	0	-104.771	0	108.737	0	20.6969	0	-632.894	0	45.881	0	-91.2612	0	105.001	0	-2513.01	0	538.392	0	-525.663	0
-96.2935	0	-65.3977	0	-173.311	0	33.9052	0	75.9875	0	-508.735	0	-115.168	0	-121.068	0	-118.088	0	935.852	0	1172.26	0	307.07	0	131.612	0	10.501	0	-902.787	0	-104.771	0	108.737	0	20.6969	0	-632.894	0	45.881	0	-91.2612	0	105.001	0	-1378.35	0	538.392	0	-525.663	0
-96.2935	0	-65.3977	0	178.421	0	33.9052	0	75.9875	0	-508.735	0	-115.168	0	-121.068	0	-118.088	0	935.852	0	1172.26	0	307.07	0	131.612	0	10.501	0	-902.787	0	-104.771	0	108.737	0	20.6969	0	-632.894	0	45.881	0	-91.2612	0	105.001	0	-1378.35	0	538.392	0	-525.663	0
-96.2935	0	-65.3977	0	178.421	0	33.9052	0	75.9875	0	-508.735	0	-115.168	0	-121.068	0	-180.365	0	664.136	0	1172.26	0	307.07	0	131.612	0	10.501	0	-902.787	0	-104.771	0	108.737	0	20.6969	0	-632.894	0	45.881	0	-91.2612	0	105.001	0	-1378.35	0	538.392	0	-525.663	0
-96.2935	0	-65.3977	0	178.421	0	-165.635	0	75.9875	0	-508.735	0	-115.168	0	-121.068	0	-180.365	0	664.136	0	1172.26	0	307.07	0	131.612	0	10.501	0	-902.787	0	-104.771	0	108.737	0	20.6969	0	-632.894	0	45.881	0	-91.2612	0	105.001	0	-1378.35	0	538.392	0	-525.663	0
-96.2935	0	-65.3977	0	178.421	0	-165.635	0	75.9875	0	-508.735	0	-115.168	0	-121.068	0	-180.365	0	664.136	0	1172.26	0	307.07	0	131.612	0	10.501	0	-902.787	0	-104.771	0	108.737	0	20.6969	0	-632.894	0	45.881	0	-91.2612	0	-179.053	0	-1378.35	0	538.392	0	-525.663	0
-96.2935	0	-65.3977	0	178.421	0	-165.635	0	75.9875	0	-508.735	0	-115.168	0	-121.068	0	-180.365	0	-1071.11	0	1172.26	0	307.07	0	131.612	0	10.501	0	-902.787	0	-104.771	0	26.4814	0	-96.979	0	-632.894	0	45.881	0	-91.2612	0	-179.053	0	-1378.35	0	538.392	0	178.8	0
-96.2935	0	-65.3977	0	94.3423	0	-165.635	0	75.9875	0	-508.735	0	-115.168	0	-121.068	0	-180.365	0	-1071.11	0	1172.26	0	307.07	0	131.612	0	10.501	0	-902.787	0	-104.771	0	26.4814	0	-96.979	0	-632.894	0	45.881	0	-91.2612	0	-179.053	0	-1378.35	0	538.392	0	178.8	0
-96.2935	0	-65.3977	0	94.3423	0	-165.635	0	75.9875	0	-508.735	0	-115.168	0	-121.068	0	-180.365	0	-1071.11	0	1172.26	0	307.07	0	131.612	0	10.501	0	-902.787	0	-104.771	0	26.4814	0	-96.979	0	-632.894	0	45.881	0	-91.2612	0	-179.053	0	-1378.35	0	538.392	0	178.8	0
1377.8	0	-65.3977	0	94.3423	0	-165.635	0	75.9875	0	-508.735	0	-115.168	0	-121.068	0	-180.365	0	-1071.11	0	1172.26	0	307.07	0	131.612	0	10.501	0	-902.787	0	-104.771	0	175.855	0	-96.979	0	-632.894	0	45.881	0	-91.2612	0	-179.053	0	-1378.35	0	538.392	0	178.8	0
1377.8	0	-65.3977	0	94.3423	0	-165.635	0	75.9875	0	-508.735	0	-115.168	0	-121.068	0	-180.365	0	-924.571	0	1172.26	0	307.07	0	131.612	0	10.501	0	-902.787	0	-104.771	0	175.855	0	-96.979	0	-632.894	0	45.881	0	-91.2612	0	-179.053	0	-1378.35	0	538.392	0	178.8	0
1377.8	0	-65.3977	0	94.3423	0	-165.635	0	75.9875	0	-508.735	0	-115.168	0	-121.068	0	-12.5914	0	-924.571	0	1172.26	0	307.07	0	131.612	0	10.501	0	-902.787	0	-104.771	0	175.855	0	-96.979	0	-632.894	0	45.881	0	-91.2612	0	-179.053	0	-1378.35	0	538.392	0	178.8	0
1377.8	0	-65.3977	0	94.3423	0	-165.635	0	75.9875	0	-508.735	0	-115.168	0	-121.068	0	-12.5914	0	-924.571	0	1172.26	0	307.07	0	203.084	0	10.501	0	-902.787	0	-233.944	0	175.855	0	-96.979	0	-632.894	0	45.881	0	-91.2612	0	-179.053	0	-1378.35	0	-2112.46	0	178.8	0
1316.87	0	-65.3977	0	94.3423	0	-165.635	0	75.9875	0	-508.735	0	-115.168	0	-121.068	0	-12.5914	0	-924.571	0	1172.26	0	307.07	0	203.084	0	10.501	0	-902.787	0	-233.944	0	175.855	0	-96.979	0	-632.894	0	45.881	0	-91.2612	0	-179.053	0	-1378.35	0	-2112.46	0	178.8	0
1316.87	0	-65.3977	0	-132.703	0	-165.635	0	75.9875	0	-508.735	0	-115.168	0	-121.068	0	-12.5914	0	-924.571	0	1172.26	0	307.07	0	203.084	0	10.501	0	-902.787	0	-233.944	0	175.855	0	-96.979	0	-632.894	0	45.881	0	-91.2612	0	-179.053	0	-1378.35	0	-1973.62	0	178.8	0
1316.87	0	-65.3977	0	-132.703	0	-165.635	0	75.9875	0	-508.735	0	-115.168	0	-121.068	0	-12.5914	0	-924.571	0	1172.26	0	307.07	0	203.084	0	10.501	0	-902.787	0	-233.944	0	175.855	0	-96.979	0	-632.894	0	45.881	0	-91.2612	0	-179.053	0	-1378.35	0	-1973.62	0	178.8	0
1316.87	0	-65.3977	0	-132.703	0	-165.635	0	75.9875	0	-508.735	0	-115.168	0	-121.068	0	-12.5914	0	-924.571	0	1172.26	0	307.07	0	203.084	0	10.501	0	-902.787	0	-233.944	0	175.855	0	-96.979	0	-632.894	0	45.881	0	-91.2612	0	-179.053	0	-1378.35	0	-1973.62	0	178.8	0
1316.87	0	-65.3977	0	-132.703	0	-165.635	0	75.9875	0	-508.735	0	-201.057	0	-121.068	0	-12.5914	0	-924.571	0	1172.26	0	307.07	0	203.084	0	10.501	0	-902.787	0	-233.944	0	175.855	0	-96.979	0	-632.894	0	45.881	0	-91.2612	0	-179.053	0	-1378.35	0	-1973.62	0	178.8	0
1316.87	0	-65.3977	0	-132.703	0	-165.635	0	75.9875	0	-508.735	0	-201.057	0	-121.068	0	-12.5914	0	-924.571	0	1172.26	0	307.07	0	203.084	0	10.501	0	-902.787	0	-233.944	0	175.855	0	-96.979	0	-632.894	0	45.881	0	-91.2612	0	-179.053	0	-1378.35	0	-1973.62	0	-313.36	0
1316.87	0	-65.3977	0	-132.703	0	-165.635	0	75.9875	0	-508.735	0	-201.057	0	-121.068	0	-12.5914	0	-924.571	0	1172.26	0	307.07	0	203.084	0	10.501	0	-902.787	0	-233.944	0	175.855	0	-96.979	0	-632.894	0	45.881	0	-91.2612	0	-179.053	0	-1378.35	0	-1973.62	0	-313.36	0
1316.87	0	-152.771	0	-132.703	0	-165.635	0	75.9875	0	-508.735	0	-201.057	0	-121.068	0	-12.5914	0	-924.571	0	1172.26	0	307.07	0	203.084	0	10.501	0	-902.787	0	222.73	0	175.855	0	-96.979	0	-632.894	0	45.881	0	-91.2612	0	-179.053	0	-1378.35	0	-1973.62	0	-313.36	0
1316.87	0	-152.771	0	-132.703	0	-165.635	0	-1318.31	0	-508.735	0	-201.057	0	-121.068	0	-12.5914	0	-924.571	0	1172.26	0	307.07	0	203.084	0	10.501	0	-902.787	0	222.73	0	175.855	0	-96.979	0	-632.894	0	45.881	0	-91.2612	0	-179.053	0	-1378.35	0	-1973.62	0	-313.36	0
1316.87	0	-152.771	0	-132.703	0	-165.635	0	-1318.31	0	-508.735	0	-201.057	0	-121.068	0	-12.5914	0	-924.571	0	1172.26	0	307.07	0	203.084	0	10.501	0	-902.787	0	222.73	0	175.855	0	-96.979	0	-632.894	0	45.881	0	-91.2612	0	-179.053	0	-1378.35	0	-770.889	0	-313.36	0
1323.81	0	-152.771	0	-132.703	0	-165.635	0	-1318.31	0	-508.735	0	-201.057	0	-121.068	0	-12.5914	0	-924.571	0	1172.26	0	307.07	0	203.084	0	10.501	0	-902.787	0	222.73	0	175.855	0	-96.979	0	-632.894	0	45.881	0	-366.108	0	-179.053	0	-1378.35	0	-770.889	0	-313.36	0
1323.81	0	-152.771	0	-132.703	0	-165.635	0	-1318.31	0	-508.735	0	-201.057	0	-121.068	0	-12.5914	0	-924.571	0	1172.26	0	307.07	0	194.083	0	10.501	0	-902.787	0	222.73	0	175.855	0	-96.979	0	-632.894	0	44.5787	0	-366.108	0	-179.053	0	-1378.35	0	-770.889	0	-313.36	0
1323.81	0	-152.771	0	-132.703	0	-165.635	0	-1318.31	0	-508.735	0	-201.057	0	-121.068	0	-12.5914	0	-924.571	0	1172.26	0	307.07	0	194.083	0	10.501	0	-902.787	0	222.73	0	108.087	0	-96.979	0	-632.894	0	44.5787	0	-349.425	0	-179.053	0	-1378.35	0	-770.889	0	-313.36	0
1323.81	0	-152.771	0	-132.703	0	-209.634	0	-1318.31	0	-508.735	0	-201.057	0	-121.068	0	-12.5914	0	-924.571	0	1172.26	0	307.07	0	194.083	0	10.501	0	-902.787	0	222.73	0	108.087	0	-96.979	0	-632.894	0	44.5787	0	-349.425	0	-179.053	0	-1378.35	0	-770.889	0	-76.3759	0
1323.81	0	-152.771	0	-132.703	0	-209.634	0	-1318.31	0	-508.735	0	-201.057	0	-121.068	0	-12.5914	0	-924.571	0	1172.26	0	307.07	0	194.083	0	10.501	0	-902.787	0	222.73	0	108.087	0	-96.979	0	-632.894	0	71.1576	0	-349.425	0	-179.053	0	-1378.35	0	-770.889	0	-76.3759	0
1323.81	0	-152.771	0	-132.703	0	-209.634	0	-1318.31	0	-508.735	0	-201.057	0	-121.068	0	-12.5914	0	-924.571	0	1172.26	0	307.07	0	194.083	0	10.501	0	-902.787	0	222.73	0	108.087	0	-96.979	0	-632.894	0	71.1576	0	-349.425	0	-179.053	0	-1378.35	0	-2053.75	0	-76.3759	0
1323.81	0	-152.771	0	-132.703	0	-209.634	0	-1318.31	0	-508.735	0	-201.057	0	248.865	0	-317.463	0	-924.571	0	1172.26	0	307.07	0	194.083	0	10.501	0	-586.851	0	222.73	0	108.087	0	-96.979	0	-632.894	0	71.1576	0	-349.425	0	-179.053	0	-1378.35	0	-2053.75	0	-76.3759	0
1323.81	0	-152.771	0	-132.703	0	-209.634	0	-1318.31	0	-508.735	0	-201.057	0	248.865	0	-317.463	0	-924.571	0	1172.26	0	307.07	0	194.083	0	10.501	0	-586.851	0	222.73	0	108.087	0	816.029	0	-632.894	0	71.1576	0	-139.816	0	-179.053	0	-1378.35	0	-2053.75	0	-76.3759	0
1323.81	0	-152.771	0	-132.703	0	-209.634	0	-1318.31	0	-508.735	0	-201.057	0	248.865	0	-317.463	0	-924.571	0	1172.26	0	307.07	0	194.083	0	10.501	0	-586.851	0	222.73	0	108.087	0	816.029	0	-632.894	0	71.1576	0	358.007	0	-179.053	0	-1378.35	0	-1520.08	0	-76.3759	0
1323.81	0	-152.771	0	-132.703	0	-209.634	0	-1318.31	0	-508.735	0	-164.134	0	248.865	0	-317.463	0	-924.571	0	1172.26	0	307.07	0	194.083	0	10.501	0	-586.851	0	222.73	0	108.087	0	816.029	0	-632.894	0	71.1576	0	358.007	0	-179.053	0	-1378.35	0	-1520.08	0	-76.3759	0
1323.81	0	-152.771	0	-132.703	0	-209.634	0	-1318.31	0	-508.735	0	-164.134	0	248.865	0	-317.463	0	-924.571	0	1172.26	0	307.07	0	194.083	0	10.501	0	-586.851	0	222.73	0	108.087	0	816.029	0	-632.894	0	71.1576	0	358.007	0	-179.053	0	-1378.35	0	-1520.08	0	-194.498	0
1323.81	0	-152.771	0	-132.703	0	-834.596	0	-1318.31	0	-508.735	0	-164.134	0	248.865	0	-317.463	0	-924.571	0	1172.26	0	307.07	0	-521.413	0	10.501	0	-586.851	0	222.73	0	108.087	0	816.029	0	-632.894	0	71.1576	0	358.007	0	-179.053	0	-1378.35	0	-1520.08	0	-194.498	0
1323.81	0	-23.733	0	-132.703	0	-834.596	0	-1318.31	0	-508.735	0	-164.134	0	248.865	0	-317.463	0	-924.571	0	1172.26	0	307.07	0	-521.413	0	10.501	0	-586.851	0	222.73	0	108.087	0	816.029	0	-632.894	0	71.1576	0	99.6253	0	-179.053	0	-1378.35	0	-688.543	0	-194.498	0
1323.81	0	-23.733	0	-132.703	0	-834.596	0	-1318.31	0	-508.735	0	-164.134	0	248.865	0	-22.535	0	-924.571	0	1172.26	0	307.07	0	-56.8771	0	10.501	0	-586.851	0	222.73	0	108.087	0	816.029	0	-632.894	0	71.1576	0	99.6253	0	-179.053	0	410.061	0	-688.543	0	-194.498	0
1323.81	0	-23.733	0	-132.703	0	-834.596	0	-1318.31	0	-508.735	0	-164.134	0	248.865	0	-473.997	0	-924.571	0	1172.26	0	307.07	0	-56.8771	0	10.501	0	-586.851	0	222.73	0	108.087	0	816.029	0	-632.894	0	-183.962	0	99.6253	0	-179.053	0	410.061	0	-688.543	0	-194.498	0
1323.81	0	-23.733	0	-132.703	0	-991.141	0	-1166.56	0	-508.735	0	-164.134	0	248.865	0	-473.997	0	-924.571	0	1172.26	0	307.07	0	-56.8771	0	10.501	0	-586.851	0	222.73	0	108.087	0	816.029	0	-632.894	0	-183.962	0	99.6253	0	226.68	0	410.061	0	-688.543	0	-194.498	0
1323.81	0	-23.733	0	-132.703	0	-991.141	0	-1166.56	0	-508.735	0	-164.134	0	248.865	0	-473.997	0	-924.571	0	1172.26	0	307.07	0	-56.8771	0	10.501	0	-586.851	0	222.73	0	108.087	0	816.029	0	-632.894	0	-183.962	0	99.6253	0	226.68	0	410.061	0	-688.543	0	-194.498	0
1323.81	0	-23.733	0	-132.703	0	-991.141	0	-1166.56	0	-508.735	0	-320.159	0	248.865	0	-473.997	0	-924.571	0	1172.26	0	307.07	0	-56.8771	0	10.501	0	-586.851	0	222.73	0	108.087	0	816.029	0	-632.894	0	53.7237	0	-130.973	0	740.056	0	410.061	0	-688.543	0	-194.498	0
1323.81	0	-23.733	0	-132.703	0	-991.141	0	-1166.56	0	-508.735	0	-320.159	0	248.865	0	-473.997	0	-924.571	0	1172.26	0	307.07	0	-56.8771	0	10.501	0	-586.851	0	64.1528	0	108.087	0	816.029	0	-632.894	0	18.4557	0	-130.973	0	740.056	0	410.061	0	-688.543	0	-194.498	0
1323.81	0	-23.733	0	-132.703	0	-991.141	0	-1166.56	0	-508.735	0	-320.159	0	248.865	0	-473.997	0	-924.571	0	1172.26	0	307.07	0	-56.8771	0	10.501	0	-586.851	0	64.1528	0	108.087	0	491.16	0	-632.894	0	18.4557	0	-130.973	0	740.056	0	410.061	0	-688.543	0	-194.498	0
1323.81	0	-23.733	0	-132.703	0	-564.737	0	-1166.56	0	-508.735	0	-320.159	0	248.865	0	-473.997	0	-924.571	0	1172.26	0	307.07	0	-56.8771	0	10.501	0	-586.851	0	64.1528	0	108.087	0	491.16	0	-632.894	0	-14.6733	0	-130.973	0	740.056	0	410.061	0	-688.543	0	-194.498	0
1323.81	0	-23.733	0	-132.703	0	-564.737	0	-1166.56	0	-508.735	0	-320.159	0	248.865	0	-471.146	0	-924.571	0	1172.26	0	307.07	0	-56.8771	0	10.501	0	-586.851	0	64.1528	0	108.087	0	491.16	0	-632.894	0	-14.6733	0	-130.973	0	740.056	0	410.061	0	-688.543	0	-194.498	0
1323.81	0	-23.733	0	-132.703	0	-564.737	0	-1166.56	0	-508.735	0	-320.159	0	248.865	0	-471.146	0	-924.571	0	1172.26	0	307.07	0	-56.8771	0	10.501	0	-586.851	0	64.1528	0	108.087	0	491.16	0	-632.894	0	-248.86	0	-130.973	0	740.056	0	410.061	0	-688.543	0	-194.498	0
1323.81	0	-23.733	0	-132.703	0	-564.737	0	-1166.56	0	-508.735	0	-320.159	0	248.865	0	-471.146	0	-924.571	0	1172.26	0	307.07	0	-56.8771	0	10.501	0	-586.851	0	64.1528	0	108.087	0	785.274	0	-632.894	0	-248.86	0	-130.973	0	740.056	0	410.061	0	-688.543	0	-204.786	0
1323.81	0	-23.733	0	-132.703	0	-564.737	0	-1166.56	0	-508.735	0	-320.159	0	248.865	0	-471.146	0	-924.571	0	1172.26	0	-93.717	0	-56.8771	0	10.501	0	-586.851	0	64.1528	0	108.087	0	785.274	0	-632.894	0	-248.86	0	-106.314	0	740.056	0	410.061	0	-688.543	0	-204.786	0
1323.81	0	-23.733	0	-132.703	0	-564.737	0	-1166.56	0	-508.735	0	-320.159	0	248.865	0	-471.146	0	-924.571	0	1172.26	0	-93.717	0	-56.8771	0	10.501	0	-586.851	0	64.1528	0	108.087	0	647.367	0	-632.894	0	-248.86	0	-106.314	0	740.056	0	410.061	0	-688.543	0	-204.786	0
1323.81	0	-23.733	0	-132.703	0	-564.737	0	-1166.56	0	-508.735	0	-106.572	0	248.865	0	-471.146	0	-924.571	0	1172.26	0	-93.717	0	151.458	0	10.501	0	-586.851	0	64.1528	0	108.087	0	647.367	0	-632.894	0	-248.86	0	-106.314	0	740.056	0	410.061	0	-688.543	0	-204.786	0
1323.81	0	-23.733	0	-132.703	0	-564.737	0	-1166.56	0	-508.735	0	-106.572	0	248.865	0	-471.146	0	-924.571	0	1172.26	0	-93.717	0	151.458	0	10.501	0	-586.851	0	64.1528	0	108.087	0	647.367	0	-632.894	0	-248.86	0	-106.314	0	740.056	0	410.061	0	-688.543	0	-204.786	0
1323.81	0	-23.733	0	-132.703	0	-564.737	0	-1166.56	0	-508.735	0	-106.572	0	-23.7742	0	-471.146	0	-924.571	0	1172.26	0	-93.717	0	151.458	0	10.501	0	-586.851	0	64.1528	0	108.087	0	647.367	0	-632.894	0	-248.86	0	-106.314	0	740.056	0	410.061	0	-688.543	0	-204.786	0
1323.81	0	-23.733	0	-132.703	0	-564.737	0	-1166.56	0	-508.735	0	-106.572	0	-23.7742	0	-471.146	0	-924.571	0	1172.26	0	-822.605	0	151.458	0	10.501	0	-586.851	0	64.1528	0	108.087	0	647.367	0	-632.894	0	-248.86	0	-106.314	0	740.056	0	410.061	0	-688.543	0	-204.786	0
1323.81	0	-23.733	0	-132.703	0	-564.737	0	-1166.56	0	-248.42	0	-106.572	0	-23.7742	0	-471.146	0	-924.571	0	1172.26	0	-822.605	0	151.458	0	10.501	0	-586.851	0	64.1528	0	108.087	0	647.367	0	-632.894	0	-248.86	0	-106.314	0	740.056	0	410.061	0	-688.543	0	-204.786	0
1323.81	0	-23.733	0	-132.703	0	-564.737	0	-1166.56	0	94.4348	0	-106.572	0	-23.7742	0	-471.146	0	-1047.69	0	1172.26	0	-822.605	0	151.458	0	10.501	0	-586.851	0	64.1528	0	108.087	0	647.367	0	-632.894	0	-248.86	0	-106.314	0	740.056	0	410.061	0	-688.543	0	-204.786	0
1323.81	0	-23.733	0	-132.703	0	-564.737	0	-1166.56	0	94.4348	0	-106.572	0	-23.7742	0	-471.146	0	-1047.69	0	1172.26	0	-822.605	0	151.458	0	10.501	0	-586.851	0	64.1528	0	108.087	0	647.367	0	-632.894	0	-248.86	0	-106.314	0	740.056	0	410.061	0	-688.543	0	-204.786	0
1323.81	0	-23.733	0	27.1572	0	-564.737	0	-1166.56	0	-807.366	0	-106.572	0	-23.7742	0	-471.146	0	-1047.69	0	1172.26	0	-822.605	0	151.458	0	10.501	0	-586.851	0	64.1528	0	108.087	0	647.367	0	-632.894	0	-248.86	0	-106.314	0	740.056	0	410.061	0	-688.543	0	-34.4761	0
1323.81	0	-23.733	0	27.1572	0	-564.737	0	-1166.56	0	-807.366	0	-106.572	0	-23.7742	0	-471.146	0	-1047.69	0	1172.26	0	-278.848	0	151.458	0	10.501	0	-586.851	0	64.1528	0	108.087	0	647.367	0	-632.894	0	-248.86	0	-106.314	0	740.056	0	410.061	0	-688.543	0	-34.4761	0
1323.81	0	-23.733	0	27.1572	0	-564.737	0	-1166.56	0	-807.366	0	-106.572	0	-23.7742	0	-471.146	0	-1047.69	0	1172.26	0	-278.848	0	151.458	0	10.501	0	-586.851	0	64.1528	0	108.087	0	647.367	0	-632.894	0	-248.86	0	-106.314	0	740.056	0	410.061	0	-688.543	0	-34.4761	0
1323.81	0	-23.733	0	27.1572	0	-564.737	0	-135.878	0	-807.366	0	-106.572	0	-23.7742	0	-471.146	0	-1047.69	0	1172.26	0	-278.848	0	151.458	0	950.595	0	-586.851	0	64.1528	0	108.087	0	647.367	0	-632.894	0	-248.86	0	-212.244	0	740.056	0	410.061	0	-688.543	0	-34.4761	0
1323.81	0	-23.733	0	27.1572	0	-1514.65	0	-135.878	0	-220.332	0	-106.572	0	-23.7742	0	-471.146	0	-1047.69	0	1172.26	0	-278.848	0	151.458	0	950.595	0	-586.851	0	64.1528	0	108.087	0	846.032	0	-632.894	0	-248.86	0	-212.244	0	740.056	0	410.061	0	-688.543	0	-34.4761	0
1323.81	0	-23.733	0	27.1572	0	-1514.65	0	-135.878	0	-220.332	0	-106.572	0	-23.7742	0	-471.146	0	-1047.69	0	1172.26	0	-278.848	0	151.458	0	950.595	0	-586.851	0	64.1528	0	108.087	0	846.032	0	-632.894	0	-248.86	0	-212.244	0	740.056	0	410.061	0	-688.543	0	-34.4761	0
1323.81	0	-23.733	0	27.1572	0	-1514.65	0	-135.878	0	-220.332	0	-106.572	0	-23.7742	0	-471.146	0	-1047.69	0	1172.26	0	-278.848	0	151.458	0	-120.329	0	-586.851	0	64.1528	0	108.087	0	846.032	0	-632.894	0	-248.86	0	-212.244	0	740.056	0	410.061	0	-688.543	0	-34.4761	0
1323.81	0	-23.733	0	27.1572	0	-1500.76	0	-135.878	0	-220.332	0	-106.572	0	-23.7742	0	-471.146	0	-1047.69	0	1172.26	0	-278.848	0	151.458	0	-120.329	0	-586.851	0	64.1528	0	108.087	0	846.032	0	-632.894	0	-312.209	0	-212.244	0	740.056	0	410.061	0	-688.543	0	-34.4761	0
1323.81	0	-23.733	0	27.1572	0	-1500.76	0	-135.878	0	-220.332	0	-106.572	0	-23.7742	0	-471.146	0	-1047.69	0	1172.26	0	-278.848	0	151.458	0	-120.329	0	-1328.55	0	64.1528	0	108.087	0	846.032	0	-632.894	0	-312.209	0	-212.244	0	740.056	0	410.061	0	-688.543	0	-34.4761	0
1323.81	0	-23.733	0	27.1572	0	-1500.76	0	-360.858	0	-220.332	0	-106.572	0	-23.7742	0	-471.146	0	-1047.69	0	1172.26	0	-278.848	0	151.458	0	-120.329	0	-1328.55	0	64.1528	0	108.087	0	846.032	0	-632.894	0	-312.209	0	-212.244	0	740.056	0	410.061	0	-581.078	0	-34.4761	0
1323.81	0	36.6336	0	27.1572	0	-1500.76	0	-360.858	0	-237.685	0	-106.572	0	-23.7742	0	-471.146	0	-1047.69	0	1172.26	0	-278.848	0	151.458	0	-120.329	0	-1328.55	0	64.1528	0	108.087	0	846.032	0	-632.894	0	-312.209	0	-212.244	0	740.056	0	410.061	0	-581.078	0	-34.4761	0
1323.81	0	36.6336	0	27.1572	0	-1500.76	0	-360.858	0	-237.685	0	-106.572	0	-23.7742	0	-471.146	0	-1047.69	0	1172.26	0	-278.848	0	151.458	0	-120.329	0	-1328.55	0	64.1528	0	108.087	0	846.032	0	-632.894	0	-312.209	0	-212.244	0	740.056	0	410.061	0	-581.078	0	-34.4761	0
1323.81	0	36.6336	0	94.8093	0	-1500.76	0	-360.858	0	-237.685	0	-106.572	0	-23.7742	0	-471.146	0	-1047.69	0	1172.26	0	-78.7119	0	151.458	0	-120.329	0	-1328.55	0	64.1528	0	-59.8714	0	846.032	0	-632.894	0	-312.209	0	-212.244	0	740.056	0	410.061	0	-581.078	0	-34.4761	0
1323.81	0	36.6336	0	94.8093	0	-1500.76	0	-360.858	0	-237.685	0	-106.572	0	-23.7742	0	-471.146	0	-1047.69	0	1172.26	0	-78.7119	0	151.458	0	-120.329	0	-1328.55	0	64.1528	0	-59.8714	0	846.032	0	-632.894	0	-312.209	0	-212.244	0	740.056	0	410.061	0	-581.078	0	-34.4761	0
1323.81	0	36.6336	0	94.8093	0	-1500.76	0	-360.858	0	-237.685	0	-106.572	0	-23.7742	0	-471.146	0	-1047.69	0	1172.26	0	-78.7119	0	151.458	0	-120.329	0	-1328.55	0	64.1528	0	-59.8714	0	846.032	0	-632.894	0	-312.209	0	-212.244	0	740.056	0	410.061	0	-581.078	0	-34.4761	0
1323.81	0	36.6336	0	94.8093	0	-1500.76	0	-360.858	0	-237.685	0	-106.572	0	-23.7742	0	-471.146	0	-1047.69	0	1172.26	0	-78.7119	0	151.458	0	-120.329	0	-1328.55	0	64.1528	0	-59.8714	0	846.032	0	-632.894	0	-312.209	0	-212.244	0	740.056	0	410.061	0	-581.078	0	-34.4761	0
1323.81	0	36.6336	0	94.8093	0	-1500.76	0	-360.858	0	-237.685	0	-106.572	0	-23.7742	0	-561.374	0	-1047.69	0	1172.26	0	-78.7119	0	151.458	0	-120.329	0	-1328.55	0	64.1528	0	-59.8714	0	-710.302	0	-632.894	0	-312.209	0	-212.244	0	740.056	0	410.061	0	-581.078	0	-34.4761	0
1323.81	0	36.6336	0	-317.02	0	-1500.76	0	-360.858	0	-237.685	0	-321.089	0	-23.7742	0	-561.374	0	-1047.69	0	1172.26	0	-78.7119	0	151.458	0	-120.329	0	-1328.55	0	64.1528	0	-59.8714	0	-710.302	0	-632.894	0	-312.209	0	-212.244	0	740.056	0	410.061	0	-581.078	0	-34.4761	0
1323.81	0	36.6336	0	-317.02	0	-1500.76	0	-5.84958	0	-237.685	0	-321.089	0	-23.7742	0	-561.374	0	-1047.69	0	1172.26	0	-78.7119	0	151.458	0	-120.329	0	-1328.55	0	64.1528	0	-59.8714	0	-710.302	0	-632.894	0	-312.209	0	-212.244	0	740.056	0	-594.024	0	-581.078	0	-34.4761	0
1323.81	0	36.6336	0	-317.02	0	-1500.76	0	-5.84958	0	-237.685	0	-321.089	0	-23.7742	0	-561.374	0	-1047.69	0	1172.26	0	-78.7119	0	151.458	0	-120.329	0	-1328.55	0	64.1528	0	-59.8714	0	329.299	0	-632.894	0	-312.209	0	-212.244	0	740.056	0	-594.024	0	-581.078	0	-34.4761	0
1323.81	0	36.6336	0	-317.02	0	-1500.76	0	-5.84958	0	-333.742	0	-321.089	0	-23.7742	0	-487.12	0	-1047.69	0	1172.26	0	-78.7119	0	151.458	0	-120.329	0	-1328.55	0	64.1528	0	-59.8714	0	329.299	0	-632.894	0	-328.502	0	-212.244	0	740.056	0	-594.024	0	-581.078	0	-34.4761	0
1323.81	0	36.6336	0	-317.02	0	-1500.76	0	-5.84958	0	-333.742	0	-321.089	0	-23.7742	0	-487.12	0	-1047.69	0	1172.26	0	-78.7119	0	151.458	0	-120.329	0	-1328.55	0	64.1528	0	-59.8714	0	329.299	0	-632.894	0	-328.502	0	110.22	0	740.056	0	-594.024	0	-581.078	0	-34.4761	0
1323.81	0	36.6336	0	-317.02	0	-1500.76	0	-5.84958	0	-333.742	0	-321.089	0	-23.7742	0	-487.12	0	-1047.69	0	1172.26	0	-78.7119	0	-250.041	0	-120.329	0	-1328.55	0	64.1528	0	-59.8714	0	329.299	0	1059.08	0	-328.502	0	110.22	0	740.056	0	-594.024	0	-581.078	0	-34.4761	0
1323.81	0	36.6336	0	-317.02	0	-1500.76	0	-5.84958	0	-333.742	0	-321.089	0	-23.7742	0	-487.12	0	-1047.69	0	1172.26	0	-78.7119	0	-250.041	0	-120.329	0	-1328.55	0	64.1528	0	-59.8714	0	329.299	0	1059.08	0	-328.502	0	110.22	0	740.056	0	-475.187	0	-581.078	0	-34.4761	0
1323.81	0	36.6336	0	-317.02	0	-1500.76	0	-5.84958	0	-333.742	0	-321.089	0	-23.7742	0	-487.12	0	-1047.69	0	1172.26	0	-78.7119	0	-250.041	0	-120.329	0	-1328.55	0	70.9345	0	-59.8714	0	329.299	0	1059.08	0	-328.502	0	110.22	0	740.056	0	-475.187	0	-581.078	0	-34.4761	0
1323.81	0	36.6336	0	-317.02	0	-1500.76	0	-5.84958	0	-333.742	0	-321.089	0	-23.7742	0	-487.12	0	-1047.69	0	1172.26	0	-78.7119	0	-250.041	0	-120.329	0	-1328.55	0	25.4134	0	-59.8714	0	329.299	0	1059.08	0	-328.502	0	110.22	0	740.056	0	-475.187	0	-581.078	0	-34.4761	0
1323.81	0	36.6336	0	-317.02	0	-1500.76	0	-5.84958	0	-33.0862	0	-321.089	0	-23.7742	0	-487.12	0	-1047.69	0	1172.26	0	-58.6179	0	-250.041	0	-120.329	0	-1328.55	0	-100.293	0	-59.8714	0	329.299	0	1059.08	0	-328.502	0	110.22	0	740.056	0	-475.187	0	-581.078	0	-34.4761	0
1323.81	0	36.6336	0	-317.02	0	-1500.76	0	-5.84958	0	-33.0862	0	-321.089	0	-23.7742	0	-487.12	0	-1047.69	0	1172.26	0	-412.661	0	-250.041	0	-120.329	0	-870.811	0	-100.293	0	-59.8714	0	329.299	0	724.683	0	-328.502	0	110.22	0	740.056	0	-475.187	0	-581.078	0	-34.4761	0
1323.81	0	36.6336	0	-317.02	0	-1500.76	0	-5.84958	0	-33.0862	0	-321.089	0	-23.7742	0	-487.12	0	-1047.69	0	1172.26	0	-412.661	0	-250.041	0	-120.329	0	-870.811	0	-100.293	0	-59.8714	0	329.299	0	979.842	0	-328.502	0	110.22	0	740.056	0	-475.187	0	-581.078	0	-34.4761	0
1323.81	0	36.6336	0	-317.02	0	-1500.76	0	-5.84958	0	-33.0862	0	-321.089	0	-23.7742	0	-487.12	0	-1047.69	0	1172.26	0	-412.661	0	-250.041	0	-120.329	0	-870.811	0	-100.293	0	-59.8714	0	483.511	0	979.842	0	-328.502	0	-112.233	0	740.056	0	-475.187	0	-581.078	0	-34.4761	0
1323.81	0	-81.7362	0	-317.02	0	-1500.76	0	-5.84958	0	-33.0862	0	-321.089	0	-23.7742	0	-487.12	0	-1047.69	0	1172.26	0	-412.661	0	-250.041	0	-120.329	0	-870.811	0	-100.293	0	-59.8714	0	483.511	0	979.842	0	-242.961	0	-112.233	0	740.056	0	-446.014	0	-581.078	0	-34.4761	0
1323.81	0	-81.7362	0	-317.02	0	-1500.76	0	-5.84958	0	-33.0862	0	-321.089	0	-23.7742	0	-487.12	0	-1047.69	0	1172.26	0	-412.661	0	-250.041	0	-120.329	0	-870.811	0	-100.293	0	-59.8714	0	483.511	0	979.842	0	-242.961	0	-112.233	0	740.056	0	-446.014	0	-581.078	0	-34.4761	0
1323.81	0	-81.7362	0	-317.02	0	-1500.76	0	-5.84958	0	-33.0862	0	-321.089	0	-23.7742	0	-487.12	0	-1047.69	0	1172.26	0	-412.661	0	-250.041	0	-120.329	0	-870.811	0	92.4113	0	-59.8714	0	483.511	0	979.842	0	-242.961	0	-112.233	0	740.056	0	-446.014	0	-581.078	0	-34.4761	0
1323.81	0	-81.7362	0	-317.02	0	-1500.76	0	-5.84958	0	-33.0862	0	-321.089	0	-23.7742	0	-487.12	0	-1047.69	0	-1218.74	0	-412.661	0	-250.041	0	-120.329	0	-870.811	0	92.4113	0	-105.997	0	483.511	0	979.842	0	-242.961	0	-112.233	0	740.056	0	-446.014	0	-581.078	0	-34.4761	0
1323.81	0	1283.38	0	-317.02	0	-1500.76	0	-5.84958	0	-33.0862	0	-321.089	0	-23.7742	0	-487.12	0	374.76	0	-1218.74	0	-412.661	0	-250.041	0	-120.329	0	-870.811	0	-65.9349	0	-105.997	0	483.511	0	979.842	0	-242.961	0	-112.233	0	740.056	0	-446.014	0	-581.078	0	-34.4761	0
1323.81	0	1283.38	0	-317.02	0	-1500.76	0	-5.84958	0	-33.0862	0	-321.089	0	-23.7742	0	-487.12	0	374.76	0	-1218.74	0	-412.661	0	-250.041	0	-120.329	0	-870.811	0	-65.9349	0	-105.997	0	483.511	0	979.842	0	-242.961	0	-112.233	0	740.056	0	-446.014	0	-581.078	0	-34.4761	0
1323.81	0	1283.38	0	-317.02	0	-1500.76	0	-76.776	0	-33.0862	0	-321.089	0	-23.7742	0	-487.12	0	374.76	0	-1218.74	0	-412.661	0	143.293	0	-120.329	0	-870.811	0	-65.9349	0	-105.997	0	483.511	0	979.842	0	-242.961	0	-112.233	0	740.056	0	-446.014	0	-581.078	0	-34.4761	0
1323.81	0	1283.38	0	-317.02	0	-1500.76	0	-76.776	0	-33.0862	0	-321.089	0	-23.7742	0	-487.12	0	374.76	0	-1218.74	0	-439.049	0	143.293	0	-120.329	0	-870.811	0	-286.848	0	-105.997	0	483.511	0	979.842	0	-242.961	0	-112.233	0	740.056	0	-689.994	0	-581.078	0	-34.4761	0
1323.81	0	1283.38	0	-317.02	0	-1659.48	0	-76.776	0	-33.0862	0	-321.089	0	-23.7742	0	-487.12	0	374.76	0	-1218.74	0	-439.049	0	143.293	0	-120.329	0	-870.811	0	-286.848	0	-105.997	0	483.511	0	979.842	0	-242.961	0	-112.233	0	-113.476	0	-689.994	0	-581.078	0	-34.4761	0
1323.81	0	1361.53	0	-317.02	0	-1659.48	0	-76.776	0	-33.0862	0	-321.089	0	-23.7742	0	-487.12	0	374.76	0	-1218.74	0	-439.049	0	143.293	0	-120.329	0	-870.811	0	-286.848	0	-105.997	0	483.511	0	-1676.02	0	-242.961	0	-112.233	0	-113.476	0	-689.994	0	-581.078	0	-34.4761	0
1323.81	0	1361.53	0	-317.02	0	-1659.48	0	-76.776	0	-33.0862	0	-321.089	0	-23.7742	0	-487.12	0	374.76	0	-1218.74	0	-439.049	0	143.293	0	-120.329	0	-870.811	0	-374.43	0	-473.239	0	483.511	0	-1676.02	0	-242.961	0	-112.233	0	-113.476	0	-736.503	0	-581.078	0	-34.4761	0
1323.81	0	1361.53	0	-317.02	0	-1659.48	0	-76.776	0	-33.0862	0	-321.089	0	-23.7742	0	-628.197	0	374.76	0	-1218.74	0	-439.049	0	143.293	0	-120.329	0	-870.811	0	-374.43	0	-473.239	0	483.511	0	-1676.02	0	-242.961	0	-112.233	0	-113.476	0	-736.503	0	-581.078	0	-34.4761	0
1323.81	0	1361.53	0	-30.8605	0	-1659.48	0	-76.776	0	-445.319	0	-321.089	0	-892.407	0	-628.197	0	374.76	0	-1218.74	0	-439.049	0	143.293	0	-120.329	0	-1001.15	0	-374.43	0	-473.239	0	483.511	0	-1676.02	0	-242.961	0	-112.233	0	-113.476	0	-736.503	0	-581.078	0	-34.4761	0
1323.81	0	1361.53	0	-30.8605	0	-1659.48	0	-76.776	0	-445.319	0	-321.089	0	-892.407	0	-628.197	0	374.76	0	-1400.66	0	-458.38	0	143.293	0	-120.329	0	-1001.15	0	-374.43	0	-473.239	0	483.511	0	-1676.02	0	-242.961	0	-112.233	0	-113.476	0	-736.503	0	-581.078	0	-34.4761	0
1323.81	0	1361.53	0	-30.8605	0	-1659.48	0	-121.173	0	-445.319	0	-321.089	0	-892.407	0	-628.197	0	374.76	0	-1400.66	0	-458.38	0	143.293	0	-120.329	0	-1001.15	0	-286.713	0	-473.239	0	483.511	0	-1676.02	0	-242.961	0	-48.5566	0	-113.476	0	-685.238	0	-581.078	0	-34.4761	0
1323.81	0	1361.53	0	-30.8605	0	-1659.48	0	-121.173	0	-445.319	0	-321.089	0	-892.407	0	-628.197	0	374.76	0	-1400.66	0	-569.984	0	143.293	0	-120.329	0	-1001.15	0	-286.713	0	-473.239	0	483.511	0	-1676.02	0	-242.961	0	-48.5566	0	-113.476	0	-685.238	0	-1023.2	0	-34.4761	0
1323.81	0	1361.53	0	37.7928	0	-1659.48	0	-121.173	0	-445.319	0	-321.089	0	-892.407	0	-628.197	0	374.76	0	-1400.66	0	-569.984	0	143.293	0	-120.329	0	-1001.15	0	-286.713	0	-710.626	0	664.282	0	-1676.02	0	-242.961	0	-48.5566	0	-113.476	0	-685.238	0	-1023.2	0	-34.4761	0
1323.81	0	1361.53	0	37.7928	0	-1659.48	0	-121.173	0	-445.319	0	-896.872	0	-892.407	0	-628.197	0	191.812	0	-1400.66	0	-569.984	0	143.293	0	-120.329	0	-1001.15	0	-286.713	0	-710.626	0	664.282	0	-1676.02	0	-242.961	0	-48.5566	0	-113.476	0	-685.238	0	-1023.2	0	-34.4761	0
1323.81	0	1361.53	0	37.7928	0	-1659.48	0	-121.173	0	-606.782	0	-896.872	0	-892.407	0	-628.197	0	158.593	0	-1400.66	0	-502.561	0	143.293	0	-120.329	0	-1001.15	0	-286.713	0	-710.626	0	664.282	0	-1676.02	0	-242.961	0	-48.5566	0	-113.476	0	-685.238	0	-1023.2	0	-34.4761	0
-358.404	0	-955.367	0	37.7928	0	-1659.48	0	-121.173	0	-606.782	0	-896.872	0	-892.407	0	-628.197	0	158.593	0	-1400.66	0	-502.561	0	143.293	0	-120.329	0	-1001.15	0	-286.713	0	-710.626	0	664.282	0	-1676.02	0	-242.961	0	-48.5566	0	-113.476	0	-685.238	0	-1023.2	0	-34.4761	0
-358.404	0	-955.367	0	37.7928	0	-1659.48	0	-121.173	0	-606.782	0	-896.872	0	-892.407	0	-628.197	0	158.593	0	-1400.66	0	-502.561	0	143.293	0	-240.692	0	-840.75	0	-286.713	0	-710.626	0	664.282	0	-1676.02	0	-242.961	0	-48.5566	0	-113.476	0	-685.238	0	-1023.2	0	-34.4761	0
-358.404	0	1322.92	0	-77.4687	0	-1659.48	0	-1685.94	0	-606.782	0	-896.872	0	-892.407	0	-628.197	0	158.593	0	-1400.66	0	-502.561	0	143.293	0	-240.692	0	-840.75	0	-286.713	0	-311.479	0	664.282	0	-1676.02	0	-242.961	0	-48.5566	0	-113.476	0	-685.238	0	-1023.2	0	-34.4761	0
-358.404	0	1322.92	0	-77.4687	0	-1659.48	0	-1685.94	0	-606.782	0	-896.872	0	-892.407	0	-628.197	0	158.593	0	-1400.66	0	-502.561	0	143.293	0	-240.692	0	-840.75	0	-286.713	0	-311.479	0	664.282	0	-1676.02	0	-242.961	0	-48.5566	0	-113.476	0	-597.738	0	-1023.2	0	-34.4761	0
-358.404	0	1322.92	0	-77.4687	0	-1659.48	0	-1685.94	0	-606.782	0	-308.74	0	-892.407	0	-752.517	0	158.593	0	-1400.66	0	-502.561	0	143.293	0	-240.692	0	-840.75	0	-286.713	0	-311.479	0	664.282	0	-1676.02	0	-242.961	0	-249.266	0	-113.476	0	-597.738	0	-1023.2	0	-34.4761	0
-358.404	0	1322.92	0	-77.4687	0	-1659.48	0	-1685.94	0	-606.782	0	-308.74	0	-892.407	0	-752.517	0	-247.041	0	-1400.66	0	-502.561	0	143.293	0	-240.692	0	-840.75	0	-286.713	0	-311.479	0	664.282	0	-1676.02	0	-242.961	0	-249.266	0	-113.476	0	-597.738	0	-1023.2	0	-34.4761	0
-358.404	0	1322.92	0	-77.4687	0	-1659.48	0	-1685.94	0	-606.782	0	-308.74	0	-892.407	0	-752.517	0	-247.041	0	-1400.66	0	-502.561	0	143.293	0	-240.692	0	-840.75	0	-286.713	0	-577.528	0	664.282	0	-1676.02	0	-242.961	0	-249.266	0	-113.476	0	-597.738	0	-1023.2	0	-34.4761	0
-358.404	0	1322.92	0	-77.4687	0	-1659.48	0	-1131.01	0	-606.782	0	-308.74	0	-892.407	0	-752.517	0	-247.041	0	-1400.66	0	-200.183	0	143.293	0	-240.692	0	-840.75	0	-286.713	0	-577.528	0	664.282	0	-1676.02	0	-242.961	0	-249.266	0	-113.476	0	-597.738	0	-1023.2	0	-34.4761	0
-358.404	0	1322.92	0	-77.4687	0	-1659.48	0	-1131.01	0	-606.782	0	-308.74	0	-892.407	0	-752.517	0	-247.041	0	-1400.66	0	-200.183	0	143.293	0	-240.692	0	-840.75	0	-286.713	0	-734.408	0	664.282	0	-1676.02	0	-242.961	0	-249.266	0	-113.476	0	-597.738	0	-1023.2	0	-34.4761	0
-358.404	0	1322.92	0	-77.4687	0	-1659.48	0	-1131.01	0	-606.782	0	-308.74	0	-892.407	0	-752.517	0	-247.041	0	-1400.66	0	-200.183	0	143.293	0	-240.692	0	-840.75	0	-478.85	0	-734.408	0	664.282	0	-1676.02	0	-242.961	0	792.861	0	-113.476	0	-597.738	0	-1023.2	0	-34.4761	0
-358.404	0	1322.92	0	-77.4687	0	-1659.48	0	-1131.01	0	-606.782	0	-308.74	0	-892.407	0	-752.517	0	-684.225	0	-1400.66	0	-200.183	0	143.293	0	-240.692	0	-840.75	0	-478.85	0	-734.408	0	-1043.03	0	-1676.02	0	-242.961	0	792.861	0	-113.476	0	-597.738	0	-1023.2	0	-34.4761	0
-358.404	0	1322.92	0	-77.4687	0	-1659.48	0	-1131.01	0	-606.782	0	-308.74	0	-701.887	0	-752.517	0	-684.225	0	-1400.66	0	-200.183	0	143.293	0	-240.692	0	-840.75	0	-478.85	0	-734.408	0	-1043.03	0	-1676.02	0	-242.961	0	792.861	0	-286.598	0	-597.738	0	-1023.2	0	-34.4761	0
-358.404	0	-477.686	0	-77.4687	0	-1659.48	0	-1131.01	0	-606.782	0	-308.74	0	-701.887	0	-752.517	0	-684.225	0	-1400.66	0	-200.183	0	143.293	0	-240.692	0	-840.75	0	-478.85	0	-734.408	0	-1043.03	0	-1676.02	0	-242.961	0	792.861	0	-286.598	0	-597.738	0	-1023.2	0	-34.4761	0
-358.404	0	-477.686	0	-77.4687	0	-1659.48	0	-1131.01	0	-317.867	0	-308.74	0	-701.887	0	-752.517	0	209.208	0	-1400.66	0	-200.183	0	143.293	0	-240.692	0	-840.75	0	-478.85	0	-734.408	0	576.829	0	-1676.02	0	-242.961	0	792.861	0	-286.598	0	-597.738	0	-1023.2	0	-34.4761	0
-358.404	0	-477.686	0	-77.4687	0	-1659.48	0	-1131.01	0	-317.867	0	-308.74	0	-701.887	0	-752.517	0	209.208	0	-1400.66	0	-200.183	0	143.293	0	-240.692	0	-840.75	0	-478.85	0	-734.408	0	471.385	0	-1676.02	0	-242.961	0	792.861	0	-286.598	0	-597.738	0	-1023.2	0	-34.4761	0
-358.404	0	-477.686	0	-77.4687	0	-1659.48	0	-1131.01	0	-317.867	0	-308.74	0	-701.887	0	-752.517	0	209.208	0	-1400.66	0	-200.183	0	143.293	0	-397.061	0	-840.75	0	-478.85	0	-602.444	0	471.385	0	-1676.02	0	-242.961	0	792.861	0	-286.598	0	-597.738	0	-1023.2	0	-34.4761	0
-358.404	0	-477.686	0	-77.4687	0	-1659.48	0	-1131.01	0	-317.867	0	-308.74	0	-701.887	0	-752.517	0	209.208	0	-1400.66	0	-200.183	0	143.293	0	-397.061	0	-840.75	0	-478.85	0	-602.444	0	471.385	0	-1676.02	0	-242.961	0	792.861	0	-286.598	0	-597.738	0	-1023.2	0	-671.356	0
-358.404	0	-477.686	0	-77.4687	0	-1659.48	0	-1131.01	0	-317.867	0	-308.74	0	-701.887	0	-752.517	0	209.208	0	-1400.66	0	-200.183	0	143.293	0	-470.739	0	-840.75	0	-626.227	0	-602.444	0	590.493	0	-1676.02	0	-242.961	0	-425.004	0	-286.598	0	-597.738	0	-1023.2	0	-671.356	0
-526.857	0	-477.686	0	-77.4687	0	-1659.48	0	-1131.01	0	-317.867	0	-308.74	0	-701.887	0	-752.517	0	209.208	0	-1567.94	0	-200.183	0	143.293	0	-366.464	0	-840.75	0	-626.227	0	-602.444	0	590.493	0	-1676.02	0	-242.961	0	-425.004	0	-286.598	0	-597.738	0	-1023.2	0	-671.356	0
-526.857	0	-477.686	0	-77.4687	0	-1659.48	0	-1131.01	0	-317.867	0	-308.74	0	-701.887	0	-752.517	0	209.208	0	-1567.94	0	-200.183	0	143.293	0	-366.464	0	-840.75	0	-626.227	0	-602.444	0	590.493	0	-1676.02	0	-242.961	0	-425.004	0	-286.598	0	-597.738	0	-1023.2	0	-671.356	0
-526.857	0	-477.686	0	-77.4687	0	-1659.48	0	-1131.01	0	-317.867	0	-308.74	0	-701.887	0	-752.517	0	209.208	0	-1763.27	0	-200.183	0	143.293	0	-366.464	0	-840.75	0	-626.227	0	-602.444	0	590.493	0	475.929	0	-242.961	0	-425.004	0	-286.598	0	-597.738	0	-1023.2	0	-671.356	0
-526.857	0	-477.686	0	-77.4687	0	-1659.48	0	-1131.01	0	-317.867	0	-308.74	0	-701.887	0	-752.517	0	209.208	0	-1763.27	0	-200.183	0	143.293	0	-366.464	0	-840.75	0	-626.227	0	-602.444	0	590.493	0	475.929	0	-242.961	0	-425.004	0	-286.598	0	-597.738	0	-1023.2	0	-671.356	0
-526.857	0	-477.686	0	-146.647	0	-1659.48	0	-1131.01	0	-317.867	0	-308.74	0	-701.887	0	-752.517	0	209.208	0	-1763.27	0	-200.183	0	143.293	0	-366.464	0	-840.75	0	-626.227	0	-602.444	0	590.493	0	475.929	0	-242.961	0	-425.004	0	-286.598	0	-597.738	0	-1023.2	0	-671.356	0
-526.857	0	1156.85	0	-146.647	0	-1659.48	0	-1131.01	0	-317.867	0	-308.74	0	-701.887	0	-752.517	0	209.208	0	-1763.27	0	-200.183	0	143.293	0	-366.464	0	-840.75	0	-626.227	0	-602.444	0	590.493	0	475.929	0	-242.961	0	-425.004	0	-286.598	0	-597.738	0	-1023.2	0	-671.356	0
-526.857	0	1156.85	0	-146.647	0	-1659.48	0	-1131.01	0	-317.867	0	-447.371	0	-701.887	0	-752.517	0	209.208	0	-1763.27	0	-200.183	0	143.293	0	-366.464	0	-840.75	0	-626.227	0	-602.444	0	590.493	0	475.929	0	-388.189	0	-425.004	0	-286.598	0	-597.738	0	-1023.2	0	-671.356	0
-526.857	0	1156.85	0	-146.647	0	-1659.48	0	-1131.01	0	-317.867	0	-447.371	0	-701.887	0	-752.517	0	209.208	0	-1763.27	0	-200.183	0	143.293	0	-459.475	0	-840.75	0	-626.227	0	-602.444	0	590.493	0	475.929	0	-388.189	0	-245.605	0	-286.598	0	-597.738	0	-1023.2	0	-671.356	0
-526.857	0	1156.85	0	-146.647	0	-1659.48	0	-1131.01	0	-317.867	0	-447.371	0	-701.887	0	-752.517	0	209.208	0	-1763.27	0	-200.183	0	143.293	0	-459.475	0	-840.75	0	-626.227	0	-602.444	0	590.493	0	475.929	0	-388.189	0	-245.605	0	-166.894	0	-762.062	0	-1023.2	0	-671.356	0
-526.857	0	1156.85	0	-146.647	0	-1659.48	0	-1131.01	0	-540.76	0	-447.371	0	-701.887	0	-752.517	0	209.208	0	-1763.27	0	-200.183	0	143.293	0	-459.475	0	-840.75	0	-626.227	0	-602.444	0	590.493	0	475.929	0	-388.189	0	-245.605	0	-166.894	0	-762.062	0	-1023.2	0	-671.356	0
-526.857	0	1156.85	0	-146.647	0	-1659.48	0	-1131.01	0	-540.76	0	-447.371	0	-701.887	0	-752.517	0	209.208	0	-1763.27	0	-200.183	0	143.293	0	-459.475	0	-840.75	0	-626.227	0	-602.444	0	590.493	0	475.929	0	-388.189	0	-245.605	0	-166.894	0	-762.062	0	-1023.2	0	-671.356	0
-526.857	0	1156.85	0	-146.647	0	-1659.48	0	-1131.01	0	-540.76	0	-447.371	0	-701.887	0	-752.517	0	209.208	0	-1763.27	0	-200.183	0	-1195.43	0	-459.475	0	-840.75	0	-626.227	0	-602.444	0	590.493	0	475.929	0	-493.702	0	-245.605	0	-166.894	0	-762.062	0	-1023.2	0	-671.356	0
-526.857	0	1156.85	0	-146.647	0	-1659.48	0	-1131.01	0	-540.76	0	-447.371	0	-701.887	0	-752.517	0	209.208	0	-1763.27	0	-200.183	0	-1195.43	0	-459.475	0	-840.75	0	-626.227	0	-602.444	0	1165.07	0	475.929	0	-493.702	0	-245.605	0	-166.894	0	-762.062	0	-1023.2	0	-671.356	0
-526.857	0	149.437	0	-146.647	0	-1659.48	0	-1131.01	0	-540.76	0	-447.371	0	-701.887	0	-752.517	0	209.208	0	-1763.27	0	-200.183	0	-1195.43	0	-459.475	0	-840.75	0	-626.227	0	-602.444	0	1165.07	0	475.929	0	-493.702	0	-245.605	0	-166.894	0	-762.062	0	-1023.2	0	-671.356	0
-526.857	0	149.437	0	-146.647	0	-1659.48	0	-1131.01	0	-540.76	0	-447.371	0	-1004.98	0	-752.517	0	209.208	0	-1763.27	0	-200.183	0	-1195.43	0	-459.475	0	-840.75	0	-626.227	0	-602.444	0	1165.07	0	475.929	0	-493.702	0	-245.605	0	-166.894	0	-762.062	0	-1023.2	0	-521.127	0
-526.857	0	149.437	0	-146.647	0	-1659.48	0	-1131.01	0	-540.76	0	-447.371	0	-1004.98	0	-752.517	0	209.208	0	-1763.27	0	-200.183	0	-1195.43	0	-459.475	0	-840.75	0	-626.227	0	-602.444	0	1165.07	0	475.929	0	-493.702	0	-245.605	0	-166.894	0	-762.062	0	-1023.2	0	-521.127	0
-526.857	0	149.437	0	-146.647	0	-1659.48	0	-1131.01	0	-540.76	0	-447.371	0	-1004.98	0	-752.517	0	209.208	0	-1763.27	0	-200.183	0	-1195.43	0	-476.075	0	-840.75	0	-586.089	0	-602.444	0	1165.07	0	475.929	0	-493.702	0	-245.605	0	-166.894	0	-762.062	0	-1023.2	0	-521.127	0
-526.857	0	149.437	0	-146.647	0	-1659.48	0	-1131.01	0	-540.76	0	-447.371	0	-701.515	0	-752.517	0	209.208	0	-1763.27	0	-200.183	0	-993.732	0	-476.075	0	-840.75	0	-586.089	0	-602.444	0	1165.07	0	475.929	0	-444.414	0	-245.605	0	-166.894	0	-762.062	0	-1023.2	0	-521.127	0
-566.439	0	149.437	0	-146.647	0	-1659.48	0	-1131.01	0	-540.76	0	-447.371	0	-701.515	0	-752.517	0	209.208	0	-1763.27	0	-692.299	0	-993.732	0	-476.075	0	-840.75	0	-586.089	0	-704.575	0	1165.07	0	475.929	0	-444.414	0	-245.605	0	-166.894	0	-762.062	0	-1023.2	0	-521.127	0
-566.439	0	608.402	0	-146.647	0	-1659.48	0	-1131.01	0	-540.76	0	-447.371	0	-701.515	0	-752.517	0	209.208	0	-1763.27	0	-692.299	0	-993.732	0	-476.075	0	-840.75	0	-586.089	0	-704.575	0	1165.07	0	475.929	0	-444.414	0	-245.605	0	-166.894	0	-762.062	0	-1023.2	0	-521.127	0
-566.439	0	608.402	0	-146.647	0	-1659.48	0	-1131.01	0	-540.76	0	-447.371	0	-701.515	0	-752.517	0	209.208	0	-1763.27	0	-761.604	0	-993.732	0	-476.075	0	-840.75	0	-586.089	0	-704.575	0	1165.07	0	475.929	0	-444.414	0	-245.605	0	-166.894	0	-762.062	0	-1023.2	0	-521.127	0
-566.439	0	608.402	0	-146.647	0	-1659.48	0	-1131.01	0	-540.76	0	-447.371	0	-701.515	0	-752.517	0	209.208	0	-1763.27	0	-761.604	0	-993.732	0	-476.075	0	-840.75	0	-586.089	0	-704.575	0	1165.07	0	475.929	0	-444.414	0	-245.605	0	-166.894	0	-762.062	0	-1023.2	0	-521.127	0
-566.439	0	608.402	0	-146.647	0	-1659.48	0	-1131.01	0	-540.76	0	-447.371	0	-701.515	0	-752.517	0	209.208	0	-1763.27	0	-761.604	0	-1353.86	0	-476.075	0	-840.75	0	-586.089	0	-581.249	0	1165.07	0	475.929	0	-444.414	0	-245.605	0	-166.894	0	-762.062	0	-1023.2	0	-521.127	0
-566.439	0	608.402	0	-146.647	0	-1659.48	0	-1131.01	0	-540.76	0	-447.371	0	-800.751	0	-752.517	0	209.208	0	-1763.27	0	-761.604	0	-1353.86	0	-476.075	0	-840.75	0	-586.089	0	-581.249	0	1165.07	0	475.929	0	-444.414	0	-245.605	0	-166.894	0	-762.062	0	-1023.2	0	-521.127	0
-566.439	0	1360.48	0	-380.825	0	-1659.48	0	-1131.01	0	-540.76	0	-447.371	0	-800.751	0	-752.517	0	209.208	0	-1763.27	0	-761.604	0	-1353.86	0	-476.075	0	-840.75	0	-586.089	0	-581.249	0	1165.07	0	475.929	0	-444.414	0	-245.605	0	-166.894	0	-762.062	0	-1023.2	0	-521.127	0
-566.439	0	1360.48	0	-267.285	0	-1659.48	0	-1131.01	0	-540.76	0	-447.371	0	-800.751	0	-752.517	0	209.208	0	-1763.27	0	-761.604	0	-1353.86	0	-476.075	0	-840.75	0	-586.089	0	-581.249	0	1165.07	0	475.929	0	-444.414	0	-245.605	0	-166.894	0	-762.062	0	-1023.2	0	-521.127	0
-566.439	0	1360.48	0	-267.285	0	-1659.48	0	-1131.01	0	-540.76	0	-447.371	0	-800.751	0	-752.517	0	209.208	0	-1763.27	0	-761.604	0	260.17	0	-476.075	0	-840.75	0	-586.089	0	-581.249	0	1165.07	0	-1014.99	0	-553.241	0	-245.605	0	-166.894	0	-762.062	0	-1023.2	0	-521.127	0
-566.439	0	1360.48	0	-267.285	0	-1659.48	0	-1131.01	0	-540.76	0	-447.371	0	-800.751	0	-752.517	0	209.208	0	-1763.27	0	-761.604	0	167.17	0	-476.075	0	-840.75	0	-586.089	0	-581.249	0	1165.07	0	-1014.99	0	-553.241	0	-245.605	0	-166.894	0	-762.062	0	-1023.2	0	-521.127	0
-566.439	0	1360.48	0	-267.285	0	-1659.48	0	-1131.01	0	-729.551	0	-447.371	0	-800.751	0	-752.517	0	209.208	0	-1763.27	0	-761.604	0	167.17	0	-476.075	0	-840.75	0	-586.089	0	-581.249	0	1165.07	0	-1014.99	0	-553.241	0	-245.605	0	-166.894	0	-832.306	0	-1023.2	0	-521.127	0
-566.439	0	1360.48	0	-267.285	0	-1659.48	0	-1131.01	0	-729.551	0	-447.371	0	-800.751	0	-752.517	0	209.208	0	-1763.27	0	-761.604	0	167.17	0	-476.075	0	-840.75	0	-586.089	0	-581.249	0	1165.07	0	-1014.99	0	-553.241	0	-245.605	0	-166.894	0	-832.306	0	-1023.2	0	-521.127	0
-566.439	0	1360.48	0	-267.285	0	-1659.48	0	-1131.01	0	-729.551	0	-447.371	0	-800.751	0	-752.517	0	209.208	0	-1763.27	0	-761.604	0	167.17	0	-476.075	0	-840.75	0	-586.089	0	-581.249	0	1165.07	0	-1014.99	0	-433.824	0	-245.605	0	-166.894	0	-832.306	0	-1023.2	0	-521.127	0
-566.439	0	1360.48	0	-267.285	0	-1659.48	0	-1131.01	0	-729.551	0	-447.371	0	-800.751	0	-752.517	0	209.208	0	-1763.27	0	-761.604	0	167.17	0	-476.075	0	-840.75	0	-586.089	0	-581.249	0	1165.07	0	-1014.99	0	-433.824	0	-245.605	0	-319.718	0	-832.306	0	-1023.2	0	-521.127	0
-566.439	0	1360.48	0	-267.285	0	-1659.48	0	-1131.01	0	-729.551	0	-447.371	0	-800.751	0	-752.517	0	209.208	0	-1763.27	0	-761.604	0	167.17	0	-476.075	0	-840.75	0	-586.089	0	-581.249	0	1165.07	0	-1014.99	0	-433.824	0	-245.605	0	-319.718	0	-832.306	0	-1023.2	0	-521.127	0
-566.439	0	-2177.81	0	-105.566	0	-1659.48	0	-1131.01	0	-729.551	0	-447.371	0	-800.751	0	-752.517	0	209.208	0	-1763.27	0	-761.604	0	167.17	0	-476.075	0	-840.75	0	-586.089	0	-581.249	0	1165.07	0	-1014.99	0	-433.824	0	-245.605	0	-319.718	0	-832.306	0	-1023.2	0	-521.127	0
-566.439	0	-2177.81	0	-312.676	0	-1659.48	0	-1131.01	0	-729.551	0	-447.371	0	-800.751	0	-752.517	0	209.208	0	-1763.27	0	-761.604	0	-1169.51	0	-476.075	0	-840.75	0	-586.089	0	-581.249	0	1165.07	0	-1014.99	0	-433.824	0	-245.605	0	-319.718	0	-832.306	0	-1023.2	0	-521.127	0
-566.439	0	-2177.81	0	-312.676	0	-1659.48	0	-1131.01	0	-729.551	0	-447.371	0	-800.751	0	-752.517	0	209.208	0	-1763.27	0	-761.604	0	-1169.51	0	-476.075	0	-840.75	0	-586.089	0	-581.249	0	1165.07	0	-1014.99	0	-433.824	0	-245.605	0	-319.718	0	-832.306	0	-1023.2	0	-521.127	0
-566.439	0	-2177.81	0	-312.676	0	-1659.48	0	-1131.01	0	-729.551	0	-165.113	0	-800.751	0	-752.517	0	209.208	0	-1763.27	0	-761.604	0	-1169.51	0	-476.075	0	-840.75	0	-586.089	0	-626.217	0	1165.07	0	-1014.99	0	-433.824	0	-245.605	0	-319.718	0	-832.306	0	-1281.75	0	-521.127	0
-566.439	0	-2177.81	0	-312.676	0	-1659.48	0	-1131.01	0	-729.551	0	-469.161	0	-800.751	0	-752.517	0	209.208	0	-1763.27	0	-761.604	0	-1169.51	0	-476.075	0	-840.75	0	-586.089	0	-626.217	0	1165.07	0	-1014.99	0	-433.824	0	-245.605	0	-319.718	0	-832.306	0	-1281.75	0	-521.127	0
-566.439	0	-2177.81	0	-312.676	0	-1659.48	0	-1131.01	0	-729.551	0	-469.161	0	-800.751	0	-752.517	0	209.208	0	-1763.27	0	-761.604	0	-1165.13	0	-476.075	0	-840.75	0	-689.792	0	-626.217	0	1165.07	0	-1014.99	0	-433.824	0	-245.605	0	-319.718	0	-832.306	0	-1281.75	0	-521.127	0
-566.439	0	-2177.81	0	-312.676	0	-1659.48	0	-1131.01	0	-729.551	0	-469.161	0	-800.751	0	-752.517	0	209.208	0	-1763.27	0	-761.604	0	-1165.13	0	-476.075	0	-840.75	0	-689.792	0	-626.217	0	1165.07	0	-1014.99	0	-433.824	0	-245.605	0	-319.718	0	-832.306	0	-1281.75	0	-521.127	0
-566.439	0	-2177.81	0	-312.676	0	-1659.48	0	-1131.01	0	-729.551	0	-469.161	0	-1373.95	0	-752.517	0	209.208	0	-1763.27	0	-761.604	0	-1165.13	0	-476.075	0	-840.75	0	-689.792	0	-626.217	0	1165.07	0	-1014.99	0	-433.824	0	-245.605	0	-319.718	0	-832.306	0	-1281.75	0	-521.127	0
-566.439	0	-2177.81	0	-312.676	0	-1659.48	0	-1131.01	0	-729.551	0	-469.161	0	-1373.95	0	-752.517	0	209.208	0	-1763.27	0	-761.604	0	-1165.13	0	-476.075	0	-840.75	0	-689.792	0	-626.217	0	1165.07	0	-1014.99	0	-433.824	0	-245.605	0	-394.486	0	-832.306	0	-1281.75	0	-521.127	0
-566.439	0	-2177.81	0	-312.676	0	-1659.48	0	-1131.01	0	-729.551	0	-469.161	0	-1373.95	0	-752.517	0	209.208	0	-1763.27	0	-761.604	0	-1165.13	0	-476.075	0	-840.75	0	-689.792	0	-626.217	0	1165.07	0	-1014.99	0	-433.824	0	-245.605	0	-394.486	0	-832.306	0	-1281.75	0	-521.127	0
-566.439	0	-2177.81	0	-312.676	0	-1659.48	0	-1131.01	0	-729.551	0	-469.161	0	-1373.95	0	-752.517	0	209.208	0	-1763.27	0	-761.604	0	-1165.13	0	-476.075	0	-840.75	0	-738.518	0	-626.217	0	1165.07	0	-1014.99	0	-433.824	0	-245.605	0	-394.486	0	-832.306	0	-1281.75	0	-521.127	0
-566.439	0	-2177.81	0	-312.676	0	-1659.48	0	-1131.01	0	-729.551	0	-469.161	0	-1373.95	0	-752.517	0	202.888	0	-1763.27	0	-761.604	0	-1165.13	0	-476.075	0	-840.75	0	-738.518	0	-626.217	0	1165.07	0	-1014.99	0	-433.824	0	-245.605	0	-394.486	0	-832.306	0	-1281.75	0	-521.127	0
-566.439	0	-2177.81	0	-312.676	0	-1659.48	0	-1131.01	0	-729.551	0	-469.161	0	-1373.95	0	-752.517	0	202.888	0	-1763.27	0	-761.604	0	-1165.13	0	-476.075	0	-840.75	0	-738.518	0	-626.217	0	1165.07	0	-1014.99	0	-433.824	0	-245.605	0	-394.486	0	-832.306	0	-1254.72	0	-521.127	0
-566.439	0	-2177.81	0	-270.032	0	-1659.48	0	-1131.01	0	-729.551	0	-469.161	0	-1373.95	0	-752.517	0	202.888	0	-1763.27	0	-761.604	0	-1165.13	0	-476.075	0	-840.75	0	-738.518	0	-286.818	0	1165.07	0	-1014.99	0	-433.824	0	-245.605	0	-394.486	0	-832.306	0	-1254.72	0	-521.127	0
-566.439	0	-2177.81	0	-270.032	0	-1659.48	0	-1131.01	0	-713.014	0	-469.161	0	-1373.95	0	-752.517	0	202.888	0	-1763.27	0	-761.604	0	-1165.13	0	-476.075	0	-840.75	0	-738.518	0	-286.818	0	1165.07	0	-1014.99	0	-433.824	0	-422.649	0	-301.867	0	-832.306	0	-1254.72	0	-521.127	0
-566.439	0	-2177.81	0	-270.032	0	-1659.48	0	-1131.01	0	-713.014	0	-469.161	0	-1373.95	0	-752.517	0	202.888	0	-1763.27	0	-761.604	0	-1165.13	0	-476.075	0	-840.75	0	-738.518	0	-286.818	0	1165.07	0	-1014.99	0	-433.824	0	-422.649	0	-301.867	0	-832.306	0	-1254.72	0	-521.127	0
-566.439	0	-2177.81	0	-270.032	0	-782.745	0	-1131.01	0	-713.014	0	-469.161	0	-1373.95	0	-752.517	0	202.888	0	-1763.27	0	-761.604	0	-1165.13	0	-476.075	0	-840.75	0	-738.518	0	-286.818	0	1165.07	0	-1014.99	0	-433.824	0	-422.649	0	-301.867	0	-832.306	0	-1254.72	0	-521.127	0
-566.439	0	-2177.81	0	-270.032	0	-782.745	0	-1131.01	0	-713.014	0	-469.161	0	-1373.95	0	-752.517	0	202.888	0	-1763.27	0	-761.604	0	-1165.13	0	-476.075	0	-840.75	0	-738.518	0	-286.818	0	1165.07	0	-1014.99	0	-433.824	0	-422.649	0	-301.867	0	-832.306	0	-1254.72	0	-521.127	0
-566.439	0	-2127.69	0	-270.032	0	-782.745	0	-1131.01	0	-689.577	0	-469.161	0	-1373.95	0	-752.517	0	202.888	0	-1763.27	0	-761.604	0	-1165.13	0	-476.075	0	-840.75	0	-738.518	0	-286.818	0	1165.07	0	-1014.99	0	-637.885	0	-550.549	0	-301.867	0	-832.306	0	-1254.72	0	-521.127	0
-566.439	0	-2127.69	0	-270.032	0	-782.745	0	-1131.01	0	-689.577	0	-469.161	0	-1373.95	0	-752.517	0	202.888	0	-1763.27	0	-761.604	0	-1165.13	0	-476.075	0	-840.75	0	-738.518	0	-286.818	0	1165.07	0	-1014.99	0	-793.647	0	-550.549	0	-301.867	0	-832.306	0	-838.335	0	-521.127	0
-566.439	0	-2127.69	0	-270.032	0	-782.745	0	-1131.01	0	-689.577	0	-469.161	0	-1373.95	0	-752.517	0	202.888	0	-1763.27	0	-761.604	0	-1110.34	0	-476.075	0	-840.75	0	-738.518	0	-286.818	0	1165.07	0	-1014.99	0	-793.647	0	-550.549	0	-301.867	0	-832.306	0	-838.335	0	-521.127	0
-566.439	0	-2235.2	0	-270.032	0	-782.745	0	-1131.01	0	-838.943	0	-469.161	0	-1373.95	0	-752.517	0	202.888	0	-1763.27	0	-761.604	0	-1110.34	0	-476.075	0	-840.75	0	-738.518	0	-286.818	0	1165.07	0	-1014.99	0	-793.647	0	-550.549	0	-301.867	0	-832.306	0	-838.335	0	-521.127	0
-566.439	0	-2235.2	0	-924.867	0	-782.745	0	-1131.01	0	-838.943	0	-469.161	0	-1373.95	0	-874.091	0	202.888	0	-1763.27	0	-761.604	0	-1110.34	0	-476.075	0	-840.75	0	-738.518	0	-286.818	0	1165.07	0	-1014.99	0	-793.647	0	-550.549	0	-301.867	0	-836.333	0	-838.335	0	-521.127	0
-566.439	0	-2561.77	0	-924.867	0	-782.745	0	-1131.01	0	-838.943	0	-469.161	0	-1373.95	0	-874.091	0	202.888	0	-1763.27	0	-761.604	0	-1110.34	0	-476.075	0	-840.75	0	-738.518	0	-286.818	0	1165.07	0	-1014.99	0	-793.647	0	-550.549	0	-301.867	0	-836.333	0	-838.335	0	-521.127	0
-566.439	0	-2561.77	0	-924.867	0	-782.745	0	-1131.01	0	-838.943	0	-469.161	0	-1373.95	0	-874.091	0	202.888	0	-1763.27	0	-761.604	0	-1110.34	0	-476.075	0	-840.75	0	-738.518	0	-286.818	0	1165.07	0	-1014.99	0	-793.647	0	-550.549	0	-301.867	0	-836.333	0	-838.335	0	-521.127	0
-566.439	0	-2561.77	0	-924.867	0	-1794.67	0	-1131.01	0	-838.943	0	-469.161	0	-1373.95	0	-874.091	0	202.888	0	-1763.27	0	-761.604	0	-1110.34	0	-476.075	0	-840.75	0	-738.518	0	-286.818	0	1165.07	0	-1014.99	0	-793.647	0	-550.549	0	-301.867	0	-836.333	0	-838.335	0	-521.127	0
-566.439	0	-2561.77	0	-924.867	0	-1794.67	0	-1131.01	0	-838.943	0	-469.161	0	-1373.95	0	-874.091	0	202.888	0	-1763.27	0	-761.604	0	-1110.34	0	-476.075	0	-840.75	0	-738.518	0	-286.818	0	1165.07	0	-1014.99	0	-793.647	0	-550.549	0	-559.289	0	-836.333	0	-838.335	0	-521.127	0
-566.439	0	-2561.77	0	-924.867	0	-1794.67	0	-1131.01	0	-838.943	0	-469.161	0	-1373.95	0	-874.091	0	202.888	0	-1763.27	0	-761.604	0	-1110.34	0	-476.075	0	-840.75	0	-738.518	0	-286.818	0	1165.07	0	-1014.99	0	-793.647	0	-550.549	0	-559.289	0	-836.333	0	-838.335	0	-521.127	0
-566.439	0	-2561.77	0	-924.867	0	-1794.67	0	-1131.01	0	-838.943	0	-469.161	0	-1373.95	0	-874.091	0	202.888	0	-1763.27	0	-761.604	0	-1110.34	0	-476.075	0	-840.75	0	-738.518	0	-286.818	0	1165.07	0	-1014.99	0	-793.647	0	-550.549	0	-559.289	0	-836.333	0	-838.335	0	-521.127	0
-566.439	0	-2561.77	0	-924.867	0	-1794.67	0	-1131.01	0	-838.943	0	-469.161	0	-1373.95	0	-874.091	0	202.888	0	-1763.27	0	-761.604	0	-1110.34	0	-476.075	0	-840.75	0	-738.518	0	-286.818	0	1165.07	0	-1014.99	0	-793.647	0	-587.927	0	-559.289	0	-836.333	0	-838.335	0	-521.127	0
-566.439	0	-2561.77	0	-924.867	0	-1794.67	0	-1131.01	0	-838.943	0	-469.161	0	-1373.95	0	-874.091	0	202.888	0	-1763.27	0	-761.604	0	-1110.34	0	-476.075	0	-840.75	0	-738.518	0	-286.818	0	1165.07	0	-1014.99	0	-793.647	0	-587.927	0	-559.289	0	-836.333	0	-838.335	0	-521.127	0
-566.439	0	-2561.77	0	-924.867	0	-1794.67	0	-1131.01	0	-838.943	0	-469.161	0	-1373.95	0	-874.091	0	202.888	0	-1763.27	0	-761.604	0	-1110.34	0	-476.075	0	-840.75	0	-738.518	0	-286.818	0	1165.07	0	-1014.99	0	-793.647	0	-587.927	0	-559.289	0	-836.333	0	-838.335	0	-521.127	0
-566.439	0	-2561.77	0	-924.867	0	-1794.67	0	-1131.01	0	-838.943	0	-469.161	0	-1373.95	0	-874.091	0	202.888	0	-1763.27	0	-761.604	0	-1110.34	0	-476.075	0	-840.75	0	-738.518	0	-286.818	0	1165.07	0	-527.087	0	-793.647	0	-587.927	0	-559.289	0	-836.333	0	-838.335	0	-521.127	0
-566.439	0	-2561.77	0	-924.867	0	-1794.67	0	-1131.01	0	-838.943	0	-469.161	0	-1373.95	0	-874.091	0	202.888	0	-1763.27	0	-761.604	0	-1110.34	0	-476.075	0	-840.75	0	-738.518	0	-286.818	0	1165.07	0	-527.087	0	-793.647	0	-587.927	0	-559.289	0	-836.333	0	-838.335	0	-521.127	0
-566.439	0	-2561.77	0	-924.867	0	-1794.67	0	-1131.01	0	-838.943	0	-469.161	0	-1373.95	0	-874.091	0	202.888	0	-1763.27	0	-761.604	0	-1110.34	0	-476.075	0	-840.75	0	-738.518	0	-286.818	0	1165.07	0	-527.087	0	-793.647	0	-587.927	0	-559.289	0	-836.333	0	-838.335	0	-521.127	0
-566.439	0	-2561.77	0	-924.867	0	-1794.67	0	-1131.01	0	-838.943	0	-469.161	0	-1373.95	0	-874.091	0	202.888	0	-1763.27	0	-761.604	0	-1110.34	0	-476.075	0	-840.75	0	-738.518	0	-286.818	0	1165.07	0	-464.396	0	-793.647	0	-587.927	0	-559.289	0	-836.333	0	-838.335	0	-521.127	0
-566.439	0	-2561.77	0	-476.795	0	-1794.67	0	-1131.01	0	-838.943	0	-469.161	0	-1373.95	0	-874.091	0	202.888	0	-1763.27	0	-761.604	0	-1110.34	0	-476.075	0	-840.75	0	-738.518	0	-286.818	0	1165.07	0	-464.396	0	-793.647	0	-587.927	0	-559.289	0	-836.333	0	-838.335	0	-521.127	0
-566.439	0	-2561.77	0	-476.795	0	-1794.67	0	-1131.01	0	-838.943	0	-469.161	0	-1373.95	0	-874.091	0	202.888	0	-1763.27	0	-761.604	0	-1110.34	0	-476.075	0	-840.75	0	-738.518	0	-286.818	0	1165.07	0	-464.396	0	-793.647	0	-587.927	0	-559.289	0	-836.333	0	-838.335	0	-521.127	0
-566.439	0	-2561.77	0	-476.795	0	-1794.67	0	-1131.01	0	-838.943	0	-469.161	0	-1373.95	0	-874.091	0	202.888	0	-1763.27	0	-761.604	0	-1110.34	0	-476.075	0	-840.75	0	-738.518	0	-286.818	0	1165.07	0	-464.396	0	-793.647	0	-587.927	0	-559.289	0	-836.333	0	-838.335	0	-521.127	0
-566.439	0	-2561.77	0	-476.795	0	-1794.67	0	-1131.01	0	-838.943	0	-469.161	0	-1373.95	0	-874.091	0	202.888	0	-1763.27	0	-761.604	0	-1110.34	0	-476.075	0	-840.75	0	-738.518	0	-286.818	0	1165.07	0	-464.396	0	-793.647	0	-587.927	0	-559.289	0	-836.333	0	-838.335	0	-521.127	0
-566.439	0	-2561.77	0	-476.795	0	-1794.67	0	-1131.01	0	-838.943	0	-469.161	0	-1373.95	0	-874.091	0	202.888	0	-1763.27	0	-761.604	0	-1259.13	0	-476.075	0	-840.75	0	-738.518	0	-286.818	0	1165.07	0	-464.396	0	-793.647	0	-587.927	0	-559.289	0	-836.333	0	-838.335	0	-521.127	0
-566.439	0	-2561.77	0	-476.795	0	-1794.67	0	-1131.01	0	-838.943	0	-469.161	0	-1373.95	0	-874.091	0	202.888	0	-1763.27	0	-761.604	0	-1259.13	0	-476.075	0	-840.75	0	-738.518	0	-286.818	0	1165.07	0	-464.396	0	-793.647	0	-587.927	0	-559.289	0	-836.333	0	-838.335	0	-521.127	0
-566.439	0	-2561.77	0	-370.293	0	-1794.67	0	-1131.01	0	-838.943	0	-469.161	0	-1373.95	0	-874.091	0	202.888	0	-1763.27	0	-761.604	0	-1259.13	0	-476.075	0	-840.75	0	-738.518	0	-286.818	0	1165.07	0	-464.396	0	-793.647	0	-587.927	0	-581.779	0	-836.333	0	-838.335	0	-521.127	0
-540.474	0	-2561.77	0	-370.293	0	-1794.67	0	-1131.01	0	-838.943	0	-469.161	0	-1373.95	0	-874.091	0	202.888	0	-1763.27	0	-761.604	0	-1259.13	0	-476.075	0	-840.75	0	-738.518	0	-286.818	0	1165.07	0	-464.396	0	-793.647	0	-587.927	0	-581.779	0	-836.333	0	-838.335	0	-521.127	0
-540.474	0	-2561.77	0	-370.293	0	-1794.67	0	-1131.01	0	-838.943	0	-469.161	0	-1373.95	0	-874.091	0	202.888	0	-1763.27	0	-761.604	0	-1259.13	0	-476.075	0	-840.75	0	-738.518	0	-286.818	0	1165.07	0	-464.396	0	-793.647	0	-587.927	0	-581.779	0	-836.333	0	-502.536	0	-521.127	0
-540.474	0	-2561.77	0	-370.293	0	-1794.67	0	-1131.01	0	-838.943	0	-469.161	0	-1373.95	0	-874.091	0	202.888	0	-1763.27	0	-761.604	0	-1259.13	0	-476.075	0	-840.75	0	-738.518	0	-286.818	0	1165.07	0	-464.396	0	-793.647	0	-587.927	0	-581.779	0	-836.333	0	-502.536	0	-521.127	0
-540.474	0	-2561.77	0	-246.365	0	-1794.67	0	-1131.01	0	-838.943	0	-469.161	0	-1366.42	0	-874.091	0	202.888	0	-1763.27	0	-761.604	0	-1259.13	0	-476.075	0	-840.75	0	-738.518	0	-286.818	0	1165.07	0	-464.396	0	-793.647	0	-587.927	0	-581.779	0	-836.333	0	-502.536	0	-521.127	0
-540.474	0	-2561.77	0	-246.365	0	-1794.67	0	-1131.01	0	-838.943	0	-469.161	0	-1366.42	0	-874.091	0	202.888	0	-1763.27	0	-761.604	0	-1259.13	0	-476.075	0	-840.75	0	-738.518	0	-500.114	0	1165.07	0	-464.396	0	-793.647	0	-587.927	0	-581.779	0	-836.333	0	-502.536	0	-521.127	0
-540.474	0	-2561.77	0	-246.365	0	-1794.67	0	-1131.01	0	-838.943	0	-469.161	0	-1366.42	0	-874.091	0	202.888	0	-1763.27	0	-761.604	0	-1259.13	0	-476.075	0	-840.75	0	-738.518	0	-500.114	0	1165.07	0	-464.396	0	-793.647	0	-587.927	0	-581.779	0	-836.333	0	-502.536	0	-521.127	0
-540.474	0	-2561.77	0	-246.365	0	-1794.67	0	-1131.01	0	-838.943	0	-469.161	0	-1366.42	0	-874.091	0	202.888	0	-1763.27	0	-761.604	0	-1259.13	0	-476.075	0	-840.75	0	-738.518	0	-500.114	0	1165.07	0	-464.396	0	-793.647	0	-587.927	0	-581.779	0	-836.333	0	-502.536	0	-521.127	0
-540.474	0	-2561.77	0	-246.365	0	-1794.67	0	-1131.01	0	-838.943	0	-469.161	0	-1366.42	0	-874.091	0	202.888	0	-1763.27	0	-761.604	0	-1259.13	0	-476.075	0	-840.75	0	-738.518	0	-500.114	0	1165.07	0	-464.396	0	-793.647	0	-587.927	0	-581.779	0	-836.333	0	-502.536	0	-521.127	0
-540.474	0	-2561.77	0	-246.365	0	-1794.67	0	-1131.01	0	-838.943	0	-469.161	0	-1366.42	0	-874.091	0	202.888	0	-1763.27	0	-761.604	0	-1259.13	0	-476.075	0	-840.75	0	-738.518	0	-500.114	0	1165.07	0	-464.396	0	-793.647	0	-587.927	0	-581.779	0	-836.333	0	-502.536	0	-804.038	0
-540.474	0	-2561.77	0	-246.365	0	-1794.67	0	-1131.01	0	-838.943	0	-469.161	0	-1366.42	0	-874.091	0	202.888	0	-1763.27	0	-761.604	0	-1259.13	0	-476.075	0	-840.75	0	-738.518	0	-500.114	0	1165.07	0	-464.396	0	-793.647	0	-587.927	0	-581.779	0	-836.333	0	-502.536	0	-804.038	0
-540.474	0	-2561.77	0	-246.365	0	-1794.67	0	-1131.01	0	-838.943	0	-469.161	0	-1366.42	0	-874.091	0	202.888	0	-1763.27	0	-761.604	0	-1259.13	0	-476.075	0	-840.75	0	-738.518	0	-500.114	0	1165.07	0	-464.396	0	-793.647	0	-587.927	0	-581.779	0	-836.333	0	-502.536	0	-804.038	0
-540.474	0	-2561.77	0	-246.365	0	-1794.67	0	-1131.01	0	-838.943	0	-469.161	0	-1366.42	0	-874.091	0	202.888	0	-1763.27	0	-761.604	0	-1259.13	0	-476.075	0	-840.75	0	-738.518	0	-500.114	0	1165.07	0	-464.396	0	-793.647	0	-587.927	0	-581.779	0	-836.333	0	-502.536	0	-804.038	0
-540.474	0	-2561.77	0	-246.365	0	-1794.67	0	-1131.01	0	-838.943	0	-469.161	0	-1366.42	0	-874.091	0	202.888	0	-1763.27	0	-761.604	0	-1259.13	0	-476.075	0	-840.75	0	-738.518	0	-500.114	0	1165.07	0	-464.396	0	-793.647	0	-587.927	0	-581.779	0	-836.333	0	-502.536	0	-804.038	0
-540.474	0	-2561.77	0	-246.365	0	-1794.67	0	-1131.01	0	-838.943	0	-469.161	0	-1366.42	0	-874.091	0	202.888	0	-1763.27	0	-761.604	0	-1259.13	0	-476.075	0	-840.75	0	-738.518	0	-500.114	0	1165.07	0	-464.396	0	-793.647	0	-587.927	0	-581.779	0	-836.333	0	-502.536	0	-804.038	0
-540.474	0	-2561.77	0	-246.365	0	-1794.67	0	-1131.01	0	-838.943	0	-469.161	0	-1366.42	0	-874.091	0	202.888	0	-1763.27	0	-761.604	0	-1259.13	0	-476.075	0	-840.75	0	-738.518	0	-500.114	0	1165.07	0	-464.396	0	-793.647	0	-587.927	0	-581.779	0	-836.333	0	-502.536	0	-804.038	0
-540.474	0	-2561.77	0	-246.365	0	-1794.67	0	1961.67	0	-838.943	0	-469.161	0	-1366.42	0	-874.091	0	202.888	0	-1763.27	0	-761.604	0	-1231.12	0	-476.075	0	-840.75	0	-738.518	0	-500.114	0	1165.07	0	-464.396	0	-793.647	0	-587.927	0	-581.779	0	-836.333	0	-502.536	0	-804.038	0
-540.474	0	-2561.77	0	-282.073	0	-1794.67	0	1961.67	0	-838.943	0	-469.161	0	-1366.42	0	-874.091	0	202.888	0	-1763.27	0	-761.604	0	-1231.12	0	-476.075	0	-840.75	0	-738.518	0	-500.114	0	1165.07	0	-464.396	0	-793.647	0	-587.927	0	-581.779	0	-836.333	0	-502.536	0	-804.038	0
-540.474	0	-2561.77	0	-282.073	0	-1794.67	0	1961.67	0	-838.943	0	-469.161	0	-1366.42	0	-874.091	0	202.888	0	-1763.27	0	-761.604	0	-1231.12	0	-476.075	0	-840.75	0	-738.518	0	-500.114	0	374.78	0	-464.396	0	-793.647	0	-587.927	0	-581.779	0	-836.333	0	-502.536	0	-804.038	0
-540.474	0	-2561.77	0	-282.073	0	-1794.67	0	1961.67	0	-838.943	0	-469.161	0	-1366.42	0	-874.091	0	202.888	0	-1763.27	0	-761.604	0	-1231.12	0	-476.075	0	-840.75	0	-738.518	0	-500.114	0	374.78	0	-464.396	0	-793.647	0	-587.927	0	-581.779	0	-836.333	0	-502.536	0	-804.038	0
-540.474	0	-2561.77	0	-282.073	0	-1794.67	0	1961.67	0	-838.943	0	-469.161	0	-1366.42	0	-874.091	0	202.888	0	-1763.27	0	-761.604	0	-1231.12	0	-476.075	0	-840.75	0	-738.518	0	-500.114	0	374.78	0	-464.396	0	-793.647	0	-587.927	0	-581.779	0	-836.333	0	-502.536	0	-804.038	0
-540.474	0	-2561.77	0	-282.073	0	-1794.67	0	1961.67	0	-838.943	0	-469.161	0	-1366.42	0	-874.091	0	202.888	0	-1763.27	0	-761.604	0	-1231.12	0	-476.075	0	-840.75	0	-738.518	0	-500.114	0	374.78	0	-464.396	0	-793.647	0	-587.927	0	-581.779	0	-836.333	0	-502.536	0	-804.038	0
-540.474	0	-2561.77	0	-282.073	0	-1794.67	0	1961.67	0	-838.943	0	-469.161	0	-1366.42	0	-874.091	0	202.888	0	-1763.27	0	-761.604	0	-1231.12	0	-476.075	0	-840.75	0	-738.518	0	-500.114	0	374.78	0	-464.396	0	-793.647	0	-587.927	0	-581.779	0	-836.333	0	-502.536	0	-804.038	0
-540.474	0	-2561.77	0	-282.073	0	-1794.67	0	1961.67	0	-838.943	0	-469.161	0	-1366.42	0	-874.091	0	202.888	0	-1763.27	0	-761.604	0	-1231.12	0	-476.075	0	-840.75	0	-738.518	0	-500.114	0	374.78	0	-464.396	0	-793.647	0	-587.927	0	-581.779	0	-836.333	0	-502.536	0	-804.038	0
-540.474	0	-2561.77	0	-282.073	0	-1794.67	0	1961.67	0	-838.943	0	-469.161	0	-1366.42	0	-874.091	0	202.888	0	-1763.27	0	-761.604	0	-1231.12	0	-476.075	0	-840.75	0	-738.518	0	-500.114	0	374.78	0	-464.396	0	-793.647	0	-587.927	0	-581.779	0	-836.333	0	-1055.31	0	-804.038	0
-540.474	0	-2561.77	0	-282.073	0	431.487	0	1961.67	0	-838.943	0	-469.161	0	-1366.42	0	-874.091	0	202.888	0	-1763.27	0	-761.604	0	-1231.12	0	-476.075	0	-840.75	0	-738.518	0	-500.114	0	374.78	0	-464.396	0	-793.647	0	-587.927	0	-581.779	0	-836.333	0	-1055.31	0	-804.038	0
-540.474	0	-2561.77	0	-282.073	0	431.487	0	1961.67	0	-838.943	0	-469.161	0	-1366.42	0	-874.091	0	202.888	0	-1763.27	0	-761.604	0	-1231.12	0	-476.075	0	-840.75	0	-738.518	0	-500.114	0	374.78	0	-464.396	0	-793.647	0	-587.927	0	-581.779	0	-836.333	0	-1055.31	0	-804.038	0
-540.474	0	-2561.77	0	-282.073	0	431.487	0	1961.67	0	-838.943	0	-469.161	0	-1366.42	0	-874.091	0	202.888	0	-1763.27	0	-761.604	0	-1231.12	0	-476.075	0	-840.75	0	-738.518	0	-500.114	0	374.78	0	-464.396	0	-793.647	0	-587.927	0	-581.779	0	-836.333	0	-1055.31	0	-804.038	0
-540.474	0	-2561.77	0	-282.073	0	431.487	0	1961.67	0	-838.943	0	-469.161	0	-1366.42	0	-874.091	0	202.888	0	-1763.27	0	-761.604	0	-1231.12	0	-476.075	0	-840.75	0	-738.518	0	-500.114	0	374.78	0	-464.396	0	-793.647	0	-587.927	0	-581.779	0	-836.333	0	-1055.31	0	-804.038	0
-540.474	0	-2561.77	0	-282.073	0	431.487	0	1961.67	0	-838.943	0	-469.161	0	-1366.42	0	-874.091	0	202.888	0	-1763.27	0	-761.604	0	-1231.12	0	-476.075	0	-840.75	0	-738.518	0	-500.114	0	374.78	0	-464.396	0	-793.647	0	-587.927	0	-581.779	0	-836.333	0	-1055.31	0	-804.038	0
-540.474	0	-2561.77	0	-282.073	0	431.487	0	1961.67	0	-838.943	0	-469.161	0	-1366.42	0	-874.091	0	202.888	0	-1763.27	0	-761.604	0	-1231.12	0	-476.075	0	-840.75	0	-738.518	0	-500.114	0	374.78	0	-464.396	0	-793.647	0	-587.927	0	-581.779	0	-836.333	0	-1055.31	0	-804.038	0
-540.474	0	-2561.77	0	-282.073	0	431.487	0	1961.67	0	-838.943	0	-469.161	0	-1366.42	0	-874.091	0	202.888	0	-1763.27	0	-761.604	0	-1231.12	0	-476.075	0	-840.75	0	-738.518	0	-500.114	0	374.78	0	-464.396	0	-793.647	0	-587.927	0	-581.779	0	-836.333	0	-1055.31	0	-804.038	0
-540.474	0	-2561.77	0	-282.073	0	431.487	0	1961.67	0	-838.943	0	-469.161	0	-1366.42	0	-874.091	0	202.888	0	-1763.27	0	-761.604	0	-1231.12	0	-476.075	0	-840.75	0	-720.442	0	-500.114	0	374.78	0	-464.396	0	-793.647	0	-587.927	0	-581.779	0	-836.333	0	-1055.31	0	-804.038	0
-540.474	0	-2561.77	0	-282.073	0	431.487	0	1961.67	0	-838.943	0	-469.161	0	-1366.42	0	-874.091	0	202.888	0	-1763.27	0	-761.604	0	-1231.12	0	-476.075	0	-840.75	0	-720.442	0	-500.114	0	374.78	0	-464.396	0	-793.647	0	-587.927	0	-581.779	0	-836.333	0	-1055.31	0	-804.038	0
-540.474	0	-2561.77	0	-282.073	0	431.487	0	1961.67	0	-838.943	0	-469.161	0	-1366.42	0	-874.091	0	-26.7586	0	-1763.27	0	-761.604	0	-1231.12	0	-476.075	0	-840.75	0	-720.442	0	-500.114	0	374.78	0	-464.396	0	-842.374	0	-587.927	0	-581.779	0	-836.333	0	-1055.31	0	-804.038	0
-540.474	0	-2561.77	0	-282.073	0	431.487	0	1961.67	0	-838.943	0	-469.161	0	-1366.42	0	-874.091	0	-26.7586	0	-1763.27	0	-761.604	0	-1231.12	0	-856.598	0	-840.75	0	-720.442	0	-500.114	0	374.78	0	-464.396	0	-842.374	0	-587.927	0	-581.779	0	-836.333	0	-1055.31	0	-804.038	0
-540.474	0	-2561.77	0	-282.073	0	431.487	0	1961.67	0	-838.943	0	-469.161	0	-1366.42	0	-874.091	0	-26.7586	0	-1763.27	0	-761.604	0	-1231.12	0	-856.598	0	-840.75	0	-720.442	0	-500.114	0	374.78	0	-464.396	0	-842.374	0	-587.927	0	-581.779	0	-836.333	0	-1055.31	0	-804.038	0
-540.474	0	-2561.77	0	-282.073	0	431.487	0	1961.67	0	-838.943	0	-469.161	0	-1366.42	0	-874.091	0	-26.7586	0	-1763.27	0	-761.604	0	-1231.12	0	-856.598	0	-840.75	0	-720.442	0	-500.114	0	374.78	0	-464.396	0	-842.374	0	-587.927	0	-581.779	0	-836.333	0	-1055.31	0	-804.038	0
-540.474	0	-2561.77	0	-282.073	0	431.487	0	1961.67	0	-838.943	0	-469.161	0	-1366.42	0	-874.091	0	-26.7586	0	-1763.27	0	-761.604	0	-1231.12	0	-856.598	0	-840.75	0	-720.442	0	-500.114	0	374.78	0	-464.396	0	-842.374	0	-587.927	0	-581.779	0	-836.333	0	-1055.31	0	-804.038	0
-540.474	0	-2561.77	0	-282.073	0	431.487	0	1961.67	0	-838.943	0	-469.161	0	-1366.42	0	-874.091	0	-26.7586	0	-1763.27	0	-761.604	0	-1231.12	0	-856.598	0	-840.75	0	-720.442	0	-500.114	0	374.78	0	-464.396	0	-842.374	0	-587.927	0	-715.958	0	-836.333	0	-1055.31	0	-804.038	0
-540.474	0	-2561.77	0	-282.073	0	431.487	0	1961.67	0	-838.943	0	-469.161	0	-1366.42	0	-874.091	0	-26.7586	0	-1763.27	0	-761.604	0	-1231.12	0	-856.598	0	-840.75	0	-720.442	0	-500.114	0	374.78	0	-464.396	0	-842.374	0	-587.927	0	-715.958	0	-836.333	0	-1055.31	0	-804.038	0
-540.474	0	-2561.77	0	-282.073	0	431.487	0	1961.67	0	-838.943	0	-469.161	0	-1366.42	0	-874.091	0	-26.7586	0	-1763.27	0	-761.604	0	-1231.12	0	-856.598	0	-840.75	0	-720.442	0	-500.114	0	374.78	0	-464.396	0	-842.374	0	-587.927	0	-715.958	0	-836.333	0	-1055.31	0	-804.038	0
-540.474	0	-2561.77	0	-282.073	0	431.487	0	1961.67	0	-838.943	0	-469.161	0	-1366.42	0	-874.091	0	-26.7586	0	-1763.27	0	-761.604	0	-1231.12	0	-856.598	0	-840.75	0	-720.442	0	-500.114	0	374.78	0	-464.396	0	-920.05	0	-587.927	0	-740.421	0	-836.333	0	-1055.31	0	-804.038	0
-540.474	0	-2561.77	0	-282.073	0	431.487	0	1961.67	0	-838.943	0	-469.161	0	-1366.42	0	-874.091	0	-26.7586	0	-1763.27	0	-761.604	0	-1231.12	0	-856.598	0	-840.75	0	-720.442	0	-566.353	0	374.78	0	-464.396	0	-920.05	0	-587.927	0	-740.421	0	-836.333	0	-1055.31	0	-804.038	0
-540.474	0	-2561.77	0	-282.073	0	431.487	0	1961.67	0	-838.943	0	-469.161	0	-1366.42	0	-874.091	0	-26.7586	0	-1763.27	0	-761.604	0	-1231.12	0	-856.598	0	-840.75	0	-720.442	0	-566.353	0	374.78	0	-464.396	0	-920.05	0	-587.927	0	-740.421	0	-836.333	0	-1055.31	0	-804.038	0
-540.474	0	-2561.77	0	-282.073	0	431.487	0	1961.67	0	-838.943	0	-469.161	0	-1366.42	0	-874.091	0	-26.7586	0	-1763.27	0	-761.604	0	-1231.12	0	-856.598	0	-840.75	0	-720.442	0	-566.353	0	374.78	0	-464.396	0	-920.05	0	-587.927	0	-740.421	0	-836.333	0	-1055.31	0	-804.038	0
-540.474	0	-2561.77	0	-282.073	0	431.487	0	1961.67	0	-838.943	0	-469.161	0	-1366.42	0	-874.091	0	-26.7586	0	-1763.27	0	-761.604	0	-1231.12	0	-856.598	0	-840.75	0	-720.442	0	-566.353	0	374.78	0	-464.396	0	-920.05	0	-587.927	0	-740.421	0	-836.333	0	-1055.31	0	-804.038	0
-540.474	0	-2561.77	0	-282.073	0	431.487	0	1961.67	0	-838.943	0	-469.161	0	-1366.42	0	-874.091	0	-26.7586	0	-1763.27	0	-761.604	0	-1231.12	0	-856.598	0	-840.75	0	-720.442	0	-566.353	0	374.78	0	-464.396	0	-920.05	0	-587.927	0	-740.421	0	-836.333	0	-1055.31	0	-804.038	0
-540.474	0	-2561.77	0	-282.073	0	431.487	0	1961.67	0	-838.943	0	-469.161	0	-1366.42	0	-874.091	0	-26.7586	0	-1763.27	0	-761.604	0	-1231.12	0	-856.598	0	-840.75	0	-720.442	0	-566.353	0	374.78	0	-464.396	0	-920.05	0	-587.927	0	-740.421	0	-836.333	0	-1055.31	0	-804.038	0
-540.474	0	-2561.77	0	-282.073	0	431.487	0	1961.67	0	-838.943	0	-469.161	0	-1366.42	0	-874.091	0	-26.7586	0	-1763.27	0	-761.604	0	-1231.12	0	-856.598	0	-840.75	0	-720.442	0	-566.353	0	374.78	0	-464.396	0	-920.05	0	-587.927	0	-740.421	0	-836.333	0	-1055.31	0	-804.038	0
-540.474	0	-2561.77	0	-282.073	0	431.487	0	1961.67	0	-838.943	0	-469.161	0	-1366.42	0	-874.091	0	-26.7586	0	-1763.27	0	-761.604	0	-1231.12	0	-856.598	0	-840.75	0	-720.442	0	-566.353	0	374.78	0	-464.396	0	-920.05	0	-587.927	0	-740.421	0	-836.333	0	-1055.31	0	-804.038	0
-540.474	0	-2561.77	0	-282.073	0	431.487	0	1961.67	0	-838.943	0	-469.161	0	-1366.42	0	-874.091	0	-26.7586	0	-1763.27	0	-952.559	0	-1231.12	0	-856.598	0	-840.75	0	-720.442	0	-566.353	0	374.78	0	-464.396	0	-920.05	0	-587.927	0	-740.421	0	-836.333	0	-1055.31	0	-804.038	0
-540.474	0	-2561.77	0	-282.073	0	431.487	0	1961.67	0	-838.943	0	-469.161	0	-1366.42	0	-874.091	0	-26.7586	0	-1763.27	0	-952.559	0	-1231.12	0	-856.598	0	-840.75	0	-720.442	0	-566.353	0	374.78	0	-464.396	0	-920.05	0	-587.927	0	-740.421	0	-836.333	0	-1055.31	0	-804.038	0
-540.474	0	-2561.77	0	-282.073	0	431.487	0	1961.67	0	-838.943	0	-469.161	0	-990.142	0	-874.091	0	-26.7586	0	-1763.27	0	-952.559	0	-1231.12	0	-856.598	0	-840.75	0	-720.442	0	-566.353	0	374.78	0	-464.396	0	-920.05	0	-587.927	0	-740.421	0	-836.333	0	-1055.31	0	-804.038	0
-540.474	0	-2561.77	0	-282.073	0	431.487	0	1961.67	0	-838.943	0	-469.161	0	-990.142	0	-874.091	0	-26.7586	0	-1763.27	0	-952.559	0	-1231.12	0	-856.598	0	-840.75	0	-720.442	0	-566.353	0	374.78	0	-464.396	0	-920.05	0	-587.927	0	-740.421	0	-836.333	0	-1055.31	0	-804.038	0
-540.474	0	-2561.77	0	-282.073	0	431.487	0	1961.67	0	-838.943	0	-469.161	0	-990.142	0	-874.091	0	-26.7586	0	-1763.27	0	-952.559	0	-1231.12	0	-856.598	0	-840.75	0	-720.442	0	-566.353	0	374.78	0	-464.396	0	-920.05	0	-587.927	0	-740.421	0	-836.333	0	-1055.31	0	-804.038	0
-540.474	0	-2561.77	0	-282.073	0	-1743.26	0	1961.67	0	-838.943	0	-469.161	0	-990.142	0	-874.091	0	-26.7586	0	-1763.27	0	-952.559	0	-1231.12	0	-856.598	0	-840.75	0	-720.442	0	-566.353	0	374.78	0	-464.396	0	-920.05	0	-587.927	0	-740.421	0	-836.333	0	-1055.31	0	-804.038	0
-540.474	0	-2561.77	0	-282.073	0	-1743.26	0	1961.67	0	-838.943	0	-469.161	0	-990.142	0	-874.091	0	-26.7586	0	-1763.27	0	-952.559	0	-1231.12	0	-856.598	0	-840.75	0	-720.442	0	-566.353	0	374.78	0	-464.396	0	-920.05	0	-587.927	0	-740.421	0	-836.333	0	-1055.31	0	-804.038	0
-540.474	0	-2561.77	0	-282.073	0	-1743.26	0	1961.67	0	-838.943	0	-469.161	0	-990.142	0	-874.091	0	-26.7586	0	-1763.27	0	-952.559	0	-1231.12	0	-856.598	0	-840.75	0	-720.442	0	-566.353	0	374.78	0	-464.396	0	-938.062	0	-587.927	0	-740.421	0	-836.333	0	-1055.31	0	-804.038	0
-540.474	0	-2561.77	0	-282.073	0	-1743.26	0	1961.67	0	-838.943	0	-469.161	0	-990.142	0	-874.091	0	-26.7586	0	-1763.27	0	-952.559	0	-1231.12	0	-791.461	0	-840.75	0	-720.442	0	-566.353	0	374.78	0	-464.396	0	-938.062	0	-587.927	0	-740.421	0	-836.333	0	-1055.31	0	-804.038	0
-540.474	0	-2561.77	0	-282.073	0	-1743.26	0	1961.67	0	-838.943	0	-469.161	0	-990.142	0	-874.091	0	-26.7586	0	-1763.27	0	-907.753	0	-1231.12	0	-791.461	0	-840.75	0	-720.442	0	-566.353	0	374.78	0	-464.396	0	-938.062	0	-587.927	0	-740.421	0	-836.333	0	-1055.31	0	-804.038	0
-540.474	0	-2561.77	0	-282.073	0	-1743.26	0	1961.67	0	-838.943	0	-469.161	0	-990.142	0	-874.091	0	-26.7586	0	-1763.27	0	-907.753	0	-1231.12	0	-791.461	0	-840.75	0	-860.854	0	-566.353	0	374.78	0	-464.396	0	-938.062	0	-587.927	0	-740.421	0	-836.333	0	-1055.31	0	-804.038	0
-540.474	0	-2561.77	0	-282.073	0	-1743.26	0	1961.67	0	-838.943	0	-469.161	0	-990.142	0	-874.091	0	-26.7586	0	-1763.27	0	-907.753	0	-1231.12	0	-791.461	0	-840.75	0	-860.854	0	-566.353	0	374.78	0	-464.396	0	-938.062	0	-587.927	0	-740.421	0	-836.333	0	-1055.31	0	-804.038	0
-540.474	0	-2561.77	0	-282.073	0	-1743.26	0	1961.67	0	-838.943	0	-469.161	0	-990.142	0	-874.091	0	-26.7586	0	-1763.27	0	-907.753	0	-1231.12	0	-791.461	0	-840.75	0	-860.854	0	-566.353	0	374.78	0	-464.396	0	-938.062	0	-587.927	0	-740.421	0	-836.333	0	-1055.31	0	-804.038	0
-540.474	0	-2561.77	0	-282.073	0	-1743.26	0	1961.67	0	-838.943	0	-469.161	0	-990.142	0	-874.091	0	-26.7586	0	-1763.27	0	-907.753	0	-1231.12	0	-791.461	0	-840.75	0	-860.854	0	-566.353	0	374.78	0	-464.396	0	-938.062	0	-587.927	0	-740.421	0	-836.333	0	-1055.31	0	-804.038	0
-540.474	0	-2561.77	0	-282.073	0	-1743.26	0	1961.67	0	-838.943	0	-469.161	0	-990.142	0	-874.091	0	-26.7586	0	-1763.27	0	-907.753	0	-1231.12	0	-791.461	0	-840.75	0	-860.854	0	-566.353	0	374.78	0	-464.396	0	-938.062	0	-587.927	0	-740.421	0	-836.333	0	-1055.31	0	-804.038	0
-540.474	0	-2561.77	0	-282.073	0	-1743.26	0	1961.67	0	-838.943	0	-469.161	0	-1211.48	0	-874.091	0	-26.7586	0	-1763.27	0	-907.753	0	-1231.12	0	-791.461	0	-840.75	0	-860.854	0	-566.353	0	374.78	0	-464.396	0	-938.062	0	-587.927	0	-740.421	0	-836.333	0	-1055.31	0	-804.038	0
-540.474	0	-2561.77	0	-282.073	0	-1743.26	0	1961.67	0	-838.943	0	-469.161	0	-1211.48	0	-874.091	0	-26.7586	0	-1763.27	0	-907.753	0	-1231.12	0	-791.461	0	-840.75	0	-860.854	0	-566.353	0	374.78	0	-464.396	0	-947.036	0	-587.927	0	-740.421	0	-836.333	0	-1055.31	0	-804.038	0
-540.474	0	-2561.77	0	-282.073	0	-1743.26	0	1961.67	0	-838.943	0	-469.161	0	-1211.48	0	-874.091	0	-26.7586	0	-1763.27	0	-1015.78	0	-1231.12	0	-791.461	0	-840.75	0	-860.854	0	-566.353	0	374.78	0	-464.396	0	-947.036	0	-587.927	0	-740.421	0	-836.333	0	-1055.31	0	-804.038	0
-540.474	0	-2561.77	0	-282.073	0	-1743.26	0	1961.67	0	-838.943	0	-469.161	0	-1211.48	0	-874.091	0	-26.7586	0	-1763.27	0	-1015.78	0	-1231.12	0	-791.461	0	-840.75	0	-860.854	0	-566.353	0	374.78	0	-464.396	0	-947.036	0	-587.927	0	-740.421	0	-836.333	0	-1055.31	0	-804.038	0
-540.474	0	-2561.77	0	-282.073	0	-1743.26	0	1961.67	0	-838.943	0	-469.161	0	-1211.48	0	-874.091	0	-26.7586	0	-1763.27	0	-1015.78	0	-1231.12	0	-791.461	0	-840.75	0	-860.854	0	-566.353	0	374.78	0	-464.396	0	-947.036	0	-587.927	0	-740.421	0	-836.333	0	-1055.31	0	-804.038	0
-540.474	0	-2561.77	0	-282.073	0	-1743.26	0	1961.67	0	-838.943	0	-469.161	0	-1211.48	0	-874.091	0	-26.7586	0	-1763.27	0	-1015.78	0	-1231.12	0	-791.461	0	-840.75	0	-860.854	0	-566.353	0	374.78	0	-464.396	0	-947.036	0	-587.927	0	-740.421	0	-836.333	0	-1055.31	0	-804.038	0
-540.474	0	-2561.77	0	-282.073	0	-1743.26	0	1961.67	0	-786.882	0	-469.161	0	-1211.48	0	-874.091	0	-26.7586	0	-1763.27	0	-1015.78	0	-1231.12	0	-791.461	0	-840.75	0	-860.854	0	-566.353	0	374.78	0	-464.396	0	-947.036	0	-587.927	0	-740.421	0	-836.333	0	-1055.31	0	-804.038	0
-540.474	0	-2561.77	0	-282.073	0	-1743.26	0	1961.67	0	-786.882	0	-469.161	0	-1211.48	0	-874.091	0	-26.7586	0	-1763.27	0	-1015.78	0	-1231.12	0	-791.461	0	-840.75	0	-860.854	0	-566.353	0	374.78	0	-464.396	0	-947.036	0	-587.927	0	-740.421	0	-836.333	0	-1055.31	0	-804.038	0
-540.474	0	-2561.77	0	-282.073	0	-1743.26	0	1961.67	0	-786.882	0	-469.161	0	-1211.48	0	-874.091	0	-26.7586	0	-1763.27	0	-1015.78	0	-1231.12	0	-791.461	0	-840.75	0	-860.854	0	-566.353	0	374.78	0	-464.396	0	-947.036	0	-587.927	0	-740.421	0	-836.333	0	-1055.31	0	-804.038	0
-540.474	0	-2561.77	0	-282.073	0	-1743.26	0	1961.67	0	-786.882	0	-469.161	0	-1211.48	0	-874.091	0	-26.7586	0	-1763.27	0	-1015.78	0	-1231.12	0	-791.461	0	-840.75	0	-860.854	0	-566.353	0	374.78	0	-464.396	0	-947.036	0	-587.927	0	-740.421	0	-836.333	0	-1055.31	0	-804.038	0
-540.474	0	-2561.77	0	-282.073	0	-1743.26	0	1961.67	0	-786.882	0	-469.161	0	-1211.48	0	-874.091	0	-26.7586	0	-1763.27	0	-1015.78	0	-1231.12	0	-791.461	0	-840.75	0	-860.854	0	-566.353	0	374.78	0	-464.396	0	-947.036	0	-587.927	0	-740.421	0	-836.333	0	-1055.31	0	-804.038	0
-540.474	0	-2561.77	0	-282.073	0	-1743.26	0	1961.67	0	-786.882	0	-469.161	0	-1211.48	0	-874.091	0	-26.7586	0	-1763.27	0	-1015.78	0	-1231.12	0	-791.461	0	-840.75	0	-860.854	0	-566.353	0	374.78	0	-464.396	0	-947.036	0	-587.927	0	-740.421	0	-836.333	0	-1055.31	0	-804.038	0
-540.474	0	-2561.77	0	-282.073	0	-1743.26	0	1961.67	0	-786.882	0	-469.161	0	-1211.48	0	-874.091	0	-26.7586	0	-1763.27	0	-1015.78	0	-1231.12	0	-791.461	0	-840.75	0	-860.854	0	-566.353	0	374.78	0	-464.396	0	-947.036	0	-587.927	0	-740.421	0	-836.333	0	-1055.31	0	-804.038	0
-540.474	0	-2561.77	0	-282.073	0	-1743.26	0	1961.67	0	-786.882	0	-469.161	0	-1211.48	0	-874.091	0	-26.7586	0	-1763.27	0	-1015.78	0	-1231.12	0	-791.461	0	-840.75	0	-860.854	0	-566.353	0	374.78	0	-464.396	0	-947.036	0	-587.927	0	-740.421	0	-836.333	0	-1055.31	0	-804.038	0
-540.474	0	-2561.77	0	-282.073	0	-1743.26	0	1961.67	0	-786.882	0	-469.161	0	-1211.48	0	-874.091	0	-26.7586	0	-1763.27	0	-1015.78	0	-1231.12	0	-791.461	0	-840.75	0	-860.854	0	-566.353	0	374.78	0	-464.396	0	-947.036	0	-587.927	0	-740.421	0	-836.333	0	-1055.31	0	-804.038	0
-540.474	0	-2561.77	0	-282.073	0	-1743.26	0	1961.67	0	-786.882	0	-469.161	0	-1211.48	0	-874.091	0	-26.7586	0	-1763.27	0	-1015.78	0	-1231.12	0	-791.461	0	-840.75	0	-860.854	0	-566.353	0	374.78	0	-464.396	0	-947.036	0	-587.927	0	-764.069	0	-836.333	0	-1055.31	0	-804.038	0
-540.474	0	-2561.77	0	-282.073	0	-1638.4	0	1961.67	0	-786.882	0	-469.161	0	-1211.48	0	-874.091	0	-26.7586	0	-1763.27	0	-1015.78	0	-1231.12	0	-791.461	0	-840.75	0	-860.854	0	-566.353	0	374.78	0	-464.396	0	-964.893	0	-587.927	0	-764.069	0	-836.333	0	-1055.31	0	-804.038	0
-540.474	0	-2561.77	0	-282.073	0	-1638.4	0	1961.67	0	-786.882	0	-469.161	0	-1211.48	0	-874.091	0	-26.7586	0	-1763.27	0	-1015.78	0	-1231.12	0	-791.461	0	-840.75	0	-860.854	0	-566.353	0	374.78	0	-464.396	0	-964.893	0	-587.927	0	-764.069	0	-836.333	0	-1055.31	0	-804.038	0
-540.474	0	-2561.77	0	-282.073	0	-1638.4	0	1961.67	0	-786.882	0	-469.161	0	-1211.48	0	-874.091	0	-26.7586	0	-1763.27	0	-1015.78	0	-1231.12	0	-791.461	0	-840.75	0	-860.854	0	-566.353	0	374.78	0	-464.396	0	-964.893	0	-587.927	0	-769.887	0	-836.333	0	-1055.31	0	-804.038	0
-540.474	0	-2561.77	0	-282.073	0	-1638.4	0	1961.67	0	-786.882	0	-469.161	0	-1211.48	0	-874.091	0	-26.7586	0	-1763.27	0	-1015.78	0	-1231.12	0	-791.461	0	-840.75	0	-860.854	0	-566.353	0	374.78	0	-464.396	0	-964.893	0	-587.927	0	-769.887	0	-836.333	0	-1055.31	0	-804.038	0
-540.474	0	-2561.77	0	-282.073	0	-1638.4	0	1961.67	0	-871.27	0	-469.161	0	-1211.48	0	-874.091	0	-26.7586	0	-1763.27	0	-1015.78	0	-1231.12	0	-791.461	0	-840.75	0	-860.854	0	-566.353	0	374.78	0	-464.396	0	-964.893	0	-587.927	0	-769.887	0	-836.333	0	-1055.31	0	-804.038	0
-540.474	0	-2561.77	0	-282.073	0	-1638.4	0	1961.67	0	-871.27	0	-469.161	0	-1211.48	0	-874.091	0	-26.7586	0	-1763.27	0	-1015.78	0	-1231.12	0	-791.461	0	-875.082	0	-860.854	0	-566.353	0	374.78	0	-464.396	0	-964.893	0	-587.927	0	-769.887	0	-899.763	0	-1055.31	0	-804.038	0
-540.474	0	-2561.77	0	-282.073	0	-1638.4	0	1961.67	0	-871.27	0	-469.161	0	-1137.34	0	-874.091	0	-26.7586	0	-1763.27	0	-1015.78	0	-1231.12	0	-791.461	0	-875.082	0	-860.854	0	-566.353	0	374.78	0	-464.396	0	-964.893	0	-587.927	0	-769.887	0	-899.763	0	-1055.31	0	-804.038	0
-540.474	0	-2561.77	0	-282.073	0	-1638.4	0	1961.67	0	-871.27	0	-469.161	0	-1137.34	0	-874.091	0	-26.7586	0	-1763.27	0	-1015.78	0	-1231.12	0	-791.461	0	-875.082	0	-860.854	0	-566.353	0	374.78	0	-464.396	0	-964.893	0	-587.927	0	-769.887	0	-899.763	0	-1055.31	0	-804.038	0
-540.474	0	-2561.77	0	-282.073	0	-1638.4	0	1961.67	0	-871.27	0	-469.161	0	-1137.34	0	-874.091	0	-26.7586	0	-1763.27	0	-1015.78	0	-1231.12	0	-791.461	0	-875.082	0	-860.854	0	-566.353	0	374.78	0	-464.396	0	-964.893	0	-587.927	0	-769.887	0	-899.763	0	-1055.31	0	-804.038	0
-540.474	0	-2561.77	0	-282.073	0	-1638.4	0	1961.67	0	-871.27	0	-469.161	0	-1137.34	0	-874.091	0	-26.7586	0	-1763.27	0	-1015.78	0	-1231.12	0	-791.461	0	-875.082	0	-860.854	0	-566.353	0	374.78	0	-464.396	0	-964.893	0	-587.927	0	-769.887	0	-899.763	0	-1055.31	0	-804.038	0
-540.474	0	-2561.77	0	-282.073	0	-1638.4	0	1961.67	0	-871.27	0	-469.161	0	-1137.34	0	-874.091	0	-26.7586	0	-1763.27	0	-1015.78	0	-1231.12	0	-791.461	0	-875.082	0	-860.854	0	-566.353	0	374.78	0	-464.396	0	-964.893	0	-587.927	0	-769.887	0	-899.763	0	-1055.31	0	-804.038	0
-540.474	0	-2561.77	0	-282.073	0	-1638.4	0	1961.67	0	-871.27	0	-469.161	0	-1137.34	0	-874.091	0	-26.7586	0	-1763.27	0	-1015.78	0	-1231.12	0	-791.461	0	-875.082	0	-860.854	0	-566.353	0	374.78	0	-464.396	0	-964.893	0	-587.927	0	-769.887	0	-899.763	0	-1055.31	0	-804.038	0
-540.474	0	-2561.77	0	-282.073	0	-1638.4	0	1961.67	0	-871.27	0	-469.161	0	-1137.34	0	-874.091	0	-26.7586	0	-1763.27	0	-1015.78	0	122.077	0	-791.461	0	-875.082	0	-860.854	0	-566.353	0	374.78	0	-464.396	0	-964.893	0	-587.927	0	-769.887	0	-899.763	0	-1055.31	0	-804.038	0
-540.474	0	-2561.77	0	-282.073	0	-1638.4	0	1961.67	0	-871.27	0	-469.161	0	-1137.34	0	-874.091	0	-26.7586	0	-1763.27	0	-1015.78	0	122.077	0	-791.461	0	-875.082	0	-860.854	0	-566.353	0	374.78	0	-464.396	0	-964.893	0	-587.927	0	-769.887	0	-899.763	0	-1055.31	0	-804.038	0
-540.474	0	-2561.77	0	-282.073	0	-1638.4	0	1961.67	0	-871.27	0	-469.161	0	-1137.34	0	-874.091	0	-26.7586	0	-1763.27	0	-1015.78	0	122.077	0	-791.461	0	-875.082	0	-860.854	0	-566.353	0	374.78	0	-464.396	0	-964.893	0	-587.927	0	-769.887	0	-899.763	0	-1055.31	0	-804.038	0
-540.474	0	-2561.77	0	-282.073	0	-1638.4	0	-1747.28	0	-871.27	0	-469.161	0	-1137.34	0	-874.091	0	-26.7586	0	-1763.27	0	-1015.78	0	122.077	0	-791.461	0	-875.082	0	-860.854	0	-566.353	0	374.78	0	-464.396	0	-964.893	0	-587.927	0	-769.887	0	-899.763	0	-1055.31	0	-804.038	0
-540.474	0	-2561.77	0	-282.073	0	-1638.4	0	-1747.28	0	-871.27	0	-469.161	0	-1137.34	0	-874.091	0	-26.7586	0	-1763.27	0	-1015.78	0	122.077	0	-791.461	0	-875.082	0	-860.854	0	-746.132	0	374.78	0	-464.396	0	-964.893	0	-587.927	0	-769.887	0	-899.763	0	-1055.31	0	-804.038	0
-540.474	0	-2561.77	0	-282.073	0	-1638.4	0	-1747.28	0	-871.27	0	-469.161	0	-1137.34	0	-874.091	0	-26.7586	0	-1763.27	0	-1015.78	0	122.077	0	-791.461	0	-875.082	0	-860.854	0	-746.132	0	374.78	0	-464.396	0	-964.893	0	-587.927	0	-769.887	0	-899.763	0	-1055.31	0	-804.038	0
-540.474	0	-2561.77	0	-282.073	0	-1638.4	0	-1747.28	0	-871.27	0	-469.161	0	-1137.34	0	-874.091	0	-26.7586	0	-1763.27	0	-1015.78	0	122.077	0	-791.461	0	-875.082	0	-860.854	0	-746.132	0	374.78	0	-464.396	0	-964.893	0	-587.927	0	-769.887	0	-899.763	0	-1055.31	0	-804.038	0
-540.474	0	-2561.77	0	-282.073	0	-1638.4	0	-1747.28	0	-871.27	0	-469.161	0	-1137.34	0	-1063.08	0	-26.7586	0	-1763.27	0	-1015.78	0	122.077	0	-791.461	0	-875.082	0	-860.854	0	-746.132	0	374.78	0	-464.396	0	-964.893	0	-587.927	0	-769.887	0	-899.763	0	-1055.31	0	-804.038	0
-540.474	0	-2561.77	0	-282.073	0	-1638.4	0	-1747.28	0	-871.27	0	-469.161	0	-1137.34	0	-1063.08	0	-26.7586	0	-1763.27	0	-1015.78	0	122.077	0	-791.461	0	-875.082	0	-860.854	0	-746.132	0	374.78	0	-464.396	0	-964.893	0	-587.927	0	-777.446	0	-899.763	0	-1055.31	0	-804.038	0
-540.474	0	-2561.77	0	-282.073	0	-1638.4	0	-1747.28	0	-871.27	0	-469.161	0	-1137.34	0	-1063.08	0	-26.7586	0	-1763.27	0	-1015.78	0	122.077	0	-791.461	0	-875.082	0	-860.854	0	-746.132	0	374.78	0	-464.396	0	-964.893	0	-587.927	0	-777.446	0	-899.763	0	-1055.31	0	-804.038	0
-540.474	0	-2561.77	0	-282.073	0	-1638.4	0	-1747.28	0	-871.27	0	-469.161	0	-1137.34	0	-1063.08	0	-26.7586	0	-1763.27	0	-1015.78	0	122.077	0	-791.461	0	-875.082	0	-860.854	0	-746.132	0	374.78	0	-464.396	0	-964.893	0	-587.927	0	-777.446	0	-899.763	0	-1055.31	0	-804.038	0
-540.474	0	-2561.77	0	-282.073	0	-1638.4	0	-1747.28	0	-871.27	0	-469.161	0	-1137.34	0	-1063.08	0	-26.7586	0	-1763.27	0	-1015.78	0	122.077	0	-791.461	0	-875.082	0	-860.854	0	-746.132	0	374.78	0	-464.396	0	-964.893	0	-587.927	0	-777.446	0	-899.763	0	-1055.31	0	-804.038	0
-540.474	0	-2561.77	0	-282.073	0	-1638.4	0	-1747.28	0	-871.27	0	-469.161	0	-1137.34	0	-1063.08	0	-26.7586	0	-1763.27	0	-1015.78	0	-1248.07	0	-791.461	0	-875.082	0	-860.854	0	-746.132	0	374.78	0	-464.396	0	-964.893	0	-587.927	0	-777.446	0	-899.763	0	-1055.31	0	-804.038	0
-540.474	0	-2561.77	0	-282.073	0	-1638.4	0	-1747.28	0	-871.27	0	-469.161	0	-1137.34	0	-1063.08	0	-26.7586	0	-1763.27	0	-1015.78	0	-1248.07	0	-791.461	0	-875.082	0	-860.854	0	-746.132	0	374.78	0	-464.396	0	-964.893	0	-587.927	0	-777.446	0	-899.763	0	-1055.31	0	-804.038	0
-540.474	0	-2561.77	0	-282.073	0	-1638.4	0	-1747.28	0	-871.27	0	-469.161	0	-1137.34	0	-1063.08	0	-26.7586	0	-1763.27	0	-1015.78	0	-1248.07	0	-791.461	0	-875.082	0	-860.854	0	-746.132	0	374.78	0	-464.396	0	-964.893	0	-587.927	0	-777.446	0	-899.763	0	-1055.31	0	-804.038	0
-540.474	0	-2561.77	0	-282.073	0	-1638.4	0	-1747.28	0	-871.27	0	-469.161	0	-1137.34	0	-1063.08	0	-26.7586	0	-1763.27	0	-1015.78	0	-1248.07	0	-791.461	0	-952.441	0	-860.854	0	-746.132	0	374.78	0	-464.396	0	-964.893	0	-587.927	0	-777.446	0	-899.763	0	-1352.95	0	-804.038	0
-540.474	0	-2561.77	0	-282.073	0	-1638.4	0	-1747.28	0	-871.27	0	-469.161	0	-1137.34	0	-1063.08	0	-26.7586	0	-1763.27	0	-1015.78	0	-1248.07	0	-791.461	0	-1317.91	0	-860.854	0	-746.132	0	374.78	0	-464.396	0	-964.893	0	-587.927	0	-777.446	0	-899.763	0	-1352.95	0	-804.038	0
-540.474	0	-2561.77	0	-282.073	0	-1638.4	0	-1747.28	0	-871.27	0	-469.161	0	-1137.34	0	-1063.08	0	-26.7586	0	-1763.27	0	-1015.78	0	-1248.07	0	-791.461	0	-1317.91	0	-860.854	0	-746.132	0	374.78	0	-464.396	0	-964.893	0	-587.927	0	-777.446	0	-899.763	0	-1352.95	0	-804.038	0
-540.474	0	-2561.77	0	-282.073	0	-1638.4	0	-1747.28	0	-871.27	0	-469.161	0	-1137.34	0	-1063.08	0	-26.7586	0	-1763.27	0	-1015.78	0	-1248.07	0	-791.461	0	-1317.91	0	-860.854	0	-746.132	0	374.78	0	-464.396	0	-964.893	0	-587.927	0	-777.446	0	-899.763	0	-1352.95	0	-804.038	0
-540.474	0	-2561.77	0	-282.073	0	-1638.4	0	-1747.28	0	-871.27	0	-469.161	0	-1137.34	0	-1063.08	0	-26.7586	0	-1763.27	0	-1015.78	0	-1248.07	0	-791.461	0	-1317.91	0	-860.854	0	-746.132	0	374.78	0	-464.396	0	-964.893	0	-587.927	0	-777.446	0	-899.763	0	-1352.95	0	-804.038	0
-540.474	0	-2561.77	0	-282.073	0	-1638.4	0	-1747.28	0	-871.27	0	-469.161	0	-1137.34	0	-1063.08	0	-26.7586	0	-1763.27	0	-1015.78	0	-1248.07	0	-791.461	0	-788.418	0	-860.854	0	-746.132	0	374.78	0	-464.396	0	-964.893	0	-587.927	0	-777.446	0	-899.763	0	-1352.95	0	-804.038	0
-540.474	0	-2561.77	0	-282.073	0	-1638.4	0	-1747.28	0	-871.27	0	-469.161	0	-1137.34	0	-1063.08	0	-26.7586	0	-1763.27	0	-1015.78	0	-1248.07	0	-791.461	0	-788.418	0	-860.854	0	-746.132	0	374.78	0	-464.396	0	-964.893	0	-587.927	0	-777.446	0	-899.763	0	-1352.95	0	-804.038	0
-540.474	0	-2561.77	0	-282.073	0	-1638.4	0	-1747.28	0	-871.27	0	-469.161	0	-1137.34	0	-1063.08	0	-26.7586	0	-1763.27	0	-1015.78	0	-1248.07	0	-791.461	0	-788.418	0	-860.854	0	-746.132	0	374.78	0	-464.396	0	-964.893	0	-857.784	0	-777.446	0	-899.763	0	-1352.95	0	-804.038	0
-540.474	0	-2561.77	0	-282.073	0	-1638.4	0	-1747.28	0	-871.27	0	-469.161	0	-1137.34	0	-1063.08	0	-26.7586	0	-1763.27	0	-1015.78	0	-1248.07	0	-791.461	0	-788.418	0	-860.854	0	-746.132	0	374.78	0	-464.396	0	-964.893	0	-857.784	0	-777.446	0	-899.763	0	-1352.95	0	-804.038	0
-540.474	0	-2561.77	0	-282.073	0	-1638.4	0	-1747.28	0	-871.27	0	-469.161	0	-1137.34	0	-1063.08	0	-26.7586	0	-1763.27	0	-1015.78	0	-1248.07	0	-791.461	0	-788.418	0	-860.854	0	-746.132	0	374.78	0	-464.396	0	-964.893	0	-857.784	0	-777.446	0	-899.763	0	-1352.95	0	-804.038	0
-540.474	0	-2561.77	0	-282.073	0	-1638.4	0	-1747.28	0	-871.27	0	-469.161	0	-1137.34	0	-1063.08	0	-26.7586	0	-1763.27	0	-1015.78	0	-1248.07	0	-791.461	0	-788.418	0	-860.854	0	-746.132	0	374.78	0	-464.396	0	-964.893	0	-857.784	0	-777.446	0	-899.763	0	-1352.95	0	-804.038	0
-540.474	0	-2561.77	0	-282.073	0	-1638.4	0	-1747.28	0	-871.27	0	-469.161	0	-1137.34	0	-1063.08	0	-26.7586	0	-1763.27	0	-1015.78	0	-1248.07	0	-791.461	0	-788.418	0	-860.854	0	-746.132	0	-384.584	0	-464.396	0	-964.893	0	-857.784	0	-777.446	0	-899.763	0	-1352.95	0	-804.038	0
-540.474	0	-2561.77	0	-282.073	0	-1638.4	0	-1747.28	0	-871.27	0	-469.161	0	-1137.34	0	-1063.08	0	-26.7586	0	-1763.27	0	-1015.78	0	-1248.07	0	-791.461	0	-788.418	0	-860.854	0	-746.132	0	-384.584	0	-464.396	0	-964.893	0	-857.784	0	-777.446	0	-899.763	0	-1352.95	0	-804.038	0
-540.474	0	-2561.77	0	-282.073	0	-1638.4	0	-1747.28	0	-871.27	0	-469.161	0	-1137.34	0	-1063.08	0	-26.7586	0	-1763.27	0	-1015.78	0	-1248.07	0	-791.461	0	-788.418	0	-860.854	0	-746.132	0	-384.584	0	-464.396	0	-964.893	0	-874.434	0	-777.446	0	-899.763	0	-1352.95	0	-804.038	0
-540.474	0	-2561.77	0	-282.073	0	-1638.4	0	-1747.28	0	-871.27	0	-469.161	0	-1137.34	0	-1063.08	0	-26.7586	0	-1763.27	0	-948.969	0	-1248.07	0	-791.461	0	-788.418	0	-860.854	0	-746.132	0	-384.584	0	-464.396	0	-964.893	0	-874.434	0	-777.446	0	-899.763	0	-1352.95	0	-804.038	0
-540.474	0	-2561.77	0	-282.073	0	-1638.4	0	-1747.28	0	-871.27	0	-469.161	0	-1137.34	0	-1063.08	0	-26.7586	0	-1763.27	0	-948.969	0	-1248.07	0	-791.461	0	-788.418	0	-860.854	0	-746.132	0	-384.584	0	-464.396	0	-964.893	0	-874.434	0	-777.446	0	-899.763	0	-1352.95	0	-804.038	0
-540.474	0	-2561.77	0	-282.073	0	-1638.4	0	-1747.28	0	-871.27	0	-469.161	0	-1137.34	0	-1063.08	0	-26.7586	0	-1763.27	0	-948.969	0	-1248.07	0	-791.461	0	-788.418	0	-860.854	0	-746.132	0	-384.584	0	-464.396	0	-964.893	0	-874.434	0	-777.446	0	-899.763	0	-1352.95	0	-804.038	0
-540.474	0	-2561.77	0	-282.073	0	-1638.4	0	-1747.28	0	-871.27	0	-469.161	0	-1137.34	0	-1063.08	0	-26.7586	0	-1763.27	0	-948.969	0	-1248.07	0	-791.461	0	-788.418	0	-860.854	0	-746.132	0	-384.584	0	-464.396	0	-964.893	0	-874.434	0	-777.446	0	-899.763	0	-1352.95	0	-804.038	0
-540.474	0	-2561.77	0	-282.073	0	-1638.4	0	-1747.28	0	-871.27	0	-469.161	0	-1137.34	0	-1063.08	0	-26.7586	0	-1763.27	0	-944.7	0	-1248.07	0	-791.461	0	-788.418	0	-860.854	0	-746.132	0	-384.584	0	-464.396	0	-964.893	0	-874.434	0	-777.446	0	-899.763	0	-1352.95	0	-804.038	0
-540.474	0	-2561.77	0	-282.073	0	-1638.4	0	-1747.28	0	-871.27	0	-469.161	0	-1137.34	0	-1072.74	0	-26.7586	0	-1763.27	0	-944.7	0	-1248.07	0	-791.461	0	-788.418	0	-860.854	0	-746.132	0	-279.388	0	-464.396	0	-964.893	0	-874.434	0	-777.446	0	-899.763	0	-1352.95	0	-804.038	0
-540.474	0	-2561.77	0	-282.073	0	-1638.4	0	-1747.28	0	-871.27	0	-469.161	0	-1137.34	0	-1072.74	0	-26.7586	0	-1763.27	0	-944.7	0	-1248.07	0	-791.461	0	-788.418	0	-860.854	0	-746.132	0	-279.388	0	-464.396	0	-964.893	0	-874.434	0	-777.446	0	-899.763	0	-1352.95	0	-804.038	0
-540.474	0	-2561.77	0	-282.073	0	-1638.4	0	-1747.28	0	-871.27	0	-469.161	0	-1137.34	0	-1072.74	0	-26.7586	0	-1763.27	0	-944.7	0	-1248.07	0	-791.461	0	-788.418	0	-860.854	0	-746.132	0	-279.388	0	-464.396	0	-964.893	0	-874.434	0	-777.446	0	-899.763	0	-1352.95	0	-804.038	0
-540.474	0	-2561.77	0	-282.073	0	-1638.4	0	-1747.28	0	-871.27	0	-469.161	0	-1137.34	0	-1072.74	0	-26.7586	0	-1763.27	0	-944.7	0	-1248.07	0	-791.461	0	-788.418	0	-860.854	0	-746.132	0	-279.388	0	-464.396	0	-964.893	0	-874.434	0	-777.446	0	-951.43	0	-1352.95	0	-804.038	0
-540.474	0	-2561.77	0	-282.073	0	-1638.4	0	-1747.28	0	-871.27	0	-469.161	0	-1137.34	0	-1073.49	0	-26.7586	0	-1763.27	0	-944.7	0	-1248.07	0	-791.461	0	-788.418	0	-860.854	0	-746.132	0	-279.388	0	-464.396	0	-964.893	0	-874.434	0	-777.446	0	-951.43	0	-1352.95	0	-804.038	0
-540.474	0	-2561.77	0	-282.073	0	-1638.4	0	-1747.28	0	-871.27	0	-469.161	0	-1137.34	0	-1073.49	0	-26.7586	0	-1763.27	0	-944.7	0	-1248.07	0	-791.461	0	-788.418	0	-860.854	0	-746.132	0	-279.388	0	-464.396	0	-964.893	0	-874.434	0	-777.446	0	-951.43	0	-1352.95	0	-804.038	0
-540.474	0	-2561.77	0	-282.073	0	-1638.4	0	-1747.28	0	-871.27	0	-469.161	0	-1137.34	0	-1073.49	0	-26.7586	0	-1763.27	0	-944.7	0	-1248.07	0	-791.461	0	-788.418	0	-860.854	0	-746.132	0	-279.388	0	-464.396	0	-1020.42	0	-874.434	0	-777.446	0	-951.43	0	-1352.95	0	-804.038	0
-540.474	0	-2561.77	0	-282.073	0	-1638.4	0	-1747.28	0	-871.27	0	464.832	0	-1137.34	0	-1073.49	0	-26.7586	0	-1763.27	0	-944.7	0	-1248.07	0	-791.461	0	-788.418	0	-860.854	0	-746.132	0	-279.388	0	-464.396	0	-1020.42	0	-874.434	0	-777.446	0	-951.43	0	-1352.95	0	-804.038	0
-540.474	0	-2561.77	0	-282.073	0	-1638.4	0	-1747.28	0	-871.27	0	464.832	0	-1137.34	0	-1073.49	0	-26.7586	0	-1763.27	0	-944.7	0	-1248.07	0	-791.461	0	-788.418	0	-860.854	0	-746.132	0	-279.388	0	-464.396	0	-1020.42	0	-874.434	0	-777.446	0	-951.43	0	-1352.95	0	-804.038	0
-540.474	0	-2561.77	0	-282.073	0	-1638.4	0	-1747.28	0	-871.27	0	464.832	0	-1137.34	0	-1073.49	0	-26.7586	0	-1763.27	0	-944.7	0	-1248.07	0	-791.461	0	-788.418	0	-860.854	0	-746.132	0	-279.388	0	-464.396	0	-1021.02	0	-874.434	0	-777.446	0	-951.43	0	-1352.95	0	-804.038	0
-540.474	0	-2561.77	0	-282.073	0	-1638.4	0	-1747.28	0	-871.27	0	464.832	0	-1137.34	0	-1073.49	0	-26.7586	0	-1763.27	0	-944.7	0	-1248.07	0	-791.461	0	-788.418	0	-860.854	0	-746.132	0	-279.388	0	-464.396	0	-1021.02	0	-874.434	0	-777.446	0	-951.43	0	-1352.95	0	-804.038	0
-540.474	0	-2561.77	0	-282.073	0	-1638.4	0	-1747.28	0	-871.27	0	464.832	0	-1137.34	0	-1073.49	0	-26.7586	0	-1763.27	0	-944.7	0	-1248.07	0	-791.461	0	-788.418	0	-860.854	0	-746.132	0	-410.256	0	-464.396	0	-1021.02	0	-874.434	0	-777.446	0	-951.43	0	-1352.95	0	-804.038	0
-540.474	0	-2561.77	0	-282.073	0	-1638.4	0	-1747.28	0	-871.27	0	464.832	0	-1137.34	0	-1073.49	0	-26.7586	0	-1763.27	0	-944.7	0	-1248.07	0	-791.461	0	-788.418	0	-860.854	0	-746.132	0	-410.256	0	-464.396	0	-1021.02	0	-874.434	0	-777.446	0	-951.43	0	-1352.95	0	-804.038	0
-540.474	0	-2561.77	0	-282.073	0	-1638.4	0	-1747.28	0	-871.27	0	464.832	0	-1137.34	0	-1073.49	0	-26.7586	0	-1763.27	0	-944.7	0	-1248.07	0	-791.461	0	-788.418	0	-860.854	0	-746.132	0	-410.256	0	-464.396	0	-1021.02	0	-874.434	0	-777.446	0	-951.43	0	-1352.95	0	-804.038	0
-540.474	0	-2561.77	0	-282.073	0	-1638.4	0	-1747.28	0	-871.27	0	464.832	0	-1137.34	0	-1073.49	0	-26.7586	0	-1763.27	0	-944.7	0	-1248.07	0	-791.461	0	-788.418	0	-860.854	0	-746.132	0	-410.256	0	-464.396	0	-1021.02	0	-874.434	0	-777.446	0	-951.43	0	-1352.95	0	-804.038	0
-540.474	0	-2561.77	0	-282.073	0	-1638.4	0	-1747.28	0	-871.27	0	464.832	0	-1137.34	0	-1073.49	0	-26.7586	0	-1763.27	0	-944.7	0	-1248.07	0	-791.461	0	-788.418	0	-860.854	0	-746.132	0	-410.256	0	-464.396	0	-1021.02	0	-874.434	0	-777.446	0	-951.43	0	-1352.95	0	-804.038	0
-540.474	0	-2561.77	0	-282.073	0	-1638.4	0	-1747.28	0	-871.27	0	464.832	0	-1137.34	0	-1073.49	0	-26.7586	0	-1763.27	0	-944.7	0	-1248.07	0	-791.461	0	-788.418	0	-860.854	0	-746.132	0	-410.256	0	-464.396	0	-1021.02	0	-874.434	0	-777.446	0	-951.43	0	-1352.95	0	-804.038	0
-540.474	0	-2561.77	0	-282.073	0	-1638.4	0	-1747.28	0	-871.27	0	464.832	0	-1137.34	0	-1073.49	0	-26.7586	0	-1763.27	0	-944.7	0	-1248.07	0	-791.461	0	-788.418	0	-860.854	0	-746.132	0	-410.256	0	-464.396	0	-1022.28	0	-874.434	0	-777.446	0	-951.43	0	-1352.95	0	-804.038	0
-540.474	0	-2561.77	0	-282.073	0	-1638.4	0	-1747.28	0	-871.27	0	464.832	0	-1137.34	0	-1073.49	0	-26.7586	0	-1763.27	0	-944.7	0	-1248.07	0	-791.461	0	-788.418	0	-860.854	0	-746.132	0	-410.256	0	-464.396	0	-1022.28	0	-874.434	0	-777.446	0	-951.43	0	-1352.95	0	-804.038	0
-540.474	0	-2561.77	0	-282.073	0	-1638.4	0	-1747.28	0	-871.27	0	464.832	0	-1137.34	0	-1073.49	0	-26.7586	0	-1763.27	0	-944.7	0	-1248.07	0	-791.461	0	-788.418	0	-860.854	0	-746.132	0	-410.256	0	-464.396	0	-1022.28	0	-874.434	0	-777.446	0	-951.43	0	-1352.95	0	-804.038	0
-540.474	0	-2561.77	0	-282.073	0	-1638.4	0	-1747.28	0	-871.27	0	464.832	0	-1137.34	0	-1073.49	0	-26.7586	0	-1763.27	0	-944.7	0	-1248.07	0	-791.461	0	-788.418	0	-860.854	0	-746.132	0	-410.256	0	-464.396	0	-1022.76	0	-874.434	0	-777.446	0	-951.43	0	-1352.95	0	-804.038	0
-540.474	0	-2561.77	0	-282.073	0	-1638.4	0	-1747.28	0	-871.27	0	464.832	0	-1137.34	0	-1073.49	0	-26.7586	0	-1763.27	0	-944.7	0	-1248.07	0	-791.461	0	-788.418	0	-860.854	0	-746.132	0	-410.256	0	-464.396	0	-1022.76	0	-874.434	0	-783.846	0	-951.43	0	-1352.95	0	-804.038	0
-540.474	0	-2561.77	0	-282.073	0	-1638.4	0	-1747.28	0	-871.27	0	464.832	0	-1137.34	0	-1073.49	0	-26.7586	0	-1763.27	0	-944.7	0	-1248.07	0	-791.461	0	-788.418	0	-860.854	0	-746.132	0	-410.256	0	-464.396	0	-1022.76	0	-874.434	0	-783.986	0	-951.43	0	-1352.95	0	-804.038	0
-540.474	0	-2561.77	0	-282.073	0	-1638.4	0	-1747.28	0	-871.27	0	464.832	0	-1137.34	0	-1073.49	0	-26.7586	0	-1763.27	0	-944.7	0	-1248.07	0	-791.461	0	-788.418	0	-860.854	0	-746.132	0	-410.256	0	-464.396	0	-1022.76	0	-874.434	0	-783.986	0	-987.929	0	-1352.95	0	-804.038	0
-540.474	0	-2561.77	0	-282.073	0	-1638.4	0	-1747.28	0	-871.27	0	464.832	0	-1137.34	0	-1073.49	0	-26.7586	0	-1763.27	0	-944.7	0	-1248.07	0	-791.461	0	-788.418	0	-860.854	0	-746.132	0	-410.256	0	-464.396	0	-1022.76	0	-874.434	0	-783.986	0	-987.929	0	-1352.95	0	-804.038	0
-540.474	0	-2561.77	0	-282.073	0	-1638.4	0	-1747.28	0	-871.27	0	464.832	0	-1137.34	0	-1073.49	0	-26.7586	0	-1763.27	0	-944.7	0	-1248.07	0	-791.461	0	-788.418	0	-860.854	0	-746.132	0	-410.256	0	-464.396	0	-1022.76	0	-874.434	0	-784.199	0	-987.929	0	-1352.95	0	-804.038	0
-540.474	0	-2561.77	0	-282.073	0	-1638.4	0	-1747.28	0	-871.27	0	464.832	0	-1137.34	0	-1073.49	0	-26.7586	0	-1763.27	0	-944.7	0	-1248.07	0	-791.461	0	-788.418	0	-860.854	0	-746.132	0	-410.256	0	-464.396	0	-1022.76	0	-874.434	0	-784.199	0	-987.929	0	-1352.95	0	-804.038	0
-540.474	0	-2561.77	0	-282.073	0	-1638.4	0	-1747.28	0	-871.27	0	464.832	0	-1137.34	0	-1073.49	0	-26.7586	0	-1763.27	0	-944.7	0	-1248.07	0	-791.461	0	-788.418	0	-860.854	0	-746.132	0	-410.256	0	-464.396	0	-1022.76	0	-874.434	0	-784.199	0	-987.929	0	-1352.95	0	-804.038	0
-540.474	0	-2561.77	0	-477.709	0	-1638.4	0	-1747.28	0	-871.27	0	464.832	0	-1137.34	0	-1073.49	0	-26.7586	0	-1763.27	0	-944.7	0	-1248.07	0	-791.461	0	-788.418	0	-860.854	0	-746.132	0	-410.256	0	-464.396	0	-1023.02	0	-874.434	0	-784.199	0	-987.929	0	-1352.95	0	-804.038	0
-540.474	0	-2561.77	0	-477.709	0	-1638.4	0	-1747.28	0	-871.27	0	464.832	0	-1137.34	0	-1073.49	0	-26.7586	0	-1763.27	0	-944.7	0	-1248.07	0	-791.461	0	-788.418	0	-860.854	0	-746.132	0	-410.256	0	-464.396	0	-1023.48	0	-874.434	0	-784.199	0	-987.929	0	-1352.95	0	-804.038	0
-540.474	0	-2561.77	0	-477.709	0	-1638.4	0	-1747.28	0	-871.27	0	464.832	0	-1137.34	0	-1073.49	0	-937.101	0	-1763.27	0	-944.7	0	-1248.07	0	-791.461	0	-788.418	0	-860.854	0	-746.132	0	-410.256	0	-464.396	0	-1023.48	0	-874.434	0	-784.199	0	-987.929	0	-1352.95	0	-804.038	0
-540.474	0	-2561.77	0	-477.709	0	-1638.4	0	-1747.28	0	-871.27	0	464.832	0	-1137.34	0	-1073.49	0	-937.101	0	-1763.27	0	-944.7	0	-1248.07	0	-791.461	0	-788.418	0	-860.854	0	-746.132	0	-410.256	0	-464.396	0	-1023.48	0	-874.434	0	-784.368	0	-987.929	0	-1352.95	0	-804.038	0
-540.474	0	-2561.77	0	-477.709	0	-1638.4	0	-1747.28	0	-871.27	0	464.832	0	-1137.34	0	-1073.49	0	-937.101	0	-1763.27	0	-944.7	0	-1248.07	0	-791.461	0	-788.418	0	-860.854	0	-746.132	0	-410.256	0	-464.396	0	-1023.48	0	-874.434	0	-784.368	0	-987.929	0	-1352.95	0	-804.038	0
-540.474	0	-2561.77	0	-477.709	0	-1638.4	0	-1747.28	0	-871.27	0	464.832	0	-1137.34	0	-1073.49	0	-937.101	0	-1763.27	0	-944.7	0	-1248.07	0	-791.461	0	-788.418	0	-860.854	0	-746.132	0	-410.256	0	-464.396	0	-1023.48	0	-874.434	0	-784.368	0	-987.929	0	-1352.95	0	-804.038	0
-540.474	0	-2561.77	0	-477.709	0	-1638.4	0	-1747.28	0	-871.27	0	464.832	0	-1137.34	0	-1073.49	0	-937.101	0	-1763.27	0	-944.7	0	-1248.07	0	-791.461	0	-788.418	0	-860.854	0	-746.132	0	-410.256	0	-464.396	0	-1023.48	0	-874.434	0	-784.368	0	-987.929	0	-1352.95	0	-804.038	0
-540.474	0	-2561.77	0	-477.709	0	-1638.4	0	-1747.28	0	-871.27	0	464.832	0	-1137.34	0	-1077.71	0	-937.101	0	-1763.27	0	-944.7	0	-1248.07	0	-791.461	0	-788.418	0	-860.854	0	-746.132	0	-410.256	0	-464.396	0	-1023.48	0	-874.434	0	-784.368	0	-987.929	0	-1352.95	0	-804.038	0
-540.474	0	-2561.77	0	-477.709	0	-1638.4	0	-1747.28	0	-871.27	0	464.832	0	-1137.34	0	-1077.71	0	-937.101	0	-1763.27	0	-944.7	0	-1248.07	0	-791.461	0	-788.418	0	-860.854	0	-746.132	0	-410.256	0	-464.396	0	-1023.79	0	-874.434	0	-784.368	0	-987.929	0	-1352.95	0	-804.038	0
-540.474	0	-2561.77	0	-477.709	0	-1638.4	0	-1747.28	0	-871.27	0	464.832	0	-1137.34	0	-1077.71	0	-937.101	0	-1763.27	0	-944.7	0	-1248.07	0	-791.461	0	-788.418	0	-860.854	0	-746.132	0	-410.256	0	-464.396	0	-1023.79	0	-874.434	0	-784.368	0	-987.929	0	-1352.95	0	-804.038	0
-540.474	0	-2561.77	0	-477.709	0	-1638.4	0	-1747.28	0	-871.27	0	464.832	0	-1137.34	0	-1077.71	0	-937.101	0	-1763.27	0	-944.7	0	-1248.07	0	-791.461	0	-788.418	0	-860.854	0	-746.132	0	-410.256	0	-464.396	0	-1023.79	0	-874.434	0	-784.368	0	-987.929	0	-1352.95	0	-804.038	0
-540.474	0	-2561.77	0	-477.709	0	-1638.4	0	-1747.28	0	-871.27	0	464.832	0	-1137.34	0	-1077.71	0	-937.101	0	-1763.27	0	-944.7	0	-1248.07	0	-791.461	0	-788.418	0	-860.854	0	-746.132	0	-410.256	0	-464.396	0	-1023.79	0	-874.434	0	-784.368	0	-987.929	0	-1352.95	0	-804.038	0
-540.474	0	-2561.77	0	-477.709	0	-1638.4	0	-1747.28	0	-871.27	0	464.832	0	-1137.34	0	-1077.71	0	-937.101	0	-1763.27	0	-944.7	0	-1248.07	0	-791.461	0	-788.418	0	-860.854	0	-746.132	0	-410.256	0	-464.396	0	-1023.79	0	-874.434	0	-784.368	0	-987.929	0	-1352.95	0	-804.038	0
-540.474	0	-2561.77	0	-477.709	0	-1638.4	0	-1747.28	0	-871.27	0	464.832	0	-1137.34	0	-1077.71	0	-937.101	0	-1763.27	0	-944.7	0	-1230.52	0	-791.461	0	-788.418	0	-860.854	0	-746.132	0	-381.037	0	-464.396	0	-1023.79	0	-874.434	0	-784.368	0	-987.929	0	-1352.95	0	-804.038	0
-540.474	0	-2561.77	0	-477.709	0	-1638.4	0	-1747.28	0	-871.27	0	464.832	0	-1137.34	0	-1077.71	0	-937.101	0	-1763.27	0	-944.7	0	-1230.52	0	-791.461	0	-788.418	0	-860.854	0	-746.132	0	-381.037	0	-464.396	0	-1023.79	0	-874.434	0	-784.368	0	-987.929	0	-1352.95	0	-804.038	0
-540.474	0	-2561.77	0	-477.709	0	-1638.4	0	-1747.28	0	-871.27	0	464.832	0	-1137.34	0	-1077.71	0	-937.101	0	-1763.27	0	-944.7	0	-1230.52	0	-791.461	0	-788.418	0	-860.854	0	-746.132	0	-381.037	0	-464.396	0	-1023.97	0	-874.434	0	-784.368	0	-987.929	0	-1352.95	0	-804.038	0
-540.474	0	-2561.77	0	-477.709	0	-1638.4	0	-1747.28	0	-871.27	0	464.832	0	-1137.34	0	-1077.71	0	347.215	0	-1763.27	0	-944.7	0	-1230.52	0	-791.461	0	-788.418	0	-860.854	0	-746.132	0	-381.037	0	-464.396	0	-1023.97	0	-874.434	0	-784.368	0	-987.929	0	-1352.95	0	-804.038	0
-540.474	0	-2561.77	0	-477.709	0	-1638.4	0	-1747.28	0	-871.27	0	464.832	0	-1137.34	0	-1077.71	0	347.215	0	-1763.27	0	-944.7	0	-1230.52	0	-791.461	0	-788.418	0	-860.854	0	-746.132	0	-381.037	0	-464.396	0	-1023.97	0	-874.434	0	-784.368	0	-987.929	0	-1352.95	0	-804.038	0
-540.474	0	-2561.77	0	-477.709	0	-1638.4	0	-1747.28	0	-871.27	0	464.832	0	-1137.34	0	-1077.71	0	347.215	0	-1763.27	0	-944.7	0	-1230.52	0	-791.461	0	-788.418	0	-860.854	0	-746.132	0	-381.037	0	-464.396	0	-1023.97	0	-874.434	0	-784.431	0	-987.929	0	-1352.95	0	-804.038	0
-540.474	0	-2561.77	0	-477.709	0	-1638.4	0	-1747.28	0	-871.27	0	464.832	0	-1137.34	0	-1078.45	0	347.215	0	-1763.27	0	-944.7	0	-1230.52	0	-791.461	0	-788.418	0	-860.854	0	-746.132	0	-381.037	0	-464.396	0	-1024.15	0	-874.434	0	-784.454	0	-987.929	0	-1352.95	0	-804.038	0
-540.474	0	-2561.77	0	-477.709	0	-1638.4	0	-1747.28	0	-871.27	0	464.832	0	-1137.34	0	-1078.45	0	347.215	0	-1763.27	0	-944.7	0	-1230.52	0	-791.461	0	-788.418	0	-860.854	0	-746.132	0	-381.037	0	-464.396	0	-1024.15	0	-874.434	0	-784.477	0	-987.929	0	-1352.95	0	-804.038	0
-540.474	0	-2561.77	0	-477.709	0	-1638.4	0	-1747.28	0	-871.27	0	464.832	0	-1137.34	0	-1078.45	0	347.215	0	-1763.27	0	-944.7	0	-1230.52	0	-791.461	0	-788.418	0	-860.854	0	-746.132	0	-381.037	0	-464.396	0	-1024.15	0	-874.434	0	-784.477	0	-987.929	0	-1352.95	0	-804.038	0
-540.474	0	-2561.77	0	-477.709	0	-1673.22	0	-1747.28	0	-871.27	0	464.832	0	-1137.34	0	-1078.45	0	347.215	0	-1763.27	0	-944.7	0	-1230.52	0	-791.461	0	-788.418	0	-860.854	0	-746.132	0	-381.037	0	-464.396	0	-1024.15	0	-874.434	0	-784.477	0	-987.929	0	-1352.95	0	-804.038	0
-540.474	0	-2561.77	0	-477.709	0	-1673.22	0	-1747.28	0	-871.27	0	464.832	0	-1137.34	0	-1080.05	0	347.215	0	-1763.27	0	-944.7	0	-1230.52	0	-791.461	0	-788.418	0	-860.854	0	-746.132	0	-381.037	0	-464.396	0	-1024.15	0	-874.434	0	-784.477	0	-987.929	0	-1352.95	0	-804.038	0
-540.474	0	-2561.77	0	-477.709	0	-1673.22	0	-1747.28	0	-871.27	0	464.832	0	-1137.34	0	-1080.05	0	347.215	0	-1763.27	0	-944.7	0	-1230.52	0	-791.461	0	-788.418	0	-860.854	0	-746.132	0	-381.037	0	-464.396	0	-1024.15	0	-874.434	0	-784.477	0	-987.929	0	-1352.95	0	-804.038	0
-540.474	0	-2561.77	0	-477.709	0	-1673.22	0	-1747.28	0	-871.27	0	464.832	0	-1137.34	0	-1080.05	0	347.215	0	-1763.27	0	-944.7	0	-1230.52	0	-791.461	0	-788.418	0	-860.854	0	-746.132	0	-381.037	0	-464.396	0	-1024.15	0	-874.434	0	-784.477	0	-987.929	0	-1352.95	0	-804.038	0
-540.474	0	-2561.77	0	-477.709	0	-1673.22	0	-1747.28	0	-871.27	0	464.832	0	-1137.34	0	-1080.05	0	347.215	0	-1763.27	0	-944.7	0	-1230.52	0	-791.461	0	-788.418	0	-860.854	0	-746.132	0	-381.037	0	-464.396	0	-1024.15	0	-874.434	0	-784.477	0	-987.929	0	-1352.95	0	-804.038	0
-540.474	0	-2561.77	0	-477.709	0	-1673.22	0	-1747.28	0	-871.27	0	464.832	0	-1137.34	0	-1080.05	0	347.215	0	-1763.27	0	-944.7	0	-1230.52	0	-791.461	0	-788.418	0	-860.854	0	-746.132	0	-381.037	0	-464.396	0	-1024.23	0	-874.434	0	-784.477	0	-987.929	0	-1352.95	0	-804.038	0
-540.474	0	-2561.77	0	-477.709	0	-1673.22	0	-1747.28	0	-871.27	0	464.832	0	-1137.34	0	-1080.05	0	347.215	0	-1763.27	0	-944.7	0	-1230.52	0	-791.461	0	-788.418	0	-860.854	0	-746.132	0	-381.037	0	-464.396	0	-1024.23	0	-874.434	0	-784.512	0	-987.929	0	-1352.95	0	-804.038	0
-540.474	0	-2561.77	0	-477.709	0	-1673.22	0	-1747.28	0	-871.27	0	464.832	0	-1137.34	0	-1080.05	0	347.215	0	-1763.27	0	-944.7	0	-1230.52	0	-791.461	0	-788.418	0	-860.854	0	-746.132	0	-381.037	0	-464.396	0	-1024.23	0	-874.434	0	-784.512	0	-987.929	0	-1352.95	0	-804.038	0
-540.474	0	-2561.77	0	-477.709	0	-1673.22	0	-1747.28	0	-871.27	0	464.832	0	-1137.34	0	-1080.05	0	347.215	0	-1763.27	0	-944.7	0	-1230.52	0	-791.461	0	-788.418	0	-860.854	0	-746.132	0	-381.037	0	-464.396	0	-1024.23	0	-874.434	0	-784.512	0	-987.929	0	-1352.95	0	-804.038	0
-540.474	0	-2561.77	0	-477.709	0	-1673.22	0	-1747.28	0	-871.27	0	464.832	0	-1137.34	0	-1080.05	0	347.215	0	-1763.27	0	-944.7	0	-1230.52	0	-791.461	0	-788.418	0	-860.854	0	-746.132	0	-381.037	0	-464.396	0	-1024.3	0	-874.434	0	-784.512	0	-987.929	0	-1352.95	0	-804.038	0
-540.474	0	-2561.77	0	-477.709	0	-1673.22	0	-1747.28	0	-871.27	0	464.832	0	-1137.34	0	-1080.05	0	347.215	0	-1763.27	0	-944.7	0	-1230.52	0	-791.461	0	-788.418	0	-860.854	0	-746.132	0	-381.037	0	-464.396	0	-1024.31	0	-874.434	0	-784.512	0	-987.929	0	-1352.95	0	-804.038	0
-540.474	0	-2561.77	0	-477.709	0	-1673.22	0	-1747.28	0	-871.27	0	464.832	0	-1137.34	0	-1080.05	0	347.215	0	-1763.27	0	-944.7	0	-1230.52	0	-791.461	0	-788.418	0	-860.854	0	-746.132	0	-381.037	0	-464.396	0	-1024.31	0	-874.434	0	-784.515	0	-987.929	0	-1352.95	0	-804.038	0
-540.474	0	-2561.77	0	-477.709	0	-1673.22	0	-1747.28	0	-871.27	0	464.832	0	-1137.34	0	-1080.05	0	347.215	0	-1763.27	0	-944.7	0	-1230.52	0	-791.461	0	-788.418	0	-860.854	0	-746.132	0	-381.037	0	-464.396	0	-1024.31	0	-874.434	0	-784.525	0	-987.929	0	-1352.95	0	-804.038	0
-540.474	0	-2561.77	0	-477.709	0	-1673.22	0	-1747.28	0	-871.27	0	464.832	0	-1137.34	0	-1080.79	0	347.215	0	-1763.27	0	-944.7	0	-1230.52	0	-791.461	0	-788.418	0	-860.854	0	-746.132	0	-381.037	0	-464.396	0	-1024.35	0	-874.434	0	-784.552	0	-987.929	0	-1352.95	0	-804.038	0
-540.474	0	-2561.77	0	-477.709	0	-1673.22	0	-1747.28	0	-871.27	0	464.832	0	-1137.34	0	-1080.81	0	347.215	0	-1763.27	0	-944.7	0	-1230.52	0	-791.461	0	-788.418	0	-860.854	0	-746.132	0	-381.037	0	-464.396	0	-1024.35	0	-874.434	0	-784.552	0	-987.929	0	-1352.95	0	-804.038	0
-540.474	0	-2561.77	0	-477.709	0	-1673.22	0	-1747.28	0	-871.27	0	464.832	0	-1137.34	0	-1080.81	0	347.215	0	-1763.27	0	-944.7	0	-1230.52	0	-791.461	0	-788.418	0	-860.854	0	-746.132	0	-381.037	0	-464.396	0	-1024.35	0	-874.434	0	-784.562	0	-987.929	0	-1352.95	0	-804.038	0
-540.474	0	-2561.77	0	-477.709	0	-1673.22	0	-1747.28	0	-871.27	0	464.832	0	-1137.34	0	-1081.01	0	347.215	0	-1763.27	0	-944.7	0	-1230.52	0	-791.461	0	-788.418	0	-860.854	0	-746.132	0	-381.037	0	-464.396	0	-1024.38	0	-874.434	0	-784.562	0	-987.929	0	-1352.95	0	-804.038	0
-540.474	0	-2561.77	0	-477.709	0	-1673.22	0	-1747.28	0	-871.27	0	464.832	0	-1137.34	0	-1081.01	0	347.215	0	-1763.27	0	-944.7	0	-1230.52	0	-791.461	0	-788.418	0	-860.854	0	-746.132	0	-381.037	0	-464.396	0	-1024.46	0	-874.434	0	-784.562	0	-987.929	0	-1352.95	0	-804.038	0
-540.474	0	-2561.77	0	-477.709	0	-1673.22	0	-1747.28	0	-871.27	0	464.832	0	-1137.34	0	-1081.01	0	347.215	0	-1763.27	0	-944.7	0	-1230.52	0	-791.461	0	-788.418	0	-860.854	0	-746.132	0	-381.037	0	-464.396	0	-1024.46	0	-874.434	0	-784.596	0	-987.929	0	-1352.95	0	-804.038	0
-540.474	0	-2561.77	0	-477.709	0	-1673.22	0	-1747.28	0	-871.27	0	464.832	0	-1137.34	0	-1081.01	0	347.215	0	-1763.27	0	-944.7	0	-1230.52	0	-791.461	0	-788.418	0	-860.854	0	-746.132	0	-381.037	0	-464.396	0	-1024.46	0	-874.434	0	-784.596	0	-987.929	0	-1352.95	0	-804.038	0
-540.474	0	-2561.77	0	-477.709	0	-1673.22	0	-1747.28	0	-871.27	0	464.832	0	-1137.34	0	-1081.01	0	347.215	0	-1763.27	0	-944.7	0	-1230.52	0	-791.461	0	-788.418	0	-860.854	0	-746.132	0	-381.037	0	-464.396	0	-1024.46	0	-874.434	0	-784.596	0	-987.929	0	-1352.95	0	-804.038	0
-540.474	0	-2561.77	0	-477.709	0	-1673.22	0	-1747.28	0	-871.27	0	464.832	0	-1137.34	0	-1081.01	0	347.215	0	-1763.27	0	-944.7	0	-1230.52	0	-791.461	0	-788.418	0	-860.854	0	-746.132	0	-381.037	0	-464.396	0	-1024.46	0	-874.434	0	-784.596	0	-987.929	0	-1352.95	0	-891.553	0
-540.474	0	-2561.77	0	-477.709	0	-1673.22	0	-1747.28	0	-871.27	0	464.832	0	-1137.34	0	-1081.19	0	347.215	0	-1763.27	0	-944.7	0	-1230.52	0	-791.461	0	-788.418	0	-860.854	0	-746.132	0	-381.037	0	-464.396	0	-1024.46	0	-874.434	0	-784.605	0	-987.929	0	-1352.95	0	-915.291	0
-540.474	0	-2561.77	0	-477.709	0	-1673.22	0	-1747.28	0	-871.27	0	464.832	0	-1137.34	0	-1081.19	0	347.215	0	-1763.27	0	-944.7	0	-1230.52	0	-954.616	0	-788.418	0	-860.854	0	-746.132	0	-381.037	0	-464.396	0	-1024.46	0	-874.434	0	-784.605	0	-987.929	0	-1352.95	0	-915.291	0
-540.474	0	-2561.77	0	-477.709	0	-1673.22	0	-1747.28	0	-871.27	0	464.832	0	-1137.34	0	-1081.19	0	347.215	0	-1763.27	0	-944.7	0	-1230.52	0	-954.616	0	-788.418	0	-860.854	0	-746.132	0	-381.037	0	-464.396	0	-1024.49	0	-874.434	0	-784.605	0	-987.929	0	-389.184	0	-915.291	0
-540.474	0	-2561.77	0	-477.709	0	-1673.22	0	-1747.28	0	-871.27	0	464.832	0	-1137.34	0	-1081.19	0	347.215	0	-1763.27	0	-944.7	0	-1230.52	0	-954.616	0	-788.418	0	-860.854	0	-746.132	0	-381.037	0	-464.396	0	-1024.49	0	-874.434	0	-784.647	0	-987.929	0	-389.184	0	-915.291	0
-540.474	0	-2561.77	0	-477.709	0	-1673.22	0	-1747.28	0	-871.27	0	464.832	0	-1137.34	0	-1081.19	0	347.215	0	-1763.27	0	-944.7	0	-1230.52	0	-954.616	0	-788.418	0	-860.854	0	-746.132	0	-381.037	0	-464.396	0	-1024.49	0	-874.434	0	-784.671	0	-987.929	0	-389.184	0	-915.291	0
-540.474	0	-2561.77	0	-477.709	0	-1673.22	0	-1747.28	0	-871.27	0	464.832	0	-1137.34	0	-1081.36	0	347.215	0	-1763.27	0	-944.7	0	-1230.52	0	-954.616	0	-788.418	0	-860.854	0	-746.132	0	-381.037	0	-464.396	0	-1024.5	0	-874.434	0	-784.671	0	-987.929	0	-389.184	0	-915.291	0
-540.474	0	-2561.77	0	-477.709	0	-1673.22	0	-1747.28	0	-871.27	0	464.832	0	-1137.34	0	-1081.36	0	347.215	0	-1763.27	0	-944.7	0	-1230.52	0	-954.616	0	-788.418	0	-860.854	0	-746.132	0	-381.037	0	-464.396	0	-1024.5	0	-874.434	0	-784.671	0	-987.929	0	-389.184	0	-915.291	0
-540.474	0	-2561.77	0	-477.709	0	-1673.22	0	-1747.28	0	-871.27	0	464.832	0	-1137.34	0	-1081.36	0	347.215	0	-1763.27	0	-944.7	0	-1230.52	0	-954.919	0	-788.418	0	-860.854	0	-746.132	0	-381.037	0	-464.396	0	-1024.5	0	-874.434	0	-784.671	0	-987.929	0	-389.184	0	-915.291	0
-540.474	0	-2561.77	0	-477.709	0	-1673.22	0	-1747.28	0	-871.27	0	464.832	0	-1137.34	0	-1081.41	0	347.215	0	-1763.27	0	-944.7	0	-1230.52	0	-954.919	0	-788.418	0	-860.854	0	-746.132	0	-381.037	0	-464.396	0	-1024.5	0	-874.434	0	-784.671	0	-987.929	0	-389.184	0	-915.291	0
-540.474	0	-2561.77	0	-477.709	0	-1673.22	0	-1747.28	0	-871.27	0	464.832	0	-1137.34	0	-1081.64	0	347.215	0	-1763.27	0	-944.7	0	-1230.52	0	-954.919	0	-788.418	0	-860.854	0	-746.132	0	-381.037	0	-464.396	0	-1024.51	0	-874.434	0	-784.673	0	-987.929	0	-389.184	0	-915.291	0
-540.474	0	-2561.77	0	-477.709	0	-1673.22	0	-1747.28	0	-871.27	0	464.832	0	-1137.34	0	-1081.64	0	347.215	0	-1763.27	0	-944.7	0	-1230.52	0	-954.919	0	-788.418	0	-860.854	0	-746.132	0	-381.037	0	-464.396	0	-1024.51	0	-874.434	0	-784.685	0	-987.929	0	-389.184	0	-915.291	0
-540.474	0	-2068.75	0	-477.709	0	-1673.22	0	-1747.28	0	-871.27	0	464.832	0	-1137.34	0	-1081.96	0	347.215	0	-1763.27	0	-944.7	0	-1230.52	0	-954.919	0	-788.418	0	-860.854	0	-746.132	0	-381.037	0	-464.396	0	-1024.51	0	-874.434	0	-784.685	0	-987.929	0	-389.184	0	-915.291	0
-540.474	0	-2068.75	0	-477.709	0	-1673.22	0	-1747.28	0	-871.27	0	464.832	0	-1137.34	0	-1081.96	0	347.215	0	-1763.27	0	-944.7	0	-1230.52	0	-954.919	0	-788.418	0	-860.854	0	-746.132	0	-381.037	0	-464.396	0	-1024.51	0	-874.434	0	-784.701	0	-987.929	0	-389.184	0	-915.291	0
-540.474	0	-2068.75	0	-477.709	0	-1673.22	0	-1747.28	0	-871.27	0	464.832	0	-1137.34	0	-1081.96	0	347.215	0	-1763.27	0	-944.7	0	-1230.52	0	-954.919	0	-788.418	0	-860.854	0	-746.132	0	-381.037	0	-464.396	0	-1024.51	0	-874.434	0	-784.717	0	-987.929	0	-389.184	0	-915.291	0
-540.474	0	-2068.75	0	-477.709	0	-1673.22	0	-1747.28	0	-871.27	0	464.832	0	-1137.34	0	-1081.96	0	347.215	0	-1763.27	0	-944.7	0	-1230.52	0	-954.919	0	-788.418	0	-949.28	0	-746.132	0	-381.037	0	-464.396	0	-1024.55	0	-874.434	0	-784.717	0	-987.929	0	-389.184	0	-915.291	0
-540.474	0	-2068.75	0	-477.709	0	-1673.22	0	-1747.28	0	-871.27	0	464.832	0	-1137.34	0	-1081.96	0	347.215	0	-1763.27	0	-944.7	0	-1230.52	0	-956.936	0	-788.418	0	-949.28	0	-746.132	0	-381.037	0	-464.396	0	-1024.55	0	-874.434	0	-784.717	0	-987.929	0	-389.184	0	-915.291	0
-540.474	0	-2068.75	0	-477.709	0	-1673.22	0	-1747.28	0	-924.192	0	464.832	0	-1137.34	0	-1081.97	0	347.215	0	-1763.27	0	-944.7	0	-1230.52	0	-956.936	0	-788.418	0	-949.28	0	-746.132	0	-381.037	0	-464.396	0	-1024.55	0	-874.434	0	-784.723	0	-987.929	0	-389.184	0	-915.291	0
-540.474	0	-2068.75	0	-477.709	0	-1673.22	0	-1747.28	0	-924.192	0	464.832	0	-1137.34	0	-1082.06	0	347.215	0	-1763.27	0	-944.7	0	-1230.52	0	-956.936	0	-788.418	0	-949.28	0	-746.132	0	-381.037	0	-464.396	0	-1024.55	0	-874.434	0	-784.726	0	-987.929	0	-389.184	0	-915.291	0
-540.474	0	-2068.75	0	-477.709	0	-1673.22	0	-1747.28	0	-924.192	0	464.832	0	-1137.34	0	-1082.14	0	347.215	0	-1763.27	0	-944.7	0	-1230.52	0	-956.936	0	-788.418	0	-949.28	0	-746.132	0	-381.037	0	-464.396	0	-1024.55	0	-874.434	0	-784.733	0	-987.929	0	-389.184	0	-915.291	0
-540.474	0	-2068.75	0	-477.709	0	-1673.22	0	-1747.28	0	-924.192	0	464.832	0	-1137.34	0	-1082.14	0	347.215	0	-1763.27	0	-944.7	0	-1230.52	0	-956.936	0	-788.418	0	-949.28	0	-746.132	0	-381.037	0	-464.396	0	-1024.55	0	-874.434	0	-784.733	0	-987.929	0	-1265.84	0	-915.291	0
-540.474	0	-2068.75	0	-477.709	0	-1673.22	0	1976.8	0	-924.192	0	314.81	0	-1137.34	0	-1082.14	0	347.215	0	-1763.27	0	-944.7	0	-1230.52	0	-956.936	0	-788.418	0	-949.28	0	-746.132	0	-381.037	0	-464.396	0	-1024.59	0	-874.434	0	-784.733	0	-987.929	0	-1265.84	0	-915.291	0
-540.474	0	-2068.75	0	-477.709	0	-1673.22	0	1976.8	0	-924.192	0	314.81	0	-1137.34	0	-1082.21	0	347.215	0	-1763.27	0	-944.7	0	-1230.52	0	-956.936	0	-788.418	0	-949.28	0	-746.132	0	-381.037	0	-464.396	0	-1024.59	0	-874.434	0	-784.74	0	-987.929	0	-1265.84	0	-915.291	0
-540.474	0	-2068.75	0	-477.709	0	-1673.22	0	1976.8	0	-924.192	0	314.81	0	-1137.34	0	-1082.24	0	347.215	0	-1763.27	0	-944.7	0	-1230.52	0	-956.936	0	-788.418	0	-949.28	0	-746.132	0	-381.037	0	-464.396	0	-1024.59	0	-874.434	0	-784.75	0	-987.929	0	-1265.84	0	-915.291	0
-540.474	0	-2068.75	0	-477.709	0	-1673.22	0	1976.8	0	-924.192	0	314.81	0	-1137.34	0	-1082.24	0	347.215	0	-1763.27	0	-944.7	0	-1230.52	0	-956.936	0	-788.418	0	-949.28	0	-746.132	0	-381.037	0	-464.396	0	-1024.59	0	-874.434	0	-784.754	0	-987.929	0	-1265.84	0	-915.291	0
-540.474	0	-2068.75	0	-477.709	0	-1673.22	0	1976.8	0	-924.192	0	314.81	0	-1137.34	0	-1082.24	0	347.215	0	-1763.27	0	-944.7	0	-1230.52	0	-956.936	0	-788.418	0	-949.28	0	-746.132	0	-381.037	0	-464.396	0	-1024.59	0	-874.434	0	-784.756	0	-987.929	0	-1265.84	0	-915.291	0
-540.474	0	-2068.75	0	-477.709	0	-1673.22	0	1976.8	0	-924.192	0	314.81	0	-1137.34	0	-1082.4	0	347.215	0	-1763.27	0	-944.7	0	-1230.52	0	-956.936	0	-788.418	0	-949.28	0	-746.132	0	-381.037	0	-464.396	0	-1024.59	0	-874.434	0	-784.759	0	-987.929	0	-1265.84	0	-915.291	0
-540.474	0	-2068.75	0	-477.709	0	-1673.22	0	1976.8	0	-924.192	0	314.81	0	-1137.34	0	-1082.4	0	347.215	0	-1763.27	0	-944.7	0	-1230.52	0	-956.936	0	-788.418	0	-949.28	0	-746.132	0	-381.037	0	-464.396	0	-1024.62	0	-874.434	0	-784.765	0	-987.929	0	-1265.84	0	-915.291	0
-540.474	0	-2068.75	0	-477.709	0	-1673.22	0	1976.8	0	-924.192	0	314.81	0	-1137.34	0	-1082.4	0	347.215	0	-1763.27	0	-980.422	0	-1230.52	0	-956.936	0	-788.418	0	-949.28	0	-746.132	0	-381.037	0	-464.396	0	-1024.62	0	-810.629	0	-784.765	0	-987.929	0	-1265.84	0	-915.291	0
-540.474	0	-2068.75	0	-477.709	0	-1576.28	0	1976.8	0	-924.192	0	314.81	0	-1137.34	0	-1082.4	0	347.215	0	-1763.27	0	-980.422	0	-1230.52	0	-956.936	0	-788.418	0	-949.28	0	-746.132	0	-381.037	0	-464.396	0	-1024.62	0	-810.629	0	-784.77	0	-987.929	0	-1265.84	0	-915.291	0
-540.474	0	-2068.75	0	-477.709	0	-1576.28	0	1976.8	0	-924.192	0	314.81	0	-1137.34	0	-1082.42	0	347.215	0	-1763.27	0	-980.422	0	-1230.52	0	-958.15	0	-788.418	0	-949.28	0	-746.132	0	-381.037	0	-464.396	0	-1024.62	0	-810.629	0	-784.772	0	-987.929	0	-1265.84	0	-915.291	0
-540.474	0	-2068.75	0	-477.709	0	-1576.28	0	1976.8	0	-924.192	0	314.81	0	-1137.34	0	-1082.47	0	347.215	0	-1763.27	0	-980.422	0	-1230.52	0	-958.15	0	-788.418	0	-949.28	0	-746.132	0	-381.037	0	-464.396	0	-1024.62	0	-810.629	0	-784.772	0	-987.929	0	-1265.84	0	-915.291	0
-540.474	0	-2068.75	0	-489.947	0	-1576.28	0	1976.8	0	-924.192	0	314.81	0	-1137.34	0	-1082.47	0	347.215	0	-1763.27	0	-980.422	0	-1230.52	0	-958.812	0	-788.418	0	-949.28	0	-746.132	0	-381.037	0	-464.396	0	-1024.62	0	-810.629	0	-784.774	0	-987.929	0	-1265.84	0	-915.291	0
-540.474	0	-2068.75	0	-489.947	0	-1576.28	0	1976.8	0	-924.192	0	314.81	0	-1137.34	0	-1082.47	0	347.215	0	-1763.27	0	-980.422	0	-1230.52	0	-958.812	0	-788.418	0	-949.28	0	-746.132	0	-381.037	0	-464.396	0	-1024.62	0	-810.629	0	-784.775	0	-987.929	0	-1265.84	0	-915.291	0
-540.474	0	-2068.75	0	-489.947	0	-1576.28	0	1976.8	0	-924.192	0	314.81	0	-1137.34	0	-1082.51	0	347.215	0	-1763.27	0	-980.422	0	-1230.52	0	-958.812	0	-788.418	0	-949.28	0	-746.132	0	-381.037	0	-464.396	0	-1024.62	0	-810.629	0	-784.776	0	-987.929	0	-1265.84	0	-915.291	0
-540.474	0	-2068.75	0	-489.947	0	-1576.28	0	1976.8	0	-924.192	0	314.81	0	-1137.34	0	-1082.51	0	347.215	0	-1763.27	0	-980.422	0	-1230.52	0	-958.822	0	-788.418	0	-949.28	0	-746.132	0	-381.037	0	-464.396	0	-1024.64	0	-810.629	0	-784.785	0	-987.929	0	-1265.84	0	-915.291	0
-540.474	0	-2068.75	0	-489.947	0	-1576.28	0	1976.8	0	-924.192	0	314.81	0	-1137.34	0	-1082.54	0	347.215	0	-1763.27	0	-980.422	0	-1230.52	0	-958.822	0	-788.418	0	-949.28	0	-746.132	0	-381.037	0	-464.396	0	-1024.66	0	-810.629	0	-784.787	0	-1037.09	0	-1265.84	0	-915.291	0
-540.474	0	-2068.75	0	-489.947	0	-1576.28	0	1976.8	0	-924.192	0	314.81	0	-1137.34	0	-1082.54	0	347.215	0	-1763.27	0	-980.422	0	-1230.52	0	-958.822	0	-788.418	0	-949.28	0	-746.132	0	-381.037	0	-464.396	0	-1024.66	0	-810.629	0	-784.791	0	-1037.09	0	-1265.84	0	-915.291	0
-540.474	0	-2068.75	0	-489.947	0	-1576.28	0	1976.8	0	-924.192	0	314.81	0	-1137.34	0	-1082.54	0	347.215	0	-1763.27	0	-980.422	0	-1230.52	0	-958.822	0	-788.418	0	-949.28	0	-746.132	0	-381.037	0	-464.396	0	-1024.66	0	-810.629	0	-784.791	0	-1037.09	0	-1265.84	0	-915.291	0
-540.474	0	-2068.75	0	-489.947	0	-1576.28	0	1976.8	0	-924.192	0	314.81	0	-1137.34	0	-1082.55	0	347.215	0	-1763.27	0	-980.422	0	-1230.52	0	-958.822	0	-788.418	0	-949.28	0	-746.132	0	-381.037	0	-464.396	0	-1024.66	0	-810.629	0	-784.792	0	-1037.09	0	-1265.84	0	-915.291	0
-540.474	0	-2068.75	0	-489.947	0	-1576.28	0	1976.8	0	-924.192	0	314.81	0	-1137.34	0	-1082.59	0	347.215	0	-1763.27	0	-980.422	0	-1230.52	0	-958.822	0	-788.418	0	-949.28	0	-746.132	0	-381.037	0	-464.396	0	-1024.66	0	-810.629	0	-784.801	0	-1037.09	0	-1265.84	0	-915.291	0
-540.474	0	-2068.75	0	-489.947	0	-1576.28	0	1976.8	0	-924.192	0	314.81	0	-1137.34	0	-1082.59	0	347.215	0	-1763.27	0	-980.422	0	-1230.52	0	-958.822	0	-788.418	0	-949.28	0	-746.132	0	-381.037	0	-464.396	0	-1024.66	0	-810.629	0	-784.801	0	-1037.09	0	-1265.84	0	-915.291	0
-540.474	0	-2068.75	0	-489.947	0	-1576.28	0	1976.8	0	-924.192	0	314.81	0	-1137.34	0	-1082.6	0	347.215	0	-1763.27	0	-980.422	0	-1230.52	0	-959.066	0	-788.418	0	-949.28	0	-746.132	0	-381.037	0	-464.396	0	-1024.67	0	-810.629	0	-784.802	0	-1037.09	0	-1265.84	0	-915.291	0
-540.474	0	-2068.75	0	-489.947	0	-1576.28	0	1976.8	0	-924.192	0	314.81	0	-1137.34	0	-1082.64	0	347.215	0	-1763.27	0	-980.422	0	-1230.52	0	-959.066	0	-788.418	0	-949.28	0	-746.132	0	-381.037	0	-464.396	0	-1024.67	0	-810.629	0	-784.805	0	-1037.09	0	-1265.84	0	-915.291	0
-540.474	0	-2068.75	0	-489.947	0	-1576.28	0	1976.8	0	-924.192	0	314.81	0	-1137.34	0	-1082.64	0	347.215	0	-1763.27	0	-980.422	0	-1230.52	0	-959.066	0	-788.418	0	-949.28	0	-746.132	0	-381.037	0	-464.396	0	-1024.67	0	-810.629	0	-784.805	0	-1037.09	0	-1265.84	0	-915.291	0
-540.474	0	-2068.75	0	-489.947	0	-1576.28	0	1976.8	0	-924.192	0	314.81	0	-1137.34	0	-1082.64	0	347.215	0	-1763.27	0	-980.422	0	-1230.52	0	-959.309	0	-788.418	0	-949.28	0	-746.132	0	-381.037	0	-464.396	0	-1024.68	0	-810.629	0	-784.805	0	-1037.09	0	-1265.84	0	-915.291	0
-540.474	0	-2068.75	0	-489.947	0	-1576.28	0	1976.8	0	-924.192	0	314.81	0	-1137.34	0	-1082.67	0	347.215	0	-1763.27	0	-980.422	0	-1230.52	0	-959.309	0	-788.418	0	-949.28	0	-746.132	0	-381.037	0	-464.396	0	-1024.69	0	-810.629	0	-784.806	0	-1037.09	0	-1265.84	0	-915.291	0
-540.474	0	-2068.75	0	-489.947	0	-1576.28	0	1976.8	0	-924.192	0	314.81	0	-1137.34	0	-1082.68	0	347.215	0	-1763.27	0	-980.422	0	-1230.52	0	-959.309	0	-788.418	0	-949.28	0	-746.132	0	-381.037	0	-464.396	0	-1024.69	0	-810.629	0	-784.809	0	-1037.09	0	-1265.84	0	-915.291	0
-540.474	0	-2068.75	0	-489.947	0	-1576.28	0	1976.8	0	-924.192	0	314.81	0	-1137.34	0	-1082.69	0	347.215	0	-1763.27	0	-980.422	0	-1230.52	0	-959.309	0	-788.418	0	-949.28	0	-746.132	0	-381.037	0	-464.396	0	-1024.69	0	-810.629	0	-784.812	0	-1037.09	0	-1265.84	0	-915.291	0
-540.474	0	-2068.75	0	-489.947	0	-1576.28	0	1976.8	0	-944.392	0	314.81	0	-1137.34	0	-1082.7	0	347.215	0	-1763.27	0	-980.422	0	-1230.52	0	-959.659	0	-788.418	0	-949.28	0	-746.132	0	-381.037	0	-464.396	0	-1024.69	0	-810.629	0	-784.812	0	-1038.63	0	-1265.84	0	-915.291	0
-540.474	0	-2068.75	0	-489.947	0	-1576.28	0	1976.8	0	-944.392	0	314.81	0	-1137.34	0	-1082.74	0	347.215	0	-1763.27	0	-980.422	0	-1230.52	0	-959.659	0	-788.418	0	-949.28	0	-746.132	0	-381.037	0	-464.396	0	-1024.7	0	-810.629	0	-784.817	0	-1038.63	0	-1265.84	0	-915.291	0
-540.474	0	-2068.75	0	-489.947	0	-1576.28	0	1976.8	0	-944.392	0	314.81	0	-1137.34	0	-1082.74	0	347.215	0	-1763.27	0	-980.422	0	-1230.52	0	-959.659	0	-788.418	0	-949.28	0	-746.132	0	-381.037	0	-464.396	0	-1024.7	0	-810.629	0	-784.818	0	-1038.63	0	-1265.84	0	-915.291	0
-540.474	0	-2068.75	0	-489.947	0	-1576.28	0	1976.8	0	-944.392	0	314.81	0	-1137.34	0	-1082.74	0	347.215	0	-1763.27	0	-980.422	0	-1230.52	0	-959.659	0	-788.418	0	-949.28	0	-746.132	0	-381.037	0	-464.396	0	-1024.71	0	-810.629	0	-784.821	0	-1038.63	0	-1265.84	0	-915.291	0
-540.474	0	-2068.75	0	-489.947	0	-1576.28	0	1976.8	0	-945.841	0	314.81	0	-1137.34	0	-1082.75	0	347.215	0	-1763.27	0	-980.422	0	-1230.52	0	-959.795	0	-788.418	0	-949.28	0	-746.132	0	-381.037	0	-464.396	0	-1024.72	0	-810.629	0	-784.825	0	-1038.63	0	-1265.84	0	-915.291	0
-853.508	0	-2068.75	0	-489.947	0	-1576.28	0	1976.8	0	-945.841	0	314.81	0	-1137.34	0	-1082.76	0	347.215	0	-1763.27	0	-980.422	0	-1230.52	0	-959.795	0	-788.418	0	-949.28	0	-746.132	0	-381.037	0	-464.396	0	-1024.73	0	-810.629	0	-784.829	0	-1038.63	0	-1265.84	0	-915.291	0
-853.508	0	-2068.75	0	-489.947	0	-1576.28	0	1976.8	0	-945.841	0	314.81	0	-1137.34	0	-1082.79	0	347.215	0	-1763.27	0	-980.422	0	-1230.52	0	-959.795	0	-788.418	0	-949.28	0	-746.132	0	-381.037	0	-464.396	0	-1024.73	0	-810.629	0	-784.831	0	-1038.63	0	-1265.84	0	-915.291	0
-853.508	0	-2068.75	0	-489.947	0	-1576.28	0	1976.8	0	-945.841	0	314.81	0	-1137.34	0	-1082.79	0	347.215	0	-1763.27	0	-980.422	0	-1230.52	0	-959.795	0	-788.418	0	-949.28	0	-746.132	0	-381.037	0	-464.396	0	-1024.74	0	-810.629	0	-784.833	0	-1038.63	0	-1265.84	0	-915.291	0
-853.508	0	-2068.75	0	-489.947	0	-1576.28	0	1976.8	0	-945.841	0	314.81	0	-1137.34	0	-1082.82	0	347.215	0	-1763.27	0	-980.422	0	-1230.52	0	-959.973	0	-788.418	0	-949.28	0	-746.132	0	-381.037	0	-464.396	0	-1024.75	0	-810.629	0	-784.838	0	-1038.63	0	-1265.84	0	-915.291	0
-853.508	0	-2068.75	0	-489.947	0	-1576.28	0	1976.8	0	-945.841	0	314.81	0	-1137.34	0	-1082.82	0	347.215	0	-1763.27	0	-980.422	0	-1230.52	0	-959.973	0	-788.418	0	-949.28	0	-746.132	0	-381.037	0	-464.396	0	-1024.75	0	-810.629	0	-784.839	0	-1038.63	0	-1265.84	0	-915.291	0
-853.508	0	-2068.75	0	-489.947	0	-1576.28	0	1976.8	0	-945.841	0	314.81	0	-1137.34	0	-1082.82	0	347.215	0	-1763.27	0	-980.422	0	-1230.52	0	-959.973	0	-788.418	0	-949.28	0	-746.132	0	-381.037	0	-464.396	0	-1024.75	0	-810.629	0	-784.841	0	-1038.63	0	-1265.84	0	-915.291	0
-853.508	0	-2068.75	0	-489.947	0	-1576.28	0	1976.8	0	-945.841	0	314.81	0	-1137.34	0	-1082.84	0	347.215	0	-1763.27	0	-980.422	0	-1230.52	0	-959.973	0	-788.418	0	-949.28	0	-746.132	0	-381.037	0	-464.396	0	-1024.76	0	-810.629	0	-784.845	0	-1038.63	0	-1265.84	0	-915.291	0
-853.508	0	-2068.75	0	-489.947	0	-1576.28	0	1976.8	0	-945.841	0	314.81	0	-1137.34	0	-1082.84	0	347.215	0	-1763.27	0	-980.422	0	-1230.52	0	-959.973	0	-788.418	0	-949.28	0	-746.132	0	-381.037	0	-464.396	0	-1024.77	0	-810.629	0	-784.849	0	-1038.63	0	-1265.84	0	-915.291	0
-853.508	0	-2068.75	0	-489.947	0	-1576.28	0	1976.8	0	-945.841	0	314.81	0	-1137.34	0	-1082.84	0	347.215	0	-1728.56	0	-980.422	0	-1230.52	0	-959.973	0	-788.418	0	-997.829	0	-746.132	0	-381.037	0	-464.396	0	-1024.77	0	-810.629	0	-784.851	0	-1038.63	0	-1265.84	0	-915.291	0
-853.508	0	-2068.75	0	-489.947	0	-1576.28	0	1976.8	0	-945.841	0	314.81	0	-1137.34	0	-1082.87	0	347.215	0	-1728.56	0	-980.422	0	-1230.52	0	-959.989	0	-788.418	0	-997.829	0	-746.132	0	-381.037	0	-464.396	0	-1024.78	0	-810.629	0	-784.855	0	-1038.63	0	-1265.84	0	-915.291	0
-853.508	0	-2068.75	0	-489.947	0	-1576.28	0	1976.8	0	-945.841	0	314.81	0	-1137.34	0	-1082.88	0	347.215	0	-1728.56	0	-980.422	0	-1230.52	0	-960.004	0	-788.418	0	-997.829	0	-746.132	0	-381.037	0	-464.396	0	-1024.79	0	-810.629	0	-784.864	0	-1038.63	0	-1265.84	0	-915.291	0
-853.508	0	-2068.75	0	-489.947	0	-1576.28	0	1976.8	0	-945.841	0	314.81	0	-1137.34	0	-1082.88	0	347.215	0	-1728.56	0	-980.422	0	-1230.52	0	-960.261	0	-788.418	0	-997.829	0	-746.132	0	-381.037	0	-464.396	0	-1024.79	0	-810.629	0	-784.869	0	-1038.63	0	-1265.84	0	-915.291	0
-853.508	0	-2068.75	0	-489.947	0	-1576.28	0	1976.8	0	-945.841	0	314.81	0	-1137.34	0	-1082.88	0	347.215	0	-1728.56	0	-980.422	0	-1230.52	0	-960.261	0	-788.418	0	-997.829	0	-746.132	0	-381.037	0	-464.396	0	-1024.8	0	-810.629	0	-784.874	0	-1038.63	0	-1265.84	0	-915.291	0
-853.508	0	-2068.75	0	-489.947	0	-1576.28	0	1976.8	0	-945.841	0	314.81	0	-1137.34	0	-1082.89	0	347.215	0	-1728.56	0	-980.422	0	-1230.52	0	-960.261	0	-788.418	0	-997.829	0	-746.132	0	-381.037	0	-464.396	0	-1024.8	0	-810.629	0	-784.878	0	-1039.49	0	-1265.84	0	-915.291	0
-853.508	0	-2068.75	0	-489.947	0	-1576.28	0	1976.8	0	-945.841	0	314.81	0	-1137.34	0	-1082.92	0	347.215	0	-1728.56	0	-980.422	0	-1230.52	0	-960.261	0	-788.418	0	-997.829	0	-746.132	0	-381.037	0	-464.396	0	-1024.81	0	-810.629	0	-784.885	0	-1039.49	0	-1265.84	0	-915.291	0
-853.508	0	-2068.75	0	-489.947	0	-1576.28	0	1976.8	0	-945.841	0	314.81	0	-1137.34	0	-1082.93	0	347.215	0	-1728.56	0	-980.422	0	-1230.52	0	-960.261	0	-788.418	0	-997.829	0	-746.132	0	-381.037	0	-464.396	0	-1024.81	0	-810.629	0	-784.887	0	-1039.69	0	-1265.84	0	-915.291	0
-853.508	0	-2068.75	0	-489.947	0	-1576.28	0	1976.8	0	-945.841	0	314.81	0	-1137.34	0	-1082.93	0	347.215	0	-1728.56	0	-980.422	0	-1230.52	0	-960.261	0	-788.418	0	-997.829	0	-746.132	0	-381.037	0	-464.396	0	-1024.81	0	-810.629	0	-784.896	0	-1039.69	0	-1265.84	0	-915.291	0
-853.508	0	-2068.75	0	-489.947	0	-1576.28	0	1976.8	0	-945.841	0	314.81	0	-1137.34	0	-1082.93	0	347.215	0	-1728.56	0	-980.422	0	-1230.52	0	-960.261	0	-788.418	0	-997.829	0	-746.132	0	-381.037	0	-464.396	0	-1024.82	0	-810.629	0	-784.896	0	-1039.69	0	-1265.84	0	-915.291	0
-853.508	0	-2068.75	0	-489.947	0	-1576.28	0	1976.8	0	-945.841	0	314.81	0	-1137.34	0	-1082.96	0	347.215	0	-1728.56	0	-980.422	0	-1230.52	0	-960.261	0	-788.418	0	-997.829	0	-746.132	0	-381.037	0	-464.396	0	-1024.82	0	-810.629	0	-784.901	0	-1039.69	0	-1265.84	0	-915.291	0
-853.508	0	-2068.75	0	-463.148	0	-1576.28	0	1976.8	0	-947.512	0	314.81	0	-1137.34	0	-1082.96	0	347.215	0	-1728.56	0	-980.422	0	-1230.52	0	-960.261	0	-788.418	0	-997.829	0	-746.132	0	-381.037	0	-464.396	0	-1024.83	0	-810.629	0	-784.903	0	-1039.69	0	-1265.84	0	-915.291	0
-853.508	0	-2068.75	0	-463.148	0	-1576.28	0	1976.8	0	-947.512	0	314.81	0	-1137.34	0	-1082.97	0	347.215	0	-1728.56	0	-980.422	0	-1230.52	0	-960.261	0	-788.418	0	-997.829	0	-746.132	0	-381.037	0	-464.396	0	-1024.83	0	-810.629	0	-784.906	0	-1039.69	0	-1265.84	0	-915.291	0
-853.508	0	-2068.75	0	-463.148	0	-1576.28	0	1976.8	0	-947.512	0	314.81	0	-1137.34	0	-1083	0	347.215	0	-1728.56	0	-980.422	0	-1230.52	0	-960.261	0	-788.418	0	-997.829	0	-746.132	0	-381.037	0	-464.396	0	-1024.83	0	-810.629	0	-784.91	0	-1039.69	0	-1265.84	0	-915.291	0
-853.508	0	-2068.75	0	-463.148	0	-1576.28	0	1976.8	0	-947.512	0	314.81	0	-1137.34	0	-1083	0	347.215	0	-1728.56	0	-980.422	0	-1230.52	0	-960.424	0	-788.418	0	-997.829	0	-746.132	0	-381.037	0	-464.396	0	-1024.84	0	-810.629	0	-784.912	0	-1039.69	0	-1265.84	0	-915.291	0
-853.508	0	-2068.75	0	-463.148	0	-1576.28	0	1976.8	0	-947.512	0	314.81	0	-1137.34	0	-1083.03	0	347.215	0	-1728.56	0	-980.422	0	-1230.52	0	-960.424	0	-788.418	0	-997.829	0	-746.132	0	-381.037	0	-464.396	0	-1024.85	0	-810.629	0	-784.917	0	-1039.69	0	-1265.84	0	-915.291	0
-853.508	0	-2068.75	0	-463.148	0	-1576.28	0	1976.8	0	-947.512	0	314.81	0	-1137.34	0	-1083.04	0	347.215	0	-1728.56	0	-980.422	0	-1230.52	0	-960.424	0	-788.418	0	-997.829	0	-746.132	0	-381.037	0	-464.396	0	-1024.86	0	-810.629	0	-784.92	0	-1039.82	0	-1265.84	0	-915.291	0
-853.508	0	-2068.75	0	-463.148	0	-1576.28	0	1976.8	0	-947.512	0	314.81	0	-1137.34	0	-1083.05	0	347.215	0	-1728.56	0	-980.422	0	-1230.52	0	-960.424	0	-788.418	0	-997.829	0	-746.132	0	-381.037	0	-464.396	0	-1024.86	0	-810.629	0	-784.925	0	-1039.82	0	-1265.84	0	-915.291	0
-853.508	0	-2068.75	0	-463.148	0	-1576.28	0	1976.8	0	-948.576	0	314.81	0	-1137.34	0	-1083.09	0	347.215	0	-1728.56	0	-980.422	0	-1230.52	0	-960.424	0	-788.418	0	-997.829	0	-746.132	0	-381.037	0	-464.396	0	-1024.86	0	-810.629	0	-784.925	0	-1039.82	0	-1265.84	0	-915.291	0
-853.508	0	-2068.75	0	-463.148	0	-1576.28	0	1976.8	0	-948.576	0	278.194	0	-1137.34	0	-1083.12	0	347.215	0	-1728.56	0	-980.422	0	-1230.52	0	-960.458	0	-788.418	0	-997.829	0	-746.132	0	-381.037	0	-464.396	0	-1024.87	0	-810.629	0	-784.928	0	-1040.24	0	-1265.84	0	-915.291	0
-853.508	0	-2068.75	0	-463.148	0	-1576.28	0	1976.8	0	-948.576	0	278.194	0	-1137.34	0	-1083.14	0	347.215	0	-1728.56	0	-980.422	0	-1230.52	0	-960.458	0	-788.418	0	-997.829	0	-746.132	0	-381.037	0	-464.396	0	-1024.87	0	-810.629	0	-784.935	0	-1040.24	0	-1265.84	0	-915.291	0
-853.508	0	-2068.75	0	-463.148	0	-1576.28	0	1976.8	0	-948.576	0	278.194	0	-1137.34	0	-1083.17	0	347.215	0	-1728.56	0	-980.422	0	-1230.52	0	-960.458	0	-788.418	0	-997.829	0	-746.132	0	-381.037	0	-464.396	0	-1024.88	0	-810.629	0	-784.937	0	-1040.24	0	-1265.84	0	-915.291	0
-853.508	0	-2068.75	0	-463.148	0	-1576.28	0	1976.8	0	-948.576	0	278.194	0	-1137.34	0	-1083.2	0	347.215	0	-1728.56	0	-980.422	0	-1230.52	0	-960.505	0	-788.418	0	-997.829	0	-746.132	0	-381.037	0	-464.396	0	-1024.88	0	-810.629	0	-784.94	0	-1040.24	0	-1265.84	0	-915.291	0
-853.508	0	-2068.75	0	-463.148	0	-1576.28	0	1976.8	0	-948.576	0	278.194	0	-1137.34	0	-1083.23	0	347.215	0	-1728.56	0	-980.422	0	-1230.52	0	-960.505	0	-788.418	0	-997.829	0	-746.132	0	-381.037	0	-464.396	0	-1024.89	0	-810.629	0	-784.944	0	-1040.35	0	-1265.84	0	-915.291	0
-853.508	0	-2068.75	0	-463.148	0	-1576.28	0	1976.8	0	-948.576	0	278.194	0	-1137.34	0	-1083.3	0	347.215	0	-1728.56	0	-980.422	0	-1230.52	0	-960.505	0	-788.418	0	-1005.43	0	-746.132	0	-381.037	0	-464.396	0	-1024.89	0	-810.629	0	-784.951	0	-1040.47	0	-1265.84	0	-915.291	0
-853.508	0	-2068.75	0	-463.148	0	-1576.28	0	1976.8	0	-948.576	0	278.194	0	-1137.34	0	-1083.37	0	347.215	0	-1728.56	0	-980.422	0	-1230.52	0	-960.505	0	-788.418	0	-1005.43	0	-746.132	0	-381.037	0	55.1114	0	-1024.9	0	-810.629	0	-784.954	0	-1040.47	0	-1265.84	0	-915.291	0
-853.508	0	-2068.75	0	-463.148	0	-1576.28	0	1976.8	0	-948.955	0	278.194	0	-1137.34	0	-1083.42	0	347.215	0	-1728.56	0	-980.422	0	-1230.52	0	-960.505	0	-788.418	0	-1004.64	0	-746.132	0	-381.037	0	55.1114	0	-1024.9	0	-810.629	0	-784.958	0	-1040.59	0	-1265.84	0	-915.291	0
-853.508	0	-2068.75	0	-463.148	0	-1576.28	0	1976.8	0	-948.955	0	278.194	0	-1137.34	0	-1083.49	0	347.215	0	-1728.56	0	-980.422	0	-1230.52	0	-960.606	0	-788.418	0	-1004.64	0	-746.132	0	-381.037	0	55.1114	0	-1024.91	0	-810.629	0	-784.958	0	-1040.59	0	-1265.84	0	-915.291	0
-853.508	0	-2068.75	0	-463.148	0	-1576.28	0	1976.8	0	-948.955	0	278.194	0	-1137.34	0	-1083.51	0	347.215	0	-1728.56	0	-980.422	0	-1230.52	0	-960.606	0	-788.418	0	-1004.64	0	-746.132	0	-381.037	0	55.1114	0	-1024.92	0	-810.629	0	-784.962	0	-1040.59	0	-1265.84	0	-915.291	0
-853.508	0	-2068.75	0	-463.148	0	-1576.28	0	1976.8	0	-949.05	0	278.194	0	-1137.34	0	-1083.54	0	347.215	0	-1728.56	0	-980.422	0	-1230.52	0	-960.606	0	-788.418	0	-1004.64	0	-746.132	0	-381.037	0	55.1114	0	-1024.92	0	-810.629	0	-784.966	0	-1040.59	0	-1265.84	0	-915.291	0
-853.508	0	-2068.75	0	-463.148	0	-1576.28	0	1976.8	0	-949.05	0	278.194	0	-1137.34	0	-1083.6	0	347.215	0	-1728.56	0	-980.422	0	-1230.52	0	-960.606	0	-788.418	0	-1009.05	0	-746.132	0	-381.037	0	55.1114	0	-1024.93	0	-810.629	0	-784.97	0	-1040.59	0	-1265.84	0	-915.291	0
-853.508	0	-2068.75	0	-463.148	0	-1576.28	0	1976.8	0	-949.05	0	278.194	0	-1137.34	0	-1083.65	0	347.215	0	-1728.56	0	-980.422	0	-1230.52	0	-960.606	0	-788.418	0	-1009.05	0	-746.132	0	-381.037	0	55.1114	0	-1024.93	0	-810.629	0	-784.973	0	-1040.59	0	-1265.84	0	-915.291	0
-853.508	0	-2068.75	0	-463.148	0	-1576.28	0	1976.8	0	-949.118	0	278.194	0	-1137.34	0	-1083.71	0	347.215	0	-1728.56	0	-980.422	0	-1230.52	0	-960.606	0	-788.418	0	-1009.05	0	-746.132	0	-381.037	0	55.1114	0	-1024.94	0	-810.629	0	-784.978	0	-1040.6	0	-1265.84	0	-915.291	0
-853.508	0	-2068.75	0	-463.148	0	-1576.28	0	1976.8	0	-949.118	0	278.194	0	-1137.34	0	-1083.76	0	347.215	0	-1728.56	0	-980.422	0	-1230.52	0	-960.606	0	-788.418	0	-1009.05	0	-746.132	0	-381.037	0	55.1114	0	-1024.94	0	-810.629	0	-784.98	0	-1040.6	0	-1265.84	0	-915.291	0
-853.508	0	-2068.75	0	-463.148	0	-1576.28	0	1976.8	0	-949.118	0	278.194	0	-1137.34	0	-1083.8	0	347.215	0	-1728.56	0	-980.422	0	-1230.52	0	-960.606	0	-788.418	0	-1009.05	0	-746.132	0	-381.037	0	55.1114	0	-1024.95	0	-810.629	0	-784.985	0	-1040.62	0	-1265.84	0	-915.291	0
-853.508	0	-2068.75	0	-463.148	0	-1576.28	0	1976.8	0	-949.531	0	278.194	0	-1137.34	0	-1083.86	0	347.215	0	-1728.56	0	-980.422	0	-1230.52	0	-960.606	0	-788.418	0	-1009.05	0	-746.132	0	-381.037	0	55.1114	0	-1024.95	0	-810.629	0	-784.988	0	-1040.62	0	-1265.84	0	-915.291	0
-853.508	0	-2068.75	0	-463.148	0	-1576.28	0	1976.8	0	-949.531	0	278.194	0	-1137.34	0	-1083.94	0	347.215	0	-1728.56	0	-980.422	0	-1230.52	0	-960.606	0	-788.418	0	-1009.05	0	-746.132	0	-381.037	0	55.1114	0	-1024.96	0	-810.629	0	-784.991	0	-1040.62	0	-1265.84	0	-915.291	0
-853.508	0	-2068.75	0	-463.148	0	-1779.4	0	1976.8	0	-949.531	0	278.194	0	-1137.34	0	-1083.96	0	347.215	0	-1728.56	0	-980.422	0	-1230.52	0	-960.606	0	-788.418	0	-1009.05	0	-746.132	0	-381.037	0	55.1114	0	-1024.97	0	-810.629	0	-784.995	0	-1040.62	0	-1265.84	0	-915.291	0
-853.508	0	-2068.75	0	-463.148	0	-1779.4	0	1976.8	0	-949.747	0	278.194	0	-1137.34	0	-1084.03	0	347.215	0	-1728.56	0	-980.422	0	-1230.52	0	-960.606	0	-788.418	0	-1009.05	0	-746.132	0	-381.037	0	55.1114	0	-1024.97	0	-810.629	0	-784.997	0	-1040.85	0	-1265.84	0	-915.291	0
-853.508	0	-2068.75	0	-463.148	0	-1779.4	0	1976.8	0	-949.747	0	278.194	0	-1137.34	0	-1084.03	0	347.215	0	-1728.56	0	-980.422	0	-1230.52	0	-960.606	0	-788.418	0	-1009.05	0	-746.132	0	-381.037	0	55.1114	0	-1024.97	0	-810.629	0	-785.003	0	-1040.9	0	-1265.84	0	-915.291	0
-853.508	0	-2068.75	0	-463.148	0	-1779.4	0	1976.8	0	-949.747	0	278.194	0	-1137.34	0	-1084.06	0	347.215	0	-1728.56	0	-980.422	0	-1230.52	0	-960.606	0	-788.418	0	-1009.05	0	-746.132	0	-381.037	0	55.1114	0	-1024.98	0	-810.629	0	-785.007	0	-1040.9	0	-1265.84	0	-915.291	0
-853.508	0	-2068.75	0	-463.148	0	-1779.4	0	1976.8	0	-949.747	0	278.194	0	-1137.34	0	-1084.07	0	347.215	0	-1728.56	0	-980.422	0	-1230.52	0	-960.606	0	-788.418	0	-1009.05	0	-746.132	0	-381.037	0	55.1114	0	-1024.98	0	-810.629	0	-785.012	0	-1040.9	0	-1265.84	0	-915.291	0
-853.508	0	-2068.75	0	-463.148	0	-1779.4	0	1976.8	0	-949.747	0	278.194	0	-1137.34	0	-1084.12	0	347.215	0	-1728.56	0	-980.422	0	-1230.52	0	-960.606	0	-788.418	0	-1009.05	0	-746.132	0	-381.037	0	55.1114	0	-1024.98	0	-810.629	0	-785.016	0	-1040.94	0	-1265.84	0	-915.291	0
-853.508	0	-2068.75	0	-463.148	0	-1779.4	0	1976.8	0	-949.747	0	278.194	0	-1137.34	0	-1084.12	0	347.215	0	-1728.56	0	-980.422	0	-1230.52	0	-960.606	0	-788.418	0	-1009.05	0	-746.132	0	-381.037	0	55.1114	0	-1024.99	0	-810.629	0	-785.016	0	-1040.94	0	-1265.84	0	-915.291	0
-853.508	0	-2068.75	0	-463.148	0	-1779.4	0	1976.8	0	-949.747	0	278.194	0	-1137.34	0	-1084.15	0	347.215	0	-1728.56	0	-980.422	0	-1230.52	0	-960.606	0	-788.418	0	-1009.05	0	-746.132	0	-381.037	0	55.1114	0	-1024.99	0	-810.629	0	-785.02	0	-1040.94	0	-1265.84	0	-915.291	0
-853.508	0	-2068.75	0	-463.148	0	-1779.4	0	1976.8	0	-949.747	0	278.194	0	-1137.34	0	-1084.16	0	347.215	0	-1728.56	0	-980.422	0	-1230.52	0	-960.606	0	-788.418	0	-1009.05	0	-746.132	0	-381.037	0	55.1114	0	-1024.99	0	-810.629	0	-785.024	0	-1040.94	0	-1265.84	0	-915.291	0
-853.508	0	-2068.75	0	-463.148	0	-1779.4	0	1976.8	0	-949.943	0	278.194	0	-1137.34	0	-1084.17	0	347.215	0	-1728.56	0	-980.422	0	-1230.52	0	-960.606	0	-788.418	0	-1009.05	0	-746.132	0	-381.037	0	55.1114	0	-1024.99	0	-810.629	0	-785.029	0	-1040.94	0	-1265.84	0	-915.291	0
-853.508	0	-2068.75	0	-463.148	0	-1779.4	0	1976.8	0	-949.943	0	278.194	0	-1137.34	0	-1084.19	0	347.215	0	-1728.56	0	-980.422	0	-1230.52	0	-960.606	0	-788.418	0	-1009.05	0	-746.132	0	-381.037	0	55.1114	0	-1025	0	-810.629	0	-785.031	0	-1040.94	0	-1265.84	0	-915.291	0
-853.508	0	-2068.75	0	-463.148	0	-1779.4	0	1976.8	0	-949.943	0	278.194	0	-1137.34	0	-1084.21	0	347.215	0	-1728.56	0	-980.422	0	-1370.64	0	-960.606	0	-788.418	0	-1009.05	0	-746.132	0	-381.037	0	55.1114	0	-1025	0	-810.629	0	-785.036	0	-1041.13	0	-1265.84	0	-915.291	0
-853.508	0	-2068.75	0	-463.148	0	-1779.4	0	1976.8	0	-949.943	0	278.194	0	-1137.34	0	-1084.21	0	347.215	0	-1728.56	0	-980.422	0	-1370.64	0	-960.618	0	-788.418	0	-1009.05	0	-746.132	0	-381.037	0	55.1114	0	-1025	0	-810.629	0	-785.039	0	-1041.13	0	-1265.84	0	-915.291	0
-853.508	0	-2068.75	0	-463.148	0	-1779.4	0	1976.8	0	-949.943	0	278.194	0	-1137.34	0	-1084.23	0	347.215	0	-1728.56	0	-980.422	0	-1370.64	0	-960.631	0	-788.418	0	-1009.05	0	-746.132	0	-381.037	0	55.1114	0	-1025	0	-810.629	0	-785.042	0	-1041.16	0	-1265.84	0	-915.291	0
-853.508	0	-2068.75	0	-463.148	0	-1779.4	0	1976.8	0	-950.064	0	278.194	0	-1137.34	0	-1084.24	0	347.215	0	-1728.56	0	-980.422	0	-1370.64	0	-960.631	0	-788.418	0	-1013	0	-746.132	0	-381.037	0	55.1114	0	-1025.01	0	-810.629	0	-785.048	0	-1041.16	0	-1265.84	0	-915.291	0
-853.508	0	-2068.75	0	-463.148	0	-1779.4	0	1976.8	0	-950.08	0	278.194	0	-1137.34	0	-1084.25	0	347.215	0	-1728.56	0	-980.422	0	-1370.64	0	-960.642	0	-788.418	0	-1013	0	-746.132	0	-381.037	0	55.1114	0	-1025.01	0	-810.629	0	-785.05	0	-1041.16	0	-1265.84	0	-915.291	0
-853.508	0	-2068.75	0	-463.148	0	-1779.4	0	1976.8	0	-950.08	0	278.194	0	-1137.34	0	-1084.26	0	347.215	0	-1728.56	0	-980.422	0	-1300.41	0	-960.642	0	-788.418	0	-1013	0	-746.132	0	-381.037	0	55.1114	0	-1025.02	0	-810.629	0	-785.057	0	-1041.16	0	-1265.84	0	-915.291	0
-849.425	0	-2068.75	0	-463.148	0	-1779.4	0	1976.8	0	-950.08	0	278.194	0	-1137.34	0	-1084.27	0	347.215	0	-1728.56	0	-980.422	0	-1300.41	0	-960.642	0	-788.418	0	-1013.35	0	-746.132	0	-381.037	0	55.1114	0	-1025.02	0	-810.629	0	-785.061	0	-1041.16	0	-1265.84	0	-999.4	0
-849.425	0	-2068.75	0	-463.148	0	-1779.4	0	1976.8	0	-950.08	0	278.194	0	-1137.34	0	-1084.28	0	347.215	0	-1728.56	0	-980.422	0	-1300.41	0	-960.669	0	-788.418	0	-1014.35	0	-746.132	0	-381.037	0	55.1114	0	-1025.03	0	-810.629	0	-785.063	0	-1041.16	0	-1265.84	0	-999.4	0
-849.425	0	-2068.75	0	-463.148	0	-1779.4	0	1976.8	0	-950.213	0	278.194	0	-1137.34	0	-1084.29	0	347.215	0	-1728.56	0	-980.422	0	-1300.41	0	-960.669	0	-788.418	0	-1014.35	0	-746.132	0	-381.037	0	55.1114	0	-1025.03	0	-810.629	0	-785.068	0	-1041.16	0	-1265.84	0	-999.4	0
-849.425	0	-2068.75	0	-463.148	0	-1779.4	0	1976.8	0	-950.213	0	278.194	0	-1137.34	0	-1084.3	0	347.215	0	-1728.56	0	-980.422	0	-1300.41	0	-960.669	0	-788.418	0	-1014.35	0	-746.132	0	-381.037	0	55.1114	0	-1025.04	0	-810.629	0	-785.073	0	-1041.16	0	-1265.84	0	-999.4	0
-849.425	0	-2068.75	0	-463.148	0	-1779.4	0	1976.8	0	-950.213	0	278.194	0	-1137.34	0	-1084.31	0	347.215	0	-1728.56	0	-980.422	0	-1300.41	0	-960.669	0	-788.418	0	-1014.35	0	-746.132	0	-381.037	0	55.1114	0	-1025.04	0	-810.629	0	-785.08	0	-1041.16	0	-1265.84	0	-999.4	0
-849.425	0	-2068.75	0	-463.148	0	-1779.4	0	1976.8	0	-950.213	0	278.194	0	-1137.34	0	-1084.33	0	347.215	0	-1728.56	0	-980.422	0	-1300.41	0	-960.671	0	-788.418	0	-1014.35	0	-746.132	0	-381.037	0	55.1114	0	-1025.04	0	-810.629	0	-785.082	0	-1041.2	0	-1265.84	0	-999.4	0
-849.425	0	-2068.75	0	-463.148	0	-1779.4	0	1976.8	0	-950.218	0	278.194	0	-1137.34	0	-1084.35	0	347.215	0	-1728.56	0	-980.422	0	-1300.41	0	-960.679	0	-788.418	0	-1014.35	0	-746.132	0	-381.037	0	55.1114	0	-1025.04	0	-810.629	0	-785.085	0	-1041.2	0	-1265.84	0	-999.4	0
-849.425	0	-2068.75	0	-463.148	0	-1779.4	0	1976.8	0	-950.218	0	278.194	0	-1137.34	0	-1084.36	0	347.215	0	-1728.56	0	-980.422	0	-1300.41	0	-960.683	0	-788.418	0	-1014.35	0	-746.132	0	-381.037	0	55.1114	0	-1025.04	0	-810.629	0	-785.089	0	-1041.2	0	-1265.84	0	-999.4	0
-849.425	0	-2124.13	0	-463.148	0	-1650.88	0	1976.8	0	-950.353	0	278.194	0	-1137.34	0	-1084.38	0	347.215	0	-1728.56	0	-980.422	0	-1300.41	0	-960.683	0	-788.418	0	-1014.35	0	-746.132	0	-381.037	0	55.1114	0	-1025.05	0	-810.629	0	-785.094	0	-1041.2	0	-1265.84	0	-999.4	0
-849.425	0	-2124.13	0	-463.148	0	-1650.88	0	1976.8	0	-950.353	0	278.194	0	-1137.34	0	-1084.38	0	347.215	0	-1728.56	0	-980.422	0	-1300.41	0	-960.693	0	-788.418	0	-1014.35	0	-746.132	0	-381.037	0	55.1114	0	-1025.05	0	-810.629	0	-785.096	0	-1041.38	0	-1265.84	0	-999.4	0
-849.425	0	-1408.19	0	-463.148	0	-1650.88	0	1976.8	0	-950.452	0	278.194	0	-1137.34	0	-1084.4	0	347.215	0	-1728.56	0	-980.422	0	-1300.41	0	-960.72	0	-788.418	0	-1014.35	0	-746.132	0	-381.037	0	55.1114	0	-1025.06	0	-810.629	0	-785.099	0	-1041.38	0	-1265.84	0	-999.4	0
-849.425	0	-1408.19	0	-463.148	0	-1650.88	0	1976.8	0	-950.466	0	278.194	0	-1137.34	0	-1084.41	0	347.215	0	-1728.56	0	-980.422	0	-1300.41	0	-960.72	0	-788.418	0	-1014.35	0	-956.539	0	-381.037	0	55.1114	0	-1025.06	0	-810.629	0	-785.105	0	-1041.38	0	-1265.84	0	-999.4	0
-849.425	0	-1408.19	0	-463.148	0	-1650.88	0	1976.8	0	-950.466	0	278.194	0	-1137.34	0	-1084.42	0	347.215	0	-1728.56	0	-980.422	0	-1300.41	0	-960.731	0	-788.418	0	-1014.35	0	-956.539	0	-381.037	0	55.1114	0	-1025.06	0	-810.629	0	-785.108	0	-1041.38	0	-1265.84	0	-999.4	0
-849.425	0	-1408.19	0	-463.148	0	-1650.88	0	1976.8	0	-950.518	0	278.194	0	-1137.34	0	-1084.44	0	347.215	0	-1728.56	0	-980.422	0	-1300.41	0	-960.752	0	-788.418	0	-1014.35	0	-956.539	0	-381.037	0	55.1114	0	-1025.07	0	-810.629	0	-785.114	0	-1041.38	0	-1265.84	0	-999.4	0
-849.425	0	-1408.19	0	-463.148	0	-1650.88	0	1976.8	0	-950.577	0	278.194	0	-1137.34	0	-1084.44	0	347.215	0	-1728.56	0	-980.422	0	-1300.41	0	-960.752	0	-788.418	0	-1014.35	0	-956.539	0	-381.037	0	55.1114	0	-1025.07	0	-810.629	0	-785.119	0	-1041.38	0	-1265.84	0	-999.4	0
-849.425	0	-1408.19	0	-463.148	0	-1650.88	0	1976.8	0	-950.577	0	278.194	0	-1137.34	0	-1084.45	0	347.215	0	-1728.56	0	-980.422	0	-1300.41	0	-960.758	0	-788.418	0	-1014.36	0	-956.539	0	-381.037	0	55.1114	0	-1025.07	0	-810.629	0	-785.121	0	-1041.38	0	-1265.84	0	-999.4	0
-849.425	0	-1408.19	0	-463.148	0	-1650.88	0	1976.8	0	-950.577	0	278.194	0	-1137.34	0	-1084.46	0	347.215	0	-1728.56	0	-980.422	0	-1300.41	0	-960.772	0	-788.418	0	-1014.36	0	-956.539	0	-381.037	0	55.1114	0	-1025.08	0	-810.629	0	-785.127	0	-1041.38	0	-1265.84	0	-999.4	0
-849.425	0	-1408.19	0	-463.148	0	-1650.88	0	1976.8	0	-950.577	0	278.194	0	-1137.34	0	-1084.47	0	347.215	0	-1728.56	0	-980.422	0	-1300.41	0	-960.785	0	-788.418	0	-1017.33	0	-956.539	0	-381.037	0	55.1114	0	-1025.08	0	-810.629	0	-785.127	0	-1041.38	0	-1265.84	0	-999.4	0
-849.425	0	-1408.19	0	-463.148	0	-1650.88	0	1976.8	0	-950.621	0	278.194	0	-1137.34	0	-1084.48	0	347.215	0	-1728.56	0	-980.422	0	-1300.41	0	-960.788	0	-788.418	0	-1017.33	0	-956.539	0	-381.037	0	55.1114	0	-1025.08	0	-810.629	0	-785.131	0	-1041.38	0	-1265.84	0	-999.4	0
-849.425	0	-1408.19	0	-463.148	0	-1650.88	0	1976.8	0	-950.621	0	278.194	0	-1137.34	0	-1084.49	0	347.215	0	-1728.56	0	-980.422	0	-1300.41	0	-960.804	0	-788.418	0	-1017.33	0	-956.539	0	-381.037	0	55.1114	0	-1025.08	0	-810.629	0	-785.138	0	-1041.38	0	-1265.84	0	-999.4	0
-849.425	0	-1408.19	0	-463.148	0	-1650.88	0	1976.8	0	-950.621	0	278.194	0	-1137.34	0	-1084.5	0	347.215	0	-1728.56	0	-980.422	0	-1300.41	0	-960.812	0	-788.418	0	-1017.33	0	-956.539	0	-381.037	0	55.1114	0	-1025.08	0	-810.629	0	-785.144	0	-1041.38	0	-1265.84	0	-999.4	0
-849.425	0	-1408.19	0	-463.148	0	-1650.88	0	1976.8	0	-950.621	0	-1101.59	0	-1137.34	0	-1084.51	0	347.215	0	-1728.56	0	-980.422	0	-1300.41	0	-960.826	0	-788.418	0	-1017.33	0	-956.539	0	-381.037	0	55.1114	0	-1025.08	0	-810.629	0	-785.147	0	-1041.38	0	-1265.84	0	-999.4	0
-849.425	0	-1408.19	0	-463.148	0	-1650.88	0	1976.8	0	-950.624	0	-1101.59	0	-1137.34	0	-1084.53	0	347.215	0	-1728.56	0	-980.422	0	-1300.41	0	-960.843	0	-788.418	0	-1017.33	0	-956.539	0	-381.037	0	55.1114	0	-1025.09	0	-810.629	0	-785.153	0	-1041.38	0	-1265.84	0	-999.4	0
-849.425	0	-1408.19	0	-463.148	0	-1650.88	0	1976.8	0	-950.624	0	-1101.59	0	-1137.34	0	-1084.55	0	347.215	0	-1728.56	0	-980.422	0	-1300.41	0	-960.863	0	-788.418	0	-1017.33	0	-956.539	0	-381.037	0	55.1114	0	-1025.09	0	-810.629	0	-785.154	0	-1041.38	0	-1265.84	0	-1008.03	0
-849.425	0	-1408.19	0	-463.148	0	-1650.88	0	1976.8	0	-950.649	0	-1101.59	0	-1137.34	0	-1084.55	0	347.215	0	-1728.56	0	-980.422	0	-1300.41	0	-960.895	0	-788.418	0	-1017.36	0	-956.539	0	-381.037	0	55.1114	0	-1025.09	0	-810.629	0	-785.16	0	-1041.41	0	-1265.84	0	-1008.03	0
-849.425	0	-1408.19	0	-463.148	0	-1650.88	0	1976.8	0	-950.649	0	-1101.59	0	-1137.34	0	-1084.58	0	347.215	0	-1728.56	0	-980.422	0	-1300.41	0	-960.928	0	-788.418	0	-1017.36	0	-956.539	0	-381.037	0	104.282	0	-1025.09	0	-810.629	0	-785.165	0	-1041.41	0	-1265.84	0	-1008.03	0
-849.425	0	-1408.19	0	-463.148	0	-1650.88	0	1976.8	0	-950.676	0	-1101.59	0	-1137.34	0	-1084.58	0	347.215	0	-1728.56	0	-980.422	0	-1300.41	0	-960.939	0	-788.418	0	-1017.36	0	-956.539	0	-381.037	0	104.282	0	-1025.09	0	-810.629	0	-785.168	0	-1041.41	0	-1265.84	0	-1008.03	0
-849.425	0	-1408.19	0	-463.148	0	-1650.88	0	1976.8	0	-950.683	0	-1101.59	0	-1137.34	0	-1084.61	0	347.215	0	-1728.56	0	-980.422	0	-1300.41	0	-960.984	0	-788.418	0	-1018.02	0	-956.539	0	-381.037	0	104.282	0	-1025.1	0	-810.629	0	-785.171	0	-1041.43	0	-1265.84	0	-1008.03	0
-849.425	0	-1408.19	0	-463.148	0	-1650.88	0	1976.8	0	-950.741	0	-1101.59	0	-1137.34	0	-1084.61	0	347.215	0	-1728.56	0	-980.422	0	-1300.41	0	-961.025	0	-788.418	0	-1018.02	0	-956.539	0	-381.037	0	104.282	0	-1025.11	0	-810.629	0	-785.174	0	-1041.43	0	-1265.84	0	-1008.03	0
-849.425	0	-1408.19	0	-463.148	0	-1650.88	0	1976.8	0	-950.741	0	-1101.59	0	-1137.34	0	-1084.62	0	347.215	0	-1728.56	0	-980.422	0	-1300.41	0	-961.04	0	-788.418	0	-1018.09	0	-956.539	0	-381.037	0	104.282	0	-1025.11	0	-810.629	0	-785.177	0	-1041.43	0	-1265.84	0	-1008.03	0
-849.425	0	-1408.19	0	-463.148	0	-1650.88	0	1976.8	0	-950.741	0	-1101.59	0	-1137.34	0	-1084.65	0	347.215	0	-1728.56	0	-980.422	0	-1300.41	0	-961.068	0	-788.418	0	-1018.09	0	-956.539	0	-381.037	0	104.282	0	-1025.11	0	-810.629	0	-785.181	0	-1041.43	0	-1265.84	0	-1008.03	0
-849.425	0	-1408.19	0	-463.148	0	-1650.88	0	1976.8	0	-950.773	0	-1101.59	0	-1137.34	0	-1084.66	0	347.215	0	-1728.56	0	-980.422	0	-1300.41	0	-961.092	0	-788.418	0	-1018.09	0	-956.539	0	-381.037	0	104.282	0	-1025.11	0	-810.629	0	-785.185	0	-1041.45	0	-1265.84	0	-1008.03	0
-849.425	0	-1408.19	0	-463.148	0	-1650.88	0	1976.8	0	-950.773	0	-1101.59	0	-1137.34	0	-1084.67	0	347.215	0	-1728.56	0	-980.422	0	-1300.41	0	-961.136	0	-788.418	0	-1018.55	0	-956.539	0	-381.037	0	104.282	0	-1025.12	0	-810.629	0	-785.189	0	-1041.45	0	-1265.84	0	-1008.03	0
-849.425	0	-1408.19	0	-463.148	0	-1650.88	0	1976.8	0	-950.773	0	-1101.59	0	-1137.34	0	-1084.69	0	347.215	0	-1728.56	0	-980.422	0	-1300.41	0	-961.143	0	-788.418	0	-1018.55	0	-956.539	0	-381.037	0	104.282	0	-1025.12	0	-810.629	0	-785.192	0	-1041.45	0	-1265.84	0	-1008.03	0
-849.425	0	-1408.19	0	-463.148	0	-1650.88	0	1976.8	0	-950.773	0	-1101.59	0	-1137.34	0	-1084.7	0	347.215	0	-1728.56	0	-980.422	0	-1300.41	0	-961.161	0	-788.418	0	-1018.55	0	-956.539	0	-381.037	0	205.525	0	-1025.13	0	-810.629	0	-785.192	0	-1041.48	0	-1265.84	0	-1008.03	0
-849.425	0	-1408.19	0	-463.148	0	-1650.88	0	1976.8	0	-950.773	0	-1101.59	0	-1137.34	0	-1084.72	0	347.215	0	-1728.56	0	-980.422	0	-1300.41	0	-961.178	0	-788.418	0	-1019.01	0	-956.539	0	-381.037	0	-452.389	0	-1025.13	0	-810.629	0	-785.194	0	-1041.5	0	-1265.84	0	-1008.03	0
-849.425	0	-1408.19	0	-463.148	0	-1650.88	0	1976.8	0	-950.773	0	-1101.59	0	-1137.34	0	-1084.73	0	347.215	0	-1728.56	0	-980.422	0	-1375.02	0	-961.192	0	-788.418	0	-1019.01	0	-956.539	0	-381.037	0	-452.389	0	-1025.13	0	-810.629	0	-785.195	0	-1041.5	0	-1265.84	0	-1008.03	0
-849.425	0	-1408.19	0	-463.148	0	-1650.88	0	1976.8	0	-950.773	0	-1101.59	0	-1137.34	0	-1084.75	0	347.215	0	-1728.56	0	-980.422	0	-1375.02	0	-961.199	0	-788.418	0	-1019.01	0	-956.539	0	-381.037	0	-452.389	0	-1025.13	0	-810.629	0	-785.198	0	-1041.5	0	-1265.84	0	-1008.03	0
-849.425	0	-1408.19	0	-463.148	0	-1650.88	0	1976.8	0	-950.783	0	-1101.59	0	-1137.34	0	-1084.75	0	347.215	0	-1728.56	0	-980.422	0	-1375.02	0	-961.202	0	-788.418	0	-1019.55	0	-956.539	0	-381.037	0	-452.389	0	-1025.14	0	-810.629	0	-785.202	0	-1041.5	0	-1265.84	0	-1008.03	0
-849.425	0	-1408.19	0	-463.148	0	-1650.88	0	1976.8	0	-950.783	0	-1101.59	0	-1137.34	0	-1084.78	0	347.215	0	-1728.56	0	-980.422	0	-1375.02	0	-961.215	0	-788.418	0	-1019.55	0	-956.539	0	-381.037	0	-452.389	0	-1025.15	0	-810.629	0	-785.205	0	-1041.51	0	-1265.84	0	-1008.03	0
-849.425	0	-1408.19	0	-463.148	0	-1650.88	0	1976.8	0	-950.809	0	-1101.59	0	-1137.34	0	-1084.78	0	347.215	0	-1728.56	0	-980.422	0	-1375.02	0	-961.215	0	-788.418	0	-1019.55	0	-956.539	0	-381.037	0	-452.389	0	-1025.15	0	-810.629	0	-785.209	0	-1041.51	0	-1265.84	0	-1008.03	0
-849.425	0	-1408.19	0	-463.148	0	-1650.88	0	1976.8	0	-950.809	0	-1101.59	0	-1137.34	0	-1084.8	0	347.215	0	-1728.56	0	-980.422	0	-1375.02	0	-961.225	0	-788.418	0	-1019.61	0	-956.539	0	-381.037	0	-452.389	0	-1025.15	0	-810.629	0	-785.214	0	-1041.52	0	-1265.84	0	-1008.03	0
-849.425	0	-1408.19	0	-572.635	0	-1650.88	0	1976.8	0	-950.819	0	-1125.17	0	-1137.34	0	-1084.81	0	347.215	0	-1728.56	0	-980.422	0	-1375.02	0	-961.234	0	-788.418	0	-1019.88	0	-956.539	0	-381.037	0	-452.389	0	-1025.16	0	-810.629	0	-785.216	0	-1041.52	0	-1265.84	0	-1008.03	0
-849.425	0	-1408.19	0	-572.635	0	-1650.88	0	1976.8	0	-950.819	0	-1125.17	0	-1137.34	0	-1084.82	0	347.215	0	-1728.56	0	-980.422	0	-1375.02	0	-961.239	0	-788.418	0	-1019.88	0	-956.539	0	-381.037	0	-452.389	0	-1025.16	0	-810.629	0	-785.219	0	-1041.52	0	-1265.84	0	-1008.03	0
-849.425	0	-1408.19	0	-572.635	0	-1650.88	0	1976.8	0	-950.823	0	-1125.17	0	-1137.34	0	-1084.83	0	347.215	0	-1728.56	0	-980.422	0	-1375.02	0	-961.249	0	-788.418	0	-1019.88	0	-956.539	0	-381.037	0	-452.389	0	-1025.16	0	-810.629	0	-785.219	0	-1041.53	0	-1265.84	0	-1008.03	0
-849.425	0	-1408.19	0	-572.635	0	-1650.88	0	1976.8	0	-950.85	0	-1125.17	0	-1137.34	0	-1084.85	0	347.215	0	-1728.56	0	-980.422	0	-1375.02	0	-961.251	0	-788.418	0	-1019.88	0	-956.539	0	-381.037	0	-452.389	0	-1025.17	0	-810.629	0	-785.225	0	-1041.55	0	-1265.84	0	-1008.03	0
-849.425	0	-1408.19	0	-572.635	0	-1650.88	0	1976.8	0	-950.85	0	-1125.17	0	-1137.34	0	-1084.86	0	347.215	0	-1728.56	0	-980.422	0	-1375.02	0	-961.267	0	-788.418	0	-1020.05	0	-956.539	0	-381.037	0	-452.389	0	-1025.17	0	-810.629	0	-785.227	0	-1041.56	0	-1265.84	0	-1008.03	0
-849.425	0	-1408.19	0	-589.353	0	-1650.88	0	1976.8	0	-950.877	0	-1125.17	0	-1137.34	0	-1084.86	0	347.215	0	-1728.56	0	-980.422	0	-1375.02	0	-961.276	0	-788.418	0	-1020.24	0	-956.539	0	-381.037	0	-452.389	0	-1025.17	0	-810.629	0	-785.232	0	-1041.56	0	-1265.84	0	-1008.03	0
-849.425	0	-1408.19	0	-589.353	0	-1650.88	0	1976.8	0	-950.877	0	-1125.17	0	-1137.34	0	-1084.87	0	347.215	0	-1728.56	0	-980.422	0	-1375.02	0	-961.291	0	-788.418	0	-1020.24	0	-956.539	0	-381.037	0	-543.097	0	-1025.18	0	-810.629	0	-785.235	0	-1041.56	0	-1265.84	0	-1008.03	0
-849.425	0	-1408.19	0	-589.353	0	-1650.88	0	1976.8	0	-950.877	0	-1125.17	0	-1137.34	0	-1084.87	0	347.215	0	-1728.56	0	-980.422	0	-1375.02	0	-961.299	0	-788.418	0	-1020.24	0	-956.539	0	-381.037	0	-543.097	0	-1025.18	0	-810.629	0	-785.238	0	-1041.59	0	-1265.84	0	-1008.03	0
-849.425	0	-1408.19	0	-589.353	0	-1650.88	0	1976.8	0	-950.877	0	-1125.17	0	-1137.34	0	-1084.88	0	347.215	0	-1728.56	0	-980.422	0	-1375.02	0	-961.317	0	-788.418	0	-1020.24	0	-956.539	0	-381.037	0	-543.097	0	-1025.19	0	-810.629	0	-785.241	0	-1041.6	0	-1265.84	0	-1008.03	0
-849.425	0	-1408.19	0	-589.353	0	-1650.88	0	1976.8	0	-950.888	0	-1125.17	0	-1137.34	0	-1084.89	0	347.215	0	-1728.56	0	-980.422	0	-1375.02	0	-961.323	0	-788.418	0	-1020.24	0	-956.539	0	-381.037	0	-543.097	0	-1025.19	0	-810.629	0	-785.242	0	-1041.61	0	-1265.84	0	-1008.03	0
-849.425	0	-1408.19	0	-589.353	0	-1650.88	0	1976.8	0	-950.903	0	-1125.17	0	-1137.34	0	-1084.89	0	347.215	0	-1728.56	0	-980.422	0	-1375.02	0	-961.337	0	-788.418	0	-1020.31	0	-956.539	0	-381.037	0	-543.097	0	-1025.2	0	-810.629	0	-785.245	0	-1041.63	0	-1265.84	0	-1008.03	0
-849.425	0	-1408.19	0	-589.353	0	-1650.88	0	1976.8	0	-950.903	0	-1125.17	0	-1137.34	0	-1084.9	0	347.215	0	-1728.56	0	-980.422	0	-1375.02	0	-961.342	0	-788.418	0	-1020.31	0	-956.539	0	-381.037	0	-543.097	0	-1025.21	0	-810.629	0	-785.25	0	-1041.63	0	-1265.84	0	-1008.03	0
-849.425	0	-1408.19	0	-589.353	0	-1650.88	0	1976.8	0	-950.903	0	-1125.17	0	-1137.34	0	-1084.9	0	347.215	0	-1728.56	0	-980.422	0	-1375.02	0	-961.35	0	-788.418	0	-1020.31	0	-956.539	0	-381.037	0	-543.097	0	-1025.22	0	-810.629	0	-785.257	0	-1041.65	0	-1265.84	0	-1008.03	0
-849.425	0	-1408.19	0	-589.353	0	-1650.88	0	1976.8	0	-950.922	0	-1125.17	0	-1137.34	0	-1084.91	0	1243.01	0	-1728.56	0	-1041.83	0	-1375.02	0	-961.354	0	-788.418	0	-1020.34	0	-956.539	0	-381.037	0	-543.097	0	-1025.23	0	-810.629	0	-785.261	0	-1041.67	0	-1265.84	0	-1008.03	0
-849.425	0	-1408.19	0	-589.353	0	-1650.88	0	1976.8	0	-950.953	0	-1125.17	0	-1394.82	0	-1084.92	0	1243.01	0	-1728.56	0	-1041.83	0	-1375.02	0	-961.359	0	-788.418	0	-1020.38	0	-956.539	0	-381.037	0	-543.097	0	-1025.23	0	-810.629	0	-785.263	0	-1041.69	0	-1265.84	0	-1008.03	0
-849.425	0	-1408.19	0	-589.353	0	-1650.88	0	1976.8	0	-950.972	0	-1125.17	0	-1394.82	0	-1084.93	0	1243.01	0	-1728.56	0	-1041.83	0	-1375.02	0	-961.37	0	-788.418	0	-1020.38	0	-956.539	0	-381.037	0	-543.097	0	-1025.24	0	-807.132	0	-785.265	0	-1041.71	0	-1265.84	0	-1008.03	0
-849.425	0	-1408.19	0	-589.353	0	-1650.88	0	1976.8	0	-950.998	0	-1125.17	0	-1394.82	0	-1084.94	0	1243.01	0	-1728.56	0	-1041.83	0	-1375.02	0	-961.377	0	-788.418	0	-1020.44	0	-956.539	0	-381.037	0	-543.097	0	-1025.25	0	-807.132	0	-785.267	0	-1041.73	0	-1265.84	0	-1008.03	0
-849.425	0	-1408.19	0	-589.353	0	-1650.88	0	1976.8	0	-950.998	0	-1125.17	0	-1394.82	0	-1084.96	0	1243.01	0	-1728.56	0	-1041.83	0	-1375.02	0	-961.399	0	-788.418	0	-1020.46	0	-956.539	0	-381.037	0	-543.097	0	-1025.26	0	-807.132	0	-785.269	0	-1041.74	0	-1265.84	0	-1008.03	0
-849.425	0	-1408.19	0	-589.353	0	-1650.88	0	1976.8	0	-951.033	0	-1125.17	0	-1396.9	0	-1084.98	0	1243.01	0	-1728.56	0	-1041.83	0	-1375.02	0	-961.404	0	-788.418	0	-1020.46	0	-956.539	0	-381.037	0	-543.097	0	-1025.27	0	-807.132	0	-785.272	0	-1041.76	0	-1265.84	0	-1008.03	0
-849.425	0	-1408.19	0	-589.353	0	-1650.88	0	1976.8	0	-951.04	0	-1125.17	0	-1396.9	0	-1084.98	0	1243.01	0	-1728.56	0	-1041.83	0	-1375.02	0	-961.421	0	-788.418	0	-1020.73	0	-956.539	0	-381.037	0	-543.097	0	-1025.28	0	-807.132	0	-785.279	0	-1041.77	0	-1265.84	0	-1008.03	0
-849.425	0	-1408.19	0	-589.353	0	-1650.88	0	1976.8	0	-951.072	0	-1125.17	0	-1396.9	0	-1084.99	0	1243.01	0	-1728.56	0	-1041.83	0	-1375.02	0	-961.426	0	-788.418	0	-1020.73	0	-956.539	0	-381.037	0	-543.097	0	-1025.29	0	-807.132	0	-785.279	0	-1041.79	0	-1265.84	0	-1008.03	0
-849.425	0	-1408.19	0	-589.353	0	-1650.88	0	1976.8	0	-951.079	0	-1125.17	0	-1396.9	0	-1085	0	1243.01	0	-1728.56	0	-1041.93	0	-1375.02	0	-961.438	0	-788.418	0	-1020.73	0	-956.539	0	-381.037	0	-543.097	0	-1025.3	0	-807.132	0	-785.284	0	-1041.8	0	-1265.84	0	-1008.03	0
-849.425	0	-1408.19	0	-589.353	0	-1650.88	0	1976.8	0	-951.106	0	-1125.17	0	-1396.9	0	-1085	0	1243.01	0	-1728.56	0	-1041.93	0	-1375.02	0	-961.442	0	-788.418	0	-1020.79	0	-956.539	0	-381.037	0	-543.097	0	-1025.3	0	-807.132	0	-785.289	0	-1041.84	0	-1265.84	0	-1008.03	0
-849.425	0	-1408.19	0	-589.353	0	-1650.88	0	1976.8	0	-951.161	0	-1125.17	0	-1396.9	0	-1085.01	0	1243.01	0	-1728.56	0	-1041.93	0	-1375.02	0	-961.446	0	-788.418	0	-1020.79	0	-956.539	0	-381.037	0	-543.097	0	-1025.31	0	-807.132	0	-785.29	0	-1041.86	0	-1265.84	0	-1008.03	0
-849.425	0	-1408.19	0	-589.353	0	-1650.88	0	1976.8	0	-951.212	0	-1125.17	0	-1396.9	0	-1085.01	0	1243.01	0	-1728.56	0	-1041.93	0	-1375.02	0	-961.453	0	-788.418	0	-1020.79	0	-956.539	0	-381.037	0	-543.097	0	-1025.32	0	-807.132	0	-785.295	0	-1041.87	0	-1265.84	0	-1008.03	0
-849.425	0	-1408.19	0	-589.353	0	-1650.88	0	1976.8	0	-951.239	0	-1125.17	0	-1396.9	0	-1085.02	0	1243.01	0	-1728.56	0	-1041.93	0	-1375.02	0	-961.456	0	-788.418	0	-1021.05	0	-956.539	0	-381.037	0	-543.097	0	-1025.32	0	-807.132	0	-785.297	0	-1041.89	0	-1265.84	0	-1008.03	0
-849.425	0	-1408.19	0	-589.353	0	-1650.88	0	1976.8	0	-951.321	0	-1125.17	0	-1396.9	0	-1085.03	0	1243.01	0	-1728.56	0	-1041.93	0	-1375.02	0	-961.458	0	-788.418	0	-1021.05	0	-956.539	0	-381.037	0	-543.097	0	-1025.33	0	-807.132	0	-785.299	0	-1041.91	0	-1265.84	0	-1008.03	0
-849.425	0	-1408.19	0	-589.353	0	-1650.88	0	1976.8	0	-951.407	0	-1125.17	0	-1396.9	0	-1085.04	0	1243.01	0	-1728.56	0	-1041.93	0	-1375.02	0	-961.466	0	-788.418	0	-1021.12	0	-956.539	0	-381.037	0	-543.097	0	-1025.33	0	-807.132	0	-785.302	0	-1041.93	0	-1265.84	0	-1008.03	0
-849.425	0	-1408.19	0	-589.353	0	-1650.88	0	1976.8	0	-951.47	0	-1125.17	0	-1396.9	0	-1085.05	0	1243.01	0	-1728.56	0	-1041.93	0	-1375.02	0	-961.475	0	-788.418	0	-1021.12	0	-956.539	0	-381.037	0	-543.097	0	-1025.34	0	-807.132	0	-785.303	0	-1041.95	0	-1265.84	0	-1008.03	0
-849.425	0	-1408.19	0	-589.353	0	-1650.88	0	1976.8	0	-951.555	0	-1125.17	0	-1396.9	0	-1085.05	0	1243.01	0	-1736.09	0	-1041.93	0	-1375.02	0	-961.486	0	-788.418	0	-1021.12	0	-956.539	0	-381.037	0	-543.097	0	-1025.35	0	-807.132	0	-785.306	0	-1041.98	0	-1265.84	0	-1008.03	0
-849.425	0	-1408.19	0	-589.353	0	-1650.88	0	1976.8	0	-951.633	0	-1125.17	0	-1396.9	0	-1085.07	0	1243.01	0	-1736.09	0	-1041.93	0	-1375.02	0	-961.494	0	-788.418	0	-1021.19	0	-956.539	0	-381.037	0	-543.097	0	-1025.35	0	-807.132	0	-785.308	0	-1042	0	-1265.84	0	-1008.03	0
-884.615	0	-1408.19	0	-589.353	0	-1650.88	0	1976.8	0	-951.682	0	-1125.17	0	-1396.9	0	-1085.08	0	1243.01	0	-1736.09	0	-1041.93	0	-1375.02	0	-961.507	0	-788.418	0	-1021.19	0	-956.539	0	-381.037	0	-543.097	0	-1025.36	0	-807.132	0	-785.309	0	-1042.02	0	-1265.84	0	-1008.03	0
-884.615	0	-1408.19	0	-589.353	0	-1650.88	0	1976.8	0	-951.742	0	-1125.17	0	-1396.9	0	-1085.09	0	1243.01	0	-1736.09	0	-1041.93	0	-1375.02	0	-961.509	0	-788.418	0	-1021.27	0	-956.539	0	-381.037	0	-543.097	0	-1025.36	0	-807.132	0	-785.31	0	-1042.03	0	-1265.84	0	-1008.03	0
-884.615	0	-1408.19	0	-589.353	0	-1650.88	0	1976.8	0	-951.811	0	-1125.17	0	-1396.9	0	-1085.1	0	1243.01	0	-1736.09	0	-1041.93	0	-1375.02	0	-961.512	0	-788.418	0	-1021.37	0	-956.539	0	-381.037	0	-543.097	0	-1025.37	0	-807.132	0	-785.311	0	-1042.04	0	-1265.84	0	-1024.32	0
-884.615	0	-1408.19	0	-589.353	0	-1650.88	0	1976.8	0	-951.863	0	-1125.17	0	-1396.9	0	-1085.1	0	1243.01	0	-1736.09	0	-1041.93	0	-1375.02	0	-961.515	0	-788.418	0	-1021.37	0	-956.539	0	-381.037	0	-543.097	0	-1025.37	0	-807.132	0	-785.313	0	-1042.06	0	-1265.84	0	-1024.32	0
-884.615	0	-1408.19	0	-589.353	0	-1650.88	0	1976.8	0	-951.922	0	-1125.17	0	-1396.9	0	-1085.1	0	1243.01	0	-1736.09	0	-1044.58	0	-1375.02	0	-961.519	0	-788.418	0	-1021.37	0	-956.539	0	-381.037	0	-543.097	0	-1025.38	0	-807.132	0	-785.314	0	-1042.07	0	-1265.84	0	-1024.32	0
-884.615	0	-1408.19	0	-589.353	0	-1650.88	0	1976.8	0	-951.955	0	-1125.17	0	-1396.9	0	-1085.11	0	1243.01	0	-1708.97	0	-1044.58	0	-1375.02	0	-961.522	0	-788.418	0	-1021.37	0	-956.539	0	-381.037	0	-543.097	0	-1025.38	0	-807.132	0	-785.316	0	-1042.09	0	-1265.84	0	-1024.32	0
-884.615	0	-1408.19	0	-589.353	0	-1650.88	0	1976.8	0	-952.013	0	-1125.17	0	-1396.9	0	-1085.11	0	1243.01	0	-1708.97	0	-1044.58	0	-1375.02	0	-961.525	0	-788.418	0	-1021.61	0	-956.539	0	-381.037	0	-543.097	0	-1025.4	0	-807.132	0	-785.32	0	-1042.12	0	-1265.84	0	-1024.32	0
-884.615	0	-1408.19	0	-589.353	0	-1650.88	0	-887.82	0	-952.055	0	-1125.17	0	-1396.9	0	-1085.11	0	1243.01	0	-1708.97	0	-1044.58	0	-1375.02	0	-961.529	0	-1496.4	0	-1021.61	0	-956.539	0	-381.037	0	-543.097	0	-1025.4	0	-807.132	0	-785.32	0	-1042.13	0	-1265.84	0	-1028.32	0
-884.615	0	-1408.19	0	-589.353	0	-1650.88	0	-887.82	0	-952.107	0	-1125.17	0	-1396.9	0	-1085.12	0	1243.01	0	-1708.97	0	-1044.58	0	-1375.02	0	-961.537	0	-1496.4	0	-1021.64	0	-956.539	0	-381.037	0	-543.097	0	-1025.41	0	-807.132	0	-785.323	0	-1042.14	0	-1265.84	0	-1028.32	0
-884.615	0	-1408.19	0	-589.353	0	-1650.88	0	-887.82	0	-952.128	0	-1125.17	0	-1396.9	0	-1085.13	0	1243.01	0	-1708.97	0	-1044.58	0	-1375.02	0	-961.545	0	-1496.4	0	-1021.64	0	-956.539	0	-381.037	0	-550.091	0	-1025.41	0	-807.132	0	-785.325	0	-1042.15	0	-1265.84	0	-1028.32	0
-884.615	0	-1408.19	0	-589.353	0	-1719.63	0	-887.82	0	-952.157	0	-1137.97	0	-1396.9	0	-1085.13	0	1243.01	0	-1708.97	0	-1044.58	0	-1375.02	0	-961.552	0	-1496.4	0	-1021.89	0	-956.539	0	-381.037	0	-550.091	0	-1025.42	0	-807.132	0	-785.326	0	-1042.16	0	-1265.84	0	-1028.32	0
-884.615	0	-1408.19	0	-589.353	0	-1719.63	0	-887.82	0	-952.194	0	-1137.97	0	-1396.9	0	-1085.14	0	1243.01	0	-1708.97	0	-1044.58	0	-1375.02	0	-961.56	0	-1496.4	0	-1021.89	0	-956.539	0	-381.037	0	-550.091	0	-1025.43	0	-807.132	0	-785.328	0	-1042.16	0	-1265.84	0	-1028.32	0
-884.615	0	-1408.19	0	-589.353	0	-1719.63	0	-887.82	0	-952.246	0	-1137.97	0	-1396.9	0	-1085.15	0	1243.01	0	-1708.97	0	-1044.58	0	-1375.02	0	-961.561	0	-1496.4	0	-1021.89	0	-956.539	0	-381.037	0	-550.091	0	-1025.43	0	-807.132	0	-785.329	0	-1042.17	0	-1265.84	0	-1028.32	0
-884.615	0	-1408.19	0	-589.353	0	-1719.63	0	-887.82	0	-952.292	0	-1137.97	0	-1396.9	0	-1085.15	0	1243.01	0	-1708.97	0	-1044.58	0	-1375.02	0	-961.569	0	-1496.4	0	-1021.89	0	-956.539	0	-381.037	0	-550.091	0	-1025.44	0	-807.132	0	-785.331	0	-1042.17	0	-1265.84	0	-1028.32	0
-884.615	0	-1408.19	0	-589.353	0	-1719.63	0	-887.82	0	-952.348	0	-1137.97	0	-1396.9	0	-1085.16	0	1243.01	0	-1708.97	0	-1044.58	0	-1375.02	0	-961.575	0	-1496.4	0	-1021.92	0	-956.539	0	-381.037	0	-550.091	0	-1025.45	0	-807.132	0	-785.332	0	-1042.18	0	-1265.84	0	-1028.32	0
-884.615	0	-1408.19	0	-589.353	0	-1719.63	0	-887.82	0	-952.395	0	-1137.97	0	-1396.9	0	-1085.16	0	1243.01	0	-1708.97	0	-1044.58	0	-1375.02	0	-961.584	0	-1496.4	0	-1021.92	0	-956.539	0	-381.037	0	-550.091	0	-1025.45	0	-807.132	0	-785.333	0	-1042.19	0	-1265.84	0	-1028.32	0
-884.615	0	-1408.19	0	-589.353	0	-1719.63	0	-887.82	0	-952.424	0	-1137.97	0	-1396.9	0	-1085.16	0	1243.01	0	-1708.97	0	-1044.58	0	-1375.02	0	-961.598	0	-1496.4	0	-1021.92	0	-956.539	0	-381.037	0	-550.091	0	-1025.45	0	-807.132	0	-785.335	0	-1042.19	0	-1265.84	0	-1028.32	0
-884.615	0	-1408.19	0	-589.353	0	-1719.63	0	-887.82	0	-952.45	0	-1137.97	0	-1396.9	0	-1085.17	0	1243.01	0	-1708.97	0	-1044.58	0	-1375.02	0	-961.614	0	-1496.4	0	-1021.94	0	-956.539	0	-381.037	0	-550.091	0	-1025.46	0	-807.132	0	-785.336	0	-1042.19	0	-1265.84	0	-1028.32	0
-884.615	0	-1408.19	0	-589.353	0	-1719.63	0	-887.82	0	-952.469	0	-1137.97	0	-1396.9	0	-1085.17	0	1243.01	0	-1708.97	0	-1044.58	0	-1375.02	0	-961.625	0	-1496.4	0	-1021.94	0	-956.539	0	-381.037	0	-550.091	0	-1025.46	0	-807.132	0	-785.337	0	-1042.2	0	-1265.84	0	-1028.32	0
-884.615	0	-1408.19	0	-589.353	0	-1719.63	0	-887.82	0	-952.528	0	-1137.97	0	-1396.9	0	-1085.18	0	1243.01	0	-1708.97	0	-1044.58	0	-1375.02	0	-961.634	0	-1496.4	0	-1022.08	0	-956.539	0	-381.037	0	-550.091	0	-1025.46	0	-807.132	0	-785.339	0	-1042.21	0	-1265.84	0	-1028.32	0
-884.615	0	-1408.19	0	-589.353	0	-1719.63	0	-887.82	0	-952.54	0	-1137.97	0	-1396.9	0	-1085.18	0	1243.01	0	-1708.97	0	-1044.58	0	-1375.02	0	-961.639	0	-1496.4	0	-1022.08	0	-956.539	0	-381.037	0	-550.091	0	-1025.47	0	-807.132	0	-785.34	0	-1042.21	0	-1265.84	0	-1031.16	0
-884.615	0	-1408.19	0	-589.353	0	-1719.63	0	-887.82	0	-952.555	0	-1137.97	0	-1396.9	0	-1085.18	0	1243.01	0	-1708.97	0	-1044.58	0	-1375.02	0	-961.65	0	-1496.4	0	-1022.08	0	-956.539	0	-381.037	0	-550.091	0	-1025.47	0	-807.132	0	-785.342	0	-1042.22	0	-1265.84	0	-1031.16	0
-884.615	0	-1408.19	0	-589.353	0	-1719.63	0	-887.82	0	-952.576	0	-1137.97	0	-1396.9	0	-1085.18	0	1243.01	0	-1708.97	0	-1044.58	0	-1375.02	0	-961.657	0	-1496.4	0	-1022.08	0	-956.539	0	-381.037	0	-550.091	0	-1025.47	0	-881.842	0	-785.344	0	-1042.23	0	-1265.84	0	-1031.16	0
-884.615	0	-1408.19	0	-589.353	0	-1719.63	0	-887.82	0	-952.59	0	-1137.97	0	-1396.9	0	-1085.19	0	-604.807	0	-1708.97	0	-1044.58	0	-1375.02	0	-961.661	0	-1496.4	0	-1022.08	0	-956.539	0	-381.037	0	-550.091	0	-1025.47	0	-881.842	0	-785.345	0	-1042.24	0	-1265.84	0	-1031.16	0
-884.615	0	-1408.19	0	-589.353	0	-1719.63	0	-887.82	0	-952.605	0	-1137.97	0	-1396.9	0	-1085.19	0	-604.807	0	-1708.97	0	-1044.58	0	-1375.02	0	-961.664	0	-1496.4	0	-1022.08	0	-956.539	0	-381.037	0	-550.091	0	-1025.48	0	-881.842	0	-785.347	0	-1042.25	0	-1265.84	0	-1032.46	0
-884.615	0	-1408.19	0	-589.353	0	-1719.63	0	-887.82	0	-952.622	0	-1137.97	0	-1396.9	0	-1085.2	0	-604.807	0	-1708.97	0	-1044.58	0	-1375.02	0	-961.668	0	-1496.4	0	-1022.08	0	-956.539	0	-381.037	0	-550.091	0	-1025.48	0	-881.842	0	-785.347	0	-1042.26	0	-1265.84	0	-1032.46	0
-884.615	0	-1408.19	0	-589.353	0	-1719.63	0	-887.82	0	-952.651	0	-1137.97	0	-1396.9	0	-1085.2	0	-604.807	0	-1708.97	0	-1044.58	0	-1375.02	0	-961.673	0	-1496.4	0	-1022.15	0	-956.539	0	-459.371	0	-550.091	0	-1025.49	0	-881.842	0	-785.347	0	-1042.28	0	-1265.84	0	-1032.46	0
-884.615	0	-1408.19	0	-589.353	0	-1719.63	0	-887.82	0	-952.669	0	-1137.97	0	-1396.9	0	-1085.2	0	-604.807	0	-1708.97	0	-1044.58	0	-1375.02	0	-961.683	0	-1496.4	0	-1022.15	0	-956.539	0	-459.371	0	-550.091	0	-1025.49	0	-881.842	0	-785.348	0	-1042.28	0	-1265.84	0	-1032.46	0
-884.615	0	-1408.19	0	-589.353	0	-1719.63	0	-887.82	0	-952.69	0	-1137.97	0	-1396.9	0	-1085.2	0	-604.807	0	-1708.97	0	-1044.58	0	-1375.02	0	-961.692	0	-1496.4	0	-1022.15	0	-956.539	0	-459.371	0	-550.091	0	-1025.5	0	-881.842	0	-785.349	0	-1042.29	0	-1265.84	0	-1033.4	0
-884.615	0	-1408.19	0	-589.353	0	-1719.63	0	-887.82	0	-952.716	0	-1137.97	0	-1396.9	0	-1085.2	0	-604.807	0	-1708.97	0	-1044.58	0	-1375.02	0	-961.701	0	-1496.4	0	-1022.2	0	-956.539	0	-459.371	0	-550.091	0	-1025.51	0	-881.842	0	-785.35	0	-1042.3	0	-1265.84	0	-1033.4	0
-884.615	0	-1408.19	0	-589.353	0	-1719.63	0	-887.82	0	-952.721	0	-1137.97	0	-1396.9	0	-1085.21	0	-604.807	0	-1708.97	0	-1044.58	0	-1375.02	0	-961.707	0	-1496.4	0	-1022.24	0	-956.539	0	-459.371	0	-550.091	0	-1025.51	0	-881.842	0	-785.352	0	-1042.32	0	-1265.84	0	-1033.4	0
-884.615	0	-1408.19	0	-589.353	0	-1719.63	0	-887.82	0	-952.739	0	-1137.97	0	-1396.9	0	-1085.21	0	-604.807	0	-1708.97	0	-1044.58	0	-1375.02	0	-961.712	0	-1496.4	0	-1022.24	0	-956.539	0	-459.371	0	-550.091	0	-1025.52	0	-881.842	0	-785.354	0	-1042.34	0	-1265.84	0	-1033.4	0
-884.615	0	-1408.19	0	-589.353	0	-1719.63	0	-887.82	0	-952.744	0	-1137.97	0	-1396.9	0	-1085.21	0	-604.807	0	-1708.97	0	-1044.58	0	-1375.02	0	-961.717	0	-1496.4	0	-1022.24	0	-956.539	0	-459.371	0	-550.091	0	-1025.52	0	-881.842	0	-785.356	0	-1042.35	0	-1265.84	0	-1033.4	0
-884.615	0	-1408.19	0	-589.353	0	-1719.63	0	-887.82	0	-952.761	0	-1137.97	0	-1396.9	0	-1085.21	0	-604.807	0	-1708.97	0	-1045.09	0	-1375.02	0	-961.725	0	-1496.4	0	-1022.35	0	-956.539	0	-459.371	0	-550.091	0	-1025.52	0	-881.842	0	-785.357	0	-1042.36	0	-1265.84	0	-1033.4	0
-884.615	0	-1408.19	0	-589.353	0	-1719.63	0	-887.82	0	-952.772	0	-1137.97	0	-1396.9	0	-1085.22	0	-604.807	0	-1708.97	0	-1045.09	0	-1375.02	0	-961.732	0	-1496.4	0	-1022.35	0	-956.539	0	-459.371	0	-550.091	0	-1025.52	0	-881.842	0	-785.36	0	-1042.37	0	-1265.84	0	-1033.4	0
-884.615	0	-1408.19	0	-589.353	0	-1719.63	0	-887.82	0	-952.792	0	-1137.97	0	-1396.9	0	-1085.22	0	-604.807	0	-1708.97	0	-1045.09	0	-1375.02	0	-961.735	0	-1496.4	0	-1022.35	0	-956.539	0	-459.371	0	-550.091	0	-1025.52	0	-881.842	0	-785.362	0	-1042.38	0	-1265.84	0	-1033.4	0
-884.615	0	-1408.19	0	-589.353	0	-1719.63	0	-887.82	0	-952.804	0	-1137.97	0	-1396.9	0	-1085.22	0	-604.807	0	-1708.97	0	-1045.09	0	-1375.02	0	-961.744	0	-1496.4	0	-1022.36	0	-956.539	0	-459.371	0	-550.091	0	-1025.53	0	-881.963	0	-785.363	0	-1042.39	0	-1265.84	0	-1033.4	0
-884.615	0	-1408.19	0	-589.353	0	-1719.63	0	-887.82	0	-952.822	0	-1137.97	0	-1396.9	0	-1085.22	0	-604.807	0	-1708.97	0	-1045.09	0	-1375.02	0	-961.751	0	-1496.4	0	-1022.36	0	-956.539	0	-459.371	0	-550.091	0	-1025.53	0	-881.963	0	-785.364	0	-1042.41	0	-1265.84	0	-1033.4	0
-884.615	0	-1408.19	0	-589.353	0	-1719.63	0	-887.82	0	-952.831	0	-1137.97	0	-1396.9	0	-1085.22	0	-604.807	0	-1708.97	0	-1045.09	0	-1375.02	0	-961.76	0	-1496.4	0	-1022.36	0	-956.539	0	-459.371	0	-550.091	0	-1025.53	0	-881.963	0	-785.365	0	-1042.43	0	-1265.84	0	-1033.4	0
-884.615	0	-1408.19	0	-589.353	0	-1719.63	0	-887.82	0	-952.842	0	-1137.97	0	-1396.9	0	-1085.22	0	-604.807	0	-1708.97	0	-1045.09	0	-1375.02	0	-961.761	0	-1496.4	0	-1022.38	0	-956.539	0	-459.371	0	-550.091	0	-1025.53	0	-881.963	0	-785.368	0	-1042.44	0	-1265.84	0	-1033.4	0
-884.615	0	-1408.19	0	-589.353	0	-1719.63	0	-887.82	0	-952.85	0	-1137.97	0	-1396.9	0	-1085.23	0	-604.807	0	-1708.97	0	-1045.09	0	-1375.02	0	-961.771	0	-1496.4	0	-1022.38	0	-956.539	0	-459.371	0	-550.091	0	-1025.54	0	-881.963	0	-785.37	0	-1042.47	0	-1265.84	0	-1033.4	0
-884.615	0	-1408.19	0	-589.353	0	-1719.63	0	-887.82	0	-952.862	0	-1137.97	0	-1396.9	0	-1085.23	0	-604.807	0	-1708.97	0	-1045.09	0	-1375.02	0	-961.777	0	-1496.4	0	-1022.38	0	-956.539	0	-459.371	0	-550.091	0	-1025.54	0	-881.963	0	-785.372	0	-1042.48	0	-1265.84	0	-1033.4	0
-884.615	0	-1408.19	0	-589.353	0	-1719.63	0	-887.82	0	-952.886	0	-1137.97	0	-1396.9	0	-1085.23	0	-604.807	0	-1708.97	0	-1045.09	0	-1375.02	0	-961.782	0	-1496.4	0	-1022.42	0	-956.539	0	-459.371	0	-550.091	0	-1025.55	0	-884.905	0	-785.374	0	-1042.5	0	-1265.84	0	-1033.4	0
-884.615	0	-1408.19	0	-589.353	0	-1719.63	0	-887.82	0	-952.904	0	-1137.97	0	-1396.9	0	-1085.23	0	-604.807	0	-1708.97	0	-1045.09	0	-1375.02	0	-961.787	0	-1496.4	0	-1022.43	0	-956.539	0	-459.371	0	-550.091	0	-1025.55	0	-884.905	0	-785.374	0	-1042.5	0	-1265.84	0	-1033.4	0
-884.615	0	-1408.19	0	-589.353	0	-1719.63	0	-887.82	0	-952.917	0	-1137.97	0	-1396.9	0	-1085.23	0	-604.807	0	-1708.97	0	-1045.09	0	-1375.02	0	-961.794	0	-1496.4	0	-1022.43	0	-956.539	0	-459.371	0	-550.091	0	-1025.56	0	-884.905	0	-785.376	0	-1042.51	0	-1265.84	0	-1033.4	0
-884.615	0	-1408.19	0	-589.353	0	-1719.63	0	-887.82	0	-952.93	0	-1137.97	0	-1396.9	0	-1085.23	0	-604.807	0	-1708.97	0	-1045.09	0	-1375.02	0	-961.809	0	-1496.4	0	-1022.43	0	-956.539	0	-459.371	0	-550.091	0	-1025.56	0	-884.905	0	-785.377	0	-1042.56	0	-1265.84	0	-1033.4	0
-884.615	0	-1408.19	0	-589.353	0	-1719.63	0	-887.82	0	-952.944	0	-1137.97	0	-1396.9	0	-1085.23	0	-604.807	0	-1708.97	0	-1045.09	0	-1375.02	0	-961.812	0	-1496.4	0	-1022.45	0	-956.539	0	-459.371	0	-550.091	0	-1025.56	0	-884.905	0	-785.379	0	-1042.57	0	-1265.84	0	-1033.87	0
-907.196	0	-1408.19	0	-589.353	0	-1719.63	0	-887.82	0	-952.956	0	-1137.97	0	-1396.9	0	-1085.24	0	-604.807	0	-1708.97	0	-1045.09	0	-1375.02	0	-961.82	0	-1496.4	0	-1022.47	0	-956.539	0	-459.371	0	-550.091	0	-1025.57	0	-884.905	0	-785.382	0	-1042.6	0	-1265.84	0	-1033.87	0
-907.196	0	-1408.19	0	-589.353	0	-1719.63	0	-887.82	0	-952.974	0	-1137.97	0	-1396.9	0	-1085.24	0	-604.807	0	-1708.97	0	-1046.14	0	-1375.02	0	-961.831	0	-1496.4	0	-1022.49	0	-881.243	0	-459.371	0	-550.091	0	-1025.58	0	-884.905	0	-785.384	0	-1042.61	0	-1265.84	0	-1033.87	0
-907.196	0	-1408.19	0	-589.353	0	-1719.63	0	-887.82	0	-952.986	0	-1137.97	0	-1396.9	0	-1085.26	0	-604.807	0	-1708.97	0	-1046.14	0	-1375.02	0	-961.857	0	-1496.4	0	-1022.5	0	-881.243	0	-459.371	0	-550.091	0	-1025.58	0	-884.905	0	-785.388	0	-1042.62	0	-1265.84	0	-1033.87	0
-907.196	0	-1408.19	0	-589.353	0	-1779.28	0	-887.82	0	-953.02	0	-1137.97	0	-1396.9	0	-1085.26	0	-604.807	0	-1708.97	0	-1046.14	0	-1375.02	0	-961.89	0	-1496.4	0	-1022.51	0	-881.243	0	-459.371	0	-550.091	0	-1025.58	0	-884.905	0	-785.389	0	-1042.63	0	-1265.84	0	-1033.87	0
-907.196	0	-1408.19	0	-589.353	0	-1779.28	0	-887.82	0	-953.051	0	-1137.97	0	-1396.9	0	-1085.27	0	-604.807	0	-1708.97	0	-1046.14	0	-1375.02	0	-961.932	0	-1496.4	0	-1022.54	0	-881.243	0	-459.371	0	-550.091	0	-1025.58	0	-884.905	0	-785.39	0	-1042.63	0	-1265.84	0	-1033.87	0
-907.196	0	-1408.19	0	-589.353	0	-1779.28	0	-887.82	0	-953.054	0	-1137.97	0	-1396.9	0	-1085.27	0	-582.589	0	-1708.97	0	-1046.14	0	-1375.02	0	-961.939	0	-1496.4	0	-1022.56	0	-881.243	0	-459.371	0	-550.091	0	-1025.59	0	-885.014	0	-785.391	0	-1042.63	0	-1265.84	0	-1034.5	0
-907.196	0	-1408.19	0	-589.353	0	-1779.28	0	-887.82	0	-953.068	0	-1137.97	0	-1396.9	0	-1085.27	0	-582.589	0	-1708.97	0	-1046.14	0	-1375.02	0	-961.951	0	-1496.4	0	-1022.58	0	-881.243	0	-459.371	0	-550.091	0	-1025.59	0	-885.014	0	-785.394	0	-1042.64	0	-1265.84	0	-1034.5	0
-907.196	0	-1408.19	0	-589.353	0	-1779.28	0	-887.82	0	-953.089	0	-1137.97	0	-1396.9	0	-1085.27	0	-582.589	0	-1708.97	0	-1046.14	0	-1375.02	0	-961.959	0	-1496.4	0	-1022.61	0	-881.243	0	-459.371	0	-550.091	0	-1025.59	0	-885.014	0	-785.395	0	-1042.64	0	-1265.84	0	-1035.83	0
-907.196	0	-1408.19	0	-589.353	0	-1779.28	0	-887.82	0	-953.114	0	-1137.97	0	-1397.55	0	-1085.28	0	-582.589	0	-1708.97	0	-1046.14	0	-1375.02	0	-961.986	0	-1496.4	0	-1022.65	0	-881.243	0	-459.371	0	-550.091	0	-1025.6	0	-885.014	0	-785.397	0	-1042.64	0	-1265.84	0	-1035.83	0
-913.463	0	-1408.19	0	-589.353	0	-1779.28	0	-887.82	0	-953.121	0	-1137.97	0	-1397.55	0	-1085.28	0	-582.589	0	-1708.97	0	-1046.14	0	-1375.02	0	-962.016	0	-1496.4	0	-1022.67	0	-881.243	0	-459.371	0	-550.091	0	-1025.6	0	-885.014	0	-785.399	0	-1042.65	0	-1265.84	0	-1036.69	0
-913.463	0	-1408.19	0	-589.353	0	-1779.28	0	-887.82	0	-953.13	0	-1137.97	0	-1397.55	0	-1085.29	0	-582.589	0	-1708.97	0	-1046.14	0	-1375.02	0	-962.028	0	-1496.4	0	-1022.73	0	-881.243	0	-459.371	0	-550.091	0	-1025.6	0	-885.014	0	-785.401	0	-1042.66	0	-1265.84	0	-1036.69	0
-913.463	0	-1408.19	0	-589.353	0	-1779.35	0	-887.82	0	-953.145	0	-1137.97	0	-1397.55	0	-1085.29	0	-582.589	0	-1757.36	0	-1046.14	0	-1375.02	0	-962.04	0	-1496.4	0	-1022.75	0	-881.243	0	-459.371	0	-550.091	0	-1025.61	0	-885.014	0	-785.403	0	-1042.67	0	-1265.84	0	-1036.69	0
-913.463	0	-1408.19	0	-589.353	0	-1779.35	0	-887.82	0	-953.174	0	-1137.97	0	-1397.55	0	-1085.3	0	-582.589	0	-1757.36	0	-1046.14	0	-1375.02	0	-962.049	0	-1496.4	0	-1022.77	0	-881.243	0	-459.371	0	-550.091	0	-1025.61	0	-885.014	0	-785.404	0	-1042.67	0	-1265.84	0	-1036.69	0
-913.463	0	-1408.19	0	-589.353	0	-1779.35	0	-887.82	0	-953.194	0	-1137.97	0	-1397.55	0	-1085.31	0	-582.589	0	-1757.36	0	-1046.14	0	-1375.02	0	-962.077	0	-1496.4	0	-1022.81	0	-881.243	0	-459.371	0	-550.091	0	-1025.62	0	-885.014	0	-785.406	0	-1042.68	0	-1265.84	0	-1036.69	0
-913.463	0	-1408.19	0	-589.353	0	-1779.35	0	-887.82	0	-953.219	0	-1137.97	0	-1397.55	0	-1085.32	0	-603.712	0	-1757.36	0	-1046.14	0	-1375.02	0	-962.098	0	-1496.4	0	-1022.86	0	-881.243	0	-459.371	0	-550.091	0	-1025.62	0	-885.014	0	-785.408	0	-1042.69	0	-1265.84	0	-1036.69	0
-913.463	0	-1408.19	0	-589.353	0	-1779.35	0	-887.82	0	-953.236	0	-1137.97	0	-1397.55	0	-1085.33	0	-603.712	0	-1757.36	0	-1046.14	0	-1375.02	0	-962.125	0	-1496.4	0	-1022.86	0	-881.243	0	-459.371	0	-550.091	0	-1025.63	0	-885.014	0	-785.409	0	-1042.7	0	-1265.84	0	-1038.85	0
-913.463	0	-1408.19	0	-589.353	0	-1779.35	0	-887.82	0	-953.25	0	-1137.97	0	-1397.55	0	-1085.33	0	-603.712	0	-1757.36	0	-1046.14	0	-1375.02	0	-962.131	0	-1496.4	0	-1022.89	0	-881.243	0	-459.371	0	-550.091	0	-1025.63	0	-885.155	0	-785.412	0	-1042.7	0	-1265.84	0	-1038.85	0
-913.463	0	-1408.19	0	-589.353	0	-1779.35	0	-887.82	0	-953.273	0	-1137.97	0	-1397.55	0	-1085.34	0	-603.712	0	-1757.36	0	-1046.34	0	-1375.02	0	-962.141	0	-1496.4	0	-1022.9	0	-881.243	0	-459.371	0	-550.091	0	-1025.63	0	-885.155	0	-785.412	0	-1042.71	0	-1265.84	0	-1038.85	0
-913.463	0	-1408.19	0	-589.353	0	-1779.35	0	-887.82	0	-953.275	0	-1137.97	0	-1397.55	0	-1085.35	0	-603.712	0	-1757.36	0	-1046.34	0	-1375.02	0	-962.162	0	-1496.4	0	-1022.91	0	-881.243	0	-459.371	0	-550.091	0	-1025.63	0	-885.317	0	-785.414	0	-1042.72	0	-1265.84	0	-1038.85	0
-913.463	0	-1408.19	0	-589.353	0	-1779.35	0	-887.82	0	-953.284	0	-1137.97	0	-1397.55	0	-1085.36	0	-603.712	0	-1757.36	0	-1046.65	0	-1380.51	0	-962.171	0	-1496.4	0	-1022.93	0	-881.243	0	-459.371	0	-550.091	0	-1025.64	0	-885.317	0	-785.414	0	-1042.72	0	-1265.84	0	-1038.85	0
-913.463	0	-1408.19	0	-589.353	0	-1779.35	0	-887.82	0	-953.297	0	-1137.97	0	-1397.55	0	-1085.37	0	-603.712	0	-1757.36	0	-1046.65	0	-1380.51	0	-962.171	0	-1496.4	0	-1022.97	0	-881.243	0	-459.371	0	-550.091	0	-1025.64	0	-885.415	0	-785.416	0	-1042.72	0	-1265.84	0	-1038.85	0
-913.463	0	-1408.19	0	-589.353	0	-1779.37	0	-887.82	0	-953.308	0	-1137.97	0	-1397.55	0	-1085.38	0	-603.712	0	-1757.36	0	-1046.65	0	-1380.51	0	-962.18	0	-1496.4	0	-1023	0	-881.243	0	-459.371	0	-550.091	0	-1025.64	0	-885.415	0	-785.417	0	-1042.73	0	-1265.84	0	-1038.92	0
-913.463	0	-1408.19	0	-589.353	0	-1779.37	0	-887.82	0	-953.32	0	-1137.97	0	-1397.55	0	-1085.39	0	-603.712	0	-1757.36	0	-1046.65	0	-1380.51	0	-962.186	0	-1496.4	0	-1023.04	0	-881.243	0	-459.371	0	-550.091	0	-1025.64	0	-885.715	0	-785.418	0	-1042.74	0	-1265.84	0	-1038.92	0
-913.463	0	-1408.19	0	-589.353	0	-1779.37	0	-887.82	0	-953.329	0	-1137.97	0	-1397.55	0	-1085.4	0	-603.712	0	-1757.36	0	-1046.65	0	-1380.51	0	-962.197	0	-1496.4	0	-1023.06	0	-881.243	0	-459.371	0	-550.091	0	-1025.65	0	-885.715	0	-785.419	0	-1042.74	0	-1265.84	0	-1038.92	0
-913.463	0	-1408.19	0	-589.353	0	-1779.37	0	-887.82	0	-953.342	0	-1137.97	0	-1397.55	0	-1085.4	0	-603.712	0	-1757.36	0	-1046.65	0	-1380.51	0	-962.223	0	-1496.4	0	-1023.08	0	-881.243	0	-459.371	0	-550.091	0	-1025.65	0	-885.715	0	-785.422	0	-1042.75	0	-1265.84	0	-1038.92	0
-913.463	0	-1408.19	0	-589.353	0	-1779.37	0	-887.82	0	-953.35	0	-1137.97	0	-1397.55	0	-1085.41	0	-604.509	0	-1757.36	0	-1046.74	0	-1380.51	0	-962.228	0	-1496.4	0	-1023.1	0	-881.243	0	-459.371	0	-550.091	0	-1025.65	0	-885.715	0	-785.423	0	-1042.75	0	-1265.84	0	-1038.92	0
-913.463	0	-1408.19	0	-589.353	0	-1779.37	0	-887.82	0	-953.357	0	-1137.97	0	-1397.55	0	-1085.42	0	-604.509	0	-1757.36	0	-1046.74	0	-1380.51	0	-962.246	0	-1496.4	0	-1023.12	0	-881.243	0	-391.917	0	-550.091	0	-1025.65	0	-885.715	0	-785.424	0	-1042.76	0	-1265.84	0	-1038.92	0
-913.463	0	-1408.19	0	-589.353	0	-1779.37	0	-887.82	0	-953.364	0	-1148.85	0	-1397.55	0	-1085.42	0	-604.509	0	-1757.36	0	-1046.74	0	-1380.51	0	-962.259	0	-1496.4	0	-1023.12	0	-881.243	0	-391.917	0	-550.091	0	-1025.65	0	-885.715	0	-785.425	0	-1042.76	0	-1536.87	0	-1039.94	0
-913.463	0	-1408.19	0	-589.353	0	-1779.37	0	-887.82	0	-953.384	0	-1148.85	0	-1397.55	0	-1085.43	0	-604.509	0	-1757.36	0	-1046.79	0	-1380.51	0	-962.274	0	-1496.4	0	-1023.13	0	-881.243	0	-391.917	0	-550.091	0	-1025.66	0	-886.076	0	-785.426	0	-1042.77	0	-1536.87	0	-1039.94	0
-913.463	0	-1408.19	0	-589.353	0	-1779.37	0	-887.82	0	-953.408	0	-1148.85	0	-1397.55	0	-1085.45	0	-604.509	0	-1757.36	0	-1046.79	0	-1380.51	0	-962.281	0	-1496.4	0	-1023.15	0	-881.243	0	-391.917	0	-550.091	0	-1025.66	0	-886.076	0	-785.427	0	-1042.77	0	-1536.87	0	-1039.94	0
-913.463	0	-1408.19	0	-589.353	0	-1779.48	0	-887.82	0	-953.412	0	-1148.85	0	-1397.55	0	-1085.46	0	-604.509	0	-1757.36	0	-1046.79	0	-1380.51	0	-962.288	0	-1496.4	0	-1023.16	0	-881.243	0	-391.917	0	-550.091	0	-1025.66	0	-886.076	0	-785.429	0	-1042.78	0	-1536.87	0	-1039.94	0
-913.463	0	-1408.19	0	-589.353	0	-1779.48	0	-887.82	0	-953.426	0	-1148.85	0	-1397.55	0	-1085.47	0	-604.509	0	-1757.36	0	-1046.79	0	-1380.51	0	-962.292	0	-1496.4	0	-1023.19	0	-881.243	0	-391.917	0	-550.091	0	-1025.68	0	-886.076	0	-785.431	0	-1042.79	0	-1536.87	0	-1039.94	0
-913.463	0	-1408.19	0	-589.353	0	-1779.48	0	-887.82	0	-953.435	0	-1148.85	0	-1397.55	0	-1085.5	0	-604.509	0	-1757.36	0	-1046.79	0	-1380.51	0	-962.304	0	-1496.4	0	-1023.21	0	-881.243	0	-391.917	0	-550.091	0	-1025.7	0	-886.261	0	-785.434	0	-1042.79	0	-1542.14	0	-1039.94	0
-913.463	0	-1408.19	0	-589.353	0	-1779.48	0	-887.82	0	-953.447	0	-1148.85	0	-1397.55	0	-1085.5	0	-604.509	0	-1757.36	0	-1046.91	0	-1380.51	0	-962.323	0	-1496.4	0	-1023.23	0	-881.243	0	-391.917	0	-550.091	0	-1025.71	0	-886.261	0	-785.435	0	-1042.8	0	-1542.14	0	-1039.94	0
-913.463	0	-1408.19	0	-589.353	0	-1779.48	0	-887.82	0	-953.455	0	-1148.85	0	-1397.55	0	-1085.5	0	-604.509	0	-1757.36	0	-1046.91	0	-1380.51	0	-962.339	0	-1496.4	0	-1023.24	0	-881.243	0	-391.917	0	-550.091	0	-1025.71	0	-886.261	0	-785.436	0	-1042.8	0	-1542.14	0	-1040.39	0
-913.463	0	-1408.19	0	-589.353	0	-1779.48	0	-887.82	0	-953.462	0	-1148.85	0	-1397.55	0	-1085.52	0	-604.509	0	-1757.36	0	-1046.91	0	-1380.51	0	-962.366	0	-1496.4	0	-1023.27	0	-881.243	0	-391.917	0	-550.091	0	-1025.72	0	-886.537	0	-785.439	0	-1042.8	0	-1542.14	0	-1041.3	0
-913.463	0	-1408.19	0	-589.353	0	-1779.48	0	-887.82	0	-953.481	0	-1148.85	0	-1397.55	0	-1085.55	0	-604.509	0	-1757.36	0	-1046.91	0	-1380.51	0	-962.377	0	-1496.4	0	-1023.29	0	-881.243	0	-391.917	0	-550.091	0	-1025.72	0	-886.537	0	-785.44	0	-1042.8	0	-1542.14	0	-1041.3	0
-913.463	0	-1408.19	0	-589.353	0	-1779.48	0	-887.82	0	-953.49	0	-1148.85	0	-1397.55	0	-1085.55	0	-604.509	0	-1757.36	0	-1047.03	0	-1380.51	0	-962.39	0	-1496.4	0	-1023.3	0	-881.243	0	-391.917	0	-550.091	0	-1025.72	0	-886.537	0	-785.442	0	-1042.81	0	-1542.14	0	-1041.3	0
-913.463	0	-1408.19	0	-589.353	0	-1779.48	0	-887.82	0	-953.5	0	-1148.85	0	-1397.55	0	-1085.55	0	-604.509	0	-1757.36	0	-1047.03	0	-1380.51	0	-962.415	0	-1496.4	0	-1023.32	0	-881.243	0	-391.917	0	-550.091	0	-1025.73	0	-886.742	0	-785.444	0	-1042.81	0	-1542.14	0	-1041.3	0
-913.463	0	-1408.19	0	-589.353	0	-1779.48	0	-887.82	0	-953.501	0	-1148.85	0	-1397.55	0	-1085.57	0	-604.509	0	-1757.36	0	-1047.18	0	-1380.51	0	-962.434	0	-1496.4	0	-1023.33	0	-881.243	0	-391.917	0	-550.091	0	-1025.73	0	-886.746	0	-785.446	0	-1042.82	0	-1542.14	0	-1041.3	0
-913.463	0	-1408.19	0	-589.353	0	-1779.48	0	-887.82	0	-953.511	0	-1154.54	0	-1397.55	0	-1085.58	0	-604.509	0	-1757.36	0	-1047.18	0	-1380.51	0	-962.451	0	-1496.4	0	-1023.35	0	-881.243	0	-391.917	0	-550.091	0	-1025.74	0	-886.746	0	-785.448	0	-1042.82	0	-1542.14	0	-1041.3	0
-913.463	0	-1408.19	0	-589.353	0	-1779.48	0	-887.82	0	-953.525	0	-1154.54	0	-1397.55	0	-1085.6	0	-604.509	0	-1757.36	0	-1047.18	0	-1380.51	0	-962.463	0	-1496.4	0	-1023.36	0	-881.243	0	-391.917	0	-550.091	0	-1025.74	0	-887.004	0	-785.449	0	-1042.82	0	-1542.14	0	-1041.3	0
-913.463	0	-1408.19	0	-589.353	0	-1779.48	0	-887.82	0	-953.545	0	-1154.54	0	-1397.55	0	-1085.61	0	-604.509	0	-1757.36	0	-1047.23	0	-1380.51	0	-962.471	0	-1496.4	0	-1023.38	0	-881.243	0	-391.917	0	-550.091	0	-1025.74	0	-887.004	0	-785.452	0	-1042.82	0	-1542.14	0	-1041.3	0
-913.463	0	-1408.19	0	-589.353	0	-1779.48	0	-887.82	0	-953.555	0	-1154.54	0	-1397.55	0	-1085.67	0	-604.509	0	-1757.36	0	-1047.23	0	-1380.51	0	-962.493	0	-1496.4	0	-1023.38	0	-881.243	0	-391.917	0	-550.091	0	-1025.75	0	-887.004	0	-785.453	0	-1042.82	0	-1542.14	0	-1041.3	0
-913.463	0	-1408.19	0	-589.353	0	-1779.48	0	-887.82	0	-953.574	0	-1154.54	0	-1397.55	0	-1085.7	0	-604.509	0	-1757.36	0	-1047.45	0	-1380.51	0	-962.512	0	-1496.4	0	-1023.39	0	-881.243	0	-391.917	0	-550.091	0	-1025.75	0	-887.004	0	-785.454	0	-1042.82	0	-1542.28	0	-1041.99	0
-913.463	0	-1408.19	0	-589.353	0	-1779.48	0	-887.82	0	-953.601	0	-1154.54	0	-1397.55	0	-1085.74	0	-604.509	0	-1757.36	0	-1047.45	0	-1380.51	0	-962.519	0	-1496.4	0	-1023.4	0	-881.243	0	-391.917	0	-550.091	0	-1025.75	0	-887.004	0	-785.457	0	-1042.82	0	-1542.28	0	-1041.99	0
-913.463	0	-1408.19	0	-589.353	0	-1779.48	0	-887.82	0	-953.613	0	-1154.54	0	-1397.55	0	-1085.77	0	-604.509	0	-1757.36	0	-1047.45	0	-1380.51	0	-962.53	0	-1496.4	0	-1023.41	0	-881.243	0	-391.917	0	-550.091	0	-1025.76	0	-887.053	0	-785.458	0	-1042.83	0	-1542.28	0	-1042.43	0
-913.463	0	-1408.19	0	-589.353	0	-1779.48	0	-887.82	0	-953.631	0	-1154.54	0	-1397.55	0	-1085.8	0	-604.509	0	-1757.36	0	-1047.51	0	-1380.51	0	-962.534	0	-1496.4	0	-1023.44	0	-881.243	0	-391.917	0	-550.091	0	-1025.76	0	-887.135	0	-785.46	0	-1042.83	0	-1542.28	0	-1042.43	0
-913.463	0	-1408.19	0	-589.353	0	-1779.48	0	-887.82	0	-953.642	0	-1154.54	0	-1397.55	0	-1085.84	0	-604.509	0	-1757.36	0	-1047.57	0	-1380.51	0	-962.548	0	-1496.4	0	-1023.46	0	-881.243	0	-391.917	0	-550.091	0	-1025.76	0	-887.135	0	-785.46	0	-1042.84	0	-1542.28	0	-1042.43	0
-913.463	0	-1408.19	0	-589.353	0	-1779.48	0	-887.82	0	-953.662	0	-1154.54	0	-1397.55	0	-1085.87	0	-604.509	0	-1757.36	0	-1047.57	0	-1380.51	0	-962.561	0	-1496.4	0	-1023.49	0	-881.243	0	-391.917	0	-550.091	0	-1025.77	0	-887.135	0	-785.461	0	-1042.85	0	-1542.28	0	-1042.43	0
-913.463	0	-1408.19	0	-589.353	0	-1779.48	0	-887.82	0	-953.676	0	-1154.54	0	-1397.55	0	-1085.88	0	-604.509	0	-1757.36	0	-1047.71	0	-1380.51	0	-962.561	0	-1496.4	0	-1023.52	0	-881.243	0	-391.917	0	-550.091	0	-1025.77	0	-887.135	0	-785.463	0	-1042.86	0	-1542.28	0	-1042.63	0
-913.463	0	-1408.19	0	-589.353	0	-1779.48	0	-887.82	0	-953.689	0	-1154.54	0	-1397.55	0	-1085.92	0	-604.654	0	-1757.36	0	-1047.97	0	-1380.51	0	-962.571	0	-1496.4	0	-1023.56	0	-881.243	0	-391.917	0	-550.091	0	-1025.77	0	-887.37	0	-785.464	0	-1042.87	0	-1542.28	0	-1042.63	0
-913.463	0	-1408.19	0	-589.353	0	-1779.48	0	-887.82	0	-953.707	0	-1154.54	0	-1397.55	0	-1085.93	0	-604.654	0	-1757.36	0	-1047.97	0	-1380.51	0	-962.581	0	-1496.4	0	-1023.6	0	-881.243	0	-391.917	0	-550.091	0	-1025.78	0	-887.574	0	-785.466	0	-1042.89	0	-1542.28	0	-1042.63	0
-913.463	0	-1408.19	0	-589.353	0	-1779.48	0	-887.82	0	-953.725	0	-1161.09	0	-1397.55	0	-1085.93	0	-604.654	0	-1757.36	0	-1047.97	0	-1380.51	0	-962.59	0	-1496.4	0	-1023.64	0	-881.243	0	-391.917	0	-550.091	0	-1025.78	0	-887.574	0	-785.467	0	-1042.9	0	-1542.28	0	-1042.74	0
-913.463	0	-1408.19	0	-589.353	0	-1779.49	0	-887.82	0	-953.736	0	-1161.09	0	-1397.86	0	-1085.95	0	-604.654	0	-1757.36	0	-1047.97	0	-1380.51	0	-962.599	0	-1496.4	0	-1023.66	0	-881.243	0	-391.917	0	-550.091	0	-1025.78	0	-887.574	0	-785.468	0	-1042.91	0	-1542.28	0	-1043.07	0
-913.463	0	-1408.19	0	-589.353	0	-1779.49	0	-887.82	0	-953.75	0	-1161.09	0	-1397.86	0	-1085.96	0	-604.654	0	-1757.36	0	-1047.97	0	-1380.51	0	-962.606	0	-1496.4	0	-1023.72	0	-881.243	0	-391.917	0	-550.091	0	-1025.79	0	-887.574	0	-785.469	0	-1042.94	0	-1542.48	0	-1043.07	0
-921.507	0	-1408.19	0	-589.353	0	-1779.49	0	-886.571	0	-953.765	0	-1161.09	0	-1397.86	0	-1085.97	0	-604.654	0	-1757.36	0	-1048.11	0	-1380.51	0	-962.619	0	-1496.4	0	-1023.78	0	-881.243	0	-391.917	0	-550.091	0	-1025.79	0	-887.574	0	-785.47	0	-1042.95	0	-1542.48	0	-1043.07	0
-921.507	0	-1408.19	0	-589.353	0	-1779.49	0	-886.571	0	-953.778	0	-1161.09	0	-1397.86	0	-1085.98	0	-604.654	0	-1757.36	0	-1048.11	0	-1383.32	0	-962.63	0	-1496.4	0	-1023.83	0	-881.243	0	-391.917	0	-550.091	0	-1025.79	0	-887.574	0	-785.472	0	-1042.95	0	-1542.48	0	-1043.51	0
-921.507	0	-1408.19	0	-589.353	0	-1779.49	0	-886.571	0	-953.791	0	-1161.09	0	-1397.86	0	-1085.98	0	-604.654	0	-1757.36	0	-1048.11	0	-1383.32	0	-962.639	0	-1496.4	0	-1023.86	0	-881.243	0	-391.917	0	-550.091	0	-1025.79	0	-887.653	0	-785.472	0	-1042.96	0	-1542.48	0	-1043.51	0
-921.507	0	-1408.19	0	-589.353	0	-1779.49	0	-886.571	0	-953.806	0	-1161.09	0	-1397.86	0	-1085.98	0	-604.654	0	-1757.36	0	-1048.11	0	-1383.32	0	-962.647	0	-1496.4	0	-1023.89	0	-881.243	0	-391.917	0	-550.091	0	-1025.79	0	-887.653	0	-785.473	0	-1042.98	0	-1542.56	0	-1043.51	0
-921.507	0	-1408.19	0	-589.353	0	-1779.49	0	-886.571	0	-953.816	0	-1161.09	0	-1397.86	0	-1085.99	0	-604.654	0	-1757.36	0	-1048.11	0	-1383.32	0	-962.656	0	-1496.4	0	-1023.9	0	-881.243	0	-391.917	0	-550.091	0	-1025.8	0	-887.654	0	-785.474	0	-1042.99	0	-1542.56	0	-1043.51	0
-921.507	0	-1408.19	0	-589.353	0	-1779.5	0	-886.571	0	-953.829	0	-1161.09	0	-1397.86	0	-1085.99	0	-604.654	0	-1757.36	0	-1048.11	0	-1383.32	0	-962.658	0	-1496.4	0	-1023.92	0	-881.243	0	-391.917	0	-550.091	0	-1025.8	0	-887.809	0	-785.475	0	-1043.02	0	-1542.56	0	-1043.51	0
-921.507	0	-1408.19	0	-589.353	0	-1779.5	0	-886.571	0	-953.833	0	-1161.09	0	-1397.86	0	-1086	0	-604.654	0	-1757.36	0	-1048.11	0	-1383.32	0	-962.672	0	-1496.4	0	-1023.95	0	-881.243	0	-391.917	0	-550.091	0	-1025.8	0	-887.828	0	-785.475	0	-1043.05	0	-1542.56	0	-1043.83	0
-921.507	0	-1408.19	0	-589.353	0	-1779.5	0	-886.571	0	-953.844	0	-1161.09	0	-1397.86	0	-1086	0	-604.654	0	-1745.24	0	-1048.36	0	-1383.32	0	-962.679	0	-1496.4	0	-1023.95	0	-881.243	0	-391.917	0	-550.091	0	-1025.81	0	-887.828	0	-785.476	0	-1043.07	0	-1542.56	0	-1043.83	0
-921.507	0	-1408.19	0	-589.353	0	-1779.5	0	-886.571	0	-953.847	0	-1161.09	0	-1397.86	0	-1086.01	0	-604.654	0	-1745.24	0	-1048.36	0	-1383.32	0	-962.688	0	-1496.4	0	-1023.96	0	-881.243	0	-391.917	0	-550.091	0	-1025.81	0	-887.828	0	-785.476	0	-1043.09	0	-1542.56	0	-1043.83	0
-921.507	0	-1408.19	0	-589.353	0	-1779.5	0	-886.571	0	-953.858	0	-1161.09	0	-1397.86	0	-1086.01	0	-604.654	0	-1745.24	0	-1048.36	0	-1383.32	0	-962.695	0	-1496.4	0	-1023.99	0	-881.243	0	-391.917	0	-550.091	0	-1025.81	0	-887.983	0	-785.478	0	-1043.12	0	-1542.56	0	-1043.83	0
-921.507	0	-1408.19	0	-589.353	0	-1779.5	0	-886.571	0	-953.872	0	-1161.09	0	-1397.86	0	-1086.01	0	-604.784	0	-1745.24	0	-1048.36	0	-1383.32	0	-962.725	0	-1496.4	0	-1024.01	0	-881.243	0	-391.917	0	-550.091	0	-1025.82	0	-887.983	0	-785.48	0	-1043.15	0	-1542.56	0	-1043.83	0
-921.507	0	-1408.19	0	-589.353	0	-1779.52	0	-886.571	0	-953.88	0	-1161.09	0	-1397.86	0	-1086.01	0	-604.784	0	-1745.24	0	-1048.36	0	-1383.32	0	-962.75	0	-1496.4	0	-1024.02	0	-881.243	0	-391.917	0	-550.091	0	-1025.82	0	-887.983	0	-785.482	0	-1043.18	0	-1542.62	0	-1043.83	0
-921.507	0	-1408.19	0	-589.353	0	-1779.52	0	-886.571	0	-953.888	0	-1161.09	0	-1397.86	0	-1086.02	0	-604.784	0	-1745.24	0	-1048.36	0	-1383.32	0	-962.802	0	-1496.4	0	-1024.05	0	-881.243	0	-391.917	0	-550.091	0	-1025.83	0	-888.168	0	-785.483	0	-1043.19	0	-1542.62	0	-1043.83	0
-921.507	0	-1408.19	0	-589.353	0	-1779.52	0	-886.571	0	-953.899	0	-1161.09	0	-1397.86	0	-1086.02	0	-604.861	0	-1745.24	0	-1048.36	0	-1383.32	0	-962.845	0	-1496.4	0	-1024.05	0	-881.243	0	-391.917	0	-550.091	0	-1025.83	0	-888.171	0	-785.483	0	-1043.23	0	-1542.79	0	-1043.93	0
-921.507	0	-1408.19	0	-589.353	0	-1779.54	0	-886.571	0	-953.911	0	-1161.09	0	-1397.86	0	-1086.03	0	-604.865	0	-1745.24	0	-1048.36	0	-1383.32	0	-962.901	0	-1496.4	0	-1024.06	0	-881.243	0	-391.917	0	-550.091	0	-1025.83	0	-888.171	0	-785.485	0	-1043.24	0	-1542.79	0	-1043.93	0
-921.507	0	-1408.19	0	-589.353	0	-1779.54	0	-886.571	0	-953.923	0	-1161.09	0	-1397.86	0	-1086.04	0	-604.865	0	-1745.24	0	-1048.36	0	-1383.32	0	-962.918	0	-1496.4	0	-1024.07	0	-881.243	0	-408.173	0	-550.091	0	-1025.84	0	-888.291	0	-785.486	0	-1043.26	0	-1542.79	0	-1043.96	0
-923.152	0	-1408.19	0	-589.353	0	-1779.54	0	-886.571	0	-953.929	0	-1161.09	0	-1397.86	0	-1086.05	0	-604.865	0	-1745.24	0	-1048.36	0	-1383.32	0	-962.945	0	-1496.4	0	-1024.08	0	-881.243	0	-408.173	0	-550.091	0	-1025.84	0	-888.616	0	-785.487	0	-1043.27	0	-1542.88	0	-1043.96	0
-923.152	0	-1408.19	0	-589.353	0	-1779.54	0	-886.571	0	-953.938	0	-1161.09	0	-1397.86	0	-1086.06	0	-604.865	0	-1745.24	0	-1048.36	0	-1383.32	0	-962.979	0	-1496.4	0	-1024.1	0	-898.694	0	-408.173	0	-550.091	0	-1025.84	0	-888.616	0	-785.488	0	-1043.29	0	-1543.07	0	-1043.96	0
-923.152	0	-1408.19	0	-589.353	0	-1779.54	0	-886.571	0	-953.949	0	-1161.09	0	-1397.86	0	-1086.07	0	-604.936	0	-1745.24	0	-1048.36	0	-1383.32	0	-963.01	0	-1496.4	0	-1024.11	0	-898.694	0	-408.173	0	-550.091	0	-1025.85	0	-888.616	0	-785.489	0	-1043.3	0	-1543.07	0	-1044	0
-923.152	0	-1408.19	0	-589.353	0	-1779.54	0	-886.571	0	-953.954	0	-1161.09	0	-1397.86	0	-1086.07	0	-604.936	0	-1745.24	0	-1048.43	0	-1383.32	0	-963.032	0	-1496.4	0	-1024.13	0	-898.694	0	-408.173	0	-550.091	0	-1025.85	0	-888.616	0	-785.489	0	-1043.3	0	-1543.07	0	-1044	0
-923.942	0	-2317.94	0	-589.353	0	-1779.54	0	-886.571	0	-953.954	0	-1161.09	0	-1397.86	0	-1086.08	0	-604.936	0	-1745.24	0	-1048.43	0	-1383.32	0	-963.04	0	-1496.4	0	-1024.17	0	-898.694	0	-408.173	0	-550.091	0	-1025.85	0	-888.616	0	-785.49	0	-1043.32	0	-1543.49	0	-1044.22	0
-923.942	0	-2317.94	0	-589.353	0	-1779.54	0	-886.571	0	-953.963	0	-1161.09	0	-1397.86	0	-1086.09	0	-605.051	0	-1745.24	0	-1048.53	0	-1383.32	0	-963.088	0	-1496.4	0	-1024.19	0	-898.694	0	-408.173	0	-550.091	0	-1025.86	0	-888.616	0	-785.491	0	-1043.34	0	-1543.62	0	-1044.22	0
-923.942	0	-2317.94	0	-625.211	0	-1779.54	0	-886.571	0	-953.981	0	-1161.09	0	-1397.86	0	-1086.11	0	-605.051	0	-1745.24	0	-1048.53	0	-1383.32	0	-963.128	0	-1496.4	0	-1024.21	0	-898.694	0	-408.173	0	-550.091	0	-1025.86	0	-888.747	0	-785.491	0	-1043.35	0	-1543.62	0	-1044.22	0
-923.942	0	-2317.94	0	-625.211	0	-1779.54	0	-886.571	0	-953.987	0	-1161.09	0	-1398.14	0	-1086.11	0	-605.051	0	-1745.24	0	-1048.6	0	-1383.32	0	-963.138	0	-1496.4	0	-1024.23	0	-898.694	0	-408.173	0	-550.091	0	-1025.86	0	-888.784	0	-785.492	0	-1043.36	0	-1543.62	0	-1044.22	0
-923.942	0	-2317.94	0	-625.211	0	-1779.61	0	-886.571	0	-953.996	0	-1161.09	0	-1398.14	0	-1086.12	0	-605.051	0	-1745.24	0	-1048.6	0	-1383.32	0	-963.153	0	-1496.4	0	-1024.23	0	-898.694	0	-408.173	0	-550.091	0	-1025.87	0	-888.901	0	-785.492	0	-1043.4	0	-1543.62	0	-1044.22	0
-923.942	0	-2317.94	0	-625.211	0	-1779.61	0	-887.153	0	-954.011	0	-1161.09	0	-1398.14	0	-1086.12	0	-605.051	0	-1745.24	0	-1048.6	0	-1383.32	0	-963.178	0	-1496.4	0	-1024.24	0	-898.694	0	-408.173	0	-550.091	0	-1025.87	0	-889.062	0	-785.493	0	-1043.41	0	-1543.62	0	-1044.22	0
-925.87	0	-2317.94	0	-625.211	0	-1779.61	0	-887.153	0	-954.021	0	-1161.09	0	-1398.14	0	-1086.13	0	-605.051	0	-1745.24	0	-1048.6	0	-1383.32	0	-963.195	0	-1496.4	0	-1024.26	0	-898.694	0	-408.173	0	-550.091	0	-1025.87	0	-889.467	0	-785.494	0	-1043.44	0	-1543.62	0	-1044.22	0
-925.87	0	-2317.94	0	-625.211	0	-1779.61	0	-887.153	0	-954.032	0	-1162.27	0	-1398.14	0	-1086.13	0	-605.051	0	-1745.24	0	-1048.68	0	-1383.32	0	-963.198	0	-1487.77	0	-1024.26	0	-898.694	0	-408.173	0	-550.091	0	-1025.88	0	-889.467	0	-785.494	0	-1043.46	0	-1543.62	0	-1044.27	0
-925.87	0	-2317.94	0	-625.211	0	-1779.61	0	-887.153	0	-954.063	0	-1162.27	0	-1398.14	0	-1086.14	0	-605.051	0	-1745.24	0	-1048.97	0	-1383.32	0	-963.217	0	-1487.77	0	-1024.27	0	-898.694	0	-408.173	0	-550.091	0	-1025.88	0	-889.467	0	-785.495	0	-1043.48	0	-1543.71	0	-1044.27	0
-925.87	0	-2317.94	0	-625.211	0	-1779.61	0	-887.153	0	-954.095	0	-1162.27	0	-1398.14	0	-1086.15	0	-605.051	0	-1745.24	0	-1048.97	0	-1383.32	0	-963.228	0	-1487.77	0	-1024.28	0	-898.694	0	-408.173	0	-550.091	0	-1025.89	0	-889.608	0	-785.495	0	-1043.5	0	-1543.71	0	-1044.4	0
-925.87	0	-2317.94	0	-625.211	0	-1779.61	0	-887.153	0	-954.105	0	-1162.27	0	-1398.14	0	-1086.15	0	-605.051	0	-1745.24	0	-1048.97	0	-1383.32	0	-963.236	0	-1487.77	0	-1024.29	0	-898.694	0	-408.173	0	-550.091	0	-1025.89	0	-889.959	0	-785.496	0	-1043.5	0	-1543.71	0	-1044.4	0
-925.87	0	-2317.94	0	-625.211	0	-1779.61	0	-887.153	0	-954.122	0	-1162.27	0	-1398.14	0	-1086.15	0	-605.051	0	-1745.24	0	-1048.97	0	-1383.32	0	-963.249	0	-1487.77	0	-1024.3	0	-898.694	0	-408.173	0	-550.091	0	-1025.89	0	-890.069	0	-785.497	0	-1043.52	0	-1543.71	0	-1044.4	0
-925.87	0	-2317.94	0	-625.211	0	-1779.61	0	-887.153	0	-954.133	0	-1162.27	0	-1398.14	0	-1086.16	0	-605.051	0	-1745.24	0	-1048.97	0	-1383.32	0	-963.255	0	-1487.77	0	-1024.31	0	-898.694	0	-408.173	0	-550.091	0	-1025.89	0	-890.341	0	-785.498	0	-1043.54	0	-1543.71	0	-1044.4	0
-925.87	0	-2317.94	0	-625.211	0	-1779.61	0	-887.153	0	-954.141	0	-1162.27	0	-1398.14	0	-1086.17	0	-605.051	0	-1745.24	0	-1049.02	0	-1383.32	0	-963.267	0	-1487.77	0	-1024.31	0	-898.694	0	-408.173	0	-550.091	0	-1025.9	0	-890.501	0	-785.499	0	-1043.56	0	-1543.71	0	-1044.4	0
-925.87	0	-2317.94	0	-625.211	0	-1779.61	0	-887.153	0	-954.149	0	-1162.27	0	-1398.14	0	-1086.17	0	-605.051	0	-1745.24	0	-1049.02	0	-1383.32	0	-963.273	0	-1487.77	0	-1024.33	0	-898.694	0	-408.173	0	-550.091	0	-1025.9	0	-890.588	0	-785.501	0	-1043.59	0	-1543.81	0	-1044.5	0
-925.963	0	-2317.94	0	-625.211	0	-1779.61	0	-887.153	0	-954.161	0	-1162.27	0	-1398.14	0	-1086.19	0	-605.051	0	-1745.24	0	-1049.14	0	-1383.32	0	-963.279	0	-1487.77	0	-1024.35	0	-907.179	0	-408.173	0	-550.091	0	-1025.9	0	-890.691	0	-785.501	0	-1043.62	0	-1543.81	0	-1044.51	0
-925.963	0	-2317.94	0	-625.211	0	-1779.61	0	-887.153	0	-954.181	0	-1162.27	0	-1398.14	0	-1086.19	0	-605.051	0	-1745.24	0	-1049.16	0	-1383.32	0	-963.289	0	-1487.77	0	-1024.38	0	-907.179	0	-408.173	0	-550.091	0	-1025.9	0	-891.037	0	-785.503	0	-1043.64	0	-1543.81	0	-1044.58	0
-925.963	0	-2317.94	0	-625.211	0	-1779.61	0	-887.153	0	-954.196	0	-1162.27	0	-1398.14	0	-1086.2	0	-605.051	0	-1745.24	0	-1049.21	0	-1383.32	0	-963.298	0	-1487.77	0	-1024.42	0	-907.179	0	-408.173	0	-550.091	0	-1025.9	0	-891.037	0	-785.503	0	-1043.65	0	-1543.81	0	-1044.58	0
-926.081	0	-2317.94	0	-625.211	0	-1779.61	0	-887.153	0	-954.207	0	-1162.27	0	-1398.14	0	-1086.21	0	-605.051	0	-1745.24	0	-1049.25	0	-1383.32	0	-963.304	0	-1487.77	0	-1024.44	0	-907.179	0	-408.173	0	-550.091	0	-1025.91	0	-891.229	0	-785.504	0	-1043.66	0	-1543.81	0	-1044.58	0
-926.081	0	-2317.94	0	-625.211	0	-1779.61	0	-887.153	0	-954.223	0	-1162.27	0	-1398.14	0	-1086.22	0	-605.051	0	-1745.24	0	-1049.25	0	-1383.32	0	-963.314	0	-1487.77	0	-1024.46	0	-907.179	0	-408.173	0	-550.091	0	-1025.91	0	-891.413	0	-785.505	0	-1043.67	0	-1543.81	0	-1044.58	0
-926.081	0	-2317.94	0	-625.211	0	-1779.61	0	-887.153	0	-954.234	0	-1162.27	0	-1398.14	0	-1086.24	0	-605.051	0	-1745.24	0	-1049.41	0	-1383.32	0	-963.326	0	-1487.77	0	-1024.49	0	-907.179	0	-408.173	0	-550.091	0	-1025.91	0	-891.628	0	-785.506	0	-1043.68	0	-1543.81	0	-1044.66	0
-926.081	0	-2317.94	0	-625.211	0	-1779.61	0	-887.153	0	-954.256	0	-1162.27	0	-1398.14	0	-1086.26	0	-605.051	0	-1745.24	0	-1049.48	0	-1383.32	0	-963.332	0	-1487.77	0	-1024.55	0	-907.179	0	-408.173	0	-550.091	0	-1025.92	0	-891.938	0	-785.508	0	-1043.69	0	-1543.81	0	-1044.68	0
-926.081	0	-2317.94	0	-625.211	0	-1779.61	0	-887.153	0	-954.264	0	-1162.27	0	-1398.14	0	-1086.28	0	-605.051	0	-1745.24	0	-1049.48	0	-1383.32	0	-963.342	0	-1487.77	0	-1024.57	0	-907.179	0	-408.173	0	-550.091	0	-1025.92	0	-892.02	0	-785.509	0	-1043.7	0	-1543.84	0	-1044.73	0
-926.081	0	-2317.94	0	-625.211	0	-1779.61	0	-887.153	0	-954.279	0	-1162.27	0	-1398.14	0	-1086.3	0	-605.051	0	-1745.24	0	-1049.5	0	-1383.32	0	-963.361	0	-1487.77	0	-1024.57	0	-907.179	0	-408.173	0	-550.091	0	-1025.92	0	-892.134	0	-785.511	0	-1043.72	0	-1543.96	0	-1044.8	0
-926.612	0	-2317.94	0	-625.211	0	-1779.61	0	-887.153	0	-954.3	0	-1162.27	0	-1398.14	0	-1086.3	0	-605.051	0	-1745.24	0	-1049.53	0	-1383.32	0	-963.396	0	-1487.77	0	-1024.59	0	-907.179	0	-408.173	0	-550.091	0	-1025.92	0	-892.297	0	-785.512	0	-1043.75	0	-1543.96	0	-1044.84	0
-926.612	0	-2317.94	0	-625.211	0	-1779.61	0	-887.153	0	-954.313	0	-1162.27	0	-1398.14	0	-1086.32	0	-605.051	0	-1745.24	0	-1049.54	0	-1383.32	0	-963.413	0	-1487.77	0	-1024.6	0	-907.179	0	-408.173	0	-550.091	0	-1025.92	0	-892.334	0	-785.514	0	-1043.76	0	-1544.08	0	-1044.92	0
-926.836	0	-2317.94	0	-625.211	0	-1779.65	0	-887.153	0	-954.323	0	-1162.27	0	-1398.14	0	-1086.33	0	-605.051	0	-1745.24	0	-1049.58	0	-1383.32	0	-963.434	0	-1487.77	0	-1024.62	0	-907.179	0	-408.173	0	-550.091	0	-1025.92	0	-892.512	0	-785.517	0	-1043.78	0	-1544.08	0	-1045.01	0
-926.836	0	-2317.94	0	-625.211	0	-1779.65	0	-887.153	0	-954.339	0	-1162.27	0	-1398.14	0	-1086.34	0	-605.051	0	-1745.24	0	-1049.6	0	-1383.32	0	-963.445	0	-1487.77	0	-1024.62	0	-907.179	0	-408.173	0	-550.091	0	-1025.93	0	-892.643	0	-785.522	0	-1043.8	0	-1545.77	0	-1045.14	0
-926.836	0	-2317.94	0	-625.211	0	-1779.65	0	-887.153	0	-954.346	0	-1162.27	0	-1398.14	0	-1086.35	0	-605.051	0	-1745.24	0	-1049.63	0	-1383.32	0	-963.457	0	-1487.77	0	-1024.63	0	-907.179	0	-408.173	0	-550.091	0	-1025.93	0	-892.729	0	-785.524	0	-1043.81	0	-1545.77	0	-1045.17	0
-926.836	0	-2317.94	0	-625.211	0	-1779.65	0	-887.153	0	-954.357	0	-1162.27	0	-1398.14	0	-1086.36	0	-605.051	0	-1745.24	0	-1049.67	0	-1383.32	0	-963.466	0	-1487.77	0	-1024.65	0	-907.179	0	-408.173	0	-550.091	0	-1025.94	0	-892.902	0	-785.528	0	-1043.82	0	-1545.77	0	-1045.17	0
-926.836	0	-2317.94	0	-625.211	0	-1779.65	0	-887.153	0	-954.361	0	-1162.27	0	-1398.14	0	-1086.37	0	-605.051	0	-1745.24	0	-1049.69	0	-1383.32	0	-963.485	0	-1487.77	0	-1024.66	0	-907.179	0	-408.173	0	-550.091	0	-1025.94	0	-893.04	0	-785.53	0	-1043.84	0	-1545.77	0	-1045.23	0
-927.34	0	-2317.94	0	-625.211	0	-1779.65	0	-887.153	0	-954.368	0	-1162.27	0	-1398.14	0	-1086.37	0	-605.051	0	-1745.24	0	-1049.71	0	-1383.32	0	-963.515	0	-1487.77	0	-1024.68	0	-907.179	0	-408.173	0	-550.091	0	-1025.94	0	-893.188	0	-785.532	0	-1043.88	0	-1545.77	0	-1045.26	0
-927.34	0	-2317.94	0	-625.211	0	-1779.65	0	-887.153	0	-954.376	0	-1162.27	0	-1398.14	0	-1086.38	0	-605.051	0	-1745.24	0	-1049.72	0	-1383.32	0	-963.528	0	-1487.77	0	-1024.69	0	-907.179	0	-408.173	0	-550.091	0	-1025.94	0	-893.377	0	-785.534	0	-1043.9	0	-1545.77	0	-1045.35	0
-927.34	0	-2317.94	0	-625.211	0	-1779.65	0	-887.153	0	-954.382	0	-1162.27	0	-1398.33	0	-1086.38	0	-605.138	0	-1745.24	0	-1049.73	0	-1383.32	0	-963.538	0	-1487.77	0	-1024.7	0	-911.428	0	-408.173	0	-550.091	0	-1025.95	0	-893.434	0	-785.535	0	-1043.92	0	-1545.77	0	-1045.35	0
-927.34	0	-2317.94	0	-625.211	0	-1779.65	0	-887.153	0	-954.385	0	-1162.27	0	-1398.33	0	-1086.39	0	-605.138	0	-1745.24	0	-1049.75	0	-1383.32	0	-963.549	0	-1487.77	0	-1024.71	0	-911.428	0	-408.173	0	-550.091	0	-1025.95	0	-893.447	0	-785.536	0	-1043.94	0	-1545.77	0	-1045.37	0
-927.34	0	-2317.94	0	-625.211	0	-1779.65	0	-887.153	0	-954.39	0	-1162.27	0	-1398.33	0	-1086.4	0	-605.138	0	-1745.24	0	-1049.78	0	-1383.32	0	-963.575	0	-1487.77	0	-1024.73	0	-911.428	0	-408.173	0	-550.091	0	-1025.95	0	-893.507	0	-785.537	0	-1043.97	0	-1545.77	0	-1045.42	0
-927.34	0	-2317.94	0	-625.211	0	-1779.65	0	-887.153	0	-954.393	0	-1162.27	0	-1398.33	0	-1086.4	0	-605.138	0	-1745.24	0	-1049.8	0	-1383.32	0	-963.586	0	-1487.77	0	-1024.74	0	-911.428	0	-408.173	0	-550.091	0	-1025.96	0	-893.537	0	-785.539	0	-1043.98	0	-1545.77	0	-1045.44	0
-927.34	0	-2317.94	0	-625.211	0	-1779.65	0	-887.153	0	-954.399	0	-1162.27	0	-1398.33	0	-1086.4	0	-605.138	0	-1745.24	0	-1049.81	0	-1383.32	0	-963.605	0	-1487.77	0	-1024.75	0	-911.428	0	-408.173	0	-550.091	0	-1025.96	0	-893.572	0	-785.54	0	-1043.99	0	-1545.77	0	-1045.46	0
-927.34	0	-2317.94	0	-625.211	0	-1779.65	0	-887.153	0	-954.407	0	-1162.27	0	-1398.33	0	-1086.41	0	-605.138	0	-1745.24	0	-1049.82	0	-1383.32	0	-963.629	0	-1487.77	0	-1024.76	0	-911.428	0	-408.173	0	-550.091	0	-1025.97	0	-893.59	0	-785.54	0	-1044.01	0	-1545.77	0	-1045.47	0
-927.34	0	-2317.94	0	-625.211	0	-1779.65	0	-888.007	0	-954.417	0	-1162.27	0	-1398.33	0	-1086.41	0	-605.138	0	-1757.64	0	-1049.83	0	-1383.32	0	-963.65	0	-1487.77	0	-1024.76	0	-911.428	0	-408.173	0	-550.091	0	-1025.98	0	-893.654	0	-785.541	0	-1044.02	0	-1545.77	0	-1045.5	0
-927.34	0	-2317.94	0	-625.211	0	-1779.65	0	-888.007	0	-954.421	0	-1162.27	0	-1398.33	0	-1086.42	0	-605.138	0	-1757.64	0	-1049.85	0	-1383.32	0	-963.661	0	-1487.77	0	-1024.76	0	-911.428	0	-408.173	0	-550.091	0	-1025.98	0	-893.673	0	-785.543	0	-1044.04	0	-1545.77	0	-1045.53	0
-927.34	0	-2317.94	0	-625.211	0	-1779.65	0	-888.007	0	-954.427	0	-1162.27	0	-1398.33	0	-1086.42	0	-605.138	0	-1757.64	0	-1049.86	0	-1383.32	0	-963.684	0	-1487.77	0	-1024.77	0	-911.428	0	-408.173	0	-550.091	0	-1025.99	0	-893.737	0	-785.544	0	-1044.05	0	-1545.77	0	-1045.56	0
-927.344	0	-2317.94	0	-625.211	0	-1779.65	0	-888.007	0	-954.432	0	-1162.27	0	-1398.33	0	-1086.42	0	-605.138	0	-1757.64	0	-1049.89	0	-1383.32	0	-963.699	0	-1487.77	0	-1024.77	0	-911.428	0	-408.173	0	-550.091	0	-1026	0	-893.81	0	-785.545	0	-1044.06	0	-1545.77	0	-1045.59	0
-927.344	0	-2317.94	0	-625.211	0	-1779.65	0	-888.007	0	-954.438	0	-1162.27	0	-1398.33	0	-1086.42	0	-605.138	0	-1757.64	0	-1049.91	0	-1383.32	0	-963.723	0	-1487.77	0	-1024.78	0	-911.428	0	-408.173	0	-550.091	0	-1026	0	-893.84	0	-785.545	0	-1044.07	0	-1545.77	0	-1045.62	0
-927.344	0	-2317.94	0	-625.211	0	-1779.65	0	-888.007	0	-954.446	0	-1162.27	0	-1398.33	0	-1086.43	0	-605.138	0	-1757.64	0	-1049.94	0	-1383.32	0	-963.743	0	-1487.77	0	-1024.78	0	-911.428	0	-408.173	0	-550.091	0	-1026.01	0	-893.899	0	-785.546	0	-1044.08	0	-1545.77	0	-1045.65	0
-927.344	0	-2317.94	0	-625.211	0	-1779.65	0	-888.007	0	-954.449	0	-1162.27	0	-1398.33	0	-1086.43	0	-605.138	0	-1757.64	0	-1050	0	-1383.32	0	-963.761	0	-1487.77	0	-1024.79	0	-911.428	0	-408.173	0	-550.091	0	-1026.01	0	-894.012	0	-785.547	0	-1044.09	0	-1545.77	0	-1045.7	0
-927.344	0	-2317.94	0	-625.211	0	-1779.65	0	-888.007	0	-954.457	0	-1162.27	0	-1398.33	0	-1086.44	0	-605.138	0	-1757.64	0	-1050.05	0	-1383.32	0	-963.775	0	-1487.77	0	-1024.79	0	-911.428	0	-408.173	0	-550.091	0	-1026.02	0	-894.075	0	-785.547	0	-1044.1	0	-1545.77	0	-1045.74	0
-927.344	0	-2317.94	0	-625.211	0	-1779.65	0	-888.007	0	-954.465	0	-1162.27	0	-1398.33	0	-1086.44	0	-605.138	0	-1757.64	0	-1050.08	0	-1383.32	0	-963.781	0	-1487.77	0	-1024.79	0	-911.428	0	-408.173	0	-550.091	0	-1026.02	0	-894.123	0	-785.548	0	-1044.11	0	-1545.77	0	-1045.78	0
-927.423	0	-2317.94	0	-625.211	0	-1779.65	0	-888.007	0	-954.466	0	-1162.27	0	-1398.33	0	-1086.45	0	-605.138	0	-1757.64	0	-1050.12	0	-1383.32	0	-963.788	0	-1487.77	0	-1024.8	0	-911.428	0	-408.173	0	-550.091	0	-1026.03	0	-894.201	0	-785.549	0	-1044.13	0	-1545.77	0	-1045.83	0
-927.423	0	-2317.94	0	-625.211	0	-1779.65	0	-888.007	0	-954.472	0	-1162.27	0	-1398.33	0	-1086.45	0	-605.138	0	-1757.64	0	-1050.16	0	-1383.32	0	-963.791	0	-1487.77	0	-1024.81	0	-911.428	0	-408.173	0	-550.091	0	-1026.03	0	-894.26	0	-785.551	0	-1044.17	0	-1545.77	0	-1045.85	0
-927.423	0	-2317.94	0	-625.211	0	-1779.65	0	-888.007	0	-954.472	0	-1162.27	0	-1398.33	0	-1086.45	0	-605.138	0	-1757.64	0	-1050.2	0	-1383.93	0	-963.794	0	-1487.77	0	-1024.83	0	-911.428	0	-408.173	0	-550.091	0	-1026.04	0	-894.338	0	-785.551	0	-1044.18	0	-1545.77	0	-1045.88	0
-927.444	0	-2317.94	0	-625.211	0	-1779.65	0	-888.007	0	-954.473	0	-1162.27	0	-1398.33	0	-1086.46	0	-605.138	0	-1757.64	0	-1050.22	0	-1383.93	0	-963.801	0	-1487.77	0	-1024.85	0	-911.428	0	-408.173	0	-550.091	0	-1026.04	0	-894.428	0	-785.553	0	-1044.2	0	-1545.77	0	-1045.88	0
-927.444	0	-2317.94	0	-625.211	0	-1779.65	0	-888.007	0	-954.476	0	-1163.66	0	-1398.33	0	-1086.46	0	-605.138	0	-1758.05	0	-1050.24	0	-1383.93	0	-963.805	0	-1487.77	0	-1024.87	0	-911.428	0	-408.173	0	-550.091	0	-1026.04	0	-894.5	0	-785.553	0	-1044.22	0	-1545.77	0	-1045.9	0
-927.444	0	-2317.94	0	-625.211	0	-1779.65	0	-888.007	0	-954.479	0	-1163.66	0	-1398.33	0	-1086.47	0	-605.138	0	-1758.05	0	-1050.27	0	-1383.93	0	-963.808	0	-1487.77	0	-1024.89	0	-911.428	0	-408.173	0	-550.091	0	-1026.04	0	-894.564	0	-785.554	0	-1044.24	0	-1545.77	0	-1045.94	0
-927.444	0	-2317.94	0	-628.107	0	-1779.65	0	-888.007	0	-954.485	0	-1163.66	0	-1398.33	0	-1086.47	0	-605.138	0	-1758.05	0	-1050.3	0	-1383.93	0	-963.811	0	-1487.77	0	-1024.91	0	-911.428	0	-408.173	0	-550.091	0	-1026.04	0	-894.639	0	-785.556	0	-1044.26	0	-1545.77	0	-1045.98	0
-927.444	0	-2317.94	0	-628.107	0	-1779.65	0	-888.007	0	-954.49	0	-1163.66	0	-1398.33	0	-1086.48	0	-605.138	0	-1758.05	0	-1050.34	0	-1383.93	0	-963.82	0	-1517.38	0	-1024.93	0	-911.428	0	-408.173	0	-550.091	0	-1026.05	0	-894.676	0	-785.557	0	-1044.28	0	-1545.77	0	-1046.03	0
-927.444	0	-2317.94	0	-628.107	0	-1779.65	0	-888.007	0	-954.496	0	-1163.66	0	-1398.33	0	-1086.49	0	-605.138	0	-1758.05	0	-1050.34	0	-1383.93	0	-963.825	0	-1517.38	0	-1024.95	0	-911.428	0	-408.173	0	-550.091	0	-1026.05	0	-894.748	0	-785.559	0	-1044.31	0	-1545.77	0	-1046.08	0
-927.607	0	-2317.94	0	-628.107	0	-1779.65	0	-888.007	0	-954.5	0	-1163.66	0	-1398.33	0	-1086.5	0	-605.138	0	-1758.05	0	-1050.36	0	-1383.93	0	-963.829	0	-1517.38	0	-1024.95	0	-911.428	0	-408.173	0	-550.091	0	-1026.05	0	-894.8	0	-785.559	0	-1044.33	0	-1545.77	0	-1046.12	0
-927.607	0	-2317.94	0	-628.107	0	-1779.65	0	-888.007	0	-954.504	0	-1163.66	0	-1398.33	0	-1086.5	0	-605.138	0	-1758.05	0	-1050.4	0	-1383.93	0	-963.837	0	-1517.38	0	-1024.96	0	-911.428	0	-408.173	0	-550.091	0	-1026.06	0	-894.859	0	-785.561	0	-1044.37	0	-1545.77	0	-1046.15	0
-927.607	0	-2317.94	0	-628.107	0	-1779.65	0	-888.007	0	-954.511	0	-1163.66	0	-1398.33	0	-1086.52	0	-608.819	0	-1758.05	0	-1050.42	0	-1383.93	0	-963.844	0	-1517.38	0	-1024.98	0	-911.428	0	-408.173	0	-550.091	0	-1026.06	0	-894.929	0	-785.561	0	-1044.38	0	-1545.77	0	-1046.16	0
-927.607	0	-2317.94	0	-628.107	0	-1779.65	0	-888.007	0	-954.526	0	-1163.66	0	-1398.33	0	-1086.52	0	-608.819	0	-1758.05	0	-1050.48	0	-1383.93	0	-963.852	0	-1517.38	0	-1024.99	0	-911.428	0	-408.173	0	-550.091	0	-1026.06	0	-895.025	0	-785.563	0	-1044.39	0	-1545.77	0	-1046.19	0
-927.607	0	-2317.94	0	-628.107	0	-1779.65	0	-888.007	0	-954.538	0	-1163.66	0	-1398.33	0	-1086.53	0	-608.819	0	-1758.05	0	-1050.48	0	-1383.93	0	-963.864	0	-1517.38	0	-1025	0	-911.428	0	-408.173	0	-550.091	0	-1026.07	0	-895.085	0	-785.563	0	-1044.39	0	-1545.77	0	-1046.23	0
-927.607	0	-2317.94	0	-628.107	0	-1779.65	0	-888.007	0	-954.547	0	-1163.66	0	-1398.33	0	-1086.53	0	-608.819	0	-1758.05	0	-1050.48	0	-1383.93	0	-963.879	0	-1517.38	0	-1025.01	0	-911.428	0	-408.173	0	-550.091	0	-1026.07	0	-895.162	0	-785.564	0	-1044.4	0	-1545.77	0	-1046.26	0
-927.607	0	-2317.94	0	-628.107	0	-1779.65	0	-888.007	0	-954.557	0	-1163.66	0	-1398.33	0	-1086.54	0	-608.819	0	-1758.05	0	-1050.49	0	-1383.93	0	-963.885	0	-1517.38	0	-1025.02	0	-911.428	0	-408.173	0	-550.091	0	-1026.08	0	-895.235	0	-785.565	0	-1044.42	0	-1545.77	0	-1046.29	0
-927.727	0	-2317.94	0	-628.107	0	-1779.65	0	-888.007	0	-954.558	0	-1163.66	0	-1398.33	0	-1086.54	0	-608.819	0	-1758.05	0	-1050.51	0	-1383.93	0	-963.896	0	-1517.38	0	-1025.02	0	-911.428	0	-408.173	0	-550.091	0	-1026.08	0	-895.275	0	-785.566	0	-1044.43	0	-1545.77	0	-1046.31	0
-927.727	0	-2317.94	0	-628.107	0	-1779.65	0	-888.007	0	-954.562	0	-1163.66	0	-1398.33	0	-1086.55	0	-608.819	0	-1758.05	0	-1050.53	0	-1383.93	0	-963.908	0	-1517.38	0	-1025.03	0	-911.428	0	-408.173	0	-550.091	0	-1026.08	0	-895.412	0	-785.57	0	-1044.44	0	-1545.77	0	-1046.33	0
-927.727	0	-2317.94	0	-628.866	0	-1779.65	0	-888.007	0	-954.568	0	-1163.66	0	-1398.39	0	-1086.55	0	-608.819	0	-1758.05	0	-1050.56	0	-1383.93	0	-963.91	0	-1517.38	0	-1025.04	0	-911.428	0	-408.173	0	-550.091	0	-1026.09	0	-895.43	0	-785.571	0	-1044.46	0	-1545.77	0	-1046.36	0
-927.727	0	-2317.94	0	-628.866	0	-1779.65	0	-888.007	0	-954.574	0	-1163.66	0	-1398.39	0	-1086.56	0	-608.819	0	-1758.05	0	-1050.59	0	-1383.93	0	-963.921	0	-1517.38	0	-1025.05	0	-911.428	0	-520.921	0	-550.091	0	-1026.11	0	-895.479	0	-785.572	0	-1044.48	0	-1545.77	0	-1046.4	0
-927.727	0	-2317.94	0	-630.2	0	-1779.65	0	-888.007	0	-954.582	0	-1163.66	0	-1398.39	0	-1086.56	0	-608.819	0	-1758.05	0	-1050.65	0	-1383.93	0	-963.933	0	-1517.38	0	-1025.06	0	-911.428	0	-520.921	0	-550.091	0	-1026.11	0	-895.607	0	-785.574	0	-1044.49	0	-1545.77	0	-1046.43	0
-927.727	0	-2317.94	0	-630.2	0	-1779.65	0	-888.007	0	-954.587	0	-1163.66	0	-1398.39	0	-1086.57	0	-608.819	0	-1758.05	0	-1050.69	0	-1383.93	0	-963.951	0	-1517.38	0	-1025.07	0	-911.428	0	-520.921	0	-550.091	0	-1026.12	0	-895.684	0	-785.575	0	-1044.5	0	-1545.77	0	-1046.48	0
-927.727	0	-2317.94	0	-630.2	0	-1779.65	0	-888.007	0	-954.594	0	-1163.66	0	-1398.39	0	-1086.57	0	-608.819	0	-1758.05	0	-1050.7	0	-1383.93	0	-963.961	0	-1517.38	0	-1025.08	0	-911.428	0	-520.921	0	-550.091	0	-1026.13	0	-895.771	0	-785.577	0	-1044.5	0	-1545.77	0	-1046.53	0
-927.727	0	-2317.94	0	-633.133	0	-1779.65	0	-888.007	0	-954.599	0	-1163.66	0	-1398.39	0	-1086.57	0	-608.819	0	-1758.05	0	-1050.71	0	-1383.93	0	-963.968	0	-1517.38	0	-1025.1	0	-911.428	0	-520.921	0	-550.091	0	-1026.14	0	-895.894	0	-785.58	0	-1044.51	0	-1545.77	0	-1046.56	0
-927.727	0	-2317.94	0	-633.133	0	-1779.65	0	-888.007	0	-954.606	0	-1163.66	0	-1398.39	0	-1086.57	0	-608.819	0	-1758.05	0	-1050.75	0	-1383.93	0	-963.981	0	-1517.38	0	-1025.1	0	-911.428	0	-520.921	0	-550.091	0	-1026.15	0	-896.032	0	-785.581	0	-1044.52	0	-1545.82	0	-1046.58	0
-927.727	0	-2317.94	0	-633.133	0	-1779.65	0	-888.007	0	-954.616	0	-1163.66	0	-1398.39	0	-1086.57	0	-608.819	0	-1758.05	0	-1050.77	0	-1383.93	0	-963.995	0	-1517.38	0	-1025.11	0	-911.428	0	-520.921	0	-551.105	0	-1026.15	0	-896.107	0	-785.583	0	-1044.54	0	-1545.82	0	-1046.6	0
-927.867	0	-2317.94	0	-633.133	0	-1779.65	0	-888.007	0	-954.62	0	-1163.66	0	-1398.39	0	-1086.58	0	-608.819	0	-1758.05	0	-1050.79	0	-1383.93	0	-964.007	0	-1517.38	0	-1025.12	0	-911.428	0	-520.921	0	-551.105	0	-1026.16	0	-896.206	0	-785.583	0	-1044.54	0	-1545.82	0	-1046.61	0
-927.867	0	-2317.94	0	-633.133	0	-1779.65	0	-888.007	0	-954.622	0	-1163.66	0	-1398.39	0	-1086.58	0	-608.819	0	-1758.05	0	-1050.81	0	-1383.93	0	-964.012	0	-1517.38	0	-1025.14	0	-911.428	0	-520.921	0	-551.105	0	-1026.16	0	-896.249	0	-785.584	0	-1044.55	0	-1545.82	0	-1046.63	0
-927.867	0	-2317.94	0	-633.133	0	-1779.65	0	-888.007	0	-954.626	0	-1163.66	0	-1398.39	0	-1086.59	0	-608.819	0	-1758.05	0	-1050.83	0	-1383.93	0	-964.021	0	-1517.38	0	-1025.14	0	-911.428	0	-520.921	0	-551.105	0	-1026.17	0	-896.278	0	-785.584	0	-1044.55	0	-1545.82	0	-1046.65	0
-927.867	0	-2317.94	0	-633.133	0	-1779.65	0	-888.007	0	-954.629	0	-1163.66	0	-1398.39	0	-1086.59	0	-608.819	0	-1758.05	0	-1050.85	0	-1383.93	0	-964.035	0	-1517.38	0	-1025.16	0	-911.428	0	-520.921	0	-551.105	0	-1026.17	0	-896.303	0	-785.586	0	-1044.57	0	-1545.82	0	-1046.67	0
-927.867	0	-2317.94	0	-633.133	0	-1779.65	0	-888.007	0	-954.635	0	-1163.66	0	-1398.39	0	-1086.59	0	-608.819	0	-1758.05	0	-1050.86	0	-1383.93	0	-964.041	0	-1517.38	0	-1025.17	0	-911.428	0	-520.921	0	-551.105	0	-1026.17	0	-896.325	0	-785.588	0	-1044.58	0	-1545.82	0	-1046.71	0
-927.867	0	-2317.94	0	-633.133	0	-1779.65	0	-888.007	0	-954.638	0	-1163.66	0	-1398.39	0	-1086.6	0	-608.819	0	-1758.05	0	-1050.88	0	-1383.93	0	-964.057	0	-1517.38	0	-1025.19	0	-911.428	0	-520.921	0	-551.105	0	-1026.18	0	-896.34	0	-785.589	0	-1044.59	0	-1545.82	0	-1046.76	0
-927.867	0	-2317.94	0	-633.133	0	-1779.65	0	-888.007	0	-954.643	0	-1163.66	0	-1398.39	0	-1086.6	0	-608.819	0	-1758.05	0	-1050.89	0	-1383.93	0	-964.066	0	-1517.38	0	-1025.21	0	-911.428	0	-520.921	0	-551.105	0	-1026.18	0	-896.359	0	-785.591	0	-1044.6	0	-1545.82	0	-1046.79	0
-927.978	0	-2317.94	0	-633.133	0	-1779.65	0	-888.007	0	-954.661	0	-1163.66	0	-1398.39	0	-1086.61	0	-608.819	0	-1758.05	0	-1050.91	0	-1383.93	0	-964.073	0	-1517.38	0	-1025.23	0	-911.428	0	-520.921	0	-551.105	0	-1026.18	0	-896.398	0	-785.592	0	-1044.61	0	-1545.82	0	-1046.87	0
-927.978	0	-2317.94	0	-633.133	0	-1779.67	0	-888.007	0	-954.671	0	-1163.66	0	-1398.39	0	-1086.61	0	-608.819	0	-1758.05	0	-1050.93	0	-1383.93	0	-964.083	0	-1517.38	0	-1025.24	0	-911.428	0	-520.921	0	-551.105	0	-1026.18	0	-896.424	0	-785.593	0	-1044.62	0	-1545.82	0	-1046.89	0
-927.978	0	-2317.94	0	-633.133	0	-1779.67	0	-888.007	0	-954.672	0	-1163.66	0	-1398.39	0	-1086.61	0	-608.819	0	-1758.05	0	-1050.94	0	-1383.93	0	-964.093	0	-1517.38	0	-1025.26	0	-911.428	0	-520.921	0	-551.105	0	-1026.19	0	-896.47	0	-785.594	0	-1044.64	0	-1545.82	0	-1046.95	0
-927.987	0	-2317.94	0	-633.264	0	-1779.67	0	-888.007	0	-954.684	0	-1163.66	0	-1398.39	0	-1086.61	0	-608.819	0	-1758.05	0	-1050.95	0	-1383.93	0	-964.1	0	-1517.38	0	-1025.27	0	-911.428	0	-520.921	0	-551.105	0	-1026.19	0	-896.486	0	-785.596	0	-1044.64	0	-1545.82	0	-1046.97	0
-927.987	0	-2329.17	0	-633.992	0	-1779.67	0	-888.007	0	-954.688	0	-1163.66	0	-1398.39	0	-1086.62	0	-608.819	0	-1758.05	0	-1050.96	0	-1383.93	0	-964.107	0	-1517.38	0	-1025.27	0	-911.428	0	-520.921	0	-551.105	0	-1026.19	0	-896.518	0	-785.597	0	-1044.65	0	-1545.82	0	-1046.99	0
-927.987	0	-2329.17	0	-633.992	0	-1779.67	0	-888.007	0	-954.693	0	-1163.66	0	-1398.39	0	-1086.62	0	-608.819	0	-1758.05	0	-1050.97	0	-1383.93	0	-964.114	0	-1517.38	0	-1025.28	0	-911.428	0	-520.921	0	-551.105	0	-1026.19	0	-896.546	0	-785.599	0	-1044.66	0	-1545.82	0	-1047.03	0
-928.032	0	-2329.17	0	-635.22	0	-1779.67	0	-888.007	0	-954.697	0	-1163.66	0	-1398.39	0	-1086.62	0	-608.819	0	-1758.05	0	-1050.99	0	-1383.93	0	-964.12	0	-1517.38	0	-1025.29	0	-911.428	0	-520.921	0	-551.105	0	-1026.19	0	-896.596	0	-785.599	0	-1044.67	0	-1545.82	0	-1047.07	0
-928.066	0	-2329.17	0	-635.492	0	-1779.67	0	-888.007	0	-954.703	0	-1163.66	0	-1398.39	0	-1086.62	0	-608.819	0	-1758.05	0	-1051.01	0	-1383.93	0	-964.138	0	-1517.38	0	-1025.29	0	-911.428	0	-520.921	0	-551.105	0	-1026.19	0	-896.645	0	-785.6	0	-1044.68	0	-1545.82	0	-1047.07	0
-928.066	0	-2329.17	0	-636.018	0	-1779.67	0	-888.007	0	-954.708	0	-1163.66	0	-1398.39	0	-1086.63	0	-608.819	0	-1758.05	0	-1051.02	0	-1383.93	0	-964.149	0	-1517.38	0	-1025.3	0	-911.428	0	-520.921	0	-551.105	0	-1026.2	0	-896.668	0	-785.601	0	-1044.68	0	-1545.82	0	-1047.1	0
-928.126	0	-2329.17	0	-636.018	0	-1779.67	0	-888.007	0	-954.711	0	-1163.66	0	-1398.39	0	-1086.63	0	-608.819	0	-1758.05	0	-1051.04	0	-1383.93	0	-964.16	0	-1517.38	0	-1025.31	0	-911.428	0	-520.921	0	-551.105	0	-1026.2	0	-896.691	0	-785.602	0	-1044.69	0	-1545.82	0	-1047.13	0
-928.126	0	-2329.17	0	-636.018	0	-1779.67	0	-888.007	0	-954.714	0	-1163.66	0	-1398.39	0	-1086.63	0	-608.819	0	-1758.05	0	-1051.05	0	-1383.93	0	-964.167	0	-1517.38	0	-1025.32	0	-911.428	0	-521.191	0	-551.105	0	-1026.2	0	-896.71	0	-785.603	0	-1044.69	0	-1545.82	0	-1047.16	0
-928.14	0	-2329.17	0	-636.018	0	-1779.67	0	-890.03	0	-954.72	0	-1163.66	0	-1398.39	0	-1086.63	0	-608.819	0	-1758.05	0	-1051.06	0	-1383.93	0	-964.169	0	-1517.38	0	-1025.34	0	-911.428	0	-521.191	0	-551.105	0	-1026.2	0	-896.734	0	-785.603	0	-1044.69	0	-1545.82	0	-1047.2	0
-928.225	0	-2329.17	0	-636.018	0	-1779.67	0	-890.03	0	-954.732	0	-1163.66	0	-1398.39	0	-1086.63	0	-608.819	0	-1758.05	0	-1051.09	0	-1383.93	0	-964.173	0	-1517.38	0	-1025.35	0	-911.428	0	-521.191	0	-551.105	0	-1026.2	0	-896.774	0	-785.604	0	-1044.71	0	-1545.82	0	-1047.23	0
-928.271	0	-2329.17	0	-636.635	0	-1779.67	0	-890.03	0	-954.744	0	-1163.66	0	-1398.39	0	-1086.63	0	-608.819	0	-1758.05	0	-1051.12	0	-1383.93	0	-964.182	0	-1517.38	0	-1025.36	0	-911.428	0	-521.191	0	-551.105	0	-1026.2	0	-896.825	0	-785.605	0	-1044.72	0	-1545.82	0	-1047.26	0
-928.351	0	-2329.17	0	-636.635	0	-1779.67	0	-890.03	0	-954.756	0	-1163.66	0	-1398.39	0	-1086.63	0	-608.819	0	-1758.05	0	-1051.16	0	-1383.93	0	-964.184	0	-1517.38	0	-1025.36	0	-911.428	0	-521.191	0	-551.105	0	-1026.2	0	-896.86	0	-785.606	0	-1044.76	0	-1545.82	0	-1047.26	0
-928.425	0	-2329.17	0	-636.635	0	-1779.67	0	-890.03	0	-954.768	0	-1163.66	0	-1398.39	0	-1086.64	0	-608.819	0	-1758.05	0	-1051.17	0	-1383.93	0	-964.19	0	-1517.9	0	-1025.37	0	-911.428	0	-521.191	0	-551.105	0	-1026.2	0	-896.867	0	-785.607	0	-1044.84	0	-1545.82	0	-1047.29	0
-928.454	0	-2329.17	0	-637.358	0	-1779.67	0	-890.03	0	-954.778	0	-1163.66	0	-1398.39	0	-1086.64	0	-608.819	0	-1758.05	0	-1051.18	0	-1383.93	0	-964.194	0	-1517.9	0	-1025.37	0	-911.428	0	-521.191	0	-551.105	0	-1026.2	0	-896.9	0	-785.607	0	-1044.91	0	-1545.82	0	-1047.3	0
-928.564	0	-2329.17	0	-637.358	0	-1779.67	0	-890.03	0	-954.786	0	-1163.66	0	-1398.39	0	-1086.64	0	-608.819	0	-1758.05	0	-1051.19	0	-1383.93	0	-964.197	0	-1517.9	0	-1025.38	0	-911.428	0	-521.191	0	-551.105	0	-1026.2	0	-896.922	0	-785.608	0	-1044.97	0	-1545.82	0	-1047.32	0
-928.755	0	-2329.17	0	-637.358	0	-1779.67	0	-890.534	0	-954.793	0	-1163.66	0	-1398.39	0	-1086.65	0	-608.819	0	-1758.05	0	-1051.22	0	-1383.93	0	-964.2	0	-1517.9	0	-1025.39	0	-911.428	0	-521.191	0	-551.105	0	-1026.2	0	-896.948	0	-785.608	0	-1044.99	0	-1545.82	0	-1047.34	0
-928.848	0	-2329.17	0	-637.508	0	-1779.67	0	-890.534	0	-954.805	0	-1163.66	0	-1398.39	0	-1086.65	0	-608.819	0	-1758.05	0	-1051.23	0	-1383.93	0	-964.205	0	-1517.9	0	-1025.4	0	-911.428	0	-521.191	0	-551.105	0	-1026.21	0	-896.982	0	-785.609	0	-1045.03	0	-1545.82	0	-1047.38	0
-928.944	0	-2329.17	0	-637.508	0	-1779.67	0	-890.534	0	-954.824	0	-1163.66	0	-1398.39	0	-1086.65	0	-608.819	0	-1758.05	0	-1051.26	0	-1383.93	0	-964.209	0	-1517.9	0	-1025.41	0	-911.428	0	-521.191	0	-551.105	0	-1026.21	0	-897.015	0	-785.61	0	-1045.04	0	-1545.82	0	-1047.41	0
-929.089	0	-2329.17	0	-637.508	0	-1779.67	0	-890.534	0	-954.829	0	-1163.66	0	-1398.39	0	-1086.66	0	-608.819	0	-1758.05	0	-1051.27	0	-1383.93	0	-964.213	0	-1517.9	0	-1025.42	0	-911.428	0	-521.191	0	-551.105	0	-1026.21	0	-897.045	0	-785.61	0	-1045.06	0	-1545.82	0	-1047.45	0
-929.202	0	-2329.17	0	-637.508	0	-1779.67	0	-890.534	0	-954.835	0	-1163.66	0	-1398.39	0	-1086.66	0	-608.819	0	-1758.05	0	-1051.28	0	-1383.93	0	-964.216	0	-1517.9	0	-1025.44	0	-911.428	0	-521.191	0	-565.587	0	-1026.21	0	-897.054	0	-785.61	0	-1045.07	0	-1545.82	0	-1047.48	0
-929.406	0	-2329.17	0	-637.627	0	-1779.67	0	-890.534	0	-954.839	0	-1163.66	0	-1398.39	0	-1086.66	0	-608.819	0	-1758.05	0	-1051.29	0	-1383.93	0	-964.22	0	-1517.9	0	-1025.45	0	-916.006	0	-521.191	0	-565.587	0	-1026.21	0	-897.09	0	-785.61	0	-1045.09	0	-1545.82	0	-1047.52	0
-929.483	0	-2329.17	0	-637.627	0	-1779.67	0	-890.534	0	-954.843	0	-1163.66	0	-1398.39	0	-1086.66	0	-608.819	0	-1758.05	0	-1051.3	0	-1383.93	0	-964.227	0	-1517.9	0	-1025.47	0	-916.006	0	-521.191	0	-565.587	0	-1026.21	0	-897.113	0	-785.611	0	-1045.1	0	-1545.82	0	-1047.58	0
-929.583	0	-2329.17	0	-639.103	0	-1779.67	0	-890.534	0	-954.847	0	-1163.66	0	-1398.39	0	-1086.66	0	-608.819	0	-1758.05	0	-1051.31	0	-1383.93	0	-964.235	0	-1517.9	0	-1025.49	0	-916.006	0	-521.191	0	-565.587	0	-1026.22	0	-897.144	0	-785.611	0	-1045.12	0	-1545.82	0	-1047.63	0
-929.755	0	-2329.17	0	-639.103	0	-1779.67	0	-890.534	0	-954.854	0	-1163.66	0	-1398.39	0	-1086.67	0	-608.819	0	-1758.05	0	-1051.32	0	-1383.93	0	-964.242	0	-1517.9	0	-1025.51	0	-916.006	0	-521.191	0	-565.587	0	-1026.22	0	-897.192	0	-785.611	0	-1045.15	0	-1545.82	0	-1047.67	0
-929.815	0	-2329.17	0	-639.103	0	-1779.67	0	-890.534	0	-954.857	0	-1163.66	0	-1398.5	0	-1086.67	0	-608.819	0	-1758.05	0	-1051.34	0	-1383.93	0	-964.244	0	-1517.9	0	-1025.53	0	-922.255	0	-521.191	0	-565.587	0	-1026.22	0	-897.23	0	-785.612	0	-1045.17	0	-1545.82	0	-1047.68	0
-929.862	0	-2329.17	0	-639.103	0	-1779.67	0	-890.534	0	-954.862	0	-1163.66	0	-1398.5	0	-1086.67	0	-608.819	0	-1758.05	0	-1051.36	0	-1383.93	0	-964.247	0	-1517.9	0	-1025.55	0	-922.255	0	-521.191	0	-565.587	0	-1026.22	0	-897.258	0	-785.612	0	-1045.19	0	-1545.82	0	-1047.98	0
-929.892	0	-2329.17	0	-639.103	0	-1779.67	0	-890.534	0	-954.867	0	-1163.66	0	-1398.5	0	-1086.67	0	-608.819	0	-1758.05	0	-1051.39	0	-1383.93	0	-964.251	0	-1517.9	0	-1025.59	0	-922.255	0	-521.191	0	-565.587	0	-1026.22	0	-897.281	0	-785.613	0	-1045.21	0	-1545.82	0	-1047.98	0
-929.951	0	-2329.17	0	-639.103	0	-1779.67	0	-890.534	0	-954.871	0	-1163.66	0	-1398.5	0	-1086.67	0	-608.819	0	-1758.05	0	-1051.4	0	-1383.93	0	-964.255	0	-1517.9	0	-1025.6	0	-922.255	0	-521.191	0	-565.587	0	-1026.22	0	-897.298	0	-785.614	0	-1045.22	0	-1545.82	0	-1047.98	0
-930.051	0	-2329.17	0	-639.103	0	-1779.67	0	-890.534	0	-954.872	0	-1163.66	0	-1398.5	0	-1086.67	0	-608.819	0	-1758.05	0	-1051.42	0	-1383.93	0	-964.26	0	-1517.9	0	-1025.64	0	-922.255	0	-521.191	0	-565.587	0	-1026.22	0	-897.354	0	-785.614	0	-1045.25	0	-1545.82	0	-1047.98	0
-930.076	0	-2329.17	0	-639.103	0	-1779.67	0	-890.534	0	-954.876	0	-1163.66	0	-1398.5	0	-1086.67	0	-608.819	0	-1758.05	0	-1051.44	0	-1383.93	0	-964.266	0	-1517.9	0	-1025.65	0	-922.255	0	-521.191	0	-565.587	0	-1026.22	0	-897.39	0	-785.615	0	-1045.27	0	-1545.82	0	-1047.98	0
-930.094	0	-2329.17	0	-639.103	0	-1779.67	0	-890.534	0	-954.879	0	-1163.66	0	-1398.5	0	-1086.67	0	-608.819	0	-1758.05	0	-1051.46	0	-1383.93	0	-964.269	0	-1517.9	0	-1025.67	0	-922.255	0	-521.191	0	-565.587	0	-1026.23	0	-897.477	0	-785.615	0	-1045.28	0	-1545.82	0	-1047.98	0
-930.15	0	-2329.17	0	-639.103	0	-1779.67	0	-890.534	0	-954.883	0	-1163.66	0	-1398.5	0	-1086.68	0	-608.819	0	-1758.05	0	-1051.48	0	-1383.93	0	-964.277	0	-1517.9	0	-1025.69	0	-922.255	0	-521.191	0	-565.587	0	-1026.23	0	-897.572	0	-785.615	0	-1045.3	0	-1545.82	0	-1047.98	0
-930.184	0	-2329.17	0	-639.133	0	-1779.67	0	-890.534	0	-954.885	0	-1163.66	0	-1398.5	0	-1086.68	0	-608.819	0	-1758.05	0	-1051.49	0	-1383.93	0	-964.284	0	-1517.9	0	-1025.72	0	-922.255	0	-521.191	0	-565.587	0	-1026.23	0	-897.649	0	-785.616	0	-1045.34	0	-1545.82	0	-1047.98	0
-930.291	0	-2329.17	0	-640.524	0	-1779.67	0	-890.534	0	-954.891	0	-1163.66	0	-1398.5	0	-1086.68	0	-608.819	0	-1758.05	0	-1051.5	0	-1383.93	0	-964.29	0	-1517.9	0	-1025.74	0	-922.255	0	-521.191	0	-565.587	0	-1026.23	0	-897.697	0	-785.616	0	-1045.38	0	-1545.82	0	-1047.98	0
-930.392	0	-2329.17	0	-640.524	0	-1779.67	0	-890.534	0	-954.896	0	-1163.66	0	-1398.5	0	-1086.68	0	-608.819	0	-1758.05	0	-1051.51	0	-1383.93	0	-964.293	0	-1517.9	0	-1025.75	0	-922.255	0	-521.191	0	-565.587	0	-1026.23	0	-897.746	0	-785.616	0	-1045.42	0	-1545.82	0	-1047.98	0
-930.486	0	-2329.17	0	-640.524	0	-1779.69	0	-890.534	0	-954.899	0	-1163.66	0	-1398.5	0	-1086.68	0	-608.819	0	-1758.05	0	-1051.53	0	-1383.93	0	-964.3	0	-1517.9	0	-1025.76	0	-922.255	0	-521.191	0	-565.587	0	-1026.23	0	-897.84	0	-785.617	0	-1045.46	0	-1545.82	0	-1047.98	0
-930.642	0	-2329.17	0	-641.536	0	-1779.69	0	-890.534	0	-954.9	0	-1163.66	0	-1398.54	0	-1086.69	0	-608.819	0	-1758.05	0	-1051.54	0	-1383.93	0	-964.304	0	-1517.9	0	-1025.78	0	-922.255	0	-521.191	0	-565.587	0	-1026.23	0	-897.899	0	-785.617	0	-1045.5	0	-1545.82	0	-1047.98	0
-930.761	0	-2329.17	0	-641.536	0	-1779.69	0	-890.534	0	-954.902	0	-1163.66	0	-1398.54	0	-1086.69	0	-608.819	0	-1758.05	0	-1051.55	0	-1383.93	0	-964.312	0	-1517.9	0	-1025.79	0	-922.255	0	-521.191	0	-565.587	0	-1026.23	0	-897.966	0	-785.617	0	-1045.5	0	-1545.82	0	-1047.98	0
-930.895	0	-2329.17	0	-643.353	0	-1779.69	0	-890.534	0	-954.907	0	-1163.66	0	-1398.54	0	-1086.69	0	-608.819	0	-1758.05	0	-1051.56	0	-1383.93	0	-964.32	0	-1517.9	0	-1025.8	0	-922.255	0	-521.191	0	-565.587	0	-1026.24	0	-898.012	0	-785.618	0	-1045.54	0	-1545.82	0	-1047.99	0
-931.017	0	-2329.17	0	-643.353	0	-1779.69	0	-890.534	0	-954.916	0	-1163.66	0	-1398.54	0	-1086.7	0	-608.819	0	-1758.05	0	-1051.57	0	-1383.93	0	-964.323	0	-1517.9	0	-1025.82	0	-922.255	0	-521.191	0	-565.587	0	-1026.24	0	-898.064	0	-785.618	0	-1045.56	0	-1545.82	0	-1048.04	0
-931.148	0	-2329.17	0	-643.353	0	-1779.69	0	-890.534	0	-954.92	0	-1163.66	0	-1398.55	0	-1086.7	0	-608.819	0	-1758.05	0	-1051.57	0	-1383.93	0	-964.327	0	-1517.9	0	-1025.83	0	-922.255	0	-521.191	0	-565.587	0	-1026.24	0	-898.104	0	-785.618	0	-1045.59	0	-1545.82	0	-1048.06	0
-931.433	0	-2329.17	0	-643.353	0	-1779.69	0	-890.534	0	-954.926	0	-1163.66	0	-1398.55	0	-1086.7	0	-608.819	0	-1758.05	0	-1051.59	0	-1383.93	0	-964.333	0	-1517.9	0	-1025.83	0	-922.255	0	-521.191	0	-565.587	0	-1026.24	0	-898.137	0	-785.618	0	-1045.62	0	-1545.82	0	-1048.1	0
-931.656	0	-2329.17	0	-643.353	0	-1779.69	0	-890.534	0	-954.93	0	-1163.66	0	-1398.63	0	-1086.7	0	-608.819	0	-1758.05	0	-1051.61	0	-1383.93	0	-964.334	0	-1517.9	0	-1025.85	0	-922.255	0	-521.191	0	-565.587	0	-1026.24	0	-898.197	0	-785.619	0	-1045.63	0	-1545.82	0	-1048.16	0
-931.754	0	-2329.17	0	-643.353	0	-1779.69	0	-890.534	0	-954.942	0	-1163.66	0	-1398.63	0	-1086.71	0	-608.819	0	-1758.05	0	-1051.62	0	-1383.93	0	-964.336	0	-1517.9	0	-1025.86	0	-923.068	0	-521.191	0	-565.587	0	-1026.24	0	-898.28	0	-785.619	0	-1045.66	0	-1545.82	0	-1048.28	0
-931.798	0	-2329.17	0	-643.929	0	-1779.69	0	-890.534	0	-954.951	0	-1163.66	0	-1398.63	0	-1086.71	0	-608.819	0	-1758.05	0	-1051.63	0	-1383.93	0	-964.34	0	-1517.9	0	-1025.88	0	-923.068	0	-521.191	0	-566.605	0	-1026.24	0	-898.355	0	-785.62	0	-1045.68	0	-1545.82	0	-1048.34	0
-931.843	0	-2329.17	0	-643.929	0	-1779.69	0	-890.534	0	-954.958	0	-1163.66	0	-1398.63	0	-1086.71	0	-608.819	0	-1758.05	0	-1051.65	0	-1383.93	0	-964.342	0	-1517.9	0	-1025.9	0	-923.068	0	-521.191	0	-566.605	0	-1026.24	0	-898.429	0	-785.62	0	-1045.71	0	-1545.82	0	-1048.49	0
-931.858	0	-2329.17	0	-643.929	0	-1779.69	0	-890.534	0	-954.962	0	-1163.66	0	-1398.63	0	-1086.72	0	-608.819	0	-1758.05	0	-1051.66	0	-1383.93	0	-964.345	0	-1517.9	0	-1025.91	0	-923.068	0	-521.191	0	-566.605	0	-1026.24	0	-898.479	0	-785.62	0	-1045.73	0	-1545.82	0	-1048.6	0
-931.881	0	-2329.17	0	-643.929	0	-1779.69	0	-890.534	0	-954.967	0	-1163.66	0	-1398.63	0	-1086.72	0	-608.819	0	-1758.05	0	-1051.67	0	-1383.93	0	-964.348	0	-1517.9	0	-1025.93	0	-923.068	0	-521.191	0	-566.605	0	-1026.24	0	-898.514	0	-785.621	0	-1045.75	0	-1545.82	0	-1048.68	0
-931.883	0	-2329.17	0	-644.752	0	-1779.69	0	-890.534	0	-954.973	0	-1163.66	0	-1398.63	0	-1086.72	0	-608.819	0	-1758.05	0	-1051.67	0	-1383.93	0	-964.353	0	-1517.9	0	-1025.95	0	-923.068	0	-521.191	0	-566.605	0	-1026.24	0	-898.543	0	-785.621	0	-1045.77	0	-1545.82	0	-1048.79	0
-931.897	0	-2329.17	0	-644.752	0	-1779.69	0	-890.534	0	-954.977	0	-1163.66	0	-1398.63	0	-1086.73	0	-608.819	0	-1758.05	0	-1051.69	0	-1383.93	0	-964.355	0	-1517.9	0	-1025.98	0	-923.068	0	-521.191	0	-566.605	0	-1026.24	0	-898.616	0	-785.621	0	-1045.8	0	-1545.82	0	-1048.86	0
-931.915	0	-2329.17	0	-645.873	0	-1779.69	0	-890.534	0	-954.981	0	-1163.66	0	-1398.63	0	-1086.76	0	-608.819	0	-1758.05	0	-1051.7	0	-1383.93	0	-964.357	0	-1517.9	0	-1025.99	0	-923.068	0	-521.191	0	-566.605	0	-1026.24	0	-898.704	0	-785.622	0	-1045.81	0	-1545.82	0	-1048.97	0
-931.925	0	-2329.17	0	-645.873	0	-1779.69	0	-890.534	0	-954.987	0	-1163.66	0	-1398.63	0	-1086.77	0	-608.819	0	-1758.05	0	-1051.71	0	-1383.93	0	-964.36	0	-1517.9	0	-1026.03	0	-923.068	0	-521.191	0	-566.605	0	-1026.24	0	-898.78	0	-785.622	0	-1045.82	0	-1545.82	0	-1049.04	0
-931.932	0	-2329.17	0	-645.873	0	-1779.69	0	-890.534	0	-954.993	0	-1163.66	0	-1398.63	0	-1086.78	0	-608.819	0	-1758.05	0	-1051.71	0	-1383.93	0	-964.362	0	-1517.9	0	-1026.04	0	-923.068	0	-521.191	0	-566.605	0	-1026.25	0	-898.804	0	-785.623	0	-1045.83	0	-1545.82	0	-1049.21	0
-931.954	0	-2329.17	0	-645.873	0	-1779.69	0	-890.534	0	-954.998	0	-1163.66	0	-1398.63	0	-1086.79	0	-608.819	0	-1758.05	0	-1051.73	0	-1383.93	0	-964.368	0	-1517.9	0	-1026.07	0	-923.068	0	-521.191	0	-566.605	0	-1026.25	0	-898.874	0	-785.623	0	-1045.85	0	-1545.82	0	-1049.37	0
-931.977	0	-2329.17	0	-646.839	0	-1779.69	0	-890.534	0	-954.999	0	-1163.66	0	-1398.63	0	-1086.82	0	-608.819	0	-1758.05	0	-1051.74	0	-1383.93	0	-964.371	0	-1517.9	0	-1026.1	0	-923.068	0	-521.191	0	-566.605	0	-1026.25	0	-898.935	0	-785.624	0	-1045.87	0	-1545.82	0	-1049.46	0
-931.985	0	-2329.17	0	-648.51	0	-1779.69	0	-890.534	0	-955.002	0	-1163.66	0	-1398.63	0	-1086.86	0	-608.819	0	-1758.05	0	-1051.75	0	-1383.93	0	-964.374	0	-1517.9	0	-1026.13	0	-923.068	0	-521.191	0	-566.605	0	-1026.25	0	-898.973	0	-785.625	0	-1045.9	0	-1545.82	0	-1049.61	0
-931.986	0	-2329.17	0	-649.064	0	-1779.69	0	-890.534	0	-955.005	0	-1163.66	0	-1398.63	0	-1086.93	0	-608.819	0	-1758.05	0	-1051.76	0	-1383.93	0	-964.378	0	-1517.9	0	-1026.15	0	-923.068	0	-521.191	0	-566.605	0	-1026.25	0	-898.989	0	-785.626	0	-1045.92	0	-1545.82	0	-1049.66	0
-931.997	0	-2329.17	0	-649.064	0	-1779.69	0	-890.534	0	-955.007	0	-1163.66	0	-1398.63	0	-1086.96	0	-608.819	0	-1758.05	0	-1051.78	0	-1383.93	0	-964.378	0	-1517.9	0	-1026.17	0	-923.164	0	-521.191	0	-566.605	0	-1026.25	0	-899.004	0	-785.627	0	-1045.92	0	-1545.82	0	-1049.74	0
-932.003	0	-2329.17	0	-649.988	0	-1779.69	0	-890.534	0	-955.01	0	-1163.66	0	-1398.63	0	-1086.99	0	-608.819	0	-1758.05	0	-1051.78	0	-1383.93	0	-964.38	0	-1517.9	0	-1026.19	0	-923.164	0	-521.191	0	-566.605	0	-1026.25	0	-899.045	0	-785.627	0	-1045.94	0	-1545.82	0	-1049.81	0
-932.006	0	-2329.26	0	-650.952	0	-1779.69	0	-890.534	0	-955.014	0	-1163.66	0	-1398.63	0	-1087	0	-608.819	0	-1758.05	0	-1051.79	0	-1383.93	0	-964.382	0	-1517.9	0	-1026.21	0	-923.164	0	-521.191	0	-566.605	0	-1026.26	0	-899.082	0	-785.628	0	-1045.95	0	-1545.82	0	-1049.86	0
-932.012	0	-2329.26	0	-652.478	0	-1779.69	0	-890.534	0	-955.016	0	-1163.66	0	-1398.63	0	-1087.02	0	-608.819	0	-1758.05	0	-1051.8	0	-1383.93	0	-964.383	0	-1517.9	0	-1026.25	0	-923.164	0	-521.191	0	-566.605	0	-1026.26	0	-899.105	0	-785.629	0	-1045.96	0	-1545.82	0	-1049.88	0
-932.02	0	-2329.26	0	-653.783	0	-1779.69	0	-890.534	0	-955.018	0	-1163.66	0	-1398.63	0	-1087.04	0	-608.819	0	-1758.05	0	-1051.81	0	-1383.93	0	-964.386	0	-1517.9	0	-1026.29	0	-923.164	0	-521.191	0	-566.605	0	-1026.26	0	-899.129	0	-785.63	0	-1045.97	0	-1545.82	0	-1049.92	0
-932.031	0	-2329.26	0	-653.783	0	-1779.69	0	-890.534	0	-955.02	0	-1163.66	0	-1398.63	0	-1087.05	0	-608.819	0	-1758.05	0	-1051.82	0	-1383.93	0	-964.387	0	-1517.9	0	-1026.33	0	-923.164	0	-521.191	0	-566.605	0	-1026.26	0	-899.149	0	-785.63	0	-1045.98	0	-1545.82	0	-1049.96	0
-932.047	0	-2329.26	0	-654.162	0	-1779.69	0	-890.534	0	-955.025	0	-1163.66	0	-1398.63	0	-1087.07	0	-608.819	0	-1758.05	0	-1051.83	0	-1383.93	0	-964.387	0	-1517.9	0	-1026.35	0	-923.164	0	-521.191	0	-566.605	0	-1026.26	0	-899.173	0	-785.631	0	-1046	0	-1545.82	0	-1050	0
-932.078	0	-2329.26	0	-656.042	0	-1779.69	0	-890.534	0	-955.03	0	-1163.66	0	-1398.63	0	-1087.09	0	-608.819	0	-1758.05	0	-1051.85	0	-1383.93	0	-964.388	0	-1517.9	0	-1026.38	0	-923.164	0	-521.191	0	-566.605	0	-1026.26	0	-899.204	0	-785.632	0	-1046.03	0	-1545.82	0	-1050.03	0
-932.105	0	-2329.26	0	-656.042	0	-1779.69	0	-890.534	0	-955.039	0	-1163.66	0	-1398.63	0	-1087.09	0	-608.819	0	-1758.05	0	-1051.88	0	-1383.93	0	-964.39	0	-1517.9	0	-1026.39	0	-923.164	0	-521.191	0	-566.605	0	-1026.26	0	-899.252	0	-785.633	0	-1046.04	0	-1545.82	0	-1050.04	0
-932.116	0	-2329.26	0	-657.564	0	-1779.69	0	-890.534	0	-955.051	0	-1163.66	0	-1398.63	0	-1087.1	0	-608.819	0	-1758.05	0	-1051.89	0	-1383.93	0	-964.391	0	-1517.9	0	-1026.4	0	-923.164	0	-521.191	0	-566.605	0	-1026.26	0	-899.272	0	-785.634	0	-1046.07	0	-1545.82	0	-1050.04	0
-932.137	0	-2329.43	0	-657.564	0	-1779.69	0	-890.534	0	-955.057	0	-1163.66	0	-1398.63	0	-1087.11	0	-608.819	0	-1758.05	0	-1051.9	0	-1383.93	0	-964.394	0	-1517.9	0	-1026.41	0	-923.164	0	-521.191	0	-566.605	0	-1026.26	0	-899.29	0	-785.634	0	-1046.09	0	-1545.82	0	-1050.06	0
-932.152	0	-2329.43	0	-658.434	0	-1779.69	0	-890.534	0	-955.065	0	-1163.66	0	-1398.63	0	-1087.12	0	-608.819	0	-1758.05	0	-1051.91	0	-1383.93	0	-964.397	0	-1517.9	0	-1026.42	0	-923.164	0	-521.191	0	-566.605	0	-1026.27	0	-899.313	0	-785.634	0	-1046.11	0	-1545.82	0	-1050.09	0
-932.162	0	-2329.43	0	-660.604	0	-1779.69	0	-890.534	0	-955.079	0	-1163.66	0	-1398.63	0	-1087.12	0	-608.819	0	-1758.05	0	-1051.93	0	-1383.93	0	-964.4	0	-1517.9	0	-1026.44	0	-923.164	0	-521.191	0	-566.605	0	-1026.27	0	-899.323	0	-785.634	0	-1046.12	0	-1545.82	0	-1050.11	0
-932.174	0	-2329.43	0	-660.688	0	-1779.69	0	-890.534	0	-955.084	0	-1163.66	0	-1398.63	0	-1087.13	0	-608.819	0	-1758.05	0	-1051.94	0	-1383.93	0	-964.403	0	-1517.9	0	-1026.45	0	-923.164	0	-521.191	0	-566.605	0	-1026.27	0	-899.366	0	-785.635	0	-1046.13	0	-1545.82	0	-1050.13	0
-932.188	0	-2330.51	0	-662.142	0	-1779.69	0	-890.534	0	-955.09	0	-1163.66	0	-1398.63	0	-1087.14	0	-608.819	0	-1758.05	0	-1051.94	0	-1383.93	0	-964.405	0	-1517.9	0	-1026.47	0	-923.164	0	-521.191	0	-566.605	0	-1026.27	0	-899.392	0	-785.635	0	-1046.14	0	-1545.82	0	-1050.18	0
-932.195	0	-2330.51	0	-663.552	0	-1779.69	0	-890.534	0	-955.095	0	-1163.66	0	-1398.63	0	-1087.15	0	-608.819	0	-1758.05	0	-1051.95	0	-1383.93	0	-964.407	0	-1517.9	0	-1026.51	0	-923.164	0	-521.191	0	-566.605	0	-1026.27	0	-899.44	0	-785.635	0	-1046.15	0	-1545.82	0	-1050.2	0
-932.208	0	-2330.51	0	-665.312	0	-1779.69	0	-890.534	0	-955.101	0	-1163.66	0	-1398.63	0	-1087.15	0	-608.819	0	-1758.05	0	-1051.95	0	-1383.93	0	-964.41	0	-1517.9	0	-1026.54	0	-923.91	0	-521.191	0	-566.605	0	-1026.27	0	-899.545	0	-785.636	0	-1046.16	0	-1545.82	0	-1050.23	0
-932.224	0	-2330.51	0	-666.558	0	-1779.69	0	-890.534	0	-955.106	0	-1163.66	0	-1398.63	0	-1087.15	0	-608.819	0	-1758.05	0	-1051.96	0	-1383.93	0	-964.411	0	-1517.97	0	-1026.57	0	-923.91	0	-521.191	0	-566.605	0	-1026.27	0	-899.585	0	-785.636	0	-1046.17	0	-1545.82	0	-1050.27	0
-932.235	0	-2330.51	0	-666.989	0	-1779.69	0	-890.534	0	-955.111	0	-1163.66	0	-1398.63	0	-1087.16	0	-608.819	0	-1758.05	0	-1051.96	0	-1383.93	0	-964.412	0	-1517.97	0	-1026.58	0	-923.91	0	-521.191	0	-566.605	0	-1026.27	0	-899.626	0	-785.637	0	-1046.17	0	-1545.82	0	-1050.29	0
-932.239	0	-2330.51	0	-667.974	0	-1779.69	0	-890.534	0	-955.12	0	-1163.66	0	-1398.63	0	-1087.16	0	-608.819	0	-1758.05	0	-1051.97	0	-1383.93	0	-964.413	0	-1517.97	0	-1026.61	0	-923.91	0	-521.191	0	-566.605	0	-1026.27	0	-899.672	0	-785.637	0	-1046.19	0	-1545.82	0	-1050.33	0
-932.25	0	-2330.51	0	-668.862	0	-1779.69	0	-890.534	0	-955.131	0	-1163.66	0	-1398.63	0	-1087.16	0	-608.819	0	-1758.05	0	-1051.97	0	-1383.93	0	-964.414	0	-1517.97	0	-1026.63	0	-923.91	0	-521.191	0	-566.605	0	-1026.27	0	-899.739	0	-785.638	0	-1046.2	0	-1545.82	0	-1050.37	0
-932.255	0	-2330.51	0	-669.791	0	-1779.69	0	-890.534	0	-955.137	0	-1163.66	0	-1398.63	0	-1087.17	0	-608.819	0	-1758.05	0	-1051.97	0	-1383.93	0	-964.415	0	-1517.97	0	-1026.65	0	-923.91	0	-521.191	0	-566.605	0	-1026.27	0	-899.777	0	-785.638	0	-1046.2	0	-1545.82	0	-1050.39	0
-932.258	0	-2330.51	0	-671.071	0	-1779.69	0	-890.534	0	-955.143	0	-1163.66	0	-1398.63	0	-1087.17	0	-608.819	0	-1758.05	0	-1051.97	0	-1383.93	0	-964.415	0	-1517.97	0	-1026.67	0	-923.91	0	-521.191	0	-566.605	0	-1026.27	0	-899.858	0	-785.639	0	-1046.21	0	-1545.82	0	-1050.44	0
-932.264	0	-2330.51	0	-671.545	0	-1779.69	0	-890.534	0	-955.153	0	-1163.66	0	-1398.63	0	-1087.17	0	-608.819	0	-1758.05	0	-1051.98	0	-1383.93	0	-964.416	0	-1517.97	0	-1026.68	0	-923.91	0	-521.191	0	-566.605	0	-1026.27	0	-899.892	0	-785.64	0	-1046.21	0	-1545.82	0	-1050.45	0
-932.266	0	-2330.51	0	-673.629	0	-1779.69	0	-890.534	0	-955.161	0	-1163.66	0	-1398.63	0	-1087.17	0	-608.819	0	-1758.05	0	-1051.98	0	-1383.93	0	-964.416	0	-1517.97	0	-1026.72	0	-923.91	0	-521.191	0	-566.605	0	-1026.27	0	-899.938	0	-785.64	0	-1046.23	0	-1545.82	0	-1050.49	0
-932.272	0	-2332.07	0	-674.855	0	-1779.69	0	-890.534	0	-955.168	0	-1163.66	0	-1398.63	0	-1087.18	0	-608.819	0	-1758.05	0	-1051.99	0	-1383.93	0	-964.417	0	-1517.97	0	-1026.73	0	-924.077	0	-521.191	0	-566.605	0	-1026.27	0	-899.961	0	-785.641	0	-1046.23	0	-1545.82	0	-1050.49	0
-932.288	0	-2332.07	0	-675.56	0	-1779.69	0	-890.534	0	-955.179	0	-1163.66	0	-1398.63	0	-1087.19	0	-608.819	0	-1758.05	0	-1052	0	-1383.93	0	-964.418	0	-1517.97	0	-1026.74	0	-924.077	0	-521.191	0	-566.605	0	-1026.27	0	-899.978	0	-785.641	0	-1046.24	0	-1545.82	0	-1050.52	0
-932.299	0	-2332.07	0	-676.759	0	-1779.69	0	-890.534	0	-955.182	0	-1163.66	0	-1398.63	0	-1087.2	0	-608.819	0	-1758.05	0	-1052	0	-1383.93	0	-964.419	0	-1517.97	0	-1026.76	0	-924.077	0	-526.802	0	-566.605	0	-1026.27	0	-899.998	0	-785.642	0	-1046.24	0	-1545.82	0	-1050.54	0
-932.303	0	-2332.07	0	-677.45	0	-1779.69	0	-890.534	0	-955.187	0	-1163.66	0	-1398.63	0	-1087.21	0	-608.819	0	-1758.05	0	-1052.01	0	-1383.93	0	-964.42	0	-1517.97	0	-1026.77	0	-924.077	0	-526.802	0	-566.605	0	-1026.27	0	-900.008	0	-785.642	0	-1046.25	0	-1545.82	0	-1050.59	0
-932.309	0	-2332.07	0	-678.599	0	-1779.69	0	-890.534	0	-955.19	0	-1163.66	0	-1398.63	0	-1087.22	0	-608.819	0	-1758.05	0	-1052.01	0	-1383.93	0	-964.424	0	-1517.97	0	-1026.78	0	-924.077	0	-526.802	0	-566.605	0	-1026.27	0	-900.062	0	-785.643	0	-1046.26	0	-1545.82	0	-1050.6	0
-932.314	0	-2332.07	0	-679.486	0	-1779.69	0	-890.534	0	-955.195	0	-1163.66	0	-1398.63	0	-1087.22	0	-608.819	0	-1758.05	0	-1052.02	0	-1383.93	0	-964.425	0	-1517.97	0	-1026.79	0	-924.077	0	-526.802	0	-566.605	0	-1026.27	0	-900.079	0	-785.643	0	-1046.26	0	-1545.82	0	-1050.61	0
-932.32	0	-2332.07	0	-680.44	0	-1779.69	0	-890.534	0	-955.2	0	-1163.66	0	-1398.63	0	-1087.24	0	-608.819	0	-1758.05	0	-1052.02	0	-1383.93	0	-964.428	0	-1517.97	0	-1026.81	0	-924.077	0	-526.802	0	-566.605	0	-1026.27	0	-900.162	0	-785.643	0	-1046.27	0	-1545.82	0	-1050.62	0
-932.332	0	-2332.07	0	-681.382	0	-1779.69	0	-890.534	0	-955.206	0	-1163.66	0	-1398.63	0	-1087.25	0	-608.819	0	-1758.05	0	-1052.02	0	-1383.93	0	-964.429	0	-1517.97	0	-1026.82	0	-924.077	0	-526.802	0	-566.605	0	-1026.27	0	-900.243	0	-785.644	0	-1046.28	0	-1545.82	0	-1050.66	0
-932.34	0	-2332.07	0	-682.09	0	-1779.69	0	-890.534	0	-955.21	0	-1163.66	0	-1398.63	0	-1087.27	0	-608.819	0	-1758.05	0	-1052.03	0	-1383.93	0	-964.431	0	-1517.97	0	-1026.83	0	-924.077	0	-526.802	0	-566.605	0	-1026.27	0	-900.334	0	-785.644	0	-1046.28	0	-1545.82	0	-1050.69	0
-932.348	0	-2332.07	0	-682.87	0	-1779.69	0	-890.534	0	-955.227	0	-1163.66	0	-1398.63	0	-1087.27	0	-608.819	0	-1758.05	0	-1052.04	0	-1383.93	0	-964.433	0	-1517.97	0	-1026.84	0	-924.077	0	-526.802	0	-566.605	0	-1026.27	0	-900.424	0	-785.645	0	-1046.3	0	-1545.82	0	-1050.75	0
-932.353	0	-2332.07	0	-683.38	0	-1779.69	0	-890.534	0	-955.227	0	-1163.66	0	-1398.63	0	-1087.27	0	-608.819	0	-1758.05	0	-1052.05	0	-1383.93	0	-964.435	0	-1517.97	0	-1026.86	0	-924.077	0	-526.802	0	-566.605	0	-1026.27	0	-900.534	0	-785.645	0	-1046.31	0	-1545.82	0	-1050.8	0
-932.356	0	-2332.07	0	-683.961	0	-1779.69	0	-890.534	0	-955.234	0	-1163.66	0	-1398.63	0	-1087.28	0	-608.819	0	-1758.05	0	-1052.06	0	-1383.93	0	-964.437	0	-1517.97	0	-1026.87	0	-924.077	0	-526.802	0	-566.605	0	-1026.27	0	-900.747	0	-785.646	0	-1046.32	0	-1545.82	0	-1050.88	0
-932.358	0	-2332.07	0	-684.312	0	-1779.69	0	-890.534	0	-955.239	0	-1163.66	0	-1398.63	0	-1087.28	0	-608.819	0	-1758.05	0	-1052.06	0	-1383.93	0	-964.442	0	-1517.97	0	-1026.88	0	-924.077	0	-526.802	0	-566.605	0	-1026.28	0	-900.866	0	-785.646	0	-1046.34	0	-1545.82	0	-1050.97	0
-932.365	0	-2332.07	0	-684.636	0	-1779.69	0	-890.534	0	-955.256	0	-1163.66	0	-1398.63	0	-1087.29	0	-608.819	0	-1758.05	0	-1052.07	0	-1383.93	0	-964.446	0	-1517.97	0	-1026.88	0	-924.077	0	-527.159	0	-566.605	0	-1026.28	0	-901.197	0	-785.646	0	-1046.35	0	-1545.82	0	-1051	0
-932.372	0	-2332.07	0	-684.898	0	-1779.69	0	-890.534	0	-955.272	0	-1163.66	0	-1398.63	0	-1087.3	0	-608.819	0	-1758.05	0	-1052.07	0	-1383.93	0	-964.45	0	-1517.97	0	-1026.89	0	-924.077	0	-527.159	0	-566.605	0	-1026.28	0	-901.334	0	-785.647	0	-1046.35	0	-1545.82	0	-1051.04	0
-932.378	0	-2332.07	0	-685.36	0	-1779.69	0	-890.534	0	-955.287	0	-1163.66	0	-1398.63	0	-1087.31	0	-608.819	0	-1758.05	0	-1052.07	0	-1383.93	0	-964.454	0	-1517.97	0	-1026.89	0	-924.077	0	-527.159	0	-566.605	0	-1026.28	0	-901.616	0	-785.647	0	-1046.36	0	-1545.82	0	-1051.15	0
-932.388	0	-2332.07	0	-686.162	0	-1779.69	0	-890.534	0	-955.294	0	-1163.66	0	-1398.63	0	-1087.32	0	-608.819	0	-1758.05	0	-1052.07	0	-1383.93	0	-964.457	0	-1517.97	0	-1026.91	0	-924.077	0	-527.159	0	-566.605	0	-1026.28	0	-901.709	0	-785.647	0	-1046.37	0	-1545.82	0	-1051.19	0
-932.396	0	-2332.07	0	-686.536	0	-1779.69	0	-890.534	0	-955.302	0	-1163.66	0	-1398.63	0	-1087.33	0	-608.819	0	-1758.05	0	-1052.08	0	-1383.93	0	-964.46	0	-1517.97	0	-1026.93	0	-924.077	0	-527.159	0	-566.605	0	-1026.28	0	-901.767	0	-785.648	0	-1046.37	0	-1545.82	0	-1051.21	0
-932.406	0	-2332.07	0	-686.695	0	-1779.69	0	-890.534	0	-955.315	0	-1163.66	0	-1398.63	0	-1087.34	0	-608.819	0	-1758.05	0	-1052.09	0	-1383.93	0	-964.464	0	-1517.97	0	-1026.95	0	-924.077	0	-527.159	0	-566.605	0	-1026.28	0	-901.832	0	-785.648	0	-1046.38	0	-1545.82	0	-1051.23	0
-932.413	0	-2332.07	0	-687.195	0	-1779.69	0	-890.534	0	-955.33	0	-1163.66	0	-1398.63	0	-1087.35	0	-608.819	0	-1758.05	0	-1052.09	0	-1383.93	0	-964.466	0	-1517.97	0	-1026.96	0	-924.077	0	-527.159	0	-566.605	0	-1026.28	0	-901.853	0	-785.648	0	-1046.39	0	-1545.82	0	-1051.35	0
-932.421	0	-2332.07	0	-687.619	0	-1779.69	0	-890.534	0	-955.339	0	-1163.66	0	-1398.63	0	-1087.35	0	-608.819	0	-1758.05	0	-1052.09	0	-1383.93	0	-964.468	0	-1517.97	0	-1026.97	0	-924.077	0	-527.159	0	-566.605	0	-1026.28	0	-901.908	0	-785.649	0	-1046.39	0	-1545.82	0	-1051.4	0
-932.474	0	-2332.07	0	-688.037	0	-1779.69	0	-890.534	0	-955.349	0	-1163.66	0	-1398.63	0	-1087.35	0	-608.819	0	-1758.05	0	-1052.1	0	-1383.93	0	-964.471	0	-1517.97	0	-1026.98	0	-924.077	0	-527.159	0	-566.605	0	-1026.28	0	-901.985	0	-785.649	0	-1046.4	0	-1545.82	0	-1051.46	0
-932.474	0	-2332.07	0	-688.189	0	-1779.69	0	-890.534	0	-955.357	0	-1163.66	0	-1398.63	0	-1087.36	0	-608.819	0	-1758.05	0	-1052.11	0	-1383.93	0	-964.473	0	-1517.97	0	-1026.99	0	-924.077	0	-527.159	0	-566.605	0	-1026.28	0	-902.028	0	-785.649	0	-1046.41	0	-1545.82	0	-1051.5	0
-932.543	0	-2332.07	0	-688.37	0	-1779.69	0	-890.534	0	-955.36	0	-1163.66	0	-1398.63	0	-1087.37	0	-608.819	0	-1758.05	0	-1052.11	0	-1383.93	0	-964.473	0	-1517.97	0	-1027	0	-924.077	0	-527.159	0	-566.605	0	-1026.28	0	-902.091	0	-785.649	0	-1046.42	0	-1545.82	0	-1051.53	0
-932.593	0	-2332.07	0	-688.501	0	-1779.69	0	-890.534	0	-955.368	0	-1163.66	0	-1398.63	0	-1087.37	0	-608.819	0	-1758.05	0	-1052.11	0	-1383.93	0	-964.475	0	-1517.97	0	-1027	0	-924.077	0	-527.159	0	-566.605	0	-1026.28	0	-902.129	0	-785.65	0	-1046.46	0	-1545.82	0	-1051.55	0
-932.683	0	-2332.07	0	-688.721	0	-1779.69	0	-890.534	0	-955.37	0	-1163.66	0	-1398.63	0	-1087.38	0	-608.819	0	-1758.05	0	-1052.12	0	-1383.93	0	-964.477	0	-1517.97	0	-1027.01	0	-924.077	0	-527.159	0	-566.605	0	-1026.28	0	-902.195	0	-785.65	0	-1046.51	0	-1545.82	0	-1051.57	0
-932.748	0	-2332.07	0	-690.123	0	-1779.69	0	-890.534	0	-955.374	0	-1163.66	0	-1398.63	0	-1087.39	0	-608.819	0	-1758.05	0	-1052.13	0	-1383.93	0	-964.479	0	-1517.97	0	-1027.02	0	-924.077	0	-527.159	0	-566.605	0	-1026.28	0	-902.252	0	-785.65	0	-1046.59	0	-1545.82	0	-1051.6	0
-932.803	0	-2332.07	0	-692.06	0	-1779.69	0	-890.534	0	-955.382	0	-1163.66	0	-1398.63	0	-1087.39	0	-608.819	0	-1758.05	0	-1052.14	0	-1383.93	0	-964.481	0	-1517.97	0	-1027.03	0	-924.077	0	-527.159	0	-566.605	0	-1026.28	0	-902.272	0	-785.65	0	-1046.67	0	-1545.82	0	-1051.63	0
-932.832	0	-2332.07	0	-693.51	0	-1779.69	0	-890.534	0	-955.388	0	-1163.66	0	-1398.63	0	-1087.4	0	-608.819	0	-1758.05	0	-1052.15	0	-1383.93	0	-964.481	0	-1517.97	0	-1027.04	0	-924.077	0	-527.159	0	-566.605	0	-1026.28	0	-902.319	0	-785.651	0	-1046.75	0	-1545.82	0	-1051.7	0
-932.868	0	-2332.07	0	-694.613	0	-1779.69	0	-890.534	0	-955.396	0	-1163.66	0	-1398.63	0	-1087.4	0	-608.819	0	-1758.05	0	-1052.16	0	-1383.93	0	-964.482	0	-1517.97	0	-1027.04	0	-925.271	0	-527.159	0	-566.605	0	-1026.28	0	-902.351	0	-785.651	0	-1046.78	0	-1545.82	0	-1051.79	0
-932.88	0	-2332.07	0	-694.907	0	-1779.69	0	-890.534	0	-955.399	0	-1163.66	0	-1398.63	0	-1087.4	0	-608.819	0	-1758.05	0	-1052.19	0	-1383.93	0	-964.485	0	-1517.97	0	-1027.04	0	-925.271	0	-527.159	0	-566.605	0	-1026.28	0	-902.367	0	-785.651	0	-1046.8	0	-1545.82	0	-1051.91	0
-932.895	0	-2332.07	0	-695.443	0	-1779.69	0	-890.534	0	-955.401	0	-1163.66	0	-1398.63	0	-1087.4	0	-608.819	0	-1758.05	0	-1052.2	0	-1383.93	0	-964.486	0	-1517.97	0	-1027.04	0	-925.271	0	-527.159	0	-566.605	0	-1026.28	0	-902.377	0	-785.652	0	-1046.81	0	-1545.82	0	-1051.97	0
-932.912	0	-2332.07	0	-696.303	0	-1779.69	0	-890.534	0	-955.405	0	-1163.66	0	-1398.63	0	-1087.41	0	-608.819	0	-1758.05	0	-1052.21	0	-1383.93	0	-964.488	0	-1517.97	0	-1027.05	0	-925.271	0	-527.159	0	-566.605	0	-1026.28	0	-902.394	0	-785.652	0	-1046.82	0	-1545.82	0	-1052.01	0
-932.937	0	-2332.07	0	-696.772	0	-1779.69	0	-890.534	0	-955.407	0	-1163.66	0	-1398.63	0	-1087.41	0	-608.819	0	-1758.05	0	-1052.22	0	-1383.93	0	-964.49	0	-1518	0	-1027.05	0	-925.271	0	-527.159	0	-566.605	0	-1026.28	0	-902.412	0	-785.652	0	-1046.83	0	-1545.82	0	-1052.08	0
-932.96	0	-2332.07	0	-697.184	0	-1779.69	0	-890.534	0	-955.41	0	-1163.66	0	-1398.63	0	-1087.42	0	-608.819	0	-1758.05	0	-1052.23	0	-1383.93	0	-964.494	0	-1518.09	0	-1027.06	0	-925.271	0	-527.159	0	-566.605	0	-1026.28	0	-902.44	0	-785.652	0	-1046.86	0	-1545.82	0	-1052.13	0
-932.981	0	-2332.07	0	-697.769	0	-1779.69	0	-890.534	0	-955.413	0	-1163.66	0	-1398.63	0	-1087.42	0	-608.819	0	-1758.05	0	-1052.23	0	-1383.93	0	-964.495	0	-1518.09	0	-1027.07	0	-925.427	0	-527.159	0	-566.605	0	-1026.28	0	-902.47	0	-785.653	0	-1046.9	0	-1545.82	0	-1052.18	0
-932.997	0	-2332.07	0	-698.271	0	-1779.69	0	-890.534	0	-955.42	0	-1163.66	0	-1398.63	0	-1087.42	0	-608.819	0	-1758.05	0	-1052.24	0	-1383.93	0	-964.496	0	-1518.09	0	-1027.07	0	-925.427	0	-527.159	0	-566.605	0	-1026.28	0	-902.54	0	-785.653	0	-1046.92	0	-1545.82	0	-1052.19	0
-932.998	0	-2332.07	0	-698.915	0	-1779.69	0	-890.534	0	-955.424	0	-1163.66	0	-1398.63	0	-1087.43	0	-608.819	0	-1758.05	0	-1052.24	0	-1383.93	0	-964.497	0	-1518.09	0	-1027.08	0	-925.427	0	-528.286	0	-566.605	0	-1026.28	0	-902.572	0	-785.653	0	-1046.95	0	-1545.82	0	-1052.23	0
-933.017	0	-2332.07	0	-699.444	0	-1779.69	0	-890.571	0	-955.428	0	-1163.66	0	-1398.63	0	-1087.43	0	-608.819	0	-1758.05	0	-1052.24	0	-1383.93	0	-964.5	0	-1518.09	0	-1027.09	0	-925.427	0	-528.286	0	-566.605	0	-1026.28	0	-902.607	0	-785.653	0	-1046.96	0	-1545.82	0	-1052.26	0
-933.023	0	-2332.07	0	-700.056	0	-1779.69	0	-890.571	0	-955.429	0	-1163.66	0	-1398.63	0	-1087.43	0	-608.819	0	-1758.05	0	-1052.25	0	-1383.93	0	-964.504	0	-1518.09	0	-1027.1	0	-925.427	0	-528.286	0	-566.605	0	-1026.28	0	-902.689	0	-785.653	0	-1046.97	0	-1545.82	0	-1052.28	0
-933.032	0	-2332.07	0	-700.7	0	-1779.69	0	-890.571	0	-955.433	0	-1163.66	0	-1398.63	0	-1087.43	0	-608.819	0	-1758.05	0	-1052.26	0	-1383.93	0	-964.508	0	-1518.09	0	-1027.1	0	-925.427	0	-528.286	0	-566.605	0	-1026.28	0	-902.748	0	-785.654	0	-1047	0	-1545.82	0	-1052.3	0
-933.048	0	-2332.07	0	-701.214	0	-1779.69	0	-891.058	0	-955.435	0	-1163.66	0	-1398.63	0	-1087.43	0	-608.819	0	-1758.05	0	-1052.27	0	-1383.93	0	-964.511	0	-1518.09	0	-1027.11	0	-925.427	0	-528.286	0	-566.605	0	-1026.28	0	-902.798	0	-785.654	0	-1047	0	-1545.82	0	-1052.33	0
-933.071	0	-2332.07	0	-701.363	0	-1779.69	0	-891.058	0	-955.436	0	-1163.66	0	-1398.63	0	-1087.43	0	-608.819	0	-1758.05	0	-1052.28	0	-1383.93	0	-964.515	0	-1518.09	0	-1027.11	0	-925.427	0	-528.286	0	-566.76	0	-1026.28	0	-902.818	0	-785.654	0	-1047.02	0	-1545.82	0	-1052.36	0
-933.084	0	-2332.07	0	-701.634	0	-1779.69	0	-891.058	0	-955.438	0	-1163.66	0	-1398.63	0	-1087.43	0	-608.819	0	-1758.05	0	-1052.29	0	-1383.93	0	-964.516	0	-1518.09	0	-1027.12	0	-925.427	0	-528.286	0	-566.76	0	-1026.29	0	-902.87	0	-785.655	0	-1047.04	0	-1545.82	0	-1052.4	0
-933.099	0	-2332.07	0	-701.89	0	-1779.69	0	-891.058	0	-955.439	0	-1163.66	0	-1398.63	0	-1087.43	0	-608.819	0	-1758.05	0	-1052.3	0	-1383.93	0	-964.518	0	-1518.09	0	-1027.14	0	-925.427	0	-528.484	0	-566.868	0	-1026.29	0	-902.907	0	-785.655	0	-1047.06	0	-1545.82	0	-1052.43	0
-933.111	0	-2332.07	0	-702.109	0	-1779.69	0	-891.058	0	-955.441	0	-1163.66	0	-1398.63	0	-1087.44	0	-608.819	0	-1758.05	0	-1052.31	0	-1383.93	0	-964.519	0	-1518.09	0	-1027.16	0	-925.427	0	-528.484	0	-566.868	0	-1026.29	0	-902.973	0	-785.655	0	-1047.06	0	-1545.82	0	-1052.44	0
-933.12	0	-2332.07	0	-702.484	0	-1779.69	0	-891.058	0	-955.445	0	-1163.66	0	-1398.63	0	-1087.44	0	-608.819	0	-1758.05	0	-1052.32	0	-1383.93	0	-964.521	0	-1518.09	0	-1027.18	0	-925.427	0	-528.484	0	-566.868	0	-1026.29	0	-903.027	0	-785.655	0	-1047.08	0	-1545.82	0	-1052.46	0
-933.128	0	-2332.07	0	-702.815	0	-1779.69	0	-891.058	0	-955.448	0	-1163.66	0	-1398.63	0	-1087.44	0	-608.819	0	-1758.05	0	-1052.34	0	-1383.93	0	-964.522	0	-1518.09	0	-1027.19	0	-925.427	0	-528.484	0	-566.868	0	-1026.29	0	-903.054	0	-785.656	0	-1047.1	0	-1545.82	0	-1052.47	0
-933.141	0	-2332.07	0	-702.896	0	-1779.69	0	-891.058	0	-955.455	0	-1163.66	0	-1398.63	0	-1087.44	0	-608.819	0	-1758.05	0	-1052.36	0	-1383.93	0	-964.523	0	-1518.09	0	-1027.2	0	-925.427	0	-528.484	0	-566.868	0	-1026.29	0	-903.089	0	-785.656	0	-1047.11	0	-1545.82	0	-1052.48	0
-933.153	0	-2332.07	0	-703.128	0	-1779.69	0	-891.058	0	-955.465	0	-1163.66	0	-1398.63	0	-1087.44	0	-608.819	0	-1758.05	0	-1052.37	0	-1383.93	0	-964.525	0	-1518.09	0	-1027.22	0	-925.427	0	-528.484	0	-566.868	0	-1026.29	0	-903.146	0	-785.656	0	-1047.12	0	-1545.82	0	-1052.51	0
-933.162	0	-2332.07	0	-703.306	0	-1779.69	0	-891.058	0	-955.468	0	-1163.66	0	-1398.63	0	-1087.44	0	-608.819	0	-1758.05	0	-1052.39	0	-1383.93	0	-964.526	0	-1518.09	0	-1027.23	0	-925.427	0	-528.484	0	-566.868	0	-1026.29	0	-903.221	0	-785.656	0	-1047.13	0	-1545.82	0	-1052.53	0
-933.169	0	-2332.07	0	-703.7	0	-1779.69	0	-891.058	0	-955.473	0	-1163.66	0	-1398.63	0	-1087.44	0	-608.819	0	-1758.05	0	-1052.42	0	-1383.93	0	-964.528	0	-1518.09	0	-1027.25	0	-925.427	0	-528.484	0	-566.868	0	-1026.29	0	-903.286	0	-785.656	0	-1047.14	0	-1545.82	0	-1052.54	0
-933.172	0	-2332.07	0	-703.873	0	-1779.69	0	-891.058	0	-955.48	0	-1163.66	0	-1398.63	0	-1087.44	0	-608.819	0	-1758.05	0	-1052.43	0	-1383.93	0	-964.531	0	-1518.09	0	-1027.26	0	-925.427	0	-528.484	0	-566.868	0	-1026.29	0	-903.326	0	-785.656	0	-1047.17	0	-1545.82	0	-1052.55	0
-933.183	0	-2332.07	0	-704.096	0	-1779.69	0	-891.058	0	-955.483	0	-1163.66	0	-1398.63	0	-1087.45	0	-608.819	0	-1758.05	0	-1052.44	0	-1383.93	0	-964.533	0	-1518.11	0	-1027.27	0	-925.427	0	-528.94	0	-566.868	0	-1026.29	0	-903.356	0	-785.656	0	-1047.19	0	-1545.82	0	-1052.58	0
-933.194	0	-2332.07	0	-704.293	0	-1779.69	0	-891.058	0	-955.487	0	-1163.66	0	-1398.63	0	-1087.45	0	-608.819	0	-1758.05	0	-1052.45	0	-1383.93	0	-964.535	0	-1518.11	0	-1027.28	0	-925.427	0	-528.94	0	-566.868	0	-1026.29	0	-903.417	0	-785.657	0	-1047.2	0	-1545.82	0	-1052.61	0
-933.21	0	-2332.07	0	-704.817	0	-1779.69	0	-891.058	0	-955.489	0	-1163.66	0	-1398.66	0	-1087.45	0	-608.819	0	-1758.05	0	-1052.46	0	-1383.93	0	-964.536	0	-1518.11	0	-1027.29	0	-925.427	0	-528.94	0	-566.868	0	-1026.29	0	-903.471	0	-785.657	0	-1047.21	0	-1545.82	0	-1052.63	0
-933.222	0	-2332.07	0	-705.125	0	-1779.69	0	-891.058	0	-955.491	0	-1163.66	0	-1398.66	0	-1087.45	0	-608.819	0	-1758.05	0	-1052.48	0	-1383.93	0	-964.538	0	-1518.11	0	-1027.33	0	-925.427	0	-529.524	0	-566.868	0	-1026.29	0	-903.535	0	-785.657	0	-1047.21	0	-1545.82	0	-1052.64	0
-933.235	0	-2332.07	0	-705.402	0	-1779.69	0	-891.058	0	-955.502	0	-1163.66	0	-1398.66	0	-1087.45	0	-608.819	0	-1758.05	0	-1052.48	0	-1383.93	0	-964.541	0	-1518.11	0	-1027.35	0	-925.427	0	-529.524	0	-566.868	0	-1026.29	0	-903.595	0	-785.657	0	-1047.22	0	-1545.82	0	-1052.65	0
-933.246	0	-2332.07	0	-705.821	0	-1779.69	0	-891.058	0	-955.51	0	-1163.66	0	-1398.66	0	-1087.46	0	-608.819	0	-1758.05	0	-1052.49	0	-1383.93	0	-964.544	0	-1518.11	0	-1027.38	0	-925.427	0	-529.524	0	-566.868	0	-1026.29	0	-903.629	0	-785.657	0	-1047.22	0	-1545.82	0	-1052.67	0
-933.264	0	-2332.07	0	-706.011	0	-1779.69	0	-891.058	0	-955.527	0	-1163.66	0	-1398.66	0	-1087.47	0	-608.819	0	-1758.05	0	-1052.5	0	-1383.93	0	-964.544	0	-1518.11	0	-1027.39	0	-925.427	0	-529.524	0	-566.868	0	-1026.29	0	-903.672	0	-785.657	0	-1047.23	0	-1545.82	0	-1052.68	0
-933.285	0	-2332.07	0	-706.27	0	-1779.69	0	-891.058	0	-955.553	0	-1163.66	0	-1398.66	0	-1087.47	0	-608.819	0	-1758.05	0	-1052.51	0	-1383.93	0	-964.545	0	-1518.11	0	-1027.42	0	-925.427	0	-529.524	0	-566.868	0	-1026.29	0	-903.718	0	-785.657	0	-1047.24	0	-1545.82	0	-1052.69	0
-933.299	0	-2332.07	0	-706.542	0	-1779.69	0	-891.058	0	-955.586	0	-1163.66	0	-1398.66	0	-1087.48	0	-608.819	0	-1758.05	0	-1052.52	0	-1383.93	0	-964.546	0	-1518.11	0	-1027.44	0	-925.427	0	-529.524	0	-566.868	0	-1026.29	0	-903.753	0	-785.658	0	-1047.25	0	-1545.82	0	-1052.71	0
-933.318	0	-2332.07	0	-706.72	0	-1779.69	0	-891.058	0	-955.603	0	-1163.66	0	-1398.66	0	-1087.48	0	-608.819	0	-1758.05	0	-1052.53	0	-1383.93	0	-964.547	0	-1518.11	0	-1027.46	0	-925.427	0	-529.524	0	-566.868	0	-1026.29	0	-903.778	0	-785.658	0	-1047.25	0	-1545.82	0	-1052.72	0
-933.34	0	-2332.07	0	-707.179	0	-1779.69	0	-891.058	0	-955.61	0	-1163.66	0	-1398.66	0	-1087.49	0	-608.819	0	-1758.05	0	-1052.54	0	-1383.93	0	-964.548	0	-1518.11	0	-1027.47	0	-925.427	0	-529.524	0	-566.868	0	-1026.29	0	-903.821	0	-785.659	0	-1047.26	0	-1545.82	0	-1052.74	0
-933.351	0	-2332.07	0	-707.54	0	-1779.69	0	-891.058	0	-955.63	0	-1163.66	0	-1398.66	0	-1087.49	0	-608.819	0	-1758.05	0	-1052.55	0	-1383.93	0	-964.549	0	-1518.11	0	-1027.48	0	-925.427	0	-529.524	0	-566.868	0	-1026.29	0	-903.838	0	-785.659	0	-1047.26	0	-1545.82	0	-1052.74	0
-933.362	0	-2332.07	0	-707.764	0	-1779.69	0	-891.058	0	-955.64	0	-1163.66	0	-1398.66	0	-1087.5	0	-608.819	0	-1758.05	0	-1052.55	0	-1383.93	0	-964.55	0	-1518.11	0	-1027.5	0	-925.427	0	-529.931	0	-566.868	0	-1026.29	0	-903.848	0	-785.66	0	-1047.26	0	-1545.82	0	-1052.75	0
-933.372	0	-2332.07	0	-707.953	0	-1779.69	0	-891.058	0	-955.657	0	-1163.66	0	-1398.66	0	-1087.51	0	-608.819	0	-1758.05	0	-1052.56	0	-1383.93	0	-964.551	0	-1518.12	0	-1027.51	0	-925.465	0	-530.757	0	-566.868	0	-1026.29	0	-903.87	0	-785.661	0	-1047.26	0	-1545.82	0	-1052.76	0
-933.384	0	-2332.07	0	-708.203	0	-1779.69	0	-891.058	0	-955.663	0	-1163.66	0	-1398.66	0	-1087.51	0	-608.819	0	-1758.05	0	-1052.57	0	-1383.93	0	-964.553	0	-1518.12	0	-1027.52	0	-925.465	0	-530.757	0	-566.868	0	-1026.29	0	-903.894	0	-785.662	0	-1047.26	0	-1545.82	0	-1052.76	0
-933.399	0	-2332.07	0	-708.54	0	-1779.69	0	-891.058	0	-955.675	0	-1163.66	0	-1398.66	0	-1087.52	0	-608.819	0	-1758.05	0	-1052.58	0	-1383.93	0	-964.554	0	-1518.12	0	-1027.55	0	-925.465	0	-530.757	0	-566.868	0	-1026.29	0	-903.915	0	-785.663	0	-1047.27	0	-1545.82	0	-1052.77	0
-933.414	0	-2332.07	0	-708.825	0	-1779.69	0	-891.058	0	-955.697	0	-1163.66	0	-1398.66	0	-1087.53	0	-608.819	0	-1758.05	0	-1052.6	0	-1383.93	0	-964.555	0	-1518.12	0	-1027.58	0	-925.472	0	-530.757	0	-566.868	0	-1026.29	0	-903.929	0	-785.663	0	-1047.27	0	-1545.82	0	-1052.77	0
-933.421	0	-2332.07	0	-709.095	0	-1779.69	0	-891.058	0	-955.704	0	-1163.66	0	-1398.66	0	-1087.54	0	-608.819	0	-1758.05	0	-1052.61	0	-1383.93	0	-964.557	0	-1518.12	0	-1027.6	0	-925.554	0	-530.757	0	-566.868	0	-1026.29	0	-903.941	0	-785.663	0	-1047.27	0	-1545.82	0	-1052.78	0
-933.436	0	-2332.07	0	-709.343	0	-1779.69	0	-891.058	0	-955.711	0	-1163.66	0	-1398.66	0	-1087.56	0	-608.819	0	-1758.05	0	-1052.62	0	-1383.93	0	-964.559	0	-1518.12	0	-1027.61	0	-925.699	0	-530.757	0	-566.868	0	-1026.29	0	-903.955	0	-785.663	0	-1047.27	0	-1545.82	0	-1052.79	0
-933.447	0	-2332.07	0	-709.791	0	-1779.69	0	-891.058	0	-955.726	0	-1163.66	0	-1398.66	0	-1087.58	0	-608.819	0	-1758.05	0	-1052.64	0	-1383.93	0	-964.561	0	-1518.12	0	-1027.62	0	-925.699	0	-530.757	0	-566.868	0	-1026.29	0	-903.97	0	-785.664	0	-1047.27	0	-1545.82	0	-1052.79	0
-933.454	0	-2332.07	0	-710.205	0	-1779.69	0	-891.058	0	-955.738	0	-1163.66	0	-1398.66	0	-1087.59	0	-608.819	0	-1758.05	0	-1052.65	0	-1383.93	0	-964.562	0	-1518.13	0	-1027.62	0	-925.699	0	-530.757	0	-566.868	0	-1026.29	0	-903.989	0	-785.664	0	-1047.27	0	-1545.82	0	-1052.79	0
-933.462	0	-2332.07	0	-710.239	0	-1779.69	0	-891.058	0	-955.747	0	-1163.66	0	-1398.66	0	-1087.6	0	-608.819	0	-1758.05	0	-1052.66	0	-1383.93	0	-964.564	0	-1518.13	0	-1027.62	0	-925.699	0	-530.757	0	-566.868	0	-1026.29	0	-904.002	0	-785.664	0	-1047.28	0	-1545.82	0	-1052.8	0
-933.468	0	-2332.07	0	-710.568	0	-1779.69	0	-891.058	0	-955.755	0	-1163.66	0	-1398.66	0	-1087.61	0	-608.819	0	-1758.05	0	-1052.66	0	-1383.93	0	-964.566	0	-1518.16	0	-1027.63	0	-925.91	0	-530.757	0	-566.901	0	-1026.29	0	-904.011	0	-785.665	0	-1047.28	0	-1545.82	0	-1052.8	0
-933.474	0	-2332.07	0	-710.888	0	-1779.69	0	-891.058	0	-955.765	0	-1163.66	0	-1398.66	0	-1087.61	0	-608.819	0	-1758.05	0	-1052.67	0	-1383.93	0	-964.567	0	-1518.16	0	-1027.63	0	-926.119	0	-530.757	0	-566.901	0	-1026.29	0	-904.023	0	-785.665	0	-1047.28	0	-1545.82	0	-1052.81	0
-933.48	0	-2332.07	0	-711.19	0	-1779.69	0	-891.058	0	-955.775	0	-1163.66	0	-1398.66	0	-1087.62	0	-608.819	0	-1758.05	0	-1052.68	0	-1383.93	0	-964.571	0	-1518.16	0	-1027.64	0	-926.124	0	-530.757	0	-566.901	0	-1026.29	0	-904.033	0	-785.665	0	-1047.28	0	-1545.82	0	-1052.82	0
-933.481	0	-2332.07	0	-711.235	0	-1779.69	0	-891.058	0	-955.786	0	-1163.66	0	-1398.66	0	-1087.63	0	-608.819	0	-1758.05	0	-1052.69	0	-1383.93	0	-964.574	0	-1518.16	0	-1027.65	0	-926.243	0	-530.757	0	-566.901	0	-1026.29	0	-904.04	0	-785.666	0	-1047.29	0	-1545.82	0	-1052.82	0
-933.488	0	-2332.07	0	-711.479	0	-1779.69	0	-891.058	0	-955.792	0	-1163.66	0	-1398.66	0	-1087.63	0	-608.819	0	-1758.05	0	-1052.69	0	-1383.93	0	-964.583	0	-1518.16	0	-1027.66	0	-926.243	0	-530.757	0	-566.901	0	-1026.3	0	-904.052	0	-785.666	0	-1047.3	0	-1545.82	0	-1052.83	0
-933.488	0	-2332.07	0	-711.583	0	-1779.69	0	-891.058	0	-955.795	0	-1163.66	0	-1398.66	0	-1087.64	0	-608.819	0	-1758.05	0	-1052.69	0	-1383.93	0	-964.592	0	-1518.16	0	-1027.67	0	-926.348	0	-530.757	0	-566.901	0	-1026.3	0	-904.077	0	-785.666	0	-1047.3	0	-1545.82	0	-1052.84	0
-933.49	0	-2332.07	0	-711.87	0	-1779.69	0	-891.058	0	-955.8	0	-1163.66	0	-1398.66	0	-1087.65	0	-608.819	0	-1758.05	0	-1052.7	0	-1383.93	0	-964.596	0	-1518.16	0	-1027.67	0	-926.551	0	-530.757	0	-567.048	0	-1026.3	0	-904.119	0	-785.666	0	-1047.3	0	-1545.82	0	-1052.85	0
-933.493	0	-2332.07	0	-712.348	0	-1779.69	0	-891.058	0	-955.81	0	-1163.66	0	-1398.66	0	-1087.66	0	-608.819	0	-1758.05	0	-1052.7	0	-1383.93	0	-964.602	0	-1518.16	0	-1027.68	0	-926.786	0	-530.757	0	-567.048	0	-1026.3	0	-904.145	0	-785.666	0	-1047.31	0	-1545.82	0	-1052.85	0
-933.495	0	-2332.07	0	-712.778	0	-1779.69	0	-891.058	0	-955.821	0	-1163.66	0	-1398.66	0	-1087.66	0	-608.819	0	-1758.05	0	-1052.71	0	-1383.93	0	-964.608	0	-1518.16	0	-1027.68	0	-926.786	0	-530.757	0	-567.048	0	-1026.3	0	-904.174	0	-785.667	0	-1047.31	0	-1545.82	0	-1052.86	0
-933.498	0	-2332.07	0	-712.985	0	-1779.69	0	-891.058	0	-955.826	0	-1163.66	0	-1398.66	0	-1087.67	0	-608.819	0	-1758.05	0	-1052.71	0	-1383.93	0	-964.613	0	-1518.16	0	-1027.69	0	-926.916	0	-530.757	0	-567.048	0	-1026.3	0	-904.19	0	-785.667	0	-1047.31	0	-1545.82	0	-1052.86	0
-933.499	0	-2332.07	0	-713.357	0	-1779.69	0	-891.058	0	-955.836	0	-1163.66	0	-1398.66	0	-1087.68	0	-608.819	0	-1758.05	0	-1052.72	0	-1383.93	0	-964.615	0	-1518.16	0	-1027.7	0	-927.03	0	-530.757	0	-567.048	0	-1026.3	0	-904.22	0	-785.667	0	-1047.31	0	-1545.82	0	-1052.87	0
-933.504	0	-2332.07	0	-713.716	0	-1779.69	0	-891.058	0	-955.858	0	-1163.66	0	-1398.66	0	-1087.68	0	-608.819	0	-1758.05	0	-1052.72	0	-1383.93	0	-964.617	0	-1518.16	0	-1027.72	0	-927.094	0	-530.757	0	-567.048	0	-1026.3	0	-904.255	0	-785.667	0	-1047.32	0	-1545.82	0	-1052.87	0
-933.518	0	-2332.07	0	-713.852	0	-1779.69	0	-891.058	0	-955.875	0	-1163.66	0	-1398.66	0	-1087.69	0	-608.819	0	-1758.05	0	-1052.73	0	-1383.93	0	-964.62	0	-1518.16	0	-1027.73	0	-927.353	0	-530.757	0	-567.048	0	-1026.3	0	-904.289	0	-785.667	0	-1047.32	0	-1545.82	0	-1052.88	0
-933.544	0	-2332.07	0	-714.061	0	-1779.69	0	-891.058	0	-955.88	0	-1163.66	0	-1398.66	0	-1087.69	0	-608.819	0	-1758.05	0	-1052.73	0	-1383.93	0	-964.624	0	-1518.16	0	-1027.74	0	-927.521	0	-530.757	0	-567.048	0	-1026.31	0	-904.346	0	-785.667	0	-1047.33	0	-1545.82	0	-1052.88	0
-933.575	0	-2332.07	0	-714.366	0	-1779.69	0	-891.058	0	-955.888	0	-1163.66	0	-1398.66	0	-1087.7	0	-608.819	0	-1758.05	0	-1052.74	0	-1383.93	0	-964.627	0	-1518.16	0	-1027.74	0	-927.606	0	-530.757	0	-567.048	0	-1026.31	0	-904.4	0	-785.667	0	-1047.33	0	-1545.82	0	-1052.89	0
-933.585	0	-2332.07	0	-714.63	0	-1779.69	0	-891.058	0	-955.895	0	-1163.66	0	-1398.66	0	-1087.7	0	-608.819	0	-1758.05	0	-1052.74	0	-1383.93	0	-964.63	0	-1518.16	0	-1027.75	0	-928.02	0	-530.757	0	-567.048	0	-1026.31	0	-904.424	0	-785.667	0	-1047.33	0	-1545.82	0	-1052.89	0
-933.591	0	-2332.07	0	-714.879	0	-1779.69	0	-891.058	0	-955.901	0	-1163.66	0	-1398.66	0	-1087.71	0	-608.819	0	-1758.05	0	-1052.76	0	-1383.93	0	-964.63	0	-1518.16	0	-1027.75	0	-928.258	0	-530.757	0	-567.048	0	-1026.31	0	-904.456	0	-785.667	0	-1047.34	0	-1545.82	0	-1052.9	0
-933.605	0	-2332.07	0	-715.061	0	-1779.69	0	-891.058	0	-955.913	0	-1163.66	0	-1398.66	0	-1087.72	0	-608.819	0	-1758.05	0	-1052.78	0	-1383.93	0	-964.631	0	-1518.16	0	-1027.76	0	-928.626	0	-530.819	0	-567.048	0	-1026.31	0	-904.51	0	-785.668	0	-1047.34	0	-1545.82	0	-1052.9	0
-933.622	0	-2332.07	0	-715.347	0	-1779.69	0	-891.058	0	-955.916	0	-1163.66	0	-1398.66	0	-1087.73	0	-608.819	0	-1758.05	0	-1052.8	0	-1383.93	0	-964.633	0	-1518.16	0	-1027.77	0	-929.08	0	-530.819	0	-567.048	0	-1026.31	0	-904.528	0	-785.668	0	-1047.34	0	-1545.82	0	-1052.91	0
-933.642	0	-2332.07	0	-715.489	0	-1779.69	0	-891.058	0	-955.924	0	-1163.66	0	-1398.66	0	-1087.73	0	-608.819	0	-1758.05	0	-1052.81	0	-1383.93	0	-964.635	0	-1518.16	0	-1027.79	0	-930.07	0	-530.819	0	-567.048	0	-1026.31	0	-904.565	0	-785.668	0	-1047.34	0	-1545.82	0	-1052.91	0
-933.661	0	-2332.07	0	-715.643	0	-1779.69	0	-891.058	0	-955.929	0	-1163.66	0	-1398.66	0	-1087.74	0	-608.819	0	-1758.05	0	-1052.81	0	-1383.93	0	-964.636	0	-1518.16	0	-1027.83	0	-931.505	0	-530.819	0	-567.048	0	-1026.31	0	-904.586	0	-785.669	0	-1047.34	0	-1545.82	0	-1052.92	0
-933.679	0	-2332.07	0	-715.828	0	-1779.69	0	-891.058	0	-955.936	0	-1163.66	0	-1398.66	0	-1087.74	0	-608.819	0	-1758.05	0	-1052.82	0	-1383.93	0	-964.64	0	-1518.16	0	-1027.87	0	-932.087	0	-530.819	0	-567.048	0	-1026.31	0	-904.597	0	-785.669	0	-1047.35	0	-1545.82	0	-1052.92	0
-933.686	0	-2332.07	0	-715.961	0	-1779.69	0	-891.058	0	-955.947	0	-1163.66	0	-1398.66	0	-1087.75	0	-608.819	0	-1758.05	0	-1052.83	0	-1383.93	0	-964.643	0	-1518.16	0	-1027.92	0	-933.125	0	-530.819	0	-567.048	0	-1026.32	0	-904.628	0	-785.67	0	-1047.35	0	-1545.82	0	-1052.93	0
-933.697	0	-2332.07	0	-716.07	0	-1779.69	0	-891.058	0	-955.963	0	-1163.66	0	-1398.66	0	-1087.75	0	-608.819	0	-1758.05	0	-1052.84	0	-1383.93	0	-964.645	0	-1518.16	0	-1027.96	0	-933.742	0	-530.819	0	-567.048	0	-1026.32	0	-904.646	0	-785.671	0	-1047.35	0	-1545.82	0	-1052.94	0
-933.71	0	-2332.07	0	-716.155	0	-1779.69	0	-891.058	0	-955.974	0	-1163.66	0	-1398.66	0	-1087.76	0	-608.819	0	-1758.05	0	-1052.85	0	-1383.93	0	-964.647	0	-1518.16	0	-1028.03	0	-934.377	0	-530.819	0	-567.048	0	-1026.32	0	-904.673	0	-785.671	0	-1047.35	0	-1545.82	0	-1052.95	0
-933.724	0	-2332.07	0	-716.266	0	-1779.69	0	-891.058	0	-955.982	0	-1163.66	0	-1398.66	0	-1087.76	0	-608.819	0	-1758.05	0	-1052.85	0	-1383.93	0	-964.651	0	-1518.16	0	-1028.03	0	-935.328	0	-530.819	0	-567.048	0	-1026.32	0	-904.701	0	-785.671	0	-1047.35	0	-1545.82	0	-1052.95	0
-933.733	0	-2332.07	0	-716.31	0	-1779.69	0	-891.058	0	-955.991	0	-1163.66	0	-1398.66	0	-1087.76	0	-608.819	0	-1758.05	0	-1052.86	0	-1383.93	0	-964.654	0	-1518.16	0	-1028.05	0	-936.2	0	-530.819	0	-567.048	0	-1026.32	0	-904.727	0	-785.672	0	-1047.35	0	-1545.82	0	-1052.96	0
-933.748	0	-2332.07	0	-716.377	0	-1779.69	0	-891.058	0	-955.993	0	-1163.66	0	-1398.66	0	-1087.77	0	-608.819	0	-1758.05	0	-1052.86	0	-1383.93	0	-964.66	0	-1518.16	0	-1028.08	0	-936.547	0	-530.819	0	-567.048	0	-1026.32	0	-904.735	0	-785.672	0	-1047.35	0	-1545.82	0	-1052.96	0
-933.768	0	-2332.07	0	-716.59	0	-1779.69	0	-891.058	0	-955.996	0	-1163.66	0	-1398.66	0	-1087.77	0	-608.819	0	-1758.05	0	-1052.87	0	-1383.93	0	-964.664	0	-1518.16	0	-1028.1	0	-937.312	0	-530.819	0	-567.048	0	-1026.32	0	-904.744	0	-785.672	0	-1047.36	0	-1545.82	0	-1052.98	0
-933.78	0	-2332.07	0	-716.637	0	-1779.69	0	-891.058	0	-956.002	0	-1163.66	0	-1398.66	0	-1087.78	0	-608.819	0	-1758.05	0	-1052.88	0	-1383.93	0	-964.666	0	-1518.16	0	-1028.12	0	-937.686	0	-530.819	0	-567.048	0	-1026.32	0	-904.767	0	-785.672	0	-1047.36	0	-1545.82	0	-1052.99	0
-933.791	0	-2332.07	0	-716.748	0	-1779.69	0	-891.058	0	-956.01	0	-1163.66	0	-1398.66	0	-1087.78	0	-608.819	0	-1758.05	0	-1052.89	0	-1383.93	0	-964.668	0	-1518.16	0	-1028.13	0	-938.209	0	-530.819	0	-567.048	0	-1026.32	0	-904.777	0	-785.673	0	-1047.36	0	-1545.82	0	-1052.99	0
-933.796	0	-2332.07	0	-717.02	0	-1779.69	0	-891.058	0	-956.017	0	-1163.66	0	-1398.66	0	-1087.78	0	-608.819	0	-1758.05	0	-1052.91	0	-1383.93	0	-964.673	0	-1518.16	0	-1028.14	0	-938.7	0	-530.819	0	-567.048	0	-1026.32	0	-904.782	0	-785.673	0	-1047.36	0	-1545.82	0	-1053	0
-933.804	0	-2332.07	0	-717.273	0	-1779.7	0	-891.058	0	-956.024	0	-1163.66	0	-1398.66	0	-1087.79	0	-608.819	0	-1758.05	0	-1052.93	0	-1383.93	0	-964.676	0	-1518.16	0	-1028.16	0	-939.49	0	-530.819	0	-567.048	0	-1026.32	0	-904.798	0	-785.673	0	-1047.36	0	-1545.82	0	-1053	0
-933.807	0	-2332.07	0	-717.512	0	-1779.7	0	-891.058	0	-956.027	0	-1163.66	0	-1398.66	0	-1087.79	0	-608.819	0	-1758.05	0	-1052.94	0	-1383.93	0	-964.68	0	-1518.16	0	-1028.19	0	-939.971	0	-530.819	0	-567.048	0	-1026.32	0	-904.818	0	-785.673	0	-1047.36	0	-1545.82	0	-1053	0
-933.813	0	-2332.07	0	-717.819	0	-1779.7	0	-891.058	0	-956.035	0	-1163.66	0	-1398.66	0	-1087.79	0	-608.819	0	-1758.05	0	-1052.95	0	-1383.93	0	-964.684	0	-1518.16	0	-1028.21	0	-940.541	0	-530.819	0	-567.048	0	-1026.32	0	-904.831	0	-785.674	0	-1047.36	0	-1545.82	0	-1053.01	0
-933.819	0	-2332.07	0	-717.859	0	-1779.7	0	-891.058	0	-956.038	0	-1163.66	0	-1398.66	0	-1087.79	0	-608.819	0	-1758.05	0	-1052.96	0	-1383.93	0	-964.687	0	-1518.16	0	-1028.23	0	-941.07	0	-530.819	0	-567.048	0	-1026.32	0	-904.85	0	-785.674	0	-1047.37	0	-1545.82	0	-1053.03	0
-933.827	0	-2332.07	0	-718.07	0	-1779.7	0	-891.058	0	-956.047	0	-1163.66	0	-1398.66	0	-1087.79	0	-608.819	0	-1758.05	0	-1052.97	0	-1383.93	0	-964.69	0	-1518.16	0	-1028.27	0	-941.582	0	-530.819	0	-567.048	0	-1026.32	0	-904.928	0	-785.674	0	-1047.37	0	-1545.82	0	-1053.03	0
-933.842	0	-2332.07	0	-718.161	0	-1779.7	0	-891.058	0	-956.058	0	-1163.66	0	-1398.66	0	-1087.79	0	-608.819	0	-1758.05	0	-1052.98	0	-1383.93	0	-964.692	0	-1518.16	0	-1028.31	0	-941.952	0	-530.819	0	-567.048	0	-1026.32	0	-904.987	0	-785.674	0	-1047.37	0	-1545.82	0	-1053.03	0
-933.858	0	-2332.07	0	-718.806	0	-1779.7	0	-891.058	0	-956.066	0	-1163.66	0	-1398.66	0	-1087.79	0	-608.819	0	-1758.05	0	-1052.98	0	-1383.93	0	-964.697	0	-1518.16	0	-1028.33	0	-942.296	0	-530.819	0	-567.048	0	-1026.32	0	-905.04	0	-785.674	0	-1047.37	0	-1545.82	0	-1053.04	0
-933.876	0	-2332.07	0	-719.505	0	-1779.7	0	-891.058	0	-956.069	0	-1163.66	0	-1398.66	0	-1087.8	0	-608.819	0	-1758.05	0	-1052.99	0	-1383.93	0	-964.697	0	-1518.16	0	-1028.35	0	-942.547	0	-530.819	0	-567.048	0	-1026.32	0	-905.161	0	-785.675	0	-1047.38	0	-1545.82	0	-1053.04	0
-933.897	0	-2332.07	0	-720.189	0	-1779.7	0	-891.058	0	-956.079	0	-1163.66	0	-1398.66	0	-1087.8	0	-608.819	0	-1758.05	0	-1053	0	-1383.93	0	-964.699	0	-1518.16	0	-1028.37	0	-942.749	0	-530.819	0	-567.048	0	-1026.32	0	-905.319	0	-785.675	0	-1047.38	0	-1545.82	0	-1053.04	0
-933.914	0	-2332.07	0	-720.681	0	-1779.7	0	-891.058	0	-956.085	0	-1163.66	0	-1398.66	0	-1087.8	0	-608.819	0	-1758.05	0	-1053	0	-1383.93	0	-964.7	0	-1518.16	0	-1028.38	0	-942.893	0	-531.068	0	-567.048	0	-1026.32	0	-905.445	0	-785.675	0	-1047.38	0	-1545.82	0	-1053.05	0
-933.926	0	-2332.07	0	-721.08	0	-1779.7	0	-891.058	0	-956.089	0	-1163.66	0	-1398.66	0	-1087.81	0	-608.819	0	-1758.05	0	-1053.01	0	-1383.93	0	-964.701	0	-1518.16	0	-1028.39	0	-942.978	0	-531.068	0	-567.048	0	-1026.32	0	-905.672	0	-785.675	0	-1047.38	0	-1545.82	0	-1053.06	0
-933.934	0	-2332.07	0	-721.323	0	-1779.7	0	-891.058	0	-956.096	0	-1163.66	0	-1398.66	0	-1087.81	0	-608.819	0	-1758.05	0	-1053.02	0	-1383.93	0	-964.702	0	-1518.16	0	-1028.41	0	-943.046	0	-531.068	0	-567.048	0	-1026.32	0	-905.728	0	-785.675	0	-1047.39	0	-1545.82	0	-1053.07	0
-933.943	0	-2332.07	0	-721.768	0	-1779.7	0	-891.058	0	-956.103	0	-1163.66	0	-1398.66	0	-1087.81	0	-608.819	0	-1758.05	0	-1053.02	0	-1383.93	0	-964.704	0	-1518.16	0	-1028.43	0	-943.411	0	-531.168	0	-567.048	0	-1026.32	0	-905.804	0	-785.675	0	-1047.39	0	-1545.82	0	-1053.08	0
-933.952	0	-2332.07	0	-721.985	0	-1779.7	0	-891.058	0	-956.108	0	-1163.66	0	-1398.66	0	-1087.81	0	-608.819	0	-1758.05	0	-1053.03	0	-1383.93	0	-964.704	0	-1518.16	0	-1028.44	0	-943.709	0	-531.229	0	-567.048	0	-1026.32	0	-905.851	0	-785.675	0	-1047.39	0	-1545.82	0	-1053.08	0
-933.958	0	-2332.07	0	-722.222	0	-1779.7	0	-891.058	0	-956.116	0	-1163.66	0	-1398.66	0	-1087.81	0	-608.819	0	-1758.05	0	-1053.04	0	-1383.93	0	-964.705	0	-1518.16	0	-1028.45	0	-943.863	0	-531.229	0	-567.048	0	-1026.33	0	-905.921	0	-785.675	0	-1047.4	0	-1545.82	0	-1053.09	0
-933.965	0	-2332.07	0	-722.406	0	-1779.7	0	-891.058	0	-956.127	0	-1163.66	0	-1398.66	0	-1087.81	0	-608.819	0	-1758.05	0	-1053.04	0	-1383.93	0	-964.706	0	-1518.16	0	-1028.45	0	-944.069	0	-531.229	0	-567.048	0	-1026.33	0	-905.977	0	-785.675	0	-1047.4	0	-1545.82	0	-1053.09	0
-933.974	0	-2332.07	0	-722.763	0	-1779.7	0	-891.058	0	-956.14	0	-1163.66	0	-1398.66	0	-1087.81	0	-608.819	0	-1758.05	0	-1053.05	0	-1383.93	0	-964.73	0	-1518.16	0	-1028.47	0	-944.195	0	-531.229	0	-567.048	0	-1026.33	0	-906.079	0	-785.675	0	-1047.41	0	-1545.82	0	-1053.1	0
-933.979	0	-2332.07	0	-722.913	0	-1779.7	0	-891.058	0	-956.149	0	-1163.66	0	-1398.66	0	-1087.81	0	-608.819	0	-1758.05	0	-1053.06	0	-1383.93	0	-964.74	0	-1518.16	0	-1028.49	0	-944.467	0	-531.229	0	-567.048	0	-1026.33	0	-906.147	0	-785.675	0	-1047.41	0	-1545.82	0	-1053.11	0
-933.986	0	-2332.07	0	-723.224	0	-1779.7	0	-891.058	0	-956.155	0	-1163.66	0	-1398.66	0	-1087.81	0	-608.819	0	-1758.05	0	-1053.06	0	-1383.93	0	-964.765	0	-1518.16	0	-1028.51	0	-944.613	0	-531.229	0	-567.048	0	-1026.33	0	-906.16	0	-785.675	0	-1047.41	0	-1545.82	0	-1053.11	0
-933.997	0	-2332.07	0	-723.481	0	-1779.7	0	-891.058	0	-956.16	0	-1163.66	0	-1398.66	0	-1087.81	0	-608.819	0	-1758.05	0	-1053.07	0	-1383.93	0	-964.798	0	-1518.16	0	-1028.52	0	-944.684	0	-531.346	0	-567.048	0	-1026.33	0	-906.189	0	-785.675	0	-1047.41	0	-1545.82	0	-1053.12	0
-934.004	0	-2332.07	0	-723.654	0	-1779.7	0	-891.058	0	-956.162	0	-1163.66	0	-1398.66	0	-1087.81	0	-608.819	0	-1758.05	0	-1053.09	0	-1383.93	0	-964.818	0	-1518.16	0	-1028.55	0	-944.784	0	-531.346	0	-567.048	0	-1026.33	0	-906.21	0	-785.675	0	-1047.42	0	-1545.82	0	-1053.13	0
-934.012	0	-2332.07	0	-723.8	0	-1779.7	0	-891.058	0	-956.163	0	-1163.66	0	-1398.66	0	-1087.81	0	-608.819	0	-1758.05	0	-1053.09	0	-1383.93	0	-964.849	0	-1518.16	0	-1028.56	0	-944.845	0	-531.353	0	-567.048	0	-1026.33	0	-906.237	0	-785.675	0	-1047.42	0	-1545.82	0	-1053.15	0
-934.02	0	-2332.07	0	-724.025	0	-1779.7	0	-891.058	0	-956.167	0	-1163.66	0	-1398.66	0	-1087.81	0	-608.819	0	-1758.05	0	-1053.11	0	-1383.93	0	-964.891	0	-1518.16	0	-1028.58	0	-944.952	0	-531.494	0	-567.048	0	-1026.33	0	-906.256	0	-785.675	0	-1047.42	0	-1545.82	0	-1053.16	0
-934.025	0	-2332.07	0	-724.167	0	-1779.7	0	-891.058	0	-956.171	0	-1163.66	0	-1398.66	0	-1087.81	0	-608.819	0	-1758.05	0	-1053.11	0	-1383.93	0	-964.928	0	-1518.16	0	-1028.59	0	-945.03	0	-531.51	0	-567.048	0	-1026.33	0	-906.271	0	-785.675	0	-1047.42	0	-1545.82	0	-1053.16	0
-934.033	0	-2332.07	0	-724.298	0	-1779.7	0	-891.058	0	-956.175	0	-1163.66	0	-1398.66	0	-1087.82	0	-608.819	0	-1758.05	0	-1053.13	0	-1383.93	0	-964.976	0	-1518.16	0	-1028.6	0	-945.123	0	-531.713	0	-567.048	0	-1026.33	0	-906.298	0	-785.676	0	-1047.43	0	-1545.82	0	-1053.18	0
-934.044	0	-2332.07	0	-724.389	0	-1779.7	0	-891.058	0	-956.18	0	-1163.66	0	-1398.66	0	-1087.82	0	-608.819	0	-1758.05	0	-1053.13	0	-1383.93	0	-964.989	0	-1518.16	0	-1028.62	0	-945.206	0	-531.713	0	-567.048	0	-1026.33	0	-906.351	0	-785.676	0	-1047.43	0	-1545.82	0	-1053.18	0
-934.053	0	-2332.07	0	-724.505	0	-1779.7	0	-891.058	0	-956.185	0	-1163.66	0	-1398.66	0	-1087.83	0	-608.819	0	-1758.05	0	-1053.15	0	-1383.93	0	-964.998	0	-1518.16	0	-1028.64	0	-945.364	0	-531.713	0	-567.048	0	-1026.33	0	-906.423	0	-785.676	0	-1047.43	0	-1545.82	0	-1053.19	0
-934.061	0	-2332.07	0	-724.561	0	-1779.7	0	-891.058	0	-956.19	0	-1163.66	0	-1398.66	0	-1087.84	0	-608.819	0	-1758.05	0	-1053.17	0	-1383.93	0	-965.003	0	-1518.16	0	-1028.67	0	-945.467	0	-531.838	0	-567.048	0	-1026.33	0	-906.471	0	-785.676	0	-1047.43	0	-1545.82	0	-1053.2	0
-934.067	0	-2332.07	0	-724.639	0	-1779.7	0	-891.058	0	-956.197	0	-1163.66	0	-1398.66	0	-1087.86	0	-608.819	0	-1758.05	0	-1053.18	0	-1383.93	0	-965.01	0	-1518.16	0	-1028.71	0	-945.561	0	-532.022	0	-567.048	0	-1026.33	0	-906.514	0	-785.676	0	-1047.44	0	-1545.82	0	-1053.21	0
-934.073	0	-2332.07	0	-724.782	0	-1779.7	0	-891.058	0	-956.205	0	-1163.66	0	-1398.66	0	-1087.88	0	-608.819	0	-1758.05	0	-1053.18	0	-1383.93	0	-965.038	0	-1518.16	0	-1028.73	0	-946.138	0	-532.029	0	-567.048	0	-1026.33	0	-906.523	0	-785.677	0	-1047.45	0	-1545.82	0	-1053.21	0
-934.083	0	-2332.07	0	-724.81	0	-1779.7	0	-891.058	0	-956.209	0	-1163.66	0	-1398.66	0	-1087.89	0	-608.819	0	-1758.05	0	-1053.19	0	-1383.93	0	-965.055	0	-1518.16	0	-1028.75	0	-946.353	0	-532.377	0	-567.048	0	-1026.33	0	-906.531	0	-785.677	0	-1047.45	0	-1545.82	0	-1053.22	0
-934.103	0	-2332.07	0	-724.921	0	-1779.7	0	-891.058	0	-956.211	0	-1163.66	0	-1398.66	0	-1087.9	0	-608.819	0	-1758.05	0	-1053.2	0	-1383.93	0	-965.08	0	-1558.72	0	-1028.76	0	-946.57	0	-532.61	0	-567.048	0	-1026.33	0	-906.566	0	-785.677	0	-1047.45	0	-1545.82	0	-1053.22	0
-934.129	0	-2332.07	0	-725.146	0	-1779.71	0	-891.058	0	-956.216	0	-1163.66	0	-1398.66	0	-1087.91	0	-608.819	0	-1758.05	0	-1053.2	0	-1383.93	0	-965.101	0	-1558.72	0	-1028.78	0	-946.758	0	-532.964	0	-567.048	0	-1026.33	0	-906.582	0	-785.678	0	-1047.46	0	-1545.82	0	-1053.24	0
-934.139	0	-2332.07	0	-725.203	0	-1779.71	0	-891.058	0	-956.223	0	-1163.66	0	-1398.66	0	-1087.92	0	-608.819	0	-1758.05	0	-1053.21	0	-1383.93	0	-965.115	0	-1558.72	0	-1028.8	0	-947.044	0	-533.159	0	-567.048	0	-1026.33	0	-906.591	0	-785.679	0	-1047.46	0	-1545.82	0	-1053.26	0
-934.149	0	-2332.07	0	-725.27	0	-1779.71	0	-891.058	0	-956.228	0	-1163.66	0	-1398.66	0	-1087.94	0	-608.819	0	-1758.05	0	-1053.21	0	-1383.93	0	-965.125	0	-1558.72	0	-1028.82	0	-947.176	0	-533.762	0	-567.048	0	-1026.33	0	-906.602	0	-785.68	0	-1047.46	0	-1545.82	0	-1053.27	0
-934.166	0	-2332.07	0	-725.386	0	-1779.71	0	-891.058	0	-956.233	0	-1163.66	0	-1398.66	0	-1087.94	0	-608.819	0	-1758.05	0	-1053.22	0	-1383.93	0	-965.137	0	-1558.72	0	-1028.87	0	-947.296	0	-534.703	0	-567.048	0	-1026.33	0	-906.612	0	-785.681	0	-1047.46	0	-1545.82	0	-1053.28	0
-934.17	0	-2332.07	0	-725.571	0	-1779.71	0	-891.058	0	-956.244	0	-1163.66	0	-1398.66	0	-1087.95	0	-608.819	0	-1758.05	0	-1053.22	0	-1383.93	0	-965.149	0	-1558.72	0	-1028.89	0	-947.415	0	-535.22	0	-567.048	0	-1026.33	0	-906.619	0	-785.683	0	-1047.47	0	-1545.82	0	-1053.3	0
-934.176	0	-2332.07	0	-725.63	0	-1779.71	0	-891.058	0	-956.257	0	-1163.66	0	-1398.66	0	-1087.97	0	-608.819	0	-1758.05	0	-1053.24	0	-1383.93	0	-965.158	0	-1558.72	0	-1028.92	0	-947.495	0	-536.092	0	-567.048	0	-1026.33	0	-906.624	0	-785.684	0	-1047.47	0	-1545.82	0	-1053.3	0
-934.176	0	-2332.07	0	-725.733	0	-1779.71	0	-891.058	0	-956.271	0	-1163.66	0	-1398.66	0	-1087.98	0	-608.819	0	-1758.05	0	-1053.27	0	-1383.93	0	-965.161	0	-1558.72	0	-1028.97	0	-947.602	0	-536.666	0	-567.048	0	-1026.33	0	-906.629	0	-785.685	0	-1047.47	0	-1545.82	0	-1053.33	0
-934.182	0	-2332.07	0	-725.858	0	-1779.71	0	-891.058	0	-956.279	0	-1163.66	0	-1398.66	0	-1087.98	0	-608.819	0	-1758.05	0	-1053.28	0	-1383.93	0	-965.168	0	-1558.72	0	-1029.02	0	-947.652	0	-539.737	0	-567.048	0	-1026.33	0	-906.643	0	-785.686	0	-1047.47	0	-1545.82	0	-1053.35	0
-934.187	0	-2332.07	0	-725.987	0	-1779.71	0	-891.058	0	-956.292	0	-1163.66	0	-1398.66	0	-1087.99	0	-608.819	0	-1758.05	0	-1053.3	0	-1383.93	0	-965.171	0	-1558.72	0	-1029.06	0	-947.689	0	-542.045	0	-567.048	0	-1026.33	0	-906.696	0	-785.688	0	-1047.48	0	-1545.82	0	-1053.35	0
-934.191	0	-2332.07	0	-726.148	0	-1779.71	0	-891.058	0	-956.301	0	-1163.66	0	-1398.66	0	-1087.99	0	-608.819	0	-1758.05	0	-1053.31	0	-1383.93	0	-965.176	0	-1558.72	0	-1029.09	0	-947.76	0	-544.314	0	-567.048	0	-1026.33	0	-906.735	0	-785.689	0	-1047.48	0	-1545.82	0	-1053.36	0
-934.196	0	-2332.07	0	-726.264	0	-1779.71	0	-891.058	0	-956.315	0	-1163.66	0	-1398.66	0	-1088	0	-608.819	0	-1758.05	0	-1053.31	0	-1383.93	0	-965.182	0	-1558.72	0	-1029.11	0	-947.83	0	-545.815	0	-567.048	0	-1026.33	0	-906.781	0	-785.691	0	-1047.48	0	-1545.82	0	-1053.36	0
-934.203	0	-2332.07	0	-726.484	0	-1779.71	0	-891.058	0	-956.325	0	-1163.66	0	-1398.66	0	-1088.02	0	-608.819	0	-1758.05	0	-1053.34	0	-1383.93	0	-965.186	0	-1558.72	0	-1029.14	0	-947.886	0	-546.955	0	-567.048	0	-1026.33	0	-906.843	0	-785.692	0	-1047.48	0	-1545.82	0	-1053.38	0
-934.209	0	-2332.07	0	-726.897	0	-1779.71	0	-891.058	0	-956.328	0	-1163.66	0	-1398.66	0	-1088.03	0	-608.819	0	-1758.05	0	-1053.35	0	-1383.93	0	-965.191	0	-1558.72	0	-1029.16	0	-947.941	0	-547.764	0	-567.048	0	-1026.33	0	-906.885	0	-785.693	0	-1047.48	0	-1545.82	0	-1053.39	0
-934.226	0	-2332.07	0	-727.496	0	-1779.71	0	-891.058	0	-956.337	0	-1163.66	0	-1398.66	0	-1088.04	0	-608.819	0	-1758.05	0	-1053.37	0	-1383.93	0	-965.195	0	-1558.72	0	-1029.17	0	-948.016	0	-548.543	0	-567.048	0	-1026.33	0	-906.924	0	-785.694	0	-1047.49	0	-1545.82	0	-1053.39	0
-934.24	0	-2332.07	0	-727.993	0	-1779.71	0	-891.058	0	-956.345	0	-1163.66	0	-1398.66	0	-1088.05	0	-608.819	0	-1758.05	0	-1053.39	0	-1383.93	0	-965.198	0	-1558.72	0	-1029.19	0	-948.064	0	-549.603	0	-567.048	0	-1026.33	0	-906.926	0	-785.695	0	-1047.49	0	-1545.82	0	-1053.4	0
-934.258	0	-2332.07	0	-728.346	0	-1779.71	0	-891.058	0	-956.348	0	-1163.66	0	-1398.66	0	-1088.06	0	-608.819	0	-1758.05	0	-1053.41	0	-1383.93	0	-965.201	0	-1558.72	0	-1029.19	0	-948.092	0	-550.199	0	-567.048	0	-1026.33	0	-906.939	0	-785.696	0	-1047.49	0	-1545.82	0	-1053.41	0
-934.27	0	-2332.07	0	-728.586	0	-1779.71	0	-891.058	0	-956.357	0	-1163.66	0	-1398.66	0	-1088.08	0	-608.819	0	-1758.05	0	-1053.43	0	-1383.93	0	-965.208	0	-1558.72	0	-1029.19	0	-948.135	0	-550.503	0	-567.048	0	-1026.33	0	-906.953	0	-785.697	0	-1047.49	0	-1545.82	0	-1053.42	0
-934.276	0	-2332.07	0	-728.661	0	-1779.71	0	-891.058	0	-956.38	0	-1163.66	0	-1398.66	0	-1088.09	0	-608.819	0	-1758.05	0	-1053.44	0	-1383.93	0	-965.216	0	-1558.72	0	-1029.2	0	-948.168	0	-551.335	0	-567.048	0	-1026.33	0	-906.971	0	-785.699	0	-1047.5	0	-1545.82	0	-1053.44	0
-934.284	0	-2332.07	0	-728.791	0	-1779.71	0	-891.058	0	-956.42	0	-1163.66	0	-1398.66	0	-1088.1	0	-608.819	0	-1758.05	0	-1053.46	0	-1383.93	0	-965.225	0	-1558.72	0	-1029.2	0	-948.273	0	-552.198	0	-567.048	0	-1026.33	0	-907.014	0	-785.7	0	-1047.5	0	-1545.82	0	-1053.45	0
-934.294	0	-2332.07	0	-729.026	0	-1779.71	0	-891.058	0	-956.443	0	-1163.66	0	-1398.66	0	-1088.14	0	-608.819	0	-1758.05	0	-1053.47	0	-1383.93	0	-965.242	0	-1558.72	0	-1029.21	0	-948.493	0	-552.549	0	-567.048	0	-1026.33	0	-907.047	0	-785.702	0	-1047.5	0	-1545.82	0	-1053.45	0
-934.303	0	-2332.07	0	-729.146	0	-1779.71	0	-891.058	0	-956.453	0	-1163.66	0	-1398.66	0	-1088.15	0	-608.819	0	-1758.05	0	-1053.49	0	-1383.93	0	-965.248	0	-1558.72	0	-1029.21	0	-948.728	0	-553.615	0	-567.048	0	-1026.33	0	-907.064	0	-785.702	0	-1047.5	0	-1545.82	0	-1053.46	0
-934.311	0	-2332.07	0	-729.196	0	-1779.71	0	-891.058	0	-956.473	0	-1163.66	0	-1398.66	0	-1088.16	0	-608.819	0	-1758.05	0	-1053.5	0	-1383.93	0	-965.259	0	-1558.72	0	-1029.22	0	-948.833	0	-554.609	0	-567.048	0	-1026.33	0	-907.098	0	-785.703	0	-1047.5	0	-1545.82	0	-1053.48	0
-934.316	0	-2332.07	0	-729.309	0	-1779.71	0	-891.058	0	-956.492	0	-1163.66	0	-1398.66	0	-1088.17	0	-608.819	0	-1758.05	0	-1053.51	0	-1383.93	0	-965.272	0	-1558.72	0	-1029.24	0	-948.932	0	-555.162	0	-567.048	0	-1026.33	0	-907.122	0	-785.704	0	-1047.51	0	-1545.82	0	-1053.49	0
-934.321	0	-2332.07	0	-729.397	0	-1779.71	0	-891.058	0	-956.502	0	-1163.66	0	-1398.66	0	-1088.18	0	-608.819	0	-1758.05	0	-1053.53	0	-1383.93	0	-965.28	0	-1558.72	0	-1029.25	0	-949.032	0	-555.522	0	-567.048	0	-1026.33	0	-907.127	0	-785.706	0	-1047.51	0	-1545.82	0	-1053.49	0
-934.326	0	-2332.07	0	-729.48	0	-1779.71	0	-891.058	0	-956.515	0	-1163.66	0	-1398.66	0	-1088.19	0	-608.819	0	-1758.05	0	-1053.55	0	-1383.93	0	-965.291	0	-1558.72	0	-1029.26	0	-949.074	0	-555.954	0	-567.048	0	-1026.33	0	-907.138	0	-785.707	0	-1047.51	0	-1545.82	0	-1053.5	0
-934.336	0	-2332.07	0	-729.611	0	-1779.71	0	-891.058	0	-956.523	0	-1163.66	0	-1398.66	0	-1088.2	0	-608.819	0	-1758.05	0	-1053.56	0	-1383.93	0	-965.305	0	-1558.72	0	-1029.27	0	-949.137	0	-556.397	0	-567.048	0	-1026.33	0	-907.157	0	-785.707	0	-1047.51	0	-1545.82	0	-1053.52	0
-934.344	0	-2332.07	0	-729.739	0	-1779.71	0	-891.058	0	-956.541	0	-1163.66	0	-1398.66	0	-1088.22	0	-608.819	0	-1758.05	0	-1053.56	0	-1383.93	0	-965.317	0	-1558.72	0	-1029.28	0	-949.18	0	-557.154	0	-567.048	0	-1026.33	0	-907.178	0	-785.708	0	-1047.51	0	-1545.82	0	-1053.53	0
-934.352	0	-2332.07	0	-729.84	0	-1779.71	0	-891.058	0	-956.555	0	-1163.66	0	-1398.66	0	-1088.22	0	-608.819	0	-1758.05	0	-1053.57	0	-1383.93	0	-965.327	0	-1558.72	0	-1029.29	0	-949.237	0	-557.534	0	-567.048	0	-1026.33	0	-907.191	0	-785.708	0	-1047.52	0	-1545.82	0	-1053.55	0
-934.359	0	-2332.07	0	-729.964	0	-1779.71	0	-891.058	0	-956.567	0	-1163.66	0	-1398.66	0	-1088.23	0	-608.819	0	-1758.05	0	-1053.59	0	-1383.93	0	-965.338	0	-1558.72	0	-1029.31	0	-949.334	0	-557.701	0	-567.048	0	-1026.33	0	-907.211	0	-785.709	0	-1047.52	0	-1545.82	0	-1053.55	0
-934.363	0	-2332.07	0	-730	0	-1779.71	0	-891.058	0	-956.575	0	-1163.66	0	-1398.66	0	-1088.24	0	-608.819	0	-1758.05	0	-1053.63	0	-1383.93	0	-965.344	0	-1558.72	0	-1029.33	0	-949.392	0	-558.216	0	-567.048	0	-1026.33	0	-907.238	0	-785.71	0	-1047.52	0	-1545.82	0	-1053.56	0
-934.365	0	-2332.07	0	-730.073	0	-1779.71	0	-891.058	0	-956.59	0	-1163.66	0	-1398.66	0	-1088.25	0	-608.819	0	-1758.05	0	-1053.65	0	-1383.93	0	-965.353	0	-1558.72	0	-1029.35	0	-949.464	0	-558.506	0	-567.048	0	-1026.33	0	-907.245	0	-785.712	0	-1047.53	0	-1545.82	0	-1053.57	0
-934.369	0	-2332.07	0	-730.143	0	-1779.71	0	-891.058	0	-956.597	0	-1163.66	0	-1398.66	0	-1088.27	0	-608.819	0	-1758.05	0	-1053.66	0	-1383.93	0	-965.359	0	-1558.72	0	-1029.39	0	-949.523	0	-558.865	0	-567.048	0	-1026.33	0	-907.25	0	-785.713	0	-1047.53	0	-1545.82	0	-1053.58	0
-934.375	0	-2332.07	0	-730.252	0	-1779.71	0	-891.058	0	-956.607	0	-1163.66	0	-1398.66	0	-1088.28	0	-608.819	0	-1758.05	0	-1053.69	0	-1383.93	0	-965.367	0	-1558.72	0	-1029.42	0	-949.659	0	-559.125	0	-567.048	0	-1026.33	0	-907.266	0	-785.713	0	-1047.53	0	-1545.82	0	-1053.59	0
-934.381	0	-2332.07	0	-730.288	0	-1779.71	0	-891.058	0	-956.618	0	-1163.66	0	-1398.66	0	-1088.28	0	-608.819	0	-1758.05	0	-1053.7	0	-1383.93	0	-965.383	0	-1558.72	0	-1029.45	0	-949.711	0	-559.367	0	-567.048	0	-1026.33	0	-907.293	0	-785.714	0	-1047.54	0	-1545.82	0	-1053.6	0
-934.39	0	-2332.07	0	-730.331	0	-1779.71	0	-891.058	0	-956.63	0	-1163.66	0	-1398.66	0	-1088.29	0	-608.819	0	-1758.05	0	-1053.71	0	-1383.93	0	-965.397	0	-1558.72	0	-1029.48	0	-949.776	0	-559.469	0	-567.048	0	-1026.33	0	-907.314	0	-785.715	0	-1047.54	0	-1545.82	0	-1053.62	0
-934.401	0	-2332.07	0	-730.364	0	-1779.71	0	-891.058	0	-956.638	0	-1163.66	0	-1398.66	0	-1088.3	0	-608.819	0	-1758.05	0	-1053.72	0	-1383.93	0	-965.403	0	-1558.72	0	-1029.5	0	-949.848	0	-559.606	0	-567.048	0	-1026.33	0	-907.35	0	-785.715	0	-1047.54	0	-1545.82	0	-1053.62	0
-934.413	0	-2332.07	0	-730.413	0	-1779.71	0	-891.058	0	-956.648	0	-1163.66	0	-1398.66	0	-1088.31	0	-608.819	0	-1758.05	0	-1053.72	0	-1383.93	0	-965.409	0	-1558.72	0	-1029.52	0	-949.932	0	-559.756	0	-567.048	0	-1026.33	0	-907.384	0	-785.716	0	-1047.55	0	-1545.82	0	-1053.64	0
-934.414	0	-2332.07	0	-730.441	0	-1779.71	0	-891.058	0	-956.652	0	-1163.66	0	-1398.66	0	-1088.32	0	-608.819	0	-1758.05	0	-1053.76	0	-1383.93	0	-965.415	0	-1558.72	0	-1029.53	0	-950	0	-559.898	0	-567.048	0	-1026.34	0	-907.426	0	-785.716	0	-1047.55	0	-1545.82	0	-1053.65	0
-934.421	0	-2332.07	0	-730.508	0	-1779.71	0	-891.058	0	-956.657	0	-1163.66	0	-1398.66	0	-1088.33	0	-608.819	0	-1758.05	0	-1053.79	0	-1383.93	0	-965.423	0	-1558.72	0	-1029.56	0	-950.029	0	-560.104	0	-567.048	0	-1026.34	0	-907.453	0	-785.717	0	-1047.55	0	-1545.82	0	-1053.68	0
-934.424	0	-2332.07	0	-730.559	0	-1779.71	0	-891.058	0	-956.664	0	-1163.66	0	-1398.66	0	-1088.34	0	-608.819	0	-1758.05	0	-1053.84	0	-1383.93	0	-965.429	0	-1558.72	0	-1029.59	0	-950.103	0	-560.608	0	-567.048	0	-1026.34	0	-907.494	0	-785.717	0	-1047.55	0	-1545.82	0	-1053.7	0
-934.436	0	-2332.07	0	-730.578	0	-1779.71	0	-891.058	0	-956.671	0	-1163.66	0	-1398.66	0	-1088.34	0	-608.819	0	-1758.05	0	-1053.89	0	-1383.93	0	-965.438	0	-1558.72	0	-1029.61	0	-950.162	0	-561.069	0	-567.048	0	-1026.34	0	-907.519	0	-785.717	0	-1047.56	0	-1545.82	0	-1053.72	0
-934.444	0	-2332.07	0	-730.676	0	-1779.72	0	-891.058	0	-956.675	0	-1163.66	0	-1398.66	0	-1088.34	0	-608.819	0	-1758.05	0	-1053.91	0	-1383.93	0	-965.446	0	-1558.72	0	-1029.62	0	-950.21	0	-562.271	0	-567.048	0	-1026.34	0	-907.533	0	-785.718	0	-1047.56	0	-1545.82	0	-1053.73	0
-934.449	0	-2332.07	0	-730.77	0	-1779.72	0	-891.058	0	-956.682	0	-1163.66	0	-1398.66	0	-1088.34	0	-608.819	0	-1758.05	0	-1053.94	0	-1383.93	0	-965.45	0	-1558.72	0	-1029.64	0	-950.251	0	-563.907	0	-567.048	0	-1026.34	0	-907.565	0	-785.718	0	-1047.56	0	-1545.82	0	-1053.77	0
-934.451	0	-2332.07	0	-730.839	0	-1779.72	0	-891.058	0	-956.685	0	-1163.66	0	-1398.66	0	-1088.34	0	-608.819	0	-1758.05	0	-1053.97	0	-1383.93	0	-965.455	0	-1558.72	0	-1029.65	0	-950.29	0	-565.023	0	-567.048	0	-1026.34	0	-907.595	0	-785.719	0	-1047.56	0	-1545.82	0	-1053.81	0
-934.453	0	-2332.07	0	-730.984	0	-1779.72	0	-891.058	0	-956.691	0	-1163.66	0	-1398.66	0	-1088.35	0	-608.819	0	-1758.05	0	-1053.99	0	-1383.93	0	-965.455	0	-1558.72	0	-1029.66	0	-950.321	0	-566.132	0	-567.048	0	-1026.34	0	-907.616	0	-785.719	0	-1047.56	0	-1545.82	0	-1053.86	0
-934.457	0	-2332.07	0	-731.138	0	-1779.72	0	-891.058	0	-956.696	0	-1163.66	0	-1398.66	0	-1088.35	0	-608.819	0	-1758.05	0	-1054.02	0	-1383.93	0	-965.458	0	-1558.72	0	-1029.67	0	-950.359	0	-566.995	0	-567.048	0	-1026.34	0	-907.639	0	-785.719	0	-1047.56	0	-1545.82	0	-1053.89	0
-934.461	0	-2332.07	0	-731.203	0	-1779.72	0	-891.058	0	-956.704	0	-1163.66	0	-1398.66	0	-1088.36	0	-608.819	0	-1758.05	0	-1054.04	0	-1383.93	0	-965.459	0	-1558.72	0	-1029.68	0	-950.428	0	-567.63	0	-567.048	0	-1026.34	0	-907.652	0	-785.719	0	-1047.57	0	-1545.82	0	-1053.91	0
-934.467	0	-2332.07	0	-731.238	0	-1779.72	0	-891.058	0	-956.707	0	-1163.66	0	-1398.66	0	-1088.37	0	-608.819	0	-1758.05	0	-1054.08	0	-1383.93	0	-965.46	0	-1558.72	0	-1029.69	0	-950.491	0	-568.138	0	-567.048	0	-1026.34	0	-907.684	0	-785.72	0	-1047.57	0	-1545.82	0	-1053.93	0
-934.471	0	-2332.07	0	-731.359	0	-1779.72	0	-891.058	0	-956.715	0	-1163.66	0	-1398.66	0	-1088.38	0	-608.819	0	-1758.05	0	-1054.11	0	-1383.93	0	-965.461	0	-1558.72	0	-1029.69	0	-950.503	0	-568.5	0	-567.048	0	-1026.34	0	-907.78	0	-785.72	0	-1047.57	0	-1545.82	0	-1053.98	0
-934.473	0	-2332.07	0	-731.408	0	-1779.72	0	-891.058	0	-956.726	0	-1163.66	0	-1398.66	0	-1088.38	0	-608.819	0	-1758.05	0	-1054.12	0	-1383.93	0	-965.461	0	-1558.72	0	-1029.7	0	-950.53	0	-568.774	0	-567.048	0	-1026.34	0	-907.833	0	-785.72	0	-1047.57	0	-1545.82	0	-1054	0
-934.479	0	-2332.07	0	-731.505	0	-1779.72	0	-891.058	0	-956.743	0	-1163.66	0	-1398.66	0	-1088.39	0	-608.819	0	-1758.05	0	-1054.14	0	-1383.93	0	-965.462	0	-1558.72	0	-1029.72	0	-950.568	0	-569.374	0	-567.048	0	-1026.35	0	-907.895	0	-785.72	0	-1047.58	0	-1545.82	0	-1054.01	0
-934.486	0	-2332.07	0	-731.599	0	-1779.72	0	-891.058	0	-956.745	0	-1163.66	0	-1398.66	0	-1088.4	0	-608.819	0	-1758.05	0	-1054.15	0	-1383.93	0	-965.468	0	-1558.72	0	-1029.73	0	-950.623	0	-569.864	0	-567.048	0	-1026.35	0	-907.955	0	-785.721	0	-1047.58	0	-1545.82	0	-1054.03	0
-934.489	0	-2332.07	0	-731.726	0	-1779.72	0	-891.058	0	-956.755	0	-1163.66	0	-1398.66	0	-1088.4	0	-608.819	0	-1758.05	0	-1054.16	0	-1383.93	0	-965.478	0	-1558.72	0	-1029.75	0	-950.674	0	-570.281	0	-567.048	0	-1026.35	0	-908.007	0	-785.721	0	-1047.58	0	-1545.82	0	-1054.03	0
-934.493	0	-2332.07	0	-731.829	0	-1779.72	0	-891.058	0	-956.76	0	-1163.66	0	-1398.66	0	-1088.4	0	-608.819	0	-1758.05	0	-1054.17	0	-1383.93	0	-965.512	0	-1558.72	0	-1029.76	0	-950.772	0	-570.77	0	-567.048	0	-1026.35	0	-908.03	0	-785.721	0	-1047.58	0	-1545.82	0	-1054.05	0
-934.494	0	-2332.07	0	-731.85	0	-1779.72	0	-891.058	0	-956.767	0	-1163.66	0	-1398.66	0	-1088.4	0	-608.819	0	-1758.05	0	-1054.2	0	-1383.93	0	-965.56	0	-1558.72	0	-1029.78	0	-950.83	0	-570.987	0	-567.048	0	-1026.35	0	-908.049	0	-785.722	0	-1047.59	0	-1545.82	0	-1054.07	0
-934.499	0	-2332.07	0	-731.933	0	-1779.72	0	-891.058	0	-956.774	0	-1163.66	0	-1398.66	0	-1088.41	0	-608.819	0	-1758.05	0	-1054.2	0	-1383.93	0	-965.603	0	-1558.72	0	-1029.8	0	-950.866	0	-571.192	0	-567.048	0	-1026.35	0	-908.071	0	-785.722	0	-1047.59	0	-1545.82	0	-1054.09	0
-934.504	0	-2332.07	0	-732.062	0	-1779.72	0	-891.058	0	-956.779	0	-1163.66	0	-1398.66	0	-1088.42	0	-608.819	0	-1758.05	0	-1054.21	0	-1383.93	0	-965.615	0	-1558.72	0	-1029.81	0	-950.898	0	-571.541	0	-567.048	0	-1026.35	0	-908.084	0	-785.723	0	-1047.59	0	-1545.82	0	-1054.11	0
-934.513	0	-2332.07	0	-732.284	0	-1779.72	0	-891.058	0	-956.787	0	-1163.66	0	-1398.66	0	-1088.42	0	-608.819	0	-1758.05	0	-1054.22	0	-1383.93	0	-965.636	0	-1558.72	0	-1029.83	0	-950.927	0	-571.759	0	-567.048	0	-1026.35	0	-908.109	0	-785.724	0	-1047.59	0	-1545.82	0	-1054.13	0
-934.516	0	-2332.07	0	-732.366	0	-1779.72	0	-891.058	0	-956.794	0	-1163.66	0	-1398.66	0	-1088.43	0	-608.819	0	-1758.05	0	-1054.24	0	-1383.93	0	-965.661	0	-1558.72	0	-1029.83	0	-950.948	0	-571.899	0	-567.048	0	-1026.35	0	-908.127	0	-785.724	0	-1047.59	0	-1545.82	0	-1054.17	0
-934.523	0	-2332.07	0	-732.459	0	-1779.72	0	-891.058	0	-956.801	0	-1163.66	0	-1398.66	0	-1088.43	0	-608.819	0	-1758.05	0	-1054.26	0	-1383.93	0	-965.689	0	-1558.72	0	-1029.83	0	-950.97	0	-572.108	0	-567.048	0	-1026.35	0	-908.159	0	-785.724	0	-1047.59	0	-1545.82	0	-1054.2	0
-934.531	0	-2332.07	0	-732.527	0	-1779.72	0	-891.058	0	-956.806	0	-1163.66	0	-1398.66	0	-1088.44	0	-608.819	0	-1758.05	0	-1054.26	0	-1383.93	0	-965.705	0	-1558.72	0	-1029.84	0	-950.991	0	-572.134	0	-567.048	0	-1026.35	0	-908.167	0	-785.725	0	-1047.6	0	-1545.82	0	-1054.25	0
-934.536	0	-2332.07	0	-732.598	0	-1779.72	0	-891.058	0	-956.813	0	-1163.66	0	-1398.66	0	-1088.44	0	-608.819	0	-1758.05	0	-1054.28	0	-1383.93	0	-965.71	0	-1558.72	0	-1029.85	0	-951.007	0	-572.134	0	-567.048	0	-1026.35	0	-908.194	0	-785.725	0	-1047.6	0	-1545.82	0	-1054.25	0
-934.544	0	-2332.07	0	-732.651	0	-1779.72	0	-891.058	0	-956.821	0	-1163.66	0	-1398.66	0	-1088.44	0	-608.819	0	-1758.05	0	-1054.29	0	-1383.93	0	-965.725	0	-1558.72	0	-1029.86	0	-951.024	0	-572.332	0	-567.048	0	-1026.35	0	-908.267	0	-785.726	0	-1047.6	0	-1545.82	0	-1054.27	0
-934.553	0	-2332.07	0	-732.752	0	-1779.72	0	-891.058	0	-956.831	0	-1163.66	0	-1398.66	0	-1088.46	0	-608.819	0	-1758.05	0	-1054.32	0	-1383.93	0	-965.743	0	-1558.72	0	-1029.88	0	-951.035	0	-572.353	0	-567.048	0	-1026.35	0	-908.324	0	-785.726	0	-1047.6	0	-1545.82	0	-1054.28	0
-934.555	0	-2332.07	0	-732.864	0	-1779.72	0	-891.058	0	-956.835	0	-1163.66	0	-1398.66	0	-1088.47	0	-608.819	0	-1758.05	0	-1054.34	0	-1383.93	0	-965.758	0	-1558.72	0	-1029.91	0	-951.041	0	-572.411	0	-567.048	0	-1026.35	0	-908.398	0	-785.726	0	-1047.6	0	-1545.82	0	-1054.29	0
-934.558	0	-2332.07	0	-732.9	0	-1779.72	0	-891.058	0	-956.842	0	-1163.66	0	-1398.66	0	-1088.47	0	-608.819	0	-1758.05	0	-1054.34	0	-1383.93	0	-965.771	0	-1558.72	0	-1029.92	0	-951.049	0	-572.483	0	-567.048	0	-1026.35	0	-908.477	0	-785.727	0	-1047.61	0	-1545.82	0	-1054.3	0
-934.562	0	-2332.07	0	-732.95	0	-1779.72	0	-891.058	0	-956.848	0	-1163.66	0	-1398.66	0	-1088.48	0	-608.819	0	-1758.05	0	-1054.35	0	-1383.93	0	-965.779	0	-1558.72	0	-1029.94	0	-951.053	0	-572.616	0	-567.048	0	-1026.35	0	-908.52	0	-785.728	0	-1047.61	0	-1545.82	0	-1054.31	0
-934.565	0	-2332.07	0	-732.984	0	-1779.72	0	-891.058	0	-956.855	0	-1163.66	0	-1398.66	0	-1088.49	0	-608.819	0	-1758.05	0	-1054.35	0	-1383.93	0	-965.784	0	-1558.72	0	-1029.94	0	-951.061	0	-572.678	0	-567.048	0	-1026.35	0	-908.55	0	-785.728	0	-1047.62	0	-1545.82	0	-1054.32	0
-934.568	0	-2332.07	0	-733.044	0	-1779.72	0	-891.058	0	-956.864	0	-1163.66	0	-1398.66	0	-1088.49	0	-608.819	0	-1758.05	0	-1054.36	0	-1383.93	0	-965.794	0	-1558.72	0	-1029.95	0	-951.064	0	-572.825	0	-567.048	0	-1026.35	0	-908.599	0	-785.729	0	-1047.63	0	-1545.82	0	-1054.32	0
-934.572	0	-2332.07	0	-733.2	0	-1779.72	0	-891.058	0	-956.871	0	-1163.66	0	-1398.66	0	-1088.5	0	-608.819	0	-1758.05	0	-1054.36	0	-1383.93	0	-965.81	0	-1558.72	0	-1029.96	0	-951.07	0	-572.874	0	-567.048	0	-1026.36	0	-908.659	0	-785.73	0	-1047.64	0	-1545.82	0	-1054.33	0
-934.578	0	-2332.07	0	-733.548	0	-1779.72	0	-891.058	0	-956.88	0	-1163.66	0	-1398.66	0	-1088.5	0	-608.819	0	-1758.05	0	-1054.36	0	-1383.93	0	-965.82	0	-1558.72	0	-1029.96	0	-951.077	0	-573.018	0	-567.048	0	-1026.36	0	-908.678	0	-785.731	0	-1047.64	0	-1545.82	0	-1054.33	0
-934.58	0	-2332.07	0	-733.905	0	-1779.72	0	-891.058	0	-956.887	0	-1163.66	0	-1398.66	0	-1088.5	0	-608.819	0	-1758.05	0	-1054.37	0	-1383.93	0	-965.823	0	-1558.72	0	-1029.97	0	-951.086	0	-573.046	0	-567.048	0	-1026.36	0	-908.715	0	-785.731	0	-1047.65	0	-1545.82	0	-1054.34	0
-934.581	0	-2332.07	0	-734.146	0	-1779.72	0	-891.058	0	-956.895	0	-1163.66	0	-1398.66	0	-1088.5	0	-608.819	0	-1758.05	0	-1054.37	0	-1383.93	0	-965.832	0	-1558.72	0	-1029.98	0	-951.128	0	-573.08	0	-567.048	0	-1026.36	0	-908.758	0	-785.732	0	-1047.67	0	-1545.82	0	-1054.35	0
-934.583	0	-2332.07	0	-734.369	0	-1779.72	0	-891.058	0	-956.896	0	-1163.66	0	-1398.66	0	-1088.51	0	-608.819	0	-1758.05	0	-1054.37	0	-1383.93	0	-965.839	0	-1558.72	0	-1029.99	0	-951.228	0	-573.13	0	-567.048	0	-1026.36	0	-908.781	0	-785.732	0	-1047.68	0	-1545.82	0	-1054.36	0
-934.585	0	-2332.07	0	-734.537	0	-1779.72	0	-891.058	0	-956.906	0	-1163.66	0	-1398.66	0	-1088.51	0	-608.819	0	-1758.05	0	-1054.38	0	-1383.93	0	-965.849	0	-1558.72	0	-1030.01	0	-951.27	0	-573.211	0	-567.048	0	-1026.36	0	-908.815	0	-785.733	0	-1047.69	0	-1545.82	0	-1054.37	0
-934.586	0	-2332.07	0	-734.669	0	-1779.72	0	-891.058	0	-956.932	0	-1163.66	0	-1398.66	0	-1088.51	0	-608.819	0	-1758.05	0	-1054.39	0	-1383.93	0	-965.86	0	-1558.72	0	-1030.04	0	-951.29	0	-573.305	0	-567.048	0	-1026.36	0	-908.879	0	-785.734	0	-1047.7	0	-1545.82	0	-1054.39	0
-934.587	0	-2332.07	0	-734.81	0	-1779.72	0	-891.058	0	-956.946	0	-1163.66	0	-1398.66	0	-1088.51	0	-608.819	0	-1758.05	0	-1054.4	0	-1383.93	0	-965.872	0	-1558.72	0	-1030.08	0	-951.342	0	-573.413	0	-567.048	0	-1026.36	0	-908.943	0	-785.734	0	-1047.7	0	-1545.82	0	-1054.41	0
-934.588	0	-2332.07	0	-734.925	0	-1779.73	0	-891.058	0	-956.958	0	-1163.66	0	-1398.66	0	-1088.51	0	-608.819	0	-1758.05	0	-1054.42	0	-1383.93	0	-965.884	0	-1558.72	0	-1030.13	0	-951.375	0	-573.482	0	-567.048	0	-1026.36	0	-908.979	0	-785.735	0	-1047.71	0	-1545.82	0	-1054.41	0
-934.588	0	-2332.07	0	-735.258	0	-1779.73	0	-891.058	0	-956.963	0	-1163.66	0	-1398.66	0	-1088.51	0	-608.819	0	-1758.05	0	-1054.42	0	-1383.93	0	-965.892	0	-1558.72	0	-1030.17	0	-951.417	0	-573.566	0	-567.048	0	-1026.36	0	-909.001	0	-785.735	0	-1047.72	0	-1545.82	0	-1054.42	0
-934.588	0	-2332.07	0	-735.534	0	-1779.73	0	-891.058	0	-956.972	0	-1163.66	0	-1398.66	0	-1088.52	0	-608.819	0	-1758.05	0	-1054.43	0	-1383.93	0	-965.897	0	-1558.72	0	-1030.22	0	-951.454	0	-573.784	0	-567.048	0	-1026.36	0	-909.034	0	-785.735	0	-1047.73	0	-1545.82	0	-1054.43	0
-934.589	0	-2332.07	0	-735.72	0	-1779.73	0	-891.058	0	-956.98	0	-1163.66	0	-1398.66	0	-1088.52	0	-608.819	0	-1758.05	0	-1054.43	0	-1383.93	0	-965.901	0	-1558.72	0	-1030.23	0	-951.515	0	-574.177	0	-567.048	0	-1026.37	0	-909.065	0	-785.735	0	-1047.75	0	-1545.82	0	-1054.44	0
-934.589	0	-2332.07	0	-735.962	0	-1779.73	0	-891.058	0	-956.99	0	-1163.66	0	-1398.66	0	-1088.52	0	-608.819	0	-1758.05	0	-1054.43	0	-1383.93	0	-965.907	0	-1558.72	0	-1030.25	0	-951.587	0	-574.461	0	-567.048	0	-1026.37	0	-909.092	0	-785.735	0	-1047.75	0	-1545.82	0	-1054.45	0
-934.59	0	-2332.07	0	-736.195	0	-1779.73	0	-891.058	0	-956.999	0	-1163.66	0	-1398.66	0	-1088.53	0	-608.819	0	-1758.05	0	-1054.44	0	-1383.93	0	-965.915	0	-1558.72	0	-1030.26	0	-951.606	0	-574.643	0	-567.048	0	-1026.37	0	-909.109	0	-785.736	0	-1047.77	0	-1545.82	0	-1054.46	0
-934.595	0	-2332.07	0	-736.41	0	-1779.73	0	-891.058	0	-957.007	0	-1163.66	0	-1398.66	0	-1088.53	0	-608.819	0	-1758.05	0	-1054.44	0	-1383.93	0	-965.918	0	-1558.72	0	-1030.27	0	-951.645	0	-574.724	0	-567.048	0	-1026.37	0	-909.122	0	-785.736	0	-1047.78	0	-1545.82	0	-1054.48	0
-934.6	0	-2332.07	0	-736.466	0	-1779.73	0	-891.058	0	-957.011	0	-1163.66	0	-1398.66	0	-1088.53	0	-608.819	0	-1758.05	0	-1054.45	0	-1383.93	0	-965.92	0	-1558.72	0	-1030.28	0	-951.683	0	-574.812	0	-567.048	0	-1026.37	0	-909.132	0	-785.736	0	-1047.79	0	-1545.82	0	-1054.5	0
-934.603	0	-2332.07	0	-736.541	0	-1779.73	0	-891.058	0	-957.017	0	-1163.66	0	-1398.66	0	-1088.53	0	-608.819	0	-1758.05	0	-1054.45	0	-1383.93	0	-965.923	0	-1558.72	0	-1030.28	0	-951.713	0	-574.88	0	-567.048	0	-1026.37	0	-909.15	0	-785.736	0	-1047.8	0	-1545.82	0	-1054.52	0
-934.606	0	-2332.07	0	-736.665	0	-1779.73	0	-891.058	0	-957.025	0	-1163.66	0	-1398.66	0	-1088.54	0	-608.819	0	-1758.05	0	-1054.46	0	-1383.93	0	-965.925	0	-1558.72	0	-1030.29	0	-951.741	0	-574.976	0	-567.048	0	-1026.37	0	-909.186	0	-785.736	0	-1047.82	0	-1545.82	0	-1054.53	0
-934.61	0	-2332.07	0	-736.734	0	-1779.73	0	-891.058	0	-957.028	0	-1163.66	0	-1398.66	0	-1088.54	0	-608.819	0	-1758.05	0	-1054.47	0	-1383.93	0	-965.928	0	-1558.72	0	-1030.31	0	-951.751	0	-575.046	0	-567.048	0	-1026.37	0	-909.223	0	-785.736	0	-1047.83	0	-1545.82	0	-1054.54	0
-934.618	0	-2332.07	0	-736.9	0	-1779.73	0	-891.058	0	-957.031	0	-1163.66	0	-1398.66	0	-1088.55	0	-608.819	0	-1758.05	0	-1054.47	0	-1383.93	0	-965.93	0	-1558.72	0	-1030.32	0	-951.77	0	-575.13	0	-567.048	0	-1026.37	0	-909.267	0	-785.736	0	-1047.84	0	-1545.82	0	-1054.56	0
-934.625	0	-2332.07	0	-737.515	0	-1779.73	0	-891.058	0	-957.035	0	-1163.66	0	-1398.66	0	-1088.55	0	-608.819	0	-1758.05	0	-1054.48	0	-1383.93	0	-965.932	0	-1558.72	0	-1030.35	0	-951.794	0	-575.266	0	-567.048	0	-1026.37	0	-909.298	0	-785.736	0	-1047.85	0	-1545.82	0	-1054.58	0
-934.635	0	-2332.07	0	-737.86	0	-1779.73	0	-891.058	0	-957.036	0	-1163.66	0	-1398.66	0	-1088.55	0	-608.819	0	-1758.05	0	-1054.5	0	-1383.93	0	-965.942	0	-1558.72	0	-1030.4	0	-951.828	0	-575.409	0	-567.048	0	-1026.37	0	-909.34	0	-785.736	0	-1047.86	0	-1545.82	0	-1054.6	0
-934.641	0	-2332.07	0	-738.001	0	-1779.73	0	-891.058	0	-957.039	0	-1163.66	0	-1398.66	0	-1088.55	0	-608.819	0	-1758.05	0	-1054.53	0	-1383.93	0	-965.95	0	-1558.72	0	-1030.45	0	-951.875	0	-575.546	0	-567.048	0	-1026.37	0	-909.391	0	-785.737	0	-1047.88	0	-1545.82	0	-1054.62	0
-934.644	0	-2332.07	0	-738.202	0	-1779.73	0	-891.058	0	-957.045	0	-1163.66	0	-1398.66	0	-1088.56	0	-608.819	0	-1758.05	0	-1054.55	0	-1383.93	0	-965.955	0	-1558.72	0	-1030.48	0	-951.903	0	-575.622	0	-567.048	0	-1026.37	0	-909.426	0	-785.737	0	-1047.89	0	-1545.82	0	-1054.64	0
-934.645	0	-2332.07	0	-738.424	0	-1779.73	0	-891.058	0	-957.05	0	-1163.66	0	-1398.66	0	-1088.56	0	-608.819	0	-1758.05	0	-1054.56	0	-1383.93	0	-965.962	0	-1558.72	0	-1030.5	0	-951.989	0	-575.701	0	-567.048	0	-1026.37	0	-909.452	0	-785.737	0	-1047.9	0	-1545.82	0	-1054.66	0
-934.65	0	-2332.07	0	-738.646	0	-1779.73	0	-891.058	0	-957.056	0	-1163.66	0	-1398.66	0	-1088.56	0	-608.819	0	-1758.05	0	-1054.57	0	-1383.93	0	-965.971	0	-1558.72	0	-1030.54	0	-952	0	-575.805	0	-567.048	0	-1026.37	0	-909.47	0	-785.737	0	-1047.91	0	-1545.82	0	-1054.67	0
-934.654	0	-2332.07	0	-738.823	0	-1779.73	0	-891.058	0	-957.061	0	-1163.66	0	-1398.66	0	-1088.58	0	-608.819	0	-1758.05	0	-1054.59	0	-1383.93	0	-965.981	0	-1558.72	0	-1030.54	0	-952.041	0	-575.926	0	-567.048	0	-1026.37	0	-909.502	0	-785.737	0	-1047.92	0	-1545.82	0	-1054.68	0
-934.66	0	-2332.07	0	-739.062	0	-1779.73	0	-891.058	0	-957.071	0	-1163.66	0	-1398.66	0	-1088.59	0	-608.819	0	-1758.05	0	-1054.61	0	-1383.93	0	-965.987	0	-1558.72	0	-1030.55	0	-952.092	0	-576.13	0	-567.048	0	-1026.37	0	-909.579	0	-785.737	0	-1047.93	0	-1545.82	0	-1054.69	0
-934.661	0	-2332.07	0	-739.209	0	-1779.73	0	-891.058	0	-957.08	0	-1163.66	0	-1398.66	0	-1088.59	0	-608.819	0	-1758.05	0	-1054.63	0	-1383.93	0	-965.994	0	-1558.72	0	-1030.56	0	-952.11	0	-576.387	0	-567.048	0	-1026.38	0	-909.84	0	-785.738	0	-1047.94	0	-1545.82	0	-1054.71	0
-934.664	0	-2332.07	0	-739.296	0	-1779.73	0	-891.058	0	-957.083	0	-1163.66	0	-1398.66	0	-1088.59	0	-608.819	0	-1758.05	0	-1054.65	0	-1383.93	0	-965.999	0	-1558.72	0	-1030.56	0	-952.179	0	-576.418	0	-567.048	0	-1026.38	0	-909.888	0	-785.738	0	-1047.94	0	-1545.82	0	-1054.72	0
-934.667	0	-2332.07	0	-739.406	0	-1779.73	0	-891.058	0	-957.086	0	-1163.66	0	-1398.66	0	-1088.6	0	-608.819	0	-1758.05	0	-1054.66	0	-1383.93	0	-966.001	0	-1558.72	0	-1030.56	0	-952.218	0	-576.501	0	-567.048	0	-1026.38	0	-909.962	0	-785.738	0	-1047.97	0	-1545.82	0	-1054.76	0
-934.671	0	-2332.07	0	-739.491	0	-1779.73	0	-891.058	0	-957.09	0	-1163.66	0	-1398.66	0	-1088.6	0	-608.819	0	-1758.05	0	-1054.68	0	-1383.93	0	-966.002	0	-1558.72	0	-1030.57	0	-952.306	0	-576.595	0	-567.048	0	-1026.38	0	-910.013	0	-785.738	0	-1048.01	0	-1545.82	0	-1054.78	0
-934.674	0	-2332.07	0	-739.644	0	-1779.73	0	-891.058	0	-957.092	0	-1163.66	0	-1398.66	0	-1088.6	0	-608.819	0	-1758.05	0	-1054.69	0	-1383.93	0	-966.005	0	-1558.72	0	-1030.57	0	-952.41	0	-576.763	0	-567.048	0	-1026.38	0	-910.033	0	-785.738	0	-1048.08	0	-1545.82	0	-1054.79	0
-934.678	0	-2332.07	0	-739.721	0	-1779.73	0	-891.058	0	-957.093	0	-1163.66	0	-1398.66	0	-1088.61	0	-608.819	0	-1758.05	0	-1054.7	0	-1383.93	0	-966.008	0	-1558.72	0	-1030.58	0	-952.466	0	-576.83	0	-567.048	0	-1026.38	0	-910.074	0	-785.738	0	-1048.17	0	-1545.82	0	-1054.8	0
-934.68	0	-2332.07	0	-739.785	0	-1779.73	0	-891.058	0	-957.096	0	-1163.66	0	-1398.66	0	-1088.61	0	-608.819	0	-1758.05	0	-1054.7	0	-1383.93	0	-966.011	0	-1558.72	0	-1030.59	0	-952.534	0	-576.882	0	-567.048	0	-1026.38	0	-910.094	0	-785.738	0	-1048.18	0	-1545.82	0	-1054.83	0
-934.683	0	-2332.07	0	-739.903	0	-1779.73	0	-891.058	0	-957.099	0	-1163.66	0	-1398.66	0	-1088.62	0	-608.819	0	-1758.05	0	-1054.7	0	-1383.93	0	-966.02	0	-1558.72	0	-1030.61	0	-952.576	0	-576.918	0	-567.048	0	-1026.39	0	-910.134	0	-785.738	0	-1048.21	0	-1545.82	0	-1054.87	0
-934.687	0	-2332.07	0	-740.044	0	-1779.73	0	-891.058	0	-957.104	0	-1163.66	0	-1398.66	0	-1088.62	0	-608.819	0	-1758.05	0	-1054.71	0	-1383.93	0	-966.026	0	-1558.72	0	-1030.62	0	-952.63	0	-577.079	0	-567.048	0	-1026.39	0	-910.166	0	-785.738	0	-1048.23	0	-1545.82	0	-1054.88	0
-934.689	0	-2332.07	0	-740.086	0	-1779.73	0	-891.058	0	-957.128	0	-1163.66	0	-1398.66	0	-1088.63	0	-608.819	0	-1758.05	0	-1054.71	0	-1383.93	0	-966.029	0	-1558.72	0	-1030.64	0	-952.693	0	-577.163	0	-567.048	0	-1026.39	0	-910.218	0	-785.738	0	-1048.25	0	-1545.82	0	-1054.89	0
-934.696	0	-2332.07	0	-740.158	0	-1779.73	0	-891.058	0	-957.139	0	-1163.66	0	-1398.66	0	-1088.63	0	-608.819	0	-1758.05	0	-1054.73	0	-1383.93	0	-966.034	0	-1558.72	0	-1030.65	0	-952.722	0	-577.237	0	-567.048	0	-1026.4	0	-910.249	0	-785.738	0	-1048.27	0	-1545.82	0	-1054.91	0
-934.7	0	-2332.07	0	-740.211	0	-1779.73	0	-891.058	0	-957.143	0	-1163.66	0	-1398.66	0	-1088.64	0	-608.819	0	-1758.05	0	-1054.76	0	-1383.93	0	-966.043	0	-1558.72	0	-1030.67	0	-952.74	0	-577.284	0	-567.048	0	-1026.4	0	-910.293	0	-785.739	0	-1048.3	0	-1545.82	0	-1054.94	0
-934.703	0	-2332.07	0	-740.255	0	-1779.74	0	-891.058	0	-957.15	0	-1163.66	0	-1398.66	0	-1088.64	0	-608.819	0	-1758.05	0	-1054.8	0	-1383.93	0	-966.049	0	-1558.72	0	-1030.7	0	-952.793	0	-577.38	0	-567.048	0	-1026.4	0	-910.313	0	-785.739	0	-1048.33	0	-1545.82	0	-1054.99	0
-934.707	0	-2332.07	0	-740.418	0	-1779.74	0	-891.058	0	-957.168	0	-1163.66	0	-1398.66	0	-1088.65	0	-608.819	0	-1758.05	0	-1054.83	0	-1383.93	0	-966.055	0	-1558.72	0	-1030.73	0	-952.812	0	-577.498	0	-567.048	0	-1026.41	0	-910.374	0	-785.739	0	-1048.34	0	-1545.82	0	-1055.03	0
-934.709	0	-2332.07	0	-740.503	0	-1779.74	0	-891.058	0	-957.183	0	-1163.66	0	-1398.66	0	-1088.65	0	-608.819	0	-1758.05	0	-1054.88	0	-1383.93	0	-966.058	0	-1558.72	0	-1030.74	0	-952.876	0	-577.648	0	-567.048	0	-1026.41	0	-910.491	0	-785.74	0	-1048.35	0	-1545.82	0	-1055.05	0
-934.711	0	-2332.07	0	-740.564	0	-1779.74	0	-891.058	0	-957.203	0	-1163.66	0	-1398.66	0	-1088.65	0	-608.819	0	-1758.05	0	-1054.92	0	-1383.93	0	-966.062	0	-1558.72	0	-1030.76	0	-952.915	0	-577.846	0	-567.048	0	-1026.41	0	-910.584	0	-785.74	0	-1048.37	0	-1545.82	0	-1055.08	0
-934.713	0	-2332.07	0	-740.625	0	-1779.74	0	-891.058	0	-957.205	0	-1163.66	0	-1398.66	0	-1088.66	0	-608.819	0	-1758.05	0	-1054.93	0	-1383.93	0	-966.067	0	-1558.72	0	-1030.77	0	-952.969	0	-578.036	0	-567.048	0	-1026.41	0	-910.779	0	-785.741	0	-1048.38	0	-1545.82	0	-1055.13	0
-934.715	0	-2332.07	0	-740.663	0	-1779.74	0	-891.058	0	-957.218	0	-1163.66	0	-1398.66	0	-1088.66	0	-608.819	0	-1758.05	0	-1054.96	0	-1383.93	0	-966.072	0	-1558.72	0	-1030.78	0	-952.98	0	-578.112	0	-567.048	0	-1026.41	0	-910.911	0	-785.741	0	-1048.39	0	-1545.82	0	-1055.16	0
-934.716	0	-2332.07	0	-740.76	0	-1779.74	0	-891.058	0	-957.223	0	-1163.66	0	-1398.66	0	-1088.67	0	-608.819	0	-1758.05	0	-1054.97	0	-1383.93	0	-966.079	0	-1558.72	0	-1030.79	0	-953.024	0	-578.248	0	-567.048	0	-1026.42	0	-910.99	0	-785.742	0	-1048.4	0	-1545.82	0	-1055.17	0
-934.717	0	-2332.07	0	-740.836	0	-1779.74	0	-891.058	0	-957.227	0	-1163.66	0	-1398.66	0	-1088.67	0	-608.819	0	-1758.05	0	-1054.99	0	-1383.93	0	-966.081	0	-1558.72	0	-1030.83	0	-953.049	0	-578.38	0	-567.048	0	-1026.42	0	-911.093	0	-785.742	0	-1048.4	0	-1545.82	0	-1055.19	0
-934.718	0	-2332.07	0	-740.923	0	-1779.74	0	-891.058	0	-957.243	0	-1163.66	0	-1398.66	0	-1088.68	0	-608.819	0	-1758.05	0	-1055.02	0	-1383.93	0	-966.093	0	-1558.72	0	-1030.84	0	-953.06	0	-578.515	0	-567.048	0	-1026.42	0	-911.138	0	-785.743	0	-1048.43	0	-1545.82	0	-1055.21	0
-934.719	0	-2332.07	0	-741.011	0	-1779.74	0	-891.058	0	-957.252	0	-1163.66	0	-1398.66	0	-1088.68	0	-608.819	0	-1758.05	0	-1055.03	0	-1383.93	0	-966.11	0	-1558.72	0	-1030.85	0	-953.076	0	-578.63	0	-567.048	0	-1026.44	0	-911.192	0	-785.744	0	-1048.44	0	-1545.82	0	-1055.24	0
-934.719	0	-2332.07	0	-741.06	0	-1779.74	0	-891.058	0	-957.265	0	-1163.66	0	-1398.66	0	-1088.68	0	-608.819	0	-1758.05	0	-1055.04	0	-1383.93	0	-966.123	0	-1558.72	0	-1030.88	0	-953.098	0	-578.781	0	-567.048	0	-1026.44	0	-911.219	0	-785.745	0	-1048.47	0	-1545.82	0	-1055.28	0
-934.72	0	-2332.07	0	-741.134	0	-1779.74	0	-891.058	0	-957.271	0	-1163.66	0	-1398.66	0	-1088.68	0	-608.819	0	-1758.05	0	-1055.05	0	-1383.93	0	-966.13	0	-1558.72	0	-1030.89	0	-953.115	0	-578.922	0	-567.048	0	-1026.45	0	-911.264	0	-785.745	0	-1048.48	0	-1545.82	0	-1055.3	0
-934.722	0	-2332.07	0	-741.185	0	-1779.74	0	-891.058	0	-957.284	0	-1163.66	0	-1398.66	0	-1088.68	0	-608.819	0	-1758.05	0	-1055.05	0	-1383.93	0	-966.139	0	-1558.72	0	-1030.9	0	-953.122	0	-579.025	0	-567.048	0	-1026.45	0	-911.304	0	-785.746	0	-1048.49	0	-1545.82	0	-1055.33	0
-934.723	0	-2332.07	0	-741.259	0	-1779.74	0	-891.058	0	-957.291	0	-1163.66	0	-1398.66	0	-1088.68	0	-608.819	0	-1758.05	0	-1055.06	0	-1383.93	0	-966.145	0	-1558.72	0	-1030.92	0	-953.129	0	-579.186	0	-567.048	0	-1026.46	0	-911.342	0	-785.747	0	-1048.52	0	-1545.82	0	-1055.36	0
-934.725	0	-2332.07	0	-741.299	0	-1779.74	0	-891.058	0	-957.3	0	-1163.66	0	-1398.66	0	-1088.68	0	-608.819	0	-1758.05	0	-1055.07	0	-1383.93	0	-966.15	0	-1558.72	0	-1030.94	0	-953.138	0	-579.407	0	-567.048	0	-1026.46	0	-911.366	0	-785.747	0	-1048.53	0	-1545.82	0	-1055.39	0
-934.726	0	-2332.07	0	-741.335	0	-1779.74	0	-891.058	0	-957.312	0	-1163.66	0	-1398.66	0	-1088.69	0	-608.819	0	-1758.05	0	-1055.09	0	-1383.93	0	-966.157	0	-1558.72	0	-1030.95	0	-953.151	0	-579.705	0	-567.048	0	-1026.46	0	-911.403	0	-785.748	0	-1048.54	0	-1545.82	0	-1055.41	0
-934.727	0	-2332.07	0	-741.424	0	-1779.74	0	-891.058	0	-957.32	0	-1163.66	0	-1398.66	0	-1088.69	0	-608.819	0	-1758.05	0	-1055.11	0	-1383.93	0	-966.167	0	-1558.72	0	-1030.96	0	-953.201	0	-579.81	0	-567.048	0	-1026.46	0	-911.426	0	-785.749	0	-1048.55	0	-1545.82	0	-1055.44	0
-934.729	0	-2332.07	0	-741.52	0	-1779.74	0	-891.058	0	-957.33	0	-1163.66	0	-1398.66	0	-1088.69	0	-608.819	0	-1758.05	0	-1055.12	0	-1383.93	0	-966.175	0	-1558.72	0	-1030.97	0	-953.388	0	-579.914	0	-567.048	0	-1026.46	0	-911.459	0	-785.75	0	-1048.56	0	-1545.82	0	-1055.45	0
-934.731	0	-2332.07	0	-741.566	0	-1779.74	0	-891.058	0	-957.337	0	-1163.66	0	-1398.66	0	-1088.69	0	-608.819	0	-1758.05	0	-1055.12	0	-1383.93	0	-966.179	0	-1558.72	0	-1030.98	0	-953.463	0	-580.089	0	-567.048	0	-1026.47	0	-911.48	0	-785.75	0	-1048.59	0	-1545.82	0	-1055.46	0
-934.734	0	-2332.07	0	-741.634	0	-1779.74	0	-891.058	0	-957.345	0	-1163.66	0	-1398.66	0	-1088.7	0	-608.819	0	-1758.05	0	-1055.13	0	-1383.93	0	-966.186	0	-1558.72	0	-1030.99	0	-953.529	0	-580.256	0	-567.048	0	-1026.47	0	-911.509	0	-785.751	0	-1048.62	0	-1545.82	0	-1055.47	0
-934.736	0	-2332.07	0	-741.725	0	-1779.74	0	-891.058	0	-957.351	0	-1163.66	0	-1398.66	0	-1088.7	0	-608.819	0	-1758.05	0	-1055.14	0	-1383.93	0	-966.188	0	-1558.72	0	-1030.99	0	-953.566	0	-580.399	0	-567.048	0	-1026.47	0	-911.531	0	-785.752	0	-1048.65	0	-1545.82	0	-1055.48	0
-934.738	0	-2332.07	0	-741.928	0	-1779.74	0	-891.058	0	-957.36	0	-1163.66	0	-1398.66	0	-1088.7	0	-608.819	0	-1758.05	0	-1055.14	0	-1383.93	0	-966.193	0	-1558.72	0	-1031	0	-953.615	0	-580.59	0	-567.048	0	-1026.47	0	-911.56	0	-785.752	0	-1048.67	0	-1545.82	0	-1055.49	0
-934.743	0	-2332.07	0	-742.119	0	-1779.74	0	-891.058	0	-957.365	0	-1163.66	0	-1398.66	0	-1088.71	0	-608.819	0	-1758.05	0	-1055.15	0	-1383.93	0	-966.196	0	-1558.72	0	-1031.01	0	-953.674	0	-580.759	0	-567.048	0	-1026.47	0	-911.58	0	-785.753	0	-1048.7	0	-1545.82	0	-1055.51	0
-934.746	0	-2332.07	0	-742.193	0	-1779.74	0	-891.058	0	-957.368	0	-1163.66	0	-1398.66	0	-1088.71	0	-608.819	0	-1758.05	0	-1055.17	0	-1383.93	0	-966.202	0	-1558.72	0	-1031.03	0	-953.711	0	-580.869	0	-567.048	0	-1026.47	0	-911.598	0	-785.754	0	-1048.72	0	-1545.82	0	-1055.52	0
-934.752	0	-2332.07	0	-742.281	0	-1779.74	0	-891.058	0	-957.372	0	-1163.66	0	-1398.66	0	-1088.72	0	-608.819	0	-1758.05	0	-1055.2	0	-1383.93	0	-966.206	0	-1558.72	0	-1031.04	0	-953.74	0	-581.04	0	-567.048	0	-1026.47	0	-911.619	0	-785.754	0	-1048.74	0	-1545.82	0	-1055.53	0
-934.756	0	-2332.07	0	-742.339	0	-1779.74	0	-891.058	0	-957.384	0	-1163.66	0	-1398.66	0	-1088.72	0	-608.819	0	-1758.05	0	-1055.21	0	-1383.93	0	-966.21	0	-1558.72	0	-1031.05	0	-953.757	0	-581.08	0	-567.048	0	-1026.47	0	-911.684	0	-785.755	0	-1048.75	0	-1545.82	0	-1055.54	0
-934.76	0	-2332.07	0	-742.364	0	-1779.74	0	-891.058	0	-957.387	0	-1163.66	0	-1398.66	0	-1088.73	0	-608.819	0	-1758.05	0	-1055.21	0	-1383.93	0	-966.21	0	-1558.72	0	-1031.06	0	-953.785	0	-581.142	0	-567.048	0	-1026.47	0	-911.741	0	-785.756	0	-1048.78	0	-1545.82	0	-1055.55	0
-934.765	0	-2332.07	0	-742.415	0	-1779.74	0	-891.058	0	-957.398	0	-1163.66	0	-1398.66	0	-1088.73	0	-608.819	0	-1758.05	0	-1055.23	0	-1383.93	0	-966.212	0	-1558.72	0	-1031.08	0	-953.804	0	-581.218	0	-567.048	0	-1026.47	0	-911.763	0	-785.756	0	-1048.79	0	-1545.82	0	-1055.56	0
-934.768	0	-2332.07	0	-742.463	0	-1779.74	0	-891.058	0	-957.403	0	-1163.66	0	-1398.66	0	-1088.73	0	-608.819	0	-1758.05	0	-1055.25	0	-1383.93	0	-966.214	0	-1558.72	0	-1031.09	0	-953.82	0	-581.324	0	-567.048	0	-1026.47	0	-911.792	0	-785.758	0	-1048.8	0	-1545.82	0	-1055.57	0
-934.773	0	-2332.07	0	-742.501	0	-1779.74	0	-891.058	0	-957.411	0	-1163.66	0	-1398.66	0	-1088.74	0	-608.819	0	-1758.05	0	-1055.28	0	-1383.93	0	-966.219	0	-1558.72	0	-1031.1	0	-953.839	0	-581.537	0	-567.048	0	-1026.48	0	-911.816	0	-785.758	0	-1048.81	0	-1545.82	0	-1055.58	0
-934.776	0	-2332.07	0	-742.577	0	-1779.74	0	-891.058	0	-957.42	0	-1163.66	0	-1398.66	0	-1088.74	0	-608.819	0	-1758.05	0	-1055.3	0	-1383.93	0	-966.227	0	-1558.72	0	-1031.11	0	-953.852	0	-581.679	0	-567.048	0	-1026.48	0	-911.837	0	-785.759	0	-1048.82	0	-1545.82	0	-1055.66	0
-934.778	0	-2332.07	0	-742.603	0	-1779.74	0	-891.058	0	-957.429	0	-1163.66	0	-1398.66	0	-1088.74	0	-608.819	0	-1758.05	0	-1055.32	0	-1383.93	0	-966.24	0	-1558.72	0	-1031.13	0	-953.868	0	-581.829	0	-567.048	0	-1026.48	0	-911.881	0	-785.76	0	-1048.84	0	-1545.82	0	-1055.67	0
-934.779	0	-2332.07	0	-742.614	0	-1779.74	0	-891.058	0	-957.432	0	-1163.66	0	-1398.66	0	-1088.74	0	-608.819	0	-1758.05	0	-1055.34	0	-1383.93	0	-966.25	0	-1558.72	0	-1031.14	0	-953.887	0	-581.916	0	-567.048	0	-1026.49	0	-911.898	0	-785.761	0	-1048.87	0	-1545.82	0	-1055.7	0
-934.781	0	-2332.07	0	-742.62	0	-1779.74	0	-891.058	0	-957.436	0	-1163.66	0	-1398.66	0	-1088.74	0	-608.819	0	-1758.05	0	-1055.36	0	-1383.93	0	-966.262	0	-1558.72	0	-1031.14	0	-953.918	0	-582.003	0	-567.048	0	-1026.49	0	-911.926	0	-785.761	0	-1048.89	0	-1545.82	0	-1055.74	0
-934.785	0	-2332.07	0	-742.633	0	-1779.74	0	-891.058	0	-957.44	0	-1163.66	0	-1398.66	0	-1088.75	0	-608.819	0	-1758.05	0	-1055.37	0	-1383.93	0	-966.274	0	-1558.72	0	-1031.15	0	-953.98	0	-582.159	0	-567.048	0	-1026.49	0	-911.955	0	-785.761	0	-1048.9	0	-1545.82	0	-1055.75	0
-934.79	0	-2332.07	0	-742.713	0	-1779.74	0	-891.058	0	-957.444	0	-1163.66	0	-1398.66	0	-1088.75	0	-608.819	0	-1758.05	0	-1055.37	0	-1383.93	0	-966.291	0	-1558.72	0	-1031.16	0	-953.998	0	-582.254	0	-567.048	0	-1026.49	0	-911.981	0	-785.762	0	-1048.92	0	-1545.82	0	-1055.78	0
-934.794	0	-2332.07	0	-742.744	0	-1779.74	0	-891.058	0	-957.45	0	-1163.66	0	-1398.66	0	-1088.75	0	-608.819	0	-1758.05	0	-1055.38	0	-1383.93	0	-966.303	0	-1558.72	0	-1031.17	0	-954.038	0	-582.355	0	-567.048	0	-1026.5	0	-911.998	0	-785.762	0	-1048.93	0	-1545.82	0	-1055.81	0
-934.804	0	-2332.07	0	-742.805	0	-1779.74	0	-891.058	0	-957.455	0	-1163.66	0	-1398.66	0	-1088.75	0	-608.819	0	-1758.05	0	-1055.39	0	-1383.93	0	-966.311	0	-1558.72	0	-1031.18	0	-954.069	0	-582.438	0	-567.048	0	-1026.5	0	-912.027	0	-785.763	0	-1048.94	0	-1545.82	0	-1055.84	0
-934.809	0	-2332.07	0	-742.858	0	-1779.74	0	-891.058	0	-957.458	0	-1163.66	0	-1398.66	0	-1088.76	0	-608.819	0	-1758.05	0	-1055.4	0	-1383.93	0	-966.319	0	-1558.72	0	-1031.18	0	-954.091	0	-582.649	0	-567.048	0	-1026.5	0	-912.054	0	-785.763	0	-1048.95	0	-1545.82	0	-1055.87	0
-934.819	0	-2332.07	0	-742.909	0	-1779.75	0	-891.058	0	-957.464	0	-1163.66	0	-1398.66	0	-1088.77	0	-608.819	0	-1758.05	0	-1055.42	0	-1383.93	0	-966.332	0	-1558.72	0	-1031.19	0	-954.11	0	-582.938	0	-567.048	0	-1026.5	0	-912.082	0	-785.764	0	-1048.95	0	-1545.82	0	-1055.88	0
-934.831	0	-2332.07	0	-743.073	0	-1779.75	0	-891.058	0	-957.478	0	-1163.66	0	-1398.66	0	-1088.78	0	-608.819	0	-1758.05	0	-1055.42	0	-1383.93	0	-966.341	0	-1558.72	0	-1031.19	0	-954.121	0	-583.119	0	-567.048	0	-1026.5	0	-912.106	0	-785.765	0	-1048.96	0	-1545.82	0	-1055.97	0
-934.835	0	-2332.07	0	-743.116	0	-1779.75	0	-891.058	0	-957.483	0	-1163.66	0	-1398.66	0	-1088.8	0	-608.819	0	-1758.05	0	-1055.43	0	-1383.93	0	-966.347	0	-1558.72	0	-1031.19	0	-954.131	0	-583.298	0	-567.048	0	-1026.5	0	-912.143	0	-785.765	0	-1048.96	0	-1545.82	0	-1056.05	0
-934.842	0	-2332.07	0	-743.236	0	-1779.75	0	-891.058	0	-957.487	0	-1163.66	0	-1398.66	0	-1088.83	0	-608.819	0	-1758.05	0	-1055.43	0	-1383.93	0	-966.356	0	-1558.72	0	-1031.2	0	-954.144	0	-583.366	0	-567.048	0	-1026.5	0	-912.188	0	-785.766	0	-1048.97	0	-1545.82	0	-1056.07	0
-934.855	0	-2332.07	0	-743.379	0	-1779.75	0	-891.058	0	-957.497	0	-1163.66	0	-1398.66	0	-1088.86	0	-608.819	0	-1758.05	0	-1055.45	0	-1383.93	0	-966.373	0	-1558.72	0	-1031.2	0	-954.151	0	-583.539	0	-567.048	0	-1026.5	0	-912.215	0	-785.766	0	-1048.97	0	-1545.82	0	-1056.1	0
-934.866	0	-2332.07	0	-743.488	0	-1779.75	0	-891.058	0	-957.503	0	-1163.66	0	-1398.66	0	-1088.89	0	-608.819	0	-1758.05	0	-1055.46	0	-1383.93	0	-966.38	0	-1558.72	0	-1031.21	0	-954.167	0	-583.678	0	-567.048	0	-1026.5	0	-912.253	0	-785.766	0	-1048.97	0	-1545.82	0	-1056.13	0
-934.888	0	-2332.07	0	-743.524	0	-1779.75	0	-891.058	0	-957.513	0	-1163.66	0	-1398.66	0	-1088.91	0	-608.819	0	-1758.05	0	-1055.48	0	-1383.93	0	-966.394	0	-1558.72	0	-1031.21	0	-954.181	0	-583.738	0	-567.048	0	-1026.5	0	-912.278	0	-785.766	0	-1048.97	0	-1545.82	0	-1056.16	0
-934.897	0	-2332.07	0	-743.639	0	-1779.75	0	-891.058	0	-957.52	0	-1163.66	0	-1398.66	0	-1088.92	0	-608.819	0	-1758.05	0	-1055.49	0	-1383.93	0	-966.406	0	-1558.72	0	-1031.23	0	-954.188	0	-583.871	0	-567.048	0	-1026.51	0	-912.289	0	-785.766	0	-1048.97	0	-1545.82	0	-1056.19	0
-934.919	0	-2332.07	0	-743.768	0	-1779.75	0	-891.058	0	-957.527	0	-1163.66	0	-1398.66	0	-1088.95	0	-608.819	0	-1758.05	0	-1055.51	0	-1383.93	0	-966.411	0	-1558.72	0	-1031.27	0	-954.191	0	-583.969	0	-567.048	0	-1026.51	0	-912.318	0	-785.766	0	-1048.98	0	-1545.82	0	-1056.2	0
-934.926	0	-2332.07	0	-743.824	0	-1779.75	0	-891.058	0	-957.531	0	-1163.66	0	-1398.66	0	-1088.97	0	-608.819	0	-1758.05	0	-1055.53	0	-1383.93	0	-966.416	0	-1558.72	0	-1031.28	0	-954.205	0	-584.086	0	-567.048	0	-1026.51	0	-912.331	0	-785.766	0	-1048.98	0	-1545.82	0	-1056.23	0
-934.928	0	-2332.07	0	-743.866	0	-1779.75	0	-891.058	0	-957.535	0	-1163.66	0	-1398.66	0	-1088.98	0	-608.819	0	-1758.05	0	-1055.54	0	-1383.93	0	-966.42	0	-1558.72	0	-1031.29	0	-954.222	0	-584.177	0	-567.048	0	-1026.51	0	-912.354	0	-785.767	0	-1048.98	0	-1545.82	0	-1056.24	0
-934.939	0	-2332.07	0	-743.897	0	-1779.75	0	-891.058	0	-957.539	0	-1163.66	0	-1398.66	0	-1088.99	0	-608.819	0	-1758.05	0	-1055.55	0	-1383.93	0	-966.425	0	-1558.72	0	-1031.3	0	-954.238	0	-584.28	0	-567.048	0	-1026.51	0	-912.357	0	-785.767	0	-1048.99	0	-1545.82	0	-1056.25	0
-934.964	0	-2332.07	0	-743.921	0	-1779.75	0	-891.058	0	-957.542	0	-1163.66	0	-1398.66	0	-1089	0	-608.819	0	-1758.05	0	-1055.57	0	-1383.93	0	-966.428	0	-1558.72	0	-1031.31	0	-954.248	0	-584.434	0	-567.048	0	-1026.51	0	-912.365	0	-785.767	0	-1049	0	-1545.82	0	-1056.26	0
-934.968	0	-2332.07	0	-744.025	0	-1779.75	0	-891.058	0	-957.545	0	-1163.66	0	-1398.66	0	-1089	0	-608.819	0	-1758.05	0	-1055.59	0	-1383.93	0	-966.431	0	-1558.72	0	-1031.32	0	-954.262	0	-584.553	0	-567.048	0	-1026.51	0	-912.375	0	-785.767	0	-1049.01	0	-1545.82	0	-1056.27	0
-934.987	0	-2332.07	0	-744.092	0	-1779.75	0	-891.058	0	-957.547	0	-1163.66	0	-1398.66	0	-1089.01	0	-608.819	0	-1758.05	0	-1055.6	0	-1383.93	0	-966.435	0	-1558.72	0	-1031.32	0	-954.279	0	-584.694	0	-567.048	0	-1026.51	0	-912.387	0	-785.767	0	-1049.03	0	-1545.82	0	-1056.28	0
-934.997	0	-2332.07	0	-744.158	0	-1779.75	0	-891.058	0	-957.557	0	-1163.66	0	-1398.66	0	-1089.01	0	-608.819	0	-1758.05	0	-1055.62	0	-1383.93	0	-966.44	0	-1558.72	0	-1031.32	0	-954.284	0	-584.758	0	-567.048	0	-1026.51	0	-912.416	0	-785.767	0	-1049.03	0	-1545.82	0	-1056.29	0
-935.007	0	-2332.07	0	-744.188	0	-1779.75	0	-891.058	0	-957.569	0	-1163.66	0	-1398.66	0	-1089.02	0	-608.819	0	-1758.05	0	-1055.64	0	-1383.93	0	-966.444	0	-1558.72	0	-1031.33	0	-954.302	0	-584.922	0	-567.048	0	-1026.51	0	-912.459	0	-785.767	0	-1049.04	0	-1545.82	0	-1056.29	0
-935.008	0	-2332.07	0	-744.239	0	-1779.75	0	-891.058	0	-957.58	0	-1163.66	0	-1398.66	0	-1089.02	0	-608.819	0	-1758.05	0	-1055.67	0	-1383.93	0	-966.446	0	-1558.72	0	-1031.33	0	-954.321	0	-585.007	0	-567.048	0	-1026.51	0	-912.499	0	-785.767	0	-1049.05	0	-1545.82	0	-1056.29	0
-935.02	0	-2332.07	0	-744.263	0	-1779.76	0	-891.058	0	-957.598	0	-1163.66	0	-1398.66	0	-1089.03	0	-608.819	0	-1758.05	0	-1055.69	0	-1383.93	0	-966.447	0	-1558.72	0	-1031.36	0	-954.34	0	-585.135	0	-567.048	0	-1026.51	0	-912.514	0	-785.767	0	-1049.06	0	-1545.82	0	-1056.31	0
-935.035	0	-2332.07	0	-744.36	0	-1779.76	0	-891.058	0	-957.61	0	-1163.66	0	-1398.66	0	-1089.03	0	-608.819	0	-1758.05	0	-1055.71	0	-1383.93	0	-966.448	0	-1558.72	0	-1031.38	0	-954.378	0	-585.227	0	-567.048	0	-1026.51	0	-912.551	0	-785.767	0	-1049.07	0	-1545.82	0	-1056.32	0
-935.044	0	-2332.07	0	-744.457	0	-1779.76	0	-891.058	0	-957.637	0	-1163.66	0	-1398.66	0	-1089.03	0	-608.819	0	-1758.05	0	-1055.72	0	-1383.93	0	-966.45	0	-1558.72	0	-1031.4	0	-954.396	0	-585.253	0	-567.048	0	-1026.51	0	-912.574	0	-785.767	0	-1049.08	0	-1545.82	0	-1056.33	0
-935.046	0	-2332.07	0	-744.529	0	-1779.76	0	-891.058	0	-957.658	0	-1163.66	0	-1398.66	0	-1089.03	0	-608.819	0	-1758.05	0	-1055.74	0	-1383.93	0	-966.451	0	-1558.72	0	-1031.41	0	-954.414	0	-585.31	0	-567.048	0	-1026.51	0	-912.589	0	-785.767	0	-1049.09	0	-1545.82	0	-1056.34	0
-935.051	0	-2332.07	0	-744.582	0	-1779.76	0	-891.058	0	-957.664	0	-1163.66	0	-1398.66	0	-1089.04	0	-608.819	0	-1758.05	0	-1055.75	0	-1383.93	0	-966.452	0	-1558.72	0	-1031.42	0	-954.453	0	-585.35	0	-567.048	0	-1026.51	0	-912.601	0	-785.767	0	-1049.1	0	-1545.82	0	-1056.34	0
-935.052	0	-2332.07	0	-744.642	0	-1779.76	0	-891.058	0	-957.676	0	-1163.66	0	-1398.66	0	-1089.04	0	-608.819	0	-1758.05	0	-1055.75	0	-1383.93	0	-966.453	0	-1558.72	0	-1031.42	0	-954.468	0	-585.392	0	-567.048	0	-1026.51	0	-912.623	0	-785.768	0	-1049.1	0	-1545.82	0	-1056.35	0
-935.053	0	-2332.07	0	-744.728	0	-1779.76	0	-891.058	0	-957.69	0	-1163.66	0	-1398.66	0	-1089.04	0	-608.819	0	-1758.05	0	-1055.76	0	-1383.93	0	-966.454	0	-1558.72	0	-1031.43	0	-954.492	0	-585.474	0	-567.048	0	-1026.51	0	-912.645	0	-785.768	0	-1049.11	0	-1545.82	0	-1056.36	0
-935.054	0	-2332.07	0	-744.76	0	-1779.76	0	-891.058	0	-957.701	0	-1163.66	0	-1398.66	0	-1089.05	0	-608.819	0	-1758.05	0	-1055.77	0	-1383.93	0	-966.455	0	-1558.72	0	-1031.44	0	-954.504	0	-585.496	0	-567.048	0	-1026.51	0	-912.661	0	-785.768	0	-1049.11	0	-1545.82	0	-1056.37	0
-935.055	0	-2332.07	0	-744.792	0	-1779.76	0	-891.058	0	-957.709	0	-1163.66	0	-1398.66	0	-1089.06	0	-608.819	0	-1758.05	0	-1055.79	0	-1383.93	0	-966.457	0	-1558.72	0	-1031.44	0	-954.525	0	-585.522	0	-567.048	0	-1026.51	0	-912.67	0	-785.768	0	-1049.13	0	-1545.82	0	-1056.38	0
-935.057	0	-2332.07	0	-744.852	0	-1779.76	0	-891.058	0	-957.721	0	-1163.66	0	-1398.66	0	-1089.06	0	-608.819	0	-1758.05	0	-1055.8	0	-1383.93	0	-966.458	0	-1558.72	0	-1031.44	0	-954.547	0	-585.545	0	-567.048	0	-1026.52	0	-912.694	0	-785.768	0	-1049.13	0	-1545.82	0	-1056.38	0
-935.058	0	-2332.07	0	-744.91	0	-1779.76	0	-891.058	0	-957.727	0	-1163.66	0	-1398.66	0	-1089.07	0	-608.819	0	-1758.05	0	-1055.81	0	-1383.93	0	-966.46	0	-1558.72	0	-1031.45	0	-954.575	0	-585.6	0	-567.048	0	-1026.52	0	-912.718	0	-785.768	0	-1049.14	0	-1545.82	0	-1056.39	0
-935.059	0	-2332.07	0	-744.997	0	-1779.76	0	-891.058	0	-957.731	0	-1163.66	0	-1398.66	0	-1089.07	0	-608.819	0	-1758.05	0	-1055.82	0	-1383.93	0	-966.461	0	-1558.72	0	-1031.45	0	-954.596	0	-585.664	0	-567.048	0	-1026.52	0	-912.758	0	-785.768	0	-1049.15	0	-1545.82	0	-1056.39	0
-935.061	0	-2332.07	0	-745.395	0	-1779.76	0	-891.058	0	-957.738	0	-1163.66	0	-1398.66	0	-1089.07	0	-608.819	0	-1758.05	0	-1055.83	0	-1383.93	0	-966.462	0	-1558.72	0	-1031.45	0	-954.606	0	-585.721	0	-567.048	0	-1026.52	0	-912.783	0	-785.769	0	-1049.15	0	-1545.82	0	-1056.39	0
-935.065	0	-2332.07	0	-745.712	0	-1779.76	0	-891.058	0	-957.742	0	-1163.66	0	-1398.66	0	-1089.07	0	-608.819	0	-1758.05	0	-1055.84	0	-1383.93	0	-966.463	0	-1558.72	0	-1031.45	0	-954.64	0	-585.756	0	-567.048	0	-1026.52	0	-912.798	0	-785.769	0	-1049.15	0	-1545.82	0	-1056.4	0
-935.067	0	-2332.07	0	-745.929	0	-1779.76	0	-891.058	0	-957.746	0	-1163.66	0	-1398.66	0	-1089.07	0	-608.819	0	-1758.05	0	-1055.85	0	-1383.93	0	-966.463	0	-1558.72	0	-1031.45	0	-954.667	0	-585.822	0	-567.048	0	-1026.52	0	-912.822	0	-785.769	0	-1049.15	0	-1545.82	0	-1056.4	0
-935.068	0	-2332.07	0	-746.138	0	-1779.76	0	-891.058	0	-957.753	0	-1163.66	0	-1398.66	0	-1089.08	0	-608.819	0	-1758.05	0	-1055.86	0	-1383.93	0	-966.463	0	-1558.72	0	-1031.45	0	-954.686	0	-585.863	0	-567.05	0	-1026.52	0	-912.834	0	-785.769	0	-1049.15	0	-1545.82	0	-1056.4	0
-935.069	0	-2332.07	0	-746.317	0	-1779.76	0	-891.058	0	-957.759	0	-1163.66	0	-1398.66	0	-1089.08	0	-608.819	0	-1758.05	0	-1055.88	0	-1383.93	0	-966.464	0	-1558.72	0	-1031.45	0	-954.697	0	-585.888	0	-567.051	0	-1026.52	0	-912.849	0	-785.769	0	-1049.16	0	-1545.83	0	-1056.41	0
-935.072	0	-2332.07	0	-746.482	0	-1779.76	0	-891.058	0	-957.761	0	-1163.66	0	-1398.66	0	-1089.08	0	-608.819	0	-1758.05	0	-1055.89	0	-1383.93	0	-966.466	0	-1558.72	0	-1031.45	0	-954.705	0	-585.946	0	-567.054	0	-1026.52	0	-912.854	0	-785.77	0	-1049.16	0	-1545.83	0	-1056.41	0
-935.072	0	-2332.07	0	-746.573	0	-1779.76	0	-891.058	0	-957.77	0	-1163.66	0	-1398.66	0	-1089.09	0	-608.819	0	-1758.05	0	-1055.9	0	-1383.93	0	-966.473	0	-1558.72	0	-1031.45	0	-954.719	0	-585.982	0	-567.057	0	-1026.52	0	-912.864	0	-785.77	0	-1049.16	0	-1545.83	0	-1056.42	0
-935.075	0	-2332.07	0	-746.63	0	-1779.76	0	-891.058	0	-957.777	0	-1163.66	0	-1398.66	0	-1089.09	0	-608.819	0	-1758.05	0	-1055.9	0	-1383.93	0	-966.478	0	-1558.72	0	-1031.45	0	-954.737	0	-586.002	0	-567.058	0	-1026.53	0	-912.875	0	-785.77	0	-1049.17	0	-1545.83	0	-1056.42	0
-935.078	0	-2332.07	0	-746.749	0	-1779.76	0	-891.058	0	-957.784	0	-1163.66	0	-1398.66	0	-1089.1	0	-608.819	0	-1758.05	0	-1055.92	0	-1383.93	0	-966.484	0	-1558.72	0	-1031.45	0	-954.745	0	-586.015	0	-567.063	0	-1026.55	0	-912.878	0	-785.77	0	-1049.17	0	-1545.83	0	-1056.43	0
-935.081	0	-2332.07	0	-746.851	0	-1779.76	0	-891.058	0	-957.799	0	-1163.66	0	-1398.66	0	-1089.1	0	-608.819	0	-1758.05	0	-1055.93	0	-1383.93	0	-966.488	0	-1558.72	0	-1031.46	0	-954.757	0	-586.054	0	-567.067	0	-1026.56	0	-912.887	0	-785.77	0	-1049.17	0	-1545.84	0	-1056.44	0
-935.083	0	-2332.07	0	-746.914	0	-1779.76	0	-891.058	0	-957.807	0	-1163.66	0	-1398.66	0	-1089.12	0	-608.819	0	-1758.05	0	-1055.97	0	-1383.93	0	-966.495	0	-1558.72	0	-1031.46	0	-954.78	0	-586.088	0	-567.071	0	-1026.56	0	-912.888	0	-785.77	0	-1049.18	0	-1545.84	0	-1056.44	0
-935.088	0	-2332.07	0	-746.972	0	-1779.76	0	-891.058	0	-957.823	0	-1163.66	0	-1398.66	0	-1089.12	0	-608.819	0	-1758.05	0	-1055.98	0	-1383.93	0	-966.497	0	-1558.72	0	-1031.46	0	-954.792	0	-586.149	0	-567.075	0	-1026.57	0	-912.89	0	-785.771	0	-1049.18	0	-1545.84	0	-1056.45	0
-935.092	0	-2332.07	0	-747.082	0	-1779.77	0	-891.058	0	-957.83	0	-1163.66	0	-1398.66	0	-1089.12	0	-608.819	0	-1758.05	0	-1055.99	0	-1383.93	0	-966.499	0	-1558.72	0	-1031.46	0	-954.804	0	-586.369	0	-567.078	0	-1026.57	0	-912.896	0	-785.771	0	-1049.19	0	-1545.84	0	-1056.46	0
-935.096	0	-2332.07	0	-747.219	0	-1779.77	0	-891.058	0	-957.84	0	-1163.66	0	-1398.66	0	-1089.12	0	-608.819	0	-1758.05	0	-1056.01	0	-1383.93	0	-966.501	0	-1558.72	0	-1031.47	0	-954.819	0	-586.689	0	-567.08	0	-1026.57	0	-912.931	0	-785.771	0	-1049.2	0	-1545.84	0	-1056.46	0
-935.099	0	-2332.07	0	-747.308	0	-1779.77	0	-891.058	0	-957.844	0	-1163.66	0	-1398.66	0	-1089.13	0	-608.819	0	-1758.05	0	-1056.05	0	-1383.93	0	-966.504	0	-1558.72	0	-1031.47	0	-954.873	0	-587.158	0	-567.08	0	-1026.58	0	-912.982	0	-785.771	0	-1049.21	0	-1545.84	0	-1056.47	0
-935.102	0	-2332.07	0	-747.477	0	-1779.77	0	-891.058	0	-957.855	0	-1163.66	0	-1398.66	0	-1089.13	0	-608.819	0	-1758.05	0	-1056.07	0	-1383.93	0	-966.506	0	-1558.72	0	-1031.48	0	-954.907	0	-587.757	0	-567.083	0	-1026.58	0	-913.015	0	-785.771	0	-1049.21	0	-1545.85	0	-1056.47	0
-935.104	0	-2332.07	0	-747.599	0	-1779.77	0	-891.058	0	-957.865	0	-1163.66	0	-1398.66	0	-1089.13	0	-608.819	0	-1758.05	0	-1056.11	0	-1383.93	0	-966.509	0	-1558.72	0	-1031.48	0	-954.925	0	-588.033	0	-567.084	0	-1026.59	0	-913.044	0	-785.771	0	-1049.21	0	-1545.85	0	-1056.48	0
-935.106	0	-2332.07	0	-747.677	0	-1779.77	0	-891.058	0	-957.873	0	-1163.66	0	-1398.66	0	-1089.13	0	-608.819	0	-1758.05	0	-1056.14	0	-1383.93	0	-966.513	0	-1558.72	0	-1031.49	0	-954.947	0	-588.033	0	-567.086	0	-1026.59	0	-913.062	0	-785.772	0	-1049.22	0	-1545.85	0	-1056.49	0
-935.108	0	-2332.07	0	-747.784	0	-1779.77	0	-891.058	0	-957.877	0	-1163.66	0	-1398.66	0	-1089.14	0	-608.819	0	-1758.05	0	-1056.15	0	-1383.93	0	-966.516	0	-1558.72	0	-1031.49	0	-954.97	0	-588.157	0	-567.088	0	-1026.59	0	-913.067	0	-785.772	0	-1049.22	0	-1545.85	0	-1056.51	0
-935.11	0	-2332.07	0	-747.826	0	-1779.77	0	-891.058	0	-957.884	0	-1163.66	0	-1398.66	0	-1089.14	0	-608.819	0	-1758.05	0	-1056.16	0	-1383.93	0	-966.518	0	-1558.72	0	-1031.49	0	-954.983	0	-588.232	0	-567.092	0	-1026.6	0	-913.08	0	-785.772	0	-1049.22	0	-1545.85	0	-1056.51	0
-935.111	0	-2332.07	0	-747.882	0	-1779.77	0	-891.058	0	-957.893	0	-1163.66	0	-1398.66	0	-1089.14	0	-608.819	0	-1758.05	0	-1056.17	0	-1383.93	0	-966.519	0	-1558.72	0	-1031.49	0	-954.995	0	-588.273	0	-567.096	0	-1026.6	0	-913.089	0	-785.772	0	-1049.22	0	-1545.85	0	-1056.52	0
-935.111	0	-2332.07	0	-747.952	0	-1779.77	0	-891.058	0	-957.895	0	-1163.66	0	-1398.66	0	-1089.15	0	-608.819	0	-1758.05	0	-1056.18	0	-1383.93	0	-966.521	0	-1558.72	0	-1031.5	0	-955.003	0	-588.322	0	-567.099	0	-1026.6	0	-913.107	0	-785.772	0	-1049.23	0	-1545.86	0	-1056.53	0
-935.112	0	-2332.07	0	-748.026	0	-1779.77	0	-891.058	0	-957.898	0	-1163.66	0	-1398.66	0	-1089.15	0	-608.819	0	-1758.05	0	-1056.21	0	-1383.93	0	-966.522	0	-1558.72	0	-1031.5	0	-955.012	0	-588.373	0	-567.102	0	-1026.6	0	-913.116	0	-785.773	0	-1049.23	0	-1545.86	0	-1056.53	0
-935.113	0	-2332.07	0	-748.085	0	-1779.77	0	-891.058	0	-957.902	0	-1163.66	0	-1398.66	0	-1089.16	0	-608.819	0	-1758.05	0	-1056.23	0	-1383.93	0	-966.523	0	-1558.72	0	-1031.5	0	-955.025	0	-588.455	0	-567.103	0	-1026.6	0	-913.134	0	-785.773	0	-1049.23	0	-1545.86	0	-1056.54	0
-935.115	0	-2332.07	0	-748.136	0	-1779.77	0	-891.058	0	-957.903	0	-1163.66	0	-1398.66	0	-1089.16	0	-608.819	0	-1758.05	0	-1056.25	0	-1383.93	0	-966.524	0	-1558.72	0	-1031.5	0	-955.033	0	-588.556	0	-567.105	0	-1026.6	0	-913.141	0	-785.774	0	-1049.23	0	-1545.86	0	-1056.55	0
-935.116	0	-2332.07	0	-748.228	0	-1779.77	0	-891.058	0	-957.905	0	-1163.66	0	-1398.66	0	-1089.16	0	-608.819	0	-1758.05	0	-1056.27	0	-1383.93	0	-966.525	0	-1558.72	0	-1031.5	0	-955.042	0	-588.672	0	-567.11	0	-1026.6	0	-913.146	0	-785.775	0	-1049.23	0	-1545.86	0	-1056.55	0
-935.117	0	-2332.07	0	-748.303	0	-1779.77	0	-891.058	0	-957.907	0	-1163.66	0	-1398.66	0	-1089.16	0	-608.819	0	-1758.05	0	-1056.29	0	-1383.93	0	-966.525	0	-1558.72	0	-1031.51	0	-955.092	0	-588.774	0	-567.112	0	-1026.6	0	-913.157	0	-785.775	0	-1049.24	0	-1545.86	0	-1056.56	0
-935.117	0	-2332.07	0	-748.349	0	-1779.77	0	-891.058	0	-957.909	0	-1163.66	0	-1398.66	0	-1089.16	0	-608.819	0	-1758.05	0	-1056.3	0	-1383.93	0	-966.526	0	-1558.72	0	-1031.52	0	-955.128	0	-588.793	0	-567.112	0	-1026.6	0	-913.176	0	-785.775	0	-1049.24	0	-1545.87	0	-1056.56	0
-935.118	0	-2332.07	0	-748.409	0	-1779.77	0	-891.058	0	-957.91	0	-1163.66	0	-1398.66	0	-1089.17	0	-608.819	0	-1758.05	0	-1056.33	0	-1383.93	0	-966.526	0	-1558.72	0	-1031.52	0	-955.159	0	-588.848	0	-567.114	0	-1026.61	0	-913.197	0	-785.775	0	-1049.24	0	-1545.87	0	-1056.57	0
-935.118	0	-2332.07	0	-748.438	0	-1779.77	0	-891.058	0	-957.912	0	-1163.66	0	-1398.66	0	-1089.17	0	-608.819	0	-1758.05	0	-1056.37	0	-1383.93	0	-966.526	0	-1558.72	0	-1031.53	0	-955.187	0	-588.917	0	-567.117	0	-1026.61	0	-913.215	0	-785.775	0	-1049.24	0	-1545.87	0	-1056.57	0
-935.118	0	-2332.07	0	-748.47	0	-1779.77	0	-891.058	0	-957.915	0	-1163.66	0	-1398.66	0	-1089.17	0	-608.819	0	-1758.05	0	-1056.37	0	-1383.93	0	-966.527	0	-1558.72	0	-1031.54	0	-955.205	0	-588.945	0	-567.119	0	-1026.61	0	-913.226	0	-785.776	0	-1049.24	0	-1545.87	0	-1056.57	0
-935.118	0	-2332.07	0	-748.533	0	-1779.77	0	-891.058	0	-957.927	0	-1163.66	0	-1398.66	0	-1089.17	0	-608.819	0	-1758.05	0	-1056.41	0	-1383.93	0	-966.528	0	-1558.72	0	-1031.55	0	-955.231	0	-589.001	0	-567.12	0	-1026.61	0	-913.262	0	-785.776	0	-1049.25	0	-1545.88	0	-1056.58	0
-935.119	0	-2332.07	0	-748.593	0	-1779.77	0	-891.058	0	-957.932	0	-1163.66	0	-1398.66	0	-1089.17	0	-608.819	0	-1758.05	0	-1056.45	0	-1383.93	0	-966.528	0	-1558.72	0	-1031.55	0	-955.253	0	-589.071	0	-567.122	0	-1026.61	0	-913.283	0	-785.776	0	-1049.28	0	-1545.88	0	-1056.58	0
-935.119	0	-2332.07	0	-748.658	0	-1779.77	0	-891.058	0	-957.935	0	-1163.66	0	-1398.66	0	-1089.18	0	-608.819	0	-1758.05	0	-1056.48	0	-1383.93	0	-966.528	0	-1558.72	0	-1031.55	0	-955.264	0	-589.138	0	-567.126	0	-1026.61	0	-913.302	0	-785.776	0	-1049.3	0	-1545.88	0	-1056.58	0
-935.119	0	-2332.07	0	-748.731	0	-1779.77	0	-891.058	0	-957.937	0	-1163.66	0	-1398.66	0	-1089.18	0	-608.819	0	-1758.05	0	-1056.49	0	-1383.93	0	-966.529	0	-1558.72	0	-1031.55	0	-955.276	0	-589.197	0	-567.13	0	-1026.61	0	-913.311	0	-785.776	0	-1049.32	0	-1545.89	0	-1056.58	0
-935.119	0	-2332.07	0	-748.773	0	-1779.77	0	-891.058	0	-957.947	0	-1163.66	0	-1398.66	0	-1089.18	0	-608.819	0	-1758.05	0	-1056.5	0	-1383.93	0	-966.534	0	-1558.72	0	-1031.56	0	-955.297	0	-589.271	0	-567.13	0	-1026.61	0	-913.316	0	-785.776	0	-1049.34	0	-1545.89	0	-1056.58	0
-935.119	0	-2332.07	0	-748.822	0	-1779.77	0	-891.058	0	-957.95	0	-1163.66	0	-1398.66	0	-1089.18	0	-608.819	0	-1758.05	0	-1056.5	0	-1383.93	0	-966.539	0	-1558.72	0	-1031.56	0	-955.304	0	-589.314	0	-567.134	0	-1026.61	0	-913.322	0	-785.776	0	-1049.35	0	-1545.89	0	-1056.58	0
-935.12	0	-2332.07	0	-748.847	0	-1779.77	0	-891.058	0	-957.953	0	-1163.66	0	-1398.66	0	-1089.19	0	-608.819	0	-1758.05	0	-1056.51	0	-1383.93	0	-966.542	0	-1558.72	0	-1031.56	0	-955.319	0	-589.334	0	-567.137	0	-1026.61	0	-913.324	0	-785.777	0	-1049.37	0	-1545.89	0	-1056.6	0
-935.12	0	-2332.07	0	-748.882	0	-1779.77	0	-891.058	0	-957.956	0	-1163.66	0	-1398.66	0	-1089.19	0	-608.819	0	-1758.05	0	-1056.53	0	-1383.93	0	-966.546	0	-1558.72	0	-1031.56	0	-955.329	0	-589.374	0	-567.138	0	-1026.61	0	-913.328	0	-785.777	0	-1049.38	0	-1545.9	0	-1056.63	0
-935.128	0	-2332.07	0	-748.925	0	-1779.78	0	-891.058	0	-957.958	0	-1163.66	0	-1398.66	0	-1089.19	0	-608.819	0	-1758.05	0	-1056.54	0	-1383.93	0	-966.55	0	-1558.72	0	-1031.56	0	-955.342	0	-589.498	0	-567.142	0	-1026.61	0	-913.332	0	-785.777	0	-1049.4	0	-1545.9	0	-1056.66	0
-935.133	0	-2332.07	0	-748.948	0	-1779.78	0	-891.058	0	-957.961	0	-1163.66	0	-1398.66	0	-1089.19	0	-608.819	0	-1758.05	0	-1056.54	0	-1383.93	0	-966.553	0	-1558.72	0	-1031.57	0	-955.378	0	-589.634	0	-567.145	0	-1026.61	0	-913.341	0	-785.777	0	-1049.42	0	-1545.91	0	-1056.7	0
-935.148	0	-2332.07	0	-748.964	0	-1779.78	0	-891.058	0	-957.963	0	-1163.66	0	-1398.66	0	-1089.19	0	-608.819	0	-1758.05	0	-1056.54	0	-1383.93	0	-966.557	0	-1558.72	0	-1031.57	0	-955.411	0	-589.763	0	-567.147	0	-1026.61	0	-913.366	0	-785.777	0	-1049.43	0	-1545.91	0	-1056.72	0
-935.152	0	-2332.07	0	-748.983	0	-1779.78	0	-891.058	0	-957.966	0	-1163.66	0	-1398.66	0	-1089.19	0	-608.819	0	-1758.05	0	-1056.55	0	-1383.93	0	-966.559	0	-1558.72	0	-1031.58	0	-955.449	0	-589.929	0	-567.149	0	-1026.62	0	-913.378	0	-785.777	0	-1049.45	0	-1545.91	0	-1056.73	0
-935.187	0	-2332.07	0	-749.073	0	-1779.78	0	-891.058	0	-957.972	0	-1163.66	0	-1398.66	0	-1089.19	0	-608.819	0	-1758.05	0	-1056.56	0	-1383.93	0	-966.561	0	-1558.72	0	-1031.58	0	-955.465	0	-590.003	0	-567.154	0	-1026.62	0	-913.384	0	-785.777	0	-1049.46	0	-1545.91	0	-1056.75	0
-935.211	0	-2332.07	0	-749.129	0	-1779.78	0	-891.058	0	-957.982	0	-1163.66	0	-1398.66	0	-1089.19	0	-608.819	0	-1758.05	0	-1056.58	0	-1383.93	0	-966.564	0	-1558.72	0	-1031.58	0	-955.509	0	-590.076	0	-567.155	0	-1026.62	0	-913.399	0	-785.778	0	-1049.47	0	-1545.92	0	-1056.76	0
-935.224	0	-2332.07	0	-749.186	0	-1779.78	0	-891.058	0	-957.985	0	-1163.66	0	-1398.66	0	-1089.2	0	-608.819	0	-1758.05	0	-1056.59	0	-1383.93	0	-966.565	0	-1558.72	0	-1031.59	0	-955.539	0	-590.256	0	-567.158	0	-1026.62	0	-913.431	0	-785.778	0	-1049.51	0	-1545.92	0	-1056.78	0
-935.232	0	-2332.07	0	-749.25	0	-1779.78	0	-891.058	0	-957.986	0	-1163.66	0	-1398.66	0	-1089.2	0	-608.819	0	-1758.05	0	-1056.61	0	-1383.93	0	-966.568	0	-1558.72	0	-1031.6	0	-955.56	0	-590.338	0	-567.161	0	-1026.62	0	-913.459	0	-785.778	0	-1049.53	0	-1545.92	0	-1056.78	0
-935.248	0	-2332.07	0	-749.3	0	-1779.78	0	-891.058	0	-957.987	0	-1163.66	0	-1398.66	0	-1089.2	0	-608.819	0	-1758.05	0	-1056.63	0	-1383.93	0	-966.57	0	-1558.72	0	-1031.6	0	-955.587	0	-590.401	0	-567.164	0	-1026.62	0	-913.49	0	-785.779	0	-1049.56	0	-1545.92	0	-1056.78	0
-935.263	0	-2332.07	0	-749.382	0	-1779.78	0	-891.058	0	-957.99	0	-1163.66	0	-1398.66	0	-1089.2	0	-608.819	0	-1758.05	0	-1056.63	0	-1383.93	0	-966.571	0	-1558.72	0	-1031.6	0	-955.592	0	-590.465	0	-567.168	0	-1026.62	0	-913.512	0	-785.78	0	-1049.56	0	-1545.93	0	-1056.79	0
-935.295	0	-2332.07	0	-749.415	0	-1779.78	0	-891.058	0	-957.994	0	-1163.66	0	-1398.66	0	-1089.2	0	-608.819	0	-1758.05	0	-1056.63	0	-1383.93	0	-966.572	0	-1558.72	0	-1031.61	0	-955.606	0	-590.518	0	-567.168	0	-1026.62	0	-913.533	0	-785.781	0	-1049.58	0	-1545.93	0	-1056.8	0
-935.313	0	-2332.07	0	-749.467	0	-1779.78	0	-891.058	0	-957.996	0	-1163.66	0	-1398.66	0	-1089.2	0	-608.819	0	-1758.05	0	-1056.64	0	-1383.93	0	-966.572	0	-1558.72	0	-1031.61	0	-955.619	0	-590.599	0	-567.171	0	-1026.62	0	-913.554	0	-785.781	0	-1049.59	0	-1545.93	0	-1056.8	0
-935.319	0	-2332.07	0	-749.511	0	-1779.78	0	-891.058	0	-957.997	0	-1163.66	0	-1398.66	0	-1089.2	0	-608.819	0	-1758.05	0	-1056.64	0	-1383.93	0	-966.573	0	-1558.72	0	-1031.62	0	-955.636	0	-590.682	0	-567.175	0	-1026.62	0	-913.569	0	-785.781	0	-1049.6	0	-1545.94	0	-1056.81	0
-935.327	0	-2332.07	0	-749.544	0	-1779.78	0	-891.058	0	-957.997	0	-1163.66	0	-1398.66	0	-1089.2	0	-608.819	0	-1758.05	0	-1056.65	0	-1383.93	0	-966.573	0	-1558.72	0	-1031.62	0	-955.644	0	-590.73	0	-567.177	0	-1026.62	0	-913.579	0	-785.782	0	-1049.61	0	-1545.94	0	-1056.81	0
-935.336	0	-2332.07	0	-749.576	0	-1779.78	0	-891.058	0	-957.998	0	-1163.66	0	-1398.66	0	-1089.2	0	-608.819	0	-1758.05	0	-1056.65	0	-1383.93	0	-966.573	0	-1558.72	0	-1031.62	0	-955.653	0	-590.754	0	-567.18	0	-1026.63	0	-913.592	0	-785.782	0	-1049.61	0	-1545.94	0	-1056.82	0
-935.348	0	-2332.07	0	-749.731	0	-1779.78	0	-891.058	0	-957.998	0	-1163.66	0	-1398.66	0	-1089.2	0	-608.819	0	-1758.05	0	-1056.66	0	-1383.93	0	-966.574	0	-1558.72	0	-1031.62	0	-955.659	0	-590.759	0	-567.182	0	-1026.63	0	-913.612	0	-785.782	0	-1049.62	0	-1545.94	0	-1056.83	0
-935.354	0	-2332.07	0	-749.802	0	-1779.78	0	-891.058	0	-957.999	0	-1163.66	0	-1398.66	0	-1089.21	0	-608.819	0	-1758.05	0	-1056.67	0	-1383.93	0	-966.575	0	-1558.72	0	-1031.63	0	-955.666	0	-590.788	0	-567.184	0	-1026.63	0	-913.631	0	-785.782	0	-1049.62	0	-1545.95	0	-1056.84	0
-935.363	0	-2332.07	0	-749.902	0	-1779.78	0	-891.058	0	-958	0	-1163.66	0	-1398.66	0	-1089.21	0	-608.819	0	-1758.05	0	-1056.68	0	-1383.93	0	-966.577	0	-1558.72	0	-1031.64	0	-955.678	0	-590.833	0	-567.186	0	-1026.63	0	-913.637	0	-785.782	0	-1049.63	0	-1545.95	0	-1056.84	0
-935.372	0	-2332.07	0	-749.996	0	-1779.79	0	-891.058	0	-958	0	-1163.66	0	-1398.66	0	-1089.21	0	-608.819	0	-1758.05	0	-1056.69	0	-1383.93	0	-966.578	0	-1558.72	0	-1031.64	0	-955.685	0	-590.894	0	-567.187	0	-1026.63	0	-913.654	0	-785.783	0	-1049.64	0	-1545.95	0	-1056.85	0
-935.381	0	-2332.07	0	-750.019	0	-1779.79	0	-891.058	0	-958	0	-1163.66	0	-1398.66	0	-1089.21	0	-608.819	0	-1758.05	0	-1056.7	0	-1383.93	0	-966.579	0	-1558.72	0	-1031.65	0	-955.712	0	-590.956	0	-567.188	0	-1026.63	0	-913.661	0	-785.783	0	-1049.65	0	-1545.96	0	-1056.85	0
-935.383	0	-2332.07	0	-750.08	0	-1779.79	0	-891.058	0	-958.001	0	-1163.66	0	-1398.66	0	-1089.21	0	-608.819	0	-1758.05	0	-1056.7	0	-1383.93	0	-966.579	0	-1558.72	0	-1031.66	0	-955.733	0	-590.984	0	-567.192	0	-1026.63	0	-913.662	0	-785.783	0	-1049.66	0	-1545.96	0	-1056.86	0
-935.386	0	-2332.07	0	-750.145	0	-1779.79	0	-891.058	0	-958.005	0	-1163.66	0	-1398.66	0	-1089.22	0	-608.819	0	-1758.05	0	-1056.71	0	-1383.93	0	-966.58	0	-1558.72	0	-1031.66	0	-955.744	0	-591.027	0	-567.195	0	-1026.63	0	-913.664	0	-785.783	0	-1049.66	0	-1545.96	0	-1056.86	0
-935.388	0	-2332.07	0	-750.186	0	-1779.79	0	-891.058	0	-958.008	0	-1163.66	0	-1398.66	0	-1089.22	0	-608.819	0	-1758.05	0	-1056.72	0	-1383.93	0	-966.58	0	-1558.72	0	-1031.66	0	-955.759	0	-591.111	0	-567.195	0	-1026.63	0	-913.667	0	-785.783	0	-1049.67	0	-1545.96	0	-1056.87	0
-935.398	0	-2332.07	0	-750.202	0	-1779.79	0	-891.058	0	-958.01	0	-1163.66	0	-1398.66	0	-1089.22	0	-608.819	0	-1758.05	0	-1056.73	0	-1383.93	0	-966.58	0	-1558.72	0	-1031.67	0	-955.77	0	-591.12	0	-567.195	0	-1026.63	0	-913.671	0	-785.783	0	-1049.68	0	-1545.97	0	-1056.88	0
-935.408	0	-2332.07	0	-750.265	0	-1779.79	0	-891.058	0	-958.013	0	-1163.66	0	-1398.66	0	-1089.22	0	-608.819	0	-1758.05	0	-1056.74	0	-1383.93	0	-966.581	0	-1558.72	0	-1031.67	0	-955.774	0	-591.147	0	-567.195	0	-1026.63	0	-913.682	0	-785.783	0	-1049.7	0	-1545.97	0	-1056.89	0
-935.415	0	-2332.07	0	-750.283	0	-1779.79	0	-891.058	0	-958.023	0	-1163.66	0	-1398.66	0	-1089.23	0	-608.819	0	-1758.05	0	-1056.78	0	-1383.93	0	-966.583	0	-1558.72	0	-1031.67	0	-955.779	0	-591.264	0	-567.198	0	-1026.63	0	-913.689	0	-785.783	0	-1049.7	0	-1545.97	0	-1056.9	0
-935.52	0	-2332.07	0	-750.3	0	-1779.79	0	-891.058	0	-958.029	0	-1163.66	0	-1398.66	0	-1089.23	0	-608.819	0	-1758.05	0	-1056.79	0	-1383.93	0	-966.586	0	-1558.72	0	-1031.67	0	-955.79	0	-591.328	0	-567.198	0	-1026.63	0	-913.692	0	-785.783	0	-1049.71	0	-1545.97	0	-1056.91	0
-935.616	0	-2332.07	0	-750.317	0	-1779.79	0	-891.058	0	-958.047	0	-1163.66	0	-1398.66	0	-1089.23	0	-608.819	0	-1758.05	0	-1056.83	0	-1383.93	0	-966.59	0	-1558.72	0	-1031.67	0	-955.802	0	-591.385	0	-567.2	0	-1026.63	0	-913.697	0	-785.783	0	-1049.72	0	-1545.98	0	-1056.91	0
-935.825	0	-2332.07	0	-750.32	0	-1779.79	0	-891.058	0	-958.058	0	-1163.66	0	-1398.66	0	-1089.23	0	-608.819	0	-1758.05	0	-1056.86	0	-1383.93	0	-966.592	0	-1558.72	0	-1031.68	0	-955.81	0	-591.462	0	-567.2	0	-1026.63	0	-913.702	0	-785.783	0	-1049.72	0	-1545.98	0	-1056.92	0
-936.165	0	-2332.07	0	-750.327	0	-1779.79	0	-891.058	0	-958.081	0	-1163.66	0	-1398.66	0	-1089.23	0	-608.819	0	-1758.05	0	-1056.88	0	-1383.93	0	-966.595	0	-1558.72	0	-1031.68	0	-955.822	0	-591.525	0	-567.202	0	-1026.63	0	-913.705	0	-785.783	0	-1049.74	0	-1545.98	0	-1056.92	0
-936.399	0	-2332.07	0	-750.344	0	-1779.79	0	-891.058	0	-958.093	0	-1163.66	0	-1398.66	0	-1089.24	0	-608.819	0	-1758.05	0	-1056.89	0	-1383.93	0	-966.599	0	-1558.72	0	-1031.68	0	-955.852	0	-591.581	0	-567.204	0	-1026.63	0	-913.707	0	-785.784	0	-1049.75	0	-1545.99	0	-1056.92	0
-936.558	0	-2332.07	0	-750.37	0	-1779.79	0	-891.058	0	-958.109	0	-1163.66	0	-1398.66	0	-1089.24	0	-608.819	0	-1758.05	0	-1056.9	0	-1383.93	0	-966.604	0	-1558.72	0	-1031.68	0	-955.884	0	-591.594	0	-567.205	0	-1026.64	0	-913.709	0	-785.784	0	-1049.75	0	-1545.99	0	-1056.93	0
-936.69	0	-2332.07	0	-750.462	0	-1779.79	0	-891.058	0	-958.122	0	-1163.66	0	-1398.66	0	-1089.24	0	-608.819	0	-1758.05	0	-1056.91	0	-1383.93	0	-966.607	0	-1558.72	0	-1031.68	0	-955.892	0	-591.636	0	-567.206	0	-1026.64	0	-913.711	0	-785.784	0	-1049.75	0	-1545.99	0	-1056.93	0
-936.896	0	-2332.07	0	-750.487	0	-1779.79	0	-891.058	0	-958.14	0	-1163.66	0	-1398.66	0	-1089.24	0	-608.819	0	-1758.05	0	-1056.92	0	-1383.93	0	-966.61	0	-1558.72	0	-1031.68	0	-955.915	0	-591.681	0	-567.208	0	-1026.64	0	-913.712	0	-785.784	0	-1049.75	0	-1546	0	-1056.93	0
-937.215	0	-2332.07	0	-750.517	0	-1779.79	0	-891.058	0	-958.152	0	-1163.66	0	-1398.66	0	-1089.24	0	-608.819	0	-1758.05	0	-1056.93	0	-1383.93	0	-966.617	0	-1558.72	0	-1031.69	0	-955.936	0	-591.709	0	-567.209	0	-1026.64	0	-913.713	0	-785.784	0	-1049.76	0	-1546	0	-1056.94	0
-937.349	0	-2332.07	0	-750.554	0	-1779.79	0	-891.058	0	-958.157	0	-1163.66	0	-1398.66	0	-1089.24	0	-608.819	0	-1758.05	0	-1056.95	0	-1383.93	0	-966.624	0	-1558.72	0	-1031.69	0	-955.98	0	-591.775	0	-567.21	0	-1026.64	0	-913.713	0	-785.784	0	-1049.76	0	-1546	0	-1056.94	0
-937.419	0	-2332.07	0	-750.574	0	-1779.79	0	-891.058	0	-958.163	0	-1163.66	0	-1398.66	0	-1089.24	0	-608.819	0	-1758.05	0	-1056.96	0	-1383.93	0	-966.626	0	-1558.72	0	-1031.7	0	-956.036	0	-591.955	0	-567.212	0	-1026.64	0	-913.716	0	-785.784	0	-1049.76	0	-1546	0	-1056.96	0
-937.495	0	-2332.07	0	-750.597	0	-1779.79	0	-891.058	0	-958.167	0	-1163.66	0	-1398.66	0	-1089.24	0	-608.819	0	-1758.05	0	-1056.97	0	-1383.93	0	-966.63	0	-1558.72	0	-1031.7	0	-956.057	0	-592.178	0	-567.214	0	-1026.64	0	-913.727	0	-785.784	0	-1049.76	0	-1546	0	-1056.97	0
-937.585	0	-2332.07	0	-750.618	0	-1779.79	0	-891.058	0	-958.179	0	-1163.66	0	-1398.66	0	-1089.24	0	-608.819	0	-1758.05	0	-1057	0	-1383.93	0	-966.633	0	-1558.72	0	-1031.7	0	-956.06	0	-592.322	0	-567.216	0	-1026.64	0	-913.736	0	-785.784	0	-1049.76	0	-1546.01	0	-1056.98	0
-937.69	0	-2332.07	0	-750.628	0	-1779.79	0	-891.058	0	-958.196	0	-1163.66	0	-1398.66	0	-1089.24	0	-608.819	0	-1758.05	0	-1057.01	0	-1383.93	0	-966.636	0	-1558.72	0	-1031.7	0	-956.084	0	-592.377	0	-567.218	0	-1026.64	0	-913.74	0	-785.785	0	-1049.77	0	-1546.01	0	-1056.99	0
-937.82	0	-2332.07	0	-750.641	0	-1779.79	0	-891.058	0	-958.206	0	-1163.66	0	-1398.66	0	-1089.24	0	-608.819	0	-1758.05	0	-1057.01	0	-1383.93	0	-966.637	0	-1558.72	0	-1031.7	0	-956.101	0	-592.415	0	-567.22	0	-1026.64	0	-913.754	0	-785.785	0	-1049.78	0	-1546.01	0	-1057	0
-937.91	0	-2332.07	0	-750.656	0	-1779.8	0	-891.058	0	-958.208	0	-1163.66	0	-1398.66	0	-1089.24	0	-608.819	0	-1758.05	0	-1057.02	0	-1383.93	0	-966.64	0	-1558.72	0	-1031.71	0	-956.107	0	-592.498	0	-567.223	0	-1026.64	0	-913.758	0	-785.785	0	-1049.78	0	-1546.01	0	-1057	0
-938.096	0	-2332.07	0	-750.667	0	-1779.8	0	-891.058	0	-958.211	0	-1163.66	0	-1398.66	0	-1089.25	0	-608.819	0	-1758.05	0	-1057.03	0	-1383.93	0	-966.643	0	-1558.72	0	-1031.71	0	-956.127	0	-592.533	0	-567.227	0	-1026.64	0	-913.763	0	-785.785	0	-1049.79	0	-1546.02	0	-1057.02	0
-938.243	0	-2332.07	0	-750.692	0	-1779.8	0	-891.058	0	-958.215	0	-1163.66	0	-1398.66	0	-1089.25	0	-608.819	0	-1758.05	0	-1057.07	0	-1383.93	0	-966.644	0	-1558.72	0	-1031.71	0	-956.162	0	-592.583	0	-567.229	0	-1026.64	0	-913.78	0	-785.785	0	-1049.8	0	-1546.02	0	-1057.06	0
-938.312	0	-2332.07	0	-750.712	0	-1779.8	0	-891.058	0	-958.218	0	-1163.66	0	-1398.66	0	-1089.25	0	-608.819	0	-1758.05	0	-1057.1	0	-1383.93	0	-966.647	0	-1558.72	0	-1031.71	0	-956.186	0	-592.616	0	-567.23	0	-1026.64	0	-913.799	0	-785.785	0	-1049.81	0	-1546.02	0	-1057.11	0
-938.353	0	-2332.07	0	-750.732	0	-1779.8	0	-891.058	0	-958.219	0	-1163.66	0	-1398.66	0	-1089.26	0	-608.819	0	-1758.05	0	-1057.12	0	-1383.93	0	-966.648	0	-1558.72	0	-1031.71	0	-956.212	0	-592.644	0	-567.237	0	-1026.64	0	-913.804	0	-785.785	0	-1049.82	0	-1546.02	0	-1057.2	0
-938.415	0	-2332.07	0	-750.743	0	-1779.8	0	-891.058	0	-958.222	0	-1163.66	0	-1398.66	0	-1089.26	0	-608.819	0	-1758.05	0	-1057.14	0	-1383.93	0	-966.651	0	-1558.72	0	-1031.71	0	-956.222	0	-592.679	0	-567.241	0	-1026.64	0	-913.819	0	-785.785	0	-1049.82	0	-1546.03	0	-1057.24	0
-938.499	0	-2332.07	0	-750.759	0	-1779.8	0	-891.058	0	-958.225	0	-1163.66	0	-1398.66	0	-1089.27	0	-608.819	0	-1758.05	0	-1057.17	0	-1383.93	0	-966.655	0	-1558.72	0	-1031.72	0	-956.228	0	-592.712	0	-567.242	0	-1026.64	0	-913.847	0	-785.785	0	-1049.83	0	-1546.03	0	-1057.27	0
-938.63	0	-2332.07	0	-750.798	0	-1779.8	0	-891.058	0	-958.231	0	-1163.66	0	-1398.66	0	-1089.27	0	-608.819	0	-1758.05	0	-1057.18	0	-1383.93	0	-966.66	0	-1558.72	0	-1031.72	0	-956.236	0	-592.716	0	-567.246	0	-1026.64	0	-913.864	0	-785.785	0	-1049.83	0	-1546.03	0	-1057.27	0
-938.729	0	-2332.07	0	-750.812	0	-1779.8	0	-891.058	0	-958.234	0	-1163.66	0	-1398.66	0	-1089.28	0	-608.819	0	-1758.05	0	-1057.2	0	-1383.93	0	-966.663	0	-1558.72	0	-1031.72	0	-956.244	0	-592.739	0	-567.247	0	-1026.64	0	-913.897	0	-785.785	0	-1049.83	0	-1546.03	0	-1057.28	0
-938.813	0	-2332.07	0	-750.836	0	-1779.8	0	-891.058	0	-958.238	0	-1163.66	0	-1398.66	0	-1089.29	0	-608.819	0	-1758.05	0	-1057.2	0	-1383.93	0	-966.665	0	-1558.72	0	-1031.72	0	-956.249	0	-592.795	0	-567.25	0	-1026.64	0	-913.904	0	-785.785	0	-1049.83	0	-1546.04	0	-1057.3	0
-938.916	0	-2332.07	0	-750.846	0	-1779.8	0	-891.058	0	-958.242	0	-1163.66	0	-1398.66	0	-1089.29	0	-608.819	0	-1758.05	0	-1057.22	0	-1383.93	0	-966.666	0	-1558.72	0	-1031.73	0	-956.256	0	-592.856	0	-567.25	0	-1026.64	0	-913.914	0	-785.786	0	-1049.84	0	-1546.04	0	-1057.33	0
-938.946	0	-2332.07	0	-750.862	0	-1779.8	0	-891.058	0	-958.25	0	-1163.66	0	-1398.66	0	-1089.3	0	-608.819	0	-1758.05	0	-1057.24	0	-1383.93	0	-966.667	0	-1558.72	0	-1031.73	0	-956.265	0	-592.921	0	-567.253	0	-1026.64	0	-913.918	0	-785.787	0	-1049.85	0	-1546.04	0	-1057.37	0
-939.003	0	-2332.07	0	-750.873	0	-1779.8	0	-891.058	0	-958.268	0	-1163.66	0	-1398.66	0	-1089.31	0	-608.819	0	-1758.05	0	-1057.25	0	-1383.93	0	-966.667	0	-1558.72	0	-1031.73	0	-956.271	0	-593.039	0	-567.255	0	-1026.64	0	-913.925	0	-785.788	0	-1049.86	0	-1546.04	0	-1057.43	0
-939.1	0	-2332.07	0	-750.896	0	-1779.8	0	-891.058	0	-958.296	0	-1163.66	0	-1398.66	0	-1089.31	0	-608.819	0	-1758.05	0	-1057.28	0	-1383.93	0	-966.667	0	-1558.72	0	-1031.73	0	-956.276	0	-593.144	0	-567.257	0	-1026.64	0	-913.93	0	-785.79	0	-1049.86	0	-1546.04	0	-1057.47	0
-939.174	0	-2332.07	0	-750.904	0	-1779.8	0	-891.058	0	-958.307	0	-1163.66	0	-1398.66	0	-1089.31	0	-608.819	0	-1758.05	0	-1057.33	0	-1383.93	0	-966.673	0	-1558.72	0	-1031.73	0	-956.279	0	-593.182	0	-567.26	0	-1026.64	0	-913.936	0	-785.79	0	-1049.87	0	-1546.05	0	-1057.49	0
-939.202	0	-2332.07	0	-750.916	0	-1779.8	0	-891.058	0	-958.313	0	-1163.66	0	-1398.66	0	-1089.32	0	-608.819	0	-1758.05	0	-1057.35	0	-1383.93	0	-966.688	0	-1558.72	0	-1031.73	0	-956.287	0	-593.198	0	-567.261	0	-1026.64	0	-913.942	0	-785.791	0	-1049.87	0	-1546.05	0	-1057.5	0
-939.251	0	-2332.07	0	-750.959	0	-1779.8	0	-891.058	0	-958.317	0	-1163.66	0	-1398.66	0	-1089.32	0	-608.819	0	-1758.05	0	-1057.37	0	-1383.93	0	-966.7	0	-1558.72	0	-1031.73	0	-956.292	0	-593.223	0	-567.263	0	-1026.64	0	-913.95	0	-785.791	0	-1049.88	0	-1546.05	0	-1057.51	0
-939.33	0	-2332.07	0	-750.986	0	-1779.8	0	-891.058	0	-958.329	0	-1163.66	0	-1398.66	0	-1089.32	0	-608.819	0	-1758.05	0	-1057.38	0	-1383.93	0	-966.712	0	-1558.72	0	-1031.73	0	-956.306	0	-593.257	0	-567.264	0	-1026.64	0	-913.956	0	-785.792	0	-1049.89	0	-1546.06	0	-1057.52	0
-939.445	0	-2332.07	0	-751.016	0	-1779.8	0	-891.058	0	-958.354	0	-1163.66	0	-1398.66	0	-1089.33	0	-608.819	0	-1758.05	0	-1057.39	0	-1383.93	0	-966.734	0	-1558.72	0	-1031.73	0	-956.333	0	-593.322	0	-567.266	0	-1026.65	0	-913.969	0	-785.793	0	-1049.89	0	-1546.06	0	-1057.56	0
-939.544	0	-2332.07	0	-751.04	0	-1779.8	0	-891.058	0	-958.363	0	-1163.66	0	-1398.66	0	-1089.33	0	-608.819	0	-1758.05	0	-1057.4	0	-1383.93	0	-966.748	0	-1558.72	0	-1031.73	0	-956.357	0	-593.345	0	-567.267	0	-1026.65	0	-913.987	0	-785.793	0	-1049.9	0	-1546.06	0	-1057.57	0
-939.606	0	-2332.07	0	-751.06	0	-1779.8	0	-891.058	0	-958.374	0	-1163.66	0	-1398.66	0	-1089.33	0	-608.819	0	-1758.05	0	-1057.41	0	-1383.93	0	-966.768	0	-1558.72	0	-1031.74	0	-956.367	0	-593.355	0	-567.27	0	-1026.65	0	-913.999	0	-785.793	0	-1049.91	0	-1546.06	0	-1057.58	0
-939.622	0	-2332.07	0	-751.09	0	-1779.8	0	-891.058	0	-958.395	0	-1163.66	0	-1398.66	0	-1089.34	0	-608.819	0	-1758.05	0	-1057.41	0	-1383.93	0	-966.784	0	-1558.72	0	-1031.74	0	-956.379	0	-593.378	0	-567.271	0	-1026.65	0	-914.009	0	-785.794	0	-1049.91	0	-1546.06	0	-1057.59	0
-939.645	0	-2332.07	0	-751.111	0	-1779.8	0	-891.058	0	-958.402	0	-1163.66	0	-1398.66	0	-1089.34	0	-608.819	0	-1758.05	0	-1057.41	0	-1383.93	0	-966.804	0	-1558.72	0	-1031.74	0	-956.394	0	-593.42	0	-567.276	0	-1026.65	0	-914.023	0	-785.796	0	-1049.93	0	-1546.07	0	-1057.6	0
-939.67	0	-2332.07	0	-751.135	0	-1779.81	0	-891.058	0	-958.412	0	-1163.66	0	-1398.66	0	-1089.35	0	-608.819	0	-1758.05	0	-1057.42	0	-1383.93	0	-966.822	0	-1558.72	0	-1031.74	0	-956.416	0	-593.457	0	-567.279	0	-1026.65	0	-914.053	0	-785.796	0	-1049.93	0	-1546.07	0	-1057.61	0
-939.69	0	-2332.07	0	-751.156	0	-1779.81	0	-891.058	0	-958.416	0	-1163.66	0	-1398.66	0	-1089.35	0	-608.819	0	-1758.05	0	-1057.42	0	-1383.93	0	-966.835	0	-1558.72	0	-1031.74	0	-956.431	0	-593.483	0	-567.281	0	-1026.65	0	-914.069	0	-785.797	0	-1049.93	0	-1546.07	0	-1057.62	0
-939.696	0	-2332.07	0	-751.172	0	-1779.81	0	-891.058	0	-958.42	0	-1163.66	0	-1398.66	0	-1089.36	0	-608.819	0	-1758.05	0	-1057.43	0	-1383.93	0	-966.849	0	-1558.72	0	-1031.74	0	-956.443	0	-593.544	0	-567.283	0	-1026.65	0	-914.085	0	-785.798	0	-1049.93	0	-1546.07	0	-1057.62	0
-939.721	0	-2332.07	0	-751.19	0	-1779.81	0	-891.058	0	-958.432	0	-1163.66	0	-1398.66	0	-1089.36	0	-608.819	0	-1758.05	0	-1057.43	0	-1383.93	0	-966.868	0	-1558.72	0	-1031.74	0	-956.453	0	-593.601	0	-567.283	0	-1026.65	0	-914.101	0	-785.799	0	-1049.93	0	-1546.08	0	-1057.62	0
-939.75	0	-2332.07	0	-751.225	0	-1779.81	0	-891.058	0	-958.454	0	-1163.66	0	-1398.66	0	-1089.36	0	-608.819	0	-1758.05	0	-1057.44	0	-1383.93	0	-966.883	0	-1558.72	0	-1031.75	0	-956.466	0	-593.618	0	-567.285	0	-1026.65	0	-914.122	0	-785.799	0	-1049.94	0	-1546.08	0	-1057.63	0
-939.761	0	-2332.07	0	-751.27	0	-1779.81	0	-891.058	0	-958.473	0	-1163.66	0	-1398.66	0	-1089.36	0	-608.819	0	-1758.05	0	-1057.45	0	-1383.93	0	-966.896	0	-1558.72	0	-1031.75	0	-956.491	0	-593.651	0	-567.288	0	-1026.65	0	-914.136	0	-785.8	0	-1049.94	0	-1546.08	0	-1057.63	0
-939.767	0	-2332.07	0	-751.311	0	-1779.81	0	-891.058	0	-958.481	0	-1163.66	0	-1398.66	0	-1089.36	0	-608.819	0	-1758.05	0	-1057.46	0	-1383.93	0	-966.904	0	-1558.72	0	-1031.76	0	-956.507	0	-593.685	0	-567.289	0	-1026.65	0	-914.159	0	-785.8	0	-1049.94	0	-1546.08	0	-1057.66	0
-939.782	0	-2332.07	0	-751.38	0	-1779.81	0	-891.058	0	-958.492	0	-1163.66	0	-1398.66	0	-1089.36	0	-608.819	0	-1758.05	0	-1057.48	0	-1383.93	0	-966.911	0	-1558.72	0	-1031.77	0	-956.514	0	-593.71	0	-567.291	0	-1026.65	0	-914.173	0	-785.801	0	-1049.94	0	-1546.08	0	-1057.7	0
-939.799	0	-2332.07	0	-751.419	0	-1779.81	0	-891.058	0	-958.501	0	-1163.66	0	-1398.66	0	-1089.36	0	-608.819	0	-1758.05	0	-1057.49	0	-1383.93	0	-966.922	0	-1558.72	0	-1031.77	0	-956.542	0	-593.742	0	-567.293	0	-1026.65	0	-914.183	0	-785.802	0	-1049.95	0	-1546.09	0	-1057.73	0
-939.83	0	-2332.07	0	-751.443	0	-1779.81	0	-891.058	0	-958.513	0	-1163.66	0	-1398.66	0	-1089.37	0	-608.819	0	-1758.05	0	-1057.5	0	-1383.93	0	-966.937	0	-1558.72	0	-1031.78	0	-956.565	0	-593.762	0	-567.294	0	-1026.65	0	-914.197	0	-785.802	0	-1049.95	0	-1546.09	0	-1057.75	0
-939.84	0	-2332.07	0	-751.467	0	-1779.81	0	-891.058	0	-958.522	0	-1163.66	0	-1398.66	0	-1089.37	0	-608.819	0	-1758.05	0	-1057.51	0	-1383.93	0	-966.955	0	-1558.72	0	-1031.78	0	-956.575	0	-593.868	0	-567.295	0	-1026.65	0	-914.256	0	-785.802	0	-1049.96	0	-1546.09	0	-1057.77	0
-939.86	0	-2332.07	0	-751.501	0	-1779.81	0	-891.058	0	-958.531	0	-1163.66	0	-1398.66	0	-1089.37	0	-608.819	0	-1758.05	0	-1057.51	0	-1383.93	0	-966.963	0	-1558.72	0	-1031.81	0	-956.59	0	-593.939	0	-567.298	0	-1026.65	0	-914.279	0	-785.802	0	-1049.97	0	-1546.09	0	-1057.77	0
-939.878	0	-2332.07	0	-751.515	0	-1779.81	0	-891.058	0	-958.541	0	-1163.66	0	-1398.66	0	-1089.37	0	-608.819	0	-1758.05	0	-1057.52	0	-1383.93	0	-966.977	0	-1558.72	0	-1031.85	0	-956.623	0	-594.025	0	-567.298	0	-1026.66	0	-914.302	0	-785.802	0	-1049.97	0	-1546.09	0	-1057.78	0
-939.893	0	-2332.07	0	-751.528	0	-1779.81	0	-891.058	0	-958.557	0	-1163.66	0	-1398.66	0	-1089.37	0	-608.819	0	-1758.05	0	-1057.54	0	-1383.93	0	-966.995	0	-1558.72	0	-1031.9	0	-956.636	0	-594.077	0	-567.3	0	-1026.66	0	-914.313	0	-785.803	0	-1049.97	0	-1546.1	0	-1057.8	0
-939.905	0	-2332.07	0	-751.538	0	-1779.81	0	-891.058	0	-958.566	0	-1163.66	0	-1398.66	0	-1089.37	0	-608.819	0	-1758.05	0	-1057.55	0	-1383.93	0	-967.003	0	-1558.72	0	-1031.93	0	-956.66	0	-594.14	0	-567.3	0	-1026.66	0	-914.329	0	-785.803	0	-1049.98	0	-1546.1	0	-1057.84	0
-939.982	0	-2332.07	0	-751.632	0	-1779.81	0	-891.058	0	-958.578	0	-1163.66	0	-1398.66	0	-1089.37	0	-608.819	0	-1758.05	0	-1057.56	0	-1383.93	0	-967.009	0	-1558.72	0	-1031.96	0	-956.673	0	-594.196	0	-567.3	0	-1026.66	0	-914.347	0	-785.804	0	-1049.98	0	-1546.1	0	-1057.88	0
-940.105	0	-2332.07	0	-751.799	0	-1779.81	0	-891.058	0	-958.586	0	-1163.66	0	-1398.66	0	-1089.37	0	-608.819	0	-1758.05	0	-1057.57	0	-1383.93	0	-967.015	0	-1558.72	0	-1031.97	0	-956.684	0	-594.286	0	-567.3	0	-1026.66	0	-914.389	0	-785.806	0	-1049.99	0	-1546.1	0	-1057.91	0
-940.201	0	-2332.07	0	-751.905	0	-1779.81	0	-891.058	0	-958.591	0	-1163.66	0	-1398.66	0	-1089.37	0	-608.819	0	-1758.05	0	-1057.57	0	-1383.93	0	-967.024	0	-1558.72	0	-1031.99	0	-956.692	0	-594.381	0	-567.303	0	-1026.66	0	-914.418	0	-785.807	0	-1050.01	0	-1546.1	0	-1057.92	0
-940.271	0	-2332.07	0	-752.034	0	-1779.81	0	-891.058	0	-958.593	0	-1163.66	0	-1398.66	0	-1089.37	0	-608.819	0	-1758.05	0	-1057.58	0	-1383.93	0	-967.029	0	-1558.72	0	-1032	0	-956.701	0	-594.443	0	-567.303	0	-1026.66	0	-914.471	0	-785.809	0	-1050.02	0	-1546.1	0	-1057.94	0
-940.306	0	-2332.07	0	-752.182	0	-1779.81	0	-891.058	0	-958.6	0	-1163.66	0	-1398.66	0	-1089.38	0	-608.819	0	-1758.05	0	-1057.58	0	-1383.93	0	-967.033	0	-1558.72	0	-1032.01	0	-956.706	0	-594.487	0	-567.304	0	-1026.66	0	-914.564	0	-785.81	0	-1050.03	0	-1546.11	0	-1057.96	0
-940.368	0	-2332.07	0	-752.249	0	-1779.81	0	-891.058	0	-958.605	0	-1163.66	0	-1398.66	0	-1089.38	0	-608.819	0	-1758.05	0	-1057.59	0	-1383.93	0	-967.038	0	-1558.72	0	-1032.02	0	-956.711	0	-594.521	0	-567.305	0	-1026.66	0	-914.62	0	-785.811	0	-1050.04	0	-1546.11	0	-1058.01	0
-940.395	0	-2332.07	0	-752.301	0	-1779.81	0	-891.058	0	-958.608	0	-1163.66	0	-1398.66	0	-1089.4	0	-608.819	0	-1758.05	0	-1057.59	0	-1383.93	0	-967.041	0	-1558.72	0	-1032.03	0	-956.72	0	-594.595	0	-567.305	0	-1026.66	0	-914.67	0	-785.812	0	-1050.07	0	-1546.11	0	-1058.08	0
-940.545	0	-2332.07	0	-752.334	0	-1779.81	0	-891.058	0	-958.623	0	-1163.66	0	-1398.66	0	-1089.4	0	-608.819	0	-1758.05	0	-1057.61	0	-1383.93	0	-967.044	0	-1558.72	0	-1032.06	0	-956.732	0	-594.624	0	-567.307	0	-1026.66	0	-914.723	0	-785.813	0	-1050.09	0	-1546.11	0	-1058.09	0
-940.665	0	-2332.07	0	-752.36	0	-1779.82	0	-891.058	0	-958.643	0	-1163.66	0	-1398.66	0	-1089.42	0	-608.819	0	-1758.05	0	-1057.61	0	-1383.93	0	-967.046	0	-1558.72	0	-1032.09	0	-956.748	0	-594.73	0	-567.307	0	-1026.66	0	-914.759	0	-785.814	0	-1050.1	0	-1546.12	0	-1058.12	0
-940.724	0	-2332.07	0	-752.385	0	-1779.82	0	-891.058	0	-958.654	0	-1163.66	0	-1398.66	0	-1089.42	0	-608.819	0	-1758.05	0	-1057.62	0	-1383.93	0	-967.048	0	-1558.72	0	-1032.1	0	-956.754	0	-594.816	0	-567.309	0	-1026.66	0	-914.796	0	-785.814	0	-1050.1	0	-1546.12	0	-1058.15	0
-940.753	0	-2332.07	0	-752.395	0	-1779.82	0	-891.058	0	-958.659	0	-1163.66	0	-1398.66	0	-1089.43	0	-608.819	0	-1758.05	0	-1057.63	0	-1383.93	0	-967.052	0	-1558.72	0	-1032.12	0	-956.76	0	-594.853	0	-567.311	0	-1026.66	0	-914.81	0	-785.815	0	-1050.11	0	-1546.12	0	-1058.17	0
-940.81	0	-2332.07	0	-752.404	0	-1779.82	0	-891.058	0	-958.664	0	-1163.66	0	-1398.66	0	-1089.43	0	-608.819	0	-1758.05	0	-1057.64	0	-1383.93	0	-967.057	0	-1558.72	0	-1032.13	0	-956.764	0	-594.947	0	-567.312	0	-1026.66	0	-914.823	0	-785.815	0	-1050.12	0	-1546.12	0	-1058.19	0
-940.834	0	-2332.07	0	-752.421	0	-1779.82	0	-891.058	0	-958.668	0	-1163.66	0	-1398.66	0	-1089.44	0	-608.819	0	-1758.05	0	-1057.65	0	-1383.93	0	-967.059	0	-1558.72	0	-1032.14	0	-956.768	0	-594.988	0	-567.314	0	-1026.66	0	-914.84	0	-785.816	0	-1050.13	0	-1546.12	0	-1058.19	0
-940.853	0	-2332.07	0	-752.451	0	-1779.82	0	-891.058	0	-958.675	0	-1163.66	0	-1398.66	0	-1089.44	0	-608.819	0	-1758.05	0	-1057.66	0	-1383.93	0	-967.061	0	-1558.72	0	-1032.15	0	-956.775	0	-595.016	0	-567.316	0	-1026.66	0	-914.848	0	-785.816	0	-1050.14	0	-1546.13	0	-1058.23	0
-940.889	0	-2332.07	0	-752.5	0	-1779.82	0	-891.058	0	-958.678	0	-1163.66	0	-1398.66	0	-1089.44	0	-608.819	0	-1758.05	0	-1057.66	0	-1383.93	0	-967.064	0	-1558.72	0	-1032.16	0	-956.782	0	-595.054	0	-567.319	0	-1026.66	0	-914.88	0	-785.816	0	-1050.15	0	-1546.13	0	-1058.25	0
-940.929	0	-2332.07	0	-752.531	0	-1779.82	0	-891.058	0	-958.682	0	-1163.66	0	-1398.66	0	-1089.45	0	-608.819	0	-1758.05	0	-1057.66	0	-1383.93	0	-967.067	0	-1558.72	0	-1032.16	0	-956.787	0	-595.079	0	-567.321	0	-1026.66	0	-914.899	0	-785.816	0	-1050.15	0	-1546.13	0	-1058.26	0
-940.96	0	-2332.07	0	-752.55	0	-1779.82	0	-891.058	0	-958.687	0	-1163.66	0	-1398.66	0	-1089.45	0	-608.819	0	-1758.05	0	-1057.67	0	-1383.93	0	-967.07	0	-1558.72	0	-1032.17	0	-956.813	0	-595.123	0	-567.322	0	-1026.66	0	-914.911	0	-785.818	0	-1050.16	0	-1546.13	0	-1058.28	0
-940.979	0	-2332.07	0	-752.58	0	-1779.82	0	-891.058	0	-958.692	0	-1163.66	0	-1398.66	0	-1089.45	0	-608.819	0	-1758.05	0	-1057.67	0	-1383.93	0	-967.072	0	-1558.72	0	-1032.19	0	-956.826	0	-595.169	0	-567.323	0	-1026.66	0	-914.928	0	-785.819	0	-1050.16	0	-1546.13	0	-1058.3	0
-941.054	0	-2332.07	0	-752.585	0	-1779.82	0	-891.058	0	-958.694	0	-1163.66	0	-1398.66	0	-1089.45	0	-608.819	0	-1758.05	0	-1057.67	0	-1383.93	0	-967.074	0	-1558.72	0	-1032.2	0	-956.833	0	-595.195	0	-567.325	0	-1026.66	0	-914.953	0	-785.821	0	-1050.18	0	-1546.14	0	-1058.31	0
-941.121	0	-2332.07	0	-752.604	0	-1779.82	0	-891.058	0	-958.697	0	-1163.66	0	-1398.66	0	-1089.46	0	-608.819	0	-1758.05	0	-1057.68	0	-1383.93	0	-967.076	0	-1558.72	0	-1032.22	0	-956.861	0	-595.223	0	-567.327	0	-1026.66	0	-914.964	0	-785.823	0	-1050.19	0	-1546.14	0	-1058.33	0
-941.145	0	-2332.07	0	-752.616	0	-1779.82	0	-891.058	0	-958.703	0	-1163.66	0	-1398.66	0	-1089.46	0	-608.819	0	-1758.05	0	-1057.68	0	-1383.93	0	-967.077	0	-1558.72	0	-1032.22	0	-956.876	0	-595.262	0	-567.332	0	-1026.66	0	-914.988	0	-785.824	0	-1050.2	0	-1546.14	0	-1058.34	0
-941.187	0	-2332.07	0	-752.62	0	-1779.82	0	-891.058	0	-958.705	0	-1163.66	0	-1398.66	0	-1089.46	0	-608.819	0	-1758.05	0	-1057.69	0	-1383.93	0	-967.085	0	-1558.72	0	-1032.23	0	-956.896	0	-595.325	0	-567.335	0	-1026.66	0	-915.011	0	-785.825	0	-1050.2	0	-1546.14	0	-1058.38	0
-941.216	0	-2332.07	0	-752.658	0	-1779.82	0	-891.058	0	-958.708	0	-1163.66	0	-1398.66	0	-1089.47	0	-608.819	0	-1758.05	0	-1057.69	0	-1383.93	0	-967.091	0	-1558.72	0	-1032.23	0	-956.927	0	-595.359	0	-567.339	0	-1026.66	0	-915.029	0	-785.826	0	-1050.2	0	-1546.14	0	-1058.41	0
-941.221	0	-2332.07	0	-752.711	0	-1779.82	0	-891.058	0	-958.712	0	-1163.66	0	-1398.66	0	-1089.47	0	-608.819	0	-1758.05	0	-1057.7	0	-1383.93	0	-967.096	0	-1558.72	0	-1032.24	0	-956.945	0	-595.387	0	-567.341	0	-1026.66	0	-915.039	0	-785.827	0	-1050.21	0	-1546.14	0	-1058.43	0
-941.244	0	-2332.07	0	-752.741	0	-1779.82	0	-891.058	0	-958.714	0	-1163.66	0	-1398.66	0	-1089.48	0	-608.819	0	-1758.05	0	-1057.72	0	-1383.93	0	-967.101	0	-1558.72	0	-1032.27	0	-956.963	0	-595.446	0	-567.343	0	-1026.66	0	-915.061	0	-785.828	0	-1050.21	0	-1546.14	0	-1058.46	0
-941.261	0	-2332.07	0	-752.762	0	-1779.82	0	-891.058	0	-958.717	0	-1163.66	0	-1398.66	0	-1089.49	0	-608.819	0	-1758.05	0	-1057.73	0	-1383.93	0	-967.103	0	-1558.72	0	-1032.28	0	-956.983	0	-595.578	0	-567.347	0	-1026.66	0	-915.074	0	-785.829	0	-1050.21	0	-1546.15	0	-1058.47	0
-941.275	0	-2332.07	0	-752.847	0	-1779.82	0	-891.058	0	-958.724	0	-1163.66	0	-1398.66	0	-1089.49	0	-608.819	0	-1758.05	0	-1057.73	0	-1383.93	0	-967.109	0	-1558.72	0	-1032.29	0	-956.995	0	-595.73	0	-567.349	0	-1026.66	0	-915.086	0	-785.829	0	-1050.22	0	-1546.15	0	-1058.48	0
-941.282	0	-2332.07	0	-752.905	0	-1779.82	0	-891.058	0	-958.734	0	-1163.66	0	-1398.66	0	-1089.49	0	-608.819	0	-1758.05	0	-1057.73	0	-1383.93	0	-967.116	0	-1558.72	0	-1032.3	0	-957.013	0	-595.84	0	-567.35	0	-1026.66	0	-915.099	0	-785.83	0	-1050.22	0	-1546.15	0	-1058.5	0
-941.285	0	-2332.07	0	-752.986	0	-1779.82	0	-891.058	0	-958.739	0	-1163.66	0	-1398.66	0	-1089.5	0	-608.819	0	-1758.05	0	-1057.74	0	-1383.93	0	-967.118	0	-1558.72	0	-1032.31	0	-957.022	0	-595.975	0	-567.352	0	-1026.66	0	-915.103	0	-785.831	0	-1050.23	0	-1546.15	0	-1058.51	0
-941.29	0	-2332.07	0	-752.989	0	-1779.82	0	-891.058	0	-958.747	0	-1163.66	0	-1398.66	0	-1089.5	0	-608.819	0	-1758.05	0	-1057.75	0	-1383.93	0	-967.124	0	-1558.72	0	-1032.32	0	-957.029	0	-596.066	0	-567.352	0	-1026.66	0	-915.105	0	-785.831	0	-1050.24	0	-1546.15	0	-1058.53	0
-941.298	0	-2332.07	0	-753.016	0	-1779.82	0	-891.058	0	-958.764	0	-1163.66	0	-1398.66	0	-1089.5	0	-608.819	0	-1758.05	0	-1057.75	0	-1383.93	0	-967.129	0	-1558.72	0	-1032.33	0	-957.032	0	-596.141	0	-567.355	0	-1026.66	0	-915.119	0	-785.831	0	-1050.24	0	-1546.15	0	-1058.54	0
-941.333	0	-2332.07	0	-753.042	0	-1779.82	0	-891.058	0	-958.805	0	-1163.66	0	-1398.66	0	-1089.5	0	-608.819	0	-1758.05	0	-1057.76	0	-1383.93	0	-967.132	0	-1558.72	0	-1032.35	0	-957.042	0	-596.237	0	-567.36	0	-1026.67	0	-915.141	0	-785.832	0	-1050.25	0	-1546.16	0	-1058.56	0
-941.373	0	-2332.07	0	-753.06	0	-1779.82	0	-891.058	0	-958.839	0	-1163.66	0	-1398.66	0	-1089.51	0	-608.819	0	-1758.05	0	-1057.77	0	-1383.93	0	-967.136	0	-1558.72	0	-1032.36	0	-957.067	0	-596.331	0	-567.36	0	-1026.67	0	-915.165	0	-785.835	0	-1050.25	0	-1546.16	0	-1058.58	0
-941.41	0	-2332.07	0	-753.075	0	-1779.82	0	-891.058	0	-958.856	0	-1163.66	0	-1398.66	0	-1089.51	0	-608.819	0	-1758.05	0	-1057.78	0	-1383.93	0	-967.139	0	-1558.72	0	-1032.37	0	-957.111	0	-596.387	0	-567.362	0	-1026.67	0	-915.182	0	-785.836	0	-1050.25	0	-1546.17	0	-1058.59	0
-941.469	0	-2332.07	0	-753.096	0	-1779.83	0	-891.058	0	-958.867	0	-1163.66	0	-1398.66	0	-1089.51	0	-608.819	0	-1758.05	0	-1057.79	0	-1383.93	0	-967.142	0	-1558.72	0	-1032.37	0	-957.16	0	-596.504	0	-567.364	0	-1026.67	0	-915.22	0	-785.838	0	-1050.26	0	-1546.17	0	-1058.6	0
-941.491	0	-2332.07	0	-753.106	0	-1779.83	0	-891.058	0	-958.873	0	-1163.66	0	-1398.66	0	-1089.51	0	-608.819	0	-1758.05	0	-1057.8	0	-1383.93	0	-967.143	0	-1558.72	0	-1032.38	0	-957.165	0	-596.598	0	-567.368	0	-1026.67	0	-915.232	0	-785.84	0	-1050.26	0	-1546.17	0	-1058.69	0
-941.525	0	-2332.07	0	-753.122	0	-1779.83	0	-891.058	0	-958.88	0	-1163.66	0	-1398.66	0	-1089.51	0	-608.819	0	-1758.05	0	-1057.8	0	-1383.93	0	-967.148	0	-1558.72	0	-1032.38	0	-957.219	0	-596.752	0	-567.37	0	-1026.67	0	-915.242	0	-785.841	0	-1050.26	0	-1546.17	0	-1058.76	0
-941.558	0	-2332.07	0	-753.15	0	-1779.83	0	-891.058	0	-958.912	0	-1163.66	0	-1398.66	0	-1089.51	0	-608.819	0	-1758.05	0	-1057.81	0	-1383.93	0	-967.157	0	-1558.72	0	-1032.38	0	-957.258	0	-596.824	0	-567.373	0	-1026.67	0	-915.257	0	-785.842	0	-1050.26	0	-1546.18	0	-1058.82	0
-941.607	0	-2332.07	0	-753.159	0	-1779.83	0	-891.058	0	-958.921	0	-1163.66	0	-1398.66	0	-1089.52	0	-608.819	0	-1758.05	0	-1057.81	0	-1383.93	0	-967.163	0	-1558.72	0	-1032.39	0	-957.289	0	-596.89	0	-567.374	0	-1026.67	0	-915.277	0	-785.843	0	-1050.26	0	-1546.18	0	-1058.93	0
-941.641	0	-2332.07	0	-753.197	0	-1779.83	0	-891.058	0	-958.938	0	-1163.66	0	-1398.66	0	-1089.52	0	-608.819	0	-1758.05	0	-1057.81	0	-1383.93	0	-967.169	0	-1558.72	0	-1032.4	0	-957.302	0	-597.031	0	-567.378	0	-1026.67	0	-915.292	0	-785.844	0	-1050.26	0	-1546.18	0	-1059.12	0
-941.652	0	-2332.07	0	-753.229	0	-1779.83	0	-891.058	0	-958.959	0	-1163.66	0	-1398.66	0	-1089.52	0	-608.819	0	-1758.05	0	-1057.81	0	-1383.93	0	-967.176	0	-1558.72	0	-1032.43	0	-957.325	0	-597.075	0	-567.383	0	-1026.67	0	-915.308	0	-785.845	0	-1050.27	0	-1546.19	0	-1059.22	0
-941.666	0	-2332.07	0	-753.254	0	-1779.83	0	-891.058	0	-958.963	0	-1163.66	0	-1398.66	0	-1089.52	0	-608.819	0	-1758.05	0	-1057.81	0	-1383.93	0	-967.18	0	-1558.72	0	-1032.45	0	-957.339	0	-597.132	0	-567.385	0	-1026.67	0	-915.331	0	-785.845	0	-1050.27	0	-1546.19	0	-1059.26	0
-941.697	0	-2332.07	0	-753.287	0	-1779.83	0	-891.058	0	-958.968	0	-1163.66	0	-1398.66	0	-1089.52	0	-608.819	0	-1758.05	0	-1057.81	0	-1383.93	0	-967.184	0	-1558.72	0	-1032.45	0	-957.353	0	-597.177	0	-567.387	0	-1026.67	0	-915.356	0	-785.846	0	-1050.28	0	-1546.19	0	-1059.3	0
-941.77	0	-2332.07	0	-753.317	0	-1779.83	0	-891.058	0	-958.976	0	-1163.66	0	-1398.66	0	-1089.52	0	-608.819	0	-1758.05	0	-1057.82	0	-1383.93	0	-967.188	0	-1558.72	0	-1032.47	0	-957.359	0	-597.208	0	-567.392	0	-1026.67	0	-915.385	0	-785.846	0	-1050.28	0	-1546.19	0	-1059.46	0
-941.802	0	-2332.07	0	-753.357	0	-1779.83	0	-891.058	0	-958.993	0	-1163.66	0	-1398.66	0	-1089.52	0	-608.819	0	-1758.05	0	-1057.82	0	-1383.93	0	-967.191	0	-1558.72	0	-1032.48	0	-957.365	0	-597.235	0	-567.398	0	-1026.67	0	-915.404	0	-785.846	0	-1050.28	0	-1546.19	0	-1059.72	0
-941.856	0	-2332.07	0	-753.408	0	-1779.83	0	-891.058	0	-958.997	0	-1163.66	0	-1398.66	0	-1089.52	0	-608.819	0	-1758.05	0	-1057.82	0	-1383.93	0	-967.193	0	-1558.72	0	-1032.49	0	-957.367	0	-597.246	0	-567.403	0	-1026.68	0	-915.413	0	-785.846	0	-1050.3	0	-1546.2	0	-1060.01	0
-941.895	0	-2332.07	0	-753.441	0	-1779.83	0	-891.058	0	-959.004	0	-1163.66	0	-1398.66	0	-1089.53	0	-608.819	0	-1758.05	0	-1057.83	0	-1383.93	0	-967.195	0	-1558.72	0	-1032.5	0	-957.377	0	-597.256	0	-567.407	0	-1026.68	0	-915.442	0	-785.846	0	-1050.34	0	-1546.2	0	-1060.15	0
-941.942	0	-2332.07	0	-753.46	0	-1779.83	0	-891.058	0	-959.028	0	-1163.66	0	-1398.66	0	-1089.53	0	-608.819	0	-1758.05	0	-1057.83	0	-1383.93	0	-967.195	0	-1558.72	0	-1032.51	0	-957.396	0	-597.27	0	-567.413	0	-1026.68	0	-915.462	0	-785.846	0	-1050.41	0	-1546.2	0	-1060.23	0
-942.001	0	-2332.07	0	-753.496	0	-1779.83	0	-891.058	0	-959.045	0	-1163.66	0	-1398.66	0	-1089.53	0	-608.819	0	-1758.05	0	-1057.84	0	-1383.93	0	-967.196	0	-1558.72	0	-1032.53	0	-957.422	0	-597.291	0	-567.419	0	-1026.68	0	-915.476	0	-785.846	0	-1050.53	0	-1546.21	0	-1060.27	0
-942.064	0	-2332.07	0	-753.533	0	-1779.83	0	-891.058	0	-959.058	0	-1163.66	0	-1398.66	0	-1089.54	0	-608.819	0	-1758.05	0	-1057.84	0	-1383.93	0	-967.197	0	-1558.72	0	-1032.55	0	-957.433	0	-597.304	0	-567.419	0	-1026.68	0	-915.49	0	-785.846	0	-1050.63	0	-1546.21	0	-1060.31	0
-942.145	0	-2332.07	0	-753.557	0	-1779.83	0	-891.058	0	-959.071	0	-1163.66	0	-1398.66	0	-1089.54	0	-608.819	0	-1758.05	0	-1057.84	0	-1383.93	0	-967.2	0	-1558.72	0	-1032.56	0	-957.437	0	-597.333	0	-567.424	0	-1026.69	0	-915.504	0	-785.847	0	-1050.7	0	-1546.22	0	-1060.33	0
-942.209	0	-2332.07	0	-753.589	0	-1779.84	0	-891.058	0	-959.079	0	-1163.66	0	-1398.66	0	-1089.55	0	-608.819	0	-1758.05	0	-1057.85	0	-1383.93	0	-967.203	0	-1558.72	0	-1032.57	0	-957.466	0	-597.349	0	-567.425	0	-1026.69	0	-915.511	0	-785.847	0	-1050.72	0	-1546.22	0	-1060.33	0
-942.291	0	-2332.07	0	-753.647	0	-1779.84	0	-891.058	0	-959.09	0	-1163.66	0	-1398.66	0	-1089.56	0	-608.819	0	-1758.05	0	-1057.85	0	-1383.93	0	-967.206	0	-1558.72	0	-1032.58	0	-957.5	0	-597.36	0	-567.433	0	-1026.69	0	-915.516	0	-785.847	0	-1050.73	0	-1546.22	0	-1060.37	0
-942.316	0	-2332.07	0	-753.666	0	-1779.84	0	-891.058	0	-959.108	0	-1163.66	0	-1398.66	0	-1089.57	0	-608.819	0	-1758.05	0	-1057.86	0	-1383.93	0	-967.208	0	-1558.72	0	-1032.59	0	-957.537	0	-597.396	0	-567.436	0	-1026.69	0	-915.524	0	-785.847	0	-1050.73	0	-1546.22	0	-1060.4	0
-942.332	0	-2332.07	0	-753.682	0	-1779.84	0	-891.058	0	-959.122	0	-1163.66	0	-1398.66	0	-1089.57	0	-608.819	0	-1758.05	0	-1057.86	0	-1383.93	0	-967.209	0	-1558.72	0	-1032.59	0	-957.56	0	-597.44	0	-567.441	0	-1026.69	0	-915.528	0	-785.847	0	-1050.75	0	-1546.23	0	-1060.42	0
-942.353	0	-2332.07	0	-753.721	0	-1779.84	0	-891.058	0	-959.143	0	-1163.66	0	-1398.66	0	-1089.58	0	-608.819	0	-1758.05	0	-1057.86	0	-1383.93	0	-967.209	0	-1558.72	0	-1032.61	0	-957.589	0	-597.482	0	-567.442	0	-1026.69	0	-915.542	0	-785.847	0	-1050.75	0	-1546.23	0	-1060.44	0
-942.381	0	-2332.07	0	-753.768	0	-1779.84	0	-891.058	0	-959.153	0	-1163.66	0	-1398.66	0	-1089.59	0	-608.819	0	-1758.05	0	-1057.87	0	-1383.93	0	-967.21	0	-1558.72	0	-1032.61	0	-957.607	0	-597.51	0	-567.447	0	-1026.7	0	-915.555	0	-785.847	0	-1050.77	0	-1546.23	0	-1060.47	0
-942.402	0	-2332.07	0	-753.808	0	-1779.84	0	-891.058	0	-959.17	0	-1163.66	0	-1398.66	0	-1089.6	0	-608.819	0	-1758.05	0	-1057.87	0	-1383.93	0	-967.21	0	-1558.72	0	-1032.61	0	-957.623	0	-597.564	0	-567.449	0	-1026.7	0	-915.562	0	-785.847	0	-1050.77	0	-1546.23	0	-1060.53	0
-942.476	0	-2332.07	0	-753.835	0	-1779.84	0	-891.058	0	-959.176	0	-1163.66	0	-1398.66	0	-1089.61	0	-608.819	0	-1758.05	0	-1057.87	0	-1383.93	0	-967.21	0	-1558.72	0	-1032.62	0	-957.629	0	-597.632	0	-567.453	0	-1026.7	0	-915.571	0	-785.848	0	-1050.78	0	-1546.23	0	-1060.55	0
-942.53	0	-2332.07	0	-753.867	0	-1779.84	0	-891.058	0	-959.197	0	-1163.66	0	-1398.66	0	-1089.61	0	-608.819	0	-1758.05	0	-1057.87	0	-1383.93	0	-967.211	0	-1558.72	0	-1032.62	0	-957.635	0	-597.666	0	-567.457	0	-1026.7	0	-915.582	0	-785.848	0	-1050.79	0	-1546.23	0	-1060.57	0
-942.601	0	-2332.07	0	-753.882	0	-1779.84	0	-891.058	0	-959.215	0	-1163.66	0	-1398.66	0	-1089.62	0	-608.819	0	-1758.05	0	-1057.88	0	-1383.93	0	-967.211	0	-1558.72	0	-1032.62	0	-957.641	0	-597.718	0	-567.459	0	-1026.7	0	-915.593	0	-785.848	0	-1050.8	0	-1546.23	0	-1060.61	0
-942.624	0	-2332.07	0	-753.898	0	-1779.84	0	-891.058	0	-959.219	0	-1163.66	0	-1398.66	0	-1089.62	0	-608.819	0	-1758.05	0	-1057.89	0	-1383.93	0	-967.212	0	-1558.72	0	-1032.63	0	-957.647	0	-597.762	0	-567.462	0	-1026.7	0	-915.604	0	-785.848	0	-1050.81	0	-1546.23	0	-1060.65	0
-942.666	0	-2332.07	0	-753.973	0	-1779.84	0	-891.058	0	-959.227	0	-1163.66	0	-1398.66	0	-1089.62	0	-608.819	0	-1758.05	0	-1057.9	0	-1383.93	0	-967.213	0	-1558.72	0	-1032.64	0	-957.67	0	-597.811	0	-567.464	0	-1026.7	0	-915.611	0	-785.848	0	-1050.83	0	-1546.23	0	-1060.67	0
-942.68	0	-2332.07	0	-753.993	0	-1779.84	0	-891.058	0	-959.252	0	-1163.66	0	-1398.66	0	-1089.63	0	-608.819	0	-1758.05	0	-1057.9	0	-1383.93	0	-967.214	0	-1558.72	0	-1032.64	0	-957.7	0	-597.848	0	-567.466	0	-1026.7	0	-915.614	0	-785.849	0	-1050.85	0	-1546.24	0	-1060.68	0
-942.711	0	-2332.07	0	-754.023	0	-1779.84	0	-891.058	0	-959.265	0	-1163.66	0	-1398.66	0	-1089.63	0	-608.819	0	-1758.05	0	-1057.91	0	-1383.93	0	-967.215	0	-1558.72	0	-1032.64	0	-957.725	0	-597.884	0	-567.467	0	-1026.7	0	-915.618	0	-785.849	0	-1050.86	0	-1546.24	0	-1060.7	0
-942.743	0	-2332.07	0	-754.055	0	-1779.84	0	-891.058	0	-959.284	0	-1163.66	0	-1398.66	0	-1089.63	0	-608.819	0	-1758.05	0	-1057.92	0	-1383.93	0	-967.215	0	-1558.72	0	-1032.65	0	-957.747	0	-597.948	0	-567.468	0	-1026.7	0	-915.619	0	-785.849	0	-1050.87	0	-1546.24	0	-1060.76	0
-942.769	0	-2332.07	0	-754.068	0	-1779.85	0	-891.058	0	-959.297	0	-1163.66	0	-1398.66	0	-1089.63	0	-608.819	0	-1758.05	0	-1057.92	0	-1383.93	0	-967.216	0	-1558.72	0	-1032.65	0	-957.77	0	-597.993	0	-567.471	0	-1026.7	0	-915.621	0	-785.849	0	-1050.89	0	-1546.24	0	-1060.81	0
-942.808	0	-2332.07	0	-754.077	0	-1779.85	0	-891.058	0	-959.325	0	-1163.66	0	-1398.66	0	-1089.63	0	-608.819	0	-1758.05	0	-1057.92	0	-1383.93	0	-967.218	0	-1558.72	0	-1032.65	0	-957.798	0	-598.026	0	-567.474	0	-1026.7	0	-915.623	0	-785.849	0	-1050.9	0	-1546.25	0	-1060.84	0
-942.832	0	-2332.07	0	-754.1	0	-1779.85	0	-891.058	0	-959.334	0	-1163.66	0	-1398.66	0	-1089.63	0	-608.819	0	-1758.05	0	-1057.93	0	-1383.93	0	-967.221	0	-1558.72	0	-1032.65	0	-957.831	0	-598.052	0	-567.476	0	-1026.7	0	-915.626	0	-785.849	0	-1050.9	0	-1546.25	0	-1060.86	0
-942.84	0	-2332.07	0	-754.144	0	-1779.85	0	-891.058	0	-959.34	0	-1163.66	0	-1398.66	0	-1089.64	0	-608.819	0	-1758.05	0	-1057.93	0	-1383.93	0	-967.224	0	-1558.72	0	-1032.65	0	-957.869	0	-598.062	0	-567.477	0	-1026.71	0	-915.634	0	-785.849	0	-1050.91	0	-1546.25	0	-1060.86	0
-942.85	0	-2332.07	0	-754.209	0	-1779.85	0	-891.058	0	-959.342	0	-1163.66	0	-1398.66	0	-1089.64	0	-608.819	0	-1758.05	0	-1057.94	0	-1383.93	0	-967.228	0	-1558.72	0	-1032.65	0	-957.91	0	-598.08	0	-567.478	0	-1026.71	0	-915.635	0	-785.849	0	-1050.91	0	-1546.26	0	-1060.87	0
-942.857	0	-2332.07	0	-754.309	0	-1779.85	0	-891.058	0	-959.344	0	-1163.66	0	-1398.66	0	-1089.65	0	-608.819	0	-1758.05	0	-1057.94	0	-1383.93	0	-967.228	0	-1558.72	0	-1032.65	0	-957.944	0	-598.106	0	-567.478	0	-1026.71	0	-915.636	0	-785.849	0	-1050.91	0	-1546.26	0	-1060.87	0
-942.882	0	-2332.07	0	-754.397	0	-1779.85	0	-891.058	0	-959.355	0	-1163.66	0	-1398.66	0	-1089.65	0	-608.819	0	-1758.05	0	-1057.94	0	-1383.93	0	-967.229	0	-1558.72	0	-1032.65	0	-957.985	0	-598.136	0	-567.481	0	-1026.71	0	-915.637	0	-785.85	0	-1050.92	0	-1546.27	0	-1060.89	0
-942.916	0	-2332.07	0	-754.43	0	-1779.85	0	-891.058	0	-959.386	0	-1163.66	0	-1398.66	0	-1089.66	0	-608.819	0	-1758.05	0	-1057.94	0	-1383.93	0	-967.231	0	-1558.72	0	-1032.66	0	-958.003	0	-598.151	0	-567.485	0	-1026.71	0	-915.641	0	-785.851	0	-1050.92	0	-1546.27	0	-1060.91	0
-942.922	0	-2332.07	0	-754.441	0	-1779.85	0	-891.058	0	-959.397	0	-1163.66	0	-1398.66	0	-1089.66	0	-608.819	0	-1758.05	0	-1057.94	0	-1383.93	0	-967.232	0	-1558.72	0	-1032.66	0	-958.027	0	-598.156	0	-567.485	0	-1026.71	0	-915.645	0	-785.851	0	-1050.92	0	-1546.28	0	-1060.97	0
-942.929	0	-2332.07	0	-754.469	0	-1779.85	0	-891.058	0	-959.416	0	-1163.66	0	-1398.66	0	-1089.67	0	-608.819	0	-1758.05	0	-1057.95	0	-1383.93	0	-967.233	0	-1558.72	0	-1032.66	0	-958.041	0	-598.164	0	-567.488	0	-1026.71	0	-915.651	0	-785.853	0	-1050.93	0	-1546.28	0	-1061.01	0
-942.943	0	-2332.07	0	-754.496	0	-1779.85	0	-891.058	0	-959.418	0	-1163.66	0	-1398.66	0	-1089.67	0	-608.819	0	-1758.05	0	-1057.95	0	-1383.93	0	-967.233	0	-1558.72	0	-1032.66	0	-958.054	0	-598.173	0	-567.489	0	-1026.71	0	-915.656	0	-785.854	0	-1050.93	0	-1546.29	0	-1061.04	0
-942.955	0	-2332.07	0	-754.536	0	-1779.85	0	-891.058	0	-959.44	0	-1163.66	0	-1398.66	0	-1089.67	0	-608.819	0	-1758.05	0	-1057.95	0	-1383.93	0	-967.233	0	-1558.72	0	-1032.67	0	-958.066	0	-598.195	0	-567.492	0	-1026.71	0	-915.66	0	-785.854	0	-1050.94	0	-1546.29	0	-1061.07	0
-942.977	0	-2332.07	0	-754.582	0	-1779.85	0	-891.058	0	-959.462	0	-1163.66	0	-1398.66	0	-1089.67	0	-608.819	0	-1758.05	0	-1057.95	0	-1383.93	0	-967.235	0	-1558.72	0	-1032.67	0	-958.078	0	-598.203	0	-567.494	0	-1026.71	0	-915.665	0	-785.856	0	-1050.94	0	-1546.29	0	-1061.12	0
-943.007	0	-2332.07	0	-754.662	0	-1779.85	0	-891.058	0	-959.478	0	-1163.66	0	-1398.66	0	-1089.68	0	-608.819	0	-1758.05	0	-1057.96	0	-1383.93	0	-967.237	0	-1558.72	0	-1032.68	0	-958.157	0	-598.215	0	-567.496	0	-1026.71	0	-915.668	0	-785.856	0	-1050.95	0	-1546.29	0	-1061.16	0
-943.014	0	-2332.07	0	-754.711	0	-1779.85	0	-891.058	0	-959.497	0	-1163.66	0	-1398.66	0	-1089.68	0	-608.819	0	-1758.05	0	-1057.96	0	-1383.93	0	-967.237	0	-1558.72	0	-1032.69	0	-958.245	0	-598.223	0	-567.498	0	-1026.71	0	-915.671	0	-785.858	0	-1050.95	0	-1546.3	0	-1061.19	0
-943.023	0	-2332.07	0	-754.757	0	-1779.85	0	-891.058	0	-959.512	0	-1163.66	0	-1398.66	0	-1089.68	0	-608.819	0	-1758.05	0	-1057.97	0	-1383.93	0	-967.237	0	-1558.72	0	-1032.7	0	-958.28	0	-598.231	0	-567.5	0	-1026.71	0	-915.673	0	-785.859	0	-1050.96	0	-1546.3	0	-1061.22	0
-943.031	0	-2332.07	0	-754.782	0	-1779.85	0	-891.058	0	-959.523	0	-1163.66	0	-1398.66	0	-1089.68	0	-608.819	0	-1758.05	0	-1057.97	0	-1383.93	0	-967.238	0	-1558.72	0	-1032.71	0	-958.329	0	-598.251	0	-567.503	0	-1026.71	0	-915.676	0	-785.859	0	-1050.96	0	-1546.3	0	-1061.25	0
-943.034	0	-2332.07	0	-754.802	0	-1779.86	0	-891.058	0	-959.537	0	-1163.66	0	-1398.66	0	-1089.68	0	-608.819	0	-1758.05	0	-1057.98	0	-1383.93	0	-967.238	0	-1558.72	0	-1032.73	0	-958.37	0	-598.314	0	-567.506	0	-1026.72	0	-915.678	0	-785.861	0	-1050.97	0	-1546.3	0	-1061.29	0
-943.036	0	-2332.07	0	-754.848	0	-1779.86	0	-891.058	0	-959.542	0	-1163.66	0	-1398.66	0	-1089.69	0	-608.819	0	-1758.05	0	-1057.99	0	-1383.93	0	-967.238	0	-1558.72	0	-1032.73	0	-958.386	0	-598.341	0	-567.507	0	-1026.72	0	-915.679	0	-785.862	0	-1050.97	0	-1546.3	0	-1061.32	0
-943.036	0	-2332.07	0	-754.974	0	-1779.86	0	-891.058	0	-959.547	0	-1163.66	0	-1398.66	0	-1089.69	0	-608.819	0	-1758.05	0	-1058	0	-1383.93	0	-967.239	0	-1558.72	0	-1032.74	0	-958.399	0	-598.395	0	-567.509	0	-1026.72	0	-915.689	0	-785.862	0	-1050.98	0	-1546.31	0	-1061.36	0
-943.037	0	-2332.07	0	-755.085	0	-1779.86	0	-891.058	0	-959.549	0	-1163.66	0	-1398.66	0	-1089.69	0	-608.819	0	-1758.05	0	-1058	0	-1383.93	0	-967.244	0	-1558.72	0	-1032.75	0	-958.438	0	-598.427	0	-567.511	0	-1026.72	0	-915.702	0	-785.862	0	-1050.98	0	-1546.31	0	-1061.4	0
-943.04	0	-2332.07	0	-755.184	0	-1779.86	0	-891.058	0	-959.552	0	-1163.66	0	-1398.66	0	-1089.69	0	-608.819	0	-1758.05	0	-1058.04	0	-1383.93	0	-967.246	0	-1558.72	0	-1032.76	0	-958.523	0	-598.458	0	-567.511	0	-1026.72	0	-915.718	0	-785.863	0	-1050.99	0	-1546.31	0	-1061.43	0
-943.044	0	-2332.07	0	-755.24	0	-1779.86	0	-891.058	0	-959.554	0	-1163.66	0	-1398.66	0	-1089.69	0	-608.819	0	-1758.05	0	-1058.05	0	-1383.93	0	-967.247	0	-1558.72	0	-1032.77	0	-958.586	0	-598.495	0	-567.513	0	-1026.72	0	-915.733	0	-785.863	0	-1050.99	0	-1546.31	0	-1061.44	0
-943.048	0	-2332.07	0	-755.281	0	-1779.86	0	-891.058	0	-959.573	0	-1163.66	0	-1398.66	0	-1089.69	0	-608.819	0	-1758.05	0	-1058.07	0	-1383.93	0	-967.249	0	-1558.72	0	-1032.78	0	-958.618	0	-598.515	0	-567.513	0	-1026.72	0	-915.741	0	-785.864	0	-1051	0	-1546.32	0	-1061.45	0
-943.052	0	-2332.07	0	-755.328	0	-1779.86	0	-891.058	0	-959.587	0	-1163.66	0	-1398.66	0	-1089.69	0	-608.819	0	-1758.05	0	-1058.07	0	-1383.93	0	-967.25	0	-1558.72	0	-1032.79	0	-958.651	0	-598.546	0	-567.515	0	-1026.72	0	-915.762	0	-785.864	0	-1051	0	-1546.32	0	-1061.47	0
-943.055	0	-2332.07	0	-755.348	0	-1779.86	0	-891.058	0	-959.599	0	-1163.66	0	-1398.66	0	-1089.69	0	-608.819	0	-1758.05	0	-1058.09	0	-1383.93	0	-967.252	0	-1558.72	0	-1032.79	0	-958.682	0	-598.554	0	-567.518	0	-1026.72	0	-915.795	0	-785.864	0	-1051	0	-1546.32	0	-1061.48	0
-943.066	0	-2332.07	0	-755.382	0	-1779.86	0	-891.058	0	-959.608	0	-1163.66	0	-1398.66	0	-1089.69	0	-608.819	0	-1758.05	0	-1058.09	0	-1383.93	0	-967.254	0	-1558.72	0	-1032.8	0	-958.704	0	-598.568	0	-567.519	0	-1026.73	0	-915.825	0	-785.864	0	-1051.01	0	-1546.32	0	-1061.51	0
-943.089	0	-2332.07	0	-755.407	0	-1779.86	0	-891.058	0	-959.615	0	-1163.66	0	-1398.66	0	-1089.7	0	-608.819	0	-1758.05	0	-1058.1	0	-1383.93	0	-967.262	0	-1558.72	0	-1032.8	0	-958.742	0	-598.587	0	-567.521	0	-1026.73	0	-915.885	0	-785.864	0	-1051.02	0	-1546.32	0	-1061.51	0
-943.103	0	-2332.07	0	-755.453	0	-1779.86	0	-891.058	0	-959.621	0	-1163.66	0	-1398.66	0	-1089.7	0	-608.819	0	-1758.05	0	-1058.1	0	-1383.93	0	-967.311	0	-1558.72	0	-1032.8	0	-958.784	0	-598.6	0	-567.522	0	-1026.73	0	-915.906	0	-785.865	0	-1051.02	0	-1546.33	0	-1061.52	0
-943.113	0	-2332.07	0	-755.525	0	-1779.86	0	-891.058	0	-959.625	0	-1163.66	0	-1398.66	0	-1089.71	0	-608.819	0	-1758.05	0	-1058.12	0	-1383.93	0	-967.386	0	-1558.72	0	-1032.81	0	-958.816	0	-598.614	0	-567.523	0	-1026.73	0	-915.917	0	-785.866	0	-1051.03	0	-1546.33	0	-1061.54	0
-943.126	0	-2332.07	0	-755.597	0	-1779.86	0	-891.058	0	-959.63	0	-1163.66	0	-1398.66	0	-1089.72	0	-608.819	0	-1758.05	0	-1058.16	0	-1383.93	0	-967.412	0	-1558.72	0	-1032.81	0	-958.862	0	-598.639	0	-567.524	0	-1026.73	0	-915.952	0	-785.866	0	-1051.03	0	-1546.33	0	-1061.55	0
-943.142	0	-2332.07	0	-755.65	0	-1779.86	0	-891.058	0	-959.635	0	-1163.66	0	-1398.66	0	-1089.73	0	-608.819	0	-1758.05	0	-1058.17	0	-1383.93	0	-967.436	0	-1558.72	0	-1032.81	0	-958.911	0	-598.747	0	-567.525	0	-1026.73	0	-915.995	0	-785.866	0	-1051.04	0	-1546.33	0	-1061.58	0
-943.155	0	-2332.07	0	-755.783	0	-1779.86	0	-891.058	0	-959.65	0	-1163.66	0	-1398.66	0	-1089.73	0	-608.819	0	-1758.05	0	-1058.2	0	-1383.93	0	-967.464	0	-1558.72	0	-1032.82	0	-958.938	0	-598.818	0	-567.525	0	-1026.73	0	-916.007	0	-785.866	0	-1051.05	0	-1546.33	0	-1061.59	0
-943.164	0	-2332.07	0	-755.888	0	-1779.86	0	-891.058	0	-959.657	0	-1163.66	0	-1398.66	0	-1089.73	0	-608.819	0	-1758.05	0	-1058.21	0	-1383.93	0	-967.481	0	-1558.72	0	-1032.82	0	-958.957	0	-598.84	0	-567.526	0	-1026.73	0	-916.021	0	-785.866	0	-1051.05	0	-1546.33	0	-1061.65	0
-943.174	0	-2332.07	0	-755.952	0	-1779.86	0	-891.058	0	-959.66	0	-1163.66	0	-1398.66	0	-1089.73	0	-608.819	0	-1758.05	0	-1058.22	0	-1383.93	0	-967.508	0	-1558.72	0	-1032.82	0	-958.968	0	-598.888	0	-567.526	0	-1026.74	0	-916.058	0	-785.866	0	-1051.07	0	-1546.33	0	-1061.69	0
-943.178	0	-2332.07	0	-755.985	0	-1779.86	0	-891.058	0	-959.662	0	-1163.66	0	-1398.66	0	-1089.73	0	-608.819	0	-1758.05	0	-1058.23	0	-1383.93	0	-967.535	0	-1558.72	0	-1032.82	0	-958.99	0	-598.919	0	-567.527	0	-1026.74	0	-916.064	0	-785.866	0	-1051.08	0	-1546.34	0	-1061.76	0
-943.182	0	-2332.07	0	-756.031	0	-1779.86	0	-891.058	0	-959.666	0	-1163.66	0	-1398.66	0	-1089.74	0	-608.819	0	-1758.05	0	-1058.25	0	-1383.93	0	-967.544	0	-1558.72	0	-1032.85	0	-959.014	0	-598.948	0	-567.528	0	-1026.74	0	-916.071	0	-785.866	0	-1051.09	0	-1546.34	0	-1061.78	0
-943.185	0	-2332.07	0	-756.065	0	-1779.86	0	-891.058	0	-959.667	0	-1163.66	0	-1398.66	0	-1089.74	0	-608.819	0	-1758.05	0	-1058.26	0	-1383.93	0	-967.564	0	-1558.72	0	-1032.88	0	-959.05	0	-598.963	0	-567.528	0	-1026.74	0	-916.085	0	-785.866	0	-1051.1	0	-1546.34	0	-1061.8	0
-943.188	0	-2332.07	0	-756.12	0	-1779.86	0	-891.058	0	-959.668	0	-1163.66	0	-1398.66	0	-1089.74	0	-608.819	0	-1758.05	0	-1058.26	0	-1383.93	0	-967.572	0	-1558.72	0	-1032.94	0	-959.076	0	-598.993	0	-567.529	0	-1026.74	0	-916.118	0	-785.866	0	-1051.1	0	-1546.34	0	-1061.82	0
-943.192	0	-2332.07	0	-756.171	0	-1779.86	0	-891.058	0	-959.678	0	-1163.66	0	-1398.66	0	-1089.74	0	-608.819	0	-1758.05	0	-1058.27	0	-1383.93	0	-967.586	0	-1558.72	0	-1033.02	0	-959.099	0	-599.025	0	-567.53	0	-1026.74	0	-916.156	0	-785.867	0	-1051.11	0	-1546.34	0	-1061.84	0
-943.197	0	-2332.07	0	-756.208	0	-1779.86	0	-891.058	0	-959.688	0	-1163.66	0	-1398.66	0	-1089.74	0	-608.819	0	-1758.05	0	-1058.3	0	-1383.93	0	-967.602	0	-1558.72	0	-1033.11	0	-959.11	0	-599.062	0	-567.531	0	-1026.74	0	-916.178	0	-785.867	0	-1051.12	0	-1546.35	0	-1061.87	0
-943.199	0	-2332.07	0	-756.244	0	-1779.87	0	-891.058	0	-959.698	0	-1163.66	0	-1398.66	0	-1089.74	0	-608.819	0	-1758.05	0	-1058.31	0	-1383.93	0	-967.606	0	-1558.72	0	-1033.17	0	-959.115	0	-599.142	0	-567.532	0	-1026.74	0	-916.2	0	-785.868	0	-1051.12	0	-1546.35	0	-1061.88	0
-943.203	0	-2332.07	0	-756.286	0	-1779.87	0	-891.058	0	-959.705	0	-1163.66	0	-1398.66	0	-1089.74	0	-608.819	0	-1758.05	0	-1058.32	0	-1383.93	0	-967.611	0	-1558.72	0	-1033.18	0	-959.119	0	-599.173	0	-567.533	0	-1026.74	0	-916.225	0	-785.868	0	-1051.13	0	-1546.35	0	-1061.9	0
-943.206	0	-2332.07	0	-756.306	0	-1779.87	0	-891.058	0	-959.713	0	-1163.66	0	-1398.66	0	-1089.75	0	-608.819	0	-1758.05	0	-1058.33	0	-1383.93	0	-967.614	0	-1558.72	0	-1033.22	0	-959.125	0	-599.212	0	-567.534	0	-1026.74	0	-916.248	0	-785.869	0	-1051.14	0	-1546.35	0	-1061.91	0
-943.209	0	-2332.07	0	-756.336	0	-1779.87	0	-891.058	0	-959.717	0	-1163.66	0	-1398.66	0	-1089.75	0	-608.819	0	-1758.05	0	-1058.34	0	-1383.93	0	-967.618	0	-1558.72	0	-1033.27	0	-959.159	0	-599.303	0	-567.535	0	-1026.74	0	-916.26	0	-785.87	0	-1051.17	0	-1546.35	0	-1061.92	0
-943.237	0	-2332.07	0	-756.357	0	-1779.87	0	-891.058	0	-959.722	0	-1163.66	0	-1398.66	0	-1089.76	0	-608.819	0	-1758.05	0	-1058.35	0	-1383.93	0	-967.623	0	-1558.72	0	-1033.29	0	-959.183	0	-599.506	0	-567.536	0	-1026.74	0	-916.283	0	-785.87	0	-1051.17	0	-1546.36	0	-1061.97	0
-943.304	0	-2332.07	0	-756.374	0	-1779.87	0	-891.058	0	-959.726	0	-1163.66	0	-1398.66	0	-1089.77	0	-608.819	0	-1758.05	0	-1058.41	0	-1383.93	0	-967.637	0	-1558.72	0	-1033.3	0	-959.19	0	-599.63	0	-567.538	0	-1026.74	0	-916.296	0	-785.87	0	-1051.17	0	-1546.36	0	-1061.99	0
-943.372	0	-2332.07	0	-756.431	0	-1779.87	0	-891.058	0	-959.736	0	-1163.66	0	-1398.66	0	-1089.78	0	-608.819	0	-1758.05	0	-1058.47	0	-1383.93	0	-967.648	0	-1558.72	0	-1033.33	0	-959.222	0	-599.756	0	-567.539	0	-1026.74	0	-916.307	0	-785.87	0	-1051.17	0	-1546.36	0	-1062.01	0
-943.385	0	-2332.07	0	-756.459	0	-1779.87	0	-891.058	0	-959.739	0	-1163.66	0	-1398.66	0	-1089.78	0	-608.819	0	-1758.05	0	-1058.51	0	-1383.93	0	-967.672	0	-1558.72	0	-1033.36	0	-959.425	0	-599.865	0	-567.542	0	-1026.74	0	-916.315	0	-785.87	0	-1051.18	0	-1546.36	0	-1062.03	0
-943.392	0	-2332.07	0	-756.5	0	-1779.87	0	-891.058	0	-959.741	0	-1163.66	0	-1398.66	0	-1089.78	0	-608.819	0	-1758.05	0	-1058.53	0	-1383.93	0	-967.694	0	-1558.72	0	-1033.37	0	-959.612	0	-599.904	0	-567.544	0	-1026.74	0	-916.338	0	-785.87	0	-1051.18	0	-1546.36	0	-1062.05	0
-943.526	0	-2332.07	0	-756.562	0	-1779.87	0	-891.058	0	-959.754	0	-1163.66	0	-1398.66	0	-1089.78	0	-608.819	0	-1758.05	0	-1058.54	0	-1383.93	0	-967.713	0	-1558.72	0	-1033.39	0	-959.74	0	-599.994	0	-567.545	0	-1026.74	0	-916.349	0	-785.87	0	-1051.21	0	-1546.36	0	-1062.05	0
-943.724	0	-2332.07	0	-756.619	0	-1779.87	0	-891.058	0	-959.764	0	-1163.66	0	-1398.66	0	-1089.78	0	-608.819	0	-1758.05	0	-1058.56	0	-1383.93	0	-967.729	0	-1558.72	0	-1033.4	0	-959.832	0	-600.073	0	-567.546	0	-1026.74	0	-916.366	0	-785.871	0	-1051.22	0	-1546.36	0	-1062.07	0
-944.429	0	-2332.07	0	-756.643	0	-1779.87	0	-891.058	0	-959.768	0	-1163.66	0	-1398.66	0	-1089.78	0	-608.819	0	-1758.05	0	-1058.57	0	-1383.93	0	-967.75	0	-1558.72	0	-1033.41	0	-959.957	0	-600.189	0	-567.547	0	-1026.74	0	-916.37	0	-785.871	0	-1051.24	0	-1546.36	0	-1062.08	0
-944.833	0	-2332.07	0	-756.683	0	-1779.87	0	-891.058	0	-959.779	0	-1163.66	0	-1398.66	0	-1089.78	0	-608.819	0	-1758.05	0	-1058.58	0	-1383.93	0	-967.756	0	-1558.72	0	-1033.42	0	-960.055	0	-600.258	0	-567.547	0	-1026.74	0	-916.376	0	-785.871	0	-1051.25	0	-1546.36	0	-1062.08	0
-944.994	0	-2332.07	0	-756.755	0	-1779.87	0	-891.058	0	-959.783	0	-1163.66	0	-1398.66	0	-1089.78	0	-608.819	0	-1758.05	0	-1058.61	0	-1383.93	0	-967.756	0	-1558.72	0	-1033.44	0	-960.34	0	-600.321	0	-567.548	0	-1026.75	0	-916.404	0	-785.872	0	-1051.26	0	-1546.36	0	-1062.1	0
-945.159	0	-2332.07	0	-756.789	0	-1779.87	0	-891.058	0	-959.789	0	-1163.66	0	-1398.66	0	-1089.79	0	-608.819	0	-1758.05	0	-1058.61	0	-1383.93	0	-967.763	0	-1558.72	0	-1033.44	0	-960.546	0	-600.562	0	-567.549	0	-1026.75	0	-916.417	0	-785.872	0	-1051.27	0	-1546.36	0	-1062.12	0
-945.33	0	-2332.07	0	-756.836	0	-1779.87	0	-891.058	0	-959.793	0	-1163.66	0	-1398.66	0	-1089.79	0	-608.819	0	-1758.05	0	-1058.64	0	-1383.93	0	-967.77	0	-1558.72	0	-1033.45	0	-960.696	0	-600.851	0	-567.55	0	-1026.75	0	-916.428	0	-785.872	0	-1051.28	0	-1546.37	0	-1062.12	0
-945.428	0	-2332.07	0	-756.849	0	-1779.87	0	-891.058	0	-959.795	0	-1163.66	0	-1398.66	0	-1089.79	0	-608.819	0	-1758.05	0	-1058.66	0	-1383.93	0	-967.776	0	-1558.72	0	-1033.46	0	-960.89	0	-600.979	0	-567.551	0	-1026.75	0	-916.437	0	-785.873	0	-1051.28	0	-1546.37	0	-1062.13	0
-945.491	0	-2332.07	0	-756.861	0	-1779.88	0	-891.058	0	-959.81	0	-1163.66	0	-1398.66	0	-1089.79	0	-608.819	0	-1758.05	0	-1058.67	0	-1383.93	0	-967.783	0	-1558.72	0	-1033.47	0	-960.967	0	-601.114	0	-567.551	0	-1026.75	0	-916.457	0	-785.874	0	-1051.29	0	-1546.37	0	-1062.15	0
-945.588	0	-2332.07	0	-756.925	0	-1779.88	0	-891.058	0	-959.819	0	-1163.66	0	-1398.66	0	-1089.8	0	-608.819	0	-1758.05	0	-1058.68	0	-1383.93	0	-967.785	0	-1558.72	0	-1033.48	0	-961	0	-601.222	0	-567.552	0	-1026.75	0	-916.467	0	-785.876	0	-1051.3	0	-1546.37	0	-1062.19	0
-945.796	0	-2332.07	0	-756.974	0	-1779.88	0	-891.058	0	-959.837	0	-1163.66	0	-1398.66	0	-1089.81	0	-608.819	0	-1758.05	0	-1058.69	0	-1383.93	0	-967.787	0	-1558.72	0	-1033.48	0	-961.034	0	-601.294	0	-567.553	0	-1026.75	0	-916.473	0	-785.876	0	-1051.31	0	-1546.37	0	-1062.25	0
-945.817	0	-2332.07	0	-757.015	0	-1779.88	0	-891.058	0	-959.842	0	-1163.66	0	-1398.66	0	-1089.81	0	-608.819	0	-1758.05	0	-1058.7	0	-1383.93	0	-967.803	0	-1558.72	0	-1033.49	0	-961.082	0	-601.352	0	-567.553	0	-1026.75	0	-916.478	0	-785.877	0	-1051.31	0	-1546.37	0	-1062.25	0
-945.819	0	-2332.07	0	-757.064	0	-1779.88	0	-891.058	0	-959.844	0	-1163.66	0	-1398.66	0	-1089.81	0	-608.819	0	-1758.05	0	-1058.72	0	-1383.93	0	-967.819	0	-1558.72	0	-1033.5	0	-961.128	0	-601.464	0	-567.554	0	-1026.75	0	-916.485	0	-785.878	0	-1051.31	0	-1546.38	0	-1062.26	0
-945.823	0	-2332.07	0	-757.131	0	-1779.88	0	-891.058	0	-959.85	0	-1163.66	0	-1398.66	0	-1089.81	0	-608.819	0	-1758.05	0	-1058.75	0	-1383.93	0	-967.823	0	-1558.72	0	-1033.51	0	-961.162	0	-601.52	0	-567.557	0	-1026.75	0	-916.507	0	-785.879	0	-1051.31	0	-1546.38	0	-1062.28	0
-945.829	0	-2332.07	0	-757.2	0	-1779.88	0	-891.058	0	-959.862	0	-1163.66	0	-1398.66	0	-1089.82	0	-608.819	0	-1758.05	0	-1058.76	0	-1383.93	0	-967.836	0	-1558.72	0	-1033.51	0	-961.236	0	-601.571	0	-567.557	0	-1026.76	0	-916.533	0	-785.879	0	-1051.32	0	-1546.38	0	-1062.32	0
-945.859	0	-2332.07	0	-757.235	0	-1779.88	0	-891.058	0	-959.865	0	-1163.66	0	-1398.66	0	-1089.83	0	-608.819	0	-1758.05	0	-1058.77	0	-1383.93	0	-967.853	0	-1558.72	0	-1033.51	0	-961.287	0	-601.676	0	-567.559	0	-1026.76	0	-916.555	0	-785.88	0	-1051.33	0	-1546.38	0	-1062.34	0
-945.899	0	-2332.07	0	-757.261	0	-1779.88	0	-891.058	0	-959.866	0	-1163.66	0	-1398.66	0	-1089.84	0	-608.819	0	-1758.05	0	-1058.78	0	-1383.93	0	-967.859	0	-1558.72	0	-1033.52	0	-961.361	0	-601.762	0	-567.562	0	-1026.76	0	-916.605	0	-785.88	0	-1051.35	0	-1546.38	0	-1062.35	0
-945.907	0	-2332.07	0	-757.287	0	-1779.88	0	-891.058	0	-959.867	0	-1163.66	0	-1398.66	0	-1089.85	0	-608.819	0	-1758.05	0	-1058.79	0	-1383.93	0	-967.877	0	-1558.72	0	-1033.53	0	-961.426	0	-601.813	0	-567.564	0	-1026.76	0	-916.644	0	-785.88	0	-1051.38	0	-1546.39	0	-1062.37	0
-945.927	0	-2332.07	0	-757.371	0	-1779.88	0	-891.058	0	-959.87	0	-1163.66	0	-1398.66	0	-1089.87	0	-608.819	0	-1758.05	0	-1058.83	0	-1383.93	0	-967.888	0	-1558.72	0	-1033.54	0	-961.482	0	-601.881	0	-567.566	0	-1026.76	0	-916.697	0	-785.88	0	-1051.39	0	-1546.39	0	-1062.41	0
-945.933	0	-2332.07	0	-757.424	0	-1779.88	0	-891.058	0	-959.873	0	-1163.66	0	-1398.66	0	-1089.88	0	-608.819	0	-1758.05	0	-1058.84	0	-1383.93	0	-967.902	0	-1558.72	0	-1033.55	0	-961.55	0	-602.107	0	-567.566	0	-1026.76	0	-916.719	0	-785.88	0	-1051.4	0	-1546.39	0	-1062.52	0
-945.974	0	-2332.07	0	-757.457	0	-1779.88	0	-891.058	0	-959.875	0	-1163.66	0	-1398.66	0	-1089.9	0	-608.819	0	-1758.05	0	-1058.85	0	-1383.93	0	-967.906	0	-1558.72	0	-1033.55	0	-961.585	0	-602.194	0	-567.568	0	-1026.76	0	-916.751	0	-785.881	0	-1051.41	0	-1546.39	0	-1062.56	0
-945.986	0	-2332.07	0	-757.476	0	-1779.88	0	-891.058	0	-959.877	0	-1163.66	0	-1398.66	0	-1089.9	0	-608.819	0	-1758.05	0	-1058.86	0	-1383.93	0	-967.915	0	-1558.72	0	-1033.56	0	-961.602	0	-602.334	0	-567.569	0	-1026.76	0	-916.778	0	-785.882	0	-1051.41	0	-1546.39	0	-1062.59	0
-945.992	0	-2332.07	0	-757.487	0	-1779.88	0	-891.058	0	-959.877	0	-1163.66	0	-1398.66	0	-1089.91	0	-608.819	0	-1758.05	0	-1058.86	0	-1383.93	0	-967.925	0	-1558.72	0	-1033.56	0	-961.609	0	-602.478	0	-567.571	0	-1026.76	0	-916.787	0	-785.883	0	-1051.43	0	-1546.39	0	-1062.64	0
-946.003	0	-2332.07	0	-757.506	0	-1779.88	0	-891.058	0	-959.879	0	-1163.66	0	-1398.66	0	-1089.92	0	-608.819	0	-1758.05	0	-1058.87	0	-1383.93	0	-967.933	0	-1558.72	0	-1033.57	0	-961.659	0	-602.65	0	-567.573	0	-1026.76	0	-916.799	0	-785.884	0	-1051.44	0	-1546.4	0	-1062.65	0
-946.008	0	-2332.07	0	-757.528	0	-1779.88	0	-891.058	0	-959.883	0	-1163.66	0	-1398.66	0	-1089.93	0	-608.819	0	-1758.05	0	-1058.91	0	-1383.93	0	-967.938	0	-1558.72	0	-1033.57	0	-961.664	0	-602.744	0	-567.574	0	-1026.76	0	-916.807	0	-785.884	0	-1051.44	0	-1546.4	0	-1062.68	0
-946.014	0	-2332.07	0	-757.546	0	-1779.89	0	-891.058	0	-959.885	0	-1163.66	0	-1398.66	0	-1089.93	0	-608.819	0	-1758.05	0	-1058.92	0	-1383.93	0	-967.944	0	-1558.72	0	-1033.58	0	-961.676	0	-602.773	0	-567.576	0	-1026.76	0	-916.826	0	-785.885	0	-1051.45	0	-1546.4	0	-1062.69	0
-946.02	0	-2332.07	0	-757.575	0	-1779.89	0	-891.058	0	-959.885	0	-1163.66	0	-1398.66	0	-1089.93	0	-608.819	0	-1758.05	0	-1058.92	0	-1383.93	0	-967.955	0	-1558.72	0	-1033.6	0	-961.703	0	-602.811	0	-567.577	0	-1026.76	0	-916.832	0	-785.885	0	-1051.46	0	-1546.4	0	-1062.69	0
-946.031	0	-2332.07	0	-757.605	0	-1779.89	0	-891.058	0	-959.886	0	-1163.66	0	-1398.66	0	-1089.93	0	-608.819	0	-1758.05	0	-1058.94	0	-1383.93	0	-967.958	0	-1558.72	0	-1033.61	0	-961.739	0	-602.936	0	-567.578	0	-1026.76	0	-916.835	0	-785.886	0	-1051.47	0	-1546.4	0	-1062.7	0
-946.056	0	-2332.07	0	-757.63	0	-1779.89	0	-891.058	0	-959.889	0	-1163.66	0	-1398.66	0	-1089.93	0	-608.819	0	-1758.05	0	-1058.95	0	-1383.93	0	-967.961	0	-1558.72	0	-1033.63	0	-961.785	0	-603.023	0	-567.58	0	-1026.76	0	-916.863	0	-785.886	0	-1051.48	0	-1546.4	0	-1062.7	0
-946.071	0	-2332.07	0	-757.731	0	-1779.89	0	-891.058	0	-959.891	0	-1163.66	0	-1398.66	0	-1089.93	0	-608.819	0	-1758.05	0	-1059.01	0	-1383.93	0	-967.969	0	-1558.72	0	-1033.63	0	-961.824	0	-603.085	0	-567.58	0	-1026.77	0	-916.882	0	-785.886	0	-1051.49	0	-1546.4	0	-1062.71	0
-946.078	0	-2332.07	0	-757.892	0	-1779.89	0	-891.058	0	-959.902	0	-1163.66	0	-1398.66	0	-1089.94	0	-608.819	0	-1758.05	0	-1059.03	0	-1383.93	0	-967.976	0	-1558.72	0	-1033.63	0	-961.848	0	-603.162	0	-567.582	0	-1026.77	0	-916.902	0	-785.886	0	-1051.5	0	-1546.4	0	-1062.72	0
-946.085	0	-2332.07	0	-758.521	0	-1779.89	0	-891.058	0	-959.913	0	-1163.66	0	-1398.66	0	-1089.94	0	-608.819	0	-1758.05	0	-1059.05	0	-1383.93	0	-967.979	0	-1558.72	0	-1033.64	0	-961.876	0	-603.206	0	-567.583	0	-1026.77	0	-917.021	0	-785.887	0	-1051.5	0	-1546.4	0	-1062.75	0
-946.092	0	-2332.07	0	-758.734	0	-1779.89	0	-891.058	0	-959.923	0	-1163.66	0	-1398.66	0	-1089.94	0	-608.819	0	-1758.05	0	-1059.07	0	-1383.93	0	-967.986	0	-1558.72	0	-1033.64	0	-961.884	0	-603.265	0	-567.584	0	-1026.77	0	-917.084	0	-785.887	0	-1051.51	0	-1546.4	0	-1062.78	0
-946.1	0	-2332.07	0	-759.033	0	-1779.89	0	-891.058	0	-959.93	0	-1163.66	0	-1398.66	0	-1089.95	0	-608.819	0	-1758.05	0	-1059.08	0	-1383.93	0	-967.994	0	-1558.72	0	-1033.64	0	-961.895	0	-603.309	0	-567.585	0	-1026.78	0	-917.106	0	-785.887	0	-1051.52	0	-1546.4	0	-1062.81	0
-946.125	0	-2332.07	0	-759.143	0	-1779.89	0	-891.058	0	-959.939	0	-1163.66	0	-1398.66	0	-1089.95	0	-608.819	0	-1758.05	0	-1059.1	0	-1383.93	0	-968.006	0	-1558.72	0	-1033.65	0	-961.93	0	-603.346	0	-567.586	0	-1026.78	0	-917.215	0	-785.887	0	-1051.53	0	-1546.4	0	-1062.83	0
-946.146	0	-2332.07	0	-759.298	0	-1779.89	0	-891.058	0	-959.948	0	-1163.66	0	-1398.66	0	-1089.96	0	-608.819	0	-1758.05	0	-1059.12	0	-1383.93	0	-968.027	0	-1558.72	0	-1033.65	0	-961.94	0	-603.37	0	-567.587	0	-1026.78	0	-917.329	0	-785.887	0	-1051.54	0	-1546.41	0	-1062.9	0
-946.152	0	-2332.07	0	-759.385	0	-1779.89	0	-891.058	0	-959.958	0	-1163.66	0	-1398.66	0	-1089.96	0	-608.819	0	-1758.05	0	-1059.13	0	-1383.93	0	-968.036	0	-1558.72	0	-1033.65	0	-962.001	0	-603.475	0	-567.588	0	-1026.79	0	-917.381	0	-785.887	0	-1051.54	0	-1546.41	0	-1062.96	0
-946.173	0	-2332.07	0	-759.424	0	-1779.89	0	-891.058	0	-959.971	0	-1163.66	0	-1398.66	0	-1089.96	0	-608.819	0	-1758.05	0	-1059.14	0	-1383.93	0	-968.048	0	-1558.72	0	-1033.66	0	-962.078	0	-603.527	0	-567.589	0	-1026.79	0	-917.397	0	-785.887	0	-1051.55	0	-1546.41	0	-1063.06	0
-946.19	0	-2332.07	0	-759.518	0	-1779.89	0	-891.058	0	-959.974	0	-1163.66	0	-1398.66	0	-1089.97	0	-608.819	0	-1758.05	0	-1059.18	0	-1383.93	0	-968.053	0	-1558.72	0	-1033.66	0	-962.189	0	-603.565	0	-567.589	0	-1026.79	0	-917.406	0	-785.887	0	-1051.55	0	-1546.41	0	-1063.14	0
-946.215	0	-2332.07	0	-759.539	0	-1779.89	0	-891.058	0	-959.977	0	-1163.66	0	-1398.66	0	-1089.97	0	-608.819	0	-1758.05	0	-1059.28	0	-1383.93	0	-968.059	0	-1558.72	0	-1033.66	0	-962.198	0	-603.674	0	-567.59	0	-1026.79	0	-917.419	0	-785.887	0	-1051.56	0	-1546.41	0	-1063.17	0
-946.227	0	-2332.07	0	-759.573	0	-1779.89	0	-891.058	0	-959.983	0	-1163.66	0	-1398.66	0	-1089.97	0	-608.819	0	-1758.05	0	-1059.3	0	-1383.93	0	-968.063	0	-1558.72	0	-1033.68	0	-962.238	0	-603.71	0	-567.59	0	-1026.79	0	-917.432	0	-785.888	0	-1051.57	0	-1546.41	0	-1063.23	0
-946.235	0	-2332.07	0	-759.6	0	-1779.89	0	-891.058	0	-959.988	0	-1163.66	0	-1398.66	0	-1089.97	0	-608.819	0	-1758.05	0	-1059.31	0	-1383.93	0	-968.065	0	-1558.72	0	-1033.68	0	-962.314	0	-603.748	0	-567.59	0	-1026.79	0	-917.442	0	-785.888	0	-1051.58	0	-1546.41	0	-1063.27	0
-946.246	0	-2332.07	0	-759.668	0	-1779.89	0	-891.058	0	-959.997	0	-1163.66	0	-1398.66	0	-1089.98	0	-608.819	0	-1758.05	0	-1059.34	0	-1383.93	0	-968.084	0	-1558.72	0	-1033.68	0	-962.334	0	-603.804	0	-567.591	0	-1026.79	0	-917.454	0	-785.889	0	-1051.59	0	-1546.41	0	-1063.3	0
-946.263	0	-2332.07	0	-759.794	0	-1779.89	0	-891.058	0	-960.001	0	-1163.66	0	-1398.66	0	-1089.98	0	-608.819	0	-1758.05	0	-1059.36	0	-1383.93	0	-968.1	0	-1558.72	0	-1033.68	0	-962.451	0	-603.839	0	-567.591	0	-1026.79	0	-917.473	0	-785.889	0	-1051.6	0	-1546.41	0	-1063.32	0
-946.282	0	-2332.07	0	-759.834	0	-1779.89	0	-891.058	0	-960.025	0	-1163.66	0	-1398.66	0	-1089.98	0	-608.819	0	-1758.05	0	-1059.4	0	-1383.93	0	-968.11	0	-1558.72	0	-1033.69	0	-962.565	0	-603.921	0	-567.592	0	-1026.79	0	-917.5	0	-785.889	0	-1051.6	0	-1546.41	0	-1063.33	0
-946.289	0	-2332.07	0	-759.899	0	-1779.9	0	-891.058	0	-960.033	0	-1163.66	0	-1398.66	0	-1089.98	0	-608.819	0	-1758.05	0	-1059.41	0	-1383.93	0	-968.111	0	-1558.72	0	-1033.7	0	-962.896	0	-603.972	0	-567.592	0	-1026.79	0	-917.534	0	-785.889	0	-1051.61	0	-1546.41	0	-1063.34	0
-946.296	0	-2332.07	0	-759.928	0	-1779.9	0	-891.058	0	-960.045	0	-1163.66	0	-1398.66	0	-1089.98	0	-608.819	0	-1758.05	0	-1059.42	0	-1383.93	0	-968.118	0	-1558.72	0	-1033.71	0	-963.025	0	-604.004	0	-567.592	0	-1026.79	0	-917.558	0	-785.89	0	-1051.61	0	-1546.41	0	-1063.36	0
-946.312	0	-2332.07	0	-759.956	0	-1779.9	0	-891.058	0	-960.064	0	-1163.66	0	-1398.66	0	-1089.98	0	-608.819	0	-1758.05	0	-1059.49	0	-1383.93	0	-968.123	0	-1558.72	0	-1033.71	0	-963.159	0	-604.017	0	-567.593	0	-1026.79	0	-917.595	0	-785.89	0	-1051.62	0	-1546.42	0	-1063.37	0
-946.324	0	-2332.07	0	-759.994	0	-1779.9	0	-891.058	0	-960.073	0	-1163.66	0	-1398.66	0	-1089.98	0	-608.819	0	-1758.05	0	-1059.54	0	-1383.93	0	-968.133	0	-1558.72	0	-1033.72	0	-963.273	0	-604.094	0	-567.593	0	-1026.79	0	-917.609	0	-785.89	0	-1051.62	0	-1546.42	0	-1063.39	0
-946.33	0	-2332.07	0	-760.03	0	-1779.9	0	-891.058	0	-960.085	0	-1163.66	0	-1398.66	0	-1089.98	0	-608.819	0	-1758.05	0	-1059.58	0	-1383.93	0	-968.148	0	-1558.72	0	-1033.72	0	-963.355	0	-604.175	0	-567.594	0	-1026.79	0	-917.61	0	-785.89	0	-1051.63	0	-1546.42	0	-1063.4	0
-946.336	0	-2332.07	0	-760.08	0	-1779.9	0	-891.058	0	-960.103	0	-1163.66	0	-1398.66	0	-1089.98	0	-608.819	0	-1758.05	0	-1059.62	0	-1383.93	0	-968.151	0	-1558.72	0	-1033.73	0	-963.387	0	-604.247	0	-567.595	0	-1026.8	0	-917.612	0	-785.89	0	-1051.64	0	-1546.42	0	-1063.4	0
-946.347	0	-2332.07	0	-760.114	0	-1779.9	0	-891.058	0	-960.108	0	-1163.66	0	-1398.66	0	-1089.99	0	-608.819	0	-1758.05	0	-1059.67	0	-1383.93	0	-968.16	0	-1558.72	0	-1033.76	0	-963.411	0	-604.339	0	-567.595	0	-1026.8	0	-917.62	0	-785.89	0	-1051.64	0	-1546.42	0	-1063.41	0
-946.35	0	-2332.07	0	-760.148	0	-1779.9	0	-891.058	0	-960.12	0	-1163.66	0	-1398.66	0	-1089.99	0	-608.819	0	-1758.05	0	-1059.7	0	-1383.93	0	-968.181	0	-1558.72	0	-1033.8	0	-963.439	0	-604.419	0	-567.596	0	-1026.8	0	-917.628	0	-785.891	0	-1051.64	0	-1546.42	0	-1063.43	0
-946.352	0	-2332.07	0	-760.198	0	-1779.9	0	-891.058	0	-960.127	0	-1163.66	0	-1398.66	0	-1089.99	0	-608.819	0	-1758.05	0	-1059.73	0	-1383.93	0	-968.194	0	-1558.72	0	-1033.81	0	-963.464	0	-604.458	0	-567.596	0	-1026.8	0	-917.632	0	-785.891	0	-1051.64	0	-1546.42	0	-1063.48	0
-946.353	0	-2332.07	0	-760.207	0	-1779.9	0	-891.058	0	-960.14	0	-1163.66	0	-1398.66	0	-1089.99	0	-608.819	0	-1758.05	0	-1059.75	0	-1383.93	0	-968.203	0	-1558.72	0	-1033.82	0	-963.483	0	-604.557	0	-567.597	0	-1026.8	0	-917.657	0	-785.892	0	-1051.64	0	-1546.42	0	-1063.5	0
-946.355	0	-2332.07	0	-760.22	0	-1779.9	0	-891.058	0	-960.153	0	-1163.66	0	-1398.66	0	-1089.99	0	-608.819	0	-1758.05	0	-1059.78	0	-1383.93	0	-968.281	0	-1558.72	0	-1033.83	0	-963.493	0	-604.639	0	-567.598	0	-1026.8	0	-917.742	0	-785.892	0	-1051.65	0	-1546.43	0	-1063.52	0
-946.357	0	-2332.07	0	-760.272	0	-1779.9	0	-891.058	0	-960.158	0	-1163.66	0	-1398.66	0	-1089.99	0	-608.819	0	-1758.05	0	-1059.8	0	-1383.93	0	-968.369	0	-1558.72	0	-1033.85	0	-963.499	0	-604.749	0	-567.598	0	-1026.8	0	-917.793	0	-785.892	0	-1051.65	0	-1546.43	0	-1063.53	0
-946.36	0	-2332.07	0	-760.283	0	-1779.9	0	-891.058	0	-960.17	0	-1163.66	0	-1398.66	0	-1090	0	-608.819	0	-1758.05	0	-1059.83	0	-1383.93	0	-968.397	0	-1558.72	0	-1033.85	0	-963.51	0	-604.847	0	-567.598	0	-1026.8	0	-917.852	0	-785.892	0	-1051.65	0	-1546.43	0	-1063.54	0
-946.362	0	-2332.07	0	-760.288	0	-1779.9	0	-891.058	0	-960.174	0	-1163.66	0	-1398.66	0	-1090	0	-608.819	0	-1758.05	0	-1059.85	0	-1383.93	0	-968.405	0	-1558.72	0	-1033.86	0	-963.516	0	-604.887	0	-567.598	0	-1026.8	0	-917.914	0	-785.893	0	-1051.65	0	-1546.43	0	-1063.55	0
-946.366	0	-2332.07	0	-760.3	0	-1779.9	0	-891.058	0	-960.191	0	-1163.66	0	-1398.66	0	-1090	0	-608.819	0	-1758.05	0	-1059.86	0	-1383.93	0	-968.414	0	-1558.72	0	-1033.86	0	-963.551	0	-604.937	0	-567.598	0	-1026.8	0	-917.921	0	-785.893	0	-1051.65	0	-1546.43	0	-1063.56	0
-946.37	0	-2332.07	0	-760.314	0	-1779.9	0	-891.058	0	-960.198	0	-1163.66	0	-1398.66	0	-1090	0	-608.819	0	-1758.05	0	-1059.87	0	-1383.93	0	-968.421	0	-1558.72	0	-1033.87	0	-963.611	0	-604.962	0	-567.599	0	-1026.81	0	-917.938	0	-785.893	0	-1051.66	0	-1546.43	0	-1063.57	0
-946.372	0	-2332.07	0	-760.323	0	-1779.9	0	-891.058	0	-960.22	0	-1163.66	0	-1398.66	0	-1090	0	-608.819	0	-1758.05	0	-1059.87	0	-1383.93	0	-968.432	0	-1558.72	0	-1033.88	0	-963.629	0	-605.049	0	-567.599	0	-1026.81	0	-917.951	0	-785.893	0	-1051.66	0	-1546.43	0	-1063.58	0
-946.377	0	-2332.07	0	-760.351	0	-1779.9	0	-891.058	0	-960.236	0	-1163.66	0	-1398.66	0	-1090	0	-608.819	0	-1758.05	0	-1059.88	0	-1383.93	0	-968.436	0	-1558.72	0	-1033.9	0	-963.667	0	-605.179	0	-567.6	0	-1026.81	0	-917.957	0	-785.893	0	-1051.66	0	-1546.43	0	-1063.59	0
-946.379	0	-2332.07	0	-760.366	0	-1779.9	0	-891.058	0	-960.247	0	-1163.66	0	-1398.66	0	-1090.01	0	-608.819	0	-1758.05	0	-1059.89	0	-1383.93	0	-968.442	0	-1558.72	0	-1033.92	0	-963.719	0	-605.218	0	-567.6	0	-1026.81	0	-917.973	0	-785.894	0	-1051.67	0	-1546.43	0	-1063.61	0
-946.386	0	-2332.07	0	-760.481	0	-1779.9	0	-891.058	0	-960.255	0	-1163.66	0	-1398.66	0	-1090.01	0	-608.819	0	-1758.05	0	-1059.92	0	-1383.93	0	-968.443	0	-1558.72	0	-1033.92	0	-963.767	0	-605.254	0	-567.601	0	-1026.81	0	-917.98	0	-785.894	0	-1051.68	0	-1546.43	0	-1063.64	0
-946.401	0	-2332.07	0	-760.56	0	-1779.9	0	-891.058	0	-960.261	0	-1163.66	0	-1398.66	0	-1090.01	0	-608.819	0	-1758.05	0	-1059.94	0	-1383.93	0	-968.446	0	-1558.72	0	-1033.93	0	-963.814	0	-605.334	0	-567.601	0	-1026.81	0	-918.017	0	-785.895	0	-1051.68	0	-1546.43	0	-1063.66	0
-946.428	0	-2332.07	0	-760.617	0	-1779.9	0	-891.058	0	-960.295	0	-1163.66	0	-1398.66	0	-1090.01	0	-608.819	0	-1758.05	0	-1059.97	0	-1383.93	0	-968.448	0	-1558.72	0	-1033.94	0	-963.835	0	-605.392	0	-567.601	0	-1026.81	0	-918.038	0	-785.895	0	-1051.69	0	-1546.43	0	-1063.67	0
-946.452	0	-2332.07	0	-760.672	0	-1779.91	0	-891.058	0	-960.31	0	-1163.66	0	-1398.66	0	-1090.01	0	-608.819	0	-1758.05	0	-1060	0	-1383.93	0	-968.45	0	-1558.72	0	-1033.96	0	-963.872	0	-605.456	0	-567.601	0	-1026.81	0	-918.048	0	-785.895	0	-1051.69	0	-1546.43	0	-1063.68	0
-946.457	0	-2332.07	0	-760.786	0	-1779.91	0	-891.058	0	-960.322	0	-1163.66	0	-1398.66	0	-1090.01	0	-608.819	0	-1758.05	0	-1060.01	0	-1383.93	0	-968.453	0	-1558.72	0	-1033.97	0	-963.904	0	-605.623	0	-567.602	0	-1026.81	0	-918.054	0	-785.895	0	-1051.69	0	-1546.43	0	-1063.69	0
-946.474	0	-2332.07	0	-760.857	0	-1779.91	0	-891.058	0	-960.348	0	-1163.66	0	-1398.66	0	-1090.01	0	-608.819	0	-1758.05	0	-1060.03	0	-1383.93	0	-968.455	0	-1558.72	0	-1033.97	0	-963.929	0	-605.667	0	-567.602	0	-1026.81	0	-918.056	0	-785.896	0	-1051.7	0	-1546.43	0	-1063.7	0
-946.483	0	-2332.07	0	-760.871	0	-1779.91	0	-891.058	0	-960.361	0	-1163.66	0	-1398.66	0	-1090.01	0	-608.819	0	-1758.05	0	-1060.04	0	-1383.93	0	-968.461	0	-1558.72	0	-1033.97	0	-963.955	0	-605.729	0	-567.602	0	-1026.81	0	-918.056	0	-785.896	0	-1051.73	0	-1546.43	0	-1063.7	0
-946.496	0	-2332.07	0	-760.882	0	-1779.91	0	-891.058	0	-960.372	0	-1163.66	0	-1398.66	0	-1090.01	0	-608.819	0	-1758.05	0	-1060.05	0	-1383.93	0	-968.47	0	-1558.72	0	-1033.97	0	-963.969	0	-605.876	0	-567.602	0	-1026.81	0	-918.063	0	-785.896	0	-1051.76	0	-1546.44	0	-1063.7	0
-946.522	0	-2332.07	0	-760.904	0	-1779.91	0	-891.058	0	-960.376	0	-1163.66	0	-1398.66	0	-1090.01	0	-608.819	0	-1758.05	0	-1060.06	0	-1383.93	0	-968.474	0	-1558.72	0	-1033.97	0	-963.993	0	-606.019	0	-567.602	0	-1026.81	0	-918.074	0	-785.897	0	-1051.77	0	-1546.44	0	-1063.73	0
-946.553	0	-2332.07	0	-760.916	0	-1779.91	0	-891.058	0	-960.38	0	-1163.66	0	-1398.66	0	-1090.01	0	-608.819	0	-1758.05	0	-1060.09	0	-1383.93	0	-968.477	0	-1558.72	0	-1033.97	0	-964.036	0	-606.162	0	-567.602	0	-1026.81	0	-918.15	0	-785.897	0	-1051.79	0	-1546.44	0	-1063.74	0
-946.559	0	-2332.07	0	-760.977	0	-1779.91	0	-891.058	0	-960.396	0	-1163.66	0	-1398.66	0	-1090.01	0	-608.819	0	-1758.05	0	-1060.11	0	-1383.93	0	-968.478	0	-1558.72	0	-1033.98	0	-964.11	0	-606.231	0	-567.603	0	-1026.81	0	-918.252	0	-785.897	0	-1051.8	0	-1546.44	0	-1063.76	0
-946.562	0	-2332.07	0	-761.028	0	-1779.91	0	-891.058	0	-960.403	0	-1163.66	0	-1398.66	0	-1090.01	0	-608.819	0	-1758.05	0	-1060.13	0	-1383.93	0	-968.482	0	-1558.72	0	-1033.98	0	-964.165	0	-606.501	0	-567.603	0	-1026.81	0	-918.269	0	-785.897	0	-1051.83	0	-1546.44	0	-1063.76	0
-946.569	0	-2332.07	0	-761.06	0	-1779.91	0	-891.058	0	-960.412	0	-1163.66	0	-1398.66	0	-1090.01	0	-608.819	0	-1758.05	0	-1060.15	0	-1383.93	0	-968.49	0	-1558.72	0	-1033.99	0	-964.189	0	-606.609	0	-567.603	0	-1026.81	0	-918.296	0	-785.897	0	-1051.85	0	-1546.44	0	-1063.77	0
-946.583	0	-2332.07	0	-761.092	0	-1779.91	0	-891.058	0	-960.417	0	-1163.66	0	-1398.66	0	-1090.01	0	-608.819	0	-1758.05	0	-1060.17	0	-1383.93	0	-968.494	0	-1558.72	0	-1033.99	0	-964.218	0	-606.754	0	-567.603	0	-1026.82	0	-918.317	0	-785.897	0	-1051.86	0	-1546.44	0	-1063.78	0
-946.598	0	-2332.07	0	-761.113	0	-1779.91	0	-891.058	0	-960.439	0	-1163.66	0	-1398.66	0	-1090.01	0	-608.819	0	-1758.05	0	-1060.19	0	-1383.93	0	-968.501	0	-1558.72	0	-1034.02	0	-964.269	0	-606.965	0	-567.603	0	-1026.82	0	-918.333	0	-785.897	0	-1051.88	0	-1546.44	0	-1063.78	0
-946.603	0	-2332.07	0	-761.135	0	-1779.91	0	-891.058	0	-960.466	0	-1163.66	0	-1398.66	0	-1090.01	0	-608.819	0	-1758.05	0	-1060.22	0	-1383.93	0	-968.503	0	-1558.72	0	-1034.04	0	-964.316	0	-607.053	0	-567.604	0	-1026.82	0	-918.345	0	-785.897	0	-1051.9	0	-1546.45	0	-1063.79	0
-946.604	0	-2332.07	0	-761.144	0	-1779.91	0	-891.058	0	-960.474	0	-1163.66	0	-1398.66	0	-1090.01	0	-608.819	0	-1758.05	0	-1060.27	0	-1383.93	0	-968.504	0	-1558.72	0	-1034.05	0	-964.335	0	-607.178	0	-567.604	0	-1026.82	0	-918.359	0	-785.897	0	-1051.91	0	-1546.45	0	-1063.8	0
-946.605	0	-2332.07	0	-761.156	0	-1779.91	0	-891.058	0	-960.478	0	-1163.66	0	-1398.66	0	-1090.01	0	-608.819	0	-1758.05	0	-1060.31	0	-1383.93	0	-968.51	0	-1558.72	0	-1034.05	0	-964.34	0	-607.3	0	-567.604	0	-1026.82	0	-918.368	0	-785.897	0	-1051.92	0	-1546.45	0	-1063.81	0
-946.606	0	-2332.07	0	-761.179	0	-1779.91	0	-891.058	0	-960.483	0	-1163.66	0	-1398.66	0	-1090.01	0	-608.819	0	-1758.05	0	-1060.32	0	-1383.93	0	-968.527	0	-1558.72	0	-1034.05	0	-964.386	0	-607.363	0	-567.605	0	-1026.83	0	-918.392	0	-785.898	0	-1051.93	0	-1546.45	0	-1063.81	0
-946.607	0	-2332.07	0	-761.186	0	-1779.91	0	-891.058	0	-960.491	0	-1163.66	0	-1398.66	0	-1090.01	0	-608.819	0	-1758.05	0	-1060.36	0	-1383.93	0	-968.545	0	-1558.72	0	-1034.05	0	-964.409	0	-607.411	0	-567.605	0	-1026.83	0	-918.397	0	-785.898	0	-1051.94	0	-1546.45	0	-1063.82	0
-946.612	0	-2332.07	0	-761.225	0	-1779.91	0	-891.058	0	-960.501	0	-1163.66	0	-1398.66	0	-1090.01	0	-608.819	0	-1758.05	0	-1060.37	0	-1383.93	0	-968.551	0	-1558.72	0	-1034.05	0	-964.435	0	-607.496	0	-567.605	0	-1026.83	0	-918.417	0	-785.898	0	-1051.95	0	-1546.45	0	-1063.83	0
-946.617	0	-2332.07	0	-761.268	0	-1779.91	0	-891.058	0	-960.505	0	-1163.66	0	-1398.66	0	-1090.01	0	-608.819	0	-1758.05	0	-1060.4	0	-1383.93	0	-968.557	0	-1558.72	0	-1034.05	0	-964.451	0	-607.799	0	-567.606	0	-1026.83	0	-918.431	0	-785.898	0	-1051.96	0	-1546.45	0	-1063.84	0
-946.621	0	-2332.07	0	-761.313	0	-1779.92	0	-891.058	0	-960.512	0	-1163.66	0	-1398.66	0	-1090.01	0	-608.819	0	-1758.05	0	-1060.54	0	-1383.93	0	-968.561	0	-1558.72	0	-1034.05	0	-964.473	0	-607.883	0	-567.606	0	-1026.83	0	-918.454	0	-785.899	0	-1051.97	0	-1546.45	0	-1063.85	0
-946.654	0	-2332.07	0	-761.341	0	-1779.92	0	-891.058	0	-960.521	0	-1163.66	0	-1398.66	0	-1090.01	0	-608.819	0	-1758.05	0	-1060.62	0	-1383.93	0	-968.57	0	-1558.72	0	-1034.06	0	-964.492	0	-607.993	0	-567.606	0	-1026.83	0	-918.479	0	-785.899	0	-1051.99	0	-1546.46	0	-1063.86	0
-946.678	0	-2332.07	0	-761.361	0	-1779.92	0	-891.058	0	-960.528	0	-1163.66	0	-1398.66	0	-1090.01	0	-608.819	0	-1758.05	0	-1060.76	0	-1383.93	0	-968.576	0	-1558.72	0	-1034.06	0	-964.515	0	-608.072	0	-567.607	0	-1026.83	0	-918.585	0	-785.9	0	-1052	0	-1546.46	0	-1063.87	0
-946.699	0	-2332.07	0	-761.415	0	-1779.92	0	-891.058	0	-960.533	0	-1163.66	0	-1398.66	0	-1090.01	0	-608.819	0	-1758.05	0	-1060.86	0	-1383.93	0	-968.58	0	-1558.72	0	-1034.06	0	-964.525	0	-608.371	0	-567.608	0	-1026.83	0	-918.876	0	-785.9	0	-1052.01	0	-1546.46	0	-1063.88	0
-946.713	0	-2332.07	0	-761.425	0	-1779.92	0	-891.058	0	-960.536	0	-1163.66	0	-1398.66	0	-1090.01	0	-608.819	0	-1758.05	0	-1060.92	0	-1383.93	0	-968.584	0	-1558.72	0	-1034.07	0	-964.542	0	-608.547	0	-567.61	0	-1026.83	0	-918.993	0	-785.9	0	-1052.01	0	-1546.46	0	-1063.88	0
-946.731	0	-2332.07	0	-761.446	0	-1779.92	0	-891.058	0	-960.544	0	-1163.66	0	-1398.66	0	-1090.01	0	-608.819	0	-1758.05	0	-1060.95	0	-1383.93	0	-968.59	0	-1558.72	0	-1034.08	0	-964.555	0	-608.593	0	-567.611	0	-1026.83	0	-919.053	0	-785.9	0	-1052.02	0	-1546.46	0	-1063.89	0
-946.734	0	-2332.07	0	-761.471	0	-1779.92	0	-891.058	0	-960.548	0	-1163.66	0	-1398.66	0	-1090.01	0	-608.819	0	-1758.05	0	-1061	0	-1383.93	0	-968.593	0	-1558.72	0	-1034.1	0	-964.593	0	-608.757	0	-567.612	0	-1026.83	0	-919.063	0	-785.901	0	-1052.03	0	-1546.46	0	-1063.89	0
-946.734	0	-2332.07	0	-761.551	0	-1779.92	0	-891.058	0	-960.554	0	-1163.66	0	-1398.66	0	-1090.01	0	-608.819	0	-1758.05	0	-1061.03	0	-1383.93	0	-968.597	0	-1558.72	0	-1034.13	0	-964.612	0	-608.812	0	-567.612	0	-1026.84	0	-919.076	0	-785.901	0	-1052.03	0	-1546.47	0	-1063.9	0
-946.735	0	-2332.07	0	-761.594	0	-1779.92	0	-891.058	0	-960.559	0	-1163.66	0	-1398.66	0	-1090.01	0	-608.819	0	-1758.05	0	-1061.04	0	-1383.93	0	-968.601	0	-1558.72	0	-1034.14	0	-964.642	0	-608.927	0	-567.614	0	-1026.84	0	-919.083	0	-785.901	0	-1052.04	0	-1546.47	0	-1063.9	0
-946.762	0	-2332.07	0	-761.622	0	-1779.92	0	-891.058	0	-960.563	0	-1163.66	0	-1398.66	0	-1090.01	0	-608.819	0	-1758.05	0	-1061.06	0	-1383.93	0	-968.605	0	-1558.72	0	-1034.16	0	-964.737	0	-609.016	0	-567.614	0	-1026.84	0	-919.09	0	-785.901	0	-1052.08	0	-1546.47	0	-1063.91	0
-947.125	0	-2332.07	0	-761.654	0	-1779.92	0	-891.058	0	-960.57	0	-1163.66	0	-1398.66	0	-1090.01	0	-608.819	0	-1758.05	0	-1061.07	0	-1383.93	0	-968.617	0	-1558.72	0	-1034.17	0	-964.898	0	-609.079	0	-567.616	0	-1026.84	0	-919.094	0	-785.902	0	-1052.11	0	-1546.48	0	-1063.91	0
-947.377	0	-2332.07	0	-761.686	0	-1779.92	0	-891.058	0	-960.574	0	-1163.66	0	-1398.66	0	-1090.01	0	-608.819	0	-1758.05	0	-1061.1	0	-1383.93	0	-968.651	0	-1558.72	0	-1034.19	0	-964.959	0	-609.32	0	-567.617	0	-1026.84	0	-919.095	0	-785.903	0	-1052.12	0	-1546.48	0	-1063.91	0
-947.808	0	-2332.07	0	-761.691	0	-1779.92	0	-891.058	0	-960.581	0	-1163.66	0	-1398.66	0	-1090.01	0	-608.819	0	-1758.05	0	-1061.13	0	-1383.93	0	-968.681	0	-1558.72	0	-1034.2	0	-965.048	0	-609.475	0	-567.618	0	-1026.84	0	-919.098	0	-785.903	0	-1052.14	0	-1546.48	0	-1063.91	0
-947.938	0	-2332.07	0	-761.709	0	-1779.92	0	-891.058	0	-960.592	0	-1163.66	0	-1398.66	0	-1090.01	0	-608.819	0	-1758.05	0	-1061.15	0	-1383.93	0	-968.689	0	-1558.72	0	-1034.2	0	-965.137	0	-609.594	0	-567.62	0	-1026.84	0	-919.099	0	-785.904	0	-1052.15	0	-1546.48	0	-1063.91	0
-948.081	0	-2332.07	0	-761.716	0	-1779.92	0	-891.058	0	-960.606	0	-1163.66	0	-1398.66	0	-1090.01	0	-608.819	0	-1758.05	0	-1061.16	0	-1383.93	0	-968.692	0	-1558.72	0	-1034.22	0	-965.179	0	-609.76	0	-567.62	0	-1026.84	0	-919.101	0	-785.905	0	-1052.15	0	-1546.48	0	-1063.92	0
-948.152	0	-2332.07	0	-761.72	0	-1779.92	0	-891.058	0	-960.614	0	-1163.66	0	-1398.66	0	-1090.01	0	-608.819	0	-1758.05	0	-1061.19	0	-1383.93	0	-968.695	0	-1558.72	0	-1034.24	0	-965.225	0	-609.841	0	-567.621	0	-1026.84	0	-919.103	0	-785.906	0	-1052.16	0	-1546.49	0	-1063.92	0
-948.181	0	-2332.07	0	-761.756	0	-1779.92	0	-891.058	0	-960.619	0	-1163.66	0	-1398.66	0	-1090.01	0	-608.819	0	-1758.05	0	-1061.21	0	-1383.93	0	-968.702	0	-1558.72	0	-1034.27	0	-965.248	0	-609.909	0	-567.622	0	-1026.84	0	-919.104	0	-785.906	0	-1052.18	0	-1546.49	0	-1063.94	0
-948.192	0	-2332.07	0	-762.05	0	-1779.92	0	-891.058	0	-960.63	0	-1163.66	0	-1398.66	0	-1090.01	0	-608.819	0	-1758.05	0	-1061.21	0	-1383.93	0	-968.715	0	-1558.72	0	-1034.28	0	-965.322	0	-610.263	0	-567.623	0	-1026.84	0	-919.106	0	-785.906	0	-1052.18	0	-1546.49	0	-1063.95	0
-948.309	0	-2332.07	0	-762.566	0	-1779.92	0	-891.058	0	-960.645	0	-1163.66	0	-1398.66	0	-1090.01	0	-608.819	0	-1758.05	0	-1061.23	0	-1383.93	0	-968.726	0	-1558.72	0	-1034.29	0	-965.335	0	-610.49	0	-567.624	0	-1026.84	0	-919.108	0	-785.907	0	-1052.19	0	-1546.49	0	-1063.96	0
-948.499	0	-2332.07	0	-762.691	0	-1779.92	0	-891.058	0	-960.653	0	-1163.66	0	-1398.66	0	-1090.02	0	-608.819	0	-1758.05	0	-1061.26	0	-1383.93	0	-968.742	0	-1558.72	0	-1034.29	0	-965.353	0	-610.66	0	-567.625	0	-1026.84	0	-919.109	0	-785.908	0	-1052.2	0	-1546.49	0	-1063.96	0
-948.612	0	-2332.07	0	-762.759	0	-1779.92	0	-891.058	0	-960.67	0	-1163.66	0	-1398.66	0	-1090.02	0	-608.819	0	-1758.05	0	-1061.27	0	-1383.93	0	-968.756	0	-1558.72	0	-1034.3	0	-965.379	0	-610.852	0	-567.627	0	-1026.84	0	-919.123	0	-785.908	0	-1052.21	0	-1546.5	0	-1063.97	0
-948.665	0	-2332.07	0	-762.89	0	-1779.93	0	-891.058	0	-960.684	0	-1163.66	0	-1398.66	0	-1090.02	0	-608.819	0	-1758.05	0	-1061.3	0	-1383.93	0	-968.766	0	-1558.72	0	-1034.32	0	-965.417	0	-610.95	0	-567.628	0	-1026.85	0	-919.141	0	-785.908	0	-1052.23	0	-1546.5	0	-1063.98	0
-948.717	0	-2332.07	0	-763.009	0	-1779.93	0	-891.058	0	-960.698	0	-1163.66	0	-1398.66	0	-1090.02	0	-608.819	0	-1758.05	0	-1061.33	0	-1383.93	0	-968.783	0	-1558.72	0	-1034.33	0	-965.438	0	-611.054	0	-567.629	0	-1026.85	0	-919.148	0	-785.909	0	-1052.24	0	-1546.5	0	-1063.98	0
-948.779	0	-2332.07	0	-763.217	0	-1779.93	0	-891.058	0	-960.708	0	-1163.66	0	-1398.66	0	-1090.02	0	-608.819	0	-1758.05	0	-1061.36	0	-1383.93	0	-968.82	0	-1558.72	0	-1034.35	0	-965.454	0	-611.392	0	-567.629	0	-1026.85	0	-919.152	0	-785.91	0	-1052.25	0	-1546.5	0	-1063.99	0
-948.785	0	-2332.07	0	-763.326	0	-1779.93	0	-891.058	0	-960.709	0	-1163.66	0	-1398.66	0	-1090.02	0	-608.819	0	-1758.05	0	-1061.39	0	-1383.93	0	-968.824	0	-1558.72	0	-1034.35	0	-965.472	0	-611.524	0	-567.63	0	-1026.85	0	-919.155	0	-785.911	0	-1052.26	0	-1546.5	0	-1063.99	0
-948.818	0	-2332.07	0	-763.472	0	-1779.93	0	-891.058	0	-960.712	0	-1163.66	0	-1398.66	0	-1090.02	0	-608.819	0	-1758.05	0	-1061.4	0	-1383.93	0	-968.839	0	-1558.72	0	-1034.35	0	-965.505	0	-611.612	0	-567.631	0	-1026.85	0	-919.157	0	-785.912	0	-1052.26	0	-1546.5	0	-1063.99	0
-948.864	0	-2332.07	0	-763.581	0	-1779.93	0	-891.058	0	-960.717	0	-1163.66	0	-1398.66	0	-1090.02	0	-608.819	0	-1758.05	0	-1061.4	0	-1383.93	0	-968.854	0	-1558.72	0	-1034.38	0	-965.543	0	-611.662	0	-567.631	0	-1026.85	0	-919.158	0	-785.912	0	-1052.27	0	-1546.5	0	-1064	0
-948.923	0	-2332.07	0	-763.738	0	-1779.93	0	-891.058	0	-960.72	0	-1163.66	0	-1398.66	0	-1090.03	0	-608.819	0	-1758.05	0	-1061.41	0	-1383.93	0	-968.872	0	-1558.72	0	-1034.41	0	-965.57	0	-611.67	0	-567.632	0	-1026.85	0	-919.159	0	-785.913	0	-1052.28	0	-1546.5	0	-1064.06	0
-948.95	0	-2332.07	0	-763.818	0	-1779.93	0	-891.058	0	-960.722	0	-1163.66	0	-1398.66	0	-1090.03	0	-608.819	0	-1758.05	0	-1061.41	0	-1383.93	0	-968.899	0	-1558.72	0	-1034.43	0	-965.634	0	-611.72	0	-567.632	0	-1026.85	0	-919.161	0	-785.913	0	-1052.3	0	-1546.5	0	-1064.13	0
-948.966	0	-2332.07	0	-763.985	0	-1779.93	0	-891.058	0	-960.728	0	-1163.66	0	-1398.66	0	-1090.03	0	-608.819	0	-1758.05	0	-1061.42	0	-1383.93	0	-968.942	0	-1558.72	0	-1034.44	0	-965.758	0	-611.832	0	-567.634	0	-1026.85	0	-919.163	0	-785.914	0	-1052.33	0	-1546.5	0	-1064.23	0
-948.998	0	-2332.07	0	-764.093	0	-1779.93	0	-891.058	0	-960.739	0	-1163.66	0	-1398.66	0	-1090.03	0	-608.819	0	-1758.05	0	-1061.43	0	-1383.93	0	-968.956	0	-1558.72	0	-1034.44	0	-965.829	0	-611.927	0	-567.635	0	-1026.85	0	-919.165	0	-785.914	0	-1052.34	0	-1546.51	0	-1064.33	0
-949.027	0	-2332.07	0	-764.165	0	-1779.93	0	-891.058	0	-960.747	0	-1163.66	0	-1398.66	0	-1090.03	0	-608.819	0	-1758.05	0	-1061.43	0	-1383.93	0	-968.965	0	-1558.72	0	-1034.44	0	-965.904	0	-611.943	0	-567.636	0	-1026.85	0	-919.169	0	-785.915	0	-1052.36	0	-1546.51	0	-1064.46	0
-949.041	0	-2332.07	0	-764.216	0	-1779.93	0	-891.058	0	-960.771	0	-1163.66	0	-1398.66	0	-1090.03	0	-608.819	0	-1758.05	0	-1061.43	0	-1383.93	0	-968.975	0	-1558.72	0	-1034.44	0	-966.055	0	-611.959	0	-567.637	0	-1026.85	0	-919.183	0	-785.915	0	-1052.37	0	-1546.51	0	-1064.47	0
-949.048	0	-2332.07	0	-764.256	0	-1779.93	0	-891.058	0	-960.793	0	-1163.66	0	-1398.66	0	-1090.03	0	-608.819	0	-1758.05	0	-1061.43	0	-1383.93	0	-968.986	0	-1558.72	0	-1034.45	0	-966.204	0	-612.03	0	-567.638	0	-1026.85	0	-919.184	0	-785.916	0	-1052.4	0	-1546.51	0	-1064.48	0
-949.075	0	-2332.07	0	-764.432	0	-1779.93	0	-891.058	0	-960.805	0	-1163.66	0	-1398.66	0	-1090.03	0	-608.819	0	-1758.05	0	-1061.44	0	-1383.93	0	-968.998	0	-1558.72	0	-1034.45	0	-966.293	0	-612.074	0	-567.641	0	-1026.85	0	-919.188	0	-785.916	0	-1052.44	0	-1546.51	0	-1064.49	0
-949.105	0	-2332.07	0	-764.59	0	-1779.93	0	-891.058	0	-960.815	0	-1163.66	0	-1398.66	0	-1090.03	0	-608.819	0	-1758.05	0	-1061.44	0	-1383.93	0	-969.004	0	-1558.72	0	-1034.45	0	-966.318	0	-612.092	0	-567.643	0	-1026.85	0	-919.3	0	-785.916	0	-1052.45	0	-1546.51	0	-1064.5	0
-949.142	0	-2332.07	0	-764.747	0	-1779.93	0	-891.058	0	-960.822	0	-1163.66	0	-1398.66	0	-1090.03	0	-608.819	0	-1758.05	0	-1061.45	0	-1383.93	0	-969.01	0	-1558.72	0	-1034.45	0	-966.33	0	-612.126	0	-567.645	0	-1026.85	0	-919.561	0	-785.916	0	-1052.46	0	-1546.51	0	-1064.5	0
-949.18	0	-2332.07	0	-764.824	0	-1779.93	0	-891.058	0	-960.827	0	-1163.66	0	-1398.66	0	-1090.03	0	-608.819	0	-1758.05	0	-1061.46	0	-1383.93	0	-969.011	0	-1558.72	0	-1034.46	0	-966.357	0	-612.278	0	-567.647	0	-1026.85	0	-919.703	0	-785.916	0	-1052.47	0	-1546.51	0	-1064.5	0
-949.196	0	-2332.07	0	-764.984	0	-1779.93	0	-891.058	0	-960.834	0	-1163.66	0	-1398.66	0	-1090.03	0	-608.819	0	-1758.05	0	-1061.49	0	-1383.93	0	-969.019	0	-1558.72	0	-1034.47	0	-966.493	0	-612.413	0	-567.648	0	-1026.85	0	-919.763	0	-785.917	0	-1052.47	0	-1546.51	0	-1064.51	0
-949.205	0	-2332.07	0	-765.046	0	-1779.93	0	-891.058	0	-960.836	0	-1163.66	0	-1398.66	0	-1090.03	0	-608.819	0	-1758.05	0	-1061.5	0	-1383.93	0	-969.024	0	-1558.72	0	-1034.48	0	-966.566	0	-612.471	0	-567.65	0	-1026.85	0	-919.814	0	-785.917	0	-1052.48	0	-1546.51	0	-1064.52	0
-949.217	0	-2332.07	0	-765.265	0	-1779.93	0	-891.058	0	-960.852	0	-1163.66	0	-1398.66	0	-1090.03	0	-608.819	0	-1758.05	0	-1061.51	0	-1383.93	0	-969.029	0	-1558.72	0	-1034.48	0	-966.633	0	-612.709	0	-567.652	0	-1026.85	0	-919.819	0	-785.917	0	-1052.49	0	-1546.51	0	-1064.52	0
-949.224	0	-2332.07	0	-765.359	0	-1779.93	0	-891.058	0	-960.875	0	-1163.66	0	-1398.66	0	-1090.03	0	-608.819	0	-1758.05	0	-1061.53	0	-1383.93	0	-969.032	0	-1558.72	0	-1034.49	0	-966.665	0	-612.817	0	-567.655	0	-1026.85	0	-919.821	0	-785.917	0	-1052.49	0	-1546.51	0	-1064.52	0
-949.233	0	-2332.07	0	-765.408	0	-1779.93	0	-891.058	0	-960.888	0	-1163.66	0	-1398.66	0	-1090.03	0	-608.819	0	-1758.05	0	-1061.54	0	-1383.93	0	-969.036	0	-1558.72	0	-1034.49	0	-966.73	0	-612.859	0	-567.656	0	-1026.85	0	-919.824	0	-785.917	0	-1052.49	0	-1546.51	0	-1064.52	0
-949.239	0	-2332.07	0	-765.447	0	-1779.93	0	-891.058	0	-960.893	0	-1163.66	0	-1398.66	0	-1090.03	0	-608.819	0	-1758.05	0	-1061.59	0	-1383.93	0	-969.046	0	-1558.72	0	-1034.49	0	-966.745	0	-612.911	0	-567.657	0	-1026.85	0	-919.826	0	-785.917	0	-1052.5	0	-1546.51	0	-1064.52	0
-949.244	0	-2332.07	0	-765.468	0	-1779.93	0	-891.058	0	-960.906	0	-1163.66	0	-1398.66	0	-1090.03	0	-608.819	0	-1758.05	0	-1061.61	0	-1383.93	0	-969.059	0	-1558.72	0	-1034.5	0	-966.878	0	-612.951	0	-567.657	0	-1026.85	0	-919.832	0	-785.917	0	-1052.5	0	-1546.51	0	-1064.53	0
-949.255	0	-2332.07	0	-765.501	0	-1779.93	0	-891.062	0	-960.912	0	-1163.66	0	-1398.66	0	-1090.03	0	-608.829	0	-1758.06	0	-1061.63	0	-1383.93	0	-969.064	0	-1558.73	0	-1034.55	0	-966.931	0	-612.974	0	-567.658	0	-1026.86	0	-919.84	0	-785.917	0	-1052.5	0	-1546.51	0	-1064.53	0
-949.274	0	-2332.08	0	-765.551	0	-1779.93	0	-891.067	0	-960.917	0	-1163.68	0	-1398.67	0	-1090.03	0	-608.851	0	-1758.07	0	-1061.65	0	-1383.93	0	-969.105	0	-1558.74	0	-1034.61	0	-966.982	0	-612.983	0	-567.66	0	-1026.86	0	-919.844	0	-785.917	0	-1052.51	0	-1546.51	0	-1064.54	0
-949.282	0	-2332.08	0	-765.734	0	-1779.93	0	-891.077	0	-960.921	0	-1163.71	0	-1398.68	0	-1090.03	0	-608.89	0	-1758.07	0	-1061.66	0	-1383.93	0	-969.115	0	-1558.75	0	-1034.64	0	-967.014	0	-612.995	0	-567.66	0	-1026.86	0	-919.845	0	-785.918	0	-1052.51	0	-1546.51	0	-1064.54	0
-949.307	0	-2332.09	0	-765.752	0	-1779.93	0	-891.086	0	-960.925	0	-1163.74	0	-1398.69	0	-1090.03	0	-608.93	0	-1758.08	0	-1061.67	0	-1383.93	0	-969.119	0	-1558.76	0	-1034.65	0	-967.071	0	-613	0	-567.661	0	-1026.86	0	-919.845	0	-785.918	0	-1052.51	0	-1546.51	0	-1064.54	0
-949.338	0	-2332.1	0	-765.778	0	-1779.93	0	-891.095	0	-960.933	0	-1163.77	0	-1398.7	0	-1090.03	0	-608.97	0	-1758.08	0	-1061.68	0	-1383.93	0	-969.121	0	-1558.78	0	-1034.65	0	-967.114	0	-613.003	0	-567.663	0	-1026.86	0	-919.85	0	-785.918	0	-1052.51	0	-1546.52	0	-1064.56	0
-949.362	0	-2332.1	0	-765.843	0	-1779.94	0	-891.104	0	-960.938	0	-1163.8	0	-1398.71	0	-1090.04	0	-609.01	0	-1758.09	0	-1061.69	0	-1383.93	0	-969.124	0	-1558.79	0	-1034.66	0	-967.145	0	-613.02	0	-567.665	0	-1026.86	0	-919.861	0	-785.918	0	-1052.51	0	-1546.54	0	-1064.63	0
-949.38	0	-2332.11	0	-765.897	0	-1779.94	0	-891.114	0	-960.943	0	-1163.83	0	-1398.72	0	-1090.05	0	-609.048	0	-1758.09	0	-1061.74	0	-1383.93	0	-969.126	0	-1558.81	0	-1034.66	0	-967.163	0	-613.092	0	-567.666	0	-1026.86	0	-919.873	0	-785.919	0	-1052.51	0	-1546.55	0	-1064.77	0
-949.422	0	-2332.11	0	-765.915	0	-1779.94	0	-891.122	0	-960.946	0	-1163.86	0	-1398.73	0	-1090.06	0	-609.088	0	-1758.1	0	-1061.75	0	-1383.93	0	-969.13	0	-1558.82	0	-1034.67	0	-967.17	0	-613.201	0	-567.667	0	-1026.86	0	-919.875	0	-785.919	0	-1052.52	0	-1546.57	0	-1064.81	0
-949.449	0	-2332.11	0	-765.923	0	-1779.94	0	-891.123	0	-960.948	0	-1163.86	0	-1398.73	0	-1090.07	0	-609.09	0	-1758.1	0	-1061.78	0	-1383.93	0	-969.137	0	-1558.82	0	-1034.67	0	-967.175	0	-613.271	0	-567.668	0	-1026.86	0	-919.875	0	-785.92	0	-1052.53	0	-1546.58	0	-1064.86	0
-949.458	0	-2332.11	0	-765.929	0	-1779.94	0	-891.123	0	-960.95	0	-1163.86	0	-1398.73	0	-1090.07	0	-609.09	0	-1758.1	0	-1061.79	0	-1383.93	0	-969.148	0	-1558.82	0	-1034.67	0	-967.181	0	-613.345	0	-567.668	0	-1026.86	0	-919.877	0	-785.92	0	-1052.53	0	-1546.6	0	-1064.87	0
-949.476	0	-2332.11	0	-765.934	0	-1779.94	0	-891.123	0	-960.957	0	-1163.86	0	-1398.73	0	-1090.08	0	-609.09	0	-1758.1	0	-1061.8	0	-1383.93	0	-969.148	0	-1558.82	0	-1034.68	0	-967.182	0	-613.381	0	-567.669	0	-1026.86	0	-919.883	0	-785.921	0	-1052.53	0	-1546.61	0	-1064.96	0
-949.512	0	-2332.11	0	-765.949	0	-1779.94	0	-891.123	0	-960.985	0	-1163.86	0	-1398.73	0	-1090.08	0	-609.09	0	-1758.1	0	-1061.81	0	-1383.93	0	-969.15	0	-1558.82	0	-1034.69	0	-967.185	0	-613.521	0	-567.67	0	-1026.86	0	-919.887	0	-785.921	0	-1052.54	0	-1546.62	0	-1065.09	0
-949.539	0	-2332.12	0	-765.971	0	-1779.94	0	-891.127	0	-960.996	0	-1163.87	0	-1398.74	0	-1090.09	0	-609.09	0	-1758.11	0	-1061.82	0	-1383.93	0	-969.156	0	-1558.83	0	-1034.72	0	-967.189	0	-613.571	0	-567.671	0	-1026.86	0	-919.892	0	-785.921	0	-1052.54	0	-1546.62	0	-1065.15	0
-949.562	0	-2332.12	0	-765.985	0	-1779.94	0	-891.136	0	-961.004	0	-1163.9	0	-1398.75	0	-1090.1	0	-609.09	0	-1758.11	0	-1061.82	0	-1383.93	0	-969.158	0	-1558.84	0	-1034.73	0	-967.2	0	-613.608	0	-567.672	0	-1026.86	0	-919.897	0	-785.921	0	-1052.54	0	-1546.62	0	-1065.2	0
-949.567	0	-2332.13	0	-766.002	0	-1779.94	0	-891.146	0	-961.013	0	-1163.93	0	-1398.76	0	-1090.1	0	-609.09	0	-1758.12	0	-1061.85	0	-1383.94	0	-969.161	0	-1558.85	0	-1034.74	0	-967.245	0	-613.63	0	-567.674	0	-1026.86	0	-919.902	0	-785.921	0	-1052.54	0	-1546.62	0	-1065.23	0
-949.582	0	-2332.14	0	-766.045	0	-1779.94	0	-891.154	0	-961.019	0	-1163.96	0	-1398.77	0	-1090.11	0	-609.105	0	-1758.12	0	-1061.89	0	-1383.94	0	-969.167	0	-1558.87	0	-1034.75	0	-967.385	0	-613.641	0	-567.675	0	-1026.86	0	-919.904	0	-785.921	0	-1052.54	0	-1546.62	0	-1065.25	0
-949.603	0	-2332.14	0	-766.178	0	-1779.94	0	-891.164	0	-961.029	0	-1163.99	0	-1398.78	0	-1090.12	0	-609.143	0	-1758.13	0	-1061.93	0	-1383.94	0	-969.198	0	-1558.88	0	-1034.75	0	-967.422	0	-613.645	0	-567.676	0	-1026.86	0	-919.907	0	-785.921	0	-1052.54	0	-1546.64	0	-1065.26	0
-949.612	0	-2332.15	0	-766.252	0	-1779.94	0	-891.173	0	-961.036	0	-1164.02	0	-1398.79	0	-1090.13	0	-609.183	0	-1758.13	0	-1061.96	0	-1383.94	0	-969.229	0	-1558.89	0	-1034.75	0	-967.461	0	-613.652	0	-567.676	0	-1026.86	0	-919.909	0	-785.921	0	-1052.54	0	-1546.65	0	-1065.27	0
-949.632	0	-2332.15	0	-766.358	0	-1779.94	0	-891.182	0	-961.053	0	-1164.04	0	-1398.8	0	-1090.13	0	-609.222	0	-1758.14	0	-1062.01	0	-1383.94	0	-969.254	0	-1558.91	0	-1034.76	0	-967.471	0	-613.859	0	-567.677	0	-1026.86	0	-919.91	0	-785.921	0	-1052.54	0	-1546.67	0	-1065.28	0
-949.642	0	-2332.15	0	-766.471	0	-1779.94	0	-891.186	0	-961.071	0	-1164.06	0	-1398.8	0	-1090.13	0	-609.26	0	-1758.14	0	-1062.07	0	-1383.94	0	-969.281	0	-1558.91	0	-1034.77	0	-967.475	0	-614.045	0	-567.677	0	-1026.86	0	-919.914	0	-785.921	0	-1052.54	0	-1546.68	0	-1065.29	0
-949.668	0	-2332.15	0	-766.63	0	-1779.94	0	-891.186	0	-961.083	0	-1164.06	0	-1398.8	0	-1090.14	0	-609.299	0	-1758.14	0	-1062.09	0	-1383.94	0	-969.283	0	-1558.91	0	-1034.77	0	-967.483	0	-614.153	0	-567.678	0	-1026.86	0	-919.922	0	-785.921	0	-1052.54	0	-1546.7	0	-1065.3	0
-949.68	0	-2332.15	0	-766.652	0	-1779.94	0	-891.186	0	-961.097	0	-1164.06	0	-1398.8	0	-1090.15	0	-609.337	0	-1758.14	0	-1062.12	0	-1383.94	0	-969.284	0	-1558.91	0	-1034.79	0	-967.5	0	-614.367	0	-567.679	0	-1026.86	0	-919.925	0	-785.922	0	-1052.54	0	-1546.72	0	-1065.31	0
-949.692	0	-2332.15	0	-766.67	0	-1779.94	0	-891.186	0	-961.127	0	-1164.06	0	-1398.8	0	-1090.15	0	-609.352	0	-1758.14	0	-1062.15	0	-1383.94	0	-969.287	0	-1558.91	0	-1034.8	0	-967.507	0	-614.53	0	-567.679	0	-1026.86	0	-919.932	0	-785.922	0	-1052.55	0	-1546.72	0	-1065.33	0
-949.713	0	-2332.15	0	-766.735	0	-1779.94	0	-891.186	0	-961.143	0	-1164.06	0	-1398.8	0	-1090.16	0	-609.352	0	-1758.14	0	-1062.16	0	-1383.94	0	-969.312	0	-1558.91	0	-1034.82	0	-967.517	0	-614.635	0	-567.679	0	-1026.86	0	-919.935	0	-785.922	0	-1052.55	0	-1546.72	0	-1065.34	0
-949.726	0	-2332.15	0	-766.798	0	-1779.94	0	-891.186	0	-961.147	0	-1164.06	0	-1398.8	0	-1090.17	0	-609.352	0	-1758.14	0	-1062.18	0	-1383.94	0	-969.336	0	-1558.91	0	-1034.83	0	-967.526	0	-614.687	0	-567.679	0	-1026.86	0	-919.938	0	-785.922	0	-1052.55	0	-1546.72	0	-1065.37	0
-949.735	0	-2332.15	0	-766.818	0	-1779.94	0	-891.186	0	-961.153	0	-1164.06	0	-1398.8	0	-1090.18	0	-609.352	0	-1758.14	0	-1062.18	0	-1383.94	0	-969.338	0	-1558.91	0	-1034.84	0	-967.537	0	-614.744	0	-567.679	0	-1026.86	0	-919.938	0	-785.922	0	-1052.55	0	-1546.72	0	-1065.38	0
-949.751	0	-2332.15	0	-766.897	0	-1779.94	0	-891.186	0	-961.161	0	-1164.06	0	-1398.8	0	-1090.18	0	-609.352	0	-1758.14	0	-1062.19	0	-1383.94	0	-969.339	0	-1558.91	0	-1034.86	0	-967.573	0	-614.8	0	-567.68	0	-1026.86	0	-919.94	0	-785.922	0	-1052.56	0	-1546.73	0	-1065.4	0
-949.773	0	-2332.15	0	-766.966	0	-1779.94	0	-891.186	0	-961.178	0	-1164.06	0	-1398.8	0	-1090.18	0	-609.352	0	-1758.14	0	-1062.19	0	-1383.94	0	-969.339	0	-1558.91	0	-1034.88	0	-967.594	0	-614.867	0	-567.68	0	-1026.86	0	-919.94	0	-785.922	0	-1052.57	0	-1546.74	0	-1065.41	0
-949.783	0	-2332.15	0	-766.992	0	-1779.94	0	-891.186	0	-961.185	0	-1164.06	0	-1398.8	0	-1090.19	0	-609.352	0	-1758.14	0	-1062.2	0	-1383.94	0	-969.34	0	-1558.91	0	-1034.88	0	-967.604	0	-614.976	0	-567.68	0	-1026.86	0	-919.941	0	-785.922	0	-1052.59	0	-1546.75	0	-1065.43	0
-949.797	0	-2332.15	0	-767.012	0	-1779.94	0	-891.186	0	-961.195	0	-1164.06	0	-1398.8	0	-1090.19	0	-609.352	0	-1758.14	0	-1062.27	0	-1383.94	0	-969.344	0	-1558.91	0	-1034.89	0	-967.638	0	-615.003	0	-567.68	0	-1026.86	0	-919.942	0	-785.922	0	-1052.6	0	-1546.77	0	-1065.45	0
-949.802	0	-2332.15	0	-767.023	0	-1779.94	0	-891.186	0	-961.211	0	-1164.06	0	-1398.8	0	-1090.19	0	-609.352	0	-1758.14	0	-1062.37	0	-1383.94	0	-969.353	0	-1558.91	0	-1034.9	0	-967.666	0	-615.067	0	-567.68	0	-1026.86	0	-919.944	0	-785.923	0	-1052.61	0	-1546.78	0	-1065.48	0
-949.813	0	-2332.15	0	-767.049	0	-1779.94	0	-891.186	0	-961.218	0	-1164.06	0	-1398.8	0	-1090.2	0	-609.352	0	-1758.14	0	-1062.5	0	-1383.94	0	-969.373	0	-1558.91	0	-1034.91	0	-967.698	0	-615.222	0	-567.68	0	-1026.86	0	-919.947	0	-785.923	0	-1052.64	0	-1546.78	0	-1065.49	0
-949.826	0	-2332.15	0	-767.231	0	-1779.94	0	-891.186	0	-961.227	0	-1164.06	0	-1398.8	0	-1090.2	0	-609.352	0	-1758.14	0	-1062.55	0	-1383.94	0	-969.378	0	-1558.91	0	-1034.92	0	-967.713	0	-615.406	0	-567.68	0	-1026.86	0	-919.947	0	-785.923	0	-1052.66	0	-1546.79	0	-1065.5	0
-949.844	0	-2332.15	0	-767.334	0	-1779.94	0	-891.186	0	-961.232	0	-1164.06	0	-1398.8	0	-1090.2	0	-609.352	0	-1758.14	0	-1062.58	0	-1383.94	0	-969.379	0	-1558.91	0	-1034.92	0	-967.736	0	-615.726	0	-567.68	0	-1026.86	0	-919.948	0	-785.923	0	-1052.69	0	-1546.79	0	-1065.52	0
-949.858	0	-2332.15	0	-767.372	0	-1779.94	0	-891.186	0	-961.235	0	-1164.06	0	-1398.8	0	-1090.21	0	-609.352	0	-1758.14	0	-1062.6	0	-1383.94	0	-969.382	0	-1558.91	0	-1034.93	0	-967.745	0	-615.881	0	-567.681	0	-1026.86	0	-919.949	0	-785.923	0	-1052.72	0	-1546.8	0	-1065.53	0
-949.86	0	-2332.15	0	-767.418	0	-1779.94	0	-891.186	0	-961.238	0	-1164.06	0	-1398.8	0	-1090.21	0	-609.352	0	-1758.14	0	-1062.66	0	-1383.94	0	-969.391	0	-1558.91	0	-1034.93	0	-967.751	0	-616.251	0	-567.681	0	-1026.86	0	-919.949	0	-785.923	0	-1052.74	0	-1546.81	0	-1065.53	0
-949.866	0	-2332.15	0	-767.437	0	-1779.94	0	-891.186	0	-961.241	0	-1164.06	0	-1398.8	0	-1090.22	0	-609.352	0	-1758.14	0	-1062.67	0	-1383.94	0	-969.403	0	-1558.91	0	-1034.93	0	-967.762	0	-616.373	0	-567.681	0	-1026.86	0	-919.949	0	-785.923	0	-1052.75	0	-1546.81	0	-1065.54	0
-949.869	0	-2332.15	0	-767.527	0	-1779.94	0	-891.186	0	-961.245	0	-1164.06	0	-1398.8	0	-1090.22	0	-609.352	0	-1758.14	0	-1062.82	0	-1383.94	0	-969.411	0	-1558.91	0	-1034.93	0	-967.773	0	-616.567	0	-567.681	0	-1026.86	0	-919.954	0	-785.924	0	-1052.8	0	-1546.82	0	-1065.55	0
-949.87	0	-2332.15	0	-767.579	0	-1779.94	0	-891.186	0	-961.253	0	-1164.06	0	-1398.8	0	-1090.22	0	-609.352	0	-1758.14	0	-1062.83	0	-1383.94	0	-969.419	0	-1558.91	0	-1034.93	0	-967.792	0	-616.65	0	-567.681	0	-1026.86	0	-919.961	0	-785.924	0	-1052.83	0	-1546.82	0	-1065.55	0
-949.87	0	-2332.15	0	-767.628	0	-1779.94	0	-891.186	0	-961.263	0	-1164.11	0	-1398.8	0	-1090.23	0	-609.352	0	-1758.14	0	-1062.86	0	-1383.94	0	-969.436	0	-1558.91	0	-1034.94	0	-967.838	0	-616.697	0	-567.682	0	-1026.86	0	-919.972	0	-785.924	0	-1052.85	0	-1546.82	0	-1065.55	0
-949.871	0	-2332.15	0	-767.746	0	-1779.94	0	-891.186	0	-961.273	0	-1164.13	0	-1398.8	0	-1090.23	0	-609.352	0	-1758.14	0	-1062.89	0	-1383.94	0	-969.453	0	-1558.91	0	-1034.95	0	-967.858	0	-617.086	0	-567.682	0	-1026.86	0	-919.99	0	-785.924	0	-1052.87	0	-1546.82	0	-1065.56	0
-949.872	0	-2332.15	0	-767.777	0	-1779.94	0	-891.186	0	-961.285	0	-1164.18	0	-1398.8	0	-1090.23	0	-609.352	0	-1758.14	0	-1062.91	0	-1383.94	0	-969.455	0	-1558.91	0	-1034.95	0	-967.908	0	-617.247	0	-567.682	0	-1026.86	0	-920.04	0	-785.924	0	-1052.88	0	-1546.82	0	-1065.57	0
-949.874	0	-2332.15	0	-767.799	0	-1779.94	0	-891.186	0	-961.29	0	-1164.19	0	-1398.8	0	-1090.24	0	-609.352	0	-1758.14	0	-1062.93	0	-1383.94	0	-969.458	0	-1558.91	0	-1034.95	0	-967.951	0	-617.348	0	-567.683	0	-1026.86	0	-920.086	0	-785.924	0	-1052.92	0	-1546.82	0	-1065.65	0
-949.874	0	-2332.15	0	-767.825	0	-1779.94	0	-891.186	0	-961.292	0	-1164.23	0	-1398.8	0	-1090.24	0	-609.352	0	-1758.14	0	-1062.97	0	-1383.94	0	-969.462	0	-1558.91	0	-1034.95	0	-967.964	0	-617.457	0	-567.683	0	-1026.86	0	-920.124	0	-785.925	0	-1052.93	0	-1546.82	0	-1065.69	0
-949.875	0	-2332.15	0	-767.888	0	-1779.94	0	-891.186	0	-961.294	0	-1164.26	0	-1398.8	0	-1090.24	0	-609.352	0	-1758.14	0	-1063.09	0	-1383.94	0	-969.464	0	-1558.91	0	-1034.97	0	-967.991	0	-617.509	0	-567.683	0	-1026.86	0	-920.173	0	-785.925	0	-1052.95	0	-1546.83	0	-1065.75	0
-949.875	0	-2332.15	0	-767.963	0	-1779.94	0	-891.186	0	-961.294	0	-1164.27	0	-1398.8	0	-1090.25	0	-609.352	0	-1758.14	0	-1063.14	0	-1383.94	0	-969.466	0	-1558.91	0	-1035.01	0	-968.005	0	-617.581	0	-567.683	0	-1026.86	0	-920.225	0	-785.925	0	-1052.99	0	-1546.83	0	-1065.8	0
-949.876	0	-2332.15	0	-768.025	0	-1779.94	0	-891.186	0	-961.298	0	-1164.3	0	-1398.8	0	-1090.25	0	-609.352	0	-1758.14	0	-1063.21	0	-1383.94	0	-969.471	0	-1558.91	0	-1035.03	0	-968.01	0	-617.71	0	-567.683	0	-1026.86	0	-920.239	0	-785.925	0	-1053.02	0	-1546.83	0	-1065.83	0
-949.876	0	-2332.15	0	-768.131	0	-1779.94	0	-891.186	0	-961.3	0	-1164.31	0	-1398.8	0	-1090.25	0	-609.352	0	-1758.14	0	-1063.25	0	-1383.94	0	-969.473	0	-1558.91	0	-1035.05	0	-968.017	0	-617.791	0	-567.684	0	-1026.86	0	-920.283	0	-785.925	0	-1053.04	0	-1546.83	0	-1065.87	0
-949.887	0	-2332.15	0	-768.23	0	-1779.94	0	-891.186	0	-961.301	0	-1164.31	0	-1398.8	0	-1090.25	0	-609.352	0	-1758.14	0	-1063.32	0	-1383.94	0	-969.474	0	-1558.91	0	-1035.09	0	-968.071	0	-617.82	0	-567.684	0	-1026.86	0	-920.335	0	-785.925	0	-1053.07	0	-1546.83	0	-1065.99	0
-949.903	0	-2332.15	0	-768.281	0	-1779.94	0	-891.186	0	-961.307	0	-1164.32	0	-1398.8	0	-1090.26	0	-609.352	0	-1758.14	0	-1063.37	0	-1383.94	0	-969.477	0	-1558.91	0	-1035.13	0	-968.113	0	-617.848	0	-567.684	0	-1026.86	0	-920.383	0	-785.925	0	-1053.09	0	-1546.83	0	-1066.09	0
-949.905	0	-2332.15	0	-768.405	0	-1779.94	0	-891.186	0	-961.338	0	-1164.33	0	-1398.8	0	-1090.27	0	-609.352	0	-1758.14	0	-1063.39	0	-1383.94	0	-969.479	0	-1558.91	0	-1035.18	0	-968.12	0	-617.891	0	-567.684	0	-1026.87	0	-920.523	0	-785.926	0	-1053.1	0	-1546.83	0	-1066.13	0
-949.906	0	-2332.15	0	-768.514	0	-1779.94	0	-891.186	0	-961.363	0	-1164.33	0	-1398.8	0	-1090.27	0	-609.352	0	-1758.14	0	-1063.46	0	-1383.94	0	-969.48	0	-1558.91	0	-1035.2	0	-968.128	0	-617.929	0	-567.685	0	-1026.87	0	-920.626	0	-785.926	0	-1053.12	0	-1546.84	0	-1066.19	0
-949.911	0	-2332.15	0	-768.696	0	-1779.94	0	-891.186	0	-961.383	0	-1164.34	0	-1398.8	0	-1090.27	0	-609.352	0	-1758.14	0	-1063.56	0	-1383.94	0	-969.483	0	-1558.91	0	-1035.23	0	-968.164	0	-618.009	0	-567.685	0	-1026.87	0	-920.695	0	-785.926	0	-1053.13	0	-1546.84	0	-1066.23	0
-949.92	0	-2332.15	0	-768.98	0	-1779.94	0	-891.186	0	-961.388	0	-1164.34	0	-1398.8	0	-1090.28	0	-609.352	0	-1758.14	0	-1063.62	0	-1383.94	0	-969.484	0	-1558.91	0	-1035.23	0	-968.261	0	-618.103	0	-567.686	0	-1026.87	0	-920.713	0	-785.927	0	-1053.14	0	-1546.84	0	-1066.24	0
-949.958	0	-2332.15	0	-769.18	0	-1779.95	0	-891.186	0	-961.394	0	-1164.35	0	-1398.8	0	-1090.28	0	-609.352	0	-1758.14	0	-1063.65	0	-1383.94	0	-969.488	0	-1558.91	0	-1035.24	0	-968.334	0	-618.177	0	-567.686	0	-1026.87	0	-920.735	0	-785.927	0	-1053.15	0	-1546.85	0	-1066.25	0
-949.975	0	-2332.15	0	-769.368	0	-1779.95	0	-891.186	0	-961.411	0	-1164.35	0	-1398.8	0	-1090.29	0	-609.352	0	-1758.14	0	-1063.67	0	-1383.94	0	-969.495	0	-1558.91	0	-1035.24	0	-968.424	0	-618.215	0	-567.687	0	-1026.87	0	-920.748	0	-785.927	0	-1053.18	0	-1546.85	0	-1066.26	0
-950.018	0	-2332.15	0	-769.494	0	-1779.95	0	-891.186	0	-961.422	0	-1164.35	0	-1398.8	0	-1090.29	0	-609.352	0	-1758.14	0	-1063.68	0	-1383.94	0	-969.501	0	-1558.91	0	-1035.24	0	-968.489	0	-618.257	0	-567.688	0	-1026.87	0	-920.788	0	-785.927	0	-1053.21	0	-1546.85	0	-1066.32	0
-950.059	0	-2332.15	0	-769.645	0	-1779.95	0	-891.186	0	-961.425	0	-1164.36	0	-1398.8	0	-1090.29	0	-609.352	0	-1758.14	0	-1063.7	0	-1383.94	0	-969.502	0	-1558.91	0	-1035.24	0	-968.554	0	-618.284	0	-567.688	0	-1026.87	0	-920.816	0	-785.928	0	-1053.22	0	-1546.86	0	-1066.38	0
-950.11	0	-2332.15	0	-769.783	0	-1779.95	0	-891.186	0	-961.426	0	-1164.36	0	-1398.8	0	-1090.3	0	-609.352	0	-1758.14	0	-1063.71	0	-1383.94	0	-969.503	0	-1558.91	0	-1035.24	0	-968.61	0	-618.395	0	-567.689	0	-1026.87	0	-920.846	0	-785.928	0	-1053.23	0	-1546.86	0	-1066.41	0
-950.132	0	-2332.15	0	-769.834	0	-1779.95	0	-891.186	0	-961.431	0	-1164.37	0	-1398.8	0	-1090.31	0	-609.352	0	-1758.14	0	-1063.72	0	-1383.94	0	-969.505	0	-1558.91	0	-1035.24	0	-968.634	0	-618.441	0	-567.689	0	-1026.87	0	-920.851	0	-785.928	0	-1053.23	0	-1546.87	0	-1066.46	0
-950.14	0	-2332.15	0	-769.878	0	-1779.95	0	-891.186	0	-961.436	0	-1164.37	0	-1398.8	0	-1090.31	0	-609.352	0	-1758.14	0	-1063.73	0	-1383.94	0	-969.51	0	-1558.91	0	-1035.24	0	-968.686	0	-618.706	0	-567.689	0	-1026.87	0	-920.856	0	-785.928	0	-1053.24	0	-1546.87	0	-1066.52	0
-950.151	0	-2332.15	0	-769.976	0	-1779.95	0	-891.186	0	-961.443	0	-1164.38	0	-1398.8	0	-1090.32	0	-609.352	0	-1758.14	0	-1063.73	0	-1383.94	0	-969.512	0	-1558.91	0	-1035.24	0	-968.721	0	-619.56	0	-567.69	0	-1026.87	0	-920.88	0	-785.928	0	-1053.25	0	-1546.87	0	-1066.69	0
-950.183	0	-2332.15	0	-770.029	0	-1779.95	0	-891.186	0	-961.448	0	-1164.39	0	-1398.8	0	-1090.32	0	-609.352	0	-1758.14	0	-1063.73	0	-1383.94	0	-969.515	0	-1558.91	0	-1035.24	0	-968.735	0	-619.889	0	-567.69	0	-1026.87	0	-920.89	0	-785.928	0	-1053.26	0	-1546.87	0	-1066.98	0
-950.208	0	-2332.15	0	-770.097	0	-1779.95	0	-891.186	0	-961.455	0	-1164.4	0	-1398.8	0	-1090.32	0	-609.352	0	-1758.14	0	-1063.77	0	-1383.94	0	-969.524	0	-1558.91	0	-1035.25	0	-968.888	0	-619.944	0	-567.69	0	-1026.87	0	-920.904	0	-785.928	0	-1053.29	0	-1546.87	0	-1067.21	0
-950.24	0	-2332.15	0	-770.262	0	-1779.95	0	-891.186	0	-961.458	0	-1164.41	0	-1398.8	0	-1090.32	0	-609.352	0	-1758.14	0	-1063.8	0	-1383.94	0	-969.527	0	-1558.91	0	-1035.25	0	-968.92	0	-620.025	0	-567.691	0	-1026.88	0	-920.926	0	-785.928	0	-1053.33	0	-1546.88	0	-1067.41	0
-950.259	0	-2332.15	0	-770.384	0	-1779.95	0	-891.186	0	-961.46	0	-1164.41	0	-1398.8	0	-1090.32	0	-609.352	0	-1758.14	0	-1063.89	0	-1383.94	0	-969.527	0	-1558.91	0	-1035.26	0	-968.955	0	-620.071	0	-567.691	0	-1026.88	0	-920.955	0	-785.928	0	-1053.36	0	-1546.88	0	-1067.43	0
-950.28	0	-2332.15	0	-770.571	0	-1779.95	0	-891.186	0	-961.462	0	-1164.42	0	-1398.8	0	-1090.33	0	-609.352	0	-1758.14	0	-1063.98	0	-1383.94	0	-969.53	0	-1558.91	0	-1035.26	0	-968.963	0	-620.151	0	-567.691	0	-1026.89	0	-920.976	0	-785.928	0	-1053.37	0	-1546.88	0	-1067.49	0
-950.296	0	-2332.15	0	-770.778	0	-1779.95	0	-891.186	0	-961.47	0	-1164.43	0	-1398.8	0	-1090.33	0	-609.352	0	-1758.14	0	-1064.04	0	-1383.94	0	-969.537	0	-1558.91	0	-1035.26	0	-968.975	0	-620.39	0	-567.691	0	-1026.89	0	-921.026	0	-785.928	0	-1053.39	0	-1546.88	0	-1067.51	0
-950.304	0	-2332.15	0	-770.89	0	-1779.95	0	-891.186	0	-961.476	0	-1164.44	0	-1398.8	0	-1090.33	0	-609.352	0	-1758.14	0	-1064.1	0	-1383.94	0	-969.542	0	-1558.91	0	-1035.26	0	-969.037	0	-620.564	0	-567.692	0	-1026.89	0	-921.071	0	-785.928	0	-1053.4	0	-1546.88	0	-1067.51	0
-950.32	0	-2332.15	0	-770.892	0	-1779.95	0	-891.186	0	-961.482	0	-1164.45	0	-1398.8	0	-1090.33	0	-609.352	0	-1758.14	0	-1064.14	0	-1383.94	0	-969.546	0	-1558.91	0	-1035.26	0	-969.158	0	-620.673	0	-567.692	0	-1026.89	0	-921.092	0	-785.929	0	-1053.42	0	-1546.88	0	-1067.54	0
-950.358	0	-2332.15	0	-771.013	0	-1779.95	0	-891.186	0	-961.497	0	-1164.46	0	-1398.8	0	-1090.33	0	-609.352	0	-1758.14	0	-1064.15	0	-1383.94	0	-969.557	0	-1558.91	0	-1035.26	0	-969.274	0	-620.787	0	-567.692	0	-1026.89	0	-921.101	0	-785.929	0	-1053.44	0	-1546.88	0	-1067.6	0
-950.373	0	-2332.15	0	-771.113	0	-1779.95	0	-891.186	0	-961.498	0	-1164.46	0	-1398.8	0	-1090.33	0	-609.352	0	-1758.14	0	-1064.26	0	-1383.94	0	-969.56	0	-1558.91	0	-1035.27	0	-969.319	0	-620.874	0	-567.694	0	-1026.89	0	-921.115	0	-785.929	0	-1053.46	0	-1546.88	0	-1067.61	0
-950.388	0	-2332.15	0	-771.193	0	-1779.95	0	-891.186	0	-961.499	0	-1164.47	0	-1398.8	0	-1090.33	0	-609.352	0	-1758.14	0	-1064.41	0	-1383.94	0	-969.561	0	-1558.91	0	-1035.28	0	-969.368	0	-621.151	0	-567.695	0	-1026.89	0	-921.125	0	-785.929	0	-1053.5	0	-1546.88	0	-1067.61	0
-950.398	0	-2332.15	0	-771.207	0	-1779.95	0	-891.186	0	-961.503	0	-1164.48	0	-1398.8	0	-1090.33	0	-609.352	0	-1758.14	0	-1064.47	0	-1383.94	0	-969.562	0	-1558.91	0	-1035.29	0	-969.454	0	-622.752	0	-567.695	0	-1026.89	0	-921.13	0	-785.929	0	-1053.52	0	-1546.88	0	-1067.61	0
-950.458	0	-2332.15	0	-771.299	0	-1779.95	0	-891.186	0	-961.509	0	-1164.49	0	-1398.8	0	-1090.34	0	-609.352	0	-1758.14	0	-1064.53	0	-1383.94	0	-969.563	0	-1558.91	0	-1035.3	0	-969.566	0	-623.848	0	-567.695	0	-1026.89	0	-921.134	0	-785.929	0	-1053.54	0	-1546.88	0	-1067.61	0
-950.487	0	-2332.15	0	-771.354	0	-1779.95	0	-891.186	0	-961.514	0	-1164.51	0	-1398.8	0	-1090.35	0	-609.352	0	-1758.14	0	-1064.56	0	-1383.94	0	-969.564	0	-1558.91	0	-1035.32	0	-969.614	0	-623.918	0	-567.695	0	-1026.89	0	-921.137	0	-785.929	0	-1053.56	0	-1546.88	0	-1067.61	0
-950.505	0	-2332.15	0	-771.376	0	-1779.95	0	-891.186	0	-961.524	0	-1164.53	0	-1398.8	0	-1090.37	0	-609.352	0	-1758.14	0	-1064.65	0	-1383.94	0	-969.566	0	-1558.91	0	-1035.36	0	-969.639	0	-624.013	0	-567.695	0	-1026.89	0	-921.137	0	-785.929	0	-1053.57	0	-1546.88	0	-1067.62	0
-950.533	0	-2332.15	0	-771.43	0	-1779.95	0	-891.186	0	-961.526	0	-1164.53	0	-1398.8	0	-1090.38	0	-609.352	0	-1758.14	0	-1064.72	0	-1383.94	0	-969.567	0	-1558.91	0	-1035.42	0	-969.733	0	-624.058	0	-567.696	0	-1026.89	0	-921.139	0	-785.929	0	-1053.59	0	-1546.88	0	-1067.63	0
-950.568	0	-2332.15	0	-771.565	0	-1779.95	0	-891.186	0	-961.527	0	-1164.54	0	-1398.8	0	-1090.38	0	-609.352	0	-1758.14	0	-1064.78	0	-1383.94	0	-969.57	0	-1558.91	0	-1035.46	0	-969.881	0	-624.106	0	-567.698	0	-1026.89	0	-921.139	0	-785.929	0	-1053.6	0	-1546.88	0	-1067.63	0
-950.609	0	-2332.15	0	-771.672	0	-1779.95	0	-891.186	0	-961.531	0	-1164.55	0	-1398.8	0	-1090.39	0	-609.352	0	-1758.14	0	-1064.82	0	-1383.94	0	-969.576	0	-1558.91	0	-1035.5	0	-969.964	0	-624.157	0	-567.701	0	-1026.89	0	-921.143	0	-785.929	0	-1053.6	0	-1546.88	0	-1067.63	0
-950.639	0	-2332.15	0	-771.717	0	-1779.95	0	-891.186	0	-961.531	0	-1164.55	0	-1398.8	0	-1090.39	0	-609.352	0	-1758.14	0	-1064.84	0	-1383.94	0	-969.579	0	-1558.91	0	-1035.52	0	-970.015	0	-624.277	0	-567.703	0	-1026.89	0	-921.163	0	-785.93	0	-1053.6	0	-1546.88	0	-1067.64	0
-950.665	0	-2332.15	0	-771.765	0	-1779.95	0	-891.186	0	-961.532	0	-1164.55	0	-1398.8	0	-1090.39	0	-609.352	0	-1758.14	0	-1064.92	0	-1383.94	0	-969.58	0	-1558.91	0	-1035.54	0	-970.037	0	-624.338	0	-567.705	0	-1026.89	0	-921.233	0	-785.93	0	-1053.61	0	-1546.88	0	-1067.64	0
-950.698	0	-2332.15	0	-771.82	0	-1779.95	0	-891.186	0	-961.534	0	-1164.55	0	-1398.8	0	-1090.39	0	-609.352	0	-1758.14	0	-1064.99	0	-1383.94	0	-969.582	0	-1558.91	0	-1035.58	0	-970.054	0	-624.363	0	-567.708	0	-1026.89	0	-921.358	0	-785.93	0	-1053.63	0	-1546.88	0	-1067.64	0
-950.714	0	-2332.15	0	-772.009	0	-1779.95	0	-891.186	0	-961.535	0	-1164.56	0	-1398.8	0	-1090.4	0	-609.352	0	-1758.14	0	-1065.08	0	-1383.94	0	-969.584	0	-1558.91	0	-1035.73	0	-970.075	0	-624.446	0	-567.71	0	-1026.89	0	-921.614	0	-785.93	0	-1053.64	0	-1546.88	0	-1067.64	0
-950.728	0	-2332.15	0	-772.263	0	-1779.95	0	-891.186	0	-961.535	0	-1164.56	0	-1398.8	0	-1090.4	0	-609.352	0	-1758.14	0	-1065.14	0	-1383.94	0	-969.6	0	-1558.91	0	-1035.81	0	-970.154	0	-624.6	0	-567.71	0	-1026.89	0	-921.782	0	-785.93	0	-1053.67	0	-1546.88	0	-1067.64	0
-950.734	0	-2332.15	0	-772.477	0	-1779.95	0	-891.186	0	-961.536	0	-1164.56	0	-1398.8	0	-1090.4	0	-609.352	0	-1758.14	0	-1065.2	0	-1383.94	0	-969.635	0	-1558.91	0	-1035.87	0	-970.208	0	-624.641	0	-567.71	0	-1026.89	0	-921.816	0	-785.93	0	-1053.68	0	-1546.88	0	-1067.64	0
-950.752	0	-2332.15	0	-772.691	0	-1779.95	0	-891.186	0	-961.537	0	-1164.56	0	-1398.8	0	-1090.4	0	-609.352	0	-1758.14	0	-1065.27	0	-1383.94	0	-969.702	0	-1558.91	0	-1035.9	0	-970.26	0	-624.68	0	-567.71	0	-1026.89	0	-921.969	0	-785.93	0	-1053.69	0	-1546.88	0	-1067.64	0
-950.774	0	-2332.15	0	-772.899	0	-1779.95	0	-891.186	0	-961.578	0	-1164.57	0	-1398.8	0	-1090.41	0	-609.352	0	-1758.14	0	-1065.3	0	-1383.94	0	-969.772	0	-1558.91	0	-1035.97	0	-970.28	0	-624.709	0	-567.71	0	-1026.89	0	-922.021	0	-785.93	0	-1053.7	0	-1546.88	0	-1067.64	0
-950.812	0	-2332.15	0	-772.958	0	-1779.95	0	-891.186	0	-961.634	0	-1164.57	0	-1398.8	0	-1090.41	0	-609.352	0	-1758.14	0	-1065.32	0	-1383.94	0	-969.791	0	-1558.91	0	-1036	0	-970.348	0	-624.769	0	-567.713	0	-1026.89	0	-922.045	0	-785.93	0	-1053.71	0	-1546.88	0	-1067.65	0
-950.86	0	-2332.15	0	-773.069	0	-1779.95	0	-891.186	0	-961.647	0	-1164.57	0	-1398.8	0	-1090.41	0	-609.352	0	-1758.14	0	-1065.34	0	-1383.94	0	-969.798	0	-1558.91	0	-1036.02	0	-970.488	0	-624.922	0	-567.714	0	-1026.89	0	-922.074	0	-785.931	0	-1053.75	0	-1546.88	0	-1067.65	0
-950.868	0	-2332.15	0	-773.139	0	-1779.95	0	-891.186	0	-961.661	0	-1164.58	0	-1398.8	0	-1090.41	0	-609.352	0	-1758.14	0	-1065.46	0	-1383.94	0	-969.814	0	-1558.91	0	-1036.03	0	-970.544	0	-625.081	0	-567.717	0	-1026.9	0	-922.101	0	-785.931	0	-1053.75	0	-1546.88	0	-1067.65	0
-950.892	0	-2332.15	0	-773.316	0	-1779.95	0	-891.186	0	-961.677	0	-1164.58	0	-1398.8	0	-1090.41	0	-609.352	0	-1758.14	0	-1065.48	0	-1383.94	0	-969.827	0	-1558.91	0	-1036.04	0	-970.589	0	-625.137	0	-567.719	0	-1026.9	0	-922.18	0	-785.931	0	-1053.75	0	-1546.88	0	-1067.66	0
-950.933	0	-2332.15	0	-773.409	0	-1779.95	0	-891.186	0	-961.679	0	-1164.58	0	-1398.8	0	-1090.41	0	-609.352	0	-1758.14	0	-1065.5	0	-1383.94	0	-969.847	0	-1558.91	0	-1036.05	0	-970.628	0	-625.148	0	-567.721	0	-1026.9	0	-922.229	0	-785.931	0	-1053.76	0	-1546.88	0	-1067.67	0
-951.004	0	-2332.15	0	-773.438	0	-1779.95	0	-891.186	0	-961.689	0	-1164.59	0	-1398.8	0	-1090.42	0	-609.352	0	-1758.14	0	-1065.54	0	-1383.94	0	-969.851	0	-1558.91	0	-1036.06	0	-970.632	0	-625.187	0	-567.724	0	-1026.9	0	-922.377	0	-785.931	0	-1053.76	0	-1546.88	0	-1067.69	0
-951.059	0	-2332.15	0	-773.548	0	-1779.95	0	-891.186	0	-961.722	0	-1164.6	0	-1398.8	0	-1090.42	0	-609.352	0	-1758.14	0	-1065.55	0	-1383.94	0	-969.855	0	-1558.91	0	-1036.07	0	-970.647	0	-625.205	0	-567.726	0	-1026.9	0	-922.403	0	-785.931	0	-1053.77	0	-1546.88	0	-1067.75	0
-951.15	0	-2332.15	0	-773.618	0	-1779.95	0	-891.186	0	-961.739	0	-1164.6	0	-1398.8	0	-1090.43	0	-609.352	0	-1758.14	0	-1065.57	0	-1383.94	0	-969.864	0	-1558.91	0	-1036.08	0	-970.666	0	-625.233	0	-567.727	0	-1026.9	0	-922.506	0	-785.931	0	-1053.77	0	-1546.88	0	-1067.98	0
-951.183	0	-2332.15	0	-773.672	0	-1779.95	0	-891.186	0	-961.764	0	-1164.62	0	-1398.8	0	-1090.44	0	-609.352	0	-1758.14	0	-1065.61	0	-1383.94	0	-969.886	0	-1558.91	0	-1036.09	0	-970.696	0	-625.311	0	-567.735	0	-1026.9	0	-922.545	0	-785.931	0	-1053.77	0	-1546.88	0	-1068.02	0
-951.279	0	-2332.15	0	-773.716	0	-1779.95	0	-891.186	0	-961.789	0	-1164.62	0	-1398.8	0	-1090.45	0	-609.352	0	-1758.14	0	-1065.65	0	-1383.94	0	-969.898	0	-1558.91	0	-1036.12	0	-970.766	0	-625.391	0	-567.735	0	-1026.9	0	-922.618	0	-785.931	0	-1053.77	0	-1546.88	0	-1068.11	0
-951.282	0	-2332.15	0	-773.735	0	-1779.95	0	-891.186	0	-961.802	0	-1164.63	0	-1398.8	0	-1090.45	0	-609.352	0	-1758.14	0	-1065.73	0	-1383.94	0	-969.901	0	-1558.91	0	-1036.14	0	-970.813	0	-625.522	0	-567.735	0	-1026.9	0	-922.708	0	-785.931	0	-1053.77	0	-1546.88	0	-1068.13	0
-951.288	0	-2332.15	0	-773.749	0	-1779.95	0	-891.186	0	-961.814	0	-1164.64	0	-1398.8	0	-1090.46	0	-609.352	0	-1758.14	0	-1065.78	0	-1383.94	0	-969.912	0	-1558.91	0	-1036.15	0	-970.93	0	-625.618	0	-567.735	0	-1026.9	0	-922.917	0	-785.931	0	-1053.77	0	-1546.88	0	-1068.16	0
-951.31	0	-2332.15	0	-773.799	0	-1779.95	0	-891.186	0	-961.82	0	-1164.64	0	-1398.8	0	-1090.46	0	-609.352	0	-1758.14	0	-1065.83	0	-1383.94	0	-969.93	0	-1558.91	0	-1036.15	0	-971.169	0	-625.963	0	-567.735	0	-1026.9	0	-923.862	0	-785.931	0	-1053.78	0	-1546.88	0	-1068.17	0
-951.322	0	-2332.15	0	-773.827	0	-1779.95	0	-891.186	0	-961.826	0	-1164.64	0	-1398.8	0	-1090.47	0	-609.352	0	-1758.14	0	-1065.88	0	-1383.94	0	-969.94	0	-1558.91	0	-1036.16	0	-971.26	0	-626.245	0	-567.736	0	-1026.9	0	-923.968	0	-785.931	0	-1053.79	0	-1546.88	0	-1068.18	0
-951.323	0	-2332.15	0	-773.902	0	-1779.95	0	-891.186	0	-961.828	0	-1164.64	0	-1398.8	0	-1090.47	0	-609.352	0	-1758.14	0	-1065.92	0	-1383.94	0	-969.946	0	-1558.91	0	-1036.16	0	-971.296	0	-626.509	0	-567.739	0	-1026.9	0	-923.982	0	-785.932	0	-1053.8	0	-1546.88	0	-1068.2	0
-951.324	0	-2332.15	0	-773.965	0	-1779.95	0	-891.186	0	-961.834	0	-1164.65	0	-1398.8	0	-1090.48	0	-609.352	0	-1758.14	0	-1065.95	0	-1383.94	0	-969.96	0	-1558.91	0	-1036.16	0	-971.321	0	-626.759	0	-567.742	0	-1026.9	0	-923.992	0	-785.932	0	-1053.8	0	-1546.88	0	-1068.22	0
-951.328	0	-2332.15	0	-774.001	0	-1779.95	0	-891.186	0	-961.837	0	-1164.66	0	-1398.8	0	-1090.49	0	-609.352	0	-1758.14	0	-1066	0	-1383.94	0	-969.964	0	-1558.91	0	-1036.16	0	-971.37	0	-626.938	0	-567.745	0	-1026.9	0	-923.997	0	-785.932	0	-1053.8	0	-1546.88	0	-1068.22	0
-951.353	0	-2332.15	0	-774.041	0	-1779.95	0	-891.186	0	-961.84	0	-1164.66	0	-1398.8	0	-1090.51	0	-609.352	0	-1758.14	0	-1066.06	0	-1383.94	0	-969.966	0	-1558.91	0	-1036.17	0	-971.38	0	-627.075	0	-567.747	0	-1026.9	0	-924.028	0	-785.932	0	-1053.8	0	-1546.88	0	-1068.24	0
-951.46	0	-2332.15	0	-774.068	0	-1779.95	0	-891.186	0	-961.842	0	-1164.67	0	-1398.8	0	-1090.52	0	-609.352	0	-1758.14	0	-1066.09	0	-1383.94	0	-969.975	0	-1558.91	0	-1036.17	0	-971.427	0	-627.123	0	-567.749	0	-1026.9	0	-924.162	0	-785.932	0	-1053.8	0	-1546.88	0	-1068.24	0
-951.735	0	-2332.15	0	-774.158	0	-1779.95	0	-891.186	0	-961.843	0	-1164.67	0	-1398.8	0	-1090.52	0	-609.352	0	-1758.15	0	-1066.11	0	-1383.94	0	-970.003	0	-1558.91	0	-1036.17	0	-971.438	0	-627.186	0	-567.751	0	-1026.9	0	-924.25	0	-785.932	0	-1053.8	0	-1546.88	0	-1068.25	0
-951.769	0	-2332.15	0	-774.197	0	-1779.95	0	-891.186	0	-961.845	0	-1164.67	0	-1398.8	0	-1090.54	0	-609.352	0	-1758.15	0	-1066.11	0	-1383.94	0	-970.016	0	-1558.91	0	-1036.17	0	-971.477	0	-627.237	0	-567.752	0	-1026.9	0	-924.266	0	-785.932	0	-1053.81	0	-1546.88	0	-1068.25	0
-951.91	0	-2332.15	0	-774.241	0	-1779.95	0	-891.186	0	-961.857	0	-1164.68	0	-1398.8	0	-1090.54	0	-609.352	0	-1758.15	0	-1066.13	0	-1383.94	0	-970.048	0	-1558.91	0	-1036.18	0	-971.494	0	-627.282	0	-567.755	0	-1026.9	0	-924.275	0	-785.932	0	-1053.81	0	-1546.88	0	-1068.26	0
-952.035	0	-2332.15	0	-774.27	0	-1779.95	0	-891.186	0	-961.891	0	-1164.68	0	-1398.8	0	-1090.55	0	-609.352	0	-1758.15	0	-1066.17	0	-1383.94	0	-970.056	0	-1558.91	0	-1036.2	0	-971.524	0	-627.363	0	-567.757	0	-1026.9	0	-924.299	0	-785.933	0	-1053.81	0	-1546.88	0	-1068.27	0
-952.124	0	-2332.15	0	-774.413	0	-1779.95	0	-891.186	0	-961.92	0	-1164.68	0	-1398.8	0	-1090.56	0	-609.352	0	-1758.15	0	-1066.2	0	-1383.94	0	-970.059	0	-1558.91	0	-1036.2	0	-971.618	0	-627.397	0	-567.758	0	-1026.9	0	-924.31	0	-785.933	0	-1053.82	0	-1546.89	0	-1068.27	0
-952.14	0	-2332.15	0	-774.552	0	-1779.95	0	-891.186	0	-961.93	0	-1164.69	0	-1398.8	0	-1090.57	0	-609.352	0	-1758.16	0	-1066.23	0	-1383.94	0	-970.065	0	-1558.91	0	-1036.21	0	-971.808	0	-627.411	0	-567.759	0	-1026.9	0	-924.343	0	-785.933	0	-1053.82	0	-1546.89	0	-1068.27	0
-952.173	0	-2332.15	0	-774.633	0	-1779.95	0	-891.186	0	-961.946	0	-1164.69	0	-1398.8	0	-1090.57	0	-609.352	0	-1758.16	0	-1066.25	0	-1383.94	0	-970.075	0	-1558.91	0	-1036.21	0	-971.821	0	-627.434	0	-567.76	0	-1026.9	0	-924.485	0	-785.933	0	-1053.82	0	-1546.89	0	-1068.28	0
-952.175	0	-2332.15	0	-774.741	0	-1779.95	0	-891.186	0	-961.969	0	-1164.7	0	-1398.8	0	-1090.59	0	-609.352	0	-1758.16	0	-1066.26	0	-1383.94	0	-970.085	0	-1558.91	0	-1036.22	0	-971.854	0	-627.605	0	-567.762	0	-1026.9	0	-924.591	0	-785.933	0	-1053.82	0	-1546.89	0	-1068.31	0
-952.181	0	-2332.15	0	-774.771	0	-1779.95	0	-891.186	0	-961.991	0	-1164.7	0	-1398.8	0	-1090.6	0	-609.352	0	-1758.16	0	-1066.29	0	-1383.94	0	-970.131	0	-1558.91	0	-1036.22	0	-971.899	0	-627.68	0	-567.763	0	-1026.9	0	-924.66	0	-785.933	0	-1053.82	0	-1546.89	0	-1068.41	0
-952.209	0	-2332.15	0	-774.853	0	-1779.95	0	-891.186	0	-962.011	0	-1164.71	0	-1398.8	0	-1090.61	0	-609.352	0	-1758.16	0	-1066.34	0	-1383.94	0	-970.143	0	-1558.91	0	-1036.23	0	-971.911	0	-627.71	0	-567.764	0	-1026.9	0	-924.694	0	-785.933	0	-1053.82	0	-1546.89	0	-1068.5	0
-952.212	0	-2332.15	0	-774.91	0	-1779.95	0	-891.186	0	-962.023	0	-1164.72	0	-1398.8	0	-1090.62	0	-609.352	0	-1758.16	0	-1066.47	0	-1383.94	0	-970.144	0	-1558.91	0	-1036.23	0	-971.921	0	-627.735	0	-567.764	0	-1026.9	0	-924.74	0	-785.933	0	-1053.82	0	-1546.89	0	-1068.53	0
-952.223	0	-2332.15	0	-774.951	0	-1779.95	0	-891.186	0	-962.032	0	-1164.73	0	-1398.8	0	-1090.63	0	-609.352	0	-1758.17	0	-1066.49	0	-1383.94	0	-970.144	0	-1558.91	0	-1036.26	0	-971.937	0	-627.774	0	-567.764	0	-1026.9	0	-924.753	0	-785.934	0	-1053.82	0	-1546.9	0	-1068.53	0
-952.228	0	-2332.15	0	-774.977	0	-1779.95	0	-891.186	0	-962.048	0	-1164.73	0	-1398.8	0	-1090.64	0	-609.352	0	-1758.17	0	-1066.57	0	-1383.94	0	-970.147	0	-1558.91	0	-1036.29	0	-972.035	0	-627.796	0	-567.765	0	-1026.9	0	-924.765	0	-785.934	0	-1053.83	0	-1546.9	0	-1068.54	0
-952.238	0	-2332.15	0	-775.008	0	-1779.95	0	-891.186	0	-962.074	0	-1164.74	0	-1398.8	0	-1090.64	0	-609.352	0	-1758.17	0	-1066.69	0	-1383.94	0	-970.157	0	-1558.91	0	-1036.32	0	-972.084	0	-627.847	0	-567.766	0	-1026.9	0	-924.78	0	-785.934	0	-1053.83	0	-1546.9	0	-1068.55	0
-952.242	0	-2332.15	0	-775.015	0	-1779.96	0	-891.186	0	-962.08	0	-1164.75	0	-1398.8	0	-1090.65	0	-609.352	0	-1758.17	0	-1066.74	0	-1383.94	0	-970.161	0	-1558.91	0	-1036.33	0	-972.127	0	-627.908	0	-567.766	0	-1026.9	0	-924.836	0	-785.934	0	-1053.84	0	-1546.91	0	-1068.56	0
-952.289	0	-2332.15	0	-775.026	0	-1779.96	0	-891.186	0	-962.082	0	-1164.75	0	-1398.8	0	-1090.65	0	-609.352	0	-1758.17	0	-1066.77	0	-1383.94	0	-970.183	0	-1558.91	0	-1036.35	0	-972.151	0	-627.947	0	-567.766	0	-1026.9	0	-924.898	0	-785.934	0	-1053.87	0	-1546.91	0	-1068.58	0
-952.317	0	-2332.15	0	-775.046	0	-1779.96	0	-891.186	0	-962.085	0	-1164.76	0	-1398.8	0	-1090.66	0	-609.352	0	-1758.17	0	-1066.79	0	-1383.94	0	-970.202	0	-1558.91	0	-1036.4	0	-972.19	0	-627.98	0	-567.767	0	-1026.9	0	-924.926	0	-785.934	0	-1053.89	0	-1546.91	0	-1068.58	0
-952.364	0	-2332.15	0	-775.201	0	-1779.96	0	-891.186	0	-962.094	0	-1164.76	0	-1398.8	0	-1090.67	0	-609.352	0	-1758.17	0	-1066.8	0	-1383.94	0	-970.21	0	-1558.91	0	-1036.4	0	-972.214	0	-628.036	0	-567.767	0	-1026.9	0	-924.947	0	-785.934	0	-1053.91	0	-1546.92	0	-1068.58	0
-952.399	0	-2332.15	0	-775.286	0	-1779.96	0	-891.186	0	-962.105	0	-1164.76	0	-1398.8	0	-1090.67	0	-609.352	0	-1758.17	0	-1066.85	0	-1383.94	0	-970.215	0	-1558.91	0	-1036.42	0	-972.238	0	-628.059	0	-567.767	0	-1026.9	0	-924.958	0	-785.934	0	-1053.91	0	-1546.92	0	-1068.6	0
-952.408	0	-2332.15	0	-775.4	0	-1779.96	0	-891.186	0	-962.115	0	-1164.77	0	-1398.8	0	-1090.68	0	-609.352	0	-1758.18	0	-1066.87	0	-1383.94	0	-970.217	0	-1558.91	0	-1036.44	0	-972.244	0	-628.099	0	-567.767	0	-1026.9	0	-924.985	0	-785.934	0	-1053.91	0	-1546.92	0	-1068.61	0
-952.41	0	-2332.15	0	-775.409	0	-1779.96	0	-891.186	0	-962.121	0	-1164.78	0	-1398.8	0	-1090.68	0	-609.352	0	-1758.18	0	-1066.88	0	-1383.94	0	-970.219	0	-1558.91	0	-1036.46	0	-972.3	0	-628.177	0	-567.768	0	-1026.9	0	-925.019	0	-785.934	0	-1053.92	0	-1546.92	0	-1068.63	0
-952.411	0	-2332.15	0	-775.441	0	-1779.96	0	-891.186	0	-962.133	0	-1164.79	0	-1398.8	0	-1090.69	0	-609.352	0	-1758.18	0	-1066.88	0	-1383.94	0	-970.221	0	-1558.91	0	-1036.47	0	-972.328	0	-628.195	0	-567.768	0	-1026.91	0	-925.062	0	-785.935	0	-1053.92	0	-1546.92	0	-1068.64	0
-952.413	0	-2332.15	0	-775.521	0	-1779.96	0	-891.186	0	-962.136	0	-1164.8	0	-1398.8	0	-1090.69	0	-609.352	0	-1758.18	0	-1066.89	0	-1383.94	0	-970.227	0	-1558.91	0	-1036.47	0	-972.373	0	-628.297	0	-567.768	0	-1026.91	0	-925.095	0	-785.935	0	-1053.92	0	-1546.92	0	-1068.64	0
-952.417	0	-2332.15	0	-775.638	0	-1779.96	0	-891.186	0	-962.141	0	-1164.8	0	-1398.8	0	-1090.69	0	-609.352	0	-1758.19	0	-1066.94	0	-1383.94	0	-970.228	0	-1558.91	0	-1036.47	0	-972.442	0	-628.6	0	-567.768	0	-1026.91	0	-925.121	0	-785.935	0	-1053.93	0	-1546.92	0	-1068.66	0
-952.421	0	-2332.15	0	-775.719	0	-1779.96	0	-891.186	0	-962.146	0	-1164.8	0	-1398.8	0	-1090.7	0	-609.352	0	-1758.19	0	-1066.98	0	-1383.94	0	-970.23	0	-1558.91	0	-1036.48	0	-972.506	0	-628.888	0	-567.768	0	-1026.91	0	-925.154	0	-785.935	0	-1053.94	0	-1546.92	0	-1068.66	0
-952.423	0	-2332.15	0	-775.768	0	-1779.96	0	-891.186	0	-962.15	0	-1164.81	0	-1398.8	0	-1090.7	0	-609.352	0	-1758.19	0	-1067	0	-1383.94	0	-970.243	0	-1558.91	0	-1036.48	0	-972.552	0	-629.064	0	-567.768	0	-1026.91	0	-925.161	0	-785.935	0	-1053.94	0	-1546.92	0	-1068.72	0
-952.432	0	-2332.15	0	-775.819	0	-1779.96	0	-891.186	0	-962.158	0	-1164.81	0	-1398.8	0	-1090.7	0	-609.352	0	-1758.19	0	-1067.01	0	-1383.94	0	-970.255	0	-1558.91	0	-1036.48	0	-972.578	0	-629.141	0	-567.769	0	-1026.91	0	-925.178	0	-785.935	0	-1053.95	0	-1546.93	0	-1068.75	0
-952.489	0	-2332.15	0	-775.848	0	-1779.96	0	-891.186	0	-962.178	0	-1164.81	0	-1398.8	0	-1090.71	0	-609.352	0	-1758.19	0	-1067.01	0	-1383.94	0	-970.275	0	-1558.91	0	-1036.48	0	-972.599	0	-629.673	0	-567.769	0	-1026.91	0	-925.206	0	-785.935	0	-1053.95	0	-1546.93	0	-1068.75	0
-952.592	0	-2332.15	0	-775.982	0	-1779.96	0	-891.186	0	-962.196	0	-1164.81	0	-1398.8	0	-1090.72	0	-609.352	0	-1758.19	0	-1067.02	0	-1383.94	0	-970.289	0	-1558.91	0	-1036.48	0	-972.676	0	-629.705	0	-567.769	0	-1026.91	0	-925.213	0	-785.935	0	-1053.95	0	-1546.93	0	-1068.75	0
-952.623	0	-2332.15	0	-775.999	0	-1779.96	0	-891.186	0	-962.206	0	-1164.81	0	-1398.8	0	-1090.72	0	-609.352	0	-1758.19	0	-1067.03	0	-1383.94	0	-970.294	0	-1558.91	0	-1036.49	0	-972.739	0	-629.971	0	-567.769	0	-1026.91	0	-925.228	0	-785.936	0	-1053.95	0	-1546.93	0	-1068.75	0
-952.65	0	-2332.15	0	-776.006	0	-1779.96	0	-891.186	0	-962.216	0	-1164.81	0	-1398.8	0	-1090.72	0	-609.352	0	-1758.19	0	-1067.05	0	-1383.94	0	-970.304	0	-1558.91	0	-1036.5	0	-972.854	0	-630.38	0	-567.77	0	-1026.91	0	-925.243	0	-785.936	0	-1053.95	0	-1546.93	0	-1068.75	0
-952.666	0	-2332.15	0	-776.01	0	-1779.96	0	-891.186	0	-962.221	0	-1164.81	0	-1398.8	0	-1090.73	0	-609.352	0	-1758.19	0	-1067.08	0	-1383.94	0	-970.315	0	-1558.91	0	-1036.51	0	-972.982	0	-630.411	0	-567.77	0	-1026.91	0	-925.258	0	-785.936	0	-1053.95	0	-1546.93	0	-1068.75	0
-952.706	0	-2332.15	0	-776.013	0	-1779.96	0	-891.186	0	-962.233	0	-1164.81	0	-1398.8	0	-1090.74	0	-609.352	0	-1758.19	0	-1067.09	0	-1383.94	0	-970.32	0	-1558.91	0	-1036.51	0	-973.08	0	-630.531	0	-567.77	0	-1026.91	0	-925.268	0	-785.936	0	-1053.95	0	-1546.93	0	-1068.75	0
-952.718	0	-2332.15	0	-776.041	0	-1779.96	0	-891.186	0	-962.244	0	-1164.81	0	-1398.8	0	-1090.74	0	-609.352	0	-1758.2	0	-1067.11	0	-1383.94	0	-970.329	0	-1558.91	0	-1036.51	0	-973.229	0	-631.115	0	-567.77	0	-1026.91	0	-925.289	0	-785.936	0	-1053.96	0	-1546.93	0	-1068.76	0
-952.721	0	-2332.15	0	-776.098	0	-1779.96	0	-891.186	0	-962.278	0	-1164.82	0	-1398.8	0	-1090.74	0	-609.352	0	-1758.2	0	-1067.12	0	-1383.94	0	-970.342	0	-1558.91	0	-1036.52	0	-973.292	0	-631.312	0	-567.77	0	-1026.91	0	-925.348	0	-785.937	0	-1053.96	0	-1546.93	0	-1068.76	0
-952.724	0	-2332.15	0	-776.345	0	-1779.96	0	-891.186	0	-962.29	0	-1164.82	0	-1398.8	0	-1090.74	0	-609.352	0	-1758.2	0	-1067.15	0	-1383.94	0	-970.349	0	-1558.91	0	-1036.52	0	-973.361	0	-631.548	0	-567.77	0	-1026.91	0	-925.355	0	-785.937	0	-1053.96	0	-1546.93	0	-1068.76	0
-952.735	0	-2332.15	0	-776.357	0	-1779.96	0	-891.186	0	-962.312	0	-1164.82	0	-1398.8	0	-1090.74	0	-609.352	0	-1758.2	0	-1067.16	0	-1383.94	0	-970.36	0	-1558.91	0	-1036.52	0	-973.521	0	-631.563	0	-567.771	0	-1026.91	0	-925.4	0	-785.937	0	-1053.97	0	-1546.93	0	-1068.81	0
-952.747	0	-2332.15	0	-776.399	0	-1779.96	0	-891.186	0	-962.335	0	-1164.82	0	-1398.8	0	-1090.74	0	-609.352	0	-1758.2	0	-1067.2	0	-1383.94	0	-970.375	0	-1558.91	0	-1036.52	0	-973.671	0	-631.571	0	-567.771	0	-1026.91	0	-925.438	0	-785.937	0	-1053.97	0	-1546.93	0	-1068.94	0
-952.761	0	-2332.15	0	-776.429	0	-1779.96	0	-891.186	0	-962.359	0	-1164.82	0	-1398.81	0	-1090.74	0	-609.352	0	-1758.2	0	-1067.23	0	-1383.94	0	-970.38	0	-1558.91	0	-1036.52	0	-973.75	0	-631.599	0	-567.771	0	-1026.91	0	-925.444	0	-785.937	0	-1053.97	0	-1546.93	0	-1068.99	0
-952.77	0	-2332.15	0	-776.485	0	-1779.97	0	-891.186	0	-962.403	0	-1164.82	0	-1398.81	0	-1090.74	0	-609.352	0	-1758.2	0	-1067.26	0	-1383.94	0	-970.382	0	-1558.91	0	-1036.52	0	-973.842	0	-631.645	0	-567.771	0	-1026.91	0	-925.459	0	-785.937	0	-1053.97	0	-1546.93	0	-1069.07	0
-952.779	0	-2332.15	0	-776.525	0	-1779.98	0	-891.186	0	-962.419	0	-1164.82	0	-1398.81	0	-1090.74	0	-609.352	0	-1758.2	0	-1067.28	0	-1383.94	0	-970.383	0	-1558.91	0	-1036.53	0	-973.915	0	-631.656	0	-567.771	0	-1026.91	0	-925.481	0	-785.937	0	-1053.98	0	-1546.93	0	-1069.2	0
-952.782	0	-2332.15	0	-776.615	0	-1779.99	0	-891.186	0	-962.444	0	-1164.82	0	-1398.82	0	-1090.75	0	-609.352	0	-1758.2	0	-1067.3	0	-1383.94	0	-970.406	0	-1558.91	0	-1036.54	0	-973.939	0	-631.767	0	-567.771	0	-1026.91	0	-925.491	0	-785.937	0	-1053.98	0	-1546.93	0	-1069.36	0
-952.784	0	-2332.15	0	-776.695	0	-1780	0	-891.186	0	-962.464	0	-1164.82	0	-1398.82	0	-1090.75	0	-609.352	0	-1758.2	0	-1067.33	0	-1383.94	0	-970.421	0	-1558.91	0	-1036.55	0	-973.958	0	-632.004	0	-567.771	0	-1026.91	0	-925.52	0	-785.937	0	-1053.98	0	-1546.93	0	-1069.54	0
-952.795	0	-2332.15	0	-776.726	0	-1780.01	0	-891.186	0	-962.474	0	-1164.82	0	-1398.82	0	-1090.75	0	-609.352	0	-1758.2	0	-1067.34	0	-1383.94	0	-970.436	0	-1558.91	0	-1036.56	0	-974.02	0	-632.382	0	-567.771	0	-1026.91	0	-925.536	0	-785.938	0	-1053.98	0	-1546.93	0	-1069.66	0
-952.803	0	-2332.15	0	-776.796	0	-1780.03	0	-891.186	0	-962.485	0	-1164.82	0	-1398.82	0	-1090.75	0	-609.352	0	-1758.2	0	-1067.35	0	-1383.94	0	-970.45	0	-1558.91	0	-1036.57	0	-974.032	0	-632.611	0	-567.771	0	-1026.91	0	-925.552	0	-785.938	0	-1053.99	0	-1546.93	0	-1069.76	0
-952.816	0	-2332.15	0	-776.855	0	-1780.06	0	-891.186	0	-962.506	0	-1164.82	0	-1398.82	0	-1090.75	0	-609.352	0	-1758.2	0	-1067.41	0	-1383.94	0	-970.484	0	-1558.91	0	-1036.57	0	-974.034	0	-633.069	0	-567.771	0	-1026.91	0	-925.577	0	-785.938	0	-1054	0	-1546.93	0	-1069.92	0
-952.84	0	-2332.15	0	-777.113	0	-1780.09	0	-891.188	0	-962.537	0	-1164.82	0	-1398.82	0	-1090.75	0	-609.352	0	-1758.2	0	-1067.45	0	-1383.94	0	-970.511	0	-1558.91	0	-1036.57	0	-974.085	0	-633.452	0	-567.771	0	-1026.91	0	-925.75	0	-785.938	0	-1054	0	-1546.93	0	-1070.02	0
-952.86	0	-2332.15	0	-777.351	0	-1780.12	0	-891.19	0	-962.577	0	-1164.82	0	-1398.83	0	-1090.75	0	-609.352	0	-1758.2	0	-1067.52	0	-1383.94	0	-970.572	0	-1558.91	0	-1036.58	0	-974.287	0	-633.675	0	-567.771	0	-1026.91	0	-925.899	0	-785.938	0	-1054.01	0	-1546.93	0	-1070.12	0
-952.903	0	-2332.15	0	-777.532	0	-1780.12	0	-891.193	0	-962.608	0	-1164.82	0	-1398.83	0	-1090.75	0	-609.352	0	-1758.2	0	-1067.54	0	-1383.94	0	-970.603	0	-1558.91	0	-1036.58	0	-974.644	0	-633.945	0	-567.771	0	-1026.91	0	-925.985	0	-785.939	0	-1054.02	0	-1546.93	0	-1070.15	0
-952.941	0	-2332.15	0	-777.535	0	-1780.12	0	-891.193	0	-962.614	0	-1164.82	0	-1398.83	0	-1090.77	0	-609.352	0	-1758.2	0	-1067.56	0	-1383.94	0	-970.614	0	-1558.91	0	-1036.6	0	-975.15	0	-634.117	0	-567.772	0	-1026.91	0	-926.166	0	-785.939	0	-1054.02	0	-1546.93	0	-1070.3	0
-952.989	0	-2332.15	0	-777.559	0	-1780.12	0	-891.194	0	-962.639	0	-1164.82	0	-1398.83	0	-1090.78	0	-609.352	0	-1758.2	0	-1067.59	0	-1383.94	0	-970.628	0	-1558.91	0	-1036.62	0	-975.536	0	-634.511	0	-567.772	0	-1026.91	0	-926.357	0	-785.939	0	-1054.04	0	-1546.93	0	-1070.4	0
-953.033	0	-2332.15	0	-777.586	0	-1780.13	0	-891.194	0	-962.665	0	-1164.82	0	-1398.84	0	-1090.8	0	-609.352	0	-1758.2	0	-1067.67	0	-1383.94	0	-970.644	0	-1558.91	0	-1036.63	0	-975.841	0	-634.846	0	-567.772	0	-1026.91	0	-926.41	0	-785.939	0	-1054.04	0	-1546.93	0	-1070.59	0
-953.05	0	-2332.15	0	-777.607	0	-1780.14	0	-891.196	0	-962.68	0	-1164.82	0	-1398.84	0	-1090.8	0	-609.352	0	-1758.2	0	-1067.69	0	-1383.94	0	-970.678	0	-1558.91	0	-1036.64	0	-975.891	0	-635.051	0	-567.772	0	-1026.91	0	-926.513	0	-785.939	0	-1054.05	0	-1546.93	0	-1070.76	0
-953.07	0	-2332.15	0	-777.61	0	-1780.15	0	-891.196	0	-962.694	0	-1164.82	0	-1398.84	0	-1090.81	0	-609.352	0	-1758.2	0	-1067.71	0	-1383.94	0	-970.712	0	-1558.91	0	-1036.65	0	-975.92	0	-635.291	0	-567.772	0	-1026.91	0	-926.585	0	-785.94	0	-1054.05	0	-1546.93	0	-1070.92	0
-953.076	0	-2332.15	0	-777.615	0	-1780.16	0	-891.197	0	-962.715	0	-1164.82	0	-1398.84	0	-1090.81	0	-609.352	0	-1758.2	0	-1067.71	0	-1383.94	0	-970.731	0	-1558.91	0	-1036.66	0	-975.959	0	-635.546	0	-567.772	0	-1026.91	0	-926.676	0	-785.94	0	-1054.06	0	-1546.93	0	-1071.04	0
-953.097	0	-2332.15	0	-777.621	0	-1780.17	0	-891.197	0	-962.736	0	-1164.82	0	-1398.84	0	-1090.82	0	-609.352	0	-1758.2	0	-1067.71	0	-1383.94	0	-970.746	0	-1558.91	0	-1036.68	0	-975.996	0	-635.773	0	-567.772	0	-1026.91	0	-926.744	0	-785.94	0	-1054.06	0	-1546.93	0	-1071.22	0
-953.137	0	-2332.15	0	-777.664	0	-1780.18	0	-891.198	0	-962.741	0	-1164.82	0	-1398.84	0	-1090.82	0	-609.352	0	-1758.2	0	-1067.71	0	-1383.94	0	-970.755	0	-1558.91	0	-1036.68	0	-976	0	-635.876	0	-567.772	0	-1026.91	0	-926.867	0	-785.94	0	-1054.06	0	-1546.93	0	-1071.34	0
-953.164	0	-2332.15	0	-777.811	0	-1780.19	0	-891.199	0	-962.746	0	-1164.82	0	-1398.84	0	-1090.83	0	-609.352	0	-1758.2	0	-1067.72	0	-1383.94	0	-970.761	0	-1558.91	0	-1036.7	0	-976.013	0	-636.123	0	-567.772	0	-1026.91	0	-927.088	0	-785.94	0	-1054.07	0	-1546.93	0	-1071.45	0
-953.213	0	-2332.15	0	-777.924	0	-1780.3	0	-891.199	0	-962.756	0	-1164.82	0	-1398.84	0	-1090.83	0	-609.352	0	-1758.2	0	-1067.75	0	-1383.94	0	-970.765	0	-1558.91	0	-1036.75	0	-976.043	0	-636.301	0	-567.772	0	-1026.91	0	-927.385	0	-785.942	0	-1054.07	0	-1546.93	0	-1071.6	0
-953.326	0	-2332.15	0	-778.079	0	-1780.32	0	-891.2	0	-962.785	0	-1164.82	0	-1398.84	0	-1090.83	0	-609.352	0	-1758.2	0	-1067.79	0	-1383.94	0	-970.77	0	-1558.91	0	-1036.79	0	-976.183	0	-636.363	0	-567.772	0	-1026.91	0	-927.561	0	-785.943	0	-1054.07	0	-1546.93	0	-1071.71	0
-953.567	0	-2332.15	0	-778.171	0	-1780.32	0	-891.2	0	-962.794	0	-1164.82	0	-1398.84	0	-1090.83	0	-609.352	0	-1758.2	0	-1067.81	0	-1383.94	0	-970.774	0	-1558.91	0	-1036.82	0	-976.511	0	-636.37	0	-567.772	0	-1026.91	0	-927.714	0	-785.944	0	-1054.07	0	-1546.93	0	-1071.8	0
-953.703	0	-2332.15	0	-778.26	0	-1780.33	0	-891.201	0	-962.796	0	-1164.82	0	-1398.84	0	-1090.83	0	-609.352	0	-1758.2	0	-1067.84	0	-1383.94	0	-970.782	0	-1558.91	0	-1036.86	0	-976.689	0	-636.372	0	-567.772	0	-1026.91	0	-927.767	0	-785.944	0	-1054.08	0	-1546.93	0	-1071.9	0
-953.804	0	-2332.15	0	-778.41	0	-1780.36	0	-891.201	0	-962.805	0	-1164.82	0	-1398.84	0	-1090.83	0	-609.352	0	-1758.2	0	-1067.85	0	-1383.94	0	-970.788	0	-1558.91	0	-1036.88	0	-976.967	0	-636.386	0	-567.772	0	-1026.91	0	-927.819	0	-785.944	0	-1054.09	0	-1546.93	0	-1071.95	0
-953.867	0	-2332.15	0	-778.482	0	-1780.37	0	-891.201	0	-962.815	0	-1164.82	0	-1398.84	0	-1090.83	0	-609.352	0	-1758.2	0	-1067.88	0	-1383.94	0	-970.789	0	-1558.91	0	-1036.91	0	-977.115	0	-636.498	0	-567.772	0	-1026.91	0	-927.902	0	-785.944	0	-1054.1	0	-1546.93	0	-1072.09	0
-954.008	0	-2332.15	0	-778.528	0	-1780.37	0	-891.202	0	-962.818	0	-1164.82	0	-1398.84	0	-1090.86	0	-609.352	0	-1758.2	0	-1067.94	0	-1383.94	0	-970.792	0	-1558.91	0	-1036.92	0	-977.262	0	-637.18	0	-567.772	0	-1026.91	0	-928.053	0	-785.945	0	-1054.12	0	-1546.93	0	-1072.27	0
-954.078	0	-2332.15	0	-778.614	0	-1780.38	0	-891.202	0	-962.824	0	-1164.82	0	-1398.84	0	-1090.86	0	-609.352	0	-1758.2	0	-1067.97	0	-1383.94	0	-970.823	0	-1558.91	0	-1036.95	0	-978.072	0	-640.64	0	-567.772	0	-1026.91	0	-928.103	0	-785.945	0	-1054.13	0	-1546.93	0	-1072.52	0
-954.209	0	-2332.15	0	-778.675	0	-1780.38	0	-891.202	0	-962.828	0	-1164.82	0	-1398.84	0	-1090.87	0	-609.352	0	-1758.2	0	-1068	0	-1383.94	0	-970.871	0	-1558.91	0	-1036.96	0	-978.121	0	-640.641	0	-567.772	0	-1026.91	0	-928.152	0	-785.945	0	-1054.15	0	-1546.93	0	-1072.65	0
-954.343	0	-2332.15	0	-778.72	0	-1780.38	0	-891.202	0	-962.84	0	-1164.82	0	-1398.84	0	-1090.87	0	-609.352	0	-1758.2	0	-1068.04	0	-1383.94	0	-970.894	0	-1558.91	0	-1036.99	0	-978.167	0	-640.643	0	-567.772	0	-1026.91	0	-928.183	0	-785.945	0	-1054.16	0	-1546.93	0	-1072.8	0
-954.444	0	-2332.15	0	-778.791	0	-1780.38	0	-891.202	0	-962.871	0	-1164.82	0	-1398.84	0	-1090.87	0	-609.352	0	-1758.2	0	-1068.07	0	-1383.95	0	-970.915	0	-1558.91	0	-1037.04	0	-978.377	0	-640.652	0	-567.772	0	-1026.91	0	-928.252	0	-785.945	0	-1054.17	0	-1546.93	0	-1072.93	0
-954.556	0	-2332.15	0	-778.917	0	-1780.38	0	-891.202	0	-962.887	0	-1164.82	0	-1398.84	0	-1090.87	0	-609.352	0	-1758.2	0	-1068.09	0	-1383.95	0	-970.934	0	-1558.91	0	-1037.07	0	-979.217	0	-640.746	0	-567.772	0	-1026.92	0	-928.376	0	-785.945	0	-1054.18	0	-1546.93	0	-1073.02	0
-954.677	0	-2332.15	0	-778.983	0	-1780.38	0	-891.202	0	-962.907	0	-1164.82	0	-1398.84	0	-1090.88	0	-609.352	0	-1758.2	0	-1068.12	0	-1383.95	0	-970.943	0	-1558.91	0	-1037.1	0	-979.335	0	-640.835	0	-567.772	0	-1026.92	0	-928.468	0	-785.945	0	-1054.18	0	-1546.93	0	-1073.11	0
-954.772	0	-2332.15	0	-779.03	0	-1780.38	0	-891.202	0	-962.925	0	-1164.82	0	-1398.84	0	-1090.88	0	-609.352	0	-1758.2	0	-1068.13	0	-1383.95	0	-970.957	0	-1558.91	0	-1037.11	0	-979.342	0	-640.959	0	-567.772	0	-1026.92	0	-928.527	0	-785.945	0	-1054.2	0	-1546.93	0	-1073.23	0
-954.883	0	-2332.15	0	-779.135	0	-1780.38	0	-891.202	0	-962.932	0	-1164.82	0	-1398.84	0	-1090.89	0	-609.352	0	-1758.2	0	-1068.14	0	-1383.95	0	-970.965	0	-1558.91	0	-1037.13	0	-979.35	0	-641.088	0	-567.772	0	-1026.92	0	-928.563	0	-785.945	0	-1054.24	0	-1546.93	0	-1073.34	0
-954.949	0	-2332.15	0	-779.224	0	-1780.38	0	-891.202	0	-962.954	0	-1164.82	0	-1398.84	0	-1090.9	0	-609.352	0	-1758.2	0	-1068.15	0	-1383.95	0	-970.982	0	-1558.91	0	-1037.14	0	-979.38	0	-641.281	0	-567.772	0	-1026.92	0	-928.605	0	-785.945	0	-1054.28	0	-1546.93	0	-1073.41	0
-955.02	0	-2332.15	0	-779.28	0	-1780.38	0	-891.202	0	-962.959	0	-1164.82	0	-1398.84	0	-1090.9	0	-609.352	0	-1758.2	0	-1068.15	0	-1383.95	0	-970.987	0	-1558.91	0	-1037.15	0	-979.515	0	-641.47	0	-567.772	0	-1026.92	0	-928.642	0	-785.945	0	-1054.3	0	-1546.93	0	-1073.52	0
-955.082	0	-2332.15	0	-779.347	0	-1780.38	0	-891.202	0	-962.962	0	-1164.82	0	-1398.84	0	-1090.91	0	-609.352	0	-1758.2	0	-1068.15	0	-1383.95	0	-970.996	0	-1558.91	0	-1037.16	0	-980.334	0	-641.635	0	-567.772	0	-1026.92	0	-928.656	0	-785.945	0	-1054.31	0	-1546.93	0	-1073.63	0
-955.138	0	-2332.15	0	-779.395	0	-1780.38	0	-891.203	0	-962.965	0	-1164.82	0	-1398.84	0	-1090.91	0	-609.352	0	-1758.2	0	-1068.16	0	-1383.95	0	-971.002	0	-1558.91	0	-1037.17	0	-980.762	0	-641.691	0	-567.772	0	-1026.92	0	-928.666	0	-785.945	0	-1054.33	0	-1546.93	0	-1073.69	0
-955.183	0	-2332.15	0	-779.475	0	-1780.38	0	-891.203	0	-962.965	0	-1164.82	0	-1398.84	0	-1090.91	0	-609.352	0	-1758.2	0	-1068.18	0	-1383.95	0	-971.002	0	-1558.91	0	-1037.17	0	-980.902	0	-641.727	0	-567.772	0	-1026.92	0	-928.67	0	-785.946	0	-1054.35	0	-1546.93	0	-1073.73	0
-955.259	0	-2332.15	0	-779.523	0	-1780.38	0	-891.203	0	-962.966	0	-1164.82	0	-1398.84	0	-1090.91	0	-609.352	0	-1758.2	0	-1068.19	0	-1383.95	0	-971.008	0	-1558.91	0	-1037.17	0	-980.929	0	-641.77	0	-567.772	0	-1026.92	0	-928.68	0	-785.946	0	-1054.36	0	-1546.93	0	-1073.76	0
-955.335	0	-2332.15	0	-779.609	0	-1780.38	0	-891.203	0	-962.969	0	-1164.82	0	-1398.84	0	-1090.91	0	-609.352	0	-1758.2	0	-1068.21	0	-1383.95	0	-971.022	0	-1558.91	0	-1037.19	0	-980.95	0	-641.85	0	-567.772	0	-1026.92	0	-928.69	0	-785.946	0	-1054.37	0	-1546.93	0	-1073.8	0
-955.416	0	-2332.15	0	-779.657	0	-1780.38	0	-891.203	0	-962.972	0	-1164.82	0	-1398.84	0	-1090.91	0	-609.352	0	-1758.2	0	-1068.21	0	-1383.95	0	-971.035	0	-1558.91	0	-1037.2	0	-980.951	0	-641.972	0	-567.772	0	-1026.92	0	-928.694	0	-785.946	0	-1054.37	0	-1546.93	0	-1073.83	0
-955.455	0	-2332.15	0	-779.705	0	-1780.38	0	-891.203	0	-962.975	0	-1164.82	0	-1398.84	0	-1090.91	0	-609.352	0	-1758.2	0	-1068.23	0	-1383.95	0	-971.056	0	-1558.91	0	-1037.2	0	-980.952	0	-642.052	0	-567.772	0	-1026.92	0	-928.697	0	-785.946	0	-1054.38	0	-1546.93	0	-1073.86	0
-955.468	0	-2332.15	0	-779.787	0	-1780.38	0	-891.203	0	-962.98	0	-1164.82	0	-1398.84	0	-1090.91	0	-609.352	0	-1758.2	0	-1068.32	0	-1383.95	0	-971.062	0	-1558.91	0	-1037.21	0	-980.952	0	-642.084	0	-567.772	0	-1026.92	0	-928.7	0	-785.946	0	-1054.38	0	-1546.93	0	-1073.87	0
-955.528	0	-2332.15	0	-779.872	0	-1780.38	0	-891.203	0	-962.982	0	-1164.82	0	-1398.84	0	-1090.91	0	-609.352	0	-1758.2	0	-1068.36	0	-1383.95	0	-971.078	0	-1558.91	0	-1037.21	0	-980.96	0	-642.141	0	-567.772	0	-1026.92	0	-928.703	0	-785.946	0	-1054.39	0	-1546.93	0	-1073.87	0
-955.576	0	-2332.15	0	-779.959	0	-1780.38	0	-891.203	0	-962.986	0	-1164.82	0	-1398.84	0	-1090.91	0	-609.352	0	-1758.2	0	-1068.4	0	-1383.95	0	-971.087	0	-1558.91	0	-1037.21	0	-980.987	0	-642.23	0	-567.772	0	-1026.92	0	-928.722	0	-785.946	0	-1054.39	0	-1546.93	0	-1073.87	0
-955.611	0	-2332.15	0	-780.013	0	-1780.38	0	-891.203	0	-963.029	0	-1164.82	0	-1398.84	0	-1090.91	0	-609.352	0	-1758.2	0	-1068.43	0	-1383.95	0	-971.104	0	-1558.91	0	-1037.21	0	-981.068	0	-642.284	0	-567.772	0	-1026.92	0	-928.758	0	-785.946	0	-1054.39	0	-1546.93	0	-1073.89	0
-955.644	0	-2332.15	0	-780.104	0	-1780.38	0	-891.203	0	-963.06	0	-1164.82	0	-1398.84	0	-1090.91	0	-609.352	0	-1758.2	0	-1068.49	0	-1383.95	0	-971.109	0	-1558.91	0	-1037.23	0	-981.095	0	-642.334	0	-567.772	0	-1026.92	0	-928.779	0	-785.947	0	-1054.4	0	-1546.93	0	-1073.99	0
-955.671	0	-2332.15	0	-780.143	0	-1780.38	0	-891.203	0	-963.088	0	-1164.82	0	-1398.84	0	-1090.91	0	-609.352	0	-1758.2	0	-1068.51	0	-1383.95	0	-971.111	0	-1558.91	0	-1037.25	0	-981.128	0	-642.357	0	-567.772	0	-1026.92	0	-928.782	0	-785.947	0	-1054.41	0	-1546.93	0	-1074.04	0
-955.709	0	-2332.15	0	-780.18	0	-1780.38	0	-891.203	0	-963.118	0	-1164.82	0	-1398.84	0	-1090.92	0	-609.352	0	-1758.2	0	-1068.54	0	-1383.95	0	-971.113	0	-1558.91	0	-1037.28	0	-981.148	0	-642.389	0	-567.772	0	-1026.92	0	-928.787	0	-785.947	0	-1054.41	0	-1546.93	0	-1074.05	0
-955.724	0	-2332.15	0	-780.235	0	-1780.38	0	-891.204	0	-963.173	0	-1164.82	0	-1398.84	0	-1090.92	0	-609.352	0	-1758.2	0	-1068.56	0	-1383.95	0	-971.118	0	-1558.91	0	-1037.3	0	-981.159	0	-642.412	0	-567.772	0	-1026.92	0	-928.797	0	-785.947	0	-1054.42	0	-1546.93	0	-1074.12	0
-955.769	0	-2332.15	0	-780.281	0	-1780.38	0	-891.204	0	-963.23	0	-1164.82	0	-1398.84	0	-1090.93	0	-609.352	0	-1758.2	0	-1068.58	0	-1383.95	0	-971.123	0	-1558.91	0	-1037.32	0	-981.182	0	-642.416	0	-567.772	0	-1026.92	0	-928.815	0	-785.947	0	-1054.42	0	-1546.93	0	-1074.18	0
-955.769	0	-2332.15	0	-780.281	0	-1780.38	0	-891.204	0	-963.233	0	-1164.82	0	-1398.84	0	-1090.93	0	-609.352	0	-1758.2	0	-1068.58	0	-1383.95	0	-971.123	0	-1558.91	0	-1037.32	0	-981.182	0	-642.416	0	-567.772	0	-1026.92	0	-928.815	0	-785.947	0	-1054.42	0	-1546.93	0	-1074.18	0
-955.769	0	-2332.15	0	-780.281	0	-1780.38	0	-891.204	0	-963.233	0	-1164.82	0	-1398.84	0	-1090.93	0	-609.352	0	-1758.2	0	-1068.58	0	-1383.95	0	-971.123	0	-1558.91	0	-1037.32	0	-981.182	0	-642.416	0	-567.772	0	-1026.92	0	-928.815	0	-785.947	0	-1054.42	0	-1546.93	0	-1074.18	0
-955.769	0	-2332.15	0	-780.281	0	-1780.38	0	-891.204	0	-963.233	0	-1164.82	0	-1398.84	0	-1090.93	0	-609.352	0	-1758.2	0	-1068.58	0	-1383.95	0	-971.123	0	-1558.91	0	-1037.32	0	-981.182	0	-642.416	0	-567.772	0	-1026.92	0	-928.815	0	-785.947	0	-1054.42	0	-1546.93	0	-1074.18	0
-955.769	0	-2332.15	0	-780.281	0	-1780.38	0	-891.204	0	-963.233	0	-1164.82	0	-1398.84	0	-1090.93	0	-609.352	0	-1758.2	0	-1068.58	0	-1383.95	0	-971.123	0	-1558.91	0	-1037.32	0	-981.183	0	-642.427	0	-567.772	0	-1026.92	0	-928.816	0	-785.947	0	-1054.42	0	-1546.93	0	-1074.18	0
-955.769	0	-2332.15	0	-780.282	0	-1780.38	0	-891.204	0	-963.233	0	-1164.82	0	-1398.84	0	-1090.93	0	-609.352	0	-1758.2	0	-1068.58	0	-1383.95	0	-971.123	0	-1558.91	0	-1037.32	0	-981.184	0	-642.441	0	-567.772	0	-1026.92	0	-928.816	0	-785.947	0	-1054.42	0	-1546.93	0	-1074.18	0
-955.769	0	-2332.15	0	-780.283	0	-1780.38	0	-891.204	0	-963.233	0	-1164.82	0	-1398.84	0	-1090.93	0	-609.352	0	-1758.2	0	-1068.58	0	-1383.95	0	-971.123	0	-1558.91	0	-1037.32	0	-981.186	0	-642.453	0	-567.772	0	-1026.92	0	-928.817	0	-785.947	0	-1054.42	0	-1546.93	0	-1074.18	0
-955.769	0	-2332.15	0	-780.284	0	-1780.38	0	-891.204	0	-963.233	0	-1164.82	0	-1398.84	0	-1090.93	0	-609.352	0	-1758.2	0	-1068.58	0	-1383.95	0	-971.123	0	-1558.91	0	-1037.32	0	-981.187	0	-642.466	0	-567.772	0	-1026.92	0	-928.818	0	-785.947	0	-1054.42	0	-1546.93	0	-1074.18	0
-955.77	0	-2332.15	0	-780.285	0	-1780.38	0	-891.204	0	-963.233	0	-1164.82	0	-1398.84	0	-1090.93	0	-609.352	0	-1758.2	0	-1068.58	0	-1383.95	0	-971.123	0	-1558.91	0	-1037.32	0	-981.188	0	-642.478	0	-567.772	0	-1026.92	0	-928.818	0	-785.947	0	-1054.42	0	-1546.93	0	-1074.19	0
-955.77	0	-2332.15	0	-780.286	0	-1780.38	0	-891.204	0	-963.233	0	-1164.82	0	-1398.84	0	-1090.94	0	-609.352	0	-1758.2	0	-1068.59	0	-1383.95	0	-971.124	0	-1558.91	0	-1037.33	0	-981.19	0	-642.49	0	-567.772	0	-1026.92	0	-928.819	0	-785.947	0	-1054.42	0	-1546.93	0	-1074.19	0
-955.77	0	-2332.15	0	-780.287	0	-1780.38	0	-891.204	0	-963.234	0	-1164.82	0	-1398.84	0	-1090.94	0	-609.352	0	-1758.2	0	-1068.62	0	-1383.95	0	-971.124	0	-1558.91	0	-1037.33	0	-981.191	0	-642.502	0	-567.772	0	-1026.92	0	-928.82	0	-785.947	0	-1054.42	0	-1546.93	0	-1074.19	0
-955.776	0	-2332.15	0	-780.289	0	-1780.38	0	-891.204	0	-963.245	0	-1164.82	0	-1398.84	0	-1090.95	0	-609.352	0	-1758.2	0	-1068.64	0	-1383.95	0	-971.131	0	-1558.91	0	-1037.33	0	-981.198	0	-642.502	0	-567.772	0	-1026.92	0	-928.82	0	-785.947	0	-1054.42	0	-1546.93	0	-1074.19	0
-955.776	0	-2332.15	0	-780.289	0	-1780.38	0	-891.204	0	-963.245	0	-1164.82	0	-1398.84	0	-1090.95	0	-609.352	0	-1758.2	0	-1068.66	0	-1383.95	0	-971.15	0	-1558.91	0	-1037.33	0	-981.198	0	-642.502	0	-567.772	0	-1026.92	0	-928.82	0	-785.947	0	-1054.42	0	-1546.93	0	-1074.19	0
-955.776	0	-2332.15	0	-780.289	0	-1780.38	0	-891.204	0	-963.245	0	-1164.82	0	-1398.84	0	-1090.95	0	-609.352	0	-1758.2	0	-1068.72	0	-1383.95	0	-971.168	0	-1558.91	0	-1037.34	0	-981.198	0	-642.502	0	-567.772	0	-1026.92	0	-928.82	0	-785.947	0	-1054.42	0	-1546.93	0	-1074.19	0
-955.776	0	-2332.15	0	-780.289	0	-1780.38	0	-891.204	0	-963.245	0	-1164.82	0	-1398.84	0	-1090.95	0	-609.352	0	-1758.2	0	-1068.77	0	-1383.95	0	-971.178	0	-1558.91	0	-1037.34	0	-981.199	0	-642.512	0	-567.772	0	-1026.92	0	-928.82	0	-785.947	0	-1054.42	0	-1546.93	0	-1074.19	0
-955.776	0	-2332.15	0	-780.29	0	-1780.38	0	-891.204	0	-963.245	0	-1164.82	0	-1398.84	0	-1090.95	0	-609.352	0	-1758.2	0	-1068.79	0	-1383.95	0	-971.181	0	-1558.91	0	-1037.34	0	-981.2	0	-642.524	0	-567.772	0	-1026.92	0	-928.821	0	-785.947	0	-1054.42	0	-1546.93	0	-1074.19	0
-955.776	0	-2332.15	0	-780.292	0	-1780.38	0	-891.204	0	-963.245	0	-1164.82	0	-1398.84	0	-1090.95	0	-609.352	0	-1758.2	0	-1068.83	0	-1383.95	0	-971.181	0	-1558.91	0	-1037.34	0	-981.202	0	-642.538	0	-567.772	0	-1026.92	0	-928.821	0	-785.947	0	-1054.42	0	-1546.93	0	-1074.19	0
-955.776	0	-2332.15	0	-780.293	0	-1780.38	0	-891.204	0	-963.245	0	-1164.82	0	-1398.84	0	-1090.96	0	-609.352	0	-1758.2	0	-1068.88	0	-1383.95	0	-971.181	0	-1558.91	0	-1037.34	0	-981.203	0	-642.551	0	-567.772	0	-1026.92	0	-928.822	0	-785.947	0	-1054.42	0	-1546.93	0	-1074.19	0
-955.776	0	-2332.15	0	-780.294	0	-1780.38	0	-891.204	0	-963.246	0	-1164.82	0	-1398.84	0	-1090.98	0	-609.352	0	-1758.2	0	-1068.93	0	-1383.95	0	-971.182	0	-1558.91	0	-1037.35	0	-981.204	0	-642.562	0	-567.772	0	-1026.92	0	-928.823	0	-785.947	0	-1054.42	0	-1546.93	0	-1074.19	0
-955.776	0	-2332.15	0	-780.295	0	-1780.38	0	-891.204	0	-963.246	0	-1164.82	0	-1398.84	0	-1091	0	-609.352	0	-1758.2	0	-1068.99	0	-1383.95	0	-971.189	0	-1558.91	0	-1037.37	0	-981.206	0	-642.575	0	-567.772	0	-1026.92	0	-928.823	0	-785.947	0	-1054.42	0	-1546.93	0	-1074.19	0
-955.776	0	-2332.15	0	-780.296	0	-1780.38	0	-891.204	0	-963.246	0	-1164.82	0	-1398.84	0	-1091.01	0	-609.352	0	-1758.2	0	-1069.02	0	-1383.95	0	-971.195	0	-1558.91	0	-1037.38	0	-981.207	0	-642.587	0	-567.772	0	-1026.92	0	-928.824	0	-785.947	0	-1054.42	0	-1546.93	0	-1074.19	0
-955.819	0	-2332.15	0	-780.526	0	-1780.38	0	-891.204	0	-963.296	0	-1164.82	0	-1398.84	0	-1091.03	0	-609.352	0	-1758.2	0	-1069.07	0	-1383.95	0	-971.195	0	-1558.91	0	-1037.4	0	-981.322	0	-642.89	0	-567.772	0	-1026.92	0	-928.888	0	-785.947	0	-1054.45	0	-1546.93	0	-1074.23	0
-955.837	0	-2332.15	0	-780.63	0	-1780.38	0	-891.204	0	-963.319	0	-1164.82	0	-1398.84	0	-1091.03	0	-609.352	0	-1758.2	0	-1069.15	0	-1383.95	0	-971.195	0	-1558.91	0	-1037.41	0	-981.343	0	-643.116	0	-567.772	0	-1026.92	0	-928.961	0	-785.947	0	-1054.46	0	-1546.93	0	-1074.23	0
-955.863	0	-2332.15	0	-780.677	0	-1780.38	0	-891.204	0	-963.354	0	-1164.82	0	-1398.84	0	-1091.03	0	-609.352	0	-1758.2	0	-1069.18	0	-1383.95	0	-971.196	0	-1558.91	0	-1037.41	0	-981.356	0	-643.308	0	-567.772	0	-1026.92	0	-929.009	0	-785.947	0	-1054.47	0	-1546.93	0	-1074.24	0
-955.878	0	-2332.15	0	-780.917	0	-1780.38	0	-891.204	0	-963.395	0	-1164.82	0	-1398.84	0	-1091.03	0	-609.352	0	-1758.2	0	-1069.23	0	-1383.95	0	-971.196	0	-1558.91	0	-1037.42	0	-981.389	0	-643.459	0	-567.772	0	-1026.92	0	-929.056	0	-785.947	0	-1054.5	0	-1546.93	0	-1074.24	0
-955.891	0	-2332.15	0	-781.255	0	-1780.38	0	-891.204	0	-963.446	0	-1164.82	0	-1398.84	0	-1091.04	0	-609.352	0	-1758.2	0	-1069.27	0	-1383.95	0	-971.196	0	-1558.91	0	-1037.42	0	-981.479	0	-643.751	0	-567.772	0	-1026.92	0	-929.146	0	-785.947	0	-1054.53	0	-1546.93	0	-1074.32	0
-955.898	0	-2332.15	0	-781.725	0	-1780.38	0	-891.204	0	-963.463	0	-1164.82	0	-1398.84	0	-1091.04	0	-609.352	0	-1758.2	0	-1069.3	0	-1383.95	0	-971.199	0	-1558.91	0	-1037.42	0	-981.53	0	-643.888	0	-567.772	0	-1026.92	0	-929.204	0	-785.947	0	-1054.54	0	-1546.93	0	-1074.32	0
-955.901	0	-2332.15	0	-782.04	0	-1780.38	0	-891.204	0	-963.494	0	-1164.82	0	-1398.84	0	-1091.04	0	-609.352	0	-1758.2	0	-1069.34	0	-1383.95	0	-971.201	0	-1558.91	0	-1037.42	0	-981.576	0	-643.933	0	-567.772	0	-1026.92	0	-929.262	0	-785.947	0	-1054.55	0	-1546.93	0	-1074.38	0
-955.908	0	-2332.15	0	-782.382	0	-1780.38	0	-891.204	0	-963.536	0	-1164.82	0	-1398.84	0	-1091.04	0	-609.352	0	-1758.2	0	-1069.36	0	-1383.95	0	-971.225	0	-1558.91	0	-1037.44	0	-981.59	0	-644.1	0	-567.772	0	-1026.92	0	-929.324	0	-785.947	0	-1054.58	0	-1546.93	0	-1074.44	0
-955.94	0	-2332.15	0	-782.513	0	-1780.38	0	-891.204	0	-963.553	0	-1164.82	0	-1398.84	0	-1091.04	0	-609.352	0	-1758.2	0	-1069.39	0	-1383.95	0	-971.254	0	-1558.91	0	-1037.45	0	-981.666	0	-644.265	0	-567.772	0	-1026.92	0	-929.418	0	-785.948	0	-1054.59	0	-1546.93	0	-1074.51	0
-955.959	0	-2332.15	0	-782.668	0	-1780.38	0	-891.204	0	-963.569	0	-1164.82	0	-1398.84	0	-1091.04	0	-609.352	0	-1758.2	0	-1069.4	0	-1383.95	0	-971.283	0	-1558.91	0	-1037.48	0	-981.703	0	-644.379	0	-567.772	0	-1026.92	0	-929.713	0	-785.948	0	-1054.61	0	-1546.93	0	-1074.61	0
-956.017	0	-2332.15	0	-782.945	0	-1780.38	0	-891.204	0	-963.591	0	-1164.82	0	-1398.84	0	-1091.05	0	-609.352	0	-1758.2	0	-1069.43	0	-1383.95	0	-971.307	0	-1558.91	0	-1037.53	0	-981.784	0	-644.436	0	-567.772	0	-1026.92	0	-929.892	0	-785.948	0	-1054.63	0	-1546.93	0	-1074.66	0
-956.093	0	-2332.15	0	-783.186	0	-1780.38	0	-891.204	0	-963.617	0	-1164.82	0	-1398.84	0	-1091.05	0	-609.352	0	-1758.2	0	-1069.46	0	-1383.95	0	-971.347	0	-1558.91	0	-1037.57	0	-981.821	0	-644.594	0	-567.772	0	-1026.92	0	-930.056	0	-785.948	0	-1054.65	0	-1546.93	0	-1074.67	0
-956.103	0	-2332.15	0	-783.638	0	-1780.38	0	-891.204	0	-963.63	0	-1164.82	0	-1398.84	0	-1091.05	0	-609.352	0	-1758.2	0	-1069.49	0	-1383.95	0	-971.37	0	-1558.91	0	-1037.59	0	-981.907	0	-644.724	0	-567.772	0	-1026.92	0	-930.3	0	-785.949	0	-1054.69	0	-1546.93	0	-1074.7	0
-956.151	0	-2332.15	0	-783.826	0	-1780.38	0	-891.204	0	-963.642	0	-1164.82	0	-1398.84	0	-1091.05	0	-609.352	0	-1758.2	0	-1069.5	0	-1383.95	0	-971.404	0	-1558.91	0	-1037.59	0	-981.959	0	-644.857	0	-567.772	0	-1026.92	0	-930.426	0	-785.949	0	-1054.71	0	-1546.93	0	-1074.77	0
-956.208	0	-2332.15	0	-784.152	0	-1780.38	0	-891.204	0	-963.652	0	-1164.82	0	-1398.84	0	-1091.05	0	-609.352	0	-1758.2	0	-1069.51	0	-1383.95	0	-971.421	0	-1558.91	0	-1037.59	0	-982.052	0	-644.972	0	-567.772	0	-1026.92	0	-930.59	0	-785.949	0	-1054.73	0	-1546.93	0	-1074.81	0
-956.22	0	-2332.15	0	-784.336	0	-1780.38	0	-891.204	0	-963.665	0	-1164.82	0	-1398.84	0	-1091.05	0	-609.352	0	-1758.2	0	-1069.53	0	-1383.95	0	-971.443	0	-1558.91	0	-1037.59	0	-982.116	0	-645.107	0	-567.772	0	-1026.92	0	-930.702	0	-785.949	0	-1054.76	0	-1546.93	0	-1074.88	0
-956.227	0	-2332.15	0	-784.512	0	-1780.38	0	-891.204	0	-963.673	0	-1164.82	0	-1398.84	0	-1091.05	0	-609.352	0	-1758.2	0	-1069.55	0	-1383.95	0	-971.448	0	-1558.91	0	-1037.6	0	-982.158	0	-645.242	0	-567.772	0	-1026.92	0	-930.874	0	-785.949	0	-1054.8	0	-1546.93	0	-1074.97	0
-956.235	0	-2332.15	0	-784.605	0	-1780.38	0	-891.204	0	-963.682	0	-1164.82	0	-1398.84	0	-1091.05	0	-609.352	0	-1758.2	0	-1069.56	0	-1383.95	0	-971.452	0	-1558.91	0	-1037.6	0	-982.229	0	-645.376	0	-567.772	0	-1026.92	0	-931.1	0	-785.949	0	-1054.82	0	-1546.93	0	-1075.01	0
-956.252	0	-2332.15	0	-784.901	0	-1780.38	0	-891.204	0	-963.692	0	-1164.82	0	-1398.84	0	-1091.05	0	-609.352	0	-1758.2	0	-1069.56	0	-1383.95	0	-971.469	0	-1558.91	0	-1037.6	0	-982.291	0	-645.451	0	-567.772	0	-1026.92	0	-931.254	0	-785.949	0	-1054.85	0	-1546.93	0	-1075.04	0
-956.299	0	-2332.15	0	-785.134	0	-1780.38	0	-891.204	0	-963.697	0	-1164.82	0	-1398.84	0	-1091.05	0	-609.352	0	-1758.2	0	-1069.57	0	-1383.95	0	-971.481	0	-1558.91	0	-1037.73	0	-982.348	0	-645.477	0	-567.772	0	-1026.92	0	-931.4	0	-785.949	0	-1054.88	0	-1546.93	0	-1075.07	0
-956.362	0	-2332.15	0	-785.168	0	-1780.38	0	-891.204	0	-963.699	0	-1164.82	0	-1398.84	0	-1091.06	0	-609.352	0	-1758.2	0	-1069.59	0	-1383.95	0	-971.49	0	-1558.91	0	-1037.84	0	-982.376	0	-645.518	0	-567.772	0	-1026.92	0	-931.524	0	-785.949	0	-1054.89	0	-1546.93	0	-1075.11	0
-956.409	0	-2332.15	0	-785.413	0	-1780.38	0	-891.204	0	-963.704	0	-1164.82	0	-1398.84	0	-1091.06	0	-609.352	0	-1758.2	0	-1069.6	0	-1383.95	0	-971.491	0	-1558.91	0	-1037.92	0	-982.411	0	-645.59	0	-567.772	0	-1026.92	0	-931.602	0	-785.949	0	-1054.89	0	-1546.93	0	-1075.11	0
-956.459	0	-2332.15	0	-785.78	0	-1780.38	0	-891.204	0	-963.712	0	-1164.82	0	-1398.84	0	-1091.08	0	-609.352	0	-1758.2	0	-1069.6	0	-1383.95	0	-971.504	0	-1558.91	0	-1037.95	0	-982.424	0	-645.649	0	-567.772	0	-1026.92	0	-931.719	0	-785.949	0	-1054.91	0	-1546.93	0	-1075.11	0
-956.488	0	-2332.15	0	-785.862	0	-1780.38	0	-891.204	0	-963.717	0	-1164.82	0	-1398.84	0	-1091.1	0	-609.352	0	-1758.2	0	-1069.6	0	-1383.95	0	-971.514	0	-1558.91	0	-1038	0	-982.426	0	-645.717	0	-567.772	0	-1026.92	0	-931.764	0	-785.949	0	-1054.92	0	-1546.93	0	-1075.13	0
-956.706	0	-2332.15	0	-786.164	0	-1780.38	0	-891.204	0	-963.717	0	-1164.82	0	-1398.84	0	-1091.1	0	-609.352	0	-1758.2	0	-1069.61	0	-1383.95	0	-971.516	0	-1558.91	0	-1038.03	0	-982.431	0	-645.764	0	-567.772	0	-1026.92	0	-931.883	0	-785.949	0	-1054.92	0	-1546.93	0	-1075.31	0
-956.711	0	-2332.15	0	-786.283	0	-1780.38	0	-891.204	0	-963.717	0	-1164.82	0	-1398.84	0	-1091.1	0	-609.352	0	-1758.2	0	-1069.61	0	-1383.95	0	-971.518	0	-1558.91	0	-1038.05	0	-982.432	0	-645.842	0	-567.772	0	-1026.92	0	-931.934	0	-785.949	0	-1054.93	0	-1546.93	0	-1075.35	0
-956.717	0	-2332.15	0	-786.565	0	-1780.38	0	-891.204	0	-963.719	0	-1164.82	0	-1398.84	0	-1091.1	0	-609.352	0	-1758.2	0	-1069.61	0	-1383.95	0	-971.518	0	-1558.91	0	-1038.12	0	-982.437	0	-645.894	0	-567.772	0	-1026.92	0	-932.088	0	-785.949	0	-1054.94	0	-1546.93	0	-1075.44	0
-956.718	0	-2332.15	0	-786.831	0	-1780.38	0	-891.204	0	-963.776	0	-1164.82	0	-1398.84	0	-1091.1	0	-609.352	0	-1758.2	0	-1069.61	0	-1383.95	0	-971.519	0	-1558.91	0	-1038.14	0	-982.515	0	-645.932	0	-567.772	0	-1026.92	0	-932.177	0	-785.949	0	-1054.95	0	-1546.93	0	-1075.53	0
-956.719	0	-2332.15	0	-786.936	0	-1780.38	0	-891.204	0	-963.819	0	-1164.82	0	-1398.84	0	-1091.1	0	-609.352	0	-1758.2	0	-1069.61	0	-1383.95	0	-971.519	0	-1558.91	0	-1038.18	0	-982.695	0	-645.942	0	-567.772	0	-1026.92	0	-932.262	0	-785.949	0	-1054.97	0	-1546.93	0	-1075.57	0
-956.722	0	-2332.15	0	-787.141	0	-1780.38	0	-891.204	0	-963.85	0	-1164.82	0	-1398.84	0	-1091.1	0	-609.352	0	-1758.2	0	-1069.61	0	-1383.95	0	-971.519	0	-1558.91	0	-1038.2	0	-982.829	0	-646.192	0	-567.772	0	-1026.92	0	-932.374	0	-785.95	0	-1054.98	0	-1546.93	0	-1075.61	0
-956.825	0	-2332.15	0	-787.341	0	-1780.38	0	-891.204	0	-963.867	0	-1164.82	0	-1398.84	0	-1091.1	0	-609.352	0	-1758.2	0	-1069.61	0	-1383.95	0	-971.52	0	-1558.91	0	-1038.25	0	-982.947	0	-646.558	0	-567.772	0	-1026.92	0	-932.444	0	-785.955	0	-1054.98	0	-1546.93	0	-1075.72	0
-957.102	0	-2332.15	0	-787.406	0	-1780.38	0	-891.204	0	-963.887	0	-1164.82	0	-1398.84	0	-1091.1	0	-609.352	0	-1758.2	0	-1069.61	0	-1383.95	0	-971.524	0	-1558.91	0	-1038.26	0	-983.044	0	-647.035	0	-567.772	0	-1026.92	0	-932.487	0	-785.955	0	-1055.02	0	-1546.93	0	-1075.8	0
-957.205	0	-2332.15	0	-787.654	0	-1780.38	0	-891.204	0	-963.895	0	-1164.82	0	-1398.84	0	-1091.11	0	-609.352	0	-1758.2	0	-1069.61	0	-1383.95	0	-971.555	0	-1558.91	0	-1038.27	0	-983.222	0	-647.531	0	-567.772	0	-1026.92	0	-932.509	0	-785.955	0	-1055.05	0	-1546.93	0	-1075.89	0
-957.285	0	-2332.15	0	-787.679	0	-1780.38	0	-891.204	0	-963.903	0	-1164.82	0	-1398.84	0	-1091.11	0	-609.352	0	-1758.2	0	-1069.63	0	-1383.95	0	-971.586	0	-1558.91	0	-1038.27	0	-983.252	0	-647.617	0	-567.772	0	-1026.92	0	-932.563	0	-785.955	0	-1055.06	0	-1546.93	0	-1075.94	0
-957.522	0	-2332.15	0	-787.719	0	-1780.38	0	-891.204	0	-963.903	0	-1164.82	0	-1398.84	0	-1091.11	0	-609.352	0	-1758.2	0	-1069.64	0	-1383.95	0	-971.591	0	-1558.91	0	-1038.27	0	-983.463	0	-647.875	0	-567.772	0	-1026.92	0	-932.62	0	-785.955	0	-1055.08	0	-1546.93	0	-1075.96	0
-957.539	0	-2332.15	0	-788.039	0	-1780.38	0	-891.204	0	-963.903	0	-1164.82	0	-1398.84	0	-1091.11	0	-609.352	0	-1758.2	0	-1069.65	0	-1383.95	0	-971.603	0	-1558.91	0	-1038.28	0	-983.674	0	-648.008	0	-567.772	0	-1026.92	0	-932.684	0	-785.955	0	-1055.09	0	-1546.93	0	-1076.03	0
-957.552	0	-2332.15	0	-788.11	0	-1780.38	0	-891.204	0	-963.903	0	-1164.82	0	-1398.84	0	-1091.11	0	-609.352	0	-1758.2	0	-1069.65	0	-1383.95	0	-971.61	0	-1558.91	0	-1038.28	0	-983.942	0	-648.215	0	-567.772	0	-1026.92	0	-932.709	0	-785.955	0	-1055.1	0	-1546.93	0	-1076.03	0
-957.699	0	-2332.15	0	-788.139	0	-1780.38	0	-891.204	0	-963.903	0	-1164.82	0	-1398.84	0	-1091.11	0	-609.352	0	-1758.2	0	-1069.65	0	-1383.95	0	-971.615	0	-1558.91	0	-1038.28	0	-984.493	0	-648.379	0	-567.772	0	-1026.92	0	-932.733	0	-785.955	0	-1055.1	0	-1546.93	0	-1076.04	0
-957.847	0	-2332.15	0	-788.218	0	-1780.38	0	-891.204	0	-963.903	0	-1164.82	0	-1398.84	0	-1091.11	0	-609.352	0	-1758.2	0	-1069.65	0	-1383.95	0	-971.616	0	-1558.91	0	-1038.28	0	-984.607	0	-648.524	0	-567.772	0	-1026.92	0	-932.75	0	-785.955	0	-1055.1	0	-1546.93	0	-1076.06	0
-957.901	0	-2332.15	0	-788.315	0	-1780.38	0	-891.204	0	-963.904	0	-1164.82	0	-1398.84	0	-1091.11	0	-609.352	0	-1758.2	0	-1069.65	0	-1383.95	0	-971.616	0	-1558.91	0	-1038.29	0	-984.616	0	-648.704	0	-567.772	0	-1026.92	0	-932.756	0	-785.955	0	-1055.1	0	-1546.93	0	-1076.07	0
-958.108	0	-2332.15	0	-788.349	0	-1780.38	0	-891.204	0	-963.907	0	-1164.82	0	-1398.84	0	-1091.11	0	-609.352	0	-1758.2	0	-1069.65	0	-1383.95	0	-971.616	0	-1558.91	0	-1038.3	0	-984.62	0	-648.979	0	-567.772	0	-1026.92	0	-932.758	0	-785.955	0	-1055.1	0	-1546.93	0	-1076.08	0
-958.144	0	-2332.15	0	-788.422	0	-1780.38	0	-891.204	0	-963.912	0	-1164.82	0	-1398.84	0	-1091.12	0	-609.352	0	-1758.2	0	-1069.65	0	-1383.95	0	-971.621	0	-1558.91	0	-1038.31	0	-984.664	0	-649.455	0	-567.772	0	-1026.92	0	-932.758	0	-785.955	0	-1055.11	0	-1546.93	0	-1076.09	0
-958.275	0	-2332.15	0	-788.447	0	-1780.38	0	-891.204	0	-963.913	0	-1164.82	0	-1398.84	0	-1091.12	0	-609.352	0	-1758.2	0	-1069.66	0	-1383.95	0	-971.647	0	-1558.91	0	-1038.31	0	-984.665	0	-649.786	0	-567.772	0	-1026.92	0	-932.79	0	-785.955	0	-1055.12	0	-1546.93	0	-1076.1	0
-958.398	0	-2332.15	0	-788.502	0	-1780.38	0	-891.204	0	-963.931	0	-1164.82	0	-1398.84	0	-1091.13	0	-609.352	0	-1758.2	0	-1069.68	0	-1383.95	0	-971.666	0	-1558.91	0	-1038.31	0	-984.666	0	-649.943	0	-567.772	0	-1026.92	0	-932.845	0	-785.955	0	-1055.12	0	-1546.93	0	-1076.1	0
-958.406	0	-2332.15	0	-788.539	0	-1780.38	0	-891.204	0	-963.973	0	-1164.82	0	-1398.84	0	-1091.13	0	-609.352	0	-1758.2	0	-1069.68	0	-1383.95	0	-971.692	0	-1558.91	0	-1038.31	0	-984.775	0	-650.252	0	-567.772	0	-1026.92	0	-932.872	0	-785.955	0	-1055.12	0	-1546.93	0	-1076.11	0
-958.466	0	-2332.15	0	-788.63	0	-1780.38	0	-891.204	0	-963.989	0	-1164.82	0	-1398.84	0	-1091.13	0	-609.352	0	-1758.2	0	-1069.68	0	-1383.95	0	-971.708	0	-1558.91	0	-1038.31	0	-984.961	0	-650.446	0	-567.772	0	-1026.92	0	-932.906	0	-785.955	0	-1055.13	0	-1546.93	0	-1076.11	0
-958.532	0	-2332.15	0	-788.705	0	-1780.38	0	-891.204	0	-964.001	0	-1164.82	0	-1398.84	0	-1091.13	0	-609.352	0	-1758.2	0	-1069.73	0	-1383.95	0	-971.724	0	-1558.91	0	-1038.31	0	-985.032	0	-650.923	0	-567.772	0	-1026.92	0	-932.92	0	-785.955	0	-1055.13	0	-1546.93	0	-1076.12	0
-958.54	0	-2332.15	0	-788.74	0	-1780.38	0	-891.204	0	-964.002	0	-1164.82	0	-1398.84	0	-1091.14	0	-609.352	0	-1758.2	0	-1069.74	0	-1383.95	0	-971.731	0	-1558.91	0	-1038.31	0	-985.067	0	-651.116	0	-567.772	0	-1026.92	0	-932.925	0	-785.955	0	-1055.13	0	-1546.93	0	-1076.12	0
-958.555	0	-2332.15	0	-788.81	0	-1780.38	0	-891.204	0	-964.003	0	-1164.82	0	-1398.84	0	-1091.14	0	-609.352	0	-1758.2	0	-1069.74	0	-1383.95	0	-971.738	0	-1558.91	0	-1038.31	0	-985.103	0	-651.12	0	-567.772	0	-1026.93	0	-932.944	0	-785.955	0	-1055.14	0	-1546.93	0	-1076.12	0
-958.661	0	-2332.15	0	-788.815	0	-1780.38	0	-891.204	0	-964.003	0	-1164.82	0	-1398.84	0	-1091.16	0	-609.352	0	-1758.2	0	-1069.75	0	-1383.95	0	-971.739	0	-1558.91	0	-1038.32	0	-985.104	0	-651.12	0	-567.772	0	-1026.93	0	-932.953	0	-785.955	0	-1055.14	0	-1546.93	0	-1076.12	0
-958.791	0	-2332.15	0	-788.815	0	-1780.38	0	-891.204	0	-964.003	0	-1164.82	0	-1398.84	0	-1091.18	0	-609.352	0	-1758.2	0	-1069.84	0	-1383.95	0	-971.741	0	-1558.91	0	-1038.34	0	-985.105	0	-651.121	0	-567.772	0	-1026.93	0	-932.976	0	-785.955	0	-1055.16	0	-1546.93	0	-1076.12	0
-958.896	0	-2332.15	0	-788.875	0	-1780.38	0	-891.204	0	-964.004	0	-1164.82	0	-1398.84	0	-1091.18	0	-609.352	0	-1758.2	0	-1069.92	0	-1383.95	0	-971.752	0	-1558.91	0	-1038.37	0	-985.122	0	-651.122	0	-567.772	0	-1026.93	0	-932.99	0	-785.955	0	-1055.2	0	-1546.93	0	-1076.12	0
-958.908	0	-2332.15	0	-788.982	0	-1780.38	0	-891.204	0	-964.016	0	-1164.82	0	-1398.84	0	-1091.18	0	-609.352	0	-1758.2	0	-1069.96	0	-1383.95	0	-971.759	0	-1558.91	0	-1038.37	0	-985.136	0	-651.125	0	-567.772	0	-1026.93	0	-932.991	0	-785.955	0	-1055.2	0	-1546.93	0	-1076.13	0
-958.954	0	-2332.15	0	-788.983	0	-1780.38	0	-891.204	0	-964.018	0	-1164.82	0	-1398.84	0	-1091.18	0	-609.352	0	-1758.2	0	-1069.99	0	-1383.95	0	-971.761	0	-1558.91	0	-1038.37	0	-985.143	0	-651.136	0	-567.772	0	-1026.93	0	-932.992	0	-785.955	0	-1055.2	0	-1546.93	0	-1076.15	0
-959.12	0	-2332.15	0	-788.984	0	-1780.38	0	-891.204	0	-964.018	0	-1164.82	0	-1398.84	0	-1091.18	0	-609.352	0	-1758.2	0	-1069.99	0	-1383.95	0	-971.761	0	-1558.91	0	-1038.37	0	-985.143	0	-651.137	0	-567.772	0	-1026.93	0	-932.994	0	-785.955	0	-1055.2	0	-1546.93	0	-1076.15	0
-959.178	0	-2332.15	0	-788.986	0	-1780.38	0	-891.204	0	-964.018	0	-1164.82	0	-1398.84	0	-1091.18	0	-609.352	0	-1758.2	0	-1069.99	0	-1383.95	0	-971.761	0	-1558.91	0	-1038.37	0	-985.143	0	-651.167	0	-567.772	0	-1026.93	0	-933.021	0	-785.955	0	-1055.2	0	-1546.93	0	-1076.15	0
-959.29	0	-2332.15	0	-788.986	0	-1780.38	0	-891.204	0	-964.019	0	-1164.82	0	-1398.84	0	-1091.18	0	-609.352	0	-1758.2	0	-1069.99	0	-1383.95	0	-971.761	0	-1558.91	0	-1038.37	0	-985.143	0	-651.558	0	-567.772	0	-1026.93	0	-933.087	0	-785.955	0	-1055.2	0	-1546.93	0	-1076.15	0
-959.292	0	-2332.15	0	-788.986	0	-1780.38	0	-891.204	0	-964.02	0	-1164.82	0	-1398.84	0	-1091.18	0	-609.352	0	-1758.2	0	-1069.99	0	-1383.95	0	-971.761	0	-1558.91	0	-1038.37	0	-985.143	0	-651.576	0	-567.772	0	-1026.93	0	-933.101	0	-785.955	0	-1055.2	0	-1546.93	0	-1076.15	0
-959.292	0	-2332.15	0	-788.987	0	-1780.38	0	-891.204	0	-964.02	0	-1164.82	0	-1398.84	0	-1091.18	0	-609.352	0	-1758.2	0	-1069.99	0	-1383.95	0	-971.761	0	-1558.91	0	-1038.37	0	-985.144	0	-651.695	0	-567.772	0	-1026.93	0	-933.102	0	-785.955	0	-1055.2	0	-1546.93	0	-1076.15	0
-959.293	0	-2332.15	0	-788.991	0	-1780.38	0	-891.204	0	-964.02	0	-1164.82	0	-1398.84	0	-1091.18	0	-609.352	0	-1758.2	0	-1069.99	0	-1383.95	0	-971.761	0	-1558.91	0	-1038.37	0	-985.144	0	-651.705	0	-567.772	0	-1026.93	0	-933.104	0	-785.955	0	-1055.2	0	-1546.93	0	-1076.15	0
-959.294	0	-2332.15	0	-788.993	0	-1780.38	0	-891.204	0	-964.02	0	-1164.82	0	-1398.84	0	-1091.18	0	-609.352	0	-1758.2	0	-1069.99	0	-1383.95	0	-971.761	0	-1558.91	0	-1038.37	0	-985.144	0	-651.714	0	-567.772	0	-1026.93	0	-933.105	0	-785.955	0	-1055.2	0	-1546.93	0	-1076.15	0
-959.294	0	-2332.15	0	-788.993	0	-1780.38	0	-891.204	0	-964.02	0	-1164.82	0	-1398.84	0	-1091.18	0	-609.352	0	-1758.2	0	-1069.99	0	-1383.95	0	-971.761	0	-1558.91	0	-1038.37	0	-985.144	0	-651.715	0	-567.772	0	-1026.93	0	-933.105	0	-785.955	0	-1055.2	0	-1546.93	0	-1076.15	0
-959.294	0	-2332.15	0	-788.993	0	-1780.38	0	-891.204	0	-964.02	0	-1164.82	0	-1398.84	0	-1091.18	0	-609.352	0	-1758.2	0	-1069.99	0	-1383.95	0	-971.761	0	-1558.91	0	-1038.37	0	-985.144	0	-651.715	0	-567.772	0	-1026.93	0	-933.105	0	-785.955	0	-1055.2	0	-1546.93	0	-1076.15	0
-959.299	0	-2332.15	0	-788.993	0	-1780.38	0	-891.204	0	-964.02	0	-1164.82	0	-1398.84	0	-1091.18	0	-609.352	0	-1758.2	0	-1069.99	0	-1383.95	0	-971.761	0	-1558.91	0	-1038.37	0	-985.144	0	-651.715	0	-567.772	0	-1026.93	0	-933.105	0	-785.955	0	-1055.2	0	-1546.93	0	-1076.15	0
-959.299	0	-2332.15	0	-788.993	0	-1780.38	0	-891.204	0	-964.02	0	-1164.82	0	-1398.84	0	-1091.18	0	-609.352	0	-1758.2	0	-1069.99	0	-1383.95	0	-971.761	0	-1558.91	0	-1038.37	0	-985.144	0	-651.715	0	-567.772	0	-1026.93	0	-933.105	0	-785.955	0	-1055.2	0	-1546.93	0	-1076.15	0
-959.299	0	-2332.15	0	-788.993	0	-1780.38	0	-891.204	0	-964.02	0	-1164.82	0	-1398.84	0	-1091.18	0	-609.352	0	-1758.2	0	-1069.99	0	-1383.95	0	-971.761	0	-1558.91	0	-1038.37	0	-985.144	0	-651.715	0	-567.772	0	-1026.93	0	-933.105	0	-785.955	0	-1055.2	0	-1546.93	0	-1076.15	0
-959.3	0	-2332.15	0	-788.993	0	-1780.38	0	-891.204	0	-964.02	0	-1164.82	0	-1398.84	0	-1091.18	0	-609.352	0	-1758.2	0	-1069.99	0	-1383.95	0	-971.761	0	-1558.91	0	-1038.37	0	-985.144	0	-651.715	0	-567.772	0	-1026.93	0	-933.105	0	-785.955	0	-1055.2	0	-1546.93	0	-1076.15	0
-959.3	0	-2332.15	0	-788.993	0	-1780.38	0	-891.204	0	-964.02	0	-1164.82	0	-1398.84	0	-1091.18	0	-609.352	0	-1758.2	0	-1069.99	0	-1383.95	0	-971.761	0	-1558.91	0	-1038.37	0	-985.144	0	-651.715	0	-567.772	0	-1026.93	0	-933.105	0	-785.955	0	-1055.2	0	-1546.93	0	-1076.15	0
-959.3	0	-2332.15	0	-788.993	0	-1780.38	0	-891.204	0	-964.02	0	-1164.82	0	-1398.84	0	-1091.18	0	-609.352	0	-1758.2	0	-1069.99	0	-1383.95	0	-971.761	0	-1558.91	0	-1038.37	0	-985.144	0	-651.715	0	-567.772	0	-1026.93	0	-933.105	0	-785.955	0	-1055.2	0	-1546.93	0	-1076.15	0
-959.3	0	-2332.15	0	-788.993	0	-1780.38	0	-891.204	0	-964.02	0	-1164.82	0	-1398.84	0	-1091.18	0	-609.352	0	-1758.2	0	-1069.99	0	-1383.95	0	-971.761	0	-1558.91	0	-1038.37	0	-985.144	0	-651.715	0	-567.772	0	-1026.93	0	-933.105	0	-785.955	0	-1055.2	0	-1546.93	0	-1076.15	0
-959.3	0	-2332.15	0	-788.993	0	-1780.38	0	-891.204	0	-964.02	0	-1164.82	0	-1398.84	0	-1091.18	0	-609.352	0	-1758.2	0	-1069.99	0	-1383.95	0	-971.761	0	-1558.91	0	-1038.37	0	-985.144	0	-651.715	0	-567.772	0	-1026.93	0	-933.105	0	-785.955	0	-1055.2	0	-1546.93	0	-1076.15	0
-959.3	0	-2332.15	0	-788.993	0	-1780.38	0	-891.204	0	-964.02	0	-1164.82	0	-1398.84	0	-1091.18	0	-609.352	0	-1758.2	0	-1069.99	0	-1383.95	0	-971.761	0	-1558.91	0	-1038.37	0	-985.144	0	-651.715	0	-567.772	0	-1026.93	0	-933.105	0	-785.955	0	-1055.2	0	-1546.93	0	-1076.15	0
-959.3	0	-2332.15	0	-788.993	0	-1780.38	0	-891.204	0	-964.02	0	-1164.82	0	-1398.84	0	-1091.18	0	-609.352	0	-1758.2	0	-1069.99	0	-1383.95	0	-971.761	0	-1558.91	0	-1038.37	0	-985.144	0	-651.715	0	-567.772	0	-1026.93	0	-933.105	0	-785.955	0	-1055.2	0	-1546.93	0	-1076.15	0
-959.3	0	-2332.15	0	-788.993	0	-1780.38	0	-891.204	0	-964.02	0	-1164.82	0	-1398.84	0	-1091.18	0	-609.352	0	-1758.2	0	-1069.99	0	-1383.95	0	-971.761	0	-1558.91	0	-1038.37	0	-985.144	0	-651.715	0	-567.772	0	-1026.93	0	-933.105	0	-785.955	0	-1055.2	0	-1546.93	0	-1076.15	0
-959.3	0	-2332.15	0	-788.993	0	-1780.38	0	-891.204	0	-964.02	0	-1164.82	0	-1398.84	0	-1091.18	0	-609.352	0	-1758.2	0	-1069.99	0	-1383.95	0	-971.761	0	-1558.91	0	-1038.37	0	-985.144	0	-651.715	0	-567.772	0	-1026.93	0	-933.105	0	-785.955	0	-1055.2	0	-1546.93	0	-1076.15	0
-959.3	0	-2332.15	0	-788.993	0	-1780.38	0	-891.204	0	-964.02	0	-1164.82	0	-1398.84	0	-1091.18	0	-609.352	0	-1758.2	0	-1069.99	0	-1383.95	0	-971.761	0	-1558.91	0	-1038.37	0	-985.144	0	-651.715	0	-567.772	0	-1026.93	0	-933.105	0	-785.955	0	-1055.2	0	-1546.93	0	-1076.15	0
-959.3	0	-2332.15	0	-788.993	0	-1780.38	0	-891.204	0	-964.02	0	-1164.82	0	-1398.84	0	-1091.18	0	-609.352	0	-1758.2	0	-1069.99	0	-1383.95	0	-971.761	0	-1558.91	0	-1038.37	0	-985.144	0	-651.715	0	-567.772	0	-1026.93	0	-933.105	0	-785.955	0	-1055.2	0	-1546.93	0	-1076.15	0
-959.3	0	-2332.15	0	-788.993	0	-1780.38	0	-891.204	0	-964.02	0	-1164.82	0	-1398.84	0	-1091.18	0	-609.352	0	-1758.2	0	-1069.99	0	-1383.95	0	-971.761	0	-1558.91	0	-1038.37	0	-985.144	0	-651.715	0	-567.772	0	-1026.93	0	-933.105	0	-785.955	0	-1055.2	0	-1546.93	0	-1076.15	0
-959.3	0	-2332.15	0	-788.993	0	-1780.38	0	-891.204	0	-964.02	0	-1164.82	0	-1398.84	0	-1091.18	0	-609.352	0	-1758.2	0	-1069.99	0	-1383.95	0	-971.761	0	-1558.91	0	-1038.37	0	-985.144	0	-651.715	0	-567.772	0	-1026.93	0	-933.105	0	-785.955	0	-1055.2	0	-1546.93	0	-1076.15	0
-959.3	0	-2332.15	0	-788.993	0	-1780.38	0	-891.204	0	-964.02	0	-1164.82	0	-1398.84	0	-1091.18	0	-609.352	0	-1758.2	0	-1069.99	0	-1383.95	0	-971.761	0	-1558.91	0	-1038.37	0	-985.144	0	-651.715	0	-567.772	0	-1026.93	0	-933.105	0	-785.955	0	-1055.2	0	-1546.93	0	-1076.15	0
