12.1761	0	9.71585	0	11.3589	0	10.3213	0	10.9241	0	11.3164	0	11.8031	0	11.193	0	11.1633	0	11.2121	0	11.8992	0	12.4325	0	11.6522	0	10.8116	0	10.4681	0	11.099	0	11.8664	0	11.4185	0	10.8817	0	11.33	0	12.3186	0	11.1009	0	10.6333	0	11.5356	0	12.3003	0
10.2017	0	9.71585	0	10.9523	0	10.3213	0	10.9241	0	11.3164	0	11.5942	0	10.94	0	10.9879	0	11.2121	0	11.1258	0	10.8981	0	11.6522	0	10.1897	0	10.4681	0	10.7054	0	11.5502	0	11.4185	0	10.8817	0	11.33	0	11.3995	0	11.1009	0	10.6333	0	11.5356	0	11.3019	0
10.2017	0	9.71585	0	10.9523	0	9.54086	0	8.76049	0	10.6887	0	9.66177	0	10.3218	0	10.9879	0	11.2121	0	11.1258	0	10.8981	0	11.6522	0	10.1897	0	10.4681	0	10.7054	0	10.1886	0	11.4185	0	10.8817	0	11.33	0	10.7161	0	11.1009	0	10.6333	0	11.5356	0	11.3019	0
10.2017	0	9.71585	0	10.9523	0	9.54086	0	8.76049	0	9.12232	0	9.66177	0	10.0469	0	10.9879	0	11.2121	0	11.1258	0	10.8981	0	10.779	0	10.1897	0	10.0787	0	10.7054	0	10.1886	0	10.6175	0	10.8817	0	9.65791	0	10.7161	0	11.1009	0	10.6333	0	11.5356	0	11.3019	0
10.2017	0	9.71585	0	9.97054	0	9.54086	0	8.76049	0	9.12232	0	9.66177	0	10.0469	0	10.9879	0	11.0757	0	11.1258	0	10.8981	0	10.779	0	10.1897	0	10.0787	0	10.7054	0	10.1886	0	10.6175	0	10.8817	0	9.65791	0	10.7161	0	10.1836	0	9.01973	0	11.5356	0	10.122	0
10.2017	0	9.71585	0	9.97054	0	9.54086	0	8.76049	0	9.12232	0	9.66177	0	10.0469	0	10.9879	0	11.0757	0	11.1258	0	10.8981	0	10.779	0	10.1897	0	10.0787	0	10.7054	0	10.1886	0	10.6175	0	10.8817	0	9.65791	0	9.60605	0	10.1836	0	9.01973	0	11.5356	0	10.122	0
10.2017	0	9.71585	0	9.97054	0	9.54086	0	8.76049	0	9.12232	0	9.66177	0	10.0353	0	10.9879	0	11.0757	0	10.0077	0	10.5526	0	10.779	0	10.1897	0	10.0787	0	10.7054	0	10.1886	0	9.91758	0	10.8817	0	9.65791	0	9.60605	0	8.71183	0	9.01973	0	10.9433	0	10.122	0
10.2017	0	9.42636	0	9.97054	0	9.54086	0	8.76049	0	9.12232	0	9.66177	0	10.0353	0	10.9879	0	11.0757	0	10.0077	0	10.5526	0	10.779	0	10.1897	0	10.0787	0	10.7054	0	10.1886	0	9.91758	0	10.8817	0	9.65791	0	9.60605	0	8.30614	0	9.01973	0	10.9433	0	10.122	0
10.2017	0	9.42636	0	9.97054	0	9.54086	0	8.76049	0	9.12232	0	9.66177	0	10.0353	0	10.9879	0	9.81276	0	10.0077	0	10.5526	0	10.745	0	10.1897	0	10.0787	0	10.7054	0	10.1886	0	9.91758	0	10.8817	0	9.65791	0	9.60605	0	8.30614	0	9.01973	0	10.9433	0	10.122	0
10.2017	0	9.42636	0	9.97054	0	9.54086	0	8.76049	0	9.12232	0	9.66177	0	10.0353	0	10.9879	0	9.81276	0	9.66375	0	10.5526	0	10.745	0	10.1897	0	10.0787	0	10.4402	0	10.1886	0	9.91758	0	10.8817	0	9.65791	0	9.60605	0	8.30614	0	9.01973	0	10.9433	0	10.122	0
8.46804	0	9.42636	0	9.97054	0	9.54086	0	8.76049	0	9.12232	0	9.66177	0	10.0353	0	10.8828	0	9.81276	0	9.66375	0	10.5526	0	10.6221	0	10.1897	0	10.04	0	10.4402	0	10.1886	0	9.91758	0	10.8817	0	9.65791	0	9.60605	0	8.30614	0	9.01973	0	10.9433	0	10.122	0
8.46804	0	9.42636	0	9.97054	0	9.4208	0	8.76049	0	9.12232	0	9.66177	0	10.0353	0	10.8783	0	9.81276	0	9.66375	0	10.5526	0	10.6205	0	10.1897	0	10.04	0	10.4402	0	10.1886	0	9.28857	0	10.8817	0	9.65791	0	9.60605	0	8.30614	0	9.01973	0	10.9433	0	10.122	0
8.46804	0	9.42636	0	9.97054	0	9.4208	0	8.76049	0	9.12232	0	9.66177	0	10.0353	0	10.831	0	9.81276	0	9.66375	0	10.2759	0	10.5511	0	10.1897	0	10.04	0	10.4402	0	10.1886	0	9.28857	0	10.4078	0	9.65791	0	9.60605	0	8.30614	0	9.01973	0	10.9433	0	10.122	0
8.46804	0	9.42636	0	9.97054	0	9.4208	0	8.76049	0	9.12232	0	9.66177	0	10.0353	0	10.831	0	9.81276	0	9.66375	0	10.2759	0	10.5511	0	10.1897	0	10.04	0	10.4402	0	10.1886	0	9.28857	0	10.4078	0	9.65791	0	9.60605	0	8.30614	0	9.01973	0	10.9433	0	10.122	0
8.46804	0	9.42636	0	9.97054	0	9.4208	0	8.76049	0	9.12232	0	9.66177	0	10.0353	0	9.69969	0	9.81276	0	9.19395	0	10.2759	0	10.5511	0	10.1897	0	10.04	0	10.4402	0	10.1886	0	9.28857	0	10.4078	0	9.65791	0	9.60605	0	8.30614	0	9.01973	0	10.9433	0	8.37854	0
8.46804	0	9.42636	0	9.97054	0	9.4208	0	8.76049	0	9.12232	0	9.66177	0	10.0353	0	9.69969	0	9.81276	0	9.19395	0	10.2759	0	10.5511	0	10.1897	0	10.04	0	9.92657	0	10.1886	0	9.28857	0	10.4078	0	9.65791	0	9.60605	0	8.30614	0	9.01973	0	10.7399	0	8.37854	0
8.46804	0	9.42636	0	9.97054	0	9.4208	0	8.76049	0	9.12232	0	9.66177	0	10.0353	0	9.69969	0	9.81276	0	9.19395	0	10.2759	0	10.5511	0	10.1897	0	10.04	0	9.92657	0	10.1886	0	9.28857	0	10.4078	0	9.65791	0	9.60605	0	8.30614	0	9.01973	0	10.7399	0	8.37854	0
8.46804	0	9.42636	0	9.97054	0	9.4208	0	8.76049	0	8.96681	0	9.66177	0	10.0353	0	9.69969	0	9.81276	0	9.19395	0	10.2759	0	10.5511	0	10.1897	0	10.04	0	9.92657	0	10.1886	0	9.28857	0	10.4078	0	9.65791	0	9.60605	0	8.30614	0	9.01973	0	9.75471	0	8.37854	0
8.46804	0	9.42636	0	9.97054	0	9.4208	0	8.76049	0	8.96681	0	9.66177	0	10.0353	0	9.69969	0	9.10084	0	9.19395	0	10.2759	0	8.8928	0	10.1897	0	10.04	0	9.92657	0	10.0698	0	9.28857	0	9.64547	0	9.65791	0	9.60605	0	8.30614	0	9.01973	0	9.75471	0	8.37854	0
8.46804	0	9.42636	0	9.97054	0	9.4208	0	8.76049	0	8.96681	0	9.66177	0	10.0353	0	9.69969	0	9.10084	0	9.19395	0	10.2759	0	8.8928	0	9.98838	0	10.04	0	9.92657	0	10.0698	0	9.28857	0	9.64547	0	9.65791	0	9.60605	0	8.30614	0	9.01973	0	9.72161	0	8.37854	0
8.46804	0	9.42636	0	9.97054	0	9.4208	0	8.76049	0	8.96681	0	9.66177	0	10.0353	0	9.69969	0	9.10084	0	9.19395	0	10.2759	0	8.8928	0	9.98838	0	10.04	0	9.92657	0	10.0698	0	9.28857	0	9.64547	0	9.65791	0	9.60605	0	8.30614	0	9.01973	0	9.72161	0	8.37854	0
8.46804	0	9.42636	0	9.97054	0	9.4208	0	8.76049	0	8.96681	0	9.66177	0	10.0353	0	9.03984	0	9.10084	0	9.19395	0	10.2759	0	8.8928	0	9.98838	0	10.04	0	9.92657	0	10.0698	0	9.28857	0	9.64547	0	9.65791	0	9.60605	0	8.30614	0	9.01973	0	9.72161	0	8.37854	0
8.46804	0	9.42636	0	9.97054	0	9.4208	0	8.76049	0	8.96681	0	9.66177	0	10.0353	0	9.03984	0	9.10084	0	9.19395	0	10.2759	0	8.8928	0	9.98838	0	10.04	0	9.92657	0	10.0698	0	9.28857	0	9.64547	0	9.65791	0	9.60605	0	8.30614	0	9.01973	0	9.72161	0	8.37854	0
8.46804	0	9.42636	0	9.97054	0	9.4208	0	8.76049	0	8.96681	0	9.54104	0	10.0353	0	9.03984	0	9.10084	0	9.19395	0	10.2759	0	8.8928	0	9.98838	0	10.04	0	9.78082	0	10.0698	0	9.28857	0	9.64547	0	9.65791	0	9.60605	0	8.30614	0	9.01973	0	9.72161	0	8.37854	0
8.46804	0	9.42636	0	9.97054	0	9.4208	0	8.76049	0	8.96681	0	9.54104	0	10.0353	0	9.03984	0	9.10084	0	9.19395	0	10.2759	0	8.8928	0	9.98838	0	10.04	0	9.78082	0	10.0698	0	9.28857	0	9.64547	0	9.54236	0	9.60605	0	8.30614	0	9.01973	0	9.72161	0	8.37854	0
8.46804	0	9.42636	0	9.97054	0	9.4208	0	8.76049	0	8.96681	0	9.54104	0	9.93283	0	9.03984	0	9.10084	0	9.19395	0	9.91255	0	8.8928	0	9.98838	0	10.04	0	9.78082	0	10.0698	0	9.28857	0	9.64547	0	9.54236	0	9.60605	0	8.30614	0	9.01973	0	9.72161	0	8.37854	0
8.46804	0	9.42636	0	8.78502	0	9.4208	0	8.76049	0	8.96681	0	9.54104	0	9.93283	0	9.03984	0	9.10084	0	9.19395	0	9.91255	0	8.8928	0	9.98838	0	10.04	0	9.78082	0	10.0698	0	9.28857	0	9.64547	0	9.54236	0	9.60605	0	8.30614	0	9.01973	0	9.72161	0	8.37854	0
8.46804	0	9.42636	0	8.78502	0	9.4208	0	8.76049	0	8.96681	0	9.54104	0	9.93283	0	9.03984	0	9.10084	0	9.19395	0	9.91255	0	8.8928	0	9.98838	0	10.04	0	9.78082	0	10.0698	0	9.28857	0	9.36964	0	9.54236	0	9.60605	0	8.30614	0	9.01973	0	9.72161	0	8.37854	0
8.46804	0	9.42636	0	8.78502	0	9.4208	0	8.76049	0	8.96681	0	9.54104	0	9.93283	0	9.03984	0	9.10084	0	9.19395	0	9.91255	0	8.8928	0	9.98838	0	10.04	0	9.78082	0	9.4018	0	9.28857	0	9.36964	0	9.54236	0	9.60605	0	8.30614	0	9.01973	0	9.72161	0	8.37854	0
8.46804	0	9.42636	0	8.78502	0	9.4208	0	8.76049	0	8.96681	0	9.54104	0	9.93283	0	9.03984	0	9.10084	0	9.19395	0	9.91255	0	8.8928	0	9.98838	0	10.04	0	9.78082	0	9.4018	0	9.28857	0	9.36964	0	9.54236	0	9.60605	0	8.30614	0	9.01973	0	9.72161	0	8.37854	0
8.46804	0	9.42636	0	8.78502	0	9.4208	0	8.76049	0	8.96681	0	9.54104	0	9.93283	0	9.03984	0	9.10084	0	9.19395	0	9.91255	0	8.8928	0	9.98838	0	9.9686	0	9.78082	0	9.4018	0	9.28857	0	9.36964	0	9.44694	0	9.60605	0	8.30614	0	9.01973	0	9.72161	0	8.37854	0
8.46804	0	9.42636	0	8.78502	0	9.4208	0	8.76049	0	8.96681	0	9.54104	0	9.93283	0	9.03984	0	9.10084	0	9.19395	0	9.91255	0	8.8928	0	9.98838	0	9.9686	0	9.78082	0	9.4018	0	9.28857	0	9.36964	0	9.44694	0	9.60605	0	8.30614	0	9.01973	0	9.72161	0	8.37854	0
8.46804	0	9.42636	0	8.78502	0	9.4208	0	8.76049	0	8.96681	0	9.54104	0	9.93283	0	9.03984	0	9.10084	0	9.19395	0	9.91255	0	8.8928	0	9.98838	0	9.9686	0	9.78082	0	9.4018	0	9.28857	0	9.36964	0	9.44694	0	9.60605	0	8.30614	0	9.01973	0	9.72161	0	8.37854	0
8.46804	0	9.42636	0	8.78502	0	9.4208	0	8.76049	0	8.96681	0	9.54104	0	9.93283	0	9.03984	0	9.10084	0	9.19395	0	9.91255	0	8.8928	0	8.5414	0	9.9686	0	9.78082	0	9.4018	0	9.28857	0	9.36964	0	9.44694	0	9.60605	0	8.30614	0	9.01973	0	9.72161	0	8.37854	0
8.46804	0	9.42636	0	8.78502	0	9.4208	0	8.76049	0	8.96681	0	9.54104	0	9.93283	0	9.03984	0	9.10084	0	9.19395	0	9.91255	0	8.8928	0	8.5414	0	9.9686	0	9.78082	0	9.4018	0	9.28857	0	9.10687	0	9.44694	0	9.60605	0	8.30614	0	9.01973	0	9.72161	0	8.37854	0
8.46804	0	9.42636	0	8.78502	0	9.4208	0	8.76049	0	8.96681	0	9.54104	0	9.93283	0	9.03984	0	9.10084	0	9.19395	0	9.91255	0	8.8928	0	8.5414	0	9.9686	0	9.2117	0	9.4018	0	9.28857	0	9.10687	0	9.44694	0	9.60605	0	8.30614	0	9.01973	0	9.72161	0	8.37854	0
8.46804	0	9.42636	0	8.78502	0	9.27679	0	8.76049	0	8.96681	0	9.54104	0	9.93283	0	9.03984	0	9.10084	0	9.19395	0	9.91255	0	8.8928	0	8.5414	0	9.9686	0	9.2117	0	9.4018	0	9.28857	0	9.10687	0	9.44694	0	9.60605	0	8.30614	0	9.01973	0	9.72161	0	8.37854	0
8.46804	0	9.42636	0	8.78502	0	9.27679	0	8.76049	0	8.96681	0	9.54104	0	9.93283	0	9.03984	0	9.10084	0	9.19395	0	9.91255	0	8.8928	0	8.5414	0	9.88162	0	9.2117	0	9.4018	0	9.28857	0	9.10687	0	9.44694	0	9.60605	0	8.30614	0	9.01973	0	9.72161	0	8.37854	0
8.46804	0	9.42636	0	8.78502	0	9.27679	0	8.76049	0	8.96681	0	9.54104	0	9.93283	0	8.31737	0	9.10084	0	9.19395	0	9.91255	0	8.8928	0	8.5414	0	9.88162	0	9.2117	0	9.4018	0	9.28857	0	9.10687	0	9.44694	0	9.60605	0	8.30614	0	9.01973	0	9.72161	0	8.37854	0
8.46804	0	9.42636	0	8.78502	0	9.27679	0	8.76049	0	8.96681	0	9.54104	0	9.93283	0	8.31737	0	9.10084	0	9.19395	0	9.91255	0	8.8928	0	8.5414	0	9.88162	0	9.2117	0	9.4018	0	9.28857	0	9.10687	0	9.44694	0	9.60605	0	8.30614	0	9.01973	0	9.72161	0	8.37854	0
8.46804	0	9.42636	0	8.78502	0	9.27679	0	8.76049	0	8.96681	0	9.54104	0	9.93283	0	8.31737	0	9.10084	0	9.19395	0	9.91255	0	8.8928	0	8.5414	0	9.88162	0	9.2117	0	9.4018	0	9.28857	0	9.10687	0	9.44694	0	9.60605	0	8.30614	0	9.01973	0	9.72161	0	8.37854	0
8.46804	0	9.42636	0	8.78502	0	9.27679	0	8.76049	0	8.96681	0	9.54104	0	9.93283	0	8.31737	0	9.10084	0	9.19395	0	9.91255	0	8.8928	0	8.5414	0	9.88162	0	9.2117	0	9.4018	0	9.28857	0	9.10687	0	9.44694	0	9.60605	0	8.30614	0	9.01973	0	9.72161	0	8.37854	0
8.46804	0	9.42636	0	8.78502	0	9.27679	0	8.76049	0	8.96681	0	9.54104	0	9.93283	0	8.31737	0	9.10084	0	9.19395	0	9.91255	0	8.8928	0	8.5414	0	9.88162	0	9.2117	0	9.4018	0	9.28857	0	9.10687	0	9.44694	0	9.60605	0	8.30614	0	9.01973	0	9.72161	0	8.37854	0
8.46804	0	9.42636	0	8.78502	0	9.27679	0	8.76049	0	8.96681	0	9.53987	0	9.93283	0	8.31737	0	9.10084	0	9.19395	0	9.91255	0	8.8928	0	8.5414	0	9.88162	0	9.2117	0	9.4018	0	9.28857	0	9.10687	0	9.44694	0	9.60605	0	8.30614	0	9.01973	0	9.72161	0	8.37854	0
8.46804	0	9.42636	0	8.78502	0	9.27679	0	8.76049	0	8.96681	0	9.53987	0	9.93283	0	8.31737	0	9.10084	0	9.19395	0	9.91255	0	8.8928	0	8.5414	0	9.17775	0	9.2117	0	9.4018	0	9.28857	0	9.10687	0	9.44694	0	9.60605	0	8.30614	0	9.01973	0	9.72161	0	8.37854	0
8.46804	0	9.42636	0	8.78502	0	9.27679	0	8.76049	0	8.96681	0	9.53987	0	9.93283	0	8.31737	0	9.10084	0	9.19395	0	9.91255	0	8.8928	0	8.5414	0	9.17775	0	9.2117	0	9.4018	0	9.28857	0	9.10687	0	9.44694	0	9.60605	0	8.30614	0	9.01973	0	9.64021	0	8.37854	0
8.46804	0	9.42636	0	8.78502	0	9.27679	0	8.76049	0	8.96681	0	9.53987	0	9.93283	0	8.31737	0	9.10084	0	9.19395	0	9.91255	0	8.8928	0	8.5414	0	9.17775	0	9.2117	0	9.4018	0	9.28857	0	9.10687	0	9.44694	0	9.60605	0	8.30614	0	9.01973	0	9.64021	0	8.37854	0
8.46804	0	9.42636	0	8.78502	0	9.27679	0	8.76049	0	8.96681	0	9.53987	0	9.93283	0	8.31737	0	9.10084	0	9.19395	0	9.91255	0	8.8928	0	8.5414	0	9.17775	0	9.2117	0	9.4018	0	9.28857	0	9.10687	0	9.44694	0	9.60605	0	8.30614	0	9.01973	0	9.64021	0	8.37854	0
8.46804	0	9.42636	0	8.78502	0	9.27679	0	8.76049	0	8.96681	0	9.53987	0	9.93283	0	8.09326	0	9.10084	0	9.19395	0	9.91255	0	8.8928	0	8.5414	0	9.17775	0	9.2117	0	9.4018	0	9.28857	0	9.10687	0	9.44694	0	9.60605	0	8.30614	0	9.01973	0	9.64021	0	8.37854	0
8.46804	0	9.42636	0	8.78502	0	9.27679	0	8.76049	0	8.96681	0	9.53987	0	9.93283	0	8.09326	0	9.10084	0	9.19395	0	9.91255	0	8.8928	0	8.5414	0	9.17775	0	9.2117	0	9.4018	0	9.28857	0	9.10687	0	9.44694	0	9.60605	0	8.30614	0	9.01973	0	9.64021	0	8.37854	0
8.46804	0	9.42636	0	8.78502	0	8.28672	0	8.76049	0	8.96681	0	9.53987	0	9.93283	0	8.09326	0	9.10084	0	9.19395	0	9.51744	0	8.8928	0	8.5414	0	9.17775	0	9.2117	0	9.4018	0	9.28857	0	9.10687	0	9.44694	0	9.60605	0	8.30614	0	9.01973	0	9.64021	0	8.37854	0
8.46804	0	9.42636	0	8.78502	0	8.28672	0	8.76049	0	8.96681	0	9.53987	0	9.93283	0	8.09326	0	9.10084	0	9.19395	0	9.51744	0	8.8928	0	8.5414	0	9.17775	0	9.2117	0	9.4018	0	9.28857	0	9.10687	0	9.44694	0	9.60605	0	8.30614	0	9.01973	0	9.64021	0	8.37854	0
8.46804	0	9.42636	0	8.78502	0	8.28672	0	8.76049	0	8.96681	0	9.53987	0	9.93283	0	8.09326	0	9.10084	0	9.19395	0	9.51744	0	8.8928	0	8.5414	0	9.17775	0	9.2117	0	9.4018	0	9.28857	0	9.10687	0	9.44694	0	9.60605	0	8.30614	0	9.01973	0	9.64021	0	8.37854	0
8.46804	0	9.42636	0	8.78502	0	8.28672	0	8.76049	0	8.96681	0	9.53987	0	9.93283	0	8.09326	0	8.60373	0	9.19395	0	9.51744	0	8.8928	0	8.5414	0	9.17775	0	9.2117	0	9.4018	0	9.28857	0	9.10687	0	9.44694	0	9.60605	0	8.30614	0	9.01973	0	9.64021	0	8.37854	0
8.46804	0	9.42636	0	8.78502	0	8.28672	0	8.76049	0	8.96681	0	9.53987	0	9.93283	0	8.09326	0	8.60373	0	9.19395	0	9.51744	0	8.8928	0	8.5414	0	9.17775	0	9.2117	0	9.4018	0	9.28857	0	9.10687	0	9.44694	0	9.60605	0	8.30614	0	9.01973	0	9.64021	0	8.37854	0
8.46804	0	9.42636	0	8.78502	0	8.28672	0	8.76049	0	8.96681	0	9.53987	0	9.93283	0	8.09326	0	8.60373	0	9.19395	0	9.51744	0	8.8928	0	8.5414	0	9.17775	0	9.2117	0	9.4018	0	9.28857	0	9.10687	0	9.44694	0	9.60605	0	8.30614	0	9.01973	0	9.64021	0	8.37854	0
8.46804	0	9.42636	0	8.78502	0	8.28672	0	8.76049	0	8.96681	0	9.53987	0	9.93283	0	8.09326	0	8.60373	0	9.19395	0	8.16101	0	8.8928	0	8.5414	0	9.17775	0	9.2117	0	9.4018	0	9.28857	0	9.10687	0	9.44694	0	9.60605	0	8.30614	0	9.01973	0	9.64021	0	8.37854	0
8.46804	0	9.42636	0	8.78502	0	8.28672	0	8.76049	0	8.96681	0	9.53987	0	9.93283	0	8.09326	0	8.60373	0	9.19395	0	8.16101	0	8.8928	0	8.5414	0	9.17775	0	9.2117	0	9.4018	0	9.28857	0	9.10687	0	9.44694	0	9.60605	0	8.30614	0	9.01973	0	9.64021	0	8.37854	0
8.46804	0	9.22848	0	8.78502	0	8.28672	0	8.76049	0	8.96681	0	9.53987	0	9.93283	0	8.09326	0	8.60373	0	9.19395	0	8.16101	0	8.8928	0	8.5414	0	9.17775	0	9.2117	0	9.4018	0	9.28857	0	9.10687	0	9.44694	0	9.60605	0	8.30614	0	9.01973	0	9.64021	0	8.37854	0
8.46804	0	9.22848	0	8.78502	0	8.28672	0	8.76049	0	8.96681	0	9.53987	0	9.93283	0	8.09326	0	8.60373	0	9.19395	0	8.16101	0	8.8928	0	8.5414	0	9.17775	0	9.2117	0	9.4018	0	9.28857	0	9.10687	0	9.40905	0	9.60605	0	8.30614	0	9.01973	0	9.64021	0	8.37854	0
8.46804	0	9.22848	0	8.78502	0	8.28672	0	8.76049	0	8.96681	0	9.53987	0	9.93283	0	8.09326	0	8.60373	0	9.19395	0	8.16101	0	8.8928	0	8.5414	0	9.17775	0	9.2117	0	9.4018	0	9.28857	0	9.10687	0	9.40905	0	9.60605	0	8.30614	0	9.01973	0	9.64021	0	8.37854	0
8.46804	0	9.22848	0	8.78502	0	8.28672	0	8.76049	0	8.96681	0	9.53987	0	9.93283	0	8.09326	0	8.60373	0	9.19395	0	8.16101	0	8.8928	0	8.5414	0	9.17775	0	9.2117	0	9.4018	0	9.28857	0	9.10687	0	9.40905	0	9.50887	0	8.30614	0	9.01973	0	9.64021	0	8.37854	0
8.46804	0	9.22848	0	8.78502	0	8.28672	0	8.76049	0	8.96681	0	9.53987	0	9.93283	0	8.09326	0	8.60373	0	9.19395	0	8.16101	0	8.8928	0	8.5414	0	9.17775	0	9.2117	0	9.4018	0	9.28857	0	9.10687	0	9.40905	0	9.50887	0	8.30614	0	9.01973	0	9.64021	0	8.37854	0
8.46804	0	9.22848	0	8.78502	0	8.28672	0	8.76049	0	8.96681	0	9.53987	0	9.93283	0	8.09326	0	8.60373	0	9.19395	0	8.16101	0	8.8928	0	8.5414	0	9.17775	0	9.2117	0	9.4018	0	9.28857	0	9.10687	0	9.40905	0	9.50887	0	8.30614	0	9.01973	0	9.64021	0	8.37854	0
8.46804	0	9.22848	0	8.78502	0	8.28672	0	8.76049	0	8.96681	0	9.53987	0	9.93283	0	8.09326	0	8.60373	0	9.19395	0	8.16101	0	8.8928	0	8.5414	0	9.17775	0	9.2117	0	9.4018	0	9.28857	0	9.10687	0	9.40905	0	9.50887	0	8.30614	0	9.01973	0	9.64021	0	8.37854	0
8.46804	0	9.22848	0	8.78502	0	8.28672	0	8.76049	0	8.96681	0	9.53987	0	9.93283	0	8.09326	0	8.60373	0	9.19395	0	8.16101	0	8.8928	0	8.5414	0	9.17775	0	9.2117	0	9.4018	0	9.28857	0	9.10687	0	9.40905	0	9.50887	0	8.30614	0	9.01973	0	9.64021	0	8.37854	0
8.46804	0	9.22848	0	8.78502	0	8.28672	0	8.76049	0	8.96681	0	9.53987	0	9.93283	0	8.09326	0	8.60373	0	9.19395	0	8.16101	0	8.8928	0	8.5414	0	9.17775	0	9.2117	0	9.4018	0	9.28857	0	9.10687	0	9.40905	0	8.80592	0	8.30614	0	9.01973	0	9.22637	0	8.37854	0
8.46804	0	9.22848	0	8.78502	0	8.28672	0	8.76049	0	8.96681	0	9.53987	0	9.93283	0	8.09326	0	8.60373	0	9.19395	0	8.16101	0	8.8928	0	8.5414	0	9.17775	0	9.2117	0	9.4018	0	9.28857	0	9.10687	0	9.40905	0	8.80592	0	8.30614	0	9.01973	0	9.22637	0	8.37854	0
8.46804	0	9.22848	0	8.78502	0	8.28672	0	8.76049	0	8.96681	0	9.53987	0	9.93283	0	8.09326	0	8.60373	0	9.19395	0	8.16101	0	8.8928	0	8.5414	0	9.17775	0	9.2117	0	9.0744	0	9.28857	0	9.10687	0	9.40905	0	8.80592	0	8.30614	0	9.01973	0	9.22637	0	8.37854	0
8.46804	0	9.22848	0	8.78502	0	8.28672	0	8.76049	0	8.4938	0	9.53987	0	9.93283	0	8.09326	0	8.60373	0	9.19395	0	8.16101	0	8.8928	0	8.5414	0	9.17775	0	9.2117	0	9.0744	0	9.28857	0	9.10687	0	9.40905	0	8.80592	0	8.30614	0	9.01973	0	9.22637	0	8.37854	0
8.46804	0	9.22848	0	8.78502	0	8.28672	0	8.76049	0	8.4938	0	9.53987	0	9.93283	0	8.09326	0	8.60373	0	9.19395	0	8.16101	0	8.8928	0	8.5414	0	9.17775	0	9.2117	0	9.0744	0	9.28857	0	8.57274	0	9.40905	0	8.80592	0	8.30614	0	9.01973	0	9.22637	0	8.37854	0
8.46804	0	9.22848	0	8.78502	0	8.28672	0	8.76049	0	8.4938	0	9.53987	0	9.45885	0	8.09326	0	8.60373	0	9.19395	0	8.16101	0	8.8928	0	8.5414	0	9.17775	0	9.2117	0	9.0744	0	9.28857	0	8.57274	0	9.40905	0	8.80592	0	8.30614	0	9.01973	0	9.22637	0	8.37854	0
8.46804	0	9.22848	0	8.78502	0	8.28672	0	8.76049	0	8.4938	0	9.53987	0	9.45885	0	8.09326	0	8.60373	0	9.19395	0	8.16101	0	8.8928	0	8.5414	0	9.17775	0	9.2117	0	9.0744	0	9.28857	0	8.57274	0	9.40905	0	8.80592	0	8.30614	0	9.01973	0	9.22637	0	8.37854	0
8.46804	0	9.22848	0	8.78502	0	8.28672	0	8.76049	0	8.4938	0	9.53987	0	9.45885	0	8.09326	0	8.60373	0	9.19395	0	8.16101	0	8.8928	0	8.5414	0	9.17775	0	9.2117	0	9.0744	0	9.28857	0	8.57274	0	9.40905	0	8.80592	0	8.30614	0	9.01973	0	9.22637	0	8.37854	0
8.46804	0	9.22848	0	8.78502	0	8.28672	0	8.76049	0	8.4938	0	9.53987	0	9.45885	0	8.09326	0	8.60373	0	9.19395	0	8.16101	0	8.8928	0	8.5414	0	9.17775	0	9.2117	0	9.0744	0	9.28857	0	8.57274	0	9.40905	0	8.80592	0	8.30614	0	9.01973	0	9.22637	0	8.37854	0
8.46804	0	9.22848	0	8.78502	0	8.28672	0	8.76049	0	8.4938	0	9.53987	0	9.45885	0	8.07181	0	8.60373	0	9.19395	0	8.16101	0	8.8928	0	8.5414	0	9.17775	0	9.2117	0	9.0744	0	9.28857	0	8.57274	0	9.40905	0	8.80592	0	8.30614	0	9.01973	0	9.22637	0	8.37854	0
8.46804	0	9.22848	0	8.78502	0	8.28672	0	8.76049	0	8.4938	0	9.53987	0	9.45885	0	8.07181	0	8.60373	0	9.19395	0	8.16101	0	8.8928	0	8.5414	0	9.17775	0	9.2117	0	9.0744	0	9.28857	0	8.57274	0	9.40905	0	8.80592	0	8.30614	0	9.01973	0	9.22637	0	8.37854	0
8.46804	0	9.22848	0	8.78502	0	8.28672	0	8.76049	0	8.4938	0	9.53987	0	9.45885	0	8.07181	0	8.60373	0	9.19395	0	8.16101	0	8.8928	0	8.5414	0	9.17775	0	9.2117	0	9.0744	0	9.28857	0	8.57274	0	9.40905	0	8.80592	0	8.30614	0	9.01973	0	9.22637	0	8.37854	0
8.46804	0	9.22848	0	8.78502	0	8.28672	0	8.76049	0	8.4938	0	9.53987	0	9.45885	0	8.07181	0	8.60373	0	9.19395	0	8.16101	0	8.8928	0	8.5414	0	9.17775	0	9.2117	0	9.0744	0	9.28857	0	8.57274	0	9.40905	0	8.80592	0	8.30614	0	9.01973	0	9.22637	0	8.37854	0
8.46804	0	9.22848	0	8.78502	0	8.28672	0	8.76049	0	8.4938	0	9.53987	0	9.45885	0	8.07181	0	8.60373	0	9.19395	0	8.16101	0	8.8928	0	8.5414	0	9.17775	0	9.2117	0	9.0744	0	9.28857	0	8.57274	0	9.40905	0	8.80592	0	8.30614	0	9.01973	0	9.22637	0	8.37854	0
8.46804	0	9.22848	0	8.78502	0	8.28672	0	8.76049	0	8.4938	0	9.53987	0	9.45885	0	8.07181	0	8.60373	0	9.19395	0	8.16101	0	8.8928	0	8.5414	0	9.17775	0	9.2117	0	9.0744	0	9.28857	0	8.57274	0	9.40905	0	8.80592	0	8.30614	0	9.01973	0	9.22637	0	8.37854	0
8.46804	0	9.22848	0	8.78502	0	8.28672	0	8.76049	0	8.4938	0	9.53987	0	9.45885	0	8.07181	0	8.60373	0	9.19395	0	8.16101	0	8.8928	0	8.5414	0	9.17775	0	9.2117	0	9.0744	0	9.28857	0	8.57274	0	9.40905	0	8.80592	0	8.30614	0	9.01973	0	9.22637	0	8.37854	0
8.46804	0	9.22848	0	8.78502	0	8.28672	0	8.76049	0	8.4938	0	9.53987	0	9.45885	0	8.07181	0	8.60373	0	9.19395	0	8.16101	0	8.8928	0	8.5414	0	9.17775	0	9.2117	0	9.0744	0	9.28857	0	8.57274	0	9.40905	0	8.80592	0	8.30614	0	9.01973	0	9.22637	0	8.37854	0
8.27538	0	9.22848	0	8.78502	0	8.28672	0	8.76049	0	8.4938	0	9.53987	0	9.45885	0	8.07181	0	8.60373	0	9.19395	0	8.16101	0	8.8928	0	8.5414	0	9.17775	0	9.2117	0	9.0744	0	9.28857	0	8.57274	0	9.40905	0	8.80592	0	8.30614	0	9.01973	0	9.22637	0	8.37854	0
8.27538	0	9.22848	0	8.78502	0	8.28672	0	8.76049	0	8.4938	0	9.53987	0	9.45885	0	8.07181	0	8.60373	0	9.19395	0	8.16101	0	8.8928	0	8.5414	0	9.17775	0	9.2117	0	9.0744	0	9.28857	0	8.57274	0	9.40905	0	8.80592	0	8.30614	0	9.01973	0	9.22637	0	8.37854	0
8.27538	0	9.22848	0	8.78502	0	8.28672	0	8.76049	0	8.4938	0	9.53987	0	8.47567	0	8.07181	0	8.60373	0	9.19395	0	8.16101	0	8.8928	0	8.5414	0	9.17775	0	9.2117	0	9.0744	0	9.28857	0	8.57274	0	9.40905	0	8.80592	0	8.30614	0	9.01973	0	9.22637	0	8.37854	0
8.27538	0	9.22848	0	8.78502	0	8.28672	0	8.76049	0	8.4938	0	9.53987	0	8.47567	0	8.07181	0	8.60373	0	8.83225	0	8.16101	0	8.8928	0	8.5414	0	9.17775	0	9.2117	0	9.0744	0	9.28857	0	8.57274	0	9.40905	0	8.80592	0	8.30614	0	9.01973	0	9.22637	0	8.37854	0
8.27538	0	9.22848	0	8.78502	0	8.28672	0	8.76049	0	8.4938	0	9.53987	0	8.47567	0	8.07181	0	8.60373	0	8.83225	0	8.16101	0	8.8928	0	8.5414	0	9.17775	0	9.2117	0	9.0744	0	9.28857	0	8.57274	0	9.40905	0	8.80592	0	8.30614	0	9.01973	0	9.22637	0	8.37854	0
8.27538	0	9.22848	0	8.78502	0	8.28672	0	8.76049	0	8.4938	0	9.53987	0	8.47567	0	8.07181	0	8.60373	0	8.83225	0	8.16101	0	8.8928	0	8.5414	0	9.17775	0	9.2117	0	9.0744	0	9.28857	0	8.57274	0	9.40905	0	8.80592	0	8.30614	0	9.01973	0	9.22637	0	8.37854	0
8.27538	0	9.22848	0	8.78502	0	8.28672	0	8.76049	0	8.4938	0	9.53987	0	8.47567	0	8.07181	0	8.60373	0	8.83225	0	8.16101	0	8.8928	0	8.5414	0	9.17775	0	9.2117	0	9.0744	0	9.28857	0	8.57274	0	9.40905	0	8.80592	0	8.30614	0	9.01973	0	9.22637	0	8.37854	0
8.27538	0	9.22848	0	8.78502	0	8.28672	0	8.76049	0	8.4938	0	9.53987	0	8.47567	0	8.07181	0	8.60373	0	8.83225	0	8.16101	0	8.8928	0	8.5414	0	9.17775	0	9.2117	0	9.0744	0	9.28857	0	8.57274	0	9.40905	0	8.80592	0	8.30614	0	9.01973	0	9.22637	0	8.37854	0
8.27538	0	9.22848	0	8.78502	0	8.28672	0	8.76049	0	8.4938	0	9.53987	0	8.47567	0	8.07181	0	8.60373	0	8.83225	0	8.16101	0	8.8928	0	8.5414	0	9.17775	0	9.2117	0	9.0744	0	9.28857	0	8.57274	0	9.40905	0	8.80592	0	8.30614	0	9.01973	0	9.22637	0	8.37854	0
8.27538	0	9.22848	0	8.78502	0	8.28672	0	8.76049	0	8.4938	0	9.53987	0	8.47567	0	8.07181	0	8.60373	0	8.83225	0	8.16101	0	8.8928	0	8.5414	0	9.17775	0	9.2117	0	9.0744	0	8.99465	0	8.57274	0	9.40905	0	8.80592	0	8.30614	0	9.01973	0	8.71756	0	8.37854	0
8.27538	0	9.22848	0	8.78502	0	8.28672	0	8.76049	0	8.4938	0	9.53987	0	8.47567	0	8.07181	0	8.60373	0	8.83225	0	8.16101	0	8.8928	0	8.5414	0	9.17775	0	9.2117	0	9.0744	0	8.99465	0	8.57274	0	9.40905	0	8.80592	0	8.30614	0	9.01973	0	8.71756	0	8.37854	0
8.27538	0	9.22848	0	8.78502	0	8.28672	0	8.76049	0	8.4938	0	9.53987	0	8.47567	0	8.07181	0	8.60373	0	8.83225	0	8.16101	0	8.8928	0	8.5414	0	9.17775	0	9.2117	0	9.0744	0	8.99465	0	8.57274	0	9.40905	0	8.80592	0	8.30614	0	9.01973	0	8.71756	0	8.37854	0
8.27538	0	9.22848	0	8.78502	0	8.28672	0	8.76049	0	8.4938	0	9.53987	0	8.47567	0	8.07181	0	8.60373	0	8.83225	0	8.16101	0	8.8928	0	8.5414	0	9.17775	0	9.2117	0	9.0744	0	8.99465	0	8.57274	0	9.40905	0	8.80592	0	8.30614	0	9.01973	0	8.71756	0	8.37854	0
8.27538	0	9.22848	0	8.78502	0	8.28672	0	8.76049	0	8.4938	0	9.53987	0	8.47567	0	8.07181	0	8.60373	0	8.83225	0	8.16101	0	8.8928	0	8.5414	0	9.17775	0	9.2117	0	9.0744	0	8.99465	0	8.57274	0	9.40905	0	8.80592	0	8.30614	0	9.01973	0	8.71756	0	8.37854	0
8.27538	0	9.22848	0	8.78502	0	8.28672	0	8.76049	0	8.4938	0	9.24035	0	8.47567	0	8.07181	0	8.60373	0	8.83225	0	8.16101	0	8.8928	0	8.5414	0	9.17775	0	9.2117	0	9.0744	0	8.99465	0	8.57274	0	9.40905	0	8.80592	0	8.30614	0	8.51303	0	8.71756	0	8.37854	0
8.27538	0	9.22848	0	8.78502	0	8.28672	0	8.76049	0	8.4938	0	9.24035	0	8.47567	0	8.07181	0	8.60373	0	8.83225	0	8.16101	0	8.8928	0	8.5414	0	9.17775	0	9.2117	0	9.0744	0	8.99465	0	8.57274	0	9.40905	0	8.80592	0	8.30614	0	8.51303	0	8.71756	0	8.37854	0
8.27538	0	9.22848	0	8.78502	0	8.28672	0	8.76049	0	8.4938	0	9.24035	0	8.47567	0	8.07181	0	8.60373	0	8.83225	0	8.16101	0	8.8928	0	8.5414	0	9.17775	0	9.2117	0	9.0744	0	8.99465	0	8.57274	0	9.40905	0	8.80592	0	8.30614	0	8.51303	0	8.71756	0	8.37854	0
8.27538	0	9.22848	0	8.78502	0	8.28672	0	8.76049	0	8.4938	0	9.24035	0	8.47567	0	8.07181	0	8.60373	0	8.83225	0	8.16101	0	8.8928	0	8.5414	0	9.17775	0	9.2117	0	9.0744	0	8.99465	0	8.57274	0	9.40905	0	8.80592	0	8.30614	0	8.51303	0	8.71756	0	8.37854	0
8.27538	0	9.22848	0	8.78502	0	8.28672	0	8.76049	0	8.4938	0	9.24035	0	8.47567	0	8.07181	0	8.60373	0	8.83225	0	8.16101	0	8.8928	0	8.5414	0	9.17775	0	9.2117	0	9.0744	0	8.99465	0	8.57274	0	9.40905	0	8.80592	0	8.30614	0	8.51303	0	8.71756	0	8.37854	0
8.27538	0	9.22848	0	8.78502	0	8.28672	0	8.76049	0	8.4938	0	9.24035	0	8.47567	0	8.07181	0	8.60373	0	8.83225	0	8.16101	0	8.8928	0	8.5414	0	9.17775	0	9.2117	0	9.0744	0	8.99465	0	8.57274	0	9.40905	0	8.80592	0	8.30614	0	8.51303	0	8.71756	0	8.37854	0
8.27538	0	9.22848	0	8.78502	0	8.28672	0	8.76049	0	8.4938	0	9.24035	0	8.47567	0	8.07181	0	8.60373	0	8.83225	0	8.16101	0	8.8928	0	8.5414	0	9.17775	0	9.2117	0	9.0744	0	8.99465	0	8.57274	0	9.40905	0	8.80592	0	8.30614	0	8.51303	0	8.71756	0	8.37854	0
8.27538	0	9.22848	0	8.78502	0	8.28672	0	8.76049	0	8.4938	0	9.24035	0	8.47567	0	8.07181	0	8.60373	0	8.83225	0	8.16101	0	8.8928	0	8.5414	0	9.17775	0	9.2117	0	9.0744	0	8.99465	0	8.57274	0	9.40905	0	8.80592	0	8.30614	0	8.51303	0	8.71756	0	8.37854	0
8.27538	0	9.22848	0	8.78502	0	8.28672	0	8.76049	0	8.4938	0	9.24035	0	8.47567	0	8.07181	0	8.60373	0	8.83225	0	8.16101	0	8.8928	0	8.5414	0	9.17775	0	9.2117	0	9.0744	0	8.99465	0	8.57274	0	9.40905	0	8.80592	0	8.30614	0	8.51303	0	8.71756	0	8.37854	0
8.27538	0	9.22848	0	8.78502	0	8.28672	0	8.76049	0	8.4938	0	9.24035	0	8.47567	0	8.07181	0	8.60373	0	8.83225	0	8.16101	0	8.8928	0	8.5414	0	9.17775	0	9.2117	0	8.82403	0	8.99465	0	8.57274	0	9.40905	0	8.80592	0	8.30614	0	8.51303	0	8.71756	0	8.37854	0
8.27538	0	9.22848	0	8.78502	0	8.28672	0	8.76049	0	8.4938	0	9.24035	0	8.47567	0	8.07181	0	8.60373	0	8.83225	0	8.16101	0	8.8928	0	8.5414	0	9.17775	0	9.2117	0	8.82403	0	8.99465	0	8.57274	0	9.40905	0	8.80592	0	8.30614	0	8.51303	0	8.71756	0	8.37854	0
8.27538	0	9.22848	0	8.78502	0	8.28672	0	8.76049	0	8.4938	0	9.24035	0	8.47567	0	8.07181	0	8.60373	0	8.83225	0	8.16101	0	8.8928	0	8.5414	0	9.17775	0	9.2117	0	8.82403	0	8.99465	0	8.57274	0	9.40905	0	8.80592	0	8.30614	0	8.51303	0	8.71756	0	8.37854	0
8.27538	0	9.22848	0	8.78502	0	8.28672	0	8.76049	0	8.4938	0	9.24035	0	8.47567	0	8.07181	0	8.60373	0	8.83225	0	8.16101	0	8.8928	0	8.5414	0	9.17775	0	9.2117	0	8.82403	0	8.99465	0	8.57274	0	9.40905	0	8.80592	0	8.30614	0	8.51303	0	8.71756	0	8.37854	0
8.27538	0	9.22848	0	8.78502	0	8.28672	0	8.76049	0	8.4938	0	9.24035	0	8.47567	0	8.07181	0	8.60373	0	8.83225	0	8.16101	0	8.8928	0	8.5414	0	9.17775	0	9.2117	0	8.82403	0	8.99465	0	8.57274	0	9.40905	0	8.80592	0	8.30614	0	8.51303	0	8.71756	0	8.37854	0
8.27538	0	9.22848	0	8.78502	0	8.28672	0	8.76049	0	8.15062	0	9.24035	0	8.47567	0	8.07181	0	8.60373	0	8.83225	0	8.16101	0	8.8928	0	8.5414	0	9.17775	0	9.2117	0	8.82403	0	8.99465	0	8.57274	0	9.40905	0	8.80592	0	8.30614	0	8.51303	0	8.71756	0	8.37854	0
8.27538	0	9.22848	0	8.78502	0	8.28672	0	8.76049	0	8.15062	0	9.24035	0	8.47567	0	8.07181	0	8.60373	0	8.83225	0	8.16101	0	8.8928	0	8.5414	0	9.17775	0	9.2117	0	8.82403	0	8.99465	0	8.57274	0	9.40905	0	8.80592	0	8.30614	0	8.51303	0	8.71756	0	8.37854	0
8.27538	0	9.22848	0	8.78502	0	8.28672	0	8.76049	0	8.15062	0	9.24035	0	8.47567	0	8.07181	0	8.60373	0	8.83225	0	8.16101	0	8.8928	0	8.5414	0	9.17775	0	9.2117	0	8.82403	0	8.99465	0	8.57274	0	9.40905	0	8.80592	0	8.30614	0	8.51303	0	8.71756	0	8.37854	0
8.27538	0	9.22848	0	8.78502	0	8.28672	0	8.76049	0	8.15062	0	9.24035	0	8.47567	0	8.07181	0	8.60373	0	8.83225	0	8.16101	0	8.8928	0	8.5414	0	9.17775	0	9.2117	0	8.82403	0	8.99465	0	8.57274	0	9.40905	0	8.80592	0	8.30614	0	8.51303	0	8.71756	0	8.37854	0
8.27538	0	9.22848	0	8.78502	0	8.28672	0	8.76049	0	8.15062	0	9.24035	0	8.47567	0	8.07181	0	8.60373	0	8.83225	0	8.16101	0	8.8928	0	8.5414	0	9.17775	0	9.2117	0	8.82403	0	8.99465	0	8.57274	0	9.40905	0	8.80592	0	8.30614	0	8.51303	0	8.71756	0	8.37854	0
8.27538	0	9.22848	0	8.78502	0	8.28672	0	8.76049	0	8.15062	0	9.24035	0	8.47567	0	8.07181	0	8.60373	0	8.83225	0	8.16101	0	8.8928	0	8.5414	0	9.17775	0	9.2117	0	8.82403	0	8.99465	0	8.57274	0	9.40905	0	8.80592	0	8.30614	0	8.51303	0	8.71756	0	8.37854	0
8.27538	0	9.22848	0	8.78502	0	8.28672	0	8.76049	0	8.15062	0	9.24035	0	8.47567	0	8.07181	0	8.60373	0	8.83225	0	8.16101	0	8.8928	0	8.5414	0	9.17775	0	9.2117	0	8.82403	0	8.99465	0	8.57274	0	9.40905	0	8.80592	0	8.30614	0	8.51303	0	8.71756	0	8.37854	0
8.27538	0	9.22848	0	8.78502	0	8.28672	0	8.76049	0	8.15062	0	9.24035	0	8.47567	0	8.07181	0	8.60373	0	8.83225	0	8.16101	0	8.8928	0	8.5414	0	9.17775	0	9.2117	0	8.82403	0	8.99465	0	8.57274	0	9.40905	0	8.80592	0	8.30614	0	8.51303	0	8.71756	0	8.37854	0
8.27538	0	9.22848	0	8.78502	0	8.28672	0	8.76049	0	8.15062	0	9.24035	0	8.47567	0	8.07181	0	8.60373	0	8.83225	0	8.16101	0	8.8928	0	8.5414	0	9.17775	0	9.2117	0	8.82403	0	8.99465	0	8.57274	0	9.40905	0	8.80592	0	8.30614	0	8.51303	0	8.71756	0	8.37854	0
8.27538	0	8.82446	0	8.78502	0	8.28672	0	8.76049	0	8.15062	0	9.24035	0	8.47567	0	8.07181	0	8.60373	0	8.83225	0	8.16101	0	8.8928	0	8.5414	0	9.17775	0	9.2117	0	8.82403	0	8.99465	0	8.57274	0	9.40905	0	8.80592	0	8.30614	0	8.51303	0	8.71756	0	8.37854	0
8.27538	0	8.82446	0	8.78502	0	8.28672	0	8.76049	0	8.15062	0	9.24035	0	8.47567	0	8.07181	0	8.60373	0	8.83225	0	8.16101	0	8.8928	0	8.5414	0	9.17775	0	9.03865	0	8.82403	0	8.99465	0	8.57274	0	9.40905	0	8.80592	0	8.30614	0	8.51303	0	8.71756	0	8.37854	0
8.27538	0	8.82446	0	8.78502	0	8.28672	0	8.76049	0	8.15062	0	9.24035	0	8.47567	0	8.07181	0	8.60373	0	8.83225	0	8.16101	0	8.8928	0	8.5414	0	9.17775	0	9.03865	0	8.82403	0	8.99465	0	8.57274	0	9.40905	0	8.80592	0	8.30614	0	8.51303	0	8.71756	0	8.37854	0
8.27538	0	8.82446	0	8.78502	0	8.28672	0	8.76049	0	8.15062	0	9.24035	0	8.47567	0	8.07181	0	8.60373	0	8.83225	0	8.16101	0	8.8928	0	8.5414	0	9.17775	0	9.03865	0	8.82403	0	8.99465	0	8.57274	0	9.40905	0	8.80592	0	8.30614	0	8.51303	0	8.71756	0	8.37854	0
8.27538	0	8.82446	0	8.78502	0	8.28672	0	8.76049	0	8.15062	0	9.24035	0	8.47567	0	8.07181	0	8.60373	0	8.83225	0	8.16101	0	8.8928	0	8.5414	0	9.17775	0	9.03865	0	8.82403	0	8.99465	0	8.57274	0	9.40905	0	8.80592	0	8.30614	0	8.51303	0	8.71756	0	8.37854	0
8.27538	0	8.82446	0	8.78502	0	8.28672	0	8.76049	0	8.15062	0	9.24035	0	8.47567	0	8.07181	0	8.60373	0	8.83225	0	8.16101	0	8.8928	0	8.5414	0	9.17775	0	8.77211	0	8.82403	0	8.99465	0	8.57274	0	9.40905	0	8.80592	0	8.30614	0	8.51303	0	8.71756	0	8.37854	0
8.27538	0	8.82446	0	8.78502	0	8.28672	0	8.76049	0	8.15062	0	9.24035	0	8.47567	0	8.07181	0	8.60373	0	8.83225	0	8.16101	0	8.8928	0	8.5414	0	9.17775	0	8.77211	0	8.82403	0	8.99465	0	8.57274	0	9.40905	0	8.80592	0	8.30614	0	8.51303	0	8.71756	0	8.37854	0
8.27538	0	8.64772	0	8.78502	0	8.28672	0	8.76049	0	8.15062	0	9.24035	0	8.47567	0	8.07181	0	8.60373	0	8.83225	0	8.16101	0	8.8928	0	8.5414	0	9.17775	0	8.77211	0	8.82403	0	8.99465	0	8.57274	0	9.40905	0	8.80592	0	8.30614	0	8.51303	0	8.71756	0	8.37854	0
8.27538	0	8.64772	0	8.78502	0	8.28672	0	8.76049	0	8.15062	0	9.24035	0	8.47567	0	8.07181	0	8.60373	0	8.83225	0	8.16101	0	8.8928	0	8.5414	0	9.17775	0	8.77211	0	8.82403	0	8.99465	0	8.57274	0	9.40905	0	8.80592	0	8.30614	0	8.51303	0	8.71756	0	8.37854	0
8.27538	0	8.64772	0	8.78502	0	8.28672	0	8.76049	0	8.15062	0	9.24035	0	8.47567	0	8.07181	0	8.60373	0	8.83225	0	8.16101	0	8.78395	0	8.5414	0	9.17775	0	8.77211	0	8.82403	0	8.99465	0	8.57274	0	9.40905	0	8.80592	0	8.30614	0	8.51303	0	8.71756	0	8.37854	0
8.27538	0	8.64772	0	8.64923	0	8.28672	0	8.76049	0	8.15062	0	9.24035	0	8.47567	0	8.07181	0	8.60373	0	8.83225	0	8.16101	0	8.78395	0	8.5414	0	9.17775	0	8.77211	0	8.82403	0	8.99465	0	8.57274	0	9.40905	0	8.80592	0	8.30614	0	8.51303	0	8.71756	0	8.37854	0
8.27538	0	8.64772	0	8.64923	0	8.28672	0	8.76049	0	8.15062	0	9.24035	0	8.47567	0	8.07181	0	8.60373	0	8.83225	0	8.16101	0	8.78395	0	8.5414	0	9.17775	0	8.77211	0	8.82403	0	8.99465	0	8.57274	0	9.40905	0	8.80592	0	8.30614	0	8.51303	0	8.71756	0	8.37854	0
8.27538	0	8.64772	0	8.64923	0	8.28672	0	8.76049	0	8.15062	0	9.24035	0	8.47567	0	8.07181	0	8.60373	0	8.83225	0	8.16101	0	8.78395	0	8.5414	0	9.17775	0	8.77211	0	8.82403	0	8.99465	0	8.57274	0	9.40905	0	8.80592	0	8.30614	0	8.51303	0	8.71756	0	8.37854	0
8.27538	0	8.64772	0	8.64923	0	8.28672	0	8.76049	0	8.15062	0	9.24035	0	8.47567	0	8.07181	0	8.60373	0	8.83225	0	8.16101	0	8.78395	0	8.5414	0	9.17775	0	8.77211	0	8.82403	0	8.99465	0	8.57274	0	9.40905	0	8.80592	0	8.30614	0	8.51303	0	8.71756	0	8.37854	0
8.27538	0	8.64772	0	8.64923	0	8.28672	0	8.76049	0	8.15062	0	9.24035	0	8.47567	0	8.07181	0	8.60373	0	8.83225	0	8.16101	0	8.78395	0	8.5414	0	9.17775	0	8.77211	0	8.82403	0	8.99465	0	8.57274	0	9.40905	0	8.80592	0	8.30614	0	8.51303	0	8.71756	0	8.37854	0
8.27538	0	8.64772	0	8.64923	0	8.28672	0	8.76049	0	8.15062	0	9.24035	0	8.47567	0	8.07181	0	8.60373	0	8.83225	0	8.16101	0	8.78395	0	8.5414	0	9.17775	0	8.77211	0	8.82403	0	8.99465	0	8.57274	0	9.40905	0	8.80592	0	8.30614	0	8.51303	0	8.71756	0	8.37854	0
8.27538	0	8.64772	0	8.64923	0	8.28672	0	8.76049	0	8.15062	0	9.24035	0	8.47567	0	8.07181	0	8.60373	0	8.83225	0	8.16101	0	8.78395	0	8.5414	0	9.17775	0	8.77211	0	8.82403	0	8.99465	0	8.57274	0	9.40905	0	8.80592	0	8.30614	0	8.51303	0	8.71756	0	8.37854	0
8.27538	0	8.64772	0	8.64923	0	8.28672	0	8.76049	0	8.15062	0	9.24035	0	8.47567	0	8.07181	0	8.60373	0	8.83225	0	8.16101	0	8.78395	0	8.5414	0	8.8132	0	8.77211	0	8.82403	0	8.99465	0	8.57274	0	9.40905	0	8.80592	0	8.30614	0	8.51303	0	8.71756	0	8.37854	0
8.27538	0	8.64772	0	8.64923	0	8.28672	0	8.76049	0	8.15062	0	9.24035	0	8.47567	0	8.07181	0	8.60373	0	8.83225	0	8.16101	0	8.72728	0	8.5414	0	8.8132	0	8.77211	0	8.82403	0	8.99465	0	8.57274	0	9.40905	0	8.80592	0	8.30614	0	8.51303	0	8.71756	0	8.37854	0
8.27538	0	8.64772	0	8.64923	0	8.28672	0	8.76049	0	8.15062	0	9.24035	0	8.47567	0	8.07181	0	8.60373	0	8.83225	0	8.16101	0	8.72728	0	8.5414	0	8.8132	0	8.77211	0	8.82403	0	8.99465	0	8.57274	0	9.40905	0	8.80592	0	8.30614	0	8.51303	0	8.71756	0	8.37854	0
8.27538	0	8.64772	0	8.64923	0	8.28672	0	8.76049	0	8.15062	0	9.24035	0	8.47567	0	8.07181	0	8.60373	0	8.83225	0	8.16101	0	8.72728	0	8.5414	0	8.8132	0	8.77211	0	8.82403	0	8.99465	0	8.57274	0	9.40905	0	8.80592	0	8.30614	0	8.51303	0	8.71756	0	8.37854	0
8.27538	0	8.64772	0	8.64923	0	8.28672	0	8.76049	0	8.15062	0	9.24035	0	8.47567	0	8.07181	0	8.60373	0	8.83225	0	8.16101	0	8.72728	0	8.5414	0	8.8132	0	8.77211	0	8.82403	0	8.99465	0	8.57274	0	9.40905	0	8.80592	0	8.30614	0	8.51303	0	8.71756	0	8.37854	0
8.27538	0	8.64772	0	8.64923	0	8.28672	0	8.76049	0	8.15062	0	9.24035	0	8.47567	0	8.07181	0	8.60373	0	8.83225	0	8.16101	0	8.72728	0	8.5414	0	8.8132	0	8.77211	0	8.82403	0	8.99465	0	8.57274	0	9.40905	0	8.80592	0	8.30614	0	8.51303	0	8.71756	0	8.37854	0
8.27538	0	8.64772	0	8.64923	0	8.28672	0	8.76049	0	8.15062	0	9.24035	0	8.47567	0	8.07181	0	8.60373	0	8.83225	0	8.16101	0	8.72728	0	8.5414	0	8.8132	0	8.77211	0	8.82403	0	8.99465	0	8.47295	0	9.40905	0	8.80592	0	8.30614	0	8.51303	0	8.71756	0	8.37854	0
8.27538	0	8.64772	0	8.64923	0	8.28672	0	8.76049	0	8.15062	0	9.24035	0	8.47567	0	8.07181	0	8.60373	0	8.83225	0	8.16101	0	8.72728	0	8.5414	0	8.8132	0	8.77211	0	8.82403	0	8.99465	0	8.47295	0	9.40905	0	8.80592	0	8.30614	0	8.51303	0	8.71756	0	8.37854	0
8.27538	0	8.64772	0	8.64923	0	8.28672	0	8.76049	0	8.15062	0	9.24035	0	8.47567	0	8.07181	0	8.60373	0	8.83225	0	8.16101	0	8.72728	0	8.5414	0	8.8132	0	8.77211	0	8.82403	0	8.99465	0	8.47295	0	9.40905	0	8.80592	0	8.30614	0	8.51303	0	8.71756	0	8.37854	0
8.27538	0	8.64772	0	8.64923	0	8.28672	0	8.76049	0	8.15062	0	9.24035	0	8.47567	0	8.07181	0	8.60373	0	8.83225	0	8.16101	0	8.72728	0	8.5414	0	8.8132	0	8.77211	0	8.82403	0	8.99465	0	8.47295	0	9.40905	0	8.80592	0	8.30614	0	8.51303	0	8.71756	0	8.37854	0
8.27538	0	8.64772	0	8.64923	0	8.28672	0	8.76049	0	8.15062	0	9.24035	0	8.47567	0	8.07181	0	8.60373	0	8.83225	0	8.16101	0	8.72728	0	8.5414	0	8.8132	0	8.77211	0	8.82403	0	8.99465	0	8.47295	0	9.40905	0	8.80592	0	8.30614	0	8.51303	0	8.71756	0	8.37854	0
8.27538	0	8.64772	0	8.64923	0	8.28672	0	8.76049	0	8.15062	0	9.24035	0	8.47567	0	8.07181	0	8.60373	0	8.83225	0	8.16101	0	8.72728	0	8.5414	0	8.8132	0	8.77211	0	8.82403	0	8.99465	0	8.47295	0	9.40905	0	8.80592	0	8.30614	0	8.51303	0	8.71756	0	8.37854	0
8.27538	0	8.64772	0	8.64923	0	8.28672	0	8.76049	0	8.15062	0	9.24035	0	8.47567	0	8.07181	0	8.60373	0	8.83225	0	8.16101	0	8.72728	0	8.5414	0	8.8132	0	8.77211	0	8.82403	0	8.99465	0	8.47295	0	9.40905	0	8.80592	0	8.30614	0	8.51303	0	8.71756	0	8.37854	0
8.27538	0	8.64772	0	8.64923	0	8.28672	0	8.76049	0	8.15062	0	9.24035	0	8.47567	0	8.07181	0	8.60373	0	8.83225	0	8.16101	0	8.72728	0	8.5414	0	8.8132	0	8.77211	0	8.82403	0	8.99465	0	8.47295	0	9.40905	0	8.80592	0	8.30614	0	8.51303	0	8.71756	0	8.37854	0
8.27538	0	8.64772	0	8.64923	0	8.28672	0	8.76049	0	8.15062	0	9.24035	0	8.47567	0	8.07181	0	8.60373	0	8.83225	0	8.16101	0	8.72728	0	8.5414	0	8.8132	0	8.77211	0	8.82403	0	8.99465	0	8.47295	0	9.40905	0	8.80592	0	8.30614	0	8.51303	0	8.71756	0	8.37854	0
8.27538	0	8.64772	0	8.64923	0	8.28672	0	8.76049	0	8.15062	0	9.24035	0	8.47567	0	8.07181	0	8.60373	0	8.83225	0	8.16101	0	8.72728	0	8.5414	0	8.8132	0	8.77211	0	8.82403	0	8.99465	0	8.47295	0	9.40905	0	8.80592	0	8.30614	0	8.51303	0	8.71756	0	8.37854	0
8.27538	0	8.64772	0	8.64923	0	8.28672	0	8.76049	0	8.15062	0	9.24035	0	8.47567	0	8.07181	0	8.60373	0	8.83225	0	8.16101	0	8.72728	0	8.5414	0	8.8132	0	8.77211	0	8.82403	0	8.99465	0	8.47295	0	9.40905	0	8.80592	0	8.30614	0	8.51303	0	8.71756	0	8.37854	0
8.27538	0	8.64772	0	8.64923	0	8.28672	0	8.76049	0	8.15062	0	9.24035	0	8.47567	0	8.07181	0	8.60373	0	8.83225	0	8.16101	0	8.72728	0	8.5414	0	8.8132	0	8.77211	0	8.82403	0	8.99465	0	8.47295	0	9.40905	0	8.80592	0	8.30614	0	8.51303	0	8.71756	0	8.37854	0
8.27538	0	8.64772	0	8.64923	0	8.28672	0	8.76049	0	8.15062	0	9.24035	0	8.47567	0	8.07181	0	8.60373	0	8.83225	0	8.16101	0	8.72728	0	8.5414	0	8.8132	0	8.77211	0	8.82403	0	8.99465	0	8.47295	0	9.40905	0	8.80592	0	8.30614	0	8.51303	0	8.71756	0	8.37854	0
8.27538	0	8.64772	0	8.64923	0	8.28672	0	8.76049	0	8.15062	0	9.24035	0	8.47567	0	8.07181	0	8.60373	0	8.83225	0	8.16101	0	8.72728	0	8.5414	0	8.8132	0	8.77211	0	8.82403	0	8.99465	0	8.47295	0	9.40905	0	8.80592	0	8.30614	0	8.51303	0	8.71756	0	8.37854	0
8.27538	0	8.64772	0	8.64923	0	8.28672	0	8.76049	0	8.15062	0	9.24035	0	8.47567	0	8.07181	0	8.60373	0	8.83225	0	8.16101	0	8.72728	0	8.5414	0	8.8132	0	8.77211	0	8.82403	0	8.99465	0	8.47295	0	9.40905	0	8.80592	0	8.30614	0	8.51303	0	8.71756	0	8.37854	0
8.27538	0	8.64772	0	8.64923	0	8.28672	0	8.76049	0	8.15062	0	8.58936	0	8.47567	0	8.07181	0	8.60373	0	8.83225	0	8.16101	0	8.72728	0	8.5414	0	8.8132	0	8.77211	0	8.82403	0	8.99465	0	8.47295	0	9.40905	0	8.80592	0	8.30614	0	8.51303	0	8.71756	0	8.37854	0
8.27538	0	8.64772	0	8.64923	0	8.28672	0	8.76049	0	8.15062	0	8.58936	0	8.47567	0	8.07181	0	8.60373	0	8.83225	0	8.16101	0	8.72728	0	8.5414	0	8.8132	0	8.77211	0	8.82403	0	8.99465	0	8.47295	0	9.40905	0	8.80592	0	8.30614	0	8.51303	0	8.71756	0	8.37854	0
8.27538	0	8.64772	0	8.64923	0	8.28672	0	8.76049	0	8.15062	0	8.58936	0	8.47567	0	8.07181	0	8.60373	0	8.83225	0	8.16101	0	8.72728	0	8.5414	0	8.8132	0	8.77211	0	8.82403	0	8.99465	0	8.47295	0	9.40905	0	8.80592	0	8.30614	0	8.51303	0	8.71756	0	8.37854	0
8.27538	0	8.64772	0	8.64923	0	8.28672	0	8.76049	0	8.15062	0	8.58936	0	8.47567	0	8.07181	0	8.60373	0	8.83225	0	8.16101	0	8.72728	0	8.5414	0	8.8132	0	8.77211	0	8.82403	0	8.99465	0	8.47295	0	9.40905	0	8.80592	0	8.30614	0	8.51303	0	8.71756	0	8.37854	0
8.27538	0	8.64772	0	8.64923	0	8.28672	0	8.76049	0	8.15062	0	8.58936	0	8.47567	0	8.07181	0	8.60373	0	8.83225	0	8.16101	0	8.72728	0	8.5414	0	8.8132	0	8.77211	0	8.82403	0	8.99465	0	8.47295	0	9.40905	0	8.80592	0	8.30614	0	8.51303	0	8.71756	0	8.37854	0
8.27538	0	8.64772	0	8.64923	0	8.28672	0	8.65201	0	8.15062	0	8.58936	0	8.47567	0	8.07181	0	8.60373	0	8.83225	0	8.16101	0	8.72728	0	8.5414	0	8.8132	0	8.77211	0	8.82403	0	8.99465	0	8.47295	0	9.40905	0	8.80592	0	8.30614	0	8.51303	0	8.71756	0	8.37854	0
8.27538	0	8.64772	0	8.64923	0	8.28672	0	8.65201	0	8.15062	0	8.58936	0	8.47567	0	8.07181	0	8.60373	0	8.83225	0	8.16101	0	8.72728	0	8.5414	0	8.8132	0	8.77211	0	8.82403	0	8.99465	0	8.47295	0	9.40905	0	8.80592	0	8.30614	0	8.51303	0	8.71756	0	8.37854	0
8.27538	0	8.64772	0	8.64923	0	8.28672	0	8.65201	0	8.15062	0	8.58936	0	8.47567	0	8.07181	0	8.60373	0	8.83225	0	8.16101	0	8.72728	0	8.5414	0	8.8132	0	8.77211	0	8.82403	0	8.99465	0	8.47295	0	9.40905	0	8.80592	0	8.30614	0	8.51303	0	8.71756	0	8.37854	0
8.27538	0	8.64772	0	8.64923	0	8.28672	0	8.65201	0	8.15062	0	8.58936	0	8.47567	0	8.07181	0	8.60373	0	8.83225	0	8.16101	0	8.72728	0	8.5414	0	8.8132	0	8.77211	0	8.82403	0	8.99465	0	8.47295	0	9.40905	0	8.80592	0	8.30614	0	8.51303	0	8.71756	0	8.37854	0
8.27538	0	8.64772	0	8.64923	0	8.28672	0	8.65201	0	8.15062	0	8.58936	0	8.47567	0	8.07181	0	8.60373	0	8.83225	0	8.16101	0	8.72728	0	8.5414	0	8.8132	0	8.77211	0	8.82403	0	8.99465	0	8.47295	0	9.40905	0	8.80592	0	8.30614	0	8.51303	0	8.71756	0	8.37854	0
8.27538	0	8.64772	0	8.64923	0	8.28672	0	8.65201	0	8.15062	0	8.58936	0	8.47567	0	8.07181	0	8.60373	0	8.83225	0	8.16101	0	8.72728	0	8.5414	0	8.8132	0	8.77211	0	8.82403	0	8.99465	0	8.47295	0	9.40905	0	8.80592	0	8.30614	0	8.51303	0	8.71756	0	8.37854	0
8.27538	0	8.64772	0	8.64923	0	8.28672	0	8.65201	0	8.15062	0	8.58936	0	8.47567	0	8.07181	0	8.60373	0	8.83225	0	8.16101	0	8.72728	0	8.5414	0	8.8132	0	8.77211	0	8.82403	0	8.99465	0	8.47295	0	9.40905	0	8.80592	0	8.30614	0	8.51303	0	8.71756	0	8.37854	0
8.27538	0	8.64772	0	8.64923	0	8.28672	0	8.65201	0	8.15062	0	8.58936	0	8.47567	0	8.07181	0	8.60373	0	8.83225	0	8.16101	0	8.72728	0	8.5414	0	8.8132	0	8.77211	0	8.82403	0	8.99465	0	8.47295	0	9.40905	0	8.80592	0	8.30614	0	8.51303	0	8.71756	0	8.37854	0
8.27538	0	8.64772	0	8.64923	0	8.28672	0	8.65201	0	8.15062	0	8.58936	0	8.47567	0	8.07181	0	8.60373	0	8.83225	0	8.16101	0	8.72728	0	8.5414	0	8.8132	0	8.77211	0	8.82403	0	8.99465	0	8.47295	0	9.40905	0	8.80592	0	8.30614	0	8.51303	0	8.71756	0	8.37854	0
8.27538	0	8.64772	0	8.64923	0	8.28672	0	8.65201	0	8.15062	0	8.58936	0	8.47567	0	8.07181	0	8.60373	0	8.83225	0	8.16101	0	8.72728	0	8.5414	0	8.8132	0	8.77211	0	8.82403	0	8.99465	0	8.47295	0	9.40905	0	8.80592	0	8.30614	0	8.51303	0	8.71756	0	8.37854	0
8.27538	0	8.64772	0	8.64923	0	8.28672	0	8.65201	0	8.15062	0	8.58936	0	8.47567	0	8.07181	0	8.60373	0	8.83225	0	8.16101	0	8.72728	0	8.5414	0	8.8132	0	8.77211	0	8.82403	0	8.99465	0	8.47295	0	9.40905	0	8.80592	0	8.30614	0	8.51303	0	8.71756	0	8.37854	0
8.27538	0	8.64772	0	8.64923	0	8.28672	0	8.65201	0	8.15062	0	8.58936	0	8.47567	0	8.07181	0	8.60373	0	8.83225	0	8.16101	0	8.72728	0	8.5414	0	8.8132	0	8.77211	0	8.82403	0	8.99465	0	8.47295	0	9.40905	0	8.80592	0	8.30614	0	8.51303	0	8.71756	0	8.37854	0
8.27538	0	8.64772	0	8.64923	0	8.28672	0	8.65201	0	8.15062	0	8.58936	0	8.47567	0	8.07181	0	8.60373	0	8.83225	0	8.16101	0	8.72728	0	8.5414	0	8.8132	0	8.77211	0	8.82403	0	8.99465	0	8.47295	0	9.40905	0	8.80592	0	8.30614	0	8.51303	0	8.71756	0	8.37854	0
8.27538	0	8.64772	0	8.64923	0	8.28672	0	8.65201	0	8.15062	0	8.58936	0	8.47567	0	8.07181	0	8.60373	0	8.83225	0	8.16101	0	8.72728	0	8.5414	0	8.8132	0	8.77211	0	8.82403	0	8.99465	0	8.47295	0	9.40905	0	8.80592	0	8.30614	0	8.51303	0	8.71756	0	8.37854	0
8.27538	0	8.64772	0	8.64923	0	8.28672	0	8.65201	0	8.15062	0	8.58936	0	8.47567	0	8.07181	0	8.60373	0	8.83225	0	8.16101	0	8.72728	0	8.5414	0	8.8132	0	8.77211	0	8.82403	0	8.99465	0	8.47295	0	9.40905	0	8.80592	0	8.30614	0	8.51303	0	8.71756	0	8.37854	0
8.27538	0	8.64772	0	8.64923	0	8.28672	0	8.65201	0	8.15062	0	8.58936	0	8.47567	0	8.07181	0	8.60373	0	8.83225	0	8.16101	0	8.72728	0	8.5414	0	8.8132	0	8.77211	0	8.82403	0	8.99465	0	8.47295	0	9.40905	0	8.80592	0	8.30614	0	8.51303	0	8.71756	0	8.37854	0
8.27538	0	8.64772	0	8.64923	0	8.28672	0	8.65201	0	8.15062	0	8.58936	0	8.47567	0	8.07181	0	8.60373	0	8.83225	0	8.16101	0	8.72728	0	8.5414	0	8.8132	0	8.77211	0	8.82403	0	8.99465	0	8.47295	0	9.40905	0	8.80592	0	8.30614	0	8.51303	0	8.71756	0	8.37854	0
8.27538	0	8.64772	0	8.64923	0	8.28672	0	8.65201	0	8.15062	0	8.58936	0	8.47567	0	8.07181	0	8.60373	0	8.83225	0	8.16101	0	8.72728	0	8.5414	0	8.8132	0	8.77211	0	8.82403	0	8.99465	0	8.47295	0	9.40905	0	8.80592	0	8.30614	0	8.51303	0	8.71756	0	8.37854	0
8.27538	0	8.64772	0	8.64923	0	8.28672	0	8.65201	0	8.15062	0	8.58936	0	8.47567	0	8.07181	0	8.60373	0	8.83225	0	8.16101	0	8.72728	0	8.5414	0	8.8132	0	8.77211	0	8.82403	0	8.99465	0	8.47295	0	9.40905	0	8.80592	0	8.30614	0	8.51303	0	8.71756	0	8.37854	0
8.27538	0	8.64772	0	8.64923	0	8.28672	0	8.65201	0	8.15062	0	8.58936	0	8.47567	0	8.07181	0	8.60373	0	8.83225	0	8.16101	0	8.72728	0	8.5414	0	8.8132	0	8.77211	0	8.82403	0	8.99465	0	8.47295	0	9.40905	0	8.80592	0	8.30614	0	8.51303	0	8.71756	0	8.37854	0
8.27538	0	8.64772	0	8.64923	0	8.28672	0	8.65201	0	8.15062	0	8.58936	0	8.47567	0	8.07181	0	8.60373	0	8.83225	0	8.16101	0	8.72728	0	8.5414	0	8.8132	0	8.77211	0	8.82403	0	8.99465	0	8.47295	0	9.40905	0	8.80592	0	8.30614	0	8.51303	0	8.71756	0	8.37854	0
8.27538	0	8.64772	0	8.64923	0	8.28672	0	8.65201	0	8.15062	0	8.58936	0	8.47567	0	8.07181	0	8.60373	0	8.83225	0	8.16101	0	8.72728	0	8.5414	0	8.8132	0	8.77211	0	8.82403	0	8.99465	0	8.47295	0	8.91165	0	8.80592	0	8.30614	0	8.51303	0	8.71756	0	8.37854	0
8.27538	0	8.64772	0	8.64923	0	8.28672	0	8.65201	0	8.15062	0	8.58936	0	8.47567	0	8.07181	0	8.60373	0	8.83225	0	8.16101	0	8.72728	0	8.5414	0	8.8132	0	8.77211	0	8.82403	0	8.99465	0	8.47295	0	8.91165	0	8.80592	0	8.30614	0	8.51303	0	8.71756	0	8.37854	0
8.27538	0	8.64772	0	8.64923	0	8.28672	0	8.65201	0	8.15062	0	8.58936	0	8.47567	0	8.07181	0	8.60373	0	8.83225	0	8.16101	0	8.72728	0	8.5414	0	8.8132	0	8.77211	0	8.82403	0	8.99465	0	8.47295	0	8.91165	0	8.80592	0	8.30614	0	8.51303	0	8.71756	0	8.37854	0
8.27538	0	8.64772	0	8.64923	0	8.28672	0	8.65201	0	8.15062	0	8.58936	0	8.47567	0	8.07181	0	8.60373	0	8.83225	0	8.16101	0	8.72728	0	8.5414	0	8.8132	0	8.77211	0	8.82403	0	8.99465	0	8.47295	0	8.91165	0	8.80592	0	8.30614	0	8.51303	0	8.71756	0	8.37854	0
8.27538	0	8.64772	0	8.64923	0	8.28672	0	8.65201	0	8.15062	0	8.58936	0	8.47567	0	8.07181	0	8.60373	0	8.83225	0	8.16101	0	8.72728	0	8.5414	0	8.8132	0	8.77211	0	8.82403	0	8.99465	0	8.47295	0	8.91165	0	8.80592	0	8.30614	0	8.51303	0	8.57743	0	8.37854	0
8.27538	0	8.64772	0	8.64923	0	8.28672	0	8.65201	0	8.15062	0	8.58936	0	8.47567	0	8.07181	0	8.60373	0	8.76108	0	8.16101	0	8.72728	0	8.5414	0	8.8132	0	8.77211	0	8.82403	0	8.99465	0	8.20925	0	8.91165	0	8.80592	0	8.30614	0	8.51303	0	8.57743	0	8.37854	0
8.27538	0	8.64772	0	8.64923	0	8.28672	0	8.65201	0	8.15062	0	8.58936	0	8.47567	0	8.07181	0	8.60373	0	8.76108	0	8.16101	0	8.72728	0	8.5414	0	8.8132	0	8.77211	0	8.82403	0	8.99465	0	8.20925	0	8.91165	0	8.80592	0	8.30614	0	8.51303	0	8.57743	0	8.37854	0
8.27538	0	8.64772	0	8.64923	0	8.28672	0	7.90099	0	8.15062	0	8.58936	0	8.47567	0	8.07181	0	8.60373	0	8.76108	0	8.16101	0	8.72728	0	8.5414	0	8.8132	0	8.77211	0	8.82403	0	8.99465	0	8.20925	0	8.91165	0	8.80592	0	8.30614	0	8.51303	0	8.57743	0	8.14346	0
8.27538	0	8.64772	0	8.64923	0	8.28672	0	7.90099	0	8.15062	0	8.58936	0	8.47567	0	8.07181	0	8.60373	0	8.76108	0	8.16101	0	8.72728	0	8.5414	0	8.8132	0	8.77211	0	8.82403	0	8.99465	0	8.20925	0	8.91165	0	8.80592	0	8.30614	0	8.51303	0	8.57743	0	8.14346	0
8.27538	0	8.64772	0	8.64923	0	8.28672	0	7.90099	0	8.15062	0	8.58936	0	8.47567	0	8.07181	0	8.60373	0	8.76108	0	8.16101	0	8.72728	0	8.5414	0	8.8132	0	8.77211	0	8.6903	0	8.99465	0	8.20925	0	8.91165	0	8.80592	0	8.30614	0	8.51303	0	8.57743	0	8.14346	0
8.27538	0	8.64772	0	8.64923	0	8.28672	0	7.90099	0	8.15062	0	8.58936	0	8.47567	0	8.07181	0	8.60373	0	8.76108	0	8.16101	0	8.72728	0	8.5414	0	8.8132	0	8.77211	0	8.6903	0	8.99465	0	8.20925	0	8.91165	0	8.80592	0	8.30614	0	8.51303	0	8.57743	0	8.14346	0
8.27538	0	8.64772	0	8.64923	0	8.28672	0	7.90099	0	8.15062	0	8.58936	0	8.47567	0	8.07181	0	8.60373	0	8.76108	0	8.16101	0	8.72728	0	8.5414	0	8.8132	0	8.77211	0	8.6903	0	8.99465	0	8.20925	0	8.91165	0	8.80592	0	8.30614	0	8.51303	0	8.57743	0	8.14346	0
8.27538	0	8.64772	0	8.64923	0	8.28672	0	7.90099	0	8.15062	0	8.58936	0	8.47567	0	8.07181	0	8.60373	0	8.76108	0	8.16101	0	8.72728	0	8.5414	0	8.8132	0	8.77211	0	8.6903	0	8.99465	0	8.20925	0	8.91165	0	8.80592	0	8.30614	0	8.51303	0	8.57743	0	8.14346	0
8.27538	0	8.64772	0	8.64923	0	8.28672	0	7.90099	0	8.15062	0	8.58936	0	8.47567	0	8.07181	0	8.60373	0	8.76108	0	8.16101	0	8.72728	0	8.5414	0	8.8132	0	8.77211	0	8.6903	0	8.99465	0	8.20925	0	8.91165	0	8.80592	0	8.30614	0	8.51303	0	8.57743	0	8.14346	0
8.27538	0	8.64772	0	8.64923	0	8.28672	0	7.90099	0	8.15062	0	8.58936	0	8.47567	0	8.07181	0	8.60373	0	8.76108	0	8.16101	0	8.72728	0	8.5414	0	8.8132	0	8.77211	0	8.6903	0	8.99465	0	8.20925	0	8.91165	0	8.80592	0	8.30614	0	8.51303	0	8.57743	0	8.14346	0
8.27538	0	8.64772	0	8.64923	0	8.28672	0	7.90099	0	8.15062	0	8.58936	0	8.47567	0	8.07181	0	8.60373	0	8.76108	0	8.16101	0	8.72728	0	8.5414	0	8.8132	0	8.65274	0	8.6903	0	8.99465	0	8.20925	0	8.91165	0	8.80592	0	8.30614	0	8.51303	0	8.57743	0	8.14346	0
8.27538	0	8.64772	0	8.64923	0	8.28672	0	7.90099	0	8.15062	0	8.58936	0	8.47567	0	8.07181	0	8.60373	0	8.76108	0	8.16101	0	8.72728	0	8.5414	0	8.8132	0	8.65274	0	8.6903	0	8.99465	0	8.20925	0	8.91165	0	8.80592	0	8.30614	0	8.51303	0	8.57743	0	8.14346	0
8.27538	0	8.64772	0	8.64923	0	8.28672	0	7.90099	0	8.15062	0	8.58936	0	8.47567	0	8.07181	0	8.60373	0	8.76108	0	8.16101	0	8.72728	0	8.5414	0	8.8132	0	8.65274	0	8.6903	0	8.99465	0	8.20925	0	8.91165	0	8.80592	0	8.30614	0	8.51303	0	8.57743	0	8.14346	0
8.27538	0	8.64772	0	8.64923	0	8.28672	0	7.90099	0	8.15062	0	8.58936	0	8.47567	0	8.07181	0	8.60373	0	8.76108	0	8.16101	0	8.72728	0	8.5414	0	8.8132	0	8.65274	0	8.6903	0	8.99465	0	8.20925	0	8.91165	0	8.80592	0	8.30614	0	8.51303	0	8.57743	0	8.14346	0
8.27538	0	8.64772	0	8.64923	0	8.28672	0	7.90099	0	8.15062	0	8.58936	0	8.47567	0	8.07181	0	8.60373	0	8.76108	0	8.16101	0	8.72728	0	8.5414	0	8.8132	0	8.65274	0	8.6903	0	8.99465	0	8.20925	0	8.91165	0	8.80592	0	8.30614	0	8.51303	0	8.57743	0	8.14346	0
8.27538	0	8.64772	0	8.64923	0	8.28672	0	7.90099	0	8.15062	0	8.58936	0	8.47567	0	8.07181	0	8.60373	0	8.76108	0	8.16101	0	8.72728	0	8.5414	0	8.8132	0	8.65274	0	8.6903	0	8.99465	0	8.20925	0	8.91165	0	8.80592	0	8.30614	0	8.51303	0	8.57743	0	8.14346	0
8.27538	0	8.64772	0	8.64923	0	8.28672	0	7.90099	0	8.15062	0	8.58936	0	8.47567	0	8.07181	0	8.60373	0	8.76108	0	8.16101	0	8.72728	0	8.5414	0	8.8132	0	8.65274	0	8.6903	0	8.99465	0	8.20925	0	8.91165	0	8.80592	0	8.30614	0	8.51303	0	8.57743	0	8.14346	0
8.27538	0	8.64772	0	8.64923	0	8.28672	0	7.90099	0	8.15062	0	8.58936	0	8.47567	0	8.07181	0	8.60373	0	8.76108	0	8.16101	0	8.72728	0	8.5414	0	8.8132	0	8.65274	0	8.6903	0	8.99465	0	8.20925	0	8.91165	0	8.80592	0	8.30614	0	8.51303	0	8.57743	0	8.14346	0
8.27538	0	8.64772	0	8.64923	0	8.28672	0	7.90099	0	8.15062	0	8.58936	0	8.47567	0	8.07181	0	8.60373	0	8.76108	0	8.16101	0	8.72728	0	8.5414	0	8.8132	0	8.65274	0	8.6903	0	8.99465	0	8.20925	0	8.91165	0	8.80592	0	8.30614	0	8.51303	0	8.57743	0	8.14346	0
8.27538	0	8.64772	0	8.64923	0	8.28672	0	7.90099	0	8.15062	0	8.58936	0	8.47567	0	8.07181	0	8.60373	0	8.76108	0	8.16101	0	8.72728	0	8.5414	0	8.8132	0	8.65274	0	8.6903	0	8.99465	0	8.20925	0	8.91165	0	8.80592	0	8.30614	0	8.51303	0	8.57743	0	8.14346	0
8.27538	0	8.64772	0	8.64923	0	8.28672	0	7.90099	0	8.15062	0	8.58936	0	8.47567	0	8.07181	0	8.60373	0	8.76108	0	8.16101	0	8.72728	0	8.5414	0	8.8132	0	8.65274	0	8.6903	0	8.99465	0	8.20925	0	8.91165	0	8.80592	0	8.30614	0	8.51303	0	8.57743	0	8.14346	0
8.27538	0	8.64772	0	8.64923	0	8.28672	0	7.90099	0	8.15062	0	8.58936	0	8.47567	0	8.07181	0	8.60373	0	8.76108	0	8.16101	0	8.72728	0	8.5414	0	8.8132	0	8.65274	0	8.6903	0	8.99465	0	8.20925	0	8.91165	0	8.80592	0	8.30614	0	8.51303	0	8.57743	0	8.14346	0
8.27538	0	8.64772	0	8.64923	0	8.28672	0	7.90099	0	8.15062	0	8.58936	0	8.47567	0	8.07181	0	8.60373	0	8.76108	0	8.16101	0	8.72728	0	8.5414	0	8.8132	0	8.65274	0	8.6903	0	8.99465	0	8.20925	0	8.91165	0	8.80592	0	8.30614	0	8.51303	0	8.57743	0	8.14346	0
8.27538	0	8.64772	0	8.64923	0	8.28672	0	7.90099	0	8.15062	0	8.58936	0	8.47567	0	8.07181	0	8.60373	0	8.76108	0	8.16101	0	8.72728	0	8.5414	0	8.8132	0	8.65274	0	8.6903	0	8.99465	0	8.20925	0	8.91165	0	8.80592	0	8.30614	0	8.51303	0	8.57743	0	8.14346	0
8.27538	0	8.64772	0	8.64923	0	8.28672	0	7.90099	0	8.15062	0	8.58936	0	8.47567	0	8.07181	0	8.60373	0	8.76108	0	8.16101	0	8.72728	0	8.5414	0	8.8132	0	8.65274	0	8.6903	0	8.99465	0	8.20925	0	8.91165	0	8.80592	0	8.30614	0	8.51303	0	8.57743	0	8.14346	0
8.27538	0	8.64772	0	8.64923	0	8.28672	0	7.90099	0	8.15062	0	8.58936	0	8.47567	0	8.07181	0	8.60373	0	8.76108	0	8.16101	0	8.72728	0	8.5414	0	8.8132	0	8.65274	0	8.6903	0	8.99465	0	8.20925	0	8.91165	0	8.80592	0	8.30614	0	8.51303	0	8.57743	0	8.14346	0
8.27538	0	8.64772	0	8.64923	0	8.28672	0	7.90099	0	8.15062	0	8.58936	0	8.47567	0	8.07181	0	8.60373	0	8.76108	0	8.16101	0	8.72728	0	8.5414	0	8.8132	0	8.65274	0	8.6903	0	8.99465	0	8.20925	0	8.91165	0	8.80592	0	8.30614	0	8.51303	0	8.57743	0	8.14346	0
8.27538	0	8.64772	0	8.64923	0	8.28672	0	7.90099	0	8.15062	0	8.58936	0	8.47567	0	8.07181	0	8.60373	0	8.76108	0	8.16101	0	8.72728	0	8.5414	0	8.8132	0	8.65274	0	8.6903	0	8.99465	0	8.20925	0	8.91165	0	8.80592	0	8.30614	0	8.51303	0	8.57743	0	8.14346	0
8.27538	0	8.64772	0	8.64923	0	8.28672	0	7.90099	0	8.15062	0	8.58936	0	8.47567	0	8.07181	0	8.60373	0	8.76108	0	8.16101	0	8.72728	0	8.5414	0	8.8132	0	8.65274	0	8.6903	0	8.99465	0	8.20925	0	8.91165	0	8.80592	0	8.30614	0	7.87411	0	8.57743	0	8.14346	0
8.27538	0	8.64772	0	8.64923	0	8.28672	0	7.90099	0	8.15062	0	8.58936	0	8.47567	0	8.07181	0	8.60373	0	8.76108	0	8.16101	0	8.72728	0	8.5414	0	8.8132	0	8.65274	0	8.6903	0	8.99465	0	8.20925	0	8.91165	0	8.80592	0	8.30614	0	7.87411	0	8.57743	0	8.14346	0
8.27538	0	8.64772	0	8.64923	0	8.28672	0	7.90099	0	8.15062	0	8.58936	0	8.47567	0	8.07181	0	8.60373	0	8.76108	0	8.16101	0	8.72728	0	8.5414	0	8.8132	0	8.65274	0	8.6903	0	8.99465	0	8.20925	0	8.91165	0	8.80592	0	8.30614	0	7.87411	0	8.57743	0	8.14346	0
8.27538	0	8.64772	0	8.64923	0	8.28672	0	7.90099	0	8.15062	0	8.58936	0	8.47567	0	8.07181	0	8.60373	0	8.76108	0	8.16101	0	8.72728	0	8.5414	0	8.8132	0	8.65274	0	8.6903	0	8.99465	0	8.20925	0	8.91165	0	8.80592	0	8.30614	0	7.87411	0	8.57743	0	8.14346	0
8.27538	0	8.64772	0	8.64923	0	8.28672	0	7.90099	0	8.15062	0	8.58936	0	8.47567	0	8.07181	0	8.60373	0	8.76108	0	8.16101	0	8.72728	0	8.5414	0	8.8132	0	8.65274	0	8.6903	0	8.99465	0	8.20925	0	8.91165	0	8.80592	0	8.30614	0	7.87411	0	8.57743	0	8.14346	0
8.27538	0	8.64772	0	8.64923	0	8.28672	0	7.90099	0	8.15062	0	8.58936	0	8.47567	0	8.07181	0	8.47875	0	8.76108	0	7.33707	0	8.72728	0	8.5414	0	8.8132	0	8.65274	0	8.6903	0	8.99465	0	8.20925	0	8.91165	0	8.80592	0	8.30614	0	7.87411	0	8.57743	0	8.14346	0
8.27538	0	8.64772	0	8.64923	0	8.28672	0	7.90099	0	8.15062	0	8.58936	0	8.47567	0	8.07181	0	8.47875	0	8.76108	0	7.33707	0	8.72728	0	8.5414	0	8.8132	0	8.65274	0	8.6903	0	8.99465	0	8.20925	0	8.91165	0	8.80592	0	8.30614	0	7.87411	0	8.57743	0	8.14346	0
8.27538	0	8.64772	0	8.64923	0	8.28672	0	7.90099	0	8.15062	0	8.58936	0	8.47567	0	8.07181	0	8.47875	0	8.76108	0	7.33707	0	8.72728	0	8.5414	0	8.8132	0	8.65274	0	8.6903	0	8.99465	0	8.20925	0	8.91165	0	8.80592	0	8.30614	0	7.87411	0	8.57743	0	8.14346	0
8.27538	0	8.64772	0	8.64923	0	8.28672	0	7.90099	0	8.15062	0	8.58936	0	8.47567	0	8.07181	0	8.47875	0	8.76108	0	7.33707	0	8.72728	0	8.5414	0	8.8132	0	8.65274	0	8.6903	0	8.99465	0	8.20925	0	8.91165	0	8.80592	0	8.30614	0	7.87411	0	8.57743	0	8.14346	0
8.27538	0	8.64772	0	8.64923	0	8.28672	0	7.90099	0	8.15062	0	8.58936	0	8.47567	0	8.07181	0	8.47875	0	8.76108	0	7.33707	0	8.72728	0	8.5414	0	8.8132	0	8.65274	0	8.6903	0	8.99465	0	8.20925	0	8.91165	0	8.80592	0	8.30614	0	7.87411	0	8.57743	0	8.14346	0
8.27538	0	8.64772	0	8.64923	0	8.28672	0	7.90099	0	8.15062	0	8.58936	0	8.47567	0	8.07181	0	8.47875	0	8.76035	0	7.33707	0	8.72728	0	8.5414	0	8.8132	0	8.65274	0	8.6903	0	8.99465	0	8.20925	0	8.91165	0	8.80592	0	8.30614	0	7.87411	0	8.57743	0	8.14346	0
8.27538	0	8.64772	0	8.64923	0	8.28672	0	7.90099	0	8.15062	0	8.58936	0	8.47567	0	8.07181	0	8.47875	0	8.76035	0	7.33707	0	8.72728	0	8.5414	0	8.8132	0	8.65274	0	8.6903	0	8.99465	0	8.20925	0	8.91165	0	8.80592	0	8.30614	0	7.87411	0	8.57743	0	8.14346	0
8.27538	0	8.64772	0	8.64923	0	8.28672	0	7.90099	0	8.15062	0	8.58936	0	8.47567	0	8.07181	0	8.47875	0	8.76035	0	7.33707	0	8.72728	0	8.5414	0	8.8132	0	8.65274	0	8.6903	0	8.99465	0	8.20925	0	8.91165	0	8.80592	0	8.30614	0	7.87411	0	8.57743	0	8.14346	0
8.27538	0	8.64772	0	8.64923	0	8.28672	0	7.90099	0	8.15062	0	8.58936	0	8.47567	0	8.07181	0	8.47875	0	8.76035	0	7.33707	0	8.72728	0	8.5414	0	8.8132	0	8.65274	0	8.6903	0	8.99465	0	8.20925	0	8.91165	0	8.80592	0	8.30614	0	7.87411	0	8.57743	0	8.14346	0
8.27538	0	8.64772	0	8.64923	0	8.28672	0	7.90099	0	8.15062	0	8.58936	0	8.47567	0	8.07181	0	8.47875	0	8.76035	0	7.33707	0	8.72728	0	8.5414	0	8.8132	0	8.65274	0	8.6903	0	8.99465	0	8.20925	0	8.91165	0	8.80592	0	8.30614	0	7.87411	0	8.57743	0	8.14346	0
8.27538	0	8.64772	0	8.64923	0	8.28672	0	7.90099	0	8.15062	0	8.13675	0	8.47567	0	8.07181	0	8.47875	0	8.76035	0	7.33707	0	8.72728	0	8.5414	0	8.8132	0	8.65274	0	8.6903	0	8.99465	0	8.20925	0	8.91165	0	8.80592	0	8.30614	0	7.87411	0	8.57743	0	8.14346	0
8.27538	0	8.64772	0	8.64923	0	8.28672	0	7.90099	0	8.15062	0	8.13675	0	8.47567	0	8.07181	0	8.47875	0	8.76035	0	7.33707	0	8.72728	0	8.5414	0	8.8132	0	8.65274	0	8.6903	0	8.99465	0	8.20925	0	8.91165	0	8.80592	0	8.30614	0	7.87411	0	8.57743	0	8.14346	0
8.27538	0	8.64772	0	8.64923	0	8.28672	0	7.90099	0	8.15062	0	8.13675	0	8.47567	0	8.07181	0	8.47875	0	8.76035	0	7.33707	0	8.72728	0	8.5414	0	8.8132	0	8.65274	0	8.6903	0	8.99465	0	8.20925	0	8.91165	0	8.80592	0	8.30614	0	7.87411	0	8.57743	0	8.14346	0
8.27538	0	8.64772	0	8.64923	0	8.28672	0	7.90099	0	8.15062	0	8.13675	0	8.47567	0	8.07181	0	8.47875	0	8.76035	0	7.33707	0	8.72728	0	8.5414	0	8.8132	0	8.65274	0	8.6903	0	8.99465	0	8.20925	0	8.91165	0	8.80592	0	8.30614	0	7.87411	0	8.57743	0	8.14346	0
8.27538	0	8.64772	0	8.64923	0	8.28672	0	7.90099	0	8.15062	0	8.13675	0	8.47567	0	8.07181	0	8.47875	0	8.76035	0	7.33707	0	8.72728	0	8.5414	0	8.8132	0	8.65274	0	8.6903	0	8.99465	0	8.20925	0	8.91165	0	8.80592	0	8.30614	0	7.87411	0	8.57743	0	8.14346	0
8.27538	0	8.64772	0	8.64923	0	8.28672	0	7.90099	0	8.15062	0	8.13675	0	8.47567	0	8.07181	0	8.47875	0	8.76035	0	7.33707	0	8.72728	0	8.5414	0	8.8132	0	8.65274	0	8.6903	0	8.99465	0	8.20925	0	8.91165	0	8.80592	0	8.30614	0	7.87411	0	8.57743	0	8.14346	0
8.27538	0	8.64772	0	8.64923	0	8.28672	0	7.90099	0	8.15062	0	8.13675	0	8.47567	0	8.07181	0	8.47875	0	8.76035	0	7.33707	0	8.72728	0	8.5414	0	8.8132	0	8.65274	0	8.6903	0	8.99465	0	8.20925	0	8.91165	0	8.80592	0	8.30614	0	7.87411	0	8.57743	0	8.14346	0
8.27538	0	7.68666	0	8.64923	0	8.28672	0	7.90099	0	8.15062	0	8.13675	0	8.47567	0	8.07181	0	8.47875	0	8.76035	0	7.33707	0	8.72728	0	8.5414	0	8.8132	0	8.65274	0	8.6903	0	8.99465	0	8.20925	0	8.91165	0	8.80592	0	8.30614	0	7.87411	0	8.57743	0	8.14346	0
8.27538	0	7.68666	0	8.64923	0	8.28672	0	7.90099	0	8.15062	0	8.13675	0	8.47567	0	8.07181	0	8.47875	0	8.76035	0	7.33707	0	8.72728	0	8.5414	0	8.8132	0	8.65274	0	8.6903	0	8.99465	0	8.20925	0	8.13411	0	8.80592	0	8.30614	0	7.87411	0	8.32762	0	8.14346	0
8.27538	0	7.68666	0	8.64923	0	8.28672	0	7.90099	0	8.15062	0	8.13675	0	8.47567	0	8.07181	0	8.47875	0	8.76035	0	7.33707	0	8.72728	0	8.5414	0	8.8132	0	8.65274	0	8.6903	0	8.99465	0	8.20925	0	8.13411	0	8.80592	0	8.30614	0	7.87411	0	8.32762	0	8.14346	0
8.27538	0	7.68666	0	8.64923	0	8.28672	0	7.90099	0	8.15062	0	8.13675	0	8.47567	0	8.07181	0	8.47875	0	8.76035	0	7.33707	0	8.72728	0	8.5414	0	8.8132	0	8.65274	0	8.6903	0	8.99465	0	8.20925	0	8.13411	0	8.80592	0	8.30614	0	7.87411	0	8.32762	0	8.14346	0
8.27538	0	7.68666	0	8.64923	0	8.28672	0	7.90099	0	8.15062	0	8.13675	0	8.47567	0	8.07181	0	8.47875	0	8.76035	0	7.33707	0	8.72728	0	8.43917	0	8.8132	0	8.65274	0	8.6903	0	8.99465	0	8.20925	0	8.13411	0	8.80592	0	8.30614	0	7.87411	0	8.32762	0	8.14346	0
8.27538	0	7.68666	0	8.64923	0	8.28672	0	7.90099	0	8.15062	0	8.13675	0	8.47567	0	8.07181	0	8.47875	0	8.76035	0	7.33707	0	8.72728	0	8.43917	0	8.8132	0	8.65274	0	8.6903	0	8.99465	0	8.20925	0	8.13411	0	8.80592	0	8.30614	0	7.87411	0	8.32762	0	8.14346	0
8.27538	0	7.68666	0	8.64923	0	8.28672	0	7.90099	0	8.15062	0	8.13675	0	8.47567	0	8.07181	0	8.47875	0	8.76035	0	7.33707	0	8.72728	0	8.43917	0	8.8132	0	8.65274	0	8.6903	0	8.99465	0	8.20925	0	8.13411	0	8.80592	0	8.30614	0	7.87411	0	8.32762	0	8.14346	0
8.27538	0	7.68666	0	8.64923	0	8.28672	0	7.90099	0	8.01032	0	8.13675	0	8.47567	0	8.07181	0	8.47875	0	8.76035	0	7.33707	0	8.72728	0	8.43917	0	8.8132	0	8.65274	0	8.6903	0	8.99465	0	8.20925	0	8.13411	0	8.80592	0	8.30614	0	7.87411	0	8.32762	0	8.14346	0
8.27538	0	7.68666	0	8.64923	0	8.28672	0	7.90099	0	8.01032	0	8.13675	0	8.47567	0	8.07181	0	8.47875	0	8.76035	0	7.33707	0	8.72728	0	8.43917	0	8.8132	0	8.65274	0	8.6903	0	8.99465	0	8.20925	0	8.13411	0	8.80592	0	8.30614	0	7.87411	0	8.32762	0	8.14346	0
8.27538	0	7.68666	0	8.64923	0	8.28672	0	7.90099	0	8.01032	0	8.13675	0	8.47567	0	8.07181	0	8.47875	0	8.76035	0	7.33707	0	8.72728	0	8.43917	0	8.8132	0	8.65274	0	8.6903	0	8.99465	0	8.20925	0	8.13411	0	8.80592	0	8.30614	0	7.87411	0	8.32762	0	8.14346	0
8.27538	0	7.68666	0	8.64923	0	8.28672	0	7.90099	0	8.01032	0	8.13675	0	8.47567	0	8.07181	0	8.47875	0	8.76035	0	7.33707	0	8.72728	0	8.43917	0	8.8132	0	8.65274	0	8.6903	0	8.99465	0	8.20925	0	8.13411	0	8.80592	0	8.30614	0	7.87411	0	8.32762	0	8.14346	0
8.27538	0	7.68666	0	8.64923	0	8.28672	0	7.90099	0	8.01032	0	8.13675	0	8.47567	0	8.07181	0	8.47875	0	8.76035	0	7.33707	0	8.72728	0	8.43917	0	8.8132	0	8.65274	0	8.6903	0	8.99465	0	8.20925	0	8.13411	0	8.80592	0	8.30614	0	7.87411	0	8.32762	0	8.14346	0
8.27538	0	7.68666	0	8.64923	0	8.28672	0	7.90099	0	8.01032	0	8.13675	0	8.47567	0	8.07181	0	8.47875	0	8.76035	0	7.33707	0	8.72728	0	8.43917	0	8.43628	0	8.65274	0	8.6903	0	8.99465	0	8.20925	0	8.13411	0	8.80592	0	8.30614	0	7.87411	0	8.32762	0	8.14346	0
8.27538	0	7.68666	0	8.64923	0	8.28672	0	7.90099	0	8.01032	0	8.13675	0	8.47567	0	8.07181	0	8.47875	0	8.76035	0	7.33707	0	8.72728	0	8.43917	0	8.43628	0	8.65274	0	8.6903	0	8.99465	0	8.20925	0	8.13411	0	8.80592	0	8.30614	0	7.87411	0	8.32762	0	8.14346	0
8.27538	0	7.68666	0	8.64923	0	8.28672	0	7.90099	0	8.01032	0	8.13675	0	8.47567	0	8.07181	0	8.47875	0	8.76035	0	7.33707	0	8.72728	0	8.43917	0	8.43628	0	8.65274	0	8.6903	0	8.99465	0	8.20925	0	8.13411	0	8.80592	0	8.30614	0	7.87411	0	8.32762	0	8.14346	0
8.27538	0	7.68666	0	8.64923	0	8.28672	0	7.90099	0	8.01032	0	8.13675	0	8.47567	0	8.07181	0	8.47875	0	8.76035	0	7.33707	0	8.72728	0	8.43917	0	8.43628	0	8.65274	0	8.6903	0	8.99465	0	8.20925	0	8.13411	0	8.80592	0	8.30614	0	7.87411	0	8.32762	0	8.14346	0
8.27538	0	7.68666	0	8.64923	0	8.28672	0	7.90099	0	8.01032	0	8.13675	0	8.47567	0	8.07181	0	8.47875	0	8.76035	0	7.33707	0	8.72728	0	8.43917	0	8.43628	0	8.65274	0	8.6903	0	8.99465	0	8.20925	0	8.13411	0	8.80592	0	8.30614	0	7.87411	0	8.32762	0	8.14346	0
8.27538	0	7.68666	0	8.64923	0	8.28672	0	7.90099	0	8.01032	0	8.13675	0	8.47567	0	8.07181	0	8.47875	0	8.76035	0	7.33707	0	8.72728	0	8.43917	0	8.43628	0	8.65274	0	8.6903	0	8.99465	0	8.20925	0	8.13411	0	8.80592	0	8.30614	0	7.87411	0	8.32762	0	8.14346	0
8.27538	0	7.68666	0	8.64923	0	8.28672	0	7.90099	0	8.01032	0	8.13675	0	8.47567	0	8.07181	0	8.47875	0	8.76035	0	7.33707	0	8.72728	0	8.43917	0	8.43628	0	8.65274	0	8.6903	0	8.99465	0	8.20925	0	8.13411	0	8.80592	0	8.30614	0	7.87411	0	8.32762	0	8.14346	0
8.27538	0	7.68666	0	8.57035	0	7.57126	0	7.90099	0	8.01032	0	8.13675	0	8.47567	0	8.07181	0	8.47875	0	8.76035	0	7.33707	0	8.72728	0	8.43917	0	8.43628	0	8.65274	0	8.6903	0	8.99465	0	8.20925	0	8.13411	0	8.80592	0	8.30614	0	7.87411	0	8.32762	0	8.14346	0
8.27538	0	7.68666	0	8.57035	0	7.57126	0	7.90099	0	8.01032	0	8.13675	0	8.47567	0	8.07181	0	8.47875	0	8.76035	0	7.33707	0	8.72728	0	8.43917	0	8.43628	0	8.65274	0	8.6903	0	8.99465	0	8.20925	0	8.13411	0	8.80592	0	8.30614	0	7.87411	0	8.32762	0	8.14346	0
8.27538	0	7.68666	0	8.57035	0	7.57126	0	7.90099	0	8.01032	0	8.13675	0	8.47567	0	8.07181	0	8.47875	0	8.76035	0	7.33707	0	8.72728	0	8.43917	0	8.43628	0	8.65274	0	8.6903	0	8.99465	0	8.20925	0	8.13411	0	8.80592	0	8.30614	0	7.87411	0	8.32762	0	8.14346	0
8.27538	0	7.68666	0	8.57035	0	7.57126	0	7.90099	0	8.01032	0	8.13675	0	8.47567	0	8.07181	0	8.47875	0	8.76035	0	7.33707	0	8.72728	0	8.43917	0	8.43628	0	8.65274	0	8.6903	0	8.99465	0	8.20925	0	8.13411	0	8.80592	0	8.30614	0	7.87411	0	8.32762	0	8.14346	0
8.27538	0	7.68666	0	8.57035	0	7.57126	0	7.90099	0	8.01032	0	8.13675	0	8.47567	0	8.07181	0	8.47875	0	8.76035	0	7.33707	0	8.72728	0	8.43917	0	8.43628	0	8.65274	0	8.6903	0	8.99465	0	8.20925	0	8.13411	0	8.80592	0	8.30614	0	7.87411	0	8.32762	0	8.14346	0
8.27538	0	7.68666	0	8.57035	0	7.57126	0	7.90099	0	8.01032	0	8.13675	0	8.47567	0	8.07181	0	8.47875	0	8.76035	0	7.33707	0	8.72728	0	8.43917	0	8.43628	0	8.65274	0	8.6903	0	8.99465	0	8.20925	0	8.13411	0	8.80592	0	8.30614	0	7.87411	0	8.32762	0	8.14346	0
8.27538	0	7.68666	0	8.57035	0	7.57126	0	7.90099	0	8.01032	0	8.13675	0	8.47567	0	8.07181	0	8.47875	0	8.76035	0	7.33707	0	8.72728	0	8.43917	0	8.43628	0	8.65274	0	8.6903	0	8.99465	0	8.20925	0	8.13411	0	8.80592	0	8.30614	0	7.87411	0	8.32762	0	8.14346	0
8.27538	0	7.68666	0	8.57035	0	7.57126	0	7.90099	0	8.01032	0	8.13675	0	8.47567	0	8.07181	0	8.47875	0	8.76035	0	7.33707	0	8.72728	0	8.43917	0	8.43628	0	8.65274	0	8.6903	0	8.99465	0	8.20925	0	8.13411	0	8.80592	0	8.30614	0	7.87411	0	8.32762	0	8.14346	0
8.27538	0	7.68666	0	8.57035	0	7.57126	0	7.90099	0	8.01032	0	8.13675	0	8.47567	0	8.07181	0	8.47875	0	8.76035	0	7.33707	0	8.72728	0	8.43917	0	8.43628	0	8.65274	0	8.6903	0	8.99465	0	8.20925	0	8.13411	0	8.80592	0	8.30614	0	7.87411	0	8.32762	0	8.14346	0
8.27538	0	7.68666	0	8.57035	0	7.57126	0	7.90099	0	8.01032	0	8.13675	0	8.47567	0	8.07181	0	8.47648	0	8.76035	0	7.33707	0	8.72728	0	8.43917	0	8.43628	0	8.65274	0	8.6903	0	8.99465	0	8.20925	0	8.13411	0	8.80592	0	8.30614	0	7.87411	0	8.32762	0	8.14346	0
8.27538	0	7.68666	0	8.57035	0	7.57126	0	7.90099	0	8.01032	0	8.13675	0	8.47567	0	8.07181	0	8.47648	0	8.76035	0	7.33707	0	7.91373	0	8.43917	0	8.43628	0	8.65274	0	8.6903	0	8.99465	0	8.20925	0	8.13411	0	8.80592	0	8.30614	0	7.87411	0	8.32762	0	8.14346	0
8.27538	0	7.68666	0	8.57035	0	7.57126	0	7.90099	0	8.01032	0	8.13675	0	8.47567	0	8.07181	0	8.47648	0	8.76035	0	7.33707	0	7.91373	0	8.43917	0	8.43628	0	8.65274	0	8.6903	0	8.99465	0	8.20925	0	8.13411	0	8.80592	0	8.30614	0	7.87411	0	8.32762	0	8.14346	0
8.27538	0	7.68666	0	8.57035	0	7.57126	0	7.90099	0	8.01032	0	8.13675	0	8.47567	0	8.07181	0	8.47648	0	8.76035	0	7.33707	0	7.91373	0	8.43917	0	8.43628	0	8.65274	0	8.6903	0	8.99465	0	8.20925	0	8.13411	0	8.80592	0	8.30614	0	7.87411	0	8.32762	0	8.14346	0
8.27538	0	7.68666	0	8.57035	0	7.57126	0	7.90099	0	8.01032	0	8.13675	0	8.47567	0	8.07181	0	8.47648	0	8.76035	0	7.33707	0	7.91373	0	8.43917	0	8.43628	0	8.65274	0	8.6903	0	8.99465	0	8.20925	0	8.13411	0	8.80592	0	8.30614	0	7.87411	0	8.32762	0	8.14346	0
8.27538	0	7.68666	0	8.57035	0	7.57126	0	7.90099	0	8.01032	0	8.13675	0	8.47567	0	8.07181	0	8.47648	0	8.76035	0	7.33707	0	7.91373	0	8.43917	0	8.43628	0	8.65274	0	8.6903	0	8.99465	0	8.20925	0	8.13411	0	8.80592	0	8.30614	0	7.87411	0	8.32762	0	8.14346	0
8.27538	0	7.68666	0	8.57035	0	7.57126	0	7.90099	0	8.01032	0	8.13675	0	8.47567	0	8.07181	0	8.47648	0	8.76035	0	7.33707	0	7.91373	0	8.43917	0	8.43628	0	8.65274	0	8.6903	0	8.99465	0	8.20925	0	8.13411	0	8.80592	0	8.30614	0	7.87411	0	8.32762	0	8.14346	0
8.27538	0	7.68666	0	8.57035	0	7.57126	0	7.90099	0	8.01032	0	8.13675	0	8.47567	0	8.07181	0	8.47648	0	8.76035	0	7.33707	0	7.91373	0	8.43917	0	8.38998	0	8.65274	0	8.6903	0	8.99465	0	8.20925	0	8.13411	0	8.80592	0	8.30614	0	7.87411	0	8.32762	0	8.14346	0
8.27538	0	7.68666	0	8.57035	0	7.57126	0	7.90099	0	8.01032	0	8.13675	0	8.47567	0	8.07181	0	8.47648	0	8.76035	0	7.33707	0	7.91373	0	8.43917	0	8.38998	0	8.65274	0	8.6903	0	8.99465	0	8.20925	0	8.13411	0	8.80592	0	8.30614	0	7.87411	0	8.32762	0	8.14346	0
8.27538	0	7.68666	0	8.57035	0	7.57126	0	7.90099	0	8.01032	0	8.13675	0	8.47567	0	8.07181	0	8.47648	0	8.76035	0	7.33707	0	7.91373	0	8.43917	0	8.38998	0	8.65274	0	8.6903	0	8.99465	0	8.20925	0	8.13411	0	8.80592	0	8.30614	0	7.87411	0	8.32762	0	8.14346	0
8.27538	0	7.68666	0	8.57035	0	7.57126	0	7.90099	0	8.01032	0	8.13675	0	8.47567	0	8.07181	0	8.47648	0	8.76035	0	7.33707	0	7.91373	0	8.43917	0	8.38998	0	8.65274	0	8.6903	0	8.99465	0	8.20925	0	8.13411	0	8.80592	0	8.30614	0	7.87411	0	8.32762	0	8.14346	0
8.27538	0	7.68666	0	8.57035	0	7.57126	0	7.90099	0	8.01032	0	8.13675	0	8.47567	0	8.07181	0	8.47648	0	8.76035	0	7.33707	0	7.91373	0	8.43917	0	8.38998	0	8.65274	0	8.6903	0	8.99465	0	8.20925	0	8.13411	0	8.80592	0	8.30614	0	7.87411	0	8.32762	0	8.14346	0
8.27538	0	7.68666	0	8.57035	0	7.57126	0	7.90099	0	8.01032	0	8.13675	0	8.47567	0	8.07181	0	8.47648	0	7.9615	0	7.33707	0	7.91373	0	8.43917	0	8.38998	0	8.65274	0	8.6903	0	8.99465	0	8.20925	0	8.13411	0	8.80592	0	8.30614	0	7.87411	0	8.32762	0	8.14346	0
8.27538	0	7.68666	0	8.57035	0	7.57126	0	7.90099	0	8.01032	0	8.13675	0	8.47567	0	8.07181	0	8.47648	0	7.9615	0	7.33707	0	7.91373	0	8.43917	0	8.38998	0	8.65274	0	8.55749	0	8.99465	0	8.20925	0	8.13411	0	8.80592	0	8.30614	0	7.87411	0	8.32762	0	8.14346	0
8.27538	0	7.68666	0	8.57035	0	7.57126	0	7.90099	0	8.01032	0	8.13675	0	8.47567	0	8.07181	0	8.47648	0	7.9615	0	7.33707	0	7.91373	0	8.43917	0	8.38998	0	8.65274	0	8.55749	0	8.99465	0	8.20925	0	8.13411	0	8.80592	0	8.30614	0	7.87411	0	8.32762	0	8.14346	0
8.27538	0	7.68666	0	8.57035	0	6.54219	0	7.90099	0	8.01032	0	8.13675	0	8.47567	0	8.07181	0	8.47648	0	7.9615	0	7.33707	0	7.91373	0	8.43917	0	8.38998	0	8.65274	0	8.55749	0	8.99465	0	8.20925	0	8.13411	0	8.80592	0	8.30614	0	7.87411	0	8.32762	0	8.14346	0
8.27538	0	7.68666	0	8.57035	0	6.54219	0	7.90099	0	8.01032	0	8.13675	0	8.47567	0	8.07181	0	8.47648	0	7.9615	0	7.33707	0	7.91373	0	8.43917	0	8.38998	0	8.65274	0	8.55749	0	8.99465	0	8.20925	0	8.13411	0	8.80592	0	8.30614	0	7.87411	0	8.32762	0	8.14346	0
8.27538	0	7.68666	0	8.57035	0	6.54219	0	7.90099	0	8.01032	0	8.13675	0	8.47567	0	8.07181	0	8.47648	0	7.9615	0	7.33707	0	7.91373	0	8.43917	0	8.38998	0	8.65274	0	8.55749	0	8.99465	0	8.20925	0	8.13411	0	8.80592	0	8.30614	0	7.87411	0	8.32762	0	8.14346	0
8.27538	0	7.68666	0	8.57035	0	6.54219	0	7.90099	0	8.01032	0	8.13675	0	8.47567	0	8.07181	0	8.47648	0	7.9615	0	7.33707	0	7.91373	0	8.43917	0	8.38998	0	8.65274	0	8.55749	0	8.99465	0	8.20925	0	8.13411	0	8.80592	0	8.30614	0	7.87411	0	8.32762	0	8.14346	0
8.27538	0	7.68666	0	8.57035	0	6.54219	0	7.90099	0	8.01032	0	8.13675	0	8.47567	0	8.07181	0	8.47648	0	7.9615	0	7.33707	0	7.91373	0	8.43917	0	8.38998	0	8.65274	0	8.55749	0	8.99465	0	8.20925	0	8.13411	0	8.80592	0	8.30614	0	7.87411	0	8.32762	0	8.14346	0
8.27538	0	7.68666	0	8.57035	0	6.54219	0	7.90099	0	8.01032	0	8.13675	0	8.47567	0	8.07181	0	8.47648	0	7.9615	0	7.33707	0	7.91373	0	8.43917	0	8.38998	0	8.65274	0	8.55749	0	8.99465	0	8.20925	0	8.13411	0	8.80592	0	8.30614	0	7.87411	0	8.32762	0	8.14346	0
8.27538	0	7.68666	0	8.57035	0	6.54219	0	7.90099	0	8.01032	0	8.13675	0	8.47567	0	8.07181	0	8.47648	0	7.9615	0	7.33707	0	7.91373	0	8.43917	0	8.38998	0	8.65274	0	8.55749	0	8.99465	0	8.20925	0	8.13411	0	8.80592	0	8.30614	0	7.87411	0	8.32762	0	8.14346	0
8.27538	0	7.68666	0	8.57035	0	6.54219	0	7.90099	0	8.01032	0	8.13675	0	8.47567	0	8.07181	0	8.47648	0	7.9615	0	7.33707	0	7.91373	0	8.43917	0	8.38998	0	8.65274	0	8.55749	0	8.99465	0	8.20925	0	8.13411	0	8.80592	0	8.30614	0	7.87411	0	8.32762	0	8.14346	0
8.27538	0	7.68666	0	8.57035	0	6.54219	0	7.90099	0	8.01032	0	8.13675	0	8.47567	0	8.07181	0	8.33437	0	7.9615	0	7.33707	0	7.91373	0	8.43917	0	8.38998	0	8.65274	0	8.55749	0	8.99465	0	8.20925	0	8.13411	0	8.80592	0	8.30614	0	7.87411	0	8.32762	0	8.14346	0
8.27538	0	7.68666	0	8.57035	0	6.54219	0	7.90099	0	8.01032	0	8.13675	0	8.47567	0	8.07181	0	8.33437	0	7.9615	0	7.33707	0	7.91373	0	8.43917	0	8.38998	0	8.65274	0	8.55749	0	8.99465	0	8.20925	0	8.13411	0	8.80592	0	8.30614	0	7.87411	0	8.32762	0	8.14346	0
8.27538	0	7.68666	0	8.57035	0	6.54219	0	7.90099	0	8.01032	0	8.13675	0	8.47567	0	8.07181	0	7.03373	0	7.9615	0	7.33707	0	7.91373	0	8.43917	0	8.38998	0	8.65274	0	8.55749	0	8.99465	0	8.20925	0	8.13411	0	8.80592	0	8.30614	0	7.87411	0	8.32762	0	8.14346	0
8.27538	0	7.68666	0	8.57035	0	6.54219	0	7.90099	0	7.9032	0	8.13675	0	8.47567	0	8.07181	0	7.03373	0	7.9615	0	7.33707	0	7.91373	0	8.43917	0	8.38998	0	8.65274	0	8.55749	0	8.99465	0	8.20925	0	8.13411	0	8.80592	0	8.30614	0	7.87411	0	8.32762	0	8.14346	0
8.27538	0	7.68666	0	8.57035	0	6.54219	0	7.90099	0	7.9032	0	8.13675	0	8.47567	0	8.07181	0	7.03373	0	7.9615	0	7.33707	0	7.91373	0	8.43917	0	8.38998	0	8.65274	0	8.55749	0	8.99465	0	8.20925	0	8.13411	0	8.80592	0	8.30614	0	7.87411	0	8.32762	0	8.14346	0
8.27538	0	7.68666	0	8.57035	0	6.54219	0	7.90099	0	7.9032	0	8.13675	0	8.47567	0	8.07181	0	7.03373	0	7.9615	0	7.33707	0	7.91373	0	8.43917	0	8.38998	0	8.65274	0	8.55749	0	8.99465	0	8.20925	0	8.13411	0	8.80592	0	8.30614	0	7.87411	0	8.32762	0	8.14346	0
8.27538	0	7.68666	0	8.57035	0	6.54219	0	7.90099	0	7.9032	0	8.13675	0	8.47567	0	8.07181	0	7.03373	0	7.9615	0	7.33707	0	7.91373	0	8.43917	0	8.38998	0	8.65274	0	8.55749	0	8.99465	0	8.20925	0	8.13411	0	8.80592	0	8.30614	0	7.87411	0	8.32762	0	8.14346	0
8.27538	0	7.68666	0	8.57035	0	6.54219	0	7.90099	0	7.9032	0	8.13675	0	8.47567	0	8.07181	0	7.03373	0	7.9615	0	7.33707	0	7.91373	0	8.43917	0	8.38998	0	8.65274	0	8.55749	0	8.99465	0	8.20925	0	8.13411	0	8.80592	0	8.30614	0	7.87411	0	8.32762	0	8.14346	0
8.27538	0	7.68666	0	7.98812	0	6.54219	0	7.90099	0	7.9032	0	8.13675	0	8.47567	0	8.07181	0	7.03373	0	7.9615	0	7.33707	0	7.91373	0	8.43917	0	8.38998	0	8.65274	0	8.55749	0	8.99465	0	8.20925	0	8.13411	0	8.80592	0	8.30614	0	7.87411	0	8.32762	0	8.14346	0
8.27538	0	7.68666	0	7.98812	0	6.54219	0	7.90099	0	7.9032	0	8.13675	0	8.47567	0	8.07181	0	7.03373	0	7.9615	0	7.33707	0	7.91373	0	8.43917	0	8.38998	0	8.65274	0	8.55749	0	8.99465	0	8.20925	0	8.13411	0	8.80592	0	8.30614	0	7.87411	0	8.32762	0	8.14346	0
8.27538	0	7.68666	0	7.98812	0	6.54219	0	7.90099	0	7.9032	0	8.13675	0	8.47567	0	8.07181	0	7.03373	0	7.9615	0	7.33707	0	7.91373	0	8.43917	0	8.38998	0	8.65274	0	8.55749	0	8.99465	0	8.20925	0	8.13411	0	8.80592	0	8.30614	0	7.87411	0	8.32762	0	8.14346	0
8.27538	0	7.68666	0	7.98812	0	6.54219	0	7.90099	0	7.9032	0	8.13675	0	8.47567	0	8.07181	0	7.03373	0	7.9615	0	7.33707	0	7.91373	0	8.43917	0	8.38998	0	8.65274	0	8.55749	0	8.99465	0	8.20925	0	8.13411	0	8.80592	0	8.30614	0	7.87411	0	8.32762	0	8.14346	0
8.27538	0	7.68666	0	7.98812	0	6.54219	0	7.90099	0	7.9032	0	8.13675	0	8.47567	0	8.07181	0	7.03373	0	7.9615	0	7.33707	0	7.91373	0	8.43917	0	8.38998	0	8.65274	0	8.55749	0	8.99465	0	8.20925	0	8.13411	0	8.80592	0	8.30614	0	7.87411	0	8.32762	0	8.14346	0
8.27538	0	7.68666	0	7.98812	0	6.54219	0	7.90099	0	7.9032	0	8.13675	0	8.47567	0	8.07181	0	7.03373	0	7.9615	0	7.33707	0	7.91373	0	8.43917	0	8.38998	0	8.65274	0	8.55749	0	8.99465	0	8.20925	0	8.13411	0	8.80592	0	8.30614	0	7.87411	0	8.32762	0	8.14346	0
8.27538	0	7.68666	0	7.98812	0	6.54219	0	7.90099	0	7.9032	0	8.13675	0	8.47567	0	8.07181	0	7.03373	0	7.9615	0	7.33707	0	7.91373	0	8.43917	0	8.38998	0	8.65274	0	8.55749	0	8.99465	0	8.20925	0	8.13411	0	8.80592	0	8.30614	0	7.87411	0	8.32762	0	8.14346	0
8.27538	0	7.68666	0	7.98812	0	6.54219	0	7.90099	0	7.9032	0	8.13675	0	8.47567	0	8.07181	0	7.03373	0	7.9615	0	7.33707	0	7.91373	0	8.43917	0	8.38998	0	8.65274	0	8.55749	0	8.99465	0	8.20925	0	8.13411	0	8.80592	0	8.30614	0	7.87411	0	8.32762	0	8.14346	0
8.27538	0	7.68666	0	7.98812	0	6.54219	0	7.90099	0	7.9032	0	8.13675	0	8.47567	0	8.07181	0	7.03373	0	7.9615	0	7.33707	0	7.91373	0	8.43917	0	8.38998	0	8.65274	0	8.55749	0	8.99465	0	8.20925	0	8.13411	0	8.80592	0	8.30614	0	7.87411	0	8.32762	0	8.14346	0
8.27538	0	7.68666	0	7.98812	0	6.54219	0	7.90099	0	7.9032	0	8.13675	0	8.47567	0	8.07181	0	7.03373	0	7.9615	0	7.33707	0	7.91373	0	8.43917	0	8.38998	0	8.65274	0	8.55749	0	8.99465	0	8.20925	0	8.13411	0	8.80592	0	8.30614	0	7.87411	0	8.32762	0	8.14346	0
8.27538	0	7.68666	0	7.98812	0	6.54219	0	7.90099	0	7.9032	0	8.13675	0	8.47567	0	8.07181	0	7.03373	0	7.9615	0	7.33707	0	7.91373	0	8.43917	0	8.38998	0	8.65274	0	8.55749	0	8.85311	0	8.20925	0	8.13411	0	8.80592	0	8.25328	0	7.87411	0	8.32762	0	8.14346	0
8.27538	0	7.68666	0	7.98812	0	6.54219	0	7.90099	0	7.9032	0	8.13675	0	8.47567	0	8.07181	0	7.03373	0	7.9615	0	7.33707	0	7.91373	0	8.43917	0	8.38998	0	8.65274	0	8.55749	0	8.85311	0	8.20925	0	8.13411	0	8.80592	0	8.25328	0	7.87411	0	8.32762	0	8.14346	0
8.27538	0	7.68666	0	7.98812	0	6.54219	0	7.90099	0	7.9032	0	8.13675	0	8.47567	0	8.07181	0	7.03373	0	7.9615	0	7.33707	0	7.91373	0	8.43917	0	8.38998	0	8.65274	0	8.55749	0	8.85311	0	8.20925	0	8.13411	0	8.80592	0	8.25328	0	7.87411	0	8.32762	0	8.14346	0
8.27538	0	7.68666	0	7.98812	0	6.54219	0	7.90099	0	7.9032	0	8.13675	0	8.47567	0	8.07181	0	7.03373	0	7.9615	0	7.33707	0	7.91373	0	8.43917	0	8.38998	0	8.65274	0	8.55749	0	8.85311	0	8.20925	0	8.13411	0	8.80592	0	8.25328	0	7.87411	0	8.32762	0	8.14346	0
8.27538	0	7.68666	0	7.98812	0	6.54219	0	7.90099	0	7.9032	0	8.13675	0	8.47567	0	8.07181	0	7.03373	0	7.9615	0	7.33707	0	7.91373	0	8.43917	0	8.38998	0	8.65274	0	8.55749	0	8.85311	0	8.20925	0	8.13411	0	8.80592	0	8.25328	0	7.87411	0	8.32762	0	8.14346	0
8.27538	0	7.68666	0	7.98812	0	6.54219	0	7.90099	0	7.9032	0	8.13675	0	8.47567	0	8.07181	0	7.03373	0	7.9615	0	7.33707	0	7.91373	0	8.43917	0	8.38998	0	8.65274	0	8.55749	0	8.85311	0	8.20925	0	8.13411	0	8.80592	0	8.25328	0	7.87411	0	8.32762	0	8.14346	0
8.27538	0	7.68666	0	7.98812	0	6.54219	0	7.90099	0	7.9032	0	8.13675	0	8.47567	0	8.07181	0	6.77414	0	7.9615	0	7.33707	0	7.91373	0	8.43917	0	8.38998	0	8.65274	0	8.55749	0	8.85311	0	8.20925	0	8.13411	0	8.80592	0	8.25328	0	7.87411	0	8.32762	0	8.14346	0
8.27538	0	7.68666	0	7.98812	0	6.54219	0	7.90099	0	7.9032	0	8.13675	0	8.47567	0	8.07181	0	6.77414	0	7.9615	0	7.33707	0	7.91373	0	8.43917	0	8.38998	0	8.65274	0	8.55749	0	8.85311	0	8.20925	0	8.13411	0	8.80592	0	8.25328	0	7.87411	0	8.32762	0	8.14346	0
8.27538	0	7.68666	0	7.98812	0	6.54219	0	7.90099	0	7.9032	0	8.13675	0	8.47567	0	8.07181	0	6.77414	0	7.9615	0	7.33707	0	7.91373	0	8.43917	0	8.38998	0	8.65274	0	8.55749	0	8.85311	0	8.20925	0	8.13411	0	8.80592	0	8.25328	0	7.87411	0	8.32762	0	8.14346	0
8.27538	0	7.68666	0	7.98812	0	6.54219	0	7.90099	0	7.9032	0	8.13675	0	8.47567	0	8.07181	0	6.77414	0	7.9615	0	7.33707	0	7.91373	0	8.43917	0	8.38998	0	8.65274	0	8.55749	0	8.85311	0	8.20925	0	8.13411	0	8.80592	0	8.25328	0	7.87411	0	8.32762	0	8.14346	0
8.27538	0	7.68666	0	7.98812	0	6.54219	0	7.90099	0	7.9032	0	8.13675	0	8.47567	0	8.07181	0	6.77414	0	7.9615	0	7.33707	0	7.91373	0	8.43917	0	8.38998	0	8.65274	0	8.55749	0	8.85311	0	8.20925	0	8.13411	0	8.80592	0	8.25328	0	7.87411	0	8.32762	0	8.14346	0
8.27538	0	7.68666	0	7.98812	0	6.54219	0	7.90099	0	7.9032	0	8.13675	0	8.47567	0	8.07181	0	6.77414	0	7.9615	0	7.33707	0	7.91373	0	8.43917	0	8.38998	0	8.65274	0	8.55749	0	8.85311	0	8.20925	0	8.13411	0	8.80592	0	8.25328	0	7.87411	0	8.32762	0	8.14346	0
8.27538	0	7.68666	0	7.98812	0	6.54219	0	7.90099	0	7.9032	0	8.13675	0	8.47567	0	8.07181	0	6.77414	0	7.9615	0	7.33707	0	7.91373	0	8.43917	0	8.38998	0	8.65274	0	8.55749	0	8.85311	0	8.20925	0	8.13411	0	8.80592	0	8.25328	0	7.87411	0	8.32762	0	8.14346	0
8.27538	0	7.68666	0	7.98812	0	6.54219	0	7.90099	0	7.9032	0	8.13675	0	8.47567	0	8.07181	0	6.77414	0	7.9615	0	7.33707	0	7.91373	0	8.43917	0	8.38998	0	8.65274	0	8.55749	0	8.85311	0	8.20925	0	8.13411	0	8.80592	0	8.25328	0	7.87411	0	8.32762	0	8.14346	0
8.27538	0	7.68666	0	7.98812	0	6.54219	0	7.90099	0	7.9032	0	8.13675	0	8.47567	0	8.07181	0	6.77414	0	7.9615	0	7.33707	0	7.91373	0	8.43917	0	8.38998	0	8.65274	0	8.55749	0	8.85311	0	8.20925	0	8.13411	0	8.80592	0	8.25328	0	7.87411	0	8.32762	0	8.14346	0
8.27538	0	7.68666	0	7.98812	0	6.54219	0	7.90099	0	7.9032	0	8.13675	0	8.47567	0	8.07181	0	6.77414	0	7.9615	0	7.33707	0	7.91373	0	8.43917	0	8.38998	0	8.65274	0	8.55749	0	8.85311	0	8.20925	0	8.13411	0	8.80592	0	8.25328	0	7.87411	0	8.32762	0	8.14346	0
8.27538	0	7.68666	0	7.98812	0	6.54219	0	7.90099	0	7.9032	0	8.13675	0	8.47567	0	8.07181	0	6.77414	0	7.9615	0	7.33707	0	7.91373	0	8.43917	0	8.38998	0	8.65274	0	8.55749	0	8.85311	0	8.20925	0	8.13411	0	8.80592	0	8.25328	0	7.87411	0	8.32762	0	8.14346	0
8.27538	0	7.68666	0	7.98812	0	6.54219	0	7.90099	0	7.9032	0	8.13675	0	8.47567	0	8.07181	0	6.77414	0	7.9615	0	7.33707	0	7.91373	0	8.43917	0	8.38998	0	8.65274	0	8.55749	0	8.85311	0	8.20925	0	8.13411	0	8.80592	0	8.25328	0	7.87411	0	8.32762	0	8.14346	0
8.27538	0	7.68666	0	7.98812	0	6.54219	0	7.90099	0	7.9032	0	8.13675	0	8.47567	0	8.07181	0	6.77414	0	7.9615	0	7.33707	0	7.91373	0	8.43917	0	8.38998	0	8.65274	0	8.55749	0	8.85311	0	8.20925	0	8.13411	0	8.80592	0	8.25328	0	7.87411	0	8.32762	0	8.14346	0
8.27538	0	7.68666	0	7.98812	0	6.54219	0	7.90099	0	7.9032	0	8.13675	0	8.47567	0	8.07181	0	6.77414	0	7.9615	0	7.33707	0	7.91373	0	8.43917	0	8.38998	0	8.65274	0	8.55749	0	8.85311	0	8.20925	0	8.13411	0	8.80592	0	8.25328	0	7.87411	0	8.32762	0	8.14346	0
8.27538	0	7.68666	0	7.98812	0	6.54219	0	7.90099	0	7.9032	0	8.13675	0	8.47567	0	8.07181	0	6.77414	0	7.9615	0	7.33707	0	7.91373	0	8.43917	0	8.38998	0	8.23423	0	8.12985	0	8.85311	0	8.20925	0	8.13411	0	8.80592	0	8.25328	0	7.83278	0	8.32762	0	8.14346	0
8.27538	0	7.68666	0	7.98812	0	6.54219	0	7.90099	0	7.9032	0	8.13675	0	8.47567	0	8.07181	0	6.77414	0	7.9615	0	7.33707	0	7.91373	0	8.43917	0	8.38998	0	8.23423	0	8.12985	0	8.85311	0	8.20925	0	8.13411	0	8.80592	0	8.25328	0	7.83278	0	8.32762	0	8.14346	0
8.27538	0	7.68666	0	7.98812	0	6.54219	0	7.90099	0	7.9032	0	8.13675	0	8.47567	0	8.07181	0	6.77414	0	7.9615	0	7.33707	0	7.91373	0	8.43917	0	8.38998	0	8.23423	0	8.12985	0	8.85311	0	8.20925	0	8.13411	0	8.80592	0	8.25328	0	7.83278	0	8.32762	0	8.14346	0
8.27538	0	7.68666	0	7.98812	0	6.54219	0	7.90099	0	7.9032	0	8.13675	0	8.47567	0	8.07181	0	6.77414	0	7.9615	0	7.33707	0	7.91373	0	8.43917	0	8.38998	0	8.23423	0	8.12985	0	8.85311	0	8.20925	0	8.13411	0	8.80592	0	8.25328	0	7.83278	0	8.32762	0	8.14346	0
8.27538	0	7.68666	0	7.98812	0	6.54219	0	7.90099	0	7.9032	0	8.13675	0	8.47567	0	8.07181	0	6.77414	0	7.9615	0	7.33707	0	7.91373	0	8.43917	0	8.38998	0	8.23423	0	8.12985	0	8.85311	0	8.20925	0	8.13411	0	8.80592	0	8.25328	0	7.83278	0	8.32762	0	8.14346	0
8.27538	0	7.68666	0	7.98812	0	6.54219	0	7.90099	0	7.9032	0	8.13675	0	8.47567	0	8.07181	0	6.77414	0	7.9615	0	7.33707	0	7.91373	0	8.43917	0	8.38998	0	8.23423	0	8.12985	0	8.85311	0	8.20925	0	8.13411	0	8.80592	0	8.25328	0	7.83278	0	8.32762	0	8.14346	0
8.27538	0	7.68666	0	7.98812	0	6.54219	0	7.90099	0	7.9032	0	8.13675	0	8.47567	0	8.07181	0	6.77414	0	7.9615	0	7.33707	0	7.91373	0	8.43917	0	8.38998	0	8.23423	0	8.12985	0	8.85311	0	8.20925	0	8.13411	0	8.80592	0	8.25328	0	7.83278	0	8.32762	0	8.14346	0
8.27538	0	7.68666	0	7.98812	0	6.54219	0	7.90099	0	7.9032	0	8.13675	0	8.47567	0	8.07181	0	6.77414	0	7.9615	0	7.33707	0	7.91373	0	8.43917	0	8.38998	0	8.23423	0	8.12985	0	8.85311	0	8.20925	0	8.13411	0	8.80592	0	8.25328	0	7.83278	0	8.32762	0	8.14346	0
8.27538	0	7.68666	0	7.98812	0	6.54219	0	7.90099	0	7.9032	0	8.13675	0	8.47567	0	8.07181	0	6.77414	0	7.9615	0	7.33707	0	7.91373	0	8.43917	0	8.38998	0	8.23423	0	8.12985	0	8.85311	0	8.20925	0	8.13411	0	8.80592	0	8.25328	0	7.83278	0	8.32762	0	8.14346	0
8.27538	0	7.68666	0	7.98812	0	6.54219	0	7.90099	0	7.9032	0	8.13675	0	8.47567	0	8.07181	0	6.77414	0	7.9615	0	7.33707	0	7.91373	0	8.43917	0	8.38998	0	8.23423	0	8.12985	0	8.85311	0	8.20925	0	8.13411	0	8.80592	0	8.25328	0	7.83278	0	8.32762	0	8.14346	0
8.27538	0	7.68666	0	7.98812	0	6.54219	0	7.90099	0	7.9032	0	8.13675	0	8.47567	0	8.07181	0	6.77414	0	7.9615	0	7.33707	0	7.91373	0	8.43917	0	8.38998	0	8.23423	0	8.12985	0	8.85311	0	8.20925	0	8.13411	0	8.80592	0	8.25328	0	7.83278	0	8.32762	0	8.14346	0
8.27538	0	7.68666	0	7.98812	0	6.54219	0	7.90099	0	7.9032	0	8.13675	0	8.47567	0	8.07181	0	6.77414	0	7.9615	0	7.33707	0	7.91373	0	8.43917	0	8.38998	0	8.23423	0	8.12985	0	8.85311	0	8.20925	0	8.13411	0	8.80592	0	8.25328	0	7.83278	0	8.32762	0	8.14346	0
8.27538	0	7.68666	0	7.98812	0	6.54219	0	7.90099	0	7.9032	0	8.13675	0	8.47567	0	8.07181	0	6.77414	0	7.9615	0	7.33707	0	7.91373	0	8.43917	0	8.38998	0	8.23423	0	8.12985	0	8.85311	0	6.53827	0	8.13411	0	8.80592	0	8.25328	0	7.83278	0	8.32762	0	8.14346	0
8.27538	0	7.68666	0	7.98812	0	6.54219	0	7.90099	0	7.9032	0	8.13675	0	8.47567	0	8.07181	0	6.77414	0	7.9615	0	7.33707	0	7.91373	0	8.43917	0	8.38998	0	8.23423	0	8.12985	0	8.85311	0	6.53827	0	8.13411	0	8.80592	0	8.25328	0	7.83278	0	8.32762	0	8.14346	0
8.27538	0	7.68666	0	7.98812	0	6.54219	0	7.90099	0	7.9032	0	8.13675	0	8.47567	0	8.07181	0	6.77414	0	7.9615	0	7.33707	0	7.91373	0	8.43917	0	8.38998	0	8.23423	0	8.12985	0	8.85311	0	6.53827	0	8.13411	0	8.80592	0	8.25328	0	7.83278	0	8.32762	0	8.14346	0
8.27538	0	7.68666	0	7.98812	0	6.54219	0	7.90099	0	7.9032	0	8.13675	0	8.47567	0	8.07181	0	6.77414	0	7.9615	0	7.33707	0	7.91373	0	8.43917	0	8.38998	0	8.23423	0	8.12985	0	8.85311	0	6.53827	0	8.13411	0	8.80592	0	8.25328	0	7.83278	0	8.32762	0	8.14346	0
8.27538	0	7.68666	0	7.98812	0	6.54219	0	7.90099	0	7.9032	0	8.13675	0	8.47567	0	8.07181	0	6.77414	0	7.9615	0	7.33707	0	7.91373	0	8.43917	0	8.38998	0	8.23423	0	8.12985	0	8.85311	0	6.53827	0	8.13411	0	8.80592	0	8.25328	0	7.83278	0	8.32762	0	8.14346	0
8.27538	0	7.68666	0	7.98812	0	6.54219	0	7.90099	0	7.9032	0	8.13675	0	8.47567	0	8.07181	0	6.77414	0	7.9615	0	7.33707	0	7.91373	0	8.43917	0	8.38998	0	8.23423	0	8.12985	0	8.85311	0	6.53827	0	8.13411	0	8.80592	0	8.25328	0	7.83278	0	8.32762	0	8.14346	0
8.27538	0	7.68666	0	7.98812	0	6.54219	0	7.90099	0	7.9032	0	8.13675	0	8.47567	0	8.07181	0	6.77414	0	7.9615	0	7.33707	0	7.91373	0	8.43917	0	8.38998	0	8.23423	0	8.12985	0	8.85311	0	6.53827	0	8.13411	0	8.80592	0	8.25328	0	7.83278	0	8.32762	0	8.14346	0
8.27538	0	7.68666	0	7.98812	0	6.54219	0	7.90099	0	7.9032	0	8.13675	0	8.47567	0	8.07181	0	6.77414	0	7.9615	0	7.33707	0	7.91373	0	8.43917	0	8.38998	0	8.23423	0	8.12985	0	8.85311	0	6.53827	0	8.13411	0	8.80592	0	8.25328	0	7.83278	0	8.32762	0	8.14346	0
8.27538	0	7.68666	0	7.98812	0	6.54219	0	7.90099	0	7.9032	0	8.13675	0	8.24181	0	8.07181	0	6.77414	0	7.9615	0	7.33707	0	7.91373	0	8.43917	0	8.38998	0	8.23423	0	8.12985	0	8.85311	0	6.53827	0	8.13411	0	8.80592	0	8.25328	0	7.83278	0	8.32762	0	8.14346	0
8.27538	0	7.68666	0	7.98812	0	6.54219	0	7.90099	0	7.9032	0	8.13675	0	8.24181	0	8.07181	0	6.77414	0	7.9615	0	7.33707	0	7.91373	0	8.43917	0	8.38998	0	8.23423	0	8.12985	0	8.85311	0	6.53827	0	8.13411	0	8.80592	0	8.25328	0	7.83278	0	8.32762	0	8.14346	0
8.27538	0	7.68666	0	7.98812	0	6.54219	0	7.90099	0	7.9032	0	8.13675	0	8.24181	0	8.07181	0	6.77414	0	7.9615	0	7.33707	0	7.91373	0	8.43917	0	8.38998	0	8.23423	0	8.12985	0	8.85311	0	6.53827	0	8.10236	0	8.80592	0	8.25328	0	7.83278	0	8.32762	0	8.14346	0
8.27538	0	7.68666	0	7.98812	0	6.54219	0	7.90099	0	7.9032	0	8.13675	0	8.24181	0	8.07181	0	6.77414	0	7.9615	0	7.33707	0	7.91373	0	8.43917	0	8.38998	0	8.23423	0	8.12985	0	8.85311	0	6.53827	0	8.10236	0	8.80592	0	8.25328	0	7.83278	0	8.32762	0	8.14346	0
8.27538	0	7.68666	0	7.98812	0	6.54219	0	7.90099	0	7.9032	0	8.13675	0	8.24181	0	8.07181	0	6.77414	0	7.9615	0	7.33707	0	7.91373	0	8.43917	0	8.29221	0	8.23423	0	8.12985	0	8.85311	0	6.53827	0	7.31014	0	8.80592	0	8.25328	0	7.83278	0	8.32762	0	8.14346	0
8.27538	0	7.68666	0	7.98812	0	6.54219	0	7.90099	0	7.9032	0	8.13675	0	8.24181	0	8.07181	0	6.77414	0	7.9615	0	7.33707	0	7.91373	0	8.43917	0	8.29221	0	8.23423	0	8.12985	0	8.85311	0	6.53827	0	7.31014	0	8.80592	0	8.25328	0	7.83278	0	8.32762	0	8.14346	0
8.27538	0	7.68666	0	7.98812	0	6.54219	0	7.90099	0	7.9032	0	8.13675	0	8.24181	0	8.07181	0	6.77414	0	7.9615	0	7.33707	0	7.91373	0	8.43917	0	8.29221	0	8.23423	0	8.12985	0	8.85311	0	6.53827	0	7.31014	0	8.80592	0	8.25328	0	7.83278	0	8.32762	0	8.14346	0
8.27538	0	7.68666	0	7.98812	0	6.54219	0	7.90099	0	7.9032	0	8.13675	0	8.24181	0	8.07181	0	6.77414	0	7.9615	0	7.33707	0	7.91373	0	8.43917	0	8.29221	0	8.23423	0	8.12985	0	8.85311	0	6.53827	0	7.31014	0	8.80592	0	8.25328	0	7.83278	0	8.32762	0	8.14346	0
8.27538	0	7.64975	0	7.98812	0	6.54219	0	7.90099	0	7.9032	0	8.13675	0	8.24181	0	8.07181	0	6.77414	0	7.9615	0	7.33707	0	7.91373	0	8.43917	0	8.29221	0	8.23423	0	8.12985	0	8.85311	0	6.53827	0	7.31014	0	8.80592	0	8.25328	0	7.83278	0	8.32762	0	8.14346	0
8.27538	0	7.64975	0	7.98812	0	6.54219	0	7.90099	0	7.9032	0	8.13675	0	8.24181	0	8.07181	0	6.77414	0	7.9615	0	7.33707	0	7.91373	0	8.43917	0	8.29221	0	8.23423	0	8.12985	0	8.85311	0	6.53827	0	7.31014	0	8.80592	0	8.25328	0	7.83278	0	8.32762	0	8.14346	0
8.27538	0	7.64975	0	7.98812	0	6.54219	0	7.90099	0	7.9032	0	8.13675	0	8.24181	0	8.07181	0	6.77414	0	7.9615	0	7.33707	0	7.91373	0	8.43917	0	8.29221	0	8.23423	0	8.12985	0	8.85311	0	6.53827	0	7.31014	0	8.80592	0	8.25328	0	7.83278	0	8.32762	0	8.14346	0
8.27538	0	7.64975	0	7.98812	0	6.54219	0	7.90099	0	7.9032	0	8.13675	0	8.24181	0	8.07181	0	6.77414	0	7.9615	0	7.33707	0	7.91373	0	8.43917	0	8.29221	0	8.23423	0	8.12985	0	8.34437	0	6.53827	0	7.31014	0	8.80592	0	8.25328	0	7.83278	0	8.32762	0	8.14346	0
8.27538	0	7.64975	0	7.98812	0	6.54219	0	7.90099	0	7.9032	0	8.13675	0	8.24181	0	8.07181	0	6.77414	0	7.9615	0	7.33707	0	7.91373	0	8.43917	0	8.29221	0	8.23423	0	8.12985	0	8.34437	0	6.53827	0	7.31014	0	8.80592	0	8.25328	0	7.83278	0	8.32762	0	8.14346	0
8.27538	0	7.64975	0	7.98812	0	6.54219	0	7.90099	0	7.9032	0	8.13675	0	8.24181	0	8.07181	0	6.77414	0	7.9615	0	7.33707	0	7.91373	0	8.43917	0	8.29221	0	8.23423	0	8.12985	0	8.34437	0	6.53827	0	7.31014	0	8.80592	0	8.25328	0	7.83278	0	8.32762	0	8.14346	0
8.27538	0	7.64975	0	7.98812	0	6.54219	0	7.90099	0	7.9032	0	8.13675	0	8.24181	0	8.07181	0	6.77414	0	7.9615	0	7.33707	0	7.91373	0	8.43917	0	8.29221	0	8.23423	0	8.12985	0	8.34437	0	6.53827	0	7.31014	0	8.80592	0	8.25328	0	7.83278	0	8.32762	0	8.14346	0
8.27538	0	7.64975	0	7.98812	0	6.54219	0	7.90099	0	7.9032	0	8.13675	0	8.24181	0	8.07181	0	6.77414	0	7.9615	0	7.33707	0	7.91373	0	8.43917	0	8.29221	0	8.23423	0	8.12985	0	8.34437	0	6.53827	0	7.31014	0	8.80592	0	8.25328	0	7.83278	0	8.32762	0	8.14346	0
8.27538	0	7.64975	0	7.98812	0	6.54219	0	7.90099	0	7.9032	0	8.13675	0	8.24181	0	8.07181	0	6.77414	0	7.9615	0	7.33707	0	7.91373	0	8.43917	0	8.29221	0	8.23423	0	8.12985	0	8.34437	0	6.53827	0	7.31014	0	8.80592	0	7.95769	0	7.70199	0	8.32762	0	8.14346	0
8.27538	0	7.64975	0	7.98812	0	6.54219	0	7.90099	0	7.9032	0	8.13675	0	8.24181	0	8.07181	0	6.77414	0	7.9615	0	7.33707	0	7.91373	0	8.43917	0	8.29221	0	8.23423	0	8.12985	0	8.34437	0	6.53827	0	7.31014	0	8.5273	0	7.95769	0	7.70199	0	8.32762	0	8.14346	0
8.27538	0	7.64975	0	7.98812	0	6.54219	0	7.90099	0	7.9032	0	8.13675	0	8.24181	0	8.07181	0	6.77414	0	7.9615	0	7.33707	0	7.91373	0	8.43917	0	8.22868	0	8.23423	0	8.12985	0	8.34437	0	6.53827	0	7.31014	0	8.5273	0	7.95769	0	7.70199	0	8.32762	0	8.14346	0
8.27538	0	7.64975	0	7.98812	0	6.54219	0	7.90099	0	7.9032	0	8.13675	0	8.24181	0	8.07181	0	6.77414	0	7.9615	0	7.33707	0	7.91373	0	8.43917	0	8.22868	0	8.23423	0	8.12985	0	8.34437	0	6.53827	0	7.31014	0	8.5273	0	7.95769	0	7.70199	0	8.32762	0	8.14346	0
8.27538	0	7.64975	0	7.98812	0	6.54219	0	7.90099	0	7.9032	0	8.13675	0	8.24181	0	8.07181	0	6.77414	0	7.9615	0	7.33707	0	7.91373	0	8.43917	0	8.22868	0	8.23423	0	8.12985	0	8.34437	0	6.53827	0	7.31014	0	8.5273	0	7.95769	0	7.70199	0	8.32762	0	8.14346	0
8.27538	0	7.64975	0	7.98812	0	6.54219	0	7.90099	0	7.9032	0	8.13675	0	8.24181	0	8.07181	0	6.77414	0	7.9615	0	7.33707	0	7.91373	0	8.43917	0	8.22868	0	8.23423	0	8.12985	0	8.34437	0	6.53827	0	7.31014	0	8.5273	0	7.95769	0	7.70199	0	8.32762	0	8.14346	0
8.27538	0	7.64975	0	7.98812	0	6.54219	0	7.90099	0	7.9032	0	8.13675	0	8.24181	0	8.07181	0	6.77414	0	7.9615	0	7.33707	0	7.91373	0	8.43917	0	8.22868	0	8.23423	0	8.12985	0	8.34437	0	6.53827	0	7.31014	0	8.5273	0	7.95769	0	7.70199	0	8.32762	0	8.14346	0
8.27538	0	7.64975	0	7.98812	0	6.54219	0	7.90099	0	7.9032	0	8.13675	0	8.24181	0	8.07181	0	6.77414	0	7.9615	0	7.33707	0	7.91373	0	8.43917	0	8.22868	0	8.23423	0	8.12985	0	8.34437	0	6.53827	0	7.31014	0	8.5273	0	7.95769	0	7.70199	0	8.32762	0	8.14346	0
8.27538	0	7.64975	0	7.98812	0	6.54219	0	7.90099	0	7.9032	0	8.13675	0	8.24181	0	8.07181	0	6.77414	0	7.9615	0	7.33707	0	7.91373	0	8.43917	0	8.22868	0	8.23423	0	8.12985	0	8.34437	0	6.53827	0	7.31014	0	8.5273	0	7.95769	0	7.70199	0	8.32762	0	8.14346	0
8.27538	0	7.64975	0	7.98812	0	6.54219	0	7.90099	0	7.9032	0	8.13675	0	8.24181	0	8.07181	0	6.77414	0	7.9615	0	7.33707	0	7.91373	0	8.43917	0	8.22868	0	8.23423	0	8.12985	0	8.34437	0	6.53827	0	7.31014	0	8.5273	0	7.95769	0	7.70199	0	8.32762	0	8.14346	0
8.27538	0	7.64975	0	7.98812	0	6.54219	0	7.90099	0	7.9032	0	8.13675	0	8.24181	0	8.07181	0	6.77414	0	7.9615	0	7.33707	0	7.91373	0	8.43917	0	8.22868	0	8.23423	0	8.12985	0	8.34437	0	6.53827	0	7.31014	0	8.5273	0	7.95769	0	7.70199	0	8.32762	0	8.14346	0
8.27538	0	7.64975	0	7.98812	0	6.54219	0	7.90099	0	7.9032	0	8.13675	0	8.24181	0	8.07181	0	6.77414	0	7.9615	0	7.33707	0	7.91373	0	8.43917	0	8.22868	0	8.23423	0	8.12985	0	8.34437	0	6.53827	0	7.31014	0	8.5273	0	7.95769	0	7.70199	0	8.32762	0	8.14346	0
8.27538	0	7.64975	0	7.98812	0	6.54219	0	7.90099	0	7.9032	0	8.13675	0	8.24181	0	8.07181	0	6.77414	0	7.9615	0	7.33707	0	7.91373	0	8.43917	0	8.22868	0	8.23423	0	8.12985	0	8.34437	0	6.53827	0	7.31014	0	8.5273	0	7.95769	0	7.70199	0	8.32762	0	8.14346	0
8.27538	0	7.64975	0	7.98812	0	6.54219	0	7.90099	0	7.9032	0	8.13675	0	8.24181	0	8.07181	0	6.77414	0	7.9615	0	7.33707	0	7.91373	0	8.43917	0	8.22868	0	8.23423	0	8.12985	0	8.34437	0	6.53827	0	7.31014	0	8.5273	0	7.95769	0	7.70199	0	8.32762	0	8.14346	0
8.27538	0	7.64975	0	7.98812	0	6.54219	0	7.90099	0	7.9032	0	8.13675	0	8.24181	0	8.07181	0	6.77414	0	7.9615	0	7.33707	0	7.91373	0	8.43917	0	8.22868	0	8.23423	0	8.12985	0	8.34437	0	6.53827	0	7.31014	0	8.5273	0	7.95769	0	7.70199	0	8.32762	0	8.14346	0
8.27538	0	7.64975	0	7.98812	0	6.54219	0	7.90099	0	7.9032	0	8.13675	0	8.24181	0	8.07181	0	6.77414	0	7.9615	0	7.33707	0	7.91373	0	8.43917	0	8.22868	0	8.23423	0	8.12985	0	8.34437	0	6.53827	0	7.31014	0	8.5273	0	7.95769	0	7.70199	0	8.32762	0	8.14346	0
8.27538	0	7.64975	0	7.98812	0	6.54219	0	7.90099	0	7.9032	0	8.13675	0	8.24181	0	8.07181	0	6.77414	0	7.9615	0	7.33707	0	7.91373	0	8.43917	0	8.22868	0	8.23423	0	8.12985	0	8.34437	0	6.53827	0	7.31014	0	8.5273	0	7.95769	0	7.70199	0	8.32762	0	8.14346	0
8.27538	0	7.64975	0	7.98812	0	6.54219	0	7.90099	0	7.9032	0	8.13675	0	8.24181	0	8.07181	0	6.77414	0	7.9615	0	7.33707	0	7.91373	0	8.43917	0	8.22868	0	8.23423	0	8.12985	0	8.34437	0	6.53827	0	7.31014	0	8.32893	0	7.95769	0	7.70199	0	8.32762	0	8.14346	0
8.27538	0	6.35472	0	7.98812	0	6.54219	0	7.90099	0	7.9032	0	8.13675	0	8.24181	0	8.07181	0	6.77414	0	7.9615	0	7.33707	0	7.91373	0	8.43917	0	8.22868	0	8.23423	0	7.47838	0	8.34437	0	6.53827	0	7.31014	0	8.32893	0	7.95769	0	7.70199	0	8.32762	0	8.14346	0
8.27538	0	6.35472	0	7.98812	0	6.54219	0	7.90099	0	7.9032	0	8.13675	0	8.24181	0	8.07181	0	6.77414	0	7.9615	0	7.33707	0	7.91373	0	8.43917	0	8.18382	0	8.23423	0	7.47838	0	8.34437	0	6.53827	0	7.31014	0	8.32893	0	7.95769	0	7.70199	0	8.32762	0	8.14346	0
8.27538	0	6.35472	0	7.98812	0	6.54219	0	7.90099	0	7.9032	0	8.13675	0	8.24181	0	8.07181	0	6.77414	0	7.9615	0	7.33707	0	7.91373	0	8.43917	0	8.18382	0	8.23423	0	7.47838	0	8.34437	0	6.53827	0	7.31014	0	8.32893	0	7.95769	0	7.70199	0	8.32762	0	8.14346	0
8.27538	0	6.35472	0	7.98812	0	6.54219	0	7.90099	0	7.9032	0	8.13675	0	8.24181	0	8.07181	0	6.77414	0	7.9615	0	7.33707	0	7.91373	0	8.43917	0	8.18382	0	8.23423	0	7.47838	0	8.34437	0	6.53827	0	7.31014	0	8.32893	0	7.95769	0	7.70199	0	8.32762	0	8.14346	0
8.27538	0	6.35472	0	7.98812	0	6.54219	0	7.90099	0	7.9032	0	8.13675	0	8.24181	0	8.07181	0	6.77414	0	7.9615	0	7.33707	0	7.91373	0	8.43917	0	8.18382	0	8.23423	0	7.47838	0	8.34437	0	6.53827	0	7.31014	0	8.32893	0	7.95769	0	7.70199	0	8.32762	0	8.14346	0
8.27538	0	6.35472	0	7.98812	0	6.54219	0	7.90099	0	7.9032	0	8.13675	0	8.24181	0	8.07181	0	6.77414	0	7.9615	0	7.33707	0	7.91373	0	8.43917	0	8.18382	0	8.23423	0	7.47838	0	8.34437	0	6.53827	0	7.31014	0	8.32893	0	7.95769	0	7.70199	0	8.32762	0	8.14346	0
8.27538	0	6.35472	0	7.98812	0	6.54219	0	7.90099	0	7.9032	0	8.13675	0	8.24181	0	8.07181	0	6.77414	0	7.9615	0	7.33707	0	7.91373	0	8.43917	0	8.18382	0	8.23423	0	7.47838	0	8.34437	0	6.53827	0	7.31014	0	8.32893	0	7.95769	0	7.70199	0	8.32762	0	8.14346	0
8.27538	0	6.35472	0	7.98812	0	6.54219	0	7.90099	0	7.9032	0	8.13675	0	8.24181	0	8.07181	0	6.77414	0	7.9615	0	7.33707	0	7.91373	0	8.43917	0	8.18382	0	8.23423	0	7.47838	0	8.34437	0	6.53827	0	7.31014	0	8.32893	0	7.95769	0	7.70199	0	8.32762	0	8.14346	0
8.27538	0	6.35472	0	7.98812	0	6.54219	0	7.90099	0	7.9032	0	8.13675	0	8.24181	0	8.07181	0	6.77414	0	7.9615	0	7.33707	0	7.91373	0	8.43917	0	8.18382	0	8.23423	0	7.47838	0	8.34437	0	6.53827	0	7.31014	0	8.32893	0	7.95769	0	7.70199	0	8.32762	0	8.14346	0
8.27538	0	6.35472	0	7.98812	0	6.54219	0	7.90099	0	7.9032	0	8.13675	0	8.24181	0	8.07181	0	6.77414	0	7.9615	0	7.33707	0	7.91373	0	8.43917	0	8.18382	0	8.23423	0	7.47838	0	8.34437	0	6.53827	0	7.31014	0	8.32893	0	7.95769	0	7.70199	0	8.32762	0	8.14346	0
8.27538	0	6.35472	0	7.98812	0	6.54219	0	7.90099	0	7.9032	0	8.13675	0	8.24181	0	8.07181	0	6.77414	0	7.9615	0	7.33707	0	7.91373	0	8.43917	0	8.18382	0	8.23423	0	7.47838	0	8.34437	0	6.53827	0	7.31014	0	8.32893	0	7.95769	0	7.70199	0	8.32762	0	8.14346	0
8.27538	0	6.35472	0	7.98812	0	6.54219	0	7.90099	0	7.9032	0	8.13675	0	8.24181	0	8.07181	0	6.77414	0	7.9615	0	7.33707	0	7.91373	0	8.43917	0	8.18382	0	8.23423	0	7.47838	0	8.34437	0	6.53827	0	7.31014	0	8.32893	0	7.95769	0	7.70199	0	8.32762	0	8.14346	0
8.27538	0	6.35472	0	7.98812	0	6.54219	0	7.90099	0	7.9032	0	8.13675	0	8.24181	0	8.07181	0	6.77414	0	7.9615	0	7.33707	0	7.91373	0	8.43917	0	8.18382	0	8.23423	0	7.47838	0	8.34437	0	6.53827	0	7.31014	0	8.32893	0	7.95769	0	7.70199	0	8.32762	0	8.14346	0
8.27538	0	6.35472	0	7.98812	0	6.54219	0	7.90099	0	7.9032	0	8.13675	0	8.24181	0	8.07181	0	6.77414	0	7.9615	0	7.33707	0	7.91373	0	8.43917	0	8.18382	0	8.23423	0	7.47838	0	8.34437	0	6.53827	0	7.31014	0	8.32893	0	7.95769	0	7.70199	0	8.32762	0	8.14346	0
8.27538	0	6.35472	0	7.98812	0	6.54219	0	7.90099	0	7.9032	0	8.13353	0	8.24181	0	8.07181	0	6.77414	0	7.9615	0	7.33707	0	7.91373	0	8.43917	0	8.18382	0	8.23423	0	7.47838	0	8.34437	0	6.53827	0	7.31014	0	8.32893	0	7.95769	0	7.70199	0	8.32762	0	8.14346	0
8.27538	0	6.35472	0	7.98812	0	6.54219	0	7.90099	0	7.9032	0	8.13353	0	8.24181	0	8.07181	0	6.77414	0	7.9615	0	7.33707	0	7.91373	0	8.43917	0	8.18382	0	8.23423	0	7.47838	0	8.34437	0	6.53827	0	7.31014	0	8.32893	0	7.95769	0	7.70199	0	8.32762	0	8.14346	0
8.27538	0	6.35472	0	7.98812	0	6.54219	0	7.90099	0	7.9032	0	8.13353	0	8.24181	0	8.07181	0	6.77414	0	7.9615	0	7.33707	0	7.91373	0	8.43917	0	8.18382	0	8.23423	0	7.47838	0	8.34437	0	6.53827	0	7.31014	0	8.32893	0	7.95769	0	7.70199	0	8.32762	0	8.14346	0
8.27538	0	6.35472	0	7.98812	0	6.54219	0	7.90099	0	7.9032	0	8.13353	0	8.24181	0	8.07181	0	6.77414	0	7.9615	0	7.33707	0	7.91373	0	8.43917	0	8.18382	0	8.23423	0	7.47838	0	8.34437	0	6.53827	0	7.31014	0	8.32893	0	7.95769	0	7.70199	0	8.32762	0	8.14346	0
8.27538	0	6.35472	0	7.98812	0	6.54219	0	7.90099	0	7.9032	0	8.13353	0	8.24181	0	8.07181	0	6.77414	0	7.9615	0	7.33707	0	7.91373	0	8.43917	0	8.18382	0	8.23423	0	7.47838	0	8.34437	0	6.53827	0	7.31014	0	8.32893	0	7.95769	0	7.70199	0	8.32762	0	8.14346	0
8.27538	0	6.35472	0	7.98812	0	6.54219	0	7.90099	0	7.9032	0	8.13353	0	8.24181	0	8.07181	0	6.77414	0	7.9615	0	7.33707	0	7.91373	0	8.43917	0	8.18382	0	8.23423	0	7.47838	0	8.34437	0	6.53827	0	7.31014	0	8.32893	0	7.95769	0	7.70199	0	8.32762	0	8.14346	0
8.27538	0	6.35472	0	7.98812	0	6.54219	0	7.90099	0	7.9032	0	8.13353	0	8.24181	0	8.07181	0	6.77414	0	7.9615	0	7.33707	0	7.91373	0	8.43917	0	8.18382	0	8.23423	0	7.47838	0	8.34437	0	6.53827	0	7.31014	0	8.32893	0	7.95769	0	7.70199	0	8.32762	0	8.14346	0
8.27538	0	6.35472	0	7.98812	0	6.54219	0	7.90099	0	7.9032	0	8.13353	0	8.24181	0	8.07181	0	6.77414	0	7.9615	0	7.33707	0	7.91373	0	8.43917	0	8.18382	0	8.23423	0	7.47838	0	8.34437	0	6.53827	0	7.31014	0	8.32893	0	7.95769	0	7.70199	0	8.32762	0	8.14346	0
8.27538	0	6.35472	0	7.98812	0	6.54219	0	7.90099	0	7.9032	0	8.13353	0	8.24181	0	8.07181	0	6.77414	0	7.9615	0	7.33707	0	7.91373	0	8.43917	0	7.71636	0	8.23423	0	7.47838	0	8.34437	0	6.53827	0	7.31014	0	8.32893	0	7.95769	0	7.70199	0	8.32409	0	8.14346	0
8.27538	0	6.35472	0	7.98812	0	6.54219	0	7.90099	0	7.9032	0	8.13353	0	8.24181	0	8.07181	0	6.77414	0	7.9615	0	7.33707	0	7.91373	0	8.43917	0	7.71636	0	8.23423	0	7.47838	0	8.34437	0	6.53827	0	7.31014	0	8.32893	0	7.95769	0	7.70199	0	8.32409	0	8.14346	0
8.27538	0	6.35472	0	7.98812	0	6.54219	0	7.90099	0	7.9032	0	8.13353	0	8.24181	0	8.07181	0	6.77414	0	7.9615	0	7.33707	0	7.91373	0	8.43917	0	7.71636	0	8.23423	0	7.47838	0	8.34437	0	6.53827	0	7.31014	0	8.32893	0	7.95769	0	7.70199	0	8.32409	0	8.14346	0
8.27538	0	6.35472	0	7.98812	0	6.54219	0	7.90099	0	7.9032	0	8.13353	0	8.24181	0	8.07181	0	6.77414	0	7.9615	0	7.33707	0	7.91373	0	8.43917	0	7.71636	0	8.23423	0	7.47838	0	7.9833	0	6.53827	0	7.31014	0	8.32893	0	7.95769	0	7.70199	0	8.32409	0	8.14346	0
8.27538	0	6.35472	0	7.98812	0	6.54219	0	7.90099	0	7.9032	0	8.13353	0	8.24181	0	8.07181	0	6.77414	0	7.9615	0	7.33707	0	7.91373	0	8.07991	0	7.71636	0	8.23423	0	7.47838	0	7.9833	0	6.53827	0	7.31014	0	8.32893	0	7.95769	0	7.70199	0	8.32409	0	8.14346	0
8.27538	0	6.35472	0	7.98812	0	6.54219	0	7.90099	0	7.9032	0	8.13353	0	8.24181	0	8.07181	0	6.77414	0	7.9615	0	7.33707	0	7.91373	0	8.07991	0	7.71636	0	8.23423	0	7.47838	0	7.9833	0	6.53827	0	7.31014	0	8.32893	0	7.95769	0	7.70199	0	8.32409	0	8.14346	0
8.27538	0	6.35472	0	7.98812	0	6.54219	0	7.90099	0	7.9032	0	8.13353	0	8.24181	0	8.07181	0	6.77414	0	7.9615	0	7.33707	0	7.91373	0	8.07991	0	7.71636	0	8.23423	0	6.85255	0	7.9833	0	6.53827	0	7.31014	0	8.32893	0	7.95769	0	7.70199	0	8.32409	0	8.14346	0
8.27538	0	6.35472	0	7.98812	0	6.54219	0	7.90099	0	7.9032	0	8.13353	0	8.00805	0	8.07181	0	6.77414	0	7.9615	0	7.33707	0	7.91373	0	8.07991	0	7.71636	0	8.23423	0	6.85255	0	7.9833	0	6.53827	0	7.31014	0	8.32893	0	7.95769	0	7.70199	0	8.32409	0	8.14346	0
8.27538	0	6.35472	0	7.00458	0	6.54219	0	7.90099	0	7.9032	0	8.13353	0	8.00805	0	8.07181	0	6.77414	0	7.9615	0	7.33707	0	7.91373	0	8.07991	0	7.71636	0	8.23423	0	6.85255	0	7.9833	0	6.53827	0	7.31014	0	8.32893	0	7.95769	0	7.70199	0	8.32409	0	8.14346	0
8.27538	0	6.35472	0	7.00458	0	6.54219	0	7.90099	0	7.9032	0	8.13353	0	8.00805	0	8.07181	0	6.77414	0	7.9615	0	7.33707	0	7.91373	0	8.07991	0	7.71636	0	8.23423	0	6.85255	0	7.9833	0	6.53827	0	7.31014	0	8.32893	0	7.95769	0	7.70199	0	8.32409	0	8.14346	0
8.27538	0	6.35472	0	7.00458	0	6.54219	0	7.90099	0	7.9032	0	8.13353	0	8.00805	0	8.07181	0	6.77414	0	7.9615	0	7.33707	0	7.91373	0	8.07991	0	7.71636	0	8.23423	0	6.85255	0	7.9833	0	6.53827	0	7.31014	0	7.96305	0	7.95769	0	7.70199	0	8.32409	0	8.14346	0
8.27538	0	6.35472	0	7.00458	0	6.54219	0	7.90099	0	7.9032	0	8.13353	0	8.00805	0	8.07181	0	6.77414	0	7.9615	0	7.33707	0	7.91373	0	8.07991	0	7.71636	0	8.23423	0	6.85255	0	7.9833	0	6.53827	0	7.31014	0	7.96305	0	7.95769	0	7.70199	0	8.32409	0	8.14346	0
8.27538	0	6.35472	0	7.00458	0	6.54219	0	7.90099	0	7.9032	0	8.13353	0	8.00805	0	8.07181	0	6.77414	0	7.9615	0	7.33707	0	7.91373	0	8.07991	0	7.71636	0	8.23423	0	6.85255	0	7.9833	0	6.53827	0	7.31014	0	7.96305	0	7.95769	0	7.70199	0	8.32409	0	8.14346	0
8.27538	0	6.35472	0	7.00458	0	6.54219	0	7.90099	0	7.9032	0	8.13353	0	8.00805	0	8.07181	0	6.77414	0	7.9615	0	7.33707	0	7.91373	0	8.07991	0	7.71636	0	8.23423	0	6.85255	0	7.9833	0	6.53827	0	7.31014	0	7.96305	0	7.95769	0	7.70199	0	8.32409	0	8.14346	0
8.27538	0	6.35472	0	7.00458	0	6.54219	0	7.90099	0	7.9032	0	8.13353	0	8.00805	0	8.07181	0	6.77414	0	7.9615	0	7.33707	0	7.91373	0	8.07991	0	7.71636	0	8.23423	0	6.85255	0	7.9833	0	6.53827	0	7.31014	0	7.96305	0	7.95769	0	7.70199	0	8.32409	0	8.14346	0
8.27538	0	6.35472	0	7.00458	0	6.54219	0	7.90099	0	7.9032	0	8.13353	0	8.00805	0	8.07181	0	6.77414	0	7.9615	0	7.33707	0	7.91373	0	8.07991	0	7.71636	0	8.23423	0	6.85255	0	7.9833	0	6.53827	0	7.31014	0	7.96305	0	7.95769	0	7.70199	0	8.32409	0	8.14346	0
8.27538	0	6.35472	0	7.00458	0	6.54219	0	7.90099	0	7.9032	0	8.13353	0	8.00805	0	8.07181	0	6.77414	0	7.9615	0	7.33707	0	7.91373	0	7.45906	0	7.71636	0	8.23423	0	6.85255	0	7.9833	0	6.53827	0	7.31014	0	7.69859	0	7.95769	0	7.70199	0	8.32409	0	8.14346	0
8.27538	0	6.35472	0	7.00458	0	6.54219	0	7.90099	0	7.9032	0	8.13353	0	8.00805	0	8.07181	0	6.77414	0	7.9615	0	7.33707	0	7.91373	0	7.45906	0	7.71636	0	8.23423	0	6.85255	0	7.9833	0	6.53827	0	7.31014	0	7.69859	0	7.95769	0	7.70199	0	8.32409	0	8.14346	0
8.27538	0	6.35472	0	7.00458	0	6.54219	0	7.90099	0	7.9032	0	7.29435	0	8.00805	0	8.07181	0	6.77414	0	7.9615	0	7.33707	0	7.91373	0	7.45906	0	7.71636	0	8.23423	0	6.85255	0	7.9833	0	6.53827	0	7.31014	0	7.69859	0	7.95769	0	7.70199	0	8.32409	0	8.14346	0
8.27538	0	6.35472	0	7.00458	0	6.54219	0	7.90099	0	7.76926	0	7.29435	0	8.00805	0	8.07181	0	6.77414	0	7.9615	0	7.33707	0	7.91373	0	7.45906	0	7.71636	0	8.23423	0	6.85255	0	7.9833	0	6.53827	0	7.31014	0	7.69859	0	7.95769	0	7.70199	0	8.32409	0	8.14346	0
8.27538	0	6.35472	0	7.00458	0	6.54219	0	7.90099	0	7.76926	0	7.29435	0	8.00805	0	8.07181	0	6.77414	0	7.9615	0	7.33707	0	7.91373	0	7.45906	0	7.71636	0	8.23423	0	6.85255	0	7.9833	0	6.53827	0	7.31014	0	7.69859	0	7.95769	0	7.70199	0	8.32409	0	8.14346	0
8.27538	0	6.35472	0	7.00458	0	6.54219	0	7.90099	0	7.76926	0	7.29435	0	8.00805	0	8.07181	0	6.77414	0	7.9615	0	7.33707	0	7.91373	0	7.45906	0	7.71636	0	7.95561	0	6.85255	0	7.9833	0	6.53827	0	7.31014	0	7.69859	0	7.95769	0	7.70199	0	8.32409	0	8.14346	0
8.27538	0	6.35472	0	7.00458	0	6.54219	0	7.90099	0	7.76926	0	7.29435	0	8.00805	0	8.07181	0	6.77414	0	7.9615	0	7.33707	0	7.91373	0	7.45906	0	7.71636	0	7.95561	0	6.85255	0	7.9833	0	6.53827	0	7.31014	0	7.69859	0	7.95769	0	7.70199	0	8.32409	0	8.14346	0
8.27538	0	6.35472	0	7.00458	0	6.54219	0	7.90099	0	7.76926	0	7.29435	0	8.00805	0	8.07181	0	6.77414	0	7.9615	0	7.33707	0	7.91373	0	7.45906	0	7.71636	0	7.95561	0	6.85255	0	7.9833	0	6.53827	0	7.31014	0	7.69859	0	7.95769	0	7.70199	0	8.32409	0	8.14346	0
8.27538	0	6.35472	0	7.00458	0	6.54219	0	7.90099	0	7.76926	0	7.29435	0	8.00805	0	8.07181	0	6.77414	0	7.9615	0	7.33707	0	7.91373	0	7.45906	0	7.71636	0	7.95561	0	6.85255	0	7.9833	0	6.53827	0	7.31014	0	7.69859	0	7.95769	0	7.70199	0	8.32409	0	8.14346	0
8.27538	0	6.35472	0	7.00458	0	6.54219	0	7.90099	0	7.76926	0	7.29435	0	8.00805	0	8.07181	0	6.77414	0	7.9615	0	7.33707	0	7.91373	0	7.45906	0	7.71636	0	7.95561	0	6.85255	0	7.9833	0	6.53827	0	7.31014	0	7.69859	0	7.95769	0	7.70199	0	8.32409	0	8.14346	0
8.27538	0	6.35472	0	7.00458	0	6.54219	0	7.90099	0	7.76926	0	7.29435	0	8.00805	0	8.07181	0	6.77414	0	7.9615	0	7.33707	0	7.91373	0	7.45906	0	7.71636	0	7.95561	0	6.85255	0	7.9833	0	6.53827	0	7.31014	0	7.69859	0	7.95769	0	7.70199	0	8.32409	0	8.14346	0
8.27538	0	6.35472	0	7.00458	0	6.54219	0	7.90099	0	7.76926	0	7.29435	0	8.00805	0	8.07181	0	6.77414	0	7.9615	0	7.33707	0	7.91373	0	7.45906	0	7.71636	0	7.95561	0	6.85255	0	7.9833	0	6.53827	0	7.31014	0	7.69859	0	7.95769	0	7.70199	0	8.32409	0	8.14346	0
8.27538	0	6.35472	0	7.00458	0	6.54219	0	7.90099	0	7.76926	0	7.29435	0	8.00805	0	8.07181	0	6.77414	0	7.9615	0	7.33707	0	7.91373	0	7.45906	0	7.71636	0	7.95561	0	6.85255	0	7.9833	0	6.53827	0	7.31014	0	7.69859	0	7.95769	0	7.70199	0	8.32409	0	8.14346	0
8.27538	0	6.35472	0	7.00458	0	6.54219	0	7.90099	0	7.76926	0	7.29435	0	8.00805	0	8.07181	0	6.77414	0	7.9615	0	7.33707	0	7.91373	0	7.45906	0	7.71636	0	7.95561	0	6.85255	0	7.9833	0	6.53827	0	7.31014	0	7.69859	0	7.95769	0	7.70199	0	8.32409	0	8.14346	0
8.27538	0	6.35472	0	7.00458	0	6.54219	0	7.90099	0	7.76926	0	7.29435	0	8.00805	0	8.07181	0	6.77414	0	7.9615	0	7.33707	0	7.91373	0	7.45906	0	7.71636	0	7.95561	0	6.85255	0	7.9833	0	6.53827	0	7.31014	0	7.69859	0	7.95769	0	7.70199	0	8.32409	0	8.14346	0
8.27538	0	6.35472	0	6.72918	0	6.54219	0	7.90099	0	7.76926	0	7.29435	0	8.00805	0	8.07181	0	6.53912	0	7.9615	0	7.33707	0	7.91373	0	7.45906	0	7.71636	0	7.95561	0	6.85255	0	7.9833	0	6.53827	0	7.31014	0	7.69859	0	7.95769	0	7.70199	0	8.32409	0	8.14346	0
8.27538	0	6.35472	0	6.72918	0	6.54219	0	7.90099	0	7.76926	0	7.29435	0	8.00805	0	8.07181	0	6.53912	0	7.9615	0	7.33707	0	7.91373	0	7.45906	0	7.71636	0	7.95561	0	6.85255	0	7.9833	0	6.53827	0	7.31014	0	7.69859	0	7.95769	0	7.70199	0	8.32409	0	8.14346	0
8.27538	0	6.35472	0	6.72918	0	6.54219	0	7.90099	0	7.76926	0	7.29435	0	8.00805	0	8.07181	0	6.53912	0	7.9615	0	7.33707	0	7.91373	0	7.45906	0	7.71636	0	7.95561	0	6.85255	0	7.9833	0	6.53827	0	7.31014	0	7.69859	0	7.95769	0	7.70199	0	8.32409	0	8.14346	0
8.22315	0	6.35472	0	6.72918	0	6.54219	0	7.90099	0	7.76926	0	7.29435	0	8.00805	0	8.07181	0	6.53912	0	7.9615	0	7.33707	0	7.91373	0	7.45906	0	7.71636	0	7.95561	0	6.85255	0	7.9833	0	6.53827	0	7.31014	0	7.69859	0	7.95769	0	7.70199	0	8.32409	0	8.14346	0
8.22315	0	6.35472	0	6.72918	0	6.54219	0	7.90099	0	7.76926	0	7.29435	0	8.00805	0	8.07181	0	6.53912	0	7.9615	0	7.33707	0	7.91373	0	7.45906	0	7.71636	0	7.95561	0	6.85255	0	7.9833	0	6.53827	0	7.31014	0	7.69859	0	7.95769	0	7.70199	0	8.32409	0	8.14346	0
8.22315	0	6.35472	0	6.72918	0	6.54219	0	7.90099	0	7.76926	0	7.29435	0	8.00805	0	8.07181	0	6.53912	0	7.86503	0	7.33707	0	7.91373	0	7.45906	0	7.71636	0	7.95561	0	6.85255	0	7.9833	0	6.53827	0	7.31014	0	7.69859	0	7.95769	0	7.70199	0	8.32409	0	8.14346	0
8.22315	0	6.15408	0	6.72918	0	6.54219	0	7.90099	0	7.76926	0	7.29435	0	8.00805	0	8.07181	0	6.53912	0	7.86503	0	7.33707	0	7.91373	0	7.45906	0	7.71636	0	7.95561	0	6.85255	0	7.9833	0	6.53827	0	7.31014	0	7.69859	0	7.95769	0	7.70199	0	8.32409	0	8.14346	0
8.22315	0	6.15408	0	6.72918	0	6.54219	0	7.90099	0	7.76926	0	7.29435	0	8.00805	0	8.07181	0	6.53912	0	7.86503	0	7.33707	0	7.91373	0	7.45906	0	7.71636	0	7.95561	0	6.85255	0	7.9833	0	6.53827	0	7.31014	0	7.69859	0	7.95769	0	7.70199	0	8.32409	0	8.14346	0
8.22315	0	6.15408	0	6.72918	0	6.54219	0	7.90099	0	7.76926	0	7.29435	0	8.00805	0	8.07181	0	6.53912	0	7.86503	0	7.33707	0	7.91373	0	7.45906	0	7.71636	0	7.95561	0	6.85255	0	7.9833	0	6.53827	0	7.31014	0	7.69859	0	7.95769	0	7.70199	0	8.32409	0	8.14346	0
8.22315	0	6.15382	0	6.72918	0	6.54219	0	7.90099	0	7.76926	0	7.29435	0	8.00805	0	8.07181	0	6.53912	0	7.86503	0	7.33707	0	7.91373	0	7.45906	0	7.71636	0	7.95561	0	6.85255	0	7.9833	0	6.53827	0	7.31014	0	7.69859	0	7.95769	0	7.70199	0	8.32409	0	8.14346	0
8.22315	0	6.15382	0	6.72918	0	6.54219	0	7.90099	0	7.76926	0	7.29435	0	8.00805	0	8.07181	0	6.53912	0	7.86503	0	7.33707	0	7.91373	0	7.45906	0	7.71636	0	7.95561	0	6.85255	0	7.9833	0	6.53827	0	7.31014	0	7.69859	0	7.95769	0	7.70199	0	8.32409	0	8.14346	0
8.22315	0	6.15382	0	6.72918	0	6.54219	0	7.90099	0	7.76926	0	7.29435	0	8.00805	0	8.07181	0	6.53912	0	7.86503	0	7.33707	0	7.91373	0	7.45906	0	7.71636	0	7.95561	0	6.85255	0	7.9833	0	6.53827	0	7.31014	0	7.69859	0	7.95769	0	7.70199	0	8.32409	0	8.14346	0
8.22315	0	6.15382	0	6.72918	0	6.54219	0	7.90099	0	7.76926	0	7.29435	0	8.00805	0	8.07181	0	6.53912	0	7.86503	0	7.33707	0	7.91373	0	7.45906	0	7.71636	0	7.95561	0	6.85255	0	7.9833	0	6.53827	0	7.31014	0	7.69859	0	7.95769	0	7.70199	0	8.32409	0	8.14346	0
8.22315	0	6.15382	0	6.72579	0	6.54219	0	7.90099	0	7.76926	0	7.29435	0	7.26021	0	8.07181	0	6.53912	0	7.86503	0	7.33707	0	7.91373	0	7.45906	0	7.71636	0	7.95561	0	6.85255	0	7.9833	0	6.53827	0	7.31014	0	7.69859	0	7.95769	0	7.70199	0	8.28891	0	8.14346	0
8.22315	0	6.15382	0	6.72579	0	6.54219	0	7.90099	0	7.76926	0	7.29435	0	7.26021	0	8.07181	0	6.53912	0	7.86503	0	7.33707	0	7.91373	0	7.45906	0	7.71636	0	7.95561	0	6.85255	0	7.9833	0	6.53827	0	7.31014	0	7.69859	0	7.95769	0	7.70199	0	8.28891	0	8.14346	0
8.22315	0	6.15382	0	6.72579	0	6.54219	0	7.90099	0	7.76926	0	7.29435	0	7.26021	0	8.07181	0	6.53912	0	7.86503	0	7.33707	0	7.91373	0	7.45906	0	7.67923	0	7.95561	0	6.85255	0	7.9833	0	6.53827	0	7.31014	0	7.69859	0	7.85879	0	7.70199	0	8.28891	0	8.14346	0
8.22315	0	6.15382	0	6.72579	0	6.54219	0	7.90099	0	7.76926	0	7.29435	0	7.26021	0	8.07181	0	6.53912	0	7.86503	0	7.33707	0	7.91373	0	7.45906	0	7.67923	0	7.95561	0	6.79637	0	7.9833	0	6.53827	0	7.31014	0	7.69859	0	7.85879	0	7.60266	0	8.28891	0	8.14346	0
8.22315	0	6.15382	0	6.72579	0	6.54219	0	7.90099	0	7.76926	0	7.29435	0	7.26021	0	8.07181	0	6.53912	0	7.86503	0	7.33707	0	7.91373	0	7.45906	0	7.67923	0	7.95561	0	6.79637	0	7.9833	0	6.53827	0	7.31014	0	7.69859	0	7.85879	0	7.60266	0	8.28891	0	8.14346	0
8.22315	0	6.15382	0	6.72579	0	6.54219	0	7.90099	0	7.76926	0	7.29435	0	7.26021	0	8.07181	0	6.53912	0	7.86503	0	7.33707	0	7.91373	0	7.45906	0	7.67923	0	7.95561	0	6.79637	0	7.9833	0	6.53827	0	7.31014	0	7.69859	0	7.85879	0	7.60266	0	8.28891	0	7.86911	0
8.22315	0	6.15382	0	6.72579	0	6.54219	0	7.90099	0	7.76926	0	7.29435	0	7.26021	0	8.07181	0	6.53912	0	7.86503	0	7.33707	0	7.91373	0	7.45906	0	7.67923	0	7.95561	0	6.79637	0	7.9833	0	6.53827	0	7.31014	0	7.69859	0	7.85879	0	7.60266	0	8.28891	0	7.86911	0
8.22315	0	6.15382	0	6.72579	0	6.54219	0	7.90099	0	7.76926	0	7.29435	0	7.26021	0	8.07181	0	6.53912	0	7.86503	0	7.33707	0	7.91373	0	7.45906	0	7.67923	0	7.95561	0	6.79637	0	7.9833	0	6.53827	0	7.28375	0	7.69859	0	7.85879	0	7.60266	0	8.28891	0	7.86911	0
8.22315	0	6.15382	0	6.72579	0	6.54219	0	7.90099	0	7.76926	0	7.29435	0	7.26021	0	8.07181	0	6.53912	0	7.86503	0	7.33707	0	7.91373	0	7.45906	0	7.67923	0	7.95561	0	6.79637	0	7.9833	0	6.53827	0	7.28375	0	7.69859	0	7.85879	0	7.60266	0	8.28891	0	7.86911	0
8.22315	0	6.15382	0	6.72579	0	6.54219	0	7.90099	0	7.76926	0	7.29435	0	7.26021	0	8.07181	0	6.53912	0	7.86503	0	7.33707	0	7.91373	0	7.45906	0	7.67923	0	7.95561	0	6.79637	0	7.9833	0	6.53827	0	7.28375	0	7.69859	0	7.85879	0	7.60266	0	8.03387	0	7.86911	0
8.22315	0	6.15382	0	6.72579	0	6.54219	0	7.90099	0	7.76926	0	7.29435	0	7.26021	0	8.07181	0	6.53912	0	7.86503	0	7.33707	0	7.91373	0	7.45906	0	7.67923	0	7.95561	0	6.79637	0	7.9833	0	6.53827	0	7.28375	0	7.69859	0	7.85879	0	7.52531	0	8.03387	0	7.86911	0
8.22315	0	6.15382	0	6.72579	0	6.54219	0	7.90099	0	7.76926	0	7.29435	0	7.26021	0	8.07181	0	6.53912	0	7.86503	0	7.33707	0	7.91373	0	7.45906	0	7.67923	0	7.95561	0	6.79637	0	7.9833	0	6.53827	0	7.28375	0	7.69859	0	7.85879	0	7.52531	0	8.03387	0	7.76316	0
8.22315	0	6.15382	0	6.72579	0	6.54219	0	7.90099	0	7.76926	0	7.29435	0	7.26021	0	8.07181	0	6.53912	0	7.86503	0	7.33707	0	7.91373	0	7.45906	0	7.67923	0	7.95561	0	6.79637	0	7.9833	0	6.53827	0	7.28375	0	7.69859	0	7.85879	0	7.52531	0	8.03387	0	7.76316	0
8.22315	0	6.15382	0	6.72579	0	6.54219	0	7.90099	0	7.76926	0	7.29435	0	7.26021	0	8.07181	0	6.53912	0	7.86503	0	7.33707	0	7.91373	0	7.45906	0	7.67923	0	7.95561	0	6.79637	0	7.9833	0	6.53827	0	7.28375	0	7.69859	0	7.85879	0	7.52531	0	8.03387	0	7.76316	0
8.22315	0	6.15382	0	6.72579	0	6.54219	0	7.90099	0	7.76926	0	7.29435	0	7.26021	0	8.07181	0	6.53912	0	7.86503	0	7.33707	0	6.77342	0	7.45906	0	7.67923	0	7.95561	0	6.79637	0	7.9833	0	6.53827	0	7.28375	0	7.69859	0	7.85879	0	7.52531	0	8.03387	0	7.76316	0
8.22315	0	6.15382	0	6.72579	0	6.54219	0	7.90099	0	7.76926	0	7.29435	0	7.26021	0	8.07181	0	6.53912	0	7.86503	0	7.33707	0	6.77342	0	7.45906	0	7.67923	0	7.95561	0	6.79637	0	7.9833	0	6.53827	0	7.28375	0	7.69859	0	7.85879	0	7.52531	0	8.03387	0	7.76316	0
8.22315	0	6.15382	0	6.72579	0	6.54219	0	7.90099	0	7.76926	0	7.29435	0	7.26021	0	8.07181	0	6.53912	0	7.86503	0	7.33707	0	6.77342	0	7.45906	0	7.67923	0	7.95561	0	6.79637	0	7.9833	0	6.53827	0	7.28375	0	7.69859	0	7.85879	0	7.52531	0	8.03387	0	7.76316	0
8.22315	0	6.15181	0	6.72579	0	6.54219	0	7.90099	0	7.76926	0	7.29435	0	7.26021	0	8.07181	0	6.53912	0	7.86503	0	7.33707	0	6.77342	0	7.45906	0	7.67923	0	7.95561	0	6.79637	0	7.9833	0	6.53827	0	7.28375	0	7.69859	0	7.85879	0	7.52531	0	8.03387	0	7.76316	0
8.22315	0	6.15181	0	6.72579	0	6.54219	0	7.90099	0	7.76926	0	7.29435	0	7.26021	0	8.07181	0	6.53912	0	7.86503	0	7.33707	0	6.77342	0	7.45906	0	7.67923	0	7.95561	0	6.79637	0	7.9833	0	6.53827	0	6.71532	0	7.69859	0	7.85879	0	7.52531	0	8.03387	0	7.76316	0
8.22315	0	6.15181	0	6.72579	0	6.54219	0	7.90099	0	7.76926	0	7.29435	0	7.26021	0	8.07181	0	6.53912	0	7.86503	0	7.33707	0	6.77342	0	7.45906	0	7.67923	0	7.95561	0	6.79637	0	7.9833	0	6.53827	0	6.71532	0	7.69859	0	7.85879	0	7.52531	0	8.03387	0	7.76316	0
8.22315	0	6.15181	0	6.72579	0	6.54219	0	7.90099	0	7.76926	0	7.29435	0	7.26021	0	8.07181	0	6.53912	0	6.19939	0	7.33707	0	6.77342	0	7.45906	0	7.67923	0	7.95561	0	6.79637	0	7.9833	0	6.53827	0	6.71532	0	7.69859	0	7.85879	0	7.52531	0	8.03387	0	7.76316	0
8.22315	0	6.15181	0	6.72579	0	6.54219	0	7.90099	0	7.76926	0	7.29435	0	7.26021	0	8.07181	0	6.53912	0	6.19939	0	7.33707	0	6.77342	0	7.45906	0	7.67923	0	7.95561	0	6.79637	0	7.9833	0	6.53827	0	6.71532	0	7.69859	0	7.85879	0	7.52531	0	8.03387	0	7.76316	0
7.43987	0	6.15181	0	6.72579	0	6.54219	0	7.90099	0	7.76926	0	7.29435	0	7.26021	0	8.07181	0	6.53912	0	6.19939	0	7.33707	0	6.77342	0	7.45906	0	7.67923	0	7.95561	0	6.79637	0	7.9833	0	6.53827	0	6.71532	0	7.69859	0	7.85879	0	7.52531	0	8.03387	0	7.76316	0
7.43987	0	6.15181	0	6.72579	0	6.54219	0	7.90099	0	7.76926	0	7.29435	0	7.26021	0	8.07181	0	6.53912	0	6.19939	0	7.33707	0	6.77342	0	7.45906	0	7.67923	0	7.95561	0	6.79637	0	7.9833	0	6.53827	0	6.71532	0	7.69859	0	7.85879	0	7.52531	0	8.03387	0	7.76316	0
7.43987	0	6.15181	0	6.72579	0	6.54219	0	7.90099	0	7.76926	0	7.29435	0	7.26021	0	8.07181	0	6.53912	0	6.19939	0	7.33707	0	6.77342	0	7.45906	0	7.67923	0	7.95561	0	6.79637	0	7.9833	0	6.53827	0	6.71532	0	7.69859	0	7.85879	0	7.52531	0	8.03387	0	7.76316	0
7.43987	0	6.15181	0	6.72579	0	6.54219	0	7.90099	0	7.76926	0	7.29435	0	7.26021	0	8.07181	0	6.53912	0	6.19939	0	7.33707	0	6.77342	0	7.45906	0	7.67923	0	7.54278	0	6.79637	0	7.9833	0	6.53827	0	6.71532	0	7.69859	0	7.85879	0	7.52531	0	8.03387	0	7.76316	0
7.43987	0	6.15181	0	6.72579	0	6.54219	0	7.90099	0	7.76926	0	7.29435	0	7.26021	0	8.07181	0	6.53912	0	6.19939	0	7.33707	0	6.77342	0	7.45906	0	7.67923	0	7.54278	0	6.79637	0	7.9833	0	6.53827	0	6.71532	0	7.69859	0	7.85879	0	7.52531	0	8.03387	0	7.76316	0
7.43987	0	6.15181	0	6.72579	0	6.54219	0	7.90099	0	7.76926	0	7.29435	0	7.26021	0	8.07181	0	6.53912	0	6.19939	0	7.33707	0	6.77342	0	7.45906	0	7.67923	0	7.54278	0	6.79637	0	7.9833	0	6.53827	0	6.71532	0	7.69859	0	7.85879	0	7.52531	0	8.03387	0	7.76316	0
7.43987	0	6.15181	0	6.72579	0	6.54219	0	7.90099	0	7.76926	0	7.29435	0	7.26021	0	8.07181	0	6.53912	0	6.19939	0	7.33707	0	6.77342	0	7.45906	0	7.67923	0	7.54278	0	6.79637	0	7.9833	0	6.53827	0	6.71532	0	7.69859	0	7.85879	0	7.52531	0	8.03387	0	7.76316	0
7.43987	0	6.15181	0	6.72579	0	6.54219	0	7.90099	0	7.31171	0	7.29435	0	7.26021	0	8.07181	0	6.53912	0	6.19939	0	7.33707	0	6.77342	0	7.45906	0	7.67923	0	7.54278	0	6.79637	0	7.9833	0	6.53827	0	6.71532	0	7.69859	0	7.85879	0	7.52531	0	8.03387	0	7.76316	0
7.43987	0	6.15181	0	6.72579	0	6.54219	0	7.90099	0	7.31171	0	7.29435	0	7.26021	0	8.07181	0	6.53912	0	6.19939	0	7.33707	0	6.77342	0	7.45906	0	7.67923	0	7.54278	0	6.79637	0	7.9833	0	6.53827	0	6.71532	0	7.69859	0	7.85879	0	7.52531	0	8.03387	0	7.76316	0
7.43987	0	6.15181	0	6.72579	0	6.54219	0	7.90099	0	7.31171	0	7.29435	0	7.26021	0	8.07181	0	6.53912	0	6.19939	0	7.33707	0	6.77342	0	7.45906	0	7.67923	0	7.54278	0	6.79637	0	7.9833	0	6.53827	0	6.71532	0	7.69859	0	7.85879	0	7.52531	0	7.81426	0	7.76316	0
7.43987	0	6.15181	0	6.72579	0	6.54219	0	7.90099	0	7.31171	0	7.29435	0	7.26021	0	8.07181	0	6.53912	0	6.19939	0	7.33707	0	6.77342	0	7.45906	0	7.67923	0	7.54278	0	6.79637	0	7.9833	0	6.53827	0	6.71532	0	7.69859	0	7.85879	0	7.34703	0	7.81426	0	7.76316	0
7.43987	0	6.15181	0	6.72579	0	6.54219	0	7.90099	0	7.31171	0	7.29435	0	7.26021	0	8.07181	0	6.53912	0	6.19939	0	7.33707	0	6.77342	0	7.45906	0	7.67923	0	7.54278	0	6.79637	0	7.9833	0	6.53827	0	6.71532	0	7.69859	0	7.85879	0	7.34703	0	7.81426	0	7.76316	0
7.43987	0	6.15181	0	6.72579	0	6.54219	0	7.90099	0	7.31171	0	7.29435	0	7.26021	0	7.42533	0	6.53912	0	6.19939	0	7.33707	0	6.77342	0	7.45906	0	7.67923	0	7.54278	0	6.79637	0	7.9833	0	6.53827	0	6.71532	0	7.69859	0	7.85879	0	7.34703	0	7.56839	0	7.76316	0
7.43987	0	6.15181	0	6.72579	0	6.54219	0	7.90099	0	7.31171	0	7.29435	0	7.26021	0	7.42533	0	6.53912	0	6.19939	0	7.33707	0	6.77342	0	7.45906	0	7.67923	0	7.54278	0	6.79637	0	7.9833	0	6.53827	0	6.71532	0	7.69859	0	7.85879	0	7.34703	0	7.56839	0	7.76316	0
7.43987	0	6.15181	0	6.57715	0	6.29452	0	7.90099	0	7.31171	0	7.29435	0	7.26021	0	7.42533	0	6.53912	0	6.19939	0	7.33707	0	6.77342	0	7.45906	0	7.67923	0	7.54278	0	6.79637	0	7.9833	0	6.53827	0	6.71532	0	7.69859	0	7.85879	0	7.34703	0	7.56839	0	7.76316	0
7.43987	0	6.15181	0	6.57715	0	6.29452	0	7.90099	0	7.31171	0	7.29435	0	7.26021	0	7.42533	0	6.53912	0	6.19939	0	7.33707	0	6.77342	0	7.45906	0	7.67923	0	7.54278	0	6.79637	0	7.9833	0	6.53827	0	6.71532	0	7.69859	0	7.85879	0	7.34703	0	7.56839	0	7.76316	0
7.43987	0	6.15181	0	6.57715	0	6.29452	0	7.90099	0	7.31171	0	7.29435	0	7.26021	0	7.42533	0	6.53912	0	6.19939	0	7.33707	0	6.77342	0	7.45906	0	7.67923	0	7.54278	0	6.79637	0	7.9833	0	6.53827	0	6.71532	0	7.69859	0	7.85879	0	7.34703	0	7.56839	0	7.76316	0
7.43987	0	6.15181	0	6.57715	0	6.29452	0	7.90099	0	6.95683	0	7.29435	0	7.26021	0	7.42533	0	6.53912	0	6.19939	0	7.33707	0	6.77342	0	7.45906	0	6.97039	0	7.39514	0	6.79637	0	7.9833	0	6.53827	0	6.71532	0	7.69859	0	7.85879	0	7.34703	0	7.56839	0	7.76316	0
7.43987	0	6.15181	0	6.57715	0	6.29452	0	7.90099	0	6.95683	0	7.29435	0	7.26021	0	7.42533	0	6.53912	0	6.19939	0	7.33707	0	6.77342	0	7.45906	0	6.97039	0	7.39514	0	6.79637	0	7.9833	0	6.53827	0	6.71532	0	7.69859	0	7.85879	0	7.34703	0	7.56839	0	7.76316	0
7.08046	0	6.15181	0	6.57715	0	6.29452	0	7.90099	0	6.95683	0	7.29435	0	7.26021	0	7.42533	0	6.53912	0	6.19939	0	7.33707	0	6.77342	0	7.45906	0	6.97039	0	7.39514	0	6.79637	0	7.9833	0	6.53827	0	6.71532	0	7.69859	0	7.09052	0	7.34703	0	7.56839	0	7.7537	0
7.08046	0	6.15181	0	6.57715	0	6.29452	0	7.90099	0	6.95683	0	7.29435	0	7.26021	0	7.42533	0	6.53912	0	6.19939	0	7.33707	0	6.77342	0	7.45906	0	6.97039	0	7.39514	0	6.79637	0	7.9833	0	6.53827	0	6.6988	0	7.69859	0	7.09052	0	7.34703	0	7.56839	0	7.7537	0
7.08046	0	6.15181	0	6.57715	0	6.29452	0	7.90099	0	6.95683	0	7.29435	0	7.26021	0	7.42533	0	6.53912	0	6.19939	0	7.33707	0	6.77342	0	7.45906	0	6.97039	0	7.10818	0	6.76809	0	7.45268	0	6.53827	0	6.6988	0	7.69859	0	7.09052	0	7.34703	0	7.56839	0	7.7537	0
7.08046	0	6.15181	0	6.57715	0	6.29452	0	7.90099	0	6.95683	0	7.29435	0	7.26021	0	7.42533	0	6.53912	0	6.19939	0	7.33707	0	6.77342	0	7.45906	0	6.97039	0	7.10818	0	6.76809	0	7.45268	0	6.53827	0	6.69376	0	7.69859	0	7.09052	0	7.34703	0	7.56839	0	7.7537	0
7.08046	0	6.15181	0	6.57715	0	6.29452	0	7.90099	0	6.95683	0	7.29435	0	7.26021	0	7.42533	0	6.53912	0	6.19939	0	7.33707	0	6.77342	0	7.45906	0	6.97039	0	7.10818	0	6.76809	0	7.45268	0	6.53827	0	6.69376	0	7.69859	0	7.01884	0	7.34703	0	7.56839	0	7.7537	0
7.08046	0	6.15181	0	6.57715	0	6.29452	0	7.90099	0	6.95683	0	7.29435	0	7.26021	0	7.42533	0	6.53912	0	6.19939	0	7.33707	0	6.77342	0	7.45906	0	6.97039	0	7.10818	0	6.76809	0	7.45268	0	6.22686	0	6.69376	0	7.66821	0	7.01884	0	7.34703	0	7.56839	0	7.7537	0
7.08046	0	6.15181	0	6.57715	0	6.29452	0	7.90099	0	6.95683	0	7.29435	0	7.26021	0	7.42533	0	6.53912	0	6.19939	0	7.33707	0	6.77342	0	7.45906	0	6.97039	0	6.91022	0	6.76809	0	7.45268	0	6.22686	0	6.69376	0	7.66579	0	7.01884	0	7.34703	0	7.56839	0	7.7537	0
7.08046	0	6.15181	0	6.57715	0	6.29452	0	7.90099	0	6.95683	0	7.29435	0	7.26021	0	7.42533	0	6.53912	0	6.19939	0	7.33707	0	6.77342	0	7.45906	0	6.97039	0	6.91022	0	6.76809	0	7.22588	0	6.22686	0	6.69376	0	7.66579	0	7.01884	0	7.34703	0	7.56839	0	7.7537	0
7.08046	0	6.15181	0	6.57715	0	6.29452	0	7.90099	0	6.95683	0	7.29435	0	6.82399	0	7.42533	0	6.50476	0	6.19939	0	7.33707	0	6.77342	0	7.45906	0	6.97039	0	6.91022	0	6.76809	0	7.22588	0	6.22686	0	6.69376	0	7.66579	0	7.01884	0	7.34703	0	7.56839	0	6.82438	0
7.08046	0	6.15181	0	6.57715	0	6.29452	0	7.90099	0	6.95683	0	7.29435	0	6.74884	0	7.42533	0	6.50476	0	6.19939	0	7.33707	0	6.77342	0	7.45906	0	6.97039	0	6.91022	0	6.76809	0	7.22588	0	6.22686	0	6.69376	0	7.66579	0	7.01884	0	7.31995	0	7.56839	0	6.82438	0
7.08046	0	6.15181	0	6.57715	0	6.29452	0	7.90099	0	6.00167	0	7.29435	0	6.74884	0	7.42533	0	6.50476	0	6.19939	0	7.33707	0	6.77342	0	7.45906	0	6.97039	0	6.8193	0	6.76809	0	7.22588	0	6.22686	0	6.69376	0	7.66579	0	7.01884	0	7.31995	0	7.56839	0	6.82438	0
7.08046	0	6.15181	0	6.57715	0	6.29452	0	7.90099	0	6.00167	0	7.29435	0	6.74884	0	7.42533	0	6.50476	0	6.19939	0	7.33707	0	6.77342	0	7.45906	0	6.97039	0	6.8193	0	6.76809	0	7.22588	0	6.22686	0	6.69376	0	7.66579	0	7.01884	0	7.31995	0	7.56839	0	6.82438	0
7.08046	0	6.15181	0	6.57715	0	6.29452	0	7.90099	0	6.00167	0	7.29435	0	6.74884	0	7.42533	0	6.50476	0	6.19939	0	7.33707	0	6.77342	0	7.45906	0	6.97039	0	6.8193	0	6.76809	0	7.22588	0	6.22686	0	6.56097	0	7.66579	0	7.01884	0	7.31995	0	7.56839	0	6.82438	0
7.08046	0	6.15181	0	6.57715	0	6.29452	0	7.90099	0	6.00167	0	7.29435	0	6.74884	0	7.42533	0	6.50476	0	6.19939	0	7.33707	0	6.77342	0	7.45906	0	6.48224	0	6.8193	0	6.76809	0	7.22588	0	6.22686	0	6.56097	0	7.66579	0	7.01884	0	7.31995	0	7.56839	0	6.82438	0
7.08046	0	6.15181	0	6.57715	0	6.29452	0	7.90099	0	6.00167	0	7.29435	0	6.74884	0	7.42533	0	6.50476	0	6.19939	0	7.33707	0	6.77342	0	7.45906	0	6.48224	0	6.8193	0	6.76809	0	7.22588	0	6.22686	0	6.56097	0	7.66579	0	7.01884	0	7.31995	0	7.56839	0	6.82438	0
7.08046	0	6.15181	0	6.57715	0	6.29452	0	7.90099	0	6.00167	0	7.29435	0	6.74884	0	7.42533	0	6.50476	0	6.19939	0	7.33707	0	6.77342	0	7.45906	0	6.48224	0	6.8193	0	6.76809	0	7.22588	0	6.22686	0	6.3168	0	7.66579	0	7.01884	0	7.31995	0	7.56839	0	6.82438	0
7.08046	0	6.15181	0	6.57715	0	6.29452	0	7.90099	0	6.00167	0	7.29435	0	6.74884	0	7.42533	0	6.50476	0	6.19939	0	7.33707	0	6.77342	0	7.45906	0	6.48224	0	6.8193	0	6.76809	0	7.22588	0	6.22686	0	6.3168	0	7.66579	0	7.01884	0	7.31995	0	7.56839	0	6.82438	0
7.08046	0	6.15181	0	6.57715	0	6.29452	0	7.90099	0	6.00167	0	7.29435	0	6.74884	0	7.42533	0	6.50476	0	6.19939	0	7.33707	0	6.67307	0	7.45906	0	6.48224	0	6.8193	0	6.76809	0	7.22588	0	6.22686	0	6.3168	0	7.66579	0	7.01884	0	7.31995	0	7.56839	0	6.51349	0
7.08046	0	6.15181	0	6.57715	0	6.29452	0	7.90099	0	6.00167	0	7.29435	0	6.74884	0	7.42533	0	6.50476	0	6.19939	0	7.33707	0	6.67307	0	7.38305	0	6.48224	0	6.8193	0	6.76809	0	7.22588	0	6.22686	0	6.3168	0	7.66579	0	7.01884	0	7.31995	0	7.18449	0	6.51349	0
7.08046	0	6.15181	0	6.57715	0	6.29452	0	7.90099	0	6.00167	0	7.29435	0	6.74884	0	7.42533	0	6.50476	0	6.19939	0	7.33707	0	6.67307	0	7.38305	0	6.48224	0	6.8193	0	6.76809	0	7.22588	0	6.22686	0	6.3168	0	7.66579	0	7.01884	0	7.31995	0	7.18449	0	6.51349	0
7.08046	0	6.15181	0	6.57715	0	6.29452	0	7.90099	0	6.00167	0	7.29435	0	6.74884	0	7.42533	0	6.29609	0	6.19939	0	7.33707	0	6.67307	0	7.38305	0	6.48224	0	6.34464	0	6.76809	0	7.22588	0	6.22686	0	6.3168	0	7.66579	0	7.01884	0	7.17203	0	7.18449	0	6.51349	0
6.63747	0	6.15181	0	6.57715	0	6.29452	0	7.90099	0	6.00167	0	7.29435	0	6.74884	0	7.42533	0	6.29609	0	6.19939	0	7.33707	0	6.58307	0	7.38305	0	6.48224	0	6.34464	0	6.76809	0	7.22588	0	6.22686	0	6.3168	0	7.66579	0	7.01884	0	7.17203	0	7.18449	0	6.51349	0
6.63747	0	6.01783	0	6.57715	0	6.29452	0	7.90099	0	6.00167	0	7.29435	0	6.74884	0	7.42533	0	6.29609	0	6.19939	0	7.33707	0	6.58307	0	7.38305	0	6.48224	0	6.34464	0	6.76809	0	7.22588	0	6.22686	0	6.3168	0	7.66579	0	7.01884	0	7.17203	0	7.18449	0	6.51349	0
6.63747	0	6.01783	0	6.57715	0	6.29452	0	7.90099	0	6.00167	0	7.29435	0	6.74884	0	7.42533	0	6.29609	0	6.19939	0	5.21381	0	6.18492	0	7.38305	0	6.48224	0	6.34464	0	6.76809	0	7.22588	0	6.22686	0	6.3168	0	7.66579	0	7.01884	0	7.17203	0	7.18449	0	6.51349	0
6.63747	0	6.01783	0	6.57715	0	6.29452	0	7.90099	0	6.00167	0	7.29435	0	6.74884	0	7.14424	0	6.29609	0	6.19939	0	5.21381	0	6.18492	0	7.38305	0	6.48224	0	6.34464	0	6.76809	0	7.22588	0	6.22686	0	6.3168	0	7.66579	0	7.01884	0	7.17203	0	7.18449	0	6.51349	0
6.63747	0	6.01783	0	6.57715	0	6.29452	0	7.90099	0	6.00167	0	7.29435	0	6.74884	0	7.14424	0	6.29609	0	6.19939	0	5.21381	0	6.18492	0	7.38305	0	6.48224	0	6.34464	0	6.76809	0	7.22588	0	6.22686	0	6.3168	0	7.66579	0	7.01884	0	7.17203	0	7.18449	0	6.51349	0
6.63747	0	6.01783	0	6.57715	0	6.29452	0	7.90099	0	6.00167	0	7.29435	0	6.74884	0	7.14424	0	6.29609	0	6.19939	0	5.21381	0	6.18492	0	7.38305	0	6.48224	0	6.34464	0	6.76809	0	7.22588	0	6.22686	0	6.3168	0	7.66579	0	7.01884	0	7.17203	0	7.18449	0	6.51349	0
6.63747	0	6.01783	0	6.57715	0	6.29452	0	7.90099	0	6.00167	0	7.29435	0	6.55959	0	7.14424	0	6.29609	0	6.19939	0	5.21381	0	6.18492	0	7.38305	0	6.48224	0	6.34464	0	6.76809	0	7.22588	0	6.22686	0	6.3168	0	7.66579	0	7.01884	0	7.17203	0	7.18449	0	6.51349	0
6.63747	0	6.01783	0	6.57715	0	6.29452	0	7.90099	0	6.00167	0	7.29435	0	6.55959	0	7.14424	0	6.29609	0	6.19939	0	5.21381	0	6.18492	0	7.38305	0	6.48224	0	6.34464	0	6.76809	0	7.22588	0	6.22686	0	6.3168	0	7.66579	0	7.01884	0	7.17203	0	7.18449	0	6.51349	0
6.63747	0	6.01111	0	6.57715	0	6.29452	0	7.90099	0	6.00167	0	7.29435	0	6.55959	0	7.14424	0	6.29609	0	6.19939	0	5.21381	0	6.18492	0	7.23534	0	6.48224	0	6.34464	0	6.76809	0	7.22588	0	6.22686	0	6.3168	0	7.64464	0	7.01884	0	7.17203	0	7.18449	0	6.51349	0
6.63747	0	6.01111	0	6.57715	0	6.29452	0	7.90099	0	6.00167	0	7.29435	0	6.55959	0	7.14424	0	6.29609	0	6.19939	0	5.21381	0	6.18492	0	7.23534	0	6.48224	0	6.34464	0	6.76809	0	7.22588	0	6.22686	0	6.3168	0	7.64464	0	7.01884	0	7.17203	0	7.18449	0	6.51349	0
6.63747	0	6.01111	0	6.57715	0	6.29452	0	7.90099	0	6.00167	0	7.29435	0	6.55959	0	7.14424	0	6.29609	0	6.19939	0	5.21381	0	6.18492	0	6.97029	0	6.48224	0	6.34464	0	6.0623	0	7.22588	0	6.22686	0	6.3168	0	7.64464	0	7.01884	0	7.17203	0	7.18449	0	6.51349	0
6.63747	0	6.01111	0	6.57715	0	5.68919	0	7.90099	0	6.00167	0	7.29435	0	6.55959	0	7.14424	0	6.29609	0	6.19939	0	5.21381	0	6.18492	0	6.97029	0	6.48224	0	6.34464	0	6.0623	0	7.22588	0	5.99761	0	6.3168	0	7.64464	0	7.01884	0	7.17203	0	7.18449	0	6.51349	0
6.63747	0	6.01111	0	6.57715	0	5.68919	0	7.90099	0	6.00167	0	7.29435	0	6.52426	0	6.82774	0	6.29609	0	6.19939	0	5.21381	0	6.18492	0	6.97029	0	6.48224	0	6.34464	0	6.0623	0	7.22588	0	5.99761	0	6.3168	0	7.64464	0	7.01884	0	7.17203	0	7.18449	0	6.51349	0
6.63747	0	6.01111	0	6.57715	0	5.68919	0	7.90099	0	6.00167	0	7.29435	0	6.52426	0	6.82774	0	6.29609	0	6.19939	0	5.21381	0	6.18492	0	6.97029	0	6.48224	0	6.34464	0	6.0623	0	7.22588	0	5.99761	0	6.3168	0	7.64464	0	7.01884	0	7.17203	0	7.18449	0	6.51349	0
6.63747	0	6.01111	0	6.57715	0	5.68919	0	7.90099	0	6.00167	0	7.29435	0	6.52426	0	6.82774	0	6.29609	0	6.19939	0	5.21381	0	6.18492	0	6.97029	0	6.48224	0	6.34464	0	6.0623	0	7.22588	0	5.99761	0	6.3168	0	7.41332	0	7.01884	0	7.17203	0	7.18449	0	6.51349	0
6.63747	0	6.01111	0	6.57715	0	5.68919	0	7.90099	0	6.00167	0	7.29435	0	6.52426	0	6.82774	0	6.29609	0	6.19939	0	5.21381	0	6.18492	0	6.97029	0	6.48224	0	6.34464	0	6.0623	0	7.22588	0	5.99761	0	6.3168	0	7.41332	0	7.01884	0	7.17203	0	7.18449	0	6.51349	0
6.63747	0	6.01111	0	6.57715	0	5.68919	0	7.90099	0	6.00167	0	7.29435	0	6.52426	0	6.82774	0	6.29609	0	6.19939	0	5.21381	0	6.18492	0	6.95116	0	6.48224	0	6.34464	0	6.0623	0	7.22588	0	5.99761	0	6.3168	0	7.41332	0	7.01884	0	7.17203	0	7.18449	0	6.51349	0
6.63747	0	6.01111	0	6.57715	0	5.68919	0	7.90099	0	6.00167	0	7.29435	0	6.52426	0	6.82774	0	6.29609	0	6.19939	0	5.21381	0	6.18492	0	6.95116	0	6.48224	0	6.34464	0	6.0623	0	7.22588	0	5.99761	0	6.3168	0	7.41332	0	7.01884	0	7.17203	0	7.18449	0	6.51349	0
6.63747	0	6.01111	0	6.57715	0	5.68919	0	7.90099	0	6.00167	0	7.29435	0	6.52426	0	6.82774	0	6.29609	0	6.19939	0	5.21381	0	6.18492	0	6.95116	0	5.3692	0	6.34464	0	6.0623	0	7.22588	0	5.99761	0	6.3168	0	7.41332	0	7.01884	0	7.17203	0	7.18449	0	6.51349	0
6.63747	0	6.01111	0	6.57715	0	5.68919	0	7.90099	0	6.00167	0	7.29435	0	6.52426	0	6.82774	0	6.29609	0	6.19939	0	5.21381	0	6.18492	0	6.95116	0	5.3692	0	6.34464	0	6.0623	0	7.22588	0	5.99761	0	6.3168	0	7.41332	0	7.01884	0	7.17203	0	7.18449	0	6.51349	0
6.63747	0	6.01111	0	6.57715	0	5.68919	0	7.90099	0	6.00167	0	7.29435	0	6.52426	0	6.82774	0	6.29609	0	6.19939	0	5.21381	0	6.18492	0	6.95116	0	5.3692	0	6.34464	0	6.0623	0	7.22588	0	5.99761	0	6.3168	0	7.41332	0	7.01884	0	7.17203	0	7.18449	0	6.51349	0
6.63747	0	6.01111	0	6.57715	0	5.68919	0	7.90099	0	6.00167	0	7.29435	0	6.52426	0	6.82774	0	6.29609	0	6.19939	0	5.21381	0	6.18492	0	6.95116	0	5.3692	0	6.34464	0	6.0623	0	7.22588	0	5.99761	0	6.3168	0	7.41332	0	7.01884	0	7.17203	0	7.18449	0	6.51349	0
6.63747	0	6.01111	0	6.57715	0	5.68919	0	7.90099	0	6.00167	0	7.29435	0	6.52426	0	6.82774	0	6.29609	0	6.19939	0	5.21381	0	6.18492	0	6.95116	0	5.3692	0	6.34464	0	6.0623	0	7.22588	0	5.99761	0	6.3168	0	7.41332	0	7.01884	0	7.17203	0	7.18449	0	6.51349	0
6.63747	0	6.01111	0	6.57715	0	5.68919	0	6.96692	0	6.00167	0	7.29435	0	6.52426	0	6.82774	0	6.29609	0	6.19939	0	5.21381	0	6.18492	0	6.95116	0	5.3692	0	6.34464	0	6.0623	0	7.22588	0	5.99761	0	6.3168	0	7.41332	0	7.01884	0	7.17203	0	7.18449	0	6.51349	0
6.63747	0	6.01111	0	6.57715	0	5.68919	0	6.96692	0	6.00167	0	7.29435	0	6.52426	0	6.82774	0	6.29609	0	6.19939	0	5.21381	0	6.18492	0	6.95116	0	5.3692	0	6.34464	0	6.0623	0	7.22588	0	5.99761	0	6.3168	0	7.41332	0	7.01884	0	7.17203	0	7.18449	0	6.51349	0
6.63747	0	6.01111	0	6.57715	0	5.68919	0	6.96692	0	6.00167	0	7.29435	0	6.52426	0	6.82774	0	6.29609	0	6.19939	0	5.21381	0	6.18492	0	6.95116	0	5.3692	0	6.34464	0	6.0623	0	7.22588	0	5.99761	0	6.3168	0	7.41332	0	7.01884	0	7.17203	0	7.18449	0	6.51349	0
6.63747	0	6.01111	0	6.57715	0	5.68919	0	6.96692	0	6.00167	0	7.29435	0	6.52426	0	6.82774	0	6.29609	0	6.19939	0	5.21381	0	6.18492	0	6.95116	0	5.3692	0	6.34464	0	6.0623	0	7.22588	0	5.99761	0	6.3168	0	7.41332	0	6.92372	0	7.17203	0	7.18449	0	6.51349	0
6.63747	0	6.01111	0	6.57715	0	5.68919	0	6.96692	0	6.00167	0	7.29435	0	6.52426	0	6.82774	0	6.29609	0	6.19939	0	5.21381	0	6.18492	0	6.95116	0	5.3692	0	6.34464	0	6.0623	0	7.22588	0	5.99761	0	6.3168	0	7.41332	0	6.92372	0	7.17203	0	7.18449	0	6.51349	0
6.63747	0	6.01111	0	6.57715	0	5.68919	0	6.96692	0	6.00167	0	7.29435	0	6.52426	0	6.82774	0	5.89089	0	6.19939	0	5.21381	0	6.18492	0	6.95116	0	5.3692	0	6.16723	0	6.0623	0	7.22588	0	5.99761	0	6.3168	0	7.41332	0	6.92372	0	7.17203	0	7.18449	0	6.51349	0
6.63747	0	6.01111	0	6.57715	0	5.68919	0	6.96692	0	6.00167	0	7.29435	0	6.52426	0	6.82774	0	5.89089	0	6.19939	0	5.21381	0	6.18492	0	6.95116	0	5.3692	0	6.16723	0	6.0623	0	7.22588	0	5.99761	0	6.3168	0	7.41332	0	6.92372	0	7.17203	0	6.63851	0	6.51349	0
6.63747	0	6.01111	0	6.57715	0	5.68919	0	6.96692	0	6.00167	0	7.29435	0	6.52426	0	6.82774	0	5.89089	0	6.19939	0	5.21381	0	6.18492	0	6.95116	0	5.3692	0	6.16723	0	6.0623	0	7.22588	0	5.99761	0	6.3168	0	7.41332	0	6.92372	0	7.17203	0	6.63851	0	6.51349	0
6.63747	0	6.01111	0	6.57715	0	5.68919	0	6.96692	0	6.00167	0	7.29435	0	6.52426	0	6.82774	0	5.89089	0	6.19939	0	5.21381	0	6.18492	0	6.95116	0	5.3692	0	6.16723	0	6.0623	0	7.22588	0	5.99761	0	6.3168	0	7.41332	0	6.92372	0	7.17203	0	6.63851	0	6.51349	0
6.63747	0	6.01111	0	6.57715	0	5.68919	0	6.96692	0	6.00167	0	7.29435	0	6.52426	0	6.82774	0	5.89089	0	6.19939	0	5.21381	0	6.18492	0	6.95116	0	5.3692	0	6.16723	0	6.0623	0	7.22588	0	5.99761	0	6.3168	0	7.41332	0	6.92372	0	7.17203	0	6.63851	0	6.51349	0
6.63747	0	6.01111	0	6.57715	0	5.68919	0	6.96692	0	6.00167	0	7.29435	0	6.52426	0	6.82774	0	5.89089	0	6.19939	0	5.21381	0	6.18492	0	6.95116	0	5.3692	0	6.16723	0	6.0623	0	7.22588	0	5.58444	0	6.3168	0	7.41332	0	6.92372	0	7.17203	0	6.63851	0	6.51349	0
6.63747	0	6.01111	0	6.57715	0	5.68919	0	6.96692	0	6.00167	0	7.29435	0	6.52426	0	6.82774	0	5.82314	0	6.19939	0	5.21381	0	6.18492	0	6.95116	0	5.3692	0	6.16723	0	6.0623	0	7.22588	0	5.58444	0	6.3168	0	7.41332	0	6.92372	0	7.17203	0	6.63851	0	6.51349	0
6.63747	0	6.01111	0	6.57715	0	5.68919	0	6.96692	0	6.00167	0	7.29435	0	6.52426	0	6.82774	0	5.82314	0	6.19939	0	5.21381	0	6.18492	0	6.95116	0	5.3692	0	6.16723	0	6.0623	0	7.22588	0	5.58444	0	6.3168	0	7.41332	0	6.92372	0	7.17203	0	6.63851	0	6.51349	0
6.63747	0	6.01111	0	6.57715	0	5.68919	0	6.96692	0	6.00167	0	7.29435	0	6.52426	0	6.82774	0	5.82314	0	6.19939	0	5.21381	0	6.18492	0	6.95116	0	5.3692	0	6.16723	0	6.0623	0	7.22588	0	5.58444	0	6.3168	0	7.41332	0	6.92372	0	7.17203	0	6.63851	0	6.51349	0
6.63747	0	6.01111	0	6.57715	0	5.68919	0	6.96692	0	6.00167	0	7.29435	0	6.52426	0	6.82774	0	5.82314	0	6.19939	0	5.21381	0	6.18492	0	6.95116	0	5.3692	0	6.16723	0	6.0623	0	7.22588	0	5.58444	0	6.3168	0	7.41332	0	6.92372	0	7.17203	0	6.63851	0	6.51349	0
6.63747	0	6.01111	0	6.57715	0	5.68919	0	6.96692	0	6.00167	0	7.29435	0	6.52426	0	6.82774	0	5.82314	0	6.19939	0	5.21381	0	6.18492	0	6.95116	0	5.3692	0	6.16723	0	6.0623	0	7.22588	0	5.58444	0	6.3168	0	7.41332	0	6.92372	0	7.17203	0	6.63851	0	6.51349	0
6.63747	0	6.01111	0	6.57715	0	5.68919	0	6.96692	0	6.00167	0	7.29435	0	6.52426	0	6.82774	0	5.82314	0	6.19939	0	5.21381	0	6.18492	0	6.95116	0	5.3692	0	6.16723	0	6.0623	0	7.22588	0	5.58444	0	6.3168	0	7.41332	0	6.92372	0	7.17203	0	6.63851	0	6.51349	0
6.63747	0	6.01111	0	6.57715	0	5.68919	0	6.96692	0	6.00167	0	7.29435	0	6.52426	0	6.82774	0	5.82314	0	6.19939	0	5.21381	0	6.18492	0	6.95116	0	5.3692	0	6.16723	0	6.0623	0	7.22588	0	5.58444	0	6.3168	0	7.41332	0	6.92372	0	7.17203	0	6.57475	0	6.51349	0
6.63747	0	6.01111	0	6.57715	0	5.68919	0	6.96692	0	6.00167	0	7.29435	0	6.52426	0	6.82774	0	5.82314	0	6.19939	0	5.21381	0	6.18492	0	6.95116	0	5.3692	0	6.16723	0	6.0623	0	7.22588	0	5.58444	0	6.3168	0	7.41332	0	6.92372	0	7.17203	0	6.57475	0	6.51349	0
6.63747	0	6.01111	0	6.57715	0	5.68919	0	6.96692	0	6.00167	0	7.29435	0	6.52426	0	6.82774	0	5.82314	0	6.19939	0	5.21381	0	6.18492	0	6.95116	0	5.3692	0	6.16723	0	6.0623	0	7.22588	0	5.58444	0	6.3168	0	7.41332	0	6.92372	0	7.17203	0	6.57475	0	6.51349	0
6.63747	0	6.01111	0	6.57715	0	5.68919	0	6.96692	0	6.00167	0	7.29435	0	6.52426	0	6.82774	0	5.82314	0	6.19939	0	5.21381	0	6.18492	0	6.95116	0	5.3692	0	6.16723	0	6.0623	0	7.22588	0	5.58444	0	6.3168	0	7.41332	0	6.92372	0	7.17203	0	6.57475	0	6.51349	0
6.63747	0	6.01111	0	6.57715	0	5.68919	0	6.96692	0	6.00167	0	7.29435	0	6.52426	0	6.82774	0	5.82314	0	6.19939	0	5.21381	0	6.18492	0	6.95116	0	5.3692	0	6.16723	0	6.0623	0	7.22588	0	5.58444	0	6.3168	0	7.41332	0	6.6549	0	7.17203	0	6.57475	0	6.51349	0
6.63747	0	6.01111	0	6.57715	0	5.68919	0	6.96692	0	6.00167	0	7.29435	0	6.52426	0	6.82774	0	5.82314	0	6.19939	0	5.21381	0	6.18492	0	6.95116	0	5.3692	0	6.16723	0	6.0623	0	7.22588	0	5.58444	0	6.3168	0	7.41332	0	6.6549	0	7.17203	0	6.57475	0	6.51349	0
6.63747	0	6.01111	0	6.57715	0	5.68919	0	6.96692	0	6.00167	0	7.29435	0	6.52426	0	6.82774	0	5.82314	0	6.19939	0	5.21381	0	6.18492	0	6.95116	0	5.3692	0	6.16723	0	6.0623	0	7.22588	0	5.58444	0	6.3168	0	7.41332	0	6.6549	0	7.17203	0	6.57475	0	6.51349	0
6.63747	0	5.98248	0	6.57715	0	5.68919	0	6.96692	0	6.00167	0	7.29435	0	6.52426	0	6.82774	0	5.82314	0	6.19939	0	5.21381	0	6.18492	0	6.95116	0	5.3692	0	6.16723	0	6.0623	0	7.22588	0	5.58444	0	6.3168	0	7.41332	0	6.6549	0	7.17203	0	6.57475	0	6.51349	0
6.43471	0	5.98248	0	6.57715	0	5.68919	0	6.96692	0	6.00167	0	7.29435	0	6.52426	0	6.82774	0	5.82314	0	6.19939	0	5.21381	0	6.18492	0	6.95116	0	5.3692	0	6.16723	0	6.0623	0	7.22588	0	5.58444	0	6.3168	0	7.41332	0	6.6549	0	7.17203	0	6.57475	0	6.51349	0
6.43471	0	5.98248	0	6.57715	0	5.68919	0	6.96692	0	6.00167	0	7.29435	0	6.52426	0	6.4076	0	5.82314	0	6.19939	0	5.21381	0	6.18492	0	6.95116	0	5.3692	0	6.16723	0	6.0623	0	7.22588	0	5.58444	0	6.3168	0	7.41332	0	6.6549	0	7.17203	0	6.57475	0	6.51349	0
6.43471	0	5.98248	0	6.57715	0	5.68919	0	6.96692	0	6.00167	0	7.29435	0	6.52426	0	6.4076	0	5.82314	0	6.19939	0	5.21381	0	6.18492	0	6.95116	0	5.3692	0	6.16723	0	6.0623	0	7.22588	0	5.58444	0	6.3168	0	7.41332	0	6.6549	0	7.17203	0	6.57475	0	6.51349	0
6.26475	0	5.98248	0	6.57715	0	5.68919	0	6.96692	0	6.00167	0	7.29435	0	6.04531	0	6.4076	0	5.82314	0	6.19939	0	5.21381	0	6.18492	0	6.95116	0	5.3692	0	6.16723	0	6.0623	0	7.22588	0	5.58444	0	6.3168	0	7.41332	0	6.6549	0	7.17203	0	6.57475	0	6.51349	0
6.26475	0	5.98248	0	6.57715	0	5.68919	0	6.96692	0	6.00167	0	7.29435	0	6.04531	0	6.4076	0	5.82314	0	6.19939	0	5.21381	0	6.18492	0	6.95116	0	5.3692	0	6.16723	0	6.0623	0	7.22588	0	5.58444	0	6.3168	0	7.41332	0	6.6549	0	6.228	0	6.57475	0	6.51349	0
6.26475	0	5.98248	0	6.57715	0	5.68919	0	6.96692	0	6.00167	0	7.29435	0	6.04531	0	6.4076	0	5.82314	0	6.19939	0	5.21381	0	6.18492	0	6.59723	0	5.3692	0	6.16723	0	6.0623	0	7.22588	0	5.58444	0	6.3168	0	7.41332	0	6.6549	0	6.228	0	6.57475	0	6.51349	0
6.26475	0	5.98248	0	6.57715	0	5.68919	0	6.96692	0	6.00167	0	7.29435	0	5.791	0	6.4076	0	5.82314	0	6.19939	0	5.21381	0	6.18492	0	6.59723	0	5.3692	0	6.16723	0	6.0623	0	7.22588	0	5.58444	0	6.3168	0	7.41332	0	6.6549	0	6.228	0	6.57475	0	6.51349	0
6.26475	0	5.98248	0	6.57715	0	5.68919	0	6.96692	0	6.00167	0	7.29435	0	5.791	0	6.4076	0	5.82314	0	6.19939	0	5.21381	0	6.18492	0	6.59723	0	5.3692	0	6.16723	0	6.0623	0	7.22588	0	5.58444	0	6.3168	0	7.41332	0	6.6549	0	6.228	0	6.57475	0	6.51349	0
6.26475	0	5.98248	0	6.57715	0	5.68919	0	6.96692	0	6.00167	0	7.29435	0	5.791	0	6.4076	0	5.45236	0	6.19939	0	5.21381	0	6.18492	0	6.59723	0	5.3692	0	6.16723	0	6.0623	0	7.22588	0	5.58444	0	6.3168	0	7.41332	0	6.6549	0	6.228	0	6.57475	0	6.51349	0
6.26475	0	5.98248	0	6.57715	0	5.68919	0	6.96692	0	6.00167	0	7.29435	0	5.791	0	6.4076	0	5.45236	0	6.19939	0	5.21381	0	6.18492	0	6.59723	0	5.3692	0	6.16723	0	6.0623	0	7.22588	0	5.58444	0	6.3168	0	7.41332	0	6.6549	0	6.228	0	6.57475	0	6.51349	0
6.26475	0	5.98248	0	6.57715	0	5.68919	0	6.96692	0	6.00167	0	7.29435	0	5.791	0	6.4076	0	5.45236	0	6.19939	0	5.21381	0	6.18492	0	6.59723	0	5.3692	0	6.16723	0	6.0623	0	7.22588	0	5.58444	0	5.588	0	7.41332	0	6.6549	0	6.228	0	6.57475	0	6.51349	0
6.26475	0	5.98248	0	6.57715	0	5.68919	0	6.96692	0	6.00167	0	7.29435	0	5.791	0	6.12439	0	5.45236	0	6.19939	0	5.21381	0	6.18492	0	6.59723	0	5.3692	0	6.16723	0	6.0623	0	7.22588	0	5.58444	0	5.588	0	7.41332	0	6.6549	0	6.228	0	6.57475	0	6.51349	0
6.26475	0	5.98248	0	6.57715	0	5.68919	0	6.96692	0	6.00167	0	7.29435	0	5.791	0	5.44831	0	5.45236	0	6.19939	0	5.21381	0	6.18492	0	6.59723	0	5.3692	0	6.16723	0	6.0623	0	7.22588	0	5.58444	0	5.588	0	7.41332	0	6.6549	0	6.228	0	6.57475	0	6.51349	0
6.26475	0	5.98248	0	6.57715	0	5.68919	0	6.96692	0	6.00167	0	7.29435	0	5.791	0	4.77348	0	5.45236	0	6.19939	0	5.21381	0	6.18492	0	6.59723	0	5.3692	0	6.16723	0	6.0623	0	7.22588	0	5.58444	0	5.588	0	7.41332	0	6.6549	0	6.228	0	6.57475	0	6.51349	0
6.26475	0	5.98248	0	6.57715	0	5.68919	0	6.96692	0	6.00167	0	7.29435	0	5.47005	0	4.06492	0	5.45236	0	6.19939	0	5.21381	0	6.18492	0	6.59723	0	5.3692	0	6.16723	0	6.0623	0	7.22588	0	5.58444	0	5.588	0	7.41332	0	6.6549	0	6.228	0	6.57475	0	6.51349	0
6.26475	0	5.98248	0	6.57715	0	5.68919	0	6.96692	0	6.00167	0	7.29435	0	5.47005	0	3.47616	0	5.45236	0	6.19939	0	5.21381	0	6.18492	0	6.59723	0	5.3692	0	6.16723	0	6.0623	0	7.22588	0	5.58444	0	5.588	0	7.41332	0	6.6549	0	6.228	0	6.57475	0	6.51349	0
6.26475	0	5.98248	0	6.57715	0	5.68919	0	6.96692	0	6.00167	0	7.29435	0	5.47005	0	3.13437	0	5.45236	0	6.19939	0	5.21381	0	6.18492	0	6.59723	0	5.3692	0	6.16723	0	6.0623	0	7.22588	0	5.58444	0	5.588	0	7.41332	0	6.6549	0	6.228	0	6.57475	0	6.51349	0
6.26475	0	5.98248	0	6.57715	0	5.68919	0	6.7327	0	6.00167	0	7.29435	0	5.47005	0	3.13437	0	5.45236	0	6.19939	0	5.21381	0	6.18492	0	6.59723	0	5.3692	0	6.16723	0	6.0623	0	7.22588	0	5.58444	0	5.588	0	7.41332	0	6.6549	0	6.228	0	6.57475	0	6.51349	0
6.26475	0	5.98248	0	6.57715	0	5.68919	0	6.7327	0	6.00167	0	7.29435	0	5.47005	0	2.78038	0	5.45236	0	6.19939	0	5.21381	0	6.18492	0	6.59723	0	5.3692	0	6.16723	0	6.0623	0	7.22588	0	5.58444	0	5.588	0	7.41332	0	6.6549	0	6.228	0	6.57475	0	6.51349	0
6.26475	0	5.98248	0	6.57715	0	5.68919	0	6.7327	0	6.00167	0	7.29435	0	5.47005	0	2.65467	0	5.45236	0	6.19939	0	5.21381	0	6.18492	0	6.59723	0	5.3692	0	6.16723	0	6.0623	0	7.22588	0	5.58444	0	5.588	0	7.41332	0	6.6549	0	6.228	0	6.57475	0	6.51349	0
6.26475	0	5.98248	0	6.57715	0	5.68919	0	6.7327	0	6.00167	0	7.29435	0	5.47005	0	2.61554	0	5.45236	0	6.19939	0	5.21381	0	6.18492	0	6.59723	0	5.3692	0	6.16723	0	5.63627	0	7.22588	0	5.58444	0	5.588	0	7.41332	0	6.6549	0	6.228	0	6.57475	0	6.51349	0
6.26475	0	5.98248	0	6.57715	0	5.68919	0	6.41952	0	6.00167	0	7.29435	0	5.47005	0	2.48052	0	5.45236	0	6.19939	0	5.21381	0	6.18492	0	6.59723	0	5.3692	0	6.16723	0	5.63627	0	7.22588	0	5.58444	0	5.588	0	7.41332	0	6.6549	0	6.228	0	6.57475	0	6.51349	0
6.26475	0	5.89208	0	6.57715	0	5.68919	0	6.09715	0	6.00167	0	7.29435	0	5.47005	0	2.4759	0	5.45236	0	6.19939	0	5.21381	0	6.18492	0	6.59723	0	5.3692	0	6.16723	0	5.63627	0	7.22588	0	5.58444	0	5.588	0	7.41332	0	6.6549	0	6.228	0	6.57475	0	6.51349	0
6.25925	0	5.89208	0	6.57715	0	5.68919	0	5.63734	0	6.00167	0	7.29435	0	5.47005	0	2.288	0	5.45236	0	6.19939	0	5.21381	0	6.18492	0	6.59723	0	5.3692	0	6.16723	0	5.63627	0	7.22588	0	5.58444	0	5.588	0	7.41332	0	6.6549	0	6.228	0	6.57475	0	6.51349	0
6.25925	0	5.89208	0	6.57715	0	5.68919	0	5.31917	0	6.00167	0	7.29435	0	5.47005	0	2.288	0	5.45236	0	6.19939	0	5.21381	0	6.18492	0	6.59723	0	5.3692	0	6.16723	0	5.63627	0	7.22588	0	5.58444	0	5.588	0	7.41332	0	6.6549	0	6.228	0	6.57475	0	6.51349	0
6.00678	0	5.89208	0	6.57715	0	5.68919	0	4.95743	0	6.00167	0	7.29435	0	5.47005	0	2.24677	0	5.45236	0	6.19939	0	5.21381	0	6.18492	0	6.59723	0	5.3692	0	6.16723	0	5.63627	0	7.22588	0	5.58444	0	5.588	0	7.41332	0	6.6549	0	6.228	0	6.57475	0	6.51349	0
6.00678	0	5.89208	0	6.57715	0	5.68919	0	4.83977	0	6.00167	0	7.29435	0	5.47005	0	2.19496	0	5.45236	0	6.19939	0	5.21381	0	6.18492	0	6.59723	0	5.3692	0	6.16723	0	5.63627	0	7.22588	0	5.58444	0	5.588	0	7.41332	0	6.6549	0	6.228	0	6.57475	0	6.51349	0
6.00678	0	5.89208	0	6.57715	0	5.68919	0	4.69803	0	6.00167	0	7.29435	0	5.47005	0	2.19371	0	5.45236	0	6.19939	0	5.21381	0	6.18492	0	6.59723	0	5.3692	0	6.16723	0	5.63627	0	7.22588	0	5.58444	0	5.588	0	7.07845	0	6.6549	0	6.228	0	6.57475	0	6.51349	0
6.00678	0	5.89208	0	6.57715	0	5.68919	0	4.50469	0	6.00167	0	7.29435	0	5.47005	0	2.10002	0	5.45236	0	6.19939	0	5.21381	0	6.18492	0	6.59723	0	5.3692	0	6.16723	0	5.63627	0	7.22588	0	5.58444	0	5.588	0	7.07845	0	6.6549	0	6.228	0	6.57475	0	6.51349	0
6.00678	0	5.89208	0	6.57715	0	5.68919	0	4.37147	0	6.00167	0	7.29435	0	5.47005	0	2.10002	0	5.45236	0	6.19939	0	5.21381	0	6.18492	0	6.59723	0	5.3692	0	6.16723	0	5.63627	0	7.22588	0	5.58444	0	5.588	0	7.07845	0	6.6549	0	6.228	0	6.57475	0	6.51349	0
6.00678	0	5.89208	0	6.57715	0	5.68919	0	4.11852	0	6.00167	0	7.29435	0	5.47005	0	2.06805	0	5.45236	0	6.19939	0	5.21381	0	6.18492	0	6.59723	0	5.3692	0	6.16723	0	5.63627	0	7.22588	0	5.58444	0	5.588	0	7.07845	0	6.6549	0	6.228	0	6.57475	0	6.51349	0
6.00678	0	5.89208	0	6.57715	0	5.68919	0	3.943	0	6.00167	0	7.29435	0	5.47005	0	1.9903	0	5.45236	0	6.19939	0	5.21381	0	6.18492	0	6.59723	0	5.3692	0	6.16723	0	5.63627	0	7.22588	0	5.58444	0	5.588	0	7.07845	0	6.6549	0	6.228	0	6.57475	0	6.51349	0
6.00678	0	5.89208	0	6.57715	0	5.68919	0	3.94047	0	6.00167	0	7.29435	0	5.47005	0	1.9903	0	5.45236	0	6.19939	0	5.21381	0	6.18492	0	6.59723	0	5.3692	0	6.16723	0	5.63627	0	7.22588	0	5.58444	0	5.588	0	7.07845	0	6.6549	0	6.228	0	6.57475	0	6.51349	0
6.00678	0	5.87651	0	6.57715	0	5.68919	0	3.7119	0	6.00167	0	7.29435	0	5.47005	0	1.95879	0	5.45236	0	6.19939	0	5.21381	0	6.18492	0	6.59723	0	5.3692	0	6.16723	0	5.63627	0	7.22588	0	5.58444	0	5.588	0	6.19941	0	6.6549	0	6.228	0	6.57475	0	6.51349	0
6.00678	0	5.87651	0	6.57715	0	5.68919	0	3.52076	0	6.00167	0	7.29435	0	5.47005	0	1.95879	0	5.45236	0	6.19939	0	5.21381	0	6.18492	0	6.59723	0	5.3692	0	6.16723	0	5.63627	0	7.22588	0	5.58444	0	5.588	0	6.19941	0	5.94715	0	6.228	0	6.57475	0	6.51349	0
6.00678	0	5.87651	0	6.57715	0	5.68919	0	3.52076	0	6.00167	0	7.29435	0	5.47005	0	1.94927	0	5.45236	0	6.19939	0	5.21381	0	6.18492	0	6.59723	0	5.3692	0	6.16723	0	5.63627	0	7.22588	0	5.58444	0	5.588	0	6.19941	0	5.94715	0	6.228	0	6.57475	0	6.15816	0
6.00678	0	5.87651	0	6.57715	0	5.68919	0	3.52076	0	6.00167	0	7.29435	0	5.47005	0	1.91383	0	5.45236	0	6.19939	0	5.21381	0	6.18492	0	6.59723	0	5.3692	0	6.16723	0	5.63627	0	7.22588	0	5.58444	0	5.588	0	6.19941	0	5.94715	0	6.228	0	6.57475	0	6.15816	0
6.00678	0	5.87651	0	6.57715	0	5.68919	0	3.52076	0	6.00167	0	7.29435	0	5.47005	0	1.91383	0	5.45236	0	6.19939	0	5.21381	0	6.18492	0	6.59723	0	5.3692	0	6.16723	0	5.63627	0	7.22588	0	5.58444	0	5.588	0	6.19941	0	5.94715	0	6.228	0	6.57475	0	6.15816	0
6.00678	0	5.87651	0	6.57715	0	5.68919	0	3.41586	0	6.00167	0	7.29435	0	5.47005	0	1.91383	0	4.86982	0	6.19939	0	5.21381	0	6.18492	0	6.59723	0	5.3692	0	6.16723	0	5.63627	0	7.22588	0	5.58444	0	5.588	0	6.19941	0	5.94715	0	6.228	0	6.57475	0	6.15816	0
6.00678	0	5.87651	0	6.57715	0	5.68919	0	3.34927	0	6.00167	0	7.29435	0	5.47005	0	1.90569	0	4.86982	0	6.19939	0	5.21381	0	6.18492	0	6.59723	0	5.3692	0	6.16723	0	5.63627	0	7.22588	0	5.58444	0	5.588	0	6.19941	0	5.94715	0	6.228	0	6.57475	0	6.15816	0
6.00678	0	5.87651	0	6.57715	0	5.68919	0	3.26337	0	6.00167	0	7.27178	0	5.47005	0	1.89716	0	4.86982	0	6.19939	0	5.21381	0	6.18492	0	6.59723	0	5.3692	0	6.16723	0	5.63627	0	7.22588	0	5.58444	0	5.588	0	6.19941	0	5.94715	0	6.228	0	6.57475	0	6.15816	0
6.00678	0	5.87651	0	6.57715	0	5.68919	0	3.16791	0	6.00167	0	7.27178	0	5.47005	0	1.89383	0	4.86982	0	6.19939	0	5.21381	0	6.18492	0	6.59723	0	5.3692	0	6.16723	0	5.63627	0	7.22588	0	5.58444	0	5.588	0	6.19941	0	5.94715	0	6.228	0	6.57475	0	6.15816	0
6.00678	0	5.87651	0	6.57715	0	5.68919	0	3.15041	0	6.00167	0	7.27178	0	5.47005	0	1.88897	0	4.86982	0	6.19939	0	5.21381	0	6.18492	0	6.59723	0	5.3692	0	6.16723	0	5.63627	0	7.22588	0	5.58444	0	5.588	0	6.19941	0	5.84871	0	6.228	0	6.57475	0	6.15816	0
6.00678	0	5.87651	0	6.57715	0	5.68919	0	3.04734	0	6.00167	0	7.27178	0	5.47005	0	1.88897	0	4.86982	0	6.19939	0	5.21381	0	6.18492	0	6.59723	0	5.3692	0	6.16723	0	5.63627	0	7.22588	0	5.58444	0	5.588	0	6.19941	0	5.84871	0	6.228	0	6.57475	0	6.15816	0
6.00678	0	5.87651	0	6.57715	0	5.68919	0	3.03025	0	6.00167	0	7.27178	0	5.47005	0	1.87879	0	4.86982	0	6.19939	0	5.21381	0	6.18492	0	6.43327	0	5.3692	0	6.16723	0	5.63627	0	7.22588	0	5.58444	0	5.588	0	6.19941	0	5.84871	0	6.228	0	6.57475	0	6.15816	0
6.00678	0	5.87651	0	6.57715	0	5.68919	0	3.00092	0	6.00167	0	7.27178	0	5.47005	0	1.865	0	4.86982	0	6.19939	0	5.21381	0	6.18492	0	6.43327	0	5.3692	0	6.16723	0	5.63627	0	7.22588	0	5.58444	0	5.588	0	6.19941	0	5.84871	0	6.228	0	6.57475	0	6.15816	0
6.00678	0	5.87651	0	6.57715	0	5.68919	0	2.95833	0	6.00167	0	7.27178	0	5.47005	0	1.85954	0	4.86982	0	6.19939	0	5.21381	0	6.18492	0	6.43327	0	5.3692	0	6.16723	0	5.63627	0	7.22588	0	5.58444	0	5.588	0	6.19941	0	5.84871	0	6.228	0	6.57475	0	6.15816	0
6.00678	0	5.87651	0	6.57715	0	5.68919	0	2.93744	0	6.00167	0	7.27178	0	5.47005	0	1.85302	0	4.86982	0	6.19939	0	5.21381	0	6.18492	0	6.43327	0	5.3692	0	6.16723	0	5.63627	0	7.22588	0	5.58444	0	5.588	0	6.19941	0	5.84871	0	6.228	0	6.57475	0	6.15816	0
6.00678	0	5.70119	0	6.57715	0	5.68919	0	2.86168	0	6.00167	0	7.27178	0	5.47005	0	1.85067	0	4.86982	0	6.19939	0	5.21381	0	6.18492	0	6.03827	0	5.3692	0	6.16723	0	5.63627	0	7.22588	0	5.58444	0	5.588	0	6.19941	0	5.84871	0	6.228	0	6.57475	0	6.15816	0
6.00678	0	5.6642	0	6.57715	0	5.68919	0	2.86168	0	6.00167	0	7.27178	0	5.47005	0	1.84422	0	4.86982	0	6.19939	0	5.21381	0	6.18492	0	6.03827	0	5.3692	0	6.16723	0	5.63627	0	7.22588	0	5.58444	0	5.588	0	6.19941	0	5.84871	0	6.228	0	6.12971	0	6.15816	0
6.00678	0	5.6642	0	6.57715	0	5.68919	0	2.79447	0	6.00167	0	7.27178	0	5.47005	0	1.83909	0	4.86982	0	6.19939	0	5.21381	0	6.18492	0	6.03827	0	5.3692	0	6.16723	0	5.63627	0	7.22588	0	5.58444	0	5.588	0	6.19941	0	5.84871	0	6.228	0	6.12971	0	6.15816	0
6.00678	0	4.63578	0	6.57715	0	5.68919	0	2.79014	0	6.00167	0	7.27178	0	5.46745	0	1.8366	0	4.83379	0	6.19939	0	5.21381	0	6.18492	0	6.03827	0	5.3692	0	6.16723	0	5.43	0	7.22588	0	5.58444	0	5.588	0	6.19941	0	5.84871	0	6.228	0	6.12971	0	6.15816	0
5.51647	0	4.63578	0	6.57715	0	5.68919	0	2.7748	0	6.00167	0	7.27178	0	5.46745	0	1.83388	0	4.83379	0	6.19939	0	5.21381	0	6.18492	0	6.03827	0	5.3692	0	6.16723	0	5.28565	0	7.22588	0	5.58444	0	5.588	0	6.19941	0	5.84871	0	6.228	0	6.12971	0	6.15816	0
5.51647	0	4.63578	0	6.57715	0	5.68919	0	2.73546	0	6.00167	0	7.27178	0	5.46745	0	1.82399	0	4.83379	0	6.19939	0	5.21381	0	6.18492	0	6.03827	0	5.3692	0	6.16723	0	5.28565	0	7.22588	0	5.58444	0	5.588	0	6.19941	0	5.84871	0	6.228	0	6.12971	0	6.15816	0
5.51647	0	4.63578	0	6.57715	0	5.68919	0	2.70624	0	6.00167	0	7.27178	0	5.46745	0	1.82395	0	4.83379	0	6.19939	0	5.21381	0	6.18492	0	6.03827	0	5.3692	0	6.16723	0	5.28565	0	7.22588	0	5.58444	0	5.588	0	6.19941	0	5.84871	0	6.228	0	6.12971	0	6.15816	0
5.51647	0	4.63578	0	6.57715	0	5.68919	0	2.66072	0	6.00167	0	7.27178	0	5.46745	0	1.82371	0	4.83379	0	6.19939	0	5.21381	0	6.18492	0	6.03827	0	5.3692	0	6.16723	0	5.28565	0	7.22588	0	5.58444	0	5.588	0	6.19941	0	5.84871	0	6.228	0	6.12971	0	6.15816	0
5.51647	0	4.63578	0	6.57715	0	5.68919	0	2.62668	0	6.00167	0	7.27178	0	5.46745	0	1.81172	0	4.83379	0	6.19939	0	5.21381	0	6.18492	0	6.03827	0	5.3692	0	6.16723	0	5.28565	0	7.22588	0	5.58444	0	5.588	0	6.19941	0	5.84871	0	6.228	0	6.12971	0	6.15816	0
5.51647	0	4.63578	0	6.57715	0	5.68919	0	2.60054	0	6.00167	0	7.27178	0	5.46745	0	1.80127	0	4.83379	0	6.19939	0	5.21381	0	6.18492	0	6.03827	0	5.3692	0	6.16723	0	5.28565	0	7.22588	0	5.58444	0	5.588	0	6.19941	0	5.84871	0	6.228	0	6.12971	0	6.15816	0
5.51647	0	4.63578	0	6.57715	0	5.68919	0	2.58002	0	6.00167	0	7.27178	0	5.46745	0	1.7966	0	4.83379	0	6.19939	0	5.21381	0	6.18492	0	6.03827	0	5.3692	0	6.16723	0	5.28565	0	7.22588	0	5.58444	0	5.588	0	6.19941	0	5.84871	0	6.228	0	6.12971	0	6.15816	0
5.51647	0	4.63578	0	6.57715	0	5.68919	0	2.52314	0	6.00167	0	7.27178	0	5.46745	0	1.79258	0	4.83379	0	6.19939	0	5.21381	0	6.18492	0	6.03827	0	5.3692	0	6.16723	0	5.28565	0	7.22588	0	5.58444	0	5.588	0	6.19941	0	5.84871	0	6.228	0	6.12971	0	6.15816	0
5.51647	0	4.63578	0	6.57715	0	5.68919	0	2.44286	0	6.00167	0	7.27178	0	5.46745	0	1.7821	0	4.83379	0	6.19939	0	5.21381	0	6.18492	0	6.03827	0	5.3692	0	6.16723	0	5.28565	0	7.22588	0	5.58444	0	5.588	0	6.19941	0	5.84871	0	6.228	0	6.12971	0	6.15816	0
5.51647	0	4.63578	0	6.57715	0	5.68919	0	2.38827	0	6.00167	0	7.27178	0	5.46745	0	1.7821	0	4.83379	0	6.19939	0	5.21381	0	6.18492	0	6.03827	0	5.3692	0	6.16723	0	5.28565	0	7.22588	0	5.58444	0	5.588	0	6.19941	0	5.84871	0	6.228	0	6.12971	0	6.15816	0
5.51647	0	4.63578	0	6.57715	0	5.68919	0	2.37473	0	6.00167	0	7.27178	0	5.46745	0	1.78054	0	4.83379	0	6.19939	0	5.21381	0	6.18492	0	6.03827	0	5.3692	0	6.16723	0	5.28565	0	7.22588	0	5.58444	0	5.588	0	6.19941	0	5.84871	0	6.228	0	6.12971	0	6.15816	0
5.51647	0	4.63578	0	6.57715	0	5.68919	0	2.32615	0	6.00167	0	7.27178	0	5.46745	0	1.7683	0	4.83379	0	6.19939	0	5.21381	0	6.18492	0	6.03827	0	5.3692	0	6.16723	0	5.28565	0	7.22588	0	5.58444	0	5.588	0	6.19941	0	5.84871	0	6.228	0	6.12971	0	6.15816	0
5.51647	0	4.63578	0	6.57715	0	5.27854	0	2.31397	0	6.00167	0	7.27178	0	5.46745	0	1.76176	0	4.83379	0	6.19939	0	5.21381	0	6.18492	0	6.03827	0	5.3692	0	6.16723	0	5.28565	0	7.22588	0	5.58444	0	5.588	0	6.19941	0	5.84871	0	6.228	0	6.12971	0	6.03471	0
5.51647	0	4.63578	0	6.57715	0	5.27854	0	2.24084	0	6.00167	0	7.27178	0	5.46745	0	1.76176	0	4.83379	0	6.19939	0	5.21381	0	6.18492	0	6.03827	0	5.3692	0	6.16723	0	5.28565	0	7.22588	0	5.58444	0	5.588	0	6.19941	0	5.84871	0	6.228	0	6.12971	0	6.03471	0
5.51647	0	4.63578	0	6.57715	0	5.27854	0	2.21323	0	6.00167	0	7.27178	0	5.46745	0	1.74941	0	4.83379	0	6.19939	0	5.21381	0	6.18492	0	6.03827	0	5.3692	0	6.16723	0	5.28565	0	7.22588	0	5.58444	0	5.588	0	6.19941	0	5.84871	0	6.228	0	6.12971	0	6.03471	0
5.51647	0	4.63578	0	6.57715	0	5.27854	0	2.17743	0	6.00167	0	7.27178	0	5.46745	0	1.74872	0	4.83379	0	6.19939	0	5.21381	0	6.18492	0	6.03827	0	5.3692	0	6.16723	0	5.28565	0	7.22588	0	5.58444	0	5.588	0	6.19941	0	5.84871	0	6.228	0	6.12971	0	6.03471	0
5.51647	0	4.63578	0	6.57715	0	5.27854	0	2.13879	0	6.00167	0	7.27178	0	5.46745	0	1.74783	0	4.83379	0	6.19939	0	5.21381	0	6.18492	0	6.03827	0	5.3692	0	6.16723	0	5.28565	0	7.22588	0	5.58444	0	5.588	0	6.19941	0	5.84871	0	6.228	0	6.12971	0	6.03471	0
5.51647	0	4.63578	0	6.57715	0	5.27854	0	2.05468	0	6.00167	0	7.27178	0	5.46745	0	1.74267	0	4.83379	0	6.19939	0	5.21381	0	6.18492	0	6.03827	0	5.3692	0	6.16723	0	5.2843	0	7.22588	0	5.27541	0	5.588	0	6.19941	0	5.84871	0	6.228	0	6.12971	0	6.03471	0
5.51647	0	4.63578	0	6.57715	0	5.27854	0	2.05468	0	6.00167	0	7.27178	0	5.46745	0	1.73707	0	4.83379	0	6.19939	0	5.21381	0	6.18492	0	6.03827	0	5.3692	0	6.16723	0	5.2843	0	6.61923	0	5.27541	0	5.588	0	6.19941	0	5.84871	0	6.228	0	6.12971	0	6.03471	0
5.51647	0	4.63578	0	6.57715	0	5.27854	0	2.01596	0	6.00167	0	7.27178	0	5.46745	0	1.73707	0	4.83379	0	6.19939	0	5.21381	0	6.18492	0	6.03827	0	5.3692	0	6.16723	0	5.2843	0	6.61923	0	5.27541	0	5.588	0	6.19941	0	5.84871	0	6.228	0	6.12971	0	6.03471	0
5.51647	0	4.63578	0	6.57715	0	5.27854	0	2.00003	0	6.00167	0	7.27178	0	5.46745	0	1.73313	0	4.83379	0	6.19939	0	5.21381	0	6.18492	0	6.03827	0	5.3692	0	6.16723	0	5.2843	0	6.61923	0	5.27541	0	5.588	0	6.19941	0	5.84871	0	6.228	0	6.12971	0	6.03471	0
5.51647	0	4.63578	0	6.57715	0	5.27854	0	1.92908	0	6.00167	0	7.27178	0	5.46745	0	1.72983	0	4.83379	0	6.19939	0	5.21381	0	6.18492	0	6.03827	0	5.3692	0	6.16723	0	5.2843	0	6.61923	0	5.27541	0	5.588	0	6.19941	0	5.84871	0	6.228	0	6.12971	0	6.03471	0
5.51647	0	4.63578	0	6.57715	0	5.27854	0	1.92297	0	6.00167	0	7.27178	0	5.46745	0	1.72226	0	4.83379	0	6.19939	0	5.21381	0	6.18492	0	6.03827	0	5.3692	0	6.16723	0	5.2843	0	6.61923	0	5.27541	0	5.588	0	6.19941	0	5.84871	0	6.228	0	6.12971	0	5.15031	0
5.51647	0	4.63578	0	6.57715	0	5.27854	0	1.88405	0	6.00167	0	7.27178	0	5.46745	0	1.71383	0	4.83379	0	6.19939	0	5.21381	0	6.18492	0	6.03827	0	5.3692	0	6.16723	0	5.2843	0	6.61923	0	5.27541	0	5.588	0	6.19941	0	5.84871	0	6.228	0	6.12971	0	5.15031	0
5.51647	0	4.63578	0	6.57715	0	5.27854	0	1.84571	0	6.00167	0	7.27178	0	5.46745	0	1.71225	0	4.83379	0	6.19939	0	5.21381	0	6.18492	0	6.03827	0	5.3692	0	6.16723	0	5.2843	0	6.61923	0	5.27541	0	5.588	0	6.19941	0	5.84871	0	6.228	0	6.12971	0	5.15031	0
5.51647	0	4.63578	0	6.57715	0	5.27854	0	1.79618	0	6.00167	0	7.27178	0	5.46745	0	1.70959	0	4.83379	0	6.19939	0	5.21381	0	6.18492	0	6.03827	0	5.3692	0	6.16723	0	5.2843	0	6.61923	0	5.27541	0	5.588	0	6.19941	0	5.84871	0	6.228	0	6.12971	0	5.15031	0
5.51647	0	4.63578	0	6.57715	0	5.27854	0	1.72723	0	6.00167	0	7.01975	0	5.46745	0	1.70038	0	4.83379	0	6.19939	0	5.21381	0	6.18492	0	6.03827	0	5.3692	0	6.16723	0	5.2843	0	6.61923	0	5.27541	0	5.588	0	6.19941	0	5.84871	0	6.228	0	6.12971	0	5.15031	0
5.51647	0	4.63578	0	6.57715	0	5.27854	0	1.71969	0	6.00167	0	7.01975	0	5.46745	0	1.69867	0	4.83379	0	6.19939	0	5.21381	0	6.18492	0	6.03827	0	5.3692	0	6.16723	0	5.2843	0	6.61923	0	5.27541	0	5.588	0	6.19941	0	5.84871	0	6.228	0	6.12971	0	5.15031	0
5.51647	0	4.63578	0	6.57715	0	5.27854	0	1.69756	0	6.00167	0	7.01975	0	5.46745	0	1.69485	0	4.83379	0	6.19939	0	5.21381	0	6.18492	0	5.90495	0	5.3692	0	6.16723	0	5.2843	0	6.61923	0	5.27541	0	5.588	0	6.19941	0	5.84871	0	6.228	0	6.09586	0	5.15031	0
5.51647	0	4.63578	0	6.57715	0	5.27854	0	1.67436	0	6.00167	0	7.01975	0	5.46745	0	1.68729	0	4.83379	0	6.19939	0	5.21381	0	6.18492	0	5.90495	0	5.3692	0	6.16723	0	5.2843	0	6.61923	0	5.27541	0	5.588	0	6.19941	0	5.84871	0	6.228	0	6.09586	0	5.15031	0
5.51647	0	4.63578	0	6.57715	0	5.27854	0	1.67436	0	6.00167	0	7.01975	0	5.46745	0	1.68021	0	4.83379	0	6.19939	0	5.21381	0	6.18492	0	5.90495	0	5.3692	0	6.16723	0	5.19735	0	6.61923	0	5.27541	0	5.588	0	6.19941	0	5.84871	0	6.228	0	6.09586	0	5.15031	0
5.51647	0	4.63578	0	6.57715	0	5.27854	0	1.67079	0	6.00167	0	7.01975	0	5.46745	0	1.67823	0	4.83379	0	6.19939	0	5.21381	0	6.18492	0	5.90495	0	5.3692	0	6.16723	0	5.19735	0	6.61923	0	5.27541	0	5.588	0	6.19941	0	5.84871	0	6.228	0	6.09586	0	5.15031	0
5.51647	0	4.63578	0	6.57715	0	5.27854	0	1.65485	0	6.00167	0	7.01975	0	5.46745	0	1.67663	0	4.83379	0	6.19939	0	5.21381	0	6.18492	0	5.90495	0	5.3692	0	6.16723	0	5.19735	0	6.61923	0	5.27541	0	5.588	0	6.19941	0	5.84871	0	6.228	0	6.03099	0	5.15031	0
5.51647	0	4.63578	0	6.57715	0	5.27854	0	1.64031	0	6.00167	0	7.01975	0	5.46745	0	1.67349	0	4.83379	0	6.19939	0	5.21381	0	6.18492	0	5.90495	0	5.3692	0	6.16723	0	5.19735	0	6.61923	0	5.27541	0	5.588	0	6.19941	0	5.84871	0	6.228	0	6.03099	0	5.15031	0
5.51647	0	4.63578	0	6.57715	0	5.27854	0	1.61884	0	6.00167	0	7.01975	0	5.46745	0	1.66922	0	4.83379	0	6.19939	0	5.21381	0	6.18492	0	5.90495	0	5.3692	0	6.16723	0	5.19735	0	6.61923	0	5.27541	0	5.588	0	6.19941	0	5.84871	0	6.228	0	6.03099	0	5.15031	0
5.51647	0	4.63578	0	6.57715	0	5.27854	0	1.61731	0	6.00167	0	7.01975	0	5.46745	0	1.66889	0	4.83379	0	6.19939	0	5.21381	0	6.18492	0	5.90495	0	5.3692	0	6.16723	0	5.19735	0	6.61923	0	5.27541	0	5.588	0	6.19941	0	5.84871	0	6.228	0	5.36488	0	5.15031	0
5.51647	0	4.63578	0	6.57715	0	5.27854	0	1.61607	0	6.00167	0	7.01975	0	5.46745	0	1.66295	0	4.83379	0	6.19939	0	5.21381	0	6.18492	0	5.90495	0	5.3692	0	6.16723	0	5.11823	0	6.61923	0	5.27541	0	5.588	0	6.19941	0	5.84871	0	6.228	0	5.36488	0	5.15031	0
5.51647	0	4.63578	0	6.57715	0	5.27854	0	1.60958	0	6.00167	0	7.01975	0	5.46745	0	1.66031	0	4.83379	0	6.19939	0	5.21381	0	6.18492	0	5.90495	0	5.3692	0	6.16723	0	5.11823	0	6.61923	0	5.27541	0	5.588	0	6.19941	0	5.84871	0	5.06721	0	5.36488	0	5.15031	0
5.51647	0	4.63578	0	6.57715	0	4.96616	0	1.59895	0	6.00167	0	7.01975	0	5.46745	0	1.65765	0	4.83379	0	6.19939	0	5.21381	0	6.18492	0	5.90495	0	5.3692	0	6.16723	0	5.11823	0	6.61923	0	5.27541	0	5.588	0	6.19941	0	5.84871	0	5.06721	0	5.36488	0	5.15031	0
5.51647	0	4.63578	0	6.57715	0	4.96616	0	1.59884	0	6.00167	0	7.01975	0	5.46745	0	1.65765	0	4.83379	0	6.19939	0	5.21381	0	6.18492	0	5.90495	0	5.3692	0	6.16723	0	5.11823	0	6.61923	0	5.27541	0	5.588	0	6.19941	0	5.84871	0	5.06721	0	5.36488	0	5.15031	0
5.51647	0	4.63578	0	6.57715	0	4.96616	0	1.5911	0	5.5548	0	7.01975	0	5.46745	0	1.65458	0	4.83379	0	6.19939	0	5.21381	0	6.18492	0	5.90495	0	5.3692	0	6.16723	0	5.11823	0	6.61923	0	5.27541	0	5.588	0	6.19941	0	5.84871	0	5.06721	0	5.35988	0	5.15031	0
5.51647	0	4.63578	0	6.57715	0	4.96616	0	1.58182	0	5.5548	0	7.01975	0	5.46745	0	1.63289	0	4.83379	0	6.19939	0	5.21381	0	6.18492	0	5.90495	0	5.3692	0	6.16723	0	5.11823	0	6.61923	0	5.27541	0	5.588	0	6.19941	0	5.84871	0	5.06721	0	5.35988	0	5.15031	0
5.51647	0	4.63578	0	6.57715	0	4.96616	0	1.58182	0	5.5548	0	7.01975	0	5.46745	0	1.63289	0	4.83379	0	6.19939	0	5.21381	0	6.18492	0	5.90495	0	5.3692	0	6.16723	0	5.11823	0	6.61923	0	5.27541	0	5.588	0	6.19941	0	5.84871	0	5.06721	0	5.35988	0	5.15031	0
5.51647	0	4.63578	0	6.57715	0	4.96616	0	1.58182	0	5.5548	0	7.01975	0	5.46745	0	1.63289	0	4.83379	0	6.19939	0	5.21381	0	6.18492	0	5.90495	0	5.3692	0	6.16723	0	5.11823	0	6.61923	0	5.27541	0	5.588	0	6.19941	0	5.21631	0	5.06721	0	5.35988	0	5.15031	0
5.51647	0	4.63578	0	6.57715	0	4.96616	0	1.57827	0	5.5548	0	6.94031	0	5.46745	0	1.63289	0	4.83379	0	6.19939	0	5.21381	0	6.18492	0	5.90495	0	5.3692	0	6.16723	0	5.11823	0	6.61923	0	5.27541	0	5.588	0	6.19941	0	5.21631	0	5.06721	0	5.35988	0	5.15031	0
5.51647	0	4.63578	0	6.57715	0	4.96616	0	1.57369	0	5.5548	0	6.81377	0	5.46745	0	1.63289	0	4.83379	0	6.19939	0	5.21381	0	6.18492	0	5.90495	0	5.3692	0	6.16723	0	5.11823	0	6.61923	0	5.27541	0	5.588	0	6.19941	0	5.21631	0	5.06721	0	5.35988	0	5.15031	0
5.51647	0	4.63578	0	6.57715	0	4.96616	0	1.57369	0	5.5548	0	6.81377	0	5.46745	0	1.63289	0	4.83379	0	6.19939	0	5.21381	0	6.18492	0	5.90495	0	5.3692	0	6.16723	0	5.11823	0	6.61044	0	5.27541	0	5.588	0	6.19941	0	5.21631	0	5.06721	0	5.35988	0	5.15031	0
5.51647	0	4.63578	0	6.57715	0	4.96616	0	1.57321	0	5.5548	0	6.81377	0	5.46745	0	1.62841	0	4.83379	0	6.19939	0	5.21381	0	6.18492	0	5.90495	0	5.3692	0	6.16723	0	5.11823	0	6.61044	0	5.27541	0	5.588	0	6.19941	0	5.21631	0	5.06721	0	5.35988	0	5.15031	0
5.51647	0	4.63578	0	6.57715	0	4.96616	0	1.5703	0	5.5548	0	6.81377	0	5.46745	0	1.62841	0	4.83379	0	6.19939	0	5.21381	0	6.18492	0	5.90495	0	5.3692	0	6.16723	0	5.11823	0	6.61044	0	5.27541	0	5.588	0	6.19941	0	5.21631	0	5.06721	0	5.35988	0	5.15031	0
5.51647	0	4.63578	0	6.57715	0	4.96616	0	1.57014	0	5.5548	0	6.72783	0	5.46745	0	1.62462	0	4.83379	0	6.19939	0	5.21381	0	6.18492	0	5.90495	0	5.3692	0	6.16723	0	5.11823	0	6.61044	0	5.27541	0	5.588	0	6.19941	0	5.21631	0	5.06721	0	4.73697	0	5.15031	0
5.51647	0	4.63578	0	6.57715	0	4.96616	0	1.56682	0	5.5548	0	6.35029	0	5.46745	0	1.62308	0	4.83379	0	6.19939	0	5.21381	0	6.18492	0	5.90495	0	5.3692	0	6.16723	0	5.11823	0	6.61044	0	5.27541	0	5.588	0	6.19941	0	5.21631	0	5.06721	0	4.73697	0	5.15031	0
5.51647	0	4.63578	0	6.57715	0	4.96616	0	1.56682	0	5.5548	0	6.35029	0	5.46745	0	1.62308	0	4.83379	0	6.06298	0	5.21381	0	6.18492	0	5.90495	0	5.3692	0	6.16723	0	5.11823	0	6.61044	0	5.27541	0	5.588	0	6.19941	0	5.21631	0	5.06721	0	4.73697	0	5.15031	0
5.51647	0	4.63578	0	6.57715	0	4.96616	0	1.56572	0	5.5548	0	6.12764	0	5.46745	0	1.62043	0	4.83379	0	6.06298	0	5.21381	0	6.18492	0	5.90495	0	5.3692	0	6.16723	0	5.11823	0	6.61044	0	5.27541	0	5.588	0	6.19941	0	5.21631	0	5.06721	0	4.73697	0	5.15031	0
5.51647	0	4.63578	0	6.57715	0	4.96616	0	1.56543	0	5.5548	0	5.58008	0	5.46745	0	1.61878	0	4.83379	0	6.06298	0	5.21381	0	6.18492	0	5.90495	0	5.3692	0	6.16723	0	5.11823	0	6.61044	0	5.27541	0	5.588	0	6.19941	0	5.21631	0	5.06721	0	4.73697	0	5.15031	0
5.51647	0	4.63578	0	6.57715	0	4.96616	0	1.56479	0	5.5548	0	5.21746	0	5.46745	0	1.61837	0	4.83379	0	6.06298	0	5.21381	0	6.18492	0	5.90495	0	5.3692	0	6.16723	0	5.11823	0	6.61044	0	5.27541	0	5.588	0	6.19941	0	5.21631	0	5.06721	0	4.73697	0	5.15031	0
5.51647	0	4.63578	0	6.57715	0	4.96616	0	1.56201	0	5.5548	0	4.76626	0	5.46745	0	1.61742	0	4.83379	0	6.06298	0	5.21381	0	6.18492	0	5.90495	0	5.3692	0	6.16723	0	5.11823	0	6.61044	0	5.27541	0	5.588	0	6.19941	0	5.21631	0	5.06721	0	4.73697	0	5.15031	0
5.51647	0	4.63578	0	6.57715	0	4.96616	0	1.56201	0	5.5548	0	4.22568	0	5.46745	0	1.61621	0	4.83379	0	6.06298	0	5.21381	0	6.18492	0	5.90495	0	5.3692	0	5.99608	0	4.85745	0	6.20619	0	5.27541	0	5.588	0	6.19941	0	5.21631	0	5.06721	0	4.73697	0	5.15031	0
5.51647	0	4.63578	0	6.57715	0	4.96616	0	1.56201	0	5.5548	0	4.12152	0	5.46745	0	1.61314	0	4.83379	0	6.06298	0	5.21381	0	6.18492	0	5.90495	0	5.3692	0	5.99608	0	4.85745	0	6.20619	0	5.27541	0	5.588	0	6.19941	0	5.21631	0	5.06721	0	4.73697	0	5.15031	0
5.51647	0	4.63578	0	6.57715	0	4.96616	0	1.5615	0	5.5548	0	3.72546	0	5.46745	0	1.61248	0	4.83379	0	6.06298	0	5.21381	0	6.18492	0	5.90495	0	5.3692	0	5.99608	0	4.85745	0	6.20619	0	5.27541	0	5.588	0	6.19941	0	5.21631	0	5.06721	0	4.73697	0	5.15031	0
5.51647	0	4.63578	0	6.57715	0	4.96616	0	1.56093	0	5.5548	0	3.72546	0	5.46745	0	1.61248	0	4.83379	0	6.06298	0	5.21381	0	5.89859	0	5.90495	0	5.3692	0	5.99608	0	4.85745	0	6.20619	0	5.27541	0	5.588	0	6.19941	0	5.21631	0	5.06721	0	4.73697	0	5.15031	0
5.51647	0	4.63578	0	6.57715	0	4.96616	0	1.55866	0	5.5548	0	3.66262	0	5.46745	0	1.6113	0	4.83379	0	6.06298	0	5.21381	0	5.89859	0	5.90495	0	5.3692	0	5.97324	0	4.85745	0	6.20619	0	5.27541	0	5.47579	0	6.19941	0	5.21631	0	5.06721	0	4.73697	0	5.15031	0
5.51647	0	4.63578	0	6.57715	0	4.96616	0	1.55859	0	5.5548	0	3.40916	0	5.46745	0	1.6113	0	4.83379	0	6.06298	0	5.21381	0	5.89859	0	5.90495	0	5.3692	0	5.97324	0	4.85745	0	6.20619	0	5.27541	0	5.47579	0	6.19941	0	5.21631	0	5.06721	0	4.73697	0	5.15031	0
5.51647	0	4.63578	0	6.57715	0	4.96616	0	1.55808	0	5.5548	0	3.26624	0	5.46745	0	1.61098	0	4.83379	0	6.06298	0	5.21381	0	5.89859	0	5.90495	0	5.3692	0	5.97324	0	4.85745	0	6.20619	0	5.27541	0	5.47579	0	6.19941	0	5.21631	0	5.06721	0	4.73697	0	5.15031	0
5.51647	0	4.63578	0	6.57715	0	4.96616	0	1.5579	0	5.5548	0	3.11488	0	5.46745	0	1.60957	0	4.83379	0	6.06298	0	5.21381	0	5.89859	0	5.90495	0	5.3692	0	5.97324	0	4.71958	0	6.20619	0	5.27541	0	5.47579	0	6.19941	0	5.21631	0	5.06721	0	4.73697	0	5.15031	0
5.51647	0	4.63578	0	6.57715	0	4.96616	0	1.55724	0	5.5548	0	2.99832	0	5.46745	0	1.60921	0	4.83379	0	5.64887	0	5.21381	0	5.89859	0	5.90495	0	5.3692	0	5.97324	0	4.71958	0	6.20619	0	5.27541	0	5.36148	0	6.19941	0	5.21631	0	4.79385	0	4.73697	0	5.15031	0
5.51647	0	4.63578	0	6.57715	0	4.96616	0	1.55562	0	5.5548	0	2.9793	0	5.46745	0	1.60758	0	4.83379	0	5.64887	0	5.21381	0	5.89859	0	5.90495	0	5.3692	0	5.97324	0	4.71958	0	6.20619	0	5.27541	0	5.36148	0	6.19941	0	5.21631	0	4.79385	0	4.73697	0	5.15031	0
5.51647	0	4.63578	0	6.57715	0	4.96616	0	1.55562	0	5.5548	0	2.92945	0	5.46745	0	1.60664	0	4.83379	0	5.64887	0	5.21381	0	5.89859	0	5.90495	0	5.3692	0	5.97324	0	4.48488	0	6.20619	0	5.27541	0	5.36148	0	6.19941	0	5.21631	0	4.79385	0	4.73697	0	5.15031	0
5.51647	0	4.63578	0	6.57715	0	4.96616	0	1.55459	0	5.5548	0	2.85412	0	5.46745	0	1.60647	0	4.83379	0	5.64887	0	5.21381	0	5.89859	0	5.90495	0	5.3692	0	5.97324	0	4.48488	0	6.20619	0	5.27541	0	5.36148	0	6.19941	0	5.21631	0	4.79385	0	4.73697	0	5.15031	0
5.51647	0	4.63578	0	5.84723	0	4.96616	0	1.55459	0	5.5548	0	2.7921	0	5.46745	0	1.60603	0	4.83379	0	5.64887	0	5.21381	0	5.89859	0	5.90495	0	5.3692	0	5.97324	0	4.48488	0	6.20619	0	5.27541	0	5.36148	0	5.97803	0	5.21631	0	4.79385	0	4.73697	0	5.15031	0
5.51647	0	4.63578	0	5.84723	0	4.96616	0	1.55315	0	5.5548	0	2.74571	0	5.46745	0	1.60459	0	4.83379	0	5.64887	0	5.21381	0	5.89859	0	5.90495	0	5.3692	0	5.97324	0	4.35483	0	6.20619	0	5.27541	0	5.36148	0	5.97803	0	5.21631	0	4.79385	0	4.73697	0	5.15031	0
5.51647	0	4.63578	0	5.84723	0	4.96616	0	1.55315	0	5.55127	0	2.63157	0	5.46745	0	1.60402	0	4.83379	0	5.64887	0	5.21381	0	5.89859	0	5.90495	0	5.3692	0	5.97324	0	4.35483	0	6.20619	0	5.27541	0	5.36148	0	5.97803	0	5.21631	0	4.79385	0	4.73697	0	5.15031	0
5.51647	0	4.63578	0	5.84723	0	4.96616	0	1.5529	0	5.10642	0	2.5551	0	5.46745	0	1.60402	0	4.15705	0	5.64887	0	5.21381	0	5.89859	0	5.90495	0	5.3692	0	5.97324	0	4.35483	0	6.20619	0	5.27541	0	5.36148	0	5.97803	0	5.21631	0	4.79385	0	4.73697	0	5.15031	0
5.51647	0	4.63578	0	5.84723	0	4.96616	0	1.5518	0	5.10642	0	2.34262	0	5.46745	0	1.60253	0	4.15705	0	5.64306	0	5.21381	0	5.89859	0	5.90495	0	5.3692	0	5.97324	0	4.35483	0	6.20619	0	5.27541	0	5.36148	0	5.97803	0	5.21631	0	4.79385	0	4.73697	0	5.15031	0
5.18748	0	4.63578	0	5.84723	0	4.96616	0	1.55137	0	5.10642	0	2.25952	0	5.46745	0	1.60234	0	4.15705	0	5.64306	0	5.21381	0	5.89859	0	5.90495	0	5.3692	0	5.97324	0	4.2808	0	6.20619	0	5.27541	0	5.36148	0	5.97803	0	5.21631	0	4.79385	0	4.73697	0	5.15031	0
5.18748	0	4.63578	0	5.84723	0	4.96616	0	1.55053	0	5.10642	0	2.1864	0	5.46745	0	1.60168	0	4.15705	0	5.64306	0	5.21381	0	5.89859	0	5.90495	0	5.3692	0	5.97324	0	4.2017	0	6.20619	0	5.27541	0	5.36148	0	5.97803	0	5.21631	0	4.79385	0	4.73697	0	5.15031	0
5.18748	0	4.63578	0	5.84723	0	4.96616	0	1.54979	0	5.10642	0	2.02812	0	5.46745	0	1.60168	0	4.15705	0	5.64306	0	5.21381	0	5.89859	0	5.90495	0	5.3692	0	5.93152	0	4.08034	0	6.20619	0	5.27541	0	5.36127	0	5.97803	0	5.21631	0	4.79385	0	4.73697	0	5.15031	0
5.18748	0	4.63578	0	5.84723	0	4.96616	0	1.54866	0	5.10642	0	1.96196	0	5.46745	0	1.60094	0	4.15705	0	5.64306	0	5.21381	0	5.89859	0	5.90495	0	5.3692	0	5.93152	0	4.0494	0	6.20619	0	5.27541	0	5.32877	0	5.97803	0	5.21631	0	4.79385	0	4.73697	0	5.15031	0
5.18748	0	4.63578	0	5.84723	0	4.96616	0	1.54858	0	5.10642	0	1.93795	0	5.46745	0	1.60085	0	4.15705	0	5.64306	0	5.21381	0	5.89859	0	5.90495	0	5.3692	0	5.93152	0	4.0494	0	6.20619	0	5.27541	0	5.29757	0	5.97803	0	5.21631	0	4.79385	0	4.73697	0	5.15031	0
5.18748	0	4.63578	0	5.84723	0	4.96616	0	1.54844	0	5.10642	0	1.85793	0	5.46745	0	1.60044	0	4.15705	0	5.64306	0	5.21381	0	5.89859	0	5.90495	0	5.3692	0	5.93152	0	4.0494	0	6.20619	0	5.27541	0	5.29757	0	5.97803	0	5.21631	0	4.79385	0	4.73697	0	5.15031	0
5.18748	0	4.40363	0	5.84723	0	4.96616	0	1.54808	0	5.10642	0	1.80675	0	5.46745	0	1.59968	0	4.15705	0	5.64306	0	5.21381	0	5.89859	0	5.90495	0	5.3692	0	5.93152	0	4.0494	0	6.20619	0	5.27541	0	5.29757	0	5.97803	0	5.21631	0	4.79385	0	4.73697	0	5.15031	0
5.18748	0	4.40363	0	5.84723	0	4.96616	0	1.54728	0	5.10642	0	1.69408	0	5.46745	0	1.59959	0	4.15705	0	5.36224	0	5.21381	0	5.65653	0	5.90495	0	5.3692	0	5.93152	0	3.97487	0	6.20619	0	5.27541	0	5.29757	0	5.97803	0	5.21631	0	4.79385	0	4.73697	0	5.15031	0
5.11948	0	4.40363	0	5.84723	0	4.96616	0	1.54675	0	5.10642	0	1.63543	0	5.46745	0	1.59956	0	4.15705	0	5.36224	0	5.21381	0	5.49827	0	5.90495	0	5.3692	0	5.93152	0	3.85999	0	6.14401	0	4.99696	0	5.29757	0	5.97803	0	5.21631	0	4.79385	0	4.73697	0	5.15031	0
5.11948	0	4.40363	0	5.78946	0	4.96616	0	1.54675	0	5.10642	0	1.60129	0	5.46745	0	1.59932	0	4.15705	0	5.36224	0	5.21381	0	5.49827	0	5.90495	0	5.3692	0	5.93152	0	3.75431	0	6.14401	0	4.99696	0	5.29757	0	5.97803	0	5.21631	0	4.79385	0	4.73697	0	5.15031	0
5.11948	0	4.40363	0	5.78946	0	4.96616	0	1.54657	0	5.10642	0	1.54115	0	5.46745	0	1.59932	0	4.15705	0	5.36224	0	5.21381	0	5.49827	0	5.90495	0	5.3692	0	5.93152	0	3.64193	0	6.14401	0	4.99696	0	5.29757	0	5.97803	0	5.21631	0	4.79385	0	4.73697	0	5.15031	0
5.11948	0	4.40363	0	5.78946	0	4.96616	0	1.54616	0	5.10642	0	1.52756	0	5.46745	0	1.59899	0	4.15705	0	5.36224	0	5.21381	0	5.49827	0	5.90495	0	5.3692	0	5.93152	0	3.5989	0	6.14401	0	4.99696	0	5.29757	0	5.97803	0	5.21631	0	4.79385	0	4.73697	0	5.15031	0
5.11948	0	4.40363	0	5.78946	0	4.96616	0	1.54592	0	5.10642	0	1.48839	0	5.46745	0	1.59897	0	4.15705	0	4.54966	0	5.21381	0	5.49827	0	5.90495	0	5.3692	0	5.93152	0	3.56764	0	6.14401	0	4.99696	0	5.29757	0	5.97803	0	5.21631	0	4.79385	0	4.73697	0	5.15031	0
5.11948	0	4.40363	0	5.78946	0	4.96616	0	1.54553	0	5.10642	0	1.44978	0	5.46745	0	1.59875	0	4.15705	0	4.54966	0	5.21381	0	5.49827	0	5.90495	0	5.3692	0	5.93152	0	3.5261	0	6.09767	0	4.99696	0	5.2723	0	5.97803	0	5.21631	0	4.79385	0	4.73697	0	5.15031	0
5.11948	0	4.40363	0	5.78946	0	4.96616	0	1.54507	0	5.10642	0	1.44773	0	5.46745	0	1.59843	0	4.15705	0	4.39753	0	5.21381	0	5.49827	0	5.90495	0	5.3692	0	5.93152	0	3.5261	0	6.09767	0	4.99696	0	5.2723	0	5.97803	0	5.21631	0	4.79385	0	4.73697	0	5.15031	0
5.11948	0	4.40363	0	5.78946	0	4.96616	0	1.54478	0	5.10642	0	1.38852	0	5.46745	0	1.59827	0	4.15705	0	4.39753	0	5.21381	0	5.01813	0	5.90495	0	5.3692	0	5.77048	0	3.50901	0	6.09767	0	4.99696	0	5.2723	0	5.97803	0	5.21631	0	4.79385	0	4.73697	0	5.15031	0
5.11948	0	4.40363	0	5.78946	0	4.96616	0	1.54416	0	5.10642	0	1.36642	0	5.46745	0	1.59825	0	4.15705	0	4.39753	0	5.21381	0	5.01813	0	5.90495	0	5.3692	0	5.77048	0	3.39122	0	6.09767	0	4.99696	0	5.2723	0	5.97803	0	5.21631	0	4.79385	0	4.73697	0	5.15031	0
5.11948	0	4.40363	0	5.78946	0	4.96616	0	1.54357	0	5.10642	0	1.34726	0	5.46745	0	1.59807	0	4.15705	0	4.39753	0	5.21381	0	5.01813	0	5.90495	0	5.3692	0	5.77048	0	3.39122	0	6.09767	0	4.99696	0	5.2723	0	5.97803	0	5.21631	0	4.79385	0	4.73697	0	5.15031	0
5.11948	0	4.40363	0	5.78946	0	4.96616	0	1.54311	0	5.10642	0	1.34726	0	5.46745	0	1.59801	0	4.15705	0	4.39753	0	5.21381	0	5.01813	0	5.90495	0	5.3692	0	4.84573	0	3.37201	0	6.09767	0	4.99696	0	5.2723	0	5.97803	0	5.21631	0	4.79385	0	4.73697	0	5.15031	0
5.11948	0	4.40363	0	5.78946	0	4.96616	0	1.54311	0	5.10642	0	1.31183	0	5.46745	0	1.59783	0	4.15705	0	4.39753	0	5.19149	0	5.01813	0	5.90495	0	5.3692	0	4.84573	0	3.3365	0	6.09767	0	4.99696	0	5.27161	0	5.97803	0	5.21631	0	4.74583	0	4.73697	0	5.15031	0
5.11948	0	4.40363	0	5.78946	0	4.96616	0	1.54298	0	5.10642	0	1.30535	0	5.46745	0	1.59779	0	4.15705	0	4.39753	0	5.19149	0	5.01813	0	5.90495	0	5.3692	0	4.84573	0	3.2915	0	6.09767	0	4.99696	0	5.27161	0	5.97803	0	5.21631	0	4.74583	0	4.73697	0	5.15031	0
5.11948	0	4.40363	0	5.78946	0	4.96616	0	1.54278	0	5.10642	0	1.29523	0	5.46745	0	1.59779	0	4.15705	0	4.39753	0	5.19149	0	5.01813	0	5.90495	0	5.3692	0	4.84573	0	3.2915	0	6.09767	0	4.99696	0	5.27161	0	5.97803	0	5.21631	0	4.74583	0	4.73697	0	5.15031	0
5.11948	0	4.40363	0	5.78946	0	4.96616	0	1.54269	0	5.10642	0	1.29523	0	5.46745	0	1.59779	0	4.15705	0	4.39753	0	5.19149	0	5.01813	0	5.90495	0	5.3692	0	4.84573	0	3.25437	0	6.09767	0	4.99696	0	5.12203	0	5.97803	0	5.21631	0	4.74583	0	4.73697	0	5.15031	0
5.11948	0	4.40363	0	5.78946	0	4.96616	0	1.54257	0	5.10642	0	1.28242	0	5.36573	0	1.59771	0	4.15705	0	4.39753	0	5.19149	0	5.01813	0	5.90495	0	5.3692	0	4.84573	0	3.17414	0	6.09767	0	4.99696	0	4.75812	0	5.97803	0	5.21631	0	4.74583	0	4.73697	0	5.15031	0
5.11948	0	4.40363	0	5.78946	0	4.96616	0	1.54236	0	5.10642	0	1.27206	0	5.36573	0	1.59766	0	4.15705	0	4.39753	0	4.9784	0	5.01813	0	5.90495	0	5.3692	0	4.84573	0	3.1454	0	6.09767	0	4.99696	0	4.75812	0	5.97803	0	5.21631	0	4.74583	0	4.73697	0	5.15031	0
5.11948	0	4.40363	0	5.78946	0	4.96616	0	1.54219	0	5.10642	0	1.27206	0	5.36573	0	1.59766	0	4.15705	0	4.39753	0	4.9784	0	5.01813	0	5.90495	0	5.3692	0	4.84573	0	3.07532	0	6.09767	0	4.99696	0	4.75812	0	5.92564	0	5.21631	0	4.74583	0	4.73697	0	5.15031	0
5.11948	0	4.40363	0	5.78946	0	4.96616	0	1.54204	0	5.10642	0	1.25878	0	5.36573	0	1.59758	0	4.15453	0	4.39753	0	4.9784	0	5.01813	0	5.90495	0	5.3692	0	4.84573	0	3.02646	0	6.09767	0	4.99696	0	4.75211	0	5.70588	0	5.10595	0	4.74583	0	4.73697	0	5.15031	0
5.11948	0	4.40363	0	5.78946	0	4.96616	0	1.54204	0	5.10642	0	1.25174	0	5.36573	0	1.59749	0	4.09106	0	4.39753	0	4.9784	0	5.01813	0	5.90495	0	5.3692	0	4.70344	0	2.9539	0	6.09767	0	4.99696	0	4.75211	0	5.70588	0	5.10595	0	4.74583	0	4.73697	0	5.15031	0
5.11948	0	4.40363	0	5.78946	0	4.96616	0	1.54186	0	5.10642	0	1.24153	0	5.36573	0	1.59749	0	4.09106	0	4.39753	0	4.9784	0	5.01813	0	5.90495	0	5.3692	0	4.70344	0	2.89887	0	6.09767	0	4.99696	0	4.75211	0	5.70588	0	5.10595	0	4.74583	0	4.73697	0	5.15031	0
5.11948	0	4.40363	0	5.78946	0	4.96616	0	1.54186	0	5.10642	0	1.23851	0	5.36573	0	1.59747	0	4.09106	0	4.39753	0	4.9784	0	5.01813	0	5.90495	0	5.3692	0	4.52493	0	2.78745	0	6.09767	0	4.99696	0	4.75211	0	5.70588	0	5.10595	0	4.74583	0	4.73697	0	5.15031	0
5.11948	0	4.40363	0	5.78946	0	4.96616	0	1.54184	0	5.10642	0	1.22821	0	5.34526	0	1.5974	0	4.09106	0	4.39753	0	4.9784	0	5.01813	0	5.90495	0	5.3692	0	4.52493	0	2.70676	0	6.09767	0	4.99696	0	4.74651	0	5.70588	0	5.10595	0	4.74583	0	4.73697	0	5.15031	0
5.11948	0	4.40363	0	5.78946	0	4.96616	0	1.54167	0	5.10642	0	1.22215	0	5.34526	0	1.5974	0	4.09106	0	4.21489	0	4.9784	0	5.01813	0	5.90495	0	5.3692	0	4.52493	0	2.65277	0	6.09767	0	4.99696	0	4.74651	0	5.70588	0	5.10595	0	4.74583	0	4.73697	0	5.15031	0
5.11948	0	4.15639	0	5.78946	0	4.96616	0	1.54162	0	5.10642	0	1.2117	0	5.34526	0	1.59739	0	4.09106	0	4.21489	0	4.9784	0	5.01813	0	5.90495	0	5.3692	0	4.52493	0	2.53594	0	6.09767	0	4.99696	0	4.74651	0	5.5506	0	5.10595	0	4.74583	0	4.73697	0	5.15031	0
5.11948	0	3.89185	0	5.78946	0	4.96616	0	1.54158	0	5.10642	0	1.20363	0	5.34526	0	1.59736	0	4.09106	0	4.21489	0	4.9784	0	5.01813	0	5.90495	0	5.3692	0	4.52493	0	2.53594	0	6.09767	0	4.99696	0	4.74651	0	5.5506	0	5.10595	0	4.74583	0	4.73697	0	5.15031	0
5.11948	0	3.5698	0	5.78946	0	4.96616	0	1.54144	0	5.10642	0	1.20101	0	5.34526	0	1.59734	0	4.09106	0	4.21489	0	4.9784	0	5.01813	0	5.90495	0	5.3692	0	4.52493	0	2.52641	0	6.09767	0	4.99696	0	4.73456	0	5.5506	0	5.10595	0	4.74583	0	4.73697	0	5.15031	0
5.11948	0	3.56737	0	5.78946	0	4.96616	0	1.52286	0	5.10642	0	1.17985	0	5.34526	0	1.59733	0	4.09106	0	4.21489	0	4.9784	0	5.01813	0	5.90495	0	5.3692	0	4.52493	0	2.46599	0	6.09767	0	4.99696	0	4.73456	0	5.5506	0	5.10595	0	4.74583	0	4.73697	0	5.15031	0
5.11948	0	3.39588	0	5.69728	0	4.96616	0	1.52286	0	5.10642	0	1.17597	0	5.34526	0	1.59731	0	4.09106	0	4.21489	0	4.9784	0	5.01813	0	5.90495	0	5.3692	0	4.46992	0	2.46337	0	6.09767	0	4.99696	0	4.73456	0	5.5506	0	5.10595	0	4.74583	0	4.73697	0	5.15031	0
5.11948	0	3.20779	0	5.69728	0	4.96616	0	1.52286	0	5.10642	0	1.17425	0	5.34526	0	1.59731	0	4.09106	0	4.21489	0	4.9784	0	5.01813	0	5.90495	0	5.3692	0	4.46992	0	2.34632	0	6.09767	0	4.99696	0	4.6758	0	5.53536	0	5.10595	0	4.74583	0	4.73697	0	5.15031	0
5.11948	0	3.20779	0	5.69728	0	4.96616	0	1.52286	0	5.10642	0	1.17022	0	5.34526	0	1.5973	0	4.09106	0	4.21489	0	4.9784	0	5.01813	0	5.90495	0	5.3692	0	4.22937	0	2.34632	0	6.09767	0	4.99696	0	4.6758	0	5.53536	0	5.10595	0	4.74583	0	4.73697	0	5.15031	0
5.11948	0	3.19953	0	5.69728	0	4.96616	0	1.52286	0	5.10642	0	1.16414	0	5.34526	0	1.59729	0	4.09106	0	4.21489	0	4.9784	0	5.01813	0	5.90495	0	5.3692	0	4.22937	0	2.24305	0	6.09767	0	4.99696	0	4.6758	0	5.53536	0	5.10595	0	4.74583	0	4.73697	0	5.15031	0
5.11948	0	3.14692	0	5.69728	0	4.96616	0	1.52286	0	5.10642	0	1.16159	0	5.34526	0	1.56899	0	4.09106	0	4.21489	0	4.9784	0	5.01813	0	5.90495	0	5.3692	0	4.22937	0	2.24305	0	6.09767	0	4.99696	0	4.65634	0	5.53536	0	5.10595	0	4.74583	0	4.73697	0	5.15031	0
5.11948	0	3.06438	0	5.69728	0	4.96616	0	1.52286	0	5.10642	0	1.1606	0	5.34526	0	1.56899	0	4.09106	0	4.21489	0	4.92752	0	5.01813	0	5.66912	0	5.3692	0	4.22937	0	2.24305	0	6.09767	0	4.99696	0	4.64814	0	5.53536	0	5.10595	0	4.74583	0	4.73697	0	5.15031	0
5.11948	0	3.06438	0	5.69728	0	4.96616	0	1.52286	0	5.10642	0	1.1602	0	5.34526	0	1.56899	0	4.09106	0	4.21489	0	4.92752	0	5.01813	0	5.66912	0	5.3692	0	4.22937	0	2.23342	0	6.09767	0	4.99696	0	4.20233	0	5.53536	0	5.10595	0	4.74583	0	4.73697	0	5.15031	0
5.11948	0	2.90313	0	5.69728	0	4.96616	0	1.52286	0	5.10642	0	1.15605	0	5.34526	0	1.56899	0	4.09106	0	4.20106	0	4.69749	0	5.01813	0	5.66912	0	5.3692	0	4.21656	0	2.23342	0	6.09767	0	4.99696	0	4.20233	0	5.53536	0	5.10595	0	4.74583	0	4.73697	0	5.15031	0
5.11948	0	2.85746	0	5.69728	0	4.96616	0	1.52286	0	5.10642	0	1.15605	0	5.34526	0	1.56899	0	4.09106	0	4.20106	0	4.69749	0	5.01813	0	5.22838	0	5.3692	0	4.21656	0	2.23342	0	6.09767	0	4.99696	0	4.13018	0	5.52018	0	5.10595	0	4.74583	0	4.73697	0	5.15031	0
5.11948	0	2.81011	0	5.69728	0	4.96616	0	1.52286	0	5.10642	0	1.15552	0	5.34526	0	1.56899	0	4.09106	0	4.20106	0	4.69749	0	5.01813	0	5.22838	0	5.3692	0	4.21656	0	2.23342	0	6.09767	0	4.99696	0	4.13018	0	5.52018	0	5.10595	0	4.74583	0	4.73697	0	5.15031	0
5.11948	0	2.72773	0	5.69728	0	4.96616	0	1.52286	0	5.10642	0	1.15065	0	5.34526	0	1.56899	0	4.09106	0	4.20106	0	4.69749	0	5.01813	0	5.22838	0	5.3692	0	4.21656	0	2.23342	0	6.09767	0	4.60046	0	4.13018	0	5.52018	0	5.10595	0	4.74583	0	4.73697	0	5.15031	0
5.11948	0	2.60506	0	5.69728	0	4.96616	0	1.52286	0	5.10642	0	1.15004	0	5.24298	0	1.56899	0	4.09106	0	4.20106	0	4.69749	0	5.01813	0	5.22838	0	5.3692	0	4.21656	0	2.22155	0	6.09767	0	4.60046	0	4.1126	0	5.52018	0	4.83735	0	4.74583	0	4.73697	0	5.15031	0
5.11948	0	2.59343	0	5.69728	0	4.96616	0	1.52286	0	5.10642	0	1.14885	0	5.24298	0	1.56899	0	4.09106	0	4.20106	0	4.44532	0	5.01813	0	5.22838	0	5.3692	0	4.14198	0	2.18994	0	6.09767	0	4.60046	0	4.1126	0	5.52018	0	4.83735	0	4.74583	0	4.73697	0	5.15031	0
5.11948	0	2.46444	0	5.69728	0	4.96616	0	1.52286	0	5.10642	0	1.14737	0	5.24298	0	1.56899	0	3.59359	0	4.20106	0	4.42806	0	5.01813	0	5.22838	0	5.3692	0	4.10688	0	2.18994	0	6.09767	0	4.60046	0	3.8919	0	5.52018	0	4.83735	0	4.74583	0	4.73697	0	5.15031	0
5.11948	0	2.44752	0	5.69728	0	4.96616	0	1.52286	0	5.10642	0	1.14715	0	5.24298	0	1.56899	0	3.59359	0	4.20106	0	4.42806	0	4.4656	0	5.22838	0	5.3692	0	4.10688	0	2.16058	0	6.09767	0	4.60046	0	3.89107	0	5.52018	0	4.83735	0	4.74583	0	4.73697	0	5.15031	0
5.11948	0	2.3683	0	5.69728	0	4.96616	0	1.52286	0	5.10642	0	1.1463	0	5.24298	0	1.56899	0	3.59359	0	4.14765	0	4.42806	0	4.4656	0	5.22838	0	5.3692	0	4.0042	0	2.15287	0	6.09767	0	4.60046	0	3.84669	0	5.52018	0	4.83735	0	4.74583	0	4.73697	0	5.15031	0
5.11948	0	2.243	0	5.69728	0	4.96616	0	1.52286	0	5.10642	0	1.14576	0	5.24298	0	1.56899	0	3.59359	0	4.14765	0	4.42806	0	4.4656	0	5.22838	0	5.3692	0	4.0042	0	2.12787	0	6.09767	0	4.60046	0	3.84669	0	5.52018	0	4.83735	0	4.74583	0	4.73697	0	5.15031	0
5.11948	0	2.243	0	5.69728	0	4.96616	0	1.52286	0	5.10642	0	1.14516	0	5.24298	0	1.56899	0	3.59359	0	4.14601	0	4.17601	0	4.4656	0	5.22838	0	5.3692	0	3.967	0	2.0809	0	6.09767	0	4.60046	0	3.82702	0	5.52018	0	4.83735	0	4.74583	0	4.73697	0	5.15031	0
5.11948	0	2.14859	0	5.69728	0	4.96616	0	1.52286	0	5.10642	0	1.14516	0	5.24298	0	1.56899	0	3.59359	0	4.14601	0	4.02609	0	4.4656	0	5.22838	0	5.3692	0	3.95158	0	2.07736	0	6.09767	0	4.60046	0	3.78319	0	5.52018	0	4.83735	0	4.74583	0	4.73697	0	5.15031	0
5.11948	0	2.11655	0	5.69728	0	4.96616	0	1.52286	0	5.10642	0	1.14472	0	5.24298	0	1.56899	0	3.59359	0	3.9949	0	3.90512	0	4.4656	0	5.22838	0	5.3692	0	3.95158	0	2.0369	0	6.09767	0	4.60046	0	3.78319	0	5.52018	0	4.83735	0	4.74583	0	4.73697	0	5.15031	0
5.11948	0	2.06106	0	5.69728	0	4.96616	0	1.52286	0	5.10642	0	1.14426	0	5.24298	0	1.56899	0	3.58189	0	3.9949	0	3.89311	0	4.4656	0	5.22838	0	5.3692	0	3.95158	0	2.01109	0	6.09767	0	4.60046	0	3.56158	0	5.52018	0	4.83735	0	4.74583	0	4.73697	0	5.15031	0
5.11948	0	2.02126	0	5.69728	0	4.96616	0	1.52286	0	5.10642	0	1.14393	0	5.24298	0	1.56899	0	3.58189	0	3.85809	0	3.89212	0	4.4656	0	5.22838	0	5.3692	0	3.94682	0	1.98421	0	6.09767	0	4.60046	0	3.56158	0	5.52018	0	4.83735	0	4.52361	0	4.73697	0	5.15031	0
5.11948	0	1.99086	0	5.69728	0	4.96616	0	1.52286	0	5.10642	0	1.1438	0	5.24298	0	1.56899	0	3.58189	0	3.76077	0	3.84284	0	4.4656	0	5.22838	0	5.3692	0	3.86031	0	1.92441	0	6.09767	0	4.60046	0	3.44841	0	5.52018	0	4.83735	0	4.52361	0	4.73697	0	5.15031	0
5.11948	0	1.96839	0	5.69728	0	4.96616	0	1.52286	0	5.10642	0	1.14295	0	5.24298	0	1.56899	0	3.58189	0	3.58319	0	3.80152	0	4.4656	0	5.22838	0	5.3692	0	3.86031	0	1.80774	0	6.09767	0	4.60046	0	3.44841	0	5.52018	0	4.83735	0	4.52361	0	4.73697	0	5.15031	0
5.11948	0	1.89098	0	5.69728	0	4.96616	0	1.52286	0	5.10642	0	1.14295	0	5.11031	0	1.56899	0	3.57666	0	3.58319	0	3.80152	0	4.4656	0	5.22838	0	5.3692	0	3.8339	0	1.77692	0	6.09767	0	4.59975	0	3.44841	0	4.81029	0	4.83735	0	4.52361	0	4.73697	0	5.15031	0
5.11948	0	1.87197	0	5.69728	0	4.96616	0	1.52286	0	5.10642	0	1.14294	0	5.11031	0	1.56899	0	3.22755	0	3.41475	0	3.77034	0	4.4656	0	5.22838	0	5.3692	0	3.8339	0	1.77692	0	6.09767	0	4.59975	0	3.44841	0	4.81029	0	4.83735	0	4.52361	0	4.73697	0	5.15031	0
5.11948	0	1.82042	0	5.69728	0	4.96616	0	1.52286	0	5.10642	0	1.14259	0	5.11031	0	1.56899	0	3.22755	0	3.41475	0	3.75161	0	4.4656	0	5.22838	0	5.3692	0	3.74415	0	1.74227	0	5.69656	0	4.59975	0	3.44841	0	4.81029	0	4.83735	0	4.52361	0	4.73697	0	5.15031	0
5.11948	0	1.77599	0	5.69728	0	4.96616	0	1.52286	0	5.10642	0	1.14249	0	4.76195	0	1.56899	0	3.22755	0	3.27839	0	3.72431	0	4.4656	0	5.22838	0	5.3692	0	3.61921	0	1.69691	0	5.69656	0	4.59975	0	3.44841	0	4.81029	0	4.83735	0	4.52361	0	4.73697	0	5.15031	0
5.11948	0	1.74573	0	5.69728	0	4.96616	0	1.52286	0	5.10642	0	1.14237	0	4.73132	0	1.56899	0	3.22755	0	3.01177	0	3.70716	0	4.4656	0	5.22838	0	5.3692	0	3.55711	0	1.69691	0	5.69656	0	4.59975	0	3.44841	0	4.81029	0	4.83735	0	4.52361	0	4.73697	0	5.15031	0
5.11948	0	1.67933	0	5.69728	0	4.96616	0	1.52286	0	5.10642	0	1.14168	0	4.73132	0	1.56899	0	3.22755	0	2.85741	0	3.70245	0	4.4656	0	5.22838	0	5.3692	0	3.43132	0	1.67369	0	5.69656	0	4.22832	0	3.38601	0	4.81029	0	4.83735	0	4.52361	0	4.73697	0	5.15031	0
5.11948	0	1.67367	0	5.69728	0	4.96616	0	1.52286	0	5.10642	0	1.14168	0	4.73132	0	1.56899	0	2.93939	0	2.85741	0	3.68623	0	4.4656	0	5.22838	0	5.3692	0	3.33684	0	1.65458	0	5.69656	0	4.22832	0	3.38601	0	4.81029	0	4.83735	0	4.52361	0	4.73697	0	5.15031	0
5.11948	0	1.65814	0	5.69728	0	4.96616	0	1.52286	0	5.10642	0	1.14147	0	4.40122	0	1.56899	0	2.93939	0	2.74201	0	3.63539	0	4.4656	0	5.22838	0	5.3692	0	3.16482	0	1.6404	0	5.69656	0	4.22832	0	3.3047	0	4.81029	0	4.83735	0	4.52361	0	4.73697	0	5.15031	0
5.11948	0	1.63748	0	5.69728	0	4.96616	0	1.52286	0	5.10642	0	1.14106	0	4.38019	0	1.56899	0	2.93939	0	2.45578	0	3.58077	0	4.4656	0	5.22838	0	5.3692	0	3.07904	0	1.62769	0	5.69656	0	4.22832	0	3.3047	0	4.81029	0	4.78322	0	4.52361	0	4.61858	0	5.15031	0
5.11948	0	1.63166	0	5.69728	0	4.96616	0	1.52286	0	5.10642	0	1.14059	0	4.38019	0	1.56899	0	2.93939	0	2.45578	0	3.51207	0	4.4656	0	5.22838	0	5.3692	0	2.9839	0	1.61661	0	5.14983	0	4.22832	0	3.2206	0	4.81029	0	4.78322	0	4.52361	0	4.61858	0	5.15031	0
5.11948	0	1.61495	0	5.69728	0	4.96616	0	1.52286	0	5.10642	0	1.1402	0	4.33277	0	1.56899	0	2.93939	0	2.44424	0	3.46527	0	4.4656	0	5.22838	0	5.3692	0	2.79328	0	1.60821	0	5.14983	0	4.22832	0	3.2206	0	4.81029	0	4.78322	0	4.52361	0	4.61858	0	5.15031	0
5.11948	0	1.60167	0	5.69728	0	4.96616	0	1.52286	0	5.10642	0	1.13947	0	4.33277	0	1.56899	0	2.93939	0	2.36877	0	3.40239	0	4.4656	0	5.22838	0	5.3692	0	2.6819	0	1.59702	0	5.14983	0	4.22832	0	3.2206	0	4.81029	0	4.78322	0	4.52361	0	4.61858	0	5.15031	0
5.11948	0	1.59341	0	5.69728	0	4.96616	0	1.52286	0	5.10642	0	1.13897	0	4.33277	0	1.56899	0	2.90475	0	2.33018	0	3.33252	0	4.4656	0	5.22838	0	5.27304	0	2.66118	0	1.58921	0	5.14983	0	4.08947	0	3.2206	0	4.81029	0	4.78322	0	4.52361	0	4.61858	0	5.15031	0
5.11948	0	1.58336	0	5.69728	0	4.96616	0	1.52286	0	5.10642	0	1.13851	0	4.33277	0	1.56899	0	2.90178	0	2.26965	0	3.29317	0	4.4656	0	5.22838	0	5.27304	0	2.64358	0	1.58299	0	5.14983	0	4.08772	0	3.2206	0	4.81029	0	4.71198	0	4.52361	0	4.61858	0	5.15031	0
5.11948	0	1.57317	0	5.69728	0	4.96616	0	1.52286	0	5.10642	0	1.13835	0	4.33277	0	1.56899	0	2.82079	0	2.26624	0	3.19516	0	4.4656	0	5.22838	0	5.27304	0	2.57993	0	1.57036	0	5.14983	0	3.96344	0	3.2206	0	4.81029	0	4.71198	0	4.52361	0	4.61858	0	5.15031	0
5.11948	0	1.56494	0	5.69728	0	4.96616	0	1.52286	0	4.46231	0	1.1374	0	4.33277	0	1.56899	0	2.71304	0	2.23013	0	3.09482	0	4.4656	0	5.22838	0	5.27304	0	2.46903	0	1.56615	0	5.14983	0	3.96344	0	3.2206	0	4.81029	0	4.71198	0	4.52361	0	4.23546	0	5.15031	0
5.11948	0	1.55674	0	5.69728	0	4.96616	0	1.52286	0	4.46231	0	1.13714	0	4.33277	0	1.56899	0	2.67476	0	2.15483	0	3.05587	0	4.4656	0	5.22838	0	5.27304	0	2.45496	0	1.56615	0	5.14983	0	3.96344	0	3.2206	0	4.81029	0	4.71198	0	4.52361	0	4.23546	0	5.15031	0
5.11948	0	1.54811	0	5.69728	0	4.96616	0	1.52286	0	4.46231	0	1.13697	0	4.33277	0	1.56899	0	2.6281	0	2.12612	0	2.98441	0	4.4656	0	5.22838	0	5.27304	0	2.44634	0	1.55235	0	5.14983	0	2.51613	0	3.2206	0	4.81029	0	4.71198	0	4.52361	0	4.23546	0	5.15031	0
5.11948	0	1.54811	0	5.69728	0	4.96616	0	1.52286	0	4.46231	0	1.13697	0	4.33277	0	1.56899	0	2.51963	0	2.10007	0	2.9362	0	4.4656	0	5.22838	0	5.27304	0	2.37162	0	1.5429	0	5.14983	0	2.51613	0	3.2206	0	4.81029	0	4.71198	0	4.52361	0	4.22869	0	5.15031	0
4.9989	0	1.54048	0	5.69728	0	4.96616	0	1.52286	0	4.46231	0	1.13677	0	4.33277	0	1.56899	0	2.51963	0	2.0499	0	2.9329	0	4.4656	0	5.22838	0	5.27304	0	2.32802	0	1.54005	0	5.14983	0	2.51613	0	3.19696	0	4.81029	0	4.61026	0	4.52361	0	4.22869	0	5.15031	0
4.9989	0	1.53632	0	5.69728	0	4.96616	0	1.52286	0	4.46231	0	1.13636	0	4.12552	0	1.56899	0	2.51963	0	1.98906	0	2.83363	0	4.4656	0	5.22838	0	5.27304	0	2.32232	0	1.53297	0	5.14537	0	2.51613	0	3.19696	0	4.81029	0	4.61026	0	4.52361	0	4.22869	0	5.15031	0
4.9989	0	1.52523	0	5.69728	0	4.96616	0	1.52286	0	4.46231	0	1.13612	0	3.86202	0	1.56899	0	2.45987	0	1.98221	0	2.83363	0	4.4656	0	5.22838	0	5.27304	0	2.24149	0	1.52319	0	5.08973	0	2.51613	0	3.13452	0	4.81029	0	4.61026	0	4.52361	0	4.22869	0	5.15031	0
4.78968	0	1.52491	0	5.65059	0	4.96616	0	1.52286	0	4.46231	0	1.13611	0	3.83461	0	1.56899	0	2.45987	0	1.90773	0	2.81155	0	4.4656	0	5.22838	0	5.01108	0	2.20997	0	1.52319	0	5.08973	0	2.51613	0	3.13452	0	4.81029	0	4.61026	0	4.52361	0	4.22869	0	5.15031	0
4.78968	0	1.52131	0	5.65059	0	4.96616	0	1.52286	0	4.41613	0	1.13574	0	3.83461	0	1.56899	0	2.32923	0	1.8725	0	2.78825	0	4.4656	0	5.22838	0	5.01108	0	2.09839	0	1.52146	0	4.98913	0	2.51613	0	2.9858	0	4.81029	0	4.61026	0	4.52361	0	4.22869	0	5.15031	0
4.78968	0	1.51614	0	5.65059	0	4.96616	0	1.52286	0	4.41613	0	1.13574	0	3.7885	0	1.56899	0	2.32923	0	1.84101	0	2.73719	0	4.4656	0	5.22838	0	5.01108	0	2.09839	0	1.51899	0	4.98913	0	2.51613	0	2.9858	0	4.81029	0	4.61026	0	4.52361	0	4.22869	0	5.15031	0
4.78968	0	1.51049	0	5.65059	0	4.96616	0	1.52286	0	4.41613	0	1.13571	0	3.69555	0	1.56899	0	2.25538	0	1.77037	0	2.72361	0	4.4656	0	5.22838	0	5.01108	0	2.09334	0	1.50926	0	4.98913	0	2.51613	0	2.96055	0	4.81029	0	4.61026	0	4.52361	0	4.22869	0	5.15031	0
4.78968	0	1.50712	0	5.65059	0	4.96616	0	1.52286	0	4.41613	0	1.1357	0	3.67708	0	1.56899	0	2.25505	0	1.73422	0	2.68262	0	4.4656	0	5.22838	0	5.01108	0	2.07223	0	1.50201	0	4.98913	0	2.51613	0	2.92898	0	4.81029	0	4.51481	0	4.52361	0	4.17714	0	5.15031	0
4.78968	0	1.50613	0	5.65059	0	4.96616	0	1.52286	0	4.41613	0	1.13549	0	3.67708	0	1.56899	0	2.19295	0	1.70242	0	2.61519	0	4.4656	0	5.22838	0	5.01108	0	2.00565	0	1.49155	0	4.98913	0	2.51613	0	2.88608	0	4.81029	0	4.51481	0	4.52361	0	4.17714	0	5.15031	0
4.78968	0	1.50209	0	5.65059	0	4.96616	0	1.52286	0	4.41613	0	1.13539	0	3.59272	0	1.56899	0	2.16771	0	1.65574	0	2.61519	0	4.4656	0	5.22838	0	5.01108	0	2.00565	0	1.48729	0	4.98913	0	2.51613	0	2.78418	0	4.81029	0	4.51481	0	4.52361	0	4.17714	0	5.15031	0
4.78968	0	1.50059	0	5.65059	0	4.96616	0	1.52286	0	4.41613	0	1.13529	0	3.57124	0	1.56899	0	2.12587	0	1.63952	0	2.56662	0	4.4656	0	5.22838	0	5.01108	0	1.99192	0	1.47758	0	4.98913	0	2.51613	0	2.5958	0	4.81029	0	4.51481	0	4.52361	0	4.17714	0	5.15031	0
4.78968	0	1.49789	0	5.65059	0	4.96616	0	1.52286	0	4.41613	0	1.13519	0	3.54956	0	1.56899	0	2.11434	0	1.58172	0	2.55469	0	4.4656	0	5.22838	0	5.01108	0	1.9723	0	1.47282	0	4.98913	0	2.51613	0	2.50802	0	4.81029	0	4.51481	0	4.52361	0	4.17714	0	5.15031	0
4.78968	0	1.49345	0	5.65059	0	4.96616	0	1.52286	0	4.41613	0	1.13505	0	3.34328	0	1.56899	0	2.08642	0	1.58172	0	2.55469	0	4.4656	0	5.22838	0	5.01108	0	1.97169	0	1.46156	0	4.98913	0	2.51613	0	2.37637	0	4.81029	0	4.51481	0	4.52361	0	4.17714	0	5.15031	0
4.78968	0	1.48867	0	5.65059	0	4.96616	0	1.52286	0	4.41613	0	1.13505	0	3.34328	0	1.56899	0	2.03209	0	1.56962	0	2.50887	0	4.4656	0	5.22838	0	5.01108	0	1.96085	0	1.457	0	4.98913	0	2.51613	0	2.26788	0	4.81029	0	4.51481	0	4.52361	0	4.17714	0	5.15031	0
4.78602	0	1.48867	0	5.65059	0	4.96616	0	1.52286	0	4.41613	0	1.13494	0	3.26727	0	1.56899	0	2.01997	0	1.54544	0	2.50887	0	4.4656	0	4.61822	0	5.01108	0	1.94515	0	1.457	0	4.98913	0	2.51613	0	2.15676	0	4.63419	0	4.51481	0	4.52361	0	4.17714	0	5.15031	0
4.78602	0	1.48795	0	5.65059	0	4.96616	0	1.52286	0	4.41613	0	1.13492	0	3.15372	0	1.56899	0	1.93781	0	1.54045	0	2.50887	0	4.4656	0	4.61822	0	5.01108	0	1.92019	0	1.45438	0	4.98913	0	2.51613	0	2.12128	0	4.63419	0	4.51481	0	4.52361	0	4.17714	0	5.15031	0
4.78602	0	1.48452	0	5.65059	0	4.96616	0	1.52286	0	4.41613	0	1.13492	0	3.15372	0	1.56899	0	1.91211	0	1.50112	0	2.50597	0	4.4656	0	4.61822	0	5.01108	0	1.89728	0	1.44672	0	4.98913	0	2.51613	0	2.02742	0	4.63419	0	4.51481	0	4.52361	0	4.17714	0	5.15031	0
4.78602	0	1.48361	0	5.65059	0	4.96616	0	1.52286	0	4.41613	0	1.13491	0	3.12666	0	1.56899	0	1.88346	0	1.48256	0	2.47572	0	4.4656	0	4.61822	0	5.01108	0	1.87074	0	1.44672	0	4.98913	0	2.51613	0	2.02742	0	4.57439	0	4.51481	0	4.52361	0	4.17714	0	5.15031	0
4.78602	0	1.48117	0	5.65059	0	4.96616	0	1.52286	0	4.41613	0	1.13482	0	3.08522	0	1.56899	0	1.83817	0	1.47117	0	2.45714	0	4.4656	0	4.61822	0	5.01108	0	1.86319	0	1.44555	0	4.98913	0	2.51613	0	1.99205	0	4.45305	0	4.51481	0	4.52361	0	4.17714	0	5.15031	0
4.78602	0	1.47831	0	5.65059	0	4.74623	0	1.52286	0	4.41613	0	1.13479	0	3.02264	0	1.56899	0	1.82197	0	1.42117	0	2.44227	0	4.4656	0	4.61822	0	5.01108	0	1.82697	0	1.44364	0	4.98913	0	2.51613	0	1.93661	0	4.45305	0	4.51481	0	4.52361	0	4.17714	0	5.15031	0
4.78602	0	1.47831	0	5.65059	0	4.74623	0	1.52286	0	4.41613	0	1.13479	0	2.97256	0	1.56899	0	1.7675	0	1.42117	0	2.42567	0	4.4656	0	4.61822	0	5.01108	0	1.81073	0	1.44136	0	4.98913	0	2.51613	0	1.93466	0	4.02263	0	4.51481	0	4.52361	0	4.17714	0	5.15031	0
4.78602	0	1.47487	0	5.65059	0	4.74623	0	1.52286	0	4.41613	0	1.13474	0	2.96846	0	1.56899	0	1.74031	0	1.39924	0	2.39935	0	4.4656	0	4.61822	0	5.01108	0	1.79127	0	1.44027	0	4.98913	0	2.51613	0	1.91648	0	3.96028	0	4.51481	0	4.52361	0	4.17714	0	5.15031	0
4.78602	0	1.47316	0	5.65059	0	4.74623	0	1.52286	0	4.41613	0	1.13471	0	2.89114	0	1.56899	0	1.71723	0	1.39329	0	2.35071	0	4.4656	0	4.61822	0	5.01108	0	1.78714	0	1.43869	0	4.98913	0	2.51613	0	1.90156	0	3.95298	0	4.51481	0	4.52361	0	4.17714	0	5.15031	0
4.78602	0	1.47316	0	5.65059	0	4.74623	0	1.52286	0	4.41613	0	1.13467	0	2.84384	0	1.56899	0	1.67183	0	1.38084	0	2.33358	0	4.4656	0	4.61822	0	5.01108	0	1.7658	0	1.43685	0	4.98913	0	2.51613	0	1.86275	0	3.86721	0	4.51481	0	4.52361	0	4.17714	0	5.15031	0
4.78602	0	1.47316	0	5.46922	0	4.74623	0	1.52286	0	4.41613	0	1.13464	0	2.80563	0	1.56899	0	1.65853	0	1.36541	0	2.31193	0	4.4656	0	4.61822	0	5.01108	0	1.75327	0	1.43685	0	4.93473	0	2.51613	0	1.83747	0	3.86721	0	4.51481	0	4.52361	0	4.17714	0	5.15031	0
4.50753	0	1.47255	0	5.46922	0	4.74623	0	1.52286	0	4.41613	0	1.13459	0	2.71342	0	1.56899	0	1.65108	0	1.36541	0	2.28522	0	4.4656	0	4.61822	0	5.01108	0	1.75037	0	1.43636	0	4.93473	0	2.40062	0	1.79716	0	3.86721	0	4.51481	0	4.52361	0	4.17714	0	4.68147	0
4.50753	0	1.47132	0	5.46922	0	4.74623	0	1.52286	0	4.41613	0	1.13458	0	2.67155	0	1.56899	0	1.59834	0	1.34984	0	2.25409	0	4.4656	0	4.61822	0	5.01108	0	1.74004	0	1.43441	0	4.91811	0	2.40062	0	1.79716	0	3.84355	0	4.51481	0	4.52361	0	4.17714	0	4.68147	0
4.50753	0	1.47118	0	5.46922	0	4.74623	0	1.52286	0	4.41613	0	1.13455	0	2.66532	0	1.56899	0	1.59834	0	1.34667	0	2.21524	0	4.4656	0	4.61822	0	5.00372	0	1.72953	0	1.43441	0	4.81922	0	2.40062	0	1.76351	0	3.84355	0	4.31918	0	4.52361	0	4.17714	0	4.68147	0
4.50753	0	1.47083	0	5.46922	0	4.74623	0	1.52286	0	4.41613	0	1.13452	0	2.60502	0	1.56899	0	1.58996	0	1.3458	0	2.18155	0	4.4656	0	4.61822	0	5.00372	0	1.71245	0	1.43233	0	4.81922	0	2.36901	0	1.74747	0	3.84355	0	4.31918	0	4.52361	0	4.17714	0	4.68147	0
4.50753	0	1.4704	0	5.46922	0	4.74623	0	1.52286	0	4.41613	0	1.1345	0	2.52986	0	1.56899	0	1.58996	0	1.34038	0	2.18155	0	4.4656	0	4.61822	0	5.00372	0	1.71245	0	1.43212	0	4.81922	0	2.36901	0	1.71392	0	3.84355	0	4.25193	0	4.52361	0	4.17714	0	4.68147	0
4.50753	0	1.47035	0	5.46922	0	4.74623	0	1.52286	0	4.41613	0	1.13448	0	2.52586	0	1.56899	0	1.57228	0	1.3185	0	2.1693	0	4.4656	0	4.61822	0	5.00372	0	1.6984	0	1.43019	0	4.81922	0	2.33905	0	1.70136	0	3.84355	0	4.25193	0	4.52361	0	4.17714	0	4.68147	0
4.50753	0	1.47014	0	5.46922	0	4.74623	0	1.52286	0	4.41613	0	1.13445	0	2.50455	0	1.56899	0	1.56826	0	1.31502	0	2.13341	0	4.4656	0	4.61822	0	5.00372	0	1.6984	0	1.43019	0	4.77868	0	2.33905	0	1.68791	0	3.84152	0	4.25193	0	4.52361	0	4.17714	0	4.68147	0
4.50753	0	1.46972	0	5.46922	0	4.74623	0	1.52286	0	4.41613	0	1.13443	0	2.46317	0	1.56899	0	1.56587	0	1.31502	0	2.12539	0	4.4656	0	4.61822	0	4.99051	0	1.69287	0	1.43015	0	4.77868	0	2.33905	0	1.67848	0	3.84152	0	3.93649	0	4.52361	0	4.17714	0	4.64688	0
4.50753	0	1.46925	0	5.46922	0	4.74623	0	1.52286	0	4.41613	0	1.13442	0	2.43974	0	1.56899	0	1.55741	0	1.31471	0	2.11076	0	4.4656	0	4.61822	0	4.99051	0	1.69164	0	1.42921	0	4.76399	0	2.33905	0	1.67848	0	3.78544	0	3.93649	0	4.52361	0	4.17714	0	4.64688	0
4.50753	0	1.46906	0	5.46922	0	4.41827	0	1.52286	0	4.41613	0	1.13441	0	2.3905	0	1.56899	0	1.55741	0	1.31077	0	2.07755	0	4.4656	0	4.61822	0	4.99051	0	1.68652	0	1.42797	0	4.76399	0	2.33905	0	1.67167	0	3.78544	0	3.93649	0	4.39905	0	4.17714	0	4.64688	0
4.37513	0	1.46884	0	5.46922	0	4.41827	0	1.52286	0	4.41613	0	1.1344	0	2.3574	0	1.56899	0	1.54531	0	1.30661	0	2.04704	0	4.4656	0	4.61822	0	4.99051	0	1.67935	0	1.42686	0	4.76399	0	2.33905	0	1.67167	0	3.74081	0	3.93649	0	4.39905	0	4.17714	0	4.64688	0
4.26959	0	1.46866	0	5.42353	0	4.41827	0	1.52286	0	4.41613	0	1.13439	0	2.32171	0	1.56899	0	1.54366	0	1.30278	0	2.03361	0	4.4656	0	4.61822	0	4.99051	0	1.66852	0	1.42675	0	4.24987	0	2.33905	0	1.65354	0	3.74081	0	3.93649	0	4.39379	0	4.17714	0	4.64688	0
4.26959	0	1.46856	0	5.42353	0	4.41827	0	1.52286	0	4.41613	0	1.13436	0	2.29568	0	1.56899	0	1.53909	0	1.30222	0	2.00555	0	4.4656	0	4.61822	0	4.95045	0	1.66852	0	1.42589	0	4.24428	0	2.33905	0	1.65203	0	3.72548	0	3.80095	0	4.3931	0	4.17714	0	4.64688	0
3.93927	0	1.46832	0	5.42353	0	4.41827	0	1.52286	0	4.41613	0	1.13435	0	2.25987	0	1.56899	0	1.53909	0	1.29721	0	1.99352	0	4.4656	0	4.61822	0	4.95045	0	1.66707	0	1.42524	0	3.87359	0	2.33905	0	1.63746	0	3.72548	0	3.80095	0	4.33751	0	4.17714	0	4.64688	0
3.88592	0	1.46803	0	5.42353	0	4.41827	0	1.52286	0	4.41613	0	1.13435	0	2.25081	0	1.56899	0	1.53563	0	1.29544	0	1.98567	0	4.4656	0	4.61822	0	4.95045	0	1.66241	0	1.42387	0	3.87359	0	2.2282	0	1.62856	0	3.56734	0	3.80095	0	4.16729	0	4.17714	0	4.6418	0
3.7338	0	1.46803	0	5.42353	0	4.41827	0	1.52286	0	4.41613	0	1.13435	0	2.20618	0	1.56899	0	1.52862	0	1.29379	0	1.97887	0	4.4656	0	4.61822	0	4.95045	0	1.65904	0	1.4234	0	3.87359	0	2.2282	0	1.62809	0	3.45325	0	3.80095	0	4.16729	0	4.17714	0	4.6418	0
3.68341	0	1.46797	0	5.42353	0	3.4895	0	1.52286	0	4.41613	0	1.13435	0	2.20618	0	1.56899	0	1.52386	0	1.28973	0	1.97887	0	4.4656	0	4.61822	0	4.95045	0	1.65658	0	1.42235	0	3.87359	0	2.2282	0	1.62731	0	3.45325	0	3.71398	0	3.93787	0	4.17714	0	4.49996	0
3.44846	0	1.46786	0	5.42353	0	3.4895	0	1.52286	0	4.41613	0	1.13434	0	2.19627	0	1.56899	0	1.52386	0	1.28922	0	1.97248	0	4.4656	0	4.61822	0	4.95045	0	1.65551	0	1.42196	0	3.78232	0	2.15855	0	1.61927	0	3.36091	0	3.60002	0	3.93787	0	4.17714	0	4.47794	0
3.44846	0	1.46777	0	5.42353	0	3.4895	0	1.52286	0	4.41613	0	1.13434	0	2.17546	0	1.56899	0	1.52386	0	1.28586	0	1.97119	0	4.4656	0	4.61822	0	4.92852	0	1.65217	0	1.42127	0	3.78232	0	2.15855	0	1.61641	0	3.26268	0	3.60002	0	3.92844	0	4.1644	0	4.01873	0
3.26959	0	1.46773	0	5.42353	0	3.4895	0	1.52286	0	4.41613	0	1.13433	0	2.16407	0	1.56899	0	1.52071	0	1.28586	0	1.96277	0	4.4656	0	4.61822	0	4.92852	0	1.64938	0	1.42085	0	3.64699	0	2.15855	0	1.61641	0	3.17579	0	3.60002	0	3.92844	0	4.1644	0	4.01873	0
3.26959	0	1.46768	0	5.05902	0	3.4895	0	1.52286	0	4.41613	0	1.13433	0	2.15157	0	1.56899	0	1.51945	0	1.28211	0	1.96277	0	4.3979	0	4.61822	0	4.74976	0	1.64755	0	1.42071	0	3.56115	0	2.15855	0	1.61415	0	3.17579	0	3.49561	0	3.83661	0	4.1644	0	3.91983	0
3.23179	0	1.46766	0	5.05902	0	3.4895	0	1.52286	0	4.41613	0	1.13433	0	2.13602	0	1.56899	0	1.51638	0	1.28211	0	1.95728	0	4.01113	0	4.61822	0	4.62452	0	1.6467	0	1.42052	0	3.46148	0	2.15855	0	1.6095	0	3.08036	0	3.4462	0	3.83661	0	4.1644	0	3.89954	0
3.0779	0	1.46759	0	5.05902	0	3.4895	0	1.52286	0	4.41613	0	1.13433	0	2.1198	0	1.56899	0	1.51353	0	1.27949	0	1.95652	0	4.01113	0	4.61822	0	4.62452	0	1.64629	0	1.42031	0	3.1617	0	2.10699	0	1.60687	0	3.05442	0	3.43754	0	3.40998	0	3.93926	0	3.6574	0
3.0779	0	1.46758	0	5.05902	0	3.4895	0	1.52286	0	4.41613	0	1.13433	0	2.09702	0	1.56899	0	1.51353	0	1.27949	0	1.94951	0	4.01113	0	4.61822	0	4.62452	0	1.64348	0	1.41985	0	3.1617	0	2.09362	0	1.60687	0	2.94249	0	3.43754	0	3.26173	0	3.93926	0	3.52574	0
3.01241	0	1.46754	0	5.05902	0	3.4895	0	1.52286	0	4.41613	0	1.13432	0	2.08571	0	1.56899	0	1.51235	0	1.27541	0	1.94828	0	4.01113	0	4.61822	0	4.62452	0	1.64348	0	1.41976	0	2.90708	0	2.09362	0	1.59982	0	2.8572	0	3.18394	0	3.16349	0	3.4366	0	3.48891	0
2.99223	0	1.46754	0	5.04329	0	3.4895	0	1.52286	0	4.41613	0	1.13432	0	2.07042	0	1.56899	0	1.51077	0	1.27398	0	1.94739	0	4.01113	0	4.61822	0	4.62452	0	1.6424	0	1.41959	0	2.69048	0	2.09362	0	1.59486	0	2.71706	0	3.18394	0	3.16349	0	3.4366	0	3.43319	0
2.88759	0	1.46745	0	5.04329	0	3.4895	0	1.52286	0	4.41613	0	1.13432	0	2.05705	0	1.56899	0	1.51077	0	1.27398	0	1.94571	0	4.01113	0	4.61822	0	4.62452	0	1.64175	0	1.4192	0	2.64716	0	2.00697	0	1.59209	0	2.62925	0	2.82969	0	3.13354	0	3.4366	0	3.26492	0
2.85092	0	1.46745	0	5.04329	0	3.4895	0	1.52286	0	4.41613	0	1.13432	0	2.05107	0	1.56899	0	1.51029	0	1.27126	0	1.94494	0	4.01113	0	4.61822	0	4.62452	0	1.64057	0	1.4192	0	2.51121	0	1.97142	0	1.58592	0	2.58877	0	2.82969	0	3.06424	0	3.4366	0	3.19814	0
2.75586	0	1.46745	0	5.04329	0	3.4895	0	1.52286	0	4.41613	0	1.13432	0	2.05107	0	1.56899	0	1.50869	0	1.26966	0	1.94171	0	4.01113	0	4.61822	0	4.62452	0	1.6397	0	1.4189	0	2.35227	0	1.92548	0	1.57682	0	2.57286	0	2.82969	0	3.06424	0	3.4366	0	2.8649	0
2.72443	0	1.46744	0	5.04329	0	3.4895	0	1.52286	0	4.05037	0	1.13432	0	2.04287	0	1.56899	0	1.50828	0	1.26807	0	1.9402	0	3.51759	0	3.69862	0	4.62452	0	1.63915	0	1.41881	0	2.29457	0	1.92548	0	1.5747	0	2.51364	0	2.76435	0	2.91115	0	3.4366	0	2.76973	0
2.62468	0	1.46742	0	5.04329	0	3.4895	0	1.52286	0	4.05037	0	1.13432	0	2.0343	0	1.56899	0	1.50662	0	1.26649	0	1.9387	0	3.51759	0	3.69862	0	4.62452	0	1.63873	0	1.41867	0	2.29457	0	1.92548	0	1.56712	0	2.43336	0	2.60222	0	2.86381	0	3.4366	0	2.76973	0
2.4641	0	1.46742	0	5.04329	0	3.4895	0	1.52286	0	4.05037	0	1.13432	0	2.02889	0	1.56899	0	1.50605	0	1.26427	0	1.93847	0	3.51759	0	3.69862	0	4.62452	0	1.63848	0	1.41853	0	2.28814	0	1.9239	0	1.56543	0	2.32054	0	2.60222	0	2.61557	0	3.4366	0	2.76973	0
2.4641	0	1.46741	0	5.04329	0	3.4895	0	1.52286	0	4.05037	0	1.13432	0	2.01732	0	1.56899	0	1.50601	0	1.26402	0	1.93502	0	3.51759	0	3.69862	0	4.62452	0	1.63778	0	1.41844	0	2.16947	0	1.90023	0	1.56495	0	2.32054	0	2.60222	0	2.61557	0	3.4366	0	2.71481	0
2.4641	0	1.4674	0	5.04329	0	3.4895	0	1.52286	0	4.05037	0	1.13432	0	2.01305	0	1.56899	0	1.50507	0	1.26402	0	1.93236	0	3.51759	0	3.69862	0	4.57352	0	1.63724	0	1.41829	0	2.16947	0	1.86034	0	1.56145	0	2.32054	0	2.56212	0	2.50086	0	3.4366	0	2.67699	0
2.4641	0	1.46739	0	5.04329	0	3.4895	0	1.52286	0	4.05037	0	1.13432	0	2.00524	0	1.56899	0	1.50495	0	1.2628	0	1.93054	0	3.51759	0	3.69862	0	4.49891	0	1.63709	0	1.41816	0	2.16947	0	1.84014	0	1.55643	0	2.26769	0	2.49463	0	2.4375	0	3.4366	0	2.57008	0
2.4641	0	1.46739	0	4.60591	0	3.4895	0	1.52286	0	4.05037	0	1.13432	0	2.00015	0	1.56899	0	1.50405	0	1.26224	0	1.92738	0	3.51759	0	3.69862	0	4.49275	0	1.63709	0	1.41816	0	2.13432	0	1.81275	0	1.55643	0	2.22296	0	2.33111	0	2.34658	0	3.4366	0	2.5448	0
2.4398	0	1.46738	0	4.60591	0	3.4895	0	1.52286	0	4.05037	0	1.13432	0	1.99098	0	1.56899	0	1.504	0	1.25983	0	1.9263	0	3.51759	0	3.69862	0	4.43957	0	1.637	0	1.41795	0	2.05412	0	1.8126	0	1.55643	0	2.22296	0	2.32016	0	2.28046	0	3.4366	0	2.4919	0
2.38044	0	1.46738	0	4.60591	0	3.4895	0	1.52286	0	4.02596	0	1.13432	0	1.98005	0	1.56899	0	1.50322	0	1.25939	0	1.92476	0	3.51759	0	3.69862	0	4.37493	0	1.637	0	1.41792	0	2.04508	0	1.79543	0	1.55492	0	2.18792	0	2.17195	0	2.26455	0	3.4366	0	2.48377	0
2.33859	0	1.46737	0	4.60591	0	3.4895	0	1.52286	0	4.02596	0	1.13431	0	1.97075	0	1.56899	0	1.50322	0	1.25907	0	1.92476	0	3.40271	0	3.69862	0	4.26841	0	1.63661	0	1.41788	0	2.01722	0	1.79543	0	1.55391	0	2.17295	0	2.07526	0	2.18935	0	3.4366	0	2.44388	0
2.32332	0	1.46737	0	4.60591	0	3.4895	0	1.52286	0	4.02596	0	1.13431	0	1.95599	0	1.56899	0	1.50228	0	1.25792	0	1.92238	0	3.40271	0	3.69862	0	3.97623	0	1.63645	0	1.41784	0	2.00485	0	1.65599	0	1.55217	0	2.15836	0	1.99394	0	2.18935	0	3.4366	0	2.35783	0
2.29967	0	1.46737	0	4.60591	0	3.4895	0	1.52286	0	3.78656	0	1.13431	0	1.94402	0	1.56899	0	1.50228	0	1.25792	0	1.92238	0	3.40271	0	3.65555	0	3.84651	0	1.63645	0	1.41778	0	1.98802	0	1.65599	0	1.55105	0	2.11935	0	1.91987	0	2.17438	0	3.4366	0	2.31799	0
2.2946	0	1.46736	0	4.60591	0	3.4895	0	1.52286	0	3.78656	0	1.13431	0	1.94402	0	1.56899	0	1.50178	0	1.25705	0	1.92175	0	3.40271	0	3.55878	0	3.82574	0	1.63627	0	1.41776	0	1.95154	0	1.65599	0	1.54972	0	2.11112	0	1.89995	0	2.17185	0	3.38254	0	2.29058	0
2.25455	0	1.46736	0	4.57511	0	3.4895	0	1.52286	0	3.78656	0	1.13431	0	1.93486	0	1.56899	0	1.50178	0	1.25657	0	1.92122	0	3.40157	0	3.55878	0	3.35019	0	1.63626	0	1.41772	0	1.95154	0	1.65599	0	1.54952	0	2.09134	0	1.87101	0	2.09931	0	3.38245	0	2.25026	0
2.24017	0	1.46736	0	4.57511	0	3.4895	0	1.51474	0	3.78656	0	1.13431	0	1.9268	0	1.56899	0	1.5016	0	1.25599	0	1.91987	0	3.28075	0	3.55878	0	3.35019	0	1.63621	0	1.41764	0	1.95154	0	1.64527	0	1.549	0	2.09134	0	1.83454	0	2.05891	0	3.38245	0	2.25026	0
2.22639	0	1.46735	0	4.57511	0	3.4895	0	1.51474	0	3.78656	0	1.13431	0	1.91482	0	1.56899	0	1.50136	0	1.25538	0	1.91893	0	3.24449	0	3.40984	0	3.35019	0	1.63611	0	1.41764	0	1.95154	0	1.63642	0	1.5473	0	2.05819	0	1.81272	0	2.05102	0	3.32131	0	2.205	0
2.20275	0	1.46735	0	4.57511	0	3.4895	0	1.51474	0	3.78656	0	1.13431	0	1.89832	0	1.56899	0	1.50122	0	1.25392	0	1.91893	0	3.12383	0	3.40984	0	3.35019	0	1.63601	0	1.41764	0	1.94838	0	1.60417	0	1.5473	0	2.04315	0	1.78546	0	1.98342	0	3.26274	0	2.16419	0
2.1779	0	1.46735	0	4.57511	0	3.4895	0	1.51474	0	3.78656	0	1.13431	0	1.89295	0	1.56899	0	1.50094	0	1.25374	0	1.9189	0	3.09378	0	3.40984	0	3.25754	0	1.63597	0	1.41762	0	1.93503	0	1.53994	0	1.54702	0	2.0276	0	1.78546	0	1.97172	0	3.15578	0	2.13339	0
2.16442	0	1.46734	0	4.57511	0	3.4895	0	1.51474	0	3.78656	0	1.13431	0	1.88456	0	1.56899	0	1.50076	0	1.25317	0	1.91782	0	2.92852	0	3.40304	0	3.13045	0	1.63579	0	1.41759	0	1.92364	0	1.50534	0	1.54654	0	2.00302	0	1.78546	0	1.95002	0	3.00448	0	2.12245	0
2.14314	0	1.46734	0	4.52239	0	3.4895	0	1.51474	0	3.78656	0	1.13431	0	1.88341	0	1.56899	0	1.50045	0	1.25263	0	1.91768	0	2.75309	0	3.37274	0	3.04484	0	1.63579	0	1.41758	0	1.91126	0	1.47979	0	1.54592	0	2.00302	0	1.76106	0	1.93895	0	3.00448	0	2.10848	0
2.11622	0	1.46734	0	4.52239	0	3.4895	0	1.51474	0	3.78656	0	1.13431	0	1.87662	0	1.56899	0	1.50038	0	1.25198	0	1.91745	0	2.58387	0	3.37274	0	2.92039	0	1.63579	0	1.41755	0	1.8988	0	1.4662	0	1.54553	0	2.00302	0	1.74532	0	1.91812	0	2.94017	0	2.07817	0
2.10037	0	1.46733	0	4.52239	0	3.4895	0	1.51474	0	3.78656	0	1.13431	0	1.87662	0	1.56899	0	1.50011	0	1.25131	0	1.91745	0	2.47298	0	3.37274	0	2.79845	0	1.63579	0	1.41754	0	1.89087	0	1.42854	0	1.54497	0	1.97646	0	1.7301	0	1.91127	0	2.94017	0	2.05117	0
2.08345	0	1.46733	0	4.52239	0	3.44114	0	1.51474	0	3.7724	0	1.13431	0	1.87117	0	1.56899	0	1.50008	0	1.2506	0	1.91709	0	2.35173	0	3.37274	0	2.70751	0	1.63579	0	1.41751	0	1.89087	0	1.39913	0	1.54479	0	1.96531	0	1.71929	0	1.89206	0	2.94017	0	2.01145	0
2.08345	0	1.46733	0	4.52239	0	3.34267	0	1.51474	0	3.60763	0	1.13431	0	1.86539	0	1.56899	0	1.49997	0	1.24943	0	1.91652	0	2.23678	0	3.37274	0	2.68762	0	1.63577	0	1.41748	0	1.88359	0	1.35755	0	1.54446	0	1.94908	0	1.70992	0	1.88676	0	2.90358	0	2.01145	0
2.07212	0	1.46733	0	4.52239	0	3.26958	0	1.51474	0	3.60763	0	1.13431	0	1.86531	0	1.56899	0	1.49992	0	1.2477	0	1.91642	0	2.16016	0	3.37274	0	2.64684	0	1.63576	0	1.41746	0	1.87296	0	1.33947	0	1.54292	0	1.92675	0	1.69845	0	1.84888	0	2.90358	0	2.00733	0
2.06426	0	1.46732	0	4.52239	0	3.07221	0	1.51474	0	3.5357	0	1.13431	0	1.84851	0	1.56899	0	1.49984	0	1.24727	0	1.91591	0	2.11512	0	3.37274	0	2.60516	0	1.63573	0	1.41745	0	1.86817	0	1.338	0	1.54292	0	1.8996	0	1.69256	0	1.8441	0	2.73077	0	1.98253	0
2.05701	0	1.46732	0	4.52239	0	3.02309	0	1.51474	0	3.39938	0	1.13431	0	1.83913	0	1.56899	0	1.49984	0	1.24615	0	1.91578	0	2.04563	0	3.22599	0	2.55487	0	1.63571	0	1.41745	0	1.86232	0	1.32675	0	1.54236	0	1.86756	0	1.68474	0	1.83654	0	2.73077	0	1.97336	0
2.05216	0	1.46732	0	4.01194	0	2.96406	0	1.51474	0	3.3583	0	1.13431	0	1.82645	0	1.56899	0	1.49976	0	1.24487	0	1.9154	0	2.01918	0	3.22599	0	2.4875	0	1.63571	0	1.41743	0	1.85624	0	1.31552	0	1.54208	0	1.84409	0	1.67689	0	1.80598	0	2.73077	0	1.93681	0
2.03717	0	1.46732	0	4.01194	0	2.76434	0	1.51474	0	3.30244	0	1.13431	0	1.82115	0	1.56899	0	1.4466	0	1.24381	0	1.91521	0	1.93994	0	3.22599	0	2.43066	0	1.63566	0	1.41743	0	1.85084	0	1.30379	0	1.54174	0	1.81195	0	1.67142	0	1.77537	0	2.61507	0	1.93291	0
2.02647	0	1.46731	0	4.01194	0	2.55272	0	1.51474	0	3.24819	0	1.13431	0	1.8148	0	1.56899	0	1.4466	0	1.24302	0	1.91487	0	1.89637	0	3.22599	0	2.41854	0	1.63566	0	1.41742	0	1.84858	0	1.29166	0	1.5413	0	1.81195	0	1.66678	0	1.76437	0	2.48584	0	1.90391	0
2.0132	0	1.46731	0	4.01194	0	2.48951	0	1.51474	0	3.17779	0	1.13431	0	1.80692	0	1.56899	0	1.4466	0	1.24251	0	1.91429	0	1.88101	0	3.22599	0	2.38172	0	1.63565	0	1.41742	0	1.84075	0	1.26697	0	1.54078	0	1.79638	0	1.65892	0	1.74132	0	2.43845	0	1.87144	0
1.99493	0	1.46731	0	4.01194	0	2.27332	0	1.51474	0	3.0643	0	1.13431	0	1.80288	0	1.56899	0	1.4466	0	1.24055	0	1.91392	0	1.83293	0	3.22599	0	2.33118	0	1.63565	0	1.41741	0	1.84075	0	1.25982	0	1.54021	0	1.77348	0	1.65747	0	1.73466	0	2.29548	0	1.8535	0
1.98032	0	1.46731	0	4.01194	0	2.23714	0	1.51474	0	2.88487	0	1.13431	0	1.79498	0	1.56899	0	1.4466	0	1.23982	0	1.91338	0	1.7759	0	3.22599	0	2.25034	0	1.62791	0	1.4174	0	1.83984	0	1.24816	0	1.5398	0	1.75589	0	1.65158	0	1.72657	0	2.23558	0	1.84332	0
1.96304	0	1.46731	0	4.01194	0	2.07674	0	1.51474	0	2.76124	0	1.13431	0	1.78846	0	1.56899	0	1.4466	0	1.23889	0	1.91324	0	1.75193	0	3.22599	0	2.25034	0	1.62791	0	1.41739	0	1.83571	0	1.22313	0	1.53896	0	1.72899	0	1.64624	0	1.71562	0	2.23558	0	1.8203	0
1.9459	0	1.46731	0	4.01194	0	2.0467	0	1.51474	0	2.64217	0	1.13431	0	1.78005	0	1.56899	0	1.4466	0	1.23803	0	1.91324	0	1.74918	0	3.19514	0	2.21174	0	1.62791	0	1.41739	0	1.83138	0	1.20659	0	1.53896	0	1.71205	0	1.64149	0	1.69454	0	2.14262	0	1.80952	0
1.94458	0	1.46731	0	4.01194	0	1.9036	0	1.51474	0	2.5549	0	1.13431	0	1.77334	0	1.56899	0	1.4466	0	1.23803	0	1.91268	0	1.70483	0	3.12925	0	2.20911	0	1.62791	0	1.41737	0	1.82913	0	1.20217	0	1.5384	0	1.69373	0	1.62866	0	1.69454	0	2.04998	0	1.79468	0
1.92198	0	1.4673	0	4.01194	0	1.88005	0	1.51474	0	2.48829	0	1.13431	0	1.76395	0	1.56899	0	1.4466	0	1.23771	0	1.91233	0	1.68779	0	3.03022	0	2.18214	0	1.62791	0	1.41737	0	1.82629	0	1.17739	0	1.53764	0	1.68421	0	1.6226	0	1.67981	0	2.04968	0	1.78033	0
1.88108	0	1.4673	0	4.01194	0	1.77019	0	1.51474	0	2.45948	0	1.13431	0	1.75314	0	1.56899	0	1.4466	0	1.23758	0	1.91232	0	1.66733	0	3.03022	0	2.14301	0	1.62791	0	1.41737	0	1.82512	0	1.17201	0	1.53726	0	1.66569	0	1.61155	0	1.67981	0	2.00492	0	1.76637	0
1.87155	0	1.4673	0	4.01194	0	1.7612	0	1.51474	0	2.3446	0	1.13431	0	1.75204	0	1.56899	0	1.4466	0	1.2374	0	1.9119	0	1.64992	0	3.02584	0	2.12416	0	1.62791	0	1.41736	0	1.82293	0	1.15623	0	1.53696	0	1.65624	0	1.60178	0	1.67219	0	1.96713	0	1.75676	0
1.86104	0	1.4673	0	4.01194	0	1.7612	0	1.51474	0	2.3446	0	1.13431	0	1.7409	0	1.56899	0	1.4466	0	1.23686	0	1.91186	0	1.63307	0	2.93224	0	2.10432	0	1.62791	0	1.41735	0	1.82215	0	1.14611	0	1.53665	0	1.63685	0	1.59542	0	1.65242	0	1.93964	0	1.75675	0
1.86104	0	1.4673	0	4.01194	0	1.68121	0	1.51474	0	2.2733	0	1.13431	0	1.74067	0	1.56899	0	1.4466	0	1.2367	0	1.91178	0	1.6187	0	2.77752	0	2.05499	0	1.62791	0	1.41735	0	1.8202	0	1.12773	0	1.53653	0	1.61908	0	1.58832	0	1.64973	0	1.87815	0	1.73439	0
1.85293	0	1.4673	0	3.90166	0	1.66371	0	1.51474	0	2.21423	0	1.13431	0	1.72675	0	1.56899	0	1.4466	0	1.23657	0	1.9117	0	1.60796	0	2.69016	0	2.03694	0	1.62791	0	1.41735	0	1.81818	0	1.11394	0	1.53616	0	1.60811	0	1.58446	0	1.64266	0	1.80551	0	1.72811	0
1.8491	0	1.4673	0	3.89495	0	1.60459	0	1.51474	0	2.08953	0	1.13431	0	1.72291	0	1.56899	0	1.4466	0	1.23625	0	1.91146	0	1.59077	0	2.6191	0	1.98134	0	1.62791	0	1.41735	0	1.81721	0	1.10399	0	1.53592	0	1.5914	0	1.57689	0	1.63439	0	1.7697	0	1.71086	0
1.84388	0	1.4673	0	3.89495	0	1.57421	0	1.51474	0	2.07381	0	1.13431	0	1.7197	0	1.56899	0	1.4466	0	1.236	0	1.91115	0	1.45744	0	2.52576	0	1.98107	0	1.62791	0	1.41734	0	1.81518	0	1.0992	0	1.53585	0	1.57883	0	1.56917	0	1.62938	0	1.69927	0	1.69055	0
1.83904	0	1.4673	0	3.89495	0	1.57421	0	1.51474	0	2.03272	0	1.13431	0	1.71689	0	1.56899	0	1.4466	0	1.23551	0	1.91115	0	1.45744	0	2.47886	0	1.93773	0	1.62791	0	1.41734	0	1.81518	0	1.09741	0	1.53575	0	1.57194	0	1.56096	0	1.6225	0	1.68384	0	1.67838	0
1.83771	0	1.4673	0	3.89495	0	1.56342	0	1.51474	0	1.99417	0	1.13431	0	1.71689	0	1.56899	0	1.4466	0	1.23539	0	1.91115	0	1.45744	0	2.41063	0	1.92913	0	1.62791	0	1.41734	0	1.81361	0	1.08538	0	1.53546	0	1.56819	0	1.54592	0	1.62189	0	1.67382	0	1.66653	0
1.82445	0	1.4673	0	3.89056	0	1.50477	0	1.51474	0	1.93327	0	1.13431	0	1.71387	0	1.56899	0	1.4466	0	1.23527	0	1.91096	0	1.45744	0	2.38757	0	1.89376	0	1.62791	0	1.41734	0	1.81361	0	1.0786	0	1.53507	0	1.55296	0	1.54592	0	1.60865	0	1.61619	0	1.65163	0
1.82445	0	1.4673	0	3.82161	0	1.49705	0	1.51474	0	1.86054	0	1.13431	0	1.71279	0	1.56899	0	1.4466	0	1.23523	0	1.9109	0	1.45744	0	2.31866	0	1.84115	0	1.62791	0	1.41733	0	1.8131	0	1.07581	0	1.53498	0	1.54967	0	1.52734	0	1.60488	0	1.61295	0	1.6396	0
1.82445	0	1.4673	0	3.41534	0	1.47584	0	1.51474	0	1.84931	0	1.13431	0	1.70943	0	1.56899	0	1.4466	0	1.23497	0	1.91084	0	1.45744	0	2.3115	0	1.78348	0	1.62791	0	1.41733	0	1.81155	0	1.07549	0	1.53469	0	1.54217	0	1.52627	0	1.59758	0	1.58873	0	1.6222	0
1.82273	0	1.4673	0	3.39582	0	1.45672	0	1.51474	0	1.82345	0	1.13431	0	1.70812	0	1.56899	0	1.4466	0	1.23497	0	1.91083	0	1.45744	0	2.19833	0	1.76871	0	1.62791	0	1.41733	0	1.81046	0	1.06942	0	1.53453	0	1.53493	0	1.52333	0	1.59136	0	1.5602	0	1.60828	0
1.81989	0	1.4673	0	3.39582	0	1.42797	0	1.51474	0	1.78632	0	1.13431	0	1.70562	0	1.56899	0	1.4466	0	1.23488	0	1.91072	0	1.45744	0	2.17559	0	1.76591	0	1.62791	0	1.41733	0	1.81046	0	1.06589	0	1.53434	0	1.52736	0	1.52096	0	1.57578	0	1.55719	0	1.59868	0
1.80868	0	1.4673	0	3.39582	0	1.38758	0	1.51474	0	1.74038	0	1.13431	0	1.70321	0	1.56899	0	1.4466	0	1.23471	0	1.91055	0	1.45744	0	2.14563	0	1.74023	0	1.62791	0	1.41733	0	1.81004	0	1.06589	0	1.53392	0	1.51877	0	1.51648	0	1.57525	0	1.50142	0	1.58898	0
1.7913	0	1.4673	0	3.39582	0	1.38758	0	1.51474	0	1.69553	0	1.13431	0	1.69779	0	1.52846	0	1.4466	0	1.23459	0	1.91055	0	1.45744	0	2.0562	0	1.69598	0	1.62791	0	1.41733	0	1.80945	0	1.06392	0	1.53385	0	1.51164	0	1.51519	0	1.56864	0	1.46958	0	1.58455	0
1.78895	0	1.4673	0	3.39582	0	1.36457	0	1.51474	0	1.6697	0	1.13431	0	1.69725	0	1.52846	0	1.4466	0	1.23459	0	1.91049	0	1.45744	0	2.01673	0	1.69422	0	1.62791	0	1.41733	0	1.80896	0	1.06341	0	1.53365	0	1.50444	0	1.51066	0	1.55742	0	1.4351	0	1.57812	0
1.78192	0	1.4673	0	3.20911	0	1.33499	0	1.51474	0	1.65721	0	1.13431	0	1.69441	0	1.52846	0	1.4466	0	1.23457	0	1.91048	0	1.45744	0	1.9778	0	1.67911	0	1.62791	0	1.41733	0	1.80829	0	1.05963	0	1.53339	0	1.50284	0	1.50961	0	1.55384	0	1.42926	0	1.56846	0
1.76795	0	1.4673	0	3.08284	0	1.32147	0	1.51474	0	1.59155	0	1.13431	0	1.69378	0	1.52846	0	1.4466	0	1.23436	0	1.91043	0	1.45744	0	1.93844	0	1.66819	0	1.62791	0	1.41733	0	1.7905	0	1.05801	0	1.53329	0	1.50284	0	1.50774	0	1.54957	0	1.39466	0	1.5663	0
1.75766	0	1.4673	0	3.05099	0	1.29391	0	1.51474	0	1.59155	0	1.13431	0	1.68969	0	1.52846	0	1.4466	0	1.23429	0	1.91041	0	1.45744	0	1.89685	0	1.65231	0	1.62791	0	1.41733	0	1.7905	0	1.05305	0	1.53295	0	1.50061	0	1.50543	0	1.54154	0	1.37578	0	1.55654	0
1.74199	0	1.4673	0	2.83317	0	1.28528	0	1.51474	0	1.59155	0	1.13431	0	1.68789	0	1.52846	0	1.4466	0	1.23407	0	1.91035	0	1.45744	0	1.84649	0	1.63817	0	1.62791	0	1.41733	0	1.7905	0	1.04969	0	1.53253	0	1.49715	0	1.50411	0	1.54022	0	1.35104	0	1.55038	0
1.73936	0	1.4673	0	2.69817	0	1.27228	0	1.51474	0	1.5549	0	1.13431	0	1.68447	0	1.52846	0	1.4466	0	1.23407	0	1.91032	0	1.45744	0	1.80409	0	1.62003	0	1.62791	0	1.41733	0	1.7905	0	1.04392	0	1.53244	0	1.4946	0	1.50168	0	1.53681	0	1.29759	0	1.54266	0
1.73244	0	1.4673	0	2.45316	0	1.25841	0	1.51474	0	1.53549	0	1.13431	0	1.6814	0	1.52846	0	1.4466	0	1.23393	0	1.9103	0	1.45744	0	1.80012	0	1.61133	0	1.62791	0	1.41733	0	1.7905	0	1.03847	0	1.53228	0	1.49298	0	1.49942	0	1.53299	0	1.29759	0	1.53875	0
1.7282	0	1.4673	0	2.40009	0	1.23471	0	1.51474	0	1.52871	0	1.13431	0	1.67931	0	1.52846	0	1.4466	0	1.23393	0	1.91026	0	1.45744	0	1.78989	0	1.61133	0	1.62791	0	1.41733	0	1.7905	0	1.03434	0	1.53224	0	1.4924	0	1.49866	0	1.53299	0	1.28981	0	1.53389	0
1.72642	0	1.4673	0	2.28913	0	1.22074	0	1.51474	0	1.50761	0	1.13431	0	1.67729	0	1.52846	0	1.4466	0	1.23386	0	1.91026	0	1.45744	0	1.74062	0	1.60237	0	1.62791	0	1.41733	0	1.7905	0	1.03011	0	1.53207	0	1.49118	0	1.49745	0	1.53066	0	1.28331	0	1.53047	0
1.71983	0	1.4673	0	2.18758	0	1.21283	0	1.51474	0	1.50004	0	1.13431	0	1.64467	0	1.52846	0	1.4466	0	1.23386	0	1.91024	0	1.45744	0	1.73402	0	1.59253	0	1.62791	0	1.41733	0	1.7905	0	1.02785	0	1.53191	0	1.49037	0	1.49694	0	1.52709	0	1.28294	0	1.52363	0
1.71493	0	1.4673	0	2.06523	0	1.20121	0	1.51474	0	1.48838	0	1.13431	0	1.64467	0	1.52846	0	1.4466	0	1.23379	0	1.91023	0	1.45744	0	1.70437	0	1.58339	0	1.62791	0	1.41733	0	1.7905	0	1.02437	0	1.53191	0	1.48973	0	1.49601	0	1.52567	0	1.26208	0	1.52363	0
1.71493	0	1.4673	0	2.02623	0	1.20121	0	1.51474	0	1.47085	0	1.13431	0	1.64467	0	1.52846	0	1.4466	0	1.23378	0	1.91021	0	1.45744	0	1.70286	0	1.58023	0	1.62791	0	1.41732	0	1.7905	0	1.02428	0	1.53183	0	1.48921	0	1.49568	0	1.52348	0	1.25792	0	1.51952	0
1.7079	0	1.4673	0	2.00161	0	1.18824	0	1.51474	0	1.46548	0	1.13431	0	1.64467	0	1.52846	0	1.4466	0	1.23376	0	1.91021	0	1.45744	0	1.6929	0	1.57998	0	1.62791	0	1.41732	0	1.7905	0	1.02301	0	1.53177	0	1.48859	0	1.49495	0	1.5202	0	1.24569	0	1.51904	0
1.70468	0	1.4673	0	1.94015	0	1.18043	0	1.51474	0	1.46514	0	1.13431	0	1.64467	0	1.52846	0	1.4466	0	1.23376	0	1.9102	0	1.45744	0	1.6929	0	1.57427	0	1.62791	0	1.41732	0	1.7905	0	1.0208	0	1.53172	0	1.48797	0	1.49426	0	1.51671	0	1.24308	0	1.51538	0
1.70043	0	1.4673	0	1.90535	0	1.17895	0	1.51474	0	1.45318	0	1.13431	0	1.64467	0	1.52846	0	1.4466	0	1.23374	0	1.9102	0	1.45744	0	1.67742	0	1.56733	0	1.62791	0	1.41732	0	1.7905	0	1.0205	0	1.53165	0	1.48674	0	1.49426	0	1.51578	0	1.23683	0	1.51377	0
1.69825	0	1.4673	0	1.87071	0	1.17387	0	1.51474	0	1.44577	0	1.13431	0	1.64467	0	1.52846	0	1.4466	0	1.23367	0	1.91018	0	1.45744	0	1.65464	0	1.5574	0	1.62791	0	1.41732	0	1.7905	0	1.01891	0	1.53158	0	1.486	0	1.49426	0	1.51327	0	1.23139	0	1.51237	0
1.69688	0	1.4673	0	1.86621	0	1.16971	0	1.51474	0	1.43727	0	1.13431	0	1.64467	0	1.52846	0	1.4466	0	1.23364	0	1.91018	0	1.45744	0	1.63766	0	1.5574	0	1.62791	0	1.41732	0	1.7905	0	1.01645	0	1.53158	0	1.4853	0	1.49404	0	1.51228	0	1.22872	0	1.51018	0
1.6897	0	1.4673	0	1.80833	0	1.16658	0	1.51474	0	1.43033	0	1.13431	0	1.64467	0	1.52846	0	1.4466	0	1.23363	0	1.91018	0	1.45744	0	1.61142	0	1.54995	0	1.62791	0	1.41732	0	1.7905	0	1.01542	0	1.53155	0	1.48484	0	1.4938	0	1.5109	0	1.22872	0	1.50715	0
1.68795	0	1.4673	0	1.73543	0	1.16386	0	1.51474	0	1.41644	0	1.13431	0	1.64467	0	1.52846	0	1.4466	0	1.23361	0	1.91018	0	1.45744	0	1.60011	0	1.53334	0	1.62791	0	1.41732	0	1.7905	0	1.01382	0	1.53152	0	1.48395	0	1.49334	0	1.50855	0	1.22277	0	1.50588	0
1.68255	0	1.4673	0	1.69265	0	1.15818	0	1.51474	0	1.41599	0	1.13431	0	1.64467	0	1.52846	0	1.4466	0	1.23359	0	1.91017	0	1.45744	0	1.56675	0	1.53039	0	1.62791	0	1.41732	0	1.7905	0	1.01089	0	1.53148	0	1.48305	0	1.49317	0	1.50855	0	1.22096	0	1.50425	0
1.67909	0	1.4673	0	1.6697	0	1.15818	0	1.51474	0	1.40881	0	1.13431	0	1.64467	0	1.52846	0	1.4466	0	1.23355	0	1.91017	0	1.45744	0	1.55369	0	1.52688	0	1.62791	0	1.41732	0	1.7905	0	1.00982	0	1.53147	0	1.48255	0	1.49262	0	1.50736	0	1.21959	0	1.50384	0
1.67384	0	1.4673	0	1.6287	0	1.15571	0	1.51474	0	1.40725	0	1.13431	0	1.64467	0	1.52846	0	1.4466	0	1.23354	0	1.91017	0	1.45744	0	1.543	0	1.5189	0	1.62791	0	1.41732	0	1.7905	0	1.00902	0	1.53146	0	1.48174	0	1.49238	0	1.50666	0	1.21875	0	1.50239	0
1.66929	0	1.4673	0	1.62532	0	1.15478	0	1.51474	0	1.40554	0	1.13431	0	1.64467	0	1.52846	0	1.4466	0	1.23353	0	1.91016	0	1.45744	0	1.50536	0	1.51779	0	1.62791	0	1.41732	0	1.7905	0	1.00817	0	1.53141	0	1.48165	0	1.49177	0	1.50628	0	1.21746	0	1.50187	0
1.66451	0	1.4673	0	1.60286	0	1.15301	0	1.51474	0	1.39852	0	1.13431	0	1.64467	0	1.52846	0	1.4466	0	1.23352	0	1.91016	0	1.45744	0	1.48429	0	1.5176	0	1.62791	0	1.41732	0	1.7905	0	1.00757	0	1.53141	0	1.48128	0	1.49141	0	1.50535	0	1.21645	0	1.49997	0
1.65846	0	1.4673	0	1.57776	0	1.15175	0	1.51474	0	1.39852	0	1.13431	0	1.64467	0	1.52846	0	1.4466	0	1.2335	0	1.91016	0	1.45744	0	1.46158	0	1.51178	0	1.62791	0	1.41732	0	1.7905	0	1.00633	0	1.5314	0	1.48116	0	1.49104	0	1.50535	0	1.2155	0	1.49997	0
1.65172	0	1.4673	0	1.56699	0	1.15036	0	1.51474	0	1.39555	0	1.13431	0	1.64467	0	1.52846	0	1.4466	0	1.23349	0	1.91016	0	1.45744	0	1.41394	0	1.50346	0	1.62791	0	1.41732	0	1.7905	0	1.00621	0	1.53139	0	1.48049	0	1.49068	0	1.50471	0	1.21472	0	1.49788	0
1.64696	0	1.4673	0	1.54162	0	1.14945	0	1.51474	0	1.39406	0	1.13431	0	1.64467	0	1.52846	0	1.4466	0	1.23347	0	1.91016	0	1.45744	0	1.40331	0	1.49871	0	1.62791	0	1.41732	0	1.7905	0	1.00529	0	1.53139	0	1.48022	0	1.49043	0	1.50408	0	1.2135	0	1.49788	0
1.64264	0	1.4673	0	1.52914	0	1.1472	0	1.51474	0	1.39126	0	1.13431	0	1.64467	0	1.52846	0	1.4466	0	1.23347	0	1.91016	0	1.45744	0	1.374	0	1.49866	0	1.62791	0	1.41732	0	1.7905	0	1.00477	0	1.53139	0	1.48014	0	1.49036	0	1.50355	0	1.21322	0	1.49638	0
1.63888	0	1.4673	0	1.49938	0	1.14595	0	1.51474	0	1.38929	0	1.13431	0	1.64467	0	1.52846	0	1.4466	0	1.23345	0	1.91016	0	1.45744	0	1.33608	0	1.4977	0	1.62791	0	1.41732	0	1.7905	0	1.00429	0	1.53136	0	1.47963	0	1.49018	0	1.503	0	1.21133	0	1.49615	0
1.63365	0	1.4673	0	1.48831	0	1.14487	0	1.51474	0	1.38788	0	1.13431	0	1.64467	0	1.52846	0	1.4466	0	1.23345	0	1.91016	0	1.45744	0	1.29258	0	1.49598	0	1.62791	0	1.41732	0	1.7905	0	1.00327	0	1.53136	0	1.47912	0	1.49008	0	1.50231	0	1.20979	0	1.49506	0
1.6284	0	1.4673	0	1.46748	0	1.14425	0	1.51474	0	1.38657	0	1.13431	0	1.64467	0	1.52846	0	1.4466	0	1.23344	0	1.91016	0	1.45744	0	1.28657	0	1.49486	0	1.62791	0	1.41732	0	1.7905	0	1.00287	0	1.53136	0	1.47892	0	1.48996	0	1.50177	0	1.20901	0	1.49465	0
1.62536	0	1.4673	0	1.44039	0	1.14348	0	1.51474	0	1.38514	0	1.13431	0	1.64467	0	1.52846	0	1.4466	0	1.23343	0	1.91016	0	1.45744	0	1.26464	0	1.49429	0	1.62791	0	1.41732	0	1.7905	0	1.00236	0	1.53135	0	1.47868	0	1.48977	0	1.50141	0	1.20681	0	1.49384	0
1.62536	0	1.4673	0	1.42321	0	1.14238	0	1.51474	0	1.38334	0	1.13431	0	1.64467	0	1.52846	0	1.4466	0	1.23342	0	1.91016	0	1.45744	0	1.25208	0	1.49269	0	1.62791	0	1.41732	0	1.7905	0	1.00168	0	1.53134	0	1.47858	0	1.48973	0	1.50113	0	1.2056	0	1.49296	0
1.61939	0	1.4673	0	1.39462	0	1.14113	0	1.48815	0	1.38139	0	1.13431	0	1.64467	0	1.52846	0	1.4466	0	1.23341	0	1.91016	0	1.45744	0	1.25208	0	1.4925	0	1.62791	0	1.41732	0	1.7905	0	1.00077	0	1.53134	0	1.47799	0	1.48964	0	1.50075	0	1.20512	0	1.49225	0
1.61638	0	1.4673	0	1.38381	0	1.14064	0	1.48815	0	1.38135	0	1.13431	0	1.64467	0	1.52846	0	1.4466	0	1.2334	0	1.91016	0	1.45744	0	1.23687	0	1.49138	0	1.62791	0	1.41732	0	1.7905	0	1.0001	0	1.53134	0	1.47796	0	1.48964	0	1.50024	0	1.20441	0	1.49161	0
1.61638	0	1.4673	0	1.35872	0	1.13981	0	1.48815	0	1.37935	0	1.13431	0	1.64467	0	1.52846	0	1.4466	0	1.23339	0	1.91016	0	1.45744	0	1.22899	0	1.49018	0	1.62791	0	1.41732	0	1.7905	0	0.999763	0	1.53134	0	1.47749	0	1.48961	0	1.49932	0	1.20328	0	1.49127	0
1.61331	0	1.4673	0	1.35337	0	1.13942	0	1.48815	0	1.37648	0	1.13431	0	1.64467	0	1.52846	0	1.4466	0	1.23339	0	1.91016	0	1.45744	0	1.20949	0	1.48946	0	1.62791	0	1.41732	0	1.7905	0	0.999386	0	1.53133	0	1.47721	0	1.4896	0	1.49932	0	1.20281	0	1.4902	0
1.611	0	1.4673	0	1.35337	0	1.13871	0	1.48815	0	1.37613	0	1.13431	0	1.64467	0	1.52846	0	1.4466	0	1.23338	0	1.91015	0	1.45744	0	1.20404	0	1.48849	0	1.62791	0	1.41732	0	1.7905	0	0.998789	0	1.53133	0	1.47721	0	1.48954	0	1.49909	0	1.20207	0	1.48978	0
1.60977	0	1.4673	0	1.33925	0	1.1371	0	1.48815	0	1.37433	0	1.13431	0	1.64467	0	1.52846	0	1.4466	0	1.23337	0	1.91015	0	1.45744	0	1.19381	0	1.4882	0	1.62791	0	1.41732	0	1.7905	0	0.998191	0	1.53133	0	1.47689	0	1.4895	0	1.49892	0	1.20095	0	1.48903	0
1.60955	0	1.4673	0	1.33088	0	1.1371	0	1.48815	0	1.37317	0	1.13431	0	1.64467	0	1.52846	0	1.4466	0	1.23336	0	1.91015	0	1.45744	0	1.18695	0	1.48762	0	1.62791	0	1.41732	0	1.7905	0	0.998096	0	1.53132	0	1.47689	0	1.48945	0	1.4988	0	1.20089	0	1.4884	0
1.60843	0	1.4673	0	1.32153	0	1.1371	0	1.48815	0	1.37269	0	1.13431	0	1.64467	0	1.52846	0	1.4466	0	1.23335	0	1.91015	0	1.45744	0	1.17873	0	1.48663	0	1.62791	0	1.41732	0	1.7905	0	0.997431	0	1.53132	0	1.47683	0	1.48941	0	1.49849	0	1.19909	0	1.48741	0
1.60531	0	1.4673	0	1.31234	0	1.1371	0	1.48815	0	1.36926	0	1.13431	0	1.64467	0	1.52846	0	1.4466	0	1.23335	0	1.91015	0	1.45744	0	1.16823	0	1.48585	0	1.62791	0	1.41732	0	1.7905	0	0.996922	0	1.53132	0	1.47665	0	1.48938	0	1.4984	0	1.19909	0	1.48726	0
1.60266	0	1.4673	0	1.30753	0	1.13655	0	1.48815	0	1.36777	0	1.13431	0	1.64467	0	1.52846	0	1.4466	0	1.23335	0	1.91015	0	1.45744	0	1.15886	0	1.48403	0	1.62791	0	1.41732	0	1.7905	0	0.996922	0	1.53132	0	1.4764	0	1.48938	0	1.49832	0	1.19857	0	1.4857	0
1.60179	0	1.4673	0	1.29292	0	1.13628	0	1.48815	0	1.36492	0	1.13431	0	1.64467	0	1.52846	0	1.4466	0	1.23334	0	1.91015	0	1.45744	0	1.15484	0	1.48403	0	1.62791	0	1.41732	0	1.7905	0	0.996461	0	1.53132	0	1.47629	0	1.48934	0	1.49813	0	1.19766	0	1.48522	0
1.59968	0	1.4673	0	1.29248	0	1.13569	0	1.48815	0	1.36358	0	1.13431	0	1.64467	0	1.52846	0	1.4466	0	1.23334	0	1.91015	0	1.45744	0	1.1512	0	1.48336	0	1.62791	0	1.41732	0	1.79032	0	0.996461	0	1.53132	0	1.47612	0	1.48929	0	1.49781	0	1.19742	0	1.48488	0
1.59968	0	1.4673	0	1.28866	0	1.13547	0	1.48815	0	1.36174	0	1.13431	0	1.64467	0	1.52846	0	1.4466	0	1.23334	0	1.91015	0	1.45744	0	1.14603	0	1.48275	0	1.62791	0	1.41732	0	1.79008	0	0.996461	0	1.53132	0	1.47597	0	1.48923	0	1.4978	0	1.19698	0	1.48448	0
1.59785	0	1.4673	0	1.28445	0	1.13511	0	1.48815	0	1.36078	0	1.13431	0	1.64467	0	1.52846	0	1.4466	0	1.23333	0	1.91015	0	1.45744	0	1.14029	0	1.4816	0	1.62791	0	1.41732	0	1.78985	0	0.99617	0	1.53132	0	1.47589	0	1.48919	0	1.49778	0	1.19581	0	1.48368	0
1.59621	0	1.4673	0	1.28044	0	1.13475	0	1.48815	0	1.36015	0	1.13431	0	1.64467	0	1.52846	0	1.4466	0	1.23333	0	1.91015	0	1.45744	0	1.13762	0	1.48046	0	1.62791	0	1.41732	0	1.78976	0	0.995956	0	1.53132	0	1.47586	0	1.48907	0	1.49778	0	1.1957	0	1.48341	0
1.59601	0	1.4673	0	1.26799	0	1.13398	0	1.48815	0	1.35897	0	1.13431	0	1.64467	0	1.52846	0	1.4466	0	1.23333	0	1.91015	0	1.45744	0	1.13448	0	1.4781	0	1.62791	0	1.41732	0	1.7895	0	0.995956	0	1.53132	0	1.47572	0	1.489	0	1.49769	0	1.1953	0	1.48246	0
1.59454	0	1.4673	0	1.26166	0	1.13327	0	1.48815	0	1.3588	0	1.13431	0	1.64467	0	1.52846	0	1.4466	0	1.23332	0	1.91015	0	1.45744	0	1.13277	0	1.47766	0	1.62791	0	1.41732	0	1.78929	0	0.995726	0	1.53132	0	1.4757	0	1.489	0	1.49762	0	1.19487	0	1.48185	0
1.59454	0	1.4673	0	1.25808	0	1.13298	0	1.48815	0	1.35844	0	1.13431	0	1.64467	0	1.52846	0	1.4466	0	1.23332	0	1.91015	0	1.45744	0	1.12735	0	1.47603	0	1.62791	0	1.41732	0	1.78892	0	0.995486	0	1.53132	0	1.47559	0	1.48896	0	1.49757	0	1.19393	0	1.48141	0
1.5944	0	1.4673	0	1.24649	0	1.13239	0	1.48815	0	1.35778	0	1.13431	0	1.64467	0	1.52846	0	1.4466	0	1.23332	0	1.91015	0	1.45744	0	1.12602	0	1.47456	0	1.62791	0	1.41732	0	1.78881	0	0.995215	0	1.53132	0	1.47557	0	1.4889	0	1.49753	0	1.19372	0	1.4805	0
1.5936	0	1.4673	0	1.24561	0	1.13201	0	1.48815	0	1.35698	0	1.13431	0	1.64467	0	1.52846	0	1.4466	0	1.23332	0	1.91015	0	1.45744	0	1.12238	0	1.4725	0	1.62791	0	1.41732	0	1.78857	0	0.995171	0	1.53132	0	1.47553	0	1.48888	0	1.49745	0	1.19348	0	1.48039	0
1.59345	0	1.40856	0	1.24118	0	1.13189	0	1.48815	0	1.35698	0	1.13431	0	1.64467	0	1.52846	0	1.4466	0	1.23331	0	1.91015	0	1.45744	0	1.12238	0	1.47198	0	1.62791	0	1.41732	0	1.78838	0	0.994843	0	1.53132	0	1.47552	0	1.48886	0	1.4974	0	1.19289	0	1.47977	0
1.59299	0	1.40856	0	1.23553	0	1.13157	0	1.48815	0	1.35678	0	1.13431	0	1.64467	0	1.52846	0	1.4466	0	1.23331	0	1.91015	0	1.45744	0	1.12238	0	1.47159	0	1.62791	0	1.41732	0	1.78817	0	0.994843	0	1.53132	0	1.47544	0	1.48884	0	1.49737	0	1.19264	0	1.47959	0
1.5929	0	1.40856	0	1.23317	0	1.13157	0	1.48815	0	1.35622	0	1.13431	0	1.64467	0	1.52846	0	1.4466	0	1.23331	0	1.91015	0	1.45744	0	1.11983	0	1.47045	0	1.62791	0	1.41732	0	1.78802	0	0.994742	0	1.53132	0	1.47542	0	1.48884	0	1.49735	0	1.19246	0	1.4794	0
1.59269	0	1.40856	0	1.23245	0	1.13147	0	1.48815	0	1.35609	0	1.13431	0	1.64467	0	1.52846	0	1.4466	0	1.23331	0	1.91015	0	1.45744	0	1.11878	0	1.47008	0	1.62791	0	1.41732	0	1.78789	0	0.994637	0	1.53132	0	1.4754	0	1.48882	0	1.49732	0	1.19246	0	1.47902	0
1.59242	0	1.40856	0	1.22838	0	1.13144	0	1.48815	0	1.35571	0	1.13431	0	1.64467	0	1.52846	0	1.4466	0	1.23331	0	1.91015	0	1.45744	0	1.11436	0	1.46902	0	1.62791	0	1.41732	0	1.78785	0	0.994366	0	1.53132	0	1.47539	0	1.4888	0	1.49724	0	1.19232	0	1.47878	0
1.59242	0	1.40856	0	1.22785	0	1.13122	0	1.48815	0	1.35564	0	1.13431	0	1.64467	0	1.52846	0	1.4466	0	1.2333	0	1.91015	0	1.45744	0	1.11401	0	1.46811	0	1.62791	0	1.41732	0	1.78773	0	0.994198	0	1.53132	0	1.47536	0	1.48878	0	1.49722	0	1.19205	0	1.47822	0
1.59193	0	1.40856	0	1.22709	0	1.13122	0	1.48815	0	1.35514	0	1.13431	0	1.64467	0	1.52846	0	1.4466	0	1.2333	0	1.91015	0	1.45744	0	1.11263	0	1.46769	0	1.62791	0	1.41732	0	1.78752	0	0.994116	0	1.53132	0	1.47533	0	1.48878	0	1.49714	0	1.19194	0	1.47822	0
1.59193	0	1.40856	0	1.22564	0	1.13122	0	1.48815	0	1.3549	0	1.13431	0	1.64467	0	1.52846	0	1.4466	0	1.2333	0	1.91015	0	1.45744	0	1.11254	0	1.46664	0	1.62791	0	1.41732	0	1.78752	0	0.993996	0	1.53132	0	1.47532	0	1.48876	0	1.49714	0	1.19189	0	1.47807	0
1.59186	0	1.40856	0	1.22522	0	1.13111	0	1.48815	0	1.3549	0	1.13431	0	1.64467	0	1.52846	0	1.4466	0	1.2333	0	1.91015	0	1.45744	0	1.11	0	1.46628	0	1.62791	0	1.41732	0	1.78748	0	0.99394	0	1.53132	0	1.4753	0	1.48875	0	1.49712	0	1.1915	0	1.47789	0
1.59163	0	1.40856	0	1.2239	0	1.13102	0	1.48815	0	1.35482	0	1.13431	0	1.64467	0	1.52846	0	1.4466	0	1.2333	0	1.91015	0	1.45744	0	1.10953	0	1.46485	0	1.62791	0	1.41732	0	1.78736	0	0.99393	0	1.53132	0	1.47527	0	1.48874	0	1.49712	0	1.19135	0	1.47765	0
1.59163	0	1.40856	0	1.223	0	1.131	0	1.48815	0	1.35466	0	1.13431	0	1.64467	0	1.52846	0	1.4466	0	1.2333	0	1.91015	0	1.45744	0	1.10864	0	1.46443	0	1.62791	0	1.41732	0	1.7873	0	0.993796	0	1.53132	0	1.47527	0	1.48873	0	1.49709	0	1.19102	0	1.47754	0
1.59163	0	1.40856	0	1.22193	0	1.13092	0	1.48815	0	1.35444	0	1.13431	0	1.64467	0	1.52846	0	1.4466	0	1.2333	0	1.91015	0	1.45744	0	1.10772	0	1.46389	0	1.62791	0	1.41732	0	1.78721	0	0.993796	0	1.53132	0	1.47525	0	1.48872	0	1.49708	0	1.1908	0	1.47742	0
1.59155	0	1.40856	0	1.22049	0	1.13091	0	1.48815	0	1.35425	0	1.13431	0	1.64467	0	1.52846	0	1.4466	0	1.2333	0	1.91015	0	1.45744	0	1.10751	0	1.46338	0	1.62791	0	1.41732	0	1.78717	0	0.993616	0	1.53132	0	1.47525	0	1.48871	0	1.49705	0	1.19042	0	1.47735	0
1.59144	0	1.40856	0	1.21988	0	1.13084	0	1.48815	0	1.35419	0	1.13431	0	1.64467	0	1.52846	0	1.4466	0	1.2333	0	1.91015	0	1.45744	0	1.10681	0	1.46261	0	1.62791	0	1.41732	0	1.78707	0	0.99359	0	1.53132	0	1.47525	0	1.4887	0	1.49703	0	1.18991	0	1.47725	0
1.59144	0	1.40856	0	1.21915	0	1.13084	0	1.48815	0	1.354	0	1.13431	0	1.64467	0	1.52846	0	1.4466	0	1.2333	0	1.91015	0	1.45744	0	1.10593	0	1.46171	0	1.62791	0	1.41732	0	1.787	0	0.993568	0	1.53132	0	1.47524	0	1.48869	0	1.49702	0	1.18943	0	1.47717	0
1.59137	0	1.40856	0	1.21848	0	1.13082	0	1.48815	0	1.35394	0	1.13431	0	1.64467	0	1.52846	0	1.4466	0	1.23329	0	1.91015	0	1.45744	0	1.1057	0	1.46156	0	1.62791	0	1.41732	0	1.78694	0	0.993537	0	1.53132	0	1.47523	0	1.48868	0	1.49702	0	1.18914	0	1.47707	0
1.59137	0	1.40856	0	1.21793	0	1.13078	0	1.48815	0	1.35388	0	1.13431	0	1.64467	0	1.52846	0	1.4466	0	1.23329	0	1.91015	0	1.45744	0	1.10495	0	1.46131	0	1.62791	0	1.41732	0	1.78684	0	0.993508	0	1.53132	0	1.47522	0	1.48868	0	1.49701	0	1.1891	0	1.47704	0
1.59135	0	1.40856	0	1.21716	0	1.13078	0	1.48815	0	1.35379	0	1.13431	0	1.64467	0	1.52846	0	1.4466	0	1.23329	0	1.91015	0	1.45744	0	1.10495	0	1.46078	0	1.62791	0	1.41732	0	1.78683	0	0.993487	0	1.53132	0	1.47522	0	1.48866	0	1.49699	0	1.18847	0	1.47691	0
1.59133	0	1.40856	0	1.21652	0	1.13077	0	1.48815	0	1.35379	0	1.13431	0	1.64467	0	1.52846	0	1.4466	0	1.23329	0	1.91015	0	1.45744	0	1.10441	0	1.45979	0	1.62791	0	1.41732	0	1.78682	0	0.993457	0	1.53132	0	1.47522	0	1.48865	0	1.49698	0	1.18822	0	1.47681	0
1.59128	0	1.40856	0	1.21612	0	1.13077	0	1.48815	0	1.35373	0	1.13431	0	1.64467	0	1.52846	0	1.4466	0	1.23329	0	1.91015	0	1.45744	0	1.10425	0	1.45948	0	1.62791	0	1.41732	0	1.78677	0	0.993446	0	1.53132	0	1.47521	0	1.48865	0	1.49696	0	1.18797	0	1.47681	0
1.59128	0	1.40856	0	1.21574	0	1.13074	0	1.48815	0	1.35369	0	1.13431	0	1.64467	0	1.52846	0	1.4466	0	1.23329	0	1.91015	0	1.45744	0	1.10357	0	1.45903	0	1.62791	0	1.41732	0	1.78677	0	0.99339	0	1.53132	0	1.4752	0	1.48864	0	1.49695	0	1.18764	0	1.47679	0
1.59126	0	1.40856	0	1.21518	0	1.13073	0	1.48815	0	1.35369	0	1.13431	0	1.64467	0	1.52846	0	1.4466	0	1.23329	0	1.91015	0	1.45744	0	1.10322	0	1.45863	0	1.62791	0	1.41732	0	1.78673	0	0.993357	0	1.53132	0	1.4752	0	1.48862	0	1.49695	0	1.18736	0	1.47672	0
1.59123	0	1.40856	0	1.21464	0	1.13073	0	1.48815	0	1.35363	0	1.13431	0	1.64467	0	1.52846	0	1.4466	0	1.23329	0	1.91015	0	1.45744	0	1.10322	0	1.45838	0	1.62791	0	1.41732	0	1.78673	0	0.993338	0	1.53132	0	1.47519	0	1.48862	0	1.49694	0	1.18715	0	1.47672	0
1.59122	0	1.40856	0	1.21457	0	1.13073	0	1.48815	0	1.35363	0	1.13431	0	1.64467	0	1.52846	0	1.4466	0	1.23329	0	1.91015	0	1.45744	0	1.10303	0	1.45832	0	1.62791	0	1.41732	0	1.78671	0	0.993314	0	1.53132	0	1.47518	0	1.48862	0	1.49693	0	1.18682	0	1.47669	0
1.59117	0	1.40856	0	1.21413	0	1.13072	0	1.48815	0	1.35359	0	1.13431	0	1.64467	0	1.52846	0	1.4466	0	1.23329	0	1.91015	0	1.45744	0	1.10268	0	1.45797	0	1.62791	0	1.41732	0	1.7867	0	0.993314	0	1.53132	0	1.47518	0	1.48861	0	1.49692	0	1.18665	0	1.47668	0
1.59117	0	1.40856	0	1.21362	0	1.13072	0	1.48815	0	1.35356	0	1.13431	0	1.64467	0	1.52846	0	1.4466	0	1.23329	0	1.91015	0	1.45744	0	1.1026	0	1.45797	0	1.62791	0	1.41732	0	1.78668	0	0.993314	0	1.53132	0	1.47518	0	1.48861	0	1.49691	0	1.18664	0	1.47667	0
1.59117	0	1.40856	0	1.21362	0	1.13071	0	1.48815	0	1.35356	0	1.13431	0	1.64467	0	1.52846	0	1.4466	0	1.23329	0	1.91015	0	1.45744	0	1.10249	0	1.45765	0	1.62791	0	1.41732	0	1.78667	0	0.993304	0	1.53132	0	1.47518	0	1.48861	0	1.49691	0	1.18649	0	1.47664	0
1.59117	0	1.40856	0	1.21318	0	1.13071	0	1.48815	0	1.35355	0	1.13431	0	1.64467	0	1.52846	0	1.4466	0	1.23329	0	1.91015	0	1.45744	0	1.10241	0	1.45723	0	1.62791	0	1.41732	0	1.78666	0	0.993299	0	1.53132	0	1.47517	0	1.4886	0	1.4969	0	1.18649	0	1.47662	0
1.59116	0	1.40856	0	1.21259	0	1.13071	0	1.48815	0	1.35353	0	1.13431	0	1.64467	0	1.52846	0	1.4466	0	1.23329	0	1.91015	0	1.45744	0	1.10241	0	1.45701	0	1.62791	0	1.41732	0	1.78666	0	0.993299	0	1.53132	0	1.47517	0	1.4886	0	1.4969	0	1.18633	0	1.4766	0
1.59113	0	1.40856	0	1.21259	0	1.13071	0	1.48815	0	1.35352	0	1.13431	0	1.64467	0	1.52846	0	1.4466	0	1.23329	0	1.91015	0	1.45744	0	1.10233	0	1.4567	0	1.62791	0	1.41732	0	1.78664	0	0.993291	0	1.53132	0	1.47517	0	1.4886	0	1.49689	0	1.18628	0	1.47657	0
1.59113	0	1.40856	0	1.21243	0	1.1307	0	1.48815	0	1.3535	0	1.13431	0	1.64467	0	1.52846	0	1.4466	0	1.23329	0	1.91015	0	1.45744	0	1.10226	0	1.45629	0	1.62791	0	1.41732	0	1.78664	0	0.99329	0	1.53132	0	1.47517	0	1.4886	0	1.49689	0	1.18614	0	1.47656	0
1.59113	0	1.40856	0	1.21219	0	1.1307	0	1.48815	0	1.35347	0	1.13431	0	1.64467	0	1.52846	0	1.4466	0	1.23329	0	1.91015	0	1.45744	0	1.10223	0	1.45624	0	1.62791	0	1.41732	0	1.78663	0	0.993284	0	1.53132	0	1.47516	0	1.4886	0	1.49688	0	1.18604	0	1.47654	0
1.59112	0	1.40856	0	1.21193	0	1.1307	0	1.48815	0	1.35347	0	1.13431	0	1.64467	0	1.52846	0	1.4466	0	1.23329	0	1.91015	0	1.45744	0	1.10215	0	1.45605	0	1.62791	0	1.41732	0	1.78662	0	0.993271	0	1.53132	0	1.47516	0	1.48859	0	1.49688	0	1.18601	0	1.47653	0
1.5911	0	1.40856	0	1.21182	0	1.1307	0	1.48815	0	1.35346	0	1.13431	0	1.64467	0	1.52846	0	1.4466	0	1.23329	0	1.91015	0	1.45744	0	1.10211	0	1.45592	0	1.62791	0	1.41732	0	1.78661	0	0.993262	0	1.53132	0	1.47516	0	1.48859	0	1.49688	0	1.18593	0	1.47648	0
1.5911	0	1.40856	0	1.21168	0	1.13069	0	1.48815	0	1.35345	0	1.13431	0	1.64467	0	1.52846	0	1.4466	0	1.23329	0	1.91015	0	1.45744	0	1.10206	0	1.45579	0	1.62791	0	1.41732	0	1.78661	0	0.993259	0	1.53132	0	1.47516	0	1.48859	0	1.49687	0	1.18586	0	1.47646	0
1.5911	0	1.40856	0	1.21155	0	1.13069	0	1.48815	0	1.35343	0	1.13431	0	1.64467	0	1.52846	0	1.4466	0	1.23329	0	1.91015	0	1.45744	0	1.10199	0	1.4557	0	1.62791	0	1.41732	0	1.7866	0	0.993257	0	1.53132	0	1.47516	0	1.48859	0	1.49687	0	1.18583	0	1.47644	0
1.59109	0	1.40856	0	1.21154	0	1.13069	0	1.48815	0	1.35342	0	1.13431	0	1.64467	0	1.52846	0	1.4466	0	1.23329	0	1.91015	0	1.45744	0	1.10198	0	1.4556	0	1.62791	0	1.41732	0	1.7866	0	0.993253	0	1.53132	0	1.47516	0	1.48859	0	1.49686	0	1.1858	0	1.47643	0
1.59109	0	1.40856	0	1.21136	0	1.13069	0	1.48815	0	1.35341	0	1.13431	0	1.64467	0	1.52846	0	1.4466	0	1.23329	0	1.91015	0	1.45744	0	1.10193	0	1.4555	0	1.62791	0	1.41732	0	1.78659	0	0.993247	0	1.53132	0	1.47516	0	1.48859	0	1.49686	0	1.18575	0	1.47641	0
1.59109	0	1.40856	0	1.21123	0	1.13069	0	1.48815	0	1.35341	0	1.13431	0	1.64467	0	1.52846	0	1.4466	0	1.23329	0	1.91015	0	1.45744	0	1.10192	0	1.45534	0	1.62791	0	1.41732	0	1.78658	0	0.993247	0	1.53132	0	1.47516	0	1.48859	0	1.49685	0	1.18571	0	1.4764	0
1.59109	0	1.40856	0	1.21123	0	1.13069	0	1.48815	0	1.3534	0	1.13431	0	1.64467	0	1.52846	0	1.4466	0	1.23329	0	1.91015	0	1.45744	0	1.10188	0	1.45534	0	1.62791	0	1.41732	0	1.78658	0	0.993244	0	1.53132	0	1.47516	0	1.48859	0	1.49685	0	1.18569	0	1.4764	0
1.59109	0	1.40856	0	1.2112	0	1.13069	0	1.48815	0	1.35339	0	1.13431	0	1.64467	0	1.52846	0	1.4466	0	1.23329	0	1.91015	0	1.45744	0	1.10188	0	1.45528	0	1.62791	0	1.41732	0	1.78657	0	0.993242	0	1.53132	0	1.47516	0	1.48859	0	1.49685	0	1.18565	0	1.47639	0
1.59109	0	1.40856	0	1.21118	0	1.13069	0	1.48815	0	1.35339	0	1.13431	0	1.64467	0	1.52846	0	1.4466	0	1.23329	0	1.91015	0	1.45744	0	1.10186	0	1.4552	0	1.62791	0	1.41732	0	1.78656	0	0.993239	0	1.53132	0	1.47516	0	1.48859	0	1.49684	0	1.18562	0	1.47639	0
1.59108	0	1.40856	0	1.21104	0	1.13069	0	1.48815	0	1.35338	0	1.13431	0	1.64467	0	1.52846	0	1.4466	0	1.23329	0	1.91015	0	1.45744	0	1.10185	0	1.4552	0	1.62791	0	1.41732	0	1.78655	0	0.993236	0	1.53132	0	1.47516	0	1.48859	0	1.49684	0	1.18562	0	1.47637	0
1.59108	0	1.40856	0	1.211	0	1.13069	0	1.48815	0	1.35338	0	1.13431	0	1.64467	0	1.52846	0	1.4466	0	1.23329	0	1.91015	0	1.45744	0	1.10185	0	1.45516	0	1.62791	0	1.41732	0	1.78654	0	0.993236	0	1.53132	0	1.47516	0	1.48859	0	1.49684	0	1.18558	0	1.47637	0
1.59108	0	1.40856	0	1.21092	0	1.13069	0	1.48815	0	1.35338	0	1.13431	0	1.64467	0	1.52846	0	1.4466	0	1.23329	0	1.91015	0	1.45744	0	1.10185	0	1.45509	0	1.62791	0	1.41732	0	1.78654	0	0.993233	0	1.53132	0	1.47516	0	1.48859	0	1.49684	0	1.18557	0	1.47636	0
1.59108	0	1.40856	0	1.21086	0	1.13069	0	1.48815	0	1.35337	0	1.13431	0	1.64467	0	1.52846	0	1.4466	0	1.23329	0	1.91015	0	1.45744	0	1.10183	0	1.45508	0	1.62791	0	1.41732	0	1.78653	0	0.993233	0	1.53132	0	1.47516	0	1.48859	0	1.49684	0	1.18556	0	1.47636	0
1.59108	0	1.40856	0	1.21081	0	1.13069	0	1.48815	0	1.35337	0	1.13431	0	1.64467	0	1.52846	0	1.4466	0	1.23329	0	1.91015	0	1.45744	0	1.10182	0	1.45507	0	1.62791	0	1.41732	0	1.78651	0	0.993232	0	1.53132	0	1.47516	0	1.47541	0	1.49684	0	1.18548	0	1.47635	0
1.59108	0	1.40856	0	1.21076	0	1.13069	0	1.48815	0	1.35337	0	1.13431	0	1.64467	0	1.52846	0	1.4466	0	1.23329	0	1.91015	0	1.45744	0	1.10182	0	1.45504	0	1.62791	0	1.41732	0	1.78648	0	0.993231	0	1.53132	0	1.47516	0	1.47541	0	1.49684	0	1.18548	0	1.47635	0
1.59108	0	1.40856	0	1.21075	0	1.13069	0	1.48815	0	1.35337	0	1.13431	0	1.64467	0	1.52846	0	1.4466	0	1.23329	0	1.91015	0	1.45744	0	1.10181	0	1.455	0	1.62791	0	1.41732	0	1.78643	0	0.99323	0	1.53132	0	1.47516	0	1.47541	0	1.49684	0	1.18542	0	1.47634	0
1.59108	0	1.40856	0	1.21072	0	1.13069	0	1.48815	0	1.35336	0	1.13431	0	1.64467	0	1.52846	0	1.4466	0	1.23329	0	1.91015	0	1.45744	0	1.10181	0	1.455	0	1.62791	0	1.41732	0	1.78633	0	0.993229	0	1.53132	0	1.47516	0	1.47541	0	1.49684	0	1.18538	0	1.47633	0
1.59108	0	1.40856	0	1.21067	0	1.13069	0	1.48815	0	1.35336	0	1.13431	0	1.64467	0	1.52846	0	1.4466	0	1.23329	0	1.91015	0	1.45744	0	1.1018	0	1.45498	0	1.62791	0	1.41732	0	1.78629	0	0.993228	0	1.53132	0	1.47516	0	1.47541	0	1.49684	0	1.18535	0	1.47633	0
1.59108	0	1.40856	0	1.21061	0	1.13069	0	1.48815	0	1.35336	0	1.13431	0	1.64467	0	1.52846	0	1.4466	0	1.23329	0	1.91015	0	1.45744	0	1.10178	0	1.45496	0	1.62791	0	1.41732	0	1.78615	0	0.993227	0	1.53132	0	1.47516	0	1.47541	0	1.49683	0	1.1853	0	1.47633	0
1.59108	0	1.40856	0	1.21052	0	1.13069	0	1.48815	0	1.35336	0	1.13431	0	1.64467	0	1.52846	0	1.4466	0	1.23329	0	1.91015	0	1.45744	0	1.10178	0	1.45496	0	1.62791	0	1.41732	0	1.78607	0	0.993226	0	1.53132	0	1.47516	0	1.47541	0	1.49683	0	1.18524	0	1.47633	0
1.59108	0	1.40856	0	1.21052	0	1.13069	0	1.48815	0	1.35336	0	1.13431	0	1.64467	0	1.52846	0	1.4466	0	1.23329	0	1.91015	0	1.45744	0	1.10177	0	1.45494	0	1.62791	0	1.41732	0	1.78599	0	0.993226	0	1.53132	0	1.47516	0	1.47541	0	1.49683	0	1.1852	0	1.47633	0
1.59108	0	1.40856	0	1.2105	0	1.13069	0	1.48815	0	1.35336	0	1.13431	0	1.64467	0	1.52846	0	1.4466	0	1.23329	0	1.91015	0	1.45744	0	1.10177	0	1.45494	0	1.62791	0	1.41732	0	1.78588	0	0.993226	0	1.53132	0	1.47516	0	1.47541	0	1.49683	0	1.1852	0	1.47632	0
1.59108	0	1.40856	0	1.21045	0	1.13069	0	1.48815	0	1.35336	0	1.13431	0	1.64467	0	1.52846	0	1.4466	0	1.23329	0	1.91015	0	1.45744	0	1.10176	0	1.45494	0	1.62791	0	1.41732	0	1.78583	0	0.993225	0	1.53132	0	1.47516	0	1.47541	0	1.49683	0	1.18518	0	1.47632	0
1.59108	0	1.40856	0	1.21043	0	1.13069	0	1.48815	0	1.35336	0	1.13431	0	1.64467	0	1.52846	0	1.4466	0	1.23329	0	1.91015	0	1.45744	0	1.10176	0	1.45492	0	1.62791	0	1.41732	0	1.78568	0	0.993225	0	1.53132	0	1.47516	0	1.47541	0	1.49683	0	1.18516	0	1.47632	0
1.59108	0	1.40856	0	1.21038	0	1.13069	0	1.48815	0	1.35336	0	1.13431	0	1.64467	0	1.52846	0	1.4466	0	1.23329	0	1.91015	0	1.45744	0	1.10175	0	1.45492	0	1.62791	0	1.41732	0	1.78563	0	0.993224	0	1.53132	0	1.47516	0	1.47541	0	1.49683	0	1.18514	0	1.47632	0
1.59108	0	1.40856	0	1.21037	0	1.13069	0	1.48815	0	1.35336	0	1.13431	0	1.64467	0	1.52846	0	1.4466	0	1.23329	0	1.91015	0	1.45744	0	1.10175	0	1.45492	0	1.62791	0	1.41732	0	1.78551	0	0.993224	0	1.53132	0	1.47516	0	1.47541	0	1.49683	0	1.18511	0	1.47632	0
1.59108	0	1.40856	0	1.21035	0	1.13069	0	1.48815	0	1.35336	0	1.13431	0	1.64467	0	1.52846	0	1.4466	0	1.23329	0	1.91015	0	1.43997	0	1.10174	0	1.4549	0	1.62791	0	1.41732	0	1.78539	0	0.993223	0	1.53132	0	1.47516	0	1.47541	0	1.49683	0	1.1851	0	1.47632	0
1.59108	0	1.40856	0	1.21035	0	1.13069	0	1.48815	0	1.35336	0	1.13431	0	1.64467	0	1.52846	0	1.4466	0	1.23328	0	1.91015	0	1.43997	0	1.10174	0	1.4549	0	1.62791	0	1.41732	0	1.78521	0	0.993222	0	1.53132	0	1.47516	0	1.47541	0	1.49683	0	1.1851	0	1.47632	0
1.59108	0	1.40856	0	1.21033	0	1.13069	0	1.48815	0	1.35336	0	1.13431	0	1.64467	0	1.52846	0	1.4466	0	1.23328	0	1.91015	0	1.43997	0	1.10173	0	1.4549	0	1.62791	0	1.41732	0	1.78503	0	0.993222	0	1.53132	0	1.47516	0	1.47541	0	1.49683	0	1.18509	0	1.47632	0
1.59108	0	1.40856	0	1.21031	0	1.13069	0	1.48815	0	1.35336	0	1.13431	0	1.64467	0	1.52846	0	1.4466	0	1.23328	0	1.91015	0	1.43997	0	1.10173	0	1.4549	0	1.62791	0	1.41732	0	1.78471	0	0.993221	0	1.53132	0	1.47516	0	1.47541	0	1.49683	0	1.18508	0	1.47632	0
1.59108	0	1.40856	0	1.21031	0	1.13069	0	1.48815	0	1.35335	0	1.13431	0	1.64467	0	1.52846	0	1.4466	0	1.23328	0	1.91015	0	1.43997	0	1.10173	0	1.45489	0	1.62791	0	1.41732	0	1.78452	0	0.993221	0	1.53132	0	1.47516	0	1.47541	0	1.49683	0	1.18508	0	1.47632	0
1.59108	0	1.40856	0	1.21031	0	1.13069	0	1.48815	0	1.35335	0	1.13431	0	1.64242	0	1.52846	0	1.4466	0	1.23328	0	1.91015	0	1.43997	0	1.10173	0	1.45489	0	1.62791	0	1.41732	0	1.78445	0	0.993221	0	1.53132	0	1.47516	0	1.47541	0	1.49683	0	1.18507	0	1.47632	0
1.59108	0	1.40856	0	1.2103	0	1.13069	0	1.48815	0	1.35335	0	1.13431	0	1.64102	0	1.52846	0	1.4466	0	1.23328	0	1.91015	0	1.43997	0	1.10172	0	1.45489	0	1.62791	0	1.41732	0	1.78419	0	0.993221	0	1.53132	0	1.47516	0	1.47541	0	1.49683	0	1.18507	0	1.47632	0
1.59108	0	1.40856	0	1.2103	0	1.13069	0	1.48815	0	1.35335	0	1.13431	0	1.64004	0	1.52846	0	1.4466	0	1.23328	0	1.91015	0	1.43997	0	1.10172	0	1.45488	0	1.62791	0	1.41732	0	1.78396	0	0.99322	0	1.53132	0	1.47516	0	1.47541	0	1.49683	0	1.18506	0	1.47632	0
1.59108	0	1.40856	0	1.2103	0	1.13069	0	1.48815	0	1.35335	0	1.13431	0	1.63721	0	1.52846	0	1.4466	0	1.23328	0	1.91015	0	1.43997	0	1.10172	0	1.45488	0	1.62791	0	1.41732	0	1.78391	0	0.99322	0	1.53132	0	1.47516	0	1.47541	0	1.49683	0	1.18505	0	1.47631	0
1.59108	0	1.40856	0	1.21029	0	1.13069	0	1.48815	0	1.35335	0	1.13431	0	1.63468	0	1.52846	0	1.4466	0	1.23328	0	1.91015	0	1.43997	0	1.10172	0	1.45488	0	1.62791	0	1.41732	0	1.78375	0	0.993219	0	1.53132	0	1.47516	0	1.47541	0	1.49683	0	1.18505	0	1.47631	0
1.59108	0	1.40856	0	1.21029	0	1.13069	0	1.48815	0	1.35335	0	1.13431	0	1.63207	0	1.52846	0	1.4466	0	1.23328	0	1.91015	0	1.43997	0	1.10172	0	1.45488	0	1.62791	0	1.41732	0	1.78339	0	0.993219	0	1.53132	0	1.47516	0	1.47541	0	1.49683	0	1.18504	0	1.47631	0
1.59108	0	1.40856	0	1.21028	0	1.13069	0	1.48815	0	1.35335	0	1.13431	0	1.63053	0	1.52846	0	1.4466	0	1.23328	0	1.91015	0	1.43997	0	1.10172	0	1.45488	0	1.62791	0	1.41732	0	1.78324	0	0.993219	0	1.53132	0	1.47516	0	1.47541	0	1.49683	0	1.18504	0	1.47631	0
1.59108	0	1.40856	0	1.21028	0	1.13069	0	1.48815	0	1.35335	0	1.13431	0	1.62754	0	1.52846	0	1.4466	0	1.23328	0	1.91015	0	1.43997	0	1.10171	0	1.45488	0	1.62791	0	1.41732	0	1.7831	0	0.993219	0	1.53132	0	1.47516	0	1.47541	0	1.49683	0	1.18504	0	1.47631	0
1.59108	0	1.40856	0	1.21028	0	1.13069	0	1.48815	0	1.35335	0	1.13431	0	1.62465	0	1.52846	0	1.4466	0	1.23328	0	1.91015	0	1.43997	0	1.10171	0	1.45487	0	1.62791	0	1.41732	0	1.7829	0	0.993219	0	1.53132	0	1.47516	0	1.47541	0	1.49683	0	1.18504	0	1.47631	0
1.59108	0	1.40856	0	1.21027	0	1.13069	0	1.48815	0	1.35335	0	1.13431	0	1.62339	0	1.52846	0	1.4466	0	1.23328	0	1.91015	0	1.43997	0	1.10171	0	1.45487	0	1.62791	0	1.41732	0	1.78285	0	0.993218	0	1.53132	0	1.47516	0	1.47541	0	1.49683	0	1.18504	0	1.47631	0
1.59108	0	1.40856	0	1.21027	0	1.13069	0	1.48815	0	1.35335	0	1.13431	0	1.62175	0	1.52846	0	1.4466	0	1.23328	0	1.91015	0	1.43997	0	1.10171	0	1.45487	0	1.62791	0	1.41732	0	1.78271	0	0.993218	0	1.53132	0	1.47516	0	1.47541	0	1.49683	0	1.18503	0	1.47631	0
1.59108	0	1.40856	0	1.21027	0	1.13069	0	1.48815	0	1.35335	0	1.13431	0	1.61878	0	1.52846	0	1.4466	0	1.23328	0	1.91015	0	1.43997	0	1.10171	0	1.45487	0	1.62791	0	1.41732	0	1.78256	0	0.993218	0	1.53132	0	1.47516	0	1.47541	0	1.49683	0	1.18503	0	1.47631	0
1.59108	0	1.40856	0	1.21027	0	1.13069	0	1.48815	0	1.35335	0	1.13431	0	1.61713	0	1.52846	0	1.4466	0	1.23328	0	1.91015	0	1.43997	0	1.10171	0	1.45487	0	1.62791	0	1.41732	0	1.78238	0	0.993218	0	1.53132	0	1.47516	0	1.47541	0	1.49683	0	1.18503	0	1.47631	0
1.59108	0	1.40856	0	1.21027	0	1.13069	0	1.48815	0	1.35335	0	1.13431	0	1.61633	0	1.52846	0	1.4466	0	1.23328	0	1.91015	0	1.43997	0	1.10171	0	1.45487	0	1.62791	0	1.41732	0	1.78235	0	0.993218	0	1.53132	0	1.47516	0	1.47541	0	1.49683	0	1.18503	0	1.47631	0
1.59108	0	1.40856	0	1.21027	0	1.13069	0	1.48815	0	1.35335	0	1.13431	0	1.61526	0	1.52846	0	1.4466	0	1.23328	0	1.91015	0	1.43997	0	1.10171	0	1.45487	0	1.62791	0	1.41732	0	1.78225	0	0.993218	0	1.53132	0	1.47516	0	1.47541	0	1.49683	0	1.18503	0	1.47631	0
1.59108	0	1.40856	0	1.21027	0	1.13069	0	1.48815	0	1.35335	0	1.13431	0	1.61434	0	1.52846	0	1.4466	0	1.23328	0	1.91015	0	1.43997	0	1.10171	0	1.45487	0	1.62791	0	1.41732	0	1.78208	0	0.993218	0	1.53132	0	1.47516	0	1.47541	0	1.49683	0	1.18503	0	1.47631	0
1.59108	0	1.40856	0	1.21026	0	1.13069	0	1.48815	0	1.35335	0	1.13431	0	1.61361	0	1.52846	0	1.4466	0	1.23328	0	1.91015	0	1.43997	0	1.1017	0	1.45487	0	1.62791	0	1.41732	0	1.78193	0	0.993218	0	1.53132	0	1.47516	0	1.47541	0	1.49683	0	1.18503	0	1.47631	0
1.59108	0	1.40856	0	1.21026	0	1.13069	0	1.48815	0	1.35335	0	1.13431	0	1.61243	0	1.52846	0	1.4466	0	1.23328	0	1.91015	0	1.43997	0	1.1017	0	1.45487	0	1.62791	0	1.41732	0	1.78182	0	0.993217	0	1.53132	0	1.47516	0	1.47541	0	1.49683	0	1.18503	0	1.47631	0
1.59108	0	1.40856	0	1.21026	0	1.13069	0	1.48815	0	1.35335	0	1.13431	0	1.61217	0	1.52846	0	1.4466	0	1.23328	0	1.91015	0	1.43997	0	1.1017	0	1.45487	0	1.62791	0	1.41732	0	1.78181	0	0.993217	0	1.53132	0	1.47516	0	1.47541	0	1.49683	0	1.18503	0	1.47631	0
1.59107	0	1.40856	0	1.21026	0	1.13069	0	1.48815	0	1.35335	0	1.13431	0	1.61156	0	1.52846	0	1.4466	0	1.23328	0	1.91015	0	1.43997	0	1.1017	0	1.45487	0	1.62791	0	1.41732	0	1.78169	0	0.993217	0	1.53132	0	1.47516	0	1.47541	0	1.49683	0	1.18503	0	1.47631	0
1.59107	0	1.40856	0	1.21026	0	1.13069	0	1.48815	0	1.35335	0	1.13431	0	1.61021	0	1.52846	0	1.4466	0	1.23328	0	1.91015	0	1.43997	0	1.1017	0	1.45487	0	1.62791	0	1.41732	0	1.78162	0	0.993217	0	1.53132	0	1.47516	0	1.47541	0	1.49683	0	1.18503	0	1.47631	0
1.59107	0	1.40856	0	1.21026	0	1.13069	0	1.48815	0	1.35335	0	1.13431	0	1.60998	0	1.52846	0	1.4466	0	1.23328	0	1.91015	0	1.43997	0	1.1017	0	1.45487	0	1.62791	0	1.41732	0	1.78151	0	0.993217	0	1.53132	0	1.47516	0	1.47541	0	1.49683	0	1.18503	0	1.47631	0
1.59107	0	1.40856	0	1.21026	0	1.13069	0	1.48815	0	1.35335	0	1.13431	0	1.6095	0	1.52846	0	1.4466	0	1.23328	0	1.91015	0	1.40525	0	1.1017	0	1.45487	0	1.62791	0	1.41732	0	1.78146	0	0.993217	0	1.53132	0	1.47516	0	1.47541	0	1.49683	0	1.18503	0	1.47631	0
1.59107	0	1.39319	0	1.21026	0	1.13069	0	1.48815	0	1.35335	0	1.13431	0	1.60892	0	1.52846	0	1.4466	0	1.23328	0	1.91015	0	1.40525	0	1.1017	0	1.45487	0	1.62791	0	1.41732	0	1.78134	0	0.993217	0	1.53132	0	1.47516	0	1.47541	0	1.49683	0	1.18503	0	1.47631	0
1.59107	0	1.39319	0	1.21026	0	1.13069	0	1.48815	0	1.35335	0	1.13431	0	1.60892	0	1.52846	0	1.4466	0	1.23328	0	1.91015	0	1.40525	0	1.1017	0	1.45487	0	1.62791	0	1.41732	0	1.78129	0	0.993216	0	1.53132	0	1.47516	0	1.47541	0	1.49683	0	1.18503	0	1.47631	0
1.59107	0	1.39256	0	1.21026	0	1.13069	0	1.48815	0	1.35335	0	1.13431	0	1.60855	0	1.52846	0	1.4466	0	1.23328	0	1.91015	0	1.40525	0	1.10169	0	1.45487	0	1.62791	0	1.41732	0	1.78125	0	0.993216	0	1.53132	0	1.47516	0	1.47541	0	1.49683	0	1.18503	0	1.47631	0
1.59107	0	1.39256	0	1.21026	0	1.13069	0	1.48815	0	1.35335	0	1.13431	0	1.60845	0	1.52846	0	1.4466	0	1.23328	0	1.91015	0	1.40525	0	1.10169	0	1.45487	0	1.62791	0	1.41732	0	1.78117	0	0.993216	0	1.53132	0	1.47516	0	1.47541	0	1.49683	0	1.18503	0	1.47631	0
1.59107	0	1.39256	0	1.21026	0	1.13069	0	1.48815	0	1.35335	0	1.13431	0	1.60832	0	1.52846	0	1.4466	0	1.23328	0	1.91015	0	1.40525	0	1.10169	0	1.45486	0	1.62791	0	1.41732	0	1.78114	0	0.993216	0	1.53132	0	1.47516	0	1.47541	0	1.49683	0	1.18503	0	1.47631	0
1.59107	0	1.39256	0	1.21026	0	1.13069	0	1.48815	0	1.35335	0	1.13431	0	1.60819	0	1.52846	0	1.4466	0	1.23328	0	1.91015	0	1.40525	0	1.10169	0	1.45486	0	1.62791	0	1.41732	0	1.7811	0	0.993216	0	1.53132	0	1.47516	0	1.47541	0	1.49683	0	1.18503	0	1.47631	0
1.59107	0	1.39256	0	1.21026	0	1.13069	0	1.48815	0	1.35335	0	1.13431	0	1.60809	0	1.52846	0	1.4466	0	1.23328	0	1.91015	0	1.40525	0	1.10169	0	1.45486	0	1.62791	0	1.41732	0	1.78105	0	0.993216	0	1.53132	0	1.47516	0	1.47541	0	1.49683	0	1.18503	0	1.47631	0
1.59107	0	1.39225	0	1.21026	0	1.13069	0	1.48815	0	1.35335	0	1.13431	0	1.60798	0	1.52846	0	1.4466	0	1.23328	0	1.91015	0	1.40525	0	1.10169	0	1.45486	0	1.62791	0	1.41732	0	1.78105	0	0.993216	0	1.53132	0	1.47516	0	1.47541	0	1.49683	0	1.18503	0	1.47631	0
1.59107	0	1.38935	0	1.21026	0	1.13069	0	1.48815	0	1.35335	0	1.13431	0	1.60772	0	1.52846	0	1.4466	0	1.23328	0	1.91015	0	1.40525	0	1.10169	0	1.45486	0	1.62791	0	1.41732	0	1.781	0	0.993216	0	1.53132	0	1.47516	0	1.47541	0	1.49683	0	1.18503	0	1.47631	0
1.59107	0	1.38657	0	1.21026	0	1.13069	0	1.48815	0	1.35335	0	1.13431	0	1.60768	0	1.52846	0	1.4466	0	1.23328	0	1.91015	0	1.40525	0	1.10169	0	1.45486	0	1.62791	0	1.41732	0	1.781	0	0.993216	0	1.53132	0	1.47516	0	1.47541	0	1.49683	0	1.18503	0	1.47631	0
1.59107	0	1.38021	0	1.21026	0	1.13069	0	1.48815	0	1.35335	0	1.13431	0	1.60756	0	1.52846	0	1.4466	0	1.23328	0	1.91015	0	1.40525	0	1.10169	0	1.45486	0	1.62791	0	1.41732	0	1.781	0	0.993215	0	1.53132	0	1.47516	0	1.47541	0	1.49683	0	1.18503	0	1.47631	0
1.59107	0	1.37935	0	1.21026	0	1.13069	0	1.48815	0	1.35335	0	1.13431	0	1.60747	0	1.52846	0	1.4466	0	1.23328	0	1.91015	0	1.40525	0	1.10169	0	1.45486	0	1.62791	0	1.41732	0	1.781	0	0.993215	0	1.53132	0	1.47516	0	1.47541	0	1.49683	0	1.18503	0	1.47631	0
1.59107	0	1.36845	0	1.21025	0	1.13069	0	1.48815	0	1.35335	0	1.13431	0	1.60744	0	1.52846	0	1.4466	0	1.23328	0	1.91015	0	1.40525	0	1.10169	0	1.45486	0	1.62791	0	1.41732	0	1.78097	0	0.993215	0	1.53132	0	1.47516	0	1.47541	0	1.49683	0	1.18503	0	1.47631	0
1.59107	0	1.36424	0	1.21025	0	1.13069	0	1.48815	0	1.35335	0	1.13431	0	1.60729	0	1.52846	0	1.4466	0	1.23328	0	1.91015	0	1.40525	0	1.10169	0	1.45486	0	1.62791	0	1.41732	0	1.78095	0	0.993215	0	1.53132	0	1.47516	0	1.47541	0	1.49683	0	1.18503	0	1.47631	0
1.59107	0	1.36388	0	1.21025	0	1.13069	0	1.48815	0	1.35335	0	1.13431	0	1.60729	0	1.52846	0	1.4466	0	1.23328	0	1.91015	0	1.40525	0	1.10169	0	1.45486	0	1.62791	0	1.41732	0	1.78094	0	0.993215	0	1.53132	0	1.47516	0	1.47541	0	1.49683	0	1.18503	0	1.47631	0
1.59107	0	1.36369	0	1.21025	0	1.13069	0	1.48815	0	1.35335	0	1.13431	0	1.60718	0	1.52846	0	1.4466	0	1.23328	0	1.91015	0	1.40525	0	1.10169	0	1.45486	0	1.62791	0	1.41732	0	1.78091	0	0.993215	0	1.53132	0	1.47516	0	1.47541	0	1.49683	0	1.18503	0	1.47631	0
1.59107	0	1.36357	0	1.21025	0	1.13069	0	1.48815	0	1.35335	0	1.13431	0	1.6071	0	1.52846	0	1.4466	0	1.23328	0	1.91015	0	1.40525	0	1.10169	0	1.45486	0	1.62791	0	1.41732	0	1.7809	0	0.993215	0	1.53132	0	1.47516	0	1.47541	0	1.49683	0	1.18503	0	1.47631	0
1.59107	0	1.36353	0	1.21025	0	1.13069	0	1.48815	0	1.35335	0	1.13431	0	1.60704	0	1.52846	0	1.4466	0	1.23328	0	1.91015	0	1.38269	0	1.10169	0	1.45486	0	1.62791	0	1.41732	0	1.78087	0	0.993215	0	1.53132	0	1.47516	0	1.47541	0	1.49683	0	1.18503	0	1.47631	0
1.59107	0	1.36332	0	1.21025	0	1.13069	0	1.48815	0	1.35335	0	1.13431	0	1.60703	0	1.52846	0	1.4466	0	1.23328	0	1.91015	0	1.38269	0	1.10169	0	1.45486	0	1.62791	0	1.41732	0	1.78087	0	0.993215	0	1.53132	0	1.47516	0	1.47541	0	1.49683	0	1.18503	0	1.47631	0
1.59107	0	1.36314	0	1.21025	0	1.13069	0	1.48815	0	1.35335	0	1.13431	0	1.60699	0	1.52846	0	1.4466	0	1.23328	0	1.91015	0	1.38269	0	1.10169	0	1.45486	0	1.62791	0	1.41732	0	1.78086	0	0.993215	0	1.53132	0	1.47516	0	1.47541	0	1.49683	0	1.18503	0	1.47631	0
1.59107	0	1.36281	0	1.21025	0	1.13069	0	1.48815	0	1.35335	0	1.13431	0	1.60697	0	1.52846	0	1.4466	0	1.23328	0	1.91015	0	1.38269	0	1.10169	0	1.45486	0	1.62791	0	1.41732	0	1.78086	0	0.993215	0	1.53132	0	1.47516	0	1.47541	0	1.49683	0	1.18503	0	1.47631	0
1.59107	0	1.36281	0	1.21025	0	1.13069	0	1.48815	0	1.35335	0	1.13431	0	1.60695	0	1.52846	0	1.4466	0	1.23328	0	1.91015	0	1.38269	0	1.10168	0	1.45486	0	1.62791	0	1.41732	0	1.78085	0	0.993215	0	1.53132	0	1.47516	0	1.47541	0	1.49683	0	1.18503	0	1.47631	0
1.59107	0	1.36276	0	1.21025	0	1.13069	0	1.48815	0	1.35335	0	1.13431	0	1.60695	0	1.52846	0	1.4466	0	1.23328	0	1.91015	0	1.38269	0	1.10168	0	1.45486	0	1.62791	0	1.41732	0	1.78085	0	0.993214	0	1.53132	0	1.47516	0	1.47541	0	1.49683	0	1.18503	0	1.47631	0
1.59107	0	1.36272	0	1.21025	0	1.13069	0	1.48815	0	1.35335	0	1.13431	0	1.60691	0	1.52846	0	1.4466	0	1.23328	0	1.91015	0	1.38269	0	1.10168	0	1.45486	0	1.62791	0	1.41732	0	1.78084	0	0.993214	0	1.53132	0	1.47516	0	1.47541	0	1.49683	0	1.18503	0	1.47631	0
1.59107	0	1.36269	0	1.21025	0	1.13069	0	1.48815	0	1.35335	0	1.13431	0	1.6069	0	1.52846	0	1.4466	0	1.23328	0	1.91015	0	1.38269	0	1.10168	0	1.45486	0	1.62791	0	1.41732	0	1.78084	0	0.993214	0	1.53132	0	1.47516	0	1.47541	0	1.49683	0	1.18503	0	1.47631	0
1.59107	0	1.36264	0	1.21025	0	1.13069	0	1.48815	0	1.35335	0	1.13431	0	1.6069	0	1.52846	0	1.4466	0	1.23328	0	1.91015	0	1.38269	0	1.10168	0	1.45486	0	1.62791	0	1.41732	0	1.78084	0	0.993214	0	1.53132	0	1.47516	0	1.47541	0	1.49683	0	1.18503	0	1.47631	0
1.59107	0	1.3626	0	1.21025	0	1.13069	0	1.48815	0	1.35335	0	1.13431	0	1.60688	0	1.52846	0	1.4466	0	1.23328	0	1.91015	0	1.38269	0	1.10167	0	1.45486	0	1.62791	0	1.41732	0	1.78083	0	0.993214	0	1.53132	0	1.47516	0	1.47541	0	1.49683	0	1.18503	0	1.47631	0
1.59107	0	1.36257	0	1.21025	0	1.13069	0	1.48815	0	1.35335	0	1.13431	0	1.60687	0	1.52846	0	1.4466	0	1.23328	0	1.91015	0	1.38269	0	1.10167	0	1.45486	0	1.62791	0	1.41732	0	1.78083	0	0.993214	0	1.53132	0	1.47516	0	1.47541	0	1.49683	0	1.18503	0	1.47631	0
1.59107	0	1.36255	0	1.21025	0	1.13069	0	1.48815	0	1.35335	0	1.13431	0	1.60685	0	1.52846	0	1.4466	0	1.23328	0	1.91015	0	1.38269	0	1.10167	0	1.45486	0	1.62791	0	1.41732	0	1.78082	0	0.993214	0	1.53132	0	1.47516	0	1.47541	0	1.49683	0	1.18503	0	1.47631	0
1.59107	0	1.36253	0	1.21025	0	1.13069	0	1.48815	0	1.35335	0	1.13431	0	1.60685	0	1.52846	0	1.4466	0	1.23328	0	1.91015	0	1.38269	0	1.10167	0	1.45486	0	1.62791	0	1.41732	0	1.78081	0	0.993214	0	1.53132	0	1.47516	0	1.47541	0	1.49683	0	1.18503	0	1.47631	0
1.59107	0	1.36251	0	1.21025	0	1.13069	0	1.48815	0	1.35335	0	1.13431	0	1.60684	0	1.52846	0	1.4466	0	1.23328	0	1.91015	0	1.38269	0	1.10167	0	1.45486	0	1.62791	0	1.41732	0	1.78081	0	0.993214	0	1.53132	0	1.47516	0	1.47541	0	1.49683	0	1.18503	0	1.47631	0
1.59107	0	1.36249	0	1.21025	0	1.13069	0	1.48815	0	1.35335	0	1.13431	0	1.60683	0	1.52846	0	1.4466	0	1.23328	0	1.91015	0	1.38269	0	1.10167	0	1.45486	0	1.62791	0	1.41732	0	1.7808	0	0.993214	0	1.53132	0	1.47516	0	1.47541	0	1.49683	0	1.18503	0	1.47631	0
1.59107	0	1.36248	0	1.21025	0	1.13069	0	1.48815	0	1.35335	0	1.13431	0	1.60683	0	1.52846	0	1.4466	0	1.23328	0	1.91015	0	1.38269	0	1.10167	0	1.45486	0	1.62791	0	1.41732	0	1.7808	0	0.993214	0	1.53132	0	1.47516	0	1.47541	0	1.49683	0	1.18503	0	1.47631	0
1.59107	0	1.36246	0	1.21025	0	1.13069	0	1.48815	0	1.35335	0	1.13431	0	1.60682	0	1.52846	0	1.4466	0	1.23328	0	1.91015	0	1.38269	0	1.10167	0	1.45486	0	1.62791	0	1.41732	0	1.78079	0	0.993214	0	1.53132	0	1.47516	0	1.47541	0	1.49683	0	1.18503	0	1.47631	0
1.59107	0	1.3624	0	1.21025	0	1.13069	0	1.48815	0	1.35335	0	1.13431	0	1.60682	0	1.52846	0	1.4466	0	1.23328	0	1.91015	0	1.38269	0	1.10167	0	1.45486	0	1.62791	0	1.41732	0	1.78079	0	0.993214	0	1.53132	0	1.47516	0	1.47541	0	1.49683	0	1.18503	0	1.47631	0
1.59107	0	1.3623	0	1.21025	0	1.13069	0	1.48815	0	1.35335	0	1.13431	0	1.60681	0	1.52846	0	1.4466	0	1.23328	0	1.91015	0	1.38269	0	1.10166	0	1.45486	0	1.62791	0	1.41732	0	1.78078	0	0.993214	0	1.53132	0	1.47516	0	1.47541	0	1.49683	0	1.18503	0	1.47631	0
1.59107	0	1.36228	0	1.21025	0	1.13069	0	1.48815	0	1.35335	0	1.13431	0	1.60681	0	1.52846	0	1.4466	0	1.23328	0	1.91015	0	1.38269	0	1.10166	0	1.45486	0	1.62791	0	1.41732	0	1.78078	0	0.993214	0	1.53132	0	1.47516	0	1.47541	0	1.49683	0	1.18503	0	1.47631	0
1.59107	0	1.36223	0	1.21025	0	1.13069	0	1.48815	0	1.35335	0	1.13431	0	1.60681	0	1.52846	0	1.4466	0	1.23328	0	1.91015	0	1.38269	0	1.10166	0	1.45486	0	1.62791	0	1.41732	0	1.78078	0	0.993214	0	1.53132	0	1.47516	0	1.47541	0	1.49683	0	1.18503	0	1.47631	0
1.59107	0	1.36211	0	1.21025	0	1.13069	0	1.48815	0	1.35335	0	1.13431	0	1.60681	0	1.52846	0	1.4466	0	1.23328	0	1.91015	0	1.38269	0	1.10166	0	1.45486	0	1.62791	0	1.41732	0	1.78078	0	0.993214	0	1.53132	0	1.47516	0	1.47541	0	1.49683	0	1.18503	0	1.47631	0
1.59107	0	1.36196	0	1.21025	0	1.13069	0	1.48815	0	1.35335	0	1.13431	0	1.60681	0	1.52846	0	1.4466	0	1.23328	0	1.91015	0	1.38269	0	1.10166	0	1.45486	0	1.62791	0	1.41732	0	1.78077	0	0.993214	0	1.53132	0	1.47516	0	1.47541	0	1.49683	0	1.18503	0	1.47631	0
1.59107	0	1.36188	0	1.21025	0	1.13069	0	1.48815	0	1.35335	0	1.13431	0	1.60681	0	1.52846	0	1.4466	0	1.23328	0	1.91015	0	1.38269	0	1.10166	0	1.45486	0	1.62791	0	1.41732	0	1.78077	0	0.993214	0	1.53132	0	1.47516	0	1.47541	0	1.49683	0	1.18503	0	1.47631	0
1.59107	0	1.36177	0	1.21025	0	1.13069	0	1.48815	0	1.35335	0	1.13431	0	1.6068	0	1.52846	0	1.4466	0	1.23328	0	1.91015	0	1.38269	0	1.10166	0	1.45486	0	1.62791	0	1.41732	0	1.78077	0	0.993214	0	1.53132	0	1.47516	0	1.47541	0	1.49683	0	1.18503	0	1.47631	0
1.59107	0	1.36161	0	1.21025	0	1.13069	0	1.48815	0	1.35335	0	1.13431	0	1.6068	0	1.52846	0	1.4466	0	1.23328	0	1.91015	0	1.38269	0	1.10166	0	1.45486	0	1.62791	0	1.41732	0	1.78077	0	0.993214	0	1.53132	0	1.47516	0	1.47541	0	1.49683	0	1.18503	0	1.47631	0
1.59107	0	1.36151	0	1.21025	0	1.13069	0	1.48815	0	1.35335	0	1.13431	0	1.6068	0	1.52846	0	1.4466	0	1.23328	0	1.91015	0	1.38269	0	1.10166	0	1.45486	0	1.62791	0	1.41732	0	1.78077	0	0.993214	0	1.53132	0	1.47516	0	1.47541	0	1.49683	0	1.18503	0	1.47631	0
1.59107	0	1.36137	0	1.21025	0	1.13069	0	1.48815	0	1.35335	0	1.13431	0	1.6068	0	1.52846	0	1.4466	0	1.23328	0	1.91015	0	1.38269	0	1.10166	0	1.45486	0	1.62791	0	1.41732	0	1.78077	0	0.993214	0	1.53132	0	1.47516	0	1.47541	0	1.49683	0	1.18503	0	1.47631	0
1.59107	0	1.36126	0	1.21025	0	1.13069	0	1.48815	0	1.35335	0	1.13431	0	1.6068	0	1.52846	0	1.4466	0	1.23328	0	1.91015	0	1.38269	0	1.10166	0	1.45486	0	1.62791	0	1.41732	0	1.78076	0	0.993214	0	1.53132	0	1.47516	0	1.47541	0	1.49683	0	1.18503	0	1.47631	0
1.59107	0	1.36122	0	1.21025	0	1.13069	0	1.48815	0	1.35335	0	1.13431	0	1.6068	0	1.52846	0	1.4466	0	1.23328	0	1.91015	0	1.38269	0	1.10166	0	1.45486	0	1.62791	0	1.41732	0	1.78076	0	0.993214	0	1.53132	0	1.47516	0	1.47541	0	1.49683	0	1.18503	0	1.47631	0
1.59107	0	1.36112	0	1.21025	0	1.13069	0	1.48815	0	1.35335	0	1.13431	0	1.6068	0	1.52846	0	1.4466	0	1.23328	0	1.91015	0	1.38269	0	1.10166	0	1.45486	0	1.62791	0	1.41732	0	1.78076	0	0.993214	0	1.53132	0	1.47516	0	1.47541	0	1.49683	0	1.18503	0	1.47631	0
1.59107	0	1.36089	0	1.21025	0	1.13069	0	1.48815	0	1.35335	0	1.13431	0	1.6068	0	1.52846	0	1.4466	0	1.23328	0	1.91015	0	1.38269	0	1.10166	0	1.45486	0	1.62791	0	1.41732	0	1.78076	0	0.993214	0	1.53132	0	1.47516	0	1.47541	0	1.49683	0	1.18503	0	1.47631	0
1.59107	0	1.36075	0	1.21025	0	1.13069	0	1.48815	0	1.35335	0	1.13431	0	1.60679	0	1.52846	0	1.4466	0	1.23328	0	1.91015	0	1.38269	0	1.10166	0	1.45486	0	1.62791	0	1.41732	0	1.78076	0	0.993214	0	1.53132	0	1.47516	0	1.47541	0	1.49683	0	1.18503	0	1.47631	0
1.59107	0	1.36061	0	1.21025	0	1.13069	0	1.48815	0	1.35335	0	1.13431	0	1.60679	0	1.52846	0	1.4466	0	1.23328	0	1.91015	0	1.38269	0	1.10166	0	1.45486	0	1.62791	0	1.41732	0	1.78076	0	0.993214	0	1.53132	0	1.47516	0	1.47541	0	1.49683	0	1.18503	0	1.47631	0
1.59107	0	1.36041	0	1.21025	0	1.13069	0	1.48815	0	1.35335	0	1.13431	0	1.60679	0	1.52846	0	1.4466	0	1.23328	0	1.91015	0	1.38269	0	1.10166	0	1.45486	0	1.62791	0	1.41732	0	1.78076	0	0.993214	0	1.53132	0	1.47516	0	1.47541	0	1.49683	0	1.18503	0	1.47631	0
1.59107	0	1.36033	0	1.21025	0	1.13069	0	1.48815	0	1.35335	0	1.13431	0	1.60679	0	1.52846	0	1.4466	0	1.23328	0	1.91015	0	1.38269	0	1.10166	0	1.45486	0	1.62791	0	1.41732	0	1.78076	0	0.993214	0	1.53132	0	1.47516	0	1.47541	0	1.49683	0	1.18503	0	1.47631	0
1.59107	0	1.36024	0	1.21025	0	1.13069	0	1.48815	0	1.35335	0	1.13431	0	1.60679	0	1.52846	0	1.4466	0	1.23328	0	1.91015	0	1.38269	0	1.10166	0	1.45486	0	1.62791	0	1.41732	0	1.78076	0	0.993214	0	1.53132	0	1.47516	0	1.47541	0	1.49683	0	1.18503	0	1.47631	0
1.59107	0	1.36017	0	1.21025	0	1.13069	0	1.48815	0	1.35335	0	1.13431	0	1.60679	0	1.52846	0	1.4466	0	1.23328	0	1.91015	0	1.38269	0	1.10166	0	1.45485	0	1.62791	0	1.41732	0	1.78076	0	0.993214	0	1.53132	0	1.47516	0	1.47541	0	1.49683	0	1.18503	0	1.47631	0
1.59107	0	1.36015	0	1.21025	0	1.13069	0	1.48815	0	1.35335	0	1.13431	0	1.60679	0	1.52846	0	1.4466	0	1.23328	0	1.91015	0	1.38269	0	1.10166	0	1.45485	0	1.62791	0	1.41732	0	1.78076	0	0.993214	0	1.53132	0	1.47516	0	1.47541	0	1.49683	0	1.18503	0	1.47631	0
1.59107	0	1.36003	0	1.21025	0	1.13069	0	1.48815	0	1.35335	0	1.13431	0	1.60679	0	1.52846	0	1.4466	0	1.23328	0	1.91015	0	1.38269	0	1.10166	0	1.45485	0	1.62791	0	1.41732	0	1.78076	0	0.993214	0	1.53132	0	1.47516	0	1.47541	0	1.49683	0	1.18503	0	1.47631	0
1.59107	0	1.36001	0	1.21025	0	1.13069	0	1.48815	0	1.35335	0	1.13431	0	1.60679	0	1.52846	0	1.4466	0	1.23328	0	1.91015	0	1.38269	0	1.10166	0	1.45485	0	1.62791	0	1.41732	0	1.78076	0	0.993214	0	1.53132	0	1.47516	0	1.47541	0	1.49683	0	1.18503	0	1.47631	0
1.59107	0	1.35994	0	1.21025	0	1.13069	0	1.48815	0	1.35335	0	1.13431	0	1.60679	0	1.52846	0	1.4466	0	1.23328	0	1.91015	0	1.38269	0	1.10166	0	1.45485	0	1.62791	0	1.41732	0	1.78076	0	0.993214	0	1.53132	0	1.47516	0	1.47541	0	1.49683	0	1.18503	0	1.47631	0
1.59107	0	1.3599	0	1.21025	0	1.13069	0	1.48815	0	1.35335	0	1.13431	0	1.60679	0	1.52846	0	1.4466	0	1.23328	0	1.91015	0	1.38269	0	1.10166	0	1.45485	0	1.62791	0	1.41732	0	1.78076	0	0.993214	0	1.53132	0	1.47516	0	1.47541	0	1.49683	0	1.18503	0	1.47631	0
1.59107	0	1.35985	0	1.21025	0	1.13069	0	1.48815	0	1.35335	0	1.13431	0	1.60679	0	1.52846	0	1.4466	0	1.23328	0	1.91015	0	1.3557	0	1.10166	0	1.45485	0	1.62791	0	1.41732	0	1.78076	0	0.993214	0	1.53132	0	1.47516	0	1.47541	0	1.49683	0	1.18503	0	1.47631	0
1.59107	0	1.35984	0	1.21025	0	1.13069	0	1.48815	0	1.35335	0	1.13431	0	1.60679	0	1.52846	0	1.4466	0	1.23328	0	1.91015	0	1.3557	0	1.10166	0	1.45485	0	1.62791	0	1.41732	0	1.78076	0	0.993214	0	1.53132	0	1.47516	0	1.47541	0	1.49683	0	1.18503	0	1.47631	0
1.59107	0	1.3598	0	1.21025	0	1.13069	0	1.48815	0	1.35335	0	1.13431	0	1.60679	0	1.52846	0	1.4466	0	1.23328	0	1.91015	0	1.3557	0	1.10166	0	1.45485	0	1.62791	0	1.41732	0	1.78076	0	0.993214	0	1.53132	0	1.47516	0	1.47541	0	1.49683	0	1.18503	0	1.47631	0
1.59107	0	1.35979	0	1.21025	0	1.13069	0	1.48815	0	1.35335	0	1.13431	0	1.60679	0	1.52846	0	1.4466	0	1.23328	0	1.91015	0	1.3557	0	1.10166	0	1.45485	0	1.62791	0	1.41732	0	1.78076	0	0.993214	0	1.53132	0	1.47516	0	1.47541	0	1.49683	0	1.18503	0	1.47631	0
1.59107	0	1.35975	0	1.21025	0	1.13069	0	1.48815	0	1.35335	0	1.13431	0	1.60679	0	1.52846	0	1.4466	0	1.23328	0	1.81574	0	1.3557	0	1.10166	0	1.45485	0	1.62791	0	1.41732	0	1.78076	0	0.993214	0	1.53132	0	1.47516	0	1.47541	0	1.49683	0	1.18503	0	1.47631	0
1.59107	0	1.35975	0	1.21025	0	1.13069	0	1.48815	0	1.35335	0	1.13431	0	1.60679	0	1.52846	0	1.4466	0	1.23328	0	1.81574	0	1.3557	0	1.10166	0	1.45485	0	1.62791	0	1.41732	0	1.78076	0	0.993214	0	1.53132	0	1.47516	0	1.47541	0	1.49683	0	1.18503	0	1.47631	0
1.59107	0	1.35972	0	1.21025	0	1.13069	0	1.48815	0	1.35335	0	1.13431	0	1.60679	0	1.52846	0	1.4466	0	1.23328	0	1.81574	0	1.3557	0	1.10166	0	1.45485	0	1.62791	0	1.41732	0	1.78076	0	0.993214	0	1.53132	0	1.47516	0	1.47541	0	1.49683	0	1.18503	0	1.47631	0
1.59107	0	1.35972	0	1.21025	0	1.13069	0	1.48815	0	1.35335	0	1.13431	0	1.60679	0	1.52846	0	1.4466	0	1.23328	0	1.81574	0	1.3557	0	1.10166	0	1.45485	0	1.62791	0	1.41732	0	1.78076	0	0.993214	0	1.53132	0	1.47516	0	1.47541	0	1.49683	0	1.18503	0	1.47631	0
1.59107	0	1.3597	0	1.21025	0	1.13069	0	1.48815	0	1.35335	0	1.13431	0	1.60679	0	1.52846	0	1.4466	0	1.23328	0	1.81574	0	1.3557	0	1.10166	0	1.45485	0	1.62791	0	1.41732	0	1.78076	0	0.993214	0	1.53132	0	1.47516	0	1.47541	0	1.49683	0	1.18503	0	1.47631	0
1.59107	0	1.35969	0	1.21025	0	1.13069	0	1.48815	0	1.35335	0	1.13431	0	1.60679	0	1.52846	0	1.4466	0	1.23328	0	1.81574	0	1.3557	0	1.10166	0	1.45485	0	1.62791	0	1.41732	0	1.78076	0	0.993214	0	1.53132	0	1.47516	0	1.47541	0	1.49683	0	1.18503	0	1.47631	0
1.59107	0	1.35968	0	1.21025	0	1.13069	0	1.48815	0	1.35335	0	1.13431	0	1.60679	0	1.52846	0	1.4466	0	1.23328	0	1.81574	0	1.3557	0	1.10166	0	1.45485	0	1.62791	0	1.41732	0	1.78076	0	0.993214	0	1.53132	0	1.47516	0	1.47541	0	1.49683	0	1.18503	0	1.47631	0
1.59107	0	1.35967	0	1.21025	0	1.13069	0	1.48815	0	1.35335	0	1.13431	0	1.60679	0	1.52846	0	1.4466	0	1.23328	0	1.81574	0	1.3557	0	1.10166	0	1.45485	0	1.62791	0	1.41732	0	1.78076	0	0.993214	0	1.53132	0	1.47516	0	1.47541	0	1.49683	0	1.18503	0	1.47631	0
1.59107	0	1.35966	0	1.21025	0	1.13069	0	1.48815	0	1.35335	0	1.13431	0	1.60679	0	1.52846	0	1.4466	0	1.23328	0	1.81574	0	1.3557	0	1.10166	0	1.45485	0	1.62791	0	1.41732	0	1.78076	0	0.993214	0	1.53132	0	1.47516	0	1.47541	0	1.49683	0	1.18503	0	1.47631	0
1.59107	0	1.35966	0	1.21025	0	1.13069	0	1.48815	0	1.35335	0	1.13431	0	1.60679	0	1.52846	0	1.4466	0	1.23328	0	1.81574	0	1.3557	0	1.10166	0	1.45485	0	1.62791	0	1.41732	0	1.78076	0	0.993213	0	1.53132	0	1.47516	0	1.47541	0	1.49683	0	1.18503	0	1.47631	0
1.59107	0	1.35965	0	1.21025	0	1.13069	0	1.48815	0	1.35335	0	1.13431	0	1.60679	0	1.52846	0	1.4466	0	1.23328	0	1.81574	0	1.3557	0	1.10166	0	1.45485	0	1.62791	0	1.41732	0	1.78076	0	0.993213	0	1.53132	0	1.47516	0	1.47541	0	1.49683	0	1.18503	0	1.47631	0
1.59107	0	1.35964	0	1.21025	0	1.13069	0	1.48815	0	1.35335	0	1.13431	0	1.60679	0	1.52846	0	1.4466	0	1.23328	0	1.81574	0	1.3557	0	1.10166	0	1.45485	0	1.62791	0	1.41732	0	1.78076	0	0.993213	0	1.53132	0	1.47516	0	1.47541	0	1.49683	0	1.18503	0	1.47631	0
1.59107	0	1.35964	0	1.21025	0	1.13069	0	1.48815	0	1.35335	0	1.13431	0	1.60679	0	1.52846	0	1.4466	0	1.23328	0	1.81574	0	1.3557	0	1.10166	0	1.45485	0	1.62791	0	1.41732	0	1.76516	0	0.993213	0	1.53132	0	1.47516	0	1.47541	0	1.49683	0	1.18503	0	1.47631	0
1.59107	0	1.35963	0	1.21025	0	1.13069	0	1.48815	0	1.35335	0	1.13431	0	1.60679	0	1.52846	0	1.4466	0	1.23328	0	1.81574	0	1.3557	0	1.10166	0	1.45485	0	1.62791	0	1.41732	0	1.76516	0	0.993213	0	1.53132	0	1.47516	0	1.47541	0	1.49683	0	1.18503	0	1.47631	0
1.59107	0	1.35963	0	1.21025	0	1.13069	0	1.48815	0	1.35335	0	1.13431	0	1.60679	0	1.52846	0	1.4466	0	1.23328	0	1.81574	0	1.3557	0	1.10166	0	1.45485	0	1.62791	0	1.41732	0	1.76516	0	0.993213	0	1.53132	0	1.47516	0	1.47541	0	1.49683	0	1.18503	0	1.47631	0
1.59107	0	1.35962	0	1.21025	0	1.13069	0	1.48815	0	1.35335	0	1.13431	0	1.60679	0	1.52846	0	1.4466	0	1.23328	0	1.81574	0	1.3557	0	1.10166	0	1.45485	0	1.62791	0	1.41732	0	1.76516	0	0.993213	0	1.53132	0	1.47516	0	1.47541	0	1.49683	0	1.18503	0	1.47631	0
1.59107	0	1.35962	0	1.21025	0	1.13069	0	1.48815	0	1.35335	0	1.13431	0	1.60679	0	1.52846	0	1.4466	0	1.23328	0	1.81574	0	1.3557	0	1.10166	0	1.45485	0	1.62791	0	1.41732	0	1.76516	0	0.993213	0	1.53132	0	1.47516	0	1.47541	0	1.49683	0	1.18503	0	1.47631	0
1.59107	0	1.35961	0	1.21025	0	1.13069	0	1.48815	0	1.35335	0	1.13431	0	1.60679	0	1.52846	0	1.4466	0	1.23328	0	1.81574	0	1.3557	0	1.10166	0	1.45485	0	1.62791	0	1.41732	0	1.76516	0	0.993213	0	1.53132	0	1.47516	0	1.47541	0	1.49683	0	1.18503	0	1.47631	0
1.59107	0	1.35961	0	1.21025	0	1.13069	0	1.48815	0	1.35335	0	1.13431	0	1.60679	0	1.52846	0	1.4466	0	1.23328	0	1.81574	0	1.3557	0	1.10166	0	1.45485	0	1.62791	0	1.41732	0	1.76516	0	0.993213	0	1.53132	0	1.47516	0	1.47541	0	1.49683	0	1.18503	0	1.47631	0
1.59107	0	1.35961	0	1.21025	0	1.13069	0	1.48815	0	1.35335	0	1.13431	0	1.60679	0	1.52846	0	1.4466	0	1.23328	0	1.81574	0	1.3557	0	1.10166	0	1.45485	0	1.62791	0	1.41732	0	1.76516	0	0.993213	0	1.53132	0	1.47516	0	1.47541	0	1.49683	0	1.18503	0	1.47631	0
1.59107	0	1.3596	0	1.21025	0	1.13069	0	1.48815	0	1.35335	0	1.13431	0	1.60679	0	1.52846	0	1.4466	0	1.23328	0	1.81574	0	1.3557	0	1.10166	0	1.45485	0	1.62791	0	1.41732	0	1.76516	0	0.993213	0	1.53132	0	1.47516	0	1.47541	0	1.49683	0	1.18503	0	1.47631	0
1.59107	0	1.3596	0	1.21025	0	1.13069	0	1.48815	0	1.35335	0	1.13431	0	1.60679	0	1.52846	0	1.4466	0	1.23328	0	1.81574	0	1.3557	0	1.10166	0	1.45485	0	1.62791	0	1.41732	0	1.76516	0	0.993213	0	1.53132	0	1.47516	0	1.47541	0	1.49683	0	1.18503	0	1.47631	0
1.59107	0	1.3596	0	1.21025	0	1.13069	0	1.48815	0	1.35335	0	1.13431	0	1.60679	0	1.52846	0	1.4466	0	1.23328	0	1.81574	0	1.3557	0	1.10166	0	1.45485	0	1.62791	0	1.41732	0	1.76516	0	0.993213	0	1.53132	0	1.47516	0	1.47541	0	1.49683	0	1.18503	0	1.47631	0
1.59107	0	1.35959	0	1.21025	0	1.13069	0	1.48815	0	1.35335	0	1.13431	0	1.60679	0	1.52846	0	1.4466	0	1.23328	0	1.81574	0	1.3557	0	1.10166	0	1.45485	0	1.62791	0	1.41732	0	1.76516	0	0.993213	0	1.53132	0	1.47516	0	1.47541	0	1.49683	0	1.18503	0	1.47631	0
1.59107	0	1.35959	0	1.21025	0	1.13069	0	1.48815	0	1.35335	0	1.13431	0	1.60679	0	1.52846	0	1.4466	0	1.23328	0	1.81574	0	1.3557	0	1.10166	0	1.45485	0	1.62791	0	1.41732	0	1.76516	0	0.993213	0	1.53132	0	1.47516	0	1.47541	0	1.49683	0	1.18503	0	1.47631	0
1.59107	0	1.35959	0	1.21025	0	1.13069	0	1.48815	0	1.35335	0	1.13431	0	1.60679	0	1.52846	0	1.4466	0	1.23328	0	1.81574	0	1.3557	0	1.10166	0	1.45485	0	1.62791	0	1.41732	0	1.76516	0	0.993213	0	1.53132	0	1.47516	0	1.47541	0	1.49683	0	1.18503	0	1.47631	0
1.59107	0	1.35959	0	1.21025	0	1.13069	0	1.48815	0	1.35335	0	1.13431	0	1.60679	0	1.52846	0	1.4466	0	1.23328	0	1.81574	0	1.3557	0	1.10166	0	1.45485	0	1.62791	0	1.41732	0	1.76516	0	0.993213	0	1.53132	0	1.47516	0	1.47541	0	1.49683	0	1.18503	0	1.47631	0
1.59107	0	1.35959	0	1.21025	0	1.13069	0	1.48815	0	1.35335	0	1.13431	0	1.60679	0	1.52846	0	1.4466	0	1.23328	0	1.81574	0	1.3557	0	1.10166	0	1.45485	0	1.62791	0	1.41732	0	1.76516	0	0.993213	0	1.53132	0	1.47516	0	1.47541	0	1.49683	0	1.18503	0	1.47631	0
1.59107	0	1.35959	0	1.21025	0	1.13069	0	1.48815	0	1.35335	0	1.13431	0	1.60679	0	1.52846	0	1.4466	0	1.23328	0	1.81574	0	1.3557	0	1.10166	0	1.45485	0	1.62791	0	1.41732	0	1.76229	0	0.993213	0	1.53132	0	1.47516	0	1.47541	0	1.49683	0	1.18503	0	1.47631	0
1.59107	0	1.35959	0	1.21025	0	1.13069	0	1.48815	0	1.35335	0	1.13431	0	1.60679	0	1.52846	0	1.4466	0	1.23328	0	1.81574	0	1.3557	0	1.10166	0	1.45485	0	1.62791	0	1.41732	0	1.7619	0	0.993213	0	1.53132	0	1.47516	0	1.47541	0	1.49683	0	1.18503	0	1.47631	0
1.59107	0	1.35958	0	1.21025	0	1.13069	0	1.48815	0	1.35335	0	1.13431	0	1.60679	0	1.52846	0	1.4466	0	1.23328	0	1.81574	0	1.3557	0	1.10166	0	1.45485	0	1.62791	0	1.41732	0	1.76174	0	0.993213	0	1.53132	0	1.47516	0	1.47541	0	1.49683	0	1.18503	0	1.47631	0
1.59107	0	1.35958	0	1.21025	0	1.13069	0	1.48815	0	1.35335	0	1.13431	0	1.60679	0	1.52846	0	1.4466	0	1.23328	0	1.81574	0	1.3557	0	1.10166	0	1.45485	0	1.62791	0	1.41732	0	1.76109	0	0.993213	0	1.53132	0	1.47516	0	1.47541	0	1.49683	0	1.18503	0	1.47631	0
1.59107	0	1.35958	0	1.21025	0	1.13069	0	1.48815	0	1.35335	0	1.13431	0	1.60679	0	1.52846	0	1.4466	0	1.23328	0	1.81574	0	1.3557	0	1.10166	0	1.45485	0	1.62791	0	1.41732	0	1.76109	0	0.993213	0	1.53132	0	1.47516	0	1.47541	0	1.49683	0	1.18503	0	1.47631	0
1.59107	0	1.35958	0	1.21025	0	1.13069	0	1.48815	0	1.35335	0	1.13431	0	1.60679	0	1.52846	0	1.4466	0	1.23328	0	1.81574	0	1.3557	0	1.10166	0	1.45485	0	1.62791	0	1.41732	0	1.76027	0	0.993213	0	1.53132	0	1.47516	0	1.47541	0	1.49683	0	1.18503	0	1.47631	0
1.59107	0	1.35958	0	1.21025	0	1.13069	0	1.48815	0	1.35335	0	1.13431	0	1.60679	0	1.52846	0	1.4466	0	1.23328	0	1.81574	0	1.3557	0	1.10166	0	1.45485	0	1.62791	0	1.41732	0	1.75999	0	0.993213	0	1.53132	0	1.47516	0	1.47541	0	1.49683	0	1.18503	0	1.47631	0
1.59107	0	1.35958	0	1.21025	0	1.13069	0	1.48815	0	1.35335	0	1.13431	0	1.60679	0	1.52846	0	1.4466	0	1.23328	0	1.81574	0	1.3557	0	1.10166	0	1.45485	0	1.62791	0	1.41732	0	1.75934	0	0.993213	0	1.53132	0	1.47516	0	1.47541	0	1.49683	0	1.18503	0	1.47631	0
1.59107	0	1.35958	0	1.21025	0	1.13069	0	1.48815	0	1.35335	0	1.13431	0	1.60679	0	1.52846	0	1.4466	0	1.23328	0	1.81574	0	1.3557	0	1.10166	0	1.45485	0	1.62791	0	1.41732	0	1.75904	0	0.993213	0	1.53132	0	1.47516	0	1.47541	0	1.49683	0	1.18503	0	1.47631	0
1.59107	0	1.35958	0	1.21025	0	1.13069	0	1.48815	0	1.35335	0	1.13431	0	1.60679	0	1.52846	0	1.4466	0	1.23328	0	1.81574	0	1.3557	0	1.10166	0	1.45485	0	1.62791	0	1.41732	0	1.75872	0	0.993213	0	1.53132	0	1.47516	0	1.47541	0	1.49683	0	1.18503	0	1.47631	0
1.59107	0	1.35958	0	1.21025	0	1.13069	0	1.48815	0	1.35335	0	1.13431	0	1.60679	0	1.52846	0	1.4466	0	1.23328	0	1.81574	0	1.3557	0	1.10166	0	1.45485	0	1.62791	0	1.41732	0	1.75838	0	0.993213	0	1.53132	0	1.47516	0	1.47541	0	1.49683	0	1.18503	0	1.47631	0
1.59107	0	1.35958	0	1.21025	0	1.13069	0	1.48815	0	1.35335	0	1.13431	0	1.60679	0	1.52846	0	1.4466	0	1.23328	0	1.81574	0	1.3557	0	1.10166	0	1.45485	0	1.62791	0	1.41732	0	1.75838	0	0.993213	0	1.53132	0	1.47516	0	1.47541	0	1.49683	0	1.18503	0	1.47631	0
1.59107	0	1.35958	0	1.21025	0	1.13069	0	1.48815	0	1.35335	0	1.13431	0	1.60679	0	1.52846	0	1.4466	0	1.23328	0	1.81574	0	1.3557	0	1.10166	0	1.45485	0	1.62791	0	1.41732	0	1.75835	0	0.993213	0	1.53132	0	1.47516	0	1.47541	0	1.49683	0	1.18503	0	1.47631	0
1.59107	0	1.35958	0	1.21025	0	1.13069	0	1.48815	0	1.35335	0	1.13431	0	1.60679	0	1.52846	0	1.4466	0	1.23328	0	1.81574	0	1.3557	0	1.10166	0	1.45485	0	1.62791	0	1.41732	0	1.75833	0	0.993213	0	1.53132	0	1.47516	0	1.47541	0	1.49683	0	1.18503	0	1.47631	0
1.59107	0	1.35958	0	1.21025	0	1.13069	0	1.48815	0	1.35335	0	1.13431	0	1.60679	0	1.52846	0	1.4466	0	1.23328	0	1.81574	0	1.3557	0	1.10166	0	1.45485	0	1.62791	0	1.41732	0	1.75829	0	0.993213	0	1.53132	0	1.47516	0	1.47541	0	1.49683	0	1.18503	0	1.47631	0
1.59107	0	1.35958	0	1.21025	0	1.13069	0	1.48815	0	1.35335	0	1.13431	0	1.60679	0	1.52846	0	1.4466	0	1.23328	0	1.81574	0	1.3557	0	1.10166	0	1.45485	0	1.62791	0	1.41732	0	1.75822	0	0.993213	0	1.53132	0	1.47516	0	1.47541	0	1.49683	0	1.18503	0	1.47631	0
1.59107	0	1.35958	0	1.21025	0	1.13069	0	1.48815	0	1.35335	0	1.13431	0	1.60679	0	1.52846	0	1.4466	0	1.23328	0	1.81574	0	1.3557	0	1.10166	0	1.45485	0	1.62791	0	1.41732	0	1.75817	0	0.993213	0	1.53132	0	1.47516	0	1.47541	0	1.49683	0	1.18503	0	1.47631	0
1.59107	0	1.35958	0	1.21025	0	1.13069	0	1.48815	0	1.35335	0	1.13431	0	1.60679	0	1.52846	0	1.4466	0	1.23328	0	1.81574	0	1.3557	0	1.10166	0	1.45485	0	1.62791	0	1.41732	0	1.7581	0	0.993213	0	1.53132	0	1.47516	0	1.47541	0	1.49683	0	1.18503	0	1.47631	0
1.59107	0	1.35957	0	1.21025	0	1.13069	0	1.48815	0	1.35335	0	1.13431	0	1.60679	0	1.52846	0	1.4466	0	1.23328	0	1.81574	0	1.34284	0	1.10166	0	1.45485	0	1.62791	0	1.41732	0	1.75807	0	0.993213	0	1.53132	0	1.47516	0	1.47541	0	1.49683	0	1.18503	0	1.47631	0
1.59107	0	1.35957	0	1.21025	0	1.13069	0	1.48815	0	1.35335	0	1.13431	0	1.60679	0	1.52846	0	1.4466	0	1.23328	0	1.81574	0	1.34284	0	1.10166	0	1.45485	0	1.62791	0	1.41732	0	1.75805	0	0.993213	0	1.53132	0	1.47516	0	1.47541	0	1.49683	0	1.18503	0	1.47631	0
1.59107	0	1.35957	0	1.21025	0	1.13069	0	1.48815	0	1.35335	0	1.13431	0	1.60679	0	1.52846	0	1.4466	0	1.23328	0	1.81574	0	1.34284	0	1.10166	0	1.45485	0	1.62791	0	1.41732	0	1.75797	0	0.993213	0	1.53132	0	1.47516	0	1.47541	0	1.49683	0	1.18503	0	1.47631	0
1.59107	0	1.35957	0	1.21025	0	1.13069	0	1.48815	0	1.35335	0	1.13431	0	1.60679	0	1.52846	0	1.4466	0	1.23328	0	1.81574	0	1.34284	0	1.10166	0	1.45485	0	1.62791	0	1.41732	0	1.75794	0	0.993213	0	1.53132	0	1.47516	0	1.47541	0	1.49683	0	1.18503	0	1.47631	0
1.59107	0	1.35957	0	1.21025	0	1.13069	0	1.48815	0	1.35335	0	1.13431	0	1.60679	0	1.52846	0	1.4466	0	1.23328	0	1.81574	0	1.34284	0	1.10166	0	1.45485	0	1.62791	0	1.41732	0	1.75791	0	0.993213	0	1.53132	0	1.47516	0	1.47541	0	1.49683	0	1.18503	0	1.47631	0
1.59107	0	1.35957	0	1.21025	0	1.13069	0	1.48815	0	1.35335	0	1.13431	0	1.60679	0	1.52846	0	1.4466	0	1.23328	0	1.81574	0	1.34284	0	1.10166	0	1.45485	0	1.62791	0	1.41732	0	1.75789	0	0.993213	0	1.53132	0	1.47516	0	1.47541	0	1.49683	0	1.18503	0	1.47631	0
1.59107	0	1.35957	0	1.21025	0	1.13069	0	1.48815	0	1.35335	0	1.13431	0	1.60679	0	1.52846	0	1.4466	0	1.23328	0	1.81574	0	1.34284	0	1.10166	0	1.45485	0	1.62791	0	1.41732	0	1.75787	0	0.993213	0	1.53132	0	1.47516	0	1.47541	0	1.49683	0	1.18503	0	1.47631	0
1.59107	0	1.35957	0	1.21025	0	1.13069	0	1.48815	0	1.35335	0	1.13431	0	1.60679	0	1.52846	0	1.4466	0	1.23328	0	1.81574	0	1.34284	0	1.10166	0	1.45485	0	1.62791	0	1.41732	0	1.75784	0	0.993213	0	1.53132	0	1.47516	0	1.47541	0	1.49683	0	1.18503	0	1.47631	0
1.59107	0	1.35957	0	1.21025	0	1.13069	0	1.48815	0	1.35335	0	1.13431	0	1.60679	0	1.52846	0	1.4466	0	1.23328	0	1.81574	0	1.34284	0	1.10166	0	1.45485	0	1.62791	0	1.41732	0	1.75783	0	0.993213	0	1.53132	0	1.47516	0	1.47541	0	1.49683	0	1.18503	0	1.47631	0
1.59107	0	1.35957	0	1.21025	0	1.13069	0	1.48815	0	1.35335	0	1.13431	0	1.60679	0	1.52846	0	1.4466	0	1.23328	0	1.81574	0	1.34284	0	1.10166	0	1.45485	0	1.62791	0	1.41732	0	1.75783	0	0.993213	0	1.53132	0	1.47516	0	1.47541	0	1.49683	0	1.18503	0	1.47631	0
1.59107	0	1.35957	0	1.21025	0	1.13069	0	1.48815	0	1.35335	0	1.13431	0	1.60679	0	1.52846	0	1.4466	0	1.23328	0	1.81574	0	1.34284	0	1.10166	0	1.45485	0	1.62791	0	1.41732	0	1.7578	0	0.993213	0	1.53132	0	1.47516	0	1.47541	0	1.49683	0	1.18503	0	1.47631	0
1.59107	0	1.35957	0	1.21025	0	1.13069	0	1.48815	0	1.35335	0	1.13431	0	1.60679	0	1.52846	0	1.4466	0	1.23328	0	1.81574	0	1.34284	0	1.10166	0	1.45485	0	1.62791	0	1.41732	0	1.75777	0	0.993213	0	1.53132	0	1.47516	0	1.47541	0	1.49683	0	1.18503	0	1.47631	0
1.59107	0	1.35957	0	1.21025	0	1.13069	0	1.48815	0	1.35335	0	1.13431	0	1.60679	0	1.52846	0	1.4466	0	1.23328	0	1.81574	0	1.34284	0	1.10166	0	1.45485	0	1.62791	0	1.41732	0	1.75775	0	0.993213	0	1.53132	0	1.47516	0	1.47541	0	1.49683	0	1.18503	0	1.47631	0
1.59107	0	1.35957	0	1.21025	0	1.13069	0	1.48815	0	1.35335	0	1.13431	0	1.60679	0	1.52846	0	1.4466	0	1.23328	0	1.81574	0	1.34284	0	1.10166	0	1.45485	0	1.62791	0	1.41732	0	1.75772	0	0.993213	0	1.53132	0	1.47516	0	1.47541	0	1.49683	0	1.18503	0	1.47631	0
1.59107	0	1.35956	0	1.21025	0	1.13069	0	1.48815	0	1.35335	0	1.13431	0	1.60679	0	1.52846	0	1.4466	0	1.23328	0	1.81574	0	1.34284	0	1.10166	0	1.45485	0	1.62791	0	1.41732	0	1.75771	0	0.993213	0	1.53132	0	1.47516	0	1.47541	0	1.49683	0	1.18503	0	1.47631	0
1.59107	0	1.35956	0	1.21025	0	1.13069	0	1.48815	0	1.35335	0	1.13431	0	1.60679	0	1.52846	0	1.4466	0	1.23328	0	1.81574	0	1.33524	0	1.10166	0	1.45485	0	1.62791	0	1.41732	0	1.75768	0	0.993213	0	1.53132	0	1.47516	0	1.47541	0	1.49683	0	1.18503	0	1.47631	0
1.59107	0	1.35956	0	1.21025	0	1.13069	0	1.48815	0	1.35335	0	1.13431	0	1.60679	0	1.52846	0	1.4466	0	1.23328	0	1.81574	0	1.33524	0	1.10166	0	1.45485	0	1.62791	0	1.41732	0	1.75766	0	0.993213	0	1.53132	0	1.47516	0	1.47541	0	1.49683	0	1.18503	0	1.47631	0
1.59107	0	1.35956	0	1.21025	0	1.13069	0	1.48815	0	1.35335	0	1.13431	0	1.60679	0	1.52846	0	1.4466	0	1.23328	0	1.81574	0	1.33524	0	1.10166	0	1.45485	0	1.62791	0	1.41732	0	1.75765	0	0.993213	0	1.53132	0	1.47516	0	1.47541	0	1.49683	0	1.18503	0	1.47631	0
1.59107	0	1.35956	0	1.21025	0	1.13069	0	1.48815	0	1.35335	0	1.13431	0	1.60679	0	1.52846	0	1.4466	0	1.23328	0	1.81574	0	1.33524	0	1.10166	0	1.45485	0	1.62791	0	1.41732	0	1.75764	0	0.993213	0	1.53132	0	1.47516	0	1.47541	0	1.49683	0	1.18503	0	1.47631	0
1.59107	0	1.35956	0	1.21025	0	1.13069	0	1.48815	0	1.35335	0	1.13431	0	1.60679	0	1.52846	0	1.4466	0	1.23328	0	1.81574	0	1.33524	0	1.10166	0	1.45485	0	1.62791	0	1.41732	0	1.75762	0	0.993213	0	1.53132	0	1.47516	0	1.47541	0	1.49683	0	1.18503	0	1.47631	0
1.59107	0	1.35956	0	1.21025	0	1.13069	0	1.48815	0	1.35335	0	1.13431	0	1.60679	0	1.52846	0	1.4466	0	1.23328	0	1.81574	0	1.33524	0	1.10166	0	1.45485	0	1.62791	0	1.41732	0	1.75762	0	0.993213	0	1.53132	0	1.47516	0	1.47541	0	1.49683	0	1.18503	0	1.47631	0
1.59107	0	1.35956	0	1.21025	0	1.13069	0	1.48815	0	1.35335	0	1.13431	0	1.60679	0	1.52846	0	1.4466	0	1.23328	0	1.81574	0	1.33524	0	1.10166	0	1.45485	0	1.62791	0	1.41732	0	1.75761	0	0.993213	0	1.53132	0	1.47516	0	1.47541	0	1.49683	0	1.18503	0	1.47631	0
1.59107	0	1.35955	0	1.21025	0	1.13069	0	1.48815	0	1.35335	0	1.13431	0	1.60679	0	1.52846	0	1.4466	0	1.23328	0	1.81574	0	1.33524	0	1.10166	0	1.45485	0	1.62791	0	1.41732	0	1.75759	0	0.993213	0	1.53132	0	1.47516	0	1.47541	0	1.49683	0	1.18503	0	1.47631	0
1.59107	0	1.35955	0	1.21025	0	1.13069	0	1.48815	0	1.35335	0	1.13431	0	1.60679	0	1.52846	0	1.4466	0	1.23328	0	1.81574	0	1.33524	0	1.10166	0	1.45485	0	1.62791	0	1.41732	0	1.75759	0	0.993213	0	1.53132	0	1.47516	0	1.47541	0	1.49683	0	1.18503	0	1.47631	0
1.59107	0	1.35955	0	1.21025	0	1.13069	0	1.48815	0	1.35335	0	1.13431	0	1.60679	0	1.52846	0	1.4466	0	1.23328	0	1.81574	0	1.33524	0	1.10166	0	1.45485	0	1.62791	0	1.41732	0	1.75758	0	0.993213	0	1.53132	0	1.47516	0	1.47541	0	1.49683	0	1.18503	0	1.47631	0
1.59107	0	1.35955	0	1.21025	0	1.13069	0	1.48815	0	1.35335	0	1.13431	0	1.60679	0	1.52846	0	1.4466	0	1.23328	0	1.81574	0	1.31111	0	1.10166	0	1.45485	0	1.62791	0	1.41732	0	1.75757	0	0.993213	0	1.53132	0	1.47516	0	1.47541	0	1.49683	0	1.18503	0	1.47631	0
1.59107	0	1.35955	0	1.21025	0	1.13069	0	1.48815	0	1.35335	0	1.13431	0	1.60679	0	1.52846	0	1.4466	0	1.23328	0	1.81574	0	1.31111	0	1.10166	0	1.45485	0	1.62791	0	1.41732	0	1.75755	0	0.993213	0	1.53132	0	1.47516	0	1.47541	0	1.49683	0	1.18503	0	1.47631	0
1.59107	0	1.35954	0	1.21025	0	1.13069	0	1.48815	0	1.35335	0	1.13431	0	1.60679	0	1.52846	0	1.4466	0	1.23328	0	1.81574	0	1.31111	0	1.10166	0	1.45485	0	1.62791	0	1.41732	0	1.75754	0	0.993213	0	1.53132	0	1.47516	0	1.47541	0	1.49683	0	1.18503	0	1.47631	0
1.59107	0	1.35954	0	1.21025	0	1.13069	0	1.48815	0	1.35335	0	1.13431	0	1.60679	0	1.52846	0	1.4466	0	1.23328	0	1.81574	0	1.30802	0	1.10166	0	1.45485	0	1.62791	0	1.41732	0	1.75754	0	0.993213	0	1.53132	0	1.47516	0	1.47541	0	1.49683	0	1.18503	0	1.47631	0
1.59107	0	1.35954	0	1.21025	0	1.13069	0	1.48815	0	1.35335	0	1.13431	0	1.60679	0	1.52846	0	1.4466	0	1.23328	0	1.81574	0	1.29124	0	1.10166	0	1.45485	0	1.62791	0	1.41732	0	1.75753	0	0.993213	0	1.53132	0	1.47516	0	1.47541	0	1.49683	0	1.18503	0	1.47631	0
1.59107	0	1.35954	0	1.21025	0	1.13069	0	1.48815	0	1.35335	0	1.13431	0	1.60679	0	1.52846	0	1.4466	0	1.23328	0	1.81574	0	1.27822	0	1.10166	0	1.45485	0	1.62791	0	1.41732	0	1.75752	0	0.993213	0	1.53132	0	1.47516	0	1.47541	0	1.49683	0	1.18503	0	1.47631	0
1.59107	0	1.35954	0	1.21025	0	1.13069	0	1.48815	0	1.35335	0	1.13431	0	1.60679	0	1.52846	0	1.4466	0	1.23328	0	1.81574	0	1.22452	0	1.10166	0	1.45485	0	1.62791	0	1.41732	0	1.75751	0	0.993213	0	1.53132	0	1.47516	0	1.47541	0	1.49683	0	1.18503	0	1.47631	0
1.59107	0	1.35953	0	1.21025	0	1.13069	0	1.48815	0	1.35335	0	1.13431	0	1.60679	0	1.52846	0	1.4466	0	1.23328	0	1.81574	0	1.19674	0	1.10166	0	1.45485	0	1.62791	0	1.41732	0	1.75751	0	0.993213	0	1.53132	0	1.47516	0	1.47541	0	1.49683	0	1.18503	0	1.47631	0
1.59107	0	1.35953	0	1.21025	0	1.13069	0	1.48815	0	1.35335	0	1.13431	0	1.60679	0	1.52846	0	1.4466	0	1.23328	0	1.81574	0	1.18744	0	1.10166	0	1.45485	0	1.62791	0	1.41732	0	1.7575	0	0.993212	0	1.53132	0	1.47516	0	1.47541	0	1.49683	0	1.18503	0	1.47631	0
1.59107	0	1.35953	0	1.21025	0	1.13069	0	1.48815	0	1.35335	0	1.13431	0	1.60679	0	1.52846	0	1.4466	0	1.23328	0	1.81574	0	1.18098	0	1.10166	0	1.45485	0	1.62791	0	1.41732	0	1.7575	0	0.993212	0	1.53132	0	1.47516	0	1.47541	0	1.49683	0	1.18503	0	1.47631	0
1.59107	0	1.35953	0	1.21025	0	1.13069	0	1.48815	0	1.35335	0	1.13431	0	1.60679	0	1.52846	0	1.4466	0	1.23328	0	1.81574	0	1.17438	0	1.10166	0	1.45485	0	1.62791	0	1.41732	0	1.7575	0	0.993212	0	1.53132	0	1.47516	0	1.47541	0	1.49683	0	1.18503	0	1.47631	0
1.59107	0	1.35953	0	1.21025	0	1.13069	0	1.48815	0	1.35335	0	1.13431	0	1.60679	0	1.52846	0	1.4466	0	1.23328	0	1.81574	0	1.16888	0	1.10166	0	1.45485	0	1.62791	0	1.41732	0	1.7575	0	0.993212	0	1.53132	0	1.47516	0	1.47541	0	1.49683	0	1.18503	0	1.47631	0
1.59107	0	1.32774	0	1.21025	0	1.13069	0	1.48815	0	1.35335	0	1.13431	0	1.60679	0	1.52846	0	1.4466	0	1.23328	0	1.81574	0	1.1633	0	1.10166	0	1.45485	0	1.62791	0	1.41732	0	1.75749	0	0.993212	0	1.53132	0	1.47516	0	1.47541	0	1.49683	0	1.18503	0	1.47631	0
1.59107	0	1.32774	0	1.21025	0	1.13069	0	1.48815	0	1.35335	0	1.13431	0	1.60679	0	1.52846	0	1.4466	0	1.23328	0	1.81574	0	1.15395	0	1.10166	0	1.45485	0	1.62791	0	1.41732	0	1.75749	0	0.993212	0	1.53132	0	1.47516	0	1.47541	0	1.49683	0	1.18503	0	1.47631	0
1.59107	0	1.32774	0	1.21025	0	1.13069	0	1.48815	0	1.35335	0	1.13431	0	1.60679	0	1.52846	0	1.4466	0	1.23328	0	1.81574	0	1.1525	0	1.10166	0	1.45485	0	1.62791	0	1.41732	0	1.75749	0	0.993212	0	1.53132	0	1.47516	0	1.47541	0	1.49683	0	1.18503	0	1.47631	0
1.59107	0	1.32774	0	1.21025	0	1.13069	0	1.48815	0	1.35335	0	1.13431	0	1.60679	0	1.52846	0	1.4466	0	1.23328	0	1.81574	0	1.15063	0	1.10166	0	1.45485	0	1.62791	0	1.41732	0	1.75749	0	0.993212	0	1.53132	0	1.47516	0	1.47541	0	1.49683	0	1.18503	0	1.47631	0
1.59107	0	1.32774	0	1.21025	0	1.13069	0	1.48815	0	1.35335	0	1.13431	0	1.60679	0	1.52846	0	1.4466	0	1.23328	0	1.81574	0	1.14869	0	1.10166	0	1.45485	0	1.62791	0	1.41732	0	1.75749	0	0.993212	0	1.53132	0	1.47516	0	1.47541	0	1.49683	0	1.18503	0	1.47631	0
1.59107	0	1.32774	0	1.21025	0	1.13069	0	1.48815	0	1.35335	0	1.13431	0	1.60679	0	1.52846	0	1.4466	0	1.23328	0	1.81574	0	1.14808	0	1.10166	0	1.45485	0	1.62791	0	1.41732	0	1.75749	0	0.993212	0	1.53132	0	1.47516	0	1.47541	0	1.49683	0	1.18503	0	1.47631	0
1.59107	0	1.32774	0	1.21025	0	1.13069	0	1.48815	0	1.35335	0	1.13431	0	1.60679	0	1.52846	0	1.4466	0	1.23328	0	1.81574	0	1.14782	0	1.10166	0	1.45485	0	1.62791	0	1.41732	0	1.75749	0	0.993212	0	1.53132	0	1.47516	0	1.47541	0	1.49683	0	1.18503	0	1.47631	0
1.59107	0	1.32774	0	1.21025	0	1.13069	0	1.48815	0	1.35335	0	1.13431	0	1.60679	0	1.52846	0	1.4466	0	1.23328	0	1.81574	0	1.14688	0	1.10166	0	1.45485	0	1.62791	0	1.41732	0	1.75749	0	0.993212	0	1.53132	0	1.47516	0	1.47541	0	1.49683	0	1.18503	0	1.47631	0
1.59107	0	1.32774	0	1.21025	0	1.13069	0	1.48815	0	1.35335	0	1.13431	0	1.60679	0	1.52846	0	1.4466	0	1.23328	0	1.81574	0	1.14575	0	1.10166	0	1.45485	0	1.62791	0	1.41732	0	1.75749	0	0.993212	0	1.53132	0	1.47516	0	1.47541	0	1.49683	0	1.18503	0	1.47631	0
1.59107	0	1.32774	0	1.21025	0	1.13069	0	1.48815	0	1.35335	0	1.13431	0	1.60679	0	1.52846	0	1.4466	0	1.23328	0	1.81574	0	1.14562	0	1.10166	0	1.45485	0	1.62791	0	1.41732	0	1.75748	0	0.993212	0	1.53132	0	1.47516	0	1.47541	0	1.49683	0	1.18503	0	1.47631	0
1.59107	0	1.32774	0	1.21025	0	1.13069	0	1.48815	0	1.35335	0	1.13431	0	1.60679	0	1.52846	0	1.4466	0	1.23328	0	1.81574	0	1.1439	0	1.10166	0	1.45485	0	1.62791	0	1.41732	0	1.75748	0	0.993212	0	1.53132	0	1.47516	0	1.47541	0	1.49683	0	1.18503	0	1.47631	0
1.59107	0	1.32774	0	1.21025	0	1.13069	0	1.48815	0	1.35335	0	1.13431	0	1.60679	0	1.52846	0	1.4466	0	1.23328	0	1.81574	0	1.14376	0	1.10166	0	1.45485	0	1.62791	0	1.41732	0	1.75748	0	0.993212	0	1.53132	0	1.47516	0	1.47541	0	1.49683	0	1.18503	0	1.47631	0
1.59107	0	1.32774	0	1.21025	0	1.13069	0	1.48815	0	1.35335	0	1.13431	0	1.60679	0	1.52846	0	1.4466	0	1.23328	0	1.81574	0	1.14234	0	1.10166	0	1.45485	0	1.62791	0	1.41732	0	1.75748	0	0.993212	0	1.53132	0	1.47516	0	1.47541	0	1.49683	0	1.18503	0	1.47631	0
1.59107	0	1.32774	0	1.21025	0	1.13069	0	1.48815	0	1.35335	0	1.13431	0	1.60679	0	1.52846	0	1.4466	0	1.23328	0	1.81574	0	1.14161	0	1.10166	0	1.45485	0	1.62791	0	1.41732	0	1.75748	0	0.993212	0	1.53132	0	1.47516	0	1.47541	0	1.49683	0	1.18503	0	1.47631	0
1.59107	0	1.32774	0	1.21025	0	1.13069	0	1.48815	0	1.35335	0	1.13431	0	1.60679	0	1.52846	0	1.4466	0	1.23328	0	1.81574	0	1.14093	0	1.10166	0	1.45485	0	1.62791	0	1.41732	0	1.75748	0	0.993212	0	1.53132	0	1.47516	0	1.47541	0	1.49683	0	1.18503	0	1.47631	0
1.59107	0	1.32774	0	1.21025	0	1.13069	0	1.48815	0	1.35335	0	1.13431	0	1.60679	0	1.52846	0	1.4466	0	1.23328	0	1.81574	0	1.1406	0	1.10166	0	1.45485	0	1.62791	0	1.41732	0	1.75748	0	0.993212	0	1.53132	0	1.47516	0	1.47541	0	1.49683	0	1.18503	0	1.47631	0
1.59107	0	1.32774	0	1.21025	0	1.13069	0	1.48815	0	1.35335	0	1.13431	0	1.60679	0	1.52846	0	1.4466	0	1.23328	0	1.81574	0	1.13971	0	1.10166	0	1.45485	0	1.62791	0	1.41732	0	1.75748	0	0.993212	0	1.53132	0	1.47516	0	1.47541	0	1.49683	0	1.18503	0	1.47631	0
1.59107	0	1.32774	0	1.21025	0	1.13069	0	1.48815	0	1.35335	0	1.13431	0	1.60679	0	1.52846	0	1.4466	0	1.23328	0	1.81574	0	1.1395	0	1.10166	0	1.45485	0	1.62791	0	1.41732	0	1.75748	0	0.993212	0	1.53132	0	1.47516	0	1.47541	0	1.49683	0	1.18503	0	1.47631	0
1.59107	0	1.32774	0	1.21025	0	1.13069	0	1.48815	0	1.35335	0	1.13431	0	1.60679	0	1.52846	0	1.4466	0	1.23328	0	1.81574	0	1.13935	0	1.10166	0	1.45485	0	1.62791	0	1.41732	0	1.75748	0	0.993212	0	1.53132	0	1.47516	0	1.47541	0	1.49683	0	1.18503	0	1.47631	0
1.59107	0	1.32774	0	1.21025	0	1.13069	0	1.48815	0	1.35335	0	1.13431	0	1.60679	0	1.52846	0	1.4466	0	1.23328	0	1.81574	0	1.13889	0	1.10166	0	1.45485	0	1.62791	0	1.41732	0	1.75748	0	0.993212	0	1.53132	0	1.47516	0	1.47541	0	1.49683	0	1.18503	0	1.47631	0
1.59107	0	1.32774	0	1.21025	0	1.13069	0	1.48815	0	1.35335	0	1.13431	0	1.60679	0	1.52846	0	1.4466	0	1.23328	0	1.81574	0	1.13868	0	1.10166	0	1.45485	0	1.62791	0	1.41732	0	1.75748	0	0.993212	0	1.53132	0	1.47516	0	1.47541	0	1.49683	0	1.18503	0	1.47631	0
1.59107	0	1.32774	0	1.21025	0	1.13069	0	1.48815	0	1.35335	0	1.13431	0	1.60679	0	1.52846	0	1.4466	0	1.23328	0	1.81574	0	1.13849	0	1.10166	0	1.45485	0	1.62791	0	1.41732	0	1.75748	0	0.993212	0	1.53132	0	1.47516	0	1.47541	0	1.49683	0	1.18503	0	1.47631	0
1.59107	0	1.32774	0	1.21025	0	1.13069	0	1.48815	0	1.35335	0	1.13431	0	1.60679	0	1.52846	0	1.4466	0	1.23328	0	1.81574	0	1.13792	0	1.10166	0	1.45485	0	1.62791	0	1.41732	0	1.75748	0	0.993212	0	1.53132	0	1.47516	0	1.47541	0	1.49683	0	1.18503	0	1.47631	0
1.59107	0	1.32774	0	1.21025	0	1.13069	0	1.48815	0	1.35335	0	1.13431	0	1.60679	0	1.52846	0	1.4466	0	1.23328	0	1.81574	0	1.13742	0	1.10166	0	1.45485	0	1.62791	0	1.41732	0	1.75748	0	0.993212	0	1.53132	0	1.47516	0	1.47541	0	1.49683	0	1.18503	0	1.47631	0
1.59107	0	1.32774	0	1.21025	0	1.13069	0	1.48815	0	1.35335	0	1.13431	0	1.60679	0	1.52846	0	1.4466	0	1.23328	0	1.81574	0	1.13717	0	1.10166	0	1.45485	0	1.62791	0	1.41732	0	1.75748	0	0.993212	0	1.53132	0	1.47516	0	1.47541	0	1.49683	0	1.18503	0	1.47631	0
1.59107	0	1.32774	0	1.21025	0	1.13069	0	1.48815	0	1.35335	0	1.13431	0	1.60679	0	1.52846	0	1.4466	0	1.23328	0	1.81574	0	1.13648	0	1.10166	0	1.45485	0	1.62791	0	1.41732	0	1.75748	0	0.993212	0	1.53132	0	1.47516	0	1.47541	0	1.49683	0	1.18503	0	1.47631	0
1.59107	0	1.32774	0	1.21025	0	1.13069	0	1.48815	0	1.35335	0	1.13431	0	1.60679	0	1.52846	0	1.4466	0	1.23328	0	1.81574	0	1.1364	0	1.10166	0	1.45485	0	1.62791	0	1.41732	0	1.75748	0	0.993212	0	1.53132	0	1.47516	0	1.47541	0	1.49683	0	1.18503	0	1.47631	0
1.59107	0	1.32774	0	1.21025	0	1.13069	0	1.48815	0	1.35335	0	1.13431	0	1.60679	0	1.52846	0	1.4466	0	1.23328	0	1.81574	0	1.13604	0	1.10166	0	1.45485	0	1.62791	0	1.41732	0	1.75748	0	0.993212	0	1.53132	0	1.47516	0	1.47541	0	1.49683	0	1.18503	0	1.47631	0
1.59107	0	1.32774	0	1.21025	0	1.13069	0	1.48815	0	1.35335	0	1.13431	0	1.60679	0	1.52846	0	1.4466	0	1.23328	0	1.81574	0	1.13559	0	1.10166	0	1.45485	0	1.62791	0	1.41732	0	1.75748	0	0.993212	0	1.53132	0	1.47516	0	1.47541	0	1.49683	0	1.18503	0	1.47631	0
1.59107	0	1.32774	0	1.21025	0	1.13069	0	1.48815	0	1.35335	0	1.13431	0	1.60679	0	1.52846	0	1.4466	0	1.23328	0	1.81574	0	1.1354	0	1.10166	0	1.45485	0	1.62791	0	1.41732	0	1.75748	0	0.993212	0	1.53132	0	1.47516	0	1.47541	0	1.49683	0	1.18503	0	1.47631	0
1.59107	0	1.32774	0	1.21025	0	1.13069	0	1.48815	0	1.35335	0	1.13431	0	1.60679	0	1.52846	0	1.4466	0	1.23328	0	1.81574	0	1.13521	0	1.10166	0	1.45485	0	1.62791	0	1.41732	0	1.75748	0	0.993212	0	1.53132	0	1.47516	0	1.47541	0	1.49683	0	1.18503	0	1.47631	0
1.59107	0	1.32774	0	1.21025	0	1.13069	0	1.48815	0	1.35335	0	1.13431	0	1.60679	0	1.52846	0	1.4466	0	1.23328	0	1.81574	0	1.13489	0	1.10166	0	1.45485	0	1.62791	0	1.41732	0	1.75748	0	0.993212	0	1.53132	0	1.47516	0	1.47541	0	1.49683	0	1.18503	0	1.47631	0
1.59107	0	1.32774	0	1.21025	0	1.13069	0	1.48815	0	1.35335	0	1.13431	0	1.60679	0	1.52846	0	1.4466	0	1.23328	0	1.81574	0	1.13453	0	1.10166	0	1.45485	0	1.62791	0	1.41732	0	1.75748	0	0.993212	0	1.53132	0	1.47516	0	1.47541	0	1.49683	0	1.18503	0	1.47631	0
1.59107	0	1.32774	0	1.21025	0	1.13069	0	1.48815	0	1.35335	0	1.13431	0	1.60679	0	1.52846	0	1.4466	0	1.23328	0	1.81574	0	1.13422	0	1.10166	0	1.45485	0	1.62791	0	1.41732	0	1.75748	0	0.993212	0	1.53132	0	1.47516	0	1.47541	0	1.49683	0	1.18503	0	1.47631	0
1.59107	0	1.32774	0	1.21025	0	1.13069	0	1.48815	0	1.35335	0	1.13431	0	1.60679	0	1.52846	0	1.4466	0	1.23328	0	1.81574	0	1.13404	0	1.10166	0	1.45485	0	1.62791	0	1.41732	0	1.75748	0	0.993212	0	1.53132	0	1.47516	0	1.47541	0	1.49683	0	1.18503	0	1.47631	0
1.59107	0	1.32774	0	1.21025	0	1.13069	0	1.48815	0	1.35335	0	1.13431	0	1.60679	0	1.52846	0	1.4466	0	1.23328	0	1.81574	0	1.13383	0	1.10166	0	1.45485	0	1.62791	0	1.41732	0	1.75748	0	0.993212	0	1.53132	0	1.47516	0	1.47541	0	1.49683	0	1.18503	0	1.47631	0
1.59107	0	1.32774	0	1.21025	0	1.13069	0	1.48815	0	1.35335	0	1.13431	0	1.60679	0	1.52846	0	1.4466	0	1.23328	0	1.81574	0	1.13368	0	1.10166	0	1.45485	0	1.62791	0	1.41732	0	1.75748	0	0.993212	0	1.53132	0	1.47516	0	1.47541	0	1.49683	0	1.18503	0	1.47631	0
1.59107	0	1.32774	0	1.21025	0	1.13069	0	1.48815	0	1.35335	0	1.13431	0	1.60679	0	1.52846	0	1.4466	0	1.23328	0	1.81574	0	1.13334	0	1.10166	0	1.45485	0	1.62791	0	1.41732	0	1.75748	0	0.993212	0	1.53132	0	1.47516	0	1.47541	0	1.49683	0	1.18503	0	1.47631	0
1.59107	0	1.32774	0	1.21025	0	1.13069	0	1.48815	0	1.35335	0	1.13431	0	1.60679	0	1.52846	0	1.4466	0	1.23328	0	1.81574	0	1.133	0	1.10166	0	1.45485	0	1.62791	0	1.41732	0	1.75748	0	0.993212	0	1.53132	0	1.47516	0	1.47541	0	1.49683	0	1.18503	0	1.47631	0
1.59107	0	1.32774	0	1.21025	0	1.13069	0	1.48815	0	1.35335	0	1.13431	0	1.60679	0	1.52846	0	1.4466	0	1.23328	0	1.81574	0	1.13293	0	1.10166	0	1.45485	0	1.62791	0	1.41732	0	1.75748	0	0.993212	0	1.53132	0	1.47516	0	1.47541	0	1.49683	0	1.18503	0	1.47631	0
1.59107	0	1.32774	0	1.21025	0	1.13069	0	1.48815	0	1.35335	0	1.13431	0	1.60679	0	1.52846	0	1.4466	0	1.23328	0	1.81574	0	1.13277	0	1.10166	0	1.45485	0	1.62791	0	1.41732	0	1.75748	0	0.993212	0	1.53132	0	1.47516	0	1.47541	0	1.49683	0	1.18503	0	1.47631	0
1.59107	0	1.32774	0	1.21025	0	1.13069	0	1.48815	0	1.35335	0	1.13431	0	1.60679	0	1.52846	0	1.4466	0	1.23328	0	1.81574	0	1.13259	0	1.10166	0	1.45485	0	1.62791	0	1.41732	0	1.75748	0	0.993212	0	1.53132	0	1.47516	0	1.47541	0	1.49683	0	1.18503	0	1.47631	0
1.59107	0	1.32774	0	1.21025	0	1.13069	0	1.48815	0	1.35335	0	1.13431	0	1.60679	0	1.52846	0	1.4466	0	1.23328	0	1.81574	0	1.13245	0	1.10166	0	1.45485	0	1.62791	0	1.41732	0	1.75748	0	0.993212	0	1.53132	0	1.47516	0	1.47541	0	1.49683	0	1.18503	0	1.47631	0
1.59107	0	1.32774	0	1.21025	0	1.13069	0	1.48815	0	1.35335	0	1.13431	0	1.60679	0	1.52846	0	1.4466	0	1.23328	0	1.81574	0	1.13221	0	1.10166	0	1.45485	0	1.62791	0	1.41732	0	1.75748	0	0.993212	0	1.53132	0	1.47516	0	1.47541	0	1.49683	0	1.18503	0	1.47631	0
1.59107	0	1.32774	0	1.21025	0	1.13069	0	1.48815	0	1.35335	0	1.13431	0	1.60679	0	1.52846	0	1.4466	0	1.23328	0	1.81574	0	1.13195	0	1.10166	0	1.45485	0	1.62791	0	1.41732	0	1.75748	0	0.993212	0	1.53132	0	1.47516	0	1.47541	0	1.49683	0	1.18503	0	1.47631	0
1.59107	0	1.32774	0	1.21025	0	1.13069	0	1.48815	0	1.35335	0	1.13431	0	1.60679	0	1.52846	0	1.4466	0	1.23328	0	1.81574	0	1.13175	0	1.10166	0	1.45485	0	1.62791	0	1.41732	0	1.75748	0	0.993212	0	1.53132	0	1.47516	0	1.47541	0	1.49683	0	1.18503	0	1.47631	0
1.59107	0	1.32774	0	1.21025	0	1.13069	0	1.48815	0	1.35335	0	1.13431	0	1.60679	0	1.52846	0	1.4466	0	1.23328	0	1.81574	0	1.13152	0	1.10166	0	1.45485	0	1.62791	0	1.41732	0	1.75748	0	0.993212	0	1.53132	0	1.47516	0	1.47541	0	1.49683	0	1.18503	0	1.47631	0
1.59107	0	1.32774	0	1.21025	0	1.13069	0	1.48815	0	1.35335	0	1.13431	0	1.60679	0	1.52846	0	1.4466	0	1.23328	0	1.81574	0	1.13149	0	1.10166	0	1.45485	0	1.62791	0	1.41732	0	1.75748	0	0.993212	0	1.53132	0	1.47516	0	1.47541	0	1.49683	0	1.18503	0	1.47631	0
1.59107	0	1.32774	0	1.21025	0	1.13069	0	1.48815	0	1.35335	0	1.13431	0	1.60679	0	1.52846	0	1.4466	0	1.23328	0	1.81574	0	1.13139	0	1.10166	0	1.45485	0	1.62791	0	1.41732	0	1.75748	0	0.993212	0	1.53132	0	1.47516	0	1.47541	0	1.49683	0	1.18503	0	1.47631	0
1.59107	0	1.32774	0	1.21025	0	1.13069	0	1.48815	0	1.35335	0	1.13431	0	1.60679	0	1.52846	0	1.4466	0	1.23328	0	1.81574	0	1.13125	0	1.10166	0	1.45485	0	1.62791	0	1.41732	0	1.75748	0	0.993212	0	1.53132	0	1.47516	0	1.47541	0	1.49683	0	1.18503	0	1.47631	0
1.59107	0	1.32774	0	1.21025	0	1.13069	0	1.48815	0	1.35335	0	1.13431	0	1.60679	0	1.52846	0	1.4466	0	1.23328	0	1.81574	0	1.13122	0	1.10166	0	1.45485	0	1.62791	0	1.41732	0	1.75748	0	0.993212	0	1.53132	0	1.47516	0	1.47541	0	1.49683	0	1.18503	0	1.47631	0
1.59107	0	1.32774	0	1.21025	0	1.13069	0	1.48815	0	1.35335	0	1.13431	0	1.60679	0	1.52846	0	1.4466	0	1.23328	0	1.81574	0	1.13115	0	1.10166	0	1.45485	0	1.62791	0	1.41732	0	1.75748	0	0.993212	0	1.53132	0	1.47516	0	1.47541	0	1.49683	0	1.18503	0	1.47631	0
1.59107	0	1.32774	0	1.21025	0	1.13069	0	1.48815	0	1.35335	0	1.13431	0	1.60679	0	1.52846	0	1.4466	0	1.23328	0	1.81574	0	1.13108	0	1.10166	0	1.45485	0	1.62791	0	1.41732	0	1.75748	0	0.993212	0	1.53132	0	1.47516	0	1.47541	0	1.49683	0	1.18503	0	1.47631	0
1.59107	0	1.32774	0	1.21025	0	1.13069	0	1.48815	0	1.35335	0	1.13431	0	1.60679	0	1.52846	0	1.4466	0	1.23328	0	1.81574	0	1.13102	0	1.10166	0	1.45485	0	1.62791	0	1.41732	0	1.75748	0	0.993212	0	1.53132	0	1.47516	0	1.47541	0	1.49683	0	1.18503	0	1.47631	0
1.59107	0	1.32774	0	1.21025	0	1.13069	0	1.48815	0	1.35335	0	1.13431	0	1.60679	0	1.52846	0	1.4466	0	1.23328	0	1.81574	0	1.131	0	1.10166	0	1.45485	0	1.62791	0	1.41732	0	1.75748	0	0.993212	0	1.53132	0	1.47516	0	1.47541	0	1.49683	0	1.18503	0	1.47631	0
1.59107	0	1.32774	0	1.21025	0	1.13069	0	1.48815	0	1.35335	0	1.13431	0	1.60679	0	1.52846	0	1.4466	0	1.23328	0	1.81574	0	1.13095	0	1.10166	0	1.45485	0	1.62791	0	1.41732	0	1.75748	0	0.993212	0	1.53132	0	1.47516	0	1.47541	0	1.49683	0	1.18503	0	1.47631	0
1.59107	0	1.32774	0	1.21025	0	1.13069	0	1.48815	0	1.35335	0	1.13431	0	1.60679	0	1.52846	0	1.4466	0	1.23328	0	1.81574	0	1.13092	0	1.10166	0	1.45485	0	1.62791	0	1.41732	0	1.75748	0	0.993212	0	1.53132	0	1.47516	0	1.47541	0	1.49683	0	1.18503	0	1.47631	0
1.59107	0	1.32774	0	1.21025	0	1.13069	0	1.48815	0	1.35335	0	1.13431	0	1.60679	0	1.52846	0	1.4466	0	1.23328	0	1.81574	0	1.13092	0	1.10166	0	1.45485	0	1.62791	0	1.41732	0	1.75748	0	0.993212	0	1.53132	0	1.47516	0	1.47541	0	1.49683	0	1.18503	0	1.47631	0
1.59107	0	1.32774	0	1.21025	0	1.13069	0	1.48815	0	1.35335	0	1.13431	0	1.60679	0	1.52846	0	1.42342	0	1.23328	0	1.81574	0	1.13088	0	1.10166	0	1.45485	0	1.62791	0	1.41732	0	1.75748	0	0.993212	0	1.53132	0	1.47516	0	1.47541	0	1.49683	0	1.18503	0	1.47631	0
1.59107	0	1.32774	0	1.21025	0	1.13069	0	1.48815	0	1.35335	0	1.13431	0	1.60679	0	1.52846	0	1.41409	0	1.23328	0	1.81574	0	1.13086	0	1.10166	0	1.45485	0	1.62791	0	1.41732	0	1.75748	0	0.993212	0	1.53132	0	1.47516	0	1.47541	0	1.49683	0	1.18503	0	1.47631	0
1.59107	0	1.32774	0	1.21025	0	1.13069	0	1.48815	0	1.35335	0	1.13431	0	1.60679	0	1.52846	0	1.41216	0	1.23328	0	1.81574	0	1.13082	0	1.10166	0	1.45485	0	1.62791	0	1.41732	0	1.75748	0	0.993212	0	1.53132	0	1.47516	0	1.47541	0	1.49683	0	1.18503	0	1.47631	0
1.59107	0	1.32774	0	1.21025	0	1.13069	0	1.48815	0	1.35335	0	1.13431	0	1.60679	0	1.52846	0	1.41076	0	1.23328	0	1.81574	0	1.13081	0	1.10166	0	1.45485	0	1.62791	0	1.41732	0	1.75748	0	0.993212	0	1.53132	0	1.47516	0	1.47541	0	1.49683	0	1.18503	0	1.47631	0
1.59107	0	1.32774	0	1.21025	0	1.13069	0	1.48815	0	1.35335	0	1.13431	0	1.60679	0	1.52846	0	1.40997	0	1.23328	0	1.81574	0	1.1308	0	1.10166	0	1.45485	0	1.62791	0	1.41732	0	1.75748	0	0.993212	0	1.53132	0	1.47516	0	1.47541	0	1.49683	0	1.18503	0	1.47631	0
1.59107	0	1.32774	0	1.21025	0	1.13069	0	1.48815	0	1.35335	0	1.13431	0	1.60679	0	1.52846	0	1.40909	0	1.23328	0	1.81574	0	1.13079	0	1.10166	0	1.45485	0	1.62791	0	1.41732	0	1.75748	0	0.993212	0	1.53132	0	1.47516	0	1.47541	0	1.49683	0	1.18503	0	1.47631	0
1.59107	0	1.32774	0	1.21025	0	1.13069	0	1.48815	0	1.35335	0	1.13431	0	1.60679	0	1.52846	0	1.40772	0	1.23328	0	1.81574	0	1.13078	0	1.10166	0	1.45485	0	1.62791	0	1.41732	0	1.75748	0	0.993212	0	1.53132	0	1.47516	0	1.47541	0	1.49683	0	1.18503	0	1.47631	0
1.59107	0	1.32774	0	1.21025	0	1.13069	0	1.48815	0	1.35335	0	1.13431	0	1.60679	0	1.52846	0	1.40662	0	1.23328	0	1.81574	0	1.13076	0	1.10166	0	1.45485	0	1.62791	0	1.41732	0	1.75748	0	0.993212	0	1.53132	0	1.47516	0	1.47541	0	1.49683	0	1.18503	0	1.47631	0
1.59107	0	1.32774	0	1.21025	0	1.13069	0	1.48815	0	1.35335	0	1.13431	0	1.60679	0	1.52846	0	1.40662	0	1.23328	0	1.81574	0	1.13076	0	1.10166	0	1.45485	0	1.62791	0	1.41732	0	1.75748	0	0.993212	0	1.53132	0	1.47516	0	1.47541	0	1.49683	0	1.18503	0	1.47631	0
1.59107	0	1.32774	0	1.21025	0	1.13069	0	1.48815	0	1.35335	0	1.13431	0	1.60679	0	1.52846	0	1.40658	0	1.23328	0	1.81574	0	1.13075	0	1.09571	0	1.45485	0	1.62791	0	1.41732	0	1.75748	0	0.993212	0	1.53132	0	1.47516	0	1.47541	0	1.49683	0	1.18503	0	1.47631	0
1.59107	0	1.32774	0	1.21025	0	1.13069	0	1.48815	0	1.35335	0	1.13431	0	1.60679	0	1.52846	0	1.40646	0	1.23328	0	1.81574	0	1.13073	0	1.09571	0	1.45485	0	1.62791	0	1.41732	0	1.75748	0	0.993212	0	1.53132	0	1.47516	0	1.47541	0	1.49683	0	1.18503	0	1.47631	0
1.59107	0	1.32774	0	1.21025	0	1.13069	0	1.48815	0	1.35335	0	1.13431	0	1.60679	0	1.52846	0	1.40633	0	1.23328	0	1.81574	0	1.13073	0	1.09571	0	1.45485	0	1.62791	0	1.41732	0	1.75748	0	0.993212	0	1.53132	0	1.47516	0	1.47541	0	1.49683	0	1.18503	0	1.47631	0
1.59107	0	1.32774	0	1.21025	0	1.13069	0	1.48815	0	1.35335	0	1.13431	0	1.60679	0	1.52846	0	1.40594	0	1.23328	0	1.81574	0	1.13072	0	1.09571	0	1.45485	0	1.62791	0	1.41732	0	1.75748	0	0.993212	0	1.53132	0	1.47516	0	1.47541	0	1.49683	0	1.18503	0	1.47631	0
1.59107	0	1.32774	0	1.21025	0	1.13069	0	1.48815	0	1.35335	0	1.13431	0	1.60679	0	1.52846	0	1.4058	0	1.23328	0	1.81574	0	1.13072	0	1.09571	0	1.45485	0	1.62791	0	1.41732	0	1.75748	0	0.993212	0	1.53132	0	1.47516	0	1.47541	0	1.49683	0	1.18503	0	1.47631	0
1.59107	0	1.32774	0	1.21025	0	1.13069	0	1.48815	0	1.35335	0	1.13431	0	1.60679	0	1.52846	0	1.40579	0	1.23328	0	1.81574	0	1.1307	0	1.09571	0	1.45485	0	1.62791	0	1.41732	0	1.75748	0	0.993212	0	1.53132	0	1.47516	0	1.47541	0	1.49683	0	1.18503	0	1.47631	0
1.59107	0	1.32774	0	1.21025	0	1.13069	0	1.48815	0	1.35335	0	1.13431	0	1.60679	0	1.52846	0	1.40568	0	1.23328	0	1.81574	0	1.13069	0	1.09571	0	1.45485	0	1.62791	0	1.41732	0	1.75748	0	0.993212	0	1.53132	0	1.47516	0	1.47541	0	1.49683	0	1.18503	0	1.47631	0
1.59107	0	1.32774	0	1.21025	0	1.13069	0	1.48815	0	1.35335	0	1.13431	0	1.60679	0	1.52846	0	1.39978	0	1.23328	0	1.81574	0	1.13068	0	1.09571	0	1.45485	0	1.62791	0	1.41732	0	1.75748	0	0.993212	0	1.53132	0	1.47516	0	1.47541	0	1.49683	0	1.18503	0	1.47631	0
1.59107	0	1.32774	0	1.21025	0	1.13069	0	1.48815	0	1.35335	0	1.13431	0	1.60679	0	1.52846	0	1.39928	0	1.23328	0	1.81574	0	1.13067	0	1.09571	0	1.45485	0	1.62791	0	1.41732	0	1.75748	0	0.993212	0	1.53132	0	1.47516	0	1.47541	0	1.49683	0	1.18503	0	1.47631	0
1.59107	0	1.32774	0	1.21025	0	1.13069	0	1.48815	0	1.35335	0	1.13431	0	1.60679	0	1.50135	0	1.39889	0	1.23328	0	1.81574	0	1.13066	0	1.09571	0	1.45485	0	1.62791	0	1.41732	0	1.75748	0	0.993212	0	1.53132	0	1.47516	0	1.47541	0	1.49683	0	1.18503	0	1.47631	0
1.59107	0	1.32774	0	1.21025	0	1.13069	0	1.48815	0	1.35335	0	1.13431	0	1.60679	0	1.50135	0	1.39864	0	1.23328	0	1.81574	0	1.13064	0	1.09571	0	1.45485	0	1.62791	0	1.41732	0	1.75748	0	0.993212	0	1.53132	0	1.47516	0	1.47541	0	1.49683	0	1.18503	0	1.47631	0
1.59107	0	1.32774	0	1.21025	0	1.13069	0	1.48815	0	1.35335	0	1.13431	0	1.60679	0	1.50135	0	1.39856	0	1.23328	0	1.81574	0	1.13063	0	1.09571	0	1.45485	0	1.62791	0	1.41732	0	1.75748	0	0.993212	0	1.53132	0	1.47516	0	1.47541	0	1.49683	0	1.18503	0	1.47631	0
1.59107	0	1.32774	0	1.21025	0	1.13069	0	1.48815	0	1.35335	0	1.13431	0	1.60679	0	1.50135	0	1.3984	0	1.23328	0	1.81574	0	1.13062	0	1.09571	0	1.45485	0	1.62791	0	1.41732	0	1.75748	0	0.993212	0	1.53132	0	1.47516	0	1.47541	0	1.49683	0	1.18503	0	1.47631	0
1.59107	0	1.32774	0	1.21025	0	1.13069	0	1.48815	0	1.35335	0	1.13431	0	1.60679	0	1.50135	0	1.39834	0	1.23328	0	1.81574	0	1.13061	0	1.09571	0	1.45485	0	1.62791	0	1.41732	0	1.75748	0	0.993212	0	1.53132	0	1.47516	0	1.47541	0	1.49683	0	1.18503	0	1.47631	0
1.59107	0	1.32774	0	1.21025	0	1.13069	0	1.48815	0	1.35335	0	1.13431	0	1.60679	0	1.50135	0	1.3982	0	1.23328	0	1.81574	0	1.1306	0	1.09571	0	1.45485	0	1.62791	0	1.41732	0	1.75748	0	0.993212	0	1.53132	0	1.47516	0	1.47541	0	1.49683	0	1.18503	0	1.47631	0
1.59107	0	1.32774	0	1.21025	0	1.13069	0	1.48815	0	1.35335	0	1.13431	0	1.60679	0	1.50135	0	1.39814	0	1.23328	0	1.81574	0	1.1306	0	1.09571	0	1.45485	0	1.62791	0	1.41732	0	1.75748	0	0.993212	0	1.53132	0	1.47516	0	1.47541	0	1.49683	0	1.18503	0	1.47631	0
1.59107	0	1.32774	0	1.21025	0	1.13069	0	1.48815	0	1.35335	0	1.13431	0	1.60679	0	1.50135	0	1.39813	0	1.23328	0	1.81574	0	1.13058	0	1.09571	0	1.45485	0	1.62791	0	1.41732	0	1.75748	0	0.993212	0	1.53132	0	1.47516	0	1.47541	0	1.49683	0	1.18503	0	1.47631	0
1.59107	0	1.32774	0	1.21025	0	1.13069	0	1.48815	0	1.35335	0	1.13431	0	1.60679	0	1.50135	0	1.39808	0	1.23328	0	1.81574	0	1.13058	0	1.09571	0	1.45485	0	1.62791	0	1.41732	0	1.75748	0	0.993212	0	1.53132	0	1.47516	0	1.47541	0	1.49683	0	1.18503	0	1.47631	0
1.59107	0	1.32774	0	1.21025	0	1.13069	0	1.48815	0	1.35335	0	1.13431	0	1.60679	0	1.50135	0	1.39803	0	1.23328	0	1.81574	0	1.13057	0	1.09571	0	1.45485	0	1.62791	0	1.41732	0	1.75748	0	0.993212	0	1.53132	0	1.47516	0	1.47541	0	1.49683	0	1.18503	0	1.47631	0
1.59107	0	1.32774	0	1.21025	0	1.13069	0	1.48815	0	1.35335	0	1.13431	0	1.60679	0	1.50135	0	1.39801	0	1.23328	0	1.81574	0	1.13057	0	1.09571	0	1.45485	0	1.62791	0	1.41732	0	1.75748	0	0.993212	0	1.53132	0	1.47516	0	1.47541	0	1.49683	0	1.18503	0	1.47631	0
1.59107	0	1.32774	0	1.21025	0	1.13069	0	1.48815	0	1.35335	0	1.13431	0	1.60679	0	1.50135	0	1.39799	0	1.23328	0	1.81574	0	1.13057	0	1.09571	0	1.45485	0	1.62791	0	1.41732	0	1.75748	0	0.993212	0	1.53132	0	1.47516	0	1.47541	0	1.49683	0	1.18503	0	1.47631	0
1.59107	0	1.32774	0	1.21025	0	1.13069	0	1.48815	0	1.35335	0	1.13431	0	1.60679	0	1.50135	0	1.39797	0	1.23328	0	1.81574	0	1.13056	0	1.09571	0	1.45485	0	1.62791	0	1.41732	0	1.75748	0	0.993212	0	1.53132	0	1.47516	0	1.47541	0	1.49683	0	1.18503	0	1.47631	0
1.59107	0	1.32774	0	1.21025	0	1.13069	0	1.48815	0	1.35335	0	1.13431	0	1.60679	0	1.50135	0	1.39794	0	1.23328	0	1.81574	0	1.13056	0	1.09571	0	1.45485	0	1.62791	0	1.41732	0	1.75748	0	0.993212	0	1.53132	0	1.47516	0	1.47541	0	1.49683	0	1.18503	0	1.47631	0
1.59107	0	1.32774	0	1.21025	0	1.13069	0	1.48815	0	1.35335	0	1.13431	0	1.60679	0	1.50135	0	1.39793	0	1.23328	0	1.81574	0	1.13056	0	1.09571	0	1.45485	0	1.62791	0	1.41732	0	1.75748	0	0.993212	0	1.53132	0	1.47516	0	1.47541	0	1.49683	0	1.18503	0	1.47631	0
1.59107	0	1.32774	0	1.21025	0	1.13069	0	1.48815	0	1.35335	0	1.13431	0	1.60679	0	1.50135	0	1.39789	0	1.23328	0	1.81574	0	1.13056	0	1.09571	0	1.45485	0	1.62791	0	1.41732	0	1.75748	0	0.993212	0	1.53132	0	1.47516	0	1.47541	0	1.49683	0	1.18503	0	1.47631	0
1.59107	0	1.32774	0	1.21025	0	1.13069	0	1.48815	0	1.35335	0	1.13431	0	1.60679	0	1.50135	0	1.39787	0	1.23328	0	1.81574	0	1.13055	0	1.09571	0	1.45485	0	1.62791	0	1.41732	0	1.75748	0	0.993212	0	1.53132	0	1.47516	0	1.47541	0	1.49683	0	1.18503	0	1.47631	0
1.59107	0	1.32774	0	1.21025	0	1.13069	0	1.48815	0	1.35335	0	1.13431	0	1.60679	0	1.50135	0	1.39785	0	1.23328	0	1.81574	0	1.13055	0	1.09571	0	1.45485	0	1.62791	0	1.41732	0	1.75748	0	0.993212	0	1.53132	0	1.47516	0	1.47541	0	1.49683	0	1.18503	0	1.47631	0
1.59107	0	1.32774	0	1.21025	0	1.13069	0	1.48815	0	1.35335	0	1.13431	0	1.60679	0	1.50135	0	1.39782	0	1.23328	0	1.81574	0	1.13055	0	1.09571	0	1.45485	0	1.62791	0	1.41732	0	1.75748	0	0.993212	0	1.53132	0	1.47516	0	1.47541	0	1.49683	0	1.18503	0	1.47631	0
1.59107	0	1.32774	0	1.21025	0	1.13069	0	1.48815	0	1.35335	0	1.13431	0	1.60679	0	1.50135	0	1.39782	0	1.23328	0	1.81574	0	1.13054	0	1.09571	0	1.45485	0	1.62791	0	1.41732	0	1.75748	0	0.993212	0	1.53132	0	1.47516	0	1.47541	0	1.49683	0	1.18503	0	1.47631	0
1.59107	0	1.32774	0	1.21025	0	1.13069	0	1.48815	0	1.35335	0	1.13431	0	1.60679	0	1.50135	0	1.39781	0	1.23328	0	1.81574	0	1.13054	0	1.09571	0	1.45485	0	1.62791	0	1.41732	0	1.75748	0	0.993212	0	1.53132	0	1.47516	0	1.47541	0	1.49683	0	1.18503	0	1.47631	0
1.59107	0	1.32774	0	1.21025	0	1.13069	0	1.48815	0	1.35335	0	1.13431	0	1.60679	0	1.50135	0	1.39779	0	1.23328	0	1.81574	0	1.13054	0	1.09571	0	1.45485	0	1.62791	0	1.41732	0	1.75748	0	0.993212	0	1.53132	0	1.47516	0	1.47541	0	1.49683	0	1.18503	0	1.47631	0
1.59107	0	1.32774	0	1.21025	0	1.13069	0	1.48815	0	1.35335	0	1.13431	0	1.60679	0	1.50135	0	1.39778	0	1.23328	0	1.81574	0	1.13054	0	1.09571	0	1.45485	0	1.62791	0	1.41732	0	1.75748	0	0.993212	0	1.53132	0	1.47516	0	1.47541	0	1.49683	0	1.18503	0	1.47631	0
1.59107	0	1.32774	0	1.21025	0	1.13069	0	1.48815	0	1.35335	0	1.13431	0	1.60679	0	1.50135	0	1.39777	0	1.23328	0	1.81574	0	1.13054	0	1.09571	0	1.45485	0	1.62791	0	1.41732	0	1.75748	0	0.993212	0	1.53132	0	1.47516	0	1.47541	0	1.49683	0	1.18503	0	1.47631	0
1.59107	0	1.32774	0	1.21025	0	1.13069	0	1.48815	0	1.35335	0	1.13431	0	1.60679	0	1.50135	0	1.39777	0	1.23328	0	1.81574	0	1.13053	0	1.09571	0	1.45485	0	1.62791	0	1.41732	0	1.75748	0	0.993212	0	1.53132	0	1.47516	0	1.47541	0	1.49683	0	1.18503	0	1.47631	0
1.59107	0	1.32774	0	1.21025	0	1.13069	0	1.48815	0	1.35335	0	1.13431	0	1.60679	0	1.50135	0	1.39776	0	1.23328	0	1.81574	0	1.13053	0	1.09571	0	1.45485	0	1.62791	0	1.41732	0	1.75748	0	0.993212	0	1.53132	0	1.47516	0	1.47541	0	1.49683	0	1.18503	0	1.47631	0
1.59107	0	1.32774	0	1.21025	0	1.13069	0	1.48815	0	1.35335	0	1.13431	0	1.60679	0	1.50135	0	1.39775	0	1.23328	0	1.81574	0	1.13053	0	1.09571	0	1.45485	0	1.62791	0	1.41732	0	1.75748	0	0.993212	0	1.53132	0	1.47516	0	1.47541	0	1.49683	0	1.18503	0	1.47631	0
1.59107	0	1.32774	0	1.21025	0	1.13069	0	1.48815	0	1.35335	0	1.13431	0	1.60679	0	1.50135	0	1.39774	0	1.23328	0	1.81574	0	1.13053	0	1.09571	0	1.45485	0	1.62791	0	1.41732	0	1.75748	0	0.993212	0	1.53132	0	1.47516	0	1.47541	0	1.49683	0	1.18503	0	1.47631	0
1.59107	0	1.32774	0	1.21025	0	1.13069	0	1.48815	0	1.35335	0	1.13431	0	1.60679	0	1.50135	0	1.39774	0	1.23328	0	1.81574	0	1.13052	0	1.09571	0	1.45485	0	1.62791	0	1.41732	0	1.75748	0	0.993212	0	1.53132	0	1.47516	0	1.47541	0	1.49683	0	1.18503	0	1.47631	0
1.59107	0	1.32774	0	1.21025	0	1.13069	0	1.48815	0	1.35335	0	1.13431	0	1.60679	0	1.50135	0	1.39773	0	1.23328	0	1.81574	0	1.13052	0	1.09571	0	1.45485	0	1.62791	0	1.41732	0	1.75748	0	0.993212	0	1.53132	0	1.47516	0	1.47541	0	1.49683	0	1.18503	0	1.47631	0
1.59107	0	1.32774	0	1.21025	0	1.13069	0	1.48815	0	1.35335	0	1.13431	0	1.60679	0	1.50135	0	1.39773	0	1.23328	0	1.81574	0	1.13052	0	1.09571	0	1.45485	0	1.62791	0	1.41732	0	1.75748	0	0.993212	0	1.53132	0	1.47516	0	1.47541	0	1.49683	0	1.18503	0	1.47631	0
1.59107	0	1.32774	0	1.21025	0	1.13069	0	1.48815	0	1.35335	0	1.13431	0	1.60679	0	1.50135	0	1.39773	0	1.23328	0	1.81574	0	1.13052	0	1.09571	0	1.45485	0	1.62791	0	1.41732	0	1.75748	0	0.993212	0	1.53132	0	1.47516	0	1.47541	0	1.49683	0	1.18503	0	1.47631	0
1.59107	0	1.32774	0	1.21025	0	1.13069	0	1.48815	0	1.35335	0	1.13431	0	1.60679	0	1.50135	0	1.39773	0	1.23328	0	1.81574	0	1.13052	0	1.09571	0	1.45485	0	1.62791	0	1.41732	0	1.75748	0	0.993212	0	1.53132	0	1.47516	0	1.47541	0	1.49683	0	1.18503	0	1.47631	0
1.59107	0	1.32774	0	1.21025	0	1.13069	0	1.48815	0	1.35335	0	1.13431	0	1.60679	0	1.50135	0	1.39773	0	1.23328	0	1.81574	0	1.13052	0	1.09571	0	1.45485	0	1.62791	0	1.41732	0	1.75748	0	0.993212	0	1.53132	0	1.47516	0	1.47541	0	1.49683	0	1.18503	0	1.47631	0
1.59107	0	1.32774	0	1.21025	0	1.13069	0	1.48815	0	1.35335	0	1.13431	0	1.60679	0	1.50135	0	1.39773	0	1.23328	0	1.81574	0	1.13051	0	1.09571	0	1.45485	0	1.62791	0	1.41732	0	1.75748	0	0.993212	0	1.53132	0	1.47516	0	1.47541	0	1.49683	0	1.18503	0	1.47631	0
1.59107	0	1.32774	0	1.21025	0	1.13069	0	1.48815	0	1.35335	0	1.13431	0	1.60679	0	1.50135	0	1.39773	0	1.23328	0	1.81574	0	1.13051	0	1.09571	0	1.45485	0	1.62791	0	1.41732	0	1.75748	0	0.993212	0	1.53132	0	1.47516	0	1.47541	0	1.49683	0	1.18503	0	1.47631	0
1.59107	0	1.32774	0	1.21025	0	1.13069	0	1.48815	0	1.35335	0	1.13431	0	1.60679	0	1.50135	0	1.39772	0	1.23328	0	1.81574	0	1.13051	0	1.09571	0	1.45485	0	1.62791	0	1.41732	0	1.75748	0	0.993212	0	1.53132	0	1.47516	0	1.47541	0	1.49683	0	1.18503	0	1.47631	0
1.59107	0	1.32774	0	1.21025	0	1.13069	0	1.48815	0	1.35335	0	1.13431	0	1.60679	0	1.50135	0	1.39772	0	1.23328	0	1.81574	0	1.13051	0	1.09571	0	1.45485	0	1.62791	0	1.41732	0	1.75748	0	0.993212	0	1.53132	0	1.47516	0	1.47541	0	1.49683	0	1.18503	0	1.47631	0
1.59107	0	1.32774	0	1.21025	0	1.13069	0	1.48815	0	1.35335	0	1.13431	0	1.60679	0	1.50135	0	1.39772	0	1.23328	0	1.81574	0	1.13051	0	1.09571	0	1.45485	0	1.62791	0	1.41732	0	1.75748	0	0.993212	0	1.53132	0	1.47516	0	1.47541	0	1.49683	0	1.18503	0	1.47631	0
1.59107	0	1.32774	0	1.21025	0	1.13069	0	1.48815	0	1.35335	0	1.13431	0	1.60679	0	1.50135	0	1.39772	0	1.23328	0	1.81574	0	1.13051	0	1.09571	0	1.45485	0	1.62791	0	1.41732	0	1.75748	0	0.993212	0	1.53132	0	1.47516	0	1.47541	0	1.49683	0	1.18503	0	1.47631	0
1.59107	0	1.32774	0	1.21025	0	1.13069	0	1.48815	0	1.35335	0	1.13431	0	1.60679	0	1.50135	0	1.39772	0	1.23328	0	1.81574	0	1.13051	0	1.09571	0	1.45485	0	1.62791	0	1.41732	0	1.75748	0	0.993212	0	1.53132	0	1.47516	0	1.47541	0	1.49683	0	1.18503	0	1.47631	0
1.59107	0	1.32774	0	1.21025	0	1.13069	0	1.48815	0	1.35335	0	1.13431	0	1.60679	0	1.50135	0	1.39772	0	1.23328	0	1.81574	0	1.13051	0	1.09571	0	1.45485	0	1.62791	0	1.41732	0	1.75748	0	0.993212	0	1.53132	0	1.47516	0	1.47541	0	1.49683	0	1.18503	0	1.47631	0
1.59107	0	1.32774	0	1.21025	0	1.13069	0	1.48815	0	1.35335	0	1.13431	0	1.60679	0	1.50135	0	1.39772	0	1.23328	0	1.81574	0	1.13051	0	1.09571	0	1.45485	0	1.62791	0	1.41732	0	1.75748	0	0.993212	0	1.53132	0	1.47516	0	1.47541	0	1.49683	0	1.18503	0	1.47631	0
1.59107	0	1.32774	0	1.21025	0	1.13069	0	1.48815	0	1.35335	0	1.13431	0	1.60679	0	1.50135	0	1.39772	0	1.23328	0	1.81574	0	1.1305	0	1.09571	0	1.45485	0	1.62791	0	1.41732	0	1.75748	0	0.993212	0	1.53132	0	1.47516	0	1.47541	0	1.49683	0	1.18503	0	1.47631	0
1.59107	0	1.32774	0	1.21025	0	1.13069	0	1.48815	0	1.35335	0	1.13431	0	1.60679	0	1.50135	0	1.39771	0	1.23328	0	1.81574	0	1.1305	0	1.09571	0	1.45485	0	1.62791	0	1.41732	0	1.75748	0	0.993212	0	1.53132	0	1.47516	0	1.47541	0	1.49683	0	1.18503	0	1.47631	0
1.59107	0	1.32774	0	1.21025	0	1.13069	0	1.48815	0	1.35335	0	1.13431	0	1.60679	0	1.50135	0	1.39771	0	1.23328	0	1.81574	0	1.1305	0	1.09571	0	1.45485	0	1.62791	0	1.41732	0	1.75748	0	0.993212	0	1.53132	0	1.47516	0	1.47541	0	1.49683	0	1.18503	0	1.47631	0
1.59107	0	1.32774	0	1.21025	0	1.13069	0	1.48815	0	1.35335	0	1.13431	0	1.60679	0	1.50135	0	1.39771	0	1.23328	0	1.81574	0	1.1305	0	1.09571	0	1.45485	0	1.62791	0	1.41732	0	1.75748	0	0.993212	0	1.53132	0	1.47516	0	1.47541	0	1.49683	0	1.18503	0	1.47631	0
1.59107	0	1.32774	0	1.21025	0	1.13069	0	1.48815	0	1.35335	0	1.13431	0	1.60679	0	1.50135	0	1.39771	0	1.23328	0	1.81574	0	1.1305	0	1.09571	0	1.45485	0	1.62791	0	1.41732	0	1.75748	0	0.993212	0	1.53132	0	1.47516	0	1.47541	0	1.49683	0	1.18503	0	1.47631	0
1.59107	0	1.32774	0	1.21025	0	1.13069	0	1.48815	0	1.35335	0	1.13431	0	1.60679	0	1.50135	0	1.39771	0	1.23328	0	1.81574	0	1.1305	0	1.09571	0	1.45485	0	1.62791	0	1.41732	0	1.75748	0	0.993212	0	1.53132	0	1.47516	0	1.47541	0	1.49683	0	1.18503	0	1.47631	0
1.59107	0	1.32774	0	1.21025	0	1.13069	0	1.48815	0	1.35335	0	1.13431	0	1.60679	0	1.50135	0	1.3977	0	1.23328	0	1.81574	0	1.1305	0	1.09571	0	1.45485	0	1.62791	0	1.41732	0	1.75748	0	0.993212	0	1.53132	0	1.47516	0	1.47541	0	1.49683	0	1.18503	0	1.47631	0
1.59107	0	1.32774	0	1.21025	0	1.13069	0	1.48815	0	1.35335	0	1.13431	0	1.60679	0	1.50135	0	1.3977	0	1.23328	0	1.81574	0	1.1305	0	1.09571	0	1.45485	0	1.62791	0	1.41732	0	1.75748	0	0.993212	0	1.53132	0	1.47516	0	1.47541	0	1.49683	0	1.18503	0	1.47631	0
1.59107	0	1.32774	0	1.21025	0	1.13069	0	1.48815	0	1.35335	0	1.13431	0	1.60679	0	1.50135	0	1.3977	0	1.23328	0	1.81574	0	1.1305	0	1.09571	0	1.45485	0	1.62791	0	1.41732	0	1.75748	0	0.993212	0	1.53132	0	1.47516	0	1.47541	0	1.49683	0	1.18503	0	1.47631	0
1.59107	0	1.32774	0	1.21025	0	1.13069	0	1.48815	0	1.35335	0	1.13431	0	1.60679	0	1.50135	0	1.3977	0	1.23328	0	1.81574	0	1.1305	0	1.09571	0	1.45485	0	1.62791	0	1.41732	0	1.75748	0	0.993212	0	1.53132	0	1.47516	0	1.47541	0	1.49683	0	1.18503	0	1.47631	0
1.59107	0	1.32774	0	1.21025	0	1.13069	0	1.48815	0	1.35335	0	1.13431	0	1.60679	0	1.50135	0	1.3977	0	1.23328	0	1.81574	0	1.1305	0	1.09571	0	1.45485	0	1.62791	0	1.41732	0	1.75748	0	0.993212	0	1.53132	0	1.47516	0	1.47541	0	1.49683	0	1.18503	0	1.47631	0
1.59107	0	1.32774	0	1.21025	0	1.13069	0	1.48815	0	1.35335	0	1.13431	0	1.60679	0	1.50135	0	1.3977	0	1.23328	0	1.81574	0	1.1305	0	1.09571	0	1.45485	0	1.62791	0	1.41732	0	1.75748	0	0.993212	0	1.53132	0	1.47516	0	1.47541	0	1.49683	0	1.18503	0	1.47631	0
1.59107	0	1.32774	0	1.21025	0	1.13069	0	1.48815	0	1.35335	0	1.13431	0	1.60679	0	1.50135	0	1.39769	0	1.23328	0	1.81574	0	1.1305	0	1.09571	0	1.45485	0	1.62791	0	1.41732	0	1.75748	0	0.993212	0	1.53132	0	1.47516	0	1.47541	0	1.49683	0	1.18503	0	1.47631	0
1.59107	0	1.32774	0	1.21025	0	1.13069	0	1.48815	0	1.35335	0	1.13431	0	1.60679	0	1.50135	0	1.39769	0	1.23328	0	1.81574	0	1.1305	0	1.09571	0	1.45485	0	1.62791	0	1.41732	0	1.75748	0	0.993212	0	1.53132	0	1.47516	0	1.47541	0	1.49683	0	1.18503	0	1.47631	0
1.59107	0	1.32774	0	1.21025	0	1.13069	0	1.48815	0	1.35335	0	1.13431	0	1.60679	0	1.50135	0	1.39769	0	1.23328	0	1.81574	0	1.1305	0	1.09571	0	1.45485	0	1.62415	0	1.41732	0	1.75748	0	0.993212	0	1.53132	0	1.47516	0	1.47541	0	1.49683	0	1.18503	0	1.47631	0
1.59107	0	1.32774	0	1.21025	0	1.13069	0	1.48815	0	1.35335	0	1.13431	0	1.60679	0	1.50135	0	1.39768	0	1.23328	0	1.81574	0	1.1305	0	1.09571	0	1.45485	0	1.62415	0	1.41732	0	1.75748	0	0.993212	0	1.53132	0	1.47516	0	1.47541	0	1.49683	0	1.18503	0	1.47631	0
1.59107	0	1.32774	0	1.21025	0	1.13069	0	1.48815	0	1.35335	0	1.13431	0	1.60679	0	1.50135	0	1.39768	0	1.23328	0	1.81574	0	1.1305	0	1.09571	0	1.45485	0	1.62415	0	1.41732	0	1.75748	0	0.993212	0	1.53132	0	1.47516	0	1.47541	0	1.49683	0	1.18503	0	1.47631	0
1.59107	0	1.32774	0	1.21025	0	1.13069	0	1.48815	0	1.35335	0	1.13431	0	1.60679	0	1.50135	0	1.39768	0	1.23328	0	1.81574	0	1.1305	0	1.09571	0	1.45485	0	1.62415	0	1.41732	0	1.75748	0	0.993212	0	1.53132	0	1.47516	0	1.47541	0	1.49683	0	1.18503	0	1.47631	0
1.59107	0	1.32774	0	1.21025	0	1.13069	0	1.48815	0	1.35335	0	1.13431	0	1.60679	0	1.50135	0	1.39767	0	1.23328	0	1.81574	0	1.1305	0	1.09571	0	1.45485	0	1.62415	0	1.41732	0	1.75748	0	0.993212	0	1.53132	0	1.47516	0	1.47541	0	1.49683	0	1.18503	0	1.47631	0
1.59107	0	1.32774	0	1.21025	0	1.13069	0	1.48815	0	1.35335	0	1.13431	0	1.60679	0	1.50135	0	1.39767	0	1.23328	0	1.81574	0	1.1305	0	1.09571	0	1.45485	0	1.62415	0	1.41732	0	1.75748	0	0.993212	0	1.53132	0	1.47516	0	1.47541	0	1.49683	0	1.18503	0	1.47631	0
1.59107	0	1.32774	0	1.21025	0	1.13069	0	1.48815	0	1.35335	0	1.13431	0	1.60679	0	1.50135	0	1.39767	0	1.23328	0	1.81574	0	1.1305	0	1.09571	0	1.45485	0	1.62415	0	1.41732	0	1.75748	0	0.993212	0	1.53132	0	1.47516	0	1.47541	0	1.49683	0	1.18503	0	1.47631	0
1.59107	0	1.32774	0	1.21025	0	1.13069	0	1.48815	0	1.35335	0	1.13431	0	1.60679	0	1.50135	0	1.39767	0	1.23328	0	1.81574	0	1.1305	0	1.09571	0	1.45485	0	1.62415	0	1.41732	0	1.75748	0	0.993212	0	1.53132	0	1.47516	0	1.47541	0	1.49683	0	1.18503	0	1.47631	0
1.59107	0	1.32774	0	1.21025	0	1.13069	0	1.48815	0	1.35335	0	1.13431	0	1.60679	0	1.50135	0	1.39766	0	1.23328	0	1.81574	0	1.1305	0	1.09571	0	1.45485	0	1.62415	0	1.41732	0	1.75748	0	0.993212	0	1.53132	0	1.47516	0	1.47541	0	1.49683	0	1.18503	0	1.47631	0
1.59107	0	1.32774	0	1.21025	0	1.13069	0	1.48815	0	1.35335	0	1.13431	0	1.60679	0	1.50135	0	1.39766	0	1.23328	0	1.81574	0	1.1305	0	1.09571	0	1.45485	0	1.62415	0	1.41732	0	1.75748	0	0.993212	0	1.53132	0	1.47516	0	1.47541	0	1.49683	0	1.18503	0	1.47631	0
1.59107	0	1.32774	0	1.21025	0	1.13069	0	1.48815	0	1.35335	0	1.13431	0	1.60679	0	1.50135	0	1.39766	0	1.23328	0	1.81574	0	1.1305	0	1.09571	0	1.45485	0	1.62415	0	1.41732	0	1.75748	0	0.993212	0	1.53132	0	1.47516	0	1.47541	0	1.49683	0	1.18503	0	1.47631	0
1.59107	0	1.32774	0	1.21025	0	1.13069	0	1.48815	0	1.35335	0	1.13431	0	1.60679	0	1.50135	0	1.39766	0	1.23328	0	1.81574	0	1.13049	0	1.09571	0	1.45485	0	1.62415	0	1.41732	0	1.75748	0	0.993212	0	1.53132	0	1.47516	0	1.47541	0	1.49683	0	1.18503	0	1.47631	0
1.59107	0	1.32774	0	1.21025	0	1.13069	0	1.48815	0	1.35335	0	1.13431	0	1.60679	0	1.50135	0	1.39765	0	1.23328	0	1.81574	0	1.13049	0	1.09571	0	1.45485	0	1.62415	0	1.41732	0	1.75748	0	0.993212	0	1.53132	0	1.47516	0	1.47541	0	1.49683	0	1.18503	0	1.47631	0
1.59107	0	1.32774	0	1.21025	0	1.13069	0	1.48815	0	1.35335	0	1.13431	0	1.60679	0	1.50135	0	1.39765	0	1.23328	0	1.81574	0	1.13049	0	1.09571	0	1.45485	0	1.62415	0	1.41732	0	1.75748	0	0.993212	0	1.53132	0	1.47516	0	1.47541	0	1.49683	0	1.18503	0	1.47631	0
1.59107	0	1.32774	0	1.21025	0	1.13069	0	1.48815	0	1.35335	0	1.13431	0	1.60679	0	1.47852	0	1.39765	0	1.23328	0	1.81574	0	1.13049	0	1.09571	0	1.45485	0	1.62415	0	1.41732	0	1.75748	0	0.993212	0	1.53132	0	1.47516	0	1.47541	0	1.49683	0	1.18503	0	1.47631	0
1.59107	0	1.32774	0	1.21025	0	1.13069	0	1.48815	0	1.35335	0	1.13431	0	1.60679	0	1.47852	0	1.39764	0	1.23328	0	1.81574	0	1.13049	0	1.09571	0	1.45485	0	1.52772	0	1.41732	0	1.75748	0	0.993212	0	1.53132	0	1.47516	0	1.47541	0	1.49683	0	1.18503	0	1.47631	0
1.59107	0	1.32774	0	1.21025	0	1.13069	0	1.48815	0	1.35335	0	1.13431	0	1.60679	0	1.47852	0	1.39764	0	1.23328	0	1.81574	0	1.13049	0	1.09571	0	1.45485	0	1.50617	0	1.41732	0	1.75748	0	0.993212	0	1.53132	0	1.47516	0	1.47541	0	1.49683	0	1.18503	0	1.47631	0
1.59107	0	1.32774	0	1.21025	0	1.13069	0	1.48815	0	1.35335	0	1.13431	0	1.60679	0	1.47852	0	1.39764	0	1.23328	0	1.81574	0	1.13049	0	1.09571	0	1.45485	0	1.50617	0	1.41732	0	1.75748	0	0.993212	0	1.53132	0	1.47516	0	1.47541	0	1.49683	0	1.18503	0	1.47631	0
1.59107	0	1.32774	0	1.21025	0	1.13069	0	1.48815	0	1.35335	0	1.13431	0	1.60679	0	1.47852	0	1.39764	0	1.23328	0	1.81574	0	1.13049	0	1.09571	0	1.45485	0	1.50194	0	1.41732	0	1.75748	0	0.993212	0	1.53132	0	1.47516	0	1.47541	0	1.49683	0	1.18503	0	1.47631	0
1.59107	0	1.32774	0	1.21025	0	1.13069	0	1.48815	0	1.35335	0	1.13431	0	1.60679	0	1.47852	0	1.39764	0	1.23328	0	1.81574	0	1.13049	0	1.09571	0	1.45485	0	1.50125	0	1.41732	0	1.75748	0	0.993212	0	1.53132	0	1.47516	0	1.47541	0	1.49683	0	1.18503	0	1.47631	0
1.59107	0	1.32774	0	1.21025	0	1.13069	0	1.48815	0	1.35335	0	1.13431	0	1.60679	0	1.47613	0	1.39764	0	1.23328	0	1.81574	0	1.13049	0	1.09571	0	1.45485	0	1.50125	0	1.41732	0	1.75748	0	0.993212	0	1.53132	0	1.47516	0	1.47541	0	1.49683	0	1.18503	0	1.47631	0
1.59107	0	1.32774	0	1.21025	0	1.13069	0	1.48815	0	1.35335	0	1.13431	0	1.60679	0	1.47515	0	1.39763	0	1.23328	0	1.81574	0	1.13049	0	1.09571	0	1.45485	0	1.50125	0	1.41732	0	1.75748	0	0.993212	0	1.53132	0	1.47516	0	1.47541	0	1.49683	0	1.18503	0	1.47631	0
1.59107	0	1.32774	0	1.21025	0	1.13069	0	1.48815	0	1.35335	0	1.13431	0	1.60679	0	1.47475	0	1.39763	0	1.23328	0	1.81574	0	1.13049	0	1.09571	0	1.45485	0	1.50125	0	1.41732	0	1.75748	0	0.993212	0	1.53132	0	1.47516	0	1.47541	0	1.49683	0	1.18503	0	1.47631	0
1.59107	0	1.32774	0	1.21025	0	1.13069	0	1.48815	0	1.35335	0	1.13431	0	1.60679	0	1.43092	0	1.39763	0	1.23328	0	1.81574	0	1.13049	0	1.09571	0	1.45485	0	1.50125	0	1.41732	0	1.75748	0	0.993212	0	1.53132	0	1.47516	0	1.47541	0	1.49683	0	1.18503	0	1.47631	0
1.59107	0	1.32774	0	1.21025	0	1.13069	0	1.48815	0	1.35335	0	1.13431	0	1.60679	0	1.40594	0	1.39763	0	1.23328	0	1.81574	0	1.13049	0	1.09571	0	1.45485	0	1.50112	0	1.41732	0	1.75748	0	0.993212	0	1.53132	0	1.47516	0	1.47541	0	1.49683	0	1.18503	0	1.47631	0
1.59107	0	1.32774	0	1.21025	0	1.13069	0	1.48815	0	1.35335	0	1.13431	0	1.60679	0	1.40392	0	1.39763	0	1.23328	0	1.81574	0	1.13049	0	1.09571	0	1.45485	0	1.50074	0	1.41732	0	1.75748	0	0.993212	0	1.53132	0	1.47516	0	1.47541	0	1.49683	0	1.18503	0	1.47631	0
1.59107	0	1.32774	0	1.21025	0	1.13069	0	1.48815	0	1.35335	0	1.13431	0	1.60679	0	1.40346	0	1.39763	0	1.23328	0	1.81574	0	1.13049	0	1.09571	0	1.45485	0	1.50024	0	1.41732	0	1.75748	0	0.993212	0	1.53132	0	1.47516	0	1.47541	0	1.49683	0	1.18503	0	1.47631	0
1.59107	0	1.32774	0	1.21025	0	1.13069	0	1.48815	0	1.35335	0	1.13431	0	1.60679	0	1.40265	0	1.39763	0	1.23328	0	1.81574	0	1.13049	0	1.09571	0	1.45485	0	1.50015	0	1.41732	0	1.75748	0	0.993212	0	1.53132	0	1.47516	0	1.47541	0	1.49683	0	1.18503	0	1.47629	0
1.59107	0	1.32774	0	1.21025	0	1.13069	0	1.48815	0	1.35335	0	1.13431	0	1.60679	0	1.40167	0	1.39763	0	1.23328	0	1.81574	0	1.13049	0	1.09571	0	1.45485	0	1.5001	0	1.41732	0	1.75748	0	0.993212	0	1.53132	0	1.47516	0	1.47541	0	1.49683	0	1.18503	0	1.47629	0
1.59107	0	1.32774	0	1.21025	0	1.13069	0	1.48815	0	1.35335	0	1.13431	0	1.60679	0	1.40042	0	1.39763	0	1.23328	0	1.81574	0	1.13049	0	1.09571	0	1.45485	0	1.49996	0	1.41732	0	1.75748	0	0.993212	0	1.53132	0	1.47516	0	1.47541	0	1.49683	0	1.18503	0	1.47233	0
1.59107	0	1.32774	0	1.21025	0	1.13069	0	1.48815	0	1.35335	0	1.13431	0	1.60679	0	1.40007	0	1.39763	0	1.23328	0	1.81574	0	1.13049	0	1.09571	0	1.45485	0	1.49989	0	1.41732	0	1.75748	0	0.993212	0	1.53132	0	1.47516	0	1.47541	0	1.49683	0	1.18503	0	1.47233	0
1.59107	0	1.32774	0	1.21025	0	1.13069	0	1.48815	0	1.35335	0	1.13431	0	1.60679	0	1.39938	0	1.39763	0	1.23328	0	1.81574	0	1.13049	0	1.09571	0	1.45485	0	1.49989	0	1.41732	0	1.75748	0	0.993212	0	1.53132	0	1.47516	0	1.47541	0	1.49683	0	1.18503	0	1.47233	0
1.59107	0	1.32774	0	1.21025	0	1.13069	0	1.48815	0	1.35335	0	1.13431	0	1.60679	0	1.39884	0	1.39763	0	1.23328	0	1.81574	0	1.13049	0	1.09571	0	1.45485	0	1.49987	0	1.41732	0	1.75748	0	0.993212	0	1.53132	0	1.47516	0	1.47541	0	1.49683	0	1.18503	0	1.47233	0
1.59107	0	1.32774	0	1.21025	0	1.13069	0	1.48815	0	1.35335	0	1.13431	0	1.60679	0	1.39831	0	1.39763	0	1.23328	0	1.81574	0	1.13049	0	1.09571	0	1.45485	0	1.49985	0	1.41732	0	1.75748	0	0.993212	0	1.53132	0	1.47516	0	1.47541	0	1.49683	0	1.18503	0	1.47233	0
1.59107	0	1.32774	0	1.21025	0	1.13069	0	1.48815	0	1.35335	0	1.13431	0	1.60679	0	1.39771	0	1.39763	0	1.23328	0	1.81574	0	1.13049	0	1.09571	0	1.45485	0	1.49984	0	1.41732	0	1.75748	0	0.993212	0	1.53132	0	1.47516	0	1.47541	0	1.49683	0	1.18503	0	1.47233	0
1.59107	0	1.32774	0	1.21025	0	1.13069	0	1.48815	0	1.35335	0	1.13431	0	1.60679	0	1.3976	0	1.39763	0	1.23328	0	1.81574	0	1.13049	0	1.09571	0	1.45485	0	1.49983	0	1.41732	0	1.75748	0	0.993212	0	1.53132	0	1.47516	0	1.47541	0	1.49683	0	1.18503	0	1.47233	0
1.59107	0	1.32774	0	1.21025	0	1.13069	0	1.48815	0	1.35335	0	1.13431	0	1.60679	0	1.39703	0	1.39763	0	1.23328	0	1.81574	0	1.13049	0	1.09571	0	1.45485	0	1.49982	0	1.41732	0	1.75748	0	0.993212	0	1.53132	0	1.47516	0	1.47541	0	1.49683	0	1.18503	0	1.47233	0
1.59107	0	1.32774	0	1.21025	0	1.13069	0	1.48815	0	1.35335	0	1.13431	0	1.60679	0	1.39683	0	1.39763	0	1.23328	0	1.81574	0	1.13049	0	1.09571	0	1.45485	0	1.49982	0	1.41732	0	1.75748	0	0.993212	0	1.53132	0	1.47516	0	1.47541	0	1.49683	0	1.18503	0	1.47233	0
1.59107	0	1.32774	0	1.21025	0	1.13069	0	1.48815	0	1.35335	0	1.13431	0	1.60679	0	1.3967	0	1.39763	0	1.23328	0	1.81574	0	1.13049	0	1.09571	0	1.45485	0	1.49982	0	1.41732	0	1.75748	0	0.993212	0	1.53132	0	1.47516	0	1.47541	0	1.49683	0	1.18503	0	1.47233	0
1.59107	0	1.32774	0	1.21025	0	1.13069	0	1.48815	0	1.35335	0	1.13431	0	1.60679	0	1.3965	0	1.39763	0	1.23328	0	1.81574	0	1.13049	0	1.09571	0	1.45485	0	1.49981	0	1.41732	0	1.75748	0	0.993212	0	1.53132	0	1.47516	0	1.47541	0	1.49683	0	1.18503	0	1.47233	0
1.59107	0	1.32774	0	1.21025	0	1.13069	0	1.48815	0	1.35335	0	1.13431	0	1.60679	0	1.39625	0	1.39763	0	1.23328	0	1.81574	0	1.13049	0	1.09571	0	1.45485	0	1.49981	0	1.41732	0	1.75748	0	0.993212	0	1.53132	0	1.47516	0	1.47541	0	1.49683	0	1.18503	0	1.47233	0
1.59107	0	1.32774	0	1.21025	0	1.13069	0	1.48815	0	1.35335	0	1.13431	0	1.60679	0	1.396	0	1.39763	0	1.23328	0	1.81574	0	1.13049	0	1.09571	0	1.45485	0	1.49981	0	1.41732	0	1.75748	0	0.993212	0	1.53132	0	1.47516	0	1.47541	0	1.49683	0	1.18503	0	1.47233	0
1.59107	0	1.32774	0	1.21025	0	1.13069	0	1.48815	0	1.35335	0	1.13431	0	1.60679	0	1.39578	0	1.39763	0	1.23328	0	1.81574	0	1.13049	0	1.09571	0	1.45485	0	1.49981	0	1.41732	0	1.75748	0	0.993212	0	1.53132	0	1.47516	0	1.47541	0	1.49683	0	1.18503	0	1.47233	0
1.59107	0	1.32774	0	1.21025	0	1.13069	0	1.48815	0	1.35335	0	1.13431	0	1.60679	0	1.39551	0	1.39763	0	1.23328	0	1.81574	0	1.13049	0	1.09571	0	1.45485	0	1.4998	0	1.41732	0	1.75748	0	0.993212	0	1.53132	0	1.47516	0	1.47541	0	1.49683	0	1.18503	0	1.47233	0
1.59107	0	1.32774	0	1.21025	0	1.13069	0	1.48815	0	1.35335	0	1.13431	0	1.60679	0	1.39522	0	1.39763	0	1.23328	0	1.81574	0	1.13049	0	1.09571	0	1.45485	0	1.4998	0	1.41732	0	1.75748	0	0.993212	0	1.53132	0	1.47516	0	1.47541	0	1.49683	0	1.18503	0	1.47233	0
1.59107	0	1.32774	0	1.21025	0	1.13069	0	1.48815	0	1.35335	0	1.13431	0	1.60679	0	1.395	0	1.39763	0	1.23328	0	1.81574	0	1.13049	0	1.09571	0	1.45485	0	1.4998	0	1.41732	0	1.75748	0	0.993212	0	1.53132	0	1.47516	0	1.47541	0	1.49683	0	1.18503	0	1.47233	0
1.59107	0	1.32774	0	1.21025	0	1.13069	0	1.48815	0	1.35335	0	1.13431	0	1.60679	0	1.39456	0	1.39763	0	1.23328	0	1.81574	0	1.13049	0	1.09571	0	1.45485	0	1.4998	0	1.41732	0	1.75748	0	0.993212	0	1.53132	0	1.47516	0	1.47541	0	1.49683	0	1.18503	0	1.47233	0
1.59107	0	1.32774	0	1.21025	0	1.13069	0	1.48815	0	1.35335	0	1.13431	0	1.60679	0	1.39443	0	1.39763	0	1.23328	0	1.81574	0	1.13049	0	1.09571	0	1.45485	0	1.49979	0	1.41732	0	1.75748	0	0.993212	0	1.53132	0	1.47516	0	1.47541	0	1.49683	0	1.18503	0	1.47233	0
1.59107	0	1.32774	0	1.21025	0	1.13069	0	1.48815	0	1.35335	0	1.13431	0	1.60679	0	1.39422	0	1.39763	0	1.23328	0	1.81574	0	1.13049	0	1.09571	0	1.45485	0	1.49979	0	1.41732	0	1.75748	0	0.993212	0	1.53132	0	1.47516	0	1.47541	0	1.49683	0	1.18503	0	1.47233	0
1.59107	0	1.32774	0	1.21025	0	1.13069	0	1.48815	0	1.35335	0	1.13431	0	1.60679	0	1.39392	0	1.39763	0	1.23328	0	1.81574	0	1.13049	0	1.09571	0	1.45485	0	1.49979	0	1.41732	0	1.75748	0	0.993212	0	1.53132	0	1.47516	0	1.47541	0	1.49683	0	1.18503	0	1.47233	0
1.59107	0	1.32774	0	1.21025	0	1.13069	0	1.48815	0	1.35335	0	1.13431	0	1.60679	0	1.39369	0	1.39763	0	1.23328	0	1.81574	0	1.13049	0	1.09571	0	1.45485	0	1.49979	0	1.41732	0	1.75748	0	0.993212	0	1.53132	0	1.47516	0	1.47541	0	1.49683	0	1.18503	0	1.47233	0
1.59107	0	1.32774	0	1.21025	0	1.13069	0	1.48815	0	1.35335	0	1.13431	0	1.60679	0	1.39363	0	1.39763	0	1.23328	0	1.81574	0	1.13049	0	1.09571	0	1.45485	0	1.49978	0	1.41732	0	1.75748	0	0.993212	0	1.53132	0	1.47516	0	1.47541	0	1.49683	0	1.18503	0	1.47233	0
1.59107	0	1.32774	0	1.21025	0	1.13069	0	1.48815	0	1.35335	0	1.13431	0	1.60679	0	1.39352	0	1.39763	0	1.23328	0	1.81574	0	1.13049	0	1.09571	0	1.45485	0	1.49978	0	1.41732	0	1.75748	0	0.993212	0	1.53132	0	1.47516	0	1.47541	0	1.49683	0	1.18503	0	1.47233	0
1.59107	0	1.32774	0	1.21025	0	1.13069	0	1.48815	0	1.35335	0	1.13431	0	1.60679	0	1.39327	0	1.39763	0	1.23328	0	1.81574	0	1.13049	0	1.09571	0	1.45485	0	1.49978	0	1.41732	0	1.75748	0	0.993212	0	1.53132	0	1.47516	0	1.47541	0	1.49683	0	1.18503	0	1.47233	0
1.59107	0	1.32774	0	1.21025	0	1.13069	0	1.48815	0	1.35335	0	1.13431	0	1.60679	0	1.39317	0	1.39763	0	1.23328	0	1.81574	0	1.13049	0	1.09571	0	1.45485	0	1.49978	0	1.41732	0	1.75748	0	0.993212	0	1.53132	0	1.47516	0	1.47541	0	1.49683	0	1.18503	0	1.47233	0
1.59107	0	1.32774	0	1.21025	0	1.13069	0	1.48815	0	1.35335	0	1.13431	0	1.60679	0	1.39303	0	1.39763	0	1.23328	0	1.81574	0	1.13049	0	1.09571	0	1.45485	0	1.49978	0	1.41732	0	1.75748	0	0.993212	0	1.53132	0	1.47516	0	1.47541	0	1.49683	0	1.18503	0	1.47233	0
1.59107	0	1.32774	0	1.21025	0	1.13069	0	1.48815	0	1.35335	0	1.13431	0	1.60679	0	1.39296	0	1.39763	0	1.23328	0	1.81574	0	1.13049	0	1.09571	0	1.45485	0	1.49978	0	1.41732	0	1.75748	0	0.993212	0	1.53132	0	1.47516	0	1.47541	0	1.49683	0	1.18503	0	1.47233	0
1.59107	0	1.32774	0	1.21025	0	1.13069	0	1.48815	0	1.35335	0	1.13431	0	1.60679	0	1.39273	0	1.39763	0	1.23328	0	1.81574	0	1.13049	0	1.09571	0	1.45485	0	1.49977	0	1.41732	0	1.75748	0	0.993212	0	1.53132	0	1.47516	0	1.47541	0	1.49683	0	1.18503	0	1.47233	0
1.59107	0	1.32774	0	1.21025	0	1.13069	0	1.48815	0	1.35335	0	1.13431	0	1.60679	0	1.3927	0	1.39763	0	1.23328	0	1.81574	0	1.13049	0	1.09571	0	1.45485	0	1.49977	0	1.41732	0	1.75748	0	0.993212	0	1.53132	0	1.47516	0	1.47541	0	1.49683	0	1.18503	0	1.47233	0
1.59107	0	1.32774	0	1.21025	0	1.13069	0	1.48815	0	1.35335	0	1.13431	0	1.60679	0	1.39254	0	1.39763	0	1.23328	0	1.81574	0	1.13049	0	1.09571	0	1.45485	0	1.49977	0	1.41732	0	1.75748	0	0.993212	0	1.53132	0	1.47516	0	1.47541	0	1.49683	0	1.18503	0	1.47233	0
1.59107	0	1.32774	0	1.21025	0	1.13069	0	1.48815	0	1.35335	0	1.13431	0	1.60679	0	1.39241	0	1.39763	0	1.23328	0	1.81574	0	1.13049	0	1.09571	0	1.45485	0	1.49977	0	1.41732	0	1.75748	0	0.993212	0	1.53132	0	1.47516	0	1.47541	0	1.49683	0	1.18503	0	1.47233	0
1.59107	0	1.32774	0	1.21025	0	1.13069	0	1.48815	0	1.3322	0	1.13431	0	1.60679	0	1.39232	0	1.39763	0	1.23328	0	1.81574	0	1.13049	0	1.09571	0	1.45485	0	1.49976	0	1.41732	0	1.75748	0	0.993212	0	1.53132	0	1.47516	0	1.47541	0	1.49683	0	1.18503	0	1.47233	0
1.59107	0	1.32774	0	1.21025	0	1.13069	0	1.48815	0	1.3322	0	1.13431	0	1.60679	0	1.39221	0	1.39763	0	1.23328	0	1.81574	0	1.13049	0	1.09571	0	1.45485	0	1.49976	0	1.41732	0	1.75748	0	0.993212	0	1.53132	0	1.47516	0	1.47541	0	1.49683	0	1.18503	0	1.47233	0
1.59107	0	1.32774	0	1.21025	0	1.13069	0	1.48815	0	1.33219	0	1.13431	0	1.60679	0	1.39204	0	1.39763	0	1.23328	0	1.81574	0	1.13049	0	1.09571	0	1.45485	0	1.49976	0	1.41732	0	1.75748	0	0.993212	0	1.53132	0	1.47516	0	1.47541	0	1.49683	0	1.18503	0	1.47233	0
1.59107	0	1.32774	0	1.21025	0	1.13069	0	1.48815	0	1.33219	0	1.13431	0	1.60679	0	1.39198	0	1.39763	0	1.23328	0	1.81574	0	1.13049	0	1.09571	0	1.45485	0	1.49976	0	1.41732	0	1.75748	0	0.993212	0	1.53132	0	1.47516	0	1.47541	0	1.49683	0	1.18503	0	1.47233	0
1.59107	0	1.32774	0	1.21025	0	1.13069	0	1.48815	0	1.33218	0	1.13431	0	1.60679	0	1.39192	0	1.39763	0	1.23328	0	1.81574	0	1.13049	0	1.09571	0	1.45485	0	1.49976	0	1.41732	0	1.75748	0	0.993212	0	1.53132	0	1.47516	0	1.47541	0	1.49683	0	1.18503	0	1.47233	0
1.59107	0	1.32774	0	1.21025	0	1.13069	0	1.48815	0	1.33217	0	1.13431	0	1.60679	0	1.39188	0	1.39763	0	1.23328	0	1.81574	0	1.13049	0	1.09571	0	1.45485	0	1.49975	0	1.41732	0	1.75748	0	0.993212	0	1.53132	0	1.47516	0	1.47541	0	1.49683	0	1.18503	0	1.47233	0
1.59107	0	1.32774	0	1.21025	0	1.13069	0	1.48815	0	1.33086	0	1.13431	0	1.60679	0	1.39184	0	1.39763	0	1.23328	0	1.81574	0	1.13049	0	1.09571	0	1.45485	0	1.49975	0	1.41732	0	1.75748	0	0.993212	0	1.53132	0	1.47516	0	1.47541	0	1.49683	0	1.18503	0	1.47233	0
1.59107	0	1.32774	0	1.21025	0	1.13069	0	1.48815	0	1.33081	0	1.13431	0	1.60679	0	1.39183	0	1.39763	0	1.23328	0	1.81574	0	1.13049	0	1.09571	0	1.45485	0	1.49975	0	1.41732	0	1.75748	0	0.993212	0	1.53132	0	1.47516	0	1.47541	0	1.49683	0	1.18503	0	1.47233	0
1.59107	0	1.32774	0	1.21025	0	1.13069	0	1.48815	0	1.3308	0	1.13431	0	1.60679	0	1.39179	0	1.39763	0	1.23328	0	1.81574	0	1.13049	0	1.09571	0	1.45485	0	1.49975	0	1.41732	0	1.75748	0	0.993212	0	1.53132	0	1.47516	0	1.47541	0	1.49683	0	1.18503	0	1.47233	0
1.59107	0	1.32774	0	1.21025	0	1.13069	0	1.48815	0	1.3308	0	1.13431	0	1.60679	0	1.39176	0	1.39763	0	1.23328	0	1.81574	0	1.13049	0	1.09571	0	1.45485	0	1.49975	0	1.41732	0	1.75748	0	0.993212	0	1.53132	0	1.47516	0	1.47541	0	1.49683	0	1.18503	0	1.47233	0
1.59107	0	1.32774	0	1.21025	0	1.13069	0	1.48815	0	1.3308	0	1.13431	0	1.60679	0	1.39174	0	1.39763	0	1.23328	0	1.81574	0	1.13049	0	1.09571	0	1.45485	0	1.49975	0	1.41732	0	1.75748	0	0.993212	0	1.53132	0	1.47516	0	1.47541	0	1.49683	0	1.18503	0	1.47233	0
1.59107	0	1.32774	0	1.21025	0	1.13069	0	1.48815	0	1.3308	0	1.13431	0	1.60679	0	1.39172	0	1.39763	0	1.23328	0	1.81574	0	1.13049	0	1.09571	0	1.45485	0	1.49975	0	1.41732	0	1.75748	0	0.993212	0	1.53132	0	1.47516	0	1.47541	0	1.49683	0	1.18503	0	1.47233	0
1.59107	0	1.32774	0	1.21025	0	1.13069	0	1.48815	0	1.3308	0	1.13431	0	1.60679	0	1.39168	0	1.39763	0	1.23328	0	1.81574	0	1.13049	0	1.09571	0	1.45485	0	1.49975	0	1.41732	0	1.75748	0	0.993212	0	1.53132	0	1.47516	0	1.47541	0	1.49683	0	1.18503	0	1.47233	0
1.59107	0	1.32774	0	1.21025	0	1.13069	0	1.48815	0	1.3308	0	1.13431	0	1.60679	0	1.39166	0	1.39763	0	1.23328	0	1.81574	0	1.13049	0	1.09571	0	1.45485	0	1.49975	0	1.41732	0	1.75748	0	0.993212	0	1.53132	0	1.47516	0	1.47541	0	1.49683	0	1.18503	0	1.47233	0
1.59107	0	1.32774	0	1.21025	0	1.13069	0	1.48815	0	1.3308	0	1.13431	0	1.60679	0	1.39166	0	1.39763	0	1.23328	0	1.81574	0	1.13049	0	1.09571	0	1.45485	0	1.49975	0	1.41732	0	1.75748	0	0.993212	0	1.53132	0	1.47516	0	1.47541	0	1.49683	0	1.18503	0	1.47233	0
1.59107	0	1.32774	0	1.21025	0	1.13069	0	1.48815	0	1.33077	0	1.13431	0	1.60679	0	1.3916	0	1.39763	0	1.23328	0	1.81574	0	1.13049	0	1.09571	0	1.45485	0	1.49975	0	1.41732	0	1.75748	0	0.993212	0	1.53132	0	1.47516	0	1.47541	0	1.49683	0	1.18503	0	1.47233	0
1.59107	0	1.32774	0	1.21025	0	1.13069	0	1.48815	0	1.33039	0	1.13431	0	1.60679	0	1.39155	0	1.39763	0	1.23328	0	1.81574	0	1.13049	0	1.09571	0	1.45485	0	1.49974	0	1.41732	0	1.75748	0	0.993212	0	1.53132	0	1.47516	0	1.47541	0	1.49683	0	1.18503	0	1.47233	0
1.59107	0	1.32774	0	1.21025	0	1.13069	0	1.48815	0	1.33021	0	1.13431	0	1.60679	0	1.39151	0	1.39762	0	1.23328	0	1.81574	0	1.13049	0	1.09571	0	1.45485	0	1.49974	0	1.41732	0	1.75748	0	0.993212	0	1.53132	0	1.47516	0	1.47541	0	1.49683	0	1.18503	0	1.47233	0
1.59107	0	1.32774	0	1.21025	0	1.13069	0	1.48815	0	1.3302	0	1.13431	0	1.60679	0	1.39149	0	1.39762	0	1.23328	0	1.81574	0	1.13049	0	1.09571	0	1.45485	0	1.49974	0	1.41732	0	1.75748	0	0.993212	0	1.53132	0	1.47516	0	1.47541	0	1.49683	0	1.18503	0	1.47233	0
1.59107	0	1.32774	0	1.21025	0	1.13069	0	1.48815	0	1.33002	0	1.13431	0	1.60679	0	1.39145	0	1.39762	0	1.23328	0	1.81574	0	1.13049	0	1.09571	0	1.45485	0	1.49974	0	1.41732	0	1.75748	0	0.993212	0	1.53132	0	1.47516	0	1.47541	0	1.49683	0	1.18503	0	1.47233	0
1.59107	0	1.32774	0	1.21025	0	1.13069	0	1.48815	0	1.32975	0	1.13431	0	1.60679	0	1.39141	0	1.39762	0	1.23328	0	1.81574	0	1.13049	0	1.09571	0	1.45485	0	1.49974	0	1.41732	0	1.75748	0	0.993212	0	1.53132	0	1.47516	0	1.47541	0	1.49683	0	1.18503	0	1.47233	0
1.59107	0	1.32774	0	1.21025	0	1.13069	0	1.48815	0	1.32963	0	1.13431	0	1.60679	0	1.39137	0	1.39762	0	1.23328	0	1.81574	0	1.13049	0	1.09571	0	1.45485	0	1.49974	0	1.41732	0	1.75748	0	0.993212	0	1.53132	0	1.47516	0	1.47541	0	1.49683	0	1.18503	0	1.47233	0
1.59107	0	1.32774	0	1.21025	0	1.13069	0	1.48815	0	1.32929	0	1.13431	0	1.60679	0	1.39135	0	1.39762	0	1.23328	0	1.81574	0	1.13049	0	1.09571	0	1.45485	0	1.49974	0	1.41732	0	1.75748	0	0.993212	0	1.53132	0	1.47516	0	1.47541	0	1.49683	0	1.18503	0	1.47233	0
1.59107	0	1.32774	0	1.21025	0	1.13069	0	1.48815	0	1.32911	0	1.13431	0	1.60679	0	1.39134	0	1.39762	0	1.23328	0	1.81574	0	1.13049	0	1.09571	0	1.45485	0	1.49974	0	1.41732	0	1.75748	0	0.993212	0	1.53132	0	1.47516	0	1.47541	0	1.49683	0	1.18503	0	1.47233	0
1.59107	0	1.32774	0	1.21025	0	1.13069	0	1.48815	0	1.32895	0	1.13431	0	1.60679	0	1.39133	0	1.39762	0	1.23328	0	1.81574	0	1.13049	0	1.09571	0	1.45485	0	1.49974	0	1.41732	0	1.75748	0	0.993212	0	1.53132	0	1.47516	0	1.47541	0	1.49683	0	1.18503	0	1.47233	0
1.59107	0	1.32774	0	1.21025	0	1.13069	0	1.48815	0	1.32874	0	1.13431	0	1.60679	0	1.39133	0	1.39762	0	1.23328	0	1.81574	0	1.13049	0	1.09571	0	1.45485	0	1.49974	0	1.41732	0	1.75748	0	0.993212	0	1.53132	0	1.47516	0	1.47541	0	1.49683	0	1.18503	0	1.47233	0
1.59107	0	1.32774	0	1.21025	0	1.13069	0	1.48815	0	1.32862	0	1.13431	0	1.60679	0	1.39132	0	1.39762	0	1.23328	0	1.81574	0	1.13049	0	1.09571	0	1.45485	0	1.49974	0	1.41732	0	1.75748	0	0.993212	0	1.53132	0	1.47516	0	1.47541	0	1.49683	0	1.18503	0	1.47233	0
1.59107	0	1.32774	0	1.21025	0	1.13069	0	1.48815	0	1.32849	0	1.13431	0	1.60679	0	1.39132	0	1.39762	0	1.23328	0	1.81574	0	1.13049	0	1.09571	0	1.45485	0	1.49974	0	1.41732	0	1.75748	0	0.993212	0	1.53132	0	1.47516	0	1.47541	0	1.49683	0	1.18503	0	1.47233	0
1.59107	0	1.32774	0	1.21025	0	1.13069	0	1.48815	0	1.32838	0	1.13431	0	1.60679	0	1.3913	0	1.39762	0	1.23328	0	1.81574	0	1.13049	0	1.09571	0	1.45485	0	1.49974	0	1.41732	0	1.75748	0	0.993212	0	1.53132	0	1.47516	0	1.47541	0	1.49683	0	1.18503	0	1.47233	0
1.59107	0	1.32774	0	1.21025	0	1.13069	0	1.48815	0	1.32822	0	1.13431	0	1.60679	0	1.39127	0	1.39762	0	1.23328	0	1.81574	0	1.13049	0	1.09571	0	1.45485	0	1.49974	0	1.41732	0	1.75748	0	0.993212	0	1.53132	0	1.47516	0	1.47541	0	1.49683	0	1.18503	0	1.47233	0
1.59107	0	1.32774	0	1.21025	0	1.13069	0	1.48815	0	1.3282	0	1.13431	0	1.60679	0	1.39124	0	1.39762	0	1.23328	0	1.81574	0	1.13049	0	1.09571	0	1.45485	0	1.49974	0	1.41732	0	1.75748	0	0.993212	0	1.53132	0	1.47516	0	1.47541	0	1.49683	0	1.18503	0	1.47233	0
1.59107	0	1.32774	0	1.21025	0	1.13069	0	1.48815	0	1.32806	0	1.13431	0	1.60679	0	1.39121	0	1.39762	0	1.23328	0	1.81574	0	1.13049	0	1.09571	0	1.45485	0	1.49974	0	1.41732	0	1.75748	0	0.993212	0	1.53132	0	1.47516	0	1.47541	0	1.49683	0	1.18503	0	1.47233	0
1.59107	0	1.32774	0	1.21025	0	1.13069	0	1.48815	0	1.32783	0	1.13431	0	1.60679	0	1.39117	0	1.39762	0	1.23328	0	1.81574	0	1.13049	0	1.09571	0	1.45485	0	1.49974	0	1.41732	0	1.75748	0	0.993212	0	1.53132	0	1.47516	0	1.47541	0	1.49683	0	1.18503	0	1.47233	0
1.59107	0	1.32774	0	1.21025	0	1.13069	0	1.48815	0	1.32762	0	1.13431	0	1.60679	0	1.39113	0	1.39762	0	1.23328	0	1.81574	0	1.13049	0	1.09571	0	1.45485	0	1.49974	0	1.41732	0	1.75748	0	0.993212	0	1.53132	0	1.47516	0	1.47541	0	1.49683	0	1.18503	0	1.47233	0
1.59107	0	1.32774	0	1.21025	0	1.13069	0	1.48815	0	1.32736	0	1.13431	0	1.60679	0	1.39112	0	1.39762	0	1.23328	0	1.81574	0	1.13049	0	1.09571	0	1.45485	0	1.49974	0	1.41732	0	1.75748	0	0.993212	0	1.53132	0	1.47516	0	1.47541	0	1.49683	0	1.18503	0	1.47233	0
1.59107	0	1.32774	0	1.21025	0	1.13069	0	1.48815	0	1.32716	0	1.13431	0	1.60679	0	1.39111	0	1.39762	0	1.23328	0	1.81574	0	1.13049	0	1.09571	0	1.45485	0	1.49974	0	1.41732	0	1.75748	0	0.993212	0	1.53132	0	1.47516	0	1.47541	0	1.49683	0	1.18503	0	1.47233	0
1.59107	0	1.32774	0	1.21025	0	1.13069	0	1.48815	0	1.32693	0	1.13431	0	1.60679	0	1.39109	0	1.39762	0	1.23328	0	1.81574	0	1.13049	0	1.09571	0	1.45485	0	1.49974	0	1.41732	0	1.75748	0	0.993212	0	1.53132	0	1.47516	0	1.47541	0	1.49683	0	1.18503	0	1.47233	0
1.59107	0	1.32774	0	1.21025	0	1.13069	0	1.48815	0	1.3264	0	1.13431	0	1.60679	0	1.39107	0	1.39762	0	1.23328	0	1.81574	0	1.13049	0	1.09571	0	1.45485	0	1.49974	0	1.41732	0	1.75748	0	0.993212	0	1.53132	0	1.47516	0	1.47541	0	1.49683	0	1.18503	0	1.47233	0
1.59107	0	1.32774	0	1.21025	0	1.13069	0	1.48815	0	1.32609	0	1.13431	0	1.60679	0	1.39105	0	1.39762	0	1.23328	0	1.81574	0	1.13049	0	1.09571	0	1.45485	0	1.49974	0	1.41732	0	1.75748	0	0.993212	0	1.53132	0	1.47516	0	1.47541	0	1.49683	0	1.18503	0	1.47233	0
1.59107	0	1.32774	0	1.21025	0	1.13069	0	1.48815	0	1.32565	0	1.13431	0	1.60679	0	1.39104	0	1.39762	0	1.23328	0	1.81574	0	1.13049	0	1.09571	0	1.45485	0	1.49974	0	1.41732	0	1.75748	0	0.993212	0	1.53132	0	1.47516	0	1.47541	0	1.49683	0	1.18503	0	1.47233	0
1.59107	0	1.32774	0	1.21025	0	1.13069	0	1.48815	0	1.32553	0	1.13431	0	1.60679	0	1.39102	0	1.39762	0	1.23328	0	1.81574	0	1.13049	0	1.09571	0	1.45485	0	1.49974	0	1.41732	0	1.75748	0	0.993212	0	1.53132	0	1.47516	0	1.47541	0	1.49683	0	1.18503	0	1.47233	0
1.59107	0	1.32774	0	1.21025	0	1.13069	0	1.48815	0	1.32534	0	1.13431	0	1.60679	0	1.39099	0	1.39762	0	1.23328	0	1.81574	0	1.13049	0	1.09571	0	1.45485	0	1.49974	0	1.41732	0	1.75748	0	0.993212	0	1.53132	0	1.47516	0	1.47541	0	1.49683	0	1.18503	0	1.47233	0
1.59107	0	1.32774	0	1.21025	0	1.13069	0	1.48815	0	1.32505	0	1.13431	0	1.60679	0	1.39095	0	1.39762	0	1.23328	0	1.81574	0	1.13049	0	1.09571	0	1.45485	0	1.49974	0	1.41732	0	1.75748	0	0.993212	0	1.53132	0	1.47516	0	1.47541	0	1.49683	0	1.18503	0	1.47233	0
1.59107	0	1.32774	0	1.21025	0	1.13069	0	1.48815	0	1.3248	0	1.13431	0	1.60679	0	1.39094	0	1.39762	0	1.23328	0	1.81574	0	1.13049	0	1.09571	0	1.45485	0	1.49974	0	1.41732	0	1.75748	0	0.993212	0	1.53132	0	1.47516	0	1.47541	0	1.49683	0	1.18503	0	1.47233	0
1.59107	0	1.32774	0	1.21025	0	1.13069	0	1.48815	0	1.32445	0	1.13431	0	1.60679	0	1.39093	0	1.39762	0	1.23328	0	1.81574	0	1.13049	0	1.09571	0	1.45485	0	1.49974	0	1.41732	0	1.75748	0	0.993212	0	1.53132	0	1.47516	0	1.47541	0	1.49683	0	1.18503	0	1.47233	0
1.59107	0	1.32774	0	1.21025	0	1.13069	0	1.48815	0	1.32421	0	1.13431	0	1.60679	0	1.39092	0	1.39762	0	1.23328	0	1.81574	0	1.13049	0	1.09571	0	1.45485	0	1.49973	0	1.41732	0	1.75748	0	0.993212	0	1.53132	0	1.47516	0	1.47541	0	1.49683	0	1.18503	0	1.47233	0
1.59107	0	1.32774	0	1.21025	0	1.13069	0	1.48815	0	1.32384	0	1.13431	0	1.60679	0	1.39091	0	1.39762	0	1.23328	0	1.81574	0	1.13049	0	1.09571	0	1.45485	0	1.49973	0	1.41732	0	1.75748	0	0.993212	0	1.53132	0	1.47516	0	1.47541	0	1.49683	0	1.18503	0	1.47233	0
1.59107	0	1.32774	0	1.21025	0	1.11552	0	1.48815	0	1.32359	0	1.13431	0	1.60679	0	1.3909	0	1.39762	0	1.23328	0	1.81574	0	1.13049	0	1.09571	0	1.45485	0	1.49973	0	1.41732	0	1.75748	0	0.993212	0	1.53132	0	1.47516	0	1.47541	0	1.49683	0	1.18503	0	1.47233	0
1.59107	0	1.32774	0	1.21025	0	1.11552	0	1.48815	0	1.32342	0	1.13431	0	1.60679	0	1.39089	0	1.39762	0	1.23328	0	1.81574	0	1.13049	0	1.09571	0	1.45485	0	1.49973	0	1.41732	0	1.75748	0	0.993212	0	1.53132	0	1.47516	0	1.47541	0	1.49683	0	1.18503	0	1.47233	0
1.59107	0	1.32774	0	1.21025	0	1.11552	0	1.48815	0	1.32338	0	1.13431	0	1.60679	0	1.39089	0	1.39762	0	1.23328	0	1.81574	0	1.13049	0	1.09571	0	1.45485	0	1.49973	0	1.41732	0	1.75748	0	0.993212	0	1.53132	0	1.47516	0	1.47541	0	1.49683	0	1.18503	0	1.47233	0
1.59107	0	1.32774	0	1.21025	0	1.11552	0	1.48815	0	1.32329	0	1.13431	0	1.60679	0	1.39089	0	1.39762	0	1.23328	0	1.81574	0	1.13049	0	1.09571	0	1.45485	0	1.49973	0	1.41732	0	1.75748	0	0.993212	0	1.53132	0	1.47516	0	1.47541	0	1.49683	0	1.18503	0	1.47233	0
1.59107	0	1.32774	0	1.21025	0	1.11552	0	1.48815	0	1.32321	0	1.13431	0	1.60679	0	1.39089	0	1.39762	0	1.23328	0	1.81574	0	1.13049	0	1.09571	0	1.45485	0	1.49973	0	1.41732	0	1.75748	0	0.993212	0	1.53132	0	1.47516	0	1.47541	0	1.49683	0	1.18503	0	1.47233	0
1.59107	0	1.32774	0	1.21025	0	1.11552	0	1.48815	0	1.32315	0	1.13431	0	1.60679	0	1.39088	0	1.39762	0	1.23328	0	1.81574	0	1.13049	0	1.09571	0	1.45485	0	1.49973	0	1.41732	0	1.75748	0	0.993212	0	1.53132	0	1.47516	0	1.47541	0	1.49683	0	1.18503	0	1.47233	0
1.59107	0	1.32774	0	1.21025	0	1.11552	0	1.48815	0	1.3231	0	1.13431	0	1.60679	0	1.39088	0	1.39762	0	1.23328	0	1.81574	0	1.13049	0	1.09571	0	1.45485	0	1.49973	0	1.41732	0	1.75748	0	0.993212	0	1.53132	0	1.47516	0	1.47541	0	1.49683	0	1.18503	0	1.47233	0
1.59107	0	1.32774	0	1.21025	0	1.11552	0	1.48815	0	1.32303	0	1.13431	0	1.60679	0	1.39088	0	1.39762	0	1.23328	0	1.81574	0	1.13049	0	1.09571	0	1.45485	0	1.49973	0	1.41732	0	1.75748	0	0.993212	0	1.53132	0	1.47516	0	1.47541	0	1.49683	0	1.18503	0	1.47233	0
1.59107	0	1.32774	0	1.21025	0	1.11552	0	1.48815	0	1.32298	0	1.13431	0	1.60679	0	1.39088	0	1.39762	0	1.23328	0	1.81574	0	1.13049	0	1.09571	0	1.45485	0	1.49973	0	1.41732	0	1.75748	0	0.993212	0	1.53132	0	1.47516	0	1.47541	0	1.49683	0	1.18503	0	1.47233	0
1.59107	0	1.32774	0	1.21025	0	1.11552	0	1.48815	0	1.32292	0	1.13431	0	1.60679	0	1.39087	0	1.39762	0	1.23328	0	1.81574	0	1.13049	0	1.09571	0	1.45485	0	1.49973	0	1.41732	0	1.75748	0	0.993212	0	1.53132	0	1.47516	0	1.47541	0	1.49683	0	1.18503	0	1.47233	0
1.59107	0	1.32774	0	1.21025	0	1.11552	0	1.48815	0	1.32288	0	1.13431	0	1.60679	0	1.39087	0	1.39762	0	1.23328	0	1.81574	0	1.13049	0	1.09571	0	1.45485	0	1.49973	0	1.41732	0	1.75748	0	0.993212	0	1.53132	0	1.47516	0	1.47541	0	1.49683	0	1.18503	0	1.47233	0
1.59107	0	1.32774	0	1.21025	0	1.11552	0	1.48815	0	1.32284	0	1.13431	0	1.60679	0	1.39087	0	1.39762	0	1.23328	0	1.81574	0	1.13049	0	1.09571	0	1.45485	0	1.49973	0	1.41732	0	1.75748	0	0.993212	0	1.53132	0	1.47516	0	1.47541	0	1.49683	0	1.18503	0	1.47233	0
1.59107	0	1.32774	0	1.21025	0	1.11552	0	1.48815	0	1.32277	0	1.13431	0	1.60679	0	1.39087	0	1.39762	0	1.23328	0	1.81574	0	1.13049	0	1.09571	0	1.45485	0	1.49973	0	1.41732	0	1.75748	0	0.993212	0	1.53132	0	1.47516	0	1.47541	0	1.49683	0	1.18503	0	1.47233	0
1.59107	0	1.32774	0	1.21025	0	1.11552	0	1.48815	0	1.32273	0	1.13431	0	1.60679	0	1.39087	0	1.39762	0	1.23328	0	1.81574	0	1.13049	0	1.09571	0	1.45485	0	1.49973	0	1.41732	0	1.75748	0	0.993212	0	1.53132	0	1.47516	0	1.47541	0	1.49683	0	1.18503	0	1.47233	0
1.59107	0	1.32774	0	1.21025	0	1.11552	0	1.48815	0	1.32268	0	1.13431	0	1.60679	0	1.39087	0	1.39762	0	1.23328	0	1.81574	0	1.13049	0	1.09571	0	1.45485	0	1.49973	0	1.41732	0	1.75748	0	0.993212	0	1.53132	0	1.47516	0	1.47541	0	1.49683	0	1.18503	0	1.47233	0
1.59107	0	1.32774	0	1.21025	0	1.11552	0	1.48815	0	1.32262	0	1.13431	0	1.60679	0	1.39087	0	1.39762	0	1.23328	0	1.81574	0	1.13049	0	1.09571	0	1.45485	0	1.49973	0	1.41732	0	1.75748	0	0.993212	0	1.53132	0	1.47516	0	1.47541	0	1.49683	0	1.18503	0	1.47233	0
1.59107	0	1.32774	0	1.21025	0	1.11552	0	1.48815	0	1.32257	0	1.13431	0	1.60679	0	1.39087	0	1.39762	0	1.23328	0	1.81574	0	1.13049	0	1.09571	0	1.45485	0	1.49973	0	1.41732	0	1.75748	0	0.993212	0	1.53132	0	1.47516	0	1.47541	0	1.49683	0	1.18503	0	1.47233	0
1.59107	0	1.32774	0	1.21025	0	1.11552	0	1.48815	0	1.32254	0	1.13431	0	1.60679	0	1.39087	0	1.39762	0	1.23328	0	1.81574	0	1.13049	0	1.09571	0	1.45485	0	1.49973	0	1.41732	0	1.75748	0	0.993212	0	1.53132	0	1.47516	0	1.47541	0	1.49683	0	1.18503	0	1.47233	0
1.59107	0	1.32774	0	1.21025	0	1.11552	0	1.48815	0	1.32251	0	1.13431	0	1.60679	0	1.39086	0	1.39762	0	1.23328	0	1.81574	0	1.13049	0	1.09571	0	1.45485	0	1.49973	0	1.41732	0	1.75748	0	0.993212	0	1.53132	0	1.47516	0	1.47541	0	1.49683	0	1.18503	0	1.47233	0
1.59107	0	1.32774	0	1.21025	0	1.11552	0	1.48815	0	1.32249	0	1.13431	0	1.60679	0	1.39086	0	1.39762	0	1.23328	0	1.81574	0	1.13049	0	1.09571	0	1.45485	0	1.49973	0	1.41732	0	1.75748	0	0.993212	0	1.53132	0	1.47516	0	1.47541	0	1.49683	0	1.18503	0	1.47233	0
1.59107	0	1.32774	0	1.21025	0	1.11552	0	1.48815	0	1.32247	0	1.13431	0	1.60679	0	1.39086	0	1.39762	0	1.23328	0	1.81574	0	1.13049	0	1.09571	0	1.45485	0	1.49973	0	1.41732	0	1.75748	0	0.993212	0	1.53132	0	1.47516	0	1.47541	0	1.49683	0	1.18503	0	1.47233	0
1.59107	0	1.32774	0	1.21025	0	1.11552	0	1.48815	0	1.32246	0	1.13431	0	1.60679	0	1.39086	0	1.39762	0	1.23328	0	1.81574	0	1.13049	0	1.09571	0	1.45485	0	1.49973	0	1.41732	0	1.75748	0	0.993212	0	1.53132	0	1.47516	0	1.47541	0	1.49683	0	1.18503	0	1.47233	0
1.59107	0	1.32774	0	1.21025	0	1.11552	0	1.48815	0	1.32243	0	1.13431	0	1.60679	0	1.39086	0	1.39762	0	1.23328	0	1.81574	0	1.13049	0	1.09571	0	1.45485	0	1.49973	0	1.41732	0	1.75748	0	0.993212	0	1.53132	0	1.47516	0	1.47541	0	1.49683	0	1.18503	0	1.47233	0
1.59107	0	1.32774	0	1.21025	0	1.11552	0	1.48815	0	1.32241	0	1.13431	0	1.60679	0	1.39086	0	1.39762	0	1.23328	0	1.81574	0	1.13049	0	1.09571	0	1.45485	0	1.49973	0	1.41732	0	1.75748	0	0.993212	0	1.53132	0	1.47516	0	1.47541	0	1.49683	0	1.18503	0	1.47233	0
1.59107	0	1.32774	0	1.21025	0	1.11552	0	1.48815	0	1.3224	0	1.13431	0	1.60679	0	1.39086	0	1.39762	0	1.23328	0	1.81574	0	1.13049	0	1.09571	0	1.45485	0	1.49973	0	1.41732	0	1.75748	0	0.993212	0	1.53132	0	1.47516	0	1.47541	0	1.49683	0	1.18503	0	1.47233	0
1.59107	0	1.32774	0	1.21025	0	1.11552	0	1.48815	0	1.32238	0	1.13431	0	1.60679	0	1.39086	0	1.39762	0	1.23328	0	1.81574	0	1.13049	0	1.09571	0	1.45485	0	1.49973	0	1.41732	0	1.75748	0	0.993212	0	1.53132	0	1.47516	0	1.47541	0	1.49683	0	1.18503	0	1.47233	0
1.59107	0	1.32774	0	1.21025	0	1.11552	0	1.48815	0	1.32237	0	1.13431	0	1.60679	0	1.39086	0	1.39762	0	1.23328	0	1.81574	0	1.13049	0	1.09571	0	1.45485	0	1.49973	0	1.41732	0	1.75748	0	0.993212	0	1.53132	0	1.47516	0	1.47541	0	1.49683	0	1.18503	0	1.47233	0
1.59107	0	1.32774	0	1.21025	0	1.11552	0	1.48815	0	1.32236	0	1.13431	0	1.60679	0	1.39085	0	1.39762	0	1.23328	0	1.81574	0	1.13049	0	1.09571	0	1.45485	0	1.49973	0	1.41732	0	1.75748	0	0.993212	0	1.53132	0	1.47516	0	1.47541	0	1.49683	0	1.18503	0	1.47233	0
1.59107	0	1.32774	0	1.21025	0	1.11552	0	1.48815	0	1.32234	0	1.13431	0	1.60679	0	1.39085	0	1.39762	0	1.23328	0	1.81574	0	1.13049	0	1.09571	0	1.45485	0	1.49973	0	1.41732	0	1.75748	0	0.993212	0	1.53132	0	1.47516	0	1.47541	0	1.49683	0	1.18503	0	1.47233	0
1.59107	0	1.32774	0	1.21025	0	1.11552	0	1.48815	0	1.32233	0	1.10825	0	1.60679	0	1.39085	0	1.39762	0	1.23328	0	1.81574	0	1.13049	0	1.09571	0	1.45485	0	1.49973	0	1.41732	0	1.75748	0	0.993212	0	1.53132	0	1.47516	0	1.47541	0	1.49683	0	1.18503	0	1.47233	0
1.59107	0	1.32774	0	1.21025	0	1.11552	0	1.48815	0	1.32232	0	1.10825	0	1.60679	0	1.39085	0	1.39762	0	1.23328	0	1.81574	0	1.13049	0	1.09571	0	1.45485	0	1.49973	0	1.41732	0	1.75748	0	0.993212	0	1.53132	0	1.47516	0	1.47541	0	1.49683	0	1.18503	0	1.47233	0
1.59107	0	1.32774	0	1.21025	0	1.11552	0	1.48815	0	1.32231	0	1.10825	0	1.60679	0	1.39085	0	1.39762	0	1.23328	0	1.81574	0	1.13049	0	1.09571	0	1.45485	0	1.49973	0	1.41732	0	1.75748	0	0.993212	0	1.53132	0	1.47516	0	1.47541	0	1.49683	0	1.18503	0	1.47233	0
1.59107	0	1.32774	0	1.21025	0	1.11552	0	1.48815	0	1.32231	0	1.10825	0	1.60679	0	1.39085	0	1.39762	0	1.23328	0	1.81574	0	1.13049	0	1.09571	0	1.45485	0	1.49973	0	1.41732	0	1.75748	0	0.993212	0	1.53132	0	1.47516	0	1.47541	0	1.49683	0	1.18503	0	1.47233	0
1.59107	0	1.32774	0	1.21025	0	1.11552	0	1.48815	0	1.3223	0	1.10825	0	1.60679	0	1.39085	0	1.39751	0	1.23328	0	1.81574	0	1.13049	0	1.09571	0	1.45485	0	1.49973	0	1.41732	0	1.75748	0	0.993212	0	1.53132	0	1.47516	0	1.47541	0	1.49683	0	1.18503	0	1.47233	0
1.59107	0	1.32774	0	1.21025	0	1.11552	0	1.48815	0	1.3223	0	1.10825	0	1.60679	0	1.39085	0	1.39751	0	1.23328	0	1.81574	0	1.13049	0	1.09571	0	1.45485	0	1.49973	0	1.41732	0	1.75748	0	0.993212	0	1.53132	0	1.47516	0	1.47541	0	1.49683	0	1.18503	0	1.47233	0
1.59107	0	1.32774	0	1.21025	0	1.11552	0	1.48815	0	1.32229	0	1.10825	0	1.60679	0	1.39085	0	1.39751	0	1.23328	0	1.81574	0	1.13049	0	1.09571	0	1.45485	0	1.49973	0	1.41732	0	1.75748	0	0.993212	0	1.53132	0	1.47516	0	1.47541	0	1.49683	0	1.18503	0	1.47233	0
1.59107	0	1.32774	0	1.21025	0	1.11552	0	1.48815	0	1.32229	0	1.10825	0	1.60679	0	1.39085	0	1.39751	0	1.23328	0	1.81574	0	1.13049	0	1.09571	0	1.45485	0	1.49973	0	1.41732	0	1.75748	0	0.993212	0	1.53132	0	1.47516	0	1.47541	0	1.49683	0	1.18503	0	1.47233	0
1.59107	0	1.32774	0	1.21025	0	1.11552	0	1.48815	0	1.32229	0	1.10825	0	1.60679	0	1.39085	0	1.39751	0	1.23328	0	1.81574	0	1.13049	0	1.09571	0	1.45485	0	1.49973	0	1.41732	0	1.75748	0	0.993212	0	1.53132	0	1.47516	0	1.47541	0	1.49683	0	1.18503	0	1.47233	0
1.59107	0	1.32774	0	1.21025	0	1.11552	0	1.48815	0	1.32228	0	1.10825	0	1.60679	0	1.39085	0	1.39751	0	1.23328	0	1.81574	0	1.13049	0	1.09571	0	1.45485	0	1.49973	0	1.41732	0	1.75748	0	0.993212	0	1.53132	0	1.47516	0	1.47541	0	1.49683	0	1.18503	0	1.47233	0
1.59107	0	1.32774	0	1.21025	0	1.11552	0	1.48815	0	1.32228	0	1.10825	0	1.60679	0	1.39085	0	1.39751	0	1.23328	0	1.81574	0	1.13049	0	1.09571	0	1.45485	0	1.49973	0	1.41732	0	1.75748	0	0.993212	0	1.53132	0	1.47516	0	1.47541	0	1.49683	0	1.18503	0	1.47233	0
1.59107	0	1.32774	0	1.21025	0	1.11552	0	1.48815	0	1.32228	0	1.10825	0	1.60679	0	1.39085	0	1.39751	0	1.23328	0	1.81574	0	1.13049	0	1.09571	0	1.45485	0	1.49973	0	1.41732	0	1.75748	0	0.993212	0	1.53132	0	1.47516	0	1.47541	0	1.49683	0	1.18503	0	1.47233	0
1.59107	0	1.32774	0	1.21025	0	1.11552	0	1.48815	0	1.32228	0	1.10802	0	1.60679	0	1.39085	0	1.39751	0	1.23328	0	1.81574	0	1.13049	0	1.09571	0	1.45485	0	1.49973	0	1.41732	0	1.75748	0	0.993212	0	1.53132	0	1.47516	0	1.47541	0	1.49683	0	1.18503	0	1.47233	0
1.59107	0	1.32774	0	1.21025	0	1.11552	0	1.48815	0	1.32228	0	1.097	0	1.60679	0	1.39085	0	1.39751	0	1.23328	0	1.81574	0	1.13049	0	1.09571	0	1.45485	0	1.49973	0	1.41732	0	1.75748	0	0.993212	0	1.53132	0	1.47516	0	1.47541	0	1.49683	0	1.18503	0	1.47233	0
1.59107	0	1.32774	0	1.21025	0	1.11552	0	1.48815	0	1.32227	0	1.09572	0	1.60679	0	1.39085	0	1.39751	0	1.23328	0	1.81574	0	1.13049	0	1.09571	0	1.45485	0	1.49973	0	1.41732	0	1.75748	0	0.993212	0	1.53132	0	1.47516	0	1.47541	0	1.49683	0	1.18503	0	1.47233	0
1.59107	0	1.32774	0	1.21025	0	1.11552	0	1.48815	0	1.32227	0	1.09502	0	1.60679	0	1.39084	0	1.39751	0	1.23328	0	1.81574	0	1.13049	0	1.09571	0	1.45485	0	1.49973	0	1.41732	0	1.75748	0	0.993212	0	1.53132	0	1.47516	0	1.47541	0	1.49683	0	1.18503	0	1.47233	0
1.59107	0	1.32774	0	1.21025	0	1.11552	0	1.48815	0	1.32227	0	1.09485	0	1.60679	0	1.39084	0	1.39751	0	1.23328	0	1.81574	0	1.13049	0	1.09571	0	1.45485	0	1.49973	0	1.41732	0	1.75748	0	0.993212	0	1.53132	0	1.47516	0	1.47541	0	1.49683	0	1.18503	0	1.47233	0
1.59107	0	1.32774	0	1.21025	0	1.11552	0	1.48815	0	1.32227	0	1.0947	0	1.60679	0	1.39084	0	1.39751	0	1.23328	0	1.81574	0	1.13049	0	1.09571	0	1.45485	0	1.49973	0	1.41732	0	1.75748	0	0.993212	0	1.53132	0	1.47516	0	1.47541	0	1.49683	0	1.18503	0	1.47233	0
1.59107	0	1.32774	0	1.21025	0	1.11552	0	1.48815	0	1.32227	0	1.09347	0	1.60679	0	1.39084	0	1.39751	0	1.23328	0	1.81574	0	1.13049	0	1.09571	0	1.45485	0	1.49973	0	1.41732	0	1.75748	0	0.993212	0	1.53132	0	1.47516	0	1.47541	0	1.49683	0	1.18503	0	1.47233	0
1.59107	0	1.32774	0	1.21025	0	1.11552	0	1.48815	0	1.32227	0	1.09333	0	1.60679	0	1.39084	0	1.39751	0	1.23328	0	1.81574	0	1.13049	0	1.09571	0	1.45485	0	1.49973	0	1.41732	0	1.75748	0	0.993212	0	1.53132	0	1.47516	0	1.47541	0	1.49683	0	1.18503	0	1.47233	0
1.59107	0	1.32774	0	1.21025	0	1.11552	0	1.48815	0	1.32227	0	1.0932	0	1.60679	0	1.39084	0	1.39751	0	1.23328	0	1.81574	0	1.13049	0	1.09571	0	1.45485	0	1.49973	0	1.41732	0	1.75748	0	0.993212	0	1.53132	0	1.47516	0	1.47541	0	1.49683	0	1.18503	0	1.47233	0
1.59107	0	1.32774	0	1.21025	0	1.11552	0	1.48815	0	1.32227	0	1.09306	0	1.60679	0	1.39084	0	1.39751	0	1.23328	0	1.81574	0	1.13049	0	1.09571	0	1.45485	0	1.49973	0	1.41732	0	1.75748	0	0.993212	0	1.53132	0	1.47516	0	1.46871	0	1.49683	0	1.18503	0	1.47233	0
1.59107	0	1.32774	0	1.21025	0	1.11552	0	1.48815	0	1.32227	0	1.09288	0	1.60679	0	1.39084	0	1.39751	0	1.23328	0	1.81574	0	1.13049	0	1.09571	0	1.45485	0	1.49973	0	1.41732	0	1.75748	0	0.993212	0	1.53132	0	1.47516	0	1.46871	0	1.49683	0	1.18503	0	1.47233	0
1.59107	0	1.32774	0	1.21025	0	1.11552	0	1.48815	0	1.32227	0	1.09284	0	1.60679	0	1.39084	0	1.39751	0	1.23328	0	1.81574	0	1.13049	0	1.09571	0	1.45485	0	1.49973	0	1.41732	0	1.75748	0	0.993212	0	1.53132	0	1.47516	0	1.46871	0	1.49683	0	1.18503	0	1.47233	0
1.59107	0	1.32774	0	1.21025	0	1.11552	0	1.48815	0	1.32227	0	1.09281	0	1.60679	0	1.39084	0	1.39751	0	1.23328	0	1.81574	0	1.13049	0	1.09571	0	1.45485	0	1.49973	0	1.41732	0	1.75748	0	0.993212	0	1.53132	0	1.47516	0	1.46699	0	1.49683	0	1.18503	0	1.47233	0
1.59107	0	1.32774	0	1.21025	0	1.11552	0	1.48815	0	1.32227	0	1.09277	0	1.60679	0	1.39084	0	1.39751	0	1.23328	0	1.81574	0	1.13049	0	1.09571	0	1.45485	0	1.49973	0	1.41732	0	1.75748	0	0.993212	0	1.53132	0	1.47516	0	1.46696	0	1.49683	0	1.18503	0	1.47233	0
1.59107	0	1.32774	0	1.21025	0	1.11552	0	1.48815	0	1.32227	0	1.09269	0	1.60679	0	1.39084	0	1.39751	0	1.23328	0	1.81574	0	1.13049	0	1.09571	0	1.45485	0	1.49973	0	1.41732	0	1.75748	0	0.993212	0	1.53132	0	1.47516	0	1.46672	0	1.49683	0	1.18503	0	1.47233	0
1.59107	0	1.32774	0	1.21025	0	1.11552	0	1.48815	0	1.32227	0	1.09264	0	1.60679	0	1.39084	0	1.39751	0	1.23328	0	1.81574	0	1.13049	0	1.09571	0	1.45485	0	1.49973	0	1.41732	0	1.75748	0	0.993212	0	1.53132	0	1.47516	0	1.46638	0	1.49683	0	1.18503	0	1.47233	0
1.59107	0	1.32774	0	1.21025	0	1.11552	0	1.48815	0	1.32227	0	1.09259	0	1.60679	0	1.39084	0	1.39751	0	1.23328	0	1.81574	0	1.13049	0	1.09571	0	1.45485	0	1.49973	0	1.41732	0	1.75748	0	0.993212	0	1.53132	0	1.47516	0	1.46623	0	1.49683	0	1.18503	0	1.47233	0
1.59107	0	1.32774	0	1.21025	0	1.11552	0	1.48815	0	1.32227	0	1.09254	0	1.60679	0	1.39084	0	1.39751	0	1.23328	0	1.81574	0	1.13049	0	1.09571	0	1.45485	0	1.49973	0	1.41732	0	1.75748	0	0.993212	0	1.53132	0	1.47516	0	1.46615	0	1.49683	0	1.18503	0	1.47233	0
1.59107	0	1.32774	0	1.21025	0	1.11552	0	1.48815	0	1.32227	0	1.09251	0	1.60679	0	1.39084	0	1.39751	0	1.23328	0	1.81574	0	1.13049	0	1.09571	0	1.45485	0	1.49973	0	1.41732	0	1.75748	0	0.993212	0	1.53132	0	1.47516	0	1.4661	0	1.49683	0	1.18503	0	1.47233	0
1.59107	0	1.32774	0	1.21025	0	1.11552	0	1.48815	0	1.32227	0	1.09248	0	1.60679	0	1.39084	0	1.39751	0	1.23328	0	1.81574	0	1.13049	0	1.09571	0	1.45485	0	1.49973	0	1.41732	0	1.75748	0	0.993212	0	1.53132	0	1.47516	0	1.466	0	1.49683	0	1.18503	0	1.47233	0
1.59107	0	1.32774	0	1.21025	0	1.11552	0	1.48815	0	1.32227	0	1.09242	0	1.60679	0	1.39084	0	1.39751	0	1.23328	0	1.81574	0	1.13049	0	1.09571	0	1.45485	0	1.49973	0	1.41732	0	1.75748	0	0.993212	0	1.53132	0	1.47516	0	1.466	0	1.49683	0	1.18503	0	1.47233	0
1.59107	0	1.32774	0	1.21025	0	1.11552	0	1.48815	0	1.32227	0	1.09239	0	1.60679	0	1.39084	0	1.39751	0	1.23328	0	1.81574	0	1.13049	0	1.09571	0	1.45485	0	1.49973	0	1.41732	0	1.75748	0	0.993212	0	1.53132	0	1.47516	0	1.46599	0	1.49683	0	1.18503	0	1.47233	0
1.59107	0	1.32774	0	1.21025	0	1.11552	0	1.48815	0	1.32227	0	1.09236	0	1.60679	0	1.39084	0	1.39751	0	1.23328	0	1.81574	0	1.13049	0	1.09571	0	1.45485	0	1.49973	0	1.41732	0	1.75748	0	0.993212	0	1.53132	0	1.47516	0	1.46599	0	1.49683	0	1.18503	0	1.47233	0
1.59107	0	1.32774	0	1.21025	0	1.11552	0	1.48815	0	1.32227	0	1.09235	0	1.60679	0	1.39084	0	1.39751	0	1.23328	0	1.81574	0	1.13049	0	1.09571	0	1.45485	0	1.49973	0	1.41732	0	1.75748	0	0.993212	0	1.53132	0	1.47516	0	1.46597	0	1.49683	0	1.18503	0	1.47233	0
1.59107	0	1.32774	0	1.21025	0	1.11552	0	1.48815	0	1.32227	0	1.09231	0	1.60679	0	1.39084	0	1.39751	0	1.23328	0	1.81574	0	1.13049	0	1.09571	0	1.45485	0	1.49973	0	1.41732	0	1.75748	0	0.993212	0	1.53132	0	1.47516	0	1.46593	0	1.49683	0	1.18503	0	1.47233	0
1.59107	0	1.32774	0	1.21025	0	1.11552	0	1.48815	0	1.32227	0	1.09229	0	1.60679	0	1.39084	0	1.39751	0	1.23328	0	1.81574	0	1.13049	0	1.09571	0	1.45485	0	1.49973	0	1.41732	0	1.75748	0	0.993212	0	1.53132	0	1.47516	0	1.46591	0	1.49683	0	1.18503	0	1.47233	0
1.59107	0	1.32774	0	1.21025	0	1.11552	0	1.48815	0	1.32227	0	1.09226	0	1.60679	0	1.39084	0	1.39751	0	1.23328	0	1.81574	0	1.13049	0	1.09571	0	1.45485	0	1.49973	0	1.41732	0	1.75748	0	0.993212	0	1.53132	0	1.47516	0	1.46588	0	1.49683	0	1.18503	0	1.47233	0
1.59107	0	1.32774	0	1.21025	0	1.11552	0	1.48815	0	1.32227	0	1.09225	0	1.60679	0	1.39084	0	1.39751	0	1.23328	0	1.81574	0	1.13049	0	1.09571	0	1.45485	0	1.49973	0	1.41732	0	1.75748	0	0.993212	0	1.53132	0	1.47516	0	1.46586	0	1.49683	0	1.18503	0	1.47233	0
1.59107	0	1.32774	0	1.21025	0	1.11552	0	1.48815	0	1.32227	0	1.09222	0	1.60679	0	1.39084	0	1.39751	0	1.23328	0	1.81574	0	1.13049	0	1.09571	0	1.45485	0	1.49973	0	1.41732	0	1.75748	0	0.993212	0	1.53132	0	1.47516	0	1.46583	0	1.49683	0	1.18503	0	1.47233	0
1.59107	0	1.32774	0	1.21025	0	1.11552	0	1.48815	0	1.32227	0	1.09221	0	1.60679	0	1.39084	0	1.39751	0	1.23328	0	1.81574	0	1.13049	0	1.09571	0	1.45485	0	1.49973	0	1.41732	0	1.75748	0	0.993212	0	1.53132	0	1.47516	0	1.4658	0	1.49683	0	1.18503	0	1.47233	0
1.59107	0	1.32774	0	1.21025	0	1.11552	0	1.48815	0	1.32227	0	1.09219	0	1.60679	0	1.39084	0	1.39751	0	1.23328	0	1.81574	0	1.13049	0	1.09571	0	1.45485	0	1.49973	0	1.41732	0	1.75748	0	0.993212	0	1.53132	0	1.47516	0	1.46575	0	1.49683	0	1.18503	0	1.44871	0
1.59107	0	1.32774	0	1.21025	0	1.11552	0	1.48815	0	1.32227	0	1.09218	0	1.60679	0	1.39084	0	1.39751	0	1.23328	0	1.81574	0	1.13049	0	1.09571	0	1.45485	0	1.49973	0	1.41732	0	1.75748	0	0.993212	0	1.53132	0	1.47516	0	1.46572	0	1.49683	0	1.18503	0	1.44871	0
1.59107	0	1.32774	0	1.21025	0	1.11552	0	1.48815	0	1.32227	0	1.09215	0	1.60679	0	1.39084	0	1.39751	0	1.23328	0	1.81574	0	1.13049	0	1.09571	0	1.45485	0	1.49973	0	1.41732	0	1.75748	0	0.993212	0	1.53132	0	1.47516	0	1.4657	0	1.49683	0	1.18503	0	1.44871	0
1.59107	0	1.32774	0	1.21025	0	1.11552	0	1.48815	0	1.32227	0	1.09214	0	1.60679	0	1.39084	0	1.39751	0	1.23328	0	1.81574	0	1.13049	0	1.09571	0	1.45485	0	1.49973	0	1.41732	0	1.75748	0	0.993212	0	1.53132	0	1.47516	0	1.46569	0	1.49683	0	1.18503	0	1.44871	0
1.59107	0	1.32774	0	1.21025	0	1.11552	0	1.48815	0	1.32227	0	1.09213	0	1.60679	0	1.39084	0	1.39751	0	1.23328	0	1.81574	0	1.13049	0	1.09571	0	1.45485	0	1.49973	0	1.41732	0	1.75748	0	0.993212	0	1.53132	0	1.47516	0	1.46568	0	1.49683	0	1.18503	0	1.44871	0
1.59107	0	1.32774	0	1.21025	0	1.11552	0	1.48815	0	1.32227	0	1.09211	0	1.60679	0	1.39084	0	1.39751	0	1.23328	0	1.81574	0	1.13049	0	1.09571	0	1.45485	0	1.49973	0	1.41732	0	1.75748	0	0.993212	0	1.53132	0	1.47516	0	1.46567	0	1.49683	0	1.18503	0	1.44871	0
1.59107	0	1.32774	0	1.21025	0	1.11552	0	1.48815	0	1.32227	0	1.09207	0	1.60679	0	1.39084	0	1.39751	0	1.23328	0	1.81574	0	1.13049	0	1.09571	0	1.45485	0	1.49973	0	1.41732	0	1.75748	0	0.993212	0	1.53132	0	1.47516	0	1.46566	0	1.49683	0	1.18503	0	1.44871	0
1.59107	0	1.32774	0	1.21025	0	1.11552	0	1.48815	0	1.32227	0	1.09205	0	1.60679	0	1.39084	0	1.39751	0	1.23328	0	1.81574	0	1.13049	0	1.09571	0	1.45485	0	1.49973	0	1.41732	0	1.75748	0	0.993212	0	1.53132	0	1.47516	0	1.46566	0	1.49683	0	1.18503	0	1.44871	0
1.59107	0	1.32774	0	1.21025	0	1.11552	0	1.48815	0	1.32227	0	1.09203	0	1.60679	0	1.39084	0	1.39751	0	1.23328	0	1.81574	0	1.13049	0	1.09571	0	1.45485	0	1.49973	0	1.41732	0	1.75748	0	0.993212	0	1.53132	0	1.47516	0	1.46565	0	1.49683	0	1.18503	0	1.44871	0
1.59107	0	1.32774	0	1.21025	0	1.11552	0	1.48815	0	1.32227	0	1.09202	0	1.60679	0	1.39084	0	1.39751	0	1.23328	0	1.81574	0	1.13049	0	1.09571	0	1.45485	0	1.49973	0	1.41732	0	1.75748	0	0.993212	0	1.53132	0	1.47516	0	1.46565	0	1.49683	0	1.18503	0	1.44871	0
1.59107	0	1.32774	0	1.21025	0	1.11552	0	1.48815	0	1.32227	0	1.09201	0	1.60679	0	1.39084	0	1.39751	0	1.23328	0	1.81574	0	1.13049	0	1.09571	0	1.45485	0	1.49973	0	1.41732	0	1.75748	0	0.993212	0	1.53132	0	1.47516	0	1.46565	0	1.49683	0	1.18503	0	1.44871	0
1.59107	0	1.32774	0	1.21025	0	1.11552	0	1.48815	0	1.32227	0	1.09199	0	1.60679	0	1.39084	0	1.39751	0	1.23328	0	1.81574	0	1.13049	0	1.09571	0	1.45485	0	1.49973	0	1.41732	0	1.75748	0	0.993212	0	1.53132	0	1.47516	0	1.46564	0	1.49683	0	1.18503	0	1.44871	0
1.59107	0	1.32774	0	1.21025	0	1.11552	0	1.48815	0	1.32227	0	1.09198	0	1.60679	0	1.39084	0	1.39751	0	1.23328	0	1.81574	0	1.13049	0	1.09571	0	1.45485	0	1.49973	0	1.41732	0	1.75748	0	0.993212	0	1.53132	0	1.47516	0	1.46564	0	1.49683	0	1.18503	0	1.44871	0
1.59107	0	1.32774	0	1.21025	0	1.11552	0	1.48815	0	1.32227	0	1.09197	0	1.60679	0	1.39084	0	1.39751	0	1.23328	0	1.81574	0	1.13049	0	1.09571	0	1.45485	0	1.49973	0	1.41732	0	1.75748	0	0.993212	0	1.53132	0	1.47516	0	1.46563	0	1.49683	0	1.18503	0	1.44871	0
1.59107	0	1.32774	0	1.21025	0	1.11552	0	1.48815	0	1.32227	0	1.09197	0	1.60679	0	1.39084	0	1.39751	0	1.23328	0	1.81574	0	1.13049	0	1.09571	0	1.45485	0	1.49973	0	1.41732	0	1.75748	0	0.993212	0	1.53132	0	1.47516	0	1.46563	0	1.49683	0	1.18503	0	1.44871	0
1.59107	0	1.32774	0	1.21025	0	1.11552	0	1.48815	0	1.32227	0	1.09196	0	1.60679	0	1.39084	0	1.39751	0	1.23328	0	1.81574	0	1.13049	0	1.09571	0	1.45485	0	1.49973	0	1.41732	0	1.75748	0	0.993212	0	1.53132	0	1.47516	0	1.46562	0	1.49683	0	1.18503	0	1.44871	0
1.59107	0	1.32774	0	1.21025	0	1.11552	0	1.48815	0	1.32227	0	1.09196	0	1.60679	0	1.39084	0	1.39751	0	1.23328	0	1.81574	0	1.13049	0	1.09571	0	1.45485	0	1.49973	0	1.41732	0	1.75748	0	0.993212	0	1.53132	0	1.47516	0	1.46561	0	1.49683	0	1.18503	0	1.44871	0
1.59107	0	1.32774	0	1.21025	0	1.11552	0	1.48815	0	1.32227	0	1.09196	0	1.60679	0	1.39084	0	1.39751	0	1.23328	0	1.81574	0	1.13049	0	1.09571	0	1.45485	0	1.49973	0	1.41732	0	1.75748	0	0.993212	0	1.53132	0	1.47516	0	1.4656	0	1.49683	0	1.18503	0	1.44871	0
1.59107	0	1.32774	0	1.21025	0	1.11552	0	1.48815	0	1.32227	0	1.09196	0	1.60679	0	1.39084	0	1.39751	0	1.23328	0	1.81574	0	1.13049	0	1.09571	0	1.45485	0	1.49973	0	1.41732	0	1.75748	0	0.993212	0	1.53132	0	1.47516	0	1.4656	0	1.49683	0	1.18503	0	1.44871	0
1.59107	0	1.32774	0	1.21025	0	1.11552	0	1.48815	0	1.32227	0	1.09195	0	1.60679	0	1.39084	0	1.39751	0	1.23328	0	1.81574	0	1.13049	0	1.09571	0	1.45485	0	1.49973	0	1.41732	0	1.75748	0	0.993212	0	1.53132	0	1.47516	0	1.4656	0	1.49683	0	1.18503	0	1.44871	0
1.59107	0	1.32774	0	1.21025	0	1.11552	0	1.48815	0	1.32227	0	1.09195	0	1.60679	0	1.39084	0	1.39751	0	1.23328	0	1.81574	0	1.13049	0	1.09571	0	1.45485	0	1.49973	0	1.41732	0	1.75748	0	0.993212	0	1.53132	0	1.47516	0	1.46559	0	1.49683	0	1.18503	0	1.44871	0
1.59107	0	1.32774	0	1.21025	0	1.11552	0	1.48815	0	1.32227	0	1.09195	0	1.60679	0	1.39084	0	1.39751	0	1.23328	0	1.81574	0	1.13049	0	1.09571	0	1.45485	0	1.49973	0	1.41732	0	1.75748	0	0.993212	0	1.53132	0	1.47516	0	1.46559	0	1.49683	0	1.18503	0	1.44871	0
1.59107	0	1.32774	0	1.21025	0	1.11552	0	1.48815	0	1.32227	0	1.09195	0	1.60679	0	1.39084	0	1.39751	0	1.23328	0	1.81574	0	1.13049	0	1.09571	0	1.45485	0	1.49973	0	1.41732	0	1.75748	0	0.993212	0	1.53132	0	1.47516	0	1.46559	0	1.49683	0	1.18503	0	1.44871	0
1.59107	0	1.32774	0	1.21025	0	1.11552	0	1.48815	0	1.32227	0	1.09195	0	1.60679	0	1.39084	0	1.39751	0	1.23328	0	1.81574	0	1.13049	0	1.09571	0	1.45485	0	1.49973	0	1.41732	0	1.75748	0	0.993212	0	1.53132	0	1.47516	0	1.46559	0	1.49683	0	1.18503	0	1.44871	0
1.59107	0	1.32774	0	1.21025	0	1.11552	0	1.48815	0	1.32227	0	1.09195	0	1.60679	0	1.39084	0	1.39751	0	1.23328	0	1.81574	0	1.13049	0	1.09571	0	1.45485	0	1.49973	0	1.41732	0	1.75748	0	0.993212	0	1.53132	0	1.47516	0	1.46558	0	1.49683	0	1.18503	0	1.44871	0
1.59107	0	1.32774	0	1.21025	0	1.11552	0	1.48815	0	1.32227	0	1.09194	0	1.60679	0	1.39084	0	1.39751	0	1.23328	0	1.81574	0	1.13049	0	1.09571	0	1.45485	0	1.49973	0	1.41732	0	1.75748	0	0.993212	0	1.53132	0	1.47516	0	1.46558	0	1.49683	0	1.18503	0	1.44871	0
1.59107	0	1.32774	0	1.21025	0	1.11552	0	1.48815	0	1.32227	0	1.09194	0	1.60679	0	1.39084	0	1.39751	0	1.23328	0	1.81574	0	1.13049	0	1.09571	0	1.45485	0	1.49973	0	1.41732	0	1.75748	0	0.993212	0	1.53132	0	1.47516	0	1.46558	0	1.49683	0	1.18503	0	1.44871	0
1.59107	0	1.32774	0	1.21025	0	1.11552	0	1.48815	0	1.32227	0	1.09194	0	1.60679	0	1.39084	0	1.39751	0	1.23328	0	1.81574	0	1.13049	0	1.09571	0	1.45485	0	1.49973	0	1.41732	0	1.75748	0	0.993212	0	1.53132	0	1.47516	0	1.46557	0	1.49683	0	1.18503	0	1.44871	0
1.59107	0	1.32774	0	1.21025	0	1.11552	0	1.48815	0	1.32227	0	1.09194	0	1.60679	0	1.39084	0	1.39751	0	1.23328	0	1.81574	0	1.13049	0	1.09571	0	1.45485	0	1.49973	0	1.41732	0	1.75748	0	0.993212	0	1.53132	0	1.47516	0	1.46557	0	1.49683	0	1.18503	0	1.44871	0
1.59107	0	1.32774	0	1.21025	0	1.11552	0	1.48815	0	1.32227	0	1.09194	0	1.60679	0	1.39084	0	1.39751	0	1.23328	0	1.81574	0	1.13049	0	1.09571	0	1.45485	0	1.49973	0	1.41732	0	1.75748	0	0.993212	0	1.53132	0	1.47516	0	1.46556	0	1.49683	0	1.18503	0	1.44871	0
1.59107	0	1.32774	0	1.21025	0	1.11552	0	1.48815	0	1.32227	0	1.09194	0	1.60679	0	1.39084	0	1.39751	0	1.23328	0	1.81574	0	1.13049	0	1.09571	0	1.45485	0	1.49973	0	1.41732	0	1.75748	0	0.993212	0	1.53132	0	1.47516	0	1.46556	0	1.49683	0	1.18503	0	1.44871	0
1.59107	0	1.32774	0	1.21025	0	1.11552	0	1.48815	0	1.32227	0	1.09194	0	1.60679	0	1.39084	0	1.39751	0	1.23328	0	1.81574	0	1.13049	0	1.09571	0	1.45485	0	1.49973	0	1.41732	0	1.75748	0	0.993212	0	1.53132	0	1.47516	0	1.46555	0	1.49683	0	1.18503	0	1.44871	0
1.59107	0	1.32774	0	1.21025	0	1.11552	0	1.48815	0	1.32227	0	1.09194	0	1.60679	0	1.39084	0	1.39751	0	1.23328	0	1.81574	0	1.13049	0	1.09571	0	1.45485	0	1.49973	0	1.41732	0	1.75748	0	0.993212	0	1.53132	0	1.47516	0	1.46555	0	1.49683	0	1.18503	0	1.44871	0
1.59107	0	1.32774	0	1.21025	0	1.11552	0	1.48815	0	1.32227	0	1.09194	0	1.60679	0	1.39084	0	1.39751	0	1.23328	0	1.81574	0	1.13049	0	1.09571	0	1.45485	0	1.49973	0	1.41732	0	1.75748	0	0.993212	0	1.53132	0	1.47516	0	1.46554	0	1.49683	0	1.18503	0	1.44871	0
1.59107	0	1.32774	0	1.21025	0	1.11552	0	1.48815	0	1.32227	0	1.09193	0	1.60679	0	1.39083	0	1.39751	0	1.23328	0	1.81574	0	1.13049	0	1.09571	0	1.45485	0	1.49973	0	1.41732	0	1.75748	0	0.993212	0	1.53132	0	1.47516	0	1.46554	0	1.49683	0	1.18503	0	1.44871	0
1.59107	0	1.32774	0	1.21025	0	1.11552	0	1.48815	0	1.32227	0	1.09193	0	1.60679	0	1.39083	0	1.39751	0	1.23328	0	1.81574	0	1.13049	0	1.09571	0	1.45485	0	1.49973	0	1.41732	0	1.75748	0	0.993212	0	1.53132	0	1.47516	0	1.46554	0	1.49683	0	1.18503	0	1.44871	0
1.59107	0	1.32774	0	1.21025	0	1.11552	0	1.48815	0	1.32227	0	1.09193	0	1.60679	0	1.39083	0	1.39751	0	1.23328	0	1.81574	0	1.13049	0	1.09571	0	1.45485	0	1.49973	0	1.41732	0	1.75748	0	0.993212	0	1.53132	0	1.47516	0	1.46553	0	1.49683	0	1.18503	0	1.44871	0
1.59107	0	1.32774	0	1.21025	0	1.11552	0	1.48815	0	1.32227	0	1.09193	0	1.60679	0	1.39083	0	1.39751	0	1.23328	0	1.81574	0	1.13049	0	1.09571	0	1.45485	0	1.49973	0	1.41732	0	1.75748	0	0.993212	0	1.53132	0	1.47516	0	1.46553	0	1.49683	0	1.18503	0	1.44871	0
1.59107	0	1.32774	0	1.21025	0	1.11552	0	1.48815	0	1.32227	0	1.09192	0	1.60679	0	1.39083	0	1.39751	0	1.23328	0	1.81574	0	1.13049	0	1.09571	0	1.45485	0	1.49973	0	1.41732	0	1.75748	0	0.993212	0	1.53132	0	1.47516	0	1.46553	0	1.49683	0	1.18503	0	1.44871	0
1.59107	0	1.32774	0	1.21025	0	1.11552	0	1.48815	0	1.31595	0	1.09192	0	1.60679	0	1.39083	0	1.39751	0	1.23328	0	1.81574	0	1.13049	0	1.09571	0	1.45485	0	1.49973	0	1.41732	0	1.75748	0	0.993212	0	1.53132	0	1.47516	0	1.46553	0	1.49683	0	1.18503	0	1.44871	0
1.59107	0	1.32774	0	1.21025	0	1.11552	0	1.48815	0	1.31595	0	1.09192	0	1.60679	0	1.39083	0	1.39751	0	1.23328	0	1.81574	0	1.13049	0	1.09571	0	1.45485	0	1.49973	0	1.41732	0	1.75748	0	0.993212	0	1.53132	0	1.47516	0	1.46552	0	1.49683	0	1.18503	0	1.44871	0
1.59107	0	1.32774	0	1.21025	0	1.11552	0	1.48815	0	1.31595	0	1.09192	0	1.60679	0	1.39083	0	1.39751	0	1.23328	0	1.81574	0	1.13049	0	1.09571	0	1.45485	0	1.49973	0	1.41732	0	1.75748	0	0.993212	0	1.53132	0	1.47516	0	1.46552	0	1.49683	0	1.18503	0	1.44871	0
1.59107	0	1.32774	0	1.21025	0	1.11552	0	1.48815	0	1.31595	0	1.09191	0	1.60679	0	1.39083	0	1.39751	0	1.23328	0	1.81574	0	1.13049	0	1.09571	0	1.45485	0	1.49973	0	1.41732	0	1.75748	0	0.993212	0	1.53132	0	1.47516	0	1.46552	0	1.49683	0	1.18503	0	1.44871	0
1.59107	0	1.32774	0	1.21025	0	1.11552	0	1.48815	0	1.31595	0	1.09191	0	1.60679	0	1.39083	0	1.39751	0	1.23328	0	1.81574	0	1.13049	0	1.09571	0	1.45485	0	1.49973	0	1.41732	0	1.75748	0	0.993212	0	1.53132	0	1.47516	0	1.46552	0	1.49683	0	1.18503	0	1.44871	0
1.59107	0	1.32774	0	1.21025	0	1.11552	0	1.48815	0	1.31595	0	1.09191	0	1.60679	0	1.39083	0	1.39751	0	1.23328	0	1.81574	0	1.13049	0	1.09571	0	1.45485	0	1.49973	0	1.41732	0	1.75748	0	0.993212	0	1.53132	0	1.47516	0	1.46551	0	1.49683	0	1.18503	0	1.44871	0
1.59107	0	1.32774	0	1.21025	0	1.11552	0	1.48815	0	1.31595	0	1.09191	0	1.60679	0	1.39083	0	1.39751	0	1.23328	0	1.81574	0	1.13049	0	1.09571	0	1.45485	0	1.49973	0	1.41732	0	1.75748	0	0.993212	0	1.53132	0	1.47516	0	1.46551	0	1.49683	0	1.18503	0	1.44871	0
1.59107	0	1.32774	0	1.21025	0	1.11552	0	1.48815	0	1.31595	0	1.09191	0	1.60679	0	1.39083	0	1.39751	0	1.23328	0	1.81574	0	1.13049	0	1.09571	0	1.45485	0	1.49973	0	1.41732	0	1.75748	0	0.993212	0	1.53132	0	1.47516	0	1.46551	0	1.49683	0	1.18503	0	1.44871	0
1.59107	0	1.32774	0	1.21025	0	1.11552	0	1.48815	0	1.31595	0	1.0919	0	1.60679	0	1.39083	0	1.39751	0	1.23328	0	1.81574	0	1.13049	0	1.09571	0	1.45485	0	1.49973	0	1.41732	0	1.75748	0	0.993212	0	1.53132	0	1.47516	0	1.46551	0	1.49683	0	1.18503	0	1.44871	0
1.59107	0	1.32774	0	1.21025	0	1.11552	0	1.48815	0	1.31595	0	1.0919	0	1.60679	0	1.39083	0	1.39751	0	1.23328	0	1.81574	0	1.13049	0	1.09571	0	1.45485	0	1.49973	0	1.41732	0	1.75748	0	0.993212	0	1.53132	0	1.47516	0	1.4655	0	1.49683	0	1.18503	0	1.44871	0
1.59107	0	1.32774	0	1.21025	0	1.11552	0	1.48815	0	1.31595	0	1.0919	0	1.60679	0	1.39083	0	1.39751	0	1.23328	0	1.81574	0	1.13049	0	1.09571	0	1.45485	0	1.49973	0	1.41732	0	1.75748	0	0.993212	0	1.53132	0	1.47516	0	1.4655	0	1.49683	0	1.18503	0	1.44871	0
1.59107	0	1.32774	0	1.21025	0	1.11552	0	1.48815	0	1.31595	0	1.0919	0	1.60679	0	1.39083	0	1.39751	0	1.23328	0	1.81574	0	1.13049	0	1.09571	0	1.45485	0	1.49973	0	1.41732	0	1.75748	0	0.993212	0	1.53132	0	1.47516	0	1.4655	0	1.49683	0	1.18503	0	1.44871	0
1.59107	0	1.32774	0	1.21025	0	1.11552	0	1.48815	0	1.31595	0	1.0919	0	1.60679	0	1.39083	0	1.39751	0	1.23328	0	1.81574	0	1.13049	0	1.09571	0	1.45485	0	1.49973	0	1.41732	0	1.75748	0	0.993212	0	1.53132	0	1.47516	0	1.4655	0	1.49683	0	1.18503	0	1.44871	0
1.59107	0	1.32774	0	1.21025	0	1.11552	0	1.48815	0	1.31595	0	1.0919	0	1.60679	0	1.39083	0	1.39751	0	1.23328	0	1.81574	0	1.13049	0	1.09571	0	1.45485	0	1.49973	0	1.41732	0	1.75748	0	0.993212	0	1.53132	0	1.47516	0	1.46549	0	1.49683	0	1.18503	0	1.44871	0
1.59107	0	1.32774	0	1.21025	0	1.11552	0	1.48815	0	1.31595	0	1.0919	0	1.60679	0	1.39083	0	1.39751	0	1.23328	0	1.81574	0	1.13049	0	1.09571	0	1.45485	0	1.49973	0	1.41732	0	1.75748	0	0.993212	0	1.53132	0	1.47516	0	1.46549	0	1.49683	0	1.18503	0	1.44871	0
1.59107	0	1.32774	0	1.21025	0	1.11552	0	1.48815	0	1.31595	0	1.09189	0	1.60679	0	1.39083	0	1.39751	0	1.23328	0	1.81574	0	1.13049	0	1.09571	0	1.45485	0	1.49973	0	1.41732	0	1.75748	0	0.993212	0	1.53132	0	1.47516	0	1.46549	0	1.49683	0	1.18503	0	1.44871	0
1.59107	0	1.32774	0	1.21025	0	1.11552	0	1.48815	0	1.31595	0	1.09189	0	1.60679	0	1.39083	0	1.39751	0	1.23328	0	1.81574	0	1.13049	0	1.09571	0	1.45485	0	1.49973	0	1.41732	0	1.75748	0	0.993212	0	1.53132	0	1.47516	0	1.46549	0	1.49683	0	1.18503	0	1.44871	0
1.59107	0	1.32774	0	1.21025	0	1.11552	0	1.48815	0	1.31595	0	1.09189	0	1.60679	0	1.39083	0	1.39751	0	1.23328	0	1.81574	0	1.13049	0	1.09571	0	1.45485	0	1.49973	0	1.41732	0	1.75748	0	0.993212	0	1.53132	0	1.47516	0	1.46549	0	1.49683	0	1.18503	0	1.44871	0
1.59107	0	1.32774	0	1.21025	0	1.11552	0	1.48815	0	1.31595	0	1.09189	0	1.60679	0	1.39083	0	1.39751	0	1.23328	0	1.81574	0	1.13049	0	1.09571	0	1.45485	0	1.49973	0	1.41732	0	1.75748	0	0.993212	0	1.53132	0	1.47516	0	1.46549	0	1.49683	0	1.18503	0	1.44871	0
1.59107	0	1.32774	0	1.21025	0	1.11552	0	1.48815	0	1.31595	0	1.09189	0	1.60679	0	1.39083	0	1.39751	0	1.23328	0	1.81574	0	1.13049	0	1.09571	0	1.45485	0	1.49973	0	1.41732	0	1.75748	0	0.993212	0	1.53132	0	1.47516	0	1.46549	0	1.49683	0	1.18503	0	1.44871	0
1.59107	0	1.32774	0	1.21025	0	1.11552	0	1.48815	0	1.31595	0	1.09188	0	1.60679	0	1.39083	0	1.39751	0	1.23328	0	1.81574	0	1.13049	0	1.09571	0	1.45485	0	1.49973	0	1.41732	0	1.75748	0	0.993212	0	1.53132	0	1.47516	0	1.46549	0	1.49683	0	1.18503	0	1.44871	0
1.59107	0	1.32774	0	1.21025	0	1.11552	0	1.48815	0	1.31595	0	1.09188	0	1.60679	0	1.39083	0	1.39751	0	1.23328	0	1.81574	0	1.13049	0	1.09571	0	1.45485	0	1.49973	0	1.41732	0	1.75748	0	0.993212	0	1.53132	0	1.47516	0	1.46549	0	1.49683	0	1.18503	0	1.44871	0
1.59107	0	1.32774	0	1.21025	0	1.11552	0	1.48815	0	1.31595	0	1.09188	0	1.60679	0	1.39083	0	1.39751	0	1.23328	0	1.81574	0	1.13049	0	1.09571	0	1.45485	0	1.49973	0	1.41732	0	1.75748	0	0.993212	0	1.53132	0	1.47516	0	1.46549	0	1.49683	0	1.18503	0	1.44871	0
1.59107	0	1.32774	0	1.21025	0	1.11552	0	1.48815	0	1.31595	0	1.09188	0	1.60679	0	1.39083	0	1.39751	0	1.23328	0	1.81574	0	1.13049	0	1.09571	0	1.45485	0	1.49973	0	1.41732	0	1.75748	0	0.993212	0	1.53132	0	1.47516	0	1.46549	0	1.49683	0	1.18503	0	1.44871	0
1.59107	0	1.32774	0	1.21025	0	1.11552	0	1.48815	0	1.31595	0	1.09188	0	1.60679	0	1.39083	0	1.39751	0	1.23328	0	1.81574	0	1.13049	0	1.09571	0	1.45485	0	1.49973	0	1.41732	0	1.75748	0	0.993212	0	1.53132	0	1.47516	0	1.46549	0	1.49683	0	1.18503	0	1.44871	0
1.59107	0	1.32774	0	1.21025	0	1.11552	0	1.48815	0	1.31595	0	1.09188	0	1.60679	0	1.39083	0	1.39751	0	1.23328	0	1.81574	0	1.13049	0	1.09571	0	1.45485	0	1.49973	0	1.41732	0	1.75748	0	0.993212	0	1.53132	0	1.47516	0	1.46549	0	1.49683	0	1.18503	0	1.44871	0
1.59107	0	1.32774	0	1.21025	0	1.11552	0	1.48815	0	1.31595	0	1.09188	0	1.60679	0	1.39083	0	1.39751	0	1.23328	0	1.81574	0	1.13049	0	1.09571	0	1.45485	0	1.49973	0	1.41732	0	1.75748	0	0.993212	0	1.53132	0	1.47516	0	1.46549	0	1.49683	0	1.18503	0	1.44871	0
1.59107	0	1.32774	0	1.21025	0	1.11552	0	1.48815	0	1.31595	0	1.09188	0	1.60679	0	1.39083	0	1.39751	0	1.23328	0	1.81574	0	1.13049	0	1.09571	0	1.45485	0	1.49973	0	1.41732	0	1.75748	0	0.993212	0	1.53132	0	1.47516	0	1.46548	0	1.49683	0	1.18503	0	1.44871	0
1.59107	0	1.32774	0	1.21025	0	1.11552	0	1.48815	0	1.31595	0	1.09188	0	1.60679	0	1.39083	0	1.39751	0	1.23328	0	1.81574	0	1.13049	0	1.09571	0	1.45485	0	1.49973	0	1.41732	0	1.75748	0	0.993212	0	1.53132	0	1.47516	0	1.46548	0	1.49683	0	1.18503	0	1.44871	0
1.59107	0	1.32774	0	1.21025	0	1.11552	0	1.48815	0	1.31595	0	1.09188	0	1.60679	0	1.39083	0	1.39751	0	1.23328	0	1.81574	0	1.13049	0	1.09571	0	1.45485	0	1.49973	0	1.41732	0	1.75748	0	0.993212	0	1.53132	0	1.47516	0	1.46548	0	1.49683	0	1.18503	0	1.44871	0
1.59107	0	1.32774	0	1.21025	0	1.11552	0	1.48815	0	1.31595	0	1.09187	0	1.60679	0	1.39083	0	1.39751	0	1.23328	0	1.81574	0	1.13049	0	1.09571	0	1.45485	0	1.49973	0	1.41732	0	1.75748	0	0.993212	0	1.53132	0	1.47516	0	1.46548	0	1.49683	0	1.18503	0	1.44871	0
1.59107	0	1.32774	0	1.21025	0	1.11552	0	1.48815	0	1.31595	0	1.09187	0	1.60679	0	1.39083	0	1.39751	0	1.23328	0	1.81574	0	1.13049	0	1.09571	0	1.45485	0	1.49973	0	1.41732	0	1.75748	0	0.993212	0	1.53132	0	1.47516	0	1.46548	0	1.49683	0	1.18503	0	1.44871	0
1.59107	0	1.32774	0	1.21025	0	1.11552	0	1.48815	0	1.31595	0	1.09187	0	1.60679	0	1.39083	0	1.39751	0	1.23328	0	1.81574	0	1.13049	0	1.09571	0	1.45485	0	1.49973	0	1.41732	0	1.75748	0	0.993212	0	1.53132	0	1.47516	0	1.46548	0	1.49683	0	1.18503	0	1.44871	0
1.59107	0	1.32774	0	1.21025	0	1.11552	0	1.48815	0	1.31595	0	1.09187	0	1.60679	0	1.39083	0	1.39751	0	1.23328	0	1.81574	0	1.13049	0	1.09571	0	1.45485	0	1.49973	0	1.41732	0	1.75748	0	0.993212	0	1.53132	0	1.47516	0	1.46548	0	1.49683	0	1.18503	0	1.44871	0
1.59107	0	1.32774	0	1.21025	0	1.11552	0	1.48815	0	1.31595	0	1.09187	0	1.60679	0	1.39083	0	1.39751	0	1.23328	0	1.81574	0	1.13049	0	1.09571	0	1.45485	0	1.49973	0	1.41732	0	1.75748	0	0.993212	0	1.53132	0	1.47516	0	1.46548	0	1.49683	0	1.18503	0	1.44871	0
1.59107	0	1.32774	0	1.21025	0	1.11552	0	1.48815	0	1.31595	0	1.09187	0	1.60679	0	1.39083	0	1.39751	0	1.23328	0	1.81574	0	1.13049	0	1.09571	0	1.45485	0	1.49973	0	1.41732	0	1.75748	0	0.993212	0	1.53132	0	1.47516	0	1.46548	0	1.49683	0	1.18503	0	1.44871	0
1.59107	0	1.32774	0	1.21025	0	1.11552	0	1.48815	0	1.31595	0	1.09187	0	1.60679	0	1.39083	0	1.39751	0	1.23328	0	1.81574	0	1.13049	0	1.09571	0	1.45485	0	1.49973	0	1.41732	0	1.75748	0	0.993212	0	1.53132	0	1.47516	0	1.46548	0	1.49683	0	1.18503	0	1.44871	0
1.59107	0	1.32774	0	1.21025	0	1.11552	0	1.48815	0	1.31595	0	1.09187	0	1.60679	0	1.39083	0	1.39751	0	1.23328	0	1.81574	0	1.13049	0	1.09571	0	1.45485	0	1.49973	0	1.41732	0	1.75748	0	0.993212	0	1.53132	0	1.47516	0	1.46548	0	1.49683	0	1.18503	0	1.44871	0
1.59107	0	1.32774	0	1.21025	0	1.11552	0	1.48815	0	1.31595	0	1.09187	0	1.60679	0	1.39083	0	1.39751	0	1.23328	0	1.81574	0	1.13049	0	1.09571	0	1.45485	0	1.49973	0	1.41732	0	1.75748	0	0.993212	0	1.53132	0	1.47516	0	1.46548	0	1.49683	0	1.18503	0	1.44871	0
1.59107	0	1.32774	0	1.21025	0	1.11552	0	1.48815	0	1.31595	0	1.09187	0	1.60679	0	1.39083	0	1.39751	0	1.23328	0	1.81574	0	1.13049	0	1.09571	0	1.45485	0	1.49973	0	1.41732	0	1.75748	0	0.993212	0	1.53132	0	1.47516	0	1.46548	0	1.49683	0	1.18503	0	1.44871	0
1.59107	0	1.32774	0	1.21025	0	1.11552	0	1.48815	0	1.31595	0	1.09187	0	1.60679	0	1.39083	0	1.39751	0	1.23328	0	1.81574	0	1.13049	0	1.09571	0	1.45485	0	1.49973	0	1.41732	0	1.75748	0	0.993212	0	1.53132	0	1.47516	0	1.46548	0	1.49683	0	1.18503	0	1.44871	0
1.59107	0	1.32774	0	1.21025	0	1.11552	0	1.48815	0	1.31595	0	1.09187	0	1.60679	0	1.39083	0	1.39751	0	1.23328	0	1.81574	0	1.13049	0	1.09571	0	1.45485	0	1.49973	0	1.41732	0	1.75748	0	0.993212	0	1.53132	0	1.47516	0	1.46548	0	1.49683	0	1.18503	0	1.44871	0
1.59107	0	1.32774	0	1.21025	0	1.11552	0	1.48815	0	1.31595	0	1.09187	0	1.60679	0	1.39083	0	1.39751	0	1.23328	0	1.81574	0	1.13049	0	1.09571	0	1.45485	0	1.49973	0	1.41732	0	1.75748	0	0.993212	0	1.53132	0	1.47516	0	1.46548	0	1.49683	0	1.18503	0	1.44871	0
1.59107	0	1.32774	0	1.21025	0	1.11552	0	1.48815	0	1.31595	0	1.09187	0	1.60679	0	1.39083	0	1.39751	0	1.23328	0	1.81574	0	1.13049	0	1.09571	0	1.45485	0	1.49973	0	1.41732	0	1.75748	0	0.993212	0	1.53132	0	1.47516	0	1.46548	0	1.49683	0	1.18503	0	1.44871	0
1.59107	0	1.32774	0	1.21025	0	1.11552	0	1.48815	0	1.31595	0	1.09187	0	1.60679	0	1.39083	0	1.39751	0	1.23328	0	1.81574	0	1.13049	0	1.09571	0	1.45485	0	1.49973	0	1.41732	0	1.75748	0	0.993212	0	1.53132	0	1.47516	0	1.46548	0	1.49683	0	1.18503	0	1.44871	0
1.59107	0	1.32774	0	1.21025	0	1.11552	0	1.48815	0	1.31595	0	1.09187	0	1.60679	0	1.39083	0	1.39751	0	1.23328	0	1.81574	0	1.13049	0	1.09571	0	1.45485	0	1.49973	0	1.41732	0	1.75748	0	0.993212	0	1.53132	0	1.47516	0	1.46547	0	1.49683	0	1.18503	0	1.44871	0
1.59107	0	1.32774	0	1.21025	0	1.11552	0	1.48815	0	1.31595	0	1.09187	0	1.60679	0	1.39083	0	1.39751	0	1.23328	0	1.81574	0	1.13049	0	1.09571	0	1.45485	0	1.49973	0	1.41732	0	1.75748	0	0.993212	0	1.53132	0	1.47516	0	1.46547	0	1.49683	0	1.18503	0	1.44871	0
1.59107	0	1.32774	0	1.21025	0	1.11552	0	1.48815	0	1.31595	0	1.09187	0	1.60679	0	1.39083	0	1.39751	0	1.23328	0	1.81574	0	1.13049	0	1.09571	0	1.45485	0	1.49973	0	1.41732	0	1.75748	0	0.993212	0	1.53132	0	1.47516	0	1.46547	0	1.49683	0	1.18503	0	1.44871	0
1.59107	0	1.32774	0	1.21025	0	1.11552	0	1.48815	0	1.31595	0	1.09187	0	1.60679	0	1.39083	0	1.39751	0	1.23328	0	1.81574	0	1.13049	0	1.09571	0	1.45485	0	1.49973	0	1.41732	0	1.75748	0	0.993212	0	1.53132	0	1.47516	0	1.46547	0	1.49683	0	1.18503	0	1.44871	0
1.59107	0	1.32774	0	1.21025	0	1.11552	0	1.48815	0	1.31595	0	1.09186	0	1.60679	0	1.39083	0	1.39751	0	1.23328	0	1.81574	0	1.13049	0	1.09571	0	1.45485	0	1.49973	0	1.41732	0	1.75748	0	0.993212	0	1.53132	0	1.47516	0	1.46547	0	1.49683	0	1.18503	0	1.44871	0
1.59107	0	1.32774	0	1.21025	0	1.11552	0	1.48815	0	1.31595	0	1.09186	0	1.60679	0	1.39083	0	1.39751	0	1.23328	0	1.81574	0	1.13049	0	1.09571	0	1.45485	0	1.49973	0	1.41732	0	1.75748	0	0.993212	0	1.53132	0	1.47516	0	1.46547	0	1.49683	0	1.18503	0	1.44871	0
1.59107	0	1.32774	0	1.21025	0	1.11552	0	1.47426	0	1.31595	0	1.09186	0	1.60679	0	1.39083	0	1.39751	0	1.23328	0	1.81574	0	1.13049	0	1.09571	0	1.45485	0	1.49973	0	1.41732	0	1.75748	0	0.993212	0	1.53132	0	1.47516	0	1.46547	0	1.49683	0	1.18503	0	1.44871	0
1.59107	0	1.32774	0	1.21025	0	1.11552	0	1.47426	0	1.31595	0	1.09186	0	1.60679	0	1.39083	0	1.39751	0	1.23328	0	1.81574	0	1.13049	0	1.09571	0	1.45485	0	1.49973	0	1.41732	0	1.75748	0	0.993212	0	1.53132	0	1.47516	0	1.46547	0	1.49683	0	1.18503	0	1.44871	0
1.59107	0	1.32774	0	1.21025	0	1.11552	0	1.47426	0	1.31595	0	1.09186	0	1.60679	0	1.39083	0	1.39751	0	1.23328	0	1.81574	0	1.13049	0	1.09571	0	1.45485	0	1.49973	0	1.41732	0	1.75748	0	0.993212	0	1.53132	0	1.47516	0	1.46547	0	1.49683	0	1.18503	0	1.44871	0
1.59107	0	1.32774	0	1.21025	0	1.11552	0	1.47426	0	1.31595	0	1.09186	0	1.60679	0	1.39083	0	1.39751	0	1.23328	0	1.81574	0	1.13049	0	1.09571	0	1.45485	0	1.49973	0	1.41732	0	1.75748	0	0.993212	0	1.53132	0	1.47516	0	1.46547	0	1.49683	0	1.18503	0	1.44871	0
1.59107	0	1.32774	0	1.21025	0	1.11552	0	1.47426	0	1.31595	0	1.09186	0	1.60679	0	1.39083	0	1.39751	0	1.23328	0	1.81574	0	1.13049	0	1.09571	0	1.45485	0	1.49973	0	1.41732	0	1.75748	0	0.993212	0	1.53132	0	1.47516	0	1.46547	0	1.49683	0	1.18503	0	1.44871	0
1.59107	0	1.32774	0	1.21025	0	1.11552	0	1.47426	0	1.31595	0	1.09186	0	1.60679	0	1.39083	0	1.39751	0	1.23328	0	1.81574	0	1.13049	0	1.09571	0	1.45485	0	1.49973	0	1.41732	0	1.75748	0	0.993212	0	1.53132	0	1.47516	0	1.46547	0	1.49683	0	1.18503	0	1.44871	0
1.59107	0	1.32774	0	1.21025	0	1.11552	0	1.47426	0	1.31595	0	1.09186	0	1.60679	0	1.39083	0	1.39751	0	1.23328	0	1.81574	0	1.13049	0	1.09571	0	1.45485	0	1.49973	0	1.41732	0	1.75748	0	0.993212	0	1.53132	0	1.47516	0	1.46547	0	1.49683	0	1.18503	0	1.44871	0
1.59107	0	1.32774	0	1.21025	0	1.11552	0	1.47398	0	1.31595	0	1.09186	0	1.60679	0	1.39083	0	1.39751	0	1.23328	0	1.81574	0	1.13049	0	1.09571	0	1.45485	0	1.49973	0	1.41732	0	1.75748	0	0.993212	0	1.53132	0	1.47516	0	1.46547	0	1.49683	0	1.18503	0	1.44871	0
1.59107	0	1.32774	0	1.21025	0	1.11552	0	1.47165	0	1.31595	0	1.09186	0	1.60679	0	1.39083	0	1.39751	0	1.23328	0	1.81574	0	1.13049	0	1.09571	0	1.45485	0	1.49973	0	1.41732	0	1.75748	0	0.993212	0	1.53132	0	1.47516	0	1.46547	0	1.49683	0	1.18503	0	1.44871	0
1.59107	0	1.32774	0	1.21025	0	1.11552	0	1.46327	0	1.31595	0	1.09186	0	1.60679	0	1.39083	0	1.39751	0	1.23328	0	1.81574	0	1.13049	0	1.09571	0	1.45485	0	1.49973	0	1.41732	0	1.75748	0	0.993212	0	1.53132	0	1.47516	0	1.46547	0	1.49683	0	1.18503	0	1.44871	0
1.59107	0	1.32774	0	1.21025	0	1.11552	0	1.46148	0	1.31595	0	1.09186	0	1.60679	0	1.39083	0	1.39751	0	1.23328	0	1.81574	0	1.13049	0	1.09571	0	1.45485	0	1.49973	0	1.41732	0	1.75748	0	0.993212	0	1.53132	0	1.47516	0	1.46547	0	1.49683	0	1.18503	0	1.44871	0
1.59107	0	1.32774	0	1.21025	0	1.11552	0	1.45852	0	1.31595	0	1.09186	0	1.60679	0	1.39083	0	1.39751	0	1.23328	0	1.81574	0	1.13049	0	1.09571	0	1.45485	0	1.49973	0	1.41732	0	1.75748	0	0.993212	0	1.53132	0	1.47516	0	1.46547	0	1.49683	0	1.18503	0	1.44871	0
1.59107	0	1.32774	0	1.21025	0	1.11552	0	1.45808	0	1.31595	0	1.08789	0	1.60679	0	1.39083	0	1.39751	0	1.23328	0	1.81574	0	1.13049	0	1.09571	0	1.45485	0	1.49973	0	1.41732	0	1.75748	0	0.993212	0	1.53132	0	1.47516	0	1.46547	0	1.49683	0	1.18503	0	1.44871	0
1.59107	0	1.32774	0	1.21025	0	1.11552	0	1.45535	0	1.31595	0	1.08789	0	1.60679	0	1.39083	0	1.39751	0	1.23328	0	1.81574	0	1.13049	0	1.09571	0	1.45485	0	1.49973	0	1.41732	0	1.75748	0	0.993212	0	1.53132	0	1.47516	0	1.46547	0	1.49683	0	1.18503	0	1.44871	0
1.59107	0	1.32774	0	1.21025	0	1.11552	0	1.45397	0	1.31595	0	1.08789	0	1.60679	0	1.39083	0	1.39751	0	1.23328	0	1.81574	0	1.13049	0	1.09571	0	1.45485	0	1.49973	0	1.41732	0	1.75748	0	0.993212	0	1.53132	0	1.47516	0	1.46547	0	1.49683	0	1.18503	0	1.44871	0
1.59107	0	1.32774	0	1.21025	0	1.11552	0	1.45318	0	1.31595	0	1.08789	0	1.60679	0	1.39083	0	1.39751	0	1.23328	0	1.81574	0	1.13049	0	1.09571	0	1.45485	0	1.49973	0	1.41732	0	1.75748	0	0.993212	0	1.53132	0	1.47516	0	1.46547	0	1.49683	0	1.18503	0	1.44871	0
1.59107	0	1.32774	0	1.21025	0	1.11552	0	1.45295	0	1.31595	0	1.08789	0	1.60679	0	1.39083	0	1.39751	0	1.23328	0	1.81574	0	1.13049	0	1.09571	0	1.45485	0	1.49973	0	1.41732	0	1.75748	0	0.993212	0	1.53132	0	1.47516	0	1.46547	0	1.49683	0	1.18503	0	1.44871	0
1.59107	0	1.32774	0	1.21025	0	1.11552	0	1.45271	0	1.31595	0	1.08789	0	1.60679	0	1.39083	0	1.39751	0	1.23328	0	1.81574	0	1.13049	0	1.09571	0	1.45485	0	1.49973	0	1.41732	0	1.75748	0	0.993212	0	1.53132	0	1.47516	0	1.46547	0	1.49683	0	1.18503	0	1.44871	0
1.59107	0	1.32774	0	1.21025	0	1.11552	0	1.45267	0	1.31595	0	1.08789	0	1.60679	0	1.39083	0	1.39751	0	1.23328	0	1.81574	0	1.13049	0	1.09571	0	1.45485	0	1.49973	0	1.41732	0	1.75748	0	0.993212	0	1.53132	0	1.47516	0	1.46547	0	1.49683	0	1.18503	0	1.44871	0
1.59107	0	1.32774	0	1.21025	0	1.11552	0	1.45257	0	1.31595	0	1.08789	0	1.60679	0	1.39083	0	1.39751	0	1.23328	0	1.81574	0	1.13049	0	1.09571	0	1.45485	0	1.49973	0	1.41732	0	1.75748	0	0.993212	0	1.53132	0	1.47516	0	1.46547	0	1.49683	0	1.18503	0	1.44871	0
1.59107	0	1.32774	0	1.21025	0	1.11552	0	1.4525	0	1.31595	0	1.08789	0	1.60679	0	1.39083	0	1.39751	0	1.23328	0	1.81574	0	1.13049	0	1.09571	0	1.45485	0	1.49973	0	1.41732	0	1.75748	0	0.993212	0	1.53132	0	1.47516	0	1.46547	0	1.49683	0	1.18503	0	1.44871	0
1.59107	0	1.32774	0	1.21025	0	1.11552	0	1.45246	0	1.31595	0	1.08789	0	1.60679	0	1.39083	0	1.39751	0	1.23328	0	1.81574	0	1.13049	0	1.09571	0	1.45485	0	1.49973	0	1.41732	0	1.75748	0	0.993212	0	1.53132	0	1.47516	0	1.46547	0	1.49683	0	1.18503	0	1.44871	0
1.59107	0	1.32774	0	1.21025	0	1.11552	0	1.45244	0	1.31595	0	1.08789	0	1.60679	0	1.39083	0	1.39751	0	1.23328	0	1.81574	0	1.13049	0	1.09571	0	1.45485	0	1.49973	0	1.41732	0	1.75748	0	0.993212	0	1.53132	0	1.47516	0	1.46547	0	1.49683	0	1.18503	0	1.44871	0
1.59107	0	1.32774	0	1.21025	0	1.11552	0	1.45237	0	1.31595	0	1.08789	0	1.60679	0	1.39083	0	1.39751	0	1.23328	0	1.81574	0	1.13049	0	1.09571	0	1.45485	0	1.49973	0	1.41732	0	1.75748	0	0.993212	0	1.53132	0	1.47516	0	1.46547	0	1.49683	0	1.18503	0	1.44871	0
1.59107	0	1.32774	0	1.21025	0	1.11552	0	1.45234	0	1.31595	0	1.08789	0	1.60679	0	1.39083	0	1.39751	0	1.23328	0	1.81574	0	1.13049	0	1.09571	0	1.45485	0	1.49973	0	1.41732	0	1.75748	0	0.993212	0	1.53132	0	1.47516	0	1.46547	0	1.49683	0	1.18503	0	1.44871	0
1.59107	0	1.32774	0	1.21025	0	1.11552	0	1.4523	0	1.31595	0	1.08789	0	1.60679	0	1.39083	0	1.39751	0	1.23328	0	1.81574	0	1.13049	0	1.09571	0	1.45485	0	1.49973	0	1.41732	0	1.75748	0	0.993212	0	1.53132	0	1.47516	0	1.46547	0	1.49683	0	1.18503	0	1.44871	0
1.59107	0	1.32774	0	1.21025	0	1.11552	0	1.44101	0	1.31595	0	1.08789	0	1.60679	0	1.39083	0	1.39751	0	1.23328	0	1.81574	0	1.13049	0	1.09571	0	1.45485	0	1.49973	0	1.41732	0	1.75748	0	0.993212	0	1.53132	0	1.47516	0	1.46547	0	1.49683	0	1.18503	0	1.44871	0
1.59107	0	1.32774	0	1.21025	0	1.11552	0	1.44101	0	1.31595	0	1.08789	0	1.60679	0	1.39083	0	1.39751	0	1.23328	0	1.81574	0	1.13049	0	1.09571	0	1.45485	0	1.49973	0	1.41732	0	1.75748	0	0.993212	0	1.53132	0	1.47516	0	1.46547	0	1.49683	0	1.18503	0	1.44871	0
1.59107	0	1.32774	0	1.21025	0	1.11552	0	1.44101	0	1.31595	0	1.08789	0	1.60679	0	1.39083	0	1.39751	0	1.23328	0	1.81574	0	1.13049	0	1.09571	0	1.45485	0	1.49973	0	1.41732	0	1.75748	0	0.993212	0	1.53132	0	1.47516	0	1.46547	0	1.49683	0	1.18503	0	1.44871	0
1.59107	0	1.32774	0	1.21025	0	1.11552	0	1.43815	0	1.31595	0	1.08789	0	1.60679	0	1.39083	0	1.39751	0	1.23328	0	1.81574	0	1.13049	0	1.09571	0	1.45485	0	1.49973	0	1.41732	0	1.75748	0	0.993212	0	1.53132	0	1.47516	0	1.46547	0	1.49683	0	1.18503	0	1.44871	0
1.59107	0	1.32774	0	1.21025	0	1.11552	0	1.4381	0	1.31595	0	1.08789	0	1.60679	0	1.39083	0	1.39751	0	1.23328	0	1.81574	0	1.13049	0	1.09571	0	1.45485	0	1.49973	0	1.41732	0	1.75748	0	0.993212	0	1.53132	0	1.47516	0	1.46547	0	1.49683	0	1.18503	0	1.44871	0
1.59107	0	1.32774	0	1.21025	0	1.11552	0	1.43718	0	1.31595	0	1.08789	0	1.60679	0	1.39083	0	1.39751	0	1.23328	0	1.81574	0	1.13049	0	1.09571	0	1.45485	0	1.49973	0	1.41732	0	1.75748	0	0.993212	0	1.53132	0	1.47516	0	1.46547	0	1.49683	0	1.18503	0	1.44871	0
1.59107	0	1.32774	0	1.21025	0	1.11552	0	1.43571	0	1.31595	0	1.08789	0	1.60679	0	1.39083	0	1.39751	0	1.23328	0	1.81574	0	1.13049	0	1.09571	0	1.45485	0	1.49973	0	1.41732	0	1.75748	0	0.993212	0	1.53132	0	1.47516	0	1.46547	0	1.49683	0	1.18503	0	1.44871	0
1.59107	0	1.32774	0	1.21025	0	1.11552	0	1.43481	0	1.31595	0	1.08789	0	1.60679	0	1.39083	0	1.39751	0	1.23328	0	1.81574	0	1.13049	0	1.09571	0	1.45485	0	1.49973	0	1.41732	0	1.75748	0	0.993212	0	1.53132	0	1.47516	0	1.46547	0	1.49683	0	1.18503	0	1.44871	0
1.59107	0	1.32774	0	1.21025	0	1.11552	0	1.43373	0	1.31595	0	1.08789	0	1.60679	0	1.39083	0	1.39751	0	1.23328	0	1.81574	0	1.13049	0	1.09571	0	1.45485	0	1.49973	0	1.41732	0	1.75748	0	0.993212	0	1.53132	0	1.47516	0	1.46547	0	1.49683	0	1.18503	0	1.44871	0
1.59107	0	1.32774	0	1.21025	0	1.11552	0	1.43293	0	1.31595	0	1.08789	0	1.60679	0	1.35802	0	1.39751	0	1.23328	0	1.81574	0	1.13049	0	1.09571	0	1.45485	0	1.49973	0	1.41732	0	1.75748	0	0.993212	0	1.53132	0	1.47516	0	1.46547	0	1.49683	0	1.18503	0	1.44871	0
1.59107	0	1.32774	0	1.21025	0	1.11552	0	1.43235	0	1.31595	0	1.08789	0	1.60679	0	1.35802	0	1.39751	0	1.23328	0	1.81574	0	1.13049	0	1.09571	0	1.45485	0	1.49973	0	1.41732	0	1.75748	0	0.993212	0	1.53132	0	1.47516	0	1.46547	0	1.49683	0	1.18503	0	1.44871	0
1.59107	0	1.32774	0	1.21025	0	1.11552	0	1.43209	0	1.31595	0	1.08789	0	1.60679	0	1.35802	0	1.39751	0	1.23328	0	1.81574	0	1.13049	0	1.09571	0	1.45485	0	1.49973	0	1.41732	0	1.75748	0	0.993212	0	1.53132	0	1.47516	0	1.46547	0	1.49683	0	1.18503	0	1.44871	0
1.59107	0	1.32774	0	1.21025	0	1.11552	0	1.43177	0	1.31595	0	1.08789	0	1.60679	0	1.35802	0	1.39751	0	1.23328	0	1.81574	0	1.13049	0	1.09571	0	1.45485	0	1.49973	0	1.41732	0	1.75748	0	0.993212	0	1.53132	0	1.4749	0	1.46546	0	1.49683	0	1.18503	0	1.44871	0
1.59107	0	1.32774	0	1.21025	0	1.11552	0	1.43155	0	1.31595	0	1.08789	0	1.60679	0	1.35802	0	1.39751	0	1.23328	0	1.81574	0	1.13049	0	1.09571	0	1.45485	0	1.49973	0	1.41732	0	1.75748	0	0.993212	0	1.53132	0	1.47478	0	1.46546	0	1.49683	0	1.18503	0	1.44871	0
1.59107	0	1.32774	0	1.21025	0	1.11552	0	1.43132	0	1.31595	0	1.08789	0	1.60679	0	1.35802	0	1.39751	0	1.23328	0	1.81574	0	1.13049	0	1.09571	0	1.45485	0	1.49973	0	1.41732	0	1.75748	0	0.993212	0	1.53132	0	1.47478	0	1.46546	0	1.49683	0	1.18503	0	1.44871	0
1.59107	0	1.32774	0	1.21025	0	1.11552	0	1.4311	0	1.31595	0	1.08789	0	1.60679	0	1.35802	0	1.39751	0	1.23328	0	1.81574	0	1.13049	0	1.09571	0	1.45485	0	1.49973	0	1.41732	0	1.75748	0	0.993212	0	1.53132	0	1.47478	0	1.46546	0	1.49683	0	1.18503	0	1.44871	0
1.59107	0	1.32774	0	1.21025	0	1.11552	0	1.43107	0	1.31595	0	1.08789	0	1.60679	0	1.35802	0	1.39751	0	1.23328	0	1.81574	0	1.13049	0	1.09571	0	1.45485	0	1.49973	0	1.41732	0	1.75748	0	0.993212	0	1.53132	0	1.47478	0	1.46546	0	1.49683	0	1.18503	0	1.44871	0
1.59107	0	1.32774	0	1.21025	0	1.11552	0	1.43088	0	1.31595	0	1.08789	0	1.60679	0	1.35802	0	1.39751	0	1.23328	0	1.81574	0	1.13049	0	1.09571	0	1.45485	0	1.49973	0	1.41732	0	1.75748	0	0.993212	0	1.53132	0	1.47478	0	1.46546	0	1.49683	0	1.18503	0	1.44871	0
1.59107	0	1.32774	0	1.21025	0	1.11552	0	1.43081	0	1.31595	0	1.08789	0	1.60679	0	1.35802	0	1.39751	0	1.23328	0	1.81574	0	1.13049	0	1.09571	0	1.45485	0	1.49973	0	1.41732	0	1.75748	0	0.993212	0	1.53132	0	1.47478	0	1.46546	0	1.49683	0	1.18503	0	1.44871	0
1.59107	0	1.32774	0	1.21025	0	1.11552	0	1.43073	0	1.31595	0	1.08789	0	1.60679	0	1.35802	0	1.39751	0	1.23328	0	1.81574	0	1.13049	0	1.09571	0	1.45485	0	1.49973	0	1.41732	0	1.75748	0	0.993212	0	1.53132	0	1.47478	0	1.46546	0	1.49683	0	1.18503	0	1.44871	0
1.59107	0	1.32774	0	1.21025	0	1.11552	0	1.43065	0	1.31595	0	1.08789	0	1.60679	0	1.35802	0	1.39751	0	1.23328	0	1.81574	0	1.13049	0	1.09571	0	1.45485	0	1.49973	0	1.41732	0	1.75748	0	0.993212	0	1.53132	0	1.47478	0	1.46546	0	1.49683	0	1.18503	0	1.44871	0
1.59107	0	1.32774	0	1.21025	0	1.11552	0	1.43053	0	1.31595	0	1.08789	0	1.60679	0	1.35802	0	1.39751	0	1.23328	0	1.81574	0	1.13049	0	1.09571	0	1.45485	0	1.49973	0	1.41732	0	1.75748	0	0.993212	0	1.53132	0	1.47478	0	1.46546	0	1.49683	0	1.18503	0	1.44871	0
1.59107	0	1.32774	0	1.21025	0	1.11552	0	1.43042	0	1.31595	0	1.08789	0	1.60679	0	1.35802	0	1.39751	0	1.23328	0	1.81574	0	1.13049	0	1.09571	0	1.45485	0	1.49973	0	1.41732	0	1.75748	0	0.993212	0	1.53132	0	1.47478	0	1.46546	0	1.49683	0	1.18503	0	1.44871	0
1.59107	0	1.32774	0	1.21025	0	1.11552	0	1.43029	0	1.31595	0	1.08789	0	1.60679	0	1.35802	0	1.39751	0	1.23328	0	1.81574	0	1.13049	0	1.09571	0	1.45485	0	1.49973	0	1.41732	0	1.75748	0	0.993212	0	1.53132	0	1.47478	0	1.46546	0	1.49683	0	1.18503	0	1.44871	0
1.59107	0	1.32774	0	1.21025	0	1.11552	0	1.43025	0	1.31595	0	1.08789	0	1.60679	0	1.35802	0	1.39751	0	1.23328	0	1.81574	0	1.13049	0	1.09571	0	1.45485	0	1.49973	0	1.41732	0	1.75748	0	0.993212	0	1.53132	0	1.47478	0	1.46546	0	1.49683	0	1.18503	0	1.44871	0
1.59107	0	1.32774	0	1.21025	0	1.11552	0	1.43021	0	1.31595	0	1.08789	0	1.60679	0	1.35802	0	1.39751	0	1.23328	0	1.81574	0	1.13049	0	1.09571	0	1.45485	0	1.49973	0	1.41732	0	1.75748	0	0.993212	0	1.53132	0	1.47478	0	1.46546	0	1.49683	0	1.18503	0	1.44871	0
1.59107	0	1.32774	0	1.21025	0	1.11552	0	1.43018	0	1.31595	0	1.08789	0	1.60679	0	1.35802	0	1.39751	0	1.23328	0	1.81574	0	1.13049	0	1.09571	0	1.45485	0	1.49973	0	1.41732	0	1.75748	0	0.993212	0	1.53132	0	1.47478	0	1.46546	0	1.49683	0	1.18503	0	1.44871	0
1.59107	0	1.32774	0	1.21025	0	1.11552	0	1.43013	0	1.31595	0	1.08789	0	1.60679	0	1.35802	0	1.39751	0	1.23328	0	1.81574	0	1.13049	0	1.09571	0	1.45485	0	1.49973	0	1.41732	0	1.75748	0	0.993212	0	1.53132	0	1.47478	0	1.46546	0	1.49683	0	1.18503	0	1.44871	0
1.59107	0	1.32774	0	1.21025	0	1.11552	0	1.43007	0	1.31595	0	1.08789	0	1.60679	0	1.35802	0	1.39751	0	1.23328	0	1.81574	0	1.13049	0	1.09571	0	1.45485	0	1.49973	0	1.41732	0	1.75748	0	0.993212	0	1.53132	0	1.47478	0	1.46546	0	1.49683	0	1.18503	0	1.44871	0
1.59107	0	1.32774	0	1.21025	0	1.11552	0	1.43005	0	1.31595	0	1.08789	0	1.60679	0	1.35802	0	1.39751	0	1.23328	0	1.81574	0	1.13049	0	1.09571	0	1.45485	0	1.49973	0	1.41732	0	1.75748	0	0.993212	0	1.53132	0	1.47478	0	1.46546	0	1.49683	0	1.18503	0	1.44871	0
1.59107	0	1.32774	0	1.21025	0	1.11552	0	1.43002	0	1.31595	0	1.08789	0	1.60679	0	1.35802	0	1.39751	0	1.23328	0	1.81574	0	1.13049	0	1.09571	0	1.45485	0	1.49973	0	1.41732	0	1.75748	0	0.993212	0	1.53132	0	1.47478	0	1.46546	0	1.49683	0	1.18503	0	1.44871	0
1.59107	0	1.32774	0	1.21025	0	1.11552	0	1.42996	0	1.31595	0	1.08789	0	1.60679	0	1.35802	0	1.39751	0	1.23328	0	1.81574	0	1.13049	0	1.09571	0	1.45485	0	1.49973	0	1.41732	0	1.75748	0	0.993212	0	1.53132	0	1.47478	0	1.46546	0	1.49683	0	1.18503	0	1.44871	0
1.59107	0	1.32774	0	1.21025	0	1.11552	0	1.42991	0	1.31595	0	1.08789	0	1.60679	0	1.35802	0	1.39751	0	1.23328	0	1.81574	0	1.13049	0	1.09571	0	1.45485	0	1.49973	0	1.41732	0	1.75748	0	0.993212	0	1.53132	0	1.47478	0	1.46546	0	1.49683	0	1.18503	0	1.44871	0
1.59107	0	1.32774	0	1.21025	0	1.11552	0	1.42987	0	1.31595	0	1.08789	0	1.60679	0	1.35802	0	1.39751	0	1.23328	0	1.81574	0	1.13049	0	1.09571	0	1.45485	0	1.49973	0	1.41732	0	1.75748	0	0.993212	0	1.53132	0	1.47478	0	1.46546	0	1.49683	0	1.18503	0	1.44871	0
1.59107	0	1.32774	0	1.21025	0	1.11552	0	1.42985	0	1.31595	0	1.08789	0	1.60679	0	1.35802	0	1.39751	0	1.23328	0	1.81574	0	1.13049	0	1.09571	0	1.45485	0	1.49973	0	1.41732	0	1.75748	0	0.993212	0	1.53132	0	1.47478	0	1.46546	0	1.49683	0	1.18503	0	1.44871	0
1.59107	0	1.32774	0	1.21025	0	1.11552	0	1.42983	0	1.31595	0	1.08789	0	1.60679	0	1.35802	0	1.39751	0	1.23328	0	1.81574	0	1.13049	0	1.09571	0	1.45485	0	1.49973	0	1.41732	0	1.75748	0	0.993212	0	1.53132	0	1.47478	0	1.46546	0	1.49683	0	1.18503	0	1.44871	0
1.59107	0	1.32774	0	1.21025	0	1.11552	0	1.42982	0	1.31595	0	1.08789	0	1.60679	0	1.35802	0	1.39751	0	1.23328	0	1.81574	0	1.13049	0	1.09571	0	1.45485	0	1.49973	0	1.41732	0	1.75748	0	0.993212	0	1.53132	0	1.47478	0	1.46546	0	1.49683	0	1.18503	0	1.44871	0
1.59107	0	1.32774	0	1.21025	0	1.11552	0	1.4298	0	1.31595	0	1.08789	0	1.60679	0	1.35802	0	1.39751	0	1.23328	0	1.81574	0	1.13049	0	1.09571	0	1.45485	0	1.49973	0	1.41732	0	1.75748	0	0.993212	0	1.53132	0	1.47478	0	1.46546	0	1.49683	0	1.18503	0	1.44871	0
1.59107	0	1.32774	0	1.21025	0	1.11552	0	1.42979	0	1.31595	0	1.08789	0	1.60679	0	1.35802	0	1.39751	0	1.23328	0	1.81574	0	1.13049	0	1.09571	0	1.45485	0	1.49973	0	1.41732	0	1.75748	0	0.993212	0	1.53132	0	1.47478	0	1.46546	0	1.49683	0	1.18503	0	1.44871	0
1.59107	0	1.32774	0	1.21025	0	1.11552	0	1.42977	0	1.31595	0	1.08789	0	1.60679	0	1.35802	0	1.39751	0	1.23328	0	1.81574	0	1.13049	0	1.09571	0	1.45485	0	1.49973	0	1.41732	0	1.75748	0	0.993212	0	1.53132	0	1.47478	0	1.46546	0	1.49683	0	1.18503	0	1.44871	0
1.59107	0	1.32774	0	1.21025	0	1.11552	0	1.42976	0	1.31595	0	1.08789	0	1.60679	0	1.35802	0	1.39751	0	1.23328	0	1.81574	0	1.13049	0	1.09571	0	1.45485	0	1.49973	0	1.41732	0	1.75748	0	0.993212	0	1.53132	0	1.47478	0	1.46546	0	1.49683	0	1.18503	0	1.44871	0
1.59107	0	1.32774	0	1.21025	0	1.11552	0	1.42975	0	1.31595	0	1.08789	0	1.60679	0	1.35802	0	1.39751	0	1.23328	0	1.81574	0	1.13049	0	1.09571	0	1.45485	0	1.49973	0	1.41732	0	1.75748	0	0.993212	0	1.53132	0	1.47478	0	1.46546	0	1.49683	0	1.18503	0	1.44871	0
1.59107	0	1.32774	0	1.21025	0	1.11552	0	1.42975	0	1.31595	0	1.08789	0	1.60679	0	1.35802	0	1.39751	0	1.23328	0	1.81574	0	1.13049	0	1.09571	0	1.45485	0	1.49973	0	1.41732	0	1.75748	0	0.993212	0	1.53132	0	1.47478	0	1.46546	0	1.49683	0	1.18503	0	1.44871	0
1.59107	0	1.32774	0	1.21025	0	1.11552	0	1.42974	0	1.31595	0	1.08789	0	1.60679	0	1.35802	0	1.39751	0	1.23328	0	1.81574	0	1.13049	0	1.09571	0	1.45485	0	1.49973	0	1.41732	0	1.75748	0	0.993212	0	1.53132	0	1.47478	0	1.46546	0	1.49683	0	1.18503	0	1.44871	0
1.59107	0	1.32774	0	1.21025	0	1.11552	0	1.42973	0	1.31595	0	1.08789	0	1.60679	0	1.35802	0	1.39751	0	1.23328	0	1.81574	0	1.13049	0	1.09571	0	1.45485	0	1.49973	0	1.41732	0	1.75748	0	0.993212	0	1.53132	0	1.47478	0	1.46546	0	1.49683	0	1.18503	0	1.44871	0
1.59107	0	1.32774	0	1.21025	0	1.11552	0	1.42971	0	1.31595	0	1.08789	0	1.60679	0	1.35802	0	1.39751	0	1.23328	0	1.81574	0	1.13049	0	1.09571	0	1.45485	0	1.49973	0	1.41732	0	1.75748	0	0.993212	0	1.53132	0	1.47478	0	1.46546	0	1.49683	0	1.18503	0	1.44871	0
1.59107	0	1.32774	0	1.21025	0	1.11552	0	1.42971	0	1.31595	0	1.08789	0	1.60679	0	1.35802	0	1.39751	0	1.23328	0	1.81574	0	1.13049	0	1.09571	0	1.45485	0	1.49973	0	1.41732	0	1.75748	0	0.993212	0	1.53132	0	1.47478	0	1.46546	0	1.49683	0	1.18503	0	1.44871	0
1.59107	0	1.32774	0	1.21025	0	1.11552	0	1.42971	0	1.31595	0	1.08789	0	1.60679	0	1.35802	0	1.39751	0	1.23328	0	1.81574	0	1.13049	0	1.09571	0	1.45485	0	1.49973	0	1.41732	0	1.75748	0	0.993212	0	1.53132	0	1.47478	0	1.46546	0	1.49683	0	1.18503	0	1.44871	0
1.59107	0	1.32774	0	1.21025	0	1.11552	0	1.4297	0	1.31595	0	1.08789	0	1.60679	0	1.35802	0	1.39751	0	1.23328	0	1.81574	0	1.13049	0	1.09571	0	1.45485	0	1.49973	0	1.41732	0	1.75748	0	0.993212	0	1.53132	0	1.47478	0	1.46546	0	1.49683	0	1.18503	0	1.44871	0
1.59107	0	1.32774	0	1.21025	0	1.11552	0	1.4297	0	1.31595	0	1.08789	0	1.60679	0	1.35802	0	1.39751	0	1.23328	0	1.81574	0	1.13049	0	1.09571	0	1.45485	0	1.49973	0	1.41732	0	1.75748	0	0.993212	0	1.53132	0	1.47478	0	1.46546	0	1.49683	0	1.18503	0	1.44871	0
1.59107	0	1.32774	0	1.21025	0	1.11552	0	1.4297	0	1.31595	0	1.08789	0	1.60679	0	1.35802	0	1.39751	0	1.23328	0	1.81574	0	1.13049	0	1.09571	0	1.45485	0	1.49973	0	1.41732	0	1.75748	0	0.993212	0	1.53132	0	1.47478	0	1.46546	0	1.49683	0	1.18503	0	1.44871	0
1.59107	0	1.32774	0	1.21025	0	1.11552	0	1.42969	0	1.31595	0	1.08789	0	1.60679	0	1.35802	0	1.39751	0	1.23328	0	1.81574	0	1.13049	0	1.09571	0	1.45485	0	1.49973	0	1.41732	0	1.75748	0	0.993212	0	1.53132	0	1.47478	0	1.46546	0	1.49683	0	1.18503	0	1.44871	0
1.59107	0	1.32774	0	1.21025	0	1.11552	0	1.42969	0	1.31595	0	1.08789	0	1.60679	0	1.35802	0	1.39751	0	1.23328	0	1.81574	0	1.13049	0	1.09571	0	1.45485	0	1.49973	0	1.41732	0	1.75748	0	0.993212	0	1.53132	0	1.47478	0	1.46546	0	1.49683	0	1.18503	0	1.44871	0
1.59107	0	1.32774	0	1.21025	0	1.11552	0	1.42968	0	1.31595	0	1.08789	0	1.60679	0	1.35802	0	1.39751	0	1.23328	0	1.81574	0	1.13049	0	1.09571	0	1.45485	0	1.49973	0	1.41732	0	1.75748	0	0.993212	0	1.53132	0	1.47478	0	1.46546	0	1.49683	0	1.18503	0	1.44871	0
1.59107	0	1.32774	0	1.21025	0	1.11552	0	1.42967	0	1.31595	0	1.08789	0	1.60679	0	1.35802	0	1.39751	0	1.23328	0	1.81574	0	1.13049	0	1.09571	0	1.45485	0	1.49973	0	1.41732	0	1.75748	0	0.993212	0	1.53132	0	1.47478	0	1.46546	0	1.49683	0	1.18503	0	1.44871	0
1.59107	0	1.32774	0	1.21025	0	1.11552	0	1.42964	0	1.31595	0	1.08789	0	1.60679	0	1.35802	0	1.39751	0	1.23328	0	1.81574	0	1.13049	0	1.09571	0	1.45485	0	1.49973	0	1.41732	0	1.75748	0	0.993212	0	1.53132	0	1.47478	0	1.46546	0	1.49683	0	1.18503	0	1.44871	0
1.59107	0	1.32774	0	1.21025	0	1.11552	0	1.42962	0	1.31595	0	1.08789	0	1.60679	0	1.35802	0	1.39751	0	1.23328	0	1.81574	0	1.13049	0	1.09571	0	1.45485	0	1.49973	0	1.41732	0	1.75748	0	0.993212	0	1.53132	0	1.47478	0	1.46546	0	1.49683	0	1.18503	0	1.44871	0
1.59107	0	1.32774	0	1.21025	0	1.11552	0	1.42962	0	1.31595	0	1.08789	0	1.60679	0	1.35802	0	1.39751	0	1.23328	0	1.81574	0	1.13049	0	1.09571	0	1.45485	0	1.49973	0	1.41732	0	1.75748	0	0.993212	0	1.53132	0	1.47478	0	1.46546	0	1.49683	0	1.18503	0	1.44871	0
1.59107	0	1.32774	0	1.21025	0	1.11552	0	1.42962	0	1.31595	0	1.08789	0	1.60679	0	1.35802	0	1.39751	0	1.23328	0	1.81574	0	1.13049	0	1.09571	0	1.45485	0	1.49973	0	1.41732	0	1.75748	0	0.993212	0	1.53132	0	1.47478	0	1.46546	0	1.49683	0	1.18503	0	1.44871	0
1.59107	0	1.32774	0	1.21025	0	1.11552	0	1.42961	0	1.31595	0	1.08789	0	1.60679	0	1.35802	0	1.39751	0	1.23328	0	1.81574	0	1.13049	0	1.09571	0	1.45485	0	1.49973	0	1.41732	0	1.75748	0	0.993212	0	1.53132	0	1.47478	0	1.46546	0	1.49683	0	1.18503	0	1.44871	0
1.59107	0	1.32774	0	1.21025	0	1.11552	0	1.4296	0	1.31595	0	1.08789	0	1.60679	0	1.35802	0	1.39751	0	1.23328	0	1.81574	0	1.13049	0	1.09571	0	1.45485	0	1.49973	0	1.41732	0	1.75748	0	0.993212	0	1.53132	0	1.47478	0	1.46546	0	1.49683	0	1.18503	0	1.44871	0
1.59107	0	1.32774	0	1.21025	0	1.11552	0	1.42959	0	1.31595	0	1.08789	0	1.60679	0	1.35802	0	1.39751	0	1.23328	0	1.81574	0	1.13049	0	1.09571	0	1.45485	0	1.49973	0	1.41732	0	1.75748	0	0.993212	0	1.53132	0	1.47478	0	1.46546	0	1.49683	0	1.18503	0	1.44871	0
1.59107	0	1.32774	0	1.21025	0	1.11552	0	1.42957	0	1.31595	0	1.08789	0	1.60679	0	1.35802	0	1.39751	0	1.23328	0	1.81574	0	1.13049	0	1.09571	0	1.45485	0	1.49973	0	1.41732	0	1.75748	0	0.993212	0	1.53132	0	1.47478	0	1.46546	0	1.49683	0	1.18503	0	1.44871	0
1.59107	0	1.32774	0	1.21025	0	1.11552	0	1.42956	0	1.31595	0	1.08789	0	1.60679	0	1.35802	0	1.39751	0	1.23328	0	1.81574	0	1.13049	0	1.09571	0	1.45485	0	1.49973	0	1.41732	0	1.75748	0	0.993212	0	1.53132	0	1.47478	0	1.46546	0	1.49683	0	1.18503	0	1.44871	0
1.59107	0	1.32774	0	1.21025	0	1.11552	0	1.42956	0	1.31595	0	1.08789	0	1.60679	0	1.35802	0	1.39751	0	1.23328	0	1.81574	0	1.13049	0	1.09571	0	1.45485	0	1.49973	0	1.41732	0	1.75748	0	0.993212	0	1.53132	0	1.47478	0	1.46546	0	1.49683	0	1.18503	0	1.44871	0
1.59107	0	1.32774	0	1.21025	0	1.11552	0	1.42956	0	1.31595	0	1.08789	0	1.60679	0	1.35802	0	1.39751	0	1.23328	0	1.81574	0	1.13049	0	1.09571	0	1.45485	0	1.49973	0	1.41732	0	1.75748	0	0.993212	0	1.53132	0	1.47478	0	1.46546	0	1.49683	0	1.18503	0	1.44871	0
1.59107	0	1.32774	0	1.21025	0	1.11552	0	1.42954	0	1.31595	0	1.08789	0	1.60679	0	1.35802	0	1.39751	0	1.23328	0	1.81574	0	1.13049	0	1.09571	0	1.45485	0	1.49973	0	1.41732	0	1.75748	0	0.993212	0	1.53132	0	1.47478	0	1.46546	0	1.49683	0	1.18503	0	1.44871	0
1.59107	0	1.32774	0	1.21025	0	1.11552	0	1.42952	0	1.31595	0	1.08789	0	1.60679	0	1.35802	0	1.39751	0	1.23328	0	1.81574	0	1.13049	0	1.09571	0	1.45485	0	1.49973	0	1.41732	0	1.75748	0	0.993212	0	1.53132	0	1.47478	0	1.46546	0	1.49683	0	1.18503	0	1.44871	0
1.59107	0	1.32774	0	1.21025	0	1.11552	0	1.42951	0	1.31595	0	1.08789	0	1.60679	0	1.35802	0	1.39751	0	1.23328	0	1.81574	0	1.13049	0	1.09571	0	1.45485	0	1.49973	0	1.41732	0	1.75748	0	0.993212	0	1.53132	0	1.47478	0	1.46546	0	1.49683	0	1.18503	0	1.44871	0
1.59107	0	1.32774	0	1.21025	0	1.11552	0	1.4295	0	1.31595	0	1.08789	0	1.60679	0	1.35802	0	1.39751	0	1.23328	0	1.81574	0	1.13049	0	1.09571	0	1.45485	0	1.49973	0	1.41732	0	1.75748	0	0.993212	0	1.53132	0	1.47478	0	1.46546	0	1.49683	0	1.18503	0	1.44871	0
1.59107	0	1.32774	0	1.21025	0	1.11552	0	1.42949	0	1.31595	0	1.08789	0	1.60679	0	1.35802	0	1.39751	0	1.23328	0	1.81574	0	1.13049	0	1.09571	0	1.45485	0	1.49973	0	1.41732	0	1.75748	0	0.993212	0	1.53132	0	1.47478	0	1.46546	0	1.49683	0	1.18503	0	1.44871	0
1.59107	0	1.32774	0	1.21025	0	1.11552	0	1.42948	0	1.31595	0	1.08789	0	1.60679	0	1.35802	0	1.39751	0	1.23328	0	1.81574	0	1.13049	0	1.09571	0	1.45485	0	1.49973	0	1.41732	0	1.75748	0	0.993212	0	1.53132	0	1.47478	0	1.46546	0	1.49683	0	1.18503	0	1.44871	0
1.59107	0	1.32774	0	1.21025	0	1.11552	0	1.42947	0	1.31595	0	1.08789	0	1.60679	0	1.35802	0	1.39751	0	1.23328	0	1.81574	0	1.13049	0	1.09571	0	1.45485	0	1.49973	0	1.41732	0	1.75748	0	0.993212	0	1.53132	0	1.47478	0	1.46546	0	1.49683	0	1.18503	0	1.44871	0
1.59107	0	1.32774	0	1.21025	0	1.11552	0	1.42947	0	1.31595	0	1.08789	0	1.60679	0	1.35802	0	1.39751	0	1.23328	0	1.81574	0	1.13049	0	1.09571	0	1.45485	0	1.49973	0	1.41732	0	1.75748	0	0.993212	0	1.53132	0	1.47478	0	1.46546	0	1.49683	0	1.18503	0	1.44871	0
1.59107	0	1.32774	0	1.21025	0	1.11552	0	1.42946	0	1.31595	0	1.08789	0	1.60679	0	1.35802	0	1.39751	0	1.23328	0	1.81574	0	1.13049	0	1.09571	0	1.45485	0	1.49973	0	1.41732	0	1.75748	0	0.993212	0	1.53132	0	1.47478	0	1.46546	0	1.49683	0	1.18503	0	1.44871	0
1.59107	0	1.32774	0	1.21025	0	1.11552	0	1.42946	0	1.31595	0	1.08789	0	1.60679	0	1.35802	0	1.39751	0	1.23328	0	1.81574	0	1.13049	0	1.09571	0	1.45485	0	1.49973	0	1.41732	0	1.75748	0	0.993212	0	1.53132	0	1.47478	0	1.46546	0	1.49683	0	1.18503	0	1.44871	0
1.59107	0	1.32774	0	1.21025	0	1.11552	0	1.42945	0	1.31595	0	1.08789	0	1.60679	0	1.35802	0	1.39751	0	1.23328	0	1.81574	0	1.13049	0	1.09571	0	1.45485	0	1.49973	0	1.41732	0	1.75748	0	0.993212	0	1.53132	0	1.47478	0	1.46546	0	1.49683	0	1.18503	0	1.44871	0
1.59107	0	1.32774	0	1.21025	0	1.11552	0	1.42945	0	1.31595	0	1.08789	0	1.60679	0	1.35802	0	1.39751	0	1.23328	0	1.81574	0	1.13049	0	1.09571	0	1.45485	0	1.49973	0	1.41732	0	1.75748	0	0.993212	0	1.53132	0	1.47478	0	1.46546	0	1.49683	0	1.18503	0	1.44871	0
1.59107	0	1.32774	0	1.21025	0	1.11552	0	1.42945	0	1.31595	0	1.08789	0	1.60679	0	1.35802	0	1.39751	0	1.23328	0	1.81574	0	1.13049	0	1.09571	0	1.45485	0	1.49973	0	1.41732	0	1.75748	0	0.993212	0	1.53132	0	1.47478	0	1.46546	0	1.49683	0	1.18503	0	1.44871	0
1.59107	0	1.32774	0	1.21025	0	1.11552	0	1.42945	0	1.31595	0	1.08789	0	1.60679	0	1.35802	0	1.39751	0	1.23328	0	1.81574	0	1.13049	0	1.09571	0	1.45485	0	1.49973	0	1.41732	0	1.75748	0	0.993212	0	1.53132	0	1.47478	0	1.46546	0	1.49683	0	1.18503	0	1.44871	0
1.59107	0	1.32774	0	1.21025	0	1.11552	0	1.42944	0	1.31595	0	1.08789	0	1.60679	0	1.35802	0	1.39751	0	1.23328	0	1.81574	0	1.13049	0	1.09571	0	1.45485	0	1.49973	0	1.41732	0	1.75748	0	0.993212	0	1.53132	0	1.47478	0	1.46546	0	1.49683	0	1.18503	0	1.44871	0
1.59107	0	1.32774	0	1.21025	0	1.11552	0	1.42944	0	1.31595	0	1.08789	0	1.60679	0	1.35802	0	1.39751	0	1.23328	0	1.81574	0	1.13049	0	1.09571	0	1.45485	0	1.49973	0	1.41732	0	1.75748	0	0.993212	0	1.53132	0	1.47478	0	1.46546	0	1.49683	0	1.18503	0	1.44871	0
1.59107	0	1.32774	0	1.21025	0	1.11552	0	1.42944	0	1.31595	0	1.08789	0	1.60679	0	1.35802	0	1.39751	0	1.23328	0	1.81574	0	1.13049	0	1.09571	0	1.45485	0	1.49973	0	1.41732	0	1.75748	0	0.993212	0	1.53132	0	1.47478	0	1.46546	0	1.49683	0	1.18503	0	1.44871	0
1.59107	0	1.32774	0	1.21025	0	1.11552	0	1.42943	0	1.31595	0	1.08789	0	1.60679	0	1.35802	0	1.39751	0	1.23328	0	1.81574	0	1.13049	0	1.09571	0	1.45485	0	1.49973	0	1.41732	0	1.75748	0	0.993212	0	1.53132	0	1.47478	0	1.46546	0	1.49683	0	1.18503	0	1.44871	0
1.59107	0	1.32774	0	1.21025	0	1.11552	0	1.42943	0	1.31595	0	1.08789	0	1.60679	0	1.35802	0	1.39751	0	1.23328	0	1.81574	0	1.13049	0	1.09571	0	1.45485	0	1.49973	0	1.41732	0	1.75748	0	0.993212	0	1.53132	0	1.47478	0	1.46546	0	1.45072	0	1.18503	0	1.44871	0
1.59107	0	1.32774	0	1.21025	0	1.11552	0	1.42943	0	1.31595	0	1.08789	0	1.60679	0	1.35802	0	1.39751	0	1.23328	0	1.81574	0	1.13049	0	1.09571	0	1.45485	0	1.49973	0	1.41732	0	1.75748	0	0.993212	0	1.53132	0	1.47478	0	1.46546	0	1.45072	0	1.18503	0	1.44871	0
1.59107	0	1.32774	0	1.21025	0	1.11552	0	1.42942	0	1.31595	0	1.08789	0	1.60679	0	1.35802	0	1.39751	0	1.23328	0	1.81574	0	1.13049	0	1.09571	0	1.45485	0	1.49973	0	1.41732	0	1.75748	0	0.993212	0	1.53132	0	1.47478	0	1.46546	0	1.45022	0	1.18503	0	1.44871	0
1.59107	0	1.32774	0	1.21025	0	1.11552	0	1.42941	0	1.31595	0	1.08789	0	1.60679	0	1.35802	0	1.39751	0	1.23328	0	1.81574	0	1.13049	0	1.09571	0	1.45485	0	1.49973	0	1.41732	0	1.75748	0	0.993212	0	1.53132	0	1.47478	0	1.46546	0	1.45005	0	1.18503	0	1.44871	0
1.59107	0	1.32774	0	1.21025	0	1.11552	0	1.42941	0	1.31595	0	1.08789	0	1.60679	0	1.35802	0	1.39751	0	1.23328	0	1.81574	0	1.13049	0	1.09571	0	1.45485	0	1.49973	0	1.41732	0	1.75748	0	0.993212	0	1.53132	0	1.47478	0	1.46546	0	1.44989	0	1.18503	0	1.44871	0
1.59107	0	1.32774	0	1.21025	0	1.11552	0	1.4294	0	1.31595	0	1.08789	0	1.60679	0	1.35802	0	1.39751	0	1.23328	0	1.81574	0	1.13049	0	1.09571	0	1.45485	0	1.49973	0	1.41732	0	1.75748	0	0.993212	0	1.53132	0	1.47478	0	1.46546	0	1.44989	0	1.18503	0	1.44871	0
1.59107	0	1.32774	0	1.21025	0	1.11552	0	1.42939	0	1.31595	0	1.08789	0	1.60679	0	1.35802	0	1.39751	0	1.23328	0	1.81574	0	1.13049	0	1.09571	0	1.45485	0	1.49973	0	1.41732	0	1.75748	0	0.993212	0	1.53132	0	1.47478	0	1.46546	0	1.44989	0	1.18503	0	1.44871	0
1.59107	0	1.32774	0	1.21025	0	1.11552	0	1.42939	0	1.31595	0	1.08789	0	1.60679	0	1.35802	0	1.39751	0	1.23328	0	1.81574	0	1.13049	0	1.09571	0	1.45485	0	1.49973	0	1.41732	0	1.75748	0	0.993212	0	1.53132	0	1.47478	0	1.46546	0	1.44989	0	1.18503	0	1.44871	0
1.59107	0	1.32774	0	1.21025	0	1.11552	0	1.42938	0	1.31595	0	1.08789	0	1.60679	0	1.35802	0	1.39751	0	1.23328	0	1.81574	0	1.13049	0	1.09571	0	1.45485	0	1.49973	0	1.41732	0	1.75748	0	0.993212	0	1.53132	0	1.47478	0	1.46546	0	1.44989	0	1.18503	0	1.44871	0
1.59107	0	1.32774	0	1.21025	0	1.11552	0	1.42938	0	1.31595	0	1.08789	0	1.60679	0	1.35802	0	1.39751	0	1.23328	0	1.81574	0	1.13049	0	1.09571	0	1.45485	0	1.49973	0	1.41732	0	1.75748	0	0.993212	0	1.53132	0	1.47478	0	1.46546	0	1.44989	0	1.18503	0	1.44871	0
1.59107	0	1.32774	0	1.21025	0	1.11552	0	1.42938	0	1.31595	0	1.08789	0	1.60679	0	1.35802	0	1.39751	0	1.23328	0	1.81574	0	1.13049	0	1.09571	0	1.45485	0	1.49973	0	1.41732	0	1.75748	0	0.993212	0	1.53132	0	1.47478	0	1.46546	0	1.44926	0	1.18503	0	1.44871	0
1.59107	0	1.32774	0	1.21025	0	1.11552	0	1.42938	0	1.31595	0	1.08789	0	1.60679	0	1.35802	0	1.39751	0	1.23328	0	1.81574	0	1.13049	0	1.09571	0	1.45485	0	1.49973	0	1.41732	0	1.75748	0	0.993212	0	1.53132	0	1.47478	0	1.46546	0	1.44457	0	1.18503	0	1.44871	0
1.59107	0	1.32774	0	1.21025	0	1.11552	0	1.42938	0	1.31595	0	1.08789	0	1.60679	0	1.35802	0	1.39751	0	1.23328	0	1.81574	0	1.13049	0	1.09571	0	1.45485	0	1.49973	0	1.41732	0	1.75748	0	0.993212	0	1.53132	0	1.47478	0	1.46546	0	1.44447	0	1.18503	0	1.44871	0
1.59107	0	1.32774	0	1.21025	0	1.11552	0	1.42938	0	1.31595	0	1.08789	0	1.60679	0	1.35802	0	1.39751	0	1.23328	0	1.81574	0	1.13049	0	1.09571	0	1.45485	0	1.49973	0	1.41732	0	1.75748	0	0.993212	0	1.53132	0	1.47478	0	1.46546	0	1.44445	0	1.18503	0	1.44871	0
1.59107	0	1.32774	0	1.21025	0	1.11552	0	1.42937	0	1.31595	0	1.08789	0	1.60679	0	1.35802	0	1.39751	0	1.23328	0	1.81574	0	1.13049	0	1.09571	0	1.45485	0	1.49973	0	1.41732	0	1.75748	0	0.993212	0	1.53132	0	1.47472	0	1.46546	0	1.44445	0	1.18503	0	1.44871	0
1.59107	0	1.32774	0	1.21025	0	1.11552	0	1.42937	0	1.31595	0	1.08789	0	1.60679	0	1.35802	0	1.39751	0	1.23328	0	1.81574	0	1.13049	0	1.09571	0	1.45485	0	1.49973	0	1.41732	0	1.75748	0	0.993212	0	1.53132	0	1.4747	0	1.46546	0	1.44445	0	1.18503	0	1.44871	0
1.59107	0	1.32774	0	1.21025	0	1.11552	0	1.42936	0	1.31595	0	1.08789	0	1.60679	0	1.35802	0	1.39751	0	1.23328	0	1.81574	0	1.13049	0	1.09571	0	1.45485	0	1.49973	0	1.41732	0	1.75748	0	0.993212	0	1.53132	0	1.47469	0	1.46546	0	1.44445	0	1.18503	0	1.44871	0
1.59107	0	1.32774	0	1.21025	0	1.11552	0	1.42936	0	1.31595	0	1.08789	0	1.60679	0	1.35802	0	1.39751	0	1.23328	0	1.81574	0	1.13049	0	1.09571	0	1.45485	0	1.49973	0	1.41732	0	1.75748	0	0.993212	0	1.53132	0	1.47468	0	1.46546	0	1.44445	0	1.18503	0	1.44871	0
1.59107	0	1.32774	0	1.21025	0	1.11552	0	1.42935	0	1.31595	0	1.08789	0	1.60679	0	1.35802	0	1.39751	0	1.23328	0	1.81574	0	1.13049	0	1.09571	0	1.45485	0	1.49973	0	1.41732	0	1.75748	0	0.993212	0	1.53132	0	1.47438	0	1.46546	0	1.44445	0	1.18503	0	1.44871	0
1.59107	0	1.32774	0	1.21025	0	1.11552	0	1.42935	0	1.31595	0	1.08789	0	1.60679	0	1.35802	0	1.39751	0	1.23328	0	1.81574	0	1.13049	0	1.09571	0	1.45485	0	1.49973	0	1.41732	0	1.75748	0	0.993212	0	1.53132	0	1.47419	0	1.46546	0	1.44445	0	1.18503	0	1.44871	0
1.59107	0	1.32774	0	1.21025	0	1.11552	0	1.42934	0	1.31595	0	1.08789	0	1.60679	0	1.35802	0	1.39751	0	1.23328	0	1.81574	0	1.13049	0	1.09571	0	1.45485	0	1.49973	0	1.41732	0	1.75748	0	0.993212	0	1.53132	0	1.47414	0	1.46546	0	1.44445	0	1.18503	0	1.44871	0
1.59107	0	1.32774	0	1.21025	0	1.11552	0	1.42934	0	1.31595	0	1.08789	0	1.60679	0	1.35802	0	1.39751	0	1.23328	0	1.81574	0	1.13049	0	1.09571	0	1.45485	0	1.49973	0	1.41732	0	1.75748	0	0.993212	0	1.53132	0	1.47407	0	1.46546	0	1.44445	0	1.18503	0	1.44871	0
1.59107	0	1.32774	0	1.21025	0	1.11552	0	1.42934	0	1.31595	0	1.08789	0	1.60679	0	1.35802	0	1.39751	0	1.23328	0	1.81574	0	1.13049	0	1.09571	0	1.45485	0	1.49973	0	1.41732	0	1.75748	0	0.993212	0	1.53132	0	1.47352	0	1.46546	0	1.4444	0	1.18503	0	1.44871	0
1.59107	0	1.32774	0	1.21025	0	1.11552	0	1.42934	0	1.31595	0	1.08789	0	1.60679	0	1.35802	0	1.39751	0	1.23328	0	1.81574	0	1.13049	0	1.09571	0	1.45485	0	1.49973	0	1.41732	0	1.75748	0	0.993212	0	1.53132	0	1.47345	0	1.46546	0	1.4444	0	1.18503	0	1.44871	0
1.59107	0	1.32774	0	1.21025	0	1.11552	0	1.42934	0	1.31595	0	1.08789	0	1.60679	0	1.35802	0	1.39751	0	1.23328	0	1.81574	0	1.13049	0	1.09571	0	1.45485	0	1.49973	0	1.41732	0	1.75748	0	0.993212	0	1.53132	0	1.47327	0	1.46546	0	1.4444	0	1.18503	0	1.44871	0
1.59107	0	1.32774	0	1.21025	0	1.11552	0	1.42933	0	1.31595	0	1.08789	0	1.60679	0	1.35802	0	1.39751	0	1.23328	0	1.81574	0	1.13049	0	1.09571	0	1.45485	0	1.49973	0	1.41732	0	1.75748	0	0.993212	0	1.53132	0	1.47319	0	1.46546	0	1.4444	0	1.18503	0	1.44871	0
1.59107	0	1.32774	0	1.21025	0	1.11552	0	1.42933	0	1.31595	0	1.08789	0	1.60679	0	1.35802	0	1.39751	0	1.23328	0	1.81574	0	1.13049	0	1.09571	0	1.45485	0	1.49973	0	1.41732	0	1.75748	0	0.993212	0	1.53132	0	1.47309	0	1.46546	0	1.4444	0	1.18503	0	1.44871	0
1.59107	0	1.32774	0	1.21025	0	1.11552	0	1.42933	0	1.31595	0	1.08789	0	1.60679	0	1.35802	0	1.39751	0	1.23328	0	1.81574	0	1.13049	0	1.09571	0	1.45485	0	1.49973	0	1.41732	0	1.75748	0	0.993212	0	1.53132	0	1.47302	0	1.46546	0	1.4444	0	1.18503	0	1.44871	0
1.59107	0	1.32774	0	1.21025	0	1.11552	0	1.42932	0	1.31595	0	1.08789	0	1.60679	0	1.35802	0	1.39751	0	1.23328	0	1.81574	0	1.13049	0	1.09571	0	1.45485	0	1.49973	0	1.41732	0	1.75748	0	0.993212	0	1.53132	0	1.47299	0	1.46546	0	1.4444	0	1.18503	0	1.44871	0
1.59107	0	1.32774	0	1.21025	0	1.11552	0	1.42932	0	1.31595	0	1.08789	0	1.60679	0	1.35802	0	1.39751	0	1.23328	0	1.81574	0	1.13049	0	1.09571	0	1.45485	0	1.49973	0	1.41732	0	1.75748	0	0.993212	0	1.53132	0	1.47298	0	1.46546	0	1.4444	0	1.18503	0	1.44871	0
1.59107	0	1.32774	0	1.21025	0	1.11552	0	1.42932	0	1.31595	0	1.08789	0	1.60679	0	1.35802	0	1.39751	0	1.23328	0	1.81574	0	1.13049	0	1.09571	0	1.45485	0	1.49973	0	1.41732	0	1.75748	0	0.993212	0	1.53132	0	1.47292	0	1.46546	0	1.4444	0	1.18503	0	1.44871	0
1.59107	0	1.32774	0	1.21025	0	1.11552	0	1.42932	0	1.31595	0	1.08789	0	1.60679	0	1.35802	0	1.39751	0	1.23328	0	1.81574	0	1.13049	0	1.09571	0	1.45485	0	1.49973	0	1.41732	0	1.75748	0	0.993212	0	1.53132	0	1.47288	0	1.46546	0	1.4444	0	1.18503	0	1.44871	0
1.59107	0	1.32758	0	1.21025	0	1.11552	0	1.42932	0	1.31248	0	1.08789	0	1.60679	0	1.35194	0	1.3971	0	1.23328	0	1.81419	0	1.13049	0	1.09442	0	1.45485	0	1.49973	0	1.41732	0	1.75748	0	0.993212	0	1.53132	0	1.47286	0	1.46546	0	1.4444	0	1.18503	0	1.44871	0
1.59107	0	1.32535	0	1.21025	0	1.10076	0	1.42932	0	1.3076	0	1.0864	0	1.60679	0	1.30514	0	1.397	0	1.23328	0	1.80468	0	1.13049	0	1.09413	0	1.45485	0	1.49973	0	1.41732	0	1.75748	0	0.993212	0	1.53132	0	1.47283	0	1.46546	0	1.4444	0	1.18503	0	1.44115	0
1.59107	0	1.32534	0	1.21025	0	1.10016	0	1.42931	0	1.30625	0	1.08625	0	1.60679	0	1.2979	0	1.39655	0	1.23328	0	1.79304	0	1.13049	0	1.09407	0	1.45485	0	1.49973	0	1.41732	0	1.75748	0	0.993212	0	1.53132	0	1.47279	0	1.46546	0	1.4444	0	1.18503	0	1.44115	0
1.59107	0	1.32534	0	1.21025	0	1.10007	0	1.42931	0	1.30483	0	1.08624	0	1.60679	0	1.2966	0	1.39648	0	1.23328	0	1.79214	0	1.13049	0	1.09407	0	1.45485	0	1.49973	0	1.41732	0	1.75748	0	0.993212	0	1.53132	0	1.47278	0	1.46546	0	1.4444	0	1.18503	0	1.44115	0
1.59107	0	1.32534	0	1.21025	0	1.10007	0	1.42931	0	1.30431	0	1.08624	0	1.60679	0	1.29646	0	1.39646	0	1.23328	0	1.78961	0	1.13049	0	1.10166	0	1.45485	0	1.49973	0	1.41732	0	1.75748	0	0.993212	0	1.53132	0	1.47275	0	1.46546	0	1.4444	0	1.18503	0	1.47631	0
1.59107	0	1.3595	0	1.21025	0	1.10006	0	1.4293	0	1.30355	0	1.08624	0	1.60679	0	1.29646	0	1.39646	0	1.23328	0	1.78948	0	1.13049	0	1.10166	0	1.45485	0	1.49973	0	1.41732	0	1.75748	0	0.993212	0	1.53132	0	1.47275	0	1.46546	0	1.44439	0	1.18503	0	1.47631	0
1.59107	0	1.3595	0	1.21025	0	1.10006	0	1.4293	0	1.30332	0	1.08624	0	1.60679	0	1.39083	0	1.39762	0	1.23328	0	1.78719	0	1.13049	0	1.10166	0	1.45485	0	1.49973	0	1.41732	0	1.75748	0	0.993212	0	1.53132	0	1.47274	0	1.46546	0	1.44439	0	1.18503	0	1.47631	0
1.59107	0	1.3595	0	1.21025	0	1.13069	0	1.4293	0	1.30314	0	1.08624	0	1.60679	0	1.39083	0	1.39762	0	1.23328	0	1.78697	0	1.13049	0	1.10166	0	1.45485	0	1.49973	0	1.41732	0	1.75748	0	0.993212	0	1.53132	0	1.47273	0	1.46546	0	1.44439	0	1.18503	0	1.47631	0
1.59107	0	1.3595	0	1.21025	0	1.13069	0	1.4293	0	1.30308	0	1.08624	0	1.60679	0	1.39083	0	1.39762	0	1.23328	0	1.78678	0	1.13049	0	1.10166	0	1.45485	0	1.49973	0	1.41732	0	1.75748	0	0.993212	0	1.53132	0	1.47271	0	1.46546	0	1.44439	0	1.18503	0	1.47631	0
1.59107	0	1.3595	0	1.21025	0	1.13069	0	1.4293	0	1.30306	0	1.08624	0	1.60679	0	1.39083	0	1.39762	0	1.23328	0	1.78663	0	1.13049	0	1.10166	0	1.45485	0	1.49973	0	1.41732	0	1.75748	0	0.993212	0	1.53132	0	1.4727	0	1.46546	0	1.44439	0	1.18503	0	1.47631	0
1.59107	0	1.3595	0	1.21025	0	1.13069	0	1.4293	0	1.30306	0	1.08624	0	1.60679	0	1.39082	0	1.39762	0	1.23328	0	1.7866	0	1.13049	0	1.10166	0	1.45485	0	1.49973	0	1.41732	0	1.75748	0	0.993212	0	1.53132	0	1.47269	0	1.46546	0	1.44439	0	1.18503	0	1.47631	0
1.59107	0	1.3595	0	1.21025	0	1.13069	0	1.4293	0	1.30306	0	1.08624	0	1.60679	0	1.39083	0	1.39762	0	1.23328	0	1.7866	0	1.13049	0	1.10166	0	1.45485	0	1.49973	0	1.41732	0	1.75748	0	0.993212	0	1.53132	0	1.47266	0	1.46546	0	1.44439	0	1.18503	0	1.47631	0
1.59107	0	1.3595	0	1.21025	0	1.13069	0	1.4293	0	1.30306	0	1.08624	0	1.60679	0	1.39083	0	1.39762	0	1.23328	0	1.78632	0	1.13049	0	1.10166	0	1.45485	0	1.49973	0	1.41732	0	1.75748	0	0.993212	0	1.53132	0	1.47264	0	1.46546	0	1.44439	0	1.18503	0	1.47631	0
1.59107	0	1.3595	0	1.21025	0	1.13069	0	1.4293	0	1.30306	0	1.08624	0	1.60679	0	1.39083	0	1.39762	0	1.23328	0	1.78606	0	1.13049	0	1.10166	0	1.45485	0	1.49973	0	1.41732	0	1.75748	0	0.993212	0	1.53132	0	1.47263	0	1.46546	0	1.44439	0	1.18503	0	1.47631	0
1.59107	0	1.3595	0	1.21025	0	1.13069	0	1.4293	0	1.30305	0	1.08624	0	1.60679	0	1.39083	0	1.39762	0	1.23328	0	1.78596	0	1.13049	0	1.10166	0	1.45485	0	1.49973	0	1.41732	0	1.75748	0	0.993212	0	1.53132	0	1.47262	0	1.46546	0	1.44439	0	1.18503	0	1.47631	0
1.59107	0	1.3595	0	1.21025	0	1.13069	0	1.4293	0	1.30305	0	1.08624	0	1.60679	0	1.39083	0	1.39762	0	1.23328	0	1.78566	0	1.13049	0	1.10166	0	1.45485	0	1.49973	0	1.41732	0	1.75748	0	0.993212	0	1.53132	0	1.47261	0	1.46546	0	1.44439	0	1.18503	0	1.47631	0
1.59107	0	1.3595	0	1.21025	0	1.13069	0	1.42929	0	1.30305	0	1.08624	0	1.60679	0	1.39083	0	1.39762	0	1.23328	0	1.78548	0	1.13049	0	1.10166	0	1.45485	0	1.49973	0	1.41732	0	1.75748	0	0.993212	0	1.53132	0	1.47261	0	1.46546	0	1.44438	0	1.18503	0	1.47631	0
1.59107	0	1.3595	0	1.21025	0	1.13069	0	1.42929	0	1.30305	0	1.08624	0	1.60679	0	1.39083	0	1.39392	0	1.23328	0	1.7854	0	1.13049	0	1.10166	0	1.45485	0	1.49973	0	1.41732	0	1.75748	0	0.993212	0	1.53132	0	1.4726	0	1.46546	0	1.44438	0	1.18503	0	1.47631	0
1.59107	0	1.3595	0	1.21025	0	1.13069	0	1.42929	0	1.30304	0	1.08624	0	1.60679	0	1.39083	0	1.39392	0	1.23328	0	1.78528	0	1.13049	0	1.10166	0	1.45485	0	1.49973	0	1.41732	0	1.75748	0	0.993212	0	1.53132	0	1.47259	0	1.46546	0	1.44438	0	1.18503	0	1.47631	0
1.59107	0	1.3595	0	1.21025	0	1.13069	0	1.42929	0	1.30304	0	1.08624	0	1.60679	0	1.39083	0	1.39392	0	1.23328	0	1.78522	0	1.13049	0	1.10166	0	1.45485	0	1.49973	0	1.41732	0	1.75748	0	0.993212	0	1.53132	0	1.47256	0	1.46546	0	1.44438	0	1.18503	0	1.47631	0
1.59107	0	1.3595	0	1.21025	0	1.13069	0	1.42929	0	1.30304	0	1.08624	0	1.60679	0	1.39083	0	1.39392	0	1.23328	0	1.78513	0	1.13049	0	1.10166	0	1.45485	0	1.49973	0	1.41732	0	1.75748	0	0.993212	0	1.53132	0	1.47254	0	1.46546	0	1.44438	0	1.18503	0	1.47631	0
1.59107	0	1.3595	0	1.21025	0	1.13069	0	1.42929	0	1.30303	0	1.08624	0	1.60679	0	1.39083	0	1.39392	0	1.23328	0	1.78511	0	1.13049	0	1.10166	0	1.45485	0	1.49973	0	1.41732	0	1.75748	0	0.993212	0	1.53132	0	1.47253	0	1.46546	0	1.44438	0	1.18503	0	1.47631	0
1.59107	0	1.3595	0	1.21025	0	1.13069	0	1.42929	0	1.30303	0	1.08624	0	1.60679	0	1.39083	0	1.39392	0	1.23328	0	1.78511	0	1.13049	0	1.10166	0	1.45485	0	1.49973	0	1.41732	0	1.75748	0	0.993212	0	1.53132	0	1.47251	0	1.46546	0	1.44438	0	1.18503	0	1.47631	0
1.59107	0	1.3595	0	1.21025	0	1.13069	0	1.42929	0	1.30303	0	1.08624	0	1.60679	0	1.39083	0	1.39392	0	1.23328	0	1.78511	0	1.13049	0	1.10166	0	1.45485	0	1.49973	0	1.41732	0	1.75748	0	0.993212	0	1.53132	0	1.47249	0	1.46546	0	1.44438	0	1.18503	0	1.47631	0
1.59107	0	1.3595	0	1.21025	0	1.13069	0	1.42929	0	1.30303	0	1.08624	0	1.60679	0	1.39083	0	1.39392	0	1.23328	0	1.78511	0	1.13049	0	1.10166	0	1.45485	0	1.49973	0	1.41732	0	1.75748	0	0.993212	0	1.53132	0	1.47248	0	1.46546	0	1.44438	0	1.18503	0	1.47631	0
1.59107	0	1.3595	0	1.21025	0	1.13069	0	1.42929	0	1.30303	0	1.08624	0	1.60679	0	1.39083	0	1.39392	0	1.23328	0	1.78508	0	1.13049	0	1.10166	0	1.45485	0	1.49973	0	1.41732	0	1.75748	0	0.993212	0	1.53132	0	1.47247	0	1.46546	0	1.44438	0	1.18503	0	1.47631	0
1.59107	0	1.3595	0	1.21025	0	1.13069	0	1.42929	0	1.30303	0	1.08624	0	1.60679	0	1.39083	0	1.39392	0	1.23328	0	1.78503	0	1.13049	0	1.10166	0	1.45485	0	1.49973	0	1.41732	0	1.75748	0	0.993212	0	1.53132	0	1.47246	0	1.46546	0	1.44438	0	1.18503	0	1.47631	0
1.59107	0	1.3595	0	1.21025	0	1.13069	0	1.42928	0	1.30303	0	1.08624	0	1.60679	0	1.39083	0	1.39392	0	1.23328	0	1.78498	0	1.13049	0	1.10166	0	1.45485	0	1.49973	0	1.41732	0	1.75748	0	0.993212	0	1.53132	0	1.47246	0	1.46546	0	1.44438	0	1.18503	0	1.47631	0
1.59107	0	1.3595	0	1.21025	0	1.13069	0	1.42928	0	1.30303	0	1.08624	0	1.60679	0	1.39083	0	1.39392	0	1.23328	0	1.78494	0	1.13049	0	1.10166	0	1.45485	0	1.49973	0	1.41732	0	1.75748	0	0.993212	0	1.53132	0	1.47245	0	1.46546	0	1.44438	0	1.18503	0	1.47631	0
1.59107	0	1.3595	0	1.21025	0	1.13069	0	1.42928	0	1.30303	0	1.08624	0	1.60679	0	1.39083	0	1.39392	0	1.23328	0	1.78483	0	1.13049	0	1.10166	0	1.45485	0	1.49973	0	1.41732	0	1.75748	0	0.993212	0	1.53132	0	1.47244	0	1.46546	0	1.44438	0	1.18503	0	1.47631	0
1.59107	0	1.3595	0	1.21025	0	1.13069	0	1.42928	0	1.30303	0	1.08624	0	1.60679	0	1.39083	0	1.39392	0	1.23328	0	1.78439	0	1.13049	0	1.10166	0	1.45485	0	1.49973	0	1.41732	0	1.75748	0	0.993212	0	1.53132	0	1.47243	0	1.46546	0	1.44438	0	1.18503	0	1.47631	0
1.59107	0	1.3595	0	1.21025	0	1.13069	0	1.42927	0	1.30303	0	1.08624	0	1.60679	0	1.39083	0	1.39392	0	1.23328	0	1.78423	0	1.13049	0	1.10166	0	1.45485	0	1.49973	0	1.41732	0	1.75748	0	0.993212	0	1.53132	0	1.47242	0	1.46546	0	1.44438	0	1.18503	0	1.47631	0
1.59107	0	1.3595	0	1.21025	0	1.13069	0	1.42927	0	1.30303	0	1.08624	0	1.60679	0	1.39083	0	1.39392	0	1.23328	0	1.78392	0	1.13049	0	1.10166	0	1.45485	0	1.49973	0	1.41732	0	1.75748	0	0.993212	0	1.53132	0	1.47241	0	1.46546	0	1.44438	0	1.18503	0	1.47631	0
1.59107	0	1.3595	0	1.21025	0	1.13069	0	1.42927	0	1.30303	0	1.08624	0	1.60679	0	1.39083	0	1.39392	0	1.23328	0	1.7831	0	1.13049	0	1.10166	0	1.45485	0	1.49973	0	1.41732	0	1.75748	0	0.993212	0	1.53132	0	1.47241	0	1.46546	0	1.44438	0	1.18503	0	1.47631	0
1.59107	0	1.3595	0	1.21025	0	1.13069	0	1.42927	0	1.30303	0	1.08624	0	1.60679	0	1.39083	0	1.39392	0	1.23328	0	1.7827	0	1.13049	0	1.10166	0	1.45485	0	1.49973	0	1.41732	0	1.75748	0	0.993212	0	1.53132	0	1.4724	0	1.46546	0	1.44438	0	1.18503	0	1.47631	0
1.59107	0	1.3595	0	1.21025	0	1.13069	0	1.42926	0	1.30303	0	1.08624	0	1.60679	0	1.39083	0	1.39392	0	1.23328	0	1.78189	0	1.13049	0	1.10166	0	1.45485	0	1.49973	0	1.41732	0	1.75748	0	0.993212	0	1.53132	0	1.4724	0	1.46546	0	1.44438	0	1.18503	0	1.47631	0
1.59107	0	1.3595	0	1.21025	0	1.13069	0	1.42926	0	1.30303	0	1.08624	0	1.60679	0	1.39083	0	1.39392	0	1.23328	0	1.78156	0	1.13049	0	1.10166	0	1.45485	0	1.49973	0	1.41732	0	1.75748	0	0.993212	0	1.53132	0	1.4724	0	1.46546	0	1.44438	0	1.18503	0	1.47631	0
1.59107	0	1.3595	0	1.21025	0	1.13069	0	1.42926	0	1.30303	0	1.08624	0	1.60679	0	1.39083	0	1.39392	0	1.23328	0	1.78139	0	1.13049	0	1.10166	0	1.45485	0	1.49973	0	1.41732	0	1.75748	0	0.993212	0	1.53132	0	1.47239	0	1.46546	0	1.44438	0	1.18503	0	1.47631	0
1.59107	0	1.3595	0	1.21025	0	1.13069	0	1.42926	0	1.30303	0	1.08624	0	1.60679	0	1.39083	0	1.39392	0	1.23328	0	1.78121	0	1.13049	0	1.10166	0	1.45485	0	1.49973	0	1.41732	0	1.75748	0	0.993014	0	1.53132	0	1.47239	0	1.46546	0	1.44438	0	1.18503	0	1.47631	0
1.59107	0	1.3595	0	1.21025	0	1.13069	0	1.42926	0	1.30303	0	1.08624	0	1.60679	0	1.39083	0	1.39392	0	1.23328	0	1.7811	0	1.13049	0	1.10166	0	1.45485	0	1.49973	0	1.41732	0	1.75748	0	0.992819	0	1.53132	0	1.47238	0	1.46546	0	1.44438	0	1.18503	0	1.47631	0
1.59107	0	1.3595	0	1.21025	0	1.13069	0	1.42926	0	1.30303	0	1.08624	0	1.60679	0	1.39083	0	1.39392	0	1.23328	0	1.78087	0	1.13049	0	1.10166	0	1.45485	0	1.49973	0	1.41732	0	1.75748	0	0.992599	0	1.53132	0	1.47238	0	1.46546	0	1.44438	0	1.18503	0	1.47631	0
1.59107	0	1.3595	0	1.21025	0	1.13069	0	1.42926	0	1.30303	0	1.08624	0	1.60679	0	1.39083	0	1.39392	0	1.23328	0	1.78081	0	1.13049	0	1.10166	0	1.45485	0	1.49973	0	1.41732	0	1.75748	0	0.992485	0	1.53132	0	1.47238	0	1.46546	0	1.44438	0	1.18503	0	1.47631	0
1.59107	0	1.3595	0	1.21025	0	1.13069	0	1.42926	0	1.30303	0	1.08624	0	1.60679	0	1.39083	0	1.39392	0	1.23328	0	1.78076	0	1.13049	0	1.10166	0	1.45485	0	1.49973	0	1.41732	0	1.75748	0	0.992385	0	1.53132	0	1.47238	0	1.46546	0	1.44438	0	1.18503	0	1.47631	0
1.59107	0	1.3595	0	1.21025	0	1.13069	0	1.42926	0	1.30303	0	1.08624	0	1.60679	0	1.39083	0	1.39392	0	1.23328	0	1.78056	0	1.13049	0	1.10166	0	1.45485	0	1.49973	0	1.41732	0	1.75748	0	0.992255	0	1.53132	0	1.47238	0	1.46546	0	1.44438	0	1.18503	0	1.47631	0
1.59107	0	1.3595	0	1.21025	0	1.13069	0	1.42926	0	1.30303	0	1.08624	0	1.60679	0	1.39083	0	1.39392	0	1.23328	0	1.78047	0	1.13049	0	1.10166	0	1.45485	0	1.49973	0	1.41732	0	1.75748	0	0.992188	0	1.53132	0	1.47238	0	1.46546	0	1.44438	0	1.18503	0	1.47631	0
1.59107	0	1.3595	0	1.21025	0	1.13069	0	1.42926	0	1.30303	0	1.08624	0	1.60679	0	1.39083	0	1.39392	0	1.23328	0	1.78035	0	1.13049	0	1.10166	0	1.45485	0	1.49973	0	1.41732	0	1.75748	0	0.992063	0	1.53132	0	1.47238	0	1.46546	0	1.44438	0	1.18503	0	1.47631	0
1.59107	0	1.3595	0	1.21025	0	1.13069	0	1.42926	0	1.30303	0	1.08624	0	1.60679	0	1.39083	0	1.39392	0	1.23328	0	1.78029	0	1.13049	0	1.10166	0	1.45485	0	1.49973	0	1.41732	0	1.75748	0	0.991939	0	1.53132	0	1.47237	0	1.46546	0	1.44438	0	1.18503	0	1.47631	0
1.59107	0	1.3595	0	1.21025	0	1.13069	0	1.42926	0	1.30303	0	1.08624	0	1.60679	0	1.39083	0	1.39392	0	1.23328	0	1.78018	0	1.13049	0	1.10166	0	1.45485	0	1.49973	0	1.41732	0	1.75748	0	0.991838	0	1.53132	0	1.47237	0	1.46546	0	1.44438	0	1.18503	0	1.47631	0
1.59107	0	1.3595	0	1.21025	0	1.13069	0	1.42926	0	1.30303	0	1.08624	0	1.60679	0	1.39083	0	1.39392	0	1.23328	0	1.7801	0	1.13049	0	1.10166	0	1.45485	0	1.49973	0	1.41732	0	1.75748	0	0.99179	0	1.53132	0	1.47237	0	1.46546	0	1.44438	0	1.18503	0	1.47631	0
1.59107	0	1.3595	0	1.21025	0	1.13069	0	1.42926	0	1.30303	0	1.08624	0	1.60679	0	1.39083	0	1.39392	0	1.23328	0	1.78003	0	1.13049	0	1.10166	0	1.45485	0	1.49973	0	1.41732	0	1.75748	0	0.991525	0	1.53132	0	1.47236	0	1.46546	0	1.44438	0	1.18503	0	1.47631	0
1.59107	0	1.3595	0	1.21025	0	1.13069	0	1.42926	0	1.30303	0	1.08624	0	1.60679	0	1.39083	0	1.39392	0	1.23328	0	1.77994	0	1.13049	0	1.10166	0	1.45485	0	1.49973	0	1.41732	0	1.75748	0	0.991197	0	1.53132	0	1.47236	0	1.46546	0	1.44438	0	1.16916	0	1.47631	0
1.59107	0	1.3595	0	1.21025	0	1.13069	0	1.42925	0	1.30303	0	1.08624	0	1.60679	0	1.39083	0	1.39392	0	1.23328	0	1.77989	0	1.13049	0	1.10166	0	1.45485	0	1.49973	0	1.41732	0	1.75748	0	0.991059	0	1.53132	0	1.47236	0	1.46546	0	1.44438	0	1.1585	0	1.47631	0
1.59107	0	1.3595	0	1.21025	0	1.13069	0	1.42925	0	1.30303	0	1.08624	0	1.60679	0	1.39083	0	1.39392	0	1.23328	0	1.77983	0	1.13049	0	1.10166	0	1.45485	0	1.49973	0	1.41732	0	1.75748	0	0.991051	0	1.53132	0	1.47236	0	1.46546	0	1.44438	0	1.15846	0	1.47631	0
1.59107	0	1.3595	0	1.21025	0	1.13069	0	1.42925	0	1.30303	0	1.08624	0	1.60679	0	1.39083	0	1.39392	0	1.23328	0	1.77976	0	1.13049	0	1.10166	0	1.45485	0	1.49973	0	1.41732	0	1.75748	0	0.99105	0	1.53132	0	1.47236	0	1.46546	0	1.44438	0	1.15844	0	1.47631	0
1.59107	0	1.3595	0	1.21025	0	1.13069	0	1.42925	0	1.30303	0	1.08624	0	1.60679	0	1.39083	0	1.39392	0	1.23328	0	1.77968	0	1.13049	0	1.10166	0	1.45485	0	1.49973	0	1.41732	0	1.75748	0	0.991048	0	1.53132	0	1.47236	0	1.46546	0	1.44438	0	1.15782	0	1.47631	0
1.59107	0	1.3595	0	1.21025	0	1.13069	0	1.42925	0	1.30303	0	1.08624	0	1.60679	0	1.39083	0	1.39392	0	1.23328	0	1.77962	0	1.13049	0	1.10166	0	1.45485	0	1.49973	0	1.41732	0	1.75748	0	0.991048	0	1.53132	0	1.47235	0	1.46546	0	1.44438	0	1.15769	0	1.47631	0
1.59107	0	1.3595	0	1.21025	0	1.13069	0	1.42925	0	1.30303	0	1.08624	0	1.60679	0	1.39083	0	1.39392	0	1.23328	0	1.77952	0	1.13049	0	1.10166	0	1.45485	0	1.49973	0	1.41732	0	1.75748	0	0.991048	0	1.53132	0	1.47235	0	1.46546	0	1.44438	0	1.15768	0	1.47631	0
1.59107	0	1.3595	0	1.21025	0	1.13069	0	1.42925	0	1.30303	0	1.08624	0	1.60679	0	1.39083	0	1.39392	0	1.23328	0	1.77942	0	1.13049	0	1.10166	0	1.45485	0	1.49973	0	1.41732	0	1.75748	0	0.991048	0	1.53132	0	1.47235	0	1.46546	0	1.44438	0	1.15768	0	1.47631	0
1.59107	0	1.3595	0	1.21025	0	1.13069	0	1.42925	0	1.30303	0	1.08624	0	1.60679	0	1.39083	0	1.39392	0	1.23328	0	1.7793	0	1.13049	0	1.10166	0	1.45485	0	1.49973	0	1.41732	0	1.75748	0	0.991048	0	1.53132	0	1.47235	0	1.46546	0	1.44438	0	1.15768	0	1.47631	0
1.59107	0	1.3595	0	1.21025	0	1.13069	0	1.42925	0	1.30303	0	1.08624	0	1.60679	0	1.39083	0	1.39392	0	1.23328	0	1.77921	0	1.13049	0	1.10166	0	1.45485	0	1.49973	0	1.41732	0	1.75748	0	0.991048	0	1.53132	0	1.47235	0	1.46546	0	1.44438	0	1.15768	0	1.47631	0
1.59107	0	1.3595	0	1.21025	0	1.13069	0	1.42924	0	1.30303	0	1.08624	0	1.60679	0	1.39083	0	1.39392	0	1.23328	0	1.77902	0	1.13049	0	1.10166	0	1.45485	0	1.49973	0	1.41732	0	1.75748	0	0.991047	0	1.53132	0	1.47235	0	1.46546	0	1.44438	0	1.15768	0	1.47631	0
1.59107	0	1.3595	0	1.21025	0	1.13069	0	1.42924	0	1.30303	0	1.08624	0	1.60679	0	1.39083	0	1.39392	0	1.23328	0	1.77858	0	1.13049	0	1.10166	0	1.45485	0	1.49973	0	1.41732	0	1.75748	0	0.99092	0	1.53132	0	1.47235	0	1.46546	0	1.44438	0	1.15768	0	1.47631	0
1.59107	0	1.3595	0	1.21025	0	1.13069	0	1.42924	0	1.30303	0	1.08624	0	1.60679	0	1.39083	0	1.39392	0	1.23328	0	1.77791	0	1.13049	0	1.10166	0	1.45485	0	1.49973	0	1.41732	0	1.75748	0	0.990706	0	1.53132	0	1.47235	0	1.46546	0	1.44438	0	1.15768	0	1.47631	0
1.59107	0	1.3595	0	1.21025	0	1.13069	0	1.42924	0	1.30303	0	1.08624	0	1.60679	0	1.39083	0	1.39392	0	1.23328	0	1.77728	0	1.13049	0	1.10166	0	1.45485	0	1.49973	0	1.41732	0	1.75748	0	0.990469	0	1.53132	0	1.47235	0	1.46546	0	1.44438	0	1.15768	0	1.47631	0
1.59107	0	1.3595	0	1.21025	0	1.13069	0	1.42924	0	1.30303	0	1.08624	0	1.60679	0	1.39083	0	1.39392	0	1.23328	0	1.77667	0	1.13049	0	1.10166	0	1.45485	0	1.49973	0	1.41732	0	1.75748	0	0.990392	0	1.53132	0	1.47235	0	1.46546	0	1.44438	0	1.15768	0	1.47631	0
1.59107	0	1.3595	0	1.21025	0	1.13069	0	1.42923	0	1.30303	0	1.08624	0	1.60679	0	1.39083	0	1.39392	0	1.23328	0	1.7764	0	1.13049	0	1.10166	0	1.45485	0	1.49973	0	1.41732	0	1.75748	0	0.990383	0	1.53132	0	1.47235	0	1.46546	0	1.44438	0	1.15768	0	1.47631	0
1.59107	0	1.3595	0	1.21025	0	1.13069	0	1.42923	0	1.30303	0	1.08624	0	1.60679	0	1.39083	0	1.39392	0	1.23328	0	1.77617	0	1.13049	0	1.10166	0	1.45485	0	1.49973	0	1.41732	0	1.75748	0	0.990376	0	1.53132	0	1.47235	0	1.46546	0	1.44438	0	1.15768	0	1.47631	0
1.59107	0	1.3595	0	1.21025	0	1.13069	0	1.42923	0	1.30303	0	1.08624	0	1.60679	0	1.39083	0	1.39392	0	1.23328	0	1.77584	0	1.13049	0	1.10166	0	1.45485	0	1.49973	0	1.41732	0	1.75748	0	0.990368	0	1.53132	0	1.47235	0	1.46546	0	1.44438	0	1.15768	0	1.47631	0
1.59107	0	1.3595	0	1.21025	0	1.13069	0	1.42923	0	1.30303	0	1.08624	0	1.60679	0	1.39083	0	1.39392	0	1.23328	0	1.77529	0	1.13049	0	1.10166	0	1.45485	0	1.49973	0	1.41732	0	1.75748	0	0.990361	0	1.53132	0	1.47235	0	1.46546	0	1.44438	0	1.15768	0	1.47631	0
1.59107	0	1.3595	0	1.21025	0	1.13069	0	1.42923	0	1.30303	0	1.08624	0	1.60679	0	1.39083	0	1.39392	0	1.23328	0	1.77496	0	1.13049	0	1.10166	0	1.45485	0	1.49973	0	1.41732	0	1.75748	0	0.990351	0	1.53132	0	1.47235	0	1.46546	0	1.44438	0	1.15768	0	1.47631	0
1.55724	0	1.3595	0	1.21025	0	1.13069	0	1.42923	0	1.30303	0	1.08624	0	1.60679	0	1.39083	0	1.39392	0	1.23328	0	1.77468	0	1.13049	0	1.10166	0	1.45485	0	1.49973	0	1.41732	0	1.75748	0	0.990302	0	1.53132	0	1.47235	0	1.46546	0	1.44438	0	1.15768	0	1.47631	0
1.55679	0	1.3595	0	1.21025	0	1.13069	0	1.42923	0	1.30303	0	1.08624	0	1.60679	0	1.39083	0	1.39392	0	1.23328	0	1.77447	0	1.13049	0	1.10166	0	1.45485	0	1.49973	0	1.41732	0	1.75748	0	0.990207	0	1.53132	0	1.47235	0	1.46546	0	1.44438	0	1.15613	0	1.47631	0
1.55662	0	1.3595	0	1.21025	0	1.13069	0	1.42923	0	1.30303	0	1.08624	0	1.60679	0	1.39083	0	1.39392	0	1.23328	0	1.77427	0	1.13049	0	1.10166	0	1.45485	0	1.49973	0	1.41732	0	1.75748	0	0.990157	0	1.53132	0	1.47235	0	1.46546	0	1.44438	0	1.15606	0	1.47631	0
1.55661	0	1.3595	0	1.21025	0	1.1213	0	1.42923	0	1.30303	0	1.08624	0	1.60679	0	1.39083	0	1.39392	0	1.23328	0	1.77402	0	1.13049	0	1.10166	0	1.45485	0	1.49973	0	1.41732	0	1.75748	0	0.990118	0	1.53132	0	1.47235	0	1.46546	0	1.44438	0	1.15556	0	1.47631	0
1.55661	0	1.3595	0	1.21025	0	1.1213	0	1.42923	0	1.30303	0	1.08624	0	1.60679	0	1.39083	0	1.39392	0	1.23328	0	1.77377	0	1.13049	0	1.10166	0	1.45485	0	1.49973	0	1.41732	0	1.75748	0	0.990096	0	1.53132	0	1.47235	0	1.46546	0	1.44438	0	1.15554	0	1.47631	0
1.56928	0	1.3595	0	1.21025	0	1.1213	0	1.42923	0	1.30303	0	1.08624	0	1.60679	0	1.39083	0	1.39392	0	1.23328	0	1.77335	0	1.13049	0	1.10166	0	1.45485	0	1.49973	0	1.41732	0	1.75748	0	0.990085	0	1.53132	0	1.47235	0	1.46546	0	1.44438	0	1.15451	0	1.47631	0
1.55689	0	1.3595	0	1.21025	0	1.1213	0	1.42923	0	1.30303	0	1.08624	0	1.60679	0	1.39083	0	1.39392	0	1.23328	0	1.77307	0	1.13049	0	1.10166	0	1.45485	0	1.49973	0	1.41732	0	1.75748	0	0.99006	0	1.53132	0	1.47235	0	1.46546	0	1.44438	0	1.15298	0	1.47631	0
1.55667	0	1.3595	0	1.21025	0	1.1213	0	1.42923	0	1.30303	0	1.08624	0	1.60679	0	1.39083	0	1.39392	0	1.23328	0	1.77286	0	1.13049	0	1.10166	0	1.45485	0	1.49973	0	1.41732	0	1.75748	0	0.990036	0	1.53132	0	1.47235	0	1.46546	0	1.44438	0	1.15281	0	1.47631	0
1.55662	0	1.3595	0	1.21025	0	1.1213	0	1.42923	0	1.30303	0	1.08624	0	1.60679	0	1.39083	0	1.39392	0	1.23328	0	1.77273	0	1.13049	0	1.10166	0	1.45485	0	1.49973	0	1.41732	0	1.75748	0	0.990006	0	1.53132	0	1.47235	0	1.46546	0	1.44438	0	1.15166	0	1.47631	0
1.55661	0	1.3595	0	1.21025	0	1.1213	0	1.42922	0	1.30303	0	1.08624	0	1.60679	0	1.39083	0	1.39392	0	1.23328	0	1.77261	0	1.13049	0	1.10166	0	1.45485	0	1.49973	0	1.41732	0	1.75748	0	0.989964	0	1.53132	0	1.47234	0	1.46546	0	1.44438	0	1.15101	0	1.47631	0
1.59107	0	1.3595	0	1.21025	0	1.11577	0	1.42922	0	1.30303	0	1.08624	0	1.60679	0	1.39083	0	1.39392	0	1.23328	0	1.77242	0	1.13049	0	1.10166	0	1.45485	0	1.49973	0	1.41732	0	1.75748	0	0.989933	0	1.53132	0	1.47234	0	1.46546	0	1.44438	0	1.1507	0	1.47631	0
1.59107	0	1.3595	0	1.21025	0	1.11577	0	1.42922	0	1.30303	0	1.08624	0	1.60679	0	1.39083	0	1.39392	0	1.23328	0	1.7723	0	1.13049	0	1.10166	0	1.45485	0	1.49973	0	1.41732	0	1.75748	0	0.989898	0	1.53132	0	1.47234	0	1.46546	0	1.44438	0	1.15061	0	1.47631	0
1.59107	0	1.3595	0	1.21025	0	1.11577	0	1.42922	0	1.30303	0	1.08624	0	1.60679	0	1.39083	0	1.39392	0	1.23328	0	1.77218	0	1.13049	0	1.10166	0	1.45485	0	1.49973	0	1.41732	0	1.75748	0	0.989888	0	1.53132	0	1.47234	0	1.46546	0	1.44438	0	1.15058	0	1.47631	0
1.59107	0	1.3595	0	1.21025	0	1.11577	0	1.42922	0	1.30303	0	1.08624	0	1.60679	0	1.39083	0	1.39392	0	1.23328	0	1.77197	0	1.13049	0	1.10166	0	1.45485	0	1.49973	0	1.41732	0	1.75748	0	0.989878	0	1.53132	0	1.47234	0	1.46546	0	1.44438	0	1.15057	0	1.47631	0
1.59107	0	1.3595	0	1.21025	0	1.11577	0	1.42922	0	1.30303	0	1.08624	0	1.60679	0	1.39083	0	1.39392	0	1.23328	0	1.77182	0	1.13049	0	1.10166	0	1.45485	0	1.49973	0	1.41732	0	1.75748	0	0.989869	0	1.53132	0	1.47234	0	1.46546	0	1.44438	0	1.15057	0	1.47631	0
1.59107	0	1.3595	0	1.21025	0	1.11577	0	1.42922	0	1.30303	0	1.08624	0	1.60679	0	1.39083	0	1.39392	0	1.23328	0	1.77175	0	1.13049	0	1.10166	0	1.45485	0	1.49973	0	1.41732	0	1.75748	0	0.989857	0	1.53132	0	1.47234	0	1.46546	0	1.44438	0	1.15057	0	1.47631	0
1.59107	0	1.3595	0	1.21025	0	1.11577	0	1.42922	0	1.30303	0	1.08624	0	1.60679	0	1.39083	0	1.39392	0	1.23328	0	1.7717	0	1.13049	0	1.10166	0	1.45485	0	1.49973	0	1.41732	0	1.75748	0	0.989846	0	1.53132	0	1.47234	0	1.46546	0	1.44438	0	1.15057	0	1.47631	0
1.59107	0	1.3595	0	1.21025	0	1.11577	0	1.42922	0	1.30303	0	1.08624	0	1.60679	0	1.39083	0	1.39392	0	1.23328	0	1.77166	0	1.13049	0	1.10166	0	1.45485	0	1.49973	0	1.41732	0	1.75748	0	0.989835	0	1.53132	0	1.47234	0	1.46546	0	1.44438	0	1.15057	0	1.47631	0
1.59107	0	1.3595	0	1.21025	0	1.11577	0	1.42922	0	1.30303	0	1.08624	0	1.60679	0	1.39083	0	1.39392	0	1.23328	0	1.77162	0	1.13049	0	1.10166	0	1.45485	0	1.49973	0	1.41732	0	1.75748	0	0.989814	0	1.53132	0	1.47234	0	1.46546	0	1.44438	0	1.15057	0	1.47631	0
1.59107	0	1.3595	0	1.21025	0	1.11577	0	1.42922	0	1.30303	0	1.08624	0	1.60679	0	1.39083	0	1.39392	0	1.23328	0	1.77158	0	1.13049	0	1.10166	0	1.45485	0	1.49973	0	1.41732	0	1.75748	0	0.989806	0	1.53132	0	1.47234	0	1.46546	0	1.44438	0	1.15057	0	1.47631	0
1.59107	0	1.3595	0	1.21025	0	1.11577	0	1.42922	0	1.30303	0	1.08624	0	1.60679	0	1.39083	0	1.39392	0	1.23328	0	1.77154	0	1.13049	0	1.10166	0	1.45485	0	1.49973	0	1.41732	0	1.75748	0	0.989795	0	1.53132	0	1.47234	0	1.46546	0	1.44438	0	1.15057	0	1.47631	0
1.59107	0	1.3595	0	1.21025	0	1.11577	0	1.42922	0	1.30303	0	1.08624	0	1.60679	0	1.39083	0	1.39392	0	1.23328	0	1.77149	0	1.13049	0	1.10166	0	1.45485	0	1.49973	0	1.41732	0	1.75748	0	0.989789	0	1.53132	0	1.47234	0	1.46546	0	1.44438	0	1.15057	0	1.47631	0
1.59107	0	1.3595	0	1.21025	0	1.11577	0	1.42922	0	1.30303	0	1.08624	0	1.60679	0	1.39083	0	1.39392	0	1.23328	0	1.77146	0	1.13049	0	1.10166	0	1.45485	0	1.49973	0	1.41732	0	1.75748	0	0.989782	0	1.53132	0	1.47234	0	1.46546	0	1.44438	0	1.15057	0	1.47631	0
1.59107	0	1.3595	0	1.21025	0	1.11577	0	1.42922	0	1.30303	0	1.08624	0	1.60679	0	1.39083	0	1.39392	0	1.23328	0	1.77143	0	1.13049	0	1.10166	0	1.45485	0	1.49973	0	1.41732	0	1.75748	0	0.989776	0	1.53132	0	1.47234	0	1.46546	0	1.44438	0	1.15057	0	1.47631	0
1.59107	0	1.3595	0	1.21025	0	1.11577	0	1.42922	0	1.30303	0	1.08624	0	1.60679	0	1.39083	0	1.39392	0	1.23328	0	1.77141	0	1.13049	0	1.10166	0	1.45485	0	1.49973	0	1.41732	0	1.75748	0	0.989769	0	1.53132	0	1.47234	0	1.46546	0	1.44438	0	1.15057	0	1.47631	0
1.59107	0	1.3595	0	1.21025	0	1.11577	0	1.42922	0	1.30303	0	1.08624	0	1.60679	0	1.39083	0	1.39392	0	1.23328	0	1.7714	0	1.13049	0	1.10166	0	1.45485	0	1.49973	0	1.41732	0	1.75748	0	0.989764	0	1.53132	0	1.47234	0	1.46546	0	1.44438	0	1.15057	0	1.47631	0
1.59107	0	1.3595	0	1.21025	0	1.11577	0	1.42922	0	1.30303	0	1.08624	0	1.60679	0	1.39083	0	1.39392	0	1.23328	0	1.77138	0	1.13049	0	1.10166	0	1.45485	0	1.49973	0	1.41732	0	1.75748	0	0.989754	0	1.53132	0	1.47234	0	1.46546	0	1.44438	0	1.15057	0	1.47631	0
1.59107	0	1.3595	0	1.21025	0	1.11577	0	1.42922	0	1.30303	0	1.08624	0	1.60679	0	1.39083	0	1.39392	0	1.23328	0	1.77133	0	1.13049	0	1.10166	0	1.45485	0	1.49973	0	1.41732	0	1.75748	0	0.989703	0	1.53132	0	1.47234	0	1.46546	0	1.44438	0	1.15057	0	1.47631	0
1.59107	0	1.3595	0	1.21025	0	1.11577	0	1.42922	0	1.30303	0	1.08624	0	1.60679	0	1.39083	0	1.39392	0	1.23328	0	1.77118	0	1.13049	0	1.10166	0	1.45485	0	1.49973	0	1.41732	0	1.75748	0	0.989607	0	1.53132	0	1.47234	0	1.46546	0	1.44438	0	1.15057	0	1.47631	0
1.59107	0	1.3595	0	1.21025	0	1.11577	0	1.42922	0	1.30303	0	1.08624	0	1.60679	0	1.39083	0	1.39392	0	1.23328	0	1.77098	0	1.13049	0	1.10166	0	1.45485	0	1.49973	0	1.41732	0	1.75748	0	0.989537	0	1.53132	0	1.47234	0	1.46546	0	1.44438	0	1.15057	0	1.47631	0
1.59107	0	1.3595	0	1.21025	0	1.08904	0	1.42922	0	1.30303	0	1.08624	0	1.60679	0	1.30447	0	1.39392	0	1.23328	0	1.77082	0	1.13049	0	1.10166	0	1.45485	0	1.49973	0	1.41732	0	1.75748	0	0.989474	0	1.53132	0	1.47233	0	1.46546	0	1.44438	0	1.15057	0	1.44144	0
1.59107	0	1.33092	0	1.21025	0	1.07987	0	1.42922	0	1.30299	0	1.08624	0	1.60679	0	1.294	0	1.39392	0	1.23328	0	1.77072	0	1.13049	0	1.10166	0	1.45485	0	1.49973	0	1.41732	0	1.75748	0	0.989322	0	1.53132	0	1.47233	0	1.46546	0	1.44438	0	1.15057	0	1.44079	0
1.59107	0	1.31174	0	1.21025	0	1.0798	0	1.42922	0	1.3029	0	1.08624	0	1.60679	0	1.29384	0	1.39392	0	1.23328	0	1.77068	0	1.13049	0	1.09569	0	1.45485	0	1.49973	0	1.41732	0	1.75748	0	0.989233	0	1.53132	0	1.47233	0	1.46546	0	1.44438	0	1.15057	0	1.43713	0
1.59107	0	1.31157	0	1.21025	0	1.07979	0	1.42922	0	1.30282	0	1.08624	0	1.60679	0	1.29383	0	1.39392	0	1.23328	0	1.77064	0	1.13049	0	1.09566	0	1.45485	0	1.49973	0	1.41732	0	1.75748	0	0.989121	0	1.53132	0	1.47233	0	1.46546	0	1.44438	0	1.15057	0	1.43566	0
1.59107	0	1.31156	0	1.21025	0	1.07979	0	1.42922	0	1.30278	0	1.08624	0	1.60679	0	1.29382	0	1.39392	0	1.23328	0	1.7706	0	1.13049	0	1.09513	0	1.45485	0	1.49973	0	1.41732	0	1.75748	0	0.989094	0	1.53132	0	1.47233	0	1.46546	0	1.44438	0	1.15057	0	1.43565	0
1.59107	0	1.31156	0	1.21025	0	1.07979	0	1.42922	0	1.30277	0	1.08624	0	1.60679	0	1.29382	0	1.39392	0	1.23328	0	1.77058	0	1.13049	0	1.09486	0	1.45485	0	1.49973	0	1.41732	0	1.75748	0	0.989072	0	1.53132	0	1.47233	0	1.46546	0	1.44438	0	1.15026	0	1.43564	0
1.59107	0	1.31155	0	1.21025	0	1.07979	0	1.42922	0	1.30274	0	1.08624	0	1.60679	0	1.29381	0	1.39392	0	1.23328	0	1.77049	0	1.13049	0	1.09443	0	1.45485	0	1.49973	0	1.41732	0	1.75748	0	0.989024	0	1.53132	0	1.47233	0	1.46546	0	1.44438	0	1.15026	0	1.43564	0
1.59107	0	1.31152	0	1.21025	0	1.07979	0	1.42922	0	1.30272	0	1.08624	0	1.60679	0	1.29381	0	1.39392	0	1.23328	0	1.77042	0	1.13049	0	1.0943	0	1.45485	0	1.49973	0	1.41732	0	1.75748	0	0.988998	0	1.53132	0	1.47233	0	1.46546	0	1.44438	0	1.15026	0	1.43368	0
1.59107	0	1.31148	0	1.21025	0	1.07979	0	1.42922	0	1.30265	0	1.08624	0	1.60679	0	1.29377	0	1.39392	0	1.23328	0	1.7704	0	1.13049	0	1.09424	0	1.45485	0	1.49973	0	1.41732	0	1.75748	0	0.988989	0	1.53132	0	1.47233	0	1.46546	0	1.44438	0	1.15023	0	1.43278	0
1.59107	0	1.31145	0	1.21025	0	1.07979	0	1.42922	0	1.30262	0	1.08624	0	1.60679	0	1.29375	0	1.39392	0	1.23328	0	1.77038	0	1.13049	0	1.09422	0	1.45485	0	1.49973	0	1.41732	0	1.75748	0	0.988966	0	1.53132	0	1.47233	0	1.46546	0	1.44438	0	1.15021	0	1.43147	0
1.59107	0	1.31142	0	1.21025	0	1.07979	0	1.42922	0	1.30261	0	1.08624	0	1.60679	0	1.29374	0	1.39392	0	1.23328	0	1.77033	0	1.13049	0	1.0942	0	1.45485	0	1.49973	0	1.41732	0	1.75748	0	0.988925	0	1.53132	0	1.47233	0	1.46546	0	1.44438	0	1.14956	0	1.43022	0
1.59107	0	1.31135	0	1.21025	0	1.07979	0	1.42922	0	1.30257	0	1.08624	0	1.60679	0	1.29373	0	1.39392	0	1.23328	0	1.77031	0	1.13049	0	1.0942	0	1.45485	0	1.49973	0	1.41732	0	1.75748	0	0.988911	0	1.53132	0	1.47233	0	1.46546	0	1.44438	0	1.14941	0	1.42999	0
1.59107	0	1.3113	0	1.21025	0	1.07979	0	1.42922	0	1.30254	0	1.08624	0	1.60679	0	1.2937	0	1.39392	0	1.23328	0	1.77028	0	1.13049	0	1.09419	0	1.45485	0	1.49973	0	1.41732	0	1.75748	0	0.988895	0	1.53132	0	1.47233	0	1.46546	0	1.44438	0	1.14937	0	1.42978	0
1.59107	0	1.31126	0	1.21025	0	1.07976	0	1.42922	0	1.3025	0	1.08624	0	1.60679	0	1.29368	0	1.39392	0	1.23328	0	1.77027	0	1.13049	0	1.09418	0	1.45485	0	1.49973	0	1.41732	0	1.75748	0	0.988885	0	1.53132	0	1.47233	0	1.46546	0	1.44438	0	1.14934	0	1.42959	0
1.59107	0	1.31122	0	1.21025	0	1.07968	0	1.42922	0	1.30245	0	1.08624	0	1.60679	0	1.29363	0	1.39392	0	1.23328	0	1.77025	0	1.13049	0	1.09417	0	1.45485	0	1.49973	0	1.41732	0	1.75748	0	0.988856	0	1.53132	0	1.47233	0	1.46546	0	1.44438	0	1.14932	0	1.42948	0
1.59107	0	1.31119	0	1.21025	0	1.07967	0	1.42922	0	1.30243	0	1.08624	0	1.60679	0	1.29361	0	1.39392	0	1.23328	0	1.77024	0	1.13049	0	1.09415	0	1.45485	0	1.49973	0	1.41732	0	1.75748	0	0.988831	0	1.53132	0	1.47233	0	1.46546	0	1.44438	0	1.1493	0	1.42933	0
1.59107	0	1.31115	0	1.21025	0	1.07966	0	1.42922	0	1.30237	0	1.08624	0	1.60679	0	1.29351	0	1.39392	0	1.23328	0	1.77023	0	1.13049	0	1.09414	0	1.45485	0	1.49973	0	1.41732	0	1.75748	0	0.988814	0	1.53132	0	1.47233	0	1.46546	0	1.44438	0	1.14926	0	1.42922	0
1.59107	0	1.31108	0	1.21025	0	1.07965	0	1.42922	0	1.30234	0	1.08624	0	1.60679	0	1.29348	0	1.39392	0	1.23328	0	1.77022	0	1.13049	0	1.09412	0	1.45485	0	1.49973	0	1.41732	0	1.75748	0	0.988805	0	1.53132	0	1.47233	0	1.46546	0	1.44438	0	1.14917	0	1.42905	0
1.59107	0	1.31103	0	1.21025	0	1.07964	0	1.42922	0	1.30233	0	1.08624	0	1.60679	0	1.2934	0	1.39392	0	1.23328	0	1.77021	0	1.13049	0	1.0941	0	1.45485	0	1.49973	0	1.41732	0	1.75748	0	0.988796	0	1.53132	0	1.47233	0	1.46546	0	1.44438	0	1.14906	0	1.42892	0
1.59107	0	1.31092	0	1.21025	0	1.07964	0	1.42922	0	1.3023	0	1.08624	0	1.60679	0	1.29327	0	1.39392	0	1.23328	0	1.77021	0	1.13049	0	1.09408	0	1.45485	0	1.49973	0	1.41732	0	1.75748	0	0.988789	0	1.53132	0	1.47233	0	1.46546	0	1.44438	0	1.14899	0	1.42878	0
1.59107	0	1.31086	0	1.21025	0	1.07964	0	1.42922	0	1.30228	0	1.08624	0	1.60679	0	1.29322	0	1.39392	0	1.23328	0	1.7702	0	1.13049	0	1.09407	0	1.45485	0	1.49973	0	1.41732	0	1.75748	0	0.988781	0	1.53132	0	1.47233	0	1.46546	0	1.44438	0	1.14896	0	1.42867	0
1.59107	0	1.31078	0	1.21025	0	1.07963	0	1.42922	0	1.30227	0	1.08624	0	1.60679	0	1.2932	0	1.39392	0	1.23328	0	1.77018	0	1.13049	0	1.09406	0	1.45485	0	1.49973	0	1.41732	0	1.75748	0	0.988773	0	1.53132	0	1.47233	0	1.46546	0	1.44438	0	1.14894	0	1.42857	0
1.59107	0	1.31071	0	1.21025	0	1.07958	0	1.42922	0	1.30226	0	1.08624	0	1.60679	0	1.29319	0	1.39392	0	1.23328	0	1.77017	0	1.13049	0	1.09405	0	1.45485	0	1.49973	0	1.41732	0	1.75748	0	0.988767	0	1.53132	0	1.47233	0	1.46546	0	1.44438	0	1.14888	0	1.42852	0
1.59107	0	1.3106	0	1.21025	0	1.07953	0	1.42922	0	1.30225	0	1.08624	0	1.60679	0	1.29316	0	1.39392	0	1.23328	0	1.77015	0	1.13049	0	1.09404	0	1.45485	0	1.49973	0	1.41732	0	1.75748	0	0.988754	0	1.53132	0	1.47233	0	1.46546	0	1.44438	0	1.14884	0	1.42845	0
1.59107	0	1.31058	0	1.21025	0	1.07927	0	1.42922	0	1.30224	0	1.08624	0	1.60679	0	1.29313	0	1.39392	0	1.23328	0	1.77015	0	1.13049	0	1.09404	0	1.45485	0	1.49973	0	1.41732	0	1.75748	0	0.988739	0	1.53132	0	1.47233	0	1.46546	0	1.44438	0	1.14882	0	1.42842	0
1.59107	0	1.31057	0	1.21025	0	1.07916	0	1.42922	0	1.30221	0	1.08624	0	1.60679	0	1.29311	0	1.39381	0	1.23328	0	1.77013	0	1.13049	0	1.09404	0	1.45485	0	1.49973	0	1.41732	0	1.75748	0	0.988733	0	1.53132	0	1.47233	0	1.46546	0	1.44438	0	1.14878	0	1.42837	0
1.59107	0	1.31054	0	1.21025	0	1.07884	0	1.42922	0	1.30218	0	1.08624	0	1.60679	0	1.2931	0	1.39375	0	1.23328	0	1.77012	0	1.13049	0	1.09403	0	1.45485	0	1.49973	0	1.41732	0	1.75748	0	0.988727	0	1.53132	0	1.47233	0	1.46546	0	1.44438	0	1.14875	0	1.42832	0
1.59107	0	1.31051	0	1.21025	0	1.07868	0	1.42922	0	1.30214	0	1.08624	0	1.60679	0	1.29307	0	1.39374	0	1.23328	0	1.77011	0	1.13049	0	1.09402	0	1.45485	0	1.49973	0	1.41732	0	1.75748	0	0.988725	0	1.53132	0	1.47233	0	1.46546	0	1.44438	0	1.14873	0	1.42825	0
1.59107	0	1.31047	0	1.21025	0	1.07855	0	1.42922	0	1.30212	0	1.08624	0	1.60679	0	1.29304	0	1.39374	0	1.23328	0	1.77011	0	1.13049	0	1.09402	0	1.45485	0	1.49973	0	1.41732	0	1.75748	0	0.988724	0	1.53132	0	1.47233	0	1.46546	0	1.44438	0	1.14871	0	1.4282	0
1.59107	0	1.31044	0	1.21025	0	1.07841	0	1.42922	0	1.3021	0	1.08624	0	1.60679	0	1.29303	0	1.39374	0	1.23328	0	1.7701	0	1.13049	0	1.09402	0	1.45485	0	1.49973	0	1.41732	0	1.75748	0	0.988721	0	1.53132	0	1.47233	0	1.46546	0	1.44438	0	1.1487	0	1.42816	0
1.59107	0	1.3104	0	1.21025	0	1.07823	0	1.42922	0	1.30209	0	1.08624	0	1.60679	0	1.29301	0	1.39373	0	1.23328	0	1.77009	0	1.13049	0	1.09402	0	1.45485	0	1.49973	0	1.41732	0	1.75748	0	0.988715	0	1.53132	0	1.47233	0	1.46546	0	1.44438	0	1.14868	0	1.42808	0
1.59107	0	1.31037	0	1.21025	0	1.07815	0	1.42922	0	1.30207	0	1.08624	0	1.60679	0	1.293	0	1.39373	0	1.23328	0	1.77007	0	1.13049	0	1.09402	0	1.45485	0	1.4991	0	1.41732	0	1.75748	0	0.988708	0	1.53132	0	1.47233	0	1.46546	0	1.44438	0	1.14867	0	1.42798	0
1.59107	0	1.31033	0	1.21025	0	1.07811	0	1.42922	0	1.30207	0	1.08624	0	1.60679	0	1.29299	0	1.39373	0	1.23328	0	1.77005	0	1.13049	0	1.09402	0	1.45485	0	1.49846	0	1.41732	0	1.75748	0	0.988706	0	1.53132	0	1.47233	0	1.46546	0	1.44438	0	1.14867	0	1.42783	0
1.59107	0	1.31031	0	1.21025	0	1.07808	0	1.42922	0	1.30206	0	1.08624	0	1.60679	0	1.29298	0	1.39372	0	1.23328	0	1.77003	0	1.13049	0	1.09402	0	1.45485	0	1.49846	0	1.41732	0	1.75748	0	0.988705	0	1.53132	0	1.47233	0	1.46546	0	1.44438	0	1.14866	0	1.4277	0
1.59107	0	1.31029	0	1.21025	0	1.07805	0	1.42922	0	1.30205	0	1.08624	0	1.60679	0	1.29298	0	1.39372	0	1.23328	0	1.77002	0	1.13049	0	1.09402	0	1.45485	0	1.49844	0	1.41732	0	1.75748	0	0.988704	0	1.53132	0	1.47233	0	1.46546	0	1.44438	0	1.14866	0	1.42755	0
1.59107	0	1.31027	0	1.21025	0	1.07803	0	1.42922	0	1.30205	0	1.08624	0	1.60679	0	1.29297	0	1.39372	0	1.23328	0	1.77002	0	1.13049	0	1.09402	0	1.45485	0	1.49973	0	1.41732	0	1.75748	0	0.9887	0	1.53132	0	1.47233	0	1.46546	0	1.44438	0	1.14865	0	1.4271	0
1.59107	0	1.31026	0	1.21025	0	1.07802	0	1.42922	0	1.30203	0	1.08624	0	1.60679	0	1.29297	0	1.39372	0	1.23328	0	1.77001	0	1.13049	0	1.09402	0	1.45485	0	1.4991	0	1.41732	0	1.75748	0	0.988696	0	1.53132	0	1.47233	0	1.46546	0	1.44438	0	1.14865	0	1.42658	0
1.59107	0	1.31024	0	1.21025	0	1.07801	0	1.42922	0	1.30202	0	1.08624	0	1.60679	0	1.29297	0	1.39371	0	1.23328	0	1.77001	0	1.13049	0	1.09402	0	1.45485	0	1.49846	0	1.41732	0	1.75748	0	0.988692	0	1.53132	0	1.47233	0	1.46546	0	1.44438	0	1.14864	0	1.42625	0
1.59107	0	1.31023	0	1.21025	0	1.07798	0	1.42922	0	1.302	0	1.08624	0	1.60679	0	1.29297	0	1.39371	0	1.23328	0	1.77	0	1.13049	0	1.09402	0	1.45485	0	1.49844	0	1.41732	0	1.75748	0	0.988687	0	1.53132	0	1.47233	0	1.46546	0	1.44438	0	1.14864	0	1.42619	0
1.59107	0	1.3102	0	1.21025	0	1.07797	0	1.42922	0	1.302	0	1.08624	0	1.60679	0	1.29297	0	1.39371	0	1.23328	0	1.77	0	1.13049	0	1.09402	0	1.45485	0	1.49844	0	1.41732	0	1.75748	0	0.988682	0	1.53132	0	1.47233	0	1.46546	0	1.44438	0	1.14864	0	1.42591	0
1.59107	0	1.3102	0	1.21025	0	1.07796	0	1.42922	0	1.30199	0	1.08624	0	1.60679	0	1.29297	0	1.39371	0	1.23328	0	1.77	0	1.13049	0	1.09401	0	1.45485	0	1.49973	0	1.41732	0	1.75748	0	0.988679	0	1.53132	0	1.47233	0	1.46546	0	1.44438	0	1.14864	0	1.42571	0
1.59107	0	1.31019	0	1.21025	0	1.07795	0	1.42922	0	1.30199	0	1.08624	0	1.60679	0	1.29297	0	1.39371	0	1.23328	0	1.76999	0	1.13049	0	1.09401	0	1.45485	0	1.49973	0	1.41732	0	1.75748	0	0.988675	0	1.53132	0	1.47233	0	1.46546	0	1.44438	0	1.14863	0	1.42557	0
1.59107	0	1.31018	0	1.21025	0	1.07791	0	1.42922	0	1.30198	0	1.08624	0	1.60679	0	1.29297	0	1.39371	0	1.23328	0	1.76999	0	1.13049	0	1.09401	0	1.45485	0	1.49973	0	1.41732	0	1.75748	0	0.988666	0	1.53132	0	1.47233	0	1.46546	0	1.44438	0	1.14863	0	1.42552	0
1.59107	0	1.31018	0	1.21025	0	1.07783	0	1.42922	0	1.30197	0	1.08624	0	1.60679	0	1.29296	0	1.39371	0	1.23328	0	1.76998	0	1.13049	0	1.09401	0	1.45485	0	1.49973	0	1.41732	0	1.75748	0	0.988658	0	1.53132	0	1.47233	0	1.46546	0	1.44438	0	1.14862	0	1.42535	0
1.59107	0	1.31017	0	1.21025	0	1.07777	0	1.42922	0	1.30196	0	1.08624	0	1.60679	0	1.29296	0	1.39371	0	1.23328	0	1.76998	0	1.13049	0	1.09401	0	1.45485	0	1.49973	0	1.41732	0	1.75748	0	0.988652	0	1.53132	0	1.47233	0	1.46546	0	1.44438	0	1.14862	0	1.42525	0
1.59107	0	1.31016	0	1.21025	0	1.07772	0	1.42922	0	1.30195	0	1.08624	0	1.60679	0	1.29295	0	1.39371	0	1.23328	0	1.76997	0	1.13049	0	1.09401	0	1.45485	0	1.49973	0	1.41732	0	1.75748	0	0.988643	0	1.53132	0	1.47233	0	1.46546	0	1.44438	0	1.14862	0	1.42514	0
1.59107	0	1.31016	0	1.21025	0	1.0777	0	1.42922	0	1.30194	0	1.08624	0	1.60679	0	1.29294	0	1.39371	0	1.23328	0	1.76996	0	1.13049	0	1.09401	0	1.45485	0	1.49973	0	1.41732	0	1.75748	0	0.988635	0	1.53132	0	1.47233	0	1.46546	0	1.44438	0	1.14862	0	1.425	0
1.59107	0	1.31015	0	1.21025	0	1.07769	0	1.42922	0	1.30194	0	1.08624	0	1.60679	0	1.29293	0	1.39371	0	1.23328	0	1.76995	0	1.13049	0	1.09401	0	1.45485	0	1.49973	0	1.41732	0	1.75748	0	0.988629	0	1.53132	0	1.47233	0	1.46546	0	1.44438	0	1.14862	0	1.42495	0
1.59107	0	1.31014	0	1.21025	0	1.07768	0	1.42922	0	1.30193	0	1.08624	0	1.60679	0	1.29293	0	1.39371	0	1.23328	0	1.76995	0	1.13049	0	1.094	0	1.45485	0	1.49973	0	1.41732	0	1.75748	0	0.988625	0	1.53132	0	1.47233	0	1.46546	0	1.44438	0	1.14862	0	1.42485	0
1.59107	0	1.31014	0	1.21025	0	1.07768	0	1.42922	0	1.30193	0	1.08624	0	1.60679	0	1.29293	0	1.3937	0	1.23328	0	1.76995	0	1.13049	0	1.094	0	1.45485	0	1.49973	0	1.41732	0	1.75748	0	0.98862	0	1.53132	0	1.47233	0	1.46546	0	1.44438	0	1.14862	0	1.42482	0
1.59107	0	1.31014	0	1.21025	0	1.07767	0	1.42922	0	1.30192	0	1.08624	0	1.60679	0	1.29293	0	1.3937	0	1.23328	0	1.76994	0	1.13049	0	1.094	0	1.45485	0	1.49973	0	1.41732	0	1.75748	0	0.988613	0	1.53132	0	1.47233	0	1.46546	0	1.44438	0	1.14862	0	1.42478	0
1.59107	0	1.31013	0	1.21025	0	1.07766	0	1.42922	0	1.3019	0	1.08624	0	1.60679	0	1.29292	0	1.3937	0	1.23328	0	1.76993	0	1.13049	0	1.094	0	1.45485	0	1.49973	0	1.41732	0	1.75748	0	0.9886	0	1.53132	0	1.47233	0	1.46546	0	1.44438	0	1.14862	0	1.42476	0
1.59107	0	1.31013	0	1.21025	0	1.07765	0	1.42921	0	1.30188	0	1.08624	0	1.60679	0	1.29292	0	1.39369	0	1.23328	0	1.76993	0	1.13049	0	1.094	0	1.45485	0	1.49973	0	1.41732	0	1.75748	0	0.988594	0	1.53132	0	1.47233	0	1.46546	0	1.44438	0	1.14862	0	1.42468	0
1.59107	0	1.31012	0	1.21025	0	1.07765	0	1.42921	0	1.30182	0	1.08624	0	1.60679	0	1.29292	0	1.39369	0	1.23328	0	1.76993	0	1.13049	0	1.094	0	1.45485	0	1.49973	0	1.41732	0	1.75748	0	0.988588	0	1.53132	0	1.47233	0	1.46546	0	1.44438	0	1.14861	0	1.42463	0
1.59107	0	1.31012	0	1.21025	0	1.07765	0	1.42921	0	1.30179	0	1.08624	0	1.60679	0	1.29292	0	1.39368	0	1.23328	0	1.76992	0	1.13049	0	1.094	0	1.45485	0	1.49973	0	1.41732	0	1.75748	0	0.988586	0	1.53132	0	1.47233	0	1.46546	0	1.44438	0	1.14861	0	1.42461	0
1.59107	0	1.31012	0	1.21025	0	1.07765	0	1.42921	0	1.30177	0	1.08624	0	1.60679	0	1.29291	0	1.39368	0	1.23328	0	1.76992	0	1.13049	0	1.094	0	1.45485	0	1.49973	0	1.41732	0	1.75748	0	0.988584	0	1.53132	0	1.47233	0	1.46546	0	1.44438	0	1.14861	0	1.4246	0
1.59107	0	1.31011	0	1.21025	0	1.07764	0	1.42921	0	1.30176	0	1.08624	0	1.60679	0	1.2929	0	1.39368	0	1.23328	0	1.76992	0	1.13049	0	1.094	0	1.45485	0	1.49973	0	1.41732	0	1.75748	0	0.988583	0	1.53132	0	1.47233	0	1.46546	0	1.44438	0	1.1486	0	1.4246	0
1.59107	0	1.31011	0	1.21025	0	1.07764	0	1.42921	0	1.30175	0	1.08624	0	1.60679	0	1.29289	0	1.39367	0	1.23328	0	1.76992	0	1.13049	0	1.094	0	1.45485	0	1.49973	0	1.41732	0	1.75748	0	0.98858	0	1.53132	0	1.47233	0	1.46546	0	1.44438	0	1.1486	0	1.42459	0
1.59107	0	1.31011	0	1.21025	0	1.07764	0	1.42921	0	1.30174	0	1.08624	0	1.60679	0	1.29289	0	1.39367	0	1.23328	0	1.76992	0	1.13049	0	1.094	0	1.45485	0	1.49973	0	1.41732	0	1.75748	0	0.988575	0	1.53132	0	1.47233	0	1.46546	0	1.44438	0	1.1486	0	1.42458	0
1.59107	0	1.31011	0	1.21025	0	1.07763	0	1.42921	0	1.30173	0	1.08624	0	1.60679	0	1.29289	0	1.39367	0	1.23328	0	1.76992	0	1.13049	0	1.094	0	1.45485	0	1.49973	0	1.41732	0	1.75748	0	0.988564	0	1.53132	0	1.47233	0	1.46546	0	1.44438	0	1.14858	0	1.42457	0
1.59107	0	1.3101	0	1.21025	0	1.07763	0	1.42921	0	1.30173	0	1.08624	0	1.60679	0	1.29288	0	1.39367	0	1.23328	0	1.76991	0	1.13049	0	1.094	0	1.45485	0	1.49973	0	1.41732	0	1.75274	0	0.988561	0	1.53132	0	1.47233	0	1.46546	0	1.44438	0	1.14856	0	1.42457	0
1.59107	0	1.3101	0	1.21025	0	1.07763	0	1.42921	0	1.30173	0	1.08624	0	1.60679	0	1.29288	0	1.39367	0	1.23328	0	1.76991	0	1.13049	0	1.094	0	1.45485	0	1.49973	0	1.41732	0	1.75269	0	0.988556	0	1.53132	0	1.47233	0	1.46546	0	1.44438	0	1.14856	0	1.42457	0
1.59107	0	1.3101	0	1.21025	0	1.07762	0	1.42921	0	1.30171	0	1.08624	0	1.60679	0	1.29288	0	1.39367	0	1.23328	0	1.76991	0	1.13049	0	1.094	0	1.45485	0	1.49973	0	1.41732	0	1.75245	0	0.988554	0	1.53132	0	1.47233	0	1.46546	0	1.44438	0	1.14855	0	1.42456	0
1.59107	0	1.31009	0	1.21025	0	1.07762	0	1.42921	0	1.30171	0	1.08624	0	1.60679	0	1.29288	0	1.39367	0	1.23328	0	1.76991	0	1.13049	0	1.094	0	1.45485	0	1.49973	0	1.41732	0	1.75242	0	0.988549	0	1.53132	0	1.47233	0	1.46546	0	1.44438	0	1.14854	0	1.42456	0
1.59107	0	1.31009	0	1.21025	0	1.07762	0	1.42921	0	1.3017	0	1.08624	0	1.60679	0	1.29288	0	1.39366	0	1.23328	0	1.7699	0	1.13049	0	1.094	0	1.45485	0	1.49973	0	1.41732	0	1.75235	0	0.988545	0	1.53132	0	1.47233	0	1.46546	0	1.44438	0	1.14854	0	1.42456	0
1.59107	0	1.31009	0	1.21025	0	1.07761	0	1.42921	0	1.30169	0	1.08624	0	1.60679	0	1.29288	0	1.39366	0	1.23328	0	1.7699	0	1.13049	0	1.094	0	1.45485	0	1.49973	0	1.41732	0	1.75235	0	0.988541	0	1.53132	0	1.47233	0	1.46546	0	1.44438	0	1.14854	0	1.42456	0
1.59107	0	1.31009	0	1.21025	0	1.07761	0	1.42921	0	1.30169	0	1.08624	0	1.60679	0	1.29288	0	1.39366	0	1.23328	0	1.7699	0	1.13049	0	1.094	0	1.45485	0	1.49973	0	1.41732	0	1.75235	0	0.988537	0	1.53132	0	1.47233	0	1.46546	0	1.44438	0	1.14854	0	1.42456	0
1.59107	0	1.31009	0	1.21025	0	1.07761	0	1.42921	0	1.30168	0	1.08624	0	1.60679	0	1.29288	0	1.39366	0	1.23328	0	1.7699	0	1.13049	0	1.094	0	1.45485	0	1.49973	0	1.41732	0	1.75235	0	0.988533	0	1.53132	0	1.47233	0	1.46546	0	1.44438	0	1.14854	0	1.42456	0
1.59107	0	1.31008	0	1.21025	0	1.0776	0	1.42921	0	1.30168	0	1.08624	0	1.60679	0	1.29287	0	1.39366	0	1.23328	0	1.76989	0	1.13049	0	1.09399	0	1.45485	0	1.49973	0	1.41732	0	1.75235	0	0.988531	0	1.53132	0	1.47233	0	1.46546	0	1.44438	0	1.14853	0	1.42456	0
1.59107	0	1.31008	0	1.21025	0	1.0776	0	1.42921	0	1.30168	0	1.08624	0	1.60679	0	1.29287	0	1.39366	0	1.23328	0	1.76989	0	1.13049	0	1.09399	0	1.45485	0	1.49973	0	1.41732	0	1.75235	0	0.988527	0	1.53132	0	1.47233	0	1.46546	0	1.44438	0	1.14853	0	1.42455	0
1.59107	0	1.31008	0	1.21025	0	1.0776	0	1.42921	0	1.30167	0	1.08624	0	1.60679	0	1.29287	0	1.39366	0	1.23328	0	1.76989	0	1.13049	0	1.09399	0	1.45485	0	1.49973	0	1.41732	0	1.75235	0	0.988525	0	1.53132	0	1.47233	0	1.46546	0	1.44438	0	1.14853	0	1.42455	0
1.59107	0	1.31007	0	1.21025	0	1.0776	0	1.42921	0	1.30166	0	1.08624	0	1.60679	0	1.29287	0	1.39366	0	1.23328	0	1.76989	0	1.13049	0	1.09399	0	1.45485	0	1.49973	0	1.41732	0	1.75235	0	0.988523	0	1.53132	0	1.47233	0	1.46546	0	1.44438	0	1.14853	0	1.42452	0
1.59107	0	1.31007	0	1.21025	0	1.0776	0	1.42921	0	1.30166	0	1.08624	0	1.60679	0	1.29287	0	1.39366	0	1.23328	0	1.76988	0	1.13049	0	1.09399	0	1.45485	0	1.49973	0	1.41732	0	1.75235	0	0.98852	0	1.53132	0	1.47233	0	1.46546	0	1.44438	0	1.14853	0	1.42451	0
1.59107	0	1.31006	0	1.21025	0	1.0776	0	1.42921	0	1.30165	0	1.08624	0	1.60679	0	1.29286	0	1.39366	0	1.23328	0	1.76988	0	1.13049	0	1.09399	0	1.45485	0	1.49973	0	1.41732	0	1.75235	0	0.988519	0	1.53132	0	1.47233	0	1.46546	0	1.44438	0	1.14853	0	1.42449	0
1.59107	0	1.31006	0	1.21025	0	1.07759	0	1.42921	0	1.30164	0	1.08624	0	1.60679	0	1.29286	0	1.39366	0	1.23328	0	1.76988	0	1.13049	0	1.09399	0	1.45485	0	1.49973	0	1.41732	0	1.75235	0	0.988517	0	1.53132	0	1.47233	0	1.46546	0	1.44438	0	1.14853	0	1.42447	0
1.59107	0	1.31006	0	1.21025	0	1.07759	0	1.42921	0	1.30164	0	1.08624	0	1.60679	0	1.29286	0	1.39366	0	1.23328	0	1.76988	0	1.13049	0	1.09399	0	1.45485	0	1.49973	0	1.41732	0	1.75235	0	0.988514	0	1.53132	0	1.47233	0	1.46546	0	1.44438	0	1.14853	0	1.42445	0
1.59107	0	1.31006	0	1.21025	0	1.07759	0	1.42921	0	1.30163	0	1.08624	0	1.60679	0	1.29286	0	1.39366	0	1.23328	0	1.76988	0	1.13049	0	1.09399	0	1.45485	0	1.49973	0	1.41732	0	1.75235	0	0.988512	0	1.53132	0	1.47233	0	1.46546	0	1.44438	0	1.14852	0	1.42441	0
1.59107	0	1.31006	0	1.21025	0	1.07759	0	1.42921	0	1.30163	0	1.08624	0	1.60679	0	1.29286	0	1.39366	0	1.23328	0	1.76988	0	1.13049	0	1.09399	0	1.45485	0	1.49973	0	1.41732	0	1.75235	0	0.988512	0	1.53132	0	1.47233	0	1.46546	0	1.44438	0	1.14852	0	1.42438	0
1.59107	0	1.31006	0	1.21025	0	1.07759	0	1.42921	0	1.30162	0	1.08624	0	1.60679	0	1.29286	0	1.39366	0	1.23328	0	1.76988	0	1.13049	0	1.09399	0	1.45485	0	1.49973	0	1.41732	0	1.75235	0	0.988509	0	1.53132	0	1.47233	0	1.46546	0	1.44438	0	1.14852	0	1.42436	0
1.59107	0	1.31006	0	1.21025	0	1.07758	0	1.42921	0	1.30162	0	1.08624	0	1.60679	0	1.29286	0	1.39366	0	1.23328	0	1.76988	0	1.13049	0	1.09399	0	1.45485	0	1.49973	0	1.41732	0	1.75235	0	0.988508	0	1.53132	0	1.47233	0	1.46546	0	1.44438	0	1.14852	0	1.42433	0
1.59107	0	1.31006	0	1.21025	0	1.07758	0	1.42921	0	1.30162	0	1.08624	0	1.60679	0	1.29286	0	1.39366	0	1.23328	0	1.76987	0	1.13049	0	1.09399	0	1.45485	0	1.49973	0	1.41732	0	1.75235	0	0.988505	0	1.53132	0	1.47233	0	1.46546	0	1.44438	0	1.14852	0	1.4243	0
1.59107	0	1.31006	0	1.21025	0	1.07758	0	1.42921	0	1.30161	0	1.08624	0	1.60679	0	1.29286	0	1.39366	0	1.23328	0	1.76987	0	1.13049	0	1.09399	0	1.45485	0	1.49973	0	1.41732	0	1.75235	0	0.988497	0	1.53132	0	1.47233	0	1.46546	0	1.44438	0	1.14852	0	1.42427	0
1.59107	0	1.31006	0	1.21025	0	1.07758	0	1.42921	0	1.30161	0	1.08624	0	1.60679	0	1.29286	0	1.39366	0	1.23328	0	1.76987	0	1.13049	0	1.09399	0	1.45485	0	1.49973	0	1.41732	0	1.75235	0	0.98849	0	1.53132	0	1.47233	0	1.46546	0	1.44438	0	1.14852	0	1.42426	0
1.59107	0	1.31006	0	1.21025	0	1.07758	0	1.42921	0	1.3016	0	1.08624	0	1.60679	0	1.29286	0	1.39366	0	1.23328	0	1.76986	0	1.13049	0	1.09399	0	1.45485	0	1.49973	0	1.41732	0	1.75235	0	0.988488	0	1.53132	0	1.47233	0	1.46546	0	1.44438	0	1.14851	0	1.42425	0
1.59107	0	1.31006	0	1.21025	0	1.07758	0	1.42921	0	1.3016	0	1.08624	0	1.60679	0	1.29285	0	1.39366	0	1.23328	0	1.76986	0	1.13049	0	1.09399	0	1.45485	0	1.49973	0	1.41732	0	1.75235	0	0.988486	0	1.53132	0	1.47233	0	1.46546	0	1.44438	0	1.14851	0	1.42424	0
1.59107	0	1.31006	0	1.21025	0	1.07758	0	1.42921	0	1.3016	0	1.08624	0	1.60679	0	1.29285	0	1.39366	0	1.23328	0	1.76986	0	1.13049	0	1.09399	0	1.45485	0	1.49973	0	1.41732	0	1.75235	0	0.988486	0	1.53132	0	1.47233	0	1.46546	0	1.44438	0	1.14851	0	1.42422	0
1.59107	0	1.31006	0	1.21025	0	1.07758	0	1.42921	0	1.3016	0	1.08624	0	1.60679	0	1.29285	0	1.39366	0	1.23328	0	1.76985	0	1.13049	0	1.09399	0	1.45485	0	1.49973	0	1.41732	0	1.75235	0	0.988485	0	1.53132	0	1.47233	0	1.46546	0	1.44438	0	1.14851	0	1.42418	0
1.59107	0	1.31006	0	1.21025	0	1.07758	0	1.42921	0	1.3016	0	1.08624	0	1.60679	0	1.29285	0	1.39366	0	1.23328	0	1.76985	0	1.13049	0	1.09399	0	1.45485	0	1.49973	0	1.41732	0	1.75235	0	0.988485	0	1.53132	0	1.47233	0	1.46546	0	1.44438	0	1.14851	0	1.42416	0
1.59107	0	1.31006	0	1.21025	0	1.07758	0	1.42921	0	1.3016	0	1.08624	0	1.60679	0	1.29285	0	1.39366	0	1.23328	0	1.76984	0	1.13049	0	1.09399	0	1.45485	0	1.49973	0	1.41732	0	1.75235	0	0.988484	0	1.53132	0	1.47233	0	1.46546	0	1.44438	0	1.14851	0	1.42407	0
1.59107	0	1.31006	0	1.21025	0	1.07758	0	1.42921	0	1.30159	0	1.08624	0	1.60679	0	1.29285	0	1.39366	0	1.23328	0	1.76984	0	1.13049	0	1.09399	0	1.45485	0	1.49973	0	1.41732	0	1.75235	0	0.988483	0	1.53132	0	1.47233	0	1.46546	0	1.44438	0	1.14851	0	1.42401	0
1.59107	0	1.31006	0	1.21025	0	1.07758	0	1.42921	0	1.30159	0	1.08624	0	1.60679	0	1.29285	0	1.39366	0	1.23328	0	1.76983	0	1.13049	0	1.09399	0	1.45485	0	1.49973	0	1.41732	0	1.75235	0	0.988482	0	1.53132	0	1.47233	0	1.46546	0	1.44438	0	1.14851	0	1.424	0
1.59107	0	1.31006	0	1.21025	0	1.07758	0	1.42921	0	1.30159	0	1.08624	0	1.60679	0	1.29285	0	1.39366	0	1.23328	0	1.76982	0	1.13049	0	1.09399	0	1.45485	0	1.49973	0	1.41732	0	1.75235	0	0.98848	0	1.53132	0	1.47233	0	1.46546	0	1.44438	0	1.14851	0	1.42398	0
1.59107	0	1.31006	0	1.21025	0	1.07758	0	1.42921	0	1.30159	0	1.08624	0	1.60679	0	1.29285	0	1.39366	0	1.23328	0	1.76982	0	1.13049	0	1.09399	0	1.45485	0	1.49973	0	1.41732	0	1.75235	0	0.988478	0	1.53132	0	1.47233	0	1.46546	0	1.44438	0	1.1485	0	1.42398	0
1.59107	0	1.31006	0	1.21025	0	1.07757	0	1.42921	0	1.30159	0	1.08624	0	1.60679	0	1.29285	0	1.39366	0	1.23328	0	1.76982	0	1.13049	0	1.09399	0	1.45485	0	1.49973	0	1.41732	0	1.75235	0	0.988476	0	1.53132	0	1.47233	0	1.46546	0	1.44438	0	1.1485	0	1.42397	0
1.59107	0	1.31006	0	1.21025	0	1.07757	0	1.42921	0	1.30158	0	1.08624	0	1.60679	0	1.29285	0	1.39366	0	1.23328	0	1.76982	0	1.13049	0	1.09399	0	1.45485	0	1.49973	0	1.41732	0	1.75235	0	0.988475	0	1.53132	0	1.47233	0	1.46546	0	1.44438	0	1.1485	0	1.42395	0
1.59107	0	1.31006	0	1.21025	0	1.07757	0	1.42921	0	1.30158	0	1.08624	0	1.60679	0	1.29285	0	1.39366	0	1.23328	0	1.76981	0	1.13049	0	1.09399	0	1.45485	0	1.49973	0	1.41732	0	1.75235	0	0.988474	0	1.53132	0	1.47233	0	1.46546	0	1.44438	0	1.1485	0	1.42394	0
1.59107	0	1.31006	0	1.21025	0	1.07757	0	1.42921	0	1.30158	0	1.08624	0	1.60679	0	1.29285	0	1.39366	0	1.23328	0	1.76981	0	1.13049	0	1.09399	0	1.45485	0	1.49973	0	1.41732	0	1.75235	0	0.988472	0	1.53132	0	1.47233	0	1.46546	0	1.44438	0	1.1485	0	1.42393	0
1.59107	0	1.31006	0	1.21025	0	1.07757	0	1.42921	0	1.30158	0	1.08624	0	1.60679	0	1.29285	0	1.39366	0	1.23328	0	1.76981	0	1.13049	0	1.09399	0	1.45485	0	1.49973	0	1.41732	0	1.75235	0	0.988469	0	1.53132	0	1.47233	0	1.46546	0	1.44438	0	1.1485	0	1.42392	0
1.59107	0	1.31006	0	1.21025	0	1.07757	0	1.42921	0	1.30158	0	1.08624	0	1.60679	0	1.29285	0	1.39366	0	1.23328	0	1.76981	0	1.13049	0	1.09399	0	1.45485	0	1.49973	0	1.41732	0	1.75235	0	0.988466	0	1.53132	0	1.47233	0	1.46546	0	1.44438	0	1.1485	0	1.4239	0
1.59107	0	1.31006	0	1.21025	0	1.07757	0	1.42921	0	1.30158	0	1.08624	0	1.60679	0	1.29285	0	1.39366	0	1.23328	0	1.76981	0	1.13049	0	1.09399	0	1.45485	0	1.49973	0	1.41732	0	1.75235	0	0.988463	0	1.53132	0	1.47233	0	1.46546	0	1.44438	0	1.1485	0	1.42384	0
1.59107	0	1.31006	0	1.21025	0	1.07757	0	1.42513	0	1.30157	0	1.08624	0	1.60679	0	1.29285	0	1.39366	0	1.23328	0	1.7698	0	1.13049	0	1.09399	0	1.45485	0	1.49973	0	1.41732	0	1.75235	0	0.988463	0	1.53132	0	1.47233	0	1.46546	0	1.44438	0	1.14849	0	1.42379	0
1.59107	0	1.31005	0	1.21025	0	1.07757	0	1.42432	0	1.30157	0	1.08624	0	1.60679	0	1.29285	0	1.39366	0	1.23328	0	1.7698	0	1.13049	0	1.09399	0	1.45485	0	1.49973	0	1.41732	0	1.75235	0	0.988463	0	1.53132	0	1.47233	0	1.46546	0	1.44438	0	1.14849	0	1.42376	0
1.59107	0	1.31005	0	1.21025	0	1.07757	0	1.42127	0	1.30157	0	1.08624	0	1.60679	0	1.29285	0	1.39366	0	1.23328	0	1.7698	0	1.13049	0	1.09399	0	1.45485	0	1.49973	0	1.41732	0	1.75235	0	0.988457	0	1.53132	0	1.47233	0	1.46546	0	1.44438	0	1.14848	0	1.42375	0
1.59107	0	1.31005	0	1.21025	0	1.07757	0	1.41873	0	1.30157	0	1.08624	0	1.60679	0	1.29285	0	1.39366	0	1.23328	0	1.7698	0	1.13049	0	1.09399	0	1.45485	0	1.49973	0	1.41732	0	1.75235	0	0.988456	0	1.53132	0	1.47233	0	1.46546	0	1.44438	0	1.14848	0	1.42374	0
1.59107	0	1.31005	0	1.21025	0	1.07757	0	1.41717	0	1.30157	0	1.08624	0	1.60679	0	1.29285	0	1.39366	0	1.23328	0	1.76979	0	1.13049	0	1.09399	0	1.45485	0	1.49973	0	1.41732	0	1.75235	0	0.988456	0	1.53132	0	1.47233	0	1.46546	0	1.44438	0	1.14847	0	1.42373	0
1.59107	0	1.31005	0	1.21025	0	1.07757	0	1.41644	0	1.30157	0	1.08624	0	1.60679	0	1.29285	0	1.39366	0	1.23328	0	1.76979	0	1.13049	0	1.09399	0	1.45485	0	1.49973	0	1.41732	0	1.75235	0	0.988462	0	1.53132	0	1.47233	0	1.46546	0	1.44438	0	1.14847	0	1.42373	0
1.47804	0	1.31005	0	1.21025	0	1.07757	0	1.41536	0	1.30157	0	1.08624	0	1.60679	0	1.29285	0	1.39366	0	1.23328	0	1.76979	0	1.13049	0	1.09399	0	1.45485	0	1.49973	0	1.41732	0	1.75235	0	0.988461	0	1.53132	0	1.47233	0	1.46546	0	1.44438	0	1.14847	0	1.42372	0
1.46392	0	1.31005	0	1.21025	0	1.07757	0	1.41389	0	1.30157	0	1.08624	0	1.60679	0	1.29285	0	1.39366	0	1.23328	0	1.76979	0	1.13049	0	1.09399	0	1.45485	0	1.49973	0	1.41732	0	1.75235	0	0.98846	0	1.53132	0	1.47233	0	1.46546	0	1.44438	0	1.14847	0	1.42372	0
1.46363	0	1.31005	0	1.21025	0	1.07757	0	1.41315	0	1.30157	0	1.08624	0	1.60679	0	1.29285	0	1.39366	0	1.23328	0	1.76979	0	1.13049	0	1.09399	0	1.45485	0	1.49973	0	1.41732	0	1.75235	0	0.988456	0	1.53132	0	1.47233	0	1.46546	0	1.44438	0	1.14846	0	1.42371	0
1.46066	0	1.31005	0	1.21025	0	1.07757	0	1.41262	0	1.30156	0	1.08624	0	1.60679	0	1.29285	0	1.39366	0	1.23328	0	1.76978	0	1.13049	0	1.09399	0	1.45485	0	1.49973	0	1.41732	0	1.75235	0	0.988453	0	1.53132	0	1.47233	0	1.46546	0	1.44438	0	1.14846	0	1.42371	0
1.46065	0	1.31005	0	1.21025	0	1.07757	0	1.41262	0	1.30156	0	1.08624	0	1.60679	0	1.29285	0	1.39366	0	1.23328	0	1.76978	0	1.13049	0	1.09399	0	1.45485	0	1.49973	0	1.41732	0	1.75235	0	0.988452	0	1.53132	0	1.47233	0	1.46546	0	1.44438	0	1.14846	0	1.42369	0
1.46065	0	1.31005	0	1.21025	0	1.07757	0	1.41208	0	1.30156	0	1.08624	0	1.60679	0	1.29285	0	1.39366	0	1.23328	0	1.76977	0	1.13049	0	1.09399	0	1.45485	0	1.49973	0	1.41732	0	1.75235	0	0.988449	0	1.53132	0	1.47233	0	1.46546	0	1.44438	0	1.14846	0	1.42365	0
1.46065	0	1.31005	0	1.21025	0	1.07757	0	1.41142	0	1.30156	0	1.08624	0	1.59819	0	1.29285	0	1.39366	0	1.23328	0	1.76976	0	1.13049	0	1.09399	0	1.45485	0	1.49973	0	1.41732	0	1.75235	0	0.988448	0	1.53132	0	1.47233	0	1.46546	0	1.44438	0	1.14846	0	1.42362	0
1.46065	0	1.31005	0	1.21025	0	1.07757	0	1.41059	0	1.30156	0	1.08624	0	1.59819	0	1.29285	0	1.39366	0	1.23328	0	1.76976	0	1.13049	0	1.09399	0	1.45485	0	1.49973	0	1.41732	0	1.75235	0	0.988447	0	1.53132	0	1.47233	0	1.46546	0	1.44438	0	1.14846	0	1.4236	0
1.46065	0	1.31005	0	1.21025	0	1.07757	0	1.41039	0	1.30156	0	1.08624	0	1.59817	0	1.29285	0	1.39366	0	1.23328	0	1.76975	0	1.13049	0	1.09399	0	1.45485	0	1.49973	0	1.41732	0	1.75235	0	0.988447	0	1.53132	0	1.47233	0	1.46546	0	1.44438	0	1.14844	0	1.42359	0
1.46065	0	1.31005	0	1.21025	0	1.07757	0	1.41033	0	1.30155	0	1.08624	0	1.59603	0	1.29285	0	1.39366	0	1.23328	0	1.76975	0	1.13049	0	1.09399	0	1.45485	0	1.49973	0	1.41732	0	1.75235	0	0.988444	0	1.53132	0	1.47233	0	1.46546	0	1.44438	0	1.14843	0	1.42358	0
1.46064	0	1.31005	0	1.21025	0	1.07757	0	1.4103	0	1.30155	0	1.08624	0	1.59195	0	1.29284	0	1.39366	0	1.23328	0	1.76975	0	1.13049	0	1.09399	0	1.45485	0	1.49973	0	1.41732	0	1.75235	0	0.98844	0	1.53132	0	1.47233	0	1.46546	0	1.44438	0	1.14843	0	1.42357	0
1.46064	0	1.31005	0	1.21025	0	1.07757	0	1.41028	0	1.30155	0	1.08624	0	1.59192	0	1.20525	0	1.39366	0	1.23328	0	1.76975	0	1.13049	0	1.09399	0	1.45485	0	1.49973	0	1.41732	0	1.75235	0	0.988434	0	1.53132	0	1.47233	0	1.46546	0	1.44438	0	1.14843	0	1.42357	0
1.46063	0	1.31005	0	1.21025	0	1.07757	0	1.41027	0	1.30155	0	1.08624	0	1.59191	0	1.20389	0	1.39366	0	1.23328	0	1.76974	0	1.13049	0	1.09399	0	1.45485	0	1.49973	0	1.41732	0	1.75235	0	0.988429	0	1.53132	0	1.47233	0	1.46546	0	1.44438	0	1.14843	0	1.42357	0
1.46062	0	1.31005	0	1.21025	0	1.07757	0	1.41027	0	1.30155	0	1.08624	0	1.59191	0	1.19996	0	1.39366	0	1.23328	0	1.76974	0	1.13049	0	1.09399	0	1.45485	0	1.49973	0	1.41732	0	1.75235	0	0.988427	0	1.53132	0	1.47233	0	1.46546	0	1.44438	0	1.14843	0	1.42356	0
1.45912	0	1.31005	0	1.21025	0	1.07757	0	1.41027	0	1.30155	0	1.08624	0	1.57796	0	1.19951	0	1.39366	0	1.23328	0	1.76974	0	1.13049	0	1.09399	0	1.45485	0	1.49973	0	1.41732	0	1.75235	0	0.988424	0	1.53132	0	1.47233	0	1.46546	0	1.44438	0	1.14843	0	1.42356	0
1.45898	0	1.31005	0	1.21025	0	1.07757	0	1.41183	0	1.30155	0	1.08624	0	1.57588	0	1.19903	0	1.39366	0	1.23328	0	1.76974	0	1.13049	0	1.09399	0	1.45485	0	1.49973	0	1.41732	0	1.75235	0	0.988423	0	1.53132	0	1.47233	0	1.46546	0	1.44438	0	1.14843	0	1.42355	0
1.45895	0	1.31005	0	1.21025	0	1.07757	0	1.41127	0	1.30155	0	1.08624	0	1.57582	0	1.19814	0	1.39366	0	1.23328	0	1.76974	0	1.13049	0	1.09399	0	1.45485	0	1.49973	0	1.41732	0	1.75235	0	0.988423	0	1.53132	0	1.47233	0	1.46546	0	1.44438	0	1.14843	0	1.42353	0
1.45891	0	1.31005	0	1.21025	0	1.07757	0	1.41099	0	1.30155	0	1.08624	0	1.57581	0	1.19793	0	1.39366	0	1.23328	0	1.76974	0	1.13049	0	1.09399	0	1.45485	0	1.49973	0	1.41732	0	1.75235	0	0.988422	0	1.53132	0	1.47233	0	1.46546	0	1.44438	0	1.14843	0	1.42352	0
1.4589	0	1.31005	0	1.21025	0	1.07757	0	1.41069	0	1.30155	0	1.08624	0	1.5758	0	1.19791	0	1.39366	0	1.23328	0	1.76974	0	1.13049	0	1.09399	0	1.45485	0	1.49973	0	1.41732	0	1.75235	0	0.988422	0	1.53132	0	1.47233	0	1.46546	0	1.44438	0	1.14843	0	1.42352	0
1.4589	0	1.31005	0	1.21025	0	1.07757	0	1.41061	0	1.30155	0	1.08624	0	1.57565	0	1.19782	0	1.39366	0	1.23328	0	1.76974	0	1.13049	0	1.09399	0	1.45485	0	1.49973	0	1.41732	0	1.75235	0	0.988422	0	1.53132	0	1.47233	0	1.46546	0	1.44438	0	1.14843	0	1.42351	0
1.4589	0	1.31005	0	1.21025	0	1.07757	0	1.41056	0	1.30155	0	1.08624	0	1.57565	0	1.19776	0	1.39366	0	1.23328	0	1.76974	0	1.13049	0	1.09399	0	1.45485	0	1.49973	0	1.41732	0	1.75235	0	0.988422	0	1.53132	0	1.47233	0	1.46546	0	1.44438	0	1.14843	0	1.4235	0
1.4589	0	1.31005	0	1.21025	0	1.07757	0	1.41049	0	1.30155	0	1.08624	0	1.57565	0	1.19771	0	1.39366	0	1.23328	0	1.76974	0	1.13049	0	1.09399	0	1.45485	0	1.49973	0	1.41732	0	1.75235	0	0.988422	0	1.53132	0	1.47233	0	1.46546	0	1.44438	0	1.14842	0	1.4235	0
1.4589	0	1.31005	0	1.21025	0	1.07757	0	1.41045	0	1.30155	0	1.08624	0	1.57565	0	1.19769	0	1.39366	0	1.23328	0	1.76974	0	1.13049	0	1.09399	0	1.45485	0	1.49973	0	1.41732	0	1.75235	0	0.988421	0	1.53132	0	1.47233	0	1.46546	0	1.44438	0	1.14842	0	1.4235	0
1.4589	0	1.31005	0	1.21025	0	1.07757	0	1.41043	0	1.30155	0	1.08624	0	1.57565	0	1.19766	0	1.39366	0	1.23328	0	1.76974	0	1.13049	0	1.09399	0	1.45485	0	1.49973	0	1.41732	0	1.75235	0	0.988418	0	1.53132	0	1.47233	0	1.46546	0	1.44438	0	1.14842	0	1.4235	0
1.4589	0	1.31005	0	1.21025	0	1.07757	0	1.41042	0	1.30155	0	1.08624	0	1.57565	0	1.19765	0	1.39366	0	1.23328	0	1.76974	0	1.13049	0	1.09399	0	1.45485	0	1.49973	0	1.41732	0	1.75235	0	0.988418	0	1.53132	0	1.47233	0	1.46546	0	1.44438	0	1.14842	0	1.4235	0
1.45889	0	1.31005	0	1.21025	0	1.07757	0	1.41042	0	1.30155	0	1.08624	0	1.57565	0	1.19764	0	1.39366	0	1.23328	0	1.76974	0	1.13049	0	1.09399	0	1.45485	0	1.49973	0	1.41732	0	1.75235	0	0.988417	0	1.53132	0	1.47233	0	1.46546	0	1.44438	0	1.14842	0	1.4235	0
1.45889	0	1.31005	0	1.21025	0	1.07757	0	1.41042	0	1.30155	0	1.08624	0	1.57565	0	1.19764	0	1.39366	0	1.23328	0	1.76974	0	1.13049	0	1.09399	0	1.45485	0	1.49973	0	1.41732	0	1.75235	0	0.988417	0	1.53132	0	1.47233	0	1.46546	0	1.44438	0	1.14842	0	1.42349	0
1.45889	0	1.31005	0	1.21025	0	1.07757	0	1.41041	0	1.30155	0	1.08624	0	1.57565	0	1.19758	0	1.39366	0	1.23328	0	1.76973	0	1.13049	0	1.09399	0	1.45485	0	1.49973	0	1.41732	0	1.75235	0	0.988417	0	1.53132	0	1.47233	0	1.46546	0	1.44438	0	1.14842	0	1.42349	0
1.45889	0	1.31005	0	1.21025	0	1.07757	0	1.4104	0	1.30155	0	1.08624	0	1.57565	0	1.19757	0	1.39366	0	1.23328	0	1.76973	0	1.13049	0	1.09399	0	1.45485	0	1.49973	0	1.41732	0	1.75235	0	0.988416	0	1.53132	0	1.47233	0	1.46546	0	1.44438	0	1.14842	0	1.42349	0
1.45889	0	1.31005	0	1.21025	0	1.07757	0	1.41038	0	1.30155	0	1.08624	0	1.57565	0	1.19753	0	1.39366	0	1.23328	0	1.76973	0	1.13049	0	1.09399	0	1.45485	0	1.49973	0	1.41732	0	1.75235	0	0.988415	0	1.53132	0	1.47233	0	1.46546	0	1.44438	0	1.14842	0	1.42348	0
1.45889	0	1.31005	0	1.21025	0	1.07757	0	1.41027	0	1.30154	0	1.08624	0	1.57461	0	1.19753	0	1.39366	0	1.23328	0	1.76973	0	1.13049	0	1.09399	0	1.45485	0	1.49973	0	1.41732	0	1.75235	0	0.988414	0	1.53132	0	1.47233	0	1.46546	0	1.44438	0	1.14842	0	1.42348	0
1.45889	0	1.31005	0	1.21025	0	1.07757	0	1.41026	0	1.30154	0	1.08624	0	1.57435	0	1.19752	0	1.39366	0	1.23328	0	1.76973	0	1.13049	0	1.09399	0	1.45485	0	1.49973	0	1.41732	0	1.75235	0	0.988413	0	1.53132	0	1.47233	0	1.46546	0	1.44438	0	1.14842	0	1.42348	0
1.45889	0	1.31005	0	1.21025	0	1.07757	0	1.41022	0	1.30154	0	1.08624	0	1.57347	0	1.19752	0	1.39366	0	1.23328	0	1.76973	0	1.13049	0	1.09399	0	1.45485	0	1.49973	0	1.41732	0	1.75235	0	0.988412	0	1.53132	0	1.47233	0	1.46546	0	1.44438	0	1.14842	0	1.42348	0
1.45889	0	1.31005	0	1.21025	0	1.07757	0	1.4102	0	1.30154	0	1.08624	0	1.57257	0	1.19751	0	1.39366	0	1.23328	0	1.76973	0	1.13049	0	1.09399	0	1.45485	0	1.49973	0	1.41732	0	1.75235	0	0.988412	0	1.53132	0	1.47233	0	1.46546	0	1.44438	0	1.14842	0	1.42347	0
1.45889	0	1.31005	0	1.21025	0	1.07757	0	1.41018	0	1.30154	0	1.08624	0	1.57195	0	1.19751	0	1.39366	0	1.23328	0	1.76973	0	1.13049	0	1.09399	0	1.45485	0	1.49973	0	1.41732	0	1.75235	0	0.988411	0	1.53132	0	1.47233	0	1.46546	0	1.44438	0	1.14842	0	1.42347	0
1.45889	0	1.31005	0	1.21025	0	1.07756	0	1.41015	0	1.30154	0	1.08624	0	1.57161	0	1.19749	0	1.39366	0	1.23328	0	1.76973	0	1.13049	0	1.09399	0	1.45485	0	1.49973	0	1.41732	0	1.75235	0	0.988409	0	1.53132	0	1.47233	0	1.46546	0	1.44438	0	1.14842	0	1.42346	0
1.45889	0	1.31005	0	1.21025	0	1.07756	0	1.41015	0	1.30154	0	1.08624	0	1.57134	0	1.19748	0	1.39366	0	1.23328	0	1.76973	0	1.13049	0	1.09399	0	1.45485	0	1.49973	0	1.41732	0	1.75235	0	0.988409	0	1.53132	0	1.47233	0	1.46546	0	1.44438	0	1.14842	0	1.42345	0
1.45889	0	1.31005	0	1.21025	0	1.07756	0	1.41011	0	1.30154	0	1.08624	0	1.57109	0	1.19748	0	1.39366	0	1.23328	0	1.76973	0	1.13049	0	1.09399	0	1.45485	0	1.49973	0	1.41732	0	1.75235	0	0.988409	0	1.53132	0	1.47233	0	1.46546	0	1.44438	0	1.14842	0	1.42344	0
1.45889	0	1.31005	0	1.21025	0	1.07756	0	1.41009	0	1.30154	0	1.08624	0	1.56899	0	1.19748	0	1.39366	0	1.23328	0	1.76973	0	1.13049	0	1.09399	0	1.45485	0	1.49973	0	1.41732	0	1.75235	0	0.988408	0	1.53132	0	1.47233	0	1.46546	0	1.44438	0	1.14842	0	1.42342	0
1.45889	0	1.31005	0	1.21025	0	1.07756	0	1.41007	0	1.30154	0	1.08624	0	1.56788	0	1.19748	0	1.39366	0	1.23328	0	1.76973	0	1.13049	0	1.09399	0	1.45485	0	1.49973	0	1.41732	0	1.75235	0	0.988405	0	1.53132	0	1.47233	0	1.46546	0	1.44438	0	1.14842	0	1.42341	0
1.45889	0	1.31005	0	1.21025	0	1.07756	0	1.41007	0	1.30154	0	1.08624	0	1.56759	0	1.19748	0	1.39366	0	1.23328	0	1.76973	0	1.13049	0	1.09399	0	1.45485	0	1.49973	0	1.41732	0	1.75235	0	0.988399	0	1.53132	0	1.47233	0	1.46546	0	1.44438	0	1.14842	0	1.4234	0
1.45889	0	1.31005	0	1.21025	0	1.07756	0	1.41003	0	1.30154	0	1.08624	0	1.56758	0	1.19748	0	1.39366	0	1.23328	0	1.76973	0	1.13049	0	1.09399	0	1.45485	0	1.49973	0	1.41732	0	1.75235	0	0.988397	0	1.53132	0	1.47233	0	1.46546	0	1.44438	0	1.14842	0	1.42339	0
1.45889	0	1.31005	0	1.21025	0	1.07756	0	1.41002	0	1.30154	0	1.08624	0	1.56751	0	1.19748	0	1.39366	0	1.23328	0	1.76973	0	1.13049	0	1.09399	0	1.45485	0	1.49973	0	1.41732	0	1.75235	0	0.988394	0	1.53132	0	1.47233	0	1.46546	0	1.44438	0	1.14842	0	1.42337	0
1.45881	0	1.31005	0	1.21025	0	1.07756	0	1.41001	0	1.30154	0	1.08624	0	1.56749	0	1.19748	0	1.39366	0	1.23328	0	1.76973	0	1.13049	0	1.09399	0	1.45485	0	1.49973	0	1.41732	0	1.75235	0	0.988394	0	1.53132	0	1.47233	0	1.46546	0	1.44438	0	1.14842	0	1.42335	0
1.45867	0	1.31005	0	1.21025	0	1.07756	0	1.41001	0	1.30154	0	1.08624	0	1.56749	0	1.19747	0	1.39366	0	1.23328	0	1.76973	0	1.13049	0	1.09399	0	1.45485	0	1.49973	0	1.41732	0	1.75235	0	0.988392	0	1.53132	0	1.47233	0	1.46546	0	1.44438	0	1.14842	0	1.42335	0
1.45865	0	1.31005	0	1.21025	0	1.07756	0	1.41001	0	1.30154	0	1.08624	0	1.56674	0	1.19747	0	1.39366	0	1.23328	0	1.76973	0	1.13049	0	1.09399	0	1.45485	0	1.49973	0	1.41732	0	1.75235	0	0.988389	0	1.53132	0	1.47233	0	1.46546	0	1.44438	0	1.14842	0	1.42334	0
1.45861	0	1.31005	0	1.21025	0	1.07756	0	1.41001	0	1.30154	0	1.08624	0	1.56628	0	1.19747	0	1.39366	0	1.23328	0	1.76973	0	1.13049	0	1.09399	0	1.45485	0	1.49973	0	1.41732	0	1.75235	0	0.988388	0	1.53132	0	1.47233	0	1.46546	0	1.44438	0	1.14842	0	1.42333	0
1.45851	0	1.31005	0	1.21025	0	1.07756	0	1.40999	0	1.30154	0	1.08624	0	1.56613	0	1.19747	0	1.39366	0	1.23328	0	1.76973	0	1.13049	0	1.09399	0	1.45485	0	1.49973	0	1.41732	0	1.75235	0	0.988387	0	1.53132	0	1.47233	0	1.46546	0	1.44438	0	1.14842	0	1.42333	0
1.45848	0	1.31005	0	1.21025	0	1.07756	0	1.40999	0	1.30154	0	1.08624	0	1.56574	0	1.19747	0	1.39366	0	1.23328	0	1.76972	0	1.13049	0	1.09399	0	1.45485	0	1.49973	0	1.41732	0	1.75235	0	0.988386	0	1.53132	0	1.47233	0	1.46546	0	1.44438	0	1.14842	0	1.42333	0
1.45848	0	1.31005	0	1.21025	0	1.07756	0	1.40999	0	1.30154	0	1.08624	0	1.56569	0	1.19747	0	1.39366	0	1.23328	0	1.76972	0	1.13049	0	1.09399	0	1.45485	0	1.49973	0	1.41732	0	1.75235	0	0.988385	0	1.53132	0	1.47233	0	1.46546	0	1.44438	0	1.14842	0	1.42333	0
1.45848	0	1.31005	0	1.21025	0	1.07756	0	1.40996	0	1.30154	0	1.08624	0	1.56567	0	1.19747	0	1.39366	0	1.23328	0	1.76972	0	1.13049	0	1.09399	0	1.45485	0	1.49973	0	1.41732	0	1.75235	0	0.988384	0	1.53132	0	1.47233	0	1.46546	0	1.44438	0	1.14842	0	1.42333	0
1.45848	0	1.31005	0	1.21025	0	1.07756	0	1.40994	0	1.30154	0	1.08624	0	1.56566	0	1.19747	0	1.39366	0	1.23328	0	1.76972	0	1.13049	0	1.09399	0	1.45485	0	1.49973	0	1.41732	0	1.75235	0	0.988384	0	1.53132	0	1.47233	0	1.46546	0	1.44438	0	1.14842	0	1.42333	0
1.45847	0	1.31005	0	1.21025	0	1.07756	0	1.40991	0	1.30154	0	1.08624	0	1.56566	0	1.19734	0	1.39366	0	1.23328	0	1.76972	0	1.13049	0	1.09399	0	1.45485	0	1.49973	0	1.41732	0	1.75235	0	0.988384	0	1.53132	0	1.47233	0	1.46546	0	1.44438	0	1.14842	0	1.42332	0
1.45847	0	1.31005	0	1.21025	0	1.07756	0	1.40987	0	1.30154	0	1.08624	0	1.56566	0	1.19733	0	1.39366	0	1.23328	0	1.76972	0	1.13049	0	1.09399	0	1.45485	0	1.49973	0	1.41732	0	1.75235	0	0.988383	0	1.53132	0	1.47233	0	1.46546	0	1.44438	0	1.14842	0	1.42332	0
1.45847	0	1.31005	0	1.21025	0	1.07756	0	1.40986	0	1.30154	0	1.08624	0	1.5656	0	1.19733	0	1.39366	0	1.23328	0	1.76972	0	1.13049	0	1.09399	0	1.45485	0	1.49973	0	1.41732	0	1.75235	0	0.988383	0	1.53132	0	1.47233	0	1.46546	0	1.44438	0	1.14842	0	1.42331	0
1.45846	0	1.31005	0	1.21025	0	1.07756	0	1.40985	0	1.30154	0	1.08624	0	1.56558	0	1.19732	0	1.39366	0	1.23328	0	1.76972	0	1.13049	0	1.09399	0	1.45485	0	1.49973	0	1.41732	0	1.75235	0	0.988383	0	1.53132	0	1.47233	0	1.46546	0	1.44438	0	1.14842	0	1.42331	0
1.45844	0	1.31005	0	1.21025	0	1.07756	0	1.40985	0	1.30154	0	1.08624	0	1.56558	0	1.1973	0	1.39366	0	1.23328	0	1.76972	0	1.13049	0	1.09399	0	1.45485	0	1.49973	0	1.41732	0	1.75235	0	0.988383	0	1.53132	0	1.47233	0	1.46546	0	1.44438	0	1.14842	0	1.42331	0
1.45844	0	1.31005	0	1.21025	0	1.07756	0	1.40983	0	1.30154	0	1.08624	0	1.56558	0	1.1969	0	1.39366	0	1.23328	0	1.76972	0	1.13049	0	1.09399	0	1.45485	0	1.49973	0	1.41732	0	1.75235	0	0.988383	0	1.53132	0	1.47233	0	1.46546	0	1.44438	0	1.14842	0	1.42331	0
1.45844	0	1.31005	0	1.21025	0	1.07756	0	1.40982	0	1.30154	0	1.08624	0	1.56557	0	1.19655	0	1.39366	0	1.23328	0	1.76972	0	1.13049	0	1.09399	0	1.45485	0	1.49973	0	1.41732	0	1.75235	0	0.988383	0	1.53132	0	1.47233	0	1.46546	0	1.44438	0	1.14842	0	1.42331	0
1.45844	0	1.31005	0	1.21025	0	1.07756	0	1.40982	0	1.30154	0	1.08624	0	1.56557	0	1.1965	0	1.39366	0	1.23328	0	1.76972	0	1.13049	0	1.09399	0	1.45485	0	1.49973	0	1.41732	0	1.75235	0	0.988383	0	1.53132	0	1.47233	0	1.46546	0	1.44438	0	1.14842	0	1.42331	0
1.45844	0	1.31005	0	1.21025	0	1.07756	0	1.40982	0	1.30154	0	1.08624	0	1.56557	0	1.1965	0	1.39366	0	1.23328	0	1.76972	0	1.13049	0	1.09399	0	1.45485	0	1.49973	0	1.41732	0	1.75235	0	0.988383	0	1.53132	0	1.47233	0	1.46546	0	1.44438	0	1.14842	0	1.42331	0
1.45844	0	1.31005	0	1.21025	0	1.07756	0	1.40982	0	1.30154	0	1.08624	0	1.56557	0	1.1965	0	1.39366	0	1.23328	0	1.76972	0	1.13049	0	1.09399	0	1.45485	0	1.49973	0	1.41732	0	1.75235	0	0.988383	0	1.53132	0	1.47233	0	1.46546	0	1.44438	0	1.14842	0	1.42331	0
1.45844	0	1.31005	0	1.21025	0	1.07756	0	1.40982	0	1.30154	0	1.08624	0	1.56557	0	1.1965	0	1.39366	0	1.23328	0	1.76972	0	1.13049	0	1.09399	0	1.45485	0	1.49973	0	1.41732	0	1.75235	0	0.988376	0	1.53132	0	1.47233	0	1.46546	0	1.44438	0	1.14842	0	1.42331	0
1.45844	0	1.31005	0	1.21025	0	1.07756	0	1.4098	0	1.30154	0	1.08624	0	1.56557	0	1.1965	0	1.39366	0	1.23328	0	1.76972	0	1.13049	0	1.09399	0	1.45485	0	1.49973	0	1.41732	0	1.75235	0	0.988376	0	1.53132	0	1.47233	0	1.46546	0	1.44438	0	1.14842	0	1.42331	0
1.45844	0	1.31005	0	1.21025	0	1.07756	0	1.40974	0	1.30154	0	1.08624	0	1.56557	0	1.1965	0	1.39366	0	1.23328	0	1.76972	0	1.13049	0	1.09399	0	1.45485	0	1.49973	0	1.41732	0	1.75235	0	0.988375	0	1.53132	0	1.47233	0	1.46546	0	1.44438	0	1.14842	0	1.42331	0
1.45843	0	1.31005	0	1.21025	0	1.07756	0	1.40972	0	1.30154	0	1.08624	0	1.56557	0	1.1965	0	1.39366	0	1.23328	0	1.76972	0	1.13049	0	1.09399	0	1.45485	0	1.49973	0	1.41732	0	1.75235	0	0.988375	0	1.53132	0	1.47233	0	1.46546	0	1.44438	0	1.14842	0	1.42331	0
1.45842	0	1.31005	0	1.21025	0	1.07756	0	1.40971	0	1.30154	0	1.08624	0	1.56557	0	1.1965	0	1.39366	0	1.23328	0	1.76972	0	1.13049	0	1.09399	0	1.45485	0	1.49973	0	1.41732	0	1.75235	0	0.988375	0	1.53132	0	1.47233	0	1.46546	0	1.44438	0	1.14842	0	1.42331	0
1.42289	0	1.31005	0	1.21025	0	1.07756	0	1.40971	0	1.30154	0	1.08624	0	1.56557	0	1.1965	0	1.39366	0	1.23328	0	1.76972	0	1.13049	0	1.09399	0	1.45485	0	1.49973	0	1.41732	0	1.75235	0	0.988375	0	1.53132	0	1.47233	0	1.46546	0	1.44438	0	1.14842	0	1.42331	0
1.42289	0	1.31005	0	1.21025	0	1.07756	0	1.40971	0	1.30154	0	1.08624	0	1.56557	0	1.1965	0	1.39366	0	1.23328	0	1.76972	0	1.13049	0	1.09399	0	1.45485	0	1.49973	0	1.41732	0	1.75235	0	0.988375	0	1.53132	0	1.47233	0	1.46546	0	1.44438	0	1.14842	0	1.42331	0
1.4227	0	1.31005	0	1.21025	0	1.07756	0	1.4097	0	1.30154	0	1.08624	0	1.56557	0	1.1965	0	1.39366	0	1.23328	0	1.76972	0	1.13049	0	1.09399	0	1.45485	0	1.49973	0	1.41732	0	1.75235	0	0.988375	0	1.53132	0	1.47233	0	1.46546	0	1.44438	0	1.14842	0	1.42331	0
1.42228	0	1.31005	0	1.21025	0	1.07756	0	1.4097	0	1.30154	0	1.08624	0	1.56523	0	1.1965	0	1.39366	0	1.23328	0	1.76972	0	1.13049	0	1.09399	0	1.45485	0	1.49973	0	1.41732	0	1.75235	0	0.988375	0	1.53132	0	1.47233	0	1.46546	0	1.44438	0	1.14842	0	1.42331	0
1.42227	0	1.31005	0	1.21025	0	1.07756	0	1.4097	0	1.30154	0	1.08624	0	1.56513	0	1.1965	0	1.39366	0	1.23328	0	1.76972	0	1.13049	0	1.09399	0	1.45485	0	1.49973	0	1.41732	0	1.75235	0	0.988375	0	1.53132	0	1.47233	0	1.46546	0	1.44438	0	1.14842	0	1.42331	0
1.42227	0	1.31005	0	1.21025	0	1.07756	0	1.4097	0	1.30154	0	1.08624	0	1.56503	0	1.1965	0	1.39366	0	1.23328	0	1.76972	0	1.13049	0	1.09399	0	1.45485	0	1.49973	0	1.41732	0	1.75235	0	0.988375	0	1.53132	0	1.47233	0	1.46546	0	1.44438	0	1.14842	0	1.42331	0
1.42218	0	1.31005	0	1.21025	0	1.07756	0	1.4097	0	1.30154	0	1.08624	0	1.56502	0	1.1965	0	1.39366	0	1.23328	0	1.76972	0	1.13049	0	1.09399	0	1.45485	0	1.49973	0	1.41732	0	1.75235	0	0.988375	0	1.53132	0	1.47233	0	1.46546	0	1.44438	0	1.14842	0	1.42331	0
1.42216	0	1.31005	0	1.21025	0	1.07756	0	1.4097	0	1.30154	0	1.08624	0	1.56502	0	1.1965	0	1.39366	0	1.23328	0	1.76972	0	1.13049	0	1.09399	0	1.45485	0	1.49973	0	1.41732	0	1.75235	0	0.988375	0	1.53132	0	1.47233	0	1.46546	0	1.44438	0	1.14842	0	1.42331	0
1.422	0	1.31005	0	1.21025	0	1.07756	0	1.4097	0	1.30154	0	1.08624	0	1.56502	0	1.1965	0	1.39366	0	1.23328	0	1.76972	0	1.13049	0	1.09399	0	1.45485	0	1.49973	0	1.41732	0	1.75235	0	0.988375	0	1.53132	0	1.47233	0	1.46546	0	1.44438	0	1.14842	0	1.4233	0
1.42196	0	1.31005	0	1.21025	0	1.07756	0	1.4097	0	1.30154	0	1.08624	0	1.56502	0	1.1965	0	1.39366	0	1.23328	0	1.76972	0	1.13049	0	1.09399	0	1.45485	0	1.49973	0	1.41732	0	1.75235	0	0.988375	0	1.53132	0	1.47233	0	1.46546	0	1.44438	0	1.14842	0	1.4233	0
1.42008	0	1.31005	0	1.21025	0	1.07756	0	1.4097	0	1.30154	0	1.08624	0	1.56502	0	1.1965	0	1.39366	0	1.23328	0	1.76972	0	1.13049	0	1.09399	0	1.45485	0	1.49973	0	1.41732	0	1.75235	0	0.988375	0	1.53132	0	1.47233	0	1.46546	0	1.44438	0	1.14842	0	1.4233	0
1.42005	0	1.31005	0	1.21025	0	1.07756	0	1.4097	0	1.30154	0	1.08624	0	1.56502	0	1.1965	0	1.39366	0	1.23328	0	1.76972	0	1.13049	0	1.09399	0	1.45485	0	1.49973	0	1.41732	0	1.75235	0	0.988375	0	1.53132	0	1.47233	0	1.46546	0	1.44438	0	1.14842	0	1.4233	0
1.42005	0	1.31005	0	1.21025	0	1.07756	0	1.4097	0	1.30154	0	1.08624	0	1.56502	0	1.1965	0	1.39366	0	1.23328	0	1.76972	0	1.13049	0	1.09399	0	1.45485	0	1.49973	0	1.41732	0	1.75235	0	0.988375	0	1.53132	0	1.47233	0	1.46546	0	1.44438	0	1.14842	0	1.4233	0
1.42005	0	1.31005	0	1.21025	0	1.07756	0	1.38281	0	1.30154	0	1.08624	0	1.56502	0	1.1965	0	1.39366	0	1.23328	0	1.76972	0	1.13049	0	1.09399	0	1.45485	0	1.49973	0	1.41732	0	1.75235	0	0.988375	0	1.53132	0	1.47233	0	1.46546	0	1.44438	0	1.14842	0	1.4233	0
1.42005	0	1.31005	0	1.21025	0	1.07756	0	1.38281	0	1.30154	0	1.08624	0	1.56502	0	1.1965	0	1.39366	0	1.23328	0	1.76972	0	1.13049	0	1.09399	0	1.45485	0	1.49973	0	1.41732	0	1.75235	0	0.988375	0	1.53132	0	1.47233	0	1.46546	0	1.44438	0	1.14842	0	1.4233	0
1.42005	0	1.31005	0	1.21025	0	1.07756	0	1.38281	0	1.30154	0	1.08624	0	1.56502	0	1.1965	0	1.39366	0	1.23328	0	1.76972	0	1.13049	0	1.09399	0	1.45485	0	1.49973	0	1.41732	0	1.75235	0	0.988375	0	1.53132	0	1.47233	0	1.46546	0	1.44438	0	1.14841	0	1.4233	0
1.42005	0	1.31005	0	1.21025	0	1.07756	0	1.38281	0	1.30154	0	1.08624	0	1.56502	0	1.1965	0	1.39366	0	1.23328	0	1.76972	0	1.13049	0	1.09399	0	1.45485	0	1.49973	0	1.41732	0	1.75235	0	0.988375	0	1.53132	0	1.47233	0	1.46546	0	1.44438	0	1.14841	0	1.4233	0
1.42005	0	1.31005	0	1.21025	0	1.07756	0	1.38278	0	1.30154	0	1.08624	0	1.56502	0	1.1965	0	1.39366	0	1.23328	0	1.76972	0	1.13049	0	1.09399	0	1.45485	0	1.49973	0	1.41732	0	1.75235	0	0.988375	0	1.53132	0	1.47233	0	1.46546	0	1.44438	0	1.14841	0	1.4233	0
1.42005	0	1.31005	0	1.21025	0	1.07756	0	1.38277	0	1.30154	0	1.08624	0	1.56502	0	1.1965	0	1.39366	0	1.23328	0	1.76972	0	1.13049	0	1.09399	0	1.45485	0	1.49973	0	1.41732	0	1.75235	0	0.988375	0	1.53132	0	1.47233	0	1.46546	0	1.44438	0	1.14841	0	1.4233	0
1.42005	0	1.31005	0	1.21025	0	1.07756	0	1.38277	0	1.30154	0	1.08624	0	1.56502	0	1.1965	0	1.39366	0	1.23328	0	1.76972	0	1.13049	0	1.09399	0	1.45485	0	1.49973	0	1.41732	0	1.75235	0	0.988375	0	1.53132	0	1.47233	0	1.46546	0	1.44438	0	1.14841	0	1.4233	0
1.42005	0	1.31005	0	1.21025	0	1.07756	0	1.38277	0	1.30154	0	1.08624	0	1.56502	0	1.1965	0	1.39366	0	1.23328	0	1.76972	0	1.13049	0	1.09399	0	1.45485	0	1.49973	0	1.41732	0	1.75235	0	0.988375	0	1.53132	0	1.47233	0	1.46546	0	1.44438	0	1.14841	0	1.4233	0
1.42005	0	1.31005	0	1.21025	0	1.07756	0	1.38277	0	1.30154	0	1.08624	0	1.56502	0	1.1965	0	1.39366	0	1.23328	0	1.76972	0	1.13049	0	1.09399	0	1.45485	0	1.49973	0	1.41732	0	1.75235	0	0.988375	0	1.53132	0	1.47233	0	1.46546	0	1.44438	0	1.14841	0	1.4233	0
1.42005	0	1.31005	0	1.21025	0	1.07756	0	1.38277	0	1.30154	0	1.08624	0	1.56502	0	1.1965	0	1.39366	0	1.23328	0	1.76972	0	1.13049	0	1.09399	0	1.45485	0	1.49973	0	1.41732	0	1.75235	0	0.988375	0	1.53132	0	1.47233	0	1.46546	0	1.44438	0	1.14841	0	1.4233	0
1.42005	0	1.31005	0	1.21025	0	1.07756	0	1.38277	0	1.30154	0	1.08624	0	1.56502	0	1.1965	0	1.39366	0	1.23328	0	1.76972	0	1.13049	0	1.09399	0	1.45485	0	1.49973	0	1.41732	0	1.75235	0	0.988375	0	1.53132	0	1.47233	0	1.46546	0	1.44438	0	1.14841	0	1.4233	0
1.42005	0	1.31005	0	1.21025	0	1.07756	0	1.38277	0	1.30154	0	1.08624	0	1.56502	0	1.1965	0	1.39366	0	1.23328	0	1.76972	0	1.13049	0	1.09399	0	1.45485	0	1.49973	0	1.41732	0	1.75235	0	0.988375	0	1.53132	0	1.47233	0	1.46546	0	1.44438	0	1.14841	0	1.4233	0
1.42005	0	1.31005	0	1.21025	0	1.07756	0	1.38277	0	1.30154	0	1.08624	0	1.56502	0	1.1965	0	1.39366	0	1.23328	0	1.76972	0	1.13049	0	1.09399	0	1.45485	0	1.49973	0	1.41732	0	1.75235	0	0.988375	0	1.53132	0	1.47233	0	1.46546	0	1.44438	0	1.14841	0	1.4233	0
1.41998	0	1.31005	0	1.21025	0	1.07756	0	1.38277	0	1.30154	0	1.08624	0	1.56502	0	1.1965	0	1.39366	0	1.23328	0	1.76972	0	1.13049	0	1.09399	0	1.45485	0	1.49973	0	1.41732	0	1.75235	0	0.988375	0	1.53132	0	1.47233	0	1.46546	0	1.44438	0	1.1484	0	1.4233	0
